wsi_name,sample_id,subject_id,n_clusters,total_cluster_area_mm2,wsi_til_area_total_um2,wsi_til_area_total_mm2,wsi_til_area_intratumoral_um2,wsi_til_fraction_intratumoral,wsi_til_area_extratumoral_um2,wsi_til_contact_area_um2,wsi_til_contact_fraction,wsi_til_pct_within_50um,wsi_til_pct_within_100um,wsi_til_pct_within_200um,wsi_til_extratumoral_distance_aw_median_um,wsi_dominant_immune_phenotype,contact_tolerance_um_used,proximity_thresholds_um,OTHER_PATIENT_ID,PATIENT_ID,FORM_COMPLETION_DATE,HISTOLOGICAL_DIAGNOSIS,PROSPECTIVE_COLLECTION,RETROSPECTIVE_COLLECTION,SEX,TUMOR_SITE,RACE,ETHNICITY,LATERALITY,HISTORY_OTHER_MALIGNANCY,PRIMARY_SITE_PATIENT,LOCATION_LUNG_PARENCHYMA,INITIAL_PATHOLOGIC_DX_YEAR,METHOD_OF_INITIAL_SAMPLE_PROCUREMENT,METHOD_OF_INITIAL_SAMPLE_PROCUREMENT_OTHER,RESIDUAL_TUMOR,AJCC_STAGING_EDITION,AJCC_TUMOR_PATHOLOGIC_PT,AJCC_NODES_PATHOLOGIC_PN,AJCC_METASTASIS_PATHOLOGIC_PM,AJCC_PATHOLOGIC_TUMOR_STAGE,AJCC_NODES_CLINICAL_CT,AJCC_NODES_CLINICAL_CN,AJCC_METASTASIS_CLINICAL_CM,AJCC_CLINICAL_TUMOR_STAGE,PULMONARY_FUNCTION_TEST_INDICATOR,FEV1_PERCENT_REF_PREBRONCHOLIATOR,FEV1_PERCENT_REF_POSTBRONCHOLIATOR,FEV1_FVC_RATIO_PREBRONCHOLIATOR,FEV1_FVC_RATIO_POSTBRONCHOLIATOR,CARBON_MONOXIDE_DIFFUSION_DLCO,KRAS_GENE_ANALYSIS_INDICATOR,KRAS_MUTATION,KRAS_MUTATION_IDENTIFIED_TYPE,MUTATION_STATUS,MUTATION_TYPE,ALK_TRANSLOCATION_STATUS,ALK_ANALYSIS_TYPE,TOBACCO_SMOKING_HISTORY_INDICATOR,HISTORY_NEOADJUVANT_TRTYN,SMOKING_YEAR_STARTED,SMOKING_YEAR_STOPPED,SMOKING_PACK_YEARS,KARNOFSKY_PERFORMANCE_SCORE,ECOG_SCORE,PERFORMANCE_STATUS_TIMING,RADIATION_TREATMENT_ADJUVANT,PHARMACEUTICAL_TX_ADJUVANT,TREATMENT_OUTCOME_FIRST_COURSE,TUMOR_STATUS,NEW_TUMOR_EVENT_AFTER_INITIAL_TREATMENT,AGE,PRIMARY_SITE_OTHER,DAYS_TO_INITIAL_PATHOLOGIC_DIAGNOSIS,DAYS_TO_PATIENT_PROGRESSION_FREE,DAYS_TO_TUMOR_PROGRESSION,DISEASE_CODE,ALK_TRANSLOCATION_VARIANT,EXTRANODAL_INVOLVEMENT,HISTORY_IMMUNOLOGICAL_DISEASE,HISTORY_IMMUNOLOGICAL_DISEASE_OTHER,HISTORY_RELEVANT_INFECTIOUS_DX,HIV_STATUS,ICD_10,ICD_O_3_HISTOLOGY,ICD_O_3_SITE,INFORMED_CONSENT_VERIFIED,NUMBER_OF_LYMPHNODES_POSITIVE_BY_IHC,POS_LYMPH_NODE_LOCATION,PROJECT_CODE,STAGE_OTHER,TARGETED_MOLECULAR_THERAPY,TISSUE_SOURCE_SITE,OS_STATUS,OS_MONTHS,DFS_STATUS,DFS_MONTHS,clinical_match
TCGA-05-4249-01Z-00-DX1.9fce0297-cc19-4c04-872c-4466ee4024db,TCGA-05-4249-01,TCGA-05-4249,2,61.15748582526892,1238883.53,1.23888353,25750.625,0.020785347748610076,1213132.905,10752.52741,0.008679208,42.36211752246932,78.75403171350699,99.18622321540482,54.60225499006428,peritumoral,5,50;100;200,4addf05f-3668-4b3f-a17f-c0227329ca52,TCGA-05-4249,7/22/10 0:00,Lung Adenocarcinoma,NO,YES,Male,Lung,[Not Available],[Not Available],[Not Available],No,R-Lower,Peripheral Lung,2007,[Not Available],[Not Available],R0,6th,T2,N0,M0,Stage IB,[Not Applicable],[Not Applicable],[Not Applicable],[Not Applicable],[Not Available],[Not Available],[Not Available],[Not Available],[Not Available],[Not Available],[Not Available],[Not Available],[Not Available],[Not Available],[Not Available],[Not Available],[Not Available],3,No,[Not Available],[Not Available],52,[Not Available],[Not Available],[Not Available],[Not Available],[Not Available],[Not Available],TUMOR FREE,[Not Available],67,[Not Applicable],0,[Not Available],[Not Available],[Not Available],[Not Available],[Not Applicable],[Not Available],[Not Available],[Not Available],[Not Available],C34.3,8140/3,C34.3,YES,[Not Available],[Not Available],[Not Available],[Not Available],[Not Available],5,0:LIVING,50.03,0:DiseaseFree,50.03,matched
TCGA-05-4384-01Z-00-DX1.CA68BF29-BBE3-4C8E-B48B-554431A9EE13,TCGA-05-4384-01,TCGA-05-4384,1,2.3270472045159822,52589.96875,0.052589969,23301.28125,0.4430746357878374,29288.6875,4430.9375,0.084254424,78.80596287671307,90.96358086350831,97.17169208,11.75,immune-penetrated,5,50;100;200,9a50e7e4-831d-489f-87d2-979e987561cc,TCGA-05-4384,7/22/10 0:00,Lung Adenocarcinoma,NO,YES,Male,Lung,[Not Available],[Not Available],[Not Available],Yes,R-Lower,[Not Available],2009,[Not Available],[Not Available],RX,6th,T2,N2,M0,Stage IIIA,[Not Applicable],[Not Applicable],[Not Applicable],[Not Applicable],[Not Available],[Not Available],[Not Available],[Not Available],[Not Available],[Not Available],[Not Available],[Not Available],[Not Available],[Not Available],[Not Available],[Not Available],[Not Available],3,No,1963,1987,20,[Not Available],[Not Available],[Not Available],[Not Available],[Not Available],[Not Available],[Not Available],[Not Available],66,[Not Applicable],0,[Not Available],[Not Available],[Not Available],[Not Available],[Not Applicable],[Not Available],[Not Available],[Not Available],[Not Available],C34.3,8255/3,C34.3,YES,[Not Available],[Not Available],[Not Available],[Not Available],[Not Available],5,0:LIVING,13.99,1:Recurred/Progressed,6.01,matched
TCGA-05-4396-01Z-00-DX1.49DD5F68-7473-4945-B384-EA6D5AE383CB,TCGA-05-4396-01,TCGA-05-4396,2,98.64202622,368622.18309524097,0.368622183,167532.8438,0.45448389009924156,201089.3393,2571.09375,0.006974875,52.83414279626282,59.59528296713545,65.48282371896065,46.75501310020135,immune-penetrated,5,50;100;200,9f81c602-8afa-4588-b0b6-6e5a1a128d5a,TCGA-05-4396,7/22/10 0:00,Lung Adenocarcinoma,NO,YES,Male,Lung,[Not Available],[Not Available],[Not Available],Yes,R-Lower,[Not Available],2006,[Not Available],[Not Available],R0,5th,T4,N1,M0,Stage IIIB,[Not Applicable],[Not Applicable],[Not Applicable],[Not Applicable],[Not Available],[Not Available],[Not Available],[Not Available],[Not Available],[Not Available],[Not Available],[Not Available],[Not Available],[Not Available],[Not Available],[Not Available],[Not Available],3,No,1947,1984,19,[Not Available],[Not Available],[Not Available],[Not Available],[Not Available],[Not Available],[Not Available],[Not Available],76,[Not Applicable],0,[Not Available],[Not Available],[Not Available],[Not Available],[Not Applicable],[Not Available],[Not Available],[Not Available],[Not Available],C34.3,8255/3,C34.3,YES,[Not Available],[Not Available],[Not Available],[Not Available],[Not Available],5,1:DECEASED,9.95,[Not Available],[Not Available],matched
TCGA-05-4403-01Z-00-DX1.fee8e988-956c-42a2-a6c5-06b6d6736295,TCGA-05-4403-01,TCGA-05-4403,2,41.19756930222499,1906577.5253190582,1.9065775253190582,28642.53125,0.015023008962201411,1877934.994069058,69446.46926312246,0.036424676332792116,54.046173074807236,87.50488125324635,98.24029768735795,40.49228321544736,margin-localized,5,50;100;200,ce15f31f-2bad-4485-96fa-495bfa262e66,TCGA-05-4403,7/22/10 0:00,Lung Adenocarcinoma,NO,YES,Male,Lung,[Not Available],[Not Available],[Not Available],No,R-Upper,[Not Available],2006,[Not Available],[Not Available],R0,5th,T2,N0,M0,Stage IB,[Not Applicable],[Not Applicable],[Not Applicable],[Not Applicable],[Not Available],[Not Available],[Not Available],[Not Available],[Not Available],[Not Available],[Not Available],[Not Available],[Not Available],[Not Available],[Not Available],[Not Available],[Not Available],3,No,[Not Available],1975,[Not Available],[Not Available],[Not Available],[Not Available],[Not Available],[Not Available],[Not Available],[Not Available],[Not Available],76,[Not Applicable],0,[Not Available],[Not Available],[Not Available],[Not Available],[Not Applicable],[Not Available],[Not Available],[Not Available],[Not Available],C34.1,8255/3,C34.1,YES,[Not Available],[Not Available],[Not Available],[Not Available],[Not Available],5,0:LIVING,18.99,0:DiseaseFree,18.99,matched
TCGA-05-4410-01Z-00-DX1.E5B66334-4949-4F45-9200-296B1A2F1AD5,TCGA-05-4410-01,TCGA-05-4410,1,4.126002221557943,188026.75,0.18802675,43179.3125,0.2296445186655622,144847.4375,17606.78125,0.093639768,91.12724319810877,97.34726907208682,100,10.746547410680325,margin-localized,5,50;100;200,d28e465c-e553-4c53-8bb7-3d8199b9a8a5,TCGA-05-4410,7/22/10 0:00,Lung Adenocarcinoma,NO,YES,Male,Lung,[Not Available],[Not Available],[Not Available],Yes,L-Upper,[Not Available],2007,[Not Available],[Not Available],RX,6th,T2,N0,M0,Stage IB,[Not Applicable],[Not Applicable],[Not Applicable],[Not Applicable],[Not Available],[Not Available],[Not Available],[Not Available],[Not Available],[Not Available],[Not Available],[Not Available],[Not Available],[Not Available],[Not Available],[Not Available],[Not Available],4,No,1958,2007,98,[Not Available],[Not Available],[Not Available],[Not Available],[Not Available],[Not Available],[Not Available],[Not Available],62,[Not Applicable],0,[Not Available],[Not Available],[Not Available],[Not Available],[Not Applicable],[Not Available],[Not Available],[Not Available],[Not Available],C34.1,8255/3,C34.1,YES,[Not Available],[Not Available],[Not Available],[Not Available],[Not Available],5,0:LIVING,0,0:DiseaseFree,0,matched
TCGA-05-4420-01Z-00-DX1.2df0552e-87dc-491e-9be2-be8fbce2660d,TCGA-05-4420-01,TCGA-05-4420,1,57.41846386435626,316744.5274305159,0.3167445274305159,22666.34375,0.071560333,294078.1836805159,12923.5625,0.040801218,51.97894026233989,94.73995450366387,99.84806367330036,44.62609417426087,margin-localized,5,50;100;200,3d2aa654-1b5f-4eb4-a1c2-af31f5760069,TCGA-05-4420,7/22/10 0:00,Lung Adenocarcinoma,NO,YES,Male,Lung,[Not Available],[Not Available],[Not Available],No,R-Lower,[Not Available],2008,[Not Available],[Not Available],R0,6th,T2,N0,M0,Stage IB,[Not Applicable],[Not Applicable],[Not Applicable],[Not Applicable],[Not Available],[Not Available],[Not Available],[Not Available],[Not Available],[Not Available],[Not Available],[Not Available],[Not Available],[Not Available],[Not Available],[Not Available],[Not Available],2,No,[Not Available],[Not Available],38,[Not Available],[Not Available],[Not Available],[Not Available],[Not Available],[Not Available],TUMOR FREE,[Not Available],41,[Not Applicable],0,[Not Available],[Not Available],[Not Available],[Not Available],[Not Applicable],[Not Available],[Not Available],[Not Available],[Not Available],C34.3,8255/3,C34.3,YES,[Not Available],[Not Available],[Not Available],[Not Available],[Not Available],5,0:LIVING,29.96,0:DiseaseFree,29.96,matched
TCGA-05-4422-01Z-00-DX1.4802093f-71ea-43d5-bd92-b4bd7fc8c5bf,TCGA-05-4422-01,TCGA-05-4422,2,60.39566416811392,2406274.7600827185,2.4062747600827183,978811.3320513482,0.4067745497266906,1427463.4280313703,33194.75977567408,0.013795082891752965,43.433247835656786,63.72878964611222,77.34227540724746,38.43648372640244,immune-penetrated,5,50;100;200,44dec838-b653-42a7-a58b-a1fd232cd68c,TCGA-05-4422,7/22/10 0:00,Lung Adenocarcinoma,NO,YES,Male,Lung,[Not Available],[Not Available],[Not Available],No,L-Lower,[Not Available],2008,[Not Available],[Not Available],R0,6th,T2,N0,M0,Stage IB,[Not Applicable],[Not Applicable],[Not Applicable],[Not Applicable],[Not Available],[Not Available],[Not Available],[Not Available],[Not Available],[Not Available],[Not Available],[Not Available],[Not Available],[Not Available],[Not Available],[Not Available],[Not Available],4,No,[Not Available],[Not Available],147,[Not Available],[Not Available],[Not Available],[Not Available],[Not Available],[Not Available],[Not Available],[Not Available],68,[Not Applicable],0,[Not Available],[Not Available],[Not Available],[Not Available],[Not Applicable],[Not Available],[Not Available],[Not Available],[Not Available],C34.3,8255/3,C34.3,YES,[Not Available],[Not Available],[Not Available],[Not Available],[Not Available],5,0:LIVING,11.99,0:DiseaseFree,11.99,matched
TCGA-05-4424-01Z-00-DX1.4892016C-1A96-4A72-ACB8-FFD282FC4E69,TCGA-05-4424-01,TCGA-05-4424,2,48.9308309,827991.8347,0.827991835,313730,0.3789047027569532,514261.8347,7267.897427626806,0.00877774,34.16189983215245,64.97850430414731,89.82700565715226,48.332062662894906,immune-penetrated,5,50;100;200,66763a0c-6cda-4832-a0cc-e7b496d78eaa,TCGA-05-4424,7/22/10 0:00,Lung Adenocarcinoma,NO,YES,Male,Lung,[Not Available],[Not Available],[Not Available],No,R-Upper,[Not Available],2008,[Not Available],[Not Available],R1,6th,T3,N0,M0,Stage IIB,[Not Applicable],[Not Applicable],[Not Applicable],[Not Applicable],[Not Available],[Not Available],[Not Available],[Not Available],[Not Available],[Not Available],[Not Available],[Not Available],[Not Available],[Not Available],[Not Available],[Not Available],[Not Available],4,No,1957,2007,50,[Not Available],[Not Available],[Not Available],[Not Available],[Not Available],[Not Available],WITH TUMOR,[Not Available],70,[Not Applicable],0,[Not Available],[Not Available],[Not Available],[Not Available],[Not Applicable],[Not Available],[Not Available],[Not Available],[Not Available],C34.1,8255/3,C34.1,YES,[Not Available],[Not Available],[Not Available],[Not Available],[Not Available],5,0:LIVING,29.99,1:Recurred/Progressed,5.03,matched
TCGA-05-4426-01Z-00-DX1.4c9da782-f4aa-4c4f-b3aa-fae2259f236f,TCGA-05-4426-01,TCGA-05-4426,4,69.6429357,2162677.3059698218,2.162677305969822,231575.26062735653,0.10707804626613489,1931102.0453424652,225832.25993618288,0.10442254113121681,86.76356352507165,96.04634852,98.00598667323383,18.052873732456003,margin-localized,5,50;100;200,36bf02f8-c1c8-49f9-a417-adf88a205c70,TCGA-05-4426,7/22/10 0:00,Lung Adenocarcinoma,NO,YES,Male,Lung,[Not Available],[Not Available],[Not Available],No,L-Lower,[Not Available],2008,[Not Available],[Not Available],R0,6th,T2,N0,M0,Stage IB,[Not Applicable],[Not Applicable],[Not Applicable],[Not Applicable],[Not Available],[Not Available],[Not Available],[Not Available],[Not Available],[Not Available],[Not Available],[Not Available],[Not Available],[Not Available],[Not Available],[Not Available],[Not Available],3,No,[Not Available],[Not Available],20,[Not Available],[Not Available],[Not Available],[Not Available],[Not Available],[Not Available],TUMOR FREE,[Not Available],71,[Not Applicable],0,[Not Available],[Not Available],[Not Available],[Not Available],[Not Applicable],[Not Available],[Not Available],[Not Available],[Not Available],C34.3,8255/3,C34.3,YES,[Not Available],[Not Available],[Not Available],[Not Available],[Not Available],5,0:LIVING,25.99,1:Recurred/Progressed,15.01,matched
TCGA-05-4433-01Z-00-DX1.5843D3CC-CB24-4A0A-BB65-78A5DAA11D84,TCGA-05-4433-01,TCGA-05-4433,4,158.17875549887904,4329751.259,4.329751259,693034.3644,0.16006332072284923,3636716.894341209,82041.96057399517,0.018948423517138113,55.28501850197387,82.51702140516888,91.14485724301116,35.48926994529473,margin-localized,5,50;100;200,aea68827-dc0f-484d-a00d-06deeaa4b3ce,TCGA-05-4433,7/22/10 0:00,Lung Adenocarcinoma,NO,YES,Male,Lung,[Not Available],[Not Available],[Not Available],No,L-Lower,[Not Available],2008,[Not Available],[Not Available],R0,6th,T2,N0,M0,Stage IB,[Not Applicable],[Not Applicable],[Not Applicable],[Not Applicable],[Not Available],[Not Available],[Not Available],[Not Available],[Not Available],[Not Available],[Not Available],[Not Available],[Not Available],[Not Available],[Not Available],[Not Available],[Not Available],3,No,1946,1948,1,[Not Available],[Not Available],[Not Available],[Not Available],[Not Available],[Not Available],TUMOR FREE,[Not Available],82,[Not Applicable],0,[Not Available],[Not Available],[Not Available],[Not Available],[Not Applicable],[Not Available],[Not Available],[Not Available],[Not Available],C34.3,8255/3,C34.3,YES,[Not Available],[Not Available],[Not Available],[Not Available],[Not Available],5,0:LIVING,23.98,0:DiseaseFree,23.98,matched
TCGA-05-5420-01Z-00-DX1.8C253A99-44FD-48B6-AF31-D808CCB7DB1E,TCGA-05-5420-01,TCGA-05-5420,1,0.5915329189592005,12073.4375,0.012073438,714.25,0.059158794,11359.1875,1414.75,0.11717872395496312,100,100,100,11.483173831741816,margin-localized,5,50;100;200,8b119d1c-6d21-4bbd-8a00-12da7b97d6c4,TCGA-05-5420,3/22/11 0:00,Lung Adenocarcinoma,NO,YES,Male,Lung,[Not Available],[Not Available],[Not Available],Yes,L-Upper,[Not Available],2008,[Not Available],[Not Available],R0,6th,T2,N2,M0,Stage IIIA,[Not Applicable],[Not Applicable],[Not Applicable],[Not Applicable],[Not Available],[Not Available],[Not Available],[Not Available],[Not Available],[Not Available],[Not Available],[Not Available],[Not Available],[Not Available],[Not Available],[Not Available],[Not Available],4,No,1961,2001,40,[Not Available],[Not Available],[Not Available],[Not Available],[Not Available],[Not Available],TUMOR FREE,[Not Available],67,[Not Applicable],0,[Not Available],[Not Available],[Not Available],[Not Available],[Not Applicable],[Not Available],[Not Available],[Not Available],[Not Available],C34.1,8140/3,C34.9,YES,[Not Available],[Not Available],[Not Available],[Not Available],[Not Available],5,0:LIVING,15.01,1:Recurred/Progressed,8.05,matched
TCGA-05-5423-01Z-00-DX1.CCCF5FDB-ACAD-4D9D-80DF-556F0D6284AF,TCGA-05-5423-01,TCGA-05-5423,2,3.4414569360253684,225414.02719973703,0.22541402719973702,43570.9375,0.1932929287554596,181843.08969973703,69693.13982,0.30917836253646863,84.93808414666681,91.17903719346566,98.70765585,9.168560410446124,margin-localized,5,50;100;200,33e3f736-7990-4f7a-ac35-863247566541,TCGA-05-5423,3/22/11 0:00,Lung Adenocarcinoma,NO,YES,Male,Lung,[Not Available],[Not Available],[Not Available],No,L-Upper,[Not Available],2006,[Not Available],[Not Available],R0,6th,T2,N1,M0,Stage IIB,[Not Applicable],[Not Applicable],[Not Applicable],[Not Applicable],[Not Available],[Not Available],[Not Available],[Not Available],[Not Available],[Not Available],[Not Available],[Not Available],[Not Available],[Not Available],[Not Available],[Not Available],[Not Available],3,No,1956,1980,72,[Not Available],[Not Available],[Not Available],[Not Available],[Not Available],[Not Available],TUMOR FREE,[Not Available],65,[Not Applicable],0,[Not Available],[Not Available],[Not Available],[Not Available],[Not Applicable],[Not Available],[Not Available],[Not Available],[Not Available],C34.9,8255/3,C34.9,YES,[Not Available],[Not Available],[Not Available],[Not Available],[Not Available],5,0:LIVING,4.96,0:DiseaseFree,4.96,matched
TCGA-05-5425-01Z-00-DX1.85865B2F-4888-43DD-A501-458BEFCF832B,TCGA-05-5425-01,TCGA-05-5425,1,1.9111741738261327,29803.34375,0.029803344,954.03125,0.03201088,28849.3125,5094,0.17092041895466847,98.40569483080233,100,100,12.40022681244178,margin-localized,5,50;100;200,9b4eeecb-6aff-435b-a244-ec362af92b7f,TCGA-05-5425,3/22/11 0:00,Lung Adenocarcinoma,NO,YES,Male,Lung,[Not Available],[Not Available],[Not Available],No,R-Upper,[Not Available],2009,[Not Available],[Not Available],R0,7th,T2b,N1,M0,Stage IIB,[Not Applicable],[Not Applicable],[Not Applicable],[Not Applicable],[Not Available],[Not Available],[Not Available],[Not Available],[Not Available],[Not Available],[Not Available],[Not Available],[Not Available],[Not Available],[Not Available],[Not Available],[Not Available],3,No,1965,1985,40,[Not Available],[Not Available],[Not Available],[Not Available],[Not Available],[Not Available],TUMOR FREE,[Not Available],68,[Not Applicable],0,[Not Available],[Not Available],[Not Available],[Not Available],[Not Applicable],[Not Available],[Not Available],[Not Available],[Not Available],C34.9,8255/3,C34.9,YES,[Not Available],[Not Available],[Not Available],[Not Available],[Not Available],5,0:LIVING,28.98,1:Recurred/Progressed,15.97,matched
TCGA-05-5428-01Z-00-DX1.8018AD62-F1CE-4BFF-8EFD-3F2D4513FC11,TCGA-05-5428-01,TCGA-05-5428,1,2.6309845959957503,29138.65625,0.029138656,2928.6875,0.10050866707348594,26209.96875,6424.28125,0.22047280406075692,92.11957483454646,96.41369872709899,100,11.565877884968351,margin-localized,5,50;100;200,3fe8f8e4-5396-4362-82f5-366e2fb69db2,TCGA-05-5428,3/22/11 0:00,Lung Adenocarcinoma,NO,YES,Male,Lung,[Not Available],[Not Available],[Not Available],No,R-Upper,[Not Available],2010,[Not Available],[Not Available],R0,7th,T1b,N1,M0,Stage IIA,[Not Applicable],[Not Applicable],[Not Applicable],[Not Applicable],[Not Available],[Not Available],[Not Available],[Not Available],[Not Available],[Not Available],[Not Available],[Not Available],[Not Available],[Not Available],[Not Available],[Not Available],[Not Available],3,No,1969,1993,30,[Not Available],[Not Available],[Not Available],[Not Available],[Not Available],[Not Available],TUMOR FREE,[Not Available],57,[Not Applicable],0,[Not Available],[Not Available],[Not Available],[Not Available],[Not Applicable],[Not Available],[Not Available],[Not Available],[Not Available],C34.9,8255/3,C34.9,YES,[Not Available],[Not Available],[Not Available],[Not Available],[Not Available],5,0:LIVING,22.01,0:DiseaseFree,22.01,matched
TCGA-05-5429-01Z-00-DX1.20729065-FADA-4E43-98D7-AFA5FB4A0447,TCGA-05-5429-01,TCGA-05-5429,1,2.5613110074382126,18467.96875,0.018467969,1137.5625,0.061596514,17330.40625,3575.09375,0.1935834849189898,91.27611151,99.47527391,100,9.625202919938882,margin-localized,5,50;100;200,63bd2175-4b7c-44c9-aef3-9efc8f79837b,TCGA-05-5429,3/22/11 0:00,Lung Adenocarcinoma,NO,YES,Male,Lung,[Not Available],[Not Available],[Not Available],No,L-Upper,[Not Available],2010,[Not Available],[Not Available],R0,7th,T3,N2,M0,Stage IIIA,[Not Applicable],[Not Applicable],[Not Applicable],[Not Applicable],[Not Available],[Not Available],[Not Available],[Not Available],[Not Available],[Not Available],[Not Available],[Not Available],[Not Available],[Not Available],[Not Available],[Not Available],[Not Available],1,No,[Not Available],[Not Available],[Not Available],[Not Available],[Not Available],[Not Available],[Not Available],[Not Available],[Not Available],TUMOR FREE,[Not Available],60,[Not Applicable],0,[Not Available],[Not Available],[Not Available],[Not Available],[Not Applicable],[Not Available],[Not Available],[Not Available],[Not Available],C34.1,8140/3,C34.9,YES,[Not Available],[Not Available],[Not Available],[Not Available],[Not Available],5,1:DECEASED,9.03,[Not Available],[Not Available],matched
TCGA-35-3615-01Z-00-DX1.585128eb-6652-4b05-9a83-dc8f242904a6,TCGA-35-3615-01,TCGA-35-3615,9,168.5956427,7738994.311154381,7.738994311154381,2335777.6821979396,0.3018192788733973,5403216.628956442,387936.6314137531,0.050127525,57.95164325926778,79.37233378148437,90.00122124849383,24.776816280547425,margin-localized,5,50;100;200,e8b7a103-644f-4865-92f8-80b053bd5e17,TCGA-35-3615,12/20/10 0:00,Lung Adenocarcinoma,NO,YES,Male,Lung,WHITE,NOT HISPANIC OR LATINO,[Not Available],No,R-Upper,Peripheral Lung,2007,[Not Available],[Not Available],R0,[Not Available],T2,N0,M0,Stage IB,[Not Applicable],[Not Applicable],[Not Applicable],[Not Applicable],[Not Available],[Not Available],[Not Available],[Not Available],[Not Available],[Not Available],NO,[Not Available],[Not Available],NO,[Not Available],NO,[Not Available],1,No,[Not Available],[Not Available],[Not Available],[Not Available],[Not Available],[Not Available],[Not Available],[Not Available],[Not Available],TUMOR FREE,[Not Available],57,[Not Applicable],0,[Not Available],[Not Available],[Not Available],[Not Available],[Not Applicable],[Not Available],[Not Available],[Not Available],[Not Available],C34.1,8140/3,C34.1,YES,[Not Available],[Not Available],[Not Available],[Not Available],[Not Available],35,0:LIVING,0.46,0:DiseaseFree,0.46,matched
TCGA-35-4122-01Z-00-DX1.2ac022e4-e796-49e5-9a24-f0ff3f76a527,TCGA-35-4122-01,TCGA-35-4122,2,61.58489875457955,6396534.779405776,6.396534779405776,159180.24940837722,0.024885388,6237354.529997399,159565.46175780834,0.024945609968626107,59.20546004058701,87.71032760053069,99.82780643838682,43.09206169644242,margin-localized,5,50;100;200,44adf4cb-2829-4153-80fd-a8b7ee0e654a,TCGA-35-4122,12/20/10 0:00,Lung Adenocarcinoma,NO,YES,Male,Lung,WHITE,NOT HISPANIC OR LATINO,[Not Available],No,L-Upper,Peripheral Lung,2010,[Not Available],[Not Available],R0,7th,T1,N0,M0,Stage IA,[Not Applicable],[Not Applicable],[Not Applicable],[Not Applicable],YES,[Not Available],[Not Available],[Not Available],[Not Available],[Not Available],NO,[Not Available],[Not Available],NO,[Not Available],NO,[Not Available],4,No,1965,2010,45,80,1,Preoperative,[Not Available],[Not Available],[Not Available],TUMOR FREE,[Not Available],69,[Not Applicable],0,[Not Available],[Not Available],[Not Available],[Not Available],[Not Applicable],[Not Available],[Not Available],[Not Available],[Not Available],C34.1,8140/3,C34.1,YES,[Not Available],[Not Available],[Not Available],[Not Available],[Not Available],35,0:LIVING,7.39,0:DiseaseFree,7.39,matched
TCGA-35-5375-01Z-00-DX1.10708170-750A-451B-BC10-0B4042540033,TCGA-35-5375-01,TCGA-35-5375,2,108.55106735639373,5134738.334808891,5.134738335,406372.7813,0.079141868,4728365.554,143095.50857720643,0.027868120875244616,48.564086087239005,80.31950282393164,98.04912556231127,48.187662126834915,peritumoral,5,50;100;200,5d2a9a4f-678d-4089-a8c5-81a5cb696629,TCGA-35-5375,5/20/11 0:00,Lung Adenocarcinoma,NO,YES,Male,Lung,WHITE,NOT HISPANIC OR LATINO,[Not Available],No,L-Upper,Peripheral Lung,2010,[Not Available],[Not Available],R0,[Not Available],T2,N2,M0,Stage IIIA,[Not Applicable],[Not Applicable],[Not Applicable],[Not Applicable],[Not Available],[Not Available],[Not Available],[Not Available],[Not Available],[Not Available],[Not Available],[Not Available],[Not Available],[Not Available],[Not Available],[Not Available],[Not Available],4,No,1971,2006,35,90,1,Post-Adjuvant Therapy,[Not Available],[Not Available],[Not Available],TUMOR FREE,[Not Available],61,[Not Applicable],0,[Not Available],[Not Available],[Not Available],[Not Available],[Not Applicable],[Not Available],[Not Available],[Not Available],[Not Available],C34.1,8140/3,C34.1,YES,[Not Available],[Not Available],[Not Available],[Not Available],[Not Available],35,0:LIVING,8.67,0:DiseaseFree,8.67,matched
TCGA-38-4632-01Z-00-DX1.5E05F85C-53BC-4280-8E7F-8B9DECEF849F,TCGA-38-4632-01,TCGA-38-4632,6,65.94481639487479,4846582.802832416,4.846582802832416,573109,0.11825012040753052,4273473.802832416,244101.29431667543,0.050365650242067246,51.181778757274344,79.62598600536161,95.83550477286698,42.47094595132065,margin-localized,5,50;100;200,875333ab-9048-462d-aaa2-693ad127e3cc,TCGA-38-4632,12/13/10 0:00,Lung Adenocarcinoma,NO,YES,Male,Lung,BLACK OR AFRICAN AMERICAN,NOT HISPANIC OR LATINO,[Not Available],No,L-Upper,Peripheral Lung,1998,[Not Available],[Not Available],R0,5th,T2,N1,M1,Stage IV,[Not Applicable],[Not Applicable],[Not Applicable],[Not Applicable],NO,[Not Available],[Not Available],[Not Available],[Not Available],[Not Available],NO,[Not Available],[Not Available],NO,[Not Available],NO,[Not Available],4,No,[Not Available],1991,10,[Not Available],[Not Available],[Not Available],[Not Available],[Not Available],[Not Available],WITH TUMOR,[Not Available],42,[Not Applicable],0,[Not Available],[Not Available],[Not Available],[Not Available],[Not Applicable],[Not Available],[Not Available],[Not Available],[Not Available],C34.1,8140/3,C34.1,YES,[Not Available],[Not Available],[Not Available],[Not Available],[Not Available],38,1:DECEASED,44.58,1:Recurred/Progressed,30.39,matched
TCGA-38-A44F-01Z-00-DX1.B9958072-D8BB-40DD-B28E-2E83CE2B550B,TCGA-38-A44F-01,TCGA-38-A44F,8,60.83527370607061,2300695.767575564,2.3006957675755637,114981.97455584162,0.049977044,2185713.793019722,152420.40079475322,0.066249698,70.8970754,93.53190495695911,99.82428258649931,29.466612462242754,margin-localized,5,50;100;200,258A3A41-211B-4C66-BD3B-EF03014A6967,TCGA-38-A44F,10/31/12 0:00,Lung Adenocarcinoma,YES,NO,Male,Lung,WHITE,NOT HISPANIC OR LATINO,[Not Available],No,R-Upper,Peripheral Lung,2012,[Not Available],[Not Available],R0,7th,T2a,N0,M0,Stage IB,[Not Applicable],[Not Applicable],[Not Applicable],[Not Applicable],YES,52,[Not Available],72,71,35,NO,[Not Available],[Not Available],NO,[Not Available],YES,FISH,3,No,1965,1977,12,[Not Available],[Not Available],[Not Available],NO,[Not Available],Complete Remission/Response,TUMOR FREE,NO,80,[Not Applicable],0,[Not Available],[Not Available],[Not Available],[Not Available],[Not Applicable],[Not Available],[Not Available],[Not Available],[Not Available],C34.1,8550/3,C34.1,YES,[Not Available],[Not Available],[Not Available],[Not Available],NO,38,0:LIVING,4.37,0:DiseaseFree,4.37,matched
TCGA-44-2666-01Z-00-DX1.f81a89cf-6033-47ea-9a43-290a5d6a28c1,TCGA-44-2666-01,TCGA-44-2666,6,104.24242268358589,3875630.270090763,3.8756302700907628,272360.3438,0.07027511,3603269.926340763,202022.26339359814,0.052126299,72.62544517256737,98.67721550066837,99.97031034643916,33.910037230884896,margin-localized,5,50;100;200,e16ca88f-488b-40f0-9169-e5a62482a2ff,TCGA-44-2666,10/8/10 0:00,Lung Adenocarcinoma,YES,NO,Male,Lung,WHITE,HISPANIC OR LATINO,[Not Available],No,R-Upper,[Not Available],2009,[Not Available],[Not Available],R0,6th,T2,N0,M0,Stage IB,[Not Applicable],[Not Applicable],[Not Applicable],[Not Applicable],YES,87,[Not Available],86,[Not Available],66,NO,[Not Available],[Not Available],[Not Available],[Not Available],[Not Available],[Not Available],2,No,1979,[Not Available],30,[Not Available],[Not Available],[Not Available],[Not Available],[Not Available],[Not Available],WITH TUMOR,[Not Available],43,[Not Applicable],0,[Not Available],[Not Available],FPPP,[Not Available],[Not Applicable],[Not Available],[Not Available],[Not Available],[Not Available],C34.1,8140/3,C34.1,YES,[Not Available],[Not Available],TCGA,[Not Available],[Not Available],44,1:DECEASED,3.19,[Not Available],[Not Available],matched
TCGA-44-5643-01Z-00-DX1.83fb7631-0ecb-4473-bfb2-c8daa2f87d35,TCGA-44-5643-01,TCGA-44-5643,4,70.60845166313696,7261925.265,7.261925265,610619.6875,0.084085097,6651305.577,113893.35220547751,0.01568363,34.22992500105651,65.74957075,94.01417703292263,68.59584991090934,peritumoral,5,50;100;200,27fceec1-3298-4cdd-a4e6-8f5cf34604f0,TCGA-44-5643,4/13/11 0:00,Lung Adenocarcinoma,YES,NO,Male,Lung,BLACK OR AFRICAN AMERICAN,NOT HISPANIC OR LATINO,[Not Available],No,R-Lower,[Not Available],2010,[Not Available],[Not Available],[Not Available],7th,T2b,N2,M0,Stage IIIA,[Not Applicable],[Not Applicable],[Not Applicable],[Not Applicable],YES,66,[Not Available],92,[Not Available],75,[Not Available],[Not Available],[Not Available],[Not Available],[Not Available],[Not Available],[Not Available],2,No,[Not Available],[Not Available],20,[Not Available],[Not Available],[Not Available],[Not Available],[Not Available],[Not Available],TUMOR FREE,[Not Available],53,[Not Applicable],0,[Not Available],[Not Available],[Not Available],[Not Available],[Not Applicable],[Not Available],[Not Available],[Not Available],[Not Available],C34.3,8140/3,C34.3,YES,[Not Available],[Not Available],[Not Available],[Not Available],[Not Available],44,0:LIVING,33.28,0:DiseaseFree,33.28,matched
TCGA-44-6146-01Z-00-DX1.8db8c567-690e-4df3-98a9-f241b6a8d811,TCGA-44-6146-01,TCGA-44-6146,4,37.103408913701195,53994.209235029964,0.053994209,17702.28125,0.3278551811536717,36291.927985029964,2837.625,0.052554247,49.581276397668375,72.16636831802592,81.04194848850756,29.901422464859092,immune-penetrated,5,50;100;200,0c0b610e-fe4c-406d-a5ed-5cc3b11dabf5,TCGA-44-6146,6/7/11 0:00,Lung Adenocarcinoma,YES,NO,Male,Lung,WHITE,NOT HISPANIC OR LATINO,[Not Available],Yes,L-Lower,[Not Available],2010,[Not Available],[Not Available],[Not Available],7th,T3,N0,M0,Stage IIB,[Not Applicable],[Not Applicable],[Not Applicable],[Not Applicable],YES,87,94,88,95,76,[Not Available],[Not Available],[Not Available],[Not Available],[Not Available],[Not Available],[Not Available],3,No,[Not Available],1980,15,[Not Available],1,Other,[Not Available],[Not Available],[Not Available],TUMOR FREE,[Not Available],64,[Not Applicable],0,[Not Available],[Not Available],FPPP,[Not Available],[Not Applicable],[Not Available],[Not Available],[Not Available],[Not Available],C34.30,8480/3,C34.3,YES,[Not Available],[Not Available],TCGA,[Not Available],[Not Available],44,0:LIVING,23.92,1:Recurred/Progressed,20.73,matched
TCGA-44-6148-01Z-00-DX1.94c29c83-1085-458f-a0c9-3ffa8592cb98,TCGA-44-6148-01,TCGA-44-6148,3,28.015578696965726,631944.1619,0.631944162,11604.99392265601,0.018363954638298152,620339.1679548579,10865.43688494447,0.017193666,93.29166025702084,99.90346928,100,23.375,margin-localized,5,50;100;200,8994c8c4-9ea0-46cb-b4a5-0055d7da5bfa,TCGA-44-6148,5/31/11 0:00,Lung Adenocarcinoma,YES,NO,Male,Lung,WHITE,NOT HISPANIC OR LATINO,[Not Available],No,L-Lower,[Not Available],2011,[Not Available],[Not Available],RX,7th,T1b,N0,M0,Stage IA,[Not Applicable],[Not Applicable],[Not Applicable],[Not Applicable],YES,74,77,98,110,[Not Available],NO,NO,[Not Available],[Not Available],[Not Available],[Not Available],[Not Available],3,No,1963,1994,60,[Not Available],1,Preoperative,[Not Available],[Not Available],[Not Available],TUMOR FREE,[Not Available],60,[Not Applicable],0,[Not Available],[Not Available],[Not Available],[Not Available],[Not Applicable],[Not Available],[Not Available],[Not Available],[Not Available],C34.30,8480/3,C34.3,YES,[Not Available],[Not Available],[Not Available],[Not Available],[Not Available],44,0:LIVING,23.13,0:DiseaseFree,23.13,matched
TCGA-44-6778-01Z-00-DX1.5e932267-cc68-4a8e-a660-fe2cc0c59ff4,TCGA-44-6778-01,TCGA-44-6778,2,66.66101097306719,5276900.587116472,5.276900587116472,98744.03125,0.018712505498224296,5178156.555866472,118728.50310897102,0.022499666,50.35759267116242,81.22205264069765,99.66373389946956,53.47320027076421,peritumoral,5,50;100;200,5d5cc436-6e57-4d23-a164-7f5153c2e666,TCGA-44-6778,8/31/11 0:00,Lung Adenocarcinoma,NO,YES,Male,Lung,BLACK OR AFRICAN AMERICAN,[Not Available],[Not Available],No,[Discrepancy],[Not Available],2007,[Not Available],[Not Available],[Not Available],6th,T1,N0,MX,Stage IA,[Not Applicable],[Not Applicable],[Not Applicable],[Not Applicable],YES,74,[Not Available],90,[Not Available],53,[Not Available],[Not Available],[Not Available],[Not Available],[Not Available],[Not Available],[Not Available],4,No,1974,2004,15,[Not Available],[Not Available],[Not Available],[Not Available],[Not Available],[Not Available],TUMOR FREE,[Not Available],59,[Not Available],0,[Not Available],[Not Available],[Not Available],[Not Available],[Not Applicable],[Not Available],[Not Available],[Not Available],[Not Available],C34.1,8140/3,C34.9,YES,[Not Available],[Not Available],[Not Available],[Not Available],[Not Available],44,0:LIVING,61.24,0:DiseaseFree,61.24,matched
TCGA-44-7659-01Z-00-DX1.818bf5b3-b4c1-4d23-a6ae-98d5015eb8c1,TCGA-44-7659-01,TCGA-44-7659,3,50.26827669564868,2418323.8879147535,2.4183238879147537,159159.3125,0.065813894,2259164.575414754,130041.02923298617,0.053773206,53.92907056094949,90.73870144962957,100,46.09450211250795,margin-localized,5,50;100;200,b86b1616-20a2-4300-8daa-03dcc9938215,TCGA-44-7659,12/30/11 0:00,Lung Adenocarcinoma,YES,NO,Male,Lung,WHITE,NOT HISPANIC OR LATINO,[Not Available],No,L-Upper,[Not Available],2010,[Not Available],[Not Available],[Not Available],7th,T1b,N0,MX,Stage IA,[Not Applicable],[Not Applicable],[Not Applicable],[Not Applicable],YES,42,47,55,60,43,NO,[Not Available],[Not Available],[Not Available],[Not Available],[Not Available],[Not Available],2,No,1989,[Not Available],40,[Not Available],[Not Available],[Not Available],[Not Available],[Not Available],[Not Available],TUMOR FREE,[Not Available],70,[Not Applicable],0,[Not Available],[Not Available],[Not Available],[Not Available],[Not Applicable],[Not Available],[Not Available],[Not Available],[Not Available],C34.1,8140/3,C34.1,YES,[Not Available],[Not Available],[Not Available],[Not Available],[Not Available],44,0:LIVING,22.7,0:DiseaseFree,22.7,matched
TCGA-44-7669-01Z-00-DX1.34d0c9ac-d3dc-4a5e-b99c-a8c1c1e120d1,TCGA-44-7669-01,TCGA-44-7669,5,51.77996186,2146092.7402745667,2.146092740274567,77466.8125,0.036096675,2068625.9277745672,20997.562602219507,0.009784089,50.27515860969346,90.61818107339994,98.05749776862372,49.766015010245695,margin-localized,5,50;100;200,4b22ad71-c585-4077-ad3c-c6e026d0c7fa,TCGA-44-7669,12/21/11 0:00,Lung Adenocarcinoma,YES,NO,Male,Lung,BLACK OR AFRICAN AMERICAN,NOT HISPANIC OR LATINO,[Not Available],No,R-Upper,[Not Available],2010,[Not Available],[Not Available],[Not Available],7th,T1b,N1,MX,Stage IIA,[Not Applicable],[Not Applicable],[Not Applicable],[Not Applicable],YES,73,80,80,84,52,NO,[Not Available],[Not Available],[Not Available],[Not Available],[Not Available],[Not Available],2,No,1970,[Not Available],20,[Not Available],[Not Available],[Not Available],[Not Available],[Not Available],[Not Available],WITH TUMOR,[Not Available],59,[Not Applicable],0,[Not Available],[Not Available],[Not Available],[Not Available],[Not Applicable],[Not Available],[Not Available],[Not Available],[Not Available],C34.1,8140/3,C34.1,YES,[Not Available],[Not Available],[Not Available],[Not Available],[Not Available],44,1:DECEASED,18.86,1:Recurred/Progressed,17.25,matched
TCGA-44-7671-01Z-00-DX1.00297baa-00e7-4894-a7b8-c9ac2a9d42d8,TCGA-44-7671-01,TCGA-44-7671,4,3.3750843329617615,12251.731393820639,0.012251731,21.75,0.001775259,12229.981393820639,304.53125,0.024856181,32.862447115276204,65.36188323249299,99.74289348,73.0625,peritumoral,5,50;100;200,ebb33753-9d38-4368-9033-3e55f129d00d,TCGA-44-7671,1/17/12 0:00,Lung Adenocarcinoma,YES,NO,Male,Lung,BLACK OR AFRICAN AMERICAN,NOT HISPANIC OR LATINO,[Not Available],Yes,[Not Available],[Not Available],2010,[Not Available],[Not Available],[Not Available],7th,T2a,N0,M0,Stage IB,[Not Applicable],[Not Applicable],[Not Applicable],[Not Applicable],YES,76,82,97,103,65,[Not Available],[Not Available],[Not Available],[Not Available],[Not Available],[Not Available],[Not Available],3,No,[Not Available],1995,[Not Available],[Not Available],[Not Available],[Not Available],[Not Available],[Not Available],[Not Available],TUMOR FREE,[Not Available],64,[Not Applicable],0,[Not Available],[Not Available],[Not Available],[Not Available],[Not Applicable],[Not Available],[Not Available],[Not Available],[Not Available],C34.2,8255/3,C34.2,YES,[Not Available],[Not Available],[Not Available],[Not Available],[Not Available],44,0:LIVING,29.2,1:Recurred/Progressed,29.01,matched
TCGA-44-8119-01Z-00-DX1.1EBEBFA7-22DB-4365-9DF8-C4E679C11312,TCGA-44-8119-01,TCGA-44-8119,2,4.212289658353258,69494.81963814331,0.06949482,215.0625,0.003094655,69279.75713814331,1849.9375,0.026619789930135068,31.613467131754348,95.51893801,100,57.81263513,peritumoral,5,50;100;200,230dc42d-681c-4e31-9d2e-c724e61829fb,TCGA-44-8119,5/31/12 0:00,Lung Adenocarcinoma,YES,NO,Male,Lung,WHITE,NOT HISPANIC OR LATINO,[Not Available],"Yes, History of Prior Malignancy",R-Upper,[Not Available],2012,[Not Available],[Not Available],[Not Available],7th,T3,N0,M0,Stage IIB,[Not Applicable],[Not Applicable],[Not Applicable],[Not Applicable],YES,55,59,73,74,40,[Not Available],[Not Available],[Not Available],[Not Available],[Not Available],[Not Available],[Not Available],2,No,1961,[Not Available],50,[Not Available],0,Preoperative,NO,[Not Available],Complete Remission/Response,TUMOR FREE,NO,73,[Not Applicable],0,[Not Available],[Not Available],[Not Available],[Not Available],[Not Applicable],[Not Available],[Not Available],[Not Available],[Not Available],C34.1,8140/3,C34.1,YES,[Not Available],[Not Available],[Not Available],[Not Available],NO,44,0:LIVING,9.36,0:DiseaseFree,9.36,matched
TCGA-44-A47B-01Z-00-DX1.177D0531-E037-435B-BFD4-382B2150B10D,TCGA-44-A47B-01,TCGA-44-A47B,2,38.82545719720249,1066634.503747176,1.0666345037471758,792642.8955,0.7431251217576624,273991.60827913176,15824.78125,0.014836179773302123,21.20309876987163,37.11635779232348,47.89798269251127,47.556709568682315,immune-penetrated,5,50;100;200,967D6548-5A84-4B7E-BC3F-2E522859FCE6,TCGA-44-A47B,11/20/12 0:00,Lung Adenocarcinoma,YES,NO,Male,Lung,WHITE,NOT HISPANIC OR LATINO,[Not Available],No,R-Upper,[Not Available],2012,[Not Available],[Not Available],R0,7th,T2a,N0,M0,Stage IB,[Not Applicable],[Not Applicable],[Not Applicable],[Not Applicable],YES,96,96,98,102,73,NO,[Not Available],[Not Available],NO,[Not Available],NO,[Not Available],3,No,1956,1965,4.5,[Not Available],0,Preoperative,NO,[Not Available],Complete Remission/Response,TUMOR FREE,NO,79,[Not Applicable],0,[Not Available],[Not Available],[Not Available],[Not Available],[Not Applicable],[Not Available],[Not Available],[Not Available],[Not Available],C34.1,8140/3,C34.1,YES,[Not Available],[Not Available],[Not Available],[Not Available],NO,44,0:LIVING,9.43,0:DiseaseFree,9.43,matched
TCGA-44-A4SS-01Z-00-DX1.F3D85B63-D963-42D2-815F-CB9D791A0F7B,TCGA-44-A4SS-01,TCGA-44-A4SS,8,49.92822604461099,2686010.591378992,2.686010591378992,156420.7813,0.058235355345227405,2529589.810128992,64195.75,0.023900036063164605,65.26486020230074,93.37328877247083,98.75901173,39.125,margin-localized,5,50;100;200,F934ED41-090E-4313-BBC5-D1A4A9ED9AD7,TCGA-44-A4SS,1/28/13 0:00,Lung Adenocarcinoma,YES,NO,Male,Lung,WHITE,NOT HISPANIC OR LATINO,[Not Available],No,L-Upper,[Not Available],2012,[Not Available],[Not Available],[Not Available],7th,T1b,N0,M0,Stage IA,[Not Applicable],[Not Applicable],[Not Applicable],[Not Applicable],YES,69,71,86,88,54,[Not Available],[Not Available],[Not Available],[Not Available],[Not Available],[Not Available],[Not Available],4,No,1952,2012,90,[Not Available],0,Preoperative,NO,[Not Available],Complete Remission/Response,TUMOR FREE,NO,73,[Not Applicable],0,[Not Available],[Not Available],[Not Available],[Not Available],[Not Applicable],[Not Available],[Not Available],[Not Available],[Not Available],C34.1,8140/3,C34.1,YES,[Not Available],[Not Available],[Not Available],[Not Available],NO,44,0:LIVING,13.63,0:DiseaseFree,13.63,matched
TCGA-49-4494-01Z-00-DX2.cac5ed0a-98c3-4d37-a4f4-9596a061836a,TCGA-49-4494-01,TCGA-49-4494,13,146.3881708469142,4027854.853261232,4.027854853261232,372788.5135961132,0.092552618,3655066.3396651186,96912.81388039168,0.024060652,50.15207948485498,78.52603693,97.04997404483147,48.81037927531398,margin-localized,5,50;100;200,c6d78e27-e510-4f57-abae-19efa6105a8d,TCGA-49-4494,2/3/11 0:00,Lung Adenocarcinoma,NO,YES,Male,Lung,WHITE,NOT HISPANIC OR LATINO,[Not Available],No,L-Upper,[Not Available],1995,[Not Available],[Not Available],R0,4th,T3,N2,M0,Stage IIIA,[Not Applicable],[Not Applicable],[Not Applicable],[Not Applicable],NO,[Not Available],[Not Available],[Not Available],[Not Available],[Not Available],[Not Available],[Not Available],[Not Available],[Not Available],[Not Available],[Not Available],[Not Available],3,No,1930,1955,50,[Not Available],1,Pre-Adjuvant Therapy,[Not Available],[Not Available],[Not Available],WITH TUMOR,[Not Available],77,[Not Applicable],0,[Not Available],[Not Available],[Not Available],[Not Available],[Not Applicable],[Not Available],[Not Available],[Not Available],[Not Available],C34.1,8140/3,C34.1,YES,[Not Available],[Not Available],[Not Available],[Not Available],[Not Available],49,1:DECEASED,35.51,[Not Available],[Not Available],matched
TCGA-49-6742-01Z-00-DX5.74539ee6-0ac6-4663-89f1-c6a74a59a4cb,TCGA-49-6742-01,TCGA-49-6742,11,167.2440351282394,9230430.247064965,9.230430247064964,526357.2702709752,0.057024132,8704072.976793991,323760.75088039425,0.035075369426397184,60.14492085,87.82429045546195,98.89101698952837,42.34032504598896,margin-localized,5,50;100;200,21fb46f9-4bbb-441c-af19-a687e9138344,TCGA-49-6742,8/9/11 0:00,Lung Adenocarcinoma,NO,YES,Male,Lung,WHITE,NOT HISPANIC OR LATINO,[Not Available],Yes,L-Upper,[Not Available],2010,[Not Available],[Not Available],R0,7th,T2a,N1,M0,Stage IIA,[Not Applicable],[Not Applicable],[Not Applicable],[Not Applicable],[Not Available],[Not Available],[Not Available],[Not Available],[Not Available],[Not Available],YES,NO,[Not Available],[Not Available],[Not Available],[Not Available],[Not Available],3,No,[Not Available],[Not Available],10,[Not Available],[Not Available],[Not Available],[Not Available],[Not Available],[Not Available],TUMOR FREE,[Not Available],70,[Not Applicable],0,[Not Available],[Not Available],[Not Available],[Not Available],[Not Applicable],[Not Available],[Not Available],[Not Available],[Not Available],C34.1,8480/3,C34.1,YES,[Not Available],[Not Available],[Not Available],[Not Available],[Not Available],49,1:DECEASED,16.03,1:Recurred/Progressed,7.03,matched
TCGA-49-AAR0-01Z-00-DX1.1635383C-0FB3-4CF9-BABC-08AC19CCE501,TCGA-49-AAR0-01,TCGA-49-AAR0,4,117.98481373060504,7806355.570884599,7.806355570884599,2578803.081817888,0.33034660776099695,5227552.489066713,212665.21113114967,0.027242572952265728,55.35179194313626,74.76566100802604,88.85539551781237,30.25025826336033,immune-penetrated,5,50;100;200,3AFA5045-A1EE-4A07-8AAD-2E252B2F7D7A,TCGA-49-AAR0,6/18/14 0:00,Lung Adenocarcinoma,NO,YES,Male,Lung,BLACK OR AFRICAN AMERICAN,NOT HISPANIC OR LATINO,[Not Available],"Yes, History of Prior Malignancy",R-Upper,[Not Available],2002,[Not Available],[Not Available],R0,5th,T1,N0,MX,Stage IA,[Not Applicable],[Not Applicable],[Not Applicable],[Not Applicable],YES,85.4,62.5,58.6,80,107,[Not Available],[Not Available],[Not Available],[Not Available],[Not Available],[Not Available],[Not Available],2,No,[Not Available],[Not Available],37,90,1,Preoperative,NO,[Not Available],Complete Remission/Response,TUMOR FREE,NO,57,[Not Applicable],0,[Not Available],[Not Available],[Not Available],[Not Available],[Not Applicable],[Not Available],[Not Available],[Not Available],[Not Available],C34.1,8140/3,C34.1,YES,[Not Available],[Not Available],[Not Available],[Not Available],NO,49,0:LIVING,156.54,0:DiseaseFree,156.54,matched
TCGA-49-AAR2-01Z-00-DX1.1F09F896-446E-4C55-8D01-6C34A98AB1D2,TCGA-49-AAR2-01,TCGA-49-AAR2,6,287.1864761852311,8252835.701563033,8.252835701563033,2176896.6397365397,0.2637755940451171,6075939.0618264945,107104.17851247608,0.012977863898610177,36.69098682699272,76.34829182785319,92.13590413694564,55.170085021232296,peritumoral,5,50;100;200,F809E7D9-A75E-41C9-AC2C-5BEC6FFCB4A2,TCGA-49-AAR2,6/18/14 0:00,Lung Adenocarcinoma,NO,YES,Male,Lung,BLACK OR AFRICAN AMERICAN,NOT HISPANIC OR LATINO,[Not Available],No,R-Lower,[Not Available],2009,[Not Available],[Not Available],R0,6th,T2,N0,MX,Stage IB,[Not Applicable],[Not Applicable],[Not Applicable],[Not Applicable],YES,80,79.5,78.6,78.2,105.8,[Not Available],[Not Available],[Not Available],[Not Available],[Not Available],[Not Available],[Not Available],4,No,[Not Available],2006,[Not Available],90,1,Preoperative,NO,[Not Available],Complete Remission/Response,TUMOR FREE,NO,64,[Not Applicable],0,[Not Available],[Not Available],[Not Available],[Not Available],[Not Applicable],[Not Available],[Not Available],[Not Available],[Not Available],C34.3,8550/3,C34.3,YES,[Not Available],[Not Available],[Not Available],[Not Available],NO,49,0:LIVING,73.06,0:DiseaseFree,73.06,matched
TCGA-49-AAR3-01Z-00-DX1.B4D85F13-CEB4-46DA-BF39-0200B9E55835,TCGA-49-AAR3-01,TCGA-49-AAR3,7,24.671445862333353,5000842.803411885,5.000842803411885,345098.3750827071,0.069008043,4655744.428329177,260618.05206595367,0.052114826,67.98350260002559,90.09285486034744,99.2662643,33.59920013928903,margin-localized,5,50;100;200,5813997A-D7DC-4F7C-8D4B-E979832168A9,TCGA-49-AAR3,6/18/14 0:00,Lung Adenocarcinoma,NO,YES,Male,Lung,BLACK OR AFRICAN AMERICAN,NOT HISPANIC OR LATINO,[Not Available],No,R-Upper,[Not Available],2008,[Not Available],[Not Available],R0,6th,T2,N1,MX,Stage IIB,[Not Applicable],[Not Applicable],[Not Applicable],[Not Applicable],NO,[Not Available],[Not Available],[Not Available],[Not Available],[Not Available],[Not Available],[Not Available],[Not Available],[Not Available],[Not Available],[Not Available],[Not Available],[Not Available],No,[Not Available],[Not Available],[Not Available],90,1,Preoperative,NO,[Not Available],Complete Remission/Response,[Discrepancy],YES,69,[Not Applicable],0,[Not Available],[Not Available],[Not Available],[Not Available],[Not Applicable],[Not Available],[Not Available],[Not Available],[Not Available],C34.1,8140/3,C34.1,YES,[Not Available],[Not Available],[Not Available],[Not Available],NO,49,0:LIVING,62.19,1:Recurred/Progressed,62.19,matched
TCGA-49-AAR4-01Z-00-DX1.EDB32358-AF23-4F81-A99F-15574A2DE28E,TCGA-49-AAR4-01,TCGA-49-AAR4,12,9.846962996448507,1348411.1855532227,1.3484111855532226,16547.28125,0.012271687914848485,1331863.904303223,32292.037203966956,0.023948212199617926,74.82792971183711,99.12027748136555,99.99928388,33.74768510579651,margin-localized,5,50;100;200,765AD5A5-134B-4680-A6D4-1DD113DC47CC,TCGA-49-AAR4,6/18/14 0:00,Lung Adenocarcinoma,NO,YES,Male,Lung,BLACK OR AFRICAN AMERICAN,NOT HISPANIC OR LATINO,[Not Available],No,L-Upper,[Not Available],2006,[Not Available],[Not Available],R0,6th,T2,N2,MX,Stage IIIA,[Not Applicable],[Not Applicable],[Not Applicable],[Not Applicable],YES,100.2,97.5,81.2,79,109.4,[Not Available],[Not Available],[Not Available],[Not Available],[Not Available],[Not Available],[Not Available],2,No,[Not Available],[Not Available],35,80,1,Preoperative,YES,[Not Available],Stable Disease,WITH TUMOR,NO,51,[Not Applicable],0,[Not Available],[Not Available],[Not Available],[Not Available],[Not Applicable],[Not Available],[Not Available],[Not Available],[Not Available],C34.1,8140/3,C34.1,YES,[Not Available],[Not Available],[Not Available],[Not Available],YES,49,1:DECEASED,28.88,[Not Available],[Not Available],matched
TCGA-49-AARR-01Z-00-DX1.9BCAFE3D-447C-40D6-85DD-AFABF6978376,TCGA-49-AARR-01,TCGA-49-AARR,7,45.83163926,2142584.931207407,2.142584931207407,140252.8125,0.065459628,2002332.1187074068,151437.75612400883,0.070679931,73.27415528890342,95.57402479857134,99.88559241,26.625,margin-localized,5,50;100;200,9B93A7C5-F9B4-4461-8078-0201A725C9CF,TCGA-49-AARR,6/19/14 0:00,Lung Adenocarcinoma,NO,YES,Male,Lung,BLACK OR AFRICAN AMERICAN,NOT HISPANIC OR LATINO,[Not Available],No,L-Upper,[Not Available],2001,[Not Available],[Not Available],R0,5th,T1,N0,MX,Stage IA,[Not Applicable],[Not Applicable],[Not Applicable],[Not Applicable],YES,80.3,78.8,77.8,76.3,103.5,[Not Available],[Not Available],[Not Available],[Not Available],[Not Available],[Not Available],[Not Available],3,No,[Not Available],1987,[Not Available],90,1,Preoperative,NO,[Not Available],Complete Remission/Response,TUMOR FREE,YES,68,[Not Applicable],0,[Not Available],[Not Available],[Not Available],[Not Available],[Not Applicable],[Not Available],[Not Available],[Not Available],[Not Available],C34.1,8140/3,C34.1,YES,[Not Available],[Not Available],[Not Available],[Not Available],NO,49,0:LIVING,163.99,1:Recurred/Progressed,158.08,matched
TCGA-50-5939-01Z-00-DX1.745D7503-0744-46B1-BC89-EBB8FCE2D55C,TCGA-50-5939-01,TCGA-50-5939,9,54.15787579380463,1860512.1684307377,1.8605121684307377,38951.79695383752,0.020936061378567437,1821560.371,32309.97582353001,0.017366172805406636,32.24143583786996,68.65102668,99.93183486452011,75.38919849686691,peritumoral,5,50;100;200,12b79b4f-c28c-418e-a1e7-e622f33fdcc2,TCGA-50-5939,7/2/11 0:00,Lung Adenocarcinoma,NO,YES,Male,Lung,WHITE,NOT HISPANIC OR LATINO,[Not Available],No,R-Upper,[Not Available],2008,[Not Available],[Not Available],[Not Available],6th,T2,N0,M0,Stage IB,[Not Applicable],[Not Applicable],[Not Applicable],[Not Applicable],[Not Available],[Not Available],[Not Available],[Not Available],[Not Available],[Not Available],[Not Available],[Not Available],[Not Available],[Not Available],[Not Available],[Not Available],[Not Available],3,No,[Not Available],1968,15,[Not Available],[Not Available],[Not Available],[Not Available],[Not Available],[Not Available],TUMOR FREE,[Not Available],85,[Not Applicable],0,[Not Available],[Not Available],[Not Available],[Not Available],[Not Applicable],[Not Available],[Not Available],[Not Available],[Not Available],C34.1,8255/3,C34.1,YES,[Not Available],[Not Available],[Not Available],[Not Available],[Not Available],50,1:DECEASED,15.11,[Not Available],[Not Available],matched
TCGA-50-5946-01Z-00-DX1.5076CACA-E3C0-4114-BA69-5B4896FF0C4B,TCGA-50-5946-01,TCGA-50-5946,12,118.47098418769042,13604022.001399696,13.604022001399695,814204.9757,0.059850313,12789817.025662048,363909.09266404354,0.026750110564846302,62.72112029652036,92.69557811448624,99.14535346865475,38.76229643609883,margin-localized,5,50;100;200,c95957a7-1a1a-4c8d-bb61-7c99b500f224,TCGA-50-5946,7/2/11 0:00,Lung Adenocarcinoma,NO,YES,Male,Lung,WHITE,[Not Available],[Not Available],No,R-Upper,[Not Available],2010,[Not Available],[Not Available],[Not Available],[Not Available],T1,N0,MX,Stage IA,[Not Applicable],[Not Applicable],[Not Applicable],[Not Applicable],NO,[Not Available],[Not Available],[Not Available],[Not Available],[Not Available],[Not Available],[Not Available],[Not Available],[Not Available],[Not Available],[Not Available],[Not Available],4,No,[Not Available],2009,[Not Available],[Not Available],[Not Available],[Not Available],[Not Available],[Not Available],[Not Available],WITH TUMOR,[Not Available],62,[Not Applicable],0,[Not Available],[Not Available],[Not Available],[Not Available],[Not Applicable],[Not Available],[Not Available],[Not Available],[Not Available],C34.1,8255/3,C34.1,YES,[Not Available],[Not Available],[Not Available],[Not Available],[Not Available],50,0:LIVING,53.12,1:Recurred/Progressed,26.64,matched
TCGA-50-7109-01Z-00-DX1.08f6420c-baa2-4e79-908e-ebbdeec503a6,TCGA-50-7109-01,TCGA-50-7109,8,102.44233129262727,6180133.912001817,6.180133912001817,216183.39459869426,0.034980374,5963950.517403122,106227.17882466942,0.017188491436791735,46.76591158222253,90.86106410832498,99.49861089733554,54.95481098138725,peritumoral,5,50;100;200,7eb540b4-8dd3-4382-a488-e48b1c7213b3,TCGA-50-7109,1/9/12 0:00,Lung Adenocarcinoma,NO,YES,Male,Lung,WHITE,NOT HISPANIC OR LATINO,[Not Available],No,R-Lower,[Not Available],2011,[Not Available],[Not Available],[Not Available],7th,T1,N0,M0,Stage IA,[Not Applicable],[Not Applicable],[Not Applicable],[Not Applicable],NO,[Not Available],[Not Available],[Not Available],[Not Available],[Not Available],[Not Available],[Not Available],[Not Available],[Not Available],[Not Available],[Not Available],[Not Available],2,No,[Not Available],[Not Available],120,[Not Available],[Not Available],[Not Available],[Not Available],[Not Available],[Not Available],[Not Available],[Not Available],60,[Not Applicable],0,[Not Available],[Not Available],[Not Available],[Not Available],[Not Applicable],[Not Available],[Not Available],[Not Available],[Not Available],C34.3,8140/3,C34.3,YES,[Not Available],[Not Available],[Not Available],[Not Available],[Not Available],50,1:DECEASED,10.12,1:Recurred/Progressed,0.49,matched
TCGA-50-8459-01Z-00-DX1.24D876E7-5265-4C5D-A215-0BAE5450EEF3,TCGA-50-8459-01,TCGA-50-8459,20,265.08966807382797,22970898.797983978,22.970898797983978,1646786.7474910049,0.071690131,21324112.050492976,811589.228,0.035331192,55.13276441013468,88.39299552072387,98.35018091169505,43.126132231513644,margin-localized,5,50;100;200,9cfc1519-33e7-4145-a4ad-78b5c449853a,TCGA-50-8459,10/16/12 0:00,Lung Adenocarcinoma,YES,NO,Male,Lung,WHITE,NOT HISPANIC OR LATINO,[Not Available],No,R-Lower,[Not Available],2012,[Not Available],[Not Available],[Not Available],7th,T3,N0,M0,Stage IIB,[Not Applicable],[Not Applicable],[Not Applicable],[Not Applicable],YES,72,[Not Available],70,[Not Available],70,YES,YES,G12C,YES,[Not Available],[Not Available],[Not Available],2,No,[Not Available],[Not Available],10,[Not Available],[Not Available],[Not Available],NO,[Not Available],Progressive Disease,WITH TUMOR,NO,68,[Not Applicable],0,[Not Available],[Not Available],[Not Available],[Not Available],[Not Applicable],[Not Available],[Not Available],[Not Available],[Not Available],C34.30,8480/3,C34.3,YES,[Not Available],[Not Available],[Not Available],[Not Available],YES,50,0:LIVING,36.76,1:Recurred/Progressed,14.19,matched
TCGA-53-A4EZ-01Z-00-DX1.5D155F0B-A677-4589-AF00-A4C451F5B6B6,TCGA-53-A4EZ-01,TCGA-53-A4EZ,14,277.21200782741533,9081629.113,9.081629113,884113.9284516774,0.097351909,8197515.184247463,547065.6065002773,0.060238708244019515,50.60516713710245,84.61687268763654,95.77255669455357,52.474882384336986,peritumoral,5,50;100;200,7CA711EC-9AC0-4FA7-8A60-32AE84B8789A,TCGA-53-A4EZ,3/7/13 0:00,Lung Adenocarcinoma,YES,NO,Male,Lung,WHITE,HISPANIC OR LATINO,[Not Available],No,L-Upper,Peripheral Lung,2012,[Not Available],[Not Available],RX,7th,T2a,N1,MX,Stage IIA,[Not Applicable],[Not Applicable],[Not Applicable],[Not Applicable],YES,76,75,73,73,86,YES,NO,[Not Available],YES,[Not Available],YES,FISH,3,No,1956,1996,40,100,0,Preoperative,NO,[Not Available],[Not Applicable],TUMOR FREE,NO,63,[Not Applicable],0,[Not Available],[Not Available],[Not Available],[Not Available],[Not Applicable],[Not Available],[Not Available],[Not Available],[Not Available],C34.1,8550/3,C34.1,YES,[Not Available],[Not Available],[Not Available],[Not Available],YES,53,0:LIVING,35.18,0:DiseaseFree,35.18,matched
TCGA-55-1596-01Z-00-DX1.de65522d-92ab-408e-9b7e-24210d386b97,TCGA-55-1596-01,TCGA-55-1596,4,178.81829088425218,4060684.068966401,4.060684068966401,834974.5147819204,0.20562410190026265,3225709.5541844806,5365.397962550099,0.001321304,32.62653312675385,78.87965596071034,93.03206996,60.47029229299293,peritumoral,5,50;100;200,199386c2-bb53-4fad-a1b6-59ab216a4a50,TCGA-55-1596,9/13/10 0:00,Lung Adenocarcinoma,NO,YES,Male,Lung,ASIAN,NOT HISPANIC OR LATINO,[Not Available],No,R-Upper,[Not Available],2004,[Not Available],[Not Available],R0,6th,T2,N1,M0,Stage IIB,[Not Applicable],[Not Applicable],[Not Applicable],[Not Applicable],[Not Available],[Not Available],[Not Available],[Not Available],[Not Available],[Not Available],[Not Available],[Not Available],[Not Available],[Not Available],[Not Available],[Not Available],[Not Available],2,No,1979,[Not Available],50,[Not Available],[Not Available],[Not Available],[Not Available],[Not Available],[Not Available],TUMOR FREE,[Not Available],55,[Not Applicable],0,[Not Available],[Not Available],[Not Available],[Not Available],[Not Applicable],[Not Available],[Not Available],[Not Available],[Not Available],C34.1,8140/3,C34.1,YES,[Not Available],[Not Available],[Not Available],[Not Available],[Not Available],55,0:LIVING,67.84,0:DiseaseFree,67.84,matched
TCGA-55-5899-01Z-00-DX1.faa65b08-150c-4c74-95aa-1e8743f0152c,TCGA-55-5899-01,TCGA-55-5899,1,24.59906386,1355041.2070621557,1.3550412070621558,79914.53125,0.058975720320167596,1275126.6758121555,40337.11367265695,0.029768182297652216,52.68046174524403,81.60120871459338,96.26606604387352,43.39881370786534,margin-localized,5,50;100;200,996a0070-e9bf-4601-8ef7-60212108258d,TCGA-55-5899,9/20/10 0:00,Lung Adenocarcinoma,NO,YES,Male,Lung,WHITE,NOT HISPANIC OR LATINO,[Not Available],No,R-Upper,[Not Available],2010,[Not Available],[Not Available],R0,7th,T1a,N1,M0,[Discrepancy],[Not Applicable],[Not Applicable],[Not Applicable],[Not Applicable],[Not Available],[Not Available],[Not Available],[Not Available],[Not Available],[Not Available],[Not Available],[Not Available],[Not Available],[Not Available],[Not Available],[Not Available],[Not Available],2,No,1985,[Not Available],[Not Available],[Not Available],[Not Available],[Not Available],[Not Available],[Not Available],[Not Available],[Not Available],[Not Available],58,[Not Applicable],0,[Not Available],[Not Available],[Not Available],[Not Available],[Not Applicable],[Not Available],[Not Available],[Not Available],[Not Available],C34.1,8140/3,C34.1,YES,[Not Available],[Not Available],[Not Available],[Not Available],[Not Available],55,0:LIVING,30.55,0:DiseaseFree,30.55,matched
TCGA-55-6642-01Z-00-DX1.0487cfc6-8216-4da3-aae1-a35452e9e4f6,TCGA-55-6642-01,TCGA-55-6642,1,42.86051173147688,1435427.4442280536,1.4354274442280535,82627.97396963988,0.057563323,1352799.4702584138,43502.07010689618,0.030306004167483917,56.275583793389906,84.71471285409636,98.71651304230035,49.20651633676174,margin-localized,5,50;100;200,474b86d9-d897-467d-85d4-51dfa26ea107,TCGA-55-6642,7/19/11 0:00,Lung Adenocarcinoma,NO,YES,Male,Lung,WHITE,[Not Available],[Not Available],No,R-Lower,[Not Available],2006,[Not Available],[Not Available],R0,6th,T2,N0,MX,Stage IB,[Not Applicable],[Not Applicable],[Not Applicable],[Not Applicable],[Not Available],[Not Available],[Not Available],[Not Available],[Not Available],[Not Available],[Not Available],[Not Available],[Not Available],[Not Available],[Not Available],[Not Available],[Not Available],2,No,1961,[Not Available],[Not Available],[Not Available],[Not Available],[Not Available],[Not Available],[Not Available],[Not Available],TUMOR FREE,[Not Available],63,[Not Applicable],0,[Not Available],[Not Available],[Not Available],[Not Available],[Not Applicable],[Not Available],[Not Available],[Not Available],[Not Available],C34.3,8140/3,C34.3,YES,[Not Available],[Not Available],[Not Available],[Not Available],[Not Available],55,0:LIVING,80.45,0:DiseaseFree,80.45,matched
TCGA-55-6968-01Z-00-DX1.810e0fee-99ab-465b-8ae9-fb416e4dca3c,TCGA-55-6968-01,TCGA-55-6968,3,54.61331092712872,2756909.804147736,2.7569098041477362,4823.03125,0.001749434,2752086.772897736,7233.276274425086,0.00262369,28.456000059275365,70.80619434,80.67972542267728,71.60517286656041,peritumoral,5,50;100;200,83a6ed20-b3cf-48b9-8ed3-a080cd4951fa,TCGA-55-6968,7/28/11 0:00,Lung Adenocarcinoma,NO,YES,Male,Lung,WHITE,NOT HISPANIC OR LATINO,[Not Available],No,R-Lower,[Not Available],2004,[Not Available],[Not Available],[Not Available],6th,T1,N0,M1,Stage IV,[Not Applicable],[Not Applicable],[Not Applicable],[Not Applicable],[Not Available],[Not Available],[Not Available],[Not Available],[Not Available],[Not Available],[Not Available],[Not Available],[Not Available],[Not Available],[Not Available],[Not Available],[Not Available],2,No,[Not Available],[Not Available],[Not Available],[Not Available],[Not Available],[Not Available],[Not Available],[Not Available],[Not Available],WITH TUMOR,[Not Available],61,[Not Applicable],0,[Not Available],[Not Available],[Not Available],[Not Available],[Not Applicable],[Not Available],[Not Available],[Not Available],[Not Available],C34.3,8140/3,C34.3,YES,[Not Available],[Not Available],[Not Available],[Not Available],[Not Available],55,1:DECEASED,42.48,[Not Available],[Not Available],matched
TCGA-55-6969-01Z-00-DX1.713df9f6-1a91-4e0e-ad43-42e66dcca191,TCGA-55-6969-01,TCGA-55-6969,1,70.27745581848225,3701949.868905632,3.701949868905632,55449.65625,0.014978500037438917,3646500.212655632,181934.4063,0.049145562,62.25321552052978,91.06496395959965,98.01608096123816,39.62519716039278,margin-localized,5,50;100;200,d6e274a0-6425-437b-bc07-1225be7808d5,TCGA-55-6969,7/25/11 0:00,Lung Adenocarcinoma,NO,YES,Male,Lung,WHITE,[Not Available],[Not Available],No,L-Upper,[Not Available],2004,[Not Available],[Not Available],[Not Available],6th,T2,N0,M0,Stage IB,[Not Applicable],[Not Applicable],[Not Applicable],[Not Applicable],[Not Available],[Not Available],[Not Available],[Not Available],[Not Available],[Not Available],NO,[Not Available],[Not Available],NO,[Not Available],NO,[Not Available],4,No,[Not Available],2004,[Not Available],[Not Available],[Not Available],[Not Available],[Not Available],[Not Available],[Not Available],TUMOR FREE,[Not Available],52,[Not Applicable],0,[Not Available],[Not Available],[Not Available],[Not Available],[Not Applicable],[Not Available],[Not Available],[Not Available],[Not Available],C34.1,8140/3,C34.1,YES,[Not Available],[Not Available],[Not Available],[Not Available],[Not Available],55,0:LIVING,40.7,0:DiseaseFree,40.7,matched
TCGA-55-6972-01Z-00-DX1.0b441ad0-c30f-4f63-849a-36c98d6e2d3b,TCGA-55-6972-01,TCGA-55-6972,1,19.881656058094777,68509.6875,0.068509688,38801.71875,0.5663683511912093,29707.96875,5405.96875,0.078908092,54.23420958,66.25887762223408,87.51668331577194,12.844776418840462,immune-penetrated,5,50;100;200,c4d1e105-28b7-48df-abef-fbe09782fdb2,TCGA-55-6972,7/27/11 0:00,Lung Adenocarcinoma,NO,YES,Male,Lung,WHITE,NOT HISPANIC OR LATINO,[Not Available],No,R-Upper,[Not Available],2005,[Not Available],[Not Available],R0,6th,T2,N0,M0,Stage IB,[Not Applicable],[Not Applicable],[Not Applicable],[Not Applicable],[Not Available],[Not Available],[Not Available],[Not Available],[Not Available],[Not Available],NO,[Not Available],[Not Available],NO,[Not Available],NO,[Not Available],2,No,[Not Available],[Not Available],[Not Available],[Not Available],[Not Available],[Not Available],[Not Available],[Not Available],[Not Available],TUMOR FREE,[Not Available],72,[Not Applicable],0,[Not Available],[Not Available],[Not Available],[Not Available],[Not Applicable],[Not Available],[Not Available],[Not Available],[Not Available],C34.1,8260/3,C34.1,YES,[Not Available],[Not Available],[Not Available],[Not Available],[Not Available],55,1:DECEASED,53.61,[Not Available],[Not Available],matched
TCGA-55-6978-01Z-00-DX1.2ef6d6aa-2a19-4bce-b845-cc83ac81a1c3,TCGA-55-6978-01,TCGA-55-6978,7,39.08532818853966,9155811.803031832,9.155811803031831,1103268.376267218,0.1204992413563901,8052543.426764615,1838384.9782539583,0.200788856,92.81565032009762,97.29842351820332,99.88512732,16.183517849960804,margin-localized,5,50;100;200,5134c56f-8286-4ec8-8348-237cee7dad5e,TCGA-55-6978,7/27/11 0:00,Lung Adenocarcinoma,NO,YES,Male,Lung,WHITE,NOT HISPANIC OR LATINO,[Not Available],Yes,R-Middle,[Not Available],2010,[Not Available],[Not Available],[Not Available],7th,T2b,N0,MX,Stage IIA,[Not Applicable],[Not Applicable],[Not Applicable],[Not Applicable],[Not Available],[Not Available],[Not Available],[Not Available],[Not Available],[Not Available],NO,[Not Available],[Not Available],NO,[Not Available],NO,[Not Available],1,No,[Not Available],[Not Available],[Not Available],[Not Available],[Not Available],[Not Available],[Not Available],[Not Available],[Not Available],WITH TUMOR,[Not Available],81,[Not Applicable],0,[Not Available],[Not Available],[Not Available],[Not Available],[Not Applicable],[Not Available],[Not Available],[Not Available],[Not Available],C34.2,8140/3,C34.2,YES,[Not Available],[Not Available],[Not Available],[Not Available],[Not Available],55,1:DECEASED,5.78,1:Recurred/Progressed,1.38,matched
TCGA-55-6983-01Z-00-DX1.8f940a64-1f1b-4e6e-99ea-418175be2b3f,TCGA-55-6983-01,TCGA-55-6983,3,9.466242839864462,701056.2678730552,0.7010562678730552,32433.21875,0.04626336,668623.0491230551,9253.370810667488,0.013199184194931206,37.86919025848556,79.31957714,98.79204920409647,67.37233297133179,peritumoral,5,50;100;200,54a0e4d7-c274-4569-9c25-45bbe26d7f21,TCGA-55-6983,7/27/11 0:00,Lung Adenocarcinoma,NO,YES,Male,Lung,WHITE,NOT HISPANIC OR LATINO,[Not Available],No,L-Lower,[Not Available],2005,[Not Available],[Not Available],R0,6th,T2,N1,M0,Stage IIB,[Not Applicable],[Not Applicable],[Not Applicable],[Not Applicable],[Not Available],[Not Available],[Not Available],[Not Available],[Not Available],[Not Available],NO,[Not Available],[Not Available],NO,[Not Available],NO,[Not Available],4,No,[Not Available],[Not Available],60,[Not Available],[Not Available],[Not Available],[Not Available],[Not Available],[Not Available],TUMOR FREE,[Not Available],81,[Not Applicable],0,[Not Available],[Not Available],[Not Available],[Not Available],[Not Applicable],[Not Available],[Not Available],[Not Available],[Not Available],C34.30,8480/3,C34.3,YES,[Not Available],[Not Available],[Not Available],[Not Available],[Not Available],55,0:LIVING,92.74,0:DiseaseFree,92.74,matched
TCGA-55-6987-01Z-00-DX1.0c52b721-2209-4818-af8f-b22d37e6e81e,TCGA-55-6987-01,TCGA-55-6987,3,2.8207409230271057,616651.6471028622,0.6166516471028622,6034.9375,0.009786623,610616.7096028621,16842.71875,0.027313182,78.22989741617262,99.85193931614265,100,29.10712269105725,margin-localized,5,50;100;200,2efc156c-464a-4c2f-a854-39fefe32081c,TCGA-55-6987,7/27/11 0:00,Lung Adenocarcinoma,NO,YES,Male,Lung,WHITE,NOT HISPANIC OR LATINO,[Not Available],No,L-Lower,[Not Available],2006,[Not Available],[Not Available],[Not Available],6th,T1,N0,M0,Stage IA,[Not Applicable],[Not Applicable],[Not Applicable],[Not Applicable],[Not Available],[Not Available],[Not Available],[Not Available],[Not Available],[Not Available],NO,[Not Available],[Not Available],NO,[Not Available],NO,[Not Available],4,No,[Not Available],2006,[Not Available],[Not Available],[Not Available],[Not Available],[Not Available],[Not Available],[Not Available],TUMOR FREE,[Not Available],77,[Not Applicable],0,[Not Available],[Not Available],[Not Available],[Not Available],[Not Applicable],[Not Available],[Not Available],[Not Available],[Not Available],C34.3,8140/3,C34.3,YES,[Not Available],[Not Available],[Not Available],[Not Available],[Not Available],55,0:LIVING,70.2,0:DiseaseFree,70.2,matched
TCGA-55-7227-01Z-00-DX1.e1a9e09c-4a50-4ee5-b1e4-2c7ae34dc913,TCGA-55-7227-01,TCGA-55-7227,2,66.04170987377606,4368718.006715201,4.368718006715201,406549.0677853396,0.093059123,3962168.9389298605,315905.2976374245,0.072310755,69.20812266944017,92.80857767409255,99.38460135882711,27.953994012484156,margin-localized,5,50;100;200,4e7b2af4-b158-41a7-be22-bea227a759e6,TCGA-55-7227,10/6/11 0:00,Lung Adenocarcinoma,YES,NO,Male,Lung,WHITE,NOT HISPANIC OR LATINO,[Not Available],No,R-Lower,[Not Available],2011,[Not Available],[Not Available],R0,7th,T3,N1,MX,Stage IIIA,[Not Applicable],[Not Applicable],[Not Applicable],[Not Applicable],[Not Available],[Not Available],[Not Available],[Not Available],[Not Available],[Not Available],[Not Available],[Not Available],[Not Available],[Not Available],[Not Available],[Not Available],[Not Available],3,No,1953,1993,[Not Available],[Not Available],[Not Available],[Not Available],[Not Available],[Not Available],[Not Available],TUMOR FREE,[Not Available],77,[Not Applicable],0,[Not Available],[Not Available],[Not Available],[Not Available],[Not Applicable],[Not Available],[Not Available],[Not Available],[Not Available],C34.3,8140/3,C34.3,YES,[Not Available],[Not Available],[Not Available],[Not Available],[Not Available],55,1:DECEASED,31.27,1:Recurred/Progressed,8.38,matched
TCGA-55-7284-01Z-00-DX1.68b95b9b-1aab-4f03-aad3-1132467b7499,TCGA-55-7284-01,TCGA-55-7284,8,41.41400986157352,302631.9263941704,0.30263192639417036,5914.4375,0.019543336,296717.4888941704,6026,0.019911977139356038,47.834473978031426,89.23760344954907,98.60628019727845,67.36676665834571,peritumoral,5,50;100;200,0b15fcb8-1fb7-497e-80b9-d3db66a3c0a2,TCGA-55-7284,6/13/12 0:00,Lung Adenocarcinoma,YES,NO,Male,Lung,WHITE,NOT HISPANIC OR LATINO,[Not Available],"Yes, History of Synchronous/Bilateral Malignancy",R-Lower,[Not Available],2011,[Not Available],[Not Available],R0,7th,T3,N0,MX,Stage IIB,[Not Applicable],[Not Applicable],[Not Applicable],[Not Applicable],YES,74,70,108,102,89,[Not Available],[Not Available],[Not Available],[Not Available],[Not Available],[Not Available],[Not Available],3,No,[Not Available],[Not Available],[Not Available],[Not Available],[Not Available],[Not Available],[Not Available],[Not Available],[Not Available],TUMOR FREE,NO,74,[Not Applicable],0,[Not Available],[Not Available],[Not Available],[Not Available],[Not Applicable],[Not Available],[Not Available],[Not Available],[Not Available],C34.8,8252/3,C34.8,YES,[Not Available],[Not Available],[Not Available],[Not Available],[Not Available],55,1:DECEASED,7.98,1:Recurred/Progressed,7.59,matched
TCGA-55-7570-01Z-00-DX1.9020ae67-cf60-4bac-8c60-403c8891c4a3,TCGA-55-7570-01,TCGA-55-7570,5,10.270990331736455,556009.6470661765,0.5560096470661765,5443.65625,0.009790579,550565.9908161765,21562.631696013887,0.038781039,64.38102951267616,96.275748,99.84212852,37.791574788568944,margin-localized,5,50;100;200,ff07ea4b-4e50-410d-99d6-96a351dad7b1,TCGA-55-7570,1/11/12 0:00,Lung Adenocarcinoma,YES,NO,Male,Lung,BLACK OR AFRICAN AMERICAN,NOT HISPANIC OR LATINO,[Not Available],No,R-Upper,[Not Available],2011,[Not Available],[Not Available],R0,7th,T1a,N0,MX,Stage IA,[Not Applicable],[Not Applicable],[Not Applicable],[Not Applicable],[Not Available],[Not Available],[Not Available],[Not Available],[Not Available],[Not Available],[Not Available],[Not Available],[Not Available],[Not Available],[Not Available],[Not Available],[Not Available],2,No,1971,[Not Available],[Not Available],[Not Available],[Not Available],[Not Available],[Not Available],[Not Available],[Not Available],TUMOR FREE,[Not Available],60,[Not Applicable],0,[Not Available],[Not Available],[Not Available],[Not Available],[Not Applicable],[Not Available],[Not Available],[Not Available],[Not Available],C34.1,8140/3,C34.1,YES,[Not Available],[Not Available],[Not Available],[Not Available],[Not Available],55,0:LIVING,27.07,0:DiseaseFree,27.07,matched
TCGA-55-7576-01Z-00-DX1.3a6142e9-c90a-4938-a1d1-061c2ac261f0,TCGA-55-7576-01,TCGA-55-7576,2,25.388768317103803,1699454.5192792453,1.6994545192792452,248367.67154541195,0.14614552418310495,1451086.8477338334,57769.28209896269,0.033992838,60.17172375000522,88.78356489900202,98.90890073444454,37.25319826873929,margin-localized,5,50;100;200,055e9a43-3c00-4110-a303-e4407676bec0,TCGA-55-7576,1/11/12 0:00,Lung Adenocarcinoma,YES,NO,Male,Lung,BLACK OR AFRICAN AMERICAN,NOT HISPANIC OR LATINO,[Not Available],No,R-Upper,[Not Available],2011,[Not Available],[Not Available],R0,7th,T2a,N0,M0,Stage IB,[Not Applicable],[Not Applicable],[Not Applicable],[Not Applicable],[Not Available],[Not Available],[Not Available],[Not Available],[Not Available],[Not Available],[Not Available],[Not Available],[Not Available],[Not Available],[Not Available],[Not Available],[Not Available],2,No,1972,[Not Available],[Not Available],[Not Available],[Not Available],[Not Available],[Not Available],[Not Available],[Not Available],TUMOR FREE,[Not Available],54,[Not Applicable],0,[Not Available],[Not Available],[Not Available],[Not Available],[Not Applicable],[Not Available],[Not Available],[Not Available],[Not Available],C34.1,8140/3,C34.1,YES,[Not Available],[Not Available],[Not Available],[Not Available],[Not Available],55,0:LIVING,22.01,0:DiseaseFree,22.01,matched
TCGA-55-7727-01Z-00-DX1.0c7a4953-16dc-41e0-845b-b89167ec17d7,TCGA-55-7727-01,TCGA-55-7727,9,62.08518815057662,5636945.513,5.636945513,322063.2351514901,0.057134353,5314882.278,358006.8260200032,0.063510783,63.552105421106795,92.51505976,98.28952273620008,26.487393817625772,margin-localized,5,50;100;200,ba49117e-dab6-4e7d-bc44-f11dcafa1318,TCGA-55-7727,3/8/12 0:00,Lung Adenocarcinoma,YES,NO,Male,Lung,WHITE,NOT HISPANIC OR LATINO,[Not Available],No,L-Upper,[Not Available],2011,[Not Available],[Not Available],R0,7th,T1a,N2,MX,Stage IIIA,[Not Applicable],[Not Applicable],[Not Applicable],[Not Applicable],YES,74,73,49,48,86,[Not Available],[Not Available],[Not Available],[Not Available],[Not Available],[Not Available],[Not Available],2,No,[Not Available],[Not Available],[Not Available],[Not Available],[Not Available],[Not Available],[Not Available],[Not Available],[Not Available],TUMOR FREE,[Not Available],70,[Not Applicable],0,[Not Available],[Not Available],[Not Available],[Not Available],[Not Applicable],[Not Available],[Not Available],[Not Available],[Not Available],C34.1,8140/3,C34.1,YES,[Not Available],[Not Available],[Not Available],[Not Available],[Not Available],55,0:LIVING,3.91,0:DiseaseFree,3.91,matched
TCGA-55-7815-01Z-00-DX1.288408e6-f6b3-4de4-a1ce-cb2498d9d46d,TCGA-55-7815-01,TCGA-55-7815,2,68.65397352518724,2042878.411932077,2.042878411932077,287789.44984724425,0.1408744877650667,1755088.9620848326,12079.749348325506,0.005913102,46.47939890492922,79.66466886436237,96.86460349033953,56.00850939812628,peritumoral,5,50;100;200,dd46c83e-6551-485b-b935-f3beed891244,TCGA-55-7815,3/9/12 0:00,Lung Adenocarcinoma,YES,NO,Male,Lung,[Not Available],[Not Available],[Not Available],No,R-Lower,[Not Available],2011,[Not Available],[Not Available],R0,7th,T2a,N0,MX,Stage IB,[Not Applicable],[Not Applicable],[Not Applicable],[Not Applicable],YES,72,76,[Not Available],[Not Available],59,[Not Available],[Not Available],[Not Available],[Not Available],[Not Available],[Not Available],[Not Available],1,No,[Not Available],[Not Available],[Not Available],[Not Available],[Not Available],[Not Available],[Not Available],[Not Available],[Not Available],TUMOR FREE,[Not Available],76,[Not Applicable],0,[Not Available],[Not Available],[Not Available],[Not Available],[Not Applicable],[Not Available],[Not Available],[Not Available],[Not Available],C34.3,8140/3,C34.3,YES,[Not Available],[Not Available],[Not Available],[Not Available],[Not Available],55,0:LIVING,25.39,1:Recurred/Progressed,19.45,matched
TCGA-55-7994-01Z-00-DX1.a0858080-c471-4337-bc57-7af57e9d92d8,TCGA-55-7994-01,TCGA-55-7994,7,46.71412177765721,928059.9914,0.9280599913554539,245815.75,0.26487053885490763,682244.2413554539,27452.020816939577,0.029580006758879066,57.548365554410566,74.88696238,83.62372837794383,30.530978120590895,margin-localized,5,50;100;200,67dbe286-edb3-4d07-8f74-9e5254f01945,TCGA-55-7994,5/7/12 0:00,Lung Adenocarcinoma,YES,NO,Male,Lung,WHITE,NOT HISPANIC OR LATINO,[Not Available],No,R-Upper,[Not Available],2011,[Not Available],[Not Available],R0,7th,T3,N0,MX,Stage IIB,[Not Applicable],[Not Applicable],[Not Applicable],[Not Applicable],[Not Available],[Not Available],[Not Available],[Not Available],[Not Available],[Not Available],NO,[Not Available],[Not Available],NO,[Not Available],NO,[Not Available],2,No,[Not Available],[Not Available],28,[Not Available],[Not Available],[Not Available],[Not Available],[Not Available],Complete Remission/Response,TUMOR FREE,NO,81,[Not Applicable],0,[Not Available],[Not Available],[Not Available],[Not Available],[Not Applicable],[Not Available],[Not Available],[Not Available],[Not Available],C34.1,8140/3,C34.1,YES,[Not Available],[Not Available],[Not Available],[Not Available],[Not Available],55,0:LIVING,19.81,0:DiseaseFree,19.81,matched
TCGA-55-8085-01Z-00-DX1.ff220eba-3515-4d2e-b317-76337dd3d206,TCGA-55-8085-01,TCGA-55-8085,2,19.431153475470932,754491.3382954324,0.7544913382954324,60190.71875,0.079776554,694300.6195454324,15324.96875,0.020311656306913464,34.31042728170104,85.28370082467383,98.33776670275182,53.29769724153193,peritumoral,5,50;100;200,5fd0f07b-8bb9-4378-bd26-28a26057e8fe,TCGA-55-8085,6/15/12 0:00,Lung Adenocarcinoma,YES,NO,Male,Lung,WHITE,NOT HISPANIC OR LATINO,[Not Available],No,L-Lower,[Not Available],2011,[Not Available],[Not Available],R0,7th,T1b,N0,M0,Stage IA,[Not Applicable],[Not Applicable],[Not Applicable],[Not Applicable],YES,35,45,39,46,51,[Not Available],[Not Available],[Not Available],[Not Available],[Not Available],[Not Available],[Not Available],2,No,[Not Available],[Not Available],[Not Available],[Not Available],1,[Not Available],[Not Available],[Not Available],Complete Remission/Response,TUMOR FREE,NO,64,[Not Applicable],0,[Not Available],[Not Available],[Not Available],[Not Available],[Not Applicable],[Not Available],[Not Available],[Not Available],[Not Available],C34.3,8260/3,C34.3,YES,[Not Available],[Not Available],[Not Available],[Not Available],[Not Available],55,0:LIVING,29.7,0:DiseaseFree,29.7,matched
TCGA-55-8089-01Z-00-DX1.da4d99ff-4a7c-45a3-b79c-039c0c9e9712,TCGA-55-8089-01,TCGA-55-8089,1,12.074055252715144,1824827.4383208202,1.8248274383208203,45427.59603210431,0.024894187295816928,1779399.8422887162,11031.641135873591,0.006045306,65.47275572,97.00688227890805,99.85984291192193,28.56708114246186,margin-localized,5,50;100;200,1070ff27-17c9-43dd-a4f6-daa643eb9123,TCGA-55-8089,6/17/12 0:00,Lung Adenocarcinoma,YES,NO,Male,Lung,WHITE,NOT HISPANIC OR LATINO,[Not Available],No,R-Upper,Peripheral Lung,2011,[Not Available],[Not Available],R0,7th,T1a,N0,M0,Stage IA,[Not Applicable],[Not Applicable],[Not Applicable],[Not Applicable],YES,70,[Not Available],85,[Not Available],90,YES,NO,[Not Available],YES,[Not Available],YES,[Not Available],2,No,1973,[Not Available],97,100,0,Preoperative,[Not Available],[Not Available],[Not Available],TUMOR FREE,NO,56,[Not Applicable],0,[Not Available],[Not Available],[Not Available],[Not Available],[Not Applicable],[Not Available],[Not Available],[Not Available],[Not Available],C34.1,8140/3,C34.1,YES,[Not Available],[Not Available],[Not Available],[Not Available],[Not Available],55,1:DECEASED,23.06,[Not Available],[Not Available],matched
TCGA-55-8091-01Z-00-DX1.0996c58a-6e93-4092-8cb8-014d548fe60c,TCGA-55-8091-01,TCGA-55-8091,4,33.27402205226791,4243558.550789902,4.243558550789902,289921.5938,0.068320394,3953636.9570399025,502548.63833536825,0.11842622938284264,85.85918856562932,97.84615180001433,100,16.51183287827248,margin-localized,5,50;100;200,d12b6930-9ae4-4fe7-ad69-d183135c91ab,TCGA-55-8091,6/15/12 0:00,Lung Adenocarcinoma,YES,NO,Male,Lung,WHITE,NOT HISPANIC OR LATINO,[Not Available],"Yes, History of Prior Malignancy",R-Lower,[Not Available],2011,[Not Available],[Not Available],R0,7th,T2,N0,MX,Stage IB,[Not Applicable],[Not Applicable],[Not Applicable],[Not Applicable],YES,82,[Not Available],79,[Not Available],65,NO,[Not Available],[Not Available],NO,[Not Available],NO,[Not Available],3,No,[Not Available],1985,[Not Available],[Not Available],[Not Available],[Not Available],[Not Available],[Not Available],Complete Remission/Response,TUMOR FREE,NO,74,[Not Applicable],0,[Not Available],[Not Available],[Not Available],[Not Available],[Not Applicable],[Not Available],[Not Available],[Not Available],[Not Available],C34.3,8140/3,C34.3,YES,[Not Available],[Not Available],[Not Available],[Not Available],[Not Available],55,0:LIVING,19.71,0:DiseaseFree,19.71,matched
TCGA-55-8092-01Z-00-DX1.04e44341-c4bb-4b0b-965c-7ec83f3877a6,TCGA-55-8092-01,TCGA-55-8092,2,18.052125577487836,1510209.238420181,1.510209238420181,1891.90625,0.001252744,1508317.332170181,31094.36911,0.020589444374162085,67.51571012405073,99.61989012904881,100,37.60194476353583,margin-localized,5,50;100;200,4b92fce2-3772-40eb-ab34-a27937b58590,TCGA-55-8092,7/8/12 0:00,Lung Adenocarcinoma,YES,NO,Male,Lung,WHITE,NOT HISPANIC OR LATINO,[Not Available],No,R-Upper,[Not Available],2012,[Not Available],[Not Available],R0,7th,T3,N0,MX,Stage IIB,[Not Applicable],[Not Applicable],[Not Applicable],[Not Applicable],YES,68,19,66,2,19,[Not Available],[Not Available],[Not Available],[Not Available],[Not Available],[Not Available],[Not Available],4,No,1972,2012,40,[Not Available],[Not Available],[Not Available],[Not Available],[Not Available],Complete Remission/Response,TUMOR FREE,NO,75,[Not Applicable],0,[Not Available],[Not Available],[Not Available],[Not Available],[Not Applicable],[Not Available],[Not Available],[Not Available],[Not Available],C34.1,8140/3,C34.1,YES,[Not Available],[Not Available],[Not Available],[Not Available],[Not Available],55,1:DECEASED,5.06,1:Recurred/Progressed,4.17,matched
TCGA-55-8094-01Z-00-DX1.8dc29615-e124-4f17-81a1-c0b20c38d12c,TCGA-55-8094-01,TCGA-55-8094,6,9.576280100704219,183144.23247827502,0.18314423247827502,154.65625,0.000844451,182989.57622827502,2435.844429439609,0.013300142715269804,54.889690513983695,80.73011593584053,99.98778285305673,58.94926314212927,peritumoral,5,50;100;200,69584d55-18f7-4786-b3cc-cd528500be44,TCGA-55-8094,7/8/12 0:00,Lung Adenocarcinoma,YES,NO,Male,Lung,WHITE,NOT HISPANIC OR LATINO,[Not Available],No,L-Upper,Peripheral Lung,2012,[Not Available],[Not Available],R0,7th,T2b,N0,M1b,Stage IV,[Not Applicable],[Not Applicable],[Not Applicable],[Not Applicable],[Not Available],[Not Available],[Not Available],[Not Available],[Not Available],[Not Available],NO,[Not Available],[Not Available],YES,[Not Available],YES,FISH,4,No,1976,2011,70,[Not Available],[Not Available],[Not Available],[Not Available],[Not Available],[Not Available],WITH TUMOR,NO,51,[Not Applicable],0,[Not Available],[Not Available],[Not Available],[Not Available],[Not Applicable],[Not Available],[Not Available],[Not Available],[Not Available],C34.1,8140/3,C34.1,YES,[Not Available],[Not Available],[Not Available],[Not Available],[Not Available],55,0:LIVING,17.77,0:DiseaseFree,17.77,matched
TCGA-55-8206-01Z-00-DX1.1216f330-c4e9-41b5-a2b7-9cafd960fa11,TCGA-55-8206-01,TCGA-55-8206,2,31.50673852385874,787423.8601917935,0.7874238601917936,202737.8125,0.25746973485235636,584686.0476917934,14465.71875,0.018370942869925952,71.45136740360103,96.55136843577826,99.78021025696742,34.44674331486215,margin-localized,5,50;100;200,a214a959-3b21-4f25-a615-383cda7afdff,TCGA-55-8206,6/15/12 0:00,Lung Adenocarcinoma,YES,NO,Male,Lung,WHITE,NOT HISPANIC OR LATINO,[Not Available],No,R-Upper,[Not Available],2012,[Not Available],[Not Available],R0,7th,T1b,N0,M0,Stage IA,[Not Applicable],[Not Applicable],[Not Applicable],[Not Applicable],YES,84,[Not Available],104,[Not Available],98,[Not Available],[Not Available],[Not Available],[Not Available],[Not Available],[Not Available],[Not Available],1,No,[Not Available],[Not Available],[Not Available],[Not Available],[Not Available],[Not Available],NO,[Not Available],Complete Remission/Response,TUMOR FREE,NO,56,[Not Applicable],0,[Not Available],[Not Available],[Not Available],[Not Available],[Not Applicable],[Not Available],[Not Available],[Not Available],[Not Available],C34.1,8140/3,C34.1,YES,[Not Available],[Not Available],[Not Available],[Not Available],NO,55,0:LIVING,29.17,0:DiseaseFree,29.17,matched
TCGA-55-8301-01Z-00-DX1.2A66E0FC-84F2-4DF8-B06E-D7CDD7AA82C7,TCGA-55-8301-01,TCGA-55-8301,1,5.814771955,879477.8704876793,0.8794778704876792,101846.4063,0.11580326198944056,777631.4642376793,20835.125,0.023690334571405094,82.81309104065842,99.13155497901825,100,32.589540116423855,margin-localized,5,50;100;200,b36b7567-30d3-4d0c-84c4-b203986e0fdb,TCGA-55-8301,10/3/12 0:00,Lung Adenocarcinoma,YES,NO,Male,Lung,WHITE,NOT HISPANIC OR LATINO,[Not Available],No,R-Lower,[Not Available],2012,[Not Available],[Not Available],R0,7th,T2a,N0,MX,Stage IB,[Not Applicable],[Not Applicable],[Not Applicable],[Not Applicable],[Not Available],[Not Available],[Not Available],[Not Available],[Not Available],[Not Available],[Not Available],[Not Available],[Not Available],[Not Available],[Not Available],[Not Available],[Not Available],2,No,1962,[Not Available],100,[Not Available],[Not Available],[Not Available],NO,[Not Available],Complete Remission/Response,TUMOR FREE,NO,58,[Not Applicable],0,[Not Available],[Not Available],[Not Available],[Not Available],[Not Applicable],[Not Available],[Not Available],[Not Available],[Not Available],C34.3,8140/3,C34.3,YES,[Not Available],[Not Available],[Not Available],[Not Available],NO,55,0:LIVING,17.54,1:Recurred/Progressed,7.82,matched
TCGA-55-8505-01Z-00-DX1.D364C30D-BFB8-486B-A0D3-948FF8E90C3E,TCGA-55-8505-01,TCGA-55-8505,4,5.438140372827726,210066.51637429761,0.2100665163742976,12416.65625,0.059108212,197649.86012429761,15224.875,0.072476448,79.96858600584417,94.05820057690838,99.98980931604505,21.16047317523878,margin-localized,5,50;100;200,f59e5a76-f803-470b-910c-a897a149d939,TCGA-55-8505,12/28/12 0:00,Lung Adenocarcinoma,YES,NO,Male,Lung,WHITE,NOT HISPANIC OR LATINO,[Not Available],No,R-Lower,[Not Available],2012,[Not Available],[Not Available],R0,7th,T1a,N2,MX,Stage IIIA,[Not Applicable],[Not Applicable],[Not Applicable],[Not Applicable],[Not Available],[Not Available],[Not Available],[Not Available],[Not Available],[Not Available],[Not Available],[Not Available],[Not Available],[Not Available],[Not Available],[Not Available],[Not Available],1,No,[Not Available],[Not Available],[Not Available],[Not Available],[Not Available],[Not Available],[Not Available],[Not Available],Complete Remission/Response,TUMOR FREE,NO,62,[Not Applicable],0,[Not Available],[Not Available],[Not Available],[Not Available],[Not Applicable],[Not Available],[Not Available],[Not Available],[Not Available],C34.3,8140/3,C34.3,YES,[Not Available],[Not Available],[Not Available],[Not Available],[Not Available],55,0:LIVING,14.45,0:DiseaseFree,14.45,matched
TCGA-55-8507-01Z-00-DX1.3C6198CF-3E13-4C4C-B851-5BDFF8552621,TCGA-55-8507-01,TCGA-55-8507,5,105.56055293396263,4476380.393482066,4.476380393482065,489335.4616,0.1093149863441125,3987044.932,145015.89851969184,0.032395794,53.89618128240793,84.90978511988365,98.45067538020042,37.38022538722847,margin-localized,5,50;100;200,d63c028b-b6d3-49ce-b63e-261eed3b86df,TCGA-55-8507,12/28/12 0:00,Lung Adenocarcinoma,YES,NO,Male,Lung,WHITE,NOT HISPANIC OR LATINO,[Not Available],No,R-Upper,Peripheral Lung,2012,[Not Available],[Not Available],R0,7th,T1a,N0,MX,Stage IA,[Not Applicable],[Not Applicable],[Not Applicable],[Not Applicable],[Not Available],[Not Available],[Not Available],[Not Available],[Not Available],[Not Available],[Not Available],[Not Available],[Not Available],[Not Available],[Not Available],[Not Available],[Not Available],2,No,1972,[Not Available],120,40,3,Other,NO,[Not Available],Complete Remission/Response,TUMOR FREE,NO,53,[Not Applicable],0,[Not Available],[Not Available],[Not Available],[Not Available],[Not Applicable],[Not Available],[Not Available],[Not Available],[Not Available],C34.1,8140/3,C34.1,YES,[Not Available],[Not Available],[Not Available],[Not Available],NO,55,0:LIVING,13.73,0:DiseaseFree,13.73,matched
TCGA-55-8512-01Z-00-DX1.FD4B9CF5-1955-420E-A955-6D284772D2BE,TCGA-55-8512-01,TCGA-55-8512,1,41.98110644489369,1100155.865571023,1.100155865571023,478590.4063,0.4350205468400546,621565.4593,162887.72422368085,0.14805876996268696,40.758242430775034,58.98350106308256,65.15093264678615,35.17123291839511,immune-penetrated,5,50;100;200,202e5df9-69f2-432c-a59d-cc5aa176e973,TCGA-55-8512,1/11/13 0:00,Lung Adenocarcinoma,YES,NO,Male,Lung,WHITE,NOT HISPANIC OR LATINO,[Not Available],No,R-Lower,[Not Available],2012,[Not Available],[Not Available],R0,7th,T1a,N1,M1b,Stage IV,[Not Applicable],[Not Applicable],[Not Applicable],[Not Applicable],NO,[Not Available],[Not Available],[Not Available],[Not Available],[Not Available],[Not Available],[Not Available],[Not Available],[Not Available],[Not Available],[Not Available],[Not Available],2,No,1989,[Not Available],19,90,1,Preoperative,[Not Available],[Not Available],[Not Applicable],WITH TUMOR,NO,41,[Not Applicable],0,[Not Available],[Not Available],[Not Available],[Not Available],[Not Applicable],[Not Available],[Not Available],[Not Available],[Not Available],C34.3,8252/3,C34.3,YES,[Not Available],[Not Available],[Not Available],[Not Available],[Not Available],55,1:DECEASED,19.94,[Not Available],[Not Available],matched
TCGA-55-8615-01Z-00-DX1.928CFCA6-059D-4901-8D6A-BC7D9486C29F,TCGA-55-8615-01,TCGA-55-8615,7,65.04609958,2771311.2077595666,2.7713112077595667,84975.55500530229,0.030662581224141824,2686335.652754265,57419.16608607499,0.020719133,56.84667165107903,94.82132311940362,99.96220265691876,44.619572499072646,margin-localized,5,50;100;200,06fe7f3e-4edd-4150-981c-93787ea19b39,TCGA-55-8615,1/11/13 0:00,Lung Adenocarcinoma,YES,NO,Male,Lung,WHITE,NOT HISPANIC OR LATINO,[Not Available],No,R-Middle,[Not Available],2012,[Not Available],[Not Available],R0,7th,T3,N2,MX,Stage IIIA,[Not Applicable],[Not Applicable],[Not Applicable],[Not Applicable],YES,88,[Not Available],[Not Available],[Not Available],83,[Not Available],[Not Available],[Not Available],[Not Available],[Not Available],[Not Available],[Not Available],2,No,1966,[Not Available],67,[Not Available],[Not Available],[Not Available],NO,[Not Available],Complete Remission/Response,TUMOR FREE,NO,67,[Not Applicable],0,[Not Available],[Not Available],[Not Available],[Not Available],[Not Applicable],[Not Available],[Not Available],[Not Available],[Not Available],C34.2,8140/3,C34.2,YES,[Not Available],[Not Available],[Not Available],[Not Available],YES,55,0:LIVING,14.65,1:Recurred/Progressed,7.36,matched
TCGA-55-8620-01Z-00-DX1.6591EEC4-D696-4826-80BD-99BE1D99EBB8,TCGA-55-8620-01,TCGA-55-8620,4,28.752882841453697,2515273.693562083,2.515273693562083,24402.1875,0.009701603,2490871.506062083,58642.63408785216,0.023314613530109947,46.956529635019805,83.48814803629848,98.49237472494664,45.85455947885662,margin-localized,5,50;100;200,5510ad32-62fd-4adc-964a-ae4e997c2f4b,TCGA-55-8620,1/11/13 0:00,Lung Adenocarcinoma,YES,NO,Male,Lung,WHITE,NOT HISPANIC OR LATINO,[Not Available],No,L-Upper,Central Lung,2012,[Not Available],[Not Available],R0,7th,T1a,N1,M1b,Stage IV,[Not Applicable],[Not Applicable],[Not Applicable],[Not Applicable],YES,76,[Not Available],73,[Not Available],64,NO,[Not Available],[Not Available],NO,[Not Available],NO,[Not Available],4,No,1965,2012,154,70,2,Preoperative,YES,[Not Available],Progressive Disease,WITH TUMOR,NO,60,[Not Applicable],0,[Not Available],[Not Available],[Not Available],[Not Available],[Not Applicable],[Not Available],[Not Available],[Not Available],[Not Available],C34.1,8140/3,C34.1,YES,[Not Available],[Not Available],[Not Available],[Not Available],NO,55,1:DECEASED,12.32,[Not Available],[Not Available],matched
TCGA-55-A48Y-01Z-00-DX1.D8735347-E060-439F-B5A1-1E47A958A392,TCGA-55-A48Y-01,TCGA-55-A48Y,1,13.695713536288705,389878.75261602626,0.3898787526160263,537.90625,0.001379676,389340.8463660263,5187.0625,0.013304296,45.76484595747108,98.35481707628249,100,51.84189455691217,peritumoral,5,50;100;200,12C07138-E3FA-418A-89E3-628DA12BC99E,TCGA-55-A48Y,2/21/13 0:00,Lung Adenocarcinoma,YES,NO,Male,Lung,WHITE,NOT HISPANIC OR LATINO,[Not Available],No,L-Lower,[Not Available],2012,[Not Available],[Not Available],R0,7th,T2b,N0,M0,Stage IIA,[Not Applicable],[Not Applicable],[Not Applicable],[Not Applicable],YES,38,[Not Available],[Not Available],[Not Available],42,[Not Available],[Not Available],[Not Available],[Not Available],[Not Available],[Not Available],[Not Available],2,No,1962,[Not Available],50,[Not Available],[Not Available],[Not Available],[Not Available],[Not Available],[Not Available],TUMOR FREE,NO,69,[Not Applicable],0,[Not Available],[Not Available],[Not Available],[Not Available],[Not Applicable],[Not Available],[Not Available],[Not Available],[Not Available],C34.3,8140/3,C34.3,YES,[Not Available],[Not Available],[Not Available],[Not Available],[Not Available],55,0:LIVING,20.7,0:DiseaseFree,20.7,matched
TCGA-55-A490-01Z-00-DX1.07D77502-7216-4C23-9BB8-8DE99AECC920,TCGA-55-A490-01,TCGA-55-A490,8,74.36034015638327,3083370.5066582626,3.0833705066582624,78411.00770113741,0.025430290499249397,3004959.4989571245,31615.342797401012,0.010253501072651019,62.88776900226242,97.51899766474803,99.20620424,36.637796399346946,margin-localized,5,50;100;200,B89DE053-D253-447F-952E-9A2EDCF6BCA5,TCGA-55-A490,2/21/13 0:00,Lung Adenocarcinoma,YES,NO,Male,Lung,WHITE,NOT HISPANIC OR LATINO,[Not Available],No,R-Upper,Peripheral Lung,2012,[Not Available],[Not Available],R0,7th,T2b,N0,MX,Stage IIA,[Not Applicable],[Not Applicable],[Not Applicable],[Not Applicable],YES,56,[Not Available],60,[Not Available],40,YES,YES,G12C,YES,[Not Available],YES,FISH,3,No,1951,1985,34,80,1,Preoperative,[Not Available],[Not Available],[Not Available],TUMOR FREE,NO,78,[Not Applicable],0,[Not Available],[Not Available],[Not Available],[Not Available],[Not Applicable],[Not Available],[Not Available],[Not Available],[Not Available],C34.1,8140/3,C34.1,YES,[Not Available],[Not Available],[Not Available],[Not Available],[Not Available],55,1:DECEASED,3.25,[Not Available],[Not Available],matched
TCGA-62-A46P-01Z-00-DX1.9136CC96-51B9-4FEB-8BCF-2C3676C708B1,TCGA-62-A46P-01,TCGA-62-A46P,1,113.4324425835285,1336768.3972918396,1.3367683972918396,893736.5226507366,0.668579931,443031.8746,60671.1875,0.045386461576226535,29.211062751054932,42.29729931234497,55.78293508453154,23.072998965240735,immune-penetrated,5,50;100;200,0C59FF96-5E4A-4664-A0B1-D057B4725483,TCGA-62-A46P,10/29/12 0:00,Lung Adenocarcinoma,NO,YES,Male,Lung,WHITE,NOT HISPANIC OR LATINO,[Not Available],No,L-Upper,Central Lung,2006,[Not Available],[Not Available],R0,6th,T2,N0,M0,Stage IB,[Not Applicable],[Not Applicable],[Not Applicable],[Not Applicable],YES,78,[Not Available],66,[Not Available],[Not Available],NO,[Not Available],[Not Available],NO,[Not Available],NO,[Not Available],4,No,[Not Available],[Not Available],40,100,[Not Available],Preoperative,NO,[Not Available],Complete Remission/Response,TUMOR FREE,YES,65,[Not Applicable],0,[Not Available],[Not Available],[Not Available],[Not Available],[Not Applicable],[Not Available],[Not Available],[Not Available],[Not Available],C34.1,8255/3,C34.1,YES,[Not Available],[Not Available],[Not Available],[Not Available],NO,62,1:DECEASED,19.51,1:Recurred/Progressed,8.77,matched
TCGA-62-A46S-01Z-00-DX1.7A8A6F38-76EA-4F43-BC03-1C42E6787E33,TCGA-62-A46S-01,TCGA-62-A46S,5,242.72337485370267,26228543.905953802,26.228543905953803,4230165.555727036,0.16128099107960014,21998378.350226767,1414987.2527914194,0.053948372348272884,76.70759846540996,91.29429090162463,97.03114058618871,22.257372374114606,margin-localized,5,50;100;200,E00A60D7-4253-443D-A187-680AD0931349,TCGA-62-A46S,10/29/12 0:00,Lung Adenocarcinoma,NO,YES,Male,Lung,WHITE,NOT HISPANIC OR LATINO,[Not Available],No,L-Upper,Peripheral Lung,2007,[Not Available],[Not Available],R0,6th,T2,N0,M0,Stage IB,[Not Applicable],[Not Applicable],[Not Applicable],[Not Applicable],YES,72,[Not Available],66,[Not Available],[Not Available],NO,[Not Available],[Not Available],NO,[Not Available],NO,[Not Available],4,No,[Not Available],[Not Available],40,100,0,Preoperative,NO,[Not Available],Complete Remission/Response,WITH TUMOR,YES,73,[Not Applicable],0,[Not Available],[Not Available],[Not Available],[Not Available],[Not Applicable],[Not Available],[Not Available],[Not Available],[Not Available],C34.1,8260/3,C34.1,YES,[Not Available],[Not Available],[Not Available],[Not Available],YES,62,1:DECEASED,54.3,1:Recurred/Progressed,17.31,matched
TCGA-62-A470-01Z-00-DX1.3983A979-E756-413C-941A-C8B83AD3BBA7,TCGA-62-A470-01,TCGA-62-A470,5,157.93268527551757,3167679.979828072,3.1676799798280717,1370468.2101320298,0.43264099241692117,1797211.7696960426,75464.59941,0.023823303,38.40459505263955,54.99122380625479,70.68392486747992,31.782463718220463,immune-penetrated,5,50;100;200,E60A8F8A-0FE6-40E5-9F30-BCFF48AC73F4,TCGA-62-A470,10/30/12 0:00,Lung Adenocarcinoma,NO,YES,Male,Lung,WHITE,NOT HISPANIC OR LATINO,[Not Available],No,R-Upper,Central Lung,2009,[Not Available],[Not Available],R0,6th,T2,N0,M0,Stage IB,[Not Applicable],[Not Applicable],[Not Applicable],[Not Applicable],YES,111,[Not Available],74,[Not Available],[Not Available],NO,[Not Available],[Not Available],NO,[Not Available],NO,[Not Available],3,No,[Not Available],[Not Available],30,100,0,Preoperative,NO,[Not Available],Complete Remission/Response,WITH TUMOR,YES,84,[Not Applicable],0,[Not Available],[Not Available],[Not Available],[Not Available],[Not Applicable],[Not Available],[Not Available],[Not Available],[Not Available],C34.1,8550/3,C34.1,YES,[Not Available],[Not Available],[Not Available],[Not Available],NO,62,1:DECEASED,39.22,1:Recurred/Progressed,17.71,matched
TCGA-64-1676-01Z-00-DX1.3B8F1FAC-0FB2-45DE-AFA1-6ED451A4A61B,TCGA-64-1676-01,TCGA-64-1676,1,48.26910100047883,676837.3945186766,0.6768373945186765,34668.25,0.051220944,642169.1445186766,26843.998435966227,0.039660927,62.97183622405157,91.04050902159274,99.67210625,31.375,margin-localized,5,50;100;200,fb6b289c-aaf9-4d8e-b6e0-5d35bce1b6e1,TCGA-64-1676,11/15/10 0:00,Lung Adenocarcinoma,NO,YES,Male,Lung,WHITE,NOT HISPANIC OR LATINO,[Not Available],No,R-Lower,Central Lung,2005,[Not Available],[Not Available],R0,[Not Available],T1a,N0,M0,Stage IA,[Not Applicable],[Not Applicable],[Not Applicable],[Not Applicable],[Not Available],[Not Available],[Not Available],[Not Available],[Not Available],[Not Available],[Not Available],[Not Available],[Not Available],[Not Available],[Not Available],[Not Available],[Not Available],2,No,[Not Available],[Not Available],60,[Not Available],[Not Available],[Not Available],[Not Available],[Not Available],[Not Available],TUMOR FREE,[Not Available],58,[Not Applicable],0,[Not Available],[Not Available],[Not Available],[Not Available],[Not Applicable],[Not Available],[Not Available],[Not Available],[Not Available],C34.3,8140/3,C34.3,YES,[Not Available],[Not Available],[Not Available],[Not Available],[Not Available],64,0:LIVING,56.77,0:DiseaseFree,56.77,matched
TCGA-64-1680-01Z-00-DX1.9CB14F20-E7B0-49A1-A327-404B3160FD65,TCGA-64-1680-01,TCGA-64-1680,2,86.89565036394963,868216.6363547719,0.8682166363547719,43407.34375,0.049995982,824809.2926047719,44979.34375,0.051806591,69.44207452822614,97.43481414411131,99.99766763280591,28.81758360792938,margin-localized,5,50;100;200,1ab7ad70-0f80-41d8-8efa-3baebc8223cc,TCGA-64-1680,11/16/10 0:00,Lung Adenocarcinoma,NO,YES,Male,Lung,WHITE,NOT HISPANIC OR LATINO,[Not Available],No,R-Middle,[Not Available],2007,[Not Available],[Not Available],R0,6th,T2a,N2,M1,Stage IV,[Not Applicable],[Not Applicable],[Not Applicable],[Not Applicable],[Not Available],[Not Available],[Not Available],[Not Available],[Not Available],[Not Available],[Not Available],[Not Available],[Not Available],[Not Available],[Not Available],[Not Available],[Not Available],3,No,1962,1982,50,[Not Available],[Not Available],[Not Available],[Not Available],[Not Available],[Not Available],TUMOR FREE,[Not Available],63,[Not Applicable],0,[Not Available],[Not Available],[Not Available],[Not Available],[Not Applicable],[Not Available],[Not Available],[Not Available],[Not Available],C34.8,8255/3,C34.8,YES,[Not Available],[Not Available],[Not Available],[Not Available],[Not Available],64,0:LIVING,36.99,0:DiseaseFree,36.99,matched
TCGA-64-5774-01Z-00-DX1.5E3B95EB-BF45-4687-BCF7-AA2A41AA806C,TCGA-64-5774-01,TCGA-64-5774,11,44.92014829126835,646099.0556931274,0.6460990556931274,9231.6875,0.014288346993629877,636867.3681931274,15631.370656935145,0.024193458447584318,60.073084508454286,92.75271623783163,100,37.35205190146855,margin-localized,5,50;100;200,fd3fc273-c035-40ea-a459-ff4806f5d592,TCGA-64-5774,5/2/11 0:00,Lung Adenocarcinoma,NO,YES,Male,Lung,WHITE,NOT HISPANIC OR LATINO,[Not Available],No,[Discrepancy],Central Lung,2004,[Not Available],[Not Available],R0,6th,T2,N0,M0,Stage IB,[Not Applicable],[Not Applicable],[Not Applicable],[Not Applicable],YES,72,[Not Available],71,[Not Available],95,[Not Available],[Not Available],[Not Available],[Not Available],[Not Available],[Not Available],[Not Available],4,No,1959,2004,45,[Not Available],[Not Available],[Not Available],[Not Available],[Not Available],[Not Available],TUMOR FREE,[Not Available],60,[Not Available],0,[Not Available],[Not Available],[Not Available],[Not Available],[Not Applicable],[Not Available],[Not Available],[Not Available],[Not Available],C34.0,8140/3,C34.0,YES,[Not Available],[Not Available],[Not Available],[Not Available],[Not Available],64,0:LIVING,87.91,1:Recurred/Progressed,9.1,matched
TCGA-64-5778-01Z-00-DX1.96C39819-8A65-4651-BE83-39959F6FAD05,TCGA-64-5778-01,TCGA-64-5778,3,57.79911549714913,3271308.2575775855,3.2713082575775854,49791.71875,0.015220735812549482,3221516.5388275855,142934.0751754176,0.043693246,84.70939839028985,96.79077124180655,99.85216561846659,22.744848317805946,margin-localized,5,50;100;200,8fdbd88f-19ae-4ab8-bcd7-6bfa1bbde742,TCGA-64-5778,5/2/11 0:00,Lung Adenocarcinoma,NO,YES,Male,Lung,WHITE,NOT HISPANIC OR LATINO,[Not Available],No,R-Upper,Central Lung,2008,[Not Available],[Not Available],R0,6th,T2,N0,M0,Stage IB,[Not Applicable],[Not Applicable],[Not Applicable],[Not Applicable],YES,[Not Available],[Not Available],[Not Available],[Not Available],[Not Available],[Not Available],[Not Available],[Not Available],[Not Available],[Not Available],[Not Available],[Not Available],4,No,1966,2000,68,[Not Available],1,Other,[Not Available],[Not Available],[Not Available],TUMOR FREE,[Not Available],60,[Not Applicable],0,[Not Available],[Not Available],[Not Available],[Not Available],[Not Applicable],[Not Available],[Not Available],[Not Available],[Not Available],C34.1,8252/3,C34.1,YES,[Not Available],[Not Available],[Not Available],[Not Available],[Not Available],64,0:LIVING,42.87,1:Recurred/Progressed,38.37,matched
TCGA-64-5779-01Z-00-DX1.B3268447-DCE0-4927-B5A9-EC4D61E9B17D,TCGA-64-5779-01,TCGA-64-5779,5,173.25072376324331,9406023.579110047,9.406023579110046,17589.46875,0.001870022,9388434.110360045,31199.538659395213,0.003316974,29.891560057855806,84.21119780919044,98.17881637660722,65.875,peritumoral,5,50;100;200,1c58d9b8-17a2-4fc6-9898-fe6f47bd2c2a,TCGA-64-5779,5/2/11 0:00,Lung Adenocarcinoma,NO,YES,Male,Lung,WHITE,NOT HISPANIC OR LATINO,[Not Available],No,L-Lower,Central Lung,2009,[Not Available],[Not Available],R0,6th,T2,N2,M0,Stage IIIA,[Not Applicable],[Not Applicable],[Not Applicable],[Not Applicable],YES,100,[Not Available],94,[Not Available],100,[Not Available],[Not Available],[Not Available],[Not Available],[Not Available],[Not Available],[Not Available],4,No,1969,2009,40,[Not Available],0,Post-Adjuvant Therapy,[Not Available],[Not Available],[Not Available],TUMOR FREE,[Not Available],61,[Not Applicable],0,[Not Available],[Not Available],[Not Available],[Not Available],[Not Applicable],[Not Available],[Not Available],[Not Available],[Not Available],C34.3,8550/3,C34.3,YES,[Not Available],[Not Available],[Not Available],[Not Available],[Not Available],64,0:LIVING,28.38,1:Recurred/Progressed,26.12,matched
TCGA-67-4679-01Z-00-DX1.a3d84341-fed7-4235-a053-638ed5294954,TCGA-67-4679-01,TCGA-67-4679,10,55.458987999251654,20661.703567586253,0.020661703567586252,171.5625,0.008303405,20490.141067586257,1165.96875,0.056431394738871044,88.99290823712622,99.76481247133839,100,21.92672456159378,margin-localized,5,50;100;200,3e635902-5310-4406-8b4d-a238ce382639,TCGA-67-4679,1/21/11 0:00,Lung Adenocarcinoma,YES,NO,Male,Lung,WHITE,NOT HISPANIC OR LATINO,[Not Available],No,R-Lower,Central Lung,2009,[Not Available],[Not Available],R0,[Not Available],T3,N0,M0,[Discrepancy],[Not Applicable],[Not Applicable],[Not Applicable],[Not Applicable],[Not Available],[Not Available],[Not Available],[Not Available],[Not Available],[Not Available],NO,[Not Available],[Not Available],NO,[Not Available],NO,[Not Available],4,No,[Not Available],[Not Available],[Not Available],[Not Available],[Not Available],[Not Available],[Not Available],[Not Available],[Not Available],TUMOR FREE,[Not Available],69,[Not Applicable],0,[Not Available],[Not Available],[Not Available],[Not Available],[Not Applicable],[Not Available],[Not Available],[Not Available],[Not Available],C34.3,8140/3,C34.3,YES,[Not Available],[Not Available],[Not Available],[Not Available],[Not Available],67,0:LIVING,14.72,0:DiseaseFree,14.72,matched
TCGA-69-7760-01Z-00-DX1.7fc295e3-5bfc-4017-801c-491489d0eb34,TCGA-69-7760-01,TCGA-69-7760,1,143.9750478591002,3321454.432048646,3.321454432048646,907939.0748570209,0.2733558726852717,2413515.357191625,112697.44888106945,0.033930151,62.07173180520036,87.89036102923771,94.54143906795512,27.591325629624976,margin-localized,5,50;100;200,8981f0c9-7155-4c96-bf77-7d40fe404323,TCGA-69-7760,1/24/12 0:00,Lung Adenocarcinoma,YES,NO,Male,Lung,WHITE,NOT HISPANIC OR LATINO,[Not Available],No,R-Lower,Peripheral Lung,2011,[Not Available],[Not Available],[Not Available],7th,T3,N0,M0,Stage IIB,[Not Applicable],[Not Applicable],[Not Applicable],[Not Applicable],YES,83,[Not Available],91,[Not Available],125,NO,[Not Available],[Not Available],YES,[Not Available],NO,[Not Available],1,No,[Not Available],[Not Available],[Not Available],[Not Available],[Not Available],[Not Available],[Not Available],[Not Available],[Not Available],[Not Available],[Not Available],73,[Not Applicable],0,[Not Available],[Not Available],[Not Available],[Not Available],[Not Applicable],[Not Available],[Not Available],[Not Available],[Not Available],C34.3,8255/3,C34.3,YES,[Not Available],[Not Available],[Not Available],[Not Available],[Not Available],69,0:LIVING,6.64,0:DiseaseFree,6.64,matched
TCGA-69-7761-01Z-00-DX1.aa7ef5ef-8162-4961-a923-3a29646efba3,TCGA-69-7761-01,TCGA-69-7761,5,247.89232296520444,11692957.023769056,11.692957023769056,186149.45459398834,0.015919792933095527,11506807.56917507,268904.75857977296,0.022997156154183435,46.97694035710324,88.90371467953358,99.85032636,53.090613871474496,peritumoral,5,50;100;200,77828a90-8e2a-4664-b674-d837e6e34fe4,TCGA-69-7761,3/13/12 0:00,Lung Adenocarcinoma,NO,YES,Male,Lung,WHITE,NOT HISPANIC OR LATINO,[Not Available],No,L-Lower,Peripheral Lung,2011,[Not Available],[Not Available],[Not Available],7th,T2a,N0,MX,Stage IB,[Not Applicable],[Not Applicable],[Not Applicable],[Not Applicable],YES,98,[Not Available],91,[Not Available],80,[Not Available],[Not Available],[Not Available],YES,Other,[Not Available],[Not Available],3,No,1955,1975,20,[Not Available],1,Other,[Not Available],[Not Available],[Not Available],TUMOR FREE,[Not Available],84,[Not Applicable],0,[Not Available],[Not Available],[Not Available],[Not Available],[Not Applicable],[Not Available],[Not Available],[Not Available],[Not Available],C34.3,8550/3,C34.3,YES,[Not Available],[Not Available],[Not Available],[Not Available],[Not Available],69,0:LIVING,6.11,0:DiseaseFree,6.11,matched
TCGA-69-7763-01Z-00-DX1.33203e8a-43e9-4e3e-98ba-1ac08b80a44f,TCGA-69-7763-01,TCGA-69-7763,1,45.21446365407521,1029046.2774547207,1.0290462774547207,58321.78125,0.056675567005844626,970724.4962047206,25771.875,0.025044427607031496,53.870205672056706,82.63112058316283,98.62897387630335,45.90428220765466,margin-localized,5,50;100;200,1b31cdb3-1837-49d6-a857-1830f8800299,TCGA-69-7763,1/25/12 0:00,Lung Adenocarcinoma,NO,YES,Male,Lung,WHITE,NOT HISPANIC OR LATINO,[Not Available],No,R-Middle,Peripheral Lung,2010,[Not Available],[Not Available],[Not Available],7th,T1b,N0,M0,Stage IA,[Not Applicable],[Not Applicable],[Not Applicable],[Not Applicable],YES,89,[Not Available],93,[Not Available],72,NO,[Not Available],[Not Available],NO,[Not Available],NO,[Not Available],4,No,1959,2004,7.5,[Not Available],1,Other,[Not Available],[Not Available],[Not Available],[Not Available],[Not Available],69,[Not Applicable],0,[Not Available],[Not Available],[Not Available],[Not Available],[Not Applicable],[Not Available],[Not Available],[Not Available],[Not Available],C34.2,8550/3,C34.2,YES,[Not Available],[Not Available],[Not Available],[Not Available],[Not Available],69,0:LIVING,22.67,0:DiseaseFree,22.67,matched
TCGA-69-7764-01Z-00-DX1.be9fec48-68eb-4c27-a028-5315d7e368e0,TCGA-69-7764-01,TCGA-69-7764,7,203.5044520360722,8259119.817,8.259119817,1215134.47,0.14712638843259282,7043985.346550088,159547.1374098187,0.019317693,51.22674681,87.91293464,96.32037722497869,44.08691699359346,margin-localized,5,50;100;200,243c6fd6-5516-46e5-bcef-292d93d7b7d3,TCGA-69-7764,1/26/12 0:00,Lung Adenocarcinoma,NO,YES,Male,Lung,WHITE,NOT HISPANIC OR LATINO,[Not Available],No,R-Upper,Peripheral Lung,2010,[Not Available],[Not Available],[Not Available],7th,T1b,N0,M0,Stage IA,[Not Applicable],[Not Applicable],[Not Applicable],[Not Applicable],YES,106,[Not Available],94,[Not Available],[Not Available],NO,[Not Available],[Not Available],YES,[Not Available],NO,[Not Available],3,No,1977,1991,30,[Not Available],0,Other,[Not Available],[Not Available],[Not Available],[Not Available],[Not Available],75,[Not Applicable],0,[Not Available],[Not Available],[Not Available],[Not Available],[Not Applicable],[Not Available],[Not Available],[Not Available],[Not Available],C34.1,8255/3,C34.1,YES,[Not Available],[Not Available],[Not Available],[Not Available],[Not Available],69,0:LIVING,13.6,0:DiseaseFree,13.6,matched
TCGA-69-7765-01Z-00-DX1.ac389366-febb-488c-9190-fe00bc07cd20,TCGA-69-7765-01,TCGA-69-7765,6,98.7302294,6019252.602130209,6.0192526021302095,1318413.5413457162,0.219032765,4700839.060784493,507165.3828507107,0.084257202,65.46498812126944,87.54940834,94.84356382914456,27.117582511167917,margin-localized,5,50;100;200,bcf2e591-9dae-440f-bd03-5f27c57db741,TCGA-69-7765,1/27/12 0:00,Lung Adenocarcinoma,YES,NO,Male,Lung,BLACK OR AFRICAN AMERICAN,NOT HISPANIC OR LATINO,[Not Available],No,R-Upper,Peripheral Lung,2011,[Not Available],[Not Available],[Not Available],7th,T4,N0,MX,[Discrepancy],[Not Applicable],[Not Applicable],[Not Applicable],[Not Applicable],YES,84,[Not Available],86,[Not Available],45,NO,[Not Available],[Not Available],NO,Other,NO,[Not Available],4,No,1981,2011,[Not Available],[Not Available],[Not Available],[Not Available],[Not Available],[Not Available],[Not Available],[Not Available],[Not Available],56,[Not Applicable],0,[Not Available],[Not Available],[Not Available],[Not Available],[Not Applicable],[Not Available],[Not Available],[Not Available],[Not Available],C34.1,8255/3,C34.1,YES,[Not Available],[Not Available],[Not Available],[Not Available],[Not Available],69,0:LIVING,5.42,0:DiseaseFree,5.42,matched
TCGA-69-8254-01Z-00-DX1.83a81d08-8c70-4f07-b4da-cbd17c4fe4d4,TCGA-69-8254-01,TCGA-69-8254,15,138.03576710353468,12640824.370357055,12.640824370357056,981823.3037,0.077670829,11659001.066655274,586812.2315856941,0.046421991,66.10602226048003,91.63929981315057,99.52718491705208,37.026436923501024,margin-localized,5,50;100;200,f0c94f68-bfd9-45cb-b4fd-8bb1ae4e9a2b,TCGA-69-8254,6/4/12 0:00,Lung Adenocarcinoma,YES,NO,Male,Lung,WHITE,NOT HISPANIC OR LATINO,[Not Available],No,R-Lower,[Not Available],2012,[Not Available],[Not Available],[Not Available],7th,T2b,[Not Available],[Not Available],[Not Available],[Not Applicable],[Not Applicable],[Not Applicable],[Not Applicable],YES,62,[Not Available],[Not Available],[Not Available],[Not Available],NO,[Not Available],[Not Available],YES,Other,NO,[Not Available],3,No,[Not Available],1989,40,80,[Not Available],Other,NO,[Not Available],Complete Remission/Response,TUMOR FREE,NO,85,[Not Applicable],0,[Not Available],[Not Available],[Not Available],[Not Available],[Not Applicable],[Not Available],[Not Available],[Not Available],[Not Available],C34.3,8255/3,C34.3,YES,[Not Available],[Not Available],[Not Available],[Not Available],NO,69,0:LIVING,13.44,0:DiseaseFree,13.44,matched
TCGA-69-8255-01Z-00-DX1.75d1666c-c088-405c-80da-52d84b990361,TCGA-69-8255-01,TCGA-69-8255,8,50.35945078804977,6238737.001,6.238737001,583873.6508,0.093588438,5654863.350702448,449976.3745966362,0.072126197,74.28962086208436,95.37548499360561,99.89541448331946,40.282837924480944,margin-localized,5,50;100;200,552712d3-da16-441e-ba93-11810793d598,TCGA-69-8255,6/4/12 0:00,Lung Adenocarcinoma,YES,NO,Male,Lung,WHITE,HISPANIC OR LATINO,[Not Available],No,R-Upper,[Not Available],2011,[Not Available],[Not Available],[Not Available],7th,T1a,N0,M0,Stage IA,[Not Applicable],[Not Applicable],[Not Applicable],[Not Applicable],YES,57,60,[Not Available],[Not Available],60,NO,[Not Available],[Not Available],YES,Other,NO,[Not Available],2,No,1971,[Not Available],40,[Not Available],[Not Available],[Not Available],NO,[Not Available],[Not Available],[Not Available],NO,71,[Not Applicable],0,[Not Available],[Not Available],[Not Available],[Not Available],[Not Applicable],[Not Available],[Not Available],[Not Available],[Not Available],C34.1,8230/3,C34.1,YES,[Not Available],[Not Available],[Not Available],[Not Available],NO,69,0:LIVING,4.24,0:DiseaseFree,4.24,matched
TCGA-69-8453-01Z-00-DX1.C472096B-95BA-42CD-ADEB-326C38F9DC95,TCGA-69-8453-01,TCGA-69-8453,7,121.90194099875441,7642705.454,7.642705454,401288.7206702253,0.052506108,7241416.733807856,559287.6320765013,0.073179273,68.45904839448932,92.03938192938395,99.71407475802559,31.08079189789089,margin-localized,5,50;100;200,9f4f2ff3-3c02-4281-a398-b0d0955e58eb,TCGA-69-8453,12/21/12 0:00,Lung Adenocarcinoma,YES,NO,Male,Lung,WHITE,NOT HISPANIC OR LATINO,[Not Available],No,R-Lower,Peripheral Lung,2012,[Not Available],[Not Available],[Not Available],7th,T3,N0,MX,Stage IIB,[Not Applicable],[Not Applicable],[Not Applicable],[Not Applicable],YES,85,85,86,87,52,[Not Available],[Not Available],[Not Available],[Not Available],[Not Available],[Not Available],[Not Available],3,No,[Not Available],1974,12,[Not Available],1,Preoperative,NO,[Not Available],[Not Available],WITH TUMOR,NO,77,[Not Applicable],0,[Not Available],[Not Available],[Not Available],[Not Available],[Not Applicable],[Not Available],[Not Available],[Not Available],[Not Available],C34.30,8480/3,C34.3,YES,[Not Available],[Not Available],[Not Available],[Not Available],YES,69,0:LIVING,26.71,1:Recurred/Progressed,11.3,matched
TCGA-73-4659-01Z-00-DX1.578400cd-d284-451b-8fdf-9f82c1458276,TCGA-73-4659-01,TCGA-73-4659,8,172.15400618377987,4853085.725799847,4.853085725799847,45185.21875,0.009310616,4807900.507049847,30714.539065272715,0.006328868,50.139932275083055,87.45394069431407,99.23265956395677,49.62751882776329,margin-localized,5,50;100;200,cd0dc947-b708-464e-beb7-954c9d4583e7,TCGA-73-4659,1/3/11 0:00,Lung Adenocarcinoma,NO,YES,Male,Lung,WHITE,NOT HISPANIC OR LATINO,[Not Available],No,R-Upper,Central Lung,2006,[Not Available],[Not Available],R0,6th,T2,N2,M0,Stage IIIA,[Not Applicable],[Not Applicable],[Not Applicable],[Not Applicable],[Not Available],[Not Available],[Not Available],[Not Available],[Not Available],[Not Available],NO,[Not Available],[Not Available],NO,[Not Available],NO,[Not Available],3,No,1974,1986,12,90,0,Other,[Not Available],[Not Available],[Not Available],WITH TUMOR,[Not Available],66,[Not Applicable],0,[Not Available],[Not Available],[Not Available],[Not Available],[Not Applicable],[Not Available],[Not Available],[Not Available],[Not Available],C34.1,8140/3,C34.9,YES,[Not Available],[Not Available],[Not Available],[Not Available],[Not Available],73,1:DECEASED,23.36,1:Recurred/Progressed,10.38,matched
TCGA-73-4677-01Z-00-DX1.b557785c-9ccc-42a7-bb54-7bb47638ddfc,TCGA-73-4677-01,TCGA-73-4677,11,94.16018075215801,9519716.259837963,9.519716259837963,340153.3919174492,0.035731463274015586,9179562.867920514,54109.751993823505,0.005683967,36.20547721392337,82.26550796256323,97.49158546286687,62.19993594249113,peritumoral,5,50;100;200,03c3409a-9d16-41d0-9e26-f9fc2547a4c8,TCGA-73-4677,1/7/11 0:00,Lung Adenocarcinoma,NO,YES,Male,Lung,WHITE,NOT HISPANIC OR LATINO,[Not Available],No,R-Upper,Peripheral Lung,2010,[Not Available],[Not Available],R0,[Not Available],T2a,N0,M0,[Discrepancy],[Not Applicable],[Not Applicable],[Not Applicable],[Not Applicable],[Not Available],[Not Available],[Not Available],[Not Available],[Not Available],[Not Available],NO,[Not Available],[Not Available],NO,[Not Available],NO,[Not Available],3,No,[Not Available],1985,[Not Available],[Not Available],[Not Available],Other,[Not Available],[Not Available],[Not Available],WITH TUMOR,[Not Available],74,[Not Applicable],0,[Not Available],[Not Available],[Not Available],[Not Available],[Not Applicable],[Not Available],[Not Available],[Not Available],[Not Available],C34.1,8140/3,C34.1,YES,[Not Available],[Not Available],[Not Available],[Not Available],[Not Available],73,1:DECEASED,1.25,[Not Available],[Not Available],matched
TCGA-73-A9RS-01Z-00-DX1.EDCEFE41-61E2-48C9-B8D5-28B55372E0CA,TCGA-73-A9RS-01,TCGA-73-A9RS,8,237.44716253980633,2273999.779021083,2.273999779021083,107717.91057595322,0.047369358,2166281.8684451296,170766.55091422366,0.075095236,77.63906032,96.75468433,99.52867752267942,26.034232272145072,margin-localized,5,50;100;200,2A394996-809F-459F-A647-D209921CCBD2,TCGA-73-A9RS,6/17/14 0:00,Lung Adenocarcinoma,NO,YES,Male,Lung,BLACK OR AFRICAN AMERICAN,NOT HISPANIC OR LATINO,[Not Available],No,R-Upper,Peripheral Lung,2013,[Not Available],[Not Available],R0,7th,T3,N0,M0,Stage IIB,[Not Applicable],[Not Applicable],[Not Applicable],[Not Applicable],YES,59.6,60.2,81.5,81.9,[Not Available],YES,NO,[Not Available],YES,[Not Available],YES,FISH,2,No,1990,[Not Available],11,80,1,Preoperative,YES,[Not Available],Progressive Disease,WITH TUMOR,YES,41,[Not Applicable],0,[Not Available],[Not Available],[Not Available],[Not Available],[Not Applicable],[Not Available],[Not Available],[Not Available],[Not Available],C34.1,8480/3,C34.1,YES,[Not Available],[Not Available],[Not Available],[Not Available],NO,73,1:DECEASED,11.17,1:Recurred/Progressed,3.52,matched
TCGA-75-5125-01Z-00-DX1.2E419CAF-E248-4959-951E-498D8054433E,TCGA-75-5125-01,TCGA-75-5125,1,27.684360981397553,755488.6233,0.755488623,77626.8125,0.10275047181577991,677861.8108,85045.65587884786,0.11257039914442028,79.59621104680167,96.05008438,98.52274827,17.411382771049517,margin-localized,5,50;100;200,205759a6-6391-491b-9857-0080c3a5871e,TCGA-75-5125,3/31/11 0:00,Lung Adenocarcinoma,NO,YES,Male,Lung,[Not Available],[Not Available],[Not Available],No,R-Upper,Peripheral Lung,[Not Available],[Not Available],[Not Available],R0,6th,T2,N1,M0,Stage IIB,[Not Applicable],[Not Applicable],[Not Applicable],[Not Applicable],[Not Available],[Not Available],[Not Available],[Not Available],[Not Available],[Not Available],NO,[Not Available],[Not Available],NO,[Not Available],NO,[Not Available],3,No,[Not Available],1987,25,[Not Available],[Not Available],Other,[Not Available],[Not Available],[Not Available],TUMOR FREE,[Not Available],,[Not Applicable],[Not Available],[Not Available],[Not Available],[Not Available],[Not Available],[Not Applicable],[Not Available],[Not Available],[Not Available],[Not Available],C34.1,8140/3,C34.1,YES,[Not Available],[Not Available],[Not Available],[Not Available],[Not Available],75,1:DECEASED,66.59,1:Recurred/Progressed,57.56,matched
TCGA-75-5146-01Z-00-DX1.4958A631-7E6F-4FBB-A1C3-B8F8368D46C5,TCGA-75-5146-01,TCGA-75-5146,1,12.109402392556662,638306.4337,0.638306434,167521.8125,0.2624473194396458,470784.62117849104,62325.34375,0.097641729,91.10363619981894,98.54898258715262,99.83165413298322,16.904603662907924,margin-localized,5,50;100;200,1d276b62-5e64-48fb-b2ce-5192b511fe37,TCGA-75-5146,4/6/11 0:00,Lung Adenocarcinoma,NO,YES,Male,Lung,[Not Available],[Not Available],[Not Available],No,R-Lower,Peripheral Lung,[Not Available],[Not Available],[Not Available],R0,6th,T2,N0,M0,Stage IB,[Not Applicable],[Not Applicable],[Not Applicable],[Not Applicable],[Not Available],[Not Available],[Not Available],[Not Available],[Not Available],[Not Available],NO,[Not Available],[Not Available],NO,[Not Available],NO,[Not Available],3,No,[Not Available],1987,[Not Available],[Not Available],[Not Available],Other,[Not Available],[Not Available],[Not Available],TUMOR FREE,[Not Available],,[Not Applicable],[Not Available],[Not Available],[Not Available],[Not Available],[Not Available],[Not Applicable],[Not Available],[Not Available],[Not Available],[Not Available],C34.3,8252/3,C34.3,YES,[Not Available],[Not Available],[Not Available],[Not Available],[Not Available],75,0:LIVING,77.79,1:Recurred/Progressed,58.25,matched
TCGA-75-6206-01Z-00-DX1.63230D94-7015-4247-936D-E7ACD6692AB3,TCGA-75-6206-01,TCGA-75-6206,1,9.765114752,246675.83161179605,0.24667583161179604,167556.875,0.6792593903714539,79118.95661179603,11780.152626637482,0.047755601,42.73322995326438,60.13034116176586,76.63952083449898,12.291543078474728,immune-penetrated,5,50;100;200,c4c1469d-752f-42b6-8686-714ad4a8ac97,TCGA-75-6206,7/21/11 0:00,Lung Adenocarcinoma,NO,YES,Male,Lung,[Not Available],[Not Available],[Not Available],No,R-Upper,Peripheral Lung,[Not Available],[Not Available],[Not Available],R0,6th,T2,N0,M0,Stage IB,[Not Applicable],[Not Applicable],[Not Applicable],[Not Applicable],[Not Available],[Not Available],[Not Available],[Not Available],[Not Available],[Not Available],[Not Available],[Not Available],[Not Available],[Not Available],[Not Available],[Not Available],[Not Available],3,No,[Not Available],1962,20,[Not Available],[Not Available],[Not Available],[Not Available],[Not Available],[Not Available],TUMOR FREE,[Not Available],,[Not Applicable],[Not Available],[Not Available],[Not Available],[Not Available],[Not Available],[Not Applicable],[Not Available],[Not Available],[Not Available],[Not Available],C34.1,8140/3,C34.1,YES,[Not Available],[Not Available],[Not Available],[Not Available],[Not Available],75,0:LIVING,85.09,0:DiseaseFree,85.09,matched
TCGA-75-7025-01Z-00-DX1.284477D7-4F47-4084-A15C-0A7E9571E3DF,TCGA-75-7025-01,TCGA-75-7025,2,5.457463284054655,899666.2577927781,0.8996662577927781,41390.480221142665,0.046006482806956864,858275.7775716353,327093.7622965662,0.36357233525579924,93.14431901383816,99.77713982446004,100,8.588691693150942,margin-localized,5,50;100;200,681b1176-9676-44d3-892c-1d5dba1ce25b,TCGA-75-7025,8/11/11 0:00,Lung Adenocarcinoma,NO,YES,Male,Lung,[Not Available],[Not Available],[Not Available],No,L-Lower,Peripheral Lung,[Not Available],[Not Available],[Not Available],R0,6th,T2,N0,M0,Stage IB,[Not Applicable],[Not Applicable],[Not Applicable],[Not Applicable],[Not Available],[Not Available],[Not Available],[Not Available],[Not Available],[Not Available],[Not Available],[Not Available],[Not Available],[Not Available],[Not Available],[Not Available],[Not Available],3,No,1967,1986,[Not Available],[Not Available],0,Preoperative,[Not Available],[Not Available],[Not Available],TUMOR FREE,[Not Available],,[Not Applicable],[Not Available],[Not Available],[Not Available],[Not Available],[Not Available],[Not Applicable],[Not Available],[Not Available],[Not Available],[Not Available],C34.1,8140/3,C34.1,YES,[Not Available],[Not Available],[Not Available],[Not Available],[Not Available],75,0:LIVING,108.57,1:Recurred/Progressed,48.65,matched
TCGA-75-7027-01Z-00-DX1.AC91B34F-DF67-4F95-B145-079A71A54E83,TCGA-75-7027-01,TCGA-75-7027,1,19.002049229180823,1137291.548365085,1.137291548365085,32782.0625,0.028824677847229148,1104509.485865085,17858.952222498672,0.015703055428638184,85.90793547303159,99.36286010917875,100,32.08777025597136,margin-localized,5,50;100;200,488646a1-0bdb-45f8-8c30-bef006924511,TCGA-75-7027,8/12/11 0:00,Lung Adenocarcinoma,NO,YES,Male,Lung,[Not Available],[Not Available],[Not Available],No,L-Lower,Peripheral Lung,[Not Available],[Not Available],[Not Available],R0,6th,T2,N0,M0,Stage IB,[Not Applicable],[Not Applicable],[Not Applicable],[Not Applicable],[Not Available],[Not Available],[Not Available],[Not Available],[Not Available],[Not Available],[Not Available],[Not Available],[Not Available],[Not Available],[Not Available],[Not Available],[Not Available],2,No,1956,[Not Available],50,[Not Available],0,Preoperative,[Not Available],[Not Available],[Not Available],TUMOR FREE,[Not Available],,[Not Applicable],[Not Available],[Not Available],[Not Available],[Not Available],[Not Available],[Not Applicable],[Not Available],[Not Available],[Not Available],[Not Available],C34.3,8140/3,C34.3,YES,[Not Available],[Not Available],[Not Available],[Not Available],[Not Available],75,0:LIVING,100.49,1:Recurred/Progressed,96.88,matched
TCGA-78-7149-01Z-00-DX1.1b83dbcb-0c9f-4e50-bb98-bf9a157052cf,TCGA-78-7149-01,TCGA-78-7149,1,390.10787499038156,4224915.076863384,4.224915076863384,2580772.332598357,0.6108459662849238,1644142.7442650264,54337.72773205963,0.012861259159888361,27.422609733060966,52.57928902670265,70.82387406,41.88861718892139,immune-penetrated,5,50;100;200,2de1ba51-eae1-4a54-b7cd-d6d739fdc39d,TCGA-78-7149,10/3/11 0:00,Lung Adenocarcinoma,NO,YES,Male,Lung,WHITE,[Not Available],[Not Available],No,R-Lower,Central Lung,2002,[Not Available],[Not Available],R0,6th,T4,N0,M0,Stage IIIB,[Not Applicable],[Not Applicable],[Not Applicable],[Not Applicable],NO,[Not Available],[Not Available],[Not Available],[Not Available],[Not Available],NO,[Not Available],[Not Available],NO,[Not Available],NO,[Not Available],2,No,1950,[Not Available],115,[Not Available],1,Preoperative,[Not Available],[Not Available],[Not Available],[Not Available],[Not Available],71,[Not Applicable],0,[Not Available],[Not Available],[Not Available],[Not Available],[Not Applicable],[Not Available],[Not Available],[Not Available],[Not Available],C34.3,8255/3,C34.3,YES,[Not Available],[Not Available],[Not Available],[Not Available],[Not Available],78,0:LIVING,129.43,0:DiseaseFree,129.43,matched
TCGA-78-7150-01Z-00-DX1.46e6e65c-521c-49de-b106-419dc840b235,TCGA-78-7150-01,TCGA-78-7150,21,259.2978131395503,6669613.967845323,6.669613967845322,154593.75,0.023178815257570727,6515020.217845323,65902.84840063787,0.009881059,45.42455702515257,87.04901028204576,99.41745816,52.625,peritumoral,5,50;100;200,a0e57b39-960e-4e46-8aa0-d0ee2fd9a7cc,TCGA-78-7150,9/28/11 0:00,Lung Adenocarcinoma,NO,YES,Male,Lung,WHITE,[Not Available],[Not Available],No,L-Lower,Central Lung,2002,[Not Available],[Not Available],R0,6th,T2,N1,M0,Stage IIB,[Not Applicable],[Not Applicable],[Not Applicable],[Not Applicable],[Not Available],[Not Available],[Not Available],[Not Available],[Not Available],[Not Available],NO,[Not Available],[Not Available],NO,[Not Available],NO,[Not Available],4,No,1963,2000,37,[Not Available],0,Preoperative,[Not Available],[Not Available],[Not Available],WITH TUMOR,[Not Available],59,[Not Applicable],0,[Not Available],[Not Available],[Not Available],[Not Available],[Not Applicable],[Not Available],[Not Available],[Not Available],[Not Available],C34.3,8140/3,C34.3,YES,[Not Available],[Not Available],[Not Available],[Not Available],[Not Available],78,1:DECEASED,21.88,1:Recurred/Progressed,4.57,matched
TCGA-78-7152-01Z-00-DX1.a04f9d84-3304-402c-9c0c-f64545c14781,TCGA-78-7152-01,TCGA-78-7152,7,111.31795610702832,6445577.884152809,6.445577884152809,484490.7869294266,0.075166385,5961087.097223382,72053.64179,0.011178771412477449,48.238725946856015,90.00240171816056,99.24848647232356,53.866298601259025,peritumoral,5,50;100;200,b56dad1e-2fd5-47d8-9cc7-a54be9a1bae2,TCGA-78-7152,9/29/11 0:00,Lung Adenocarcinoma,NO,YES,Male,Lung,WHITE,[Not Available],[Not Available],No,R-Upper,Peripheral Lung,2003,[Not Available],[Not Available],R0,6th,T2,N0,M0,Stage IB,[Not Applicable],[Not Applicable],[Not Applicable],[Not Applicable],NO,[Not Available],[Not Available],[Not Available],[Not Available],[Not Available],NO,[Not Available],[Not Available],NO,[Not Available],NO,[Not Available],4,No,1959,1999,40,[Not Available],1,Preoperative,[Not Available],[Not Available],[Not Available],WITH TUMOR,[Not Available],65,[Not Applicable],0,[Not Available],[Not Available],[Not Available],[Not Available],[Not Applicable],[Not Available],[Not Available],[Not Available],[Not Available],C34.1,8255/3,C34.1,YES,[Not Available],[Not Available],[Not Available],[Not Available],[Not Available],78,1:DECEASED,39.91,1:Recurred/Progressed,39.49,matched
TCGA-78-7154-01Z-00-DX1.596c20c2-e811-4b5e-961c-98343afcccde,TCGA-78-7154-01,TCGA-78-7154,5,335.3443208431504,4059241.1731390124,4.059241173139013,2447423.124259637,0.6029262662329187,1611818.0488793757,65433.66078693356,0.016119678037344525,33.90761585036625,55.64413016920374,65.9401766,31.056651863972718,immune-penetrated,5,50;100;200,d288b69f-1e79-4429-8646-9994b7c54f8f,TCGA-78-7154,9/27/11 0:00,Lung Adenocarcinoma,NO,YES,Male,Lung,WHITE,[Not Available],[Not Available],No,L-Upper,Peripheral Lung,2003,[Not Available],[Not Available],R0,6th,T3,N2,M0,Stage IIIA,[Not Applicable],[Not Applicable],[Not Applicable],[Not Applicable],[Not Available],[Not Available],[Not Available],[Not Available],[Not Available],[Not Available],NO,[Not Available],[Not Available],NO,[Not Available],NO,[Not Available],4,No,1948,1993,112.5,[Not Available],1,Preoperative,[Not Available],[Not Available],[Not Available],[Not Available],[Not Available],72,[Not Applicable],0,[Not Available],[Not Available],[Not Available],[Not Available],[Not Applicable],[Not Available],[Not Available],[Not Available],[Not Available],C34.1,8140/3,C34.1,YES,[Not Available],[Not Available],[Not Available],[Not Available],[Not Available],78,1:DECEASED,19.48,[Not Available],[Not Available],matched
TCGA-78-7156-01Z-00-DX1.9f7c8eb9-73de-49be-a487-e1fd4411b7b5,TCGA-78-7156-01,TCGA-78-7156,1,217.91391587733096,683150.8762023808,0.6831508762023808,340180.9063,0.4979586766265418,342969.9699523808,19995.71875,0.029269842792496614,50.78571255897153,60.87914999014491,72.51410610145015,23.068512088992648,immune-penetrated,5,50;100;200,7b0622ab-63ea-483f-ae40-d3ea587bdbba,TCGA-78-7156,9/29/11 0:00,Lung Adenocarcinoma,NO,YES,Male,Lung,WHITE,[Not Available],[Not Available],No,[Not Available],Peripheral Lung,2006,[Not Available],[Not Available],R0,6th,T4,N1,M1,Stage IV,[Not Applicable],[Not Applicable],[Not Applicable],[Not Applicable],[Not Available],[Not Available],[Not Available],[Not Available],[Not Available],[Not Available],NO,[Not Available],[Not Available],NO,[Not Available],NO,[Not Available],3,No,1961,1989,84,[Not Available],1,Preoperative,[Not Available],[Not Available],[Not Available],[Not Available],[Not Available],62,[Not Applicable],0,[Not Available],[Not Available],[Not Available],[Not Available],[Not Applicable],[Not Available],[Not Available],[Not Available],[Not Available],C34.9,8255/3,C34.9,YES,[Not Available],[Not Available],[Not Available],[Not Available],[Not Available],78,1:DECEASED,32.06,[Not Available],[Not Available],matched
TCGA-78-7160-01Z-00-DX1.f40f6c04-74b1-4cef-aabc-cbafadbdf39f,TCGA-78-7160-01,TCGA-78-7160,6,187.6832789698813,6723900.671682381,6.723900671682381,163637.6922533551,0.024336720639332628,6560262.979429026,432718.4375645234,0.064355269,77.76346086781587,95.47945505333895,99.87778521,25.75,margin-localized,5,50;100;200,c1a01e8c-1f7e-4e24-bfad-90b73f88e992,TCGA-78-7160,9/29/11 0:00,Lung Adenocarcinoma,NO,YES,Male,Lung,WHITE,[Not Available],[Not Available],No,R-Lower,Central Lung,2008,[Not Available],[Not Available],R0,6th,T4,N2,M1,Stage IV,[Not Applicable],[Not Applicable],[Not Applicable],[Not Applicable],NO,[Not Available],[Not Available],[Not Available],[Not Available],[Not Available],NO,[Not Available],[Not Available],NO,[Not Available],NO,[Not Available],4,No,1963,1998,43.8,[Not Available],1,Preoperative,[Not Available],[Not Available],[Not Available],[Not Available],[Not Available],61,[Not Applicable],0,[Not Available],[Not Available],[Not Available],[Not Available],[Not Applicable],[Not Available],[Not Available],[Not Available],[Not Available],C34.3,8255/3,C34.3,YES,[Not Available],[Not Available],[Not Available],[Not Available],[Not Available],78,1:DECEASED,22.9,[Not Available],[Not Available],matched
TCGA-78-7163-01Z-00-DX1.42880bdf-271d-41dd-aada-e7ec1156ff31,TCGA-78-7163-01,TCGA-78-7163,43,121.3879208095812,4101272.5325096617,4.101272532509662,257775.0625,0.062852459,3843497.4700096617,102879.80983358546,0.025084850864721973,65.86393969134953,97.42485726143511,99.94272595155856,41.16833772755466,margin-localized,5,50;100;200,5abd6651-69be-42f8-bdc0-308e68136d31,TCGA-78-7163,9/26/11 0:00,Lung Adenocarcinoma,NO,YES,Male,Lung,WHITE,[Not Available],[Not Available],No,R-Lower,Peripheral Lung,1992,[Not Available],[Not Available],R0,6th,T2,N0,M0,Stage IB,[Not Applicable],[Not Applicable],[Not Applicable],[Not Applicable],NO,[Not Available],[Not Available],[Not Available],[Not Available],[Not Available],NO,[Not Available],[Not Available],NO,[Not Available],NO,[Not Available],4,No,1950,1991,41,[Not Available],1,Preoperative,[Not Available],[Not Available],[Not Available],TUMOR FREE,[Not Available],60,[Not Applicable],0,[Not Available],[Not Available],[Not Available],[Not Available],[Not Applicable],[Not Available],[Not Available],[Not Available],[Not Available],C34.3,8140/3,C34.3,YES,[Not Available],[Not Available],[Not Available],[Not Available],[Not Available],78,0:LIVING,238.11,0:DiseaseFree,238.11,matched
TCGA-78-7166-01Z-00-DX1.d19ad2d9-b006-4a13-ba54-2fec234c2373,TCGA-78-7166-01,TCGA-78-7166,20,264.28322444445513,3724348.2099516834,3.7243482099516836,349443.2945440118,0.093826698,3374904.9154076716,100565.91744062553,0.027002286513357513,37.09388353891566,79.97671465967453,99.37265682,64.93325900491982,peritumoral,5,50;100;200,b40d0849-f4ef-4a14-9732-9beb708cb46b,TCGA-78-7166,9/28/11 0:00,Lung Adenocarcinoma,NO,YES,Male,Lung,WHITE,[Not Available],[Not Available],Yes,L-Lower,Central Lung,2002,[Not Available],[Not Available],R0,6th,T2,N1,M0,Stage IIB,[Not Applicable],[Not Applicable],[Not Applicable],[Not Applicable],[Not Available],[Not Available],[Not Available],[Not Available],[Not Available],[Not Available],NO,[Not Available],[Not Available],NO,[Not Available],NO,[Not Available],3,No,1934,1972,38,[Not Available],2,Preoperative,[Not Available],[Not Available],[Not Available],[Not Available],[Not Available],84,[Not Applicable],0,[Not Available],[Not Available],[Not Available],[Not Available],[Not Applicable],[Not Available],[Not Available],[Not Available],[Not Available],C34.3,8140/3,C34.3,YES,[Not Available],[Not Available],[Not Available],[Not Available],[Not Available],78,1:DECEASED,8.48,[Not Available],[Not Available],matched
TCGA-78-7167-01Z-00-DX1.f79e1a9b-a3eb-4c91-a1fd-7bb58b1620b1,TCGA-78-7167-01,TCGA-78-7167,7,259.13884511247346,655626.2165,0.655626217,103139.39334586696,0.15731432139854284,552486.8231927521,11787.90237205425,0.017979608006355393,29.873143006150084,57.23058451358347,90.81146614829929,71.23359040451832,peritumoral,5,50;100;200,fe3eeeb6-0db4-46d7-a020-55604d474c12,TCGA-78-7167,10/4/11 0:00,Lung Adenocarcinoma,NO,YES,Male,Lung,WHITE,[Not Available],[Not Available],No,[Not Available],Peripheral Lung,2002,[Not Available],[Not Available],R0,6th,T2,N0,M1,Stage IV,[Not Applicable],[Not Applicable],[Not Applicable],[Not Applicable],[Not Available],[Not Available],[Not Available],[Not Available],[Not Available],[Not Available],NO,[Not Available],[Not Available],NO,[Not Available],NO,[Not Available],2,No,1937,[Not Available],64,[Not Available],1,Preoperative,[Not Available],[Not Available],[Not Available],WITH TUMOR,[Not Available],77,[Not Applicable],0,[Not Available],[Not Available],[Not Available],[Not Available],[Not Applicable],[Not Available],[Not Available],[Not Available],[Not Available],C34.9,8260/3,C34.9,YES,[Not Available],[Not Available],[Not Available],[Not Available],[Not Available],78,1:DECEASED,88.07,1:Recurred/Progressed,23.85,matched
TCGA-78-7535-01Z-00-DX1.c4ca06f3-22d1-4e39-85c8-98d1fa2b0e60,TCGA-78-7535-01,TCGA-78-7535,3,359.14894737243554,20859465.02183625,20.85946502183625,8232543.224390273,0.39466703560097177,12626921.79744598,1039164.7924389418,0.049817423,49.021999150797576,67.15147825366431,77.24514643251285,24.76546234173713,immune-penetrated,5,50;100;200,46592b7b-6968-42a6-83af-0917c9f4a9a5,TCGA-78-7535,1/19/12 0:00,Lung Adenocarcinoma,NO,YES,Male,Lung,WHITE,[Not Available],[Not Available],No,L-Upper,[Not Available],2000,[Not Available],[Not Available],R0,6th,T2,N0,M0,Stage IB,[Not Applicable],[Not Applicable],[Not Applicable],[Not Applicable],[Not Available],[Not Available],[Not Available],[Not Available],[Not Available],[Not Available],NO,[Not Available],[Not Available],NO,[Not Available],NO,[Not Available],2,No,1972,[Not Available],35,[Not Available],0,Preoperative,[Not Available],[Not Available],[Not Available],WITH TUMOR,[Not Available],45,[Not Applicable],0,[Not Available],[Not Available],[Not Available],[Not Available],[Not Applicable],[Not Available],[Not Available],[Not Available],[Not Available],C34.1,8140/3,C34.1,YES,[Not Available],[Not Available],[Not Available],[Not Available],[Not Available],78,1:DECEASED,31.18,1:Recurred/Progressed,26.58,matched
TCGA-78-7536-01Z-00-DX1.6b066140-8b82-40a5-bd48-430eeb4463fe,TCGA-78-7536-01,TCGA-78-7536,1,410.4344684663591,10944737.147813141,10.944737147813141,2122098.8741569286,0.19389217351656027,8822638.273656214,198813.9278,0.018165254,53.73378880185553,87.98541242378471,98.26321494411297,39.72129466671498,margin-localized,5,50;100;200,daf0e08e-1738-43f8-874a-b37d79cbe3a7,TCGA-78-7536,1/19/12 0:00,Lung Adenocarcinoma,NO,YES,Male,Lung,WHITE,[Not Available],[Not Available],No,R-Upper,[Not Available],2001,[Not Available],[Not Available],R0,6th,T2,N2,M0,Stage IIIA,[Not Applicable],[Not Applicable],[Not Applicable],[Not Applicable],[Not Available],[Not Available],[Not Available],[Not Available],[Not Available],[Not Available],NO,[Not Available],[Not Available],NO,[Not Available],NO,[Not Available],4,No,1949,1993,44,[Not Available],0,Preoperative,[Not Available],[Not Available],[Not Available],WITH TUMOR,[Not Available],69,[Not Applicable],0,[Not Available],[Not Available],[Not Available],[Not Available],[Not Applicable],[Not Available],[Not Available],[Not Available],[Not Available],C34.1,8140/3,C34.1,YES,[Not Available],[Not Available],[Not Available],[Not Available],[Not Available],78,1:DECEASED,8.02,1:Recurred/Progressed,7.59,matched
TCGA-78-7537-01Z-00-DX1.e5597e41-ebba-4d6f-8a1f-15cd81d8f026,TCGA-78-7537-01,TCGA-78-7537,7,306.65898254480686,8081267.065,8.081267065,554157.4250045898,0.068573086,7527109.640070759,237774.39003719363,0.02942291,48.47322427906086,90.08910701626782,99.24710587595544,50.56817798774245,peritumoral,5,50;100;200,67a2bc21-7c87-4678-997d-a434de672436,TCGA-78-7537,1/13/12 0:00,Lung Adenocarcinoma,YES,NO,Male,Lung,[Not Available],[Not Available],[Not Available],No,R-Upper,[Not Available],2002,[Not Available],[Not Available],R0,6th,T2,N0,M0,Stage IB,[Not Applicable],[Not Applicable],[Not Applicable],[Not Applicable],[Not Available],[Not Available],[Not Available],[Not Available],[Not Available],[Not Available],NO,[Not Available],[Not Available],NO,[Not Available],NO,[Not Available],3,No,1944,1984,20,[Not Available],1,Preoperative,[Not Available],[Not Available],[Not Available],[Not Available],[Not Available],72,[Not Applicable],0,[Not Available],[Not Available],[Not Available],[Not Available],[Not Applicable],[Not Available],[Not Available],[Not Available],[Not Available],C34.1,8255/3,C34.1,YES,[Not Available],[Not Available],[Not Available],[Not Available],[Not Available],78,1:DECEASED,53.29,[Not Available],[Not Available],matched
TCGA-78-7542-01Z-00-DX1.2ee042a6-11ee-4668-b254-44144fca4234,TCGA-78-7542-01,TCGA-78-7542,11,116.45772592316348,10921828.602980085,10.921828602980085,1546458.4016895175,0.1415933593086745,9375370.201290566,925055.8037051092,0.084697887,67.19473979171273,89.37111043346522,96.60638617518781,26.91711815926809,margin-localized,5,50;100;200,e64f76e4-f748-4d9e-ba71-53e2818a7920,TCGA-78-7542,1/13/12 0:00,Lung Adenocarcinoma,NO,YES,Male,Lung,WHITE,[Not Available],[Not Available],No,R-Upper,[Not Available],1993,[Not Available],[Not Available],R0,6th,T2,N0,M0,Stage IB,[Not Applicable],[Not Applicable],[Not Applicable],[Not Applicable],[Not Available],[Not Available],[Not Available],[Not Available],[Not Available],[Not Available],NO,[Not Available],[Not Available],NO,[Not Available],NO,[Not Available],2,No,1952,[Not Available],60,[Not Available],0,Preoperative,[Not Available],[Not Available],[Not Available],[Not Available],[Not Available],56,[Not Applicable],0,[Not Available],[Not Available],[Not Available],[Not Available],[Not Applicable],[Not Available],[Not Available],[Not Available],[Not Available],C34.1,8140/3,C34.1,YES,[Not Available],[Not Available],[Not Available],[Not Available],[Not Available],78,1:DECEASED,10.55,[Not Available],[Not Available],matched
TCGA-78-7633-01Z-00-DX1.f0cd4825-eb92-4098-954a-fbb1e4851660,TCGA-78-7633-01,TCGA-78-7633,12,217.32230849610823,5982515.404977459,5.982515405,465046.4819723156,0.077734272,5517468.923005143,113827.00211046098,0.019026612,59.50827475978604,92.20334029551512,98.38803612192063,39.52254103672991,margin-localized,5,50;100;200,44218b35-219c-4ad9-a01e-fde14067c4c0,TCGA-78-7633,1/31/12 0:00,Lung Adenocarcinoma,NO,YES,Male,Lung,WHITE,[Not Available],[Not Available],Yes,L-Upper,[Not Available],2009,[Not Available],[Not Available],R0,6th,T2,N0,M0,Stage IB,[Not Applicable],[Not Applicable],[Not Applicable],[Not Applicable],YES,100,[Not Available],[Not Available],[Not Available],57,NO,[Not Available],[Not Available],NO,[Not Available],NO,[Not Available],4,No,1955,2002,94,[Not Available],0,Preoperative,[Not Available],[Not Available],[Not Available],[Not Available],[Not Available],67,[Not Applicable],0,[Not Available],[Not Available],[Not Available],[Not Available],[Not Applicable],[Not Available],[Not Available],[Not Available],[Not Available],C34.1,8255/3,C34.1,YES,[Not Available],[Not Available],[Not Available],[Not Available],[Not Available],78,1:DECEASED,50.2,1:Recurred/Progressed,47.63,matched
TCGA-86-6562-01Z-00-DX1.5dea3015-e606-4837-9f99-ac14f0aa091b,TCGA-86-6562-01,TCGA-86-6562,9,138.31556435592216,3543463.0633336054,3.5434630633336055,758756.1563,0.21412842258786813,2784706.907083605,177550.03675854194,0.05010636,51.647665235974216,80.24256596354468,90.06064826889218,38.487670509528115,margin-localized,5,50;100;200,dcd066ba-5894-453e-b1da-82092858c3db,TCGA-86-6562,6/21/11 0:00,Lung Adenocarcinoma,YES,NO,Male,Lung,WHITE,NOT HISPANIC OR LATINO,[Not Available],No,R-Upper,Central Lung,2011,[Not Available],[Not Available],R0,7th,T2a,N1,M0,Stage IIA,[Not Applicable],[Not Applicable],[Not Applicable],[Not Applicable],NO,[Not Available],[Not Available],[Not Available],[Not Available],[Not Available],NO,[Not Available],[Not Available],[Not Available],[Not Available],[Not Available],[Not Available],1,No,[Not Available],[Not Available],[Not Available],[Not Available],[Not Available],[Not Available],[Not Available],[Not Available],[Not Available],TUMOR FREE,[Not Available],52,[Not Applicable],0,[Not Available],[Not Available],[Not Available],[Not Available],[Not Applicable],[Not Available],[Not Available],[Not Available],[Not Available],C34.1,8140/3,C34.1,YES,[Not Available],[Not Available],[Not Available],[Not Available],[Not Available],86,1:DECEASED,12.35,1:Recurred/Progressed,9,matched
TCGA-86-7701-01Z-00-DX1.a8a6e71e-9fa9-42c6-a186-0ac7526e9960,TCGA-86-7701-01,TCGA-86-7701,5,4.2496149010928095,88246.50139039803,0.088246501,1294.53125,0.014669490910161523,86951.97014039803,2357.4500740596814,0.026714374359505112,38.286362709133485,87.33178559274182,100,51.278955235066945,peritumoral,5,50;100;200,a3f6bc1c-19ab-4eeb-a9ac-3d2fac850bde,TCGA-86-7701,1/18/12 0:00,Lung Adenocarcinoma,YES,NO,Male,Lung,WHITE,NOT HISPANIC OR LATINO,[Not Available],No,R-Upper,Peripheral Lung,2011,[Not Available],[Not Available],R0,7th,T2,N0,M1,Stage IV,[Not Applicable],[Not Applicable],[Not Applicable],[Not Applicable],NO,[Not Available],[Not Available],[Not Available],[Not Available],[Not Available],[Not Available],[Not Available],[Not Available],[Not Available],[Not Available],[Not Available],[Not Available],1,No,[Not Available],[Not Available],[Not Available],80,2,[Not Available],[Not Available],[Not Available],[Not Available],TUMOR FREE,[Not Available],66,[Not Applicable],0,[Not Available],[Not Available],[Not Available],[Not Available],[Not Applicable],[Not Available],[Not Available],[Not Available],[Not Available],C34.1,8140/3,C34.1,YES,[Not Available],[Not Available],[Not Available],[Not Available],[Not Available],86,0:LIVING,31.11,1:Recurred/Progressed,29.57,matched
TCGA-86-7711-01Z-00-DX1.f64dd9d8-b9ca-4d1f-9783-d1042979132d,TCGA-86-7711-01,TCGA-86-7711,3,2.7996648450279364,196611.41684334574,0.19661141684334574,0,0,196611.41684334574,1764.8125,0.008976145,83.26070372360043,98.94086375068308,100,30.594992934935682,margin-localized,5,50;100;200,9c894668-88f5-4308-a1c0-6b8acc6aaaec,TCGA-86-7711,5/2/11 0:00,Lung Adenocarcinoma,YES,NO,Male,Lung,WHITE,HISPANIC OR LATINO,[Not Available],No,R-Lower,Peripheral Lung,2011,[Not Available],[Not Available],R0,7th,T2a,N1,M0,Stage IIA,[Not Applicable],[Not Applicable],[Not Applicable],[Not Applicable],NO,[Not Available],[Not Available],[Not Available],[Not Available],[Not Available],NO,[Not Available],[Not Available],[Not Available],[Not Available],[Not Available],[Not Available],2,No,1960,[Not Available],50,80,2,[Not Available],[Not Available],[Not Available],[Not Available],TUMOR FREE,[Not Available],70,[Not Applicable],0,[Not Available],[Not Available],[Not Available],[Not Available],[Not Applicable],[Not Available],[Not Available],[Not Available],[Not Available],C34.3,8140/3,C34.3,YES,[Not Available],[Not Available],[Not Available],[Not Available],[Not Available],86,1:DECEASED,34.36,[Not Available],[Not Available],matched
TCGA-86-7713-01Z-00-DX1.23f9e213-b566-47bb-beb8-7d12b2f0508b,TCGA-86-7713-01,TCGA-86-7713,3,201.73853742950863,21055434.851185348,21.055434851185346,2974832.3733000574,0.14128572477013385,18080602.47788529,1442374.9205676843,0.068503687,72.06798568521444,89.23334821497049,93.13526399000716,26.125,margin-localized,5,50;100;200,cc68632c-b1e3-491b-b562-9468e2d1c101,TCGA-86-7713,5/2/11 0:00,Lung Adenocarcinoma,YES,NO,Male,Lung,WHITE,NOT HISPANIC OR LATINO,[Not Available],No,R-Middle,Peripheral Lung,2011,[Not Available],[Not Available],R0,7th,T2b,N0,M0,Stage IIA,[Not Applicable],[Not Applicable],[Not Applicable],[Not Applicable],NO,[Not Available],[Not Available],[Not Available],[Not Available],[Not Available],NO,[Not Available],[Not Available],[Not Available],[Not Available],[Not Available],[Not Available],1,No,[Not Available],[Not Available],[Not Available],80,1,[Not Available],[Not Available],[Not Available],[Not Available],TUMOR FREE,[Not Available],70,[Not Applicable],0,[Not Available],[Not Available],[Not Available],[Not Available],[Not Applicable],[Not Available],[Not Available],[Not Available],[Not Available],C34.2,8140/3,C34.2,YES,[Not Available],[Not Available],[Not Available],[Not Available],[Not Available],86,0:LIVING,38.01,0:DiseaseFree,38.01,matched
TCGA-86-8054-01Z-00-DX1.2c4c08f6-be1c-46d1-a719-5983cade0c54,TCGA-86-8054-01,TCGA-86-8054,13,85.37973682691806,1057157.8334004763,1.0571578334004763,200243.75881019433,0.18941708842669785,856914.0745902819,17262.21333758876,0.016328889397775884,63.39102828864185,82.50681868110118,91.70411998327421,27.911131292013227,margin-localized,5,50;100;200,0fe909ea-d52c-4b71-816f-57f62d4a5744,TCGA-86-8054,5/2/12 0:00,Lung Adenocarcinoma,YES,NO,Male,Lung,WHITE,NOT HISPANIC OR LATINO,[Not Available],No,R-Upper,Central Lung,2011,[Not Available],[Not Available],R0,7th,T2b,N1,M0,Stage IIB,[Not Applicable],[Not Applicable],[Not Applicable],[Not Applicable],NO,[Not Available],[Not Available],[Not Available],[Not Available],[Not Available],NO,[Not Available],[Not Available],NO,[Not Available],NO,[Not Available],2,No,1994,[Not Available],9,[Not Available],[Not Available],[Not Available],[Not Available],[Not Available],[Not Available],TUMOR FREE,[Not Available],61,[Not Applicable],0,[Not Available],[Not Available],[Not Available],[Not Available],[Not Applicable],[Not Available],[Not Available],[Not Available],[Not Available],C34.1,8550/3,C34.1,YES,[Not Available],[Not Available],[Not Available],[Not Available],[Not Available],86,0:LIVING,37.71,0:DiseaseFree,37.71,matched
TCGA-86-8076-01Z-00-DX1.e7378b2f-e20e-4d2f-a86c-3a8ead08a385,TCGA-86-8076-01,TCGA-86-8076,7,73.40868191400625,19056808.297207862,19.056808297207862,2608966.4141871603,0.13690468904855474,16447841.883020699,668864.2912304783,0.035098442551289036,34.16732465995442,79.35638629951116,96.22187296503392,58.4534693,peritumoral,5,50;100;200,8609edfc-119d-4d63-9188-c86aabd5ca52,TCGA-86-8076,5/9/12 0:00,Lung Adenocarcinoma,YES,NO,Male,Lung,WHITE,NOT HISPANIC OR LATINO,[Not Available],No,R-Upper,Peripheral Lung,2011,[Not Available],[Not Available],R0,7th,T1,N0,M0,Stage IA,[Not Applicable],[Not Applicable],[Not Applicable],[Not Applicable],NO,[Not Available],[Not Available],[Not Available],[Not Available],[Not Available],NO,[Not Available],[Not Available],NO,[Not Available],NO,[Not Available],1,No,[Not Available],[Not Available],[Not Available],80,2,Preoperative,[Not Available],[Not Available],[Not Available],TUMOR FREE,[Not Available],42,[Not Applicable],0,[Not Available],[Not Available],[Not Available],[Not Available],[Not Applicable],[Not Available],[Not Available],[Not Available],[Not Available],C34.1,8260/3,C34.1,YES,[Not Available],[Not Available],[Not Available],[Not Available],[Not Available],86,0:LIVING,32.62,0:DiseaseFree,32.62,matched
TCGA-86-8279-01Z-00-DX1.fd12b60e-d181-454b-a655-298a973a849d,TCGA-86-8279-01,TCGA-86-8279,7,148.20610473813164,3718996.216409349,3.718996216409349,160306.0313,0.043104650266295175,3558690.185,178479.92381686097,0.047991423876516184,66.94190771015118,90.99472081511287,99.79191439634788,30.763462500180307,margin-localized,5,50;100;200,2923e404-38f2-437a-b57e-23401fbe0273,TCGA-86-8279,6/6/12 0:00,Lung Adenocarcinoma,YES,NO,Male,Lung,WHITE,NOT HISPANIC OR LATINO,[Not Available],No,R-Upper,Peripheral Lung,2011,[Not Available],[Not Available],R0,7th,T2a,N1,M0,Stage IIA,[Not Applicable],[Not Applicable],[Not Applicable],[Not Applicable],NO,[Not Available],[Not Available],[Not Available],[Not Available],[Not Available],NO,[Not Available],[Not Available],[Not Available],[Not Available],[Not Available],[Not Available],1,No,[Not Available],[Not Available],[Not Available],80,2,Preoperative,YES,[Not Available],Complete Remission/Response,TUMOR FREE,[Not Available],46,[Not Applicable],0,[Not Available],[Not Available],[Not Available],[Not Available],[Not Applicable],[Not Available],[Not Available],[Not Available],[Not Available],C34.1,8140/3,C34.1,YES,[Not Available],[Not Available],[Not Available],[Not Available],YES,86,0:LIVING,31.18,0:DiseaseFree,31.18,matched
TCGA-86-8281-01Z-00-DX1.02237263-003b-4de1-8a2f-0f3ad14768c7,TCGA-86-8281-01,TCGA-86-8281,3,69.81299812695404,6723682.224475138,6.723682224475138,2047396.7791560981,0.30450528606234384,4676285.445,117027.0136664968,0.017405196997636534,49.87973171374807,73.33107459206883,91.55764031450325,37.083362593621416,immune-penetrated,5,50;100;200,5d7ec32a-049f-4997-9882-1b3ac157e02d,TCGA-86-8281,5/30/12 0:00,Lung Adenocarcinoma,YES,NO,Male,Lung,WHITE,NOT HISPANIC OR LATINO,[Not Available],No,R-Lower,Peripheral Lung,2011,[Not Available],[Not Available],[Not Available],7th,T1,NX,M0,Stage IA,[Not Applicable],[Not Applicable],[Not Applicable],[Not Applicable],NO,[Not Available],[Not Available],[Not Available],[Not Available],[Not Available],NO,[Not Available],[Not Available],[Not Available],[Not Available],[Not Available],[Not Available],3,No,1955,1985,30,100,0,Preoperative,[Not Available],[Not Available],Complete Remission/Response,TUMOR FREE,NO,75,[Not Applicable],0,[Not Available],[Not Available],[Not Available],[Not Available],[Not Applicable],[Not Available],[Not Available],[Not Available],[Not Available],C34.3,8140/3,C34.3,YES,[Not Available],[Not Available],[Not Available],[Not Available],[Not Available],86,0:LIVING,0,0:DiseaseFree,0,matched
TCGA-86-8358-01Z-00-DX1.C50100F8-9414-4A06-BEDF-93E7B01B24D6,TCGA-86-8358-01,TCGA-86-8358,7,100.0562312800828,5061148.443822725,5.0611484438227246,296675.1563,0.058618149525351396,4764473.287572725,111821.97400682549,0.022094189737372233,58.86737531290612,92.00570837918266,98.95201329136037,36.68659496328325,margin-localized,5,50;100;200,467d96d7-4a42-4116-8c32-0e4b34f96d8a,TCGA-86-8358,7/6/12 0:00,Lung Adenocarcinoma,YES,NO,Male,Lung,WHITE,NOT HISPANIC OR LATINO,[Not Available],No,R-Upper,Peripheral Lung,2012,[Not Available],[Not Available],R0,7th,T2a,N0,M0,Stage IB,[Not Applicable],[Not Applicable],[Not Applicable],[Not Applicable],[Not Available],[Not Available],[Not Available],[Not Available],[Not Available],[Not Available],NO,[Not Available],[Not Available],[Not Available],[Not Available],[Not Available],[Not Available],2,No,1992,[Not Available],20,90,2,Preoperative,[Not Available],[Not Available],[Not Available],TUMOR FREE,NO,44,[Not Applicable],0,[Not Available],[Not Available],[Not Available],[Not Available],[Not Applicable],[Not Available],[Not Available],[Not Available],[Not Available],C34.1,8140/3,C34.1,YES,[Not Available],[Not Available],[Not Available],[Not Available],[Not Available],86,0:LIVING,21.45,0:DiseaseFree,21.45,matched
TCGA-86-8359-01Z-00-DX1.11B8FDC3-4B84-4A22-B89D-46EA76345F13,TCGA-86-8359-01,TCGA-86-8359,11,371.7665194992487,45144311.46457091,45.14431146457091,2669683.811468612,0.059136660298026035,42474627.65310231,4576859.560462384,0.10138286335487222,63.45650044981702,91.68645113,98.89265062497006,31.511220719769014,margin-localized,5,50;100;200,7e7f089c-25f7-4e14-aed5-d741047b9e42,TCGA-86-8359,7/17/12 0:00,Lung Adenocarcinoma,YES,NO,Male,Lung,WHITE,NOT HISPANIC OR LATINO,[Not Available],No,L-Lower,Peripheral Lung,2012,[Not Available],[Not Available],R0,7th,T3,N2,M0,Stage IIIA,[Not Applicable],[Not Applicable],[Not Applicable],[Not Applicable],NO,[Not Available],[Not Available],[Not Available],[Not Available],[Not Available],[Not Available],[Not Available],[Not Available],[Not Available],[Not Available],[Not Available],[Not Available],2,No,1982,[Not Available],36,80,1,Preoperative,[Not Available],[Not Available],[Not Available],TUMOR FREE,[Not Available],52,[Not Applicable],0,[Not Available],[Not Available],[Not Available],[Not Available],[Not Applicable],[Not Available],[Not Available],[Not Available],[Not Available],C34.3,8140/3,C34.3,YES,[Not Available],[Not Available],[Not Available],[Not Available],[Not Available],86,1:DECEASED,14.59,[Not Available],[Not Available],matched
TCGA-86-8669-01Z-00-DX1.845b8b4e-6445-4da1-8275-42b765c024cc,TCGA-86-8669-01,TCGA-86-8669,3,234.20352591065134,14698760.09781925,14.69876009781925,5726564.947272873,0.38959510252313606,8972195.150546378,94632.77448834952,0.006438147,40.394260903734725,66.36096015509514,83.96489829329282,41.26879306752258,immune-penetrated,5,50;100;200,7b89166e-c5b8-481b-aa70-495141499b91,TCGA-86-8669,8/30/12 0:00,Lung Adenocarcinoma,YES,NO,Male,Lung,WHITE,NOT HISPANIC OR LATINO,[Not Available],No,R-Upper,Peripheral Lung,2012,[Not Available],[Not Available],R0,7th,T1b,N0,M0,Stage IA,[Not Applicable],[Not Applicable],[Not Applicable],[Not Applicable],NO,[Not Available],[Not Available],[Not Available],[Not Available],[Not Available],NO,[Not Available],[Not Available],[Not Available],[Not Available],[Not Available],[Not Available],2,No,1965,[Not Available],47,100,0,Preoperative,[Not Available],[Not Available],[Not Available],TUMOR FREE,[Not Available],64,[Not Applicable],0,[Not Available],[Not Available],[Not Available],[Not Available],[Not Applicable],[Not Available],[Not Available],[Not Available],[Not Available],C34.1,8140/3,C34.1,YES,[Not Available],[Not Available],[Not Available],[Not Available],[Not Available],86,0:LIVING,30.81,1:Recurred/Progressed,27.89,matched
TCGA-86-8672-01Z-00-DX1.94ca1954-921d-4ef6-a078-4e0fcb09157f,TCGA-86-8672-01,TCGA-86-8672,12,168.94992712147453,4178054.492646491,4.178054492646491,153876.25,0.036829642,4024178.242646491,89226.68025333402,0.021356036,57.78340022768235,94.70171133864137,97.77095678695342,41.11150994551283,margin-localized,5,50;100;200,c0e263eb-1a83-4dc8-8abe-3dd2a59bae1b,TCGA-86-8672,8/31/12 0:00,Lung Adenocarcinoma,YES,NO,Male,Lung,WHITE,NOT HISPANIC OR LATINO,[Not Available],No,R-Upper,Central Lung,2012,[Not Available],[Not Available],R0,7th,T3,N0,M0,Stage IIB,[Not Applicable],[Not Applicable],[Not Applicable],[Not Applicable],NO,[Not Available],[Not Available],[Not Available],[Not Available],[Not Available],NO,[Not Available],[Not Available],[Not Available],[Not Available],[Not Available],[Not Available],1,No,[Not Available],[Not Available],[Not Available],[Not Available],[Not Available],[Not Available],[Not Available],[Not Available],[Not Available],TUMOR FREE,[Not Available],59,[Not Applicable],0,[Not Available],[Not Available],[Not Available],[Not Available],[Not Applicable],[Not Available],[Not Available],[Not Available],[Not Available],C34.1,8140/3,C34.1,YES,[Not Available],[Not Available],[Not Available],[Not Available],[Not Available],86,1:DECEASED,0.62,[Not Available],[Not Available],matched
TCGA-86-8673-01Z-00-DX1.21191041-c10e-4166-ad00-1243656feaa7,TCGA-86-8673-01,TCGA-86-8673,13,149.75003715731168,1508365.872,1.5083658721281599,191059.3125,0.12666642492410252,1317306.56,72164.15258826711,0.047842605,71.63603501482937,93.88781866689237,98.34874990129833,27.665694009006895,margin-localized,5,50;100;200,bc4c4079-b449-485d-84e4-a40496e563e8,TCGA-86-8673,8/30/12 0:00,Lung Adenocarcinoma,YES,NO,Male,Lung,WHITE,NOT HISPANIC OR LATINO,[Not Available],No,L-Upper,[Not Available],2011,[Not Available],[Not Available],R0,7th,T2,N0,M0,Stage IB,[Not Applicable],[Not Applicable],[Not Applicable],[Not Applicable],NO,[Not Available],[Not Available],[Not Available],[Not Available],[Not Available],[Not Available],[Not Available],[Not Available],[Not Available],[Not Available],[Not Available],[Not Available],2,No,1968,[Not Available],54,[Not Available],[Not Available],[Not Available],[Not Available],[Not Available],[Not Available],TUMOR FREE,[Not Available],61,[Not Applicable],0,[Not Available],[Not Available],[Not Available],[Not Available],[Not Applicable],[Not Available],[Not Available],[Not Available],[Not Available],C34.1,8252/3,C34.1,YES,[Not Available],[Not Available],[Not Available],[Not Available],[Not Available],86,0:LIVING,28.32,1:Recurred/Progressed,20.89,matched
TCGA-86-8674-01Z-00-DX1.9fcaae4e-4062-45ab-a49d-7dba43040919,TCGA-86-8674-01,TCGA-86-8674,3,91.70584756519143,778725.6349194711,0.7787256349194711,11113.71875,0.014271674453287109,767611.9162,28385.1875,0.036450819,36.65092905083407,73.00179241701802,99.72455597298307,60.75835847848426,peritumoral,5,50;100;200,0a1eea76-e19a-4547-9b24-abf7051cc4db,TCGA-86-8674,8/30/12 0:00,Lung Adenocarcinoma,YES,NO,Male,Lung,WHITE,NOT HISPANIC OR LATINO,[Not Available],No,R-Middle,Peripheral Lung,2012,[Not Available],[Not Available],R0,7th,T2a,N1,M0,Stage IIA,[Not Applicable],[Not Applicable],[Not Applicable],[Not Applicable],NO,[Not Available],[Not Available],[Not Available],[Not Available],[Not Available],[Not Available],[Not Available],[Not Available],[Not Available],[Not Available],[Not Available],[Not Available],4,No,1982,2012,37.5,[Not Available],[Not Available],[Not Available],[Not Available],[Not Available],Complete Remission/Response,TUMOR FREE,NO,50,[Not Applicable],0,[Not Available],[Not Available],[Not Available],[Not Available],[Not Applicable],[Not Available],[Not Available],[Not Available],[Not Available],C34.2,8260/3,C34.2,YES,[Not Available],[Not Available],[Not Available],[Not Available],[Not Available],86,0:LIVING,26.48,1:Recurred/Progressed,10.97,matched
TCGA-86-A4D0-01Z-00-DX1.165461AD-A8DA-4B7B-87CE-F5DBDBD2C0A7,TCGA-86-A4D0-01,TCGA-86-A4D0,9,204.11260906891653,1577837.1266752763,1.5778371266752764,7697.75,0.004878672,1570139.3766752763,24599.98505404422,0.015590953361504322,49.04954678675573,85.76810481527812,99.53459121800962,50.47926554537021,peritumoral,5,50;100;200,528A0FCE-0719-4B19-A69D-3F18681696C5,TCGA-86-A4D0,12/6/12 0:00,Lung Adenocarcinoma,YES,NO,Male,Lung,WHITE,NOT HISPANIC OR LATINO,[Not Available],No,R-Upper,[Not Available],2012,[Not Available],[Not Available],R0,7th,T2b,N0,M0,Stage IIA,[Not Applicable],[Not Applicable],[Not Applicable],[Not Applicable],NO,[Not Available],[Not Available],[Not Available],[Not Available],[Not Available],NO,[Not Available],[Not Available],NO,[Not Available],NO,[Not Available],2,No,1983,[Not Available],[Not Available],90,1,Preoperative,[Not Available],[Not Available],[Not Available],TUMOR FREE,NO,48,[Not Applicable],0,[Not Available],[Not Available],[Not Available],[Not Available],[Not Applicable],[Not Available],[Not Available],[Not Available],[Not Available],C34.1,8140/3,C34.1,YES,[Not Available],[Not Available],[Not Available],[Not Available],[Not Available],86,1:DECEASED,3.81,[Not Available],[Not Available],matched
TCGA-91-A4BD-01Z-00-DX1.2E575CAC-6AEB-4049-972A-EA43457A9C9D,TCGA-91-A4BD-01,TCGA-91-A4BD,4,80.56236100085266,2268729.2501201546,2.2687292501201544,977046.1563,0.4306578919446886,1291683.0938701546,68041.875,0.029991183388849253,50.01176896485888,77.62352298543492,90.09385430244278,36.25474106927258,immune-penetrated,5,50;100;200,0D980584-4484-4063-8243-C3CD67F6F588,TCGA-91-A4BD,2/5/13 0:00,Lung Adenocarcinoma,YES,NO,Male,Lung,WHITE,NOT HISPANIC OR LATINO,[Not Available],No,L-Lower,[Not Available],2012,[Not Available],[Not Available],RX,7th,T1b,N1,MX,Stage IIA,[Not Applicable],[Not Applicable],[Not Applicable],[Not Applicable],YES,[Not Available],92,[Not Available],70,94,NO,[Not Available],[Not Available],NO,[Not Available],[Not Available],[Not Available],3,No,[Not Available],1981,[Not Available],[Not Available],1,Other,NO,[Not Available],Complete Remission/Response,TUMOR FREE,NO,78,[Not Applicable],0,[Not Available],[Not Available],[Not Available],[Not Available],[Not Applicable],[Not Available],[Not Available],[Not Available],[Not Available],C34.3,8140/3,C34.3,YES,[Not Available],[Not Available],[Not Available],[Not Available],NO,91,0:LIVING,19.81,0:DiseaseFree,19.81,matched
TCGA-93-8067-01Z-00-DX1.325d0cd5-9bb5-4f51-a197-75d3c3d19aaf,TCGA-93-8067-01,TCGA-93-8067,8,185.04485005669923,4491015.471031525,4.491015471031525,267522.06780973973,0.059568280166332525,4223493.403221786,128620.41858315068,0.028639496,41.245215695362134,67.23016891147356,89.66068673,39.62519716039278,margin-localized,5,50;100;200,bbe88801-34f3-46d2-bbfd-b46c3901ed71,TCGA-93-8067,5/18/12 0:00,Lung Adenocarcinoma,YES,NO,Male,Lung,ASIAN,NOT HISPANIC OR LATINO,[Not Available],"Yes, History of Prior Malignancy",L-Lower,Peripheral Lung,2011,[Not Available],[Not Available],RX,7th,T2a,N0,MX,Stage IB,[Not Applicable],[Not Applicable],[Not Applicable],[Not Applicable],YES,94,103,89,94,47,NO,[Not Available],[Not Available],NO,[Not Available],NO,[Not Available],4,No,1961,2001,20,80,2,Preoperative,NO,[Not Available],Complete Remission/Response,TUMOR FREE,NO,77,[Not Applicable],0,[Not Available],[Not Available],[Not Available],[Not Available],[Not Applicable],[Not Available],[Not Available],[Not Available],[Not Available],C34.3,8140/3,C34.3,YES,[Not Available],[Not Available],[Not Available],[Not Available],NO,93,0:LIVING,6.11,0:DiseaseFree,6.11,matched
TCGA-93-A4JN-01Z-00-DX1.ED4C9365-6CCF-4AEE-B4C9-3CC5EC57286C,TCGA-93-A4JN-01,TCGA-93-A4JN,13,224.80956039213794,21008451.838711802,21.008451838711803,1240542.969,0.059049709053957004,19767908.869961806,660394.8632862477,0.031434723,59.572841987616734,89.13192399241554,99.26970198,40.534900086221995,margin-localized,5,50;100;200,9DDA72EC-1698-44E2-B35C-11E9A2704380,TCGA-93-A4JN,2/27/14 0:00,Lung Adenocarcinoma,YES,NO,Male,Lung,WHITE,NOT HISPANIC OR LATINO,[Not Available],No,L-Upper,[Not Available],2012,[Not Available],[Not Available],RX,7th,T2a,N0,M1a,Stage IV,[Not Applicable],[Not Applicable],[Not Applicable],[Not Applicable],NO,[Not Available],[Not Available],[Not Available],[Not Available],[Not Available],YES,NO,[Not Available],YES,[Not Available],YES,FISH,3,No,1971,1991,40,90,1,Preoperative,NO,[Not Available],Stable Disease,WITH TUMOR,NO,71,[Not Applicable],0,[Not Available],[Not Available],[Not Available],[Not Available],[Not Applicable],[Not Available],[Not Available],[Not Available],[Not Available],C34.1,8550/3,C34.1,YES,[Not Available],[Not Available],[Not Available],[Not Available],NO,93,0:LIVING,23.59,0:DiseaseFree,23.59,matched
TCGA-93-A4JO-01Z-00-DX1.314C53B6-603C-402B-8CF7-E3CE851A0A0F,TCGA-93-A4JO-01,TCGA-93-A4JO,9,84.66169006692046,9287922.552431772,9.287922552431771,130258.875,0.014024543622609721,9157663.677,149492.0157693258,0.016095312479773607,45.70577718869608,69.88576486402016,92.65837279066432,60.51562298282981,peritumoral,5,50;100;200,3DAEBE75-C6DF-478E-8A4C-11186FD5EAD9,TCGA-93-A4JO,2/27/14 0:00,Lung Adenocarcinoma,YES,NO,Male,Lung,WHITE,NOT HISPANIC OR LATINO,[Not Available],No,R-Lower,[Not Available],2012,[Not Available],[Not Available],RX,7th,T1a,N0,MX,Stage IA,[Not Applicable],[Not Applicable],[Not Applicable],[Not Applicable],YES,98,97,125,126,81,NO,[Not Available],[Not Available],NO,[Not Available],NO,[Not Available],4,No,1956,2006,50,90,1,Preoperative,NO,[Not Available],[Not Applicable],TUMOR FREE,NO,70,[Not Applicable],0,[Not Available],[Not Available],[Not Available],[Not Available],[Not Applicable],[Not Available],[Not Available],[Not Available],[Not Available],C34.3,8255/3,C34.3,YES,[Not Available],[Not Available],[Not Available],[Not Available],NO,93,1:DECEASED,1.08,[Not Available],[Not Available],matched
TCGA-95-7562-01Z-00-DX1.C722891A-C5C6-4F0D-A73F-259FA8DB2394,TCGA-95-7562-01,TCGA-95-7562,28,146.4064338811003,10480380.388679251,10.48038038867925,736041.9165903211,0.070230458,9744338.472088931,285780.92902617325,0.027268182873864913,54.87037125918691,95.06744591730912,99.34975606907639,49.429123816329174,margin-localized,5,50;100;200,193201a3-1447-47b1-bdf1-11ae0eb3b2f3,TCGA-95-7562,6/13/12 0:00,Lung Adenocarcinoma,YES,NO,Male,Lung,BLACK OR AFRICAN AMERICAN,NOT HISPANIC OR LATINO,[Not Available],"Yes, History of Prior Malignancy",R-Lower,[Not Available],2011,[Not Available],[Not Available],RX,7th,T2a,N1,M0,Stage IIA,[Not Applicable],[Not Applicable],[Not Applicable],[Not Applicable],YES,80,90,76,72,57,[Not Available],[Not Available],[Not Available],[Not Available],[Not Available],[Not Available],[Not Available],3,No,1973,1983,10,[Not Available],1,Post-Adjuvant Therapy,NO,[Not Available],[Not Available],TUMOR FREE,NO,71,[Not Applicable],0,[Not Available],[Not Available],[Not Available],[Not Available],[Not Applicable],[Not Available],[Not Available],[Not Available],[Not Available],C34.3,8140/3,C34.3,YES,[Not Available],[Not Available],[Not Available],[Not Available],YES,95,1:DECEASED,2.86,[Not Available],[Not Available],matched
TCGA-95-7944-01Z-00-DX1.E66A3565-7B0D-412B-9C0C-81D7397E8B87,TCGA-95-7944-01,TCGA-95-7944,6,100.81657064307382,23217736.564983208,23.21773656498321,2769833.4991326304,0.11929817066277122,20447903.065850582,615390.2191648417,0.026505177084874328,76.52295744889518,90.68752761936706,96.76399294293468,29.088765013317428,margin-localized,5,50;100;200,abab925c-bef3-4072-b9c4-40f808744593,TCGA-95-7944,3/21/12 0:00,Lung Adenocarcinoma,YES,NO,Male,Lung,WHITE,NOT HISPANIC OR LATINO,[Not Available],No,L-Lower,[Not Available],2011,[Not Available],[Not Available],R0,7th,T1a,N0,M0,Stage IA,[Not Applicable],[Not Applicable],[Not Applicable],[Not Applicable],YES,86,87,[Not Available],[Not Available],60,[Not Available],[Not Available],[Not Available],[Not Available],[Not Available],[Not Available],[Not Available],2,No,1961,[Not Available],50,[Not Available],[Not Available],[Not Available],[Not Available],[Not Available],[Not Available],TUMOR FREE,[Not Available],71,[Not Applicable],0,[Not Available],[Not Available],[Not Available],[Not Available],[Not Applicable],[Not Available],[Not Available],[Not Available],[Not Available],C34.3,8140/3,C34.3,YES,[Not Available],[Not Available],[Not Available],[Not Available],[Not Available],95,0:LIVING,12.39,0:DiseaseFree,12.39,matched
TCGA-95-8039-01Z-00-DX1.38b07435-987d-495d-9940-ba5f20e6ef97,TCGA-95-8039-01,TCGA-95-8039,1,22.246906691081183,1883161.5578501492,1.8831615578501493,282604.1639511374,0.15006899581879918,1600557.393899012,68798.46860034141,0.036533492,78.66950813555476,94.26584783416241,96.46101626426132,22.978930566934572,margin-localized,5,50;100;200,87f1b3df-4bc7-4336-b658-f30ac1c5c796,TCGA-95-8039,6/20/12 0:00,Lung Adenocarcinoma,YES,NO,Male,Lung,WHITE,NOT HISPANIC OR LATINO,[Not Available],No,R-Upper,[Not Available],2012,[Not Available],[Not Available],RX,7th,T1,N0,MX,Stage IA,[Not Applicable],[Not Applicable],[Not Applicable],[Not Applicable],YES,2.4,2.54,67,70,98,[Not Available],[Not Available],[Not Available],[Not Available],[Not Available],[Not Available],[Not Available],1,No,[Not Available],[Not Available],[Not Available],[Not Available],[Not Available],[Not Available],NO,[Not Available],Complete Remission/Response,TUMOR FREE,NO,72,[Not Applicable],0,[Not Available],[Not Available],[Not Available],[Not Available],[Not Applicable],[Not Available],[Not Available],[Not Available],[Not Available],C34.1,8550/3,C34.1,YES,[Not Available],[Not Available],[Not Available],[Not Available],NO,95,0:LIVING,27.27,1:Recurred/Progressed,7.49,matched
TCGA-97-7552-01Z-00-DX1.a5ab8959-ff7a-4287-b014-87439957fb67,TCGA-97-7552-01,TCGA-97-7552,3,27.380778770799132,3508921.726406863,3.508921726406863,715571.3795765429,0.20392913703130341,2793350.347,162168.0280020771,0.046215914929552224,63.22444772417873,93.06930794029323,98.71402204344078,43.28773642730698,margin-localized,5,50;100;200,1b110eb4-a01d-4c50-ba18-77da4dedd549,TCGA-97-7552,11/17/11 0:00,Lung Adenocarcinoma,NO,YES,Male,Lung,WHITE,NOT HISPANIC OR LATINO,[Not Available],No,L-Lower,[Not Available],2007,[Not Available],[Not Available],[Not Available],6th,T2,N0,MX,Stage IB,[Not Applicable],[Not Applicable],[Not Applicable],[Not Applicable],YES,81,[Not Available],82,[Not Available],[Not Available],[Not Available],[Not Available],[Not Available],[Not Available],[Not Available],[Not Available],[Not Available],3,No,[Not Available],1985,40,[Not Available],[Not Available],[Not Available],[Not Available],[Not Available],[Not Available],TUMOR FREE,[Not Available],70,[Not Applicable],0,[Not Available],[Not Available],[Not Available],[Not Available],[Not Applicable],[Not Available],[Not Available],[Not Available],[Not Available],C34.3,8253/3,C34.3,YES,[Not Available],[Not Available],[Not Available],[Not Available],[Not Available],97,0:LIVING,63.47,1:Recurred/Progressed,26.22,matched
TCGA-97-8171-01Z-00-DX1.a55cbfd1-6674-4206-b3e0-2a4f12a74e5d,TCGA-97-8171-01,TCGA-97-8171,4,250.9065976671685,13732090.869648246,13.732090869648246,5071499.441277875,0.3693173522822591,8660591.428370373,844910.4277024845,0.06152817,57.62304427133279,74.79592326116101,86.11071329849511,16.262014789072108,immune-penetrated,5,50;100;200,397d3f69-1453-4057-b177-8723eec923d1,TCGA-97-8171,6/13/12 0:00,Lung Adenocarcinoma,YES,NO,Male,Lung,ASIAN,NOT HISPANIC OR LATINO,[Not Available],No,Other (please specify),[Not Available],2011,[Not Available],[Not Available],[Not Available],7th,T2a,N2,M1a,Stage IV,[Not Applicable],[Not Applicable],[Not Applicable],[Not Applicable],YES,99,104,55,55,110,YES,NO,[Not Available],YES,Exon 19 Deletion,NO,[Not Available],2,No,1946,[Not Available],65,[Not Available],1,Preoperative,[Not Available],[Not Available],Progressive Disease,WITH TUMOR,NO,81,RUL and RML,0,[Not Available],[Not Available],[Not Available],[Not Available],[Not Applicable],[Not Available],[Not Available],[Not Available],[Not Available],C34.8,8260/3,C34.8,YES,[Not Available],[Not Available],[Not Available],[Not Available],[Not Available],97,0:LIVING,18.66,1:Recurred/Progressed,14.49,matched
TCGA-97-8179-01Z-00-DX1.5501338a-dd89-4c41-8267-5baaaea71643,TCGA-97-8179-01,TCGA-97-8179,5,74.09643209031101,5521531.126864683,5.521531126864683,303157.2813,0.054904568,5218373.845614683,263930.3718495631,0.047800214,68.81342822760146,92.12394396883602,99.44706155281563,30.109435813379168,margin-localized,5,50;100;200,11c2e619-8aeb-4f86-b03b-78f9a8099263,TCGA-97-8179,6/13/12 0:00,Lung Adenocarcinoma,YES,NO,Male,Lung,WHITE,NOT HISPANIC OR LATINO,[Not Available],No,R-Upper,[Not Available],2012,[Not Available],[Not Available],[Not Available],7th,T1a,N0,M0,Stage IA,[Not Applicable],[Not Applicable],[Not Applicable],[Not Applicable],YES,90,95,86,91,73,YES,NO,[Not Available],YES,[Not Available],YES,FISH,3,No,1958,1988,60,[Not Available],0,Preoperative,NO,[Not Available],Complete Remission/Response,TUMOR FREE,NO,72,[Not Applicable],0,[Not Available],[Not Available],[Not Available],[Not Available],[Not Applicable],[Not Available],[Not Available],[Not Available],[Not Available],C34.1,8550/3,C34.1,YES,[Not Available],[Not Available],[Not Available],[Not Available],NO,97,0:LIVING,14.29,0:DiseaseFree,14.29,matched
TCGA-97-A4M2-01Z-00-DX1.5C72522C-1538-4D68-B517-5FB05A9D401A,TCGA-97-A4M2-01,TCGA-97-A4M2,3,26.291458554943812,6109756.181375513,6.109756181375513,630811.3370612822,0.10324656472940713,5478944.844314232,426980.4848,0.069885028,66.79629577427268,94.85206754715261,99.97506378552168,42.65596382687889,margin-localized,5,50;100;200,345AEF28-D49B-491B-A337-B1AC55C37D35,TCGA-97-A4M2,3/7/13 0:00,Lung Adenocarcinoma,YES,NO,Male,Lung,WHITE,NOT HISPANIC OR LATINO,[Not Available],"Yes, History of Prior Malignancy",R-Middle,[Not Available],2012,[Not Available],[Not Available],R0,7th,T1a,N0,M0,Stage IA,[Not Applicable],[Not Applicable],[Not Applicable],[Not Applicable],YES,102,103,96,89,91,YES,NO,[Not Available],NO,[Not Available],NO,[Not Available],2,No,1972,[Not Available],100,[Not Available],1,Preoperative,NO,[Not Available],Complete Remission/Response,TUMOR FREE,NO,66,[Not Applicable],0,[Not Available],[Not Available],[Not Available],[Not Available],[Not Applicable],[Not Available],[Not Available],[Not Available],[Not Available],C34.2,8255/3,C34.2,YES,[Not Available],[Not Available],[Not Available],[Not Available],NO,97,0:LIVING,20.5,0:DiseaseFree,20.5,matched
TCGA-97-A4M5-01Z-00-DX1.283AFBA6-A349-425F-A18E-5CA186084C23,TCGA-97-A4M5-01,TCGA-97-A4M5,8,170.21310456772162,5074940.322778283,5.074940322778283,121587.5625,0.023958422122575172,4953352.760278283,67521.24071574178,0.013304834425871078,30.923549811075468,66.27999485,93.31196710400064,74.85371149782755,peritumoral,5,50;100;200,5FE77D4A-A8A5-4C90-8FF2-9C3BBBB309EF,TCGA-97-A4M5,3/7/13 0:00,Lung Adenocarcinoma,YES,NO,Male,Lung,WHITE,NOT HISPANIC OR LATINO,[Not Available],No,R-Upper,[Not Available],2012,[Not Available],[Not Available],[Not Available],7th,T1b,N0,M0,Stage IA,[Not Applicable],[Not Applicable],[Not Applicable],[Not Applicable],YES,98,94,85,84,51,YES,YES,G12C,NO,[Not Available],NO,[Not Available],3,No,1952,1982,6,[Not Available],[Not Available],[Not Available],NO,[Not Available],Complete Remission/Response,[Not Available],NO,83,[Not Applicable],0,[Not Available],[Not Available],[Not Available],[Not Available],[Not Applicable],[Not Available],[Not Available],[Not Available],[Not Available],C34.1,8255/3,C34.1,YES,[Not Available],[Not Available],[Not Available],[Not Available],NO,97,0:LIVING,20.83,0:DiseaseFree,20.83,matched
TCGA-97-A4M7-01Z-00-DX2.9D0A8A7E-5A84-439B-B3D1-DFA22BC6ED87,TCGA-97-A4M7-01,TCGA-97-A4M7,6,108.1553507323358,21983569.023218423,21.983569023218422,2269285.9508091784,0.10322645737880064,19714283.07240925,765825.2132628331,0.034836255,50.94421799612769,87.22860546964576,99.38296315650317,47.937662972343574,peritumoral,5,50;100;200,C6B680E3-D96E-4FC7-8053-77454B7A14FA,TCGA-97-A4M7,3/7/13 0:00,Lung Adenocarcinoma,YES,NO,Male,Lung,WHITE,NOT HISPANIC OR LATINO,[Not Available],"Yes, History of Synchronous/Bilateral Malignancy",R-Middle,[Not Available],2012,[Not Available],[Not Available],R0,7th,T1b,N0,M0,Stage IA,[Not Applicable],[Not Applicable],[Not Applicable],[Not Applicable],YES,91,101,74,82,99,YES,NO,[Not Available],YES,L858R,NO,[Not Available],3,No,1958,1978,40,[Not Available],0,Preoperative,NO,[Not Available],Complete Remission/Response,TUMOR FREE,NO,74,[Not Applicable],0,[Not Available],[Not Available],[Not Available],[Not Available],[Not Applicable],[Not Available],[Not Available],[Not Available],[Not Available],C34.2,8255/3,C34.2,YES,[Not Available],[Not Available],[Not Available],[Not Available],NO,97,0:LIVING,20.66,0:DiseaseFree,20.66,matched
TCGA-L4-A4E6-01Z-00-DX1.1B537DE0-2CE3-4B90-9ED3-71F1F8747EE9,TCGA-L4-A4E6-01,TCGA-L4-A4E6,11,41.09440356730478,2323050.254783282,2.323050254783282,86683.54978948808,0.037314539,2236366.704993794,200121.2932269972,0.086145916,73.80661896217445,95.03213904256621,99.66041932,19.268254331931576,margin-localized,5,50;100;200,26A92E1B-08D8-45CD-AF0C-EAF2514808A2,TCGA-L4-A4E6,12/5/12 0:00,Lung Adenocarcinoma,NO,YES,Male,Lung,WHITE,NOT HISPANIC OR LATINO,[Not Available],No,R-Upper,Peripheral Lung,2012,[Not Available],[Not Available],R0,7th,T1,N0,M0,Stage IA,[Not Applicable],[Not Applicable],[Not Applicable],[Not Applicable],YES,69,85,84,82,98,NO,[Not Available],[Not Available],NO,[Not Available],NO,[Not Available],3,No,1954,1984,30,[Not Available],[Not Available],[Not Available],NO,[Not Available],Complete Remission/Response,TUMOR FREE,NO,67,[Not Applicable],0,[Not Available],[Not Available],[Not Available],[Not Available],[Not Applicable],[Not Available],[Not Available],[Not Available],[Not Available],C34.1,8140/3,C34.1,YES,[Not Available],[Not Available],[Not Available],[Not Available],NO,L4,0:LIVING,14.29,0:DiseaseFree,14.29,matched
TCGA-L9-A50W-01Z-00-DX1.21FAAB58-58EF-4A6A-8F0A-16D9AB9B1056,TCGA-L9-A50W-01,TCGA-L9-A50W,5,251.34446030075537,8309386.202985396,8.309386202985396,2198617.1257817354,0.2645944083080188,6110769.077203661,383638.7671987491,0.046169327,65.90612141846734,85.98537353806945,92.84758317763756,28.31277593684519,margin-localized,5,50;100;200,A815619F-DBBA-469F-A1F7-DFBD51CD86C5,TCGA-L9-A50W,3/8/13 0:00,Lung Adenocarcinoma,YES,NO,Male,Lung,BLACK OR AFRICAN AMERICAN,NOT HISPANIC OR LATINO,[Not Available],No,L-Lower,[Not Available],2012,[Not Available],[Not Available],R0,7th,T1b,N1,MX,Stage IIA,[Not Applicable],[Not Applicable],[Not Applicable],[Not Applicable],YES,81,[Not Available],103,[Not Available],[Not Available],NO,[Not Available],[Not Available],YES,T790M,YES,FISH,3,No,1967,1986,19,[Not Available],0,Preoperative,NO,[Not Available],Complete Remission/Response,TUMOR FREE,NO,75,[Not Applicable],0,[Not Available],[Not Available],[Not Available],[Not Available],[Not Applicable],[Not Available],[Not Available],[Not Available],[Not Available],C34.3,8255/3,C34.3,YES,[Not Available],[Not Available],[Not Available],[Not Available],NO,L9,1:DECEASED,14.52,1:Recurred/Progressed,12.78,matched
TCGA-L9-A743-01Z-00-DX1.27ED2955-E8B5-4A3C-ADAA-82568ECCFB83,TCGA-L9-A743-01,TCGA-L9-A743,6,83.09642601,8435266.027198626,8.435266027198626,731652.2766230456,0.086737309,7703613.750575581,208991.35343090704,0.024775905437604037,48.615441631795136,85.78618527583227,97.44940119983359,53.80244534405476,peritumoral,5,50;100;200,A5F2576A-D628-47DE-A5DF-76A4F3105DCC,TCGA-L9-A743,4/14/14 0:00,Lung Adenocarcinoma,YES,NO,Male,Lung,BLACK OR AFRICAN AMERICAN,NOT HISPANIC OR LATINO,[Not Available],"Yes, History of Prior Malignancy",L-Upper,Central Lung,2013,[Not Available],[Not Available],R0,7th,T2a,N1,M0,Stage IIA,[Not Applicable],[Not Applicable],[Not Applicable],[Not Applicable],YES,88,78,85,81,45,NO,[Not Available],[Not Available],NO,[Not Available],NO,[Not Available],2,No,1986,[Not Available],40.5,[Not Available],0,Preoperative,NO,[Not Available],Complete Remission/Response,TUMOR FREE,NO,56,[Not Applicable],0,[Not Available],[Not Available],[Not Available],[Not Available],[Not Applicable],[Not Available],[Not Available],[Not Available],[Not Available],C34.1,8140/3,C34.1,YES,[Not Available],[Not Available],[Not Available],[Not Available],YES,L9,0:LIVING,21.81,0:DiseaseFree,21.81,matched
TCGA-L9-A7SV-01Z-00-DX1.153B8E2D-54CE-4747-A22E-7A6ADCA03DB5,TCGA-L9-A7SV-01,TCGA-L9-A7SV,7,128.7558614629272,6768487.478516323,6.768487478516323,2371367.885552151,0.35035418076476427,4397119.592964171,280657.05755614996,0.041465254748121516,35.14906475006873,57.166283161147454,75.41583439312649,48.595588791576546,immune-penetrated,5,50;100;200,54E90433-5218-4D83-848F-F995ECBA2A63,TCGA-L9-A7SV,1/7/14 0:00,Lung Adenocarcinoma,YES,NO,Male,Lung,BLACK OR AFRICAN AMERICAN,NOT HISPANIC OR LATINO,[Not Available],No,L-Lower,[Not Available],2013,[Not Available],[Not Available],R0,7th,T2a,N1,M0,Stage IIA,[Not Applicable],[Not Applicable],[Not Applicable],[Not Applicable],YES,40,45,38,40,55,NO,[Not Available],[Not Available],NO,[Not Available],NO,[Not Available],3,No,1959,1990,93,[Not Available],0,Preoperative,NO,[Not Available],Complete Remission/Response,TUMOR FREE,NO,69,[Not Applicable],0,[Not Available],[Not Available],[Not Available],[Not Available],[Not Applicable],[Not Available],[Not Available],[Not Available],[Not Available],C34.3,8140/3,C34.3,YES,[Not Available],[Not Available],[Not Available],[Not Available],YES,L9,0:LIVING,18.56,0:DiseaseFree,18.56,matched
TCGA-MN-A4N5-01Z-00-DX1.D0FBA0D2-6245-4EFD-AF2B-849215600DBE,TCGA-MN-A4N5-01,TCGA-MN-A4N5,4,56.10528228772122,5765200.384,5.765200383991161,1035816.449335902,0.1796670332937885,4729383.934655258,134539.40614734168,0.023336466590290848,66.34030956576994,88.85384396116545,95.23637215233337,34.99268896855456,margin-localized,5,50;100;200,17E09B0D-EAB2-40EC-AE3C-BE9AB63FCEF0,TCGA-MN-A4N5,12/4/12 0:00,Lung Adenocarcinoma,NO,YES,Male,Lung,WHITE,NOT HISPANIC OR LATINO,[Not Available],No,L-Upper,[Not Available],2011,[Not Available],[Not Available],R0,7th,T1a,N0,M0,Stage IA,[Not Applicable],[Not Applicable],[Not Applicable],[Not Applicable],YES,105,[Not Available],77,[Not Available],82,NO,[Not Available],[Not Available],YES,[Not Available],YES,IHC,4,No,1971,2011,[Not Available],100,0,Preoperative,NO,[Not Available],Complete Remission/Response,[Not Available],[Not Available],63,[Not Applicable],0,[Not Available],[Not Available],[Not Available],[Not Available],[Not Applicable],[Not Available],[Not Available],[Not Available],[Not Available],C34.1,8140/3,C34.1,YES,[Not Available],[Not Available],[Not Available],[Not Available],NO,MN,0:LIVING,2.76,0:DiseaseFree,2.76,matched
TCGA-MP-A4T8-01Z-00-DX1.3ECB340F-66C7-4F64-8E00-463BF82AAD83,TCGA-MP-A4T8-01,TCGA-MP-A4T8,6,257.7437767325363,6993036.758632876,6.993036758632876,2045923.125,0.2925657615733703,4947113.633632876,231433.98316385428,0.033094918724422544,58.85745019817206,81.11402210252338,91.13791755431633,28.557302590580925,immune-penetrated,5,50;100;200,7C4ED533-EE66-48BE-A84B-FF8607742818,TCGA-MP-A4T8,4/2/13 0:00,Lung Adenocarcinoma,NO,YES,Male,Lung,[Not Available],[Not Available],[Not Available],"Yes, History of Prior Malignancy",L-Upper,[Not Available],2006,[Not Available],[Not Available],R0,6th,T2,N2,M0,Stage IIIA,[Not Applicable],[Not Applicable],[Not Applicable],[Not Applicable],YES,60,72,[Not Available],[Not Available],102,NO,[Not Available],[Not Available],NO,[Not Available],NO,[Not Available],3,No,1957,1972,25,[Not Available],1,Pre-Adjuvant Therapy,NO,[Not Available],[Not Available],[Not Available],[Not Available],68,[Not Applicable],0,[Not Available],[Not Available],[Not Available],[Not Available],[Not Applicable],[Not Available],[Not Available],[Not Available],[Not Available],C34.1,8140/3,C34.1,YES,[Not Available],[Not Available],[Not Available],[Not Available],YES,MP,1:DECEASED,5.29,[Not Available],[Not Available],matched
TCGA-MP-A4TC-01Z-00-DX1.C7DB4A7F-F6B8-4FA0-84C1-9B87D41C7749,TCGA-MP-A4TC-01,TCGA-MP-A4TC,6,63.390201685382806,1948040.1980037165,1.9480401980037165,75827.47928588372,0.038925007,1872212.7187178328,76901.52383785295,0.039476353679281845,51.31371238728347,93.52362031291277,99.95964362207414,57.97224551455636,peritumoral,5,50;100;200,99C35245-E1C8-4805-B7A5-F703BB506030,TCGA-MP-A4TC,4/2/13 0:00,Lung Adenocarcinoma,NO,YES,Male,Lung,WHITE,NOT HISPANIC OR LATINO,[Not Available],"Yes, History of Prior Malignancy",R-Middle,[Not Available],2008,[Not Available],[Not Available],R0,6th,T1,N2,M0,Stage IIIA,[Not Applicable],[Not Applicable],[Not Applicable],[Not Applicable],YES,83,76,[Not Available],[Not Available],68,NO,[Not Available],[Not Available],NO,[Not Available],NO,[Not Available],3,No,1944,1976,125,[Not Available],[Not Available],[Not Available],NO,[Not Available],Complete Remission/Response,TUMOR FREE,NO,77,[Not Applicable],0,[Not Available],[Not Available],[Not Available],[Not Available],[Not Applicable],[Not Available],[Not Available],[Not Available],[Not Available],C34.2,8140/3,C34.2,YES,[Not Available],[Not Available],[Not Available],[Not Available],YES,MP,1:DECEASED,2.43,[Not Available],[Not Available],matched
TCGA-MP-A4TE-01Z-00-DX1.B4680570-FD2E-47A5-8D50-A508CEB6A62C,TCGA-MP-A4TE-01,TCGA-MP-A4TE,8,231.06487953836887,5700321.926737491,5.700321926737491,379072.0335371974,0.06650011,5321249.893200293,37819.039318108895,0.006634544,32.50927211658108,81.57322352412692,96.58121053388327,66.31576924080727,peritumoral,5,50;100;200,BEBD0025-74E2-451B-93B3-86F82DF43573,TCGA-MP-A4TE,4/2/13 0:00,Lung Adenocarcinoma,NO,YES,Male,Lung,WHITE,NOT HISPANIC OR LATINO,[Not Available],No,L-Lower,Peripheral Lung,2010,[Not Available],[Not Available],RX,7th,T2b,N0,MX,Stage IIA,[Not Applicable],[Not Applicable],[Not Applicable],[Not Applicable],NO,[Not Available],[Not Available],[Not Available],[Not Available],[Not Available],YES,YES,G12C,NO,[Not Available],NO,[Not Available],4,No,1970,2010,40,[Not Available],[Not Available],[Not Available],NO,[Not Available],Complete Remission/Response,WITH TUMOR,YES,56,[Not Applicable],0,[Not Available],[Not Available],[Not Available],[Not Available],[Not Applicable],[Not Available],[Not Available],[Not Available],[Not Available],C34.3,8140/3,C34.3,YES,[Not Available],[Not Available],[Not Available],[Not Available],NO,MP,1:DECEASED,29.43,1:Recurred/Progressed,27.76,matched
TCGA-MP-A4TI-01Z-00-DX1.08AB4C0B-F953-41B5-A9BB-7452A8E34A54,TCGA-MP-A4TI-01,TCGA-MP-A4TI,9,95.96701236085333,10164054.708054718,10.164054708054717,1887197.5501705313,0.1856736907048505,8276857.157884189,750627.2274507717,0.07385116,65.86099848,85.60496561,92.25209693280412,26.76671498802197,margin-localized,5,50;100;200,F327DEA0-2D30-482F-809C-76A148A749B7,TCGA-MP-A4TI,4/2/13 0:00,Lung Adenocarcinoma,NO,YES,Male,Lung,WHITE,NOT HISPANIC OR LATINO,[Not Available],No,R-Lower,[Not Available],2010,[Not Available],[Not Available],R0,7th,T2a,N1,M0,Stage IIA,[Not Applicable],[Not Applicable],[Not Applicable],[Not Applicable],NO,[Not Available],[Not Available],[Not Available],[Not Available],[Not Available],YES,YES,G12C,YES,[Not Available],NO,[Not Available],3,No,1955,1990,35,[Not Available],[Not Available],[Not Available],[Not Available],[Not Available],[Not Available],WITH TUMOR,YES,72,[Not Applicable],0,[Not Available],[Not Available],[Not Available],[Not Available],[Not Applicable],[Not Available],[Not Available],[Not Available],[Not Available],C34.3,8140/3,C34.3,YES,[Not Available],[Not Available],[Not Available],[Not Available],[Not Available],MP,1:DECEASED,14.09,1:Recurred/Progressed,2.76,matched
TCGA-NJ-A4YP-01Z-00-DX1.148BFF66-4DC7-468C-8783-97F27C2E1245,TCGA-NJ-A4YP-01,TCGA-NJ-A4YP,8,144.53379849039794,5323232.651361122,5.3232326513611214,278510.6810396711,0.052319840082220986,5044721.97,88813.07204961653,0.016684048559648713,76.74344305084736,98.09920406909873,99.96991205957355,25.378694312355787,margin-localized,5,50;100;200,42259AA6-C9F5-4309-A956-DBF930312F44,TCGA-NJ-A4YP,9/27/13 0:00,Lung Adenocarcinoma,[Not Available],[Not Available],Male,Lung,WHITE,NOT HISPANIC OR LATINO,[Not Available],No,R-Lower,[Not Available],2011,[Not Available],[Not Available],[Not Available],7th,T2a,N0,M0,Stage IB,[Not Applicable],[Not Applicable],[Not Applicable],[Not Applicable],NO,[Not Available],[Not Available],[Not Available],[Not Available],[Not Available],NO,[Not Available],[Not Available],NO,[Not Available],NO,[Not Available],5,No,[Not Available],[Not Available],60,[Not Available],[Not Available],[Not Available],NO,[Not Available],Stable Disease,TUMOR FREE,NO,52,[Not Applicable],0,[Not Available],[Not Available],[Not Available],[Not Available],[Not Applicable],[Not Available],[Not Available],[Not Available],[Not Available],C34.3,8255/3,C34.3,YES,[Not Available],[Not Available],[Not Available],[Not Available],NO,NJ,0:LIVING,1.64,0:DiseaseFree,1.64,matched
TCGA-NJ-A55R-01Z-00-DX1.2E2B3642-4E1C-47DB-AF7B-988D586C0986,TCGA-NJ-A55R-01,TCGA-NJ-A55R,10,180.22695838347923,2046531.2231066476,2.0465312231066477,22537.28125,0.011012429713038173,2023993.9418566478,49837.81624583598,0.024352336,34.714722843145545,64.10497772812097,98.17714486819277,83.36911992008791,peritumoral,5,50;100;200,7C7D777B-BF00-4C24-97FC-922580D5605F,TCGA-NJ-A55R,9/27/13 0:00,Lung Adenocarcinoma,[Not Available],[Not Available],Male,Lung,WHITE,NOT HISPANIC OR LATINO,[Not Available],No,L-Upper,[Not Available],2011,[Not Available],[Not Available],[Not Available],7th,T1b,N0,MX,Stage IA,[Not Applicable],[Not Applicable],[Not Applicable],[Not Applicable],NO,[Not Available],[Not Available],[Not Available],[Not Available],[Not Available],NO,[Not Available],[Not Available],NO,[Not Available],NO,[Not Available],3,No,[Not Available],1986,5,[Not Available],[Not Available],[Not Available],NO,[Not Available],Stable Disease,TUMOR FREE,NO,67,[Not Applicable],0,[Not Available],[Not Available],[Not Available],[Not Available],[Not Applicable],[Not Available],[Not Available],[Not Available],[Not Available],C34.1,8230/3,C34.1,YES,[Not Available],[Not Available],[Not Available],[Not Available],NO,NJ,0:LIVING,19.81,0:DiseaseFree,19.81,matched