wsi_name,sample_id,subject_id,n_clusters,n_clusters_with_tumor,wsi_cluster_area_mm2,wsi_tumor_area_mm2,wsi_tumor_fraction_of_cluster,wsi_tumor_perimeter_um,wsi_tumor_boundary_per_area_um_per_mm2,wsi_tumor_n_islands,wsi_tumor_patch_density_per_mm2,wsi_tumor_n_islands_fragment,wsi_tumor_n_islands_micro,wsi_tumor_n_islands_small,wsi_tumor_n_islands_large,wsi_area_weighted_tumor_compactness_mean,wsi_area_weighted_tumor_solidity_mean,wsi_area_weighted_tumor_elongation_mean,wsi_area_weighted_tumor_hole_fraction,wsi_area_weighted_tumor_largest_patch_index,wsi_area_weighted_tumor_fragmentation_index,wsi_area_weighted_tumor_effective_patches,wsi_area_weighted_tumor_island_nnd_median_um,wsi_area_weighted_tumor_spread_frac,wsi_area_weighted_tumor_convex_hull_fill,wsi_island_area_mean_um2,wsi_island_area_median_um2,wsi_island_area_p90_um2,wsi_island_area_max_um2,OTHER_PATIENT_ID,PATIENT_ID,FORM_COMPLETION_DATE,HISTOLOGICAL_DIAGNOSIS,PROSPECTIVE_COLLECTION,RETROSPECTIVE_COLLECTION,SEX,TUMOR_SITE,RACE,ETHNICITY,LATERALITY,HISTORY_OTHER_MALIGNANCY,PRIMARY_SITE_PATIENT,LOCATION_LUNG_PARENCHYMA,INITIAL_PATHOLOGIC_DX_YEAR,METHOD_OF_INITIAL_SAMPLE_PROCUREMENT,METHOD_OF_INITIAL_SAMPLE_PROCUREMENT_OTHER,RESIDUAL_TUMOR,AJCC_STAGING_EDITION,AJCC_TUMOR_PATHOLOGIC_PT,AJCC_NODES_PATHOLOGIC_PN,AJCC_METASTASIS_PATHOLOGIC_PM,AJCC_PATHOLOGIC_TUMOR_STAGE,AJCC_NODES_CLINICAL_CT,AJCC_NODES_CLINICAL_CN,AJCC_METASTASIS_CLINICAL_CM,AJCC_CLINICAL_TUMOR_STAGE,PULMONARY_FUNCTION_TEST_INDICATOR,FEV1_PERCENT_REF_PREBRONCHOLIATOR,FEV1_PERCENT_REF_POSTBRONCHOLIATOR,FEV1_FVC_RATIO_PREBRONCHOLIATOR,FEV1_FVC_RATIO_POSTBRONCHOLIATOR,CARBON_MONOXIDE_DIFFUSION_DLCO,KRAS_GENE_ANALYSIS_INDICATOR,KRAS_MUTATION,KRAS_MUTATION_IDENTIFIED_TYPE,MUTATION_STATUS,MUTATION_TYPE,ALK_TRANSLOCATION_STATUS,ALK_ANALYSIS_TYPE,TOBACCO_SMOKING_HISTORY_INDICATOR,HISTORY_NEOADJUVANT_TRTYN,SMOKING_YEAR_STARTED,SMOKING_YEAR_STOPPED,SMOKING_PACK_YEARS,KARNOFSKY_PERFORMANCE_SCORE,ECOG_SCORE,PERFORMANCE_STATUS_TIMING,RADIATION_TREATMENT_ADJUVANT,PHARMACEUTICAL_TX_ADJUVANT,TREATMENT_OUTCOME_FIRST_COURSE,TUMOR_STATUS,NEW_TUMOR_EVENT_AFTER_INITIAL_TREATMENT,AGE,PRIMARY_SITE_OTHER,DAYS_TO_INITIAL_PATHOLOGIC_DIAGNOSIS,DAYS_TO_PATIENT_PROGRESSION_FREE,DAYS_TO_TUMOR_PROGRESSION,DISEASE_CODE,ALK_TRANSLOCATION_VARIANT,EXTRANODAL_INVOLVEMENT,HISTORY_IMMUNOLOGICAL_DISEASE,HISTORY_IMMUNOLOGICAL_DISEASE_OTHER,HISTORY_RELEVANT_INFECTIOUS_DX,HIV_STATUS,ICD_10,ICD_O_3_HISTOLOGY,ICD_O_3_SITE,INFORMED_CONSENT_VERIFIED,NUMBER_OF_LYMPHNODES_POSITIVE_BY_IHC,POS_LYMPH_NODE_LOCATION,PROJECT_CODE,STAGE_OTHER,TARGETED_MOLECULAR_THERAPY,TISSUE_SOURCE_SITE,OS_STATUS,OS_MONTHS,DFS_STATUS,DFS_MONTHS,clinical_match
TCGA-05-4250-01Z-00-DX1.90f67fdf-dff9-46ca-af71-0978d7c221ba,TCGA-05-4250-01,TCGA-05-4250,1,1,45.46302918860966,33.48920133754343,0.7366249441630659,874931.8046335133,26125.78890176941,190,4.179219981399804,4620,123,52,15,0.016802926529104537,0.620302535,1.4939362409604162,0.034896109918525715,0.2831730471845725,0.7168269528154275,4.912035099516533,208.17843623386494,0.9652313830003825,0.5095798606384837,175504.93513040626,5625.515625,71445.21261513485,9442670.782593494,f98ecd8a-b878-4f53-b911-20cd8e17281c,TCGA-05-4250,7/22/10 0:00,Lung Adenocarcinoma,NO,YES,Female,Lung,[Not Available],[Not Available],[Not Available],No,R-Lower,[Not Available],2007,[Not Available],[Not Available],R2,6th,T3,N1,M0,Stage IIIA,[Not Applicable],[Not Applicable],[Not Applicable],[Not Applicable],[Not Available],[Not Available],[Not Available],[Not Available],[Not Available],[Not Available],[Not Available],[Not Available],[Not Available],[Not Available],[Not Available],[Not Available],[Not Available],4,No,[Not Available],[Not Available],47,[Not Available],[Not Available],[Not Available],[Not Available],[Not Available],[Not Available],[Not Available],[Not Available],79,[Not Applicable],0,[Not Available],[Not Available],[Not Available],[Not Available],[Not Applicable],[Not Available],[Not Available],[Not Available],[Not Available],C34.3,8140/3,C34.3,YES,[Not Available],[Not Available],[Not Available],[Not Available],[Not Available],5,1:DECEASED,3.98,[Not Available],[Not Available],matched
TCGA-05-4398-01Z-00-DX1.269bc75f-492e-48b1-87ee-85924aa80e74,TCGA-05-4398-01,TCGA-05-4398,1,1,104.57837434131953,70.26073648030763,0.6718476637530518,2686302.5779213705,38233.33930856639,1147,10.967850736103989,9209,848,263,36,0.024270140290190933,0.6222456587823607,1.8666550166476716,0.034006019,0.326127645,0.673872355,6.408389659615892,114.93654839192797,0.9868310065044894,0.4043910614036245,60695.50705667518,3595.7888104189333,31501.561080313255,22704271.71994414,31c96e35-5e2f-429c-b12a-7bc5a497a300,TCGA-05-4398,7/22/10 0:00,Lung Adenocarcinoma,NO,YES,Female,Lung,[Not Available],[Not Available],[Not Available],No,R-Upper,[Not Available],2006,[Not Available],[Not Available],R0,5th,T4,N3,M0,Stage IIIB,[Not Applicable],[Not Applicable],[Not Applicable],[Not Applicable],[Not Available],[Not Available],[Not Available],[Not Available],[Not Available],[Not Available],[Not Available],[Not Available],[Not Available],[Not Available],[Not Available],[Not Available],[Not Available],2,No,[Not Available],[Not Available],72,[Not Available],[Not Available],[Not Available],[Not Available],[Not Available],[Not Available],TUMOR FREE,[Not Available],47,[Not Applicable],0,[Not Available],[Not Available],[Not Available],[Not Available],[Not Applicable],[Not Available],[Not Available],[Not Available],[Not Available],C34.1,8255/3,C34.1,YES,[Not Available],[Not Available],[Not Available],[Not Available],[Not Available],5,0:LIVING,47.01,0:DiseaseFree,47.01,matched
TCGA-05-4402-01Z-00-DX1.c653ddc2-88c1-45ac-88e7-4e512b8e8d53,TCGA-05-4402-01,TCGA-05-4402,2,2,92.58671244111702,62.164425073586195,0.6714184296490852,2396902.108803576,38557.45639031133,1128,12.183173700193553,9163,842,238,48,0.033037777087932645,0.6010029824469629,1.4693646003181604,0.022193871605365467,0.4099094190650505,0.5900905809349495,4.685879509506073,119.43351166471614,0.9795817331550724,0.5360585583808859,54709.76861770147,3974.896501,34742.81854368207,21026406.180753678,722d6818-f1cb-49f4-b68a-fd0a31304681,TCGA-05-4402,7/22/10 0:00,Lung Adenocarcinoma,NO,YES,Female,Lung,[Not Available],[Not Available],[Not Available],Yes,R-Lower,[Not Available],2007,[Not Available],[Not Available],R2,6th,T2,NX,M1,Stage IV,[Not Applicable],[Not Applicable],[Not Applicable],[Not Applicable],[Not Available],[Not Available],[Not Available],[Not Available],[Not Available],[Not Available],[Not Available],[Not Available],[Not Available],[Not Available],[Not Available],[Not Available],[Not Available],1,No,[Not Available],[Not Available],[Not Available],[Not Available],[Not Available],[Not Available],[Not Available],[Not Available],[Not Available],TUMOR FREE,[Not Available],57,[Not Applicable],0,[Not Available],[Not Available],[Not Available],[Not Available],[Not Applicable],[Not Available],[Not Available],[Not Available],[Not Available],C34.3,8255/3,C34.3,YES,[Not Available],[Not Available],[Not Available],[Not Available],[Not Available],5,1:DECEASED,8.02,[Not Available],[Not Available],matched
TCGA-38-4627-01Z-00-DX1.fe406eb9-b38b-410d-aa1a-84ab8ac091c7,TCGA-38-4627-01,TCGA-38-4627,37,37,34.91083443851542,14.012755346431454,0.40138700697946833,919603.2984794601,65626.15814980671,894,25.608096007401453,2839,666,211,17,0.13127241297375963,0.6673296668954267,1.7278666597164958,0.003229144,0.3225791404049518,0.6774208595950484,9.976490788007572,121.93322774200145,0.9070503494603884,0.31669613385379647,15264.33417,4110.40625,27614.620426503472,893896.5930656758,d717fa33-3c91-4ced-89c6-79ff5542f04c,TCGA-38-4627,12/7/10 0:00,Lung Adenocarcinoma,NO,YES,Female,Lung,WHITE,NOT HISPANIC OR LATINO,[Not Available],No,R-Upper,Central Lung,2003,[Not Available],[Not Available],R0,[Not Available],T1b,N1,M0,Stage IIA,[Not Applicable],[Not Applicable],[Not Applicable],[Not Applicable],[Not Available],[Not Available],[Not Available],[Not Available],[Not Available],[Not Available],[Not Available],[Not Available],[Not Available],[Not Available],[Not Available],[Not Available],[Not Available],4,No,[Not Available],[Not Available],[Not Available],[Not Available],[Not Available],[Not Available],[Not Available],[Not Available],[Not Available],[Not Available],[Not Available],64,[Not Applicable],0,[Not Available],[Not Available],[Not Available],[Not Available],[Not Applicable],[Not Available],[Not Available],[Not Available],[Not Available],C34.1,8140/3,C34.1,YES,[Not Available],[Not Available],[Not Available],[Not Available],[Not Available],38,1:DECEASED,37.68,[Not Available],[Not Available],matched
TCGA-38-4628-01Z-00-DX1.eee4f100-142f-4d9c-8e38-b16aab123413,TCGA-38-4628-01,TCGA-38-4628,1,1,35.525742707453816,17.669994471216008,0.49738564557887727,845189.0172417236,47831.87785,618,17.395836171226186,2026,401,193,24,0.10453937574813273,0.60652018,1.793068029669016,0.005387654,0.24884177759619303,0.7511582224038069,13.633431680852233,137.76653850766226,0.9649072710770473,0.3536872229858574,28241.150602112793,5968.7514312332205,46331.632543773645,4343043.276424374,cc4bd56a-25c5-4c48-b583-ac3aeb778ca6,TCGA-38-4628,12/9/10 0:00,Lung Adenocarcinoma,NO,YES,Female,Lung,WHITE,NOT HISPANIC OR LATINO,[Not Available],No,R-Upper,Central Lung,2002,[Not Available],[Not Available],R0,5th,T2,N1,M0,Stage IIB,[Not Applicable],[Not Applicable],[Not Applicable],[Not Applicable],YES,86,85,74,78,72,NO,[Not Available],[Not Available],NO,[Not Available],NO,[Not Available],1,No,[Not Available],[Not Available],[Not Available],[Not Available],[Not Available],[Not Available],[Not Available],[Not Available],[Not Available],WITH TUMOR,[Not Available],65,[Not Applicable],0,[Not Available],[Not Available],[Not Available],[Not Available],[Not Applicable],[Not Available],[Not Available],[Not Available],[Not Available],C34.1,8140/3,C34.1,YES,[Not Available],[Not Available],[Not Available],[Not Available],[Not Available],38,1:DECEASED,49.01,1:Recurred/Progressed,35.58,matched
TCGA-38-4630-01Z-00-DX1.d08d0193-c5ed-4db8-b236-1a4c3c3177b8,TCGA-38-4630-01,TCGA-38-4630,6,6,141.7856569034234,123.81766169655606,0.8732735341551073,1487011.5536302447,12009.68854729717,164,1.156675531092033,3916,97,49,18,0.008595426,0.709648832,1.6522568249791334,0.035814788,0.9201989014191222,0.079801099,1.1790838679804996,258.3045786345681,0.9636542698725835,0.86615215,753761.7915102382,5186.955692,105740.54789846539,52527610.49600249,f1985735-a188-4567-a88a-530f9b80291b,TCGA-38-4630,12/14/10 0:00,Lung Adenocarcinoma,NO,YES,Female,Lung,WHITE,NOT HISPANIC OR LATINO,[Not Available],Yes,R-Upper,Peripheral Lung,2000,[Not Available],[Not Available],R1,6th,T2,N0,M0,Stage IB,[Not Applicable],[Not Applicable],[Not Applicable],[Not Applicable],NO,[Not Available],[Not Available],[Not Available],[Not Available],[Not Available],NO,[Not Available],[Not Available],NO,[Not Available],NO,[Not Available],1,No,[Not Available],[Not Available],[Not Available],[Not Available],[Not Available],[Not Available],[Not Available],[Not Available],[Not Available],WITH TUMOR,[Not Available],75,[Not Applicable],0,[Not Available],[Not Available],[Not Available],[Not Available],[Not Applicable],[Not Available],[Not Available],[Not Available],[Not Available],C34.1,8260/3,C34.1,YES,[Not Available],[Not Available],[Not Available],[Not Available],[Not Available],38,1:DECEASED,35.25,1:Recurred/Progressed,27.46,matched
TCGA-38-4631-01Z-00-DX1.5e0c873a-9c4c-4e0b-bf2e-e3cd8b760761,TCGA-38-4631-01,TCGA-38-4631,2,2,52.803401937437286,37.58540568432583,0.7117989429707181,826165.5160228172,21981.018988105574,252,4.772419782698386,1789,155,80,17,0.03022152,0.5606811015330795,1.9962548818968673,0.046999982051351454,0.5801167419288994,0.4198832580711007,2.8044372501138524,192.2688826707259,0.9629257795723802,0.552191662,148694.1922016492,6743.194489850679,73317.83707081713,15413515.094743926,2483621a-4db3-41ab-aa33-b9427ea8a0af,TCGA-38-4631,12/14/10 0:00,Lung Adenocarcinoma,NO,YES,Female,Lung,WHITE,NOT HISPANIC OR LATINO,[Not Available],Yes,L-Upper,Peripheral Lung,1997,[Not Available],[Not Available],R0,[Not Available],T2,N0,M0,Stage IB,[Not Applicable],[Not Applicable],[Not Applicable],[Not Applicable],[Not Available],[Not Available],[Not Available],[Not Available],[Not Available],[Not Available],NO,[Not Available],[Not Available],NO,[Not Available],NO,[Not Available],4,No,[Not Available],[Not Available],40,[Not Available],[Not Available],[Not Available],[Not Available],[Not Available],[Not Available],WITH TUMOR,[Not Available],72,[Not Applicable],0,[Not Available],[Not Available],[Not Available],[Not Available],[Not Applicable],[Not Available],[Not Available],[Not Available],[Not Available],C34.1,8140/3,C34.1,YES,[Not Available],[Not Available],[Not Available],[Not Available],[Not Available],38,1:DECEASED,11.63,[Not Available],[Not Available],matched
TCGA-44-3918-01Z-00-DX1.6da70a8b-6307-423a-9d2d-380c16962855,TCGA-44-3918-01,TCGA-44-3918,2,2,103.6400057682381,60.24368347240268,0.5812782720904207,2210791.335246362,36697.47943382502,1542,14.878424490329072,3497,978,471,93,0.092798922,0.6490224515777738,1.70470313,0.0080487,0.17293830337757213,0.8270616966224278,25.417756158196685,132.62535103465999,0.9703094430168191,0.45176010302987873,38770.225249763265,6180.359375,57516.673,6939080.367837681,6e3b6b72-142d-4b8d-a462-28a205796e41,TCGA-44-3918,10/7/10 0:00,Lung Adenocarcinoma,YES,NO,Female,Lung,WHITE,NOT HISPANIC OR LATINO,[Not Available],No,L-Upper,[Not Available],2010,[Not Available],[Not Available],R0,6th,T1,N0,M0,Stage IA,[Not Applicable],[Not Applicable],[Not Applicable],[Not Applicable],YES,104,[Not Available],103,[Not Available],76,NO,[Not Available],[Not Available],[Not Available],[Not Available],[Not Available],[Not Available],3,No,1974,1994,20,[Not Available],[Not Available],[Not Available],[Not Available],[Not Available],[Not Available],TUMOR FREE,[Not Available],60,[Not Applicable],0,[Not Available],[Not Available],FPPP,[Not Available],[Not Applicable],[Not Available],[Not Available],[Not Available],[Not Available],C34.1,8140/3,C34.1,YES,[Not Available],[Not Available],TCGA,[Not Available],[Not Available],44,0:LIVING,34.03,1:Recurred/Progressed,16.79,matched
TCGA-44-6777-01Z-00-DX1.aca7b23d-a601-4476-8bfd-eb46f0b6a96e,TCGA-44-6777-01,TCGA-44-6777,13,13,84.00584960952702,49.08277955,0.584278116,1684170.3662091803,34312.85639381034,1029,12.24914699134597,4224,622,299,108,0.11923770395377808,0.6595321092318505,1.594987191168786,0.010993910581669979,0.088834223,0.9111657767129231,41.11820747618012,155.26389374663793,0.9625968541044815,0.39917707047325235,47138.13829614887,5964.393359610509,112142.34312448974,2154266.942328096,349e6f38-2c67-4a69-a777-b9173a2a27cf,TCGA-44-6777,8/30/11 0:00,Lung Adenocarcinoma,NO,YES,Female,Lung,WHITE,[Not Available],[Not Available],No,L-Upper,[Not Available],2006,[Not Available],[Not Available],[Not Available],6th,T2,NX,MX,Stage IB,[Not Applicable],[Not Applicable],[Not Applicable],[Not Applicable],YES,62,71,68,77,178,[Not Available],[Not Available],[Not Available],[Not Available],[Not Available],[Not Available],[Not Available],4,No,1942,2006,64,[Not Available],1,Preoperative,[Not Available],[Not Available],[Not Available],TUMOR FREE,[Not Available],85,[Not Applicable],0,[Not Available],[Not Available],[Not Available],[Not Available],[Not Applicable],[Not Available],[Not Available],[Not Available],[Not Available],C34.1,8140/3,C34.1,YES,[Not Available],[Not Available],[Not Available],[Not Available],[Not Available],44,1:DECEASED,32.42,[Not Available],[Not Available],matched
TCGA-44-7661-01Z-00-DX1.baf72abd-edb9-4f56-beb3-f5138aa50930,TCGA-44-7661-01,TCGA-44-7661,3,3,3.0142124650147264,0.8108226174518629,0.2689998222961703,143214.10390640984,176628.1561761099,162,53.74538188010862,826,150,12,0,0.13919733200945403,0.5560903086830166,1.7035482739789345,0,0.11466043299980078,0.8853395670001992,42.04068244356981,81.46363708943271,0.9046506511591538,0.2188814077414117,4085.424245083461,2256.4241233337116,7634.771589877222,56780.63421273247,cbfef004-b437-4d51-9d88-a2db50aa6481,TCGA-44-7661,1/17/12 0:00,Lung Adenocarcinoma,YES,NO,Female,Lung,WHITE,NOT HISPANIC OR LATINO,[Not Available],Yes,R-Lower,Peripheral Lung,2011,[Not Available],[Not Available],[Not Available],7th,T2a,N0,M0,Stage IB,[Not Applicable],[Not Applicable],[Not Applicable],[Not Applicable],YES,68,81,92,95,[Not Available],[Not Available],[Not Available],[Not Available],YES,[Not Available],YES,[Not Available],3,No,1961,1976,22,[Not Available],0,Preoperative,[Not Available],[Not Available],[Not Available],TUMOR FREE,[Not Available],69,[Not Applicable],0,[Not Available],[Not Available],[Not Available],[Not Available],[Not Applicable],[Not Available],[Not Available],[Not Available],[Not Available],C34.3,8140/3,C34.3,YES,[Not Available],[Not Available],[Not Available],[Not Available],[Not Available],44,1:DECEASED,18.3,1:Recurred/Progressed,11.01,matched
TCGA-44-7670-01Z-00-DX1.2a981dd6-0063-438e-b20e-b180b16e2b23,TCGA-44-7670-01,TCGA-44-7670,3,3,52.88487066851518,27.201373496569232,0.5143507614317279,1500478.8838835652,55161.87938351028,1108,20.951171592060714,2460,768,298,42,0.10197436835281781,0.5965333159773075,2.0556147922110597,0.007033427,0.1372018772433622,0.8627981227566379,24.317828227885947,112.62882569648387,0.9504473462766907,0.35642091111047247,24220.17290423179,5078.845272912087,42772.96911406511,1380242.5304676474,9b38eded-3f46-4aaa-9991-68008d97bdbe,TCGA-44-7670,1/18/12 0:00,Lung Adenocarcinoma,YES,NO,Female,Lung,WHITE,HISPANIC OR LATINO,[Not Available],Yes,L-Upper,[Not Available],2010,[Not Available],[Not Available],[Not Available],7th,T1b,N1,M0,Stage IIA,[Not Applicable],[Not Applicable],[Not Applicable],[Not Applicable],YES,80,82,86,90,50,[Not Available],[Not Available],[Not Available],[Not Available],[Not Available],[Not Available],[Not Available],2,No,1980,[Not Available],30,[Not Available],[Not Available],[Not Available],[Not Available],[Not Available],[Not Available],TUMOR FREE,[Not Available],47,[Not Applicable],0,[Not Available],[Not Available],[Not Available],[Not Available],[Not Applicable],[Not Available],[Not Available],[Not Available],[Not Available],C34.1,8140/3,C34.1,YES,[Not Available],[Not Available],[Not Available],[Not Available],[Not Available],44,0:LIVING,28.98,0:DiseaseFree,28.98,matched
TCGA-44-A479-01Z-00-DX1.CA5654C6-A623-452E-A8AC-DB6279CA97B1,TCGA-44-A479-01,TCGA-44-A479,11,11,81.97663890129083,36.315935432287134,0.44300346926903933,1340338.2486274403,36907.71647963103,1350,16.468106256778267,1329,733,541,76,0.2198444554346207,0.7006043188793444,1.7332194911307846,0.004027775,0.056412751,0.9435872487579404,76.99670264566141,167.28449713717166,0.9545673540799968,0.28500696813740634,26753.82707920422,8675.421875,63143.531376508734,675984.5868964333,851867CB-9AD0-4FDF-AC75-9BB0427AD440,TCGA-44-A479,11/28/12 0:00,Lung Adenocarcinoma,YES,NO,Female,Lung,BLACK OR AFRICAN AMERICAN,NOT HISPANIC OR LATINO,[Not Available],No,R-Upper,[Not Available],2012,[Not Available],[Not Available],R0,7th,T2,N0,MX,Stage IB,[Not Applicable],[Not Applicable],[Not Applicable],[Not Applicable],YES,102,[Not Available],115,[Not Available],60,NO,[Not Available],[Not Available],YES,[Not Available],NO,[Not Available],4,No,1962,2002,40,[Not Available],0,Preoperative,NO,[Not Available],Complete Remission/Response,TUMOR FREE,NO,73,[Not Applicable],0,[Not Available],[Not Available],[Not Available],[Not Available],[Not Applicable],[Not Available],[Not Available],[Not Available],[Not Available],C34.1,8140/3,C34.1,YES,[Not Available],[Not Available],[Not Available],[Not Available],NO,44,0:LIVING,15.97,1:Recurred/Progressed,14.36,matched
TCGA-49-4490-01Z-00-DX1.bde106d9-1494-4775-b77d-11c86bb09b72,TCGA-49-4490-01,TCGA-49-4490,24,24,81.39029930794757,43.90719053730848,0.539464665,1813436.2448356026,41301.577774481004,1403,17.23792653337743,3548,1065,297,41,0.070796419,0.5536202490802132,1.7069495243374138,0.008999166,0.4914240349693142,0.5085759650306857,4.0708397101152896,117.67097459935295,0.9693526739621838,0.3001892716675254,30851.19923442707,3912.1605809642197,26907.318224831153,10429202.937743872,6c3655ca-8ae7-4ad7-b3e4-0c3ec293fba7,TCGA-49-4490,8/9/11 0:00,Lung Adenocarcinoma,NO,YES,Female,Lung,WHITE,NOT HISPANIC OR LATINO,[Not Available],No,L-Upper,[Not Available],1993,[Not Available],[Not Available],[Not Available],4th,T3,N2,M0,Stage IIIA,[Not Applicable],[Not Applicable],[Not Applicable],[Not Applicable],[Not Available],[Not Available],[Not Available],[Not Available],[Not Available],[Not Available],[Not Available],[Not Available],[Not Available],[Not Available],[Not Available],[Not Available],[Not Available],3,No,[Not Available],[Not Available],5,[Not Available],[Not Available],[Not Available],[Not Available],[Not Available],[Not Available],[Not Available],[Not Available],45,[Not Applicable],0,[Not Available],[Not Available],[Not Available],[Not Available],[Not Applicable],[Not Available],[Not Available],[Not Available],[Not Available],C34.1,8140/3,C34.1,YES,[Not Available],[Not Available],[Not Available],[Not Available],[Not Available],49,1:DECEASED,12.65,[Not Available],[Not Available],matched
TCGA-49-4490-01Z-00-DX2.1b491bd7-60d2-40a6-96cd-01385bce2b0f,TCGA-49-4490-01,TCGA-49-4490,19,19,103.01525767887996,46.17475076749836,0.44823215325476046,2866302.2217286434,62075.098924977545,2562,24.87010232975671,9450,2044,469,49,0.085637741,0.5818437779177968,1.6994074170532507,0.007649859,0.2028340294622384,0.7971659705377618,18.84513048781831,107.96967607224346,0.9833764240543453,0.24189832046891074,17469.24661792518,3290.78125,21160.08490283129,8688904.795186006,6c3655ca-8ae7-4ad7-b3e4-0c3ec293fba7,TCGA-49-4490,8/9/11 0:00,Lung Adenocarcinoma,NO,YES,Female,Lung,WHITE,NOT HISPANIC OR LATINO,[Not Available],No,L-Upper,[Not Available],1993,[Not Available],[Not Available],[Not Available],4th,T3,N2,M0,Stage IIIA,[Not Applicable],[Not Applicable],[Not Applicable],[Not Applicable],[Not Available],[Not Available],[Not Available],[Not Available],[Not Available],[Not Available],[Not Available],[Not Available],[Not Available],[Not Available],[Not Available],[Not Available],[Not Available],3,No,[Not Available],[Not Available],5,[Not Available],[Not Available],[Not Available],[Not Available],[Not Available],[Not Available],[Not Available],[Not Available],45,[Not Applicable],0,[Not Available],[Not Available],[Not Available],[Not Available],[Not Applicable],[Not Available],[Not Available],[Not Available],[Not Available],C34.1,8140/3,C34.1,YES,[Not Available],[Not Available],[Not Available],[Not Available],[Not Available],49,1:DECEASED,12.65,[Not Available],[Not Available],matched
TCGA-49-4490-01Z-00-DX3.0949a10a-0a1f-49dc-9296-ab4d4f0bf988,TCGA-49-4490-01,TCGA-49-4490,6,6,131.33142548641996,61.07466201362903,0.4650422531197173,3943541.0816312847,64569.18387450543,3461,26.35317470423617,10828,2597,791,73,0.1020567405187269,0.6080479692511465,1.8295216397067648,0.005162613,0.098074403,0.9019255971791165,58.275385789376536,103.23103106333186,0.9816383681049428,0.20728364831216037,17272.205565333257,4034.685791244694,23449.558053755623,5491207.075437449,6c3655ca-8ae7-4ad7-b3e4-0c3ec293fba7,TCGA-49-4490,8/9/11 0:00,Lung Adenocarcinoma,NO,YES,Female,Lung,WHITE,NOT HISPANIC OR LATINO,[Not Available],No,L-Upper,[Not Available],1993,[Not Available],[Not Available],[Not Available],4th,T3,N2,M0,Stage IIIA,[Not Applicable],[Not Applicable],[Not Applicable],[Not Applicable],[Not Available],[Not Available],[Not Available],[Not Available],[Not Available],[Not Available],[Not Available],[Not Available],[Not Available],[Not Available],[Not Available],[Not Available],[Not Available],3,No,[Not Available],[Not Available],5,[Not Available],[Not Available],[Not Available],[Not Available],[Not Available],[Not Available],[Not Available],[Not Available],45,[Not Applicable],0,[Not Available],[Not Available],[Not Available],[Not Available],[Not Applicable],[Not Available],[Not Available],[Not Available],[Not Available],C34.1,8140/3,C34.1,YES,[Not Available],[Not Available],[Not Available],[Not Available],[Not Available],49,1:DECEASED,12.65,[Not Available],[Not Available],matched
TCGA-49-4490-01Z-00-DX4.4e94aeb6-f616-4bdd-82bc-2ca2f2b5a5c4,TCGA-49-4490-01,TCGA-49-4490,43,43,73.26388799712316,28.84837759651384,0.3937598506599406,1768207.712199534,61293.142267148214,1738,23.72246474372539,5774,1299,404,35,0.12216145,0.6204521103727075,1.7981544905867715,0.011864614254433341,0.25206286557853597,0.7479371344214638,43.304868874920565,120.11038598201647,0.9522353154294677,0.2704101873219265,16172.988257553274,3897.350872281826,25528.860928008507,5241511.875110023,6c3655ca-8ae7-4ad7-b3e4-0c3ec293fba7,TCGA-49-4490,8/9/11 0:00,Lung Adenocarcinoma,NO,YES,Female,Lung,WHITE,NOT HISPANIC OR LATINO,[Not Available],No,L-Upper,[Not Available],1993,[Not Available],[Not Available],[Not Available],4th,T3,N2,M0,Stage IIIA,[Not Applicable],[Not Applicable],[Not Applicable],[Not Applicable],[Not Available],[Not Available],[Not Available],[Not Available],[Not Available],[Not Available],[Not Available],[Not Available],[Not Available],[Not Available],[Not Available],[Not Available],[Not Available],3,No,[Not Available],[Not Available],5,[Not Available],[Not Available],[Not Available],[Not Available],[Not Available],[Not Available],[Not Available],[Not Available],45,[Not Applicable],0,[Not Available],[Not Available],[Not Available],[Not Available],[Not Applicable],[Not Available],[Not Available],[Not Available],[Not Available],C34.1,8140/3,C34.1,YES,[Not Available],[Not Available],[Not Available],[Not Available],[Not Available],49,1:DECEASED,12.65,[Not Available],[Not Available],matched
TCGA-49-4490-01Z-00-DX5.feea87ff-61c6-465e-8b36-4803f6af3d62,TCGA-49-4490-01,TCGA-49-4490,14,14,131.5282017790497,56.07638419700577,0.42634494685183055,3504068.3461315143,62487.415982833925,3060,23.264972520041006,9956,2280,708,72,0.10237806135395028,0.5848701622073915,1.9012216370573805,0.005547551,0.055715620605770545,0.9442843793942298,113.0971162506274,115.96190543179878,0.9837776430430782,0.21376329397474658,17892.604953338803,3956.391894052659,28933.32712051399,2653902.1979247755,6c3655ca-8ae7-4ad7-b3e4-0c3ec293fba7,TCGA-49-4490,8/9/11 0:00,Lung Adenocarcinoma,NO,YES,Female,Lung,WHITE,NOT HISPANIC OR LATINO,[Not Available],No,L-Upper,[Not Available],1993,[Not Available],[Not Available],[Not Available],4th,T3,N2,M0,Stage IIIA,[Not Applicable],[Not Applicable],[Not Applicable],[Not Applicable],[Not Available],[Not Available],[Not Available],[Not Available],[Not Available],[Not Available],[Not Available],[Not Available],[Not Available],[Not Available],[Not Available],[Not Available],[Not Available],3,No,[Not Available],[Not Available],5,[Not Available],[Not Available],[Not Available],[Not Available],[Not Available],[Not Available],[Not Available],[Not Available],45,[Not Applicable],0,[Not Available],[Not Available],[Not Available],[Not Available],[Not Applicable],[Not Available],[Not Available],[Not Available],[Not Available],C34.1,8140/3,C34.1,YES,[Not Available],[Not Available],[Not Available],[Not Available],[Not Available],49,1:DECEASED,12.65,[Not Available],[Not Available],matched
TCGA-49-4490-01Z-00-DX6.0a04ad8e-7f33-4496-bd9e-0110ec33f887,TCGA-49-4490-01,TCGA-49-4490,13,13,157.79257588134138,112.26353682931166,0.7114627301206672,3179022.4849424935,28317.49804725964,1815,11.502442303526777,6949,1429,350,36,0.025444094635086116,0.6202288332964373,1.3079093288813923,0.02718403,0.5074960848959763,0.4925039151040235,3.286813619492157,97.86787442393404,0.980773537,0.5895445548665166,61456.10494959238,3504.0625,21508.139525341863,29368810.45,6c3655ca-8ae7-4ad7-b3e4-0c3ec293fba7,TCGA-49-4490,8/9/11 0:00,Lung Adenocarcinoma,NO,YES,Female,Lung,WHITE,NOT HISPANIC OR LATINO,[Not Available],No,L-Upper,[Not Available],1993,[Not Available],[Not Available],[Not Available],4th,T3,N2,M0,Stage IIIA,[Not Applicable],[Not Applicable],[Not Applicable],[Not Applicable],[Not Available],[Not Available],[Not Available],[Not Available],[Not Available],[Not Available],[Not Available],[Not Available],[Not Available],[Not Available],[Not Available],[Not Available],[Not Available],3,No,[Not Available],[Not Available],5,[Not Available],[Not Available],[Not Available],[Not Available],[Not Available],[Not Available],[Not Available],[Not Available],45,[Not Applicable],0,[Not Available],[Not Available],[Not Available],[Not Available],[Not Applicable],[Not Available],[Not Available],[Not Available],[Not Available],C34.1,8140/3,C34.1,YES,[Not Available],[Not Available],[Not Available],[Not Available],[Not Available],49,1:DECEASED,12.65,[Not Available],[Not Available],matched
TCGA-49-4505-01Z-00-DX1.d49d603e-1f76-43a1-a803-9f2d6a6df715,TCGA-49-4505-01,TCGA-49-4505,3,3,58.755556131300565,24.096541156038843,0.4101151064282414,1870771.1309513547,77636.50056,1570,26.720877196558803,5771,1198,338,34,0.10415009079690273,0.5645276155945375,1.8692052717362817,0.004618833,0.066120489,0.9338795106152854,82.18678630460332,106.61278773156874,0.977671276,0.2918409299151082,14877.437093447472,3936.765625,24001.043260584513,1497114.1060252476,088edf89-d2b5-40c7-b066-df3bd383f7ea,TCGA-49-4505,2/3/11 0:00,Lung Adenocarcinoma,NO,YES,Female,Lung,WHITE,NOT HISPANIC OR LATINO,[Not Available],No,R-Lower,[Not Available],1996,[Not Available],[Not Available],R0,4th,T2,N1,M0,Stage IIB,[Not Applicable],[Not Applicable],[Not Applicable],[Not Applicable],NO,[Not Available],[Not Available],[Not Available],[Not Available],[Not Available],[Not Available],[Not Available],[Not Available],[Not Available],[Not Available],[Not Available],[Not Available],4,No,1949,1986,74,[Not Available],3,Pre-Adjuvant Therapy,[Not Available],[Not Available],[Not Available],WITH TUMOR,[Not Available],61,[Not Applicable],0,[Not Available],[Not Available],[Not Available],[Not Available],[Not Applicable],[Not Available],[Not Available],[Not Available],[Not Available],C34.3,8140/3,C34.3,YES,[Not Available],[Not Available],[Not Available],[Not Available],[Not Available],49,1:DECEASED,14.06,1:Recurred/Progressed,13.7,matched
TCGA-49-4505-01Z-00-DX2.48df81e7-5a8e-4c5b-993a-6a54481a35e9,TCGA-49-4505-01,TCGA-49-4505,4,4,84.24534697196654,39.32306801872103,0.46676842617558645,2471342.2802680037,62847.13794690283,1806,21.43738574192073,7236,1288,451,67,0.10330799222864535,0.5756347637894402,1.8481804323248707,0.009705332,0.091878096,0.9081219039512628,73.1538401,118.45244187681703,0.973192422,0.27839628892631596,21395.061753318587,4278.427555372643,38846.052973941565,3210069.4274156983,088edf89-d2b5-40c7-b066-df3bd383f7ea,TCGA-49-4505,2/3/11 0:00,Lung Adenocarcinoma,NO,YES,Female,Lung,WHITE,NOT HISPANIC OR LATINO,[Not Available],No,R-Lower,[Not Available],1996,[Not Available],[Not Available],R0,4th,T2,N1,M0,Stage IIB,[Not Applicable],[Not Applicable],[Not Applicable],[Not Applicable],NO,[Not Available],[Not Available],[Not Available],[Not Available],[Not Available],[Not Available],[Not Available],[Not Available],[Not Available],[Not Available],[Not Available],[Not Available],4,No,1949,1986,74,[Not Available],3,Pre-Adjuvant Therapy,[Not Available],[Not Available],[Not Available],WITH TUMOR,[Not Available],61,[Not Applicable],0,[Not Available],[Not Available],[Not Available],[Not Available],[Not Applicable],[Not Available],[Not Available],[Not Available],[Not Available],C34.3,8140/3,C34.3,YES,[Not Available],[Not Available],[Not Available],[Not Available],[Not Available],49,1:DECEASED,14.06,1:Recurred/Progressed,13.7,matched
TCGA-49-4505-01Z-00-DX3.d3f8d0c4-e4bc-4201-9b2f-e010f51dd8c3,TCGA-49-4505-01,TCGA-49-4505,15,15,37.22342937919556,15.645734335831362,0.4203195298436385,1057310.1621053708,67578.17430684304,901,24.205185148888386,2869,645,227,29,0.121930664,0.5949286262311778,1.8720773031155122,0.004146633,0.096440728,0.9035592720069981,43.618794936684466,115.40480648746848,0.9477448466928904,0.3400881771356001,16986.177050980743,4183.15625,35618.33420998632,662955.4620980854,088edf89-d2b5-40c7-b066-df3bd383f7ea,TCGA-49-4505,2/3/11 0:00,Lung Adenocarcinoma,NO,YES,Female,Lung,WHITE,NOT HISPANIC OR LATINO,[Not Available],No,R-Lower,[Not Available],1996,[Not Available],[Not Available],R0,4th,T2,N1,M0,Stage IIB,[Not Applicable],[Not Applicable],[Not Applicable],[Not Applicable],NO,[Not Available],[Not Available],[Not Available],[Not Available],[Not Available],[Not Available],[Not Available],[Not Available],[Not Available],[Not Available],[Not Available],[Not Available],4,No,1949,1986,74,[Not Available],3,Pre-Adjuvant Therapy,[Not Available],[Not Available],[Not Available],WITH TUMOR,[Not Available],61,[Not Applicable],0,[Not Available],[Not Available],[Not Available],[Not Available],[Not Applicable],[Not Available],[Not Available],[Not Available],[Not Available],C34.3,8140/3,C34.3,YES,[Not Available],[Not Available],[Not Available],[Not Available],[Not Available],49,1:DECEASED,14.06,1:Recurred/Progressed,13.7,matched
TCGA-49-4505-01Z-00-DX4.623c4278-fc3e-4c80-bb4d-000e24fbb1c2,TCGA-49-4505-01,TCGA-49-4505,7,7,82.99420411857251,38.93598554074482,0.4691410195959899,2397337.3154905485,61571.25040489445,1836,22.122026706550926,6792,1386,393,57,0.084754543,0.5625431587913041,1.7108376379967876,0.006279611,0.13031010443607882,0.8696898955639212,36.98904225948597,114.28287946949486,0.9826941034030375,0.27993833986874667,20795.256853317773,3779.422609,29945.52361307091,4769623.808609094,088edf89-d2b5-40c7-b066-df3bd383f7ea,TCGA-49-4505,2/3/11 0:00,Lung Adenocarcinoma,NO,YES,Female,Lung,WHITE,NOT HISPANIC OR LATINO,[Not Available],No,R-Lower,[Not Available],1996,[Not Available],[Not Available],R0,4th,T2,N1,M0,Stage IIB,[Not Applicable],[Not Applicable],[Not Applicable],[Not Applicable],NO,[Not Available],[Not Available],[Not Available],[Not Available],[Not Available],[Not Available],[Not Available],[Not Available],[Not Available],[Not Available],[Not Available],[Not Available],4,No,1949,1986,74,[Not Available],3,Pre-Adjuvant Therapy,[Not Available],[Not Available],[Not Available],WITH TUMOR,[Not Available],61,[Not Applicable],0,[Not Available],[Not Available],[Not Available],[Not Available],[Not Applicable],[Not Available],[Not Available],[Not Available],[Not Available],C34.3,8140/3,C34.3,YES,[Not Available],[Not Available],[Not Available],[Not Available],[Not Available],49,1:DECEASED,14.06,1:Recurred/Progressed,13.7,matched
TCGA-49-4506-01Z-00-DX1.b13b8ef2-fd06-4309-a767-696a9afeaedd,TCGA-49-4506-01,TCGA-49-4506,1,1,161.46717000446446,77.44175916315898,0.47961303316963916,6281876.298302211,81117.42767964728,5873,36.37271898577039,25638,4774,978,121,0.090747134,0.6153663624214485,1.9335662527483795,0.003302407,0.036718186,0.9632818141382197,250.79512852917884,88.96297070270305,0.9903775406859658,0.3409144554965682,12684.527606205764,3003.875,19352.11190690457,2735366.4423201717,b61abdfd-b7a0-4e1a-b570-d1eaecad3a9e,TCGA-49-4506,2/3/11 0:00,Lung Adenocarcinoma,NO,YES,Female,Lung,WHITE,NOT HISPANIC OR LATINO,[Not Available],No,L-Upper,Peripheral Lung,1997,[Not Available],[Not Available],R1,4th,T2,N1,M0,Stage IIB,[Not Applicable],[Not Applicable],[Not Applicable],[Not Applicable],NO,[Not Available],[Not Available],[Not Available],[Not Available],[Not Available],[Not Available],[Not Available],[Not Available],[Not Available],[Not Available],[Not Available],[Not Available],2,No,[Not Available],[Not Available],100,[Not Available],1,Pre-Adjuvant Therapy,[Not Available],[Not Available],[Not Available],[Discrepancy],[Not Available],68,[Not Applicable],0,[Not Available],[Not Available],[Not Available],[Not Available],[Not Applicable],[Not Available],[Not Available],[Not Available],[Not Available],C34.1,8140/3,C34.1,YES,[Not Available],[Not Available],[Not Available],[Not Available],[Not Available],49,1:DECEASED,32.82,1:Recurred/Progressed,22.73,matched
TCGA-49-4506-01Z-00-DX2.81e180ae-bd9f-49cc-9a0f-297800cc7280,TCGA-49-4506-01,TCGA-49-4506,7,7,153.9242616322661,89.24239489,0.5797812115100982,4743014.126350219,53147.544193530084,3438,22.335660171712107,23845,2677,697,64,0.053706383,0.6236953795973441,1.846899342,0.007364641,0.15334871533866223,0.846651285,22.00932981902321,98.72163472328094,0.9859078606369005,0.27089906876124104,25423.244084671238,3294.5269416136016,23866.240562766947,13153784.120709777,b61abdfd-b7a0-4e1a-b570-d1eaecad3a9e,TCGA-49-4506,2/3/11 0:00,Lung Adenocarcinoma,NO,YES,Female,Lung,WHITE,NOT HISPANIC OR LATINO,[Not Available],No,L-Upper,Peripheral Lung,1997,[Not Available],[Not Available],R1,4th,T2,N1,M0,Stage IIB,[Not Applicable],[Not Applicable],[Not Applicable],[Not Applicable],NO,[Not Available],[Not Available],[Not Available],[Not Available],[Not Available],[Not Available],[Not Available],[Not Available],[Not Available],[Not Available],[Not Available],[Not Available],2,No,[Not Available],[Not Available],100,[Not Available],1,Pre-Adjuvant Therapy,[Not Available],[Not Available],[Not Available],[Discrepancy],[Not Available],68,[Not Applicable],0,[Not Available],[Not Available],[Not Available],[Not Available],[Not Applicable],[Not Available],[Not Available],[Not Available],[Not Available],C34.1,8140/3,C34.1,YES,[Not Available],[Not Available],[Not Available],[Not Available],[Not Available],49,1:DECEASED,32.82,1:Recurred/Progressed,22.73,matched
TCGA-49-4506-01Z-00-DX3.a05a3969-bbef-48d8-86de-f51c8870afd6,TCGA-49-4506-01,TCGA-49-4506,1,1,205.36786343522562,109.77466562471368,0.5345269887337428,7111689.912459449,64784.43702823165,5343,26.016728764796337,28964,4299,908,136,0.063025086,0.5964092389203501,1.9338969387076868,0.007799843,0.077849517,0.922150483,73.71577534082813,96.72391444208614,0.9883911847153506,0.37769848692854774,19941.70770783327,2935.28125,23327.116938214276,8294752.751,b61abdfd-b7a0-4e1a-b570-d1eaecad3a9e,TCGA-49-4506,2/3/11 0:00,Lung Adenocarcinoma,NO,YES,Female,Lung,WHITE,NOT HISPANIC OR LATINO,[Not Available],No,L-Upper,Peripheral Lung,1997,[Not Available],[Not Available],R1,4th,T2,N1,M0,Stage IIB,[Not Applicable],[Not Applicable],[Not Applicable],[Not Applicable],NO,[Not Available],[Not Available],[Not Available],[Not Available],[Not Available],[Not Available],[Not Available],[Not Available],[Not Available],[Not Available],[Not Available],[Not Available],2,No,[Not Available],[Not Available],100,[Not Available],1,Pre-Adjuvant Therapy,[Not Available],[Not Available],[Not Available],[Discrepancy],[Not Available],68,[Not Applicable],0,[Not Available],[Not Available],[Not Available],[Not Available],[Not Applicable],[Not Available],[Not Available],[Not Available],[Not Available],C34.1,8140/3,C34.1,YES,[Not Available],[Not Available],[Not Available],[Not Available],[Not Available],49,1:DECEASED,32.82,1:Recurred/Progressed,22.73,matched
TCGA-49-4506-01Z-00-DX4.9460a2c1-efe2-4095-9b0e-dfe0eda684ba,TCGA-49-4506-01,TCGA-49-4506,1,1,97.77217280755687,61.17858482668354,0.6257259409290229,2961550.0318447202,48408.27946959989,1778,18.18513334565658,20482,1381,334,63,0.043568627217524004,0.7020280087590766,1.8144392740535427,0.008705365,0.14059817603345356,0.8594018239665464,21.98490993,102.4213875369788,0.9841486472532011,0.37835302730266707,33774.77261565102,3108.6875,26787.55220461026,8443137.794903789,b61abdfd-b7a0-4e1a-b570-d1eaecad3a9e,TCGA-49-4506,2/3/11 0:00,Lung Adenocarcinoma,NO,YES,Female,Lung,WHITE,NOT HISPANIC OR LATINO,[Not Available],No,L-Upper,Peripheral Lung,1997,[Not Available],[Not Available],R1,4th,T2,N1,M0,Stage IIB,[Not Applicable],[Not Applicable],[Not Applicable],[Not Applicable],NO,[Not Available],[Not Available],[Not Available],[Not Available],[Not Available],[Not Available],[Not Available],[Not Available],[Not Available],[Not Available],[Not Available],[Not Available],2,No,[Not Available],[Not Available],100,[Not Available],1,Pre-Adjuvant Therapy,[Not Available],[Not Available],[Not Available],[Discrepancy],[Not Available],68,[Not Applicable],0,[Not Available],[Not Available],[Not Available],[Not Available],[Not Applicable],[Not Available],[Not Available],[Not Available],[Not Available],C34.1,8140/3,C34.1,YES,[Not Available],[Not Available],[Not Available],[Not Available],[Not Available],49,1:DECEASED,32.82,1:Recurred/Progressed,22.73,matched
TCGA-49-4507-01Z-00-DX2.a7bfbeee-00ea-4301-ace4-ce591807e2d3,TCGA-49-4507-01,TCGA-49-4507,4,4,133.29476607445517,116.36293916306285,0.8729745554905385,1542380.5744916603,13254.912479739589,291,2.1831314804772948,4254,247,36,8,0.004734525,0.6650928446020882,2.1323002770682935,0.014791004360814626,0.9312059727737443,0.068794027,1.1511368280211496,154.12025701075558,0.95790213,0.6984374911417879,398581.5395115879,2407.2350563534646,16036.800354593312,88151780.14474957,50b2c647-aecd-4c81-af22-0d8116593552,TCGA-49-4507,2/2/11 0:00,Lung Adenocarcinoma,NO,YES,Female,Lung,WHITE,NOT HISPANIC OR LATINO,[Not Available],No,[Discrepancy],[Not Available],1997,[Not Available],[Not Available],R0,[Not Available],T3,N1,M0,Stage IIIA,[Not Applicable],[Not Applicable],[Not Applicable],[Not Applicable],[Not Available],[Not Available],[Not Available],[Not Available],[Not Available],[Not Available],[Not Available],[Not Available],[Not Available],[Not Available],[Not Available],[Not Available],[Not Available],4,No,[Not Available],1991,78,[Not Available],1,Preoperative,[Not Available],[Not Available],[Not Available],WITH TUMOR,[Not Available],73,[Not Available],0,[Not Available],[Not Available],[Not Available],[Not Available],[Not Applicable],[Not Available],[Not Available],[Not Available],[Not Available],C34.0,8140/3,C34.0,YES,[Not Available],[Not Available],[Not Available],[Not Available],[Not Available],49,1:DECEASED,8.8,1:Recurred/Progressed,5.19,matched
TCGA-49-6743-01Z-00-DX4.5ea81023-1372-48ed-88a8-374e2394d7f7,TCGA-49-6743-01,TCGA-49-6743,29,29,9.909601521195686,3.1473750826289604,0.31760864207274386,299696.0311718247,95220.94548753071,301,30.374581597069255,1703,272,23,6,0.12130271598060352,0.6194618701604766,1.9574484457369303,0.005863506,0.2929804301225938,0.7070195698774064,9.640879999889929,135.1739994947358,0.82413688,0.4668863952275254,9654.876555,2613.166591178804,9194.735493646775,577141.1084019054,a391d49f-a822-460b-981c-6fbe1868ee38,TCGA-49-6743,8/10/11 0:00,Lung Adenocarcinoma,NO,YES,Female,Lung,WHITE,[Not Available],[Not Available],No,R-Upper,[Not Available],2010,[Not Available],[Not Available],[Not Available],7th,T1,N2,MX,Stage IIIA,[Not Applicable],[Not Applicable],[Not Applicable],[Not Applicable],[Not Available],[Not Available],[Not Available],[Not Available],[Not Available],[Not Available],[Not Available],[Not Available],[Not Available],[Not Available],[Not Available],[Not Available],[Not Available],4,No,[Not Available],[Not Available],50,[Not Available],[Not Available],[Not Available],[Not Available],[Not Available],[Not Available],TUMOR FREE,[Not Available],81,[Not Applicable],0,[Not Available],[Not Available],[Not Available],[Not Available],[Not Applicable],[Not Available],[Not Available],[Not Available],[Not Available],C34.1,8310/3,C34.1,YES,[Not Available],[Not Available],[Not Available],[Not Available],[Not Available],49,0:LIVING,53.25,0:DiseaseFree,53.25,matched
TCGA-49-6761-01Z-00-DX1.10c577a2-f65c-4517-8a25-83d44e380f8f,TCGA-49-6761-01,TCGA-49-6761,3,3,91.96104054201935,37.33151004030253,0.4059491913126495,2558513.440394935,68534.95713494586,2837,30.85002065307974,6611,2088,698,51,0.16227472922194852,0.6282180315351359,1.8508223694943509,0.002851203,0.060165268,0.9398347323366515,138.51994185430704,112.55329628242622,0.9771666873724729,0.2400627313308781,12776.331868146359,4278.84375,26327.171293882817,1281677.4161837138,4cd3d483-2283-4c6a-a57a-444216119d34,TCGA-49-6761,3/2/12 0:00,Lung Adenocarcinoma,NO,YES,Female,Lung,WHITE,NOT HISPANIC OR LATINO,[Not Available],Yes,R-Upper,[Not Available],2009,[Not Available],[Not Available],R0,6th,T1,N2,MX,Stage IIIA,[Not Applicable],[Not Applicable],[Not Applicable],[Not Applicable],YES,52,56,64,64,1,[Not Available],[Not Available],[Not Available],[Not Available],[Not Available],[Not Available],[Not Available],4,No,[Not Available],[Not Available],50,[Not Available],[Not Available],[Not Available],[Not Available],[Not Available],[Not Available],TUMOR FREE,[Not Available],68,[Not Applicable],0,[Not Available],[Not Available],[Not Available],[Not Available],[Not Applicable],[Not Available],[Not Available],[Not Available],[Not Available],C34.1,8140/3,C34.1,YES,[Not Available],[Not Available],[Not Available],[Not Available],[Not Available],49,0:LIVING,11.63,0:DiseaseFree,11.63,matched
TCGA-49-6767-01Z-00-DX1.53459c0e-b8ec-4893-9910-87b63c503134,TCGA-49-6767-01,TCGA-49-6767,7,7,164.6035993703696,132.91986833045337,0.8075149561667506,2010166.6447805022,15123.146524513608,793,4.817634626662656,3903,640,136,17,0.011298695547452468,0.5526752541093907,1.504617305,0.048074212,0.8662221764764522,0.13377782352354792,1.3274254830024577,131.37533269201873,0.9846588746208869,0.5566279852681434,166840.43403456584,2843.65625,18348.629554865627,114147690.78688735,6bffe800-ec2b-4638-9333-97fe85dcd91c,TCGA-49-6767,8/10/11 0:00,Lung Adenocarcinoma,NO,YES,Female,Lung,WHITE,[Not Available],[Not Available],No,R-Middle,[Not Available],2010,[Not Available],[Not Available],R0,7th,T3,N0,MX,Stage IIB,[Not Applicable],[Not Applicable],[Not Applicable],[Not Applicable],NO,[Not Available],[Not Available],[Not Available],[Not Available],[Not Available],[Not Available],[Not Available],[Not Available],[Not Available],[Not Available],[Not Available],[Not Available],2,No,[Not Available],[Not Available],30,[Not Available],[Not Available],[Not Available],[Not Available],[Not Available],[Not Available],TUMOR FREE,[Not Available],46,[Not Applicable],0,[Not Available],[Not Available],[Not Available],[Not Available],[Not Applicable],[Not Available],[Not Available],[Not Available],[Not Available],C34.2,8140/3,C34.2,YES,[Not Available],[Not Available],[Not Available],[Not Available],[Not Available],49,0:LIVING,22.24,0:DiseaseFree,22.24,matched
TCGA-49-AAQV-01Z-00-DX1.4CC37621-C952-4684-96E3-9B97CDAD8056,TCGA-49-AAQV-01,TCGA-49-AAQV,7,7,107.35875196096907,46.26435066564229,0.43093226980192517,4044472.253,87420.92333169203,4265,39.726616806709586,10257,3392,825,48,0.13572996649653918,0.6064722959374496,1.7670128120874065,0.003108052,0.057213859,0.9427861414950593,164.9314669894742,91.36887665160282,0.981225991,0.2512066737335229,10446.782124319245,3522.71875,18682.862248159967,1906577.4242123258,96DFA373-4597-49A5-942E-D9B4DC5D28FC,TCGA-49-AAQV,6/13/14 0:00,Lung Adenocarcinoma,NO,YES,Female,Lung,BLACK OR AFRICAN AMERICAN,NOT HISPANIC OR LATINO,[Not Available],No,L-Lower,[Not Available],2012,[Not Available],[Not Available],R0,7th,T1,N1,MX,Stage II,[Not Applicable],[Not Applicable],[Not Applicable],[Not Applicable],YES,83.3,81.7,78.8,77.29,95.5,[Not Available],[Not Available],[Not Available],YES,Exon 19 Deletion,YES,FISH,1,No,[Not Available],[Not Available],[Not Available],90,1,Preoperative,NO,[Not Available],Complete Remission/Response,TUMOR FREE,YES,63,[Not Applicable],0,[Not Available],[Not Available],[Not Available],[Not Available],[Not Applicable],[Not Available],[Not Available],[Not Available],[Not Available],C34.3,8255/3,C34.3,YES,[Not Available],[Not Available],[Not Available],[Not Available],NO,49,1:DECEASED,22.24,1:Recurred/Progressed,16.72,matched
TCGA-49-AARE-01Z-00-DX1.3559B3A9-6699-472F-B731-1BD9F93EE82A,TCGA-49-AARE-01,TCGA-49-AARE,7,7,38.75849756633031,20.672204931156237,0.5333592948431077,958193.5440410476,46351.78236826108,599,15.454675428914305,3173,406,169,24,0.063935913,0.6309837912339307,1.9569380143011477,0.012910266780583046,0.17506399992273508,0.824936,14.470284394585482,141.95576942503772,0.9795178770896412,0.258942855,33918.21628388319,4544.46875,40342.44099902056,3457045.833,CD9E70E4-8622-4A07-8646-63F8275C1737,TCGA-49-AARE,6/19/14 0:00,Lung Adenocarcinoma,NO,YES,Female,Lung,BLACK OR AFRICAN AMERICAN,NOT HISPANIC OR LATINO,[Not Available],No,R-Upper,[Not Available],1999,[Not Available],[Not Available],R0,5th,T1,N0,MX,Stage IA,[Not Applicable],[Not Applicable],[Not Applicable],[Not Applicable],YES,61.2,41.7,81,55.2,107.2,[Not Available],[Not Available],[Not Available],[Not Available],[Not Available],[Not Available],[Not Available],4,No,1980,1995,15,90,1,Other,NO,[Not Available],Complete Remission/Response,WITH TUMOR,YES,51,[Not Applicable],0,[Not Available],[Not Available],[Not Available],[Not Available],[Not Applicable],[Not Available],[Not Available],[Not Available],[Not Available],C34.1,8140/3,C34.1,YES,[Not Available],[Not Available],[Not Available],[Not Available],NO,49,1:DECEASED,40.37,1:Recurred/Progressed,12.75,matched
TCGA-49-AARO-01Z-00-DX1.FB8C82DC-F823-43CF-A8EA-1208C767AF54,TCGA-49-AARO-01,TCGA-49-AARO,7,7,34.76419228037433,18.04518343,0.5190738585373886,910937.2233514314,50480.90683542132,561,16.137294244477676,2828,433,107,21,0.060394252,0.5840843976279467,1.8197984527397362,0.008130457,0.29569686072468293,0.7043031392753176,9.803197454746353,121.63804154558626,0.9628246028166061,0.24768167372048014,31556.498736145637,3287.96875,27683.734691315287,4372888.4552212525,5202458B-C38A-47C0-A0BA-5F1A59A762A0,TCGA-49-AARO,6/19/14 0:00,Lung Adenocarcinoma,NO,YES,Female,Lung,BLACK OR AFRICAN AMERICAN,NOT HISPANIC OR LATINO,[Not Available],No,L-Upper,[Not Available],2003,[Not Available],[Not Available],R0,6th,T1a,N0,MX,Stage IA,[Not Applicable],[Not Applicable],[Not Applicable],[Not Applicable],YES,83,83.9,83.6,84.4,103.3,[Not Available],[Not Available],[Not Available],[Not Available],[Not Available],[Not Available],[Not Available],2,No,[Not Available],[Not Available],[Not Available],90,1,Preoperative,NO,[Not Available],Complete Remission/Response,WITH TUMOR,YES,39,[Not Applicable],0,[Not Available],[Not Available],[Not Available],[Not Available],[Not Applicable],[Not Available],[Not Available],[Not Available],[Not Available],C34.1,8260/3,C34.1,YES,[Not Available],[Not Available],[Not Available],[Not Available],NO,49,0:LIVING,123.49,1:Recurred/Progressed,115.67,matched
TCGA-50-5931-01Z-00-DX1.34261ED6-7815-487C-A50C-2DAD587187B9,TCGA-50-5931-01,TCGA-50-5931,3,3,126.9121479597692,74.23249845418813,0.584912474,2736408.2136370437,36862.67161445188,1787,14.080606377936919,4281,1020,645,122,0.10599215555942613,0.633439295,1.6610141374357188,0.01403401,0.092094457,0.9079055431985064,65.33430680019684,142.89882094014038,0.9724181599548971,0.38940268757579055,41277.91091991071,7361.125,67388.63294,6736507.759635076,12ccd581-a921-41bc-bcee-4e9be54532cc,TCGA-50-5931,7/2/11 0:00,Lung Adenocarcinoma,NO,YES,Female,Lung,WHITE,NOT HISPANIC OR LATINO,[Not Available],No,L-Upper,Central Lung,2001,[Not Available],[Not Available],R0,5th,T2,N0,M0,Stage IB,[Not Applicable],[Not Applicable],[Not Applicable],[Not Applicable],[Not Available],[Not Available],[Not Available],[Not Available],[Not Available],[Not Available],[Not Available],[Not Available],[Not Available],[Not Available],[Not Available],[Not Available],[Not Available],4,No,[Not Available],[Not Available],40,[Not Available],[Not Available],[Not Available],[Not Available],[Not Available],[Not Available],TUMOR FREE,[Not Available],75,[Not Applicable],0,[Not Available],[Not Available],[Not Available],[Not Available],[Not Applicable],[Not Available],[Not Available],[Not Available],[Not Available],C34.1,8140/3,C34.1,YES,[Not Available],[Not Available],[Not Available],[Not Available],[Not Available],50,1:DECEASED,14.26,1:Recurred/Progressed,13.96,matched
TCGA-50-6590-01Z-00-DX1.B08B2656-3DC7-4D35-A54D-9C57A7A773B3,TCGA-50-6590-01,TCGA-50-6590,7,7,63.645405437112515,44.600563058237185,0.700766422,1247070.2947597518,27960.864375891168,443,6.960439594303858,4524,350,64,29,0.020947601711935177,0.5502998649960982,1.6351315546597844,0.019276282356802028,0.6333776090283514,0.3666223909716486,2.4707518147833114,135.54150151103096,0.9646694808051285,0.4565113105897092,99546.73386165568,2751.875,39073.96616408547,20680093.041913256,114a34c0-983b-4d90-9181-1823c9637a63,TCGA-50-6590,8/25/11 0:00,Lung Adenocarcinoma,NO,YES,Female,Lung,WHITE,NOT HISPANIC OR LATINO,[Not Available],No,R-Upper,[Not Available],2005,[Not Available],[Not Available],[Not Available],6th,T2,N0,M0,Stage IB,[Not Applicable],[Not Applicable],[Not Applicable],[Not Applicable],[Not Available],[Not Available],[Not Available],[Not Available],[Not Available],[Not Available],[Not Available],[Not Available],[Not Available],YES,[Not Available],[Not Available],[Not Available],4,No,[Not Available],2002,50,[Not Available],[Not Available],[Not Available],[Not Available],[Not Available],[Not Available],TUMOR FREE,[Not Available],72,[Not Applicable],0,[Not Available],[Not Available],[Not Available],[Not Available],[Not Applicable],[Not Available],[Not Available],[Not Available],[Not Available],C34.1,8140/3,C34.1,YES,[Not Available],[Not Available],[Not Available],[Not Available],[Not Available],50,1:DECEASED,42.31,[Not Available],[Not Available],matched
TCGA-50-6594-01Z-00-DX1.43b2005a-4245-4025-ad85-4a957f308a5c,TCGA-50-6594-01,TCGA-50-6594,17,17,89.20014983276688,61.53694781838823,0.6898749378084921,1509784.6622863694,24534.604263151665,759,8.508954317,3984,516,208,35,0.039219745,0.6083402720767994,1.4516174371065664,0.014593310263151483,0.6465070135146654,0.35349298648533456,2.6777194968681246,143.72033832381692,0.958442814,0.46587022422682867,80552.96542568265,4649,47430.90908185001,37741113.98607628,8504fd86-a70a-4cba-9ec8-25c9e60ca549,TCGA-50-6594,8/25/11 0:00,Lung Adenocarcinoma,NO,YES,Female,Lung,BLACK OR AFRICAN AMERICAN,NOT HISPANIC OR LATINO,[Not Available],No,L-Upper,[Not Available],2009,[Not Available],[Not Available],[Not Available],6th,T3,N2,M0,Stage IIIA,[Not Applicable],[Not Applicable],[Not Applicable],[Not Applicable],[Not Available],[Not Available],[Not Available],[Not Available],[Not Available],[Not Available],[Not Available],NO,[Not Available],[Not Available],[Not Available],YES,[Not Available],4,No,[Not Available],1998,[Not Available],[Not Available],[Not Available],[Not Available],[Not Available],[Not Available],[Not Available],WITH TUMOR,[Not Available],79,[Not Applicable],0,[Not Available],[Not Available],[Not Available],[Not Available],[Not Applicable],[Not Available],[Not Available],[Not Available],[Not Available],C34.1,8140/3,C34.1,YES,[Not Available],[Not Available],[Not Available],[Not Available],[Not Available],50,1:DECEASED,12.16,1:Recurred/Progressed,9.36,matched
TCGA-50-6597-01Z-00-DX1.ec7fc0b2-78a1-4384-bddd-e89f02ee5eb6,TCGA-50-6597-01,TCGA-50-6597,1,1,84.78106477625323,58.08621003525801,0.6851318768943755,1902268.9825220727,32749.06352759813,938,11.063791218894071,4464,745,173,20,0.01863038,0.598547133,1.3294167115564015,0.033788845,0.600625155,0.39937484505517395,2.6319963791472984,109.60367621494672,0.9698919031050979,0.5002632080782475,61300.148545532415,2933.265625,21394.505997266104,34535669.722766586,0d66bf6c-eed0-4726-bd5b-3bf6d610b4e0,TCGA-50-6597,8/26/11 0:00,Lung Adenocarcinoma,NO,YES,Female,Lung,WHITE,NOT HISPANIC OR LATINO,[Not Available],No,R-Lower,[Not Available],2007,[Not Available],[Not Available],R0,6th,T2,N0,M0,Stage IB,[Not Applicable],[Not Applicable],[Not Applicable],[Not Applicable],NO,[Not Available],[Not Available],[Not Available],[Not Available],[Not Available],YES,NO,[Not Available],YES,[Not Available],[Not Available],[Not Available],1,No,[Not Available],[Not Available],[Not Available],[Not Available],[Not Available],[Not Available],[Not Available],[Not Available],[Not Available],TUMOR FREE,[Not Available],79,[Not Applicable],0,[Not Available],[Not Available],[Not Available],[Not Available],[Not Applicable],[Not Available],[Not Available],[Not Available],[Not Available],C34.3,8140/3,C34.3,YES,[Not Available],[Not Available],[Not Available],[Not Available],[Not Available],50,1:DECEASED,41.66,[Not Available],[Not Available],matched
TCGA-50-6673-01Z-00-DX1.e24fb432-3fff-4f00-a316-16d05275c1e7,TCGA-50-6673-01,TCGA-50-6673,1,1,60.62075560311875,36.65861824,0.6047205758977579,1185360.7604870312,32335.11838163417,778,12.83388819983587,804,355,335,88,0.15713096313268898,0.6849315037684354,1.7222476967967997,0.011937361093139063,0.056302922,0.9436970779317555,92.92914269757662,163.6313564082056,0.9780952610596708,0.4507840811700611,46955.600189740944,11869.364617667447,109189.63274674419,2056827.7735611899,ab8d7f84-dd71-42c7-9471-4db967a9c89c,TCGA-50-6673,1/9/12 0:00,Lung Adenocarcinoma,NO,YES,Female,Lung,WHITE,[Not Available],[Not Available],No,R-Upper,[Not Available],2004,[Not Available],[Not Available],R0,6th,T1,N0,M0,Stage I,[Not Applicable],[Not Applicable],[Not Applicable],[Not Applicable],[Not Available],[Not Available],[Not Available],[Not Available],[Not Available],[Not Available],[Not Available],[Not Available],[Not Available],[Not Available],[Not Available],[Not Available],[Not Available],1,No,[Not Available],[Not Available],[Not Available],[Not Available],[Not Available],[Not Available],[Not Available],[Not Available],[Not Available],[Not Available],[Not Available],84,[Not Applicable],0,[Not Available],[Not Available],[Not Available],[Not Available],[Not Applicable],[Not Available],[Not Available],[Not Available],[Not Available],C34.1,8140/3,C34.1,YES,[Not Available],[Not Available],[Not Available],[Not Available],[Not Available],50,1:DECEASED,0.72,[Not Available],[Not Available],matched
TCGA-53-7624-01Z-00-DX1.51b4de19-3531-4bcb-b822-fa966480f2ad,TCGA-53-7624-01,TCGA-53-7624,1,1,207.5794749985685,179.10942066639507,0.8628474499592518,2304510.9084652625,12866.497473394153,634,3.054251871503058,4857,483,125,26,0.007970641,0.7314160519216042,1.2348453694536055,0.048457702,0.8869881046800014,0.11301189531999857,1.2699500860057125,124.53991792965542,0.9690629260043311,0.7455967259868018,281785.0514506873,3158.859375,31764.512824017158,158461952.84429675,54a9cc9e-3eee-4caa-9f33-4ea64a2999ba,TCGA-53-7624,12/13/11 0:00,Lung Adenocarcinoma,NO,YES,Female,Lung,WHITE,HISPANIC OR LATINO,[Not Available],No,R-Upper,Peripheral Lung,2008,[Not Available],[Not Available],R0,6th,T2,N0,M1,Stage IV,[Not Applicable],[Not Applicable],[Not Applicable],[Not Applicable],[Not Available],[Not Available],[Not Available],[Not Available],[Not Available],[Not Available],NO,[Not Available],[Not Available],NO,[Not Available],NO,[Not Available],2,No,1986,[Not Available],50,[Not Available],0,Post-Adjuvant Therapy,[Not Available],[Not Available],[Not Available],WITH TUMOR,[Not Available],40,[Not Applicable],0,[Not Available],[Not Available],[Not Available],[Not Available],[Not Applicable],[Not Available],[Not Available],[Not Available],[Not Available],C34.1,8140/3,C34.1,YES,[Not Available],[Not Available],[Not Available],[Not Available],[Not Available],53,1:DECEASED,34.26,1:Recurred/Progressed,13.14,matched
TCGA-53-7626-01Z-00-DX1.FD4CAF75-07B5-4117-83DD-99233DAA3EBC,TCGA-53-7626-01,TCGA-53-7626,13,13,61.563850134010444,24.75087923638227,0.40203592177073505,1606023.3303845024,64887.526420626986,1468,23.845162328290048,6925,1009,427,32,0.14386600083328774,0.6616983113997129,1.8777962002411113,0.004177773,0.1504801375323588,0.8495198624676413,42.466170600795934,130.11470953904217,0.9593675378211765,0.23457691267357644,16523.92779125677,5016.255030204111,31077.59591069123,3007235.840014122,d3ff328c-2488-47bd-8663-366b6812c7b5,TCGA-53-7626,12/13/11 0:00,Lung Adenocarcinoma,NO,YES,Female,Lung,WHITE,NOT HISPANIC OR LATINO,[Not Available],No,R-Upper,Peripheral Lung,2008,[Not Available],[Not Available],R0,6th,T1,N1,M0,Stage IIA,[Not Applicable],[Not Applicable],[Not Applicable],[Not Applicable],[Not Available],[Not Available],[Not Available],[Not Available],[Not Available],[Not Available],NO,[Not Available],[Not Available],NO,[Not Available],NO,[Not Available],4,No,1971,2006,35,[Not Available],0,Post-Adjuvant Therapy,[Not Available],[Not Available],[Not Available],WITH TUMOR,[Not Available],76,[Not Applicable],0,[Not Available],[Not Available],[Not Available],[Not Available],[Not Applicable],[Not Available],[Not Available],[Not Available],[Not Available],C34.1,8140/3,C34.1,YES,[Not Available],[Not Available],[Not Available],[Not Available],[Not Available],53,1:DECEASED,30.52,1:Recurred/Progressed,28.42,matched
TCGA-53-7813-01Z-00-DX1.97c5eff3-ceeb-499b-b2e1-bcd3cd60c5e7,TCGA-53-7813-01,TCGA-53-7813,2,2,77.00277311592929,48.08428830123302,0.6244487874331632,1350167.605849172,28079.184564213458,611,7.934779168,1499,297,248,66,0.085141112,0.6027519092080338,1.6895345051709667,0.011656494443612268,0.16415732656395685,0.8358426734360431,20.038037036413783,175.07276522504935,0.9781330077883728,0.4475590616688776,78405.94458515952,10423.15625,106836.46287090152,7834475.071339781,42d208bd-cd77-4bfb-ad53-9fc072a87393,TCGA-53-7813,3/14/12 0:00,Lung Adenocarcinoma,NO,YES,Female,Lung,WHITE,NOT HISPANIC OR LATINO,[Not Available],No,R-Upper,[Not Available],2008,[Not Available],[Not Available],[Not Available],6th,T4,N0,M0,Stage IIIB,[Not Applicable],[Not Applicable],[Not Applicable],[Not Applicable],YES,90,91,67,69,88,NO,[Not Available],[Not Available],NO,[Not Available],NO,[Not Available],4,No,1973,2008,35,[Not Available],1,Pre-Adjuvant Therapy,[Not Available],[Not Available],[Not Available],TUMOR FREE,[Not Available],51,[Not Applicable],0,[Not Available],[Not Available],[Not Available],[Not Available],[Not Applicable],[Not Available],[Not Available],[Not Available],[Not Available],C34.1,8252/3,C34.1,YES,[Not Available],[Not Available],[Not Available],[Not Available],[Not Available],53,0:LIVING,13.93,0:DiseaseFree,13.93,matched
TCGA-55-6970-01Z-00-DX1.be042a9b-3eab-4b6c-9cd7-7486ffab037f,TCGA-55-6970-01,TCGA-55-6970,1,1,90.82035735216395,45.63981732588651,0.5025284931319317,2342193.474859218,51319.08083976371,1849,20.358871666077455,7539,1160,599,90,0.13987934396908233,0.6514803858899352,1.8499782335033579,0.007974379,0.045792902,0.9542070978268404,166.32637240209235,130.53208417856507,0.981892523,0.26421185938581543,24338.01312115796,5665.5625,54154.185387725745,2060725.7615466358,7cce924f-12a1-4895-9866-5d4b1869dde6,TCGA-55-6970,7/26/11 0:00,Lung Adenocarcinoma,NO,YES,Female,Lung,WHITE,[Not Available],[Not Available],No,R-Upper,[Not Available],2004,[Not Available],[Not Available],R1,6th,T2,N2,MX,Stage IIIA,[Not Applicable],[Not Applicable],[Not Applicable],[Not Applicable],[Not Available],[Not Available],[Not Available],[Not Available],[Not Available],[Not Available],NO,[Not Available],[Not Available],NO,[Not Available],NO,[Not Available],4,No,[Not Available],[Not Available],[Not Available],[Not Available],[Not Available],[Not Available],[Not Available],[Not Available],[Not Available],WITH TUMOR,[Not Available],67,[Not Applicable],0,[Not Available],[Not Available],[Not Available],[Not Available],[Not Applicable],[Not Available],[Not Available],[Not Available],[Not Available],C34.1,8260/3,C34.1,YES,[Not Available],[Not Available],[Not Available],[Not Available],[Not Available],55,1:DECEASED,15.24,1:Recurred/Progressed,15.01,matched
TCGA-55-6971-01Z-00-DX1.6c790768-8252-466a-95e1-97d2086a8132,TCGA-55-6971-01,TCGA-55-6971,3,3,13.731646121201242,7.917988229123521,0.5766233821667155,285970.5126735699,36116.561984991145,156,11.360619012686378,928,94,52,10,0.077836073,0.655735573,1.6118200795435453,0.007670282,0.282126578,0.7178734216760759,7.904222420804946,163.48027615634243,0.9548055317136798,0.43419341468382777,50427.52337501513,7317.349424,75987.97920604916,2169250.5267308494,8d0736fe-261c-445c-bfd2-a3ea3ceaf367,TCGA-55-6971,7/28/11 0:00,Lung Adenocarcinoma,NO,YES,Female,Lung,WHITE,[Not Available],[Not Available],No,L-Lower,[Not Available],2010,[Not Available],[Not Available],R0,7th,T2,N0,MX,Stage IB,[Not Applicable],[Not Applicable],[Not Applicable],[Not Applicable],[Not Available],[Not Available],[Not Available],[Not Available],[Not Available],[Not Available],NO,[Not Available],[Not Available],NO,[Not Available],NO,[Not Available],4,No,1970,2010,60,[Not Available],[Not Available],[Not Available],[Not Available],[Not Available],[Not Available],TUMOR FREE,[Not Available],59,[Not Applicable],0,[Not Available],[Not Available],[Not Available],[Not Available],[Not Applicable],[Not Available],[Not Available],[Not Available],[Not Available],C34.3,8140/3,C34.3,YES,[Not Available],[Not Available],[Not Available],[Not Available],[Not Available],55,0:LIVING,45.99,0:DiseaseFree,45.99,matched
TCGA-55-6979-01Z-00-DX1.9238436e-3886-4a10-86fe-26658967dff2,TCGA-55-6979-01,TCGA-55-6979,3,3,56.48669879554588,33.48445758856962,0.59278482,952446.7159839312,28444.44212556282,491,8.692311826845803,1824,245,198,48,0.091864392,0.6372789336064423,1.8461600259137112,0.011693794310399398,0.14862061596538378,0.8513793840346162,19.629078809713185,188.08655075986113,0.9697454297854973,0.3917671189124986,67943.06525523761,10148.125,92824.28329133958,4845949.150890931,5af499be-d2b9-4eaf-9a9f-435dccb51917,TCGA-55-6979,7/26/11 0:00,Lung Adenocarcinoma,NO,YES,Female,Lung,WHITE,[Not Available],[Not Available],Yes,L-Upper,[Not Available],2006,[Not Available],[Not Available],[Not Available],6th,T2,N1,M0,Stage IIB,[Not Applicable],[Not Applicable],[Not Applicable],[Not Applicable],[Not Available],[Not Available],[Not Available],[Not Available],[Not Available],[Not Available],NO,[Not Available],[Not Available],NO,[Not Available],NO,[Not Available],3,No,[Not Available],[Not Available],[Not Available],[Not Available],[Not Available],[Not Available],[Not Available],[Not Available],[Not Available],WITH TUMOR,[Not Available],59,[Not Applicable],0,[Not Available],[Not Available],[Not Available],[Not Available],[Not Applicable],[Not Available],[Not Available],[Not Available],[Not Available],C34.1,8140/3,C34.1,YES,[Not Available],[Not Available],[Not Available],[Not Available],[Not Available],55,1:DECEASED,7.79,1:Recurred/Progressed,6.41,matched
TCGA-55-7724-01Z-00-DX1.31a194ac-62e3-4225-8e32-8c2a83dcdd10,TCGA-55-7724-01,TCGA-55-7724,4,4,1.1933807701690327,0.3643317058618094,0.3052937628701732,29736.04102725729,81618.04352689562,29,24.300709987049974,139,21,8,0,0.15258701570354968,0.6788636290650983,1.4169175195561554,0,0.31780770378371465,0.6821922962162852,4.861861105,119.78837096754752,0.7313536394581872,0.7772516749042601,12031.676222622822,2853.84375,47692.48170401007,61143.98228932033,294cb595-0907-44c7-bbef-985a27c1e6e2,TCGA-55-7724,3/8/12 0:00,Lung Adenocarcinoma,YES,NO,Female,Lung,WHITE,NOT HISPANIC OR LATINO,[Not Available],Yes,L-Upper,[Not Available],2011,[Not Available],[Not Available],R0,7th,T2a,N0,MX,Stage IB,[Not Applicable],[Not Applicable],[Not Applicable],[Not Applicable],YES,33,[Not Available],36,[Not Available],49,[Not Available],[Not Available],[Not Available],[Not Available],[Not Available],[Not Available],[Not Available],4,No,1958,2008,50,[Not Available],[Not Available],[Not Available],[Not Available],[Not Available],[Not Available],TUMOR FREE,[Not Available],76,[Not Applicable],0,[Not Available],[Not Available],[Not Available],[Not Available],[Not Applicable],[Not Available],[Not Available],[Not Available],[Not Available],C34.1,8140/3,C34.1,YES,[Not Available],[Not Available],[Not Available],[Not Available],[Not Available],55,0:LIVING,23.16,0:DiseaseFree,23.16,matched
TCGA-55-7726-01Z-00-DX1.37df197b-d4fb-41c4-ac6a-72dbaa31027b,TCGA-55-7726-01,TCGA-55-7726,2,2,9.85184021,4.398090603799559,0.44642325801454324,230242.0154594555,52350.44845609749,186,18.879721558935245,568,130,47,9,0.1053353061448527,0.5877000048027955,1.6766844541884034,0.004524951,0.19170879615624528,0.8082912038437546,12.23702583298535,126.91397572398606,0.937844931,0.3071391348964693,23266.484058671762,4478.59375,37258.776080283045,568162.2215609557,923b37e4-fcf7-46a0-8cb2-9139711fec7b,TCGA-55-7726,3/8/12 0:00,Lung Adenocarcinoma,YES,NO,Female,Lung,WHITE,NOT HISPANIC OR LATINO,[Not Available],Yes,L-Lower,[Not Available],2011,[Not Available],[Not Available],R0,7th,T1b,N0,MX,Stage IA,[Not Applicable],[Not Applicable],[Not Applicable],[Not Applicable],YES,49,61,55,59,72,[Not Available],[Not Available],[Not Available],[Not Available],[Not Available],[Not Available],[Not Available],3,No,1955,1979,30,[Not Available],[Not Available],[Not Available],[Not Available],[Not Available],[Not Available],TUMOR FREE,[Not Available],72,[Not Applicable],0,[Not Available],[Not Available],[Not Available],[Not Available],[Not Applicable],[Not Available],[Not Available],[Not Available],[Not Available],C34.3,8140/3,C34.3,YES,[Not Available],[Not Available],[Not Available],[Not Available],[Not Available],55,0:LIVING,21.42,0:DiseaseFree,21.42,matched
TCGA-55-7995-01Z-00-DX1.fef24d04-35a0-4f57-8f51-7ad602a78871,TCGA-55-7995-01,TCGA-55-7995,1,1,27.85344921482186,17.35928644,0.6232365086667678,581042.4984726509,33471.56580320533,256,9.190962240460074,1374,147,89,20,0.056187852,0.5935078958242067,2.0292347935593766,0.012482089637622689,0.3188324023772078,0.6811675976227922,7.262053777263163,175.35570609776596,0.9701998412145996,0.46363389135915223,67366.35955464581,6905.254469,69880.23444575512,5498516.033590909,abd6647b-d2eb-404d-8283-443e92addf55,TCGA-55-7995,5/7/12 0:00,Lung Adenocarcinoma,YES,NO,Female,Lung,WHITE,NOT HISPANIC OR LATINO,[Not Available],No,L-Upper,Peripheral Lung,2012,[Not Available],[Not Available],R0,7th,T1b,N0,M0,Stage IA,[Not Applicable],[Not Applicable],[Not Applicable],[Not Applicable],YES,77,[Not Available],71,[Not Available],51,[Not Available],[Not Available],[Not Available],NO,[Not Available],NO,[Not Available],4,No,[Not Available],2002,60,[Not Available],[Not Available],[Not Available],[Not Available],[Not Available],[Not Available],TUMOR FREE,NO,73,[Not Applicable],0,[Not Available],[Not Available],[Not Available],[Not Available],[Not Applicable],[Not Available],[Not Available],[Not Available],[Not Available],C34.1,8140/3,C34.1,YES,[Not Available],[Not Available],[Not Available],[Not Available],[Not Available],55,0:LIVING,29.2,1:Recurred/Progressed,15.37,matched
TCGA-55-8096-01Z-00-DX1.c833417d-10c1-4430-a241-d6f5496e1cd9,TCGA-55-8096-01,TCGA-55-8096,1,1,23.81780538385599,12.106938765601164,0.5083146230511817,545037.9117646703,45018.63950227113,385,16.16437760722312,847,225,134,26,0.11824105948117368,0.6175526451432748,1.6630193597719327,0.006125886,0.095924712,0.9040752883601039,40.70868779460421,138.5514908797448,0.9469229524805365,0.3850924874770908,31149.330460880137,6248.09375,56868.561678278806,1150376.358760768,36470b30-a3b3-4d28-851b-918a7ff88011,TCGA-55-8096,6/17/12 0:00,Lung Adenocarcinoma,YES,NO,Female,Lung,WHITE,NOT HISPANIC OR LATINO,[Not Available],No,L-Upper,Central Lung,2011,[Not Available],[Not Available],[Not Available],7th,T2a,N0,MX,Stage IB,[Not Applicable],[Not Applicable],[Not Applicable],[Not Applicable],YES,55,[Not Available],77,[Not Available],[Not Available],NO,[Not Available],[Not Available],NO,[Not Available],NO,[Not Available],2,No,1959,[Not Available],104,70,2,Preoperative,[Not Available],[Not Available],[Not Available],WITH TUMOR,NO,67,[Not Applicable],0,[Not Available],[Not Available],[Not Available],[Not Available],[Not Applicable],[Not Available],[Not Available],[Not Available],[Not Available],C34.1,8140/3,C34.1,YES,[Not Available],[Not Available],[Not Available],[Not Available],[Not Available],55,1:DECEASED,23.62,1:Recurred/Progressed,18.59,matched
TCGA-55-8204-01Z-00-DX1.30ba69f3-53f1-41cc-826c-20dce3cfe86b,TCGA-55-8204-01,TCGA-55-8204,3,3,0.538107943,0.11790066587522469,0.2191022587789653,13495.342050232857,114463.66269479001,18,33.450537609305584,39,13,5,0,0.15621087569518657,0.6039809997593583,1.999321584,0,0.39017953534380423,0.6098204646561959,3.6465345860141425,148.28941892104595,0.6618519902975558,0.6104690188770798,6310.094733384232,3419.060725227689,13952.91850498211,19398.203323828093,75589307-f141-4d0d-b35d-adbbc77b3dec,TCGA-55-8204,7/8/12 0:00,Lung Adenocarcinoma,YES,NO,Female,Lung,WHITE,NOT HISPANIC OR LATINO,[Not Available],"Yes, History of Prior Malignancy",L-Upper,[Not Available],2011,[Not Available],[Not Available],R0,7th,T2a,N0,MX,Stage IB,[Not Applicable],[Not Applicable],[Not Applicable],[Not Applicable],YES,85,[Not Available],88,[Not Available],101,[Not Available],[Not Available],[Not Available],[Not Available],[Not Available],[Not Available],[Not Available],3,No,[Not Available],[Not Available],[Not Available],[Not Available],[Not Available],[Not Available],[Not Available],[Not Available],[Not Available],TUMOR FREE,NO,87,[Not Applicable],0,[Not Available],[Not Available],[Not Available],[Not Available],[Not Applicable],[Not Available],[Not Available],[Not Available],[Not Available],C34.1,8140/3,C34.1,YES,[Not Available],[Not Available],[Not Available],[Not Available],[Not Available],55,0:LIVING,16.92,0:DiseaseFree,16.92,matched
TCGA-55-8299-01Z-00-DX1.6F652EC5-EBB8-499C-A66D-E0951FBFCAA2,TCGA-55-8299-01,TCGA-55-8299,16,16,9.254416867282151,2.937776390551628,0.31744586749034126,262286.50865018653,89280.62377,271,29.283314539037793,1404,210,55,6,0.1720326197602849,0.6901448486822793,1.6648122994311934,0.001773488,0.26693921453180197,0.7330607854681981,18.352408840723065,123.51566767844083,0.8407777924155564,0.6308973523514977,10172.842166597507,3362.75,23163.895876354225,137660.75810180395,2cd8ea73-cb3f-4b17-9b97-fa12eb03b85b,TCGA-55-8299,10/8/12 0:00,Lung Adenocarcinoma,YES,NO,Female,Lung,WHITE,NOT HISPANIC OR LATINO,[Not Available],No,R-Upper,[Not Available],2012,[Not Available],[Not Available],R0,7th,T1b,N0,MX,Stage IA,[Not Applicable],[Not Applicable],[Not Applicable],[Not Applicable],YES,74,[Not Available],75,[Not Available],[Not Available],[Not Available],[Not Available],[Not Available],[Not Available],[Not Available],[Not Available],[Not Available],4,No,1971,2012,20,[Not Available],[Not Available],[Not Available],NO,[Not Available],Complete Remission/Response,TUMOR FREE,NO,61,[Not Applicable],0,[Not Available],[Not Available],[Not Available],[Not Available],[Not Applicable],[Not Available],[Not Available],[Not Available],[Not Available],C34.1,8140/3,C34.1,YES,[Not Available],[Not Available],[Not Available],[Not Available],NO,55,1:DECEASED,15.41,1:Recurred/Progressed,9,matched
TCGA-55-8510-01Z-00-DX1.BB1EAC72-6215-400B-BCBF-E3D51A60182D,TCGA-55-8510-01,TCGA-55-8510,5,5,10.761399534663008,4.897152851780966,0.4550665399985374,342993.2121701374,70039.31111633564,380,35.31139223815647,555,280,93,7,0.18414976826328852,0.6386427249894171,1.7105872781664353,0.001601314,0.07169803,0.9283019695038598,51.99858022871077,103.37516926150421,0.9475695539288933,0.4133614516015454,12664.725117941818,5409.8119520943255,23413.012442564264,261275.82988154553,962fd4e7-9199-43d9-abce-e3dfa46da62c,TCGA-55-8510,1/11/13 0:00,Lung Adenocarcinoma,YES,NO,Female,Lung,WHITE,NOT HISPANIC OR LATINO,[Not Available],No,R-Lower,[Not Available],2012,[Not Available],[Not Available],R0,7th,T2a,N0,MX,Stage IB,[Not Applicable],[Not Applicable],[Not Applicable],[Not Applicable],YES,70,70,98,90,54,[Not Available],[Not Available],[Not Available],[Not Available],[Not Available],[Not Available],[Not Available],2,No,[Not Available],[Not Available],[Not Available],[Not Available],[Not Available],[Not Available],NO,[Not Available],Complete Remission/Response,TUMOR FREE,NO,55,[Not Applicable],0,[Not Available],[Not Available],[Not Available],[Not Available],[Not Applicable],[Not Available],[Not Available],[Not Available],[Not Available],C34.3,8140/3,C34.3,YES,[Not Available],[Not Available],[Not Available],[Not Available],NO,55,0:LIVING,17.71,0:DiseaseFree,17.71,matched
TCGA-55-8511-01Z-00-DX1.8EDFB05B-5B59-46EA-973C-1048B1E284D2,TCGA-55-8511-01,TCGA-55-8511,2,2,21.54945143039714,12.583903041972393,0.5839546812881669,449519.04875299125,35721.750815598614,227,10.53391083913158,1313,162,57,8,0.039621333,0.5870683250895422,1.6611726969911063,0.015834053399261663,0.25495249450570673,0.7450475054942933,6.425924853669901,144.70270899587567,0.9655658017593972,0.3549012890969795,54875.94649979596,3408.3125,33280.34542008507,3170176.8099231645,1f1df7ea-00b9-4432-86de-da773d1451e5,TCGA-55-8511,1/11/13 0:00,Lung Adenocarcinoma,YES,NO,Female,Lung,WHITE,NOT HISPANIC OR LATINO,[Not Available],"Yes, History of Prior Malignancy",R-Upper,[Not Available],2012,[Not Available],[Not Available],R0,7th,T2a,N0,MX,Stage IB,[Not Applicable],[Not Applicable],[Not Applicable],[Not Applicable],YES,53,[Not Available],82,[Not Available],31,[Not Available],[Not Available],[Not Available],[Not Available],[Not Available],[Not Available],[Not Available],2,No,1953,[Not Available],58,70,2,Preoperative,NO,[Not Available],Complete Remission/Response,TUMOR FREE,NO,73,[Not Applicable],0,[Not Available],[Not Available],[Not Available],[Not Available],[Not Applicable],[Not Available],[Not Available],[Not Available],[Not Available],C34.1,8140/3,C34.1,YES,[Not Available],[Not Available],[Not Available],[Not Available],NO,55,0:LIVING,18.13,1:Recurred/Progressed,15.11,matched
TCGA-55-A493-01Z-00-DX1.1CF94B85-7A64-4213-9B04-16504512DE2E,TCGA-55-A493-01,TCGA-55-A493,2,2,25.405601399939542,18.69912354,0.7360236525046362,384357.0612768812,20554.816942486334,109,4.290392432916758,764,61,40,8,0.030510289718768468,0.6406891434852188,1.4745675643375191,0.018708524254675715,0.45599705645199046,0.5440029435480097,2.6601513044238363,195.78930750083876,0.9356626532494212,0.6145544867897192,170946.93609251312,7911.346408,73163.21246272603,8394796.671769261,E43A2B72-35C6-4466-9007-CE96CAF77EA8,TCGA-55-A493,2/21/13 0:00,Lung Adenocarcinoma,YES,NO,Female,Lung,WHITE,NOT HISPANIC OR LATINO,[Not Available],No,R-Upper,[Not Available],2012,[Not Available],[Not Available],R0,7th,T2a,N0,M0,Stage IB,[Not Applicable],[Not Applicable],[Not Applicable],[Not Applicable],NO,2,2,65,71,102,NO,[Not Available],[Not Available],NO,[Not Available],NO,[Not Available],2,No,1977,[Not Available],53,[Not Available],[Not Available],[Not Available],[Not Available],[Not Available],[Not Available],TUMOR FREE,NO,54,[Not Applicable],0,[Not Available],[Not Available],[Not Available],[Not Available],[Not Applicable],[Not Available],[Not Available],[Not Available],[Not Available],C34.1,8140/3,C34.1,YES,[Not Available],[Not Available],[Not Available],[Not Available],[Not Available],55,0:LIVING,0.92,0:DiseaseFree,0.92,matched
TCGA-55-A494-01Z-00-DX1.8C7C4BE0-791A-47CA-B0A8-1935366350E0,TCGA-55-A494-01,TCGA-55-A494,2,2,133.26872611302784,106.02777315386737,0.7955938069366936,2039864.7123107996,19238.965901420474,449,3.3691325271556525,4676,294,102,53,0.020200598390597835,0.6210986568764302,1.5149675344316273,0.022709927518773185,0.42295157,0.5770484303242509,3.584985941737401,179.11550194592158,0.9591504890211284,0.617372723,235636.3941012283,4510.369812992622,112584.18076413687,27733736.699224483,ADBABA9C-5EFC-4130-82F6-8055EAB13795,TCGA-55-A494,2/21/13 0:00,Lung Adenocarcinoma,YES,NO,Female,Lung,WHITE,NOT HISPANIC OR LATINO,[Not Available],No,R-Lower,Peripheral Lung,2012,[Not Available],[Not Available],R0,7th,T2a,N0,MX,Stage IB,[Not Applicable],[Not Applicable],[Not Applicable],[Not Applicable],YES,77,[Not Available],95,[Not Available],76,YES,YES,G12D,YES,[Not Available],YES,FISH,3,No,1967,1980,7,80,1,Preoperative,[Not Available],[Not Available],[Not Available],TUMOR FREE,NO,61,[Not Applicable],0,[Not Available],[Not Available],[Not Available],[Not Available],[Not Applicable],[Not Available],[Not Available],[Not Available],[Not Available],C34.3,8140/3,C34.3,YES,[Not Available],[Not Available],[Not Available],[Not Available],[Not Available],55,0:LIVING,15.8,0:DiseaseFree,15.8,matched
TCGA-62-A46O-01Z-00-DX1.39B361AD-ED1D-4C0C-8611-0E8CCBDBD252,TCGA-62-A46O-01,TCGA-62-A46O,1,1,115.77027739338405,82.29948978018507,0.7108861759096748,2143359.619589242,26043.413213301483,1049,9.061047650732739,5675,736,250,63,0.037886532,0.7077977697853876,1.6944154038320638,0.014636373,0.33636711832190735,0.6636328816780926,7.541807044371234,124.85191228010886,0.9789870656370657,0.3867423210294346,78051.63765640822,4395.514384678815,55860.349924873866,27540450.656292494,D7AE8EFB-AA4D-4807-9772-55B0A28CCD5C,TCGA-62-A46O,10/29/12 0:00,Lung Adenocarcinoma,NO,YES,Female,Lung,WHITE,NOT HISPANIC OR LATINO,[Not Available],No,R-Lower,Central Lung,2006,[Not Available],[Not Available],R0,6th,T2,N0,M0,Stage IB,[Not Applicable],[Not Applicable],[Not Applicable],[Not Applicable],YES,106,[Not Available],65,[Not Available],[Not Available],NO,[Not Available],[Not Available],NO,[Not Available],NO,[Not Available],2,No,[Not Available],[Not Available],48,100,[Not Available],Preoperative,NO,[Not Available],Complete Remission/Response,WITH TUMOR,YES,65,[Not Applicable],0,[Not Available],[Not Available],[Not Available],[Not Available],[Not Applicable],[Not Available],[Not Available],[Not Available],[Not Available],C34.3,8140/3,C34.3,YES,[Not Available],[Not Available],[Not Available],[Not Available],NO,62,1:DECEASED,47.77,1:Recurred/Progressed,30.98,matched
TCGA-64-1677-01Z-00-DX1.7720D42B-1F57-4C23-9BC5-87C456E7737B,TCGA-64-1677-01,TCGA-64-1677,13,13,34.92006066785275,9.854081919577407,0.2821897136235226,1429196.7049955998,145036.00808880743,1545,44.24390938765808,7048,1349,194,2,0.1189068787161664,0.6757338218238621,1.8262615186464326,0.001670903,0.042532837,0.9574671631696916,299.58002905393397,93.50448527237431,0.9725222519170399,0.083542406,5818.184903772769,2771.09375,12021.649433954792,253305.3411510661,8a16ddb3-4861-4128-bed9-0b1f94fe8cf7,TCGA-64-1677,2/18/11 0:00,Lung Adenocarcinoma,NO,YES,Female,Lung,WHITE,NOT HISPANIC OR LATINO,[Not Available],Yes,R-Lower,[Not Available],2005,[Not Available],[Not Available],R0,[Not Available],T2,N2,M0,Stage IIIA,[Not Applicable],[Not Applicable],[Not Applicable],[Not Applicable],[Not Available],[Not Available],[Not Available],[Not Available],[Not Available],[Not Available],[Not Available],[Not Available],[Not Available],[Not Available],[Not Available],[Not Available],[Not Available],2,No,1955,[Not Available],50,0,[Not Available],[Not Available],[Not Available],[Not Available],[Not Available],[Not Available],[Not Available],77,[Not Applicable],0,[Not Available],[Not Available],[Not Available],[Not Available],[Not Applicable],[Not Available],[Not Available],[Not Available],[Not Available],C34.1,8140/3,C34.1,YES,[Not Available],[Not Available],[Not Available],[Not Available],[Not Available],64,1:DECEASED,20.63,1:Recurred/Progressed,11.83,matched
TCGA-64-1678-01Z-00-DX1.92C851BD-37AC-4C4C-9920-DF394411CC2C,TCGA-64-1678-01,TCGA-64-1678,17,17,12.203271122194295,3.301958597142574,0.2705797948828037,478199.12685903657,144822.8718775751,451,36.95730394613283,2274,369,81,1,0.095317042,0.6377707673572006,1.8943660377651692,0.000707393,0.1241311312946305,0.8758688687053696,60.32447550880196,108.82123770544152,0.9005578054079221,0.20010352264172235,6903.616023624544,3282.7579816596567,15784.223026218768,152617.45889247887,f77cf4d3-9829-4fd3-95a1-b29aed9e94b8,TCGA-64-1678,11/15/10 0:00,Lung Adenocarcinoma,NO,YES,Female,Lung,WHITE,NOT HISPANIC OR LATINO,[Not Available],No,R-Middle,[Not Available],2006,[Not Available],[Not Available],R0,6th,T2b,N0,M0,[Discrepancy],[Not Applicable],[Not Applicable],[Not Applicable],[Not Applicable],[Not Available],[Not Available],[Not Available],[Not Available],[Not Available],[Not Available],[Not Available],[Not Available],[Not Available],[Not Available],[Not Available],[Not Available],[Not Available],3,No,1970,1990,20,[Not Available],[Not Available],[Not Available],[Not Available],[Not Available],[Not Available],TUMOR FREE,[Not Available],70,[Not Applicable],0,[Not Available],[Not Available],[Not Available],[Not Available],[Not Applicable],[Not Available],[Not Available],[Not Available],[Not Available],C34.1,8140/3,C34.1,YES,[Not Available],[Not Available],[Not Available],[Not Available],[Not Available],64,0:LIVING,39.06,0:DiseaseFree,39.06,matched
TCGA-64-1679-01Z-00-DX1.f9fd24ef-d51c-4530-9fb5-e8a8f09dba73,TCGA-64-1679-01,TCGA-64-1679,12,12,23.04299597121141,5.310288962716572,0.23045132539843957,769692.8544400651,144943.68570977257,1141,49.51613069001529,2969,1055,86,0,0.18455775919752726,0.6177163196878604,2.0364287312774354,0.000412802,0.039489719,0.9605102809001187,272.58306285042664,92.57761534187121,0.9479678375440388,0.1114383717530415,4206.8573966113945,2700.21875,8691.088370981683,58647.37850104823,81a0b2ff-a3d3-41bb-9ce6-765e6ae894af,TCGA-64-1679,12/21/11 0:00,Lung Adenocarcinoma,NO,YES,Female,Lung,WHITE,NOT HISPANIC OR LATINO,[Not Available],No,R-Upper,[Not Available],2007,[Not Available],[Not Available],R0,6th,T1,N2,M0,Stage IIIA,[Not Applicable],[Not Applicable],[Not Applicable],[Not Applicable],YES,[Not Available],[Not Available],[Not Available],[Not Available],[Not Available],NO,[Not Available],[Not Available],[Not Available],[Not Available],[Not Available],[Not Available],2,No,[Not Available],[Not Available],40,[Not Available],0,Post-Adjuvant Therapy,[Not Available],[Not Available],[Not Available],TUMOR FREE,[Not Available],58,[Not Applicable],0,[Not Available],[Not Available],[Not Available],[Not Available],[Not Applicable],[Not Available],[Not Available],[Not Available],[Not Available],C34.1,8140/3,C34.1,YES,[Not Available],[Not Available],[Not Available],[Not Available],[Not Available],64,0:LIVING,81.73,0:DiseaseFree,81.73,matched
TCGA-67-3771-01Z-00-DX1.7B54D132-6AB7-4F2D-8BFF-33AFE83CF204,TCGA-67-3771-01,TCGA-67-3771,4,4,62.71064554998392,36.26163595358657,0.578237325,1351328.3445073771,37266.061195833056,762,12.151046976428317,3107,435,258,69,0.088896633,0.6282655507047057,1.7098540681177294,0.010253680775629213,0.1380234552082928,0.861976545,26.38954875861017,146.20769713704726,0.960619478,0.3835594047279258,47385.42566442822,7507.435110201841,96647.60354486786,2654581.3050783267,0df573ee-28f0-4244-b434-09e6ca59fbf0,TCGA-67-3771,1/21/11 0:00,Lung Adenocarcinoma,YES,NO,Female,Lung,BLACK OR AFRICAN AMERICAN,NOT HISPANIC OR LATINO,[Not Available],No,L-Upper,Central Lung,2009,[Not Available],[Not Available],R0,6th,T1,N0,M0,Stage IA,[Not Applicable],[Not Applicable],[Not Applicable],[Not Applicable],[Not Available],[Not Available],[Not Available],[Not Available],[Not Available],[Not Available],NO,[Not Available],[Not Available],NO,[Not Available],NO,[Not Available],4,No,[Not Available],[Not Available],[Not Available],[Not Available],[Not Available],[Not Available],[Not Available],[Not Available],[Not Available],TUMOR FREE,[Not Available],77,[Not Applicable],0,[Not Available],[Not Available],[Not Available],[Not Available],[Not Applicable],[Not Available],[Not Available],[Not Available],[Not Available],C34.1,8140/3,C34.1,YES,[Not Available],[Not Available],[Not Available],[Not Available],[Not Available],67,0:LIVING,20.04,0:DiseaseFree,20.04,matched
TCGA-69-7974-01Z-00-DX1.e4282067-fc3d-4fee-bae7-fe99000979d4,TCGA-69-7974-01,TCGA-69-7974,1,1,83.14739145193087,51.79283748995775,0.6229039370393261,1536363.158807819,29663.622100366843,824,9.910112459,2140,516,254,54,0.063878642,0.5691840684979792,1.9592633379246855,0.012918888,0.2057106589988004,0.7942893410011996,14.450406203913667,151.70792004542824,0.976450866,0.5331208057937382,62539.35193016646,6112.840335819423,64242.297436627916,10600769.310303852,3e1df30f-744a-41e9-a169-7dbbff66622e,TCGA-69-7974,4/9/12 0:00,Lung Adenocarcinoma,NO,YES,Female,Lung,WHITE,NOT HISPANIC OR LATINO,[Not Available],No,L-Upper,Peripheral Lung,2011,[Not Available],[Not Available],[Not Available],7th,T2a,N2,MX,Stage IIIA,[Not Applicable],[Not Applicable],[Not Applicable],[Not Applicable],YES,47,[Not Available],58,[Not Available],[Not Available],[Not Available],[Not Available],[Not Available],YES,Other,[Not Available],[Not Available],4,No,1981,2011,30,80,[Not Available],Post-Adjuvant Therapy,[Not Available],[Not Available],[Not Available],WITH TUMOR,[Not Available],54,[Not Applicable],0,[Not Available],[Not Available],[Not Available],[Not Available],[Not Applicable],[Not Available],[Not Available],[Not Available],[Not Available],C34.1,8255/3,C34.1,YES,[Not Available],[Not Available],[Not Available],[Not Available],[Not Available],69,0:LIVING,6.04,0:DiseaseFree,6.04,matched
TCGA-69-A59K-01Z-00-DX1.01EAF520-9AC1-4ECC-8EF3-B9122924A1E3,TCGA-69-A59K-01,TCGA-69-A59K,1,1,131.4408951488714,99.46629383,0.7567378000266028,1927904.5076021997,19382.49062467936,346,2.6323618658265877,5270,140,138,68,0.028977317,0.5990158494025235,1.638684788653214,0.029587084597186238,0.3383832336789465,0.6616167663210534,6.1385587166470765,254.6193276486007,0.9845123083767101,0.6295192327028224,287084.35503958556,16904.81484842246,203549.5627569473,33612008.20933769,67FA3E41-C7C6-44C5-9E67-6BCB2715AACC,TCGA-69-A59K,2/18/13 0:00,Lung Adenocarcinoma,YES,NO,Female,Lung,BLACK OR AFRICAN AMERICAN,NOT HISPANIC OR LATINO,[Not Available],No,R-Upper,[Not Available],2012,[Not Available],[Not Available],[Not Available],7th,T3,N0,M0,Stage IIB,[Not Applicable],[Not Applicable],[Not Applicable],[Not Applicable],YES,118,120,[Not Available],[Not Available],75,[Not Available],[Not Available],[Not Available],YES,[Not Available],NO,[Not Available],4,No,1999,2012,25,[Not Available],2,Pre-Adjuvant Therapy,NO,[Not Available],Stable Disease,TUMOR FREE,NO,60,[Not Applicable],0,[Not Available],[Not Available],[Not Available],[Not Available],[Not Applicable],[Not Available],[Not Available],[Not Available],[Not Available],C34.1,8255/3,C34.1,YES,[Not Available],[Not Available],[Not Available],[Not Available],YES,69,0:LIVING,19.42,0:DiseaseFree,19.42,matched
TCGA-73-4666-01Z-00-DX1.dd9c8922-ddd1-4674-8124-9e334532e47e,TCGA-73-4666-01,TCGA-73-4666,1,1,47.46991195799434,32.69140970285142,0.6886764342807236,912942.1546699638,27926.056507448033,435,9.163699321476038,3096,303,105,27,0.04819913,0.5868560516855217,1.3868339489624117,0.011156208276806532,0.4601915845844008,0.5398084154155992,4.049424981113971,138.77602514933912,0.9683888422058837,0.3960444195857459,74616.27229020104,4307.78125,47210.745176847835,14936934.552738799,4c31127e-d095-4978-9dac-35153c27f6ed,TCGA-73-4666,1/6/11 0:00,Lung Adenocarcinoma,NO,YES,Female,Lung,WHITE,NOT HISPANIC OR LATINO,[Not Available],No,R-Upper,Central Lung,2009,[Not Available],[Not Available],R0,[Not Available],T1,N0,M1,Stage IV,[Not Applicable],[Not Applicable],[Not Applicable],[Not Applicable],[Not Available],[Not Available],[Not Available],[Not Available],[Not Available],[Not Available],NO,[Not Available],[Not Available],NO,[Not Available],NO,[Not Available],4,No,1982,2002,10,100,0,Preoperative,[Not Available],[Not Available],[Not Available],TUMOR FREE,[Not Available],52,[Not Applicable],0,[Not Available],[Not Available],[Not Available],[Not Available],[Not Applicable],[Not Available],[Not Available],[Not Available],[Not Available],C34.1,8140/3,C34.1,YES,[Not Available],[Not Available],[Not Available],[Not Available],[Not Available],73,0:LIVING,26.28,0:DiseaseFree,26.28,matched
TCGA-73-4668-01Z-00-DX1.3470b27e-210f-4ff3-9dde-69aa85faa9ee,TCGA-73-4668-01,TCGA-73-4668,9,9,60.41451924720817,25.116404955947818,0.4157345828272643,2067760.849840581,82327.10268317736,1530,25.325038071385517,7928,1176,328,26,0.080570864,0.5949366977446032,2.149751125707569,0.005450281,0.145343993,0.8546560072592739,26.94706686358109,108.61970726718165,0.9791517604071204,0.24298618126676277,15806.78004318103,3203.0768136988463,25094.71289910441,3260737.185565207,b2285924-9813-4f46-bb8f-91a0efd8a9b6,TCGA-73-4668,1/6/11 0:00,Lung Adenocarcinoma,NO,YES,Female,Lung,AMERICAN INDIAN OR ALASKA NATIVE,NOT HISPANIC OR LATINO,[Not Available],No,L-Upper,Peripheral Lung,2009,[Not Available],[Not Available],R0,[Not Available],T2,N1,M0,Stage IIB,[Not Applicable],[Not Applicable],[Not Applicable],[Not Applicable],[Not Available],[Not Available],[Not Available],[Not Available],[Not Available],[Not Available],NO,[Not Available],[Not Available],NO,[Not Available],NO,[Not Available],4,No,1968,2005,55,100,0,Preoperative,[Not Available],[Not Available],[Not Available],WITH TUMOR,[Not Available],66,[Not Applicable],0,[Not Available],[Not Available],[Not Available],[Not Available],[Not Applicable],[Not Available],[Not Available],[Not Available],[Not Available],C34.1,8507/3,C34.1,YES,[Not Available],[Not Available],[Not Available],[Not Available],[Not Available],73,0:LIVING,15.34,1:Recurred/Progressed,9.26,matched
TCGA-73-4670-01Z-00-DX1.a92a23d5-01aa-45a2-9f83-4784cd65fd58,TCGA-73-4670-01,TCGA-73-4670,12,12,12.110509234056776,6.318151504701335,0.5217081612830644,268489.33291739784,42494.91844531031,216,17.835748755516565,787,134,70,12,0.13607069147281142,0.7151462740669824,1.717856734699443,0.005166866,0.26131544605985446,0.7386845539401454,13.090215748989122,123.23410630077659,0.8805544290006404,0.5606580050322955,28836.12745069784,5375.203125,60590.04123,1024892.7230820532,1b354837-4925-4480-ac32-6b44d0957314,TCGA-73-4670,1/6/11 0:00,Lung Adenocarcinoma,NO,YES,Female,Lung,WHITE,NOT HISPANIC OR LATINO,[Not Available],No,L-Upper,Peripheral Lung,2010,[Not Available],[Not Available],R0,[Not Available],T2,N0,M1,Stage IV,[Not Applicable],[Not Applicable],[Not Applicable],[Not Applicable],[Not Available],[Not Available],[Not Available],[Not Available],[Not Available],[Not Available],NO,[Not Available],[Not Available],NO,[Not Available],NO,[Not Available],4,[Discrepancy],1979,2009,30,[Not Available],[Not Available],[Not Available],[Not Available],[Not Available],[Not Available],WITH TUMOR,[Not Available],69,[Not Applicable],0,[Not Available],[Not Available],[Not Available],[Not Available],[Not Applicable],[Not Available],[Not Available],[Not Available],[Not Available],C34.1,8140/3,C34.1,YES,[Not Available],[Not Available],[Not Available],[Not Available],[Not Available],73,0:LIVING,4.3,0:DiseaseFree,4.3,matched
TCGA-73-7499-01Z-00-DX1.81f5c1c1-3d40-4773-a1fb-e1f8eb9f6730,TCGA-73-7499-01,TCGA-73-7499,21,21,35.03659888,14.962329756130988,0.42704857879242963,988623.4502,66074.16534202403,859,24.51721992241097,3143,653,189,17,0.10238338,0.6022608931985795,1.7601341421031338,0.004251703,0.322560059,0.6774399409881419,8.369378537,115.71774521581573,0.9115455233959743,0.4259154118017676,17049.659286339145,3752.375,26830.366735555726,1207657.0187946684,7782ceaa-da49-4232-8b3f-534971adaad8,TCGA-73-7499,5/31/12 0:00,Lung Adenocarcinoma,NO,YES,Female,Lung,WHITE,NOT HISPANIC OR LATINO,[Not Available],No,R-Upper,Peripheral Lung,2010,[Not Available],[Not Available],R0,7th,T2a,N0,M0,Stage IB,[Not Applicable],[Not Applicable],[Not Applicable],[Not Applicable],YES,91.5,[Not Available],103.7,[Not Available],54,NO,[Not Available],[Not Available],NO,[Not Available],NO,[Not Available],1,No,[Not Available],[Not Available],[Not Available],90,0,Other,NO,[Not Available],Complete Remission/Response,TUMOR FREE,NO,81,[Not Applicable],0,[Not Available],[Not Available],[Not Available],[Not Available],[Not Applicable],[Not Available],[Not Available],[Not Available],[Not Available],C34.1,8255/3,C34.1,YES,[Not Available],[Not Available],[Not Available],[Not Available],NO,73,1:DECEASED,50.3,1:Recurred/Progressed,47.54,matched
TCGA-75-6214-01Z-00-DX1.00424C13-65B8-4872-81EB-EE207AB3F78C,TCGA-75-6214-01,TCGA-75-6214,1,1,21.66008486687498,17.98674272863458,0.8304096146983209,132026.5194801307,7340.212815183417,48,2.216057799173583,419,34,11,3,0.046184400170858675,0.8075429970004067,1.6318245512228386,0.001075614,0.9290152571899494,0.070984743,1.1566432934273354,151.33447273322636,0.8726231357927786,1.212494411413425,373749.2512457462,3325.890625,42060.85998322303,16666500.324989663,32592562-11fa-435a-b40b-2b242bae53aa,TCGA-75-6214,8/12/11 0:00,Lung Adenocarcinoma,NO,YES,Female,Lung,[Not Available],[Not Available],[Not Available],No,R-Upper,Peripheral Lung,[Not Available],[Not Available],[Not Available],R0,6th,T2,N2,M0,Stage IIIA,[Not Applicable],[Not Applicable],[Not Applicable],[Not Applicable],[Not Available],[Not Available],[Not Available],[Not Available],[Not Available],[Not Available],[Not Available],[Not Available],[Not Available],[Not Available],[Not Available],[Not Available],[Not Available],2,No,1970,[Not Available],40,[Not Available],1,Preoperative,[Not Available],[Not Available],[Not Available],WITH TUMOR,[Not Available],,[Not Applicable],[Not Available],[Not Available],[Not Available],[Not Available],[Not Available],[Not Applicable],[Not Available],[Not Available],[Not Available],[Not Available],C34.1,8140/3,C34.1,YES,[Not Available],[Not Available],[Not Available],[Not Available],[Not Available],75,1:DECEASED,36.63,1:Recurred/Progressed,13.76,matched
TCGA-78-7220-01Z-00-DX1.3df84ce0-4395-4c9e-ba62-76b55676a440,TCGA-78-7220-01,TCGA-78-7220,2,2,156.7496224422989,121.77997093123055,0.7769075869771805,2162896.9698510636,17760.69540263281,787,5.020745746,3656,424,286,77,0.043455389,0.677874142,1.4384199197155352,0.019992879671414047,0.36054308867417334,0.6394569113258267,5.500757179899466,176.17647032062578,0.9717964827011195,0.4939791077619768,154496.69641748193,8463,98781.78700628916,43727554.39693738,fd5c44ef-ea50-4fba-9e8d-e371cf34ebdb,TCGA-78-7220,12/8/11 0:00,Lung Adenocarcinoma,NO,YES,Female,Lung,WHITE,[Not Available],[Not Available],No,L-Upper,Peripheral Lung,2000,[Not Available],[Not Available],R0,6th,T2,N2,M0,Stage IIIA,[Not Applicable],[Not Applicable],[Not Applicable],[Not Applicable],[Not Available],[Not Available],[Not Available],[Not Available],[Not Available],[Not Available],NO,[Not Available],[Not Available],NO,[Not Available],NO,[Not Available],2,No,1965,[Not Available],35,[Not Available],0,Preoperative,[Not Available],[Not Available],[Not Available],WITH TUMOR,[Not Available],53,[Not Applicable],0,[Not Available],[Not Available],[Not Available],[Not Available],[Not Applicable],[Not Available],[Not Available],[Not Available],[Not Available],C34.1,8255/3,C34.1,YES,[Not Available],[Not Available],[Not Available],[Not Available],[Not Available],78,1:DECEASED,26.51,1:Recurred/Progressed,17.44,matched
TCGA-83-5908-01Z-00-DX1.381c8f82-61a0-4e9d-982d-1ad0af7bead9,TCGA-83-5908-01,TCGA-83-5908,4,4,56.08384825124876,26.647878422828914,0.4751435440636971,1309077.7549862878,49125.02729916453,1278,22.787309356424988,2288,895,341,42,0.13418748587412593,0.6318961495710889,1.9869976568596492,0.004124028,0.064643359,0.9353566407658036,66.53912281939438,116.91730466287675,0.969748464,0.2520271262592012,20615.424085855426,4712.453125,34122.333595317985,1476227.5503952682,25d4ea9e-f773-4f11-bac9-64efdad73211,TCGA-83-5908,5/25/11 0:00,Lung Adenocarcinoma,YES,NO,Female,Lung,WHITE,NOT HISPANIC OR LATINO,[Not Available],No,L-Upper,[Not Available],2009,[Not Available],[Not Available],R0,6th,T1,N0,M0,Stage IA,[Not Applicable],[Not Applicable],[Not Applicable],[Not Applicable],[Not Available],[Not Available],[Not Available],[Not Available],[Not Available],[Not Available],NO,[Not Available],[Not Available],NO,[Not Available],NO,[Not Available],4,No,1962,2007,69,90,1,Preoperative,[Not Available],[Not Available],[Not Available],TUMOR FREE,[Not Available],59,[Not Applicable],0,[Not Available],[Not Available],[Not Available],[Not Available],[Not Applicable],[Not Available],[Not Available],[Not Available],[Not Available],C34.1,8140/3,C34.1,YES,[Not Available],[Not Available],[Not Available],[Not Available],[Not Available],83,0:LIVING,27.07,0:DiseaseFree,27.07,matched
TCGA-86-6851-01Z-00-DX1.0b13e600-fd7b-44a2-9ec2-26e9938fb7bc,TCGA-86-6851-01,TCGA-86-6851,11,11,6.2462397427963445,2.874431132437945,0.46018584793402545,134696.86828899622,46860.35673944056,109,17.450498938294416,291,65,39,5,0.1380113356874353,0.64744036,1.775150686215147,0.00346641,0.40213870373096017,0.5978612962690397,4.987265054814219,142.80346149545892,0.8155811869894452,0.5705360464468918,25988.326479978787,5030.209758485866,45149.880869707515,470243.09250294144,035c0b2b-c722-443b-8962-db4ee92c7532,TCGA-86-6851,10/7/11 0:00,Lung Adenocarcinoma,YES,NO,Female,Lung,WHITE,NOT HISPANIC OR LATINO,[Not Available],No,L-Upper,[Not Available],2011,[Not Available],[Not Available],[Not Available],7th,T1b,N1,M0,Stage IIA,[Not Applicable],[Not Applicable],[Not Applicable],[Not Applicable],NO,[Not Available],[Not Available],[Not Available],[Not Available],[Not Available],[Not Available],[Not Available],[Not Available],[Not Available],[Not Available],[Not Available],[Not Available],2,No,1959,[Not Available],52,[Not Available],[Not Available],[Not Available],[Not Available],[Not Available],[Not Available],TUMOR FREE,[Not Available],73,[Not Applicable],0,[Not Available],[Not Available],[Not Available],[Not Available],[Not Applicable],[Not Available],[Not Available],[Not Available],[Not Available],C34.1,8255/3,C34.1,YES,[Not Available],[Not Available],[Not Available],[Not Available],[Not Available],86,0:LIVING,5.88,0:DiseaseFree,5.88,matched
TCGA-86-8056-01Z-00-DX1.eee7e03a-842c-4a44-bff8-f7b906725605,TCGA-86-8056-01,TCGA-86-8056,13,13,8.289292227280683,3.4242551320210133,0.41309378872559627,230190.83892997212,67223.62384081827,170,20.50838543736186,555,123,42,5,0.095620907,0.5892562035320023,2.3835133246807825,0.001182802,0.2963654960067529,0.7036345039932473,7.809638198598025,142.86838254197392,0.879595315,0.2996957113504842,19591.585665962077,4311.943032058422,45965.57182955274,479847.5176235476,472337c2-a2fc-403a-8c17-69511193128b,TCGA-86-8056,5/9/12 0:00,Lung Adenocarcinoma,YES,NO,Female,Lung,WHITE,NOT HISPANIC OR LATINO,[Not Available],No,Other (please specify),Peripheral Lung,2011,[Not Available],[Not Available],R0,7th,T4,N0,M0,Stage IIIA,[Not Applicable],[Not Applicable],[Not Applicable],[Not Applicable],NO,[Not Available],[Not Available],[Not Available],[Not Available],[Not Available],NO,[Not Available],[Not Available],NO,[Not Available],NO,[Not Available],3,No,1963,1975,36,100,0,Preoperative,[Not Available],[Not Available],Complete Remission/Response,TUMOR FREE,NO,63,"Right upper, lower",0,[Not Available],[Not Available],[Not Available],[Not Available],[Not Applicable],[Not Available],[Not Available],[Not Available],[Not Available],C34.1,8255/3,C34.1,YES,[Not Available],[Not Available],[Not Available],[Not Available],[Not Available],86,0:LIVING,4.57,0:DiseaseFree,4.57,matched
TCGA-95-7039-01Z-00-DX1.C191A46D-A667-4BF6-8E6B-3E5CBF9DF43F,TCGA-95-7039-01,TCGA-95-7039,15,15,48.107750966561746,19.186395663375958,0.3988212975641252,1424224.3254581802,74230.94730485609,1281,26.62772576690157,4299,951,295,35,0.11652196791846907,0.6085568799603644,1.8337013013189085,0.005217252,0.04881252,0.9511874801081183,126.10297860068854,126.49749357542913,0.9798594183155176,0.20837932678943585,14542.10435140967,3687.178276855342,31173.632716161985,564835.4538554971,ae702159-5b6a-41dd-868c-7540f9e1131c,TCGA-95-7039,2011-8-00,Lung Adenocarcinoma,YES,NO,Female,Lung,WHITE,NOT HISPANIC OR LATINO,[Not Available],No,R-Upper,[Not Available],2011,[Not Available],[Not Available],[Not Available],7th,T3,N0,MX,Stage IIB,[Not Applicable],[Not Applicable],[Not Applicable],[Not Applicable],[Not Available],[Not Available],[Not Available],[Not Available],[Not Available],[Not Available],[Not Available],[Not Available],[Not Available],[Not Available],[Not Available],[Not Available],[Not Available],2,No,[Not Available],[Not Available],34,[Not Available],1,Preoperative,[Not Available],[Not Available],[Not Available],TUMOR FREE,[Not Available],54,[Not Applicable],0,[Not Available],[Not Available],[Not Available],[Not Available],[Not Applicable],[Not Available],[Not Available],[Not Available],[Not Available],C34.1,8140/3,C34.1,YES,[Not Available],[Not Available],[Not Available],[Not Available],[Not Available],95,0:LIVING,41.79,1:Recurred/Progressed,41.33,matched
TCGA-95-7948-01Z-00-DX1.FF1AEF38-19E5-4475-87C8-B318204FEF1D,TCGA-95-7948-01,TCGA-95-7948,2,2,88.62827657,52.76356012601271,0.5953355088224186,2416806.2449123184,45804.45745397722,1389,15.672199142352088,6943,1004,332,53,0.049516919616444395,0.6026322288554576,1.5503114420877655,0.019184853977659996,0.3057078096028684,0.6942921903971316,9.468152041,123.12692194484165,0.9834728628147379,0.36823588998259144,37529.82274199082,3762.953065616092,33751.485421507576,15917611.862143774,a52e99d6-a61a-439d-b0b1-ca7a0eabcb04,TCGA-95-7948,3/22/12 0:00,Lung Adenocarcinoma,YES,NO,Female,Lung,WHITE,NOT HISPANIC OR LATINO,[Not Available],Yes,R-Lower,[Not Available],2011,[Not Available],[Not Available],R0,7th,T2a,N0,M0,Stage IB,[Not Applicable],[Not Applicable],[Not Applicable],[Not Applicable],YES,72,79,[Not Available],[Not Available],87,[Not Available],[Not Available],[Not Available],[Not Available],[Not Available],[Not Available],[Not Available],3,No,1993,1995,0.15,[Not Available],[Not Available],[Not Available],[Not Available],[Not Available],[Not Available],TUMOR FREE,[Not Available],42,[Not Applicable],0,[Not Available],[Not Available],[Not Available],[Not Available],[Not Applicable],[Not Available],[Not Available],[Not Available],[Not Available],C34.3,8255/3,C34.3,YES,[Not Available],[Not Available],[Not Available],[Not Available],[Not Available],95,0:LIVING,15.64,0:DiseaseFree,15.64,matched
TCGA-97-7938-01Z-00-DX1.d774d0a2-ee34-43ba-9d9d-34bf9718292e,TCGA-97-7938-01,TCGA-97-7938,4,4,31.10005220636904,7.401866585283284,0.2380017414815607,1333912.1300477344,180212.93881463318,1325,42.60443008930547,5436,1191,133,1,0.11568223060575171,0.5178258669474265,2.0961257205893413,0.000680824,0.028136605577243505,0.9718633944227565,342.8691812172298,85.75914572,0.9704915834741614,0.1025363809315662,4892.353657594949,2589.8125,10118.205974259083,144184.5603028762,e6e75590-9520-4b1c-8a28-4a1d2b2218fc,TCGA-97-7938,2/13/12 0:00,Lung Adenocarcinoma,YES,NO,Female,Lung,WHITE,NOT HISPANIC OR LATINO,[Not Available],No,R-Upper,[Not Available],2011,[Not Available],[Not Available],R0,7th,T1a,N0,MX,Stage IA,[Not Applicable],[Not Applicable],[Not Applicable],[Not Applicable],YES,50,54,58,59,53,YES,YES,G12C,YES,[Not Available],NO,[Not Available],3,No,[Not Available],1996,40,[Not Available],[Not Available],[Not Available],[Not Available],[Not Available],[Not Available],TUMOR FREE,[Not Available],76,[Not Applicable],0,[Not Available],[Not Available],[Not Available],[Not Available],[Not Applicable],[Not Available],[Not Available],[Not Available],[Not Available],C34.1,8252/3,C34.1,YES,[Not Available],[Not Available],[Not Available],[Not Available],[Not Available],97,1:DECEASED,0.59,[Not Available],[Not Available],matched
TCGA-97-8172-01Z-00-DX1.812ab977-692e-42f8-af57-7ce9084ab045,TCGA-97-8172-01,TCGA-97-8172,7,7,140.43026849351145,53.448388189731816,0.3806044719782144,3911571.9060897706,73184.09476080774,4990,35.533649928402454,6855,3693,1242,55,0.21939419264767474,0.6591331517580435,1.764478670859999,0.002264686,0.008328901,0.9916710989273447,1052.8666805193675,108.09193375892296,0.9890046590243639,0.1691431945117689,10463.14542845823,4547.866619598743,23286.855262450023,297547.44948916073,cbf1f718-6bb7-4daf-b9d6-fb294281decb,TCGA-97-8172,6/13/12 0:00,Lung Adenocarcinoma,YES,NO,Female,Lung,WHITE,NOT HISPANIC OR LATINO,[Not Available],"Yes, History of Prior Malignancy",R-Upper,[Not Available],2011,[Not Available],[Not Available],[Not Available],7th,T2a,N0,M0,Stage IB,[Not Applicable],[Not Applicable],[Not Applicable],[Not Applicable],YES,104.64,107.25,93.27,105.1,64.98,YES,YES,G12V,YES,[Not Available],NO,[Not Available],3,No,1961,1981,20,[Not Available],1,Preoperative,NO,[Not Available],Complete Remission/Response,TUMOR FREE,NO,75,[Not Applicable],0,[Not Available],[Not Available],[Not Available],[Not Available],[Not Applicable],[Not Available],[Not Available],[Not Available],[Not Available],C34.1,8550/3,C34.1,YES,[Not Available],[Not Available],[Not Available],[Not Available],NO,97,0:LIVING,17.9,0:DiseaseFree,17.9,matched
TCGA-97-8175-01Z-00-DX1.f7148cec-5e4b-46ac-b167-d41b36eb3ee5,TCGA-97-8175-01,TCGA-97-8175,9,9,153.16125938205283,101.18880651457229,0.6606684152561195,3084532.3122453424,30482.939946535847,1521,9.930709672515452,8575,1053,388,80,0.043733916,0.6142621395285331,1.5437010671688352,0.048525927,0.2774663308404554,0.7225336691595449,9.737230435434203,141.6826509861226,0.9795370074835675,0.31536203203746954,65960.70847755569,4424.419689919189,49820.60391810917,26877202.911208242,f4350d9c-3f40-4829-bbc4-8acb2f3ff512,TCGA-97-8175,6/13/12 0:00,Lung Adenocarcinoma,YES,NO,Female,Lung,WHITE,NOT HISPANIC OR LATINO,[Not Available],No,L-Upper,Peripheral Lung,2011,[Not Available],[Not Available],[Not Available],7th,T2a,N0,M0,Stage IB,[Not Applicable],[Not Applicable],[Not Applicable],[Not Applicable],NO,[Not Available],[Not Available],[Not Available],[Not Available],[Not Available],YES,NO,[Not Available],YES,[Not Available],YES,FISH,3,No,[Not Available],1981,[Not Available],[Not Available],[Not Available],[Not Available],NO,[Not Available],Complete Remission/Response,TUMOR FREE,NO,55,[Not Applicable],0,[Not Available],[Not Available],[Not Available],[Not Available],[Not Applicable],[Not Available],[Not Available],[Not Available],[Not Available],C34.1,8230/3,C34.1,YES,[Not Available],[Not Available],[Not Available],[Not Available],NO,97,0:LIVING,18.1,1:Recurred/Progressed,9.66,matched
TCGA-J2-8192-01Z-00-DX1.A784F381-7906-480F-99A1-0B88005953A0,TCGA-J2-8192-01,TCGA-J2-8192,2,2,396.0082408364017,176.40799003324105,0.4454654520841611,12284797.115965622,69638.55273024064,11501,29.04232491654454,31611,8206,3049,246,0.13948686190765924,0.6090786912588342,1.9704216653163737,0.00591565,0.012765821114590166,0.9872341788854097,536.1321543061376,104.57575911954373,0.9915839183622193,0.2783147666571457,15069.768235256639,4770.131026883923,29812.64562828352,1158356.8625816908,369f14c4-2191-4962-a309-3e23ddc4e5fc,TCGA-J2-8192,6/6/12 0:00,Lung Adenocarcinoma,YES,NO,Female,Lung,WHITE,NOT HISPANIC OR LATINO,[Not Available],"Yes, History of Prior Malignancy",L-Upper,[Not Available],2011,[Not Available],[Not Available],[Not Available],7th,T2a,N1,MX,Stage IIA,[Not Applicable],[Not Applicable],[Not Applicable],[Not Applicable],YES,77,89,97,100,112,YES,NO,[Not Available],YES,Exon 19 Deletion,NO,[Not Available],1,No,[Not Available],[Not Available],[Not Available],[Not Available],[Not Available],[Not Available],NO,[Not Available],[Not Available],TUMOR FREE,NO,65,[Not Applicable],0,[Not Available],[Not Available],[Not Available],[Not Available],[Not Applicable],[Not Available],[Not Available],[Not Available],[Not Available],C34.1,8140/3,C34.1,YES,[Not Available],[Not Available],[Not Available],[Not Available],YES,J2,0:LIVING,24.28,1:Recurred/Progressed,15.83,matched
TCGA-J2-A4AD-01Z-00-DX1.C3C3B0C6-0666-4CCF-8422-345560B237DA,TCGA-J2-A4AD-01,TCGA-J2-A4AD,2,2,6.939301658602898,1.7680774551583487,0.2547918424855332,321842.8282622269,182029.8241591473,420,60.52482233270709,1357,402,18,0,0.14685720257426121,0.5609070431362468,1.824955768207799,0.000144156,0.065198853,0.9348011469567988,75.7770876,78.67312219548418,0.9526125549280238,0.15764993904034466,3564.2406023210783,2015.34375,6439.703125000003,92250.54708338034,096BD95F-9900-4DB2-B1C4-103902C3B31F,TCGA-J2-A4AD,12/27/12 0:00,Lung Adenocarcinoma,YES,NO,Female,Lung,WHITE,NOT HISPANIC OR LATINO,[Not Available],No,L-Upper,[Not Available],2012,[Not Available],[Not Available],RX,7th,T1a,N0,MX,Stage IA,[Not Applicable],[Not Applicable],[Not Applicable],[Not Applicable],YES,1.95,[Not Available],[Not Available],[Not Available],[Not Available],NO,[Not Available],[Not Available],NO,[Not Available],NO,[Not Available],2,No,1970,[Not Available],120,[Not Available],[Not Available],[Not Available],NO,[Not Available],[Not Available],TUMOR FREE,NO,61,[Not Applicable],0,[Not Available],[Not Available],[Not Available],[Not Available],[Not Applicable],[Not Available],[Not Available],[Not Available],[Not Available],C34.1,8140/3,C34.1,YES,[Not Available],[Not Available],[Not Available],[Not Available],NO,J2,1:DECEASED,18.07,1:Recurred/Progressed,17.21,matched
TCGA-L9-A5IP-01Z-00-DX1.E699D989-8BB8-41DF-9B95-A880858653E6,TCGA-L9-A5IP-01,TCGA-L9-A5IP,2,2,87.87633799906311,65.98457395344448,0.7508798779729303,1672510.6959085076,25346.99545212719,732,8.329887392528853,5572,582,124,26,0.019816446772195614,0.6927477419109007,1.8512610584222629,0.020022443923903392,0.45820394563254535,0.5417960543674547,4.053382032585038,117.41918966239062,0.9355357348988074,0.43663434764436815,89258.99717822972,2895.1127182875575,22622.13587,29910330.37818279,2A43E61E-2151-4C5A-B062-74CE9DFD8D4A,TCGA-L9-A5IP,5/14/13 0:00,Lung Adenocarcinoma,YES,NO,Female,Lung,BLACK OR AFRICAN AMERICAN,NOT HISPANIC OR LATINO,[Not Available],No,R-Upper,[Not Available],2012,[Not Available],[Not Available],R1,7th,T3,N2,M1b,Stage IV,[Not Applicable],[Not Applicable],[Not Applicable],[Not Applicable],NO,[Not Available],[Not Available],[Not Available],[Not Available],[Not Available],NO,[Not Available],[Not Available],YES,[Not Available],YES,FISH,4,No,[Not Available],2012,[Not Available],[Not Available],[Not Available],[Not Available],NO,[Not Available],Progressive Disease,WITH TUMOR,YES,40,[Not Applicable],0,[Not Available],[Not Available],[Not Available],[Not Available],[Not Applicable],[Not Available],[Not Available],[Not Available],[Not Available],C34.1,8140/3,C34.1,YES,[Not Available],[Not Available],[Not Available],[Not Available],NO,L9,1:DECEASED,1.91,1:Recurred/Progressed,1.61,matched
TCGA-MP-A4T4-01Z-00-DX1.5F72FF0B-59C0-4E95-A8C1-BF22A948F7AC,TCGA-MP-A4T4-01,TCGA-MP-A4T4,2,2,55.107722684128646,26.67682014797709,0.4840849675622718,1224271.4722830069,45892.70630802089,1076,19.525394039008155,2509,625,395,56,0.15386000015896845,0.6870112089493804,1.8217680760603971,0.006203241,0.038634634251089706,0.9613653657489103,140.02936775924846,139.4909307577795,0.9779853768568186,0.2691252824191833,24573.558791035026,7195.7814809838255,55364.90460186079,1013584.2581181348,301CA6E8-7981-4264-B4AE-38F56F7F9225,TCGA-MP-A4T4,4/2/13 0:00,Lung Adenocarcinoma,NO,YES,Female,Lung,WHITE,[Not Available],[Not Available],No,R-Lower,[Not Available],2004,[Not Available],[Not Available],R0,6th,T2,N1,M0,Stage IIB,[Not Applicable],[Not Applicable],[Not Applicable],[Not Applicable],YES,113,110,[Not Available],[Not Available],53,NO,[Not Available],[Not Available],NO,[Not Available],NO,[Not Available],2,No,1954,[Not Available],50,[Not Available],0,Preoperative,NO,[Not Available],Complete Remission/Response,[Not Available],[Not Available],68,[Not Applicable],0,[Not Available],[Not Available],[Not Available],[Not Available],[Not Applicable],[Not Available],[Not Available],[Not Available],[Not Available],C34.3,8140/3,C34.3,YES,[Not Available],[Not Available],[Not Available],[Not Available],NO,MP,1:DECEASED,85.97,[Not Available],[Not Available],matched
TCGA-MP-A4T7-01Z-00-DX1.C74D7A5B-1D1A-423B-85CA-C11E0CCF5873,TCGA-MP-A4T7-01,TCGA-MP-A4T7,2,2,54.23997664095993,30.692787077931147,0.5658702119490431,1090920.515443986,35543.22103998122,720,13.274341999924165,2089,521,171,28,0.063923296,0.5804933488597477,1.88774228,0.008835743,0.18200618752971548,0.8179938124702844,11.416411362542664,130.18788550687398,0.9840476547767408,0.2862851801590419,42177.33851676599,4473.0910195737615,35368.19583424688,5516988.585034251,47062AD2-BA82-45C8-A871-BDEA84F0C405,TCGA-MP-A4T7,4/2/13 0:00,Lung Adenocarcinoma,NO,YES,Female,Lung,[Not Available],[Not Available],[Not Available],No,R-Lower,[Not Available],2005,[Not Available],[Not Available],R0,6th,T2,N0,M1,Stage IV,[Not Applicable],[Not Applicable],[Not Applicable],[Not Applicable],YES,87,91,[Not Available],[Not Available],57,NO,[Not Available],[Not Available],NO,[Not Available],NO,[Not Available],4,No,1954,2004,50,[Not Available],[Not Available],[Not Available],NO,[Not Available],[Not Available],[Not Available],[Not Available],75,[Not Applicable],0,[Not Available],[Not Available],[Not Available],[Not Available],[Not Applicable],[Not Available],[Not Available],[Not Available],[Not Available],C34.3,8140/3,C34.3,YES,[Not Available],[Not Available],[Not Available],[Not Available],NO,MP,1:DECEASED,5.49,[Not Available],[Not Available],matched
TCGA-MP-A4T9-01Z-00-DX1.F7B341C4-EBCD-455F-BE90-3B77AC6B76EC,TCGA-MP-A4T9-01,TCGA-MP-A4T9,1,1,0.074359532,0.027657533244812984,0.3719433481772112,2878.3882684208374,104072.48697642489,1,13.448175037336965,12,0,1,0,0.060093251083983654,0.5142366877397894,1.0715692659187606,0,1,0,1,,0,,26537.93357,26537.93357,26537.93357,26537.93357,70081320-540F-41D2-8687-EE6D011F8EB0,TCGA-MP-A4T9,4/2/13 0:00,Lung Adenocarcinoma,NO,YES,Female,Lung,WHITE,NOT HISPANIC OR LATINO,[Not Available],No,L-Upper,[Not Available],2006,[Not Available],[Not Available],RX,6th,T2,N2,MX,Stage IIIA,[Not Applicable],[Not Applicable],[Not Applicable],[Not Applicable],YES,99,105,[Not Available],[Not Available],106,NO,[Not Available],[Not Available],NO,[Not Available],NO,[Not Available],4,No,1980,2004,24,[Not Available],[Not Available],[Not Available],YES,[Not Available],Complete Remission/Response,WITH TUMOR,YES,54,[Not Applicable],0,[Not Available],[Not Available],[Not Available],[Not Available],[Not Applicable],[Not Available],[Not Available],[Not Available],[Not Available],C34.1,8140/3,C34.1,YES,[Not Available],[Not Available],[Not Available],[Not Available],YES,MP,1:DECEASED,41.56,1:Recurred/Progressed,41,matched
TCGA-MP-A4TA-01Z-00-DX1.11DDADA4-B7A2-4216-9B18-7AD993AE12E4,TCGA-MP-A4TA-01,TCGA-MP-A4TA,14,14,14.32845218190896,4.983702588,0.34781862862098245,367380.46492926404,73716.37019,354,24.70608796440406,962,230,117,7,0.16662710790119176,0.6388505784270886,1.9781354941491647,0.001219193,0.1290888864290397,0.8709111135709603,61.636177632534576,132.37418113592565,0.8938203153694461,0.28362041850674063,13786.224943285613,5439.836448,30117.77125703044,168812.9117751249,98EE294A-46ED-4572-BDD4-A932C3498A25,TCGA-MP-A4TA,4/2/13 0:00,Lung Adenocarcinoma,NO,YES,Female,Lung,WHITE,NOT HISPANIC OR LATINO,[Not Available],"Yes, History of Prior Malignancy",R-Upper,Peripheral Lung,2006,[Not Available],[Not Available],R0,6th,T1,N0,M0,Stage IA,[Not Applicable],[Not Applicable],[Not Applicable],[Not Applicable],YES,65,74,[Not Available],[Not Available],46,NO,[Not Available],[Not Available],NO,[Not Available],NO,[Not Available],4,No,1951,2006,55,[Not Available],1,Pre-Adjuvant Therapy,NO,[Not Available],Complete Remission/Response,WITH TUMOR,YES,75,[Not Applicable],0,[Not Available],[Not Available],[Not Available],[Not Available],[Not Applicable],[Not Available],[Not Available],[Not Available],[Not Available],C34.1,8140/3,C34.1,YES,[Not Available],[Not Available],[Not Available],[Not Available],NO,MP,1:DECEASED,31.21,1:Recurred/Progressed,23.82,matched
TCGA-MP-A4TF-01Z-00-DX1.F98B0438-6D32-4EA3-ABA8-E624457EA658,TCGA-MP-A4TF-01,TCGA-MP-A4TF,5,5,106.67363289984549,66.61359746393858,0.6244616936078407,2167748.7864977806,32542.136576114153,1477,13.84597074130527,4159,949,474,54,0.076651229,0.6006264345920973,1.7946319520451335,0.015037232625724139,0.3180871078156384,0.6819128921843615,9.176169823198908,136.53519444687836,0.9745924249144737,0.38940512398186106,44755.24152135508,5785.833967339753,42589.011112328735,16407063.72393848,86DAC334-F30E-438E-810A-8E45F69DBB7E,TCGA-MP-A4TF,4/2/13 0:00,Lung Adenocarcinoma,NO,YES,Female,Lung,WHITE,NOT HISPANIC OR LATINO,[Not Available],No,R-Upper,Peripheral Lung,2010,[Not Available],[Not Available],R0,7th,T2b,N0,M0,Stage IIA,[Not Applicable],[Not Applicable],[Not Applicable],[Not Applicable],YES,109,108,[Not Available],[Not Available],77,NO,[Not Available],[Not Available],NO,[Not Available],NO,[Not Available],4,No,1970,2010,40,[Not Available],[Not Available],[Not Available],NO,[Not Available],Partial Remission/Response,WITH TUMOR,YES,58,[Not Applicable],0,[Not Available],[Not Available],[Not Available],[Not Available],[Not Applicable],[Not Available],[Not Available],[Not Available],[Not Available],C34.1,8140/3,C34.1,YES,[Not Available],[Not Available],[Not Available],[Not Available],YES,MP,1:DECEASED,11.04,1:Recurred/Progressed,6.41,matched
TCGA-MP-A4TK-01Z-00-DX1.57494698-D9D9-4C04-AAB2-16616CCFDCC9,TCGA-MP-A4TK-01,TCGA-MP-A4TK,22,22,63.98488521314516,30.804878902462164,0.4814399338194571,1565283.8883629343,50812.85640885362,1202,18.78568658826099,4166,789,354,59,0.11664404267839647,0.6387218781422906,1.7905933175112543,0.006187038,0.105572516,0.8944274840048059,81.97775605282426,131.45502499854226,0.9566961277689319,0.2513679394610195,25234.75708097077,5193.5922250708245,45732.56500988477,1092152.9975521786,F7F9F522-DE88-4F9C-8BA4-7BE3726FAAF8,TCGA-MP-A4TK,4/2/13 0:00,Lung Adenocarcinoma,NO,YES,Female,Lung,[Not Available],[Not Available],[Not Available],No,R-Lower,[Not Available],2002,[Not Available],[Not Available],R0,5th,T2,N1,MX,Stage IIB,[Not Applicable],[Not Applicable],[Not Applicable],[Not Applicable],YES,57,64,[Not Available],[Not Available],88,NO,[Not Available],[Not Available],NO,[Not Available],NO,[Not Available],4,No,1971,1999,28,[Not Available],[Not Available],[Not Available],NO,[Not Available],Complete Remission/Response,WITH TUMOR,YES,56,[Not Applicable],0,[Not Available],[Not Available],[Not Available],[Not Available],[Not Applicable],[Not Available],[Not Available],[Not Available],[Not Available],C34.3,8140/3,C34.3,YES,[Not Available],[Not Available],[Not Available],[Not Available],NO,MP,1:DECEASED,19.12,1:Recurred/Progressed,17.9,matched
TCGA-NJ-A4YQ-01Z-00-DX1.56C29975-77E9-4822-A9E1-83AD70D6C5F7,TCGA-NJ-A4YQ-01,TCGA-NJ-A4YQ,31,31,82.62285344318948,28.069765238776213,0.3397336701530971,2248654.1757513685,80109.47568043877,2253,27.26848451862216,7501,1590,637,26,0.1523892718092847,0.6658162234319124,1.7484832413229996,0.002307591,0.069871223,0.9301287769744061,115.27388850882535,132.5763076401631,0.9518577500256219,0.18108315383971796,12060.832993614893,4701.90625,29018.948220257036,505228.10842371004,52DF074F-A402-4B78-9472-F8EB268EFDED,TCGA-NJ-A4YQ,9/27/13 0:00,Lung Adenocarcinoma,[Not Available],[Not Available],Female,Lung,WHITE,NOT HISPANIC OR LATINO,[Not Available],No,L-Upper,[Not Available],2011,[Not Available],[Not Available],RX,7th,T1b,N0,M0,Stage IA,[Not Applicable],[Not Applicable],[Not Applicable],[Not Applicable],NO,[Not Available],[Not Available],[Not Available],[Not Available],[Not Available],NO,[Not Available],[Not Available],NO,[Not Available],NO,[Not Available],4,No,[Not Available],2011,40,[Not Available],[Not Available],[Not Available],NO,[Not Available],Stable Disease,TUMOR FREE,NO,69,[Not Applicable],0,[Not Available],[Not Available],[Not Available],[Not Available],[Not Applicable],[Not Available],[Not Available],[Not Available],[Not Available],C34.1,8255/3,C34.1,YES,[Not Available],[Not Available],[Not Available],[Not Available],NO,NJ,0:LIVING,47.04,0:DiseaseFree,47.04,matched