wsi_name,sample_id,subject_id,tils_denominator_used,mpp,n_clusters_input,n_clusters_scored,n_clusters_filtered_min_roi,filtered_cluster_ids,n_roi_boxes_input,n_roi_boxes_scored,n_clusters_TSR_reliable,n_clusters_sTILs_reliable,WSI_TSR_display,WSI_TSR_tumor_pct,WSI_TSR_stroma_pct,WSI_TSR_stroma_fraction,WSI_TSR_category,WSI_sTILs_pct_salgado,WSI_sTILs_pct_stromal,WSI_sTILs_pct_tissue,WSI_sTILs_pct_selected,WSI_sTILs_level,total_cluster_area_px2,total_cluster_area_um2,total_cluster_area_mm2,total_segmented_area_px2,total_segmented_area_um2,total_background_area_px2,total_background_area_um2,total_tumor_area_px2,total_tumor_area_um2,total_stroma_area_px2,total_stroma_area_um2,total_inflammatory_area_px2,total_inflammatory_area_um2,total_necrosis_area_px2,total_necrosis_area_um2,total_others_area_px2,total_others_area_um2,total_tissue_fraction,WSI_frac_Tumour,WSI_frac_Stroma,WSI_frac_Inflammatory,WSI_frac_Necrosis,WSI_frac_Others,total_viable_area_px2,total_viable_area_um2,total_cross_class_overlap_area_px2,mean_cross_class_overlap_frac,n_clusters_with_overlap,cluster_buffer_um,min_roi_boxes_per_cluster,n_area_intersections_final,max_pairwise_intersection_px2,features_seen,regions_loaded,regions_filtered_out,skipped_unknown_class,skipped_bad_geometry,OTHER_PATIENT_ID,PATIENT_ID,FORM_COMPLETION_DATE,HISTOLOGICAL_DIAGNOSIS,PROSPECTIVE_COLLECTION,RETROSPECTIVE_COLLECTION,SEX,TUMOR_SITE,RACE,ETHNICITY,LATERALITY,HISTORY_OTHER_MALIGNANCY,PRIMARY_SITE_PATIENT,LOCATION_LUNG_PARENCHYMA,INITIAL_PATHOLOGIC_DX_YEAR,METHOD_OF_INITIAL_SAMPLE_PROCUREMENT,METHOD_OF_INITIAL_SAMPLE_PROCUREMENT_OTHER,RESIDUAL_TUMOR,AJCC_STAGING_EDITION,AJCC_TUMOR_PATHOLOGIC_PT,AJCC_NODES_PATHOLOGIC_PN,AJCC_METASTASIS_PATHOLOGIC_PM,AJCC_PATHOLOGIC_TUMOR_STAGE,AJCC_NODES_CLINICAL_CT,AJCC_NODES_CLINICAL_CN,AJCC_METASTASIS_CLINICAL_CM,AJCC_CLINICAL_TUMOR_STAGE,PULMONARY_FUNCTION_TEST_INDICATOR,FEV1_PERCENT_REF_PREBRONCHOLIATOR,FEV1_PERCENT_REF_POSTBRONCHOLIATOR,FEV1_FVC_RATIO_PREBRONCHOLIATOR,FEV1_FVC_RATIO_POSTBRONCHOLIATOR,CARBON_MONOXIDE_DIFFUSION_DLCO,KRAS_GENE_ANALYSIS_INDICATOR,KRAS_MUTATION,KRAS_MUTATION_IDENTIFIED_TYPE,MUTATION_STATUS,MUTATION_TYPE,ALK_TRANSLOCATION_STATUS,ALK_ANALYSIS_TYPE,TOBACCO_SMOKING_HISTORY_INDICATOR,HISTORY_NEOADJUVANT_TRTYN,SMOKING_YEAR_STARTED,SMOKING_YEAR_STOPPED,SMOKING_PACK_YEARS,KARNOFSKY_PERFORMANCE_SCORE,ECOG_SCORE,PERFORMANCE_STATUS_TIMING,RADIATION_TREATMENT_ADJUVANT,PHARMACEUTICAL_TX_ADJUVANT,TREATMENT_OUTCOME_FIRST_COURSE,TUMOR_STATUS,NEW_TUMOR_EVENT_AFTER_INITIAL_TREATMENT,AGE,PRIMARY_SITE_OTHER,DAYS_TO_INITIAL_PATHOLOGIC_DIAGNOSIS,DAYS_TO_PATIENT_PROGRESSION_FREE,DAYS_TO_TUMOR_PROGRESSION,DISEASE_CODE,ALK_TRANSLOCATION_VARIANT,EXTRANODAL_INVOLVEMENT,HISTORY_IMMUNOLOGICAL_DISEASE,HISTORY_IMMUNOLOGICAL_DISEASE_OTHER,HISTORY_RELEVANT_INFECTIOUS_DX,HIV_STATUS,ICD_10,ICD_O_3_HISTOLOGY,ICD_O_3_SITE,INFORMED_CONSENT_VERIFIED,NUMBER_OF_LYMPHNODES_POSITIVE_BY_IHC,POS_LYMPH_NODE_LOCATION,PROJECT_CODE,STAGE_OTHER,TARGETED_MOLECULAR_THERAPY,TISSUE_SOURCE_SITE,OS_STATUS,OS_MONTHS,DFS_STATUS,DFS_MONTHS,clinical_match
TCGA-05-4250-01Z-00-DX1.90f67fdf-dff9-46ca-af71-0978d7c221ba,TCGA-05-4250-01,TCGA-05-4250,salgado,0.25,1,1,0,,3073,3073,1,1,74/26,73.73683384491025,26.263166155089753,0.2626316615508975,stroma-low,7.102055289132244,6.631110178006919,1.8286121965122009,7.102055289132244,low,727408467.0177546,45463029.18860966,45.46302918860966,750004299.7203802,46875268.73252376,0,0,535827221.40063995,33489201.337539997,190847892.59684813,11927993.287303008,13554122.850371879,847132.6781482424,8779731.918398816,548733.2449,995330.9541214663,62208.18463259164,1,0.7366249441629905,0.2623668836015761,0.018633441133757176,0.012069878639705909,0.001368325,741224567.8019813,46326535.48762383,22595832.702625632,0.031063472212888188,1,50,1,0,0,12455,12455,0,0,0,f98ecd8a-b878-4f53-b911-20cd8e17281c,TCGA-05-4250,7/22/10 0:00,Lung Adenocarcinoma,NO,YES,Female,Lung,[Not Available],[Not Available],[Not Available],No,R-Lower,[Not Available],2007,[Not Available],[Not Available],R2,6th,T3,N1,M0,Stage IIIA,[Not Applicable],[Not Applicable],[Not Applicable],[Not Applicable],[Not Available],[Not Available],[Not Available],[Not Available],[Not Available],[Not Available],[Not Available],[Not Available],[Not Available],[Not Available],[Not Available],[Not Available],[Not Available],4,No,[Not Available],[Not Available],47,[Not Available],[Not Available],[Not Available],[Not Available],[Not Available],[Not Available],[Not Available],[Not Available],79,[Not Applicable],0,[Not Available],[Not Available],[Not Available],[Not Available],[Not Applicable],[Not Available],[Not Available],[Not Available],[Not Available],C34.3,8140/3,C34.3,YES,[Not Available],[Not Available],[Not Available],[Not Available],[Not Available],5,1:DECEASED,3.98,[Not Available],[Not Available],matched
TCGA-05-4398-01Z-00-DX1.269bc75f-492e-48b1-87ee-85924aa80e74,TCGA-05-4398-01,TCGA-05-4398,salgado,0.25,1,1,0,,7124,7124,1,1,73/27,73.14925408,26.85074592094079,0.2685074592094079,stroma-low,18.829372330087356,15.845722283024966,4.787723779119265,18.829372330087356,intermediate,1673253989.4611125,104578374.34131953,104.57837434131953,1646370692.2527483,102898168.26579677,26883297.20836425,1680206.0755227655,1124171783.6847935,70260736.48029959,412647419.5155513,25790463.719721958,77698919.03108071,4856182.439442544,23492627.107269775,1468289.194204361,8359942.914053023,522496.4321283139,0.9839335227181963,0.671847664,0.24661373713410262,0.046435818782123085,0.014040084323860362,0.004996219,1622878065.1454785,101429879.0715924,0,0,0,50,1,0,0,37897,37897,0,0,0,31c96e35-5e2f-429c-b12a-7bc5a497a300,TCGA-05-4398,7/22/10 0:00,Lung Adenocarcinoma,NO,YES,Female,Lung,[Not Available],[Not Available],[Not Available],No,R-Upper,[Not Available],2006,[Not Available],[Not Available],R0,5th,T4,N3,M0,Stage IIIB,[Not Applicable],[Not Applicable],[Not Applicable],[Not Applicable],[Not Available],[Not Available],[Not Available],[Not Available],[Not Available],[Not Available],[Not Available],[Not Available],[Not Available],[Not Available],[Not Available],[Not Available],[Not Available],2,No,[Not Available],[Not Available],72,[Not Available],[Not Available],[Not Available],[Not Available],[Not Available],[Not Available],TUMOR FREE,[Not Available],47,[Not Applicable],0,[Not Available],[Not Available],[Not Available],[Not Available],[Not Applicable],[Not Available],[Not Available],[Not Available],[Not Available],C34.1,8255/3,C34.1,YES,[Not Available],[Not Available],[Not Available],[Not Available],[Not Available],5,0:LIVING,47.01,0:DiseaseFree,47.01,matched
TCGA-05-4402-01Z-00-DX1.c653ddc2-88c1-45ac-88e7-4e512b8e8d53,TCGA-05-4402-01,TCGA-05-4402,salgado,0.25,2,2,0,,6347,6347,2,2,66/34,65.93126002515426,34.06873997484573,0.3406873997484573,stroma-low,5.454778831823812,5.172623651814712,1.8153005713570818,5.454778831823812,low,1481387399.057872,92586712.44,92.58671244,1578746572.0832503,98671660.75520314,0,0,994630801.1773233,62164425.07358271,513956780.4915985,32122298.780724905,28035205.66697889,1752200.3541861805,34362897.59234555,2147681.099521597,7760887.1550039165,485055.4471877448,1,0.6714184296490475,0.3469428596587652,0.018924965667190517,0.023196429,0.005238932,1544383674.4909048,96523979.65568155,97359173.02537817,0.079726892,2,50,1,0,0,27191,27191,0,0,0,722d6818-f1cb-49f4-b68a-fd0a31304681,TCGA-05-4402,7/22/10 0:00,Lung Adenocarcinoma,NO,YES,Female,Lung,[Not Available],[Not Available],[Not Available],Yes,R-Lower,[Not Available],2007,[Not Available],[Not Available],R2,6th,T2,NX,M1,Stage IV,[Not Applicable],[Not Applicable],[Not Applicable],[Not Applicable],[Not Available],[Not Available],[Not Available],[Not Available],[Not Available],[Not Available],[Not Available],[Not Available],[Not Available],[Not Available],[Not Available],[Not Available],[Not Available],1,No,[Not Available],[Not Available],[Not Available],[Not Available],[Not Available],[Not Available],[Not Available],[Not Available],[Not Available],TUMOR FREE,[Not Available],57,[Not Applicable],0,[Not Available],[Not Available],[Not Available],[Not Available],[Not Applicable],[Not Available],[Not Available],[Not Available],[Not Available],C34.3,8255/3,C34.3,YES,[Not Available],[Not Available],[Not Available],[Not Available],[Not Available],5,1:DECEASED,8.02,[Not Available],[Not Available],matched
TCGA-38-4627-01Z-00-DX1.fe406eb9-b38b-410d-aa1a-84ab8ac091c7,TCGA-38-4627-01,TCGA-38-4627,salgado,0.25,37,37,0,,2407,2407,37,37,37/63,37.248144414038215,62.75185558596179,0.6275185558596179,stroma-high,7.684500445168384,7.136124895784084,4.546542015263973,7.684500445168384,low,558573351.0162468,34910834.438515425,34.91083443851542,660059773.3022963,41253735.83139352,21598635.224442452,1349914.7015276533,224204085.54290417,14012755.34643151,377716061.2722627,23607253.82951642,29025592.409939513,1814099.5256212195,21649475.707052868,1353092.2316908042,7464558.370137213,466534.8981335758,1,0.40138700697946994,0.6762156851648233,0.051963797,0.038758519,0.013363613492402535,638410297.5952436,39900643.59970272,123085057.51049216,0.15639066629767814,21,50,1,0,0,59532,59532,0,0,0,d717fa33-3c91-4ced-89c6-79ff5542f04c,TCGA-38-4627,12/7/10 0:00,Lung Adenocarcinoma,NO,YES,Female,Lung,WHITE,NOT HISPANIC OR LATINO,[Not Available],No,R-Upper,Central Lung,2003,[Not Available],[Not Available],R0,[Not Available],T1b,N1,M0,Stage IIA,[Not Applicable],[Not Applicable],[Not Applicable],[Not Applicable],[Not Available],[Not Available],[Not Available],[Not Available],[Not Available],[Not Available],[Not Available],[Not Available],[Not Available],[Not Available],[Not Available],[Not Available],[Not Available],4,No,[Not Available],[Not Available],[Not Available],[Not Available],[Not Available],[Not Available],[Not Available],[Not Available],[Not Available],[Not Available],[Not Available],64,[Not Applicable],0,[Not Available],[Not Available],[Not Available],[Not Available],[Not Applicable],[Not Available],[Not Available],[Not Available],[Not Available],C34.1,8140/3,C34.1,YES,[Not Available],[Not Available],[Not Available],[Not Available],[Not Available],38,1:DECEASED,37.68,[Not Available],[Not Available],matched
TCGA-38-4628-01Z-00-DX1.eee4f100-142f-4d9c-8e38-b16aab123413,TCGA-38-4628-01,TCGA-38-4628,salgado,0.25,1,1,0,,2613,2613,1,1,38/62,38.19153880695388,61.80846119304613,0.6180846119304613,stroma-high,1.1256464342619263,1.1131166760883628,0.6889101593832886,1.1256464342619263,very low,568411883.3192611,35525742.70745382,35.525742707453816,765138217.8,47821138.60953312,0,0,282719911.5394531,17669994.471215818,457548536.3,28596783.519930437,5150378.784091187,321898.67400569917,17525671.48063314,1095354.4675395712,2193719.629465528,137107.4768415955,1,0.49738564557887194,0.8049594840400175,0.009060998,0.030832697195370667,0.003859384,747612546.2718968,46725784.14199355,196726334.4332689,0.3460982083704489,1,50,1,0,0,12251,12251,0,0,0,cc4bd56a-25c5-4c48-b583-ac3aeb778ca6,TCGA-38-4628,12/9/10 0:00,Lung Adenocarcinoma,NO,YES,Female,Lung,WHITE,NOT HISPANIC OR LATINO,[Not Available],No,R-Upper,Central Lung,2002,[Not Available],[Not Available],R0,5th,T2,N1,M0,Stage IIB,[Not Applicable],[Not Applicable],[Not Applicable],[Not Applicable],YES,86,85,74,78,72,NO,[Not Available],[Not Available],NO,[Not Available],NO,[Not Available],1,No,[Not Available],[Not Available],[Not Available],[Not Available],[Not Available],[Not Available],[Not Available],[Not Available],[Not Available],WITH TUMOR,[Not Available],65,[Not Applicable],0,[Not Available],[Not Available],[Not Available],[Not Available],[Not Applicable],[Not Available],[Not Available],[Not Available],[Not Available],C34.1,8140/3,C34.1,YES,[Not Available],[Not Available],[Not Available],[Not Available],[Not Available],38,1:DECEASED,49.01,1:Recurred/Progressed,35.58,matched
TCGA-38-4630-01Z-00-DX1.d08d0193-c5ed-4db8-b236-1a4c3c3177b8,TCGA-38-4630-01,TCGA-38-4630,salgado,0.25,6,6,0,,11117,11117,6,4,92/8,91.70106904726654,8.298930952733473,0.08298931,stroma-low,36.57026521909136,26.777618949794018,2.9336929195827577,36.57026521909136,high,2268570510.4547744,141785656.9034234,141.7856569034234,2370408138.799639,148150508.67497745,11930007.318019392,745625.4574,1981082587.1448708,123817661.69655442,179287632.88357708,11205477.055223567,65565962.85055499,4097872.6781596867,135478831.34233138,8467426.958895711,8993124.578304604,562070.2861440377,1,0.8732735341550959,0.079031104,0.028901884489987113,0.059719912040632275,0.003964225,2234929307.4573073,139683081.7160817,113767635.66288424,0.018691397988712704,2,50,1,0,0,29778,29778,0,0,0,f1985735-a188-4567-a88a-530f9b80291b,TCGA-38-4630,12/14/10 0:00,Lung Adenocarcinoma,NO,YES,Female,Lung,WHITE,NOT HISPANIC OR LATINO,[Not Available],Yes,R-Upper,Peripheral Lung,2000,[Not Available],[Not Available],R1,6th,T2,N0,M0,Stage IB,[Not Applicable],[Not Applicable],[Not Applicable],[Not Applicable],NO,[Not Available],[Not Available],[Not Available],[Not Available],[Not Available],NO,[Not Available],[Not Available],NO,[Not Available],NO,[Not Available],1,No,[Not Available],[Not Available],[Not Available],[Not Available],[Not Available],[Not Available],[Not Available],[Not Available],[Not Available],WITH TUMOR,[Not Available],75,[Not Applicable],0,[Not Available],[Not Available],[Not Available],[Not Available],[Not Applicable],[Not Available],[Not Available],[Not Available],[Not Available],C34.1,8260/3,C34.1,YES,[Not Available],[Not Available],[Not Available],[Not Available],[Not Available],38,1:DECEASED,35.25,1:Recurred/Progressed,27.46,matched
TCGA-38-4631-01Z-00-DX1.5e0c873a-9c4c-4e0b-bf2e-e3cd8b760761,TCGA-38-4631-01,TCGA-38-4631,salgado,0.25,2,2,0,,3965,3965,2,2,76/24,75.77094691057286,24.229053089427158,0.24229053089427158,stroma-low,14.168678688800679,12.410302765631068,3.3034742821973238,14.168678688800679,intermediate,844854430.9989966,52803401.93743729,52.803401937437286,892960906.5,55810056.65815175,0,0,601366490.9492123,37585405.68432577,192297196.0823925,12018574.755149532,27245971.84,1702873.24,68193721.65122895,4262107.603201809,3857526.007107094,241095.37544419337,1,0.711798943,0.22760985683061524,0.032249309278369116,0.080716534,0.004565906,824767184.8791991,51547949.05494995,48106475.53143144,0.056644492,2,50,1,0,0,13621,13621,0,0,0,2483621a-4db3-41ab-aa33-b9427ea8a0af,TCGA-38-4631,12/14/10 0:00,Lung Adenocarcinoma,NO,YES,Female,Lung,WHITE,NOT HISPANIC OR LATINO,[Not Available],Yes,L-Upper,Peripheral Lung,1997,[Not Available],[Not Available],R0,[Not Available],T2,N0,M0,Stage IB,[Not Applicable],[Not Applicable],[Not Applicable],[Not Applicable],[Not Available],[Not Available],[Not Available],[Not Available],[Not Available],[Not Available],NO,[Not Available],[Not Available],NO,[Not Available],NO,[Not Available],4,No,[Not Available],[Not Available],40,[Not Available],[Not Available],[Not Available],[Not Available],[Not Available],[Not Available],WITH TUMOR,[Not Available],72,[Not Applicable],0,[Not Available],[Not Available],[Not Available],[Not Available],[Not Applicable],[Not Available],[Not Available],[Not Available],[Not Available],C34.1,8140/3,C34.1,YES,[Not Available],[Not Available],[Not Available],[Not Available],[Not Available],38,1:DECEASED,11.63,[Not Available],[Not Available],matched
TCGA-44-3918-01Z-00-DX1.6da70a8b-6307-423a-9d2d-380c16962855,TCGA-44-3918-01,TCGA-44-3918,salgado,0.25,2,2,0,,7795,7795,2,2,45/55,45.17338417329581,54.82661582670419,0.548266158,stroma-high,6.915594087314571,6.468274479835771,3.6404980525239226,6.915594087314571,low,1658240092.2918096,103640005.7682381,103.6400057682381,2242674494.183814,140167155.88648838,0,0,963898935.5584488,60243683.47240305,1169877298.386531,73117331.15,80903965.27605438,5056497.829753399,20342161.93700906,1271385.1210630662,7652133.025770813,478258.3141106758,1,0.5812782720904243,0.7054933141615668,0.048789054,0.012267320053089958,0.004614611,2222332332.2468047,138895770.7654253,584434401.8920048,0.3524532709229454,2,50,1,0,0,30714,30714,0,0,0,6e3b6b72-142d-4b8d-a462-28a205796e41,TCGA-44-3918,10/7/10 0:00,Lung Adenocarcinoma,YES,NO,Female,Lung,WHITE,NOT HISPANIC OR LATINO,[Not Available],No,L-Upper,[Not Available],2010,[Not Available],[Not Available],R0,6th,T1,N0,M0,Stage IA,[Not Applicable],[Not Applicable],[Not Applicable],[Not Applicable],YES,104,[Not Available],103,[Not Available],76,NO,[Not Available],[Not Available],[Not Available],[Not Available],[Not Available],[Not Available],3,No,1974,1994,20,[Not Available],[Not Available],[Not Available],[Not Available],[Not Available],[Not Available],TUMOR FREE,[Not Available],60,[Not Applicable],0,[Not Available],[Not Available],FPPP,[Not Available],[Not Applicable],[Not Available],[Not Available],[Not Available],[Not Available],C34.1,8140/3,C34.1,YES,[Not Available],[Not Available],TCGA,[Not Available],[Not Available],44,0:LIVING,34.03,1:Recurred/Progressed,16.79,matched
TCGA-44-6777-01Z-00-DX1.aca7b23d-a601-4476-8bfd-eb46f0b6a96e,TCGA-44-6777-01,TCGA-44-6777,salgado,0.25,13,13,0,,6079,6079,13,13,44/56,44.18093409792188,55.81906590207814,0.5581906590207814,stroma-high,6.783364978110729,6.352454784976325,3.5728226314920475,6.783364978110729,low,1344093593.7524328,84005849.60952705,84.00584960952705,1914420575.1045606,119651285.94403504,973656.3672406392,60853.52295253995,785324472.8,49082779.55294281,992194470.2936488,62012154.39335305,67304172.21265063,4206510.763290664,30639062.431380294,1914941.4019612684,38958397.31979623,2434899.832487264,1,0.584278116,0.7381885271275239,0.050074022,0.022795334,0.028984884312283934,1883781512.6731806,117736344.54207379,571300637.7193687,0.22604128720798325,9,50,1,0,0,35831,35831,0,0,0,349e6f38-2c67-4a69-a777-b9173a2a27cf,TCGA-44-6777,8/30/11 0:00,Lung Adenocarcinoma,NO,YES,Female,Lung,WHITE,[Not Available],[Not Available],No,L-Upper,[Not Available],2006,[Not Available],[Not Available],[Not Available],6th,T2,NX,MX,Stage IB,[Not Applicable],[Not Applicable],[Not Applicable],[Not Applicable],YES,62,71,68,77,178,[Not Available],[Not Available],[Not Available],[Not Available],[Not Available],[Not Available],[Not Available],4,No,1942,2006,64,[Not Available],1,Preoperative,[Not Available],[Not Available],[Not Available],TUMOR FREE,[Not Available],85,[Not Applicable],0,[Not Available],[Not Available],[Not Available],[Not Available],[Not Applicable],[Not Available],[Not Available],[Not Available],[Not Available],C34.1,8140/3,C34.1,YES,[Not Available],[Not Available],[Not Available],[Not Available],[Not Available],44,1:DECEASED,32.42,[Not Available],[Not Available],matched
TCGA-44-7661-01Z-00-DX1.baf72abd-edb9-4f56-beb3-f5138aa50930,TCGA-44-7661-01,TCGA-44-7661,salgado,0.25,3,3,0,,199,199,3,3,70/30,69.87694006634995,30.123059933650065,0.30123059933650065,stroma-low,0.021358795976896924,0.021354235,0.002249882,0.021358795976896924,very low,48227399.44023562,3014212.4650147264,3.0142124650147264,53651657.29935222,3353228.581209514,0,0,12973161.879229808,810822.6175,5592565.050013888,349535.3156,1194.5045589077097,74.65653493173185,559781.4015021815,34986.33759388635,34524954.46404744,2157809.654002965,1,0.26899982229617037,0.1159624013512134,2.4768172714516033e-05,0.011607123917097667,0.7158784190060148,53091875.89785004,3318242.2436156273,5424257.859116597,0.13828890544369501,3,50,1,0,0,5849,5849,0,0,0,cbfef004-b437-4d51-9d88-a2db50aa6481,TCGA-44-7661,1/17/12 0:00,Lung Adenocarcinoma,YES,NO,Female,Lung,WHITE,NOT HISPANIC OR LATINO,[Not Available],Yes,R-Lower,Peripheral Lung,2011,[Not Available],[Not Available],[Not Available],7th,T2a,N0,M0,Stage IB,[Not Applicable],[Not Applicable],[Not Applicable],[Not Applicable],YES,68,81,92,95,[Not Available],[Not Available],[Not Available],[Not Available],YES,[Not Available],YES,[Not Available],3,No,1961,1976,22,[Not Available],0,Preoperative,[Not Available],[Not Available],[Not Available],TUMOR FREE,[Not Available],69,[Not Applicable],0,[Not Available],[Not Available],[Not Available],[Not Available],[Not Applicable],[Not Available],[Not Available],[Not Available],[Not Available],C34.3,8140/3,C34.3,YES,[Not Available],[Not Available],[Not Available],[Not Available],[Not Available],44,1:DECEASED,18.3,1:Recurred/Progressed,11.01,matched
TCGA-44-7670-01Z-00-DX1.2a981dd6-0063-438e-b20e-b180b16e2b23,TCGA-44-7670-01,TCGA-44-7670,salgado,0.25,3,3,0,,3858,3858,3,3,49/51,48.76266447973954,51.23733552026045,0.5123733552026045,stroma-high,7.874950384870884,7.300073239222849,3.744695786328868,7.874950384870884,low,846157930.6962428,52884870.668515176,52.88487066851518,1081946578.967606,67621661.18547538,0,0,435221975.94510764,27201373.496569227,457309186.14087415,28581824.133804634,36012871.51405068,2250804.4696281673,120243050.32513466,7515190.645320917,33159495.04243917,2072468.4401524481,1,0.5143507614317278,0.540453702,0.042560460887506264,0.1421047371454585,0.039188305,961703528.6424718,60106470.54015449,235788648.27136344,0.27927674902696786,3,50,1,0,0,35169,35169,0,0,0,9b38eded-3f46-4aaa-9991-68008d97bdbe,TCGA-44-7670,1/18/12 0:00,Lung Adenocarcinoma,YES,NO,Female,Lung,WHITE,HISPANIC OR LATINO,[Not Available],Yes,L-Upper,[Not Available],2010,[Not Available],[Not Available],[Not Available],7th,T1b,N1,M0,Stage IIA,[Not Applicable],[Not Applicable],[Not Applicable],[Not Applicable],YES,80,82,86,90,50,[Not Available],[Not Available],[Not Available],[Not Available],[Not Available],[Not Available],[Not Available],2,No,1980,[Not Available],30,[Not Available],[Not Available],[Not Available],[Not Available],[Not Available],[Not Available],TUMOR FREE,[Not Available],47,[Not Applicable],0,[Not Available],[Not Available],[Not Available],[Not Available],[Not Applicable],[Not Available],[Not Available],[Not Available],[Not Available],C34.1,8140/3,C34.1,YES,[Not Available],[Not Available],[Not Available],[Not Available],[Not Available],44,0:LIVING,28.98,0:DiseaseFree,28.98,matched
TCGA-44-A479-01Z-00-DX1.CA5654C6-A623-452E-A8AC-DB6279CA97B1,TCGA-44-A479-01,TCGA-44-A479,salgado,0.25,11,11,0,,5601,5601,11,11,49/51,48.919433697626694,51.080566302373306,0.5108056630237331,stroma-high,53.91195668674633,35.02778981393379,21.582342904722125,53.91195668674633,high,1311626222.4206536,81976638.90129085,81.97663890129085,1518840853.8465579,94927553.36540987,124680.95048324973,7792.559405203108,581054966.9165908,36315935.432286926,606724455.2821999,37920278.45513749,327097025.5396372,20443564.096227325,3263851.9258362195,203990.74536476372,700554.1822941687,43784.63639338555,1,0.4430034692690368,0.4625742036191286,0.2493828042992064,0.002488401,0.000534111,1515577001.9207218,94723562.62004511,207339312.37638798,0.10308978938289387,7,50,1,0,0,24357,24357,0,0,0,851867CB-9AD0-4FDF-AC75-9BB0427AD440,TCGA-44-A479,11/28/12 0:00,Lung Adenocarcinoma,YES,NO,Female,Lung,BLACK OR AFRICAN AMERICAN,NOT HISPANIC OR LATINO,[Not Available],No,R-Upper,[Not Available],2012,[Not Available],[Not Available],R0,7th,T2,N0,MX,Stage IB,[Not Applicable],[Not Applicable],[Not Applicable],[Not Applicable],YES,102,[Not Available],115,[Not Available],60,NO,[Not Available],[Not Available],YES,[Not Available],NO,[Not Available],4,No,1962,2002,40,[Not Available],0,Preoperative,NO,[Not Available],Complete Remission/Response,TUMOR FREE,NO,73,[Not Applicable],0,[Not Available],[Not Available],[Not Available],[Not Available],[Not Applicable],[Not Available],[Not Available],[Not Available],[Not Available],C34.1,8140/3,C34.1,YES,[Not Available],[Not Available],[Not Available],[Not Available],NO,44,0:LIVING,15.97,1:Recurred/Progressed,14.36,matched
TCGA-49-4490-01Z-00-DX1.bde106d9-1494-4775-b77d-11c86bb09b72,TCGA-49-4490-01,TCGA-49-4490,salgado,0.25,24,24,0,,5980,5980,24,24,52/48,51.748977459256686,48.25102254074331,0.4825102254074331,stroma-low,10.976117724127759,9.890522347711753,4.920574910993365,10.976117724127759,intermediate,1302244788.927161,81390299.30794756,81.39029930794756,1536431046.1395988,96026940.38372493,3763362.629,235210.16432368188,702515048.5968821,43907190.53730513,655028777.5588915,40939298.59743072,71896729.75177889,4493545.609,75286138.23158385,4705383.639473991,31704352.000462346,1981522.0000288966,1,0.5394646648389669,0.5029997302569583,0.055209842545048814,0.057812586,0.024345923493064314,1461144907.9080148,91321556.74425092,237949619.84161666,0.19172440506826127,18,50,1,0,0,110471,110471,0,0,0,6c3655ca-8ae7-4ad7-b3e4-0c3ec293fba7,TCGA-49-4490,8/9/11 0:00,Lung Adenocarcinoma,NO,YES,Female,Lung,WHITE,NOT HISPANIC OR LATINO,[Not Available],No,L-Upper,[Not Available],1993,[Not Available],[Not Available],[Not Available],4th,T3,N2,M0,Stage IIIA,[Not Applicable],[Not Applicable],[Not Applicable],[Not Applicable],[Not Available],[Not Available],[Not Available],[Not Available],[Not Available],[Not Available],[Not Available],[Not Available],[Not Available],[Not Available],[Not Available],[Not Available],[Not Available],3,No,[Not Available],[Not Available],5,[Not Available],[Not Available],[Not Available],[Not Available],[Not Available],[Not Available],[Not Available],[Not Available],45,[Not Applicable],0,[Not Available],[Not Available],[Not Available],[Not Available],[Not Applicable],[Not Available],[Not Available],[Not Available],[Not Available],C34.1,8140/3,C34.1,YES,[Not Available],[Not Available],[Not Available],[Not Available],[Not Available],49,1:DECEASED,12.65,[Not Available],[Not Available],matched
TCGA-49-4490-01Z-00-DX2.1b491bd7-60d2-40a6-96cd-01385bce2b0f,TCGA-49-4490-01,TCGA-49-4490,salgado,0.25,19,19,0,,7396,7396,19,19,45/55,45.107719434808466,54.89228056519152,0.5489228056519152,stroma-high,12.958136091761816,11.471627047063917,6.556286731724804,12.958136091761816,intermediate,1648244122.8620794,103015257.67887996,103.01525767887996,1829891082.1338341,114368192.63336463,6378803.231519667,398675.2019699792,738796012.2799591,46174750.76749744,899052279.6242623,56190767.476516396,116500417.9297989,7281276.120612431,52964253.017706744,3310265.8136066715,22578119.282106467,1411132.4551316542,1,0.4482321532547515,0.5454606311977079,0.070681531,0.032133743,0.013698286,1776926829.1161268,111057926.81975792,188025762.50327414,0.20113596372819711,12,50,1,0,0,91032,91032,0,0,0,6c3655ca-8ae7-4ad7-b3e4-0c3ec293fba7,TCGA-49-4490,8/9/11 0:00,Lung Adenocarcinoma,NO,YES,Female,Lung,WHITE,NOT HISPANIC OR LATINO,[Not Available],No,L-Upper,[Not Available],1993,[Not Available],[Not Available],[Not Available],4th,T3,N2,M0,Stage IIIA,[Not Applicable],[Not Applicable],[Not Applicable],[Not Applicable],[Not Available],[Not Available],[Not Available],[Not Available],[Not Available],[Not Available],[Not Available],[Not Available],[Not Available],[Not Available],[Not Available],[Not Available],[Not Available],3,No,[Not Available],[Not Available],5,[Not Available],[Not Available],[Not Available],[Not Available],[Not Available],[Not Available],[Not Available],[Not Available],45,[Not Applicable],0,[Not Available],[Not Available],[Not Available],[Not Available],[Not Applicable],[Not Available],[Not Available],[Not Available],[Not Available],C34.1,8140/3,C34.1,YES,[Not Available],[Not Available],[Not Available],[Not Available],[Not Available],49,1:DECEASED,12.65,[Not Available],[Not Available],matched
TCGA-49-4490-01Z-00-DX3.0949a10a-0a1f-49dc-9296-ab4d4f0bf988,TCGA-49-4490-01,TCGA-49-4490,salgado,0.25,6,6,0,,9772,9772,6,6,44/56,44.035057328833226,55.964942671166774,0.5596494267116677,stroma-high,8.786092402250182,8.076484969937615,4.590720600605675,8.786092402250182,low,2101302808,131331425.5,131.33142548642002,2480478336.602275,155029896.03764218,1936173.9290732385,121010.8705670774,977194592.2180635,61074662.01362897,1241934100.906669,77620881.31,109117477.68071494,6819842.355044683,103564401.42794612,6472775.0892466325,48667764.36888168,3041735.273055105,1,0.46504225311971686,0.5910305246377836,0.051928488,0.049285805,0.023160757311429837,2376913935.1743293,148557120.94839558,381111702.7,0.1704103265574166,3,50,1,0,0,147767,147767,0,0,0,6c3655ca-8ae7-4ad7-b3e4-0c3ec293fba7,TCGA-49-4490,8/9/11 0:00,Lung Adenocarcinoma,NO,YES,Female,Lung,WHITE,NOT HISPANIC OR LATINO,[Not Available],No,L-Upper,[Not Available],1993,[Not Available],[Not Available],[Not Available],4th,T3,N2,M0,Stage IIIA,[Not Applicable],[Not Applicable],[Not Applicable],[Not Applicable],[Not Available],[Not Available],[Not Available],[Not Available],[Not Available],[Not Available],[Not Available],[Not Available],[Not Available],[Not Available],[Not Available],[Not Available],[Not Available],3,No,[Not Available],[Not Available],5,[Not Available],[Not Available],[Not Available],[Not Available],[Not Available],[Not Available],[Not Available],[Not Available],45,[Not Applicable],0,[Not Available],[Not Available],[Not Available],[Not Available],[Not Applicable],[Not Available],[Not Available],[Not Available],[Not Available],C34.1,8140/3,C34.1,YES,[Not Available],[Not Available],[Not Available],[Not Available],[Not Available],49,1:DECEASED,12.65,[Not Available],[Not Available],matched
TCGA-49-4490-01Z-00-DX4.4e94aeb6-f616-4bdd-82bc-2ca2f2b5a5c4,TCGA-49-4490-01,TCGA-49-4490,salgado,0.25,43,43,0,,5080,5080,43,43,37/63,37.21419162667782,62.78580837332217,0.6278580837332217,stroma-high,3.560056660112792,3.4376735344950657,2.1539865501083506,3.560056660112792,very low,1172222207.9539707,73263887.99712317,73.26388799712316,1353791684.252354,84611980.26577212,2546315.4811898023,159144.71757436264,461574041.5442205,28848377.59651378,778743217.4590112,48671451.09,27723699.77832617,1732731.2361453855,66703806.33911447,4168987.8961946545,19046919.131681427,1190432.4457300892,1,0.3937598506599399,0.6643307149232834,0.023650549861801276,0.056903721740216094,0.016248557,1287087877.9132395,80442992.36957747,184115791.77957317,0.21939306123135371,36,50,1,0,0,85671,85671,0,0,0,6c3655ca-8ae7-4ad7-b3e4-0c3ec293fba7,TCGA-49-4490,8/9/11 0:00,Lung Adenocarcinoma,NO,YES,Female,Lung,WHITE,NOT HISPANIC OR LATINO,[Not Available],No,L-Upper,[Not Available],1993,[Not Available],[Not Available],[Not Available],4th,T3,N2,M0,Stage IIIA,[Not Applicable],[Not Applicable],[Not Applicable],[Not Applicable],[Not Available],[Not Available],[Not Available],[Not Available],[Not Available],[Not Available],[Not Available],[Not Available],[Not Available],[Not Available],[Not Available],[Not Available],[Not Available],3,No,[Not Available],[Not Available],5,[Not Available],[Not Available],[Not Available],[Not Available],[Not Available],[Not Available],[Not Available],[Not Available],45,[Not Applicable],0,[Not Available],[Not Available],[Not Available],[Not Available],[Not Applicable],[Not Available],[Not Available],[Not Available],[Not Available],C34.1,8140/3,C34.1,YES,[Not Available],[Not Available],[Not Available],[Not Available],[Not Available],49,1:DECEASED,12.65,[Not Available],[Not Available],matched
TCGA-49-4490-01Z-00-DX5.feea87ff-61c6-465e-8b36-4803f6af3d62,TCGA-49-4490-01,TCGA-49-4490,salgado,0.25,14,14,0,,9402,9402,14,14,43/57,43.17940899233085,56.82059100766915,0.5682059100766915,stroma-high,10.738279085541333,9.696989310486213,5.644757433,10.738279085541333,intermediate,2104451228.464795,131528201.7790497,131.52820177904968,2383502456.483354,148968903.53020963,6958957.787186297,434934.86169914354,897222147.1520933,56076384.19700583,1180671386.1092122,73791961.63182576,126783788.52353649,7923986.7827210305,137457519.58356565,8591094.973972853,41367615.114946835,2585475.944684177,1,0.4263449468518309,0.5610352809033813,0.060245534,0.065317513,0.019657198302060277,2246044936.899789,140377808.5562368,286010185.80574524,0.2519685818812278,12,50,1,0,0,105703,105703,0,0,0,6c3655ca-8ae7-4ad7-b3e4-0c3ec293fba7,TCGA-49-4490,8/9/11 0:00,Lung Adenocarcinoma,NO,YES,Female,Lung,WHITE,NOT HISPANIC OR LATINO,[Not Available],No,L-Upper,[Not Available],1993,[Not Available],[Not Available],[Not Available],4th,T3,N2,M0,Stage IIIA,[Not Applicable],[Not Applicable],[Not Applicable],[Not Applicable],[Not Available],[Not Available],[Not Available],[Not Available],[Not Available],[Not Available],[Not Available],[Not Available],[Not Available],[Not Available],[Not Available],[Not Available],[Not Available],3,No,[Not Available],[Not Available],5,[Not Available],[Not Available],[Not Available],[Not Available],[Not Available],[Not Available],[Not Available],[Not Available],45,[Not Applicable],0,[Not Available],[Not Available],[Not Available],[Not Available],[Not Applicable],[Not Available],[Not Available],[Not Available],[Not Available],C34.1,8140/3,C34.1,YES,[Not Available],[Not Available],[Not Available],[Not Available],[Not Available],49,1:DECEASED,12.65,[Not Available],[Not Available],matched
TCGA-49-4490-01Z-00-DX6.0a04ad8e-7f33-4496-bd9e-0110ec33f887,TCGA-49-4490-01,TCGA-49-4490,salgado,0.25,13,13,0,,12256,12256,13,13,71/29,71.06269772179458,28.937302278205422,0.28937302278205423,stroma-low,18.75233157008345,15.79112706432756,5.076750275206082,18.75233157008345,intermediate,2524681214.101462,157792575.88134137,157.79257588134138,2861480714.062699,178842544.62891868,4107706.2749039363,256731.64218149602,1796216589.2691107,112263536.82931942,731433847.3934141,45714615.462088384,137160900.2790312,8572556.267,159734659.1326419,9983416.196,36934717.99,2308419.874281394,1,0.7114627301207163,0.28971334808847643,0.054328007636341116,0.063269239,0.014629458080570947,2701746054.9300585,168859128.43312865,340907206.2361416,0.3501470105574539,10,50,1,0,0,202497,202497,0,0,0,6c3655ca-8ae7-4ad7-b3e4-0c3ec293fba7,TCGA-49-4490,8/9/11 0:00,Lung Adenocarcinoma,NO,YES,Female,Lung,WHITE,NOT HISPANIC OR LATINO,[Not Available],No,L-Upper,[Not Available],1993,[Not Available],[Not Available],[Not Available],4th,T3,N2,M0,Stage IIIA,[Not Applicable],[Not Applicable],[Not Applicable],[Not Applicable],[Not Available],[Not Available],[Not Available],[Not Available],[Not Available],[Not Available],[Not Available],[Not Available],[Not Available],[Not Available],[Not Available],[Not Available],[Not Available],3,No,[Not Available],[Not Available],5,[Not Available],[Not Available],[Not Available],[Not Available],[Not Available],[Not Available],[Not Available],[Not Available],45,[Not Applicable],0,[Not Available],[Not Available],[Not Available],[Not Available],[Not Applicable],[Not Available],[Not Available],[Not Available],[Not Available],C34.1,8140/3,C34.1,YES,[Not Available],[Not Available],[Not Available],[Not Available],[Not Available],49,1:DECEASED,12.65,[Not Available],[Not Available],matched
TCGA-49-4505-01Z-00-DX1.d49d603e-1f76-43a1-a803-9f2d6a6df715,TCGA-49-4505-01,TCGA-49-4505,salgado,0.25,3,3,0,,4278,4278,3,3,47/53,46.60592796697362,53.394072033026376,0.5339407203302637,stroma-high,16.357791019675133,14.058182848202378,7.892674636492162,16.357791019675133,intermediate,940088898.1008091,58755556.13130057,58.755556131300565,947721895,59232618.43856975,1207310.4495793493,75456.90309870933,385544658.4966218,24096541.15603886,441699160.7227497,27606197.545171857,72252225.64668639,4515764.102917899,32287913.83379505,2017994.6146121905,15937936.317262871,996121.0198289294,1,0.41011510642824167,0.46984828947036955,0.076856801,0.034345596,0.016953648053350152,915433981.1833209,57214623.823957555,8840307.365886211,0.003149994,0,50,1,0,0,61523,61523,0,0,0,088edf89-d2b5-40c7-b066-df3bd383f7ea,TCGA-49-4505,2/3/11 0:00,Lung Adenocarcinoma,NO,YES,Female,Lung,WHITE,NOT HISPANIC OR LATINO,[Not Available],No,R-Lower,[Not Available],1996,[Not Available],[Not Available],R0,4th,T2,N1,M0,Stage IIB,[Not Applicable],[Not Applicable],[Not Applicable],[Not Applicable],NO,[Not Available],[Not Available],[Not Available],[Not Available],[Not Available],[Not Available],[Not Available],[Not Available],[Not Available],[Not Available],[Not Available],[Not Available],4,No,1949,1986,74,[Not Available],3,Pre-Adjuvant Therapy,[Not Available],[Not Available],[Not Available],WITH TUMOR,[Not Available],61,[Not Applicable],0,[Not Available],[Not Available],[Not Available],[Not Available],[Not Applicable],[Not Available],[Not Available],[Not Available],[Not Available],C34.3,8140/3,C34.3,YES,[Not Available],[Not Available],[Not Available],[Not Available],[Not Available],49,1:DECEASED,14.06,1:Recurred/Progressed,13.7,matched
TCGA-49-4505-01Z-00-DX2.48df81e7-5a8e-4c5b-993a-6a54481a35e9,TCGA-49-4505-01,TCGA-49-4505,salgado,0.25,4,4,0,,6251,6251,4,4,42/58,41.76052579114088,58.239474208859136,0.5823947420885913,stroma-high,9.977291232515036,9.072137639234041,5.414440144348853,9.977291232515036,low,1347925551.5514646,84245346.97196653,84.24534697196654,1694045808.9697378,105877863.06060861,22013731.26,1375858.203685075,629169088.2995336,39323068.01872085,877442900.8,54840181.30287387,87545033.61643176,5471564.601026985,77165184.51950578,4822824.0324691115,22723601.68828462,1420225.1055177888,1,0.46676842617558434,0.6509579849095105,0.064947974,0.057247364,0.016858202,1616880624.4502318,101055039.02813949,368133988.6772342,0.073725985,1,50,1,0,0,114189,114189,0,0,0,088edf89-d2b5-40c7-b066-df3bd383f7ea,TCGA-49-4505,2/3/11 0:00,Lung Adenocarcinoma,NO,YES,Female,Lung,WHITE,NOT HISPANIC OR LATINO,[Not Available],No,R-Lower,[Not Available],1996,[Not Available],[Not Available],R0,4th,T2,N1,M0,Stage IIB,[Not Applicable],[Not Applicable],[Not Applicable],[Not Applicable],NO,[Not Available],[Not Available],[Not Available],[Not Available],[Not Available],[Not Available],[Not Available],[Not Available],[Not Available],[Not Available],[Not Available],[Not Available],4,No,1949,1986,74,[Not Available],3,Pre-Adjuvant Therapy,[Not Available],[Not Available],[Not Available],WITH TUMOR,[Not Available],61,[Not Applicable],0,[Not Available],[Not Available],[Not Available],[Not Available],[Not Applicable],[Not Available],[Not Available],[Not Available],[Not Available],C34.3,8140/3,C34.3,YES,[Not Available],[Not Available],[Not Available],[Not Available],[Not Available],49,1:DECEASED,14.06,1:Recurred/Progressed,13.7,matched
TCGA-49-4505-01Z-00-DX3.d3f8d0c4-e4bc-4201-9b2f-e010f51dd8c3,TCGA-49-4505-01,TCGA-49-4505,salgado,0.25,15,15,0,,2649,2649,15,15,36/64,36.278800742554516,63.721199257445484,0.6372119925744548,stroma-high,12.950055360115954,11.465293504131187,7.517685935169021,12.950055360115954,intermediate,595574870.1,37223429.37919556,37.223429379195565,781002477.9924122,48812654.87452576,1834198.8632419556,114637.42895262223,250331749.37330112,15645734.33583132,439690368.91481954,27480648.05717622,56940146.19,3558759.137,23586609.88343138,1474163.1177144612,10453603.633293003,653350.2270808127,1,0.4203195298436374,0.7382621245675808,0.095605354,0.039603098,0.017552123433473184,757415868.1089809,47338491.756811306,187261806.78852513,0.28985907695773067,12,50,1,0,0,49587,49587,0,0,0,088edf89-d2b5-40c7-b066-df3bd383f7ea,TCGA-49-4505,2/3/11 0:00,Lung Adenocarcinoma,NO,YES,Female,Lung,WHITE,NOT HISPANIC OR LATINO,[Not Available],No,R-Lower,[Not Available],1996,[Not Available],[Not Available],R0,4th,T2,N1,M0,Stage IIB,[Not Applicable],[Not Applicable],[Not Applicable],[Not Applicable],NO,[Not Available],[Not Available],[Not Available],[Not Available],[Not Available],[Not Available],[Not Available],[Not Available],[Not Available],[Not Available],[Not Available],[Not Available],4,No,1949,1986,74,[Not Available],3,Pre-Adjuvant Therapy,[Not Available],[Not Available],[Not Available],WITH TUMOR,[Not Available],61,[Not Applicable],0,[Not Available],[Not Available],[Not Available],[Not Available],[Not Applicable],[Not Available],[Not Available],[Not Available],[Not Available],C34.3,8140/3,C34.3,YES,[Not Available],[Not Available],[Not Available],[Not Available],[Not Available],49,1:DECEASED,14.06,1:Recurred/Progressed,13.7,matched
TCGA-49-4505-01Z-00-DX4.623c4278-fc3e-4c80-bb4d-000e24fbb1c2,TCGA-49-4505-01,TCGA-49-4505,salgado,0.25,7,7,0,,6139,6139,7,7,43/57,42.58146396597214,57.418536034027866,0.5741853603402787,stroma-high,11.263739488689941,10.123459395174212,6.0301998546802675,11.263739488689941,intermediate,1327907265.8971603,82994204.11857252,82.99420411857251,1635984037.431627,102249002.33947669,4590595.188032989,286912.19925206184,622975768.6519173,38935985.54074483,840045251.8319066,52502828.23949416,94620508.75345533,5913781.797090958,66873377.19344701,4179586.074590438,11469131.000900995,716820.6875563122,1,0.46914101959599014,0.6326083706337395,0.071255359,0.050359975,0.008636997,1569110660.2381802,98069416.26488626,312667366.7224998,0.16177187284271605,3,50,1,0,0,83260,83260,0,0,0,088edf89-d2b5-40c7-b066-df3bd383f7ea,TCGA-49-4505,2/3/11 0:00,Lung Adenocarcinoma,NO,YES,Female,Lung,WHITE,NOT HISPANIC OR LATINO,[Not Available],No,R-Lower,[Not Available],1996,[Not Available],[Not Available],R0,4th,T2,N1,M0,Stage IIB,[Not Applicable],[Not Applicable],[Not Applicable],[Not Applicable],NO,[Not Available],[Not Available],[Not Available],[Not Available],[Not Available],[Not Available],[Not Available],[Not Available],[Not Available],[Not Available],[Not Available],[Not Available],4,No,1949,1986,74,[Not Available],3,Pre-Adjuvant Therapy,[Not Available],[Not Available],[Not Available],WITH TUMOR,[Not Available],61,[Not Applicable],0,[Not Available],[Not Available],[Not Available],[Not Available],[Not Applicable],[Not Available],[Not Available],[Not Available],[Not Available],C34.3,8140/3,C34.3,YES,[Not Available],[Not Available],[Not Available],[Not Available],[Not Available],49,1:DECEASED,14.06,1:Recurred/Progressed,13.7,matched
TCGA-49-4506-01Z-00-DX1.b13b8ef2-fd06-4309-a767-696a9afeaedd,TCGA-49-4506-01,TCGA-49-4506,salgado,0.25,1,1,0,,12286,12286,1,1,76/24,76.31202557372683,23.687974426273172,0.23687974426273173,stroma-low,71.43379128881011,41.66844281502672,14.022934012263175,71.43379128881011,high,2583474720.0714316,161467170.00446448,161.46717000446446,2286659183.628554,142916198.97678462,296815536.44287777,18550971.02767986,1239068146.6105428,77441759.16315892,384618470.66244537,24038654.416402835,274747555.59122455,17171722.224451534,327386214.42713356,20461638.401695848,60838796.33720766,3802424.7710754788,0.8851099512850387,0.47961303316963877,0.14887642123001338,0.10634807201969754,0.1267232119144102,0.023549213,1959272969,122454560.57508875,0,0,0,50,1,0,0,179508,179508,0,0,0,b61abdfd-b7a0-4e1a-b570-d1eaecad3a9e,TCGA-49-4506,2/3/11 0:00,Lung Adenocarcinoma,NO,YES,Female,Lung,WHITE,NOT HISPANIC OR LATINO,[Not Available],No,L-Upper,Peripheral Lung,1997,[Not Available],[Not Available],R1,4th,T2,N1,M0,Stage IIB,[Not Applicable],[Not Applicable],[Not Applicable],[Not Applicable],NO,[Not Available],[Not Available],[Not Available],[Not Available],[Not Available],[Not Available],[Not Available],[Not Available],[Not Available],[Not Available],[Not Available],[Not Available],2,No,[Not Available],[Not Available],100,[Not Available],1,Pre-Adjuvant Therapy,[Not Available],[Not Available],[Not Available],[Discrepancy],[Not Available],68,[Not Applicable],0,[Not Available],[Not Available],[Not Available],[Not Available],[Not Applicable],[Not Available],[Not Available],[Not Available],[Not Available],C34.1,8140/3,C34.1,YES,[Not Available],[Not Available],[Not Available],[Not Available],[Not Available],49,1:DECEASED,32.82,1:Recurred/Progressed,22.73,matched
TCGA-49-4506-01Z-00-DX2.81e180ae-bd9f-49cc-9a0f-297800cc7280,TCGA-49-4506-01,TCGA-49-4506,salgado,0.25,7,7,0,,11626,11626,7,7,37/63,36.71632797279539,63.28367202720461,0.6328367202720461,stroma-high,1.7645765789045968,1.7339791882653857,1.0757472335647864,1.7645765789045968,very low,2462788186.1162586,153924261.63226616,153.92426163226617,4182671195.463943,261416949.71649644,890386.5469354782,55649.15918346739,1427878318.239234,89242394.88995212,2461068090.8276167,153816755.67672604,43427431.12163863,2714214.4451024146,145716252.2725203,9107265.767032519,104581103.00293392,6536318.938,1,0.5797812115100951,0.9993015658844155,0.017633441384223285,0.059167188,0.042464514,4036954943.1914234,252309683.94946396,1720773395.894621,0.48747575049229563,6,50,1,0,0,112080,112080,0,0,0,b61abdfd-b7a0-4e1a-b570-d1eaecad3a9e,TCGA-49-4506,2/3/11 0:00,Lung Adenocarcinoma,NO,YES,Female,Lung,WHITE,NOT HISPANIC OR LATINO,[Not Available],No,L-Upper,Peripheral Lung,1997,[Not Available],[Not Available],R1,4th,T2,N1,M0,Stage IIB,[Not Applicable],[Not Applicable],[Not Applicable],[Not Applicable],NO,[Not Available],[Not Available],[Not Available],[Not Available],[Not Available],[Not Available],[Not Available],[Not Available],[Not Available],[Not Available],[Not Available],[Not Available],2,No,[Not Available],[Not Available],100,[Not Available],1,Pre-Adjuvant Therapy,[Not Available],[Not Available],[Not Available],[Discrepancy],[Not Available],68,[Not Applicable],0,[Not Available],[Not Available],[Not Available],[Not Available],[Not Applicable],[Not Available],[Not Available],[Not Available],[Not Available],C34.1,8140/3,C34.1,YES,[Not Available],[Not Available],[Not Available],[Not Available],[Not Available],49,1:DECEASED,32.82,1:Recurred/Progressed,22.73,matched
TCGA-49-4506-01Z-00-DX3.a05a3969-bbef-48d8-86de-f51c8870afd6,TCGA-49-4506-01,TCGA-49-4506,salgado,0.25,1,1,0,,15524,15524,1,1,69/31,68.66740308375184,31.332596916248157,0.31332596916248157,stroma-low,33.87827722351415,25.305283221529105,9.299227539793106,33.87827722351415,high,3285885814.9636097,205367863.4352256,205.36786343522562,3285617998.515713,205351124.90723208,267816.44789648056,16738.527993530035,1756394649.9954135,109774665.62471335,801434204.9172803,50089637.80733002,271512101.7059427,16969506.35662142,365890520.67852277,22868157.542407673,90386521.21855396,5649157.5761596225,0.9999184949012297,0.5345269887337413,0.24390202522182164,0.082629804,0.111352171,0.027507505,2919727477.8371906,182482967.3648244,0,0,0,50,1,0,0,193337,193337,0,0,0,b61abdfd-b7a0-4e1a-b570-d1eaecad3a9e,TCGA-49-4506,2/3/11 0:00,Lung Adenocarcinoma,NO,YES,Female,Lung,WHITE,NOT HISPANIC OR LATINO,[Not Available],No,L-Upper,Peripheral Lung,1997,[Not Available],[Not Available],R1,4th,T2,N1,M0,Stage IIB,[Not Applicable],[Not Applicable],[Not Applicable],[Not Applicable],NO,[Not Available],[Not Available],[Not Available],[Not Available],[Not Available],[Not Available],[Not Available],[Not Available],[Not Available],[Not Available],[Not Available],[Not Available],2,No,[Not Available],[Not Available],100,[Not Available],1,Pre-Adjuvant Therapy,[Not Available],[Not Available],[Not Available],[Discrepancy],[Not Available],68,[Not Applicable],0,[Not Available],[Not Available],[Not Available],[Not Available],[Not Applicable],[Not Available],[Not Available],[Not Available],[Not Available],C34.1,8140/3,C34.1,YES,[Not Available],[Not Available],[Not Available],[Not Available],[Not Available],49,1:DECEASED,32.82,1:Recurred/Progressed,22.73,matched
TCGA-49-4506-01Z-00-DX4.9460a2c1-efe2-4095-9b0e-dfe0eda684ba,TCGA-49-4506-01,TCGA-49-4506,salgado,0.25,1,1,0,,7433,7433,1,1,43/57,43.33102520186974,56.66897479813026,0.5666897479813026,stroma-high,1.5726358096694808,1.5482868955142044,0.847239503,1.5726358096694808,very low,1564354765,97772172.80755687,97.77217280755687,2489989569.4968963,155624348.09355602,0,0,978857357.2269378,61178584.82668361,1280164562,80010285.13811874,20132326.328011423,1258270.395500714,113763453.1,7110215.820101437,97071870.61042422,6066991.913151514,1,0.6257259409290236,0.8183339169070272,0.012869412219950803,0.072722285,0.062052337990821375,2376226116.375273,148514132.27345458,925634804.5759864,0.5917038930889722,1,50,1,0,0,88190,88190,0,0,0,b61abdfd-b7a0-4e1a-b570-d1eaecad3a9e,TCGA-49-4506,2/3/11 0:00,Lung Adenocarcinoma,NO,YES,Female,Lung,WHITE,NOT HISPANIC OR LATINO,[Not Available],No,L-Upper,Peripheral Lung,1997,[Not Available],[Not Available],R1,4th,T2,N1,M0,Stage IIB,[Not Applicable],[Not Applicable],[Not Applicable],[Not Applicable],NO,[Not Available],[Not Available],[Not Available],[Not Available],[Not Available],[Not Available],[Not Available],[Not Available],[Not Available],[Not Available],[Not Available],[Not Available],2,No,[Not Available],[Not Available],100,[Not Available],1,Pre-Adjuvant Therapy,[Not Available],[Not Available],[Not Available],[Discrepancy],[Not Available],68,[Not Applicable],0,[Not Available],[Not Available],[Not Available],[Not Available],[Not Applicable],[Not Available],[Not Available],[Not Available],[Not Available],C34.1,8140/3,C34.1,YES,[Not Available],[Not Available],[Not Available],[Not Available],[Not Available],49,1:DECEASED,32.82,1:Recurred/Progressed,22.73,matched
TCGA-49-4507-01Z-00-DX2.a7bfbeee-00ea-4301-ace4-ce591807e2d3,TCGA-49-4507-01,TCGA-49-4507,salgado,0.25,4,4,0,,10720,10720,4,4,89/11,89.12610198,10.873898024933098,0.10873898024933097,stroma-low,26.587427107796863,21.00321312728479,2.7979350653152704,26.587427107796863,intermediate,2132716257.191283,133294766.07445519,133.2947660744552,2168951711.6791253,135559481.97994533,48700753.71739737,3043797.1073373356,1861807026.6090465,116362939.1630654,227151185.8009257,14196949.112557856,60393655.949317336,3774603.4968323335,10443578.377890116,652723.6486181322,9156264.941945529,572266.5588715955,1,0.8729745554905578,0.1065079262349115,0.028317717251733144,0.004896844,0.004293241,2158508133.301235,134906758.3313272,84936208.20523974,0.29254329,2,50,1,0,0,53596,53596,0,0,0,50b2c647-aecd-4c81-af22-0d8116593552,TCGA-49-4507,2/2/11 0:00,Lung Adenocarcinoma,NO,YES,Female,Lung,WHITE,NOT HISPANIC OR LATINO,[Not Available],No,[Discrepancy],[Not Available],1997,[Not Available],[Not Available],R0,[Not Available],T3,N1,M0,Stage IIIA,[Not Applicable],[Not Applicable],[Not Applicable],[Not Applicable],[Not Available],[Not Available],[Not Available],[Not Available],[Not Available],[Not Available],[Not Available],[Not Available],[Not Available],[Not Available],[Not Available],[Not Available],[Not Available],4,No,[Not Available],1991,78,[Not Available],1,Preoperative,[Not Available],[Not Available],[Not Available],WITH TUMOR,[Not Available],73,[Not Available],0,[Not Available],[Not Available],[Not Available],[Not Available],[Not Applicable],[Not Available],[Not Available],[Not Available],[Not Available],C34.0,8140/3,C34.0,YES,[Not Available],[Not Available],[Not Available],[Not Available],[Not Available],49,1:DECEASED,8.8,1:Recurred/Progressed,5.19,matched
TCGA-49-6743-01Z-00-DX4.5ea81023-1372-48ed-88a8-374e2394d7f7,TCGA-49-6743-01,TCGA-49-6743,salgado,0.25,29,29,0,,643,643,29,29,31/69,31.057810107428768,68.94218989257124,0.6894218989257124,stroma-high,25.057568662617346,20.036826983433624,14.190613306599772,25.057568662617346,intermediate,158553624.33913106,9909601.521195691,9.909601521195691,198757434.68319234,12422339.667699521,5275455.138505604,329715.94615660026,50358001.322063126,3147375.0826289454,111784793.51078284,6986549.594423927,28010551.388329428,1750659.4617705892,1369550.2899062224,85596.89312,7234538.172,452158.6357569194,1,0.31760864207274236,0.7050283080990053,0.1766629523927976,0.008637773,0.045628337,197387884.39328608,12336742.77458038,45479265.48256691,0.3559118658094944,22,50,1,0,0,68148,68148,0,0,0,a391d49f-a822-460b-981c-6fbe1868ee38,TCGA-49-6743,8/10/11 0:00,Lung Adenocarcinoma,NO,YES,Female,Lung,WHITE,[Not Available],[Not Available],No,R-Upper,[Not Available],2010,[Not Available],[Not Available],[Not Available],7th,T1,N2,MX,Stage IIIA,[Not Applicable],[Not Applicable],[Not Applicable],[Not Applicable],[Not Available],[Not Available],[Not Available],[Not Available],[Not Available],[Not Available],[Not Available],[Not Available],[Not Available],[Not Available],[Not Available],[Not Available],[Not Available],4,No,[Not Available],[Not Available],50,[Not Available],[Not Available],[Not Available],[Not Available],[Not Available],[Not Available],TUMOR FREE,[Not Available],81,[Not Applicable],0,[Not Available],[Not Available],[Not Available],[Not Available],[Not Applicable],[Not Available],[Not Available],[Not Available],[Not Available],C34.1,8310/3,C34.1,YES,[Not Available],[Not Available],[Not Available],[Not Available],[Not Available],49,0:LIVING,53.25,0:DiseaseFree,53.25,matched
TCGA-49-6761-01Z-00-DX1.10c577a2-f65c-4517-8a25-83d44e380f8f,TCGA-49-6761-01,TCGA-49-6761,salgado,0.25,3,3,0,,6516,6516,3,3,30/70,29.526655617841254,70.47334438215874,0.7047334438215874,stroma-high,3.0093502985302023,2.9214341123488685,2.0677908105058576,3.0093502985302023,very low,1471376648.6723096,91961040.54201935,91.96104054201935,2092891205,130805700.28680812,622614.4633463813,38913.40395914883,597304160.6,37331510.04030244,1425627824.5269682,89101739.03293552,42902135.19333195,2681383.449583247,18109994.83800157,1131874.6773750982,8947089.385788972,559193.0866118107,1,0.4059491913126485,0.9689074689430319,0.02915782,0.012308197805329484,0.006080761,2074781209.7509282,129673825.60943301,622137170.3799667,0.2817521287922049,2,50,1,0,0,81115,81115,0,0,0,4cd3d483-2283-4c6a-a57a-444216119d34,TCGA-49-6761,3/2/12 0:00,Lung Adenocarcinoma,NO,YES,Female,Lung,WHITE,NOT HISPANIC OR LATINO,[Not Available],Yes,R-Upper,[Not Available],2009,[Not Available],[Not Available],R0,6th,T1,N2,MX,Stage IIIA,[Not Applicable],[Not Applicable],[Not Applicable],[Not Applicable],YES,52,56,64,64,1,[Not Available],[Not Available],[Not Available],[Not Available],[Not Available],[Not Available],[Not Available],4,No,[Not Available],[Not Available],50,[Not Available],[Not Available],[Not Available],[Not Available],[Not Available],[Not Available],TUMOR FREE,[Not Available],68,[Not Applicable],0,[Not Available],[Not Available],[Not Available],[Not Available],[Not Applicable],[Not Available],[Not Available],[Not Available],[Not Available],C34.1,8140/3,C34.1,YES,[Not Available],[Not Available],[Not Available],[Not Available],[Not Available],49,0:LIVING,11.63,0:DiseaseFree,11.63,matched
TCGA-49-6767-01Z-00-DX1.53459c0e-b8ec-4893-9910-87b63c503134,TCGA-49-6767-01,TCGA-49-6767,salgado,0.25,7,7,0,,12562,12562,7,7,80/20,80.33296273357547,19.667037266424533,0.19667037266424534,stroma-low,51.433245589210294,33.96430248132709,9.005525243017923,51.433245589210294,high,2633657589.925914,164603599.3703696,164.6035993703696,3007470198.2828965,187966887.39268103,645043.8188,40315.23867748506,2126717893.2860541,132919868.33037838,520660991.94107354,32541311.996317096,267792846.6722708,16737052.917016925,33819695.444170475,2113730.9652606547,58478770.939327136,3654923.183707946,1,0.8075149561662949,0.19769502076984882,0.10168096555019666,0.012841341,0.022204394057532807,2973650502.8387256,185853156.42742035,374457652.2,0.050681251269165575,5,50,1,0,0,65060,65060,0,0,0,6bffe800-ec2b-4638-9333-97fe85dcd91c,TCGA-49-6767,8/10/11 0:00,Lung Adenocarcinoma,NO,YES,Female,Lung,WHITE,[Not Available],[Not Available],No,R-Middle,[Not Available],2010,[Not Available],[Not Available],R0,7th,T3,N0,MX,Stage IIB,[Not Applicable],[Not Applicable],[Not Applicable],[Not Applicable],NO,[Not Available],[Not Available],[Not Available],[Not Available],[Not Available],[Not Available],[Not Available],[Not Available],[Not Available],[Not Available],[Not Available],[Not Available],2,No,[Not Available],[Not Available],30,[Not Available],[Not Available],[Not Available],[Not Available],[Not Available],[Not Available],TUMOR FREE,[Not Available],46,[Not Applicable],0,[Not Available],[Not Available],[Not Available],[Not Available],[Not Applicable],[Not Available],[Not Available],[Not Available],[Not Available],C34.2,8140/3,C34.2,YES,[Not Available],[Not Available],[Not Available],[Not Available],[Not Available],49,0:LIVING,22.24,0:DiseaseFree,22.24,matched
TCGA-49-AAQV-01Z-00-DX1.4CC37621-C952-4684-96E3-9B97CDAD8056,TCGA-49-AAQV-01,TCGA-49-AAQV,salgado,0.25,7,7,0,,7918,7918,7,7,33/67,33.17012470527876,66.82987529472125,0.6682987529472124,stroma-high,9.391575572907412,8.585282297765339,5.770630763165782,9.391575572907412,low,1717740031.375505,107358751.96096906,107.35875196096906,2565708523.5958543,160356782.7247409,235799.14185589645,14737.446365993528,740229610.6502756,46264350.665642224,1491385787.9269688,93211611.74543555,140064623.35676193,8754038.96,138510716.1949499,8656919.762184368,55517785.46689843,3469861.5916811517,1,0.4309322698019246,0.8682255525783609,0.081540059,0.080635436,0.032320248962493914,2427197807.4009047,151699862.96255654,848204291.3622055,0.1601267284603545,6,50,1,0,0,135035,135035,0,0,0,96DFA373-4597-49A5-942E-D9B4DC5D28FC,TCGA-49-AAQV,6/13/14 0:00,Lung Adenocarcinoma,NO,YES,Female,Lung,BLACK OR AFRICAN AMERICAN,NOT HISPANIC OR LATINO,[Not Available],No,L-Lower,[Not Available],2012,[Not Available],[Not Available],R0,7th,T1,N1,MX,Stage II,[Not Applicable],[Not Applicable],[Not Applicable],[Not Applicable],YES,83.3,81.7,78.8,77.29,95.5,[Not Available],[Not Available],[Not Available],YES,Exon 19 Deletion,YES,FISH,1,No,[Not Available],[Not Available],[Not Available],90,1,Preoperative,NO,[Not Available],Complete Remission/Response,TUMOR FREE,YES,63,[Not Applicable],0,[Not Available],[Not Available],[Not Available],[Not Available],[Not Applicable],[Not Available],[Not Available],[Not Available],[Not Available],C34.3,8255/3,C34.3,YES,[Not Available],[Not Available],[Not Available],[Not Available],NO,49,1:DECEASED,22.24,1:Recurred/Progressed,16.72,matched
TCGA-49-AARE-01Z-00-DX1.3559B3A9-6699-472F-B731-1BD9F93EE82A,TCGA-49-AARE-01,TCGA-49-AARE,salgado,0.25,7,7,0,,2725,2725,6,6,60/40,59.99421325341816,40.00578674658185,0.4000578674658185,stroma-low,15.62706407127984,13.515057393177713,5.854976809970515,15.62706407127984,intermediate,620135961.0612851,38758497.56633032,38.75849756633032,666130970.0369809,41633185.627311304,2260916.664862296,141307.2915538935,330755278.8984998,20672204.931156237,220556690.97661996,13784793.186038747,34466535.41241108,2154158.4632756924,77460228.35756771,4841264.272347982,2892236.3918824377,180764.77449265236,1,0.5333592948431075,0.3556586052503144,0.055578998,0.12490846075916033,0.004663875,588670741.6794132,36791921.354963325,48255925.64055819,0.15476169734431156,4,50,1,0,0,48765,48765,0,0,0,CD9E70E4-8622-4A07-8646-63F8275C1737,TCGA-49-AARE,6/19/14 0:00,Lung Adenocarcinoma,NO,YES,Female,Lung,BLACK OR AFRICAN AMERICAN,NOT HISPANIC OR LATINO,[Not Available],No,R-Upper,[Not Available],1999,[Not Available],[Not Available],R0,5th,T1,N0,MX,Stage IA,[Not Applicable],[Not Applicable],[Not Applicable],[Not Applicable],YES,61.2,41.7,81,55.2,107.2,[Not Available],[Not Available],[Not Available],[Not Available],[Not Available],[Not Available],[Not Available],4,No,1980,1995,15,90,1,Other,NO,[Not Available],Complete Remission/Response,WITH TUMOR,YES,51,[Not Applicable],0,[Not Available],[Not Available],[Not Available],[Not Available],[Not Applicable],[Not Available],[Not Available],[Not Available],[Not Available],C34.1,8140/3,C34.1,YES,[Not Available],[Not Available],[Not Available],[Not Available],NO,49,1:DECEASED,40.37,1:Recurred/Progressed,12.75,matched
TCGA-49-AARO-01Z-00-DX1.FB8C82DC-F823-43CF-A8EA-1208C767AF54,TCGA-49-AARO-01,TCGA-49-AARO,salgado,0.25,7,7,0,,2560,2560,7,7,63/37,62.81831790178452,37.18168209821549,0.3718168209821549,stroma-low,38.97902433458354,28.046695910559794,12.513530856277042,38.97902433458354,high,556227076.4859892,34764192.280374326,34.764192280374324,550195188.9,34387199.305281624,7026067.680580658,439129.2300362911,288722934.8145725,18045183.425910782,170892897.72966474,10680806.108104046,66612384.19212099,4163274.012007562,17872338.066530205,1117021.1291581378,6094634.082,380914.63010108814,0.9891557102189448,0.5190738585374226,0.30723584836843043,0.11975753610009471,0.03213137,0.010957097090851398,532322850.81797564,33270178.176123478,994180.0790972114,0.000284692,0,50,1,0,0,70283,70283,0,0,0,5202458B-C38A-47C0-A0BA-5F1A59A762A0,TCGA-49-AARO,6/19/14 0:00,Lung Adenocarcinoma,NO,YES,Female,Lung,BLACK OR AFRICAN AMERICAN,NOT HISPANIC OR LATINO,[Not Available],No,L-Upper,[Not Available],2003,[Not Available],[Not Available],R0,6th,T1a,N0,MX,Stage IA,[Not Applicable],[Not Applicable],[Not Applicable],[Not Applicable],YES,83,83.9,83.6,84.4,103.3,[Not Available],[Not Available],[Not Available],[Not Available],[Not Available],[Not Available],[Not Available],2,No,[Not Available],[Not Available],[Not Available],90,1,Preoperative,NO,[Not Available],Complete Remission/Response,WITH TUMOR,YES,39,[Not Applicable],0,[Not Available],[Not Available],[Not Available],[Not Available],[Not Applicable],[Not Available],[Not Available],[Not Available],[Not Available],C34.1,8260/3,C34.1,YES,[Not Available],[Not Available],[Not Available],[Not Available],NO,49,0:LIVING,123.49,1:Recurred/Progressed,115.67,matched
TCGA-50-5931-01Z-00-DX1.34261ED6-7815-487C-A50C-2DAD587187B9,TCGA-50-5931-01,TCGA-50-5931,salgado,0.25,3,3,0,,9209,9209,3,3,48/52,47.52161238748702,52.47838761251299,0.5247838761251299,stroma-high,1.2387201741916818,1.223563644483391,0.6419017529303273,1.2387201741916818,very low,2030594367.3563073,126912147.9597692,126.9121479597692,2664820496.6187673,166551281.03867295,644551.0387689574,40284.439923059836,1187719975.267005,74232498.45418781,1311605943.185512,81975371.45,16247127.424136026,1015445.4640085016,133727950.14000587,8357996.883750367,15519500.602108099,969968.7876317562,1,0.5849124740818294,0.6459221813429591,0.008001168,0.065856555,0.007642836,2531092546.478761,158193284.15492257,634870680.3012289,0.10897080745617675,2,50,1,0,0,50736,50736,0,0,0,12ccd581-a921-41bc-bcee-4e9be54532cc,TCGA-50-5931,7/2/11 0:00,Lung Adenocarcinoma,NO,YES,Female,Lung,WHITE,NOT HISPANIC OR LATINO,[Not Available],No,L-Upper,Central Lung,2001,[Not Available],[Not Available],R0,5th,T2,N0,M0,Stage IB,[Not Applicable],[Not Applicable],[Not Applicable],[Not Applicable],[Not Available],[Not Available],[Not Available],[Not Available],[Not Available],[Not Available],[Not Available],[Not Available],[Not Available],[Not Available],[Not Available],[Not Available],[Not Available],4,No,[Not Available],[Not Available],40,[Not Available],[Not Available],[Not Available],[Not Available],[Not Available],[Not Available],TUMOR FREE,[Not Available],75,[Not Applicable],0,[Not Available],[Not Available],[Not Available],[Not Available],[Not Applicable],[Not Available],[Not Available],[Not Available],[Not Available],C34.1,8140/3,C34.1,YES,[Not Available],[Not Available],[Not Available],[Not Available],[Not Available],50,1:DECEASED,14.26,1:Recurred/Progressed,13.96,matched
TCGA-50-6590-01Z-00-DX1.B08B2656-3DC7-4D35-A54D-9C57A7A773B3,TCGA-50-6590-01,TCGA-50-6590,salgado,0.25,7,7,0,,4720,4720,7,7,64/36,64.48706476158779,35.512935238412204,0.3551293523841221,stroma-low,5.5787191063575134,5.283942780872007,1.9285020900540475,5.5787191063575134,low,1018326486.9938003,63645405.43711252,63.645405437112515,1205119671.3809185,75319979.46,553110.2130046226,34569.38831278891,713609008.9318235,44600563.05823897,392983470.61438483,24561466.913399052,21923443.95999155,1370215.2474994718,68307630.93469156,4269226.933418223,8296116.94,518507.3087516944,1,0.700766422,0.3859110762939208,0.021528895,0.067078321,0.008146814,1136812040.4462268,71050752.52788918,187346294.6001231,0.2539076235563286,5,50,1,0,0,79199,79199,0,0,0,114a34c0-983b-4d90-9181-1823c9637a63,TCGA-50-6590,8/25/11 0:00,Lung Adenocarcinoma,NO,YES,Female,Lung,WHITE,NOT HISPANIC OR LATINO,[Not Available],No,R-Upper,[Not Available],2005,[Not Available],[Not Available],[Not Available],6th,T2,N0,M0,Stage IB,[Not Applicable],[Not Applicable],[Not Applicable],[Not Applicable],[Not Available],[Not Available],[Not Available],[Not Available],[Not Available],[Not Available],[Not Available],[Not Available],[Not Available],YES,[Not Available],[Not Available],[Not Available],4,No,[Not Available],2002,50,[Not Available],[Not Available],[Not Available],[Not Available],[Not Available],[Not Available],TUMOR FREE,[Not Available],72,[Not Applicable],0,[Not Available],[Not Available],[Not Available],[Not Available],[Not Applicable],[Not Available],[Not Available],[Not Available],[Not Available],C34.1,8140/3,C34.1,YES,[Not Available],[Not Available],[Not Available],[Not Available],[Not Available],50,1:DECEASED,42.31,[Not Available],[Not Available],matched
TCGA-50-6594-01Z-00-DX1.43b2005a-4245-4025-ad85-4a957f308a5c,TCGA-50-6594-01,TCGA-50-6594,salgado,0.25,17,17,0,,6727,6727,17,16,65/35,65.08774965183028,34.91225034816972,0.3491225034816972,stroma-low,9.438078245442483,8.624126443700165,3.113827129231139,9.438078245442483,low,1427202397.3242702,89200149.83276689,89.20014983,1629475268.608178,101842204.28801112,8118467.381195154,507404.2113246971,984591165.0941399,61536947.818383746,528122318.4122806,33007644.90076754,49844597.64339594,3115287.352712246,28724951.563329827,1795309.4727081142,38192235.895031214,2387014.743439451,1,0.6898749378084418,0.3700402405450049,0.034924687,0.020126754,0.026760210021111445,1600750317.0448477,100046894.81530298,210391338.66510287,0.075638787,6,50,1,0,0,82204,82204,0,0,0,8504fd86-a70a-4cba-9ec8-25c9e60ca549,TCGA-50-6594,8/25/11 0:00,Lung Adenocarcinoma,NO,YES,Female,Lung,BLACK OR AFRICAN AMERICAN,NOT HISPANIC OR LATINO,[Not Available],No,L-Upper,[Not Available],2009,[Not Available],[Not Available],[Not Available],6th,T3,N2,M0,Stage IIIA,[Not Applicable],[Not Applicable],[Not Applicable],[Not Applicable],[Not Available],[Not Available],[Not Available],[Not Available],[Not Available],[Not Available],[Not Available],NO,[Not Available],[Not Available],[Not Available],YES,[Not Available],4,No,[Not Available],1998,[Not Available],[Not Available],[Not Available],[Not Available],[Not Available],[Not Available],[Not Available],WITH TUMOR,[Not Available],79,[Not Applicable],0,[Not Available],[Not Available],[Not Available],[Not Available],[Not Applicable],[Not Available],[Not Available],[Not Available],[Not Available],C34.1,8140/3,C34.1,YES,[Not Available],[Not Available],[Not Available],[Not Available],[Not Available],50,1:DECEASED,12.16,1:Recurred/Progressed,9.36,matched
TCGA-50-6597-01Z-00-DX1.ec7fc0b2-78a1-4384-bddd-e89f02ee5eb6,TCGA-50-6597-01,TCGA-50-6597,salgado,0.25,1,1,0,,6498,6498,1,1,70/30,70.38398024080486,29.61601975919514,0.2961601975919514,stroma-low,35.489560292256414,26.19357551659627,9.216274420680618,35.489560292256414,high,1356497036.4200518,84781064.77625324,84.78106477625323,1611670492.8736057,100729405.80460036,0,0,929379360.5642761,58086210.035267256,391062247.57523024,24441390.47345189,138786272.1334644,8674142.008341525,105787900.85748087,6611743.803592554,46654711.74315423,2915919.4839471392,1,0.6851318768944846,0.28828831694854823,0.10231225605898629,0.077986091,0.034393522794772376,1505882592.016125,94117662.00100781,255173456.45355392,0.18811206335325692,1,50,1,0,0,77985,77985,0,0,0,0d66bf6c-eed0-4726-bd5b-3bf6d610b4e0,TCGA-50-6597,8/26/11 0:00,Lung Adenocarcinoma,NO,YES,Female,Lung,WHITE,NOT HISPANIC OR LATINO,[Not Available],No,R-Lower,[Not Available],2007,[Not Available],[Not Available],R0,6th,T2,N0,M0,Stage IB,[Not Applicable],[Not Applicable],[Not Applicable],[Not Applicable],NO,[Not Available],[Not Available],[Not Available],[Not Available],[Not Available],YES,NO,[Not Available],YES,[Not Available],[Not Available],[Not Available],1,No,[Not Available],[Not Available],[Not Available],[Not Available],[Not Available],[Not Available],[Not Available],[Not Available],[Not Available],TUMOR FREE,[Not Available],79,[Not Applicable],0,[Not Available],[Not Available],[Not Available],[Not Available],[Not Applicable],[Not Available],[Not Available],[Not Available],[Not Available],C34.3,8140/3,C34.3,YES,[Not Available],[Not Available],[Not Available],[Not Available],[Not Available],50,1:DECEASED,41.66,[Not Available],[Not Available],matched
TCGA-50-6673-01Z-00-DX1.e24fb432-3fff-4f00-a316-16d05275c1e7,TCGA-50-6673-01,TCGA-50-6673,salgado,0.25,1,1,0,,4549,4549,1,1,43/57,43.22080660670567,56.779193393294335,0.5677919339329434,stroma-high,8.222441635143934,7.5977232733897155,4.381922586595204,8.222441635143934,low,969932089.6499001,60620755.603118755,60.62075560311875,1534804950.2563229,95925309.39102018,0,0,586537891.8,36658618.23967531,770535096.6,48158443.53627906,63356798.59462866,3959799.9121642914,88937358.06187676,5558584.878867297,25437805.184547763,1589862.8240342352,1,0.6047205758977596,0.7944216969443623,0.06532086,0.091694418,0.026226377553638436,1445867592.194446,90366724.51215288,564872860.6064228,0.5823839283534946,1,50,1,0,0,65457,65457,0,0,0,ab8d7f84-dd71-42c7-9471-4db967a9c89c,TCGA-50-6673,1/9/12 0:00,Lung Adenocarcinoma,NO,YES,Female,Lung,WHITE,[Not Available],[Not Available],No,R-Upper,[Not Available],2004,[Not Available],[Not Available],R0,6th,T1,N0,M0,Stage I,[Not Applicable],[Not Applicable],[Not Applicable],[Not Applicable],[Not Available],[Not Available],[Not Available],[Not Available],[Not Available],[Not Available],[Not Available],[Not Available],[Not Available],[Not Available],[Not Available],[Not Available],[Not Available],1,No,[Not Available],[Not Available],[Not Available],[Not Available],[Not Available],[Not Available],[Not Available],[Not Available],[Not Available],[Not Available],[Not Available],84,[Not Applicable],0,[Not Available],[Not Available],[Not Available],[Not Available],[Not Applicable],[Not Available],[Not Available],[Not Available],[Not Available],C34.1,8140/3,C34.1,YES,[Not Available],[Not Available],[Not Available],[Not Available],[Not Available],50,1:DECEASED,0.72,[Not Available],[Not Available],matched
TCGA-53-7624-01Z-00-DX1.51b4de19-3531-4bcb-b822-fa966480f2ad,TCGA-53-7624-01,TCGA-53-7624,salgado,0.25,1,1,0,,16421,16421,1,1,83/17,82.75642185984519,17.243578140154817,0.17243578140154817,stroma-low,12.178051670559018,10.856002122699667,2.044786281611152,12.178051670559018,intermediate,3321271599.9770956,207579474.99856848,207.5794749985685,3613255171.845582,225828448.24034888,0,0,2865750730.662306,179109420.6663941,597123407.9944992,37320213,72717997.16257305,4544874.822660816,56991232.84476669,3561952.052797918,20671803.18,1291987.699,1,0.8628474499592472,0.1797875873802724,0.021894625288421017,0.017159461708930915,0.006224063,3556263939.0008154,222266496.18755096,291983571.8684864,0.087913187,1,50,1,0,0,42625,42625,0,0,0,54a9cc9e-3eee-4caa-9f33-4ea64a2999ba,TCGA-53-7624,12/13/11 0:00,Lung Adenocarcinoma,NO,YES,Female,Lung,WHITE,HISPANIC OR LATINO,[Not Available],No,R-Upper,Peripheral Lung,2008,[Not Available],[Not Available],R0,6th,T2,N0,M1,Stage IV,[Not Applicable],[Not Applicable],[Not Applicable],[Not Applicable],[Not Available],[Not Available],[Not Available],[Not Available],[Not Available],[Not Available],NO,[Not Available],[Not Available],NO,[Not Available],NO,[Not Available],2,No,1986,[Not Available],50,[Not Available],0,Post-Adjuvant Therapy,[Not Available],[Not Available],[Not Available],WITH TUMOR,[Not Available],40,[Not Applicable],0,[Not Available],[Not Available],[Not Available],[Not Available],[Not Applicable],[Not Available],[Not Available],[Not Available],[Not Available],C34.1,8140/3,C34.1,YES,[Not Available],[Not Available],[Not Available],[Not Available],[Not Available],53,1:DECEASED,34.26,1:Recurred/Progressed,13.14,matched
TCGA-53-7626-01Z-00-DX1.FD4CAF75-07B5-4117-83DD-99233DAA3EBC,TCGA-53-7626-01,TCGA-53-7626,salgado,0.25,13,13,0,,4276,4276,13,13,36/64,35.93858552,64.06141447662681,0.6406141447662681,stroma-high,11.736162348308737,10.503459311341183,6.945398296804725,11.736162348308737,intermediate,985021602.1,61563850.134010434,61.56385013401044,1215977952.0284047,75998622,2002893.6031803745,125180.8501987734,396014067.78211653,24750879.236382283,705904836.4122705,44119052.27576691,82846137.62590727,5177883.6016192045,23157409.77064583,1447338.1106653644,8055500.437464694,503468.77734154335,1,0.40203592177073516,0.7166389395681039,0.084105909,0.023509545090419786,0.008177994,1192820542.2577589,74551283.89110993,232959243.48741817,0.13413899765146503,7,50,1,0,0,46343,46343,0,0,0,d3ff328c-2488-47bd-8663-366b6812c7b5,TCGA-53-7626,12/13/11 0:00,Lung Adenocarcinoma,NO,YES,Female,Lung,WHITE,NOT HISPANIC OR LATINO,[Not Available],No,R-Upper,Peripheral Lung,2008,[Not Available],[Not Available],R0,6th,T1,N1,M0,Stage IIA,[Not Applicable],[Not Applicable],[Not Applicable],[Not Applicable],[Not Available],[Not Available],[Not Available],[Not Available],[Not Available],[Not Available],NO,[Not Available],[Not Available],NO,[Not Available],NO,[Not Available],4,No,1971,2006,35,[Not Available],0,Post-Adjuvant Therapy,[Not Available],[Not Available],[Not Available],WITH TUMOR,[Not Available],76,[Not Applicable],0,[Not Available],[Not Available],[Not Available],[Not Available],[Not Applicable],[Not Available],[Not Available],[Not Available],[Not Available],C34.1,8140/3,C34.1,YES,[Not Available],[Not Available],[Not Available],[Not Available],[Not Available],53,1:DECEASED,30.52,1:Recurred/Progressed,28.42,matched
TCGA-53-7813-01Z-00-DX1.97c5eff3-ceeb-499b-b2e1-bcd3cd60c5e7,TCGA-53-7813-01,TCGA-53-7813,salgado,0.25,2,2,0,,5853,5853,2,2,64/36,63.75339431921222,36.24660568078778,0.3624660568078778,stroma-low,28.553589677098785,22.211429294833202,9.182044184498253,28.553589677098785,intermediate,1232044369.8548687,77002773.11592929,77.00277311592929,1420724379.586121,88795273.72413257,234711.99791127816,14669.499869454885,769348612.8197261,48084288.30123288,437408487.7788867,27338030.486180417,124895824.8131861,7805989.050824131,60506302.83101611,3781643.926938507,28565151.34330612,1785321.9589566325,1,0.6244487874331613,0.35502657086157713,0.1013728302884891,0.04911049,0.023185164465035473,1360218076.755105,85013629.79719406,188914721.72916365,0.076997996,1,50,1,0,0,39551,39551,0,0,0,42d208bd-cd77-4bfb-ad53-9fc072a87393,TCGA-53-7813,3/14/12 0:00,Lung Adenocarcinoma,NO,YES,Female,Lung,WHITE,NOT HISPANIC OR LATINO,[Not Available],No,R-Upper,[Not Available],2008,[Not Available],[Not Available],[Not Available],6th,T4,N0,M0,Stage IIIB,[Not Applicable],[Not Applicable],[Not Applicable],[Not Applicable],YES,90,91,67,69,88,NO,[Not Available],[Not Available],NO,[Not Available],NO,[Not Available],4,No,1973,2008,35,[Not Available],1,Pre-Adjuvant Therapy,[Not Available],[Not Available],[Not Available],TUMOR FREE,[Not Available],51,[Not Applicable],0,[Not Available],[Not Available],[Not Available],[Not Available],[Not Applicable],[Not Available],[Not Available],[Not Available],[Not Available],C34.1,8252/3,C34.1,YES,[Not Available],[Not Available],[Not Available],[Not Available],[Not Available],53,0:LIVING,13.93,0:DiseaseFree,13.93,matched
TCGA-55-6970-01Z-00-DX1.be042a9b-3eab-4b6c-9cd7-7486ffab037f,TCGA-55-6970-01,TCGA-55-6970,salgado,0.25,1,1,0,,6482,6482,1,1,45/55,45.01788372113553,54.98211627886447,0.5498211627886447,stroma-high,8.063800428339398,7.462073697553108,4.106820570784904,8.063800428339398,low,1453125717.6346233,90820357.35216396,90.82035735216395,1944950455.9001243,121559403.49375777,0,0,730237077.2141829,45639817.32588643,891867332.9745672,55741708.31091045,71918401.82,4494900.113538894,193756300.29869965,12109768.768668728,57171343.596052326,3573208.9747532704,1,0.5025284931319308,0.6137578615196047,0.049492209066184595,0.1333376031731744,0.039343700894038956,1751194155.6014247,109449634.72508904,491824738.3,0.3384598677849333,1,50,1,0,0,47807,47807,0,0,0,7cce924f-12a1-4895-9866-5d4b1869dde6,TCGA-55-6970,7/26/11 0:00,Lung Adenocarcinoma,NO,YES,Female,Lung,WHITE,[Not Available],[Not Available],No,R-Upper,[Not Available],2004,[Not Available],[Not Available],R1,6th,T2,N2,MX,Stage IIIA,[Not Applicable],[Not Applicable],[Not Applicable],[Not Applicable],[Not Available],[Not Available],[Not Available],[Not Available],[Not Available],[Not Available],NO,[Not Available],[Not Available],NO,[Not Available],NO,[Not Available],4,No,[Not Available],[Not Available],[Not Available],[Not Available],[Not Available],[Not Available],[Not Available],[Not Available],[Not Available],WITH TUMOR,[Not Available],67,[Not Applicable],0,[Not Available],[Not Available],[Not Available],[Not Available],[Not Applicable],[Not Available],[Not Available],[Not Available],[Not Available],C34.1,8260/3,C34.1,YES,[Not Available],[Not Available],[Not Available],[Not Available],[Not Available],55,1:DECEASED,15.24,1:Recurred/Progressed,15.01,matched
TCGA-55-6971-01Z-00-DX1.6c790768-8252-466a-95e1-97d2086a8132,TCGA-55-6971-01,TCGA-55-6971,salgado,0.25,3,3,0,,1006,1006,3,3,69/31,68.58695257,31.41304742788751,0.3141304742788751,stroma-low,39.71265221146746,28.42452103146596,11.066662375295735,39.71265221146746,high,219706337.9392199,13731646.121201243,13.731646121201242,219118952.0387395,13694934.502421219,1281153.1114144186,80072.06946340116,126687811.66597281,7917988.229123301,58023429.92589255,3626464.370368284,23042642.92763424,1440165.183,10902218.337053182,681388.6460658239,462849.18218675343,28928.07388667209,0.9973264954211613,0.5766233821666995,0.2640953850951004,0.10487928178935291,0.049621774407205305,0.002106672,208216733.70168635,13013545.856355397,693767.2109340429,0.001065226,0,50,1,0,0,11873,11873,0,0,0,8d0736fe-261c-445c-bfd2-a3ea3ceaf367,TCGA-55-6971,7/28/11 0:00,Lung Adenocarcinoma,NO,YES,Female,Lung,WHITE,[Not Available],[Not Available],No,L-Lower,[Not Available],2010,[Not Available],[Not Available],R0,7th,T2,N0,MX,Stage IB,[Not Applicable],[Not Applicable],[Not Applicable],[Not Applicable],[Not Available],[Not Available],[Not Available],[Not Available],[Not Available],[Not Available],NO,[Not Available],[Not Available],NO,[Not Available],NO,[Not Available],4,No,1970,2010,60,[Not Available],[Not Available],[Not Available],[Not Available],[Not Available],[Not Available],TUMOR FREE,[Not Available],59,[Not Applicable],0,[Not Available],[Not Available],[Not Available],[Not Available],[Not Applicable],[Not Available],[Not Available],[Not Available],[Not Available],C34.3,8140/3,C34.3,YES,[Not Available],[Not Available],[Not Available],[Not Available],[Not Available],55,0:LIVING,45.99,0:DiseaseFree,45.99,matched
TCGA-55-6979-01Z-00-DX1.9238436e-3886-4a10-86fe-26658967dff2,TCGA-55-6979-01,TCGA-55-6979,salgado,0.25,3,3,0,,4171,4171,3,3,51/49,51.29270694962859,48.70729305037142,0.4870729305037142,stroma-low,10.962129579066183,9.879162936626143,5.046203962265423,10.962129579066183,intermediate,903787180.7,56486698.795545876,56.48669879554588,1117824070.1009727,69864004.38131079,2275699.5750379334,142231.22343987084,535751321.4171137,33484457.588569608,508746723.7791404,31796670.236196276,55769475.08992328,3485592.193120205,12647277.665370576,790454.8541,4909272.149424937,306829.50933905854,1,0.5927848201886767,0.5629054434794396,0.061706424,0.013993645777508074,0.00543189,1105176792.4356024,69073549.52722515,216312588.9472767,0.080323882,1,50,1,0,0,23227,23227,0,0,0,5af499be-d2b9-4eaf-9a9f-435dccb51917,TCGA-55-6979,7/26/11 0:00,Lung Adenocarcinoma,NO,YES,Female,Lung,WHITE,[Not Available],[Not Available],Yes,L-Upper,[Not Available],2006,[Not Available],[Not Available],[Not Available],6th,T2,N1,M0,Stage IIB,[Not Applicable],[Not Applicable],[Not Applicable],[Not Applicable],[Not Available],[Not Available],[Not Available],[Not Available],[Not Available],[Not Available],NO,[Not Available],[Not Available],NO,[Not Available],NO,[Not Available],3,No,[Not Available],[Not Available],[Not Available],[Not Available],[Not Available],[Not Available],[Not Available],[Not Available],[Not Available],WITH TUMOR,[Not Available],59,[Not Applicable],0,[Not Available],[Not Available],[Not Available],[Not Available],[Not Applicable],[Not Available],[Not Available],[Not Available],[Not Available],C34.1,8140/3,C34.1,YES,[Not Available],[Not Available],[Not Available],[Not Available],[Not Available],55,1:DECEASED,7.79,1:Recurred/Progressed,6.41,matched
TCGA-55-7724-01Z-00-DX1.31a194ac-62e3-4225-8e32-8c2a83dcdd10,TCGA-55-7724-01,TCGA-55-7724,salgado,0.25,4,4,0,,81,81,4,4,62/38,61.87661946019547,38.123380539804536,0.38123380539804536,stroma-low,102.60068541988987,50.64182542484986,26.23767646115901,102.60068541988987,high,19094092.322704524,1193380.7701690327,1.1933807701690327,14607357.34325782,912959.8339536138,4486734.979446705,280420.9362154191,5829307.293788949,364331.7058618093,3591548.830290158,224471.80189313486,3684953.717067739,230309.6073167337,562844.9699050707,35177.81061906692,938702.5322059051,58668.90826286907,0.7650197294735195,0.3052937628701732,0.18809738476122775,0.19298920602190714,0.02947744,0.049161935,14044512.373352751,877782.0233,0,0,0,50,1,0,0,9508,9508,0,0,0,294cb595-0907-44c7-bbef-985a27c1e6e2,TCGA-55-7724,3/8/12 0:00,Lung Adenocarcinoma,YES,NO,Female,Lung,WHITE,NOT HISPANIC OR LATINO,[Not Available],Yes,L-Upper,[Not Available],2011,[Not Available],[Not Available],R0,7th,T2a,N0,MX,Stage IB,[Not Applicable],[Not Applicable],[Not Applicable],[Not Applicable],YES,33,[Not Available],36,[Not Available],49,[Not Available],[Not Available],[Not Available],[Not Available],[Not Available],[Not Available],[Not Available],4,No,1958,2008,50,[Not Available],[Not Available],[Not Available],[Not Available],[Not Available],[Not Available],TUMOR FREE,[Not Available],76,[Not Applicable],0,[Not Available],[Not Available],[Not Available],[Not Available],[Not Applicable],[Not Available],[Not Available],[Not Available],[Not Available],C34.1,8140/3,C34.1,YES,[Not Available],[Not Available],[Not Available],[Not Available],[Not Available],55,0:LIVING,23.16,0:DiseaseFree,23.16,matched
TCGA-55-7726-01Z-00-DX1.37df197b-d4fb-41c4-ac6a-72dbaa31027b,TCGA-55-7726-01,TCGA-55-7726,salgado,0.25,2,2,0,,691,691,2,2,34/66,33.60687281034671,66.39312718965328,0.6639312718965329,stroma-high,2.4199764666716823,2.3627973273936096,1.5640846735640657,2.4199764666716823,very low,157629443.35328624,9851840.21,9.85184021,217386657.64688063,13586666.10293004,0,0,70369449.66,4398090.604,139020605.93262088,8688787.870788805,3364265.947393802,210266.62171211262,2291784.3157789498,143236.51973618436,2340551.79,146284.48689338687,1,0.4464232580145424,0.8819456757265939,0.021342878,0.014539062417688674,0.014848442908273422,215094873.3311017,13443429.583193855,59757214.293594375,0.34395902855479055,2,50,1,0,0,4606,4606,0,0,0,923b37e4-fcf7-46a0-8cb2-9139711fec7b,TCGA-55-7726,3/8/12 0:00,Lung Adenocarcinoma,YES,NO,Female,Lung,WHITE,NOT HISPANIC OR LATINO,[Not Available],Yes,L-Lower,[Not Available],2011,[Not Available],[Not Available],R0,7th,T1b,N0,MX,Stage IA,[Not Applicable],[Not Applicable],[Not Applicable],[Not Applicable],YES,49,61,55,59,72,[Not Available],[Not Available],[Not Available],[Not Available],[Not Available],[Not Available],[Not Available],3,No,1955,1979,30,[Not Available],[Not Available],[Not Available],[Not Available],[Not Available],[Not Available],TUMOR FREE,[Not Available],72,[Not Applicable],0,[Not Available],[Not Available],[Not Available],[Not Available],[Not Applicable],[Not Available],[Not Available],[Not Available],[Not Available],C34.3,8140/3,C34.3,YES,[Not Available],[Not Available],[Not Available],[Not Available],[Not Available],55,0:LIVING,21.42,0:DiseaseFree,21.42,matched
TCGA-55-7995-01Z-00-DX1.fef24d04-35a0-4f57-8f51-7ad602a78871,TCGA-55-7995-01,TCGA-55-7995,salgado,0.25,1,1,0,,2081,2081,1,1,70/30,70.49434689613182,29.50565310386818,0.2950565310386818,stroma-low,35.80096524,26.362820894331435,9.506754940265004,35.80096524,high,445655187.43714976,27853449.21482186,27.85344921482186,453826168.4,28364135.52,0,0,277748583.1,17359286.442972686,116252631.64360528,7265789.478,41619564.243724935,2601222.7652328084,16036780.660400355,1002298.7912750222,2168608.731410459,135538.0457131537,1,0.6232365086667673,0.2608577997535376,0.09338961,0.035984728,0.004866114,437789387.70630366,27361836.73164398,8170980.929554224,0.018334760056409216,1,50,1,0,0,8532,8532,0,0,0,abd6647b-d2eb-404d-8283-443e92addf55,TCGA-55-7995,5/7/12 0:00,Lung Adenocarcinoma,YES,NO,Female,Lung,WHITE,NOT HISPANIC OR LATINO,[Not Available],No,L-Upper,Peripheral Lung,2012,[Not Available],[Not Available],R0,7th,T1b,N0,M0,Stage IA,[Not Applicable],[Not Applicable],[Not Applicable],[Not Applicable],YES,77,[Not Available],71,[Not Available],51,[Not Available],[Not Available],[Not Available],NO,[Not Available],NO,[Not Available],4,No,[Not Available],2002,60,[Not Available],[Not Available],[Not Available],[Not Available],[Not Available],[Not Available],TUMOR FREE,NO,73,[Not Applicable],0,[Not Available],[Not Available],[Not Available],[Not Available],[Not Applicable],[Not Available],[Not Available],[Not Available],[Not Available],C34.1,8140/3,C34.1,YES,[Not Available],[Not Available],[Not Available],[Not Available],[Not Available],55,0:LIVING,29.2,1:Recurred/Progressed,15.37,matched
TCGA-55-8096-01Z-00-DX1.c833417d-10c1-4430-a241-d6f5496e1cd9,TCGA-55-8096-01,TCGA-55-8096,salgado,0.25,1,1,0,,1742,1742,1,1,45/55,45.101300205819335,54.89869979418067,0.5489869979418067,stroma-high,4.509505748992748,4.314924003012242,2.3994021799774075,4.509505748992748,very low,381084886.14169586,23817805.38385599,23.81780538385599,467849690.6269442,29240605.66418401,0,0,193711020.24961814,12106938.765601134,235791054.78063565,14736940.923789728,10633011.170943404,664563.1981839627,24697172.900902826,1543573.3063064266,3017431.5248442553,188589.47030276596,1,0.5083146230511805,0.618736306,0.027901949,0.064807537,0.007918004,443152517.7260414,27697032.357877586,86764804.48524833,0.22767841927214927,1,50,1,0,0,9268,9268,0,0,0,36470b30-a3b3-4d28-851b-918a7ff88011,TCGA-55-8096,6/17/12 0:00,Lung Adenocarcinoma,YES,NO,Female,Lung,WHITE,NOT HISPANIC OR LATINO,[Not Available],No,L-Upper,Central Lung,2011,[Not Available],[Not Available],[Not Available],7th,T2a,N0,MX,Stage IB,[Not Applicable],[Not Applicable],[Not Applicable],[Not Applicable],YES,55,[Not Available],77,[Not Available],[Not Available],NO,[Not Available],[Not Available],NO,[Not Available],NO,[Not Available],2,No,1959,[Not Available],104,70,2,Preoperative,[Not Available],[Not Available],[Not Available],WITH TUMOR,NO,67,[Not Applicable],0,[Not Available],[Not Available],[Not Available],[Not Available],[Not Applicable],[Not Available],[Not Available],[Not Available],[Not Available],C34.1,8140/3,C34.1,YES,[Not Available],[Not Available],[Not Available],[Not Available],[Not Available],55,1:DECEASED,23.62,1:Recurred/Progressed,18.59,matched
TCGA-55-8204-01Z-00-DX1.30ba69f3-53f1-41cc-826c-20dce3cfe86b,TCGA-55-8204-01,TCGA-55-8204,salgado,0.25,3,3,0,,32,32,3,3,26/74,25.819975650296676,74.18002434970332,0.7418002434970331,stroma-high,10.253364064658752,9.299819694069022,6.843231105659233,10.253364064658752,intermediate,8609727.095085056,538107.9434,0.538107943,8383351.476274399,523959.46726714994,465199.30559396395,29074.956599622747,1886410.6540035936,117900.6658752246,5419601.867282104,338725.1167051315,555691.5103,34730.719394217376,263042.4917081628,16440.155731760176,258604.95297306072,16162.809560816295,0.973706993,0.2191022587789651,0.6294742919756346,0.064542291,0.030551780422671364,0.030036370504784964,8120308.984566236,507519.31153538974,238823.6867833063,0.022267417434813936,1,50,1,0,0,1754,1754,0,0,0,75589307-f141-4d0d-b35d-adbbc77b3dec,TCGA-55-8204,7/8/12 0:00,Lung Adenocarcinoma,YES,NO,Female,Lung,WHITE,NOT HISPANIC OR LATINO,[Not Available],"Yes, History of Prior Malignancy",L-Upper,[Not Available],2011,[Not Available],[Not Available],R0,7th,T2a,N0,MX,Stage IB,[Not Applicable],[Not Applicable],[Not Applicable],[Not Applicable],YES,85,[Not Available],88,[Not Available],101,[Not Available],[Not Available],[Not Available],[Not Available],[Not Available],[Not Available],[Not Available],3,No,[Not Available],[Not Available],[Not Available],[Not Available],[Not Available],[Not Available],[Not Available],[Not Available],[Not Available],TUMOR FREE,NO,87,[Not Applicable],0,[Not Available],[Not Available],[Not Available],[Not Available],[Not Applicable],[Not Available],[Not Available],[Not Available],[Not Available],C34.1,8140/3,C34.1,YES,[Not Available],[Not Available],[Not Available],[Not Available],[Not Available],55,0:LIVING,16.92,0:DiseaseFree,16.92,matched
TCGA-55-8299-01Z-00-DX1.6F652EC5-EBB8-499C-A66D-E0951FBFCAA2,TCGA-55-8299-01,TCGA-55-8299,salgado,0.25,16,16,0,,587,587,16,16,37/63,36.811239496612245,63.188760503387755,0.6318876050338775,stroma-high,15.904689040606057,13.722213632818606,8.963450033492345,15.904689040606057,intermediate,148070669.87651438,9254416.867282148,9.254416867,157953938.23468453,9872121.139667783,15383294.93407595,961455.9333797469,47004422.24882594,2937776.390551621,80685986.69041061,5042874.168150663,12832855.282454599,802053.4551534124,14785233.835105801,924077.1146941126,2645440.1778875813,165340.01111797383,1,0.31744586749034054,0.5449153891023781,0.086667098,0.099852549,0.017866064765518948,143168704.39957875,8948044.024973672,25266563.29224608,0.06508976,4,50,1,0,0,18530,18530,0,0,0,2cd8ea73-cb3f-4b17-9b97-fa12eb03b85b,TCGA-55-8299,10/8/12 0:00,Lung Adenocarcinoma,YES,NO,Female,Lung,WHITE,NOT HISPANIC OR LATINO,[Not Available],No,R-Upper,[Not Available],2012,[Not Available],[Not Available],R0,7th,T1b,N0,MX,Stage IA,[Not Applicable],[Not Applicable],[Not Applicable],[Not Applicable],YES,74,[Not Available],75,[Not Available],[Not Available],[Not Available],[Not Available],[Not Available],[Not Available],[Not Available],[Not Available],[Not Available],4,No,1971,2012,20,[Not Available],[Not Available],[Not Available],NO,[Not Available],Complete Remission/Response,TUMOR FREE,NO,61,[Not Applicable],0,[Not Available],[Not Available],[Not Available],[Not Available],[Not Applicable],[Not Available],[Not Available],[Not Available],[Not Available],C34.1,8140/3,C34.1,YES,[Not Available],[Not Available],[Not Available],[Not Available],NO,55,1:DECEASED,15.41,1:Recurred/Progressed,9,matched
TCGA-55-8510-01Z-00-DX1.BB1EAC72-6215-400B-BCBF-E3D51A60182D,TCGA-55-8510-01,TCGA-55-8510,salgado,0.25,5,5,0,,813,813,5,5,36/64,35.794755841985925,64.20524415801407,0.6420524415801406,stroma-high,15.74581187695722,13.60378541704446,9.156678037753792,15.74581187695722,intermediate,172182392.55460817,10761399.53466301,10.76139953466301,243560637.6714913,15222539.854468206,0,0,78354445.62849529,4897152.851780956,140544786.35505804,8784049.147191128,22129917.66233888,1383119.854,1880002.2806293324,117500.14253933328,651485.7449697678,40717.859060610484,1,0.4550665399985364,0.8162552759887097,0.12852602019292017,0.010918667424330767,0.003783696,241680635.4,15105039.711928874,71378245.11688316,0.386656658,5,50,1,0,0,8914,8914,0,0,0,962fd4e7-9199-43d9-abce-e3dfa46da62c,TCGA-55-8510,1/11/13 0:00,Lung Adenocarcinoma,YES,NO,Female,Lung,WHITE,NOT HISPANIC OR LATINO,[Not Available],No,R-Lower,[Not Available],2012,[Not Available],[Not Available],R0,7th,T2a,N0,MX,Stage IB,[Not Applicable],[Not Applicable],[Not Applicable],[Not Applicable],YES,70,70,98,90,54,[Not Available],[Not Available],[Not Available],[Not Available],[Not Available],[Not Available],[Not Available],2,No,[Not Available],[Not Available],[Not Available],[Not Available],[Not Available],[Not Available],NO,[Not Available],Complete Remission/Response,TUMOR FREE,NO,55,[Not Applicable],0,[Not Available],[Not Available],[Not Available],[Not Available],[Not Applicable],[Not Available],[Not Available],[Not Available],[Not Available],C34.3,8140/3,C34.3,YES,[Not Available],[Not Available],[Not Available],[Not Available],NO,55,0:LIVING,17.71,0:DiseaseFree,17.71,matched
TCGA-55-8511-01Z-00-DX1.8EDFB05B-5B59-46EA-973C-1048B1E284D2,TCGA-55-8511-01,TCGA-55-8511,salgado,0.25,2,2,0,,1595,1595,2,2,58/42,58.23778363,41.76221637,0.41762216365277194,stroma-low,12.37568118287219,11.012775230908623,4.892921264992258,12.37568118287219,intermediate,344791222.88635427,21549451.43039714,21.54945143039714,371647146.25919163,23227946.641199477,764516.0824730282,47782.255154564264,201342448.7,12583903.041972438,144382330.1668885,9023895.635430532,17868296.865856018,1116768.5541160011,6460463.332171571,403778.9582607232,1593607.222716543,99600.45141978393,1,0.5839546812881689,0.4187529164989156,0.051823526,0.018737319581655906,0.004621948,365186682.9270201,22824167.682938755,27620439.455310404,0.040247393,1,50,1,0,0,11193,11193,0,0,0,1f1df7ea-00b9-4432-86de-da773d1451e5,TCGA-55-8511,1/11/13 0:00,Lung Adenocarcinoma,YES,NO,Female,Lung,WHITE,NOT HISPANIC OR LATINO,[Not Available],"Yes, History of Prior Malignancy",R-Upper,[Not Available],2012,[Not Available],[Not Available],R0,7th,T2a,N0,MX,Stage IB,[Not Applicable],[Not Applicable],[Not Applicable],[Not Applicable],YES,53,[Not Available],82,[Not Available],31,[Not Available],[Not Available],[Not Available],[Not Available],[Not Available],[Not Available],[Not Available],2,No,1953,[Not Available],58,70,2,Preoperative,NO,[Not Available],Complete Remission/Response,TUMOR FREE,NO,73,[Not Applicable],0,[Not Available],[Not Available],[Not Available],[Not Available],[Not Applicable],[Not Available],[Not Available],[Not Available],[Not Available],C34.1,8140/3,C34.1,YES,[Not Available],[Not Available],[Not Available],[Not Available],NO,55,0:LIVING,18.13,1:Recurred/Progressed,15.11,matched
TCGA-55-A493-01Z-00-DX1.1CF94B85-7A64-4213-9B04-16504512DE2E,TCGA-55-A493-01,TCGA-55-A493,salgado,0.25,2,2,0,,1939,1939,2,2,79/21,79.23385508306627,20.766144916933737,0.20766144916933738,stroma-low,43.528067857276746,30.327216486019125,8.177960082511218,43.528067857276746,high,406489622.39903265,25405601.39993954,25.405601399939542,432582613.8568559,27036413.366053496,426263.36410489026,26641.46025655564,299185976.58332664,18699123.536457915,78412685.33924362,4900792.833702726,34131526.88317886,2133220.4301986787,15222703.331368918,951418.9582105573,5629721.719737889,351857.6074836181,1,0.7360236525045384,0.19290205953220965,0.083966539,0.037449181,0.013849607491852383,417359910.52548695,26084994.407842934,26519254.821928144,0.033019447,1,50,1,0,0,7423,7423,0,0,0,E43A2B72-35C6-4466-9007-CE96CAF77EA8,TCGA-55-A493,2/21/13 0:00,Lung Adenocarcinoma,YES,NO,Female,Lung,WHITE,NOT HISPANIC OR LATINO,[Not Available],No,R-Upper,[Not Available],2012,[Not Available],[Not Available],R0,7th,T2a,N0,M0,Stage IB,[Not Applicable],[Not Applicable],[Not Applicable],[Not Applicable],NO,2,2,65,71,102,NO,[Not Available],[Not Available],NO,[Not Available],NO,[Not Available],2,No,1977,[Not Available],53,[Not Available],[Not Available],[Not Available],[Not Available],[Not Available],[Not Available],TUMOR FREE,NO,54,[Not Applicable],0,[Not Available],[Not Available],[Not Available],[Not Available],[Not Applicable],[Not Available],[Not Available],[Not Available],[Not Available],C34.1,8140/3,C34.1,YES,[Not Available],[Not Available],[Not Available],[Not Available],[Not Available],55,0:LIVING,0.92,0:DiseaseFree,0.92,matched
TCGA-55-A494-01Z-00-DX1.8C7C4BE0-791A-47CA-B0A8-1935366350E0,TCGA-55-A494-01,TCGA-55-A494,salgado,0.25,2,2,0,,10425,10425,2,2,88/12,87.66461750362913,12.335382496370876,0.12335382496370877,stroma-low,0.6449904479530129,0.6408569816364179,0.077083758,0.6449904479530129,very low,2132299617.8084455,133268726.11302784,133.26872611302784,2108281774.613905,131767610.91336906,24017843.19454038,1501115.1996587738,1696444370.4618835,106027773.15386772,238708509.65152648,14919281.853220405,1539647.0857033415,96227.94285645885,110912780.00223762,6932048.750139851,60676467.41255416,3792279.213284635,0.9887361780708727,0.7955938069366962,0.11194885918371476,0.000722059,0.05201557,0.028455883,1997368994.6116676,124835562.16322923,0,0,0,50,1,0,0,34141,34141,0,0,0,ADBABA9C-5EFC-4130-82F6-8055EAB13795,TCGA-55-A494,2/21/13 0:00,Lung Adenocarcinoma,YES,NO,Female,Lung,WHITE,NOT HISPANIC OR LATINO,[Not Available],No,R-Lower,Peripheral Lung,2012,[Not Available],[Not Available],R0,7th,T2a,N0,MX,Stage IB,[Not Applicable],[Not Applicable],[Not Applicable],[Not Applicable],YES,77,[Not Available],95,[Not Available],76,YES,YES,G12D,YES,[Not Available],YES,FISH,3,No,1967,1980,7,80,1,Preoperative,[Not Available],[Not Available],[Not Available],TUMOR FREE,NO,61,[Not Applicable],0,[Not Available],[Not Available],[Not Available],[Not Available],[Not Applicable],[Not Available],[Not Available],[Not Available],[Not Available],C34.3,8140/3,C34.3,YES,[Not Available],[Not Available],[Not Available],[Not Available],[Not Available],55,0:LIVING,15.8,0:DiseaseFree,15.8,matched
TCGA-62-A46O-01Z-00-DX1.39B361AD-ED1D-4C0C-8611-0E8CCBDBD252,TCGA-62-A46O-01,TCGA-62-A46O,salgado,0.25,1,1,0,,8939,8939,1,1,63/37,63.40408893217504,36.595911067824964,0.36595911067824966,stroma-low,3.256720306860989,3.1540032427744973,1.1719990567423813,3.256720306860989,very low,1852324438.2941449,115770277.39338405,115.77027739338405,2210310035.402148,138144377.21263424,0,0,1316791836.4828446,82299489.78017779,760032952.9900398,47502059.56187749,24752147.51886186,1547009.2199288663,98350356.21422665,6146897.2633891655,10382742.19617505,648921.3872609406,1,0.7108861759096119,0.4103130840782809,0.013362749530884975,0.053095643,0.00560525,2111959679.1879213,131997479.94924508,357985597.1080029,0.19326290238748967,1,50,1,0,0,38721,38721,0,0,0,D7AE8EFB-AA4D-4807-9772-55B0A28CCD5C,TCGA-62-A46O,10/29/12 0:00,Lung Adenocarcinoma,NO,YES,Female,Lung,WHITE,NOT HISPANIC OR LATINO,[Not Available],No,R-Lower,Central Lung,2006,[Not Available],[Not Available],R0,6th,T2,N0,M0,Stage IB,[Not Applicable],[Not Applicable],[Not Applicable],[Not Applicable],YES,106,[Not Available],65,[Not Available],[Not Available],NO,[Not Available],[Not Available],NO,[Not Available],NO,[Not Available],2,No,[Not Available],[Not Available],48,100,[Not Available],Preoperative,NO,[Not Available],Complete Remission/Response,WITH TUMOR,YES,65,[Not Applicable],0,[Not Available],[Not Available],[Not Available],[Not Available],[Not Applicable],[Not Available],[Not Available],[Not Available],[Not Available],C34.3,8140/3,C34.3,YES,[Not Available],[Not Available],[Not Available],[Not Available],NO,62,1:DECEASED,47.77,1:Recurred/Progressed,30.98,matched
TCGA-64-1677-01Z-00-DX1.7720D42B-1F57-4C23-9BC5-87C456E7737B,TCGA-64-1677-01,TCGA-64-1677,salgado,0.25,13,13,0,,2307,2307,13,12,28/72,27.882028925551833,72.11797107444818,0.7211797107444817,stroma-high,1.1680009102635778,1.1545161511094792,0.8298327878969203,1.1680009102635778,very low,558720970.6856441,34920060.66785276,34.92006066785276,638089286.6843994,39880580.41777496,2930288.540701327,183143.03379383293,157665310.71323845,9854081.919577403,407807564.7874027,25487972.799212668,4763196.068840593,297699.75430253707,64094605.07,4005912.8167260876,3758610.0473002596,234913.12795626622,1,0.2821897136235225,0.7298948601964135,0.008525179,0.11471666257481368,0.006727168,573994681.6,35874667.60104887,82298604.53945667,0.1886434524692426,8,50,1,0,0,54140,54140,0,0,0,8a16ddb3-4861-4128-bed9-0b1f94fe8cf7,TCGA-64-1677,2/18/11 0:00,Lung Adenocarcinoma,NO,YES,Female,Lung,WHITE,NOT HISPANIC OR LATINO,[Not Available],Yes,R-Lower,[Not Available],2005,[Not Available],[Not Available],R0,[Not Available],T2,N2,M0,Stage IIIA,[Not Applicable],[Not Applicable],[Not Applicable],[Not Applicable],[Not Available],[Not Available],[Not Available],[Not Available],[Not Available],[Not Available],[Not Available],[Not Available],[Not Available],[Not Available],[Not Available],[Not Available],[Not Available],2,No,1955,[Not Available],50,0,[Not Available],[Not Available],[Not Available],[Not Available],[Not Available],[Not Available],[Not Available],77,[Not Applicable],0,[Not Available],[Not Available],[Not Available],[Not Available],[Not Applicable],[Not Available],[Not Available],[Not Available],[Not Available],C34.1,8140/3,C34.1,YES,[Not Available],[Not Available],[Not Available],[Not Available],[Not Available],64,1:DECEASED,20.63,1:Recurred/Progressed,11.83,matched
TCGA-64-1678-01Z-00-DX1.92C851BD-37AC-4C4C-9920-DF394411CC2C,TCGA-64-1678-01,TCGA-64-1678,salgado,0.25,17,17,0,,790,790,17,17,27/73,26.54240770916504,73.45759229083495,0.7345759229083495,stroma-high,0.37397577635167706,0.3725824083973234,0.27304988501061095,0.37397577635167706,very low,195252337.9551087,12203271.122194294,12.203271122194295,215604632.6637503,13475289.541484393,4932810.269775795,308300.6418609872,52831337.55428113,3301958.5971425707,146213670.46900597,9138354.404312873,546803.7092687478,34175.23182929674,15346826.568172364,959176.6605107727,665994.3630220913,41624.64768888071,1,0.2705797948828034,0.7488446591744401,0.002800498,0.078599963,0.003410942,200257806.09557796,12516112.880973622,25285104.978417374,0.077168989,6,50,1,0,0,9323,9323,0,0,0,f77cf4d3-9829-4fd3-95a1-b29aed9e94b8,TCGA-64-1678,11/15/10 0:00,Lung Adenocarcinoma,NO,YES,Female,Lung,WHITE,NOT HISPANIC OR LATINO,[Not Available],No,R-Middle,[Not Available],2006,[Not Available],[Not Available],R0,6th,T2b,N0,M0,[Discrepancy],[Not Applicable],[Not Applicable],[Not Applicable],[Not Applicable],[Not Available],[Not Available],[Not Available],[Not Available],[Not Available],[Not Available],[Not Available],[Not Available],[Not Available],[Not Available],[Not Available],[Not Available],[Not Available],3,No,1970,1990,20,[Not Available],[Not Available],[Not Available],[Not Available],[Not Available],[Not Available],TUMOR FREE,[Not Available],70,[Not Applicable],0,[Not Available],[Not Available],[Not Available],[Not Available],[Not Applicable],[Not Available],[Not Available],[Not Available],[Not Available],C34.1,8140/3,C34.1,YES,[Not Available],[Not Available],[Not Available],[Not Available],[Not Available],64,0:LIVING,39.06,0:DiseaseFree,39.06,matched
TCGA-64-1679-01Z-00-DX1.f9fd24ef-d51c-4530-9fb5-e8a8f09dba73,TCGA-64-1679-01,TCGA-64-1679,salgado,0.25,12,12,0,,1520,1520,12,12,22/78,22.255399707232865,77.74460029276715,0.7774460029276714,stroma-high,4.867420238,4.6414989773646065,3.5897106909450716,4.867420238,very low,368687935.5393826,23042995.97121141,23.04299597121141,432816425.0009497,27051026.562559355,1776984.8806012606,111061.55503757879,84964623.40346517,5310288.962716573,296806203.0978095,18550387.693613093,14446805.197021136,902925.3248,30366020.47496009,1897876.2796850055,6232772.827693804,389548.30173086276,1,0.23045132539843957,0.8050336734333017,0.039184372,0.082362393,0.016905280121453908,402450404.5259896,25153150.28287435,65905474.34216836,0.19879492867306348,10,50,1,0,0,33779,33779,0,0,0,81a0b2ff-a3d3-41bb-9ce6-765e6ae894af,TCGA-64-1679,12/21/11 0:00,Lung Adenocarcinoma,NO,YES,Female,Lung,WHITE,NOT HISPANIC OR LATINO,[Not Available],No,R-Upper,[Not Available],2007,[Not Available],[Not Available],R0,6th,T1,N2,M0,Stage IIIA,[Not Applicable],[Not Applicable],[Not Applicable],[Not Applicable],YES,[Not Available],[Not Available],[Not Available],[Not Available],[Not Available],NO,[Not Available],[Not Available],[Not Available],[Not Available],[Not Available],[Not Available],2,No,[Not Available],[Not Available],40,[Not Available],0,Post-Adjuvant Therapy,[Not Available],[Not Available],[Not Available],TUMOR FREE,[Not Available],58,[Not Applicable],0,[Not Available],[Not Available],[Not Available],[Not Available],[Not Applicable],[Not Available],[Not Available],[Not Available],[Not Available],C34.1,8140/3,C34.1,YES,[Not Available],[Not Available],[Not Available],[Not Available],[Not Available],64,0:LIVING,81.73,0:DiseaseFree,81.73,matched
TCGA-67-3771-01Z-00-DX1.7B54D132-6AB7-4F2D-8BFF-33AFE83CF204,TCGA-67-3771-01,TCGA-67-3771,salgado,0.25,4,4,0,,4655,4655,4,4,49/51,48.66403746003115,51.33596253996885,0.5133596253996885,stroma-high,3.5224015242385094,3.4025500494342595,1.7653481196530814,3.5224015242385094,very low,1003370328.7997426,62710645.54998391,62.71064554998391,1281214467.3934822,80075904.21209264,497385.2878919593,31086.580493247457,580186175.2573849,36261635.953586556,612041608.4194311,38252600.52621444,21558562.94393993,1347410.1839962457,60007006.72694111,3750437.9204338193,7421114.045785364,463819.62786158524,1,0.5782373253466828,0.6099857558590267,0.021486148,0.059805443,0.007396186,1221207460.6665413,76325466.29165883,278341523.8816316,0.1911128800743721,3,50,1,0,0,19462,19462,0,0,0,0df573ee-28f0-4244-b434-09e6ca59fbf0,TCGA-67-3771,1/21/11 0:00,Lung Adenocarcinoma,YES,NO,Female,Lung,BLACK OR AFRICAN AMERICAN,NOT HISPANIC OR LATINO,[Not Available],No,L-Upper,Central Lung,2009,[Not Available],[Not Available],R0,6th,T1,N0,M0,Stage IA,[Not Applicable],[Not Applicable],[Not Applicable],[Not Applicable],[Not Available],[Not Available],[Not Available],[Not Available],[Not Available],[Not Available],NO,[Not Available],[Not Available],NO,[Not Available],NO,[Not Available],4,No,[Not Available],[Not Available],[Not Available],[Not Available],[Not Available],[Not Available],[Not Available],[Not Available],[Not Available],TUMOR FREE,[Not Available],77,[Not Applicable],0,[Not Available],[Not Available],[Not Available],[Not Available],[Not Applicable],[Not Available],[Not Available],[Not Available],[Not Available],C34.1,8140/3,C34.1,YES,[Not Available],[Not Available],[Not Available],[Not Available],[Not Available],67,0:LIVING,20.04,0:DiseaseFree,20.04,matched
TCGA-69-7974-01Z-00-DX1.e4282067-fc3d-4fee-bae7-fe99000979d4,TCGA-69-7974-01,TCGA-69-7974,salgado,0.25,1,1,0,,6359,6359,1,1,52/48,51.629296800235934,48.370703199764066,0.48370703199764065,stroma-low,5.671268193591534,5.3668970672346585,2.654819328248455,5.671268193591534,low,1330358263.2308939,83147391.45193087,83.14739145193087,1673355303.3691807,104584706.46057379,0,0,828685399.8393785,51792837.489961155,776382751.7678918,48523921.985493235,44030748.06154316,2751921.7538464474,14833851.719478246,927115.7324673904,9422551.980889034,588909.4988055646,1,0.6229039370393671,0.5835892279741075,0.03309691,0.011150268412249278,0.007082718,1658521451.6497025,103657590.72810641,342997040.1382868,0.2578230613649046,1,50,1,0,0,16234,16234,0,0,0,3e1df30f-744a-41e9-a169-7dbbff66622e,TCGA-69-7974,4/9/12 0:00,Lung Adenocarcinoma,NO,YES,Female,Lung,WHITE,NOT HISPANIC OR LATINO,[Not Available],No,L-Upper,Peripheral Lung,2011,[Not Available],[Not Available],[Not Available],7th,T2a,N2,MX,Stage IIIA,[Not Applicable],[Not Applicable],[Not Applicable],[Not Applicable],YES,47,[Not Available],58,[Not Available],[Not Available],[Not Available],[Not Available],[Not Available],YES,Other,[Not Available],[Not Available],4,No,1981,2011,30,80,[Not Available],Post-Adjuvant Therapy,[Not Available],[Not Available],[Not Available],WITH TUMOR,[Not Available],54,[Not Applicable],0,[Not Available],[Not Available],[Not Available],[Not Available],[Not Applicable],[Not Available],[Not Available],[Not Available],[Not Available],C34.1,8255/3,C34.1,YES,[Not Available],[Not Available],[Not Available],[Not Available],[Not Available],69,0:LIVING,6.04,0:DiseaseFree,6.04,matched
TCGA-69-A59K-01Z-00-DX1.01EAF520-9AC1-4ECC-8EF3-B9122924A1E3,TCGA-69-A59K-01,TCGA-69-A59K,salgado,0.25,1,1,0,,9820,9820,1,1,78/22,77.68588144207962,22.314118557920384,0.22314118557920384,stroma-low,16.31137916134238,14.023889389804156,3.469356875802164,16.31137916134238,intermediate,2103054322.381942,131440895.14887138,131.4408951488714,2208107868.6360025,138006741.78975016,0,0,1591460701.2561042,99466293.82850651,457123509.56044173,28570219.34752761,74563148.88003883,4660196.805002427,58915624.96407451,3682226.5602546567,26044883.97534305,1627805.2484589405,1,0.7567378000267718,0.21736172227957418,0.035454695,0.028014314388867537,0.012384313471201416,2149192243.671928,134324515.2294955,105053546.2540605,0.049952844839060484,1,50,1,0,0,48537,48537,0,0,0,67FA3E41-C7C6-44C5-9E67-6BCB2715AACC,TCGA-69-A59K,2/18/13 0:00,Lung Adenocarcinoma,YES,NO,Female,Lung,BLACK OR AFRICAN AMERICAN,NOT HISPANIC OR LATINO,[Not Available],No,R-Upper,[Not Available],2012,[Not Available],[Not Available],[Not Available],7th,T3,N0,M0,Stage IIB,[Not Applicable],[Not Applicable],[Not Applicable],[Not Applicable],YES,118,120,[Not Available],[Not Available],75,[Not Available],[Not Available],[Not Available],YES,[Not Available],NO,[Not Available],4,No,1999,2012,25,[Not Available],2,Pre-Adjuvant Therapy,NO,[Not Available],Stable Disease,TUMOR FREE,NO,60,[Not Applicable],0,[Not Available],[Not Available],[Not Available],[Not Available],[Not Applicable],[Not Available],[Not Available],[Not Available],[Not Available],C34.1,8255/3,C34.1,YES,[Not Available],[Not Available],[Not Available],[Not Available],YES,69,0:LIVING,19.42,0:DiseaseFree,19.42,matched
TCGA-73-4666-01Z-00-DX1.dd9c8922-ddd1-4674-8124-9e334532e47e,TCGA-73-4666-01,TCGA-73-4666,salgado,0.25,1,1,0,,3630,3630,1,1,70/30,70.35156266144217,29.648437338557827,0.29648437338557826,stroma-low,20.41601713099879,16.954569348352145,5.675622172589245,20.41601713099879,intermediate,759518591.3279095,47469911.95799434,47.46991195799434,826083222.7484646,51630201.42177904,0,0,523062555.2456299,32691409.70285187,220435578.21133536,13777223.63820846,45004165.41044246,2812760.3381526535,33145214.51,2071575.9069051438,4435709.370574568,277231.8356609105,1,0.688676434,0.290230655,0.05925354,0.043639767201132815,0.005840159,792938008.2379823,49558625.51487389,66564631.420555115,0.087640556,1,50,1,0,0,80834,80834,0,0,0,4c31127e-d095-4978-9dac-35153c27f6ed,TCGA-73-4666,1/6/11 0:00,Lung Adenocarcinoma,NO,YES,Female,Lung,WHITE,NOT HISPANIC OR LATINO,[Not Available],No,R-Upper,Central Lung,2009,[Not Available],[Not Available],R0,[Not Available],T1,N0,M1,Stage IV,[Not Applicable],[Not Applicable],[Not Applicable],[Not Applicable],[Not Available],[Not Available],[Not Available],[Not Available],[Not Available],[Not Available],NO,[Not Available],[Not Available],NO,[Not Available],NO,[Not Available],4,No,1982,2002,10,100,0,Preoperative,[Not Available],[Not Available],[Not Available],TUMOR FREE,[Not Available],52,[Not Applicable],0,[Not Available],[Not Available],[Not Available],[Not Available],[Not Applicable],[Not Available],[Not Available],[Not Available],[Not Available],C34.1,8140/3,C34.1,YES,[Not Available],[Not Available],[Not Available],[Not Available],[Not Available],73,0:LIVING,26.28,0:DiseaseFree,26.28,matched
TCGA-73-4668-01Z-00-DX1.3470b27e-210f-4ff3-9dde-69aa85faa9ee,TCGA-73-4668-01,TCGA-73-4668,salgado,0.25,9,9,0,,4407,4407,9,9,38/62,37.93625675736499,62.06374324263501,0.6206374324263502,stroma-high,4.194838910056687,4.025956519475753,2.498936732104673,4.194838910056687,very low,966632307.9553307,60414519.24720817,60.41451924720817,1133456567.8891425,70841035.49,911460.0988139426,56966.256175871415,401862479.2951726,25116404.955948286,657447304.1276597,41090456.50797873,27578855.326665785,1723678.4579166116,29832975.808917206,1864560.9880573254,16734953.330727182,1045934.5831704489,1,0.41573458282727205,0.6801420754478249,0.028530864424552462,0.030862796,0.017312636,1103623592.0802252,68976474.50501408,167735720.03262568,0.14043186426577242,7,50,1,0,0,104612,104612,0,0,0,b2285924-9813-4f46-bb8f-91a0efd8a9b6,TCGA-73-4668,1/6/11 0:00,Lung Adenocarcinoma,NO,YES,Female,Lung,AMERICAN INDIAN OR ALASKA NATIVE,NOT HISPANIC OR LATINO,[Not Available],No,L-Upper,Peripheral Lung,2009,[Not Available],[Not Available],R0,[Not Available],T2,N1,M0,Stage IIB,[Not Applicable],[Not Applicable],[Not Applicable],[Not Applicable],[Not Available],[Not Available],[Not Available],[Not Available],[Not Available],[Not Available],NO,[Not Available],[Not Available],NO,[Not Available],NO,[Not Available],4,No,1968,2005,55,100,0,Preoperative,[Not Available],[Not Available],[Not Available],WITH TUMOR,[Not Available],66,[Not Applicable],0,[Not Available],[Not Available],[Not Available],[Not Available],[Not Applicable],[Not Available],[Not Available],[Not Available],[Not Available],C34.1,8507/3,C34.1,YES,[Not Available],[Not Available],[Not Available],[Not Available],[Not Available],73,0:LIVING,15.34,1:Recurred/Progressed,9.26,matched
TCGA-73-4670-01Z-00-DX1.a92a23d5-01aa-45a2-9f83-4784cd65fd58,TCGA-73-4670-01,TCGA-73-4670,salgado,0.25,12,12,0,,873,873,12,12,62/38,62.30325422557551,37.69674577442449,0.3769674577442449,stroma-low,61.12729216138943,37.93726769774216,18.47801876062393,61.12729216138943,high,193768147.74490848,12110509.23405678,12.11050923405678,207415837.3,12963489.83,5331196.346302573,333199.7716439108,101090424.07522216,6318151.504701385,61165023.62452978,3822813.976533111,37388522.69154918,2336782.668221824,5075298.617167251,317206.1635729532,2696568.255747635,168535.51598422718,1,0.5217081612830685,0.31566087789130437,0.19295494706782435,0.026192636,0.013916468,202340538.64704877,12646283.665440548,18978885.865610115,0.21493592633804467,5,50,1,0,0,117047,117047,0,0,0,1b354837-4925-4480-ac32-6b44d0957314,TCGA-73-4670,1/6/11 0:00,Lung Adenocarcinoma,NO,YES,Female,Lung,WHITE,NOT HISPANIC OR LATINO,[Not Available],No,L-Upper,Peripheral Lung,2010,[Not Available],[Not Available],R0,[Not Available],T2,N0,M1,Stage IV,[Not Applicable],[Not Applicable],[Not Applicable],[Not Applicable],[Not Available],[Not Available],[Not Available],[Not Available],[Not Available],[Not Available],NO,[Not Available],[Not Available],NO,[Not Available],NO,[Not Available],4,[Discrepancy],1979,2009,30,[Not Available],[Not Available],[Not Available],[Not Available],[Not Available],[Not Available],WITH TUMOR,[Not Available],69,[Not Applicable],0,[Not Available],[Not Available],[Not Available],[Not Available],[Not Applicable],[Not Available],[Not Available],[Not Available],[Not Available],C34.1,8140/3,C34.1,YES,[Not Available],[Not Available],[Not Available],[Not Available],[Not Available],73,0:LIVING,4.3,0:DiseaseFree,4.3,matched
TCGA-73-7499-01Z-00-DX1.81f5c1c1-3d40-4773-a1fb-e1f8eb9f6730,TCGA-73-7499-01,TCGA-73-7499,salgado,0.25,21,21,0,,2520,2520,21,21,39/61,38.81745005701197,61.18254994298803,0.6118254994298803,stroma-high,3.4319460924029386,3.3180716616672212,2.0440553480247035,3.4319460924029386,very low,560585582.0315391,35036598.87697119,35.03659887697119,647578167.6,40473635.473525815,11586189.416955575,724136.8385597235,239397276.09809726,14962329.756131079,377328644.1941674,23583040.26213546,12949715.659938714,809357.2287461696,14047589.62739505,877974.3517121907,3854941.996814563,240933.87480091018,1,0.42704857879243235,0.6730973044771218,0.023100336639072086,0.025058777959445843,0.006876634,633530577.9,39595661.121813625,98578774.96182954,0.12767565330401473,12,50,1,0,0,38926,38926,0,0,0,7782ceaa-da49-4232-8b3f-534971adaad8,TCGA-73-7499,5/31/12 0:00,Lung Adenocarcinoma,NO,YES,Female,Lung,WHITE,NOT HISPANIC OR LATINO,[Not Available],No,R-Upper,Peripheral Lung,2010,[Not Available],[Not Available],R0,7th,T2a,N0,M0,Stage IB,[Not Applicable],[Not Applicable],[Not Applicable],[Not Applicable],YES,91.5,[Not Available],103.7,[Not Available],54,NO,[Not Available],[Not Available],NO,[Not Available],NO,[Not Available],1,No,[Not Available],[Not Available],[Not Available],90,0,Other,NO,[Not Available],Complete Remission/Response,TUMOR FREE,NO,81,[Not Applicable],0,[Not Available],[Not Available],[Not Available],[Not Available],[Not Applicable],[Not Available],[Not Available],[Not Available],[Not Available],C34.1,8255/3,C34.1,YES,[Not Available],[Not Available],[Not Available],[Not Available],NO,73,1:DECEASED,50.3,1:Recurred/Progressed,47.54,matched
TCGA-75-6214-01Z-00-DX1.00424C13-65B8-4872-81EB-EE207AB3F78C,TCGA-75-6214-01,TCGA-75-6214,salgado,0.25,1,1,0,,6044,6044,1,1,82/18,81.73389766787129,18.26610233212871,0.1826610233212871,stroma-low,19.941999896669532,16.626369340055724,3.500832752526855,19.941999896669532,intermediate,346561357.86999965,21660084.866874978,21.66008486687498,377503165.6021202,23593947.850132514,0,0,287787883.65815294,17986742.72863456,64315578.76032811,4019723.6725205067,12825812.649927042,801613.2906204402,11138544.479630385,696159.03,1435346.0540817287,89709.12838010804,1,0.8304096146983199,0.18558208322941142,0.037008778845846385,0.03214018,0.004141679,366364621.1224898,22897788.820155613,30941807.732120574,0.089282336,1,50,1,0,0,9054,9054,0,0,0,32592562-11fa-435a-b40b-2b242bae53aa,TCGA-75-6214,8/12/11 0:00,Lung Adenocarcinoma,NO,YES,Female,Lung,[Not Available],[Not Available],[Not Available],No,R-Upper,Peripheral Lung,[Not Available],[Not Available],[Not Available],R0,6th,T2,N2,M0,Stage IIIA,[Not Applicable],[Not Applicable],[Not Applicable],[Not Applicable],[Not Available],[Not Available],[Not Available],[Not Available],[Not Available],[Not Available],[Not Available],[Not Available],[Not Available],[Not Available],[Not Available],[Not Available],[Not Available],2,No,1970,[Not Available],40,[Not Available],1,Preoperative,[Not Available],[Not Available],[Not Available],WITH TUMOR,[Not Available],,[Not Applicable],[Not Available],[Not Available],[Not Available],[Not Available],[Not Available],[Not Applicable],[Not Available],[Not Available],[Not Available],[Not Available],C34.1,8140/3,C34.1,YES,[Not Available],[Not Available],[Not Available],[Not Available],[Not Available],75,1:DECEASED,36.63,1:Recurred/Progressed,13.76,matched
TCGA-78-7220-01Z-00-DX1.3df84ce0-4395-4c9e-ba62-76b55676a440,TCGA-78-7220-01,TCGA-78-7220,salgado,0.25,2,2,0,,12212,12212,2,2,67/33,66.74998482653592,33.25001517346408,0.3325001517346408,stroma-low,4.268871378058602,4.094099534827136,1.389611446,4.268871378058602,very low,2507993959.0767827,156749622.44229892,156.74962244229891,3049085150.2729855,190567821.8920616,229458.39932472538,14341.149957795336,1948479534.899504,121779970.9,970591592.9262832,60661974.56,41433306.708273165,2589581.669267073,67438243.67,4214890.229,21142472.07240357,1321404.504525223,1,0.7769075869771068,0.38699917494361413,0.016520497012490882,0.026889316627918144,0.008430033,2981646906.6064634,186352931.66290396,541320649.5955276,0.10820777095437673,1,50,1,0,0,51164,51164,0,0,0,fd5c44ef-ea50-4fba-9e8d-e371cf34ebdb,TCGA-78-7220,12/8/11 0:00,Lung Adenocarcinoma,NO,YES,Female,Lung,WHITE,[Not Available],[Not Available],No,L-Upper,Peripheral Lung,2000,[Not Available],[Not Available],R0,6th,T2,N2,M0,Stage IIIA,[Not Applicable],[Not Applicable],[Not Applicable],[Not Applicable],[Not Available],[Not Available],[Not Available],[Not Available],[Not Available],[Not Available],NO,[Not Available],[Not Available],NO,[Not Available],NO,[Not Available],2,No,1965,[Not Available],35,[Not Available],0,Preoperative,[Not Available],[Not Available],[Not Available],WITH TUMOR,[Not Available],53,[Not Applicable],0,[Not Available],[Not Available],[Not Available],[Not Available],[Not Applicable],[Not Available],[Not Available],[Not Available],[Not Available],C34.1,8255/3,C34.1,YES,[Not Available],[Not Available],[Not Available],[Not Available],[Not Available],78,1:DECEASED,26.51,1:Recurred/Progressed,17.44,matched
TCGA-83-5908-01Z-00-DX1.381c8f82-61a0-4e9d-982d-1ad0af7bead9,TCGA-83-5908-01,TCGA-83-5908,salgado,0.25,4,4,0,,4119,4119,4,4,42/58,42.14481231177293,57.85518768822707,0.5785518768822707,stroma-high,25.10611630308003,20.06785683,12.593659978772806,25.10611630308003,intermediate,897341572.0199802,56083848.25124876,56.08384825124876,1173354926.9625607,73334682.93516004,75898.33551,4743.645969188219,426366054.7652602,26647878.422828764,585303072.2,36581442.01095763,146946870.0258368,9184179.377,6522804.501556257,407675.28134726605,8216125.494585193,513507.84341157455,1,0.47514354406369436,0.652263408,0.16375800989031286,0.007269032,0.009156074,1166832122.4610043,72927007.65381277,276089253.2780877,0.20674876389936253,2,50,1,0,0,39803,39803,0,0,0,25d4ea9e-f773-4f11-bac9-64efdad73211,TCGA-83-5908,5/25/11 0:00,Lung Adenocarcinoma,YES,NO,Female,Lung,WHITE,NOT HISPANIC OR LATINO,[Not Available],No,L-Upper,[Not Available],2009,[Not Available],[Not Available],R0,6th,T1,N0,M0,Stage IA,[Not Applicable],[Not Applicable],[Not Applicable],[Not Applicable],[Not Available],[Not Available],[Not Available],[Not Available],[Not Available],[Not Available],NO,[Not Available],[Not Available],NO,[Not Available],NO,[Not Available],4,No,1962,2007,69,90,1,Preoperative,[Not Available],[Not Available],[Not Available],TUMOR FREE,[Not Available],59,[Not Applicable],0,[Not Available],[Not Available],[Not Available],[Not Available],[Not Applicable],[Not Available],[Not Available],[Not Available],[Not Available],C34.1,8140/3,C34.1,YES,[Not Available],[Not Available],[Not Available],[Not Available],[Not Available],83,0:LIVING,27.07,0:DiseaseFree,27.07,matched
TCGA-86-6851-01Z-00-DX1.0b13e600-fd7b-44a2-9ec2-26e9938fb7bc,TCGA-86-6851-01,TCGA-86-6851,salgado,0.25,11,11,0,,427,427,11,11,54/46,53.76731739192757,46.232682608072416,0.4623268260807242,stroma-low,21.62153132038673,17.777716729638342,8.721818015628513,21.62153132038673,intermediate,99939835.88474151,6246239.742796345,6.2462397427963445,99964156.26616111,6247759.767,771342.5855,48208.91159291688,45990898.11900736,2874431.132,39546004.87312938,2471625.3045705864,8550451.829605332,534403.2393503332,1928955.1844154643,120559.69902596652,3947846.260003587,246740.3912502242,1,0.46018584793402784,0.39569811700248286,0.085555992,0.019301164218841496,0.039502229,98035201.08174565,6127200.067609103,795662.9669062856,0.024639623,5,50,1,0,0,14004,14004,0,0,0,035c0b2b-c722-443b-8962-db4ee92c7532,TCGA-86-6851,10/7/11 0:00,Lung Adenocarcinoma,YES,NO,Female,Lung,WHITE,NOT HISPANIC OR LATINO,[Not Available],No,L-Upper,[Not Available],2011,[Not Available],[Not Available],[Not Available],7th,T1b,N1,M0,Stage IIA,[Not Applicable],[Not Applicable],[Not Applicable],[Not Applicable],NO,[Not Available],[Not Available],[Not Available],[Not Available],[Not Available],[Not Available],[Not Available],[Not Available],[Not Available],[Not Available],[Not Available],[Not Available],2,No,1959,[Not Available],52,[Not Available],[Not Available],[Not Available],[Not Available],[Not Available],[Not Available],TUMOR FREE,[Not Available],73,[Not Applicable],0,[Not Available],[Not Available],[Not Available],[Not Available],[Not Applicable],[Not Available],[Not Available],[Not Available],[Not Available],C34.1,8255/3,C34.1,YES,[Not Available],[Not Available],[Not Available],[Not Available],[Not Available],86,0:LIVING,5.88,0:DiseaseFree,5.88,matched
TCGA-86-8056-01Z-00-DX1.eee7e03a-842c-4a44-bff8-f7b906725605,TCGA-86-8056-01,TCGA-86-8056,salgado,0.25,13,13,0,,561,561,13,13,63/37,63.23215503,36.76784496566329,0.36767844965663293,stroma-low,20.007541568706007,16.671903538038404,5.520460821,20.007541568706007,intermediate,132628675.63649094,8289292.227280684,8.289292227280685,120681110.1102884,7542569.381893025,12793143.023117581,799571.4389448488,54788082.11,3424255.1320210625,31857837.32941799,1991114.8330886243,6373970.046574043,398373.1279108777,5220277.161322628,326267.32258266426,22440943.460636713,1402558.9662897945,0.9099171768935667,0.4130937887256021,0.24020323792370543,0.048058763,0.039360094,0.1692012934076407,115460832.94896576,7216302.059,845577.4969150256,0.018289302,4,50,1,0,0,21062,21062,0,0,0,472337c2-a2fc-403a-8c17-69511193128b,TCGA-86-8056,5/9/12 0:00,Lung Adenocarcinoma,YES,NO,Female,Lung,WHITE,NOT HISPANIC OR LATINO,[Not Available],No,Other (please specify),Peripheral Lung,2011,[Not Available],[Not Available],R0,7th,T4,N0,M0,Stage IIIA,[Not Applicable],[Not Applicable],[Not Applicable],[Not Applicable],NO,[Not Available],[Not Available],[Not Available],[Not Available],[Not Available],NO,[Not Available],[Not Available],NO,[Not Available],NO,[Not Available],3,No,1963,1975,36,100,0,Preoperative,[Not Available],[Not Available],Complete Remission/Response,TUMOR FREE,NO,63,"Right upper, lower",0,[Not Available],[Not Available],[Not Available],[Not Available],[Not Applicable],[Not Available],[Not Available],[Not Available],[Not Available],C34.1,8255/3,C34.1,YES,[Not Available],[Not Available],[Not Available],[Not Available],[Not Available],86,0:LIVING,4.57,0:DiseaseFree,4.57,matched
TCGA-95-7039-01Z-00-DX1.C191A46D-A667-4BF6-8E6B-3E5CBF9DF43F,TCGA-95-7039-01,TCGA-95-7039,salgado,0.25,15,15,0,,2939,2939,15,15,29/71,29.120143733983774,70.87985626601623,0.7087985626601623,stroma-high,6.075117693101499,5.727184494556154,4.090648046647212,6.075117693101499,low,769724015.5,48107750.96656175,48.10775096656175,1129926750.3211408,70620421.9,850397.6029098991,53149.85018186869,306982330.61401534,19186395.66337596,747210029.8988245,46700626.86867653,45393888.73101249,2837118.045688281,20227548.30305607,1264221.7689410043,10112952.774232632,632059.5483895395,1,0.39882129756412527,0.9707505740839294,0.05897424,0.026278962195088414,0.013138413991310154,1109699202.018085,69356200.12613031,361053132.45906305,0.3107516712716845,13,50,1,0,0,78419,78419,0,0,0,ae702159-5b6a-41dd-868c-7540f9e1131c,TCGA-95-7039,2011-8-00,Lung Adenocarcinoma,YES,NO,Female,Lung,WHITE,NOT HISPANIC OR LATINO,[Not Available],No,R-Upper,[Not Available],2011,[Not Available],[Not Available],[Not Available],7th,T3,N0,MX,Stage IIB,[Not Applicable],[Not Applicable],[Not Applicable],[Not Applicable],[Not Available],[Not Available],[Not Available],[Not Available],[Not Available],[Not Available],[Not Available],[Not Available],[Not Available],[Not Available],[Not Available],[Not Available],[Not Available],2,No,[Not Available],[Not Available],34,[Not Available],1,Preoperative,[Not Available],[Not Available],[Not Available],TUMOR FREE,[Not Available],54,[Not Applicable],0,[Not Available],[Not Available],[Not Available],[Not Available],[Not Applicable],[Not Available],[Not Available],[Not Available],[Not Available],C34.1,8140/3,C34.1,YES,[Not Available],[Not Available],[Not Available],[Not Available],[Not Available],95,0:LIVING,41.79,1:Recurred/Progressed,41.33,matched
TCGA-95-7948-01Z-00-DX1.FF1AEF38-19E5-4475-87C8-B318204FEF1D,TCGA-95-7948-01,TCGA-95-7948,salgado,0.25,2,2,0,,5719,5719,2,2,52/48,52.151517113139754,47.848482886860246,0.4784848288686025,stroma-low,4.748659166470091,4.533384202010035,2.2022818582812724,4.748659166470091,very low,1418052425.070488,88628276.57,88.62827657,1685332753.1991096,105333297.07494435,1161679.0232180152,72604.93895112595,844216962.0161612,52763560.126010075,774560417.3353933,48410026.08346208,36781234.25764615,2298827.1411028844,15190753.92,949422.12,14583385.669281583,911461.6043,1,0.5953355088223887,0.5462142327332445,0.025937852231251494,0.010712406432979446,0.010284095,1670141999.278482,104383874.95490512,268442007.1518395,0.094818594,1,50,1,0,0,61650,61650,0,0,0,a52e99d6-a61a-439d-b0b1-ca7a0eabcb04,TCGA-95-7948,3/22/12 0:00,Lung Adenocarcinoma,YES,NO,Female,Lung,WHITE,NOT HISPANIC OR LATINO,[Not Available],Yes,R-Lower,[Not Available],2011,[Not Available],[Not Available],R0,7th,T2a,N0,M0,Stage IB,[Not Applicable],[Not Applicable],[Not Applicable],[Not Applicable],YES,72,79,[Not Available],[Not Available],87,[Not Available],[Not Available],[Not Available],[Not Available],[Not Available],[Not Available],[Not Available],3,No,1993,1995,0.15,[Not Available],[Not Available],[Not Available],[Not Available],[Not Available],[Not Available],TUMOR FREE,[Not Available],42,[Not Applicable],0,[Not Available],[Not Available],[Not Available],[Not Available],[Not Applicable],[Not Available],[Not Available],[Not Available],[Not Available],C34.3,8255/3,C34.3,YES,[Not Available],[Not Available],[Not Available],[Not Available],[Not Available],95,0:LIVING,15.64,0:DiseaseFree,15.64,matched
TCGA-97-7938-01Z-00-DX1.d774d0a2-ee34-43ba-9d9d-34bf9718292e,TCGA-97-7938-01,TCGA-97-7938,salgado,0.25,4,4,0,,2148,2148,4,4,29/71,29.491778904784333,70.50822109521567,0.7050822109521567,stroma-high,2.4528857870771135,2.3941597820629745,1.6454028869290136,2.4528857870771135,very low,497600835.3019046,31100052.20636904,31.10005220636904,426203655.8,26637728.48596519,74211980.49,4638248.780606562,118429865.36453249,7401866.585,283139215.11341757,17696200.944588598,6945081.565158714,434067.5978224196,4113624.1892555496,257101.51182847185,13575869.54,848491.8464424188,0.8565171630326073,0.23800174148156053,0.5690087215019066,0.013957134056949464,0.008266916,0.02728265,422090031.5861875,26380626.974136718,2814800.9632434584,0.12263401063011825,2,50,1,0,0,76474,76474,0,0,0,e6e75590-9520-4b1c-8a28-4a1d2b2218fc,TCGA-97-7938,2/13/12 0:00,Lung Adenocarcinoma,YES,NO,Female,Lung,WHITE,NOT HISPANIC OR LATINO,[Not Available],No,R-Upper,[Not Available],2011,[Not Available],[Not Available],R0,7th,T1a,N0,MX,Stage IA,[Not Applicable],[Not Applicable],[Not Applicable],[Not Applicable],YES,50,54,58,59,53,YES,YES,G12C,YES,[Not Available],NO,[Not Available],3,No,[Not Available],1996,40,[Not Available],[Not Available],[Not Available],[Not Available],[Not Available],[Not Available],TUMOR FREE,[Not Available],76,[Not Applicable],0,[Not Available],[Not Available],[Not Available],[Not Available],[Not Applicable],[Not Available],[Not Available],[Not Available],[Not Available],C34.1,8252/3,C34.1,YES,[Not Available],[Not Available],[Not Available],[Not Available],[Not Available],97,1:DECEASED,0.59,[Not Available],[Not Available],matched
TCGA-97-8172-01Z-00-DX1.812ab977-692e-42f8-af57-7ce9084ab045,TCGA-97-8172-01,TCGA-97-8172,salgado,0.25,7,7,0,,9867,9867,7,7,28/72,28.49940939895539,71.50059060104462,0.7150059060104462,stroma-high,6.565381796739704,6.1608954859865825,4.4602854085000345,6.565381796739704,low,2246884295.896184,140430268.4935115,140.4302684935115,3299689359,206230584.91785562,0,0,855174211,53448388.18973169,2145499238.2430437,134093702.39019023,140860216.4367978,8803763.527299862,141590637.73033756,8849414.858146098,16565055.239804393,1035315.9524877745,1,0.38060447197821345,0.9548774906485773,0.062691353,0.063016435,0.007372456,3158098720.9553523,197381170.05970952,1052805062.789507,0.34587684866853463,7,50,1,0,0,68175,68175,0,0,0,cbf1f718-6bb7-4daf-b9d6-fb294281decb,TCGA-97-8172,6/13/12 0:00,Lung Adenocarcinoma,YES,NO,Female,Lung,WHITE,NOT HISPANIC OR LATINO,[Not Available],"Yes, History of Prior Malignancy",R-Upper,[Not Available],2011,[Not Available],[Not Available],[Not Available],7th,T2a,N0,M0,Stage IB,[Not Applicable],[Not Applicable],[Not Applicable],[Not Applicable],YES,104.64,107.25,93.27,105.1,64.98,YES,YES,G12V,YES,[Not Available],NO,[Not Available],3,No,1961,1981,20,[Not Available],1,Preoperative,NO,[Not Available],Complete Remission/Response,TUMOR FREE,NO,75,[Not Applicable],0,[Not Available],[Not Available],[Not Available],[Not Available],[Not Applicable],[Not Available],[Not Available],[Not Available],[Not Available],C34.1,8550/3,C34.1,YES,[Not Available],[Not Available],[Not Available],[Not Available],NO,97,0:LIVING,17.9,0:DiseaseFree,17.9,matched
TCGA-97-8175-01Z-00-DX1.f7148cec-5e4b-46ac-b167-d41b36eb3ee5,TCGA-97-8175-01,TCGA-97-8175,salgado,0.25,9,9,0,,10904,10904,9,9,60/40,60.19673553327743,39.803264466722574,0.3980326446672257,stroma-low,19.758891612728334,16.498893190013707,7.25646663,19.758891612728334,intermediate,2450580150.1128454,153161259.38205284,153.16125938205283,2982939896.2644644,186433743.51652902,5080307.960396456,317519.2475247785,1619020904.2329986,101188806.51456241,1070528437.4218917,66908027.33886823,211524553.63362586,13220284.602101617,67959859.47550733,4247491.217219208,13906141.500441154,869133.8437775722,1,0.6606684152560549,0.43684693902894606,0.086316113,0.027732151291757542,0.005674632,2914980036.788957,182186252.29930982,537440054.1120161,0.11653563298392451,4,50,1,0,0,75273,75273,0,0,0,f4350d9c-3f40-4829-bbc4-8acb2f3ff512,TCGA-97-8175,6/13/12 0:00,Lung Adenocarcinoma,YES,NO,Female,Lung,WHITE,NOT HISPANIC OR LATINO,[Not Available],No,L-Upper,Peripheral Lung,2011,[Not Available],[Not Available],[Not Available],7th,T2a,N0,M0,Stage IB,[Not Applicable],[Not Applicable],[Not Applicable],[Not Applicable],NO,[Not Available],[Not Available],[Not Available],[Not Available],[Not Available],YES,NO,[Not Available],YES,[Not Available],YES,FISH,3,No,[Not Available],1981,[Not Available],[Not Available],[Not Available],[Not Available],NO,[Not Available],Complete Remission/Response,TUMOR FREE,NO,55,[Not Applicable],0,[Not Available],[Not Available],[Not Available],[Not Available],[Not Applicable],[Not Available],[Not Available],[Not Available],[Not Available],C34.1,8230/3,C34.1,YES,[Not Available],[Not Available],[Not Available],[Not Available],NO,97,0:LIVING,18.1,1:Recurred/Progressed,9.66,matched
TCGA-J2-8192-01Z-00-DX1.A784F381-7906-480F-99A1-0B88005953A0,TCGA-J2-8192-01,TCGA-J2-8192,salgado,0.25,2,2,0,,27829,27829,2,2,36/64,36.28453727085117,63.71546272914882,0.6371546272914882,stroma-high,2.0192681221879414,1.9793007334354473,1.2240629718162654,2.0192681221879414,very low,6336131853.382427,396008240.8364017,396.0082408364017,8936422607,558526412.9268413,0,0,2822527840.531857,176407990.03324106,4956344518.960259,309771532.4350162,100081884.89717379,6255117.806073362,760218669.4885398,47513666.84303374,297249692.95162976,18578105.80947686,1,0.44546545208416116,0.7822350660702249,0.015795423329731835,0.11998151034099946,0.046913432,8176203937,511012746.0838075,2600290753.447033,0.41030432931285543,2,50,1,0,0,213008,213008,0,0,0,369f14c4-2191-4962-a309-3e23ddc4e5fc,TCGA-J2-8192,6/6/12 0:00,Lung Adenocarcinoma,YES,NO,Female,Lung,WHITE,NOT HISPANIC OR LATINO,[Not Available],"Yes, History of Prior Malignancy",L-Upper,[Not Available],2011,[Not Available],[Not Available],[Not Available],7th,T2a,N1,MX,Stage IIA,[Not Applicable],[Not Applicable],[Not Applicable],[Not Applicable],YES,77,89,97,100,112,YES,NO,[Not Available],YES,Exon 19 Deletion,NO,[Not Available],1,No,[Not Available],[Not Available],[Not Available],[Not Available],[Not Available],[Not Available],NO,[Not Available],[Not Available],TUMOR FREE,NO,65,[Not Applicable],0,[Not Available],[Not Available],[Not Available],[Not Available],[Not Applicable],[Not Available],[Not Available],[Not Available],[Not Available],C34.1,8140/3,C34.1,YES,[Not Available],[Not Available],[Not Available],[Not Available],YES,J2,0:LIVING,24.28,1:Recurred/Progressed,15.83,matched
TCGA-J2-A4AD-01Z-00-DX1.C3C3B0C6-0666-4CCF-8422-345560B237DA,TCGA-J2-A4AD-01,TCGA-J2-A4AD,salgado,0.25,2,2,0,,469,469,2,2,25/75,24.84400107732793,75.15599892267207,0.7515599892267207,stroma-high,5.601999156,5.304823015540282,3.959725534493931,5.601999156,low,111028826.53764635,6939301.658602897,6.939301658602897,123943320.1579056,7746457.51,0,0,28289239.28253362,1768077.4551583512,85578246.04916577,5348640.378072861,4794092.621482563,299630.7888426602,2871983.780666848,179498.9863,2409758.4240568127,150609.9015035508,1,0.25479184248553355,0.7707750204866742,0.04317881,0.025867010129059138,0.021703898881068873,121071336.37723877,7566958.523577423,12914493.620259235,0.1531445760590322,2,50,1,0,0,72007,72007,0,0,0,096BD95F-9900-4DB2-B1C4-103902C3B31F,TCGA-J2-A4AD,12/27/12 0:00,Lung Adenocarcinoma,YES,NO,Female,Lung,WHITE,NOT HISPANIC OR LATINO,[Not Available],No,L-Upper,[Not Available],2012,[Not Available],[Not Available],RX,7th,T1a,N0,MX,Stage IA,[Not Applicable],[Not Applicable],[Not Applicable],[Not Applicable],YES,1.95,[Not Available],[Not Available],[Not Available],[Not Available],NO,[Not Available],[Not Available],NO,[Not Available],NO,[Not Available],2,No,1970,[Not Available],120,[Not Available],[Not Available],[Not Available],NO,[Not Available],[Not Available],TUMOR FREE,NO,61,[Not Applicable],0,[Not Available],[Not Available],[Not Available],[Not Available],[Not Applicable],[Not Available],[Not Available],[Not Available],[Not Available],C34.1,8140/3,C34.1,YES,[Not Available],[Not Available],[Not Available],[Not Available],NO,J2,1:DECEASED,18.07,1:Recurred/Progressed,17.21,matched
TCGA-L9-A5IP-01Z-00-DX1.E699D989-8BB8-41DF-9B95-A880858653E6,TCGA-L9-A5IP-01,TCGA-L9-A5IP,salgado,0.25,2,2,0,,6464,6464,2,2,82/18,81.94196264534399,18.058037354656015,0.18058037354656015,stroma-low,14.345422848758696,12.545690497583767,2.383590793356456,14.345422848758696,intermediate,1406021407.9850097,87876338,87.87633799906311,1539324509.4606528,96207781.84,630488.3683755896,39405.52302347435,1055753183.2551273,65984573.95344546,232662604.17795062,14541412.761121914,33376434.380260732,2086027.1487662958,139065938.51435032,8691621.157146895,78466349.13296346,4904146.8208102165,1,0.7508798779729414,0.16547586178746942,0.023738212,0.098907412,0.055807364,1400258570.946302,87516160.68414387,133933589.8440187,0.04775561,1,50,1,0,0,51248,51248,0,0,0,2A43E61E-2151-4C5A-B062-74CE9DFD8D4A,TCGA-L9-A5IP,5/14/13 0:00,Lung Adenocarcinoma,YES,NO,Female,Lung,BLACK OR AFRICAN AMERICAN,NOT HISPANIC OR LATINO,[Not Available],No,R-Upper,[Not Available],2012,[Not Available],[Not Available],R1,7th,T3,N2,M1b,Stage IV,[Not Applicable],[Not Applicable],[Not Applicable],[Not Applicable],NO,[Not Available],[Not Available],[Not Available],[Not Available],[Not Available],NO,[Not Available],[Not Available],YES,[Not Available],YES,FISH,4,No,[Not Available],2012,[Not Available],[Not Available],[Not Available],[Not Available],NO,[Not Available],Progressive Disease,WITH TUMOR,YES,40,[Not Applicable],0,[Not Available],[Not Available],[Not Available],[Not Available],[Not Applicable],[Not Available],[Not Available],[Not Available],[Not Available],C34.1,8140/3,C34.1,YES,[Not Available],[Not Available],[Not Available],[Not Available],NO,L9,1:DECEASED,1.91,1:Recurred/Progressed,1.61,matched
TCGA-MP-A4T4-01Z-00-DX1.5F72FF0B-59C0-4E95-A8C1-BF22A948F7AC,TCGA-MP-A4T4-01,TCGA-MP-A4T4,salgado,0.25,2,2,0,,3935,3935,2,2,37/63,36.73880740315326,63.26119259684674,0.6326119259684674,stroma-high,2.3813231634912633,2.325935131438537,1.4820483316207471,2.3813231634912633,very low,881723562.9460584,55107722.68412865,55.107722684128646,1193175432.7846727,74573464.54904205,912529.4354990952,57033.08971869345,426829122.3676314,26676820.14797696,734964502.7868884,45935281.42418052,17501879.948302563,1093867.4967689102,12250386.354995778,765649.1471872361,1629541.3268549687,101846.33292843554,1,0.4840849675622695,0.8335543402415022,0.019849622584457667,0.013893681500428752,0.001848132,1180925046.4296772,73807815.40185483,312364399.27411354,0.17743776221138086,1,50,1,0,0,14031,14031,0,0,0,301CA6E8-7981-4264-B4AE-38F56F7F9225,TCGA-MP-A4T4,4/2/13 0:00,Lung Adenocarcinoma,NO,YES,Female,Lung,WHITE,[Not Available],[Not Available],No,R-Lower,[Not Available],2004,[Not Available],[Not Available],R0,6th,T2,N1,M0,Stage IIB,[Not Applicable],[Not Applicable],[Not Applicable],[Not Applicable],YES,113,110,[Not Available],[Not Available],53,NO,[Not Available],[Not Available],NO,[Not Available],NO,[Not Available],2,No,1954,[Not Available],50,[Not Available],0,Preoperative,NO,[Not Available],Complete Remission/Response,[Not Available],[Not Available],68,[Not Applicable],0,[Not Available],[Not Available],[Not Available],[Not Available],[Not Applicable],[Not Available],[Not Available],[Not Available],[Not Available],C34.3,8140/3,C34.3,YES,[Not Available],[Not Available],[Not Available],[Not Available],NO,MP,1:DECEASED,85.97,[Not Available],[Not Available],matched
TCGA-MP-A4T7-01Z-00-DX1.C74D7A5B-1D1A-423B-85CA-C11E0CCF5873,TCGA-MP-A4T7-01,TCGA-MP-A4T7,salgado,0.25,2,2,0,,3989,3989,2,2,49/51,49.00792519905334,50.99207480094666,0.5099207480094666,stroma-high,2.0857429957909983,2.0431285844459137,1.0446491173296597,2.0857429957909983,very low,867839626.2553589,54239976.64095993,54.23997664095993,1027874378.7199242,64242148.66999526,1281025.4421308404,80064.09013317752,491084593.24690586,30692787.077931616,510966791.8143657,31935424.488397855,10657454.071086105,666090.8794428816,7679760.805655277,479985.05035345483,7485778.781911424,467861.1739,1,0.5658702119490518,0.5887802035718699,0.012280441856604258,0.008849286,0.008625763,1020194617.914269,63762163.61964181,161315777.90669608,0.093153867,1,50,1,0,0,25062,25062,0,0,0,47062AD2-BA82-45C8-A871-BDEA84F0C405,TCGA-MP-A4T7,4/2/13 0:00,Lung Adenocarcinoma,NO,YES,Female,Lung,[Not Available],[Not Available],[Not Available],No,R-Lower,[Not Available],2005,[Not Available],[Not Available],R0,6th,T2,N0,M1,Stage IV,[Not Applicable],[Not Applicable],[Not Applicable],[Not Applicable],YES,87,91,[Not Available],[Not Available],57,NO,[Not Available],[Not Available],NO,[Not Available],NO,[Not Available],4,No,1954,2004,50,[Not Available],[Not Available],[Not Available],NO,[Not Available],[Not Available],[Not Available],[Not Available],75,[Not Applicable],0,[Not Available],[Not Available],[Not Available],[Not Available],[Not Applicable],[Not Available],[Not Available],[Not Available],[Not Available],C34.3,8140/3,C34.3,YES,[Not Available],[Not Available],[Not Available],[Not Available],NO,MP,1:DECEASED,5.49,[Not Available],[Not Available],matched
TCGA-MP-A4T9-01Z-00-DX1.F7B341C4-EBCD-455F-BE90-3B77AC6B76EC,TCGA-MP-A4T9-01,TCGA-MP-A4T9,salgado,0.25,1,1,0,,5,5,1,1,82/18,82.42494620579723,17.57505379420277,0.1757505379420277,stroma-low,1260.9132637871608,92.65199313865755,68.85189838403824,1260.9132637871608,high,1189752.509584256,74359.53185,0.074359532,1727987.9531398271,107999.2470712392,0,0,442520.53191700776,27657.533244812985,94356.41163856324,5897.275727410202,1189752.509584256,74359.53185,0,0,1358.5,84.90625,1,0.3719433481772112,0.079307596,1,0,0.001141834,1727987.9531398271,107999.2470712392,538235.4435555711,0.4523927785146262,1,50,1,0,0,16657,16657,0,0,0,70081320-540F-41D2-8687-EE6D011F8EB0,TCGA-MP-A4T9,4/2/13 0:00,Lung Adenocarcinoma,NO,YES,Female,Lung,WHITE,NOT HISPANIC OR LATINO,[Not Available],No,L-Upper,[Not Available],2006,[Not Available],[Not Available],RX,6th,T2,N2,MX,Stage IIIA,[Not Applicable],[Not Applicable],[Not Applicable],[Not Applicable],YES,99,105,[Not Available],[Not Available],106,NO,[Not Available],[Not Available],NO,[Not Available],NO,[Not Available],4,No,1980,2004,24,[Not Available],[Not Available],[Not Available],YES,[Not Available],Complete Remission/Response,WITH TUMOR,YES,54,[Not Applicable],0,[Not Available],[Not Available],[Not Available],[Not Available],[Not Applicable],[Not Available],[Not Available],[Not Available],[Not Available],C34.1,8140/3,C34.1,YES,[Not Available],[Not Available],[Not Available],[Not Available],YES,MP,1:DECEASED,41.56,1:Recurred/Progressed,41,matched
TCGA-MP-A4TA-01Z-00-DX1.11DDADA4-B7A2-4216-9B18-7AD993AE12E4,TCGA-MP-A4TA-01,TCGA-MP-A4TA,salgado,0.25,14,14,0,,964,964,14,14,28/72,28.144694041236463,71.85530595876355,0.7185530595876355,stroma-high,5.150315806188905,4.898050725479389,3.5394300776409175,5.150315806188905,low,229255234.91054338,14328452.181908961,14.328452181908961,305052945.5446366,19065809.096539788,1172288.2314313292,73268.01446445807,79739241.41076648,4983702.588172905,203579672.24996045,12723729.515622528,10484996.038077282,655312.2523798301,8818924.584242646,551182.7865151654,2430111.261589692,151881.95384935575,1,0.3478186286209829,0.8880044651080632,0.045735034,0.038467713017257106,0.010600025175163107,296234020.9603939,18514626.31002462,76969998.87,0.22900820538588254,10,50,1,0,0,19748,19748,0,0,0,98EE294A-46ED-4572-BDD4-A932C3498A25,TCGA-MP-A4TA,4/2/13 0:00,Lung Adenocarcinoma,NO,YES,Female,Lung,WHITE,NOT HISPANIC OR LATINO,[Not Available],"Yes, History of Prior Malignancy",R-Upper,Peripheral Lung,2006,[Not Available],[Not Available],R0,6th,T1,N0,M0,Stage IA,[Not Applicable],[Not Applicable],[Not Applicable],[Not Applicable],YES,65,74,[Not Available],[Not Available],46,NO,[Not Available],[Not Available],NO,[Not Available],NO,[Not Available],4,No,1951,2006,55,[Not Available],1,Pre-Adjuvant Therapy,NO,[Not Available],Complete Remission/Response,WITH TUMOR,YES,75,[Not Applicable],0,[Not Available],[Not Available],[Not Available],[Not Available],[Not Applicable],[Not Available],[Not Available],[Not Available],[Not Available],C34.1,8140/3,C34.1,YES,[Not Available],[Not Available],[Not Available],[Not Available],NO,MP,1:DECEASED,31.21,1:Recurred/Progressed,23.82,matched
TCGA-MP-A4TF-01Z-00-DX1.F98B0438-6D32-4EA3-ABA8-E624457EA658,TCGA-MP-A4TF-01,TCGA-MP-A4TF,salgado,0.25,5,5,0,,7933,7933,5,5,65/35,64.76381885757355,35.23618114242645,0.35236181142426454,stroma-low,7.108121467799498,6.636398221153055,2.4090964951288907,7.108121467799498,low,1706778126.3975275,106673632.89984547,106.67363289984547,1863290405.419161,116455650.33869757,980069.6318503065,61254.35199064416,1065817559.4230381,66613597.46393988,579881502.5284334,36242593.90802709,41218681.569021866,2576167.5980638666,152330232.07763624,9520639.504852265,24042429.821031332,1502651.8638144583,1,0.624461694,0.3397521292075503,0.024149994033507774,0.089250167,0.014086441,1710960173.3415248,106935010.8338453,157492348.65348405,0.044506359394159124,3,50,1,0,0,45739,45739,0,0,0,86DAC334-F30E-438E-810A-8E45F69DBB7E,TCGA-MP-A4TF,4/2/13 0:00,Lung Adenocarcinoma,NO,YES,Female,Lung,WHITE,NOT HISPANIC OR LATINO,[Not Available],No,R-Upper,Peripheral Lung,2010,[Not Available],[Not Available],R0,7th,T2b,N0,M0,Stage IIA,[Not Applicable],[Not Applicable],[Not Applicable],[Not Applicable],YES,109,108,[Not Available],[Not Available],77,NO,[Not Available],[Not Available],NO,[Not Available],NO,[Not Available],4,No,1970,2010,40,[Not Available],[Not Available],[Not Available],NO,[Not Available],Partial Remission/Response,WITH TUMOR,YES,58,[Not Applicable],0,[Not Available],[Not Available],[Not Available],[Not Available],[Not Applicable],[Not Available],[Not Available],[Not Available],[Not Available],C34.1,8140/3,C34.1,YES,[Not Available],[Not Available],[Not Available],[Not Available],YES,MP,1:DECEASED,11.04,1:Recurred/Progressed,6.41,matched
TCGA-MP-A4TK-01Z-00-DX1.57494698-D9D9-4C04-AAB2-16616CCFDCC9,TCGA-MP-A4TK-01,TCGA-MP-A4TK,salgado,0.25,22,22,0,,4552,4552,22,22,34/66,33.55671563495305,66.44328436504695,0.6644328436504695,stroma-high,5.508731692091938,5.221114502796006,3.509730895860931,5.508731692091938,low,1023758163.4103225,63984885.21314516,63.98488521314516,1565664707.517151,97854044.21982194,2180680.757196144,136292.5473,492878062.4393947,30804878.90246217,975913066.5887616,60994566.66,53760432.39,3360027.0241525876,33911020.93560308,2119438.8084751926,9202125.167,575132.8229,1,0.48143993381945716,0.9532652353538453,0.052512824129632076,0.033124054242106724,0.008988573,1531753686.581548,95734605.41134675,544087224.8640249,0.33605177633819533,20,50,1,0,0,62829,62829,0,0,0,F7F9F522-DE88-4F9C-8BA4-7BE3726FAAF8,TCGA-MP-A4TK,4/2/13 0:00,Lung Adenocarcinoma,NO,YES,Female,Lung,[Not Available],[Not Available],[Not Available],No,R-Lower,[Not Available],2002,[Not Available],[Not Available],R0,5th,T2,N1,MX,Stage IIB,[Not Applicable],[Not Applicable],[Not Applicable],[Not Applicable],YES,57,64,[Not Available],[Not Available],88,NO,[Not Available],[Not Available],NO,[Not Available],NO,[Not Available],4,No,1971,1999,28,[Not Available],[Not Available],[Not Available],NO,[Not Available],Complete Remission/Response,WITH TUMOR,YES,56,[Not Applicable],0,[Not Available],[Not Available],[Not Available],[Not Available],[Not Applicable],[Not Available],[Not Available],[Not Available],[Not Available],C34.3,8140/3,C34.3,YES,[Not Available],[Not Available],[Not Available],[Not Available],NO,MP,1:DECEASED,19.12,1:Recurred/Progressed,17.9,matched
TCGA-NJ-A4YQ-01Z-00-DX1.56C29975-77E9-4822-A9E1-83AD70D6C5F7,TCGA-NJ-A4YQ-01,TCGA-NJ-A4YQ,salgado,0.25,31,31,0,,5534,5534,31,31,29/71,29.35499134939613,70.64500865060386,0.7064500865060386,stroma-high,13.61285530387124,11.98179138,8.717172726102966,13.61285530387124,intermediate,1321965655.0910313,82622853.44318946,82.62285344318946,1708837551.7397819,106802346.98373637,10422736.51,651421.0316816625,449116243.82041854,28069765.23877616,1080832235.7237847,67552014.73273654,147132128.32667533,9195758.020417208,20995255.27938972,1312203.4549618575,10761688.58951391,672605.5368446193,1,0.33973367015309647,0.8175947926947905,0.11129799610152787,0.015881846,0.008140672,1687842296.4603927,105490143.52877454,397294633.1556573,0.18514258019213212,19,50,1,0,0,122318,122318,0,0,0,52DF074F-A402-4B78-9472-F8EB268EFDED,TCGA-NJ-A4YQ,9/27/13 0:00,Lung Adenocarcinoma,[Not Available],[Not Available],Female,Lung,WHITE,NOT HISPANIC OR LATINO,[Not Available],No,L-Upper,[Not Available],2011,[Not Available],[Not Available],RX,7th,T1b,N0,M0,Stage IA,[Not Applicable],[Not Applicable],[Not Applicable],[Not Applicable],NO,[Not Available],[Not Available],[Not Available],[Not Available],[Not Available],NO,[Not Available],[Not Available],NO,[Not Available],NO,[Not Available],4,No,[Not Available],2011,40,[Not Available],[Not Available],[Not Available],NO,[Not Available],Stable Disease,TUMOR FREE,NO,69,[Not Applicable],0,[Not Available],[Not Available],[Not Available],[Not Available],[Not Applicable],[Not Available],[Not Available],[Not Available],[Not Available],C34.1,8255/3,C34.1,YES,[Not Available],[Not Available],[Not Available],[Not Available],NO,NJ,0:LIVING,47.04,0:DiseaseFree,47.04,matched