wsi_name,sample_id,subject_id,WSI_tumor_stroma_ratio,WSI_TSR_category,WSI_sTIL_pct,WSI_neighborhood_sTIL_pct,WSI_neighborhood_intratumoral_TIL_pct,WSI_tumor_pct_TS_compartment,WSI_stroma_pct_TS_compartment,n_clusters_input,n_clusters_scored,n_clusters_sTIL_reliable,n_til_neighborhoods,n_master_rois,n_foci,n_intertumor_edges,WSI_TSR_stroma_fraction,WSI_TSR_compartment_stroma_fraction,WSI_sTILs_pct_stromal_occupancy,WSI_iTILs_pct_computational,WSI_inter_tumor_sTILs_pct,mean_master_tissue_fraction,total_master_area_mm2,source_file,OTHER_PATIENT_ID,PATIENT_ID,FORM_COMPLETION_DATE,HISTOLOGICAL_DIAGNOSIS,PROSPECTIVE_COLLECTION,RETROSPECTIVE_COLLECTION,SEX,TUMOR_SITE,RACE,ETHNICITY,LATERALITY,HISTORY_OTHER_MALIGNANCY,PRIMARY_SITE_PATIENT,LOCATION_LUNG_PARENCHYMA,INITIAL_PATHOLOGIC_DX_YEAR,METHOD_OF_INITIAL_SAMPLE_PROCUREMENT,METHOD_OF_INITIAL_SAMPLE_PROCUREMENT_OTHER,RESIDUAL_TUMOR,AJCC_STAGING_EDITION,AJCC_TUMOR_PATHOLOGIC_PT,AJCC_NODES_PATHOLOGIC_PN,AJCC_METASTASIS_PATHOLOGIC_PM,AJCC_PATHOLOGIC_TUMOR_STAGE,AJCC_NODES_CLINICAL_CT,AJCC_NODES_CLINICAL_CN,AJCC_METASTASIS_CLINICAL_CM,AJCC_CLINICAL_TUMOR_STAGE,PULMONARY_FUNCTION_TEST_INDICATOR,FEV1_PERCENT_REF_PREBRONCHOLIATOR,FEV1_PERCENT_REF_POSTBRONCHOLIATOR,FEV1_FVC_RATIO_PREBRONCHOLIATOR,FEV1_FVC_RATIO_POSTBRONCHOLIATOR,CARBON_MONOXIDE_DIFFUSION_DLCO,KRAS_GENE_ANALYSIS_INDICATOR,KRAS_MUTATION,KRAS_MUTATION_IDENTIFIED_TYPE,MUTATION_STATUS,MUTATION_TYPE,ALK_TRANSLOCATION_STATUS,ALK_ANALYSIS_TYPE,TOBACCO_SMOKING_HISTORY_INDICATOR,HISTORY_NEOADJUVANT_TRTYN,SMOKING_YEAR_STARTED,SMOKING_YEAR_STOPPED,SMOKING_PACK_YEARS,KARNOFSKY_PERFORMANCE_SCORE,ECOG_SCORE,PERFORMANCE_STATUS_TIMING,RADIATION_TREATMENT_ADJUVANT,PHARMACEUTICAL_TX_ADJUVANT,TREATMENT_OUTCOME_FIRST_COURSE,TUMOR_STATUS,NEW_TUMOR_EVENT_AFTER_INITIAL_TREATMENT,AGE,PRIMARY_SITE_OTHER,DAYS_TO_INITIAL_PATHOLOGIC_DIAGNOSIS,DAYS_TO_PATIENT_PROGRESSION_FREE,DAYS_TO_TUMOR_PROGRESSION,DISEASE_CODE,ALK_TRANSLOCATION_VARIANT,EXTRANODAL_INVOLVEMENT,HISTORY_IMMUNOLOGICAL_DISEASE,HISTORY_IMMUNOLOGICAL_DISEASE_OTHER,HISTORY_RELEVANT_INFECTIOUS_DX,HIV_STATUS,ICD_10,ICD_O_3_HISTOLOGY,ICD_O_3_SITE,INFORMED_CONSENT_VERIFIED,NUMBER_OF_LYMPHNODES_POSITIVE_BY_IHC,POS_LYMPH_NODE_LOCATION,PROJECT_CODE,STAGE_OTHER,TARGETED_MOLECULAR_THERAPY,TISSUE_SOURCE_SITE,OS_STATUS,OS_MONTHS,DFS_STATUS,DFS_MONTHS,clinical_match
TCGA-05-4390-01Z-00-DX1.858E64DF-DD3E-4F43-B7C1-CE35B33F1C90,TCGA-05-4390-01,TCGA-05-4390,1.89185634995669,stroma-low,17.4128468871267,17.4128468871267,1.4749383791976727,65.42013575415056,34.579864245849436,1,1,1,1,1,1,0,0.34579864245849434,0.350189277288714,17.4128468871267,1.4749383791976727,,0.9133771937570724,2.860032,/data1/deasy/Himangi/female_psg_negative_features/TCGA-05-4390/tils_tsr_wsi_summary.csv,b8475929-2d9d-4909-bd62-59684a140bd7,TCGA-05-4390,2010-07-22 00:00:00,Lung Adenocarcinoma,NO,YES,Female,Lung,[Not Available],[Not Available],[Not Available],No,R-Upper,[Not Available],2005,[Not Available],[Not Available],R0,5th,T2,N0,M0,Stage IB,[Not Applicable],[Not Applicable],[Not Applicable],[Not Applicable],[Not Available],[Not Available],[Not Available],[Not Available],[Not Available],[Not Available],[Not Available],[Not Available],[Not Available],[Not Available],[Not Available],[Not Available],[Not Available],4,No,1966,1996,15,[Not Available],[Not Available],[Not Available],[Not Available],[Not Available],[Not Available],TUMOR FREE,[Not Available],58,[Not Applicable],0,[Not Available],[Not Available],[Not Available],[Not Available],[Not Applicable],[Not Available],[Not Available],[Not Available],[Not Available],C34.1,8255/3,C34.1,YES,[Not Available],[Not Available],[Not Available],[Not Available],[Not Available],5,0:LIVING,36.99,1:Recurred/Progressed,12.98,matched
TCGA-05-4405-01Z-00-DX1.D57EC2B2-3A59-4954-86A7-61782938BCC5,TCGA-05-4405-01,TCGA-05-4405,0.6132505390818255,stroma-high,2.593135155745169,2.593135155745169,0.8892492414045429,38.01334784805678,61.986652151943225,9,1,1,1,1,9,9,0.6198665215194322,0.619479783125783,2.593135155745169,0.8892492414045429,0.022908998776159126,0.9512884979680409,46.2034355,/data1/deasy/Himangi/female_psg_negative_features/TCGA-05-4405/tils_tsr_wsi_summary.csv,f587c9ab-2949-4410-80d6-a050865d48aa,TCGA-05-4405,2010-07-22 00:00:00,Lung Adenocarcinoma,NO,YES,Female,Lung,[Not Available],[Not Available],[Not Available],Yes,R-Lower,[Not Available],2006,[Not Available],[Not Available],R0,5th,T2,N0,M0,Stage IB,[Not Applicable],[Not Applicable],[Not Applicable],[Not Applicable],[Not Available],[Not Available],[Not Available],[Not Available],[Not Available],[Not Available],[Not Available],[Not Available],[Not Available],[Not Available],[Not Available],[Not Available],[Not Available],4,No,1951,1994,65,[Not Available],[Not Available],[Not Available],[Not Available],[Not Available],[Not Available],TUMOR FREE,[Not Available],74,[Not Applicable],0,[Not Available],[Not Available],[Not Available],[Not Available],[Not Applicable],[Not Available],[Not Available],[Not Available],[Not Available],C34.3,8255/3,C34.3,YES,[Not Available],[Not Available],[Not Available],[Not Available],[Not Available],5,0:LIVING,20.04,0:DiseaseFree,20.04,matched
TCGA-05-4417-01Z-00-DX1.6E534856-996F-4BD9-8AFC-7B1BF627E505,TCGA-05-4417-01,TCGA-05-4417,1.1223354739781384,stroma-low,13.412560070811914,13.412560070811914,2.9861931897006535,52.88209558474822,47.11790441525178,19,2,2,2,2,19,26,0.47117904415251777,0.48567567278338303,13.412560070811914,2.9861931897006535,12.265183023031966,0.9002666100012486,74.64860525,/data1/deasy/Himangi/female_psg_negative_features/TCGA-05-4417/tils_tsr_wsi_summary.csv,a244a99a-d7cc-4fb1-bc76-b66886481621,TCGA-05-4417,2010-07-22 00:00:00,Lung Adenocarcinoma,NO,YES,Female,Lung,[Not Available],[Not Available],[Not Available],No,R-Upper,[Not Available],2008,[Not Available],[Not Available],R0,6th,T2,N0,M0,Stage IB,[Not Applicable],[Not Applicable],[Not Applicable],[Not Applicable],[Not Available],[Not Available],[Not Available],[Not Available],[Not Available],[Not Available],[Not Available],[Not Available],[Not Available],[Not Available],[Not Available],[Not Available],[Not Available],4,No,1971,2008,56,[Not Available],[Not Available],[Not Available],[Not Available],[Not Available],[Not Available],TUMOR FREE,[Not Available],51,[Not Applicable],0,[Not Available],[Not Available],[Not Available],[Not Available],[Not Applicable],[Not Available],[Not Available],[Not Available],[Not Available],C34.1,8255/3,C34.1,YES,[Not Available],[Not Available],[Not Available],[Not Available],[Not Available],5,0:LIVING,14.95,0:DiseaseFree,14.95,matched
TCGA-05-4425-01Z-00-DX1.82B093EE-49BC-4FD9-91AC-4CC89944309D,TCGA-05-4425-01,TCGA-05-4425,5.846831485380118,stroma-low,89.40202626616896,89.40202626616896,1.582301252475118,85.39470407391686,14.605295926083137,1,1,1,1,1,1,0,0.14605295926083137,0.1466923994796631,89.40202626616896,1.582301252475118,,0.5791855204683812,1.386112,/data1/deasy/Himangi/female_psg_negative_features/TCGA-05-4425/tils_tsr_wsi_summary.csv,69b23036-add9-42c9-941f-02fb74d9b08c,TCGA-05-4425,2010-07-22 00:00:00,Lung Adenocarcinoma,NO,YES,Female,Lung,[Not Available],[Not Available],[Not Available],No,R-Middle,[Not Available],2008,[Not Available],[Not Available],R1,6th,T2,N0,M1,Stage IV,[Not Applicable],[Not Applicable],[Not Applicable],[Not Applicable],[Not Available],[Not Available],[Not Available],[Not Available],[Not Available],[Not Available],[Not Available],[Not Available],[Not Available],[Not Available],[Not Available],[Not Available],[Not Available],3,No,[Not Available],[Not Available],28,[Not Available],[Not Available],[Not Available],[Not Available],[Not Available],[Not Available],[Not Available],[Not Available],70,[Not Applicable],0,[Not Available],[Not Available],[Not Available],[Not Available],[Not Applicable],[Not Available],[Not Available],[Not Available],[Not Available],C34.2,8255/3,C34.2,YES,[Not Available],[Not Available],[Not Available],[Not Available],[Not Available],5,0:LIVING,21.98,0:DiseaseFree,21.98,matched
TCGA-05-4427-01Z-00-DX1.36CF4E93-3FBB-4346-A26B-85F0D9D0575D,TCGA-05-4427-01,TCGA-05-4427,3.2390227437860437,stroma-low,25.226713498078606,25.226713498078606,4.77980601278989,76.40965712047915,23.59034287952084,5,3,3,3,3,5,2,0.2359034287952084,0.23791695959235093,25.226713498078606,4.77980601278989,12.219733266175197,0.8873660933527993,117.83182875,/data1/deasy/Himangi/female_psg_negative_features/TCGA-05-4427/tils_tsr_wsi_summary.csv,78a24c56-576c-4245-bb42-6603b3d19897,TCGA-05-4427,2010-07-22 00:00:00,Lung Adenocarcinoma,NO,YES,Female,Lung,[Not Available],[Not Available],[Not Available],Yes,L-Upper,[Not Available],2008,[Not Available],[Not Available],R0,6th,T2,N1,M0,Stage IIB,[Not Applicable],[Not Applicable],[Not Applicable],[Not Applicable],[Not Available],[Not Available],[Not Available],[Not Available],[Not Available],[Not Available],[Not Available],[Not Available],[Not Available],[Not Available],[Not Available],[Not Available],[Not Available],4,No,1993,2008,8,[Not Available],[Not Available],[Not Available],[Not Available],[Not Available],[Not Available],TUMOR FREE,[Not Available],65,[Not Applicable],0,[Not Available],[Not Available],[Not Available],[Not Available],[Not Applicable],[Not Available],[Not Available],[Not Available],[Not Available],C34.1,8255/3,C34.1,YES,[Not Available],[Not Available],[Not Available],[Not Available],[Not Available],5,0:LIVING,25.99,0:DiseaseFree,25.99,matched
TCGA-05-4430-01Z-00-DX1.95659bbb-3091-4370-bc1d-6c6c1baa7b3d,TCGA-05-4430-01,TCGA-05-4430,1.2440751056904837,stroma-low,10.915308412784782,10.915308412784782,6.274050641236201,55.438211606010036,44.561788393989964,8,3,3,3,3,8,6,0.44561788393989965,0.43952469215726814,10.915308412784782,6.274050641236201,2.9673610649250293,0.8740843862092372,90.59183974999999,/data1/deasy/Himangi/female_psg_negative_features/TCGA-05-4430/tils_tsr_wsi_summary.csv,3a23cdb5-2327-45ac-b0b5-d4afe038c757,TCGA-05-4430,2010-07-22 00:00:00,Lung Adenocarcinoma,NO,YES,Female,Lung,[Not Available],[Not Available],[Not Available],No,L-Lower,[Not Available],2008,[Not Available],[Not Available],R0,6th,T2,N0,M0,Stage IB,[Not Applicable],[Not Applicable],[Not Applicable],[Not Applicable],[Not Available],[Not Available],[Not Available],[Not Available],[Not Available],[Not Available],[Not Available],[Not Available],[Not Available],[Not Available],[Not Available],[Not Available],[Not Available],4,No,[Not Available],[Not Available],80,[Not Available],[Not Available],[Not Available],[Not Available],[Not Available],[Not Available],TUMOR FREE,[Not Available],59,[Not Applicable],0,[Not Available],[Not Available],[Not Available],[Not Available],[Not Applicable],[Not Available],[Not Available],[Not Available],[Not Available],C34.3,8255/3,C34.3,YES,[Not Available],[Not Available],[Not Available],[Not Available],[Not Available],5,0:LIVING,25,0:DiseaseFree,25,matched
TCGA-05-4434-01Z-00-DX1.f3f5c89c-306f-4876-98fa-f7bd231f2e10,TCGA-05-4434-01,TCGA-05-4434,2.4759165844299154,stroma-low,4.163175474447062,4.163175474447062,1.437789171379133,71.23060994963404,28.769390050365946,3,3,3,3,3,3,0,0.28769390050365945,0.2854847346043288,4.163175474447062,1.437789171379133,,0.824899933715837,84.47881450000001,/data1/deasy/Himangi/female_psg_negative_features/TCGA-05-4434/tils_tsr_wsi_summary.csv,d94fe32f-bedd-4f4c-9feb-fcb60d40f4bb,TCGA-05-4434,2010-07-22 00:00:00,Lung Adenocarcinoma,NO,YES,Female,Lung,[Not Available],[Not Available],[Not Available],Yes,R-Lower,[Not Available],2008,[Not Available],[Not Available],R2,6th,T4,N1,M1,Stage IV,[Not Applicable],[Not Applicable],[Not Applicable],[Not Applicable],[Not Available],[Not Available],[Not Available],[Not Available],[Not Available],[Not Available],[Not Available],[Not Available],[Not Available],[Not Available],[Not Available],[Not Available],[Not Available],2,No,[Not Available],[Not Available],15,[Not Available],[Not Available],[Not Available],[Not Available],[Not Available],[Not Available],[Not Available],[Not Available],67,[Not Applicable],0,[Not Available],[Not Available],[Not Available],[Not Available],[Not Applicable],[Not Available],[Not Available],[Not Available],[Not Available],C34.3,8255/3,C34.3,YES,[Not Available],[Not Available],[Not Available],[Not Available],[Not Available],5,1:DECEASED,15.01,[Not Available],[Not Available],matched
TCGA-38-4625-01Z-00-DX1.ffdbfc1d-7a21-4e67-a54f-89597bd14a7f,TCGA-38-4625-01,TCGA-38-4625,3.6844050476515573,stroma-low,16.413356687212012,16.413356687212012,2.89219925113997,78.65257188847637,21.34742811152362,5,4,4,4,4,5,1,0.2134742811152362,0.21783776632554322,16.413356687212012,2.89219925113997,0.0,0.9384013726873641,101.796102,/data1/deasy/Himangi/female_psg_negative_features/TCGA-38-4625/tils_tsr_wsi_summary.csv,0ea4920f-f4c8-4590-84b3-eb419824e144,TCGA-38-4625,2010-12-07 00:00:00,Lung Adenocarcinoma,NO,YES,Female,Lung,WHITE,NOT HISPANIC OR LATINO,[Not Available],No,R-Upper,Peripheral Lung,2002,[Not Available],[Not Available],R0,5th,T2a,N0,M0,Stage IB,[Not Applicable],[Not Applicable],[Not Applicable],[Not Applicable],YES,64,66,68,66,68,NO,[Not Available],[Not Available],NO,[Not Available],NO,[Not Available],2,No,1952,[Not Available],50,[Not Available],[Not Available],[Not Available],[Not Available],[Not Available],[Not Available],[Not Available],[Not Available],66,[Not Applicable],0,[Not Available],[Not Available],[Not Available],[Not Available],[Not Applicable],[Not Available],[Not Available],[Not Available],[Not Available],C34.1,8140/3,C34.1,YES,[Not Available],[Not Available],[Not Available],[Not Available],[Not Available],38,0:LIVING,97.67,0:DiseaseFree,97.67,matched
TCGA-38-4626-01Z-00-DX1.142bc018-bd79-4db9-84e2-f83a617ea92a,TCGA-38-4626-01,TCGA-38-4626,0.8440310504081071,stroma-high,6.556383544245466,6.556383544245466,6.802486548092743,45.77097821760173,54.22902178239827,50,9,9,9,9,50,64,0.5422902178239827,0.5331610701031889,6.556383544245466,6.802486548092743,0.2852517207291918,0.9495533251401707,201.768696,/data1/deasy/Himangi/female_psg_negative_features/TCGA-38-4626/tils_tsr_wsi_summary.csv,2079155a-d91d-4246-a038-01934a580f32,TCGA-38-4626,2010-12-07 00:00:00,Lung Adenocarcinoma,NO,YES,Female,Lung,WHITE,NOT HISPANIC OR LATINO,[Not Available],No,L-Upper,Central Lung,2003,[Not Available],[Not Available],R0,6th,T2b,N0,M0,[Discrepancy],[Not Applicable],[Not Applicable],[Not Applicable],[Not Applicable],YES,85,85,71,68,57,[Not Available],[Not Available],[Not Available],[Not Available],[Not Available],[Not Available],[Not Available],2,No,1962,[Not Available],40,[Not Available],[Not Available],[Not Available],[Not Available],[Not Available],[Not Available],TUMOR FREE,[Not Available],57,[Not Applicable],0,[Not Available],[Not Available],[Not Available],[Not Available],[Not Applicable],[Not Available],[Not Available],[Not Available],[Not Available],C34.1,8140/3,C34.1,YES,[Not Available],[Not Available],[Not Available],[Not Available],[Not Available],38,0:LIVING,120.7,1:Recurred/Progressed,82.72,matched
TCGA-38-6178-01Z-00-DX1.5932337D-BA2B-455D-9E34-22961EFA2170,TCGA-38-6178-01,TCGA-38-6178,0.9551992390540726,stroma-high,14.487647746221754,14.487647746221754,9.49173856885943,48.854317246778336,51.145682753221664,29,12,12,12,12,29,19,0.5114568275322167,0.4979303851406941,14.487647746221754,9.49173856885943,17.78168166311642,0.9395516436399861,149.934249,/data1/deasy/Himangi/female_psg_negative_features/TCGA-38-6178/tils_tsr_wsi_summary.csv,edf80622-aea2-4b50-bb69-691d6708aa83,TCGA-38-6178,2011-04-14 00:00:00,Lung Adenocarcinoma,YES,NO,Female,Lung,WHITE,NOT HISPANIC OR LATINO,[Not Available],Yes,L-Upper,Central Lung,2010,[Not Available],[Not Available],R1,[Not Available],T2b,N2,[Not Available],Stage IIIA,[Not Applicable],[Not Applicable],[Not Applicable],[Not Applicable],[Not Available],[Not Available],[Not Available],[Not Available],[Not Available],[Not Available],YES,NO,[Not Available],YES,Exon 19 Deletion,NO,[Not Available],1,No,[Not Available],[Not Available],[Not Available],[Not Available],[Not Available],[Not Available],[Not Available],[Not Available],[Not Available],WITH TUMOR,[Not Available],70,[Not Applicable],0,[Not Available],[Not Available],[Not Available],[Not Available],[Not Applicable],[Not Available],[Not Available],[Not Available],[Not Available],C34.1,8140/3,C34.1,YES,[Not Available],[Not Available],[Not Available],[Not Available],[Not Available],38,0:LIVING,14.72,0:DiseaseFree,14.72,matched
TCGA-44-2655-01Z-00-DX1.ee255271-780c-461c-ab23-5cd3504b5e4a,TCGA-44-2655-01,TCGA-44-2655,0.49114276751947367,stroma-high,8.460834618378223,8.460834618378223,17.27838403541954,32.93734028811293,67.06265971188708,4,2,2,2,2,4,2,0.6706265971188707,0.6443492330771846,8.460834618378223,17.27838403541954,0.0,0.9199223543134162,3.523806,/data1/deasy/Himangi/female_psg_negative_features/TCGA-44-2655/tils_tsr_wsi_summary.csv,07b5663f-9a54-4462-b6c1-6fc8116b8714,TCGA-44-2655,2010-10-09 00:00:00,Lung Adenocarcinoma,YES,NO,Female,Lung,WHITE,NOT HISPANIC OR LATINO,[Not Available],Yes,R-Upper,[Not Available],2009,[Not Available],[Not Available],R0,6th,T1,N0,M0,Stage IA,[Not Applicable],[Not Applicable],[Not Applicable],[Not Applicable],YES,91,[Not Available],100,[Not Available],73,NO,[Not Available],[Not Available],[Not Available],[Not Available],[Not Available],[Not Available],3,No,1958,1988,30,[Not Available],0,Pre-Adjuvant Therapy,[Not Available],[Not Available],[Not Available],TUMOR FREE,[Not Available],65,[Not Applicable],0,[Not Available],[Not Available],[Not Available],[Not Available],[Not Applicable],[Not Available],[Not Available],[Not Available],[Not Available],C34.1,8140/3,C34.1,YES,[Not Available],[Not Available],[Not Available],[Not Available],[Not Available],44,0:LIVING,43.5,1:Recurred/Progressed,33.15,matched
TCGA-44-2657-01Z-00-DX1.b7f608bd-2381-40a2-a757-ca4648a7de8a,TCGA-44-2657-01,TCGA-44-2657,0.3809210480137073,stroma-high,13.519348822514369,13.519348822514369,10.257348666843297,27.58456383597147,72.41543616402853,20,5,5,5,5,20,21,0.7241543616402853,0.7221568408737391,13.519348822514369,10.257348666843297,13.388669002610893,0.890613355544116,32.330304,/data1/deasy/Himangi/female_psg_negative_features/TCGA-44-2657/tils_tsr_wsi_summary.csv,f40301ba-831e-4afd-9ce8-5f3c1a05ff7e,TCGA-44-2657,2010-10-08 00:00:00,Lung Adenocarcinoma,YES,NO,Female,Lung,WHITE,NOT HISPANIC OR LATINO,[Not Available],No,L-Upper,[Not Available],2009,[Not Available],[Not Available],R0,6th,T2,NX,M0,Stage IB,[Not Applicable],[Not Applicable],[Not Applicable],[Not Applicable],YES,120,147,78,87,96,NO,[Not Available],[Not Available],[Not Available],[Not Available],[Not Available],[Not Available],4,No,1959,2006,25,[Not Available],0,Pre-Adjuvant Therapy,[Not Available],[Not Available],[Not Available],TUMOR FREE,[Not Available],74,[Not Applicable],0,[Not Available],[Not Available],[Not Available],[Not Available],[Not Applicable],[Not Available],[Not Available],[Not Available],[Not Available],C34.1,8140/3,C34.1,YES,[Not Available],[Not Available],[Not Available],[Not Available],[Not Available],44,0:LIVING,44.38,0:DiseaseFree,44.38,matched
TCGA-44-2659-01Z-00-DX1.b33f40e6-bc18-48b0-8dad-bdb0a6a200b5,TCGA-44-2659-01,TCGA-44-2659,0.38015742738214664,stroma-high,6.086424223853934,6.086424223853934,6.640807802939275,27.544497449339616,72.45550255066038,10,4,4,4,4,10,9,0.7245550255066038,0.720761909236119,6.086424223853934,6.640807802939275,10.054632061293486,0.8678917472109398,7.88544,/data1/deasy/Himangi/female_psg_negative_features/TCGA-44-2659/tils_tsr_wsi_summary.csv,bf15f7ad-9d92-473b-91d1-f24aa373ab97,TCGA-44-2659,2010-10-11 00:00:00,Lung Adenocarcinoma,YES,NO,Female,Lung,WHITE,NOT HISPANIC OR LATINO,[Not Available],No,[Discrepancy],[Not Available],2009,[Not Available],[Not Available],R0,6th,T1,N1,M0,Stage IIB,[Not Applicable],[Not Applicable],[Not Applicable],[Not Applicable],YES,64,73,77,87,67,NO,[Not Available],[Not Available],[Not Available],[Not Available],[Not Available],[Not Available],4,No,1965,2003,57,[Not Available],1,Other,[Not Available],[Not Available],[Not Available],TUMOR FREE,[Not Available],65,[Not Available],0,[Not Available],[Not Available],[Not Available],[Not Available],[Not Applicable],[Not Available],[Not Available],[Not Available],[Not Available],C34.3,8140/3,C34.3,YES,[Not Available],[Not Available],[Not Available],[Not Available],[Not Available],44,0:LIVING,44.91,1:Recurred/Progressed,37.65,matched
TCGA-44-2661-01Z-00-DX1.20cfa0f8-e3ca-4c26-9dfe-b9d416cd94b1,TCGA-44-2661-01,TCGA-44-2661,0.8748267331634618,stroma-high,30.84886258196078,30.84886258196078,29.82808889931044,46.661737732282894,53.338262267717106,8,4,4,4,4,8,4,0.5333826226771711,0.4655296233922103,30.84886258196078,29.82808889931044,0.0,0.9853054299121139,140.989203,/data1/deasy/Himangi/female_psg_negative_features/TCGA-44-2661/tils_tsr_wsi_summary.csv,f3501466-cf32-4866-b5fb-e94dd32341bc,TCGA-44-2661,2010-10-08 00:00:00,Lung Adenocarcinoma,YES,NO,Female,Lung,WHITE,NOT HISPANIC OR LATINO,[Not Available],Yes,L-Upper,[Not Available],2009,[Not Available],[Not Available],R0,6th,T1,N0,M0,Stage IA,[Not Applicable],[Not Applicable],[Not Applicable],[Not Applicable],YES,[Not Available],[Not Available],[Not Available],[Not Available],[Not Available],NO,[Not Available],[Not Available],[Not Available],[Not Available],[Not Available],[Not Available],1,No,[Not Available],[Not Available],[Not Available],[Not Available],1,Pre-Adjuvant Therapy,[Not Available],[Not Available],[Not Available],TUMOR FREE,[Not Available],69,[Not Applicable],0,[Not Available],[Not Available],[Not Available],[Not Available],[Not Applicable],[Not Available],[Not Available],[Not Available],[Not Available],C34.1,8140/3,C34.1,YES,[Not Available],[Not Available],[Not Available],[Not Available],[Not Available],44,0:LIVING,38.07,0:DiseaseFree,38.07,matched
TCGA-44-2665-01Z-00-DX1.d429e37e-3915-4da6-b5bc-bf2f09f4fbf7,TCGA-44-2665-01,TCGA-44-2665,1.1145853302140454,stroma-low,16.248637810765846,16.248637810765846,9.177588602333064,52.70940426420263,47.29059573579737,12,3,3,3,3,12,11,0.4729059573579737,0.4713871805180329,16.248637810765846,9.177588602333064,19.231598967963524,0.9651117544764766,46.844442,/data1/deasy/Himangi/female_psg_negative_features/TCGA-44-2665/tils_tsr_wsi_summary.csv,fb79c491-7b01-42ae-8369-8364e442e31b,TCGA-44-2665,2010-10-13 00:00:00,Lung Adenocarcinoma,YES,NO,Female,Lung,WHITE,NOT HISPANIC OR LATINO,[Not Available],No,R-Upper,[Not Available],2009,[Not Available],[Not Available],R0,6th,T2,N1,M0,Stage IIB,[Not Applicable],[Not Applicable],[Not Applicable],[Not Applicable],YES,114,105,79,79,71,NO,[Not Available],[Not Available],[Not Available],[Not Available],[Not Available],[Not Available],1,No,[Not Available],[Not Available],[Not Available],[Not Available],1,Pre-Adjuvant Therapy,[Not Available],[Not Available],[Not Available],TUMOR FREE,[Not Available],55,[Not Applicable],0,[Not Available],[Not Available],FPPP,[Not Available],[Not Applicable],[Not Available],[Not Available],[Not Available],[Not Available],C34.1,8140/3,C34.1,YES,[Not Available],[Not Available],TCGA,[Not Available],[Not Available],44,0:LIVING,42.74,0:DiseaseFree,42.74,matched
TCGA-44-3396-01Z-00-DX1.187b0a68-ad51-4fcd-819c-b74a8599dbe9,TCGA-44-3396-01,TCGA-44-3396,1.4595126562755558,stroma-low,40.855728663087305,40.855728663087305,12.898644344956226,59.34153876181707,40.658461238182916,13,8,8,8,8,13,6,0.4065846123818292,0.42550395156247905,40.855728663087305,12.898644344956226,43.63807370887234,0.8335253750204157,73.97528400000002,/data1/deasy/Himangi/female_psg_negative_features/TCGA-44-3396/tils_tsr_wsi_summary.csv,3bd6badb-27ff-4d8d-b206-4d28dc264862,TCGA-44-3396,2010-10-18 00:00:00,Lung Adenocarcinoma,YES,NO,Female,Lung,WHITE,NOT HISPANIC OR LATINO,[Not Available],No,[Discrepancy],[Not Available],2009,[Not Available],[Not Available],R0,7th,T2,N2,M0,Stage IIIA,[Not Applicable],[Not Applicable],[Not Applicable],[Not Applicable],YES,89,[Not Available],98,[Not Available],48,NO,[Not Available],[Not Available],[Not Available],[Not Available],[Not Available],[Not Available],2,No,1959,[Not Available],50,[Not Available],1,Other,[Not Available],[Not Available],[Not Available],TUMOR FREE,[Not Available],74,[Not Available],0,[Not Available],[Not Available],[Not Available],[Not Available],[Not Applicable],[Not Available],[Not Available],[Not Available],[Not Available],C34.1,8140/3,C34.1,YES,[Not Available],[Not Available],[Not Available],[Not Available],[Not Available],44,0:LIVING,37.12,0:DiseaseFree,37.12,matched
TCGA-44-3398-01Z-00-DX1.74757c91-a0c6-4e7f-b2db-8748c68ffa44,TCGA-44-3398-01,TCGA-44-3398,0.7405238731610516,stroma-high,13.174455604709623,13.174455604709623,14.042805100432112,42.54603367296247,57.453966327037534,23,2,2,2,2,23,44,0.5745396632703753,0.5603268313225096,13.174455604709623,14.042805100432112,12.190591935655991,0.8143335239021325,46.191429,/data1/deasy/Himangi/female_psg_negative_features/TCGA-44-3398/tils_tsr_wsi_summary.csv,ffb0c0b7-165e-4439-b3e6-62431f40b7fe,TCGA-44-3398,2010-10-11 00:00:00,Lung Adenocarcinoma,YES,NO,Female,Lung,WHITE,NOT HISPANIC OR LATINO,[Not Available],No,R-Lower,[Not Available],2009,[Not Available],[Not Available],R0,6th,T1b,N0,M0,Stage IA,[Not Applicable],[Not Applicable],[Not Applicable],[Not Applicable],YES,87,96,84,89,60,NO,[Not Available],[Not Available],[Not Available],[Not Available],[Not Available],[Not Available],4,No,1959,2009,60,[Not Available],[Not Available],[Not Available],[Not Available],[Not Available],[Not Available],TUMOR FREE,[Not Available],77,[Not Applicable],0,[Not Available],[Not Available],[Not Available],[Not Available],[Not Applicable],[Not Available],[Not Available],[Not Available],[Not Available],C34.3,8140/3,C34.3,YES,[Not Available],[Not Available],[Not Available],[Not Available],[Not Available],44,0:LIVING,38.21,0:DiseaseFree,38.21,matched
TCGA-44-3919-01Z-00-DX1.41144972-46a1-4b25-9faa-ed1b9d1996d2,TCGA-44-3919-01,TCGA-44-3919,0.6397679296431783,stroma-high,33.778489011539804,33.778489011539804,23.762764332401446,39.015760588902054,60.98423941109795,8,5,5,5,5,8,3,0.6098423941109795,0.6128967036069357,33.778489011539804,23.762764332401446,33.601481789538724,0.8456846429561894,15.302682,/data1/deasy/Himangi/female_psg_negative_features/TCGA-44-3919/tils_tsr_wsi_summary.csv,66ed89f6-8ba2-49d0-af0f-4b6ebf2381bf,TCGA-44-3919,2010-10-07 00:00:00,Lung Adenocarcinoma,YES,NO,Female,Lung,WHITE,NOT HISPANIC OR LATINO,[Not Available],No,R-Upper,[Not Available],2010,[Not Available],[Not Available],R0,7th,T1,N0,M0,Stage IA,[Not Applicable],[Not Applicable],[Not Applicable],[Not Applicable],YES,100,[Not Available],99,[Not Available],103,NO,[Not Available],[Not Available],[Not Available],[Not Available],[Not Available],[Not Available],1,No,[Not Available],[Not Available],[Not Available],[Not Available],[Not Available],[Not Available],[Not Available],[Not Available],[Not Available],TUMOR FREE,[Not Available],71,[Not Applicable],0,[Not Available],[Not Available],[Not Available],[Not Available],[Not Applicable],[Not Available],[Not Available],[Not Available],[Not Available],C34.1,8140/3,C34.1,YES,[Not Available],[Not Available],[Not Available],[Not Available],[Not Available],44,1:DECEASED,33.71,1:Recurred/Progressed,32.33,matched
TCGA-44-4112-01Z-00-DX1.5380b3b4-0e24-4c6c-aa8c-298c5fbe068f,TCGA-44-4112-01,TCGA-44-4112,1.4812311124731212,stroma-low,11.447333448518709,11.447333448518709,3.8063112057377766,59.69742621019819,40.302573789801805,7,2,2,2,2,7,5,0.40302573789801804,0.4012909727705193,11.447333448518709,3.8063112057377766,9.504876000636486,0.9531737587326607,73.889037,/data1/deasy/Himangi/female_psg_negative_features/TCGA-44-4112/tils_tsr_wsi_summary.csv,68b86559-38b2-41f2-b66e-c3c2b628b14d,TCGA-44-4112,2010-10-12 00:00:00,Lung Adenocarcinoma,YES,NO,Female,Lung,WHITE,NOT HISPANIC OR LATINO,[Not Available],No,R-Upper,[Not Available],2010,[Not Available],[Not Available],R0,6th,T2a,N0,M0,Stage IB,[Not Applicable],[Not Applicable],[Not Applicable],[Not Applicable],YES,[Not Available],[Not Available],[Not Available],[Not Available],[Not Available],NO,[Not Available],[Not Available],[Not Available],[Not Available],[Not Available],[Not Available],3,No,1972,1992,30,[Not Available],[Not Available],[Not Available],[Not Available],[Not Available],[Not Available],[Not Available],[Not Available],60,[Not Applicable],0,[Not Available],[Not Available],FPPP,[Not Available],[Not Applicable],[Not Available],[Not Available],[Not Available],[Not Available],C34.1,8140/3,C34.1,YES,[Not Available],[Not Available],TCGA,[Not Available],[Not Available],44,1:DECEASED,26.54,1:Recurred/Progressed,20.34,matched
TCGA-44-5644-01Z-00-DX1.7e4edaa7-25c6-49f4-81bc-f50d6c5fac38,TCGA-44-5644-01,TCGA-44-5644,1.1255691101590062,stroma-low,14.484319464328488,14.484319464328488,3.531998302377559,52.95377622771373,47.04622377228626,14,5,5,5,5,14,11,0.4704622377228626,0.4813990922588385,14.484319464328488,3.531998302377559,33.73139997933246,0.9101752843238436,51.403212,/data1/deasy/Himangi/female_psg_negative_features/TCGA-44-5644/tils_tsr_wsi_summary.csv,1fc81cd4-fa89-4135-8c3c-027ffae82b05,TCGA-44-5644,2011-10-12 00:00:00,Lung Adenocarcinoma,YES,NO,Female,Lung,WHITE,NOT HISPANIC OR LATINO,[Not Available],No,R-Lower,[Not Available],2010,[Not Available],[Not Available],[Not Available],7th,T2a,N0,[Not Available],Stage IB,[Not Applicable],[Not Applicable],[Not Applicable],[Not Applicable],YES,59,[Not Available],103,[Not Available],61,[Not Available],[Not Available],[Not Available],[Not Available],[Not Available],[Not Available],[Not Available],2,No,1975,[Not Available],17.5,[Not Available],[Not Available],[Not Available],[Not Available],[Not Available],[Not Available],TUMOR FREE,[Not Available],51,[Not Applicable],0,[Not Available],[Not Available],[Not Available],[Not Available],[Not Applicable],[Not Available],[Not Available],[Not Available],[Not Available],C34.3,8140/3,C34.3,YES,[Not Available],[Not Available],[Not Available],[Not Available],[Not Available],44,0:LIVING,28.35,0:DiseaseFree,28.35,matched
TCGA-44-5645-01Z-00-DX1.8b0d89d7-7849-49a6-a2f5-a8faf2c5aab4,TCGA-44-5645-01,TCGA-44-5645,0.7077132754242765,stroma-high,13.256737521515102,13.256737521515102,16.07237925971379,41.44216043811261,58.55783956188739,11,10,10,10,10,11,1,0.5855783956188739,0.5533662679059339,13.256737521515102,16.07237925971379,0.0,0.8777750101849909,84.053862,/data1/deasy/Himangi/female_psg_negative_features/TCGA-44-5645/tils_tsr_wsi_summary.csv,ddeacccf-0953-4952-8a4e-c2617f2e7bcc,TCGA-44-5645,2011-04-13 00:00:00,Lung Adenocarcinoma,YES,NO,Female,Lung,BLACK OR AFRICAN AMERICAN,NOT HISPANIC OR LATINO,[Not Available],No,L-Upper,[Not Available],2010,[Not Available],[Not Available],[Not Available],7th,T1,NX,[Not Available],Stage IA,[Not Applicable],[Not Applicable],[Not Applicable],[Not Applicable],YES,100,[Not Available],90,[Not Available],82,[Not Available],[Not Available],[Not Available],[Not Available],[Not Available],[Not Available],[Not Available],3,No,1963,1973,5,[Not Available],[Not Available],[Not Available],[Not Available],[Not Available],[Not Available],TUMOR FREE,[Not Available],61,[Not Applicable],0,[Not Available],[Not Available],FPPP,[Not Available],[Not Applicable],[Not Available],[Not Available],[Not Available],[Not Available],C34.1,8140/3,C34.1,YES,[Not Available],[Not Available],TCGA,[Not Available],[Not Available],44,0:LIVING,27.99,0:DiseaseFree,27.99,matched
TCGA-44-6145-01Z-00-DX1.175ad655-b054-407d-bb22-3a4f85849488,TCGA-44-6145-01,TCGA-44-6145,1.0505631658256898,stroma-low,20.939599550633467,20.939599550633467,9.723285735767211,51.23290924825839,48.76709075174161,7,5,5,5,5,7,2,0.4876709075174161,0.4786751554071573,20.939599550633467,9.723285735767211,41.19566666262328,0.9381481188838208,58.697244000000005,/data1/deasy/Himangi/female_psg_negative_features/TCGA-44-6145/tils_tsr_wsi_summary.csv,6144d666-8f77-4efe-95f1-f9e5c4e5e056,TCGA-44-6145,2011-05-31 00:00:00,Lung Adenocarcinoma,YES,NO,Female,Lung,WHITE,NOT HISPANIC OR LATINO,[Not Available],No,R-Upper,[Not Available],2011,[Not Available],[Not Available],[Not Available],7th,T1,N0,M0,Stage IA,[Not Applicable],[Not Applicable],[Not Applicable],[Not Applicable],YES,71,90,77,91,73,NO,NO,[Not Available],[Not Available],[Not Available],[Not Available],[Not Available],4,No,1963,1999,75,[Not Available],0,Preoperative,[Not Available],[Not Available],[Not Available],TUMOR FREE,[Not Available],62,[Not Applicable],0,[Not Available],[Not Available],[Not Available],[Not Available],[Not Applicable],[Not Available],[Not Available],[Not Available],[Not Available],C34.1,8140/3,C34.1,YES,[Not Available],[Not Available],[Not Available],[Not Available],[Not Available],44,0:LIVING,19.55,0:DiseaseFree,19.55,matched
TCGA-44-6147-01Z-00-DX1.a34a9f49-e86b-43ee-9e2d-7ef35da0aecf,TCGA-44-6147-01,TCGA-44-6147,0.800086079104424,stroma-high,12.528168292495756,12.528168292495756,4.226147017701379,44.447101079881776,55.552898920118224,11,5,5,5,5,11,8,0.5555289892011822,0.5584823597276367,12.528168292495756,4.226147017701379,1.8055231469456894,0.8899726322246009,61.11216,/data1/deasy/Himangi/female_psg_negative_features/TCGA-44-6147/tils_tsr_wsi_summary.csv,889aec8e-14ba-48d9-8fe1-f2416e82b333,TCGA-44-6147,2011-07-05 00:00:00,Lung Adenocarcinoma,YES,NO,Female,Lung,WHITE,NOT HISPANIC OR LATINO,[Not Available],Yes,R-Upper,[Not Available],2010,[Not Available],[Not Available],[Not Available],7th,T1b,NX,M0,Stage IA,[Not Applicable],[Not Applicable],[Not Applicable],[Not Applicable],YES,97,[Not Available],105,[Not Available],68,[Not Available],[Not Available],[Not Available],[Not Available],[Not Available],[Not Available],[Not Available],3,No,1976,1980,[Not Available],[Not Available],[Not Available],[Not Available],[Not Available],[Not Available],[Not Available],TUMOR FREE,[Not Available],67,[Not Applicable],0,[Not Available],[Not Available],FPPP,[Not Available],[Not Applicable],[Not Available],[Not Available],[Not Available],[Not Available],C34.1,8140/3,C34.1,YES,[Not Available],[Not Available],TCGA,[Not Available],[Not Available],44,0:LIVING,27.76,0:DiseaseFree,27.76,matched
TCGA-44-6774-01Z-00-DX1.f169485b-f863-4be0-9844-258d78170b64,TCGA-44-6774-01,TCGA-44-6774,1.0448566675080617,stroma-low,24.268566519497963,24.268566519497963,5.073540616533749,51.09681691193363,48.90318308806637,8,6,6,6,6,8,2,0.4890318308806637,0.5024813730855798,24.268566519497963,5.073540616533749,50.18674633300483,0.840131775487048,50.75019900000001,/data1/deasy/Himangi/female_psg_negative_features/TCGA-44-6774/tils_tsr_wsi_summary.csv,33c71ead-4c2a-476d-85ef-885dbbfc2cbd,TCGA-44-6774,2011-08-24 00:00:00,Lung Adenocarcinoma,YES,NO,Female,Lung,WHITE,NOT HISPANIC OR LATINO,[Not Available],No,L-Lower,[Not Available],2011,[Not Available],[Not Available],[Not Available],7th,T1,N2,M0,Stage IIIA,[Not Applicable],[Not Applicable],[Not Applicable],[Not Applicable],YES,96,[Not Available],84,[Not Available],101,[Not Available],[Not Available],[Not Available],[Not Available],[Not Available],[Not Available],[Not Available],2,No,1971,[Not Available],20,[Not Available],1,Other,[Not Available],[Not Available],[Not Available],[Not Available],[Not Available],56,[Not Applicable],0,[Not Available],[Not Available],[Not Available],[Not Available],[Not Applicable],[Not Available],[Not Available],[Not Available],[Not Available],C34.3,8140/3,C34.3,YES,[Not Available],[Not Available],[Not Available],[Not Available],[Not Available],44,0:LIVING,21.62,0:DiseaseFree,21.62,matched
TCGA-44-6775-01Z-00-DX1.38d3bc6d-8bb5-4126-8d61-d39e6a1d7bcf,TCGA-44-6775-01,TCGA-44-6775,0.8851040714011595,stroma-high,35.102851156903434,35.102851156903434,17.265610500949656,46.95253088829624,53.04746911170375,20,11,9,11,11,20,9,0.5304746911170375,0.5192958389234151,35.102851156903434,17.265610500949656,49.99990496406977,0.8404548902160756,107.180379,/data1/deasy/Himangi/female_psg_negative_features/TCGA-44-6775/tils_tsr_wsi_summary.csv,3c4ff061-d214-4d1c-8d2e-3034f207c252,TCGA-44-6775,2011-08-24 00:00:00,Lung Adenocarcinoma,YES,NO,Female,Lung,WHITE,HISPANIC OR LATINO,[Not Available],No,R-Upper,[Not Available],2011,[Not Available],[Not Available],RX,7th,T2a,N0,MX,Stage IB,[Not Applicable],[Not Applicable],[Not Applicable],[Not Applicable],YES,68,72,84,89,66,[Not Available],[Not Available],[Not Available],[Not Available],[Not Available],[Not Available],[Not Available],4,No,1955,2005,25,[Not Available],[Not Available],[Not Available],[Not Available],[Not Available],[Not Available],[Not Available],[Not Available],72,[Not Applicable],0,[Not Available],[Not Available],FPPP,[Not Available],[Not Applicable],[Not Available],[Not Available],[Not Available],[Not Available],C34.1,8140/3,C34.1,YES,[Not Available],[Not Available],TCGA,[Not Available],[Not Available],44,0:LIVING,23.16,1:Recurred/Progressed,22.47,matched
TCGA-44-6776-01Z-00-DX1.551e200f-5f40-4b95-8b2f-7c6000a21be0,TCGA-44-6776-01,TCGA-44-6776,2.3220513793196376,stroma-low,52.93365798856183,52.93365798856183,11.76332580967912,69.89811758405729,30.1018824159427,5,3,3,3,3,5,2,0.301018824159427,0.2956059238641575,52.93365798856183,11.76332580967912,54.00167571648357,0.9459200528814097,124.602273,/data1/deasy/Himangi/female_psg_negative_features/TCGA-44-6776/tils_tsr_wsi_summary.csv,c2a1de2e-6451-4c95-8ce6-263f2b7e6eff,TCGA-44-6776,2011-08-25 00:00:00,Lung Adenocarcinoma,NO,YES,Female,Lung,WHITE,[Not Available],[Not Available],Yes,R-Upper,[Not Available],2005,[Not Available],[Not Available],[Not Available],6th,T1,N0,MX,Stage IA,[Not Applicable],[Not Applicable],[Not Applicable],[Not Applicable],YES,74,82,95,85,80,[Not Available],[Not Available],[Not Available],[Not Available],[Not Available],[Not Available],[Not Available],4,No,1960,2005,45,[Not Available],[Not Available],[Not Available],[Not Available],[Not Available],[Not Available],TUMOR FREE,[Not Available],60,[Not Applicable],0,[Not Available],[Not Available],[Not Available],[Not Available],[Not Applicable],[Not Available],[Not Available],[Not Available],[Not Available],C34.1,8140/3,C34.1,YES,[Not Available],[Not Available],[Not Available],[Not Available],[Not Available],44,0:LIVING,85.94,0:DiseaseFree,85.94,matched
TCGA-44-6779-01Z-00-DX1.40f10ad8-55f3-4043-a89b-37d33a26dd8c,TCGA-44-6779-01,TCGA-44-6779,1.5239370000566401,stroma-low,1.9004424877811295,1.9004424877811295,1.9172737467636356,60.37935970756961,39.620640292430394,3,2,2,2,2,3,1,0.3962064029243039,0.3919434216819228,1.9004424877811295,1.9172737467636356,0.0,0.9146079112210548,72.028566,/data1/deasy/Himangi/female_psg_negative_features/TCGA-44-6779/tils_tsr_wsi_summary.csv,cbbea9f1-396a-4bf3-b67c-2cac3394dceb,TCGA-44-6779,2011-08-31 00:00:00,Lung Adenocarcinoma,NO,YES,Female,Lung,WHITE,[Not Available],[Not Available],No,[Discrepancy],[Not Available],2008,[Not Available],[Not Available],[Not Available],6th,T2,N1,MX,Stage IIB,[Not Applicable],[Not Applicable],[Not Applicable],[Not Applicable],YES,49,48,83,83,44,[Not Available],[Not Available],[Not Available],[Not Available],[Not Available],[Not Available],[Not Available],4,No,1978,2008,15,[Not Available],[Not Available],[Not Available],[Not Available],[Not Available],[Not Available],WITH TUMOR,[Not Available],50,[Not Available],0,[Not Available],[Not Available],[Not Available],[Not Available],[Not Applicable],[Not Available],[Not Available],[Not Available],[Not Available],C34.1,8140/3,C34.9,YES,[Not Available],[Not Available],[Not Available],[Not Available],[Not Available],44,1:DECEASED,16.43,1:Recurred/Progressed,7.62,matched
TCGA-44-7667-01Z-00-DX1.2be2e379-7368-4fa7-a619-ace84febecb3,TCGA-44-7667-01,TCGA-44-7667,1.5678951407982915,stroma-low,19.826536365845424,19.826536365845424,4.559685316873444,61.05759989525406,38.94240010474595,23,15,15,15,15,23,9,0.3894240010474595,0.41688675309760004,19.826536365845424,4.559685316873444,32.644879277610926,0.9322648110331268,40.696262999999995,/data1/deasy/Himangi/female_psg_negative_features/TCGA-44-7667/tils_tsr_wsi_summary.csv,7f6455e8-fa3d-4452-acb2-8c9995073072,TCGA-44-7667,2011-12-21 00:00:00,Lung Adenocarcinoma,YES,NO,Female,Lung,WHITE,NOT HISPANIC OR LATINO,[Not Available],No,R-Lower,[Not Available],2009,[Not Available],[Not Available],[Not Available],6th,T3,N0,MX,Stage IIB,[Not Applicable],[Not Applicable],[Not Applicable],[Not Applicable],YES,74,[Not Available],104,[Not Available],50,NO,[Not Available],[Not Available],[Not Available],[Not Available],[Not Available],[Not Available],2,No,1974,[Not Available],50,[Not Available],[Not Available],[Not Available],[Not Available],[Not Available],[Not Available],TUMOR FREE,[Not Available],49,[Not Applicable],0,[Not Available],[Not Available],[Not Available],[Not Available],[Not Applicable],[Not Available],[Not Available],[Not Available],[Not Available],C34.3,8140/3,C34.3,YES,[Not Available],[Not Available],[Not Available],[Not Available],[Not Available],44,0:LIVING,36.04,0:DiseaseFree,36.04,matched
TCGA-44-7672-01Z-00-DX1.71f4a0c6-a9cc-481c-ace8-c8c314952aa1,TCGA-44-7672-01,TCGA-44-7672,0.9560913430804552,stroma-high,52.62906752968052,52.62906752968052,19.165602871704184,48.87764298239781,51.12235701760219,14,11,11,11,11,14,3,0.5112235701760219,0.5876473018484579,52.62906752968052,19.165602871704184,46.617080588775025,0.8779767860663352,17.914734,/data1/deasy/Himangi/female_psg_negative_features/TCGA-44-7672/tils_tsr_wsi_summary.csv,4036c6fc-c82e-47bb-a384-6f299dc30b52,TCGA-44-7672,2012-01-10 00:00:00,Lung Adenocarcinoma,YES,NO,Female,Lung,WHITE,NOT HISPANIC OR LATINO,[Not Available],No,L-Upper,[Not Available],2010,[Not Available],[Not Available],[Not Available],7th,T1b,N0,M0,Stage IA,[Not Applicable],[Not Applicable],[Not Applicable],[Not Applicable],YES,105,[Not Available],90,[Not Available],82,[Not Available],[Not Available],[Not Available],[Not Available],[Not Available],[Not Available],[Not Available],2,No,1980,[Not Available],20,[Not Available],[Not Available],[Not Available],[Not Available],[Not Available],[Not Available],TUMOR FREE,[Not Available],52,[Not Applicable],0,[Not Available],[Not Available],[Not Available],[Not Available],[Not Applicable],[Not Available],[Not Available],[Not Available],[Not Available],C34.1,8140/3,C34.1,YES,[Not Available],[Not Available],[Not Available],[Not Available],[Not Available],44,0:LIVING,23.62,0:DiseaseFree,23.62,matched
TCGA-44-A47A-01Z-00-DX1.62448803-3A7B-41EC-9794-67916DA0792E,TCGA-44-A47A-01,TCGA-44-A47A,1.040920407630976,stroma-low,30.306996179093776,30.306996179093776,10.423948173195253,51.002498859778534,48.997501140221466,19,5,5,5,5,19,17,0.48997501140221467,0.5060293753877537,30.306996179093776,10.423948173195253,37.385984411170526,0.8748552122955875,88.190697375,/data1/deasy/Himangi/female_psg_negative_features/TCGA-44-A47A/tils_tsr_wsi_summary.csv,7B9479FF-23D6-4689-91F0-02EFC94300F9,TCGA-44-A47A,2012-11-27 00:00:00,Lung Adenocarcinoma,YES,NO,Female,Lung,WHITE,NOT HISPANIC OR LATINO,[Not Available],No,R-Upper,[Not Available],2012,[Not Available],[Not Available],R0,7th,T2a,N0,MX,Stage IB,[Not Applicable],[Not Applicable],[Not Applicable],[Not Applicable],NO,[Not Available],[Not Available],[Not Available],[Not Available],[Not Available],NO,[Not Available],[Not Available],NO,[Not Available],NO,[Not Available],4,No,1970,2010,80,[Not Available],1,Preoperative,NO,[Not Available],Complete Remission/Response,TUMOR FREE,NO,78,[Not Applicable],0,[Not Available],[Not Available],[Not Available],[Not Available],[Not Applicable],[Not Available],[Not Available],[Not Available],[Not Available],C34.1,8140/3,C34.1,YES,[Not Available],[Not Available],[Not Available],[Not Available],NO,44,0:LIVING,15.31,1:Recurred/Progressed,13.14,matched
TCGA-44-A47G-01Z-00-DX1.810F67EC-3A0C-4056-B736-3331A11412CC,TCGA-44-A47G-01,TCGA-44-A47G,0.5813311868385154,stroma-high,24.82441471261725,24.82441471261725,22.43496465822328,36.76214013085676,63.23785986914323,7,3,3,3,3,7,5,0.6323785986914323,0.6152012643320486,24.82441471261725,22.43496465822328,19.673522605283218,0.9850203186882772,31.295084625,/data1/deasy/Himangi/female_psg_negative_features/TCGA-44-A47G/tils_tsr_wsi_summary.csv,DA345947-498B-4272-A231-A987ED4FE151,TCGA-44-A47G,2012-11-27 00:00:00,Lung Adenocarcinoma,YES,NO,Female,Lung,WHITE,NOT HISPANIC OR LATINO,[Not Available],No,R-Upper,[Not Available],2012,[Not Available],[Not Available],R0,7th,T1,N0,M0,Stage IA,[Not Applicable],[Not Applicable],[Not Applicable],[Not Applicable],YES,100,[Not Available],113,[Not Available],85,NO,[Not Available],[Not Available],NO,[Not Available],NO,[Not Available],4,No,1956,2012,28,[Not Available],0,Preoperative,NO,[Not Available],Complete Remission/Response,TUMOR FREE,NO,73,[Not Applicable],0,[Not Available],[Not Available],[Not Available],[Not Available],[Not Applicable],[Not Available],[Not Available],[Not Available],[Not Available],C34.1,8140/3,C34.1,YES,[Not Available],[Not Available],[Not Available],[Not Available],NO,44,0:LIVING,11.53,0:DiseaseFree,11.53,matched
TCGA-44-A4SU-01Z-00-DX1.AE2607C1-B208-4557-ADB4-6AAF03C6D3A9,TCGA-44-A4SU-01,TCGA-44-A4SU,2.016611121849824,stroma-low,12.993379182477488,12.993379182477488,2.4412546199729004,66.85021835407186,33.14978164592814,4,4,4,4,4,4,0,0.33149781645928134,0.3304614634585783,12.993379182477488,2.4412546199729004,,0.9043859721274009,104.90016175000001,/data1/deasy/Himangi/female_psg_negative_features/TCGA-44-A4SU/tils_tsr_wsi_summary.csv,BF34664D-423D-4257-99D4-797F7D366455,TCGA-44-A4SU,2013-01-29 00:00:00,Lung Adenocarcinoma,YES,NO,Female,Lung,WHITE,NOT HISPANIC OR LATINO,[Not Available],No,R-Lower,[Not Available],2012,[Not Available],[Not Available],R0,7th,T1a,N0,MX,Stage IA,[Not Applicable],[Not Applicable],[Not Applicable],[Not Applicable],YES,88,95,100,100,74,[Not Available],[Not Available],[Not Available],[Not Available],[Not Available],[Not Available],[Not Available],4,No,1961,2011,50,[Not Available],1,Preoperative,NO,[Not Available],Complete Remission/Response,TUMOR FREE,NO,67,[Not Applicable],0,[Not Available],[Not Available],[Not Available],[Not Available],[Not Applicable],[Not Available],[Not Available],[Not Available],[Not Available],C34.3,8140/3,C34.3,YES,[Not Available],[Not Available],[Not Available],[Not Available],NO,44,1:DECEASED,13.44,1:Recurred/Progressed,8.54,matched
TCGA-49-4487-01Z-00-DX1.3a3a0720-463c-430e-849b-e2f8991bdfa5,TCGA-49-4487-01,TCGA-49-4487,0.7412995163869691,stroma-high,29.91095647729476,29.91095647729476,25.12484957833706,42.571625927117644,57.42837407288235,37,6,6,6,6,37,46,0.5742837407288235,0.5580435534291431,29.91095647729476,25.12484957833706,31.531035472702396,0.9051320568476658,59.88025968749999,/data1/deasy/Himangi/female_psg_negative_features/TCGA-49-4487/tils_tsr_wsi_summary.csv,bd4e9a9f-17f3-4d33-92fc-fcc45dd0e7b4,TCGA-49-4487,2011-08-09 00:00:00,Lung Adenocarcinoma,NO,YES,Female,Lung,WHITE,NOT HISPANIC OR LATINO,[Not Available],No,L-Upper,[Not Available],1992,[Not Available],[Not Available],R0,3rd,T1,N0,M0,Stage IA,[Not Applicable],[Not Applicable],[Not Applicable],[Not Applicable],[Not Available],[Not Available],[Not Available],[Not Available],[Not Available],[Not Available],[Not Available],[Not Available],[Not Available],[Not Available],[Not Available],[Not Available],[Not Available],4,No,[Not Available],[Not Available],40,[Not Available],[Not Available],[Not Available],[Not Available],[Not Available],[Not Available],WITH TUMOR,[Not Available],72,[Not Applicable],0,[Not Available],[Not Available],[Not Available],[Not Available],[Not Applicable],[Not Available],[Not Available],[Not Available],[Not Available],C34.1,8140/3,C34.1,YES,[Not Available],[Not Available],[Not Available],[Not Available],[Not Available],49,1:DECEASED,28.09,1:Recurred/Progressed,22.9,matched
TCGA-49-4488-01Z-00-DX6.3ce306b2-1b00-48f7-8288-c24069037a9c,TCGA-49-4488-01,TCGA-49-4488,2.177348524477253,stroma-low,46.77871697227446,46.77871697227446,20.957778944919987,68.52721719709602,31.47278280290397,4,4,4,4,4,4,0,0.3147278280290397,0.31573444012482776,46.77871697227446,20.957778944919987,,0.8696544322678029,56.799809999999994,/data1/deasy/Himangi/female_psg_negative_features/TCGA-49-4488/tils_tsr_wsi_summary.csv,d721bfe0-90e3-415e-b9f3-1a270efa5fbb,TCGA-49-4488,2011-08-09 00:00:00,Lung Adenocarcinoma,NO,YES,Female,Lung,WHITE,NOT HISPANIC OR LATINO,[Not Available],No,L-Lower,[Not Available],1992,[Not Available],[Not Available],R0,3rd,T1,N0,MX,Stage IA,[Not Applicable],[Not Applicable],[Not Applicable],[Not Applicable],[Not Available],[Not Available],[Not Available],[Not Available],[Not Available],[Not Available],[Not Available],[Not Available],[Not Available],[Not Available],[Not Available],[Not Available],[Not Available],3,No,[Not Available],1964,[Not Available],[Not Available],[Not Available],[Not Available],[Not Available],[Not Available],[Not Available],[Not Available],[Not Available],74,[Not Applicable],0,[Not Available],[Not Available],[Not Available],[Not Available],[Not Applicable],[Not Available],[Not Available],[Not Available],[Not Available],C34.3,8140/3,C34.3,YES,[Not Available],[Not Available],[Not Available],[Not Available],[Not Available],49,1:DECEASED,28.55,1:Recurred/Progressed,20.83,matched
TCGA-49-4501-01Z-00-DX1.9c4bf212-5e32-449e-8710-cf7a3594156e,TCGA-49-4501-01,TCGA-49-4501,0.6506141759754361,stroma-high,12.959653873489923,12.959653873489923,14.248423737659907,39.4164902643559,60.5835097356441,37,7,7,7,7,37,41,0.605835097356441,0.5842556015980466,12.959653873489923,14.248423737659907,7.187928719214442,0.9925370786344924,132.647886,/data1/deasy/Himangi/female_psg_negative_features/TCGA-49-4501/tils_tsr_wsi_summary.csv,0780eb43-d5b5-4c3d-9825-beacba5cc723,TCGA-49-4501,2011-02-02 00:00:00,Lung Adenocarcinoma,NO,YES,Female,Lung,WHITE,NOT HISPANIC OR LATINO,[Not Available],Yes,R-Upper,[Not Available],1996,[Not Available],[Not Available],R0,[Not Available],T2,N0,M0,Stage IB,[Not Applicable],[Not Applicable],[Not Applicable],[Not Applicable],[Not Available],[Not Available],[Not Available],[Not Available],[Not Available],[Not Available],[Not Available],[Not Available],[Not Available],[Not Available],[Not Available],[Not Available],[Not Available],1,No,[Not Available],[Not Available],[Not Available],[Not Available],1,Preoperative,[Not Available],[Not Available],[Not Available],WITH TUMOR,[Not Available],67,[Not Applicable],0,[Not Available],[Not Available],[Not Available],[Not Available],[Not Applicable],[Not Available],[Not Available],[Not Available],[Not Available],C34.1,8140/3,C34.1,YES,[Not Available],[Not Available],[Not Available],[Not Available],[Not Available],49,1:DECEASED,46.68,1:Recurred/Progressed,17.9,matched
TCGA-49-4510-01Z-00-DX2.e0552b15-6bd7-4660-8a60-9edd0d638e7e,TCGA-49-4510-01,TCGA-49-4510,2.3939807157130235,stroma-low,37.66756726950485,37.66756726950485,20.63569189366753,70.53607301389998,29.463926986100013,19,6,6,6,6,19,14,0.29463926986100014,0.2734032198092899,37.66756726950485,20.63569189366753,39.51154177756174,0.9856758179361375,193.649157,/data1/deasy/Himangi/female_psg_negative_features/TCGA-49-4510/tils_tsr_wsi_summary.csv,f77b6930-a1ce-446e-a15d-c018cbbecfee,TCGA-49-4510,2011-02-03 00:00:00,Lung Adenocarcinoma,NO,YES,Female,Lung,BLACK OR AFRICAN AMERICAN,NOT HISPANIC OR LATINO,[Not Available],No,L-Upper,[Not Available],2001,[Not Available],[Not Available],R0,5th,T2,N1,M0,Stage IIB,[Not Applicable],[Not Applicable],[Not Applicable],[Not Applicable],NO,[Not Available],[Not Available],[Not Available],[Not Available],[Not Available],[Not Available],[Not Available],[Not Available],[Not Available],[Not Available],[Not Available],[Not Available],2,No,[Not Available],[Not Available],55.5,[Not Available],1,Pre-Adjuvant Therapy,[Not Available],[Not Available],[Not Available],WITH TUMOR,[Not Available],51,[Not Applicable],0,[Not Available],[Not Available],[Not Available],[Not Available],[Not Applicable],[Not Available],[Not Available],[Not Available],[Not Available],C34.1,8140/3,C34.1,YES,[Not Available],[Not Available],[Not Available],[Not Available],[Not Available],49,1:DECEASED,29.43,1:Recurred/Progressed,16.49,matched
TCGA-49-4512-01Z-00-DX4.5161fcf5-62a3-4f7d-8a55-9a24a7d70efb,TCGA-49-4512-01,TCGA-49-4512,0.7380037333485132,stroma-high,7.954227962401665,7.954227962401665,10.087584596592567,42.462724284639094,57.537275715360906,34,17,17,17,17,34,24,0.575372757153609,0.5569538632725383,7.954227962401665,10.087584596592567,4.826378828371145,0.8613251235821932,145.535652,/data1/deasy/Himangi/female_psg_negative_features/TCGA-49-4512/tils_tsr_wsi_summary.csv,a1e65587-24c1-4b41-92a7-4e1f15fffd78,TCGA-49-4512,2011-08-09 00:00:00,Lung Adenocarcinoma,NO,YES,Female,Lung,WHITE,NOT HISPANIC OR LATINO,[Not Available],No,R-Middle,[Not Available],2007,[Not Available],[Not Available],R1,6th,T2,N2,MX,Stage IIIA,[Not Applicable],[Not Applicable],[Not Applicable],[Not Applicable],[Not Available],[Not Available],[Not Available],[Not Available],[Not Available],[Not Available],[Not Available],[Not Available],[Not Available],[Not Available],[Not Available],[Not Available],[Not Available],1,No,[Not Available],[Not Available],[Not Available],[Not Available],[Not Available],[Not Available],[Not Available],[Not Available],[Not Available],WITH TUMOR,[Not Available],69,[Not Applicable],0,[Not Available],[Not Available],[Not Available],[Not Available],[Not Applicable],[Not Available],[Not Available],[Not Available],[Not Available],C34.2,8140/3,C34.2,YES,[Not Available],[Not Available],[Not Available],[Not Available],[Not Available],49,1:DECEASED,29.73,[Not Available],[Not Available],matched
TCGA-49-4514-01Z-00-DX2.f1565a36-257d-432e-a84d-47c1d7a0185f,TCGA-49-4514-01,TCGA-49-4514,0.719717705839923,stroma-high,69.16063847054473,69.16063847054473,42.71040278298421,41.850921427154084,58.149078572845916,60,2,2,2,2,60,88,0.5814907857284591,0.6926433537294633,69.16063847054473,42.71040278298421,74.51986660717728,0.9973887092147993,49.727556,/data1/deasy/Himangi/female_psg_negative_features/TCGA-49-4514/tils_tsr_wsi_summary.csv,b87a5d92-4c09-48fe-bb08-b3c89a7c892e,TCGA-49-4514,2011-08-09 00:00:00,Lung Adenocarcinoma,NO,YES,Female,Lung,WHITE,[Not Available],[Not Available],No,L-Upper,[Not Available],2007,[Not Available],[Not Available],R0,6th,T1,N0,M0,Stage IA,[Not Applicable],[Not Applicable],[Not Applicable],[Not Applicable],[Not Available],[Not Available],[Not Available],[Not Available],[Not Available],[Not Available],[Not Available],[Not Available],[Not Available],[Not Available],[Not Available],[Not Available],[Not Available],3,No,[Not Available],[Not Available],65,[Not Available],[Not Available],[Not Available],[Not Available],[Not Available],[Not Available],TUMOR FREE,[Not Available],79,[Not Applicable],0,[Not Available],[Not Available],[Not Available],[Not Available],[Not Applicable],[Not Available],[Not Available],[Not Available],[Not Available],C34.1,8260/3,C34.1,YES,[Not Available],[Not Available],[Not Available],[Not Available],[Not Available],49,0:LIVING,55.85,0:DiseaseFree,55.85,matched
TCGA-49-6744-01Z-00-DX3.fa64d744-6caa-4f62-8689-33da9c312838,TCGA-49-6744-01,TCGA-49-6744,1.8495122466105027,stroma-low,24.14558284480684,24.14558284480684,19.92818231859156,64.90627470755737,35.09372529244262,30,18,18,18,18,30,13,0.3509372529244262,0.3288017525769566,24.14558284480684,19.92818231859156,38.520931298383495,0.9092323129525519,174.748743,/data1/deasy/Himangi/female_psg_negative_features/TCGA-49-6744/tils_tsr_wsi_summary.csv,15340dd3-84ae-49fb-989a-eb212f3e73da,TCGA-49-6744,2011-08-10 00:00:00,Lung Adenocarcinoma,NO,YES,Female,Lung,WHITE,[Not Available],[Not Available],No,L-Upper,[Not Available],2010,[Not Available],[Not Available],R0,7th,T2a,N1,MX,Stage IIA,[Not Applicable],[Not Applicable],[Not Applicable],[Not Applicable],[Not Available],[Not Available],[Not Available],[Not Available],[Not Available],[Not Available],YES,YES,[Not Available],[Not Available],[Not Available],[Not Available],[Not Available],4,No,[Not Available],[Not Available],20,[Not Available],[Not Available],[Not Available],[Not Available],[Not Available],[Not Available],TUMOR FREE,[Not Available],64,[Not Applicable],0,[Not Available],[Not Available],[Not Available],[Not Available],[Not Applicable],[Not Available],[Not Available],[Not Available],[Not Available],C34.1,8255/3,C34.1,YES,[Not Available],[Not Available],[Not Available],[Not Available],[Not Available],49,0:LIVING,55.29,0:DiseaseFree,55.29,matched
TCGA-49-AARN-01Z-00-DX1.E13AA041-978E-427D-AFA5-D3180224A03A,TCGA-49-AARN-01,TCGA-49-AARN,0.5268503263285932,stroma-high,25.74617995783184,25.74617995783184,10.786555784935496,34.50569562999915,65.49430437000085,21,10,10,10,10,21,12,0.6549430437000084,0.6703595049233226,25.74617995783184,10.786555784935496,30.967249009254882,0.9748994388124842,27.204768,/data1/deasy/Himangi/female_psg_negative_features/TCGA-49-AARN/tils_tsr_wsi_summary.csv,98EF41FA-3015-445A-BBDC-984361C911F7,TCGA-49-AARN,2014-06-19 00:00:00,Lung Adenocarcinoma,NO,YES,Female,Lung,BLACK OR AFRICAN AMERICAN,NOT HISPANIC OR LATINO,[Not Available],"Yes, History of Synchronous/Bilateral Malignancy",R-Lower,[Not Available],2000,[Not Available],[Not Available],R0,5th,T1,N0,MX,Stage IA,[Not Applicable],[Not Applicable],[Not Applicable],[Not Applicable],YES,94.4,101.1,80.2,85.9,110.6,[Not Available],[Not Available],[Not Available],[Not Available],[Not Available],[Not Available],[Not Available],5,No,[Not Available],[Not Available],[Not Available],90,1,Preoperative,NO,[Not Available],Complete Remission/Response,[Not Available],[Not Available],56,[Not Applicable],0,[Not Available],[Not Available],[Not Available],[Not Available],[Not Applicable],[Not Available],[Not Available],[Not Available],[Not Available],C34.3,8140/3,C34.3,YES,[Not Available],[Not Available],[Not Available],[Not Available],NO,49,1:DECEASED,37.29,[Not Available],[Not Available],matched
TCGA-49-AARQ-01Z-00-DX1.3FA36419-1658-4602-9170-84A622787C3E,TCGA-49-AARQ-01,TCGA-49-AARQ,2.887564906050775,stroma-low,22.691383483634105,22.691383483634105,3.8433058209227635,74.27695680543992,25.723043194560084,5,5,5,5,5,5,0,0.25723043194560086,0.25943959746587175,22.691383483634105,3.8433058209227635,,0.8969704988406143,155.46637800000002,/data1/deasy/Himangi/female_psg_negative_features/TCGA-49-AARQ/tils_tsr_wsi_summary.csv,9A2A226E-9605-4214-9320-469305E664E6,TCGA-49-AARQ,2014-06-19 00:00:00,Lung Adenocarcinoma,NO,YES,Female,Lung,BLACK OR AFRICAN AMERICAN,NOT HISPANIC OR LATINO,[Not Available],No,R-Upper,[Not Available],1996,[Not Available],[Not Available],R0,4th,T2,N0,MX,Stage I,[Not Applicable],[Not Applicable],[Not Applicable],[Not Applicable],YES,82.2,56.1,83.2,56.8,99.9,[Not Available],[Not Available],[Not Available],[Not Available],[Not Available],[Not Available],[Not Available],4,No,[Not Available],2007,60,90,1,Preoperative,NO,[Not Available],Complete Remission/Response,TUMOR FREE,NO,41,[Not Applicable],0,[Not Available],[Not Available],[Not Available],[Not Available],[Not Applicable],[Not Available],[Not Available],[Not Available],[Not Available],C34.1,8140/3,C34.1,YES,[Not Available],[Not Available],[Not Available],[Not Available],NO,49,0:LIVING,221.16,0:DiseaseFree,221.16,matched
TCGA-4B-A93V-01Z-00-DX1.C263DC1C-298D-47ED-AAF8-128043828530,TCGA-4B-A93V-01,TCGA-4B-A93V,0.9349036435747484,stroma-high,20.87685200424971,20.87685200424971,8.548797185829638,48.317839840722364,51.682160159277636,30,7,7,7,7,30,29,0.5168216015927763,0.5199644407042134,20.87685200424971,8.548797185829638,19.97898698859279,0.999797847455084,167.54758375,/data1/deasy/Himangi/female_psg_negative_features/TCGA-4B-A93V/tils_tsr_wsi_summary.csv,F1F80DD2-891D-46DD-A3E0-F007628CB515,TCGA-4B-A93V,2014-11-11 00:00:00,Lung Adenocarcinoma,YES,NO,Female,Lung,BLACK OR AFRICAN AMERICAN,NOT HISPANIC OR LATINO,[Not Available],No,R-Lower,Peripheral Lung,2013,[Not Available],[Not Available],R0,7th,T1b,N0,M0,Stage IA,[Not Applicable],[Not Applicable],[Not Applicable],[Not Applicable],NO,[Not Available],[Not Available],[Not Available],[Not Available],[Not Available],[Not Available],[Not Available],[Not Available],[Not Available],[Not Available],[Not Available],[Not Available],4,No,1984,2013,30,100,0,Preoperative,YES,[Not Available],Progressive Disease,WITH TUMOR,YES,52,[Not Applicable],0,[Not Available],[Not Available],[Not Available],[Not Available],[Not Applicable],[Not Available],[Not Available],[Not Available],[Not Available],C34.3,8140/3,C34.3,YES,[Not Available],[Not Available],[Not Available],[Not Available],NO,4B,1:DECEASED,9.86,1:Recurred/Progressed,8.25,matched
TCGA-50-5044-01Z-00-DX1.7E0E651F-411B-4784-B0FA-6EB612527430,TCGA-50-5044-01,TCGA-50-5044,1.6463800624839586,stroma-low,15.992092511604309,15.992092511604309,5.422874757663059,62.21253272814582,37.787467271854176,16,4,4,4,4,16,15,0.37787467271854175,0.37435765822408523,15.992092511604309,5.422874757663059,23.542078239006926,0.9728653159094188,171.05244299999998,/data1/deasy/Himangi/female_psg_negative_features/TCGA-50-5044/tils_tsr_wsi_summary.csv,fa0c7392-d485-41ac-bf7e-244a528209ae,TCGA-50-5044,2011-08-25 00:00:00,Lung Adenocarcinoma,NO,YES,Female,Lung,WHITE,NOT HISPANIC OR LATINO,[Not Available],No,R-Lower,[Not Available],2002,[Not Available],[Not Available],[Not Available],5th,T4,N1,M0,Stage IIIB,[Not Applicable],[Not Applicable],[Not Applicable],[Not Applicable],[Not Available],[Not Available],[Not Available],[Not Available],[Not Available],[Not Available],[Not Available],[Not Available],[Not Available],[Not Available],[Not Available],[Not Available],[Not Available],[Not Available],No,[Not Available],[Not Available],[Not Available],[Not Available],[Not Available],[Not Available],[Not Available],[Not Available],[Not Available],WITH TUMOR,[Not Available],72,[Not Applicable],0,[Not Available],[Not Available],[Not Available],[Not Available],[Not Applicable],[Not Available],[Not Available],[Not Available],[Not Available],C34.3,8140/3,C34.3,YES,[Not Available],[Not Available],[Not Available],[Not Available],[Not Available],50,1:DECEASED,20.5,1:Recurred/Progressed,15.87,matched
TCGA-50-5045-01Z-00-DX2.0FCA12EA-572E-4A7D-900D-6E200892170E,TCGA-50-5045-01,TCGA-50-5045,0.6765435297547919,stroma-high,24.531673215919227,24.531673215919227,14.860475032380815,40.35347235235472,59.64652764764528,36,3,3,3,3,36,45,0.5964652764764528,0.6046818768553691,24.531673215919227,14.860475032380815,17.546389052857727,0.9710219432129295,68.554044,/data1/deasy/Himangi/female_psg_negative_features/TCGA-50-5045/tils_tsr_wsi_summary.csv,9ee20c0d-a1c3-47f3-abda-131b3f190f52,TCGA-50-5045,2011-06-30 00:00:00,Lung Adenocarcinoma,NO,YES,Female,Lung,BLACK OR AFRICAN AMERICAN,NOT HISPANIC OR LATINO,[Not Available],No,R-Lower,[Not Available],2004,[Not Available],[Not Available],[Not Available],6th,T2,N1,M0,[Discrepancy],[Not Applicable],[Not Applicable],[Not Applicable],[Not Applicable],[Not Available],[Not Available],[Not Available],[Not Available],[Not Available],[Not Available],[Not Available],[Not Available],[Not Available],[Not Available],[Not Available],[Not Available],[Not Available],[Not Available],No,[Not Available],[Not Available],[Not Available],[Not Available],[Not Available],[Not Available],[Not Available],[Not Available],[Not Available],WITH TUMOR,[Not Available],57,[Not Applicable],0,[Not Available],[Not Available],[Not Available],[Not Available],[Not Applicable],[Not Available],[Not Available],[Not Available],[Not Available],C34.3,8140/3,C34.3,YES,[Not Available],[Not Available],[Not Available],[Not Available],[Not Available],50,1:DECEASED,71.42,1:Recurred/Progressed,47.08,matched
TCGA-50-5055-01Z-00-DX2.446EC3BB-2ED7-4253-8A39-AC68331F08E7,TCGA-50-5055-01,TCGA-50-5055,0.3634361897691274,stroma-high,37.320382656828855,37.320382656828855,22.42277596583672,26.65590018046012,73.34409981953988,130,7,7,7,7,130,222,0.7334409981953988,0.755245214268764,37.320382656828855,22.42277596583672,41.54572519947943,0.9545185345683557,129.703167,/data1/deasy/Himangi/female_psg_negative_features/TCGA-50-5055/tils_tsr_wsi_summary.csv,cc3d9750-7ce0-489f-86d4-8017b7ebed29,TCGA-50-5055,2011-07-02 00:00:00,Lung Adenocarcinoma,NO,YES,Female,Lung,WHITE,NOT HISPANIC OR LATINO,[Not Available],No,L-Lower,[Not Available],2008,[Not Available],[Not Available],R0,6th,T1,N1,M0,Stage IIA,[Not Applicable],[Not Applicable],[Not Applicable],[Not Applicable],[Not Available],[Not Available],[Not Available],[Not Available],[Not Available],[Not Available],YES,NO,[Not Available],YES,[Not Available],[Not Available],[Not Available],[Not Available],No,[Not Available],[Not Available],[Not Available],[Not Available],[Not Available],[Not Available],[Not Available],[Not Available],[Not Available],WITH TUMOR,[Not Available],79,[Not Applicable],0,[Not Available],[Not Available],[Not Available],[Not Available],[Not Applicable],[Not Available],[Not Available],[Not Available],[Not Available],C34.3,8255/3,C34.3,YES,[Not Available],[Not Available],[Not Available],[Not Available],[Not Available],50,1:DECEASED,60.12,1:Recurred/Progressed,25.33,matched
TCGA-50-5068-01Z-00-DX1.13f1c31e-4d4c-4562-8447-c5bbfbf670a9,TCGA-50-5068-01,TCGA-50-5068,0.7468350631955807,stroma-high,24.033387533454484,24.033387533454484,11.245192259216722,42.75361074040697,57.24638925959302,53,3,3,3,3,53,77,0.5724638925959302,0.5761755508563292,24.033387533454484,11.245192259216722,13.842612449904133,0.9965162548753824,174.88427399999998,/data1/deasy/Himangi/female_psg_negative_features/TCGA-50-5068/tils_tsr_wsi_summary.csv,591c068f-bbb1-4df2-9abb-d1a2e4a58372,TCGA-50-5068,2011-07-02 00:00:00,Lung Adenocarcinoma,NO,YES,Female,Lung,WHITE,NOT HISPANIC OR LATINO,[Not Available],No,R-Lower,[Not Available],2003,[Not Available],[Not Available],[Not Available],6th,T2,N1,MX,Stage IIB,[Not Applicable],[Not Applicable],[Not Applicable],[Not Applicable],[Not Available],[Not Available],[Not Available],[Not Available],[Not Available],[Not Available],[Not Available],[Not Available],[Not Available],[Not Available],[Not Available],[Not Available],[Not Available],[Not Available],No,[Not Available],[Not Available],[Not Available],[Not Available],[Not Available],[Not Available],[Not Available],[Not Available],[Not Available],WITH TUMOR,[Not Available],59,[Not Applicable],0,[Not Available],[Not Available],[Not Available],[Not Available],[Not Applicable],[Not Available],[Not Available],[Not Available],[Not Available],C34.3,8140/3,C34.3,YES,[Not Available],[Not Available],[Not Available],[Not Available],[Not Available],50,1:DECEASED,49.24,1:Recurred/Progressed,22.54,matched
TCGA-50-5942-01Z-00-DX1.da1b1274-8740-4c79-adf9-25800913eafa,TCGA-50-5942-01,TCGA-50-5942,1.842479128689535,stroma-low,13.510530090983028,13.510530090983028,4.327944446818194,64.81944265106956,35.180557348930435,6,3,3,3,3,6,3,0.35180557348930436,0.3459788923107814,13.510530090983028,4.327944446818194,28.75566377040732,0.7769155961515679,265.899501,/data1/deasy/Himangi/female_psg_negative_features/TCGA-50-5942/tils_tsr_wsi_summary.csv,75dd635e-8e0c-4c0b-b21c-20f77770218d,TCGA-50-5942,2011-08-26 00:00:00,Lung Adenocarcinoma,NO,YES,Female,Lung,WHITE,NOT HISPANIC OR LATINO,[Not Available],No,R-Upper,[Not Available],2009,[Not Available],[Not Available],R0,7th,T1,N0,M0,Stage IA,[Not Applicable],[Not Applicable],[Not Applicable],[Not Applicable],NO,[Not Available],[Not Available],[Not Available],[Not Available],[Not Available],[Not Available],[Not Available],[Not Available],[Not Available],[Not Available],[Not Available],[Not Available],4,No,[Not Available],2009,30,[Not Available],[Not Available],[Not Available],[Not Available],[Not Available],[Not Available],[Not Available],[Not Available],67,[Not Applicable],0,[Not Available],[Not Available],[Not Available],[Not Available],[Not Applicable],[Not Available],[Not Available],[Not Available],[Not Available],C34.1,8140/3,C34.1,YES,[Not Available],[Not Available],[Not Available],[Not Available],[Not Available],50,0:LIVING,60.68,1:Recurred/Progressed,45.27,matched
TCGA-50-6591-01Z-00-DX1.12e1050b-75e9-4059-b945-291995b3e93c,TCGA-50-6591-01,TCGA-50-6591,9.398950352562512,stroma-low,5.174717093319141,5.174717093319141,1.0058098706167653,90.38364482859964,9.616355171400349,2,2,2,2,2,2,0,0.09616355171400348,0.09719152266629219,5.174717093319141,1.0058098706167653,,0.9586748715368569,262.153917,/data1/deasy/Himangi/female_psg_negative_features/TCGA-50-6591/tils_tsr_wsi_summary.csv,9b132e4f-7e35-4cc5-8711-43ad62b906d0,TCGA-50-6591,2011-08-25 00:00:00,Lung Adenocarcinoma,NO,YES,Female,Lung,WHITE,NOT HISPANIC OR LATINO,[Not Available],No,L-Lower,[Not Available],2007,[Not Available],[Not Available],[Not Available],6th,T2,N0,M1,Stage IV,[Not Applicable],[Not Applicable],[Not Applicable],[Not Applicable],[Not Available],[Not Available],[Not Available],[Not Available],[Not Available],[Not Available],[Not Available],[Not Available],[Not Available],[Not Available],[Not Available],[Not Available],[Not Available],1,No,[Not Available],[Not Available],[Not Available],[Not Available],[Not Available],[Not Available],[Not Available],[Not Available],[Not Available],WITH TUMOR,[Not Available],63,[Not Applicable],0,[Not Available],[Not Available],[Not Available],[Not Available],[Not Applicable],[Not Available],[Not Available],[Not Available],[Not Available],C34.3,8140/3,C34.3,YES,[Not Available],[Not Available],[Not Available],[Not Available],[Not Available],50,1:DECEASED,3.91,[Not Available],[Not Available],matched
TCGA-50-6593-01Z-00-DX1.a63e298c-cbe7-44e8-8d8e-34ebb93530ca,TCGA-50-6593-01,TCGA-50-6593,0.8074834952754871,stroma-high,19.025658387014317,19.025658387014317,7.418786278912131,44.67446023082024,55.325539769179755,13,4,4,4,4,13,14,0.5532553976917975,0.5543357094432987,19.025658387014317,7.418786278912131,4.4617146056229116,0.9876616160911487,84.07850400000001,/data1/deasy/Himangi/female_psg_negative_features/TCGA-50-6593/tils_tsr_wsi_summary.csv,e10568fe-0436-43f2-9f0f-48f9903868c4,TCGA-50-6593,2011-08-25 00:00:00,Lung Adenocarcinoma,NO,YES,Female,Lung,WHITE,NOT HISPANIC OR LATINO,[Not Available],No,R-Upper,[Not Available],2008,[Not Available],[Not Available],R0,6th,T1,N2,M0,Stage IIIA,[Not Applicable],[Not Applicable],[Not Applicable],[Not Applicable],NO,[Not Available],[Not Available],[Not Available],[Not Available],[Not Available],YES,NO,[Not Available],YES,[Not Available],YES,[Not Available],4,No,[Not Available],[Not Available],[Not Available],[Not Available],[Not Available],[Not Available],[Not Available],[Not Available],[Not Available],WITH TUMOR,[Not Available],49,[Not Applicable],0,[Not Available],[Not Available],[Not Available],[Not Available],[Not Applicable],[Not Available],[Not Available],[Not Available],[Not Available],C34.1,8255/3,C34.1,YES,[Not Available],[Not Available],[Not Available],[Not Available],[Not Available],50,1:DECEASED,11.04,1:Recurred/Progressed,8.74,matched
TCGA-50-8457-01Z-00-DX1.F4B6ECCE-F22B-43FC-9A08-4366A24A67A4,TCGA-50-8457-01,TCGA-50-8457,0.5960238388018424,stroma-high,7.461898915803909,7.461898915803909,6.8072716793631,37.34429425874277,62.65570574125723,20,11,11,11,11,20,12,0.6265570574125723,0.6166729734827572,7.461898915803909,6.8072716793631,6.271399276045591,0.9475414257785922,144.89778737499998,/data1/deasy/Himangi/female_psg_negative_features/TCGA-50-8457/tils_tsr_wsi_summary.csv,d45aee46-838e-44af-8422-46710b3240a8,TCGA-50-8457,2012-10-16 00:00:00,Lung Adenocarcinoma,YES,NO,Female,Lung,BLACK OR AFRICAN AMERICAN,NOT HISPANIC OR LATINO,[Not Available],No,R-Upper,[Not Available],2011,[Not Available],[Not Available],[Not Available],7th,T1a,N0,M0,Stage IA,[Not Applicable],[Not Applicable],[Not Applicable],[Not Applicable],NO,[Not Available],[Not Available],[Not Available],[Not Available],[Not Available],YES,YES,G12A,YES,[Not Available],YES,FISH,4,No,[Not Available],1997,30,[Not Available],[Not Available],[Not Available],NO,[Not Available],Complete Remission/Response,TUMOR FREE,NO,63,[Not Applicable],0,[Not Available],[Not Available],[Not Available],[Not Available],[Not Applicable],[Not Available],[Not Available],[Not Available],[Not Available],C34.1,8255/3,C34.1,YES,[Not Available],[Not Available],[Not Available],[Not Available],NO,50,0:LIVING,36.96,0:DiseaseFree,36.96,matched
TCGA-55-1595-01Z-00-DX1.6270c9cf-cd18-4fa5-b313-33350ad55f89,TCGA-55-1595-01,TCGA-55-1595,0.6682199772882768,stroma-high,3.0483030994021134,3.0483030994021134,1.3681449962916263,40.0558671149881,59.9441328850119,25,6,6,6,6,25,26,0.599441328850119,0.5995104790605836,3.0483030994021134,1.3681449962916263,0.9302967053387727,0.9580644068684596,107.020206,/data1/deasy/Himangi/female_psg_negative_features/TCGA-55-1595/tils_tsr_wsi_summary.csv,d31aeefc-b59b-42e9-9919-750b17a70a3d,TCGA-55-1595,2011-03-14 00:00:00,Lung Adenocarcinoma,[Not Available],[Not Available],Female,Lung,ASIAN,NOT HISPANIC OR LATINO,[Not Available],Yes,L-Lower,[Not Available],2004,[Not Available],[Not Available],[Not Available],6th,T1,N0,M0,Stage IA,[Not Applicable],[Not Applicable],[Not Applicable],[Not Applicable],[Not Available],[Not Available],[Not Available],[Not Available],[Not Available],[Not Available],[Not Available],[Not Available],[Not Available],[Not Available],[Not Available],[Not Available],[Not Available],4,No,1964,1993,[Not Available],[Not Available],[Not Available],[Not Available],[Not Available],[Not Available],[Not Available],TUMOR FREE,[Not Available],74,[Not Applicable],0,[Not Available],[Not Available],[Not Available],[Not Available],[Not Applicable],[Not Available],[Not Available],[Not Available],[Not Available],C34.3,8310/3,C34.3,YES,[Not Available],[Not Available],[Not Available],[Not Available],[Not Available],55,0:LIVING,48.59,0:DiseaseFree,48.59,matched
TCGA-55-6543-01Z-00-DX1.08806fe0-84d3-4fd6-8746-6cf557241958,TCGA-55-6543-01,TCGA-55-6543,0.8374253314688903,stroma-high,5.876314388878129,5.876314388878129,1.91489218841519,45.576019723175826,54.42398027682417,23,8,8,8,8,23,20,0.5442398027682417,0.5490064275526753,5.876314388878129,1.91489218841519,10.076835297518299,0.9510475041970431,52.696917,/data1/deasy/Himangi/female_psg_negative_features/TCGA-55-6543/tils_tsr_wsi_summary.csv,e68219b0-a9c2-49df-8f0d-db5ea97fd2dc,TCGA-55-6543,2010-12-03 00:00:00,Lung Adenocarcinoma,NO,YES,Female,Lung,WHITE,[Not Available],[Not Available],No,R-Upper,Peripheral Lung,2010,[Not Available],[Not Available],[Not Available],7th,T1b,N0,MX,Stage IA,[Not Applicable],[Not Applicable],[Not Applicable],[Not Applicable],[Not Available],[Not Available],[Not Available],[Not Available],[Not Available],[Not Available],[Not Available],[Not Available],[Not Available],[Not Available],[Not Available],[Not Available],[Not Available],4,No,[Not Available],2004,60,[Not Available],[Not Available],[Not Available],[Not Available],[Not Available],[Not Available],TUMOR FREE,[Not Available],60,[Not Applicable],0,[Not Available],[Not Available],[Not Available],[Not Available],[Not Applicable],[Not Available],[Not Available],[Not Available],[Not Available],C34.1,8253/3,C34.1,YES,[Not Available],[Not Available],[Not Available],[Not Available],[Not Available],55,0:LIVING,14.29,0:DiseaseFree,14.29,matched
TCGA-55-6981-01Z-00-DX1.5fecd134-42a0-40a2-be75-1e8bd14c5b30,TCGA-55-6981-01,TCGA-55-6981,0.3138785683080968,stroma-high,0.6536858190677217,0.6536858190677217,0.7710481921956074,23.889465577651016,76.11053442234898,22,1,1,1,1,22,30,0.7611053442234897,0.7606243091265557,0.6536858190677217,0.7710481921956074,0.1385579053321057,0.9767068269916416,30.67929,/data1/deasy/Himangi/female_psg_negative_features/TCGA-55-6981/tils_tsr_wsi_summary.csv,0a45f302-5748-48f3-9dc9-66c01843a68e,TCGA-55-6981,2011-07-27 00:00:00,Lung Adenocarcinoma,NO,YES,Female,Lung,WHITE,NOT HISPANIC OR LATINO,[Not Available],No,L-Upper,[Not Available],2005,[Not Available],[Not Available],R0,6th,T1,N2,M0,Stage IIIA,[Not Applicable],[Not Applicable],[Not Applicable],[Not Applicable],[Not Available],[Not Available],[Not Available],[Not Available],[Not Available],[Not Available],NO,[Not Available],[Not Available],NO,[Not Available],NO,[Not Available],3,No,[Not Available],[Not Available],[Not Available],[Not Available],[Not Available],[Not Available],[Not Available],[Not Available],[Not Available],TUMOR FREE,[Not Available],53,[Not Applicable],0,[Not Available],[Not Available],[Not Available],[Not Available],[Not Applicable],[Not Available],[Not Available],[Not Available],[Not Available],C34.1,8140/3,C34.1,YES,[Not Available],[Not Available],[Not Available],[Not Available],[Not Available],55,1:DECEASED,45.3,[Not Available],[Not Available],matched
TCGA-55-6982-01Z-00-DX1.055aeec1-2fc1-4796-b5df-c159335e0300,TCGA-55-6982-01,TCGA-55-6982,0.35263201207245354,stroma-high,0.636843968212544,0.636843968212544,1.4954212408013718,26.07006258355246,73.92993741644753,13,4,4,4,4,13,10,0.7392993741644753,0.737422605926659,0.636843968212544,1.4954212408013718,0.1936965026516565,0.9720482732091142,24.937704,/data1/deasy/Himangi/female_psg_negative_features/TCGA-55-6982/tils_tsr_wsi_summary.csv,35cb7841-9b09-465a-90c5-e3b8a9faad49,TCGA-55-6982,2011-07-26 00:00:00,Lung Adenocarcinoma,NO,YES,Female,Lung,WHITE,[Not Available],[Not Available],No,R-Lower,[Not Available],2004,[Not Available],[Not Available],[Not Available],6th,T2,N1,M0,Stage IIB,[Not Applicable],[Not Applicable],[Not Applicable],[Not Applicable],[Not Available],[Not Available],[Not Available],[Not Available],[Not Available],[Not Available],NO,[Not Available],[Not Available],NO,[Not Available],NO,[Not Available],1,No,[Not Available],[Not Available],[Not Available],[Not Available],[Not Available],[Not Available],[Not Available],[Not Available],[Not Available],WITH TUMOR,[Not Available],79,[Not Applicable],0,[Not Available],[Not Available],[Not Available],[Not Available],[Not Applicable],[Not Available],[Not Available],[Not Available],[Not Available],C34.3,8140/3,C34.3,YES,[Not Available],[Not Available],[Not Available],[Not Available],[Not Available],55,1:DECEASED,32.69,1:Recurred/Progressed,6.01,matched
TCGA-55-6984-01Z-00-DX1.d53e387a-9618-4486-98f3-a75604f25a7d,TCGA-55-6984-01,TCGA-55-6984,0.9399597004200007,stroma-high,15.18838791510358,15.18838791510358,9.425129722086261,48.45253745304604,51.54746254695395,38,11,11,11,11,38,29,0.5154746254695395,0.5126006840980362,15.18838791510358,9.425129722086261,6.133842632671901,0.9444942805697529,84.92865300000001,/data1/deasy/Himangi/female_psg_negative_features/TCGA-55-6984/tils_tsr_wsi_summary.csv,f063ddbb-1668-40df-9ec2-b0a23ca2c389,TCGA-55-6984,2011-07-27 00:00:00,Lung Adenocarcinoma,NO,YES,Female,Lung,WHITE,NOT HISPANIC OR LATINO,[Not Available],No,L-Lower,[Not Available],2006,[Not Available],[Not Available],[Not Available],6th,T2,N1,M0,Stage IIB,[Not Applicable],[Not Applicable],[Not Applicable],[Not Applicable],[Not Available],[Not Available],[Not Available],[Not Available],[Not Available],[Not Available],NO,[Not Available],[Not Available],NO,[Not Available],NO,[Not Available],[Not Available],No,[Not Available],[Not Available],[Not Available],[Not Available],[Not Available],[Not Available],[Not Available],[Not Available],[Not Available],WITH TUMOR,[Not Available],71,[Not Applicable],0,[Not Available],[Not Available],[Not Available],[Not Available],[Not Applicable],[Not Available],[Not Available],[Not Available],[Not Available],C34.3,8140/3,C34.3,YES,[Not Available],[Not Available],[Not Available],[Not Available],[Not Available],55,1:DECEASED,24.97,1:Recurred/Progressed,23.78,matched
TCGA-55-6985-01Z-00-DX1.428ad69e-c0ea-445e-8d38-fa2dab6eb81f,TCGA-55-6985-01,TCGA-55-6985,0.279008204187822,stroma-high,11.297096164316812,11.297096164316812,9.984823179449984,21.814418646750898,78.1855813532491,20,1,1,1,1,20,30,0.781855813532491,0.7804831545161429,11.297096164316812,9.984823179449984,2.232826304314857,0.9993646762974704,19.393254,/data1/deasy/Himangi/female_psg_negative_features/TCGA-55-6985/tils_tsr_wsi_summary.csv,e5cb0c86-8fe2-4cfc-b32b-e8ec3839ffc4,TCGA-55-6985,2011-07-26 00:00:00,Lung Adenocarcinoma,NO,YES,Female,Lung,WHITE,[Not Available],[Not Available],No,L-Upper,[Not Available],2004,[Not Available],[Not Available],R0,6th,T2,N0,MX,Stage IB,[Not Applicable],[Not Applicable],[Not Applicable],[Not Applicable],[Not Available],[Not Available],[Not Available],[Not Available],[Not Available],[Not Available],NO,[Not Available],[Not Available],NO,[Not Available],NO,[Not Available],4,No,[Not Available],2004,50,[Not Available],[Not Available],[Not Available],[Not Available],[Not Available],[Not Available],TUMOR FREE,[Not Available],58,[Not Applicable],0,[Not Available],[Not Available],[Not Available],[Not Available],[Not Applicable],[Not Available],[Not Available],[Not Available],[Not Available],C34.1,8140/3,C34.1,YES,[Not Available],[Not Available],[Not Available],[Not Available],[Not Available],55,0:LIVING,40.51,0:DiseaseFree,40.51,matched
TCGA-55-6986-01Z-00-DX1.ae52d41e-3cd6-4d36-b04b-2ea7d29bd8da,TCGA-55-6986-01,TCGA-55-6986,0.8293930779361022,stroma-high,15.998455249929814,15.998455249929814,8.951155752974742,45.33706221693004,54.66293778306996,13,4,4,4,4,13,12,0.5466293778306995,0.5405952915068251,15.998455249929814,8.951155752974742,9.396828583330743,0.9445091533764366,55.087191,/data1/deasy/Himangi/female_psg_negative_features/TCGA-55-6986/tils_tsr_wsi_summary.csv,028e99e9-5b9a-4954-bb6e-6d4709a3cea8,TCGA-55-6986,2011-07-26 00:00:00,Lung Adenocarcinoma,NO,YES,Female,Lung,WHITE,[Not Available],[Not Available],No,R-Lower,[Not Available],2004,[Not Available],[Not Available],[Not Available],6th,T2,N0,M0,Stage IB,[Not Applicable],[Not Applicable],[Not Applicable],[Not Applicable],[Not Available],[Not Available],[Not Available],[Not Available],[Not Available],[Not Available],NO,[Not Available],[Not Available],NO,[Not Available],NO,[Not Available],1,No,[Not Available],[Not Available],[Not Available],[Not Available],[Not Available],[Not Available],[Not Available],[Not Available],[Not Available],TUMOR FREE,[Not Available],74,[Not Applicable],0,[Not Available],[Not Available],[Not Available],[Not Available],[Not Applicable],[Not Available],[Not Available],[Not Available],[Not Available],C34.3,8252/3,C34.3,YES,[Not Available],[Not Available],[Not Available],[Not Available],[Not Available],55,0:LIVING,107.13,0:DiseaseFree,107.13,matched
TCGA-55-7281-01Z-00-DX1.a92dafa4-3a65-4f5c-97f0-83aff231274a,TCGA-55-7281-01,TCGA-55-7281,1.2827834550228767,stroma-low,15.852360230206127,15.852360230206127,12.554990983013994,56.19383004552315,43.80616995447685,3,2,2,2,2,3,1,0.43806169954476853,0.42077423551654075,15.852360230206127,12.554990983013994,23.95083282816989,0.8863130961485626,18.690957,/data1/deasy/Himangi/female_psg_negative_features/TCGA-55-7281/tils_tsr_wsi_summary.csv,659668e8-f0d9-4ff2-bbc8-9246f2ef49ab,TCGA-55-7281,2011-10-06 00:00:00,Lung Adenocarcinoma,YES,NO,Female,Lung,WHITE,[Not Available],[Not Available],No,R-Middle,[Not Available],2011,[Not Available],[Not Available],R0,7th,T1b,N0,M0,Stage IA,[Not Applicable],[Not Applicable],[Not Applicable],[Not Applicable],[Not Available],[Not Available],[Not Available],[Not Available],[Not Available],[Not Available],NO,[Not Available],[Not Available],[Not Available],[Not Available],[Not Available],[Not Available],4,No,[Not Available],[Not Available],20,[Not Available],[Not Available],[Not Available],[Not Available],[Not Available],[Not Available],TUMOR FREE,[Not Available],70,[Not Applicable],0,[Not Available],[Not Available],[Not Available],[Not Available],[Not Applicable],[Not Available],[Not Available],[Not Available],[Not Available],C34.2,8140/3,C34.2,YES,[Not Available],[Not Available],[Not Available],[Not Available],[Not Available],55,0:LIVING,28.65,1:Recurred/Progressed,11.14,matched
TCGA-55-7283-01Z-00-DX1.0f716216-0a46-404e-a4d4-5bb6d7e3f0d1,TCGA-55-7283-01,TCGA-55-7283,0.8728150747956633,stroma-high,9.320116355740387,9.320116355740387,3.6373429566435735,46.604445176782505,53.39555482321748,2,2,2,2,2,2,0,0.5339555482321748,0.5326092657368106,9.320116355740387,3.6373429566435735,,0.9620320849193338,11.852802,/data1/deasy/Himangi/female_psg_negative_features/TCGA-55-7283/tils_tsr_wsi_summary.csv,ccfdad76-cc45-447f-bed8-ede8f6a8844d,TCGA-55-7283,2011-10-06 00:00:00,Lung Adenocarcinoma,YES,NO,Female,Lung,WHITE,NOT HISPANIC OR LATINO,[Not Available],No,R-Upper,Central Lung,2011,[Not Available],[Not Available],[Not Available],7th,T3,N2,MX,Stage IIIA,[Not Applicable],[Not Applicable],[Not Applicable],[Not Applicable],YES,82,[Not Available],105,[Not Available],64,NO,[Not Available],[Not Available],NO,[Not Available],NO,[Not Available],3,No,1950,1961,5,100,0,Preoperative,[Not Available],[Not Available],[Not Available],WITH TUMOR,[Not Available],76,[Not Applicable],0,[Not Available],[Not Available],[Not Available],[Not Available],[Not Applicable],[Not Available],[Not Available],[Not Available],[Not Available],C34.1,8252/3,C34.1,YES,[Not Available],[Not Available],[Not Available],[Not Available],[Not Available],55,0:LIVING,20.01,0:DiseaseFree,20.01,matched
TCGA-55-7573-01Z-00-DX1.43a4bbd2-6a3b-4910-9356-2d750a736817,TCGA-55-7573-01,TCGA-55-7573,0.9364338019755221,stroma-high,16.88581000085173,16.88581000085173,8.301696168353603,48.35867877436273,51.64132122563726,2,1,1,1,1,2,1,0.5164132122563726,0.5059139512575078,16.88581000085173,8.301696168353603,4.830427493009221,0.9586809688429934,31.011957,/data1/deasy/Himangi/female_psg_negative_features/TCGA-55-7573/tils_tsr_wsi_summary.csv,8e41153b-9faf-45c3-8397-8a428ef5c0d5,TCGA-55-7573,2012-01-11 00:00:00,Lung Adenocarcinoma,YES,NO,Female,Lung,WHITE,NOT HISPANIC OR LATINO,[Not Available],Yes,R-Upper,Central Lung,2011,[Not Available],[Not Available],[Not Available],7th,T1b,N0,MX,Stage IA,[Not Applicable],[Not Applicable],[Not Applicable],[Not Applicable],YES,130,134,115,119,51,NO,[Not Available],[Not Available],NO,[Not Available],NO,[Not Available],3,No,[Not Available],1983,[Not Available],90,1,Preoperative,[Not Available],[Not Available],[Not Available],TUMOR FREE,[Not Available],72,[Not Applicable],0,[Not Available],[Not Available],[Not Available],[Not Available],[Not Applicable],[Not Available],[Not Available],[Not Available],[Not Available],C34.1,8140/3,C34.1,YES,[Not Available],[Not Available],[Not Available],[Not Available],[Not Available],55,0:LIVING,16,0:DiseaseFree,16,matched
TCGA-55-7574-01Z-00-DX1.09639e6a-d85f-4d84-abbc-0f5a6d679683,TCGA-55-7574-01,TCGA-55-7574,0.523322293690967,stroma-high,4.563310961422238,4.563310961422238,4.804007536577776,34.35401003834663,65.64598996165336,17,3,3,3,3,17,18,0.6564598996165336,0.6515928993284934,4.563310961422238,4.804007536577776,0.8583617937509909,0.9138079708342777,28.141164,/data1/deasy/Himangi/female_psg_negative_features/TCGA-55-7574/tils_tsr_wsi_summary.csv,a7911bdc-13f1-434a-bfa3-f8ba55d15846,TCGA-55-7574,2012-01-11 00:00:00,Lung Adenocarcinoma,YES,NO,Female,Lung,WHITE,NOT HISPANIC OR LATINO,[Not Available],No,R-Upper,[Not Available],2011,[Not Available],[Not Available],R1,7th,T2a,N0,M0,Stage IB,[Not Applicable],[Not Applicable],[Not Applicable],[Not Applicable],[Not Available],[Not Available],[Not Available],[Not Available],[Not Available],[Not Available],NO,[Not Available],[Not Available],[Not Available],[Not Available],[Not Available],[Not Available],4,No,1971,2011,2,[Not Available],[Not Available],[Not Available],[Not Available],[Not Available],[Not Available],WITH TUMOR,[Not Available],64,[Not Applicable],0,[Not Available],[Not Available],[Not Available],[Not Available],[Not Applicable],[Not Available],[Not Available],[Not Available],[Not Available],C34.1,8140/3,C34.1,YES,[Not Available],[Not Available],[Not Available],[Not Available],[Not Available],55,1:DECEASED,32.69,1:Recurred/Progressed,15.7,matched
TCGA-55-7725-01Z-00-DX1.4d678777-63b1-4f4a-932a-7fccabf504c7,TCGA-55-7725-01,TCGA-55-7725,1.5852208905396437,stroma-low,32.36897041045308,32.36897041045308,14.904038339239506,61.31858582531963,38.681414174680384,6,2,2,2,2,6,5,0.38681414174680384,0.3909305054627249,32.36897041045308,14.904038339239506,22.018171838665666,0.8378452659394678,18.777204,/data1/deasy/Himangi/female_psg_negative_features/TCGA-55-7725/tils_tsr_wsi_summary.csv,9fcdccae-676e-4071-93c3-23d2d3ab0c00,TCGA-55-7725,2012-03-08 00:00:00,Lung Adenocarcinoma,YES,NO,Female,Lung,WHITE,NOT HISPANIC OR LATINO,[Not Available],Yes,R-Lower,Central Lung,2011,[Not Available],[Not Available],R0,7th,T1a,N0,MX,Stage IA,[Not Applicable],[Not Applicable],[Not Applicable],[Not Applicable],YES,61,64,89,88,[Not Available],NO,[Not Available],[Not Available],NO,[Not Available],NO,[Not Available],3,No,1963,1994,16,90,1,Preoperative,[Not Available],[Not Available],[Not Available],TUMOR FREE,[Not Available],68,[Not Applicable],0,[Not Available],[Not Available],[Not Available],[Not Available],[Not Applicable],[Not Available],[Not Available],[Not Available],[Not Available],C34.3,8140/3,C34.3,YES,[Not Available],[Not Available],[Not Available],[Not Available],[Not Available],55,0:LIVING,14.52,0:DiseaseFree,14.52,matched
TCGA-55-7728-01Z-00-DX1.1d47a5fe-cab5-4d5a-a62b-16f345334d25,TCGA-55-7728-01,TCGA-55-7728,1.8752915976103521,stroma-low,38.73512292348632,38.73512292348632,5.389414250077662,65.22091878155601,34.779081218443984,1,1,1,1,1,1,0,0.34779081218443986,0.37180882305375906,38.73512292348632,5.389414250077662,,0.9844587349720537,22.990986,/data1/deasy/Himangi/female_psg_negative_features/TCGA-55-7728/tils_tsr_wsi_summary.csv,db769d5c-a794-448d-9130-38a82d051c95,TCGA-55-7728,2012-03-08 00:00:00,Lung Adenocarcinoma,YES,NO,Female,Lung,WHITE,NOT HISPANIC OR LATINO,[Not Available],No,L-Upper,[Not Available],2011,[Not Available],[Not Available],R0,7th,T2a,N0,MX,Stage IB,[Not Applicable],[Not Applicable],[Not Applicable],[Not Applicable],YES,67,74,[Not Available],[Not Available],64,NO,[Not Available],[Not Available],NO,[Not Available],NO,[Not Available],4,No,1980,1996,30,[Not Available],[Not Available],[Not Available],[Not Available],[Not Available],[Not Available],TUMOR FREE,[Not Available],64,[Not Applicable],0,[Not Available],[Not Available],[Not Available],[Not Available],[Not Applicable],[Not Available],[Not Available],[Not Available],[Not Available],C34.1,8480/3,C34.1,YES,[Not Available],[Not Available],[Not Available],[Not Available],[Not Available],55,0:LIVING,23.13,0:DiseaseFree,23.13,matched
TCGA-55-7816-01Z-00-DX1.A58C6196-E1A0-48B3-9B77-2EDCD7A43CBA,TCGA-55-7816-01,TCGA-55-7816,0.3182156870059623,stroma-high,4.868627540504303,4.868627540504303,3.7000224111336326,24.139880153354827,75.86011984664516,64,16,16,16,16,64,68,0.7586011984664517,0.7583478163660345,4.868627540504303,3.7000224111336326,3.5970717477828233,0.9716162579008749,75.749508,/data1/deasy/Himangi/female_psg_negative_features/TCGA-55-7816/tils_tsr_wsi_summary.csv,548b0b68-ff45-4d45-adbe-984259e4a68b,TCGA-55-7816,2012-03-09 00:00:00,Lung Adenocarcinoma,YES,NO,Female,Lung,WHITE,NOT HISPANIC OR LATINO,[Not Available],No,R-Upper,[Not Available],2011,[Not Available],[Not Available],[Not Available],7th,TX,NX,MX,Stage IV,[Not Applicable],[Not Applicable],[Not Applicable],[Not Applicable],NO,[Not Available],[Not Available],[Not Available],[Not Available],[Not Available],[Not Available],[Not Available],[Not Available],[Not Available],[Not Available],[Not Available],[Not Available],1,No,[Not Available],[Not Available],[Not Available],[Not Available],[Not Available],[Not Available],[Not Available],[Not Available],[Not Available],WITH TUMOR,[Not Available],49,[Not Applicable],0,[Not Available],[Not Available],[Not Available],[Not Available],[Not Applicable],[Not Available],[Not Available],[Not Available],[Not Available],C34.1,8140/3,C34.1,YES,[Not Available],[Not Available],[Not Available],[Not Available],[Not Available],55,1:DECEASED,15.37,[Not Available],[Not Available],matched
TCGA-55-7910-01Z-00-DX1.041e15d5-4852-49f6-85d9-74b510497651,TCGA-55-7910-01,TCGA-55-7910,1.5734149727903135,stroma-low,10.118531731587908,10.118531731587908,2.649882224298882,61.141129177634504,38.85887082236549,37,10,8,10,10,37,47,0.3885887082236549,0.39247042988096825,10.118531731587908,2.649882224298882,1.1326218311565792,0.9395800882854749,192.306168,/data1/deasy/Himangi/female_psg_negative_features/TCGA-55-7910/tils_tsr_wsi_summary.csv,b2bc53d6-ef78-4ae9-a6b5-1c7cad9a43eb,TCGA-55-7910,2012-03-10 00:00:00,Lung Adenocarcinoma,YES,NO,Female,Lung,BLACK OR AFRICAN AMERICAN,NOT HISPANIC OR LATINO,[Not Available],No,L-Lower,Peripheral Lung,2011,[Not Available],[Not Available],R0,7th,T2b,N0,M0,Stage IIA,[Not Applicable],[Not Applicable],[Not Applicable],[Not Applicable],YES,86,91,97,91,44,[Not Available],[Not Available],[Not Available],[Not Available],[Not Available],[Not Available],[Not Available],4,No,1996,2011,15,80,1,Preoperative,[Not Available],[Not Available],[Not Available],WITH TUMOR,[Not Available],50,[Not Applicable],0,[Not Available],[Not Available],[Not Available],[Not Available],[Not Applicable],[Not Available],[Not Available],[Not Available],[Not Available],C34.3,8140/3,C34.3,YES,[Not Available],[Not Available],[Not Available],[Not Available],[Not Available],55,0:LIVING,34.17,1:Recurred/Progressed,33.44,matched
TCGA-55-7911-01Z-00-DX1.081bc002-06ee-4218-a25f-26c0e6c4b333,TCGA-55-7911-01,TCGA-55-7911,0.9881020012531109,stroma-high,54.19146608026436,54.19146608026436,37.20599625543955,49.70076991172008,50.29923008827992,14,5,5,5,5,14,10,0.5029923008827992,0.5211574300813266,54.19146608026436,37.20599625543955,60.54126834544703,0.9681071829830531,25.701606,/data1/deasy/Himangi/female_psg_negative_features/TCGA-55-7911/tils_tsr_wsi_summary.csv,1f0a5312-0590-4230-9da9-fd0cfe693586,TCGA-55-7911,2012-03-10 00:00:00,Lung Adenocarcinoma,YES,NO,Female,Lung,WHITE,NOT HISPANIC OR LATINO,[Not Available],No,R-Middle,[Not Available],2011,[Not Available],[Not Available],R0,7th,T1a,N0,MX,Stage IA,[Not Applicable],[Not Applicable],[Not Applicable],[Not Applicable],YES,64,86,[Not Available],[Not Available],[Not Available],NO,[Not Available],[Not Available],NO,[Not Available],NO,[Not Available],3,No,1959,1981,96,[Not Available],[Not Available],[Not Available],[Not Available],[Not Available],[Not Available],TUMOR FREE,[Not Available],70,[Not Applicable],0,[Not Available],[Not Available],[Not Available],[Not Available],[Not Applicable],[Not Available],[Not Available],[Not Available],[Not Available],C34.2,8140/3,C34.2,YES,[Not Available],[Not Available],[Not Available],[Not Available],[Not Available],55,0:LIVING,17.64,1:Recurred/Progressed,16.92,matched
TCGA-55-7913-01Z-00-DX1.2295fcc5-70b0-412e-a1fd-b5366fce0739,TCGA-55-7913-01,TCGA-55-7913,5.879107620278872,stroma-low,69.21918745400676,69.21918745400676,11.588512722138944,85.46323076772187,14.536769232278141,8,8,8,8,8,8,0,0.1453676923227814,0.17592098225293673,69.21918745400676,11.588512722138944,,0.8474882877493661,10.657665000000001,/data1/deasy/Himangi/female_psg_negative_features/TCGA-55-7913/tils_tsr_wsi_summary.csv,c9c533ee-e154-4a56-bce9-b5af37574b2f,TCGA-55-7913,2012-06-17 00:00:00,Lung Adenocarcinoma,YES,NO,Female,Lung,BLACK OR AFRICAN AMERICAN,NOT HISPANIC OR LATINO,[Not Available],No,L-Lower,Central Lung,2011,[Not Available],[Not Available],R0,7th,T1b,N0,MX,Stage IA,[Not Applicable],[Not Applicable],[Not Applicable],[Not Applicable],[Not Available],[Not Available],[Not Available],[Not Available],[Not Available],[Not Available],YES,NO,[Not Available],YES,[Not Available],YES,FISH,2,No,1971,[Not Available],40,90,1,Preoperative,[Not Available],[Not Available],[Not Available],TUMOR FREE,NO,61,[Not Applicable],0,[Not Available],[Not Available],[Not Available],[Not Available],[Not Applicable],[Not Available],[Not Available],[Not Available],[Not Available],C34.3,8140/3,C34.3,YES,[Not Available],[Not Available],[Not Available],[Not Available],[Not Available],55,1:DECEASED,18.43,1:Recurred/Progressed,15.77,matched
TCGA-55-7914-01Z-00-DX1.875bffe1-8c56-4c29-ab11-6840ee3a643c,TCGA-55-7914-01,TCGA-55-7914,0.9198067325348589,stroma-high,33.331503269788385,33.331503269788385,7.778716653141006,47.91142342335532,52.08857657664468,3,3,3,3,3,3,0,0.5208857657664467,0.5295495686156381,33.331503269788385,7.778716653141006,,0.900814474411746,21.598713,/data1/deasy/Himangi/female_psg_negative_features/TCGA-55-7914/tils_tsr_wsi_summary.csv,69dba721-a168-47a4-b7ff-80a448bad654,TCGA-55-7914,2012-03-10 00:00:00,Lung Adenocarcinoma,YES,NO,Female,Lung,WHITE,NOT HISPANIC OR LATINO,[Not Available],Yes,R-Upper,Central Lung,2011,[Not Available],[Not Available],R0,7th,T1b,N1,MX,Stage IIA,[Not Applicable],[Not Applicable],[Not Applicable],[Not Applicable],YES,73,[Not Available],88,[Not Available],56,YES,YES,G12C,YES,[Not Available],YES,FISH,2,No,1990,[Not Available],5,80,1,Preoperative,[Not Available],[Not Available],[Not Available],WITH TUMOR,[Not Available],71,[Not Applicable],0,[Not Available],[Not Available],[Not Available],[Not Available],[Not Applicable],[Not Available],[Not Available],[Not Available],[Not Available],C34.1,8140/3,C34.1,YES,[Not Available],[Not Available],[Not Available],[Not Available],[Not Available],55,1:DECEASED,6.14,[Not Available],[Not Available],matched
TCGA-55-8087-01Z-00-DX1.548f2800-8caf-4c0e-a7b5-6d3d28315d9c,TCGA-55-8087-01,TCGA-55-8087,0.7342196884393392,stroma-high,11.734002756439052,11.734002756439052,7.499219980143636,42.337178693898856,57.66282130610113,3,1,1,1,1,3,2,0.5766282130610113,0.56445894304489,11.734002756439052,7.499219980143636,0.001038410620826005,0.9521707139566098,50.232717,/data1/deasy/Himangi/female_psg_negative_features/TCGA-55-8087/tils_tsr_wsi_summary.csv,e254aaeb-012c-4d92-8a03-cce1f6a2bcd6,TCGA-55-8087,2012-06-15 00:00:00,Lung Adenocarcinoma,YES,NO,Female,Lung,WHITE,NOT HISPANIC OR LATINO,[Not Available],No,R-Upper,[Not Available],2011,[Not Available],[Not Available],R0,7th,T2a,N0,MX,Stage IB,[Not Applicable],[Not Applicable],[Not Applicable],[Not Applicable],YES,126,[Not Available],[Not Available],[Not Available],142,NO,[Not Available],[Not Available],NO,[Not Available],NO,[Not Available],1,No,[Not Available],[Not Available],[Not Available],[Not Available],[Not Available],[Not Available],[Not Available],[Not Available],Complete Remission/Response,TUMOR FREE,NO,59,[Not Applicable],0,[Not Available],[Not Available],[Not Available],[Not Available],[Not Applicable],[Not Available],[Not Available],[Not Available],[Not Available],C34.1,8140/3,C34.1,YES,[Not Available],[Not Available],[Not Available],[Not Available],[Not Available],55,0:LIVING,15.18,0:DiseaseFree,15.18,matched
TCGA-55-8097-01Z-00-DX1.2f847b65-a5dc-41be-9dd0-a1e11df3cd10,TCGA-55-8097-01,TCGA-55-8097,0.6983651590524664,stroma-high,13.745436818172587,13.745436818172587,17.159815085974003,41.11984724428113,58.880152755718875,5,2,2,2,2,5,3,0.5888015275571887,0.557455144250692,13.745436818172587,17.159815085974003,23.844931001716766,0.9152971392110391,17.729919000000002,/data1/deasy/Himangi/female_psg_negative_features/TCGA-55-8097/tils_tsr_wsi_summary.csv,afe83af5-af22-49c0-88b4-f1d0dfcbe238,TCGA-55-8097,2012-06-15 00:00:00,Lung Adenocarcinoma,YES,NO,Female,Lung,WHITE,NOT HISPANIC OR LATINO,[Not Available],No,R-Upper,[Not Available],2012,[Not Available],[Not Available],R0,7th,T1a,N0,MX,Stage IA,[Not Applicable],[Not Applicable],[Not Applicable],[Not Applicable],YES,79,87,[Not Available],[Not Available],74,NO,[Not Available],[Not Available],NO,[Not Available],NO,[Not Available],4,No,1973,2008,35,[Not Available],[Not Available],[Not Available],[Not Available],[Not Available],Complete Remission/Response,TUMOR FREE,NO,60,[Not Applicable],0,[Not Available],[Not Available],[Not Available],[Not Available],[Not Applicable],[Not Available],[Not Available],[Not Available],[Not Available],C34.1,8140/3,C34.1,YES,[Not Available],[Not Available],[Not Available],[Not Available],[Not Available],55,0:LIVING,15.64,0:DiseaseFree,15.64,matched
TCGA-55-8203-01Z-00-DX1.f530d261-be19-4ff0-98d0-27b789dffb23,TCGA-55-8203-01,TCGA-55-8203,1.0469909755083704,stroma-low,39.20756980765901,39.20756980765901,10.498699146093378,51.147806123002084,48.852193876997916,2,1,1,1,1,2,1,0.4885219387699791,0.5231672815852315,39.20756980765901,10.498699146093378,45.23783211207018,0.9625615769115792,12.505815,/data1/deasy/Himangi/female_psg_negative_features/TCGA-55-8203/tils_tsr_wsi_summary.csv,9a9bd705-1ef1-4a6c-bb1e-bdd346dc01c0,TCGA-55-8203,2012-06-16 00:00:00,Lung Adenocarcinoma,YES,NO,Female,Lung,WHITE,NOT HISPANIC OR LATINO,[Not Available],"Yes, History of Prior Malignancy",R-Lower,[Not Available],2011,[Not Available],[Not Available],R0,7th,T1b,N0,M0,Stage IA,[Not Applicable],[Not Applicable],[Not Applicable],[Not Applicable],YES,49,48,52,50,39,NO,[Not Available],[Not Available],NO,[Not Available],NO,[Not Available],2,No,[Not Available],[Not Available],50,[Not Available],[Not Available],[Not Available],[Not Available],[Not Available],Complete Remission/Response,TUMOR FREE,NO,69,[Not Applicable],0,[Not Available],[Not Available],[Not Available],[Not Available],[Not Applicable],[Not Available],[Not Available],[Not Available],[Not Available],C34.3,8140/3,C34.3,YES,[Not Available],[Not Available],[Not Available],[Not Available],[Not Available],55,0:LIVING,17.97,0:DiseaseFree,17.97,matched
TCGA-55-8205-01Z-00-DX1.6df6d499-f325-409d-acb1-9e13172f2bb4,TCGA-55-8205-01,TCGA-55-8205,1.4517161066168676,stroma-low,30.676903470214018,30.676903470214018,8.658236629856859,59.21224332209067,40.78775667790933,12,4,4,4,4,12,9,0.40787756677909326,0.4281324435100244,30.676903470214018,8.658236629856859,21.481198800902224,0.792774862814887,30.568401,/data1/deasy/Himangi/female_psg_negative_features/TCGA-55-8205/tils_tsr_wsi_summary.csv,95fa64b0-91e1-4427-b81a-53c47a053563,TCGA-55-8205,2012-06-17 00:00:00,Lung Adenocarcinoma,YES,NO,Female,Lung,WHITE,NOT HISPANIC OR LATINO,[Not Available],"Yes, History of Prior Malignancy",R-Lower,Central Lung,2012,[Not Available],[Not Available],R0,7th,T2b,N0,M0,Stage IIA,[Not Applicable],[Not Applicable],[Not Applicable],[Not Applicable],YES,42,[Not Available],73,[Not Available],[Not Available],YES,NO,[Not Available],YES,[Not Available],NO,[Not Available],4,No,1951,2012,30,100,0,Preoperative,[Not Available],[Not Available],[Not Available],TUMOR FREE,NO,76,[Not Applicable],0,[Not Available],[Not Available],[Not Available],[Not Available],[Not Applicable],[Not Available],[Not Available],[Not Available],[Not Available],C34.3,8140/3,C34.3,YES,[Not Available],[Not Available],[Not Available],[Not Available],[Not Available],55,0:LIVING,19.68,1:Recurred/Progressed,16.26,matched
TCGA-55-8208-01Z-00-DX1.6eccb7e2-16e4-4d25-9a1e-b370e016020f,TCGA-55-8208-01,TCGA-55-8208,0.6064428425746072,stroma-high,20.298186259600985,20.298186259600985,12.176472285902717,37.750664169456286,62.24933583054373,19,6,6,6,6,19,16,0.6224933583054373,0.6168521726533662,20.298186259600985,12.176472285902717,14.39755882731449,0.9768356313804588,88.329249,/data1/deasy/Himangi/female_psg_negative_features/TCGA-55-8208/tils_tsr_wsi_summary.csv,77f8c850-b4e6-46a1-ab12-a50e0044a0c8,TCGA-55-8208,2012-06-13 00:00:00,Lung Adenocarcinoma,YES,NO,Female,Lung,WHITE,NOT HISPANIC OR LATINO,[Not Available],No,R-Upper,Peripheral Lung,2012,[Not Available],[Not Available],R0,7th,T1b,N0,M0,Stage IA,[Not Applicable],[Not Applicable],[Not Applicable],[Not Applicable],YES,156,151,72,68,50,[Not Available],[Not Available],[Not Available],[Not Available],[Not Available],[Not Available],[Not Available],2,No,[Not Available],[Not Available],50,100,0,Preoperative,[Not Available],[Not Available],Complete Remission/Response,TUMOR FREE,NO,73,[Not Applicable],0,[Not Available],[Not Available],[Not Available],[Not Available],[Not Applicable],[Not Available],[Not Available],[Not Available],[Not Available],C34.1,8140/3,C34.1,YES,[Not Available],[Not Available],[Not Available],[Not Available],[Not Available],55,0:LIVING,22.14,1:Recurred/Progressed,16.79,matched
TCGA-55-8506-01Z-00-DX1.A908E3D2-91F7-4DE2-98C9-95D1038B9F49,TCGA-55-8506-01,TCGA-55-8506,1.0307507096586002,stroma-low,11.253978276574921,11.253978276574921,6.960589382507239,50.7571266505619,49.24287334943811,4,1,1,1,1,4,3,0.4924287334943811,0.48781995295282987,11.253978276574921,6.960589382507239,13.06215178780758,0.9640382718792,37.344951,/data1/deasy/Himangi/female_psg_negative_features/TCGA-55-8506/tils_tsr_wsi_summary.csv,3ed05070-6633-4de5-9f72-090f93aa2e4d,TCGA-55-8506,2012-12-28 00:00:00,Lung Adenocarcinoma,YES,NO,Female,Lung,WHITE,NOT HISPANIC OR LATINO,[Not Available],No,R-Upper,Peripheral Lung,2012,[Not Available],[Not Available],R0,7th,T3,N0,MX,Stage IIB,[Not Applicable],[Not Applicable],[Not Applicable],[Not Applicable],[Not Available],[Not Available],[Not Available],[Not Available],[Not Available],[Not Available],[Not Available],[Not Available],[Not Available],[Not Available],[Not Available],[Not Available],[Not Available],2,No,1972,[Not Available],[Not Available],[Not Available],[Not Available],[Not Available],[Not Available],[Not Available],[Not Applicable],[Not Available],NO,62,[Not Applicable],0,[Not Available],[Not Available],[Not Available],[Not Available],[Not Applicable],[Not Available],[Not Available],[Not Available],[Not Available],C34.1,8140/3,C34.1,YES,[Not Available],[Not Available],[Not Available],[Not Available],[Not Available],55,0:LIVING,0.36,0:DiseaseFree,0.36,matched
TCGA-55-8508-01Z-00-DX1.96B173E2-A298-4017-9AEC-113E547A3272,TCGA-55-8508-01,TCGA-55-8508,1.0446252550829846,stroma-low,17.406565414568583,17.406565414568583,4.194914441257413,51.09128200808547,48.90871799191452,16,10,10,10,10,16,6,0.4890871799191452,0.49714958156469835,17.406565414568583,4.194914441257413,5.310547098251448,0.9530340901836162,108.17838,/data1/deasy/Himangi/female_psg_negative_features/TCGA-55-8508/tils_tsr_wsi_summary.csv,bab335f9-b241-41a7-b107-79b9676b37b8,TCGA-55-8508,2012-12-28 00:00:00,Lung Adenocarcinoma,YES,NO,Female,Lung,BLACK OR AFRICAN AMERICAN,NOT HISPANIC OR LATINO,[Not Available],No,R-Upper,Central Lung,2012,[Not Available],[Not Available],R0,7th,T2a,N1,MX,Stage IIA,[Not Applicable],[Not Applicable],[Not Applicable],[Not Applicable],[Not Available],[Not Available],[Not Available],[Not Available],[Not Available],[Not Available],[Not Available],[Not Available],[Not Available],[Not Available],[Not Available],[Not Available],[Not Available],2,No,[Not Available],[Not Available],[Not Available],60,2,Preoperative,NO,[Not Available],Complete Remission/Response,[Not Available],NO,60,[Not Applicable],0,[Not Available],[Not Available],[Not Available],[Not Available],[Not Applicable],[Not Available],[Not Available],[Not Available],[Not Available],C34.1,8480/3,C34.1,YES,[Not Available],[Not Available],[Not Available],[Not Available],YES,55,0:LIVING,20.27,0:DiseaseFree,20.27,matched
TCGA-55-8513-01Z-00-DX1.E21776FE-DF49-48D1-90D6-6F71D0764492,TCGA-55-8513-01,TCGA-55-8513,1.2590509682361803,stroma-low,8.985639600798228,8.985639600798228,4.657235481182475,55.73362380660322,44.26637619339678,3,3,3,3,3,3,0,0.44266376193396784,0.436460607503846,8.985639600798228,4.657235481182475,,0.8203524267345226,53.399214,/data1/deasy/Himangi/female_psg_negative_features/TCGA-55-8513/tils_tsr_wsi_summary.csv,a3fd20b2-e001-44ab-9716-754e5ae70808,TCGA-55-8513,2013-01-11 00:00:00,Lung Adenocarcinoma,YES,NO,Female,Lung,WHITE,NOT HISPANIC OR LATINO,[Not Available],No,L-Lower,[Not Available],2012,[Not Available],[Not Available],R0,7th,T3,N0,MX,Stage IIB,[Not Applicable],[Not Applicable],[Not Applicable],[Not Applicable],YES,87,[Not Available],108,[Not Available],65,[Not Available],[Not Available],[Not Available],YES,[Not Available],YES,[Not Available],1,No,[Not Available],[Not Available],[Not Available],[Not Available],[Not Available],[Not Available],NO,[Not Available],Complete Remission/Response,TUMOR FREE,NO,77,[Not Applicable],0,[Not Available],[Not Available],[Not Available],[Not Available],[Not Applicable],[Not Available],[Not Available],[Not Available],[Not Available],C34.30,8480/3,C34.3,YES,[Not Available],[Not Available],[Not Available],[Not Available],NO,55,0:LIVING,25.99,1:Recurred/Progressed,10.41,matched
TCGA-55-8514-01Z-00-DX1.499CF563-B404-4061-9D1A-57954BBE2CE7,TCGA-55-8514-01,TCGA-55-8514,1.0760063601685463,stroma-low,10.020509822187591,10.020509822187591,9.843101708873712,51.830590734856315,48.16940926514369,10,5,5,5,5,10,6,0.4816940926514369,0.46537600517400574,10.020509822187591,9.843101708873712,0.09705130569876695,0.9298096907991251,50.848767,/data1/deasy/Himangi/female_psg_negative_features/TCGA-55-8514/tils_tsr_wsi_summary.csv,6845099a-b2c9-48d8-b856-9903d39bb92e,TCGA-55-8514,2013-01-11 00:00:00,Lung Adenocarcinoma,YES,NO,Female,Lung,BLACK OR AFRICAN AMERICAN,NOT HISPANIC OR LATINO,[Not Available],No,R-Upper,[Not Available],2012,[Not Available],[Not Available],R0,7th,T2a,N0,MX,Stage IB,[Not Applicable],[Not Applicable],[Not Applicable],[Not Applicable],YES,85,[Not Available],114,[Not Available],90,[Not Available],[Not Available],[Not Available],[Not Available],[Not Available],[Not Available],[Not Available],4,No,1971,2011,20,[Not Available],[Not Available],[Not Available],NO,[Not Available],Complete Remission/Response,TUMOR FREE,NO,70,[Not Applicable],0,[Not Available],[Not Available],[Not Available],[Not Available],[Not Applicable],[Not Available],[Not Available],[Not Available],[Not Available],C34.1,8140/3,C34.1,YES,[Not Available],[Not Available],[Not Available],[Not Available],NO,55,0:LIVING,17.08,0:DiseaseFree,17.08,matched
TCGA-55-8616-01Z-00-DX1.4F53B2AB-8221-4E67-80D2-7A8E3815B730,TCGA-55-8616-01,TCGA-55-8616,0.4673666426352107,stroma-high,13.284090112005881,13.284090112005881,9.903689724717966,31.85070650072006,68.14929349927995,14,9,9,9,9,14,5,0.6814929349927995,0.6713014906689807,13.284090112005881,9.903689724717966,11.492277020825478,0.9687797912716493,73.100493,/data1/deasy/Himangi/female_psg_negative_features/TCGA-55-8616/tils_tsr_wsi_summary.csv,fe714ac0-f874-426a-924b-a2980232b5f7,TCGA-55-8616,2012-12-28 00:00:00,Lung Adenocarcinoma,YES,NO,Female,Lung,WHITE,NOT HISPANIC OR LATINO,[Not Available],No,R-Upper,[Not Available],2012,[Not Available],[Not Available],R0,7th,T2a,N0,M0,Stage IB,[Not Applicable],[Not Applicable],[Not Applicable],[Not Applicable],[Not Available],[Not Available],[Not Available],[Not Available],[Not Available],[Not Available],[Not Available],[Not Available],[Not Available],[Not Available],[Not Available],[Not Available],[Not Available],4,No,[Not Available],1999,[Not Available],[Not Available],0,Preoperative,[Not Available],[Not Available],[Not Applicable],TUMOR FREE,NO,58,[Not Applicable],0,[Not Available],[Not Available],[Not Available],[Not Available],[Not Applicable],[Not Available],[Not Available],[Not Available],[Not Available],C34.1,8140/3,C34.1,YES,[Not Available],[Not Available],[Not Available],[Not Available],[Not Available],55,0:LIVING,1.58,0:DiseaseFree,1.58,matched
TCGA-55-8619-01Z-00-DX1.46C7678A-6032-4C95-B535-85C87B92B6ED,TCGA-55-8619-01,TCGA-55-8619,0.8975775554812714,stroma-high,25.304817360282822,25.304817360282822,10.43577722382076,47.30123166183973,52.698768338160285,11,6,6,6,6,11,7,0.5269876833816028,0.5364377971676494,25.304817360282822,10.43577722382076,23.608656063941094,0.8663621026503973,39.30399,/data1/deasy/Himangi/female_psg_negative_features/TCGA-55-8619/tils_tsr_wsi_summary.csv,772324a5-5513-454d-ad6b-605798f69b73,TCGA-55-8619,2013-01-11 00:00:00,Lung Adenocarcinoma,YES,NO,Female,Lung,WHITE,NOT HISPANIC OR LATINO,[Not Available],"Yes, History of Prior Malignancy",R-Lower,[Not Available],2012,[Not Available],[Not Available],R0,7th,T3,N0,MX,Stage IIB,[Not Applicable],[Not Applicable],[Not Applicable],[Not Applicable],[Not Available],[Not Available],[Not Available],[Not Available],[Not Available],[Not Available],[Not Available],[Not Available],[Not Available],[Not Available],[Not Available],[Not Available],[Not Available],1,No,[Not Available],[Not Available],[Not Available],90,[Not Available],Preoperative,NO,[Not Available],Complete Remission/Response,TUMOR FREE,NO,72,[Not Applicable],0,[Not Available],[Not Available],[Not Available],[Not Available],[Not Applicable],[Not Available],[Not Available],[Not Available],[Not Available],C34.30,8480/3,C34.3,YES,[Not Available],[Not Available],[Not Available],[Not Available],NO,55,0:LIVING,13.67,0:DiseaseFree,13.67,matched
TCGA-55-8621-01Z-00-DX1.7C519007-D59D-432A-BF4D-23D14A1C8BB6,TCGA-55-8621-01,TCGA-55-8621,0.4404345575218723,stroma-high,24.421695540080904,24.421695540080904,14.86514248305408,30.576505903857047,69.42349409614297,15,3,3,3,3,15,21,0.6942349409614297,0.6988130957538299,24.421695540080904,14.86514248305408,16.854132224073425,0.9749994716826752,21.253725000000003,/data1/deasy/Himangi/female_psg_negative_features/TCGA-55-8621/tils_tsr_wsi_summary.csv,8d535aa6-6d59-4965-b5ed-17217d8f5930,TCGA-55-8621,2013-01-11 00:00:00,Lung Adenocarcinoma,YES,NO,Female,Lung,WHITE,NOT HISPANIC OR LATINO,[Not Available],"Yes, History of Prior Malignancy",L-Lower,[Not Available],2012,[Not Available],[Not Available],R0,7th,T1a,N0,MX,Stage IA,[Not Applicable],[Not Applicable],[Not Applicable],[Not Applicable],YES,105,105,110,112,[Not Available],[Not Available],[Not Available],[Not Available],[Not Available],[Not Available],[Not Available],[Not Available],4,No,1980,2010,30,[Not Available],[Not Available],[Not Available],NO,[Not Available],Complete Remission/Response,TUMOR FREE,NO,75,[Not Applicable],0,[Not Available],[Not Available],[Not Available],[Not Available],[Not Applicable],[Not Available],[Not Available],[Not Available],[Not Available],C34.3,8140/3,C34.3,YES,[Not Available],[Not Available],[Not Available],[Not Available],NO,55,0:LIVING,16.92,0:DiseaseFree,16.92,matched
TCGA-55-A48X-01Z-00-DX1.A46C6373-8458-4D55-88C3-4C70A05F9F47,TCGA-55-A48X-01,TCGA-55-A48X,0.7552793660660918,stroma-high,42.0645879061245,42.0645879061245,34.8649584888232,43.02901182954219,56.970988170457815,5,2,2,2,2,5,5,0.5697098817045781,0.5318830605405861,42.0645879061245,34.8649584888232,58.11422688911738,0.8720925948593135,16.251399,/data1/deasy/Himangi/female_psg_negative_features/TCGA-55-A48X/tils_tsr_wsi_summary.csv,32D9935A-F5CD-43B3-88BD-09E6E2B9090D,TCGA-55-A48X,2013-02-21 00:00:00,Lung Adenocarcinoma,YES,NO,Female,Lung,WHITE,NOT HISPANIC OR LATINO,[Not Available],"Yes, History of Prior Malignancy",L-Lower,[Not Available],2012,[Not Available],[Not Available],R0,7th,T1b,N1,M0,Stage IIA,[Not Applicable],[Not Applicable],[Not Applicable],[Not Applicable],YES,57,[Not Available],[Not Available],[Not Available],79,[Not Available],[Not Available],[Not Available],[Not Available],[Not Available],[Not Available],[Not Available],4,No,1963,1999,36,[Not Available],[Not Available],[Not Available],[Not Available],[Not Available],[Not Available],TUMOR FREE,NO,63,[Not Applicable],0,[Not Available],[Not Available],[Not Available],[Not Available],[Not Applicable],[Not Available],[Not Available],[Not Available],[Not Available],C34.3,8140/3,C34.3,YES,[Not Available],[Not Available],[Not Available],[Not Available],[Not Available],55,0:LIVING,22.63,1:Recurred/Progressed,20.2,matched
TCGA-55-A48Z-01Z-00-DX1.0867DC6A-2A51-4CF1-AE3F-0526CE2DD740,TCGA-55-A48Z-01,TCGA-55-A48Z,0.627718212732308,stroma-high,6.55974537920884,6.55974537920884,3.0154919466436834,38.56430479318729,61.4356952068127,20,7,7,7,7,20,17,0.614356952068127,0.6162367053933173,6.55974537920884,3.0154919466436834,8.712427255635685,0.9139394389461867,46.19142900000001,/data1/deasy/Himangi/female_psg_negative_features/TCGA-55-A48Z/tils_tsr_wsi_summary.csv,16D3C1C1-CF3A-44B6-B564-8AE5464B243D,TCGA-55-A48Z,2013-02-21 00:00:00,Lung Adenocarcinoma,YES,NO,Female,Lung,WHITE,NOT HISPANIC OR LATINO,[Not Available],No,R-Upper,Central Lung,2012,[Not Available],[Not Available],R0,7th,T1a,N3,MX,Stage IIIB,[Not Applicable],[Not Applicable],[Not Applicable],[Not Applicable],YES,87,[Not Available],85,[Not Available],110,YES,NO,[Not Available],YES,Other,YES,FISH,4,No,1972,2012,40,70,2,Preoperative,[Not Available],[Not Available],[Not Available],WITH TUMOR,NO,60,[Not Applicable],0,[Not Available],[Not Available],[Not Available],[Not Available],[Not Applicable],[Not Available],[Not Available],[Not Available],[Not Available],C34.1,8255/3,C34.1,YES,[Not Available],[Not Available],[Not Available],[Not Available],[Not Available],55,0:LIVING,21.39,1:Recurred/Progressed,17.61,matched
TCGA-55-A491-01Z-00-DX1.E5F3B4E5-18EA-4067-AE28-119DABCE739A,TCGA-55-A491-01,TCGA-55-A491,0.8145594008198617,stroma-high,23.3778337484921,23.3778337484921,13.279634028849518,44.89020312323885,55.10979687676115,10,6,6,6,6,10,4,0.5510979687676115,0.5531372671862143,23.3778337484921,13.279634028849518,18.350330255447435,0.775388413325837,19.454859,/data1/deasy/Himangi/female_psg_negative_features/TCGA-55-A491/tils_tsr_wsi_summary.csv,A250A369-E536-4A18-B7AF-2911133D7BDC,TCGA-55-A491,2013-02-21 00:00:00,Lung Adenocarcinoma,YES,NO,Female,Lung,WHITE,NOT HISPANIC OR LATINO,[Not Available],"Yes, History of Prior Malignancy",L-Lower,[Not Available],2012,[Not Available],[Not Available],R0,7th,T1b,N0,MX,Stage IA,[Not Applicable],[Not Applicable],[Not Applicable],[Not Applicable],YES,64,68,72,73,68,NO,[Not Available],[Not Available],NO,[Not Available],NO,[Not Available],3,No,1952,1982,45,[Not Available],[Not Available],[Not Available],[Not Available],[Not Available],[Not Available],TUMOR FREE,NO,81,[Not Applicable],0,[Not Available],[Not Available],[Not Available],[Not Available],[Not Applicable],[Not Available],[Not Available],[Not Available],[Not Available],C34.3,8140/3,C34.3,YES,[Not Available],[Not Available],[Not Available],[Not Available],[Not Available],55,0:LIVING,20.57,0:DiseaseFree,20.57,matched
TCGA-55-A492-01Z-00-DX1.31B23842-7F8B-4311-88DF-C51CB4F54AED,TCGA-55-A492-01,TCGA-55-A492,1.3009752269329087,stroma-low,25.860077446304324,25.860077446304324,10.744407828742121,56.54016660870561,43.45983339129438,6,4,4,4,4,6,2,0.43459833391294383,0.435332656128193,25.860077446304324,10.744407828742121,28.579833473219402,0.9148669344684413,34.461837,/data1/deasy/Himangi/female_psg_negative_features/TCGA-55-A492/tils_tsr_wsi_summary.csv,39AB7174-5707-498D-9959-523680E04198,TCGA-55-A492,2013-02-21 00:00:00,Lung Adenocarcinoma,YES,NO,Female,Lung,WHITE,NOT HISPANIC OR LATINO,[Not Available],"Yes, History of Prior Malignancy",R-Upper,[Not Available],2012,[Not Available],[Not Available],R0,7th,T1a,N0,MX,Stage IA,[Not Applicable],[Not Applicable],[Not Applicable],[Not Applicable],YES,95,92,[Not Available],[Not Available],52,NO,[Not Available],[Not Available],NO,[Not Available],NO,[Not Available],3,No,1962,1995,35,[Not Available],[Not Available],[Not Available],[Not Available],[Not Available],[Not Available],TUMOR FREE,NO,70,[Not Applicable],0,[Not Available],[Not Available],[Not Available],[Not Available],[Not Applicable],[Not Available],[Not Available],[Not Available],[Not Available],C34.1,8140/3,C34.1,YES,[Not Available],[Not Available],[Not Available],[Not Available],[Not Available],55,0:LIVING,19.58,0:DiseaseFree,19.58,matched
TCGA-62-A46R-01Z-00-DX1.AD823FBA-A63F-4D36-8B84-2C995DE5FC47,TCGA-62-A46R-01,TCGA-62-A46R,0.8499001699786265,stroma-high,26.75273030229384,26.75273030229384,25.13797623376062,45.94302891428169,54.05697108571831,15,8,8,8,8,15,7,0.5405697108571831,0.4981970618055767,26.75273030229384,25.13797623376062,7.629717086077989,0.9364100109616973,142.3923515625,/data1/deasy/Himangi/female_psg_negative_features/TCGA-62-A46R/tils_tsr_wsi_summary.csv,C497F8C7-2FB5-44D9-BC7C-69CFD0B51B54,TCGA-62-A46R,2012-10-29 00:00:00,Lung Adenocarcinoma,NO,YES,Female,Lung,WHITE,NOT HISPANIC OR LATINO,[Not Available],No,L-Lower,Central Lung,2006,[Not Available],[Not Available],R0,6th,T2,N0,M0,Stage IB,[Not Applicable],[Not Applicable],[Not Applicable],[Not Applicable],YES,74,[Not Available],73,[Not Available],[Not Available],NO,[Not Available],[Not Available],NO,[Not Available],NO,[Not Available],4,No,[Not Available],[Not Available],25,100,[Not Available],Preoperative,NO,[Not Available],Complete Remission/Response,TUMOR FREE,NO,54,[Not Applicable],0,[Not Available],[Not Available],[Not Available],[Not Available],[Not Applicable],[Not Available],[Not Available],[Not Available],[Not Available],C34.3,8255/3,C34.3,YES,[Not Available],[Not Available],[Not Available],[Not Available],NO,62,1:DECEASED,56.67,[Not Available],[Not Available],matched
TCGA-62-A46U-01Z-00-DX1.5129535F-8B6A-4647-8A88-3EE125642874,TCGA-62-A46U-01,TCGA-62-A46U,3.0501788989924767,stroma-low,34.15106508475078,34.15106508475078,28.327888848371757,75.30973260838527,24.690267391614732,14,7,7,7,7,14,8,0.2469026739161473,0.20900605580813747,34.15106508475078,28.327888848371757,16.061866763525032,0.9369679669585204,178.9527171875,/data1/deasy/Himangi/female_psg_negative_features/TCGA-62-A46U/tils_tsr_wsi_summary.csv,793649E5-F479-4D64-8723-2EF488FE0FD9,TCGA-62-A46U,2012-10-30 00:00:00,Lung Adenocarcinoma,NO,YES,Female,Lung,WHITE,NOT HISPANIC OR LATINO,[Not Available],No,R-Lower,Central Lung,2007,[Not Available],[Not Available],R0,6th,T2,N1,M0,Stage IIB,[Not Applicable],[Not Applicable],[Not Applicable],[Not Applicable],YES,131,[Not Available],81,[Not Available],[Not Available],NO,[Not Available],[Not Available],NO,[Not Available],NO,[Not Available],1,No,[Not Available],[Not Available],[Not Available],100,[Not Available],Preoperative,NO,[Not Available],Complete Remission/Response,TUMOR FREE,NO,71,[Not Applicable],0,[Not Available],[Not Available],[Not Available],[Not Available],[Not Applicable],[Not Available],[Not Available],[Not Available],[Not Available],C34.3,8255/3,C34.3,YES,[Not Available],[Not Available],[Not Available],[Not Available],YES,62,0:LIVING,67.9,0:DiseaseFree,67.9,matched
TCGA-62-A46V-01Z-00-DX1.631E54D0-9E57-4932-B4EF-81820E56A95B,TCGA-62-A46V-01,TCGA-62-A46V,0.9617704380737223,stroma-high,3.8556126744129497,3.8556126744129497,8.39710679754129,49.02563620125157,50.974363798748435,14,7,7,7,7,14,7,0.5097436379874843,0.49063403410353656,3.8556126744129497,8.39710679754129,0.5098294168934673,0.9011684578619544,181.2547578125,/data1/deasy/Himangi/female_psg_negative_features/TCGA-62-A46V/tils_tsr_wsi_summary.csv,F809E21D-5F2E-4F3B-A1AA-D6B8D463552A,TCGA-62-A46V,2012-10-30 00:00:00,Lung Adenocarcinoma,NO,YES,Female,Lung,WHITE,NOT HISPANIC OR LATINO,[Not Available],No,L-Lower,Peripheral Lung,2007,[Not Available],[Not Available],R0,6th,T2,N0,M0,Stage IB,[Not Applicable],[Not Applicable],[Not Applicable],[Not Applicable],YES,100,[Not Available],51,[Not Available],[Not Available],NO,[Not Available],[Not Available],NO,[Not Available],NO,[Not Available],3,No,[Not Available],[Not Available],[Not Available],90,[Not Available],Preoperative,NO,[Not Available],Complete Remission/Response,TUMOR FREE,NO,78,[Not Applicable],0,[Not Available],[Not Available],[Not Available],[Not Available],[Not Applicable],[Not Available],[Not Available],[Not Available],[Not Available],C34.3,8255/3,C34.3,YES,[Not Available],[Not Available],[Not Available],[Not Available],NO,62,0:LIVING,72.24,0:DiseaseFree,72.24,matched
TCGA-64-1681-01Z-00-DX1.fb0244f6-51a8-4da2-b45c-38d8e02edab7,TCGA-64-1681-01,TCGA-64-1681,0.24583303029403422,stroma-high,2.5247750331269017,2.5247750331269017,2.3408786966729362,19.732421947105877,80.26757805289412,24,1,1,1,1,24,46,0.8026757805289413,0.802712178221873,2.5247750331269017,2.3408786966729362,2.8464673072810966,0.9845697324311352,20.760885,/data1/deasy/Himangi/female_psg_negative_features/TCGA-64-1681/tils_tsr_wsi_summary.csv,c583fdd1-8cd2-4c15-a23e-0644261f65da,TCGA-64-1681,2011-12-21 00:00:00,Lung Adenocarcinoma,NO,YES,Female,Lung,WHITE,NOT HISPANIC OR LATINO,[Not Available],No,R-Upper,[Not Available],2008,[Not Available],[Not Available],R0,6th,T1,N0,M0,Stage IA,[Not Applicable],[Not Applicable],[Not Applicable],[Not Applicable],[Not Available],[Not Available],[Not Available],[Not Available],[Not Available],[Not Available],YES,NO,[Not Available],YES,Exon 19 Deletion,[Not Available],[Not Available],3,No,1968,1988,[Not Available],0,[Not Available],[Not Available],[Not Available],[Not Available],[Not Available],[Not Available],[Not Available],61,[Not Applicable],0,[Not Available],[Not Available],[Not Available],[Not Available],[Not Applicable],[Not Available],[Not Available],[Not Available],[Not Available],C34.1,8140/3,C34.9,YES,[Not Available],[Not Available],[Not Available],[Not Available],[Not Available],64,1:DECEASED,38.34,1:Recurred/Progressed,14.42,matched
TCGA-64-5781-01Z-00-DX1.81474D4D-6B48-473F-BAA9-ABD75C9223C3,TCGA-64-5781-01,TCGA-64-5781,1.0039470425320085,stroma-low,73.19113108561564,73.19113108561564,28.24859169619548,50.09848170755604,49.90151829244397,4,3,3,3,3,4,1,0.49901518292443964,0.45244380462693645,73.19113108561564,28.24859169619548,93.3637407426257,0.9131655030999403,58.506733125,/data1/deasy/Himangi/female_psg_negative_features/TCGA-64-5781/tils_tsr_wsi_summary.csv,41c4c704-825e-49f5-9d54-dbd7d30725e0,TCGA-64-5781,2011-05-03 00:00:00,Lung Adenocarcinoma,NO,YES,Female,Lung,WHITE,NOT HISPANIC OR LATINO,[Not Available],No,R-Upper,Central Lung,2007,[Not Available],[Not Available],R0,6th,T2,N0,M0,Stage IB,[Not Applicable],[Not Applicable],[Not Applicable],[Not Applicable],YES,77,[Not Available],61,[Not Available],73,[Not Available],[Not Available],[Not Available],[Not Available],[Not Available],[Not Available],[Not Available],4,No,1982,2007,25,[Not Available],0,Post-Adjuvant Therapy,[Not Available],[Not Available],[Not Available],TUMOR FREE,[Not Available],55,[Not Applicable],0,[Not Available],[Not Available],[Not Available],[Not Available],[Not Applicable],[Not Available],[Not Available],[Not Available],[Not Available],C34.1,8255/3,C34.1,YES,[Not Available],[Not Available],[Not Available],[Not Available],[Not Available],64,0:LIVING,51.22,1:Recurred/Progressed,3.15,matched
TCGA-67-3770-01Z-00-DX1.4C14BE72-905C-4AAE-B07A-6437D98A23FA,TCGA-67-3770-01,TCGA-67-3770,1.0230947161129205,stroma-low,23.17847208419888,23.17847208419888,12.53555226861304,50.570776937159266,49.429223062840734,4,2,2,2,2,4,2,0.4942922306284073,0.4687042864525601,23.17847208419888,12.53555226861304,2.56170103805222,0.9025804799424131,70.0240963125,/data1/deasy/Himangi/female_psg_negative_features/TCGA-67-3770/tils_tsr_wsi_summary.csv,eeab558b-8d1e-4843-861d-dbfb06061758,TCGA-67-3770,2010-12-00,Lung Adenocarcinoma,YES,NO,Female,Lung,WHITE,NOT HISPANIC OR LATINO,[Not Available],No,R-Upper,Central Lung,2009,[Not Available],[Not Available],R0,[Not Available],T1,N0,M0,Stage IA,[Not Applicable],[Not Applicable],[Not Applicable],[Not Applicable],[Not Available],[Not Available],[Not Available],[Not Available],[Not Available],[Not Available],NO,[Not Available],[Not Available],NO,[Not Available],NO,[Not Available],3,No,[Not Available],[Not Available],[Not Available],[Not Available],[Not Available],[Not Available],[Not Available],[Not Available],[Not Available],TUMOR FREE,[Not Available],70,[Not Applicable],0,[Not Available],[Not Available],[Not Available],[Not Available],[Not Applicable],[Not Available],[Not Available],[Not Available],[Not Available],C34.1,8140/3,C34.1,YES,[Not Available],[Not Available],[Not Available],[Not Available],[Not Available],67,0:LIVING,20.04,0:DiseaseFree,20.04,matched
TCGA-67-3772-01Z-00-DX1.CB05C5CC-2801-4BB9-94A0-83E9005BCA2E,TCGA-67-3772-01,TCGA-67-3772,0.37334001185072174,stroma-high,4.882876259569324,4.882876259569324,4.413591998889823,27.184820119498767,72.81517988050123,38,8,8,8,8,38,37,0.7281517988050124,0.7249286141372023,4.882876259569324,4.413591998889823,3.9184551515440584,0.920546662593891,97.9895788125,/data1/deasy/Himangi/female_psg_negative_features/TCGA-67-3772/tils_tsr_wsi_summary.csv,673493f6-975c-49e8-934c-001e9a0fff90,TCGA-67-3772,2011-03-03 00:00:00,Lung Adenocarcinoma,YES,NO,Female,Lung,WHITE,NOT HISPANIC OR LATINO,[Not Available],No,R-Upper,[Not Available],2009,[Not Available],[Not Available],[Not Available],6th,T2,N0,M0,Stage IB,[Not Applicable],[Not Applicable],[Not Applicable],[Not Applicable],[Not Available],[Not Available],[Not Available],[Not Available],[Not Available],[Not Available],NO,[Not Available],[Not Available],NO,[Not Available],NO,[Not Available],1,No,[Not Available],[Not Available],[Not Available],[Not Available],[Not Available],[Not Available],[Not Available],[Not Available],[Not Available],TUMOR FREE,[Not Available],82,[Not Applicable],0,[Not Available],[Not Available],[Not Available],[Not Available],[Not Applicable],[Not Available],[Not Available],[Not Available],[Not Available],C34.1,8140/3,C34.1,YES,[Not Available],[Not Available],[Not Available],[Not Available],[Not Available],67,0:LIVING,18.82,0:DiseaseFree,18.82,matched
TCGA-67-3773-01Z-00-DX1.3E9DFC22-E962-4C18-BF5B-27EBEA089F5D,TCGA-67-3773-01,TCGA-67-3773,0.7894349384636992,stroma-high,4.380014920030677,4.380014920030677,1.1281987935877453,44.116437065963424,55.883562934036576,10,3,3,3,3,10,7,0.5588356293403658,0.5608872308656109,4.380014920030677,1.1281987935877453,0.031186796699899603,0.9311604823025726,49.283030125,/data1/deasy/Himangi/female_psg_negative_features/TCGA-67-3773/tils_tsr_wsi_summary.csv,009be09b-f9f6-43b7-8f45-4a648f8123ce,TCGA-67-3773,2011-01-21 00:00:00,Lung Adenocarcinoma,YES,NO,Female,Lung,WHITE,NOT HISPANIC OR LATINO,[Not Available],No,L-Lower,Central Lung,2009,[Not Available],[Not Available],R0,6th,T2,N0,M0,Stage IB,[Not Applicable],[Not Applicable],[Not Applicable],[Not Applicable],[Not Available],[Not Available],[Not Available],[Not Available],[Not Available],[Not Available],NO,[Not Available],[Not Available],NO,[Not Available],NO,[Not Available],3,No,[Not Available],[Not Available],[Not Available],[Not Available],[Not Available],[Not Available],[Not Available],[Not Available],[Not Available],TUMOR FREE,[Not Available],84,[Not Applicable],0,[Not Available],[Not Available],[Not Available],[Not Available],[Not Applicable],[Not Available],[Not Available],[Not Available],[Not Available],C34.3,8140/3,C34.3,YES,[Not Available],[Not Available],[Not Available],[Not Available],[Not Available],67,0:LIVING,14.03,0:DiseaseFree,14.03,matched
TCGA-67-3774-01Z-00-DX1.FE85FDCB-91D2-47C5-8D13-D622A51A7BE0,TCGA-67-3774-01,TCGA-67-3774,0.9770450196026444,stroma-high,17.930250742115845,17.930250742115845,11.378472241810798,49.419462375167136,50.58053762483288,3,2,2,2,2,3,1,0.5058053762483288,0.4884555459207836,17.930250742115845,11.378472241810798,7.672314129306777,0.8325996714377266,29.3392255,/data1/deasy/Himangi/female_psg_negative_features/TCGA-67-3774/tils_tsr_wsi_summary.csv,36ad7fc7-0cc1-4f01-aef1-f89b3cb4feac,TCGA-67-3774,2011-03-03 00:00:00,Lung Adenocarcinoma,YES,NO,Female,Lung,WHITE,NOT HISPANIC OR LATINO,[Not Available],No,L-Lower,[Not Available],2009,[Not Available],[Not Available],RX,6th,T2,N0,M0,Stage IB,[Not Applicable],[Not Applicable],[Not Applicable],[Not Applicable],[Not Available],[Not Available],[Not Available],[Not Available],[Not Available],[Not Available],NO,[Not Available],[Not Available],NO,[Not Available],NO,[Not Available],3,No,[Not Available],[Not Available],[Not Available],[Not Available],[Not Available],[Not Available],[Not Available],[Not Available],[Not Available],TUMOR FREE,[Not Available],73,[Not Applicable],0,[Not Available],[Not Available],[Not Available],[Not Available],[Not Applicable],[Not Available],[Not Available],[Not Available],[Not Available],C34.3,8140/3,C34.3,YES,[Not Available],[Not Available],[Not Available],[Not Available],[Not Available],67,0:LIVING,12.65,0:DiseaseFree,12.65,matched
TCGA-67-6215-01Z-00-DX1.c014ffaf-6db8-42ef-a50c-9de98d6a5345,TCGA-67-6215-01,TCGA-67-6215,1.9858706750193444,stroma-low,8.126678484497,8.126678484497,7.091414464714672,66.50893126864842,33.49106873135158,2,2,2,2,2,2,0,0.3349106873135158,0.3211702836984126,8.126678484497,7.091414464714672,,0.9038063336986428,82.735515,/data1/deasy/Himangi/female_psg_negative_features/TCGA-67-6215/tils_tsr_wsi_summary.csv,dbd5b0de-94c9-45dd-afb3-6820a7ecaca2,TCGA-67-6215,2011-06-02 00:00:00,Lung Adenocarcinoma,YES,NO,Female,Lung,WHITE,NOT HISPANIC OR LATINO,[Not Available],No,R-Lower,Central Lung,2010,[Not Available],[Not Available],R0,7th,T2a,N0,M0,Stage IB,[Not Applicable],[Not Applicable],[Not Applicable],[Not Applicable],[Not Available],[Not Available],[Not Available],[Not Available],[Not Available],[Not Available],NO,[Not Available],[Not Available],NO,[Not Available],NO,[Not Available],1,No,[Not Available],[Not Available],[Not Available],[Not Available],2,Post-Adjuvant Therapy,[Not Available],[Not Available],[Not Available],TUMOR FREE,[Not Available],52,[Not Applicable],0,[Not Available],[Not Available],[Not Available],[Not Available],[Not Applicable],[Not Available],[Not Available],[Not Available],[Not Available],C34.3,8140/3,C34.3,YES,[Not Available],[Not Available],[Not Available],[Not Available],[Not Available],67,0:LIVING,5.72,0:DiseaseFree,5.72,matched
TCGA-67-6216-01Z-00-DX1.04da6a64-bd3a-48ed-bc99-d651e00a1aa4,TCGA-67-6216-01,TCGA-67-6216,1.768458489276589,stroma-low,24.70094990720145,24.70094990720145,15.213467343312434,63.87881545367493,36.12118454632508,3,3,3,3,3,3,0,0.3612118454632508,0.34587266196424477,24.70094990720145,15.213467343312434,,0.7672036810554226,77.52373200000001,/data1/deasy/Himangi/female_psg_negative_features/TCGA-67-6216/tils_tsr_wsi_summary.csv,ccecce70-dd54-4c5b-bf9f-ca87d290cb00,TCGA-67-6216,2011-06-03 00:00:00,Lung Adenocarcinoma,YES,NO,Female,Lung,WHITE,NOT HISPANIC OR LATINO,[Not Available],No,R-Middle,Central Lung,2010,[Not Available],[Not Available],R0,7th,T1a,N0,M0,Stage IA,[Not Applicable],[Not Applicable],[Not Applicable],[Not Applicable],[Not Available],[Not Available],[Not Available],[Not Available],[Not Available],[Not Available],NO,[Not Available],[Not Available],NO,[Not Available],NO,[Not Available],1,No,[Not Available],[Not Available],[Not Available],[Not Available],[Not Available],[Not Available],[Not Available],[Not Available],[Not Available],TUMOR FREE,[Not Available],57,[Not Applicable],0,[Not Available],[Not Available],[Not Available],[Not Available],[Not Applicable],[Not Available],[Not Available],[Not Available],[Not Available],C34.2,8140/3,C34.2,YES,[Not Available],[Not Available],[Not Available],[Not Available],[Not Available],67,0:LIVING,4.63,0:DiseaseFree,4.63,matched
TCGA-67-6217-01Z-00-DX1.3fa5c69b-60d1-41fb-a86f-48f77d81285f,TCGA-67-6217-01,TCGA-67-6217,0.6262037750812582,stroma-high,27.732458062784872,27.732458062784872,20.25326732130815,38.50709146521124,61.49290853478875,26,5,5,5,5,26,33,0.6149290853478875,0.5906515157482826,27.732458062784872,20.25326732130815,36.77873969896006,0.9852475430964895,131.366502,/data1/deasy/Himangi/female_psg_negative_features/TCGA-67-6217/tils_tsr_wsi_summary.csv,108a71cf-b9db-47cd-aa74-c03ec989b41b,TCGA-67-6217,2011-06-06 00:00:00,Lung Adenocarcinoma,YES,NO,Female,Lung,WHITE,NOT HISPANIC OR LATINO,[Not Available],Yes,L-Upper,Central Lung,2010,[Not Available],[Not Available],R0,7th,T2a,N1,M0,Stage IIA,[Not Applicable],[Not Applicable],[Not Applicable],[Not Applicable],[Not Available],[Not Available],[Not Available],[Not Available],[Not Available],[Not Available],YES,NO,[Not Available],YES,L858R,YES,RT-PCR,3,No,[Not Available],1965,[Not Available],[Not Available],[Not Available],[Not Available],[Not Available],[Not Available],[Not Available],WITH TUMOR,[Not Available],73,[Not Applicable],0,[Not Available],[Not Available],[Not Available],[Not Available],[Not Applicable],[Not Available],[Not Available],[Not Available],[Not Available],C34.1,8140/3,C34.1,YES,[Not Available],[Not Available],[Not Available],[Not Available],[Not Available],67,0:LIVING,13.86,1:Recurred/Progressed,9.72,matched
TCGA-69-7973-01Z-00-DX1.aefb015a-cb51-425f-a80f-cd51091a0ee3,TCGA-69-7973-01,TCGA-69-7973,3.2768128649063093,stroma-low,29.34347397082366,29.34347397082366,2.0966575852026845,76.6181025079313,23.381897492068703,5,3,3,3,3,5,2,0.23381897492068704,0.2410324663305808,29.34347397082366,2.0966575852026845,29.51096669448451,0.8224119042424141,86.444136,/data1/deasy/Himangi/female_psg_negative_features/TCGA-69-7973/tils_tsr_wsi_summary.csv,dc9eaaa0-0bfd-46d0-994f-310826879da4,TCGA-69-7973,2012-04-02 00:00:00,Lung Adenocarcinoma,NO,YES,Female,Lung,WHITE,NOT HISPANIC OR LATINO,[Not Available],No,R-Middle,Central Lung,2011,[Not Available],[Not Available],[Not Available],7th,T2a,N0,M0,Stage IB,[Not Applicable],[Not Applicable],[Not Applicable],[Not Applicable],NO,[Not Available],[Not Available],[Not Available],[Not Available],[Not Available],[Not Available],[Not Available],[Not Available],YES,[Not Available],[Not Available],[Not Available],4,No,[Not Available],2011,25,[Not Available],1,Pre-Adjuvant Therapy,[Not Available],[Not Available],[Not Available],TUMOR FREE,[Not Available],42,[Not Applicable],0,[Not Available],[Not Available],[Not Available],[Not Available],[Not Applicable],[Not Available],[Not Available],[Not Available],[Not Available],C34.2,8255/3,C34.2,YES,[Not Available],[Not Available],[Not Available],[Not Available],[Not Available],69,0:LIVING,7.56,0:DiseaseFree,7.56,matched
TCGA-69-7979-01Z-00-DX1.c9bc265d-4889-4333-9852-b8b535887f1e,TCGA-69-7979-01,TCGA-69-7979,0.684380702879007,stroma-high,2.211266837985076,2.211266837985076,4.1644541021778805,40.630998782474634,59.369001217525366,36,18,18,18,18,36,24,0.5936900121752536,0.5859617390814958,2.211266837985076,4.1644541021778805,1.5599404703565545,0.9102895992873208,132.32753999999997,/data1/deasy/Himangi/female_psg_negative_features/TCGA-69-7979/tils_tsr_wsi_summary.csv,a5bd7d50-9c14-49e6-89cf-6bf440c42309,TCGA-69-7979,2012-04-09 00:00:00,Lung Adenocarcinoma,NO,YES,Female,Lung,WHITE,NOT HISPANIC OR LATINO,[Not Available],No,R-Upper,[Not Available],2011,[Not Available],[Not Available],[Not Available],7th,T2a,N0,MX,Stage IB,[Not Applicable],[Not Applicable],[Not Applicable],[Not Applicable],YES,59,64,70,71,[Not Available],NO,[Not Available],[Not Available],NO,[Not Available],NO,[Not Available],2,No,1955,[Not Available],28,[Not Available],[Not Available],[Not Available],[Not Available],[Not Available],[Not Available],[Not Available],[Not Available],71,[Not Applicable],0,[Not Available],[Not Available],[Not Available],[Not Available],[Not Applicable],[Not Available],[Not Available],[Not Available],[Not Available],C34.1,8550/3,C34.1,YES,[Not Available],[Not Available],[Not Available],[Not Available],[Not Available],69,0:LIVING,13.4,0:DiseaseFree,13.4,matched
TCGA-69-7980-01Z-00-DX1.8bbf8cc0-eca7-49e5-a022-c22e3e6ed6dc,TCGA-69-7980-01,TCGA-69-7980,0.45458869982258193,stroma-high,9.535818080809767,9.535818080809767,8.424576873948643,31.25204395428266,68.74795604571734,47,12,12,12,12,47,47,0.6874795604571734,0.6845037862108387,9.535818080809767,8.424576873948643,4.650070686720322,0.9295418021376681,59.695245,/data1/deasy/Himangi/female_psg_negative_features/TCGA-69-7980/tils_tsr_wsi_summary.csv,aee86a89-0377-4080-b16c-408bfbe78687,TCGA-69-7980,2012-04-09 00:00:00,Lung Adenocarcinoma,YES,NO,Female,Lung,WHITE,NOT HISPANIC OR LATINO,[Not Available],No,R-Upper,[Not Available],2011,[Not Available],[Not Available],[Not Available],7th,T1b,N0,M0,Stage I,[Not Applicable],[Not Applicable],[Not Applicable],[Not Applicable],YES,92,[Not Available],86,[Not Available],71,NO,[Not Available],[Not Available],YES,Other,NO,[Not Available],4,No,[Not Available],2001,80,[Not Available],[Not Available],[Not Available],[Not Available],[Not Available],[Not Available],TUMOR FREE,[Not Available],70,[Not Applicable],0,[Not Available],[Not Available],[Not Available],[Not Available],[Not Applicable],[Not Available],[Not Available],[Not Available],[Not Available],C34.1,8550/3,C34.1,YES,[Not Available],[Not Available],[Not Available],[Not Available],[Not Available],69,0:LIVING,13.5,0:DiseaseFree,13.5,matched
TCGA-69-8253-01Z-00-DX1.631c741f-46bd-4d4b-8f6c-64787fb4c402,TCGA-69-8253-01,TCGA-69-8253,1.0331656430293472,stroma-low,32.303544657006675,32.303544657006675,12.675219948112021,50.81561586344563,49.18438413655438,10,3,3,3,3,10,7,0.49184384136554377,0.4872771579025817,32.303544657006675,12.675219948112021,35.71936996138492,0.9988770363044682,88.255323,/data1/deasy/Himangi/female_psg_negative_features/TCGA-69-8253/tils_tsr_wsi_summary.csv,44d8c859-4b7a-4e9d-bffc-0de0e6afdcc4,TCGA-69-8253,2012-06-01 00:00:00,Lung Adenocarcinoma,YES,NO,Female,Lung,BLACK OR AFRICAN AMERICAN,NOT HISPANIC OR LATINO,[Not Available],No,R-Lower,[Not Available],2012,[Not Available],[Not Available],[Not Available],7th,T1a,N1,MX,Stage IIA,[Not Applicable],[Not Applicable],[Not Applicable],[Not Applicable],YES,87,[Not Available],[Not Available],[Not Available],[Not Available],NO,[Not Available],[Not Available],NO,[Not Available],NO,[Not Available],4,No,1972,2011,7.8,[Not Available],2,Pre-Adjuvant Therapy,NO,[Not Available],[Not Available],[Not Available],NO,59,[Not Applicable],0,[Not Available],[Not Available],[Not Available],[Not Available],[Not Applicable],[Not Available],[Not Available],[Not Available],[Not Available],C34.3,8255/3,C34.3,YES,[Not Available],[Not Available],[Not Available],[Not Available],YES,69,0:LIVING,13.99,0:DiseaseFree,13.99,matched
TCGA-71-6725-01Z-00-DX1.b9e1d4aa-439d-481f-b24b-134c4e470f28,TCGA-71-6725-01,TCGA-71-6725,1.7818036025848591,stroma-low,8.477701907238806,8.477701907238806,7.246161389398427,64.05209918231476,35.94790081768524,14,7,7,7,7,14,9,0.35947900817685235,0.34828742669989005,8.477701907238806,7.246161389398427,1.43843387431093,0.7681591894061734,194.141997,/data1/deasy/Himangi/female_psg_negative_features/TCGA-71-6725/tils_tsr_wsi_summary.csv,4b7cd595-e7f9-45a8-b736-a8c7c42d9539,TCGA-71-6725,2011-08-09 00:00:00,Lung Adenocarcinoma,YES,NO,Female,Lung,ASIAN,NOT HISPANIC OR LATINO,[Not Available],No,R-Upper,[Not Available],2011,[Not Available],[Not Available],RX,6th,T2,N0,M0,Stage IB,[Not Applicable],[Not Applicable],[Not Applicable],[Not Applicable],[Not Available],[Not Available],[Not Available],[Not Available],[Not Available],[Not Available],[Not Available],[Not Available],[Not Available],[Not Available],[Not Available],[Not Available],[Not Available],2,No,[Not Available],[Not Available],[Not Available],60,[Not Available],[Not Available],[Not Available],[Not Available],[Not Available],TUMOR FREE,[Not Available],48,[Not Applicable],0,[Not Available],[Not Available],[Not Available],[Not Available],[Not Applicable],[Not Available],[Not Available],[Not Available],[Not Available],C34.1,8260/3,C34.1,YES,[Not Available],[Not Available],[Not Available],[Not Available],[Not Available],71,0:LIVING,8.41,1:Recurred/Progressed,5.39,matched
TCGA-71-8520-01Z-00-DX1.EAE99132-A397-4B4D-8B09-CBB774A7B62F,TCGA-71-8520-01,TCGA-71-8520,1.3819147608306523,stroma-low,13.102363735241617,13.102363735241617,3.173766209249397,58.016969521979576,41.98303047802042,6,2,2,2,2,6,4,0.41983030478020417,0.4170658355297435,13.102363735241617,3.173766209249397,19.66598416386048,0.9903431257157894,180.219267,/data1/deasy/Himangi/female_psg_negative_features/TCGA-71-8520/tils_tsr_wsi_summary.csv,37884d39-64e8-4242-b6bd-4c0a1daa21cd,TCGA-71-8520,2013-04-15 00:00:00,Lung Adenocarcinoma,YES,NO,Female,Lung,ASIAN,NOT HISPANIC OR LATINO,[Not Available],No,L-Upper,[Not Available],2011,[Not Available],[Not Available],R0,7th,T2,N0,M0,Stage IB,[Not Applicable],[Not Applicable],[Not Applicable],[Not Applicable],NO,[Not Available],[Not Available],[Not Available],[Not Available],[Not Available],YES,NO,[Not Available],[Not Available],[Not Available],[Not Available],[Not Available],1,No,[Not Available],[Not Available],[Not Available],40,[Not Available],Preoperative,NO,[Not Available],Complete Remission/Response,TUMOR FREE,NO,60,[Not Applicable],0,[Not Available],[Not Available],[Not Available],[Not Available],[Not Applicable],[Not Available],[Not Available],[Not Available],[Not Available],C34.1,8140/3,C34.1,YES,[Not Available],[Not Available],[Not Available],[Not Available],NO,71,1:DECEASED,6.9,1:Recurred/Progressed,5.88,matched
TCGA-73-4658-01Z-00-DX1.d5beb44f-9d76-485a-8af4-407b0f1a610e,TCGA-73-4658-01,TCGA-73-4658,0.45308528110324436,stroma-high,5.443163532362623,5.443163532362623,5.80895520134179,31.180914636974556,68.81908536302545,55,15,15,15,15,55,59,0.6881908536302545,0.6832672567901271,5.443163532362623,5.80895520134179,4.171456546080787,0.9742238768409691,116.50737600000001,/data1/deasy/Himangi/female_psg_negative_features/TCGA-73-4658/tils_tsr_wsi_summary.csv,afb91740-2668-46d7-ba01-bb26153ad1c7,TCGA-73-4658,2011-06-15 00:00:00,Lung Adenocarcinoma,NO,YES,Female,Lung,WHITE,NOT HISPANIC OR LATINO,[Not Available],Yes,L-Lower,Central Lung,2004,[Not Available],[Not Available],R0,6th,T2,N0,M0,Stage IB,[Not Applicable],[Not Applicable],[Not Applicable],[Not Applicable],[Not Available],[Not Available],[Not Available],[Not Available],[Not Available],[Not Available],NO,[Not Available],[Not Available],NO,[Not Available],[Not Available],[Not Available],3,No,[Not Available],[Not Available],25,[Not Available],[Not Available],[Not Available],[Not Available],[Not Available],[Not Available],TUMOR FREE,[Not Available],80,[Not Applicable],0,[Not Available],[Not Available],[Not Available],[Not Available],[Not Applicable],[Not Available],[Not Available],[Not Available],[Not Available],C34.3,8140/3,C34.3,YES,[Not Available],[Not Available],[Not Available],[Not Available],[Not Available],73,1:DECEASED,52.56,[Not Available],[Not Available],matched
TCGA-73-4662-01Z-00-DX1.76e23a15-0917-44ad-9181-50100d318003,TCGA-73-4662-01,TCGA-73-4662,0.9919105127940882,stroma-high,29.464146806773282,29.464146806773282,10.04699676013915,49.796941500284454,50.203058499715546,8,2,2,2,2,8,7,0.5020305849971555,0.5009033072380834,29.464146806773282,10.04699676013915,33.134103079171794,0.9634685895242296,74.024568,/data1/deasy/Himangi/female_psg_negative_features/TCGA-73-4662/tils_tsr_wsi_summary.csv,294ff941-aea1-4588-9a0e-e9f5393e2bb6,TCGA-73-4662,2011-01-06 00:00:00,Lung Adenocarcinoma,NO,YES,Female,Lung,WHITE,NOT HISPANIC OR LATINO,[Not Available],No,L-Upper,Peripheral Lung,2007,[Not Available],[Not Available],R0,6th,T1,N0,M0,Stage IA,[Not Applicable],[Not Applicable],[Not Applicable],[Not Applicable],YES,111,[Not Available],115,[Not Available],116,NO,[Not Available],[Not Available],NO,[Not Available],NO,[Not Available],3,No,1955,1972,10,100,0,Preoperative,[Not Available],[Not Available],[Not Available],TUMOR FREE,[Not Available],65,[Not Applicable],0,[Not Available],[Not Available],[Not Available],[Not Available],[Not Applicable],[Not Available],[Not Available],[Not Available],[Not Available],C34.1,8140/3,C34.1,YES,[Not Available],[Not Available],[Not Available],[Not Available],[Not Available],73,0:LIVING,82.62,1:Recurred/Progressed,0.69,matched
TCGA-73-7498-01Z-00-DX1.5313bba9-7f6a-49b4-8d6e-a0f46a04f189,TCGA-73-7498-01,TCGA-73-7498,1.020726324773224,stroma-low,14.680157887534495,14.680157887534495,7.359324580098015,50.51284343948828,49.487156560511735,11,5,5,5,5,11,7,0.49487156560511736,0.49382261461426813,14.680157887534495,7.359324580098015,10.520178600754813,0.9427647465680373,47.053899,/data1/deasy/Himangi/female_psg_negative_features/TCGA-73-7498/tils_tsr_wsi_summary.csv,ad74c0e8-8878-4efc-997d-981cd547bc5b,TCGA-73-7498,2012-05-31 00:00:00,Lung Adenocarcinoma,NO,YES,Female,Lung,WHITE,NOT HISPANIC OR LATINO,[Not Available],"Yes, History of Synchronous/Bilateral Malignancy",R-Lower,Peripheral Lung,2010,[Not Available],[Not Available],R0,7th,T1b,N0,M0,Stage IA,[Not Applicable],[Not Applicable],[Not Applicable],[Not Applicable],YES,61.2,60.1,91.9,89.6,74,NO,[Not Available],[Not Available],NO,[Not Available],NO,[Not Available],4,No,1969,1997,28,80,1,Preoperative,NO,[Not Available],Complete Remission/Response,TUMOR FREE,NO,58,[Not Applicable],0,[Not Available],[Not Available],[Not Available],[Not Available],[Not Applicable],[Not Available],[Not Available],[Not Available],[Not Available],C34.3,8252/3,C34.3,YES,[Not Available],[Not Available],[Not Available],[Not Available],YES,73,0:LIVING,39.06,0:DiseaseFree,39.06,matched
TCGA-75-5147-01Z-00-DX1.3156FA5C-9737-4EAA-989C-FD578FBF15A1,TCGA-75-5147-01,TCGA-75-5147,0.8883089241947479,stroma-high,8.111100567798346,8.111100567798346,10.674580638114984,47.04256347109937,52.95743652890064,1,1,1,1,1,1,0,0.5295743652890064,0.5056594632308229,8.111100567798346,10.674580638114984,,0.9399776660944322,11.233152,/data1/deasy/Himangi/female_psg_negative_features/TCGA-75-5147/tils_tsr_wsi_summary.csv,d2824e6d-3784-45c2-9b0f-52b17356b5da,TCGA-75-5147,2011-04-06 00:00:00,Lung Adenocarcinoma,NO,YES,Female,Lung,[Not Available],[Not Available],[Not Available],No,R-Upper,Peripheral Lung,[Not Available],[Not Available],[Not Available],R0,6th,T2,N0,M0,Stage IB,[Not Applicable],[Not Applicable],[Not Applicable],[Not Applicable],[Not Available],[Not Available],[Not Available],[Not Available],[Not Available],[Not Available],NO,[Not Available],[Not Available],NO,[Not Available],NO,[Not Available],1,No,[Not Available],[Not Available],[Not Available],[Not Available],[Not Available],Other,[Not Available],[Not Available],[Not Available],TUMOR FREE,[Not Available],,[Not Applicable],[Not Available],[Not Available],[Not Available],[Not Available],[Not Available],[Not Applicable],[Not Available],[Not Available],[Not Available],[Not Available],C34.1,8252/3,C34.1,YES,[Not Available],[Not Available],[Not Available],[Not Available],[Not Available],75,0:LIVING,43.79,0:DiseaseFree,43.79,matched
TCGA-75-6212-01Z-00-DX1.FCB36956-DF6C-485D-8E7A-922A2BDAE669,TCGA-75-6212-01,TCGA-75-6212,1.3682429140615482,stroma-low,27.70637544635311,27.70637544635311,16.273124572381573,57.77460183402406,42.22539816597593,3,2,2,2,2,3,1,0.4222539816597593,0.3976338000812526,27.70637544635311,16.273124572381573,0.3897531585614988,0.8516605083318498,32.244352,/data1/deasy/Himangi/female_psg_negative_features/TCGA-75-6212/tils_tsr_wsi_summary.csv,23069f19-eba5-4ea5-ae7d-1ee4399ce7c1,TCGA-75-6212,2011-07-21 00:00:00,Lung Adenocarcinoma,NO,YES,Female,Lung,[Not Available],[Not Available],[Not Available],No,L-Lower,Peripheral Lung,[Not Available],[Not Available],[Not Available],R0,6th,T2,N1,M0,Stage IIB,[Not Applicable],[Not Applicable],[Not Applicable],[Not Applicable],[Not Available],[Not Available],[Not Available],[Not Available],[Not Available],[Not Available],[Not Available],[Not Available],[Not Available],[Not Available],[Not Available],[Not Available],[Not Available],1,No,[Not Available],[Not Available],[Not Available],[Not Available],[Not Available],[Not Available],[Not Available],[Not Available],[Not Available],TUMOR FREE,[Not Available],,[Not Applicable],[Not Available],[Not Available],[Not Available],[Not Available],[Not Available],[Not Applicable],[Not Available],[Not Available],[Not Available],[Not Available],C34.3,8507/3,C34.3,YES,[Not Available],[Not Available],[Not Available],[Not Available],[Not Available],75,1:DECEASED,49.8,1:Recurred/Progressed,44.02,matched
TCGA-78-7145-01Z-00-DX1.ecde66bf-2de8-4e31-b3ab-4fed4f055dda,TCGA-78-7145-01,TCGA-78-7145,2.0254194815559656,stroma-low,13.908336163671384,13.908336163671384,7.130176272501601,66.94673230947457,33.05326769052543,10,9,9,9,9,10,1,0.33053267690525434,0.32302744877511,13.908336163671384,7.130176272501601,0.0,0.7937798934111399,152.22595499999997,/data1/deasy/Himangi/female_psg_negative_features/TCGA-78-7145/tils_tsr_wsi_summary.csv,4ef872e1-82c9-4939-9248-41ed9d3085b2,TCGA-78-7145,2011-09-23 00:00:00,Lung Adenocarcinoma,NO,YES,Female,Lung,WHITE,[Not Available],[Not Available],No,R-Middle,Peripheral Lung,2000,[Not Available],[Not Available],R1,6th,T4,N1,M1,Stage IV,[Not Applicable],[Not Applicable],[Not Applicable],[Not Applicable],[Not Available],[Not Available],[Not Available],[Not Available],[Not Available],[Not Available],NO,[Not Available],[Not Available],NO,[Not Available],NO,[Not Available],4,No,1973,1998,25,[Not Available],1,Preoperative,[Not Available],[Not Available],[Not Available],WITH TUMOR,[Not Available],52,[Not Applicable],0,[Not Available],[Not Available],[Not Available],[Not Available],[Not Applicable],[Not Available],[Not Available],[Not Available],[Not Available],C34.2,8140/3,C34.2,YES,[Not Available],[Not Available],[Not Available],[Not Available],[Not Available],78,1:DECEASED,27.14,1:Recurred/Progressed,13.86,matched
TCGA-78-7146-01Z-00-DX1.830209b2-94c5-4277-a7b6-b2f2634de0dc,TCGA-78-7146-01,TCGA-78-7146,2.642070792257082,stroma-low,23.28907332273367,23.28907332273367,1.8207038082619038,72.54309273378306,27.45690726621695,2,2,2,2,2,2,0,0.2745690726621695,0.27801466916022766,23.28907332273367,1.8207038082619038,,0.8827780120180486,129.61692,/data1/deasy/Himangi/female_psg_negative_features/TCGA-78-7146/tils_tsr_wsi_summary.csv,ff9def3d-17e5-4ef6-b74e-933f11ed6f00,TCGA-78-7146,2011-09-28 00:00:00,Lung Adenocarcinoma,NO,YES,Female,Lung,WHITE,[Not Available],[Not Available],No,L-Lower,Peripheral Lung,1999,[Not Available],[Not Available],R0,6th,T2,N2,M0,Stage IIIA,[Not Applicable],[Not Applicable],[Not Applicable],[Not Applicable],[Not Available],[Not Available],[Not Available],[Not Available],[Not Available],[Not Available],NO,[Not Available],[Not Available],NO,[Not Available],NO,[Not Available],4,No,1988,1998,6,[Not Available],1,Preoperative,[Not Available],[Not Available],[Not Available],[Not Available],[Not Available],71,[Not Applicable],0,[Not Available],[Not Available],[Not Available],[Not Available],[Not Applicable],[Not Available],[Not Available],[Not Available],[Not Available],C34.3,8255/3,C34.3,YES,[Not Available],[Not Available],[Not Available],[Not Available],[Not Available],78,1:DECEASED,5.68,[Not Available],[Not Available],matched
TCGA-78-7147-01Z-00-DX1.a9fd2c5d-b8f3-4524-bd64-6c3362ce373b,TCGA-78-7147-01,TCGA-78-7147,0.42905691828919634,stroma-high,10.169330167707177,10.169330167707177,13.87740016964023,30.023780914398024,69.97621908560197,88,12,12,12,12,88,97,0.6997621908560197,0.6806574449385971,10.169330167707177,13.87740016964023,6.418810816686483,0.9769630118116021,230.230206,/data1/deasy/Himangi/female_psg_negative_features/TCGA-78-7147/tils_tsr_wsi_summary.csv,e7d30bc2-42e8-49c5-a5b3-9f58411b007a,TCGA-78-7147,2011-09-28 00:00:00,Lung Adenocarcinoma,NO,YES,Female,Lung,WHITE,[Not Available],[Not Available],No,R-Upper,Peripheral Lung,2001,[Not Available],[Not Available],R0,6th,T2,N1,M0,Stage IIB,[Not Applicable],[Not Applicable],[Not Applicable],[Not Applicable],[Not Available],[Not Available],[Not Available],[Not Available],[Not Available],[Not Available],NO,[Not Available],[Not Available],NO,[Not Available],NO,[Not Available],2,No,1950,[Not Available],50,[Not Available],1,Preoperative,[Not Available],[Not Available],[Not Available],WITH TUMOR,[Not Available],67,[Not Applicable],0,[Not Available],[Not Available],[Not Available],[Not Available],[Not Applicable],[Not Available],[Not Available],[Not Available],[Not Available],C34.1,8140/3,C34.1,YES,[Not Available],[Not Available],[Not Available],[Not Available],[Not Available],78,1:DECEASED,19.25,1:Recurred/Progressed,18.99,matched
TCGA-78-7153-01Z-00-DX1.5190321a-f1aa-4c6e-b4b9-6767b779682b,TCGA-78-7153-01,TCGA-78-7153,1.5100615888237152,stroma-low,11.510081379739239,11.510081379739239,5.530015349325265,60.160340110673225,39.839659889326775,12,5,5,5,5,12,7,0.39839659889326773,0.3893617719302718,11.510081379739239,5.530015349325265,0.28580756301280663,0.878887509020468,355.87976399999997,/data1/deasy/Himangi/female_psg_negative_features/TCGA-78-7153/tils_tsr_wsi_summary.csv,c353f949-5f66-4a2c-b8f0-17be8bf19e0a,TCGA-78-7153,2011-09-29 00:00:00,Lung Adenocarcinoma,NO,YES,Female,Lung,WHITE,[Not Available],[Not Available],No,R-Upper,Peripheral Lung,2003,[Not Available],[Not Available],R0,6th,T2,N0,M0,Stage IB,[Not Applicable],[Not Applicable],[Not Applicable],[Not Applicable],NO,[Not Available],[Not Available],[Not Available],[Not Available],[Not Available],NO,[Not Available],[Not Available],NO,[Not Available],NO,[Not Available],4,No,1948,1988,20,[Not Available],0,Preoperative,[Not Available],[Not Available],[Not Available],[Not Available],[Not Available],65,[Not Applicable],0,[Not Available],[Not Available],[Not Available],[Not Available],[Not Applicable],[Not Available],[Not Available],[Not Available],[Not Available],C34.8,8255/3,C34.8,YES,[Not Available],[Not Available],[Not Available],[Not Available],[Not Available],78,0:LIVING,119.42,0:DiseaseFree,119.42,matched
TCGA-78-7158-01Z-00-DX1.74db3dcd-2715-4ce7-8e48-30c8b7946ba0,TCGA-78-7158-01,TCGA-78-7158,1.2179408343144316,stroma-low,4.014228493865105,4.014228493865105,2.0737277761359256,54.91313453773435,45.08686546226565,23,7,7,7,7,23,19,0.45086865462265646,0.4487416513731153,4.014228493865105,2.0737277761359256,3.6957828331612976,0.83236073621819,260.5768289999999,/data1/deasy/Himangi/female_psg_negative_features/TCGA-78-7158/tils_tsr_wsi_summary.csv,501c987e-d1eb-48a9-89eb-72a5062c90b4,TCGA-78-7158,2011-09-15 00:00:00,Lung Adenocarcinoma,NO,YES,Female,Lung,WHITE,[Not Available],[Not Available],No,L-Lower,Peripheral Lung,2007,[Not Available],[Not Available],R1,6th,T4,N2,M0,Stage IIIB,[Not Applicable],[Not Applicable],[Not Applicable],[Not Applicable],[Not Available],[Not Available],[Not Available],[Not Available],[Not Available],[Not Available],NO,[Not Available],[Not Available],NO,[Not Available],NO,[Not Available],4,No,1963,2005,14,[Not Available],1,Preoperative,[Not Available],[Not Available],[Not Available],WITH TUMOR,[Not Available],59,[Not Applicable],0,[Not Available],[Not Available],[Not Available],[Not Available],[Not Applicable],[Not Available],[Not Available],[Not Available],[Not Available],C34.3,8255/3,C34.3,YES,[Not Available],[Not Available],[Not Available],[Not Available],[Not Available],78,1:DECEASED,5.88,1:Recurred/Progressed,4.34,matched
TCGA-78-7159-01Z-00-DX1.399d865f-f4f9-4602-b15b-908be0afe459,TCGA-78-7159-01,TCGA-78-7159,3.5337041921322836,stroma-low,28.44680143861128,28.44680143861128,0.8821655677403246,77.94298089109158,22.057019108908424,5,4,4,4,4,5,1,0.22057019108908424,0.22988642174345972,28.44680143861128,0.8821655677403246,22.333132234760633,0.8540778788350116,169.70945399999997,/data1/deasy/Himangi/female_psg_negative_features/TCGA-78-7159/tils_tsr_wsi_summary.csv,4d153600-81f9-44fb-b485-6355ec306d6a,TCGA-78-7159,2011-09-27 00:00:00,Lung Adenocarcinoma,NO,YES,Female,Lung,WHITE,[Not Available],[Not Available],No,L-Upper,Peripheral Lung,2008,[Not Available],[Not Available],R0,6th,T1,NX,M0,Stage IA,[Not Applicable],[Not Applicable],[Not Applicable],[Not Applicable],[Not Available],[Not Available],[Not Available],[Not Available],[Not Available],[Not Available],NO,[Not Available],[Not Available],NO,[Not Available],NO,[Not Available],4,No,1965,2007,21,[Not Available],1,Preoperative,[Not Available],[Not Available],[Not Available],[Not Available],[Not Available],60,[Not Applicable],0,[Not Available],[Not Available],[Not Available],[Not Available],[Not Applicable],[Not Available],[Not Available],[Not Available],[Not Available],C34.1,8255/3,C34.1,YES,[Not Available],[Not Available],[Not Available],[Not Available],[Not Available],78,0:LIVING,64.85,0:DiseaseFree,64.85,matched
TCGA-78-7161-01Z-00-DX1.646cf15a-5961-4728-b9fe-fe3fff11831f,TCGA-78-7161-01,TCGA-78-7161,0.709122109162016,stroma-high,0.69502141093079,0.69502141093079,0.8916163029532742,41.490429815438944,58.509570184561056,39,10,10,10,10,39,46,0.5850957018456105,0.5836484606430501,0.69502141093079,0.8916163029532742,0.4631124516737371,0.9910291499598414,166.789377,/data1/deasy/Himangi/female_psg_negative_features/TCGA-78-7161/tils_tsr_wsi_summary.csv,86faf16c-56fd-4b7b-a6b2-b4c83bec93e1,TCGA-78-7161,2011-10-27 00:00:00,Lung Adenocarcinoma,NO,YES,Female,Lung,WHITE,[Not Available],[Not Available],No,L-Upper,Peripheral Lung,2011,[Not Available],[Not Available],R1,7th,T3,N0,M0,Stage IIB,[Not Applicable],[Not Applicable],[Not Applicable],[Not Applicable],NO,[Not Available],[Not Available],[Not Available],[Not Available],[Not Available],NO,[Not Available],[Not Available],YES,[Not Available],NO,[Not Available],4,No,1961,1998,27.8,[Not Available],1,Preoperative,[Not Available],[Not Available],[Not Available],WITH TUMOR,[Not Available],69,[Not Applicable],0,[Not Available],[Not Available],[Not Available],[Not Available],[Not Applicable],[Not Available],[Not Available],[Not Available],[Not Available],C34.1,8255/3,C34.1,YES,[Not Available],[Not Available],[Not Available],[Not Available],[Not Available],78,1:DECEASED,9.56,1:Recurred/Progressed,5.32,matched
TCGA-78-7539-01Z-00-DX1.b838d859-2fb7-48d1-a442-d366ac404099,TCGA-78-7539-01,TCGA-78-7539,0.7634067965366632,stroma-high,6.240849705673803,6.240849705673803,4.329215957469819,43.29158751321571,56.7084124867843,68,13,13,13,13,68,83,0.567084124867843,0.5654696927521836,6.240849705673803,4.329215957469819,5.927018669017548,0.9976262764030016,132.05647799999994,/data1/deasy/Himangi/female_psg_negative_features/TCGA-78-7539/tils_tsr_wsi_summary.csv,7be86a90-6da8-4c01-8a7a-bc5cfef9894f,TCGA-78-7539,2012-01-19 00:00:00,Lung Adenocarcinoma,NO,YES,Female,Lung,WHITE,[Not Available],[Not Available],No,R-Upper,[Not Available],2011,[Not Available],[Not Available],R0,7th,T2b,N0,M0,Stage IIA,[Not Applicable],[Not Applicable],[Not Applicable],[Not Applicable],NO,[Not Available],[Not Available],[Not Available],[Not Available],[Not Available],NO,[Not Available],[Not Available],NO,[Not Available],NO,[Not Available],3,No,1953,1981,2.2,[Not Available],1,Preoperative,[Not Available],[Not Available],[Not Available],[Not Available],[Not Available],75,[Not Applicable],0,[Not Available],[Not Available],[Not Available],[Not Available],[Not Applicable],[Not Available],[Not Available],[Not Available],[Not Available],C34.1,8255/3,C34.1,YES,[Not Available],[Not Available],[Not Available],[Not Available],[Not Available],78,0:LIVING,25.99,1:Recurred/Progressed,22.6,matched
TCGA-78-7540-01Z-00-DX1.25c29857-0d5f-4e52-be0c-32c6686b653f,TCGA-78-7540-01,TCGA-78-7540,0.7152122200262324,stroma-high,14.042550778268714,14.042550778268714,7.245568760112825,41.69817656822046,58.30182343177954,24,6,6,6,6,24,22,0.5830182343177954,0.5841497227260191,14.042550778268714,7.245568760112825,11.47820792465585,0.938817808345576,68.849748,/data1/deasy/Himangi/female_psg_negative_features/TCGA-78-7540/tils_tsr_wsi_summary.csv,05534064-8b43-4c82-95da-70fd83bd6560,TCGA-78-7540,2012-01-18 00:00:00,Lung Adenocarcinoma,NO,YES,Female,Lung,WHITE,[Not Available],[Not Available],No,L-Lower,[Not Available],1999,[Not Available],[Not Available],R0,6th,T2,N0,M0,Stage IB,[Not Applicable],[Not Applicable],[Not Applicable],[Not Applicable],[Not Available],[Not Available],[Not Available],[Not Available],[Not Available],[Not Available],NO,[Not Available],[Not Available],NO,[Not Available],NO,[Not Available],1,No,[Not Available],[Not Available],[Not Available],[Not Available],0,Preoperative,[Not Available],[Not Available],[Not Available],[Not Available],[Not Available],66,[Not Applicable],0,[Not Available],[Not Available],[Not Available],[Not Available],[Not Applicable],[Not Available],[Not Available],[Not Available],[Not Available],C34.3,8253/3,C34.3,YES,[Not Available],[Not Available],[Not Available],[Not Available],[Not Available],78,1:DECEASED,39.32,[Not Available],[Not Available],matched
TCGA-78-8648-01Z-00-DX1.D3EAEF8E-E739-490F-BF48-A4796B0C0E7A,TCGA-78-8648-01,TCGA-78-8648,1.011971975019568,stroma-low,6.274099175475388,6.274099175475388,0.717263528871211,50.297518433860176,49.70248156613982,24,9,9,9,9,24,16,0.49702481566139817,0.49961923650074436,6.274099175475388,0.717263528871211,10.509424656275074,0.9109815992210959,186.46660800000004,/data1/deasy/Himangi/female_psg_negative_features/TCGA-78-8648/tils_tsr_wsi_summary.csv,5ace9608-d38a-42f2-a877-ec7c9d211808,TCGA-78-8648,2012-10-23 00:00:00,Lung Adenocarcinoma,NO,YES,Female,Lung,[Not Available],[Not Available],[Not Available],No,R-Upper,Peripheral Lung,2002,[Not Available],[Not Available],R0,6th,T3,N0,M0,Stage IIB,[Not Applicable],[Not Applicable],[Not Applicable],[Not Applicable],YES,70,[Not Available],83,[Not Available],69,NO,[Not Available],[Not Available],NO,[Not Available],NO,[Not Available],2,No,1971,[Not Available],45,[Not Available],2,Preoperative,NO,[Not Available],[Not Available],[Not Available],YES,58,[Not Applicable],0,[Not Available],[Not Available],[Not Available],[Not Available],[Not Applicable],[Not Available],[Not Available],[Not Available],[Not Available],C34.1,8140/3,C34.1,YES,[Not Available],[Not Available],[Not Available],[Not Available],NO,78,1:DECEASED,39.72,1:Recurred/Progressed,23.65,matched
TCGA-78-8655-01Z-00-DX1.DC81D146-A4A6-411E-A5DC-C0689A8D445F,TCGA-78-8655-01,TCGA-78-8655,0.5851095673665314,stroma-high,12.235301073215604,12.235301073215604,6.165853663283908,36.91287841626119,63.08712158373881,63,16,16,16,16,63,60,0.6308712158373881,0.63072672752164,12.235301073215604,6.165853663283908,9.913833943332161,0.9980052938181507,261.843408,/data1/deasy/Himangi/female_psg_negative_features/TCGA-78-8655/tils_tsr_wsi_summary.csv,a905d275-9283-4fa6-bbbf-46019bd1bcb7,TCGA-78-8655,2012-10-23 00:00:00,Lung Adenocarcinoma,NO,YES,Female,Lung,[Not Available],[Not Available],[Not Available],No,L-Lower,Peripheral Lung,2003,[Not Available],[Not Available],R0,6th,T1,N0,M0,Stage IA,[Not Applicable],[Not Applicable],[Not Applicable],[Not Applicable],YES,128,[Not Available],70,[Not Available],93,NO,[Not Available],[Not Available],NO,[Not Available],NO,[Not Available],4,No,1981,2001,10,[Not Available],0,Preoperative,NO,[Not Available],Complete Remission/Response,[Not Available],[Not Available],77,[Not Applicable],0,[Not Available],[Not Available],[Not Available],[Not Available],[Not Applicable],[Not Available],[Not Available],[Not Available],[Not Available],C34.3,8255/3,C34.3,YES,[Not Available],[Not Available],[Not Available],[Not Available],NO,78,0:LIVING,77.53,0:DiseaseFree,77.53,matched
TCGA-78-8662-01Z-00-DX1.754A4C57-B5FA-4077-99E4-F6EFA6459410,TCGA-78-8662-01,TCGA-78-8662,1.1391409381573359,stroma-low,19.11491564983789,19.11491564983789,8.485771657852169,53.25226205705717,46.74773794294283,18,8,8,8,8,18,10,0.46747737942942824,0.4606029647045364,19.11491564983789,8.485771657852169,14.548327560028632,0.8750373960927578,177.291432,/data1/deasy/Himangi/female_psg_negative_features/TCGA-78-8662/tils_tsr_wsi_summary.csv,16e64a1e-08b0-4c27-8c69-fa64551f8ca4,TCGA-78-8662,2012-10-23 00:00:00,Lung Adenocarcinoma,NO,YES,Female,Lung,[Not Available],[Not Available],[Not Available],No,R-Upper,Peripheral Lung,2000,[Not Available],[Not Available],R0,6th,T2,N0,M0,Stage IB,[Not Applicable],[Not Applicable],[Not Applicable],[Not Applicable],YES,96,[Not Available],64,[Not Available],76,NO,[Not Available],[Not Available],NO,[Not Available],NO,[Not Available],2,No,1964,[Not Available],45,[Not Available],0,Preoperative,NO,[Not Available],Complete Remission/Response,[Not Available],YES,53,[Not Applicable],0,[Not Available],[Not Available],[Not Available],[Not Available],[Not Applicable],[Not Available],[Not Available],[Not Available],[Not Available],C34.1,8140/3,C34.1,YES,[Not Available],[Not Available],[Not Available],[Not Available],NO,78,1:DECEASED,110.41,1:Recurred/Progressed,100,matched
TCGA-80-5608-01Z-00-DX1.CB85BA53-AF00-4C7D-8489-C2FF0F4F49AB,TCGA-80-5608-01,TCGA-80-5608,2.560920526926454,stroma-low,26.898350211679773,26.898350211679773,3.256708341404156,71.91737382403386,28.082626175966148,2,2,2,2,2,2,0,0.28082626175966147,0.2884805471280373,26.898350211679773,3.256708341404156,,0.7325060931130357,11.314688,/data1/deasy/Himangi/female_psg_negative_features/TCGA-80-5608/tils_tsr_wsi_summary.csv,5c06d97f-2aaa-43de-b085-09d7829356ba,TCGA-80-5608,2011-08-15 00:00:00,Lung Adenocarcinoma,NO,YES,Female,Lung,[Not Available],[Not Available],[Not Available],No,R-Upper,Peripheral Lung,[Not Available],[Not Available],[Not Available],R0,6th,T1,N0,M0,Stage IA,[Not Applicable],[Not Applicable],[Not Applicable],[Not Applicable],[Not Available],[Not Available],[Not Available],[Not Available],[Not Available],[Not Available],[Not Available],[Not Available],[Not Available],[Not Available],[Not Available],[Not Available],[Not Available],2,No,1972,[Not Available],26,[Not Available],1,Preoperative,[Not Available],[Not Available],[Not Available],TUMOR FREE,[Not Available],,[Not Applicable],[Not Available],[Not Available],[Not Available],[Not Available],[Not Available],[Not Applicable],[Not Available],[Not Available],[Not Available],[Not Available],C34.1,8140/3,C34.1,YES,[Not Available],[Not Available],[Not Available],[Not Available],[Not Available],80,0:LIVING,93.04,0:DiseaseFree,93.04,matched
TCGA-86-7714-01Z-00-DX1.8ee03c3b-013e-4dd5-aa0e-9c1a771cbdc5,TCGA-86-7714-01,TCGA-86-7714,1.7236403839009475,stroma-low,15.390944261504464,15.390944261504464,5.425475130282189,63.28443336679621,36.71556663320379,8,5,5,5,5,8,3,0.36715566633203794,0.3611119925353756,15.390944261504464,5.425475130282189,23.98102653263449,0.8987189290467578,142.64021699999998,/data1/deasy/Himangi/female_psg_negative_features/TCGA-86-7714/tils_tsr_wsi_summary.csv,532c1852-76dd-489f-9380-36766d6e3c34,TCGA-86-7714,2011-07-12 00:00:00,Lung Adenocarcinoma,YES,NO,Female,Lung,BLACK OR AFRICAN AMERICAN,NOT HISPANIC OR LATINO,[Not Available],No,R-Lower,Peripheral Lung,2011,[Not Available],[Not Available],R0,7th,T1b,N2,M0,Stage IIIA,[Not Applicable],[Not Applicable],[Not Applicable],[Not Applicable],NO,[Not Available],[Not Available],[Not Available],[Not Available],[Not Available],NO,[Not Available],[Not Available],NO,[Not Available],[Not Available],[Not Available],2,No,1968,[Not Available],43,100,0,Preoperative,[Not Available],[Not Available],[Not Available],WITH TUMOR,[Not Available],61,[Not Applicable],0,[Not Available],[Not Available],[Not Available],[Not Available],[Not Applicable],[Not Available],[Not Available],[Not Available],[Not Available],C34.3,8255/3,C34.3,YES,[Not Available],[Not Available],[Not Available],[Not Available],[Not Available],86,1:DECEASED,20.53,[Not Available],[Not Available],matched
TCGA-86-7953-01Z-00-DX1.847865ce-df59-4677-bac2-ee88a258fe4e,TCGA-86-7953-01,TCGA-86-7953,2.1910242201081975,stroma-low,32.538680859943916,32.538680859943916,6.276506789876247,68.66209934420074,31.33790065579926,34,25,25,25,25,34,10,0.3133790065579926,0.3481138094275259,32.538680859943916,6.276506789876247,52.588267021739355,0.7694984572968859,28.141164,/data1/deasy/Himangi/female_psg_negative_features/TCGA-86-7953/tils_tsr_wsi_summary.csv,54775a66-08cc-4f38-98f2-e7b2b5cec994,TCGA-86-7953,2012-03-14 00:00:00,Lung Adenocarcinoma,YES,NO,Female,Lung,WHITE,NOT HISPANIC OR LATINO,[Not Available],No,L-Upper,Peripheral Lung,2011,[Not Available],[Not Available],RX,7th,T1b,N0,M0,Stage IA,[Not Applicable],[Not Applicable],[Not Applicable],[Not Applicable],NO,[Not Available],[Not Available],[Not Available],[Not Available],[Not Available],[Not Available],[Not Available],[Not Available],NO,[Not Available],[Not Available],[Not Available],1,No,[Not Available],[Not Available],[Not Available],[Not Available],[Not Available],[Not Available],[Not Available],[Not Available],[Not Available],TUMOR FREE,[Not Available],69,[Not Applicable],0,[Not Available],[Not Available],[Not Available],[Not Available],[Not Applicable],[Not Available],[Not Available],[Not Available],[Not Available],C34.1,8250/3,C34.1,YES,[Not Available],[Not Available],[Not Available],[Not Available],[Not Available],86,0:LIVING,32.75,0:DiseaseFree,32.75,matched
TCGA-86-7954-01Z-00-DX1.0a063ee6-18b7-4b66-9726-04fb452156cb,TCGA-86-7954-01,TCGA-86-7954,0.7468250146294949,stroma-high,15.130941746618474,15.130941746618474,6.4127364836489615,42.75328143202128,57.24671856797872,16,9,9,9,9,16,7,0.5724671856797872,0.587542122733188,15.130941746618474,6.4127364836489615,3.311045831811809,0.8332977516709917,13.836483,/data1/deasy/Himangi/female_psg_negative_features/TCGA-86-7954/tils_tsr_wsi_summary.csv,079ae0b3-b64b-4b8e-ab7d-225b8046568c,TCGA-86-7954,2012-03-30 00:00:00,Lung Adenocarcinoma,YES,NO,Female,Lung,WHITE,NOT HISPANIC OR LATINO,[Not Available],No,R-Lower,Peripheral Lung,2011,[Not Available],[Not Available],R0,7th,T2,N0,M0,Stage IB,[Not Applicable],[Not Applicable],[Not Applicable],[Not Applicable],NO,[Not Available],[Not Available],[Not Available],[Not Available],[Not Available],NO,[Not Available],[Not Available],NO,[Not Available],[Not Available],[Not Available],3,No,1963,1971,8,100,0,Preoperative,[Not Available],[Not Available],[Not Available],TUMOR FREE,[Not Available],68,[Not Applicable],0,[Not Available],[Not Available],[Not Available],[Not Available],[Not Applicable],[Not Available],[Not Available],[Not Available],[Not Available],C34.3,8250/3,C34.3,YES,[Not Available],[Not Available],[Not Available],[Not Available],[Not Available],86,0:LIVING,19.88,0:DiseaseFree,19.88,matched
TCGA-86-8074-01Z-00-DX1.0c34b434-8701-4060-a4ea-08a72371ee1e,TCGA-86-8074-01,TCGA-86-8074,0.9850665322733213,stroma-high,26.18514211336638,26.18514211336638,5.122484833385592,49.62385473020955,50.37614526979044,22,13,13,13,13,22,9,0.5037614526979044,0.5328032522462944,26.18514211336638,5.122484833385592,22.663503664166655,0.766398219665986,20.686959,/data1/deasy/Himangi/female_psg_negative_features/TCGA-86-8074/tils_tsr_wsi_summary.csv,482eb2a7-6fed-4e4c-b1b6-14d6d869f855,TCGA-86-8074,2012-05-09 00:00:00,Lung Adenocarcinoma,YES,NO,Female,Lung,WHITE,NOT HISPANIC OR LATINO,[Not Available],No,L-Lower,Peripheral Lung,2011,[Not Available],[Not Available],R0,7th,T1b,N1,M0,Stage IIA,[Not Applicable],[Not Applicable],[Not Applicable],[Not Applicable],NO,[Not Available],[Not Available],[Not Available],[Not Available],[Not Available],NO,[Not Available],[Not Available],NO,[Not Available],NO,[Not Available],2,No,1970,[Not Available],40,80,2,[Not Available],[Not Available],[Not Available],[Not Available],TUMOR FREE,[Not Available],62,[Not Applicable],0,[Not Available],[Not Available],[Not Available],[Not Available],[Not Applicable],[Not Available],[Not Available],[Not Available],[Not Available],C34.3,8260/3,C34.3,YES,[Not Available],[Not Available],[Not Available],[Not Available],[Not Available],86,0:LIVING,0.79,0:DiseaseFree,0.79,matched
TCGA-86-8075-01Z-00-DX1.171bd8bd-af24-4770-b24b-732e675efd75,TCGA-86-8075-01,TCGA-86-8075,0.6840585430541839,stroma-high,25.285389255753586,25.285389255753586,9.208456024068083,40.61964151279357,59.38035848720643,24,6,6,6,6,24,24,0.5938035848720643,0.6166126967403759,25.285389255753586,9.208456024068083,31.58456832230344,0.8459063725867676,26.391582000000003,/data1/deasy/Himangi/female_psg_negative_features/TCGA-86-8075/tils_tsr_wsi_summary.csv,8869000d-09d7-465a-ac32-54d1935c43e7,TCGA-86-8075,2012-05-16 00:00:00,Lung Adenocarcinoma,YES,NO,Female,Lung,WHITE,NOT HISPANIC OR LATINO,[Not Available],No,L-Upper,Peripheral Lung,2011,[Not Available],[Not Available],R0,7th,T2,N0,M0,Stage IB,[Not Applicable],[Not Applicable],[Not Applicable],[Not Applicable],NO,[Not Available],[Not Available],[Not Available],[Not Available],[Not Available],NO,[Not Available],[Not Available],NO,[Not Available],NO,[Not Available],1,No,[Not Available],[Not Available],[Not Available],80,2,Preoperative,[Not Available],[Not Available],[Not Available],TUMOR FREE,[Not Available],66,[Not Applicable],0,[Not Available],[Not Available],[Not Available],[Not Available],[Not Applicable],[Not Available],[Not Available],[Not Available],[Not Available],C34.1,8140/3,C34.1,YES,[Not Available],[Not Available],[Not Available],[Not Available],[Not Available],86,1:DECEASED,22.8,1:Recurred/Progressed,6.54,matched
TCGA-86-8278-01Z-00-DX1.6500afef-f0f0-4e7c-a6c0-60da81993641,TCGA-86-8278-01,TCGA-86-8278,1.123236696675419,stroma-low,8.550325257062322,8.550325257062322,4.463660009016103,52.90209510951803,47.09790489048197,7,3,3,3,3,7,4,0.4709790489048197,0.4625323576128759,8.550325257062322,4.463660009016103,0.07384578297057244,0.9460805261737685,176.744745,/data1/deasy/Himangi/female_psg_negative_features/TCGA-86-8278/tils_tsr_wsi_summary.csv,a816e355-be6f-4d16-b051-b6d86ed8cded,TCGA-86-8278,2012-06-06 00:00:00,Lung Adenocarcinoma,YES,NO,Female,Lung,WHITE,NOT HISPANIC OR LATINO,[Not Available],No,L-Lower,Peripheral Lung,2011,[Not Available],[Not Available],R0,7th,T2,N1,M0,Stage IIB,[Not Applicable],[Not Applicable],[Not Applicable],[Not Applicable],[Not Available],[Not Available],[Not Available],[Not Available],[Not Available],[Not Available],NO,[Not Available],[Not Available],[Not Available],[Not Available],[Not Available],[Not Available],1,No,[Not Available],[Not Available],[Not Available],80,2,[Not Available],[Not Available],[Not Available],Complete Remission/Response,TUMOR FREE,NO,63,[Not Applicable],0,[Not Available],[Not Available],[Not Available],[Not Available],[Not Applicable],[Not Available],[Not Available],[Not Available],[Not Available],C34.30,8480/3,C34.3,YES,[Not Available],[Not Available],[Not Available],[Not Available],[Not Available],86,0:LIVING,31.01,1:Recurred/Progressed,0.95,matched
TCGA-86-8280-01Z-00-DX1.52627b97-1cfa-4382-819b-949b58c0f995,TCGA-86-8280-01,TCGA-86-8280,0.8433366989113453,stroma-high,12.308321312988868,12.308321312988868,6.547500701106877,45.750551128798705,54.24944887120129,36,19,19,19,19,36,20,0.5424944887120129,0.5397868403602964,12.308321312988868,6.547500701106877,9.426135304885209,0.9461255799431134,188.560584,/data1/deasy/Himangi/female_psg_negative_features/TCGA-86-8280/tils_tsr_wsi_summary.csv,d8faa3a7-6b3f-4e69-8c88-184e41055bd7,TCGA-86-8280,2012-05-30 00:00:00,Lung Adenocarcinoma,YES,NO,Female,Lung,WHITE,NOT HISPANIC OR LATINO,[Not Available],No,L-Lower,Peripheral Lung,2011,[Not Available],[Not Available],R0,7th,T2b,N0,M0,Stage IIA,[Not Applicable],[Not Applicable],[Not Applicable],[Not Applicable],NO,[Not Available],[Not Available],[Not Available],[Not Available],[Not Available],NO,[Not Available],[Not Available],[Not Available],[Not Available],[Not Available],[Not Available],1,No,[Not Available],[Not Available],[Not Available],[Not Available],[Not Available],[Not Available],[Not Available],[Not Available],Complete Remission/Response,TUMOR FREE,NO,54,[Not Applicable],0,[Not Available],[Not Available],[Not Available],[Not Available],[Not Applicable],[Not Available],[Not Available],[Not Available],[Not Available],C34.3,8252/3,C34.3,YES,[Not Available],[Not Available],[Not Available],[Not Available],[Not Available],86,0:LIVING,23.03,0:DiseaseFree,23.03,matched
TCGA-86-8668-01Z-00-DX1.d720d486-02c7-4f98-8feb-e0e50a12c158,TCGA-86-8668-01,TCGA-86-8668,1.5164520962905177,stroma-low,26.254316800358623,26.254316800358623,13.666551169043464,60.261512568663946,39.738487431336054,4,3,3,3,3,4,1,0.39738487431336056,0.37483880636489936,26.254316800358623,13.666551169043464,15.361608296710285,0.8992574384053732,155.05978499999998,/data1/deasy/Himangi/female_psg_negative_features/TCGA-86-8668/tils_tsr_wsi_summary.csv,f2d8b332-2f03-46e5-a9d5-f163972e5fa7,TCGA-86-8668,2012-08-30 00:00:00,Lung Adenocarcinoma,YES,NO,Female,Lung,WHITE,NOT HISPANIC OR LATINO,[Not Available],No,L-Lower,Peripheral Lung,2012,[Not Available],[Not Available],R0,7th,T1b,N0,M0,Stage IA,[Not Applicable],[Not Applicable],[Not Applicable],[Not Applicable],NO,[Not Available],[Not Available],[Not Available],[Not Available],[Not Available],NO,[Not Available],[Not Available],[Not Available],[Not Available],[Not Available],[Not Available],1,No,[Not Available],[Not Available],[Not Available],100,0,Preoperative,[Not Available],[Not Available],Complete Remission/Response,TUMOR FREE,[Not Available],61,[Not Applicable],0,[Not Available],[Not Available],[Not Available],[Not Available],[Not Applicable],[Not Available],[Not Available],[Not Available],[Not Available],C34.3,8253/3,C34.3,YES,[Not Available],[Not Available],[Not Available],[Not Available],[Not Available],86,0:LIVING,13.9,0:DiseaseFree,13.9,matched
TCGA-86-8671-01Z-00-DX1.1fd0019c-df9d-48cc-9055-8de57759f273,TCGA-86-8671-01,TCGA-86-8671,0.19436852980849648,stroma-high,16.66283803394505,16.66283803394505,7.781465965325143,16.273748425007586,83.7262515749924,14,4,4,4,4,14,16,0.837262515749924,0.8485273405412351,16.66283803394505,7.781465965325143,14.399133028571468,0.9882812508012835,7.934724,/data1/deasy/Himangi/female_psg_negative_features/TCGA-86-8671/tils_tsr_wsi_summary.csv,c4cfa3cc-e305-42dd-be57-97efbb891659,TCGA-86-8671,2012-08-30 00:00:00,Lung Adenocarcinoma,YES,NO,Female,Lung,WHITE,NOT HISPANIC OR LATINO,[Not Available],No,R-Upper,Peripheral Lung,2012,[Not Available],[Not Available],R0,7th,T2b,N1,M0,Stage IIB,[Not Applicable],[Not Applicable],[Not Applicable],[Not Applicable],NO,[Not Available],[Not Available],[Not Available],[Not Available],[Not Available],[Not Available],[Not Available],[Not Available],[Not Available],[Not Available],[Not Available],[Not Available],1,No,[Not Available],[Not Available],[Not Available],90,1,Preoperative,[Not Available],[Not Available],Complete Remission/Response,WITH TUMOR,[Not Available],72,[Not Applicable],0,[Not Available],[Not Available],[Not Available],[Not Available],[Not Applicable],[Not Available],[Not Available],[Not Available],[Not Available],C34.1,8260/3,C34.1,YES,[Not Available],[Not Available],[Not Available],[Not Available],[Not Available],86,0:LIVING,27.56,0:DiseaseFree,27.56,matched
TCGA-86-A456-01Z-00-DX1.5C7CBF9B-0AE3-4776-9434-296AA0C605CC,TCGA-86-A456-01,TCGA-86-A456,0.6423060287944554,stroma-high,17.509113305128544,17.509113305128544,20.222251334512492,39.110008581405744,60.889991418594256,18,2,2,2,2,18,29,0.6088999141859426,0.5781512875900614,17.509113305128544,20.222251334512492,20.611023296109057,0.9929728831896396,74.91168,/data1/deasy/Himangi/female_psg_negative_features/TCGA-86-A456/tils_tsr_wsi_summary.csv,8E2ACA86-7CBA-4631-9F25-4D14219DBC6D,TCGA-86-A456,2012-12-06 00:00:00,Lung Adenocarcinoma,YES,NO,Female,Lung,ASIAN,NOT HISPANIC OR LATINO,[Not Available],No,L-Upper,Peripheral Lung,2012,[Not Available],[Not Available],R0,7th,T1a,N0,M0,Stage IA,[Not Applicable],[Not Applicable],[Not Applicable],[Not Applicable],NO,[Not Available],[Not Available],[Not Available],[Not Available],[Not Available],[Not Available],[Not Available],[Not Available],[Not Available],[Not Available],[Not Available],[Not Available],4,No,1974,2009,[Not Available],[Not Available],[Not Available],[Not Available],[Not Available],[Not Available],[Not Available],TUMOR FREE,[Not Available],78,[Not Applicable],0,[Not Available],[Not Available],[Not Available],[Not Available],[Not Applicable],[Not Available],[Not Available],[Not Available],[Not Available],C34.1,8260/3,C34.1,YES,[Not Available],[Not Available],[Not Available],[Not Available],[Not Available],86,0:LIVING,29.43,0:DiseaseFree,29.43,matched
TCGA-86-A4P7-01Z-00-DX1.37026DCF-5A81-4098-B444-C8A40CA168D0,TCGA-86-A4P7-01,TCGA-86-A4P7,1.264137370383158,stroma-low,28.39180966503599,28.39180966503599,12.665987426077956,55.83306856373424,44.16693143626576,19,4,4,4,4,19,18,0.44166931436265766,0.45461037336173077,28.39180966503599,12.665987426077956,29.192854280217652,0.796188721340856,49.594795999999995,/data1/deasy/Himangi/female_psg_negative_features/TCGA-86-A4P7/tils_tsr_wsi_summary.csv,9E640FF7-996E-427B-B56C-519A1E23BAAB,TCGA-86-A4P7,2013-02-07 00:00:00,Lung Adenocarcinoma,YES,NO,Female,Lung,WHITE,NOT HISPANIC OR LATINO,[Not Available],No,L-Lower,Peripheral Lung,2012,[Not Available],[Not Available],R0,7th,T2a,N0,M0,Stage IB,[Not Applicable],[Not Applicable],[Not Applicable],[Not Applicable],NO,[Not Available],[Not Available],[Not Available],[Not Available],[Not Available],NO,[Not Available],[Not Available],NO,[Not Available],NO,[Not Available],1,No,[Not Available],[Not Available],[Not Available],100,0,Preoperative,[Not Available],[Not Available],Complete Remission/Response,TUMOR FREE,[Not Available],63,[Not Applicable],0,[Not Available],[Not Available],[Not Available],[Not Available],[Not Applicable],[Not Available],[Not Available],[Not Available],[Not Available],C34.3,8140/3,C34.3,YES,[Not Available],[Not Available],[Not Available],[Not Available],[Not Available],86,0:LIVING,13.63,0:DiseaseFree,13.63,matched
TCGA-86-A4P8-01Z-00-DX1.D65E8855-F7A1-4584-A501-BBFBC61C2DEB,TCGA-86-A4P8-01,TCGA-86-A4P8,1.3087285858884217,stroma-low,13.420260599361574,13.420260599361574,6.4237987615568235,56.68611693413108,43.313883065868914,7,3,2,3,3,7,4,0.43313883065868913,0.42789487724148867,13.420260599361574,6.4237987615568235,0.30345449586373213,0.8304477229542112,56.475784000000004,/data1/deasy/Himangi/female_psg_negative_features/TCGA-86-A4P8/tils_tsr_wsi_summary.csv,646910EE-5F5D-40AC-A21A-75790F89430A,TCGA-86-A4P8,2013-02-07 00:00:00,Lung Adenocarcinoma,YES,NO,Female,Lung,WHITE,NOT HISPANIC OR LATINO,[Not Available],No,R-Lower,[Not Available],2012,[Not Available],[Not Available],[Not Available],7th,T1b,N2,MX,Stage IIIA,[Not Applicable],[Not Applicable],[Not Applicable],[Not Applicable],YES,84,89,74,78,85,NO,[Not Available],[Not Available],YES,[Not Available],YES,FISH,1,No,[Not Available],[Not Available],[Not Available],[Not Available],[Not Available],[Not Available],[Not Available],[Not Available],Complete Remission/Response,[Not Available],[Not Available],59,[Not Applicable],0,[Not Available],[Not Available],[Not Available],[Not Available],[Not Applicable],[Not Available],[Not Available],[Not Available],[Not Available],C34.3,8140/3,C34.3,YES,[Not Available],[Not Available],[Not Available],[Not Available],[Not Available],86,0:LIVING,26.45,0:DiseaseFree,26.45,matched
TCGA-93-7347-01Z-00-DX1.a22b7163-07bd-4f6a-97c7-f1561c4d73cb,TCGA-93-7347-01,TCGA-93-7347,0.6236718141438109,stroma-high,33.94529816731319,33.94529816731319,22.908787152512286,38.41119915434902,61.58880084565098,31,8,8,8,8,31,33,0.6158880084565098,0.6136399702759168,33.94529816731319,22.908787152512286,18.22029589810306,0.9012315165641444,55.530747000000005,/data1/deasy/Himangi/female_psg_negative_features/TCGA-93-7347/tils_tsr_wsi_summary.csv,ef03654a-dcf1-41ff-a67e-4f3fbf9ba807,TCGA-93-7347,2012-03-30 00:00:00,Lung Adenocarcinoma,YES,NO,Female,Lung,WHITE,NOT HISPANIC OR LATINO,[Not Available],No,R-Upper,Central Lung,2011,[Not Available],[Not Available],R0,7th,T1a,N0,MX,Stage IA,[Not Applicable],[Not Applicable],[Not Applicable],[Not Applicable],YES,84,84,62,61,70,NO,[Not Available],[Not Available],NO,[Not Available],NO,[Not Available],3,No,1952,1967,11,[Not Available],[Not Available],[Not Available],[Not Available],[Not Available],[Not Available],TUMOR FREE,[Not Available],76,[Not Applicable],0,[Not Available],[Not Available],[Not Available],[Not Available],[Not Applicable],[Not Available],[Not Available],[Not Available],[Not Available],C34.1,8255/3,C34.1,YES,[Not Available],[Not Available],[Not Available],[Not Available],[Not Available],93,0:LIVING,22.44,0:DiseaseFree,22.44,matched
TCGA-95-7043-01Z-00-DX1.AE0FD8AA-9B88-45FE-B247-402BED1285EF,TCGA-95-7043-01,TCGA-95-7043,0.5275896692807897,stroma-high,3.522003205056129,3.522003205056129,1.494401440757259,34.53739442537511,65.46260557462487,13,4,4,4,4,13,11,0.6546260557462488,0.6550180476183461,3.522003205056129,1.494401440757259,0.7939431945948316,0.9971567836582345,57.287451,/data1/deasy/Himangi/female_psg_negative_features/TCGA-95-7043/tils_tsr_wsi_summary.csv,c650b1ff-8a4c-4ee9-b7c1-268c28c83827,TCGA-95-7043,2011-8-00,Lung Adenocarcinoma,YES,NO,Female,Lung,WHITE,NOT HISPANIC OR LATINO,[Not Available],Yes,R-Upper,[Not Available],2011,[Not Available],[Not Available],[Not Available],7th,T1a,N0,MX,Stage IA,[Not Applicable],[Not Applicable],[Not Applicable],[Not Applicable],NO,[Not Available],[Not Available],[Not Available],[Not Available],[Not Available],[Not Available],[Not Available],[Not Available],[Not Available],[Not Available],[Not Available],[Not Available],4,No,1964,2003,40,[Not Available],[Not Available],[Not Available],[Not Available],[Not Available],[Not Available],TUMOR FREE,[Not Available],63,[Not Applicable],0,[Not Available],[Not Available],[Not Available],[Not Available],[Not Applicable],[Not Available],[Not Available],[Not Available],[Not Available],C34.1,8255/3,C34.1,YES,[Not Available],[Not Available],[Not Available],[Not Available],[Not Available],95,1:DECEASED,16.52,[Not Available],[Not Available],matched
TCGA-95-A4VK-01Z-00-DX1.D09778E0-285E-4593-84C8-B6009DDF4E41,TCGA-95-A4VK-01,TCGA-95-A4VK,0.8435041479363219,stroma-high,5.483679948682889,5.483679948682889,6.012208340867355,45.755478710507255,54.24452128949275,52,20,20,20,20,52,38,0.5424452128949275,0.5350276065398804,5.483679948682889,6.012208340867355,7.348874824487159,0.9298209408545663,208.63552774999997,/data1/deasy/Himangi/female_psg_negative_features/TCGA-95-A4VK/tils_tsr_wsi_summary.csv,D344DAE0-ADF4-4697-B703-7690C13D8331,TCGA-95-A4VK,2013-02-21 00:00:00,Lung Adenocarcinoma,YES,NO,Female,Lung,WHITE,NOT HISPANIC OR LATINO,[Not Available],"Yes, History of Prior Malignancy",R-Upper,[Not Available],2012,[Not Available],[Not Available],RX,7th,T2b,N2,M0,Stage IIIA,[Not Applicable],[Not Applicable],[Not Applicable],[Not Applicable],YES,99,99,67,72,81,NO,[Not Available],[Not Available],YES,[Not Available],NO,[Not Available],3,No,1956,1986,45,[Not Available],[Not Available],[Not Available],YES,[Not Available],Stable Disease,TUMOR FREE,NO,74,[Not Applicable],0,[Not Available],[Not Available],[Not Available],[Not Available],[Not Applicable],[Not Available],[Not Available],[Not Available],[Not Available],C34.1,8255/3,C34.1,YES,[Not Available],[Not Available],[Not Available],[Not Available],YES,95,0:LIVING,21.39,1:Recurred/Progressed,16.29,matched
TCGA-95-A4VN-01Z-00-DX1.B997A80F-C396-40AB-808A-B70EB83A2B74,TCGA-95-A4VN-01,TCGA-95-A4VN,1.6376822716262738,stroma-low,36.804002220900024,36.804002220900024,17.848220250736528,62.087928073935686,37.912071926064314,22,11,11,11,11,22,12,0.37912071926064317,0.35879561885752376,36.804002220900024,17.848220250736528,39.0937699916462,0.9117572643068371,239.56709075,/data1/deasy/Himangi/female_psg_negative_features/TCGA-95-A4VN/tils_tsr_wsi_summary.csv,389F78A3-FA0B-406C-9434-AA0298341A8C,TCGA-95-A4VN,2013-02-22 00:00:00,Lung Adenocarcinoma,YES,NO,Female,Lung,WHITE,NOT HISPANIC OR LATINO,[Not Available],"Yes, History of Prior Malignancy",R-Lower,[Not Available],2012,[Not Available],[Not Available],R0,7th,T2a,N1,M0,Stage IIA,[Not Applicable],[Not Applicable],[Not Applicable],[Not Applicable],YES,58,67,60,65,50,NO,[Not Available],[Not Available],YES,[Not Available],NO,[Not Available],4,No,1965,2007,42,[Not Available],[Not Available],[Not Available],NO,[Not Available],Stable Disease,TUMOR FREE,NO,62,[Not Applicable],0,[Not Available],[Not Available],[Not Available],[Not Available],[Not Applicable],[Not Available],[Not Available],[Not Available],[Not Available],C34.3,8140/3,C34.3,YES,[Not Available],[Not Available],[Not Available],[Not Available],NO,95,0:LIVING,18.17,0:DiseaseFree,18.17,matched
TCGA-95-A4VP-01Z-00-DX1.1B145AC0-2471-4974-BBB6-C88BDF0BE8BD,TCGA-95-A4VP-01,TCGA-95-A4VP,1.0610446489783332,stroma-low,15.722023730495287,15.722023730495287,8.67960115504866,51.480915248696654,48.51908475130334,59,18,17,18,18,59,59,0.4851908475130334,0.48582967278978106,15.722023730495287,8.67960115504866,16.633267507748553,0.9345946868815278,257.0004125,/data1/deasy/Himangi/female_psg_negative_features/TCGA-95-A4VP/tils_tsr_wsi_summary.csv,9E22A3AF-7F28-4757-8684-ED64A2A27AD1,TCGA-95-A4VP,2013-02-22 00:00:00,Lung Adenocarcinoma,YES,NO,Female,Lung,WHITE,[Not Available],[Not Available],No,L-Lower,[Not Available],2012,[Not Available],[Not Available],[Not Available],7th,T2b,N2,M0,Stage IIIA,[Not Applicable],[Not Applicable],[Not Applicable],[Not Applicable],NO,[Not Available],[Not Available],[Not Available],[Not Available],[Not Available],NO,[Not Available],[Not Available],NO,[Not Available],NO,[Not Available],4,No,1972,2012,20,[Not Available],[Not Available],[Not Available],NO,[Not Available],Stable Disease,TUMOR FREE,NO,66,[Not Applicable],0,[Not Available],[Not Available],[Not Available],[Not Available],[Not Applicable],[Not Available],[Not Available],[Not Available],[Not Available],C34.3,8550/3,C34.3,YES,[Not Available],[Not Available],[Not Available],[Not Available],YES,95,0:LIVING,19.88,1:Recurred/Progressed,7.1,matched
TCGA-97-7546-01Z-00-DX1.dad9871f-cdfb-424d-a5b2-4e0905c29137,TCGA-97-7546-01,TCGA-97-7546,0.29372240523502624,stroma-high,7.692307928968691,7.692307928968691,7.4239061332239595,22.703665333960625,77.29633466603939,42,7,7,7,7,42,56,0.7729633466603939,0.7697828119142773,7.692307928968691,7.4239061332239595,8.14525987884374,0.9476591999033389,50.861088,/data1/deasy/Himangi/female_psg_negative_features/TCGA-97-7546/tils_tsr_wsi_summary.csv,1d90c9f3-5025-4867-a2f0-e455b6a254fa,TCGA-97-7546,2011-11-17 00:00:00,Lung Adenocarcinoma,NO,YES,Female,Lung,WHITE,NOT HISPANIC OR LATINO,[Not Available],No,L-Upper,[Not Available],2008,[Not Available],[Not Available],R0,6th,T1,N0,MX,Stage IA,[Not Applicable],[Not Applicable],[Not Applicable],[Not Applicable],YES,85,84,100,96,60,[Not Available],[Not Available],[Not Available],[Not Available],[Not Available],[Not Available],[Not Available],3,No,1963,1983,25,[Not Available],[Not Available],[Not Available],[Not Available],[Not Available],[Not Available],TUMOR FREE,[Not Available],76,[Not Applicable],0,[Not Available],[Not Available],[Not Available],[Not Available],[Not Applicable],[Not Available],[Not Available],[Not Available],[Not Available],C34.1,8550/3,C34.1,YES,[Not Available],[Not Available],[Not Available],[Not Available],[Not Available],97,0:LIVING,42.21,1:Recurred/Progressed,41.23,matched
TCGA-97-7547-01Z-00-DX1.3563966f-21ee-4405-9106-9e0bf8df9f1a,TCGA-97-7547-01,TCGA-97-7547,0.32963335476482675,stroma-high,15.756605633856752,15.756605633856752,19.699177768845274,24.791297058212656,75.20870294178734,93,9,9,9,9,93,139,0.7520870294178734,0.734293819292479,15.756605633856752,19.699177768845274,16.455991815999017,0.9517091215258221,153.039141,/data1/deasy/Himangi/female_psg_negative_features/TCGA-97-7547/tils_tsr_wsi_summary.csv,6092bd5c-e97c-4a77-a4ad-c87623b17507,TCGA-97-7547,2011-11-17 00:00:00,Lung Adenocarcinoma,NO,YES,Female,Lung,WHITE,NOT HISPANIC OR LATINO,[Not Available],No,R-Upper,[Not Available],2007,[Not Available],[Not Available],[Not Available],6th,T2,N0,MX,Stage IB,[Not Applicable],[Not Applicable],[Not Applicable],[Not Applicable],YES,106,101,82,83,94,[Not Available],[Not Available],[Not Available],[Not Available],[Not Available],[Not Available],[Not Available],3,No,[Not Available],1986,30,[Not Available],[Not Available],[Not Available],[Not Available],[Not Available],[Not Available],TUMOR FREE,[Not Available],67,[Not Applicable],0,[Not Available],[Not Available],[Not Available],[Not Available],[Not Applicable],[Not Available],[Not Available],[Not Available],[Not Available],C34.1,8260/3,C34.1,YES,[Not Available],[Not Available],[Not Available],[Not Available],[Not Available],97,0:LIVING,64.55,1:Recurred/Progressed,37.68,matched
TCGA-97-7553-01Z-00-DX1.e31eec5e-0053-407a-b057-9b87555b122d,TCGA-97-7553-01,TCGA-97-7553,0.7297802449230523,stroma-high,46.129401782240365,46.129401782240365,24.69203361997665,42.18918831250243,57.810811687497576,15,4,4,4,4,15,16,0.5781081168749758,0.6158819459789943,46.129401782240365,24.69203361997665,32.662202081129145,0.9748709339800141,16.781202,/data1/deasy/Himangi/female_psg_negative_features/TCGA-97-7553/tils_tsr_wsi_summary.csv,37c8d73a-45ae-40fc-ba9a-721b755c1160,TCGA-97-7553,2011-11-17 00:00:00,Lung Adenocarcinoma,NO,YES,Female,Lung,WHITE,NOT HISPANIC OR LATINO,[Not Available],No,L-Lower,Central Lung,2007,[Not Available],[Not Available],[Not Available],6th,T1,N0,MX,Stage IA,[Not Applicable],[Not Applicable],[Not Applicable],[Not Applicable],YES,99,99,70,70,64,[Not Available],[Not Available],[Not Available],[Not Available],[Not Available],[Not Available],[Not Available],2,No,1967,[Not Available],20,[Not Available],[Not Available],[Not Available],[Not Available],[Not Available],[Not Available],TUMOR FREE,[Not Available],58,[Not Applicable],0,[Not Available],[Not Available],[Not Available],[Not Available],[Not Applicable],[Not Available],[Not Available],[Not Available],[Not Available],C34.3,8252/3,C34.3,YES,[Not Available],[Not Available],[Not Available],[Not Available],[Not Available],97,0:LIVING,61.43,0:DiseaseFree,61.43,matched
TCGA-97-7554-01Z-00-DX1.4107ca63-4642-42b9-b6f2-13778ecaf9a7,TCGA-97-7554-01,TCGA-97-7554,1.0614331260623167,stroma-low,6.300028096770721,6.300028096770721,11.109577390552321,51.490058670485816,48.509941329514184,60,3,3,3,3,60,83,0.48509941329514183,0.46288699790153554,6.300028096770721,11.109577390552321,0.9834252589303735,0.9884789818158701,335.24481600000007,/data1/deasy/Himangi/female_psg_negative_features/TCGA-97-7554/tils_tsr_wsi_summary.csv,a9644274-13bb-4228-9b4f-14260ccc26eb,TCGA-97-7554,2011-11-17 00:00:00,Lung Adenocarcinoma,NO,YES,Female,Lung,WHITE,NOT HISPANIC OR LATINO,[Not Available],No,L-Lower,[Not Available],2010,[Not Available],[Not Available],R0,7th,T2a,N2,M0,Stage IIIA,[Not Applicable],[Not Applicable],[Not Applicable],[Not Applicable],YES,68,75,76,75,53,YES,YES,G12V,[Not Available],[Not Available],[Not Available],[Not Available],3,No,1945,1983,30,[Not Available],0,Preoperative,[Not Available],[Not Available],[Not Available],TUMOR FREE,[Not Available],83,[Not Applicable],0,[Not Available],[Not Available],[Not Available],[Not Available],[Not Applicable],[Not Available],[Not Available],[Not Available],[Not Available],C34.3,8260/3,C34.3,YES,[Not Available],[Not Available],[Not Available],[Not Available],[Not Available],97,0:LIVING,25.46,0:DiseaseFree,25.46,matched
TCGA-97-7941-01Z-00-DX1.6845ef95-2231-44a2-aeae-004a117f1964,TCGA-97-7941-01,TCGA-97-7941,0.5136747137058472,stroma-high,6.586624052813811,6.586624052813811,6.732009661689014,33.9356077666281,66.0643922333719,49,12,12,12,12,49,51,0.660643922333719,0.6516945691239135,6.586624052813811,6.732009661689014,4.836680534895674,0.9336930782138736,164.542356,/data1/deasy/Himangi/female_psg_negative_features/TCGA-97-7941/tils_tsr_wsi_summary.csv,b266cbf5-80de-4473-b16f-08c502d365ca,TCGA-97-7941,2012-02-13 00:00:00,Lung Adenocarcinoma,YES,NO,Female,Lung,WHITE,NOT HISPANIC OR LATINO,[Not Available],No,L-Upper,[Not Available],2011,[Not Available],[Not Available],R0,7th,T1b,N0,MX,Stage IA,[Not Applicable],[Not Applicable],[Not Applicable],[Not Applicable],YES,97,98,94,81,57,YES,YES,G12A,YES,[Not Available],NO,[Not Available],3,No,1960,1985,22.5,[Not Available],0,Preoperative,[Not Available],[Not Available],[Not Available],TUMOR FREE,[Not Available],72,[Not Applicable],0,[Not Available],[Not Available],[Not Available],[Not Available],[Not Applicable],[Not Available],[Not Available],[Not Available],[Not Available],C34.1,8550/3,C34.1,YES,[Not Available],[Not Available],[Not Available],[Not Available],[Not Available],97,0:LIVING,15.9,0:DiseaseFree,15.9,matched
TCGA-97-8177-01Z-00-DX1.4c2ddf48-40d3-4fa0-8b5f-0485e8270ac7,TCGA-97-8177-01,TCGA-97-8177,0.7382096338487835,stroma-high,11.498429355338658,11.498429355338658,14.863167624783195,42.46953989170011,57.5304601082999,23,10,10,10,10,23,19,0.575304601082999,0.5421709344125535,11.498429355338658,14.863167624783195,1.895894846918934,0.9600291564619988,335.75148818750006,/data1/deasy/Himangi/female_psg_negative_features/TCGA-97-8177/tils_tsr_wsi_summary.csv,09078761-1c14-4d01-8e15-535c19a9b0f9,TCGA-97-8177,2012-06-13 00:00:00,Lung Adenocarcinoma,YES,NO,Female,Lung,WHITE,NOT HISPANIC OR LATINO,[Not Available],No,L-Lower,[Not Available],2012,[Not Available],[Not Available],[Not Available],7th,T2a,N0,M0,Stage IB,[Not Applicable],[Not Applicable],[Not Applicable],[Not Applicable],YES,106,109,80,82,97,YES,NO,[Not Available],YES,L858R,NO,[Not Available],1,No,[Not Available],[Not Available],[Not Available],[Not Available],0,Preoperative,NO,[Not Available],[Not Available],TUMOR FREE,NO,59,[Not Applicable],0,[Not Available],[Not Available],[Not Available],[Not Available],[Not Applicable],[Not Available],[Not Available],[Not Available],[Not Available],C34.3,8255/3,C34.3,YES,[Not Available],[Not Available],[Not Available],[Not Available],YES,97,0:LIVING,16.39,0:DiseaseFree,16.39,matched
TCGA-97-8552-01Z-00-DX1.69631717-0E05-49C1-B112-15C2E36BC2F8,TCGA-97-8552-01,TCGA-97-8552,0.4545734613961017,stroma-high,20.538105100851368,20.538105100851368,22.253087575286738,31.25132373581197,68.74867626418802,23,2,2,2,2,23,33,0.6874867626418802,0.6575997382045045,20.538105100851368,22.253087575286738,18.23317185305667,0.9951796661137311,104.084964,/data1/deasy/Himangi/female_psg_negative_features/TCGA-97-8552/tils_tsr_wsi_summary.csv,9ca1a26c-82e0-48b3-b3bb-2ed57086eeb1,TCGA-97-8552,2012-09-26 00:00:00,Lung Adenocarcinoma,YES,NO,Female,Lung,WHITE,NOT HISPANIC OR LATINO,[Not Available],No,L-Lower,[Not Available],2012,[Not Available],[Not Available],[Not Available],7th,T1a,N0,MX,Stage I,[Not Applicable],[Not Applicable],[Not Applicable],[Not Applicable],YES,95,[Not Available],77,[Not Available],75,YES,NO,[Not Available],YES,Exon 19 Deletion,NO,[Not Available],1,No,[Not Available],[Not Available],[Not Available],[Not Available],0,Preoperative,NO,[Not Available],Complete Remission/Response,TUMOR FREE,NO,55,[Not Applicable],0,[Not Available],[Not Available],[Not Available],[Not Available],[Not Applicable],[Not Available],[Not Available],[Not Available],[Not Available],C34.3,8252/3,C34.3,YES,[Not Available],[Not Available],[Not Available],[Not Available],NO,97,0:LIVING,20.57,0:DiseaseFree,20.57,matched
TCGA-97-A4M0-01Z-00-DX1.BDDFB04C-2475-485A-9A85-C4B9EB15155E,TCGA-97-A4M0-01,TCGA-97-A4M0,0.39122517375630944,stroma-high,8.811296080353111,8.811296080353111,9.321190522597469,28.120909622415834,71.87909037758416,19,6,6,6,6,19,18,0.7187909037758416,0.711125219867225,8.811296080353111,9.321190522597469,6.61016081280865,0.9427868641827296,39.5742070625,/data1/deasy/Himangi/female_psg_negative_features/TCGA-97-A4M0/tils_tsr_wsi_summary.csv,DD63D0FD-E24B-40A5-88C5-7D3D4106631E,TCGA-97-A4M0,2013-03-07 00:00:00,Lung Adenocarcinoma,YES,NO,Female,Lung,WHITE,NOT HISPANIC OR LATINO,[Not Available],No,R-Upper,[Not Available],2012,[Not Available],[Not Available],[Not Available],7th,T2a,N0,M0,Stage IB,[Not Applicable],[Not Applicable],[Not Applicable],[Not Applicable],YES,97,[Not Available],90,[Not Available],[Not Available],YES,YES,G12C,NO,[Not Available],NO,[Not Available],4,No,1970,2004,34,[Not Available],0,Preoperative,NO,[Not Available],Complete Remission/Response,[Not Available],NO,60,[Not Applicable],0,[Not Available],[Not Available],[Not Available],[Not Available],[Not Applicable],[Not Available],[Not Available],[Not Available],[Not Available],C34.1,8255/3,C34.1,YES,[Not Available],[Not Available],[Not Available],[Not Available],NO,97,0:LIVING,21.42,0:DiseaseFree,21.42,matched
TCGA-97-A4M1-01Z-00-DX1.1C4B8247-BA3F-4841-BC9D-554F03F7894C,TCGA-97-A4M1-01,TCGA-97-A4M1,0.5532324095587754,stroma-high,4.648905125175135,4.648905125175135,11.210395899982514,35.61813455308541,64.38186544691457,4,2,2,2,2,4,2,0.6438186544691458,0.6187113388659156,4.648905125175135,11.210395899982514,0.00687712657100769,0.8612479565171108,140.39754025,/data1/deasy/Himangi/female_psg_negative_features/TCGA-97-A4M1/tils_tsr_wsi_summary.csv,C0C879F7-C332-4D31-9F7E-A3BF361B36EE,TCGA-97-A4M1,2013-03-07 00:00:00,Lung Adenocarcinoma,YES,NO,Female,Lung,WHITE,NOT HISPANIC OR LATINO,[Not Available],No,R-Upper,[Not Available],2012,[Not Available],[Not Available],[Not Available],7th,T1a,N0,M0,Stage IA,[Not Applicable],[Not Applicable],[Not Applicable],[Not Applicable],YES,100,105,87,92,111,NO,[Not Available],[Not Available],NO,[Not Available],NO,[Not Available],3,No,1972,1975,3,[Not Available],0,Preoperative,NO,[Not Available],Complete Remission/Response,[Not Available],NO,52,[Not Applicable],0,[Not Available],[Not Available],[Not Available],[Not Available],[Not Applicable],[Not Available],[Not Available],[Not Available],[Not Available],C34.1,8255/3,C34.1,YES,[Not Available],[Not Available],[Not Available],[Not Available],NO,97,0:LIVING,19.74,0:DiseaseFree,19.74,matched
TCGA-97-A4M3-01Z-00-DX1.16330A66-2501-48D2-AF6A-713698BF6918,TCGA-97-A4M3-01,TCGA-97-A4M3,0.7759202094813448,stroma-high,11.299430472154901,11.299430472154901,4.8365553798855165,43.69116390133041,56.30883609866959,16,5,5,5,5,16,12,0.5630883609866959,0.5585085126588611,11.299430472154901,4.8365553798855165,6.813297326728707,0.9763568718461884,153.6313178125,/data1/deasy/Himangi/female_psg_negative_features/TCGA-97-A4M3/tils_tsr_wsi_summary.csv,575752F8-2788-43CD-AFDE-F0F600F39D18,TCGA-97-A4M3,2013-03-07 00:00:00,Lung Adenocarcinoma,YES,NO,Female,Lung,WHITE,NOT HISPANIC OR LATINO,[Not Available],"Yes, History of Prior Malignancy",R-Upper,[Not Available],2012,[Not Available],[Not Available],[Not Available],7th,T1b,N0,M0,Stage IA,[Not Applicable],[Not Applicable],[Not Applicable],[Not Applicable],YES,61,73,61,69,106,YES,NO,[Not Available],NO,[Not Available],NO,[Not Available],3,No,1959,1984,37.5,[Not Available],1,Preoperative,NO,[Not Available],Complete Remission/Response,[Not Available],YES,69,[Not Applicable],0,[Not Available],[Not Available],[Not Available],[Not Available],[Not Applicable],[Not Available],[Not Available],[Not Available],[Not Available],C34.1,8255/3,C34.1,YES,[Not Available],[Not Available],[Not Available],[Not Available],NO,97,0:LIVING,17.74,1:Recurred/Progressed,1.77,matched
TCGA-97-A4M6-01Z-00-DX1.01D83621-3D8E-4339-9F9B-CBD3083D5AE0,TCGA-97-A4M6-01,TCGA-97-A4M6,0.6910620914978941,stroma-high,8.606641917941511,8.606641917941511,10.701675868429804,40.86556578687014,59.13443421312986,13,9,9,9,9,13,4,0.5913443421312986,0.5712412457166489,8.606641917941511,10.701675868429804,6.528003820141779,0.8288200141495898,87.90736968750002,/data1/deasy/Himangi/female_psg_negative_features/TCGA-97-A4M6/tils_tsr_wsi_summary.csv,31FF69B5-9E58-44DA-8326-BDFC7EE495C4,TCGA-97-A4M6,2013-03-07 00:00:00,Lung Adenocarcinoma,YES,NO,Female,Lung,WHITE,NOT HISPANIC OR LATINO,[Not Available],No,R-Lower,[Not Available],2012,[Not Available],[Not Available],[Not Available],7th,T1a,N0,M0,Stage IA,[Not Applicable],[Not Applicable],[Not Applicable],[Not Applicable],YES,110,116,95,95,92,YES,NO,[Not Available],YES,Exon 19 Deletion,NO,[Not Available],1,No,[Not Available],[Not Available],[Not Available],[Not Available],0,Preoperative,NO,[Not Available],Complete Remission/Response,[Not Available],NO,45,[Not Applicable],0,[Not Available],[Not Available],[Not Available],[Not Available],[Not Applicable],[Not Available],[Not Available],[Not Available],[Not Available],C34.3,8255/3,C34.3,YES,[Not Available],[Not Available],[Not Available],[Not Available],NO,97,0:LIVING,18.66,0:DiseaseFree,18.66,matched
TCGA-99-7458-01Z-00-DX1.10ea0b2c-c763-40d1-83a4-3d4ae957fdb0,TCGA-99-7458-01,TCGA-99-7458,0.6991206454906143,stroma-high,14.47635998294879,14.47635998294879,7.129171454007049,41.14602734926724,58.85397265073276,4,2,2,2,2,4,2,0.5885397265073276,0.5882770462391114,14.47635998294879,7.129171454007049,16.89779158676664,0.8936119896469792,7.897761,/data1/deasy/Himangi/female_psg_negative_features/TCGA-99-7458/tils_tsr_wsi_summary.csv,96d93e23-bb0d-46a8-9685-5ed0d6b83059,TCGA-99-7458,2012-01-06 00:00:00,Lung Adenocarcinoma,NO,YES,Female,Lung,WHITE,NOT HISPANIC OR LATINO,[Not Available],No,R-Lower,[Not Available],2010,[Not Available],[Not Available],R0,7th,T4,N0,M0,Stage IIIA,[Not Applicable],[Not Applicable],[Not Applicable],[Not Applicable],[Not Available],[Not Available],[Not Available],[Not Available],[Not Available],[Not Available],YES,YES,G12A,YES,[Not Available],YES,RT-PCR,4,No,1958,2010,52,90,1,Preoperative,[Not Available],[Not Available],[Not Available],TUMOR FREE,[Not Available],74,[Not Applicable],0,[Not Available],[Not Available],[Not Available],[Not Available],[Not Applicable],[Not Available],[Not Available],[Not Available],[Not Available],C34.3,8252/3,C34.3,YES,[Not Available],[Not Available],[Not Available],[Not Available],[Not Available],99,0:LIVING,24.54,0:DiseaseFree,24.54,matched
TCGA-99-8025-01Z-00-DX1.76d4e012-91a7-4f1d-ba0f-4cecd812ec49,TCGA-99-8025-01,TCGA-99-8025,0.6062035835898211,stroma-high,5.1998343826498745,5.1998343826498745,1.7985403681239414,37.74139155106183,62.258608448938176,13,6,6,6,6,13,8,0.6225860844893818,0.622643228416727,5.1998343826498745,1.7985403681239414,7.200422932518226,0.9289503498970241,52.290324,/data1/deasy/Himangi/female_psg_negative_features/TCGA-99-8025/tils_tsr_wsi_summary.csv,84c3ba70-afa7-4b69-be69-7ec8d6022c56,TCGA-99-8025,2012-06-25 00:00:00,Lung Adenocarcinoma,NO,YES,Female,Lung,BLACK OR AFRICAN AMERICAN,NOT HISPANIC OR LATINO,[Not Available],No,R-Upper,Central Lung,2010,[Not Available],[Not Available],R0,7th,T3,N2,M0,Stage IIIA,[Not Applicable],[Not Applicable],[Not Applicable],[Not Applicable],YES,111,[Not Available],[Not Available],[Not Available],87,YES,NO,[Not Available],YES,[Not Available],YES,[Not Available],4,No,1958,1998,20,[Not Available],1,Preoperative,NO,[Not Available],[Not Available],TUMOR FREE,NO,72,[Not Applicable],0,[Not Available],[Not Available],[Not Available],[Not Available],[Not Applicable],[Not Available],[Not Available],[Not Available],[Not Available],C34.1,8140/3,C34.1,YES,[Not Available],[Not Available],[Not Available],[Not Available],YES,99,0:LIVING,34.82,0:DiseaseFree,34.82,matched
TCGA-99-8028-01Z-00-DX1.23de89b1-67f8-41fb-980a-010ea190d687,TCGA-99-8028-01,TCGA-99-8028,0.30914725071308646,stroma-high,20.498080667932243,20.498080667932243,16.795674832522888,23.614398651083395,76.3856013489166,22,3,3,3,3,22,30,0.763856013489166,0.7679140118850513,20.498080667932243,16.795674832522888,18.298178684576573,0.8644519212610683,16.288362,/data1/deasy/Himangi/female_psg_negative_features/TCGA-99-8028/tils_tsr_wsi_summary.csv,9759bf3a-74ff-433f-99bb-f9406f222ed2,TCGA-99-8028,2012-06-15 00:00:00,Lung Adenocarcinoma,NO,YES,Female,Lung,BLACK OR AFRICAN AMERICAN,NOT HISPANIC OR LATINO,[Not Available],No,L-Upper,[Not Available],2011,[Not Available],[Not Available],R0,7th,T1a,N0,M0,Stage IA,[Not Applicable],[Not Applicable],[Not Applicable],[Not Applicable],YES,94,98,91,91,71,YES,YES,G12C,YES,[Not Available],YES,RT-PCR,4,No,1981,2011,30,[Not Available],0,Preoperative,NO,[Not Available],[Not Available],TUMOR FREE,NO,50,[Not Applicable],0,[Not Available],[Not Available],[Not Available],[Not Available],[Not Applicable],[Not Available],[Not Available],[Not Available],[Not Available],C34.1,8140/3,C34.1,YES,[Not Available],[Not Available],[Not Available],[Not Available],NO,99,0:LIVING,36.73,0:DiseaseFree,36.73,matched
TCGA-99-8033-01Z-00-DX1.06f8ca81-c0a7-4ab5-b2fe-d5fc6671e29d,TCGA-99-8033-01,TCGA-99-8033,0.39765604868476606,stroma-high,8.948376164796537,8.948376164796537,5.363717202089803,28.451638660239166,71.54836133976083,5,3,3,3,3,5,2,0.7154836133976084,0.7177118500500895,8.948376164796537,5.363717202089803,0.8379799723908112,0.9538782672061004,6.936723,/data1/deasy/Himangi/female_psg_negative_features/TCGA-99-8033/tils_tsr_wsi_summary.csv,9582b436-145b-4f84-8f7f-8b39b8254cc1,TCGA-99-8033,2012-06-18 00:00:00,Lung Adenocarcinoma,YES,NO,Female,Lung,WHITE,NOT HISPANIC OR LATINO,[Not Available],No,R-Upper,Peripheral Lung,2011,[Not Available],[Not Available],R0,7th,TX,NX,M1,Stage IV,[Not Applicable],[Not Applicable],[Not Applicable],[Not Applicable],NO,[Not Available],[Not Available],[Not Available],[Not Available],[Not Available],YES,NO,[Not Available],YES,[Not Available],NO,[Not Available],1,No,[Not Available],[Not Available],[Not Available],[Not Available],1,Preoperative,NO,[Not Available],[Not Available],WITH TUMOR,NO,74,[Not Applicable],0,[Not Available],[Not Available],[Not Available],[Not Available],[Not Applicable],[Not Available],[Not Available],[Not Available],[Not Available],C34.1,8140/3,C34.1,YES,[Not Available],[Not Available],[Not Available],[Not Available],YES,99,1:DECEASED,21.55,[Not Available],[Not Available],matched
TCGA-99-AA5R-01Z-00-DX1.4DE7FC30-D338-49CE-B8D9-EB0F34A3DD0B,TCGA-99-AA5R-01,TCGA-99-AA5R,0.4084010376261148,stroma-high,32.413851939607994,32.413851939607994,24.549488604065367,28.997496218440883,71.00250378155911,20,3,3,3,3,20,24,0.7100250378155911,0.7206211040006709,32.413851939607994,24.549488604065367,32.532289499707915,0.9916187737695926,18.962019,/data1/deasy/Himangi/female_psg_negative_features/TCGA-99-AA5R/tils_tsr_wsi_summary.csv,D3E23815-7F9D-48AA-9AEF-3A1DD9D464D7,TCGA-99-AA5R,2014-05-14 00:00:00,Lung Adenocarcinoma,YES,NO,Female,Lung,BLACK OR AFRICAN AMERICAN,NOT HISPANIC OR LATINO,[Not Available],No,L-Lower,[Not Available],2013,[Not Available],[Not Available],R0,7th,T1a,N0,M0,Stage IA,[Not Applicable],[Not Applicable],[Not Applicable],[Not Applicable],YES,64,[Not Available],65,[Not Available],47,YES,YES,G12C,YES,[Not Available],YES,IHC,2,No,1967,[Not Available],46,[Not Available],1,Preoperative,NO,[Not Available],Complete Remission/Response,TUMOR FREE,NO,70,[Not Applicable],0,[Not Available],[Not Available],[Not Available],[Not Available],[Not Applicable],[Not Available],[Not Available],[Not Available],[Not Available],C34.3,8140/3,C34.3,YES,[Not Available],[Not Available],[Not Available],[Not Available],NO,99,0:LIVING,21.62,0:DiseaseFree,21.62,matched
TCGA-J2-8194-01Z-00-DX1.7700924D-B6AF-46A7-A7D7-B5C17A66C5F7,TCGA-J2-8194-01,TCGA-J2-8194,2.452792609772845,stroma-low,8.152093148104138,8.152093148104138,6.464981957709504,71.03793615725479,28.962063842745216,13,9,9,9,9,13,4,0.28962063842745217,0.2797895860476744,8.152093148104138,6.464981957709504,32.32735810774193,0.9258507779773658,393.791796,/data1/deasy/Himangi/female_psg_negative_features/TCGA-J2-8194/tils_tsr_wsi_summary.csv,2b68b51f-bd4c-4bbb-b4e6-2eead53da2a4,TCGA-J2-8194,2012-06-06 00:00:00,Lung Adenocarcinoma,YES,NO,Female,Lung,WHITE,NOT HISPANIC OR LATINO,[Not Available],"Yes, History of Prior Malignancy",R-Lower,[Not Available],2011,[Not Available],[Not Available],[Not Available],7th,T3,N0,MX,Stage IIB,[Not Applicable],[Not Applicable],[Not Applicable],[Not Applicable],YES,83,83,2.04,2.04,59,[Not Available],[Not Available],[Not Available],[Not Available],[Not Available],[Not Available],[Not Available],3,No,1956,1982,20,[Not Available],[Not Available],[Not Available],NO,[Not Available],[Not Available],[Not Available],NO,69,[Not Applicable],0,[Not Available],[Not Available],[Not Available],[Not Available],[Not Applicable],[Not Available],[Not Available],[Not Available],[Not Available],C34.3,8255/3,C34.3,YES,[Not Available],[Not Available],[Not Available],[Not Available],YES,J2,0:LIVING,23.78,1:Recurred/Progressed,15.44,matched
TCGA-J2-A4AE-01Z-00-DX1.42C5DE4A-7787-4E59-8969-D12503262C96,TCGA-J2-A4AE-01,TCGA-J2-A4AE,0.7338171773535925,stroma-high,18.69453761407571,18.69453761407571,15.870222151248583,42.323792089408904,57.676207910591096,13,7,6,7,7,13,8,0.5767620791059109,0.5569512995111472,18.69453761407571,15.870222151248583,15.369126243568388,0.80958952507822,63.600950187500004,/data1/deasy/Himangi/female_psg_negative_features/TCGA-J2-A4AE/tils_tsr_wsi_summary.csv,E5F956DD-F49F-435C-83C3-5B1B0A2050ED,TCGA-J2-A4AE,2012-12-27 00:00:00,Lung Adenocarcinoma,YES,NO,Female,Lung,WHITE,NOT HISPANIC OR LATINO,[Not Available],No,L-Upper,[Not Available],2012,[Not Available],[Not Available],R0,7th,T1a,N0,MX,Stage IA,[Not Applicable],[Not Applicable],[Not Applicable],[Not Applicable],YES,92,[Not Available],0.72,[Not Available],89,NO,[Not Available],[Not Available],NO,[Not Available],NO,[Not Available],1,No,[Not Available],[Not Available],[Not Available],[Not Available],[Not Available],[Not Available],NO,[Not Available],[Not Applicable],TUMOR FREE,NO,77,[Not Applicable],0,[Not Available],[Not Available],[Not Available],[Not Available],[Not Applicable],[Not Available],[Not Available],[Not Available],[Not Available],C34.1,8140/3,C34.1,YES,[Not Available],[Not Available],[Not Available],[Not Available],NO,J2,0:LIVING,35.45,0:DiseaseFree,35.45,matched
TCGA-J2-A4AG-01Z-00-DX1.487780B8-18E7-494A-8054-5637239870EB,TCGA-J2-A4AG-01,TCGA-J2-A4AG,0.8021407414050264,stroma-high,21.78515171287639,21.78515171287639,23.85422684811708,44.510438223578646,55.48956177642136,6,2,2,2,2,6,4,0.5548956177642136,0.5040235602466437,21.78515171287639,23.85422684811708,36.41519812256133,0.995154126555339,96.859188,/data1/deasy/Himangi/female_psg_negative_features/TCGA-J2-A4AG/tils_tsr_wsi_summary.csv,E21E2AF3-DC71-41FA-94BA-7A7929F47D90,TCGA-J2-A4AG,2012-12-27 00:00:00,Lung Adenocarcinoma,YES,NO,Female,Lung,WHITE,NOT HISPANIC OR LATINO,[Not Available],No,L-Upper,[Not Available],2012,[Not Available],[Not Available],R0,7th,T1b,N0,MX,Stage IA,[Not Applicable],[Not Applicable],[Not Applicable],[Not Applicable],NO,[Not Available],[Not Available],[Not Available],[Not Available],[Not Available],NO,[Not Available],[Not Available],NO,[Not Available],NO,[Not Available],3,No,1956,1981,25,[Not Available],[Not Available],[Not Available],NO,[Not Available],Complete Remission/Response,TUMOR FREE,NO,66,[Not Applicable],0,[Not Available],[Not Available],[Not Available],[Not Available],[Not Applicable],[Not Available],[Not Available],[Not Available],[Not Available],C34.1,8140/3,C34.1,YES,[Not Available],[Not Available],[Not Available],[Not Available],NO,J2,0:LIVING,32.46,0:DiseaseFree,32.46,matched
TCGA-L4-A4E5-01Z-00-DX1.C2A5EF71-1F40-4E34-AC30-58D7121C1338,TCGA-L4-A4E5-01,TCGA-L4-A4E5,1.2027072854881526,stroma-low,30.9072600783999,30.9072600783999,12.069402556809102,54.60132144710344,45.39867855289656,8,4,4,4,4,8,4,0.4539867855289656,0.4468144393786744,30.9072600783999,12.069402556809102,1.2671524962885912,0.9880051240523118,183.24360000000001,/data1/deasy/Himangi/female_psg_negative_features/TCGA-L4-A4E5/tils_tsr_wsi_summary.csv,32A7B827-C3F9-4607-AE63-DAE8CAA2BC97,TCGA-L4-A4E5,2012-12-05 00:00:00,Lung Adenocarcinoma,NO,YES,Female,Lung,WHITE,NOT HISPANIC OR LATINO,[Not Available],No,L-Upper,Central Lung,2012,[Not Available],[Not Available],R0,7th,T1,N0,M0,Stage I,[Not Applicable],[Not Applicable],[Not Applicable],[Not Applicable],YES,82,82,94,94,93,NO,[Not Available],[Not Available],NO,[Not Available],NO,[Not Available],4,No,1979,2012,33,[Not Available],1,Preoperative,NO,[Not Available],Complete Remission/Response,TUMOR FREE,NO,48,[Not Applicable],0,[Not Available],[Not Available],[Not Available],[Not Available],[Not Applicable],[Not Available],[Not Available],[Not Available],[Not Available],C34.1,8140/3,C34.1,YES,[Not Available],[Not Available],[Not Available],[Not Available],NO,L4,0:LIVING,18.99,0:DiseaseFree,18.99,matched
TCGA-L9-A443-01Z-00-DX1.9F68A13A-2865-41BF-88A7-B0DF75961C6F,TCGA-L9-A443-01,TCGA-L9-A443,0.9755101519557476,stroma-high,6.079709115766168,6.079709115766168,3.2499482826905375,49.380163953599336,50.61983604640066,10,5,5,5,5,10,6,0.5061983604640066,0.5022505756796204,6.079709115766168,3.2499482826905375,2.632531651308733,0.8597068948211539,98.925552,/data1/deasy/Himangi/female_psg_negative_features/TCGA-L9-A443/tils_tsr_wsi_summary.csv,3B89AC82-63F6-41B9-A03D-34B9FFC1550D,TCGA-L9-A443,2012-10-26 00:00:00,Lung Adenocarcinoma,YES,NO,Female,Lung,WHITE,NOT HISPANIC OR LATINO,[Not Available],"Yes, History of Prior Malignancy",L-Lower,Central Lung,2012,[Not Available],[Not Available],R0,7th,T1a,N0,MX,Stage IA,[Not Applicable],[Not Applicable],[Not Applicable],[Not Applicable],YES,[Not Available],69,[Not Available],74,61,NO,[Not Available],[Not Available],NO,[Not Available],NO,[Not Available],4,No,1960,2005,90,[Not Available],1,Preoperative,NO,[Not Available],Complete Remission/Response,[Not Available],NO,63,[Not Applicable],0,[Not Available],[Not Available],[Not Available],[Not Available],[Not Applicable],[Not Available],[Not Available],[Not Available],[Not Available],C34.3,8140/3,C34.3,YES,[Not Available],[Not Available],[Not Available],[Not Available],NO,L9,1:DECEASED,6.34,[Not Available],[Not Available],matched
TCGA-L9-A444-01Z-00-DX1.88CF6F01-0C1F-4572-81E3-1A5790692861,TCGA-L9-A444-01,TCGA-L9-A444,1.2783496489389243,stroma-low,52.781799922346494,52.781799922346494,20.17705289890643,56.10858059184546,43.89141940815455,15,8,8,8,8,15,7,0.4389141940815455,0.429590033395736,52.781799922346494,20.17705289890643,42.47791726775747,0.9546272500315227,134.989452,/data1/deasy/Himangi/female_psg_negative_features/TCGA-L9-A444/tils_tsr_wsi_summary.csv,4A1D30E8-E93A-41ED-8E54-08EAFF6556A7,TCGA-L9-A444,2012-10-26 00:00:00,Lung Adenocarcinoma,YES,NO,Female,Lung,WHITE,NOT HISPANIC OR LATINO,[Not Available],"Yes, History of Prior Malignancy",R-Upper,Central Lung,2012,[Not Available],[Not Available],R0,7th,T1a,N0,MX,Stage IA,[Not Applicable],[Not Applicable],[Not Applicable],[Not Applicable],YES,49,54,58,62,57,NO,[Not Available],[Not Available],NO,[Not Available],NO,[Not Available],2,No,1972,[Not Available],10,[Not Available],0,Preoperative,NO,[Not Available],Complete Remission/Response,[Not Available],NO,60,[Not Applicable],0,[Not Available],[Not Available],[Not Available],[Not Available],[Not Applicable],[Not Available],[Not Available],[Not Available],[Not Available],C34.1,8140/3,C34.1,YES,[Not Available],[Not Available],[Not Available],[Not Available],NO,L9,0:LIVING,10.09,0:DiseaseFree,10.09,matched
TCGA-L9-A8F4-01Z-00-DX1.E2BBB8DE-94E2-4781-9B55-8A4CFBF8A69D,TCGA-L9-A8F4-01,TCGA-L9-A8F4,0.637613992689741,stroma-high,22.13011507155972,22.13011507155972,11.719126637500928,38.9355486418674,61.0644513581326,78,21,21,21,21,78,75,0.610644513581326,0.6127508748481085,22.13011507155972,11.719126637500928,17.467460336727708,0.9297962362028485,182.68328787500002,/data1/deasy/Himangi/female_psg_negative_features/TCGA-L9-A8F4/tils_tsr_wsi_summary.csv,927FC5E0-2C14-4C20-A49B-F10D8A1175C3,TCGA-L9-A8F4,2014-02-14 00:00:00,Lung Adenocarcinoma,YES,NO,Female,Lung,BLACK OR AFRICAN AMERICAN,NOT HISPANIC OR LATINO,[Not Available],No,L-Upper,[Not Available],2013,[Not Available],[Not Available],R0,7th,T2a,N0,MX,Stage IB,[Not Applicable],[Not Applicable],[Not Applicable],[Not Applicable],YES,53,54,45,48,35,NO,[Not Available],[Not Available],NO,[Not Available],NO,[Not Available],2,No,1973,[Not Available],14,[Not Available],0,Preoperative,YES,[Not Available],[Not Applicable],TUMOR FREE,NO,64,[Not Applicable],0,[Not Available],[Not Available],[Not Available],[Not Available],[Not Applicable],[Not Available],[Not Available],[Not Available],[Not Available],C34.1,8140/3,C34.1,YES,[Not Available],[Not Available],[Not Available],[Not Available],NO,L9,0:LIVING,15.64,0:DiseaseFree,15.64,matched
TCGA-MP-A4T6-01Z-00-DX1.085C4F5A-DB1B-434A-9D62-E2187D133B0A,TCGA-MP-A4T6-01,TCGA-MP-A4T6,1.2940132578144699,stroma-low,12.66741450518582,12.66741450518582,4.146429460902881,56.40827285572403,43.591727144275985,13,7,7,7,7,13,6,0.4359172714427598,0.4312928303209312,12.66741450518582,4.146429460902881,12.688315080981322,0.8422923241819772,333.886779,/data1/deasy/Himangi/female_psg_negative_features/TCGA-MP-A4T6/tils_tsr_wsi_summary.csv,5F4934BE-EEE3-40E1-8838-38103BADC898,TCGA-MP-A4T6,2013-04-02 00:00:00,Lung Adenocarcinoma,NO,YES,Female,Lung,WHITE,NOT HISPANIC OR LATINO,[Not Available],No,L-Lower,Peripheral Lung,2005,[Not Available],[Not Available],R0,6th,T1,N2,MX,Stage IIIA,[Not Applicable],[Not Applicable],[Not Applicable],[Not Applicable],YES,77,79,[Not Available],[Not Available],63,NO,[Not Available],[Not Available],NO,[Not Available],NO,[Not Available],3,No,[Not Available],1989,50,[Not Available],[Not Available],[Not Available],NO,[Not Available],Complete Remission/Response,TUMOR FREE,NO,76,[Not Applicable],0,[Not Available],[Not Available],[Not Available],[Not Available],[Not Applicable],[Not Available],[Not Available],[Not Available],[Not Available],C34.3,8140/3,C34.3,YES,[Not Available],[Not Available],[Not Available],[Not Available],NO,MP,1:DECEASED,58.8,[Not Available],[Not Available],matched
TCGA-MP-A4TH-01Z-00-DX1.E89D2C19-F9B2-4BF2-AA5F-6104CBC076D1,TCGA-MP-A4TH-01,TCGA-MP-A4TH,1.3334668524027162,stroma-low,29.435840310444274,29.435840310444274,14.551968456995096,57.145309393603625,42.854690606396375,21,14,14,14,14,21,8,0.42854690606396373,0.4137809584687902,29.435840310444274,14.551968456995096,27.10416458619725,0.917353875530254,190.088388,/data1/deasy/Himangi/female_psg_negative_features/TCGA-MP-A4TH/tils_tsr_wsi_summary.csv,7A111B4F-46E9-4E34-8024-0B9FDC5CBCD8,TCGA-MP-A4TH,2013-05-08 00:00:00,Lung Adenocarcinoma,YES,NO,Female,Lung,WHITE,NOT HISPANIC OR LATINO,[Not Available],No,L-Lower,Peripheral Lung,2012,[Not Available],[Not Available],R0,7th,T1a,N0,M0,Stage IA,[Not Applicable],[Not Applicable],[Not Applicable],[Not Applicable],YES,115,115,110,117,73,NO,[Not Available],[Not Available],NO,[Not Available],NO,[Not Available],3,No,1962,1982,20,[Not Available],[Not Available],[Not Available],NO,[Not Available],Complete Remission/Response,TUMOR FREE,NO,70,[Not Applicable],0,[Not Available],[Not Available],[Not Available],[Not Available],[Not Applicable],[Not Available],[Not Available],[Not Available],[Not Available],C34.3,8140/3,C34.3,YES,[Not Available],[Not Available],[Not Available],[Not Available],NO,MP,0:LIVING,24.34,0:DiseaseFree,24.34,matched
TCGA-MP-A4TJ-01Z-00-DX1.14EDBE5C-5D0C-4002-BE95-AF5C9D9F3D43,TCGA-MP-A4TJ-01,TCGA-MP-A4TJ,0.6829723673386916,stroma-high,24.189645504635475,24.189645504635475,20.690061066138995,40.58131794633596,59.41868205366404,70,9,9,9,9,70,106,0.5941868205366404,0.5769486946587186,24.189645504635475,20.690061066138995,21.217948154509752,0.9974066294171051,188.166312,/data1/deasy/Himangi/female_psg_negative_features/TCGA-MP-A4TJ/tils_tsr_wsi_summary.csv,8F52CCCD-5709-4753-9670-31A573EE27AB,TCGA-MP-A4TJ,2013-04-02 00:00:00,Lung Adenocarcinoma,NO,YES,Female,Lung,[Not Available],[Not Available],[Not Available],No,R-Upper,Central Lung,2006,[Not Available],[Not Available],R0,6th,T1,N0,M0,Stage IA,[Not Applicable],[Not Applicable],[Not Applicable],[Not Applicable],YES,27,36,29.7,30.1,29,NO,[Not Available],[Not Available],NO,[Not Available],NO,[Not Available],2,No,[Not Available],[Not Available],[Not Available],[Not Available],[Not Available],[Not Available],NO,[Not Available],Complete Remission/Response,[Not Available],[Not Available],62,[Not Applicable],0,[Not Available],[Not Available],[Not Available],[Not Available],[Not Applicable],[Not Available],[Not Available],[Not Available],[Not Available],C34.1,8490/3,C34.1,YES,[Not Available],[Not Available],[Not Available],[Not Available],NO,MP,1:DECEASED,11.14,[Not Available],[Not Available],matched
TCGA-MP-A5C7-01Z-00-DX1.26E5FA5A-3E6D-4CD3-8FA2-F331B7012311,TCGA-MP-A5C7-01,TCGA-MP-A5C7,1.9765746996625453,stroma-low,15.697668257634206,15.697668257634206,2.9963527658202302,66.40433716938567,33.59566283061434,13,4,4,4,4,13,11,0.33595662830614337,0.34108642670626005,15.697668257634206,2.9963527658202302,8.1649774922457,0.8967443202256928,98.45711100000001,/data1/deasy/Himangi/female_psg_negative_features/TCGA-MP-A5C7/tils_tsr_wsi_summary.csv,8F04660A-2EFB-4947-9EAB-375066B9EB33,TCGA-MP-A5C7,2013-05-10 00:00:00,Lung Adenocarcinoma,NO,YES,Female,Lung,WHITE,NOT HISPANIC OR LATINO,[Not Available],No,L-Upper,Central Lung,2008,[Not Available],[Not Available],R0,6th,T2,N0,M0,Stage IB,[Not Applicable],[Not Applicable],[Not Applicable],[Not Applicable],YES,89,93,[Not Available],[Not Available],105,NO,[Not Available],[Not Available],NO,[Not Available],NO,[Not Available],3,No,1953,1968,15,[Not Available],1,Pre-Adjuvant Therapy,NO,[Not Available],Complete Remission/Response,TUMOR FREE,NO,76,[Not Applicable],0,[Not Available],[Not Available],[Not Available],[Not Available],[Not Applicable],[Not Available],[Not Available],[Not Available],[Not Available],C34.1,8140/3,C34.1,YES,[Not Available],[Not Available],[Not Available],[Not Available],NO,MP,0:LIVING,73.85,0:DiseaseFree,73.85,matched
TCGA-NJ-A4YF-01Z-00-DX1.4A3DE76A-9F1E-4766-A013-5E7E3A665071,TCGA-NJ-A4YF-01,TCGA-NJ-A4YF,1.296306823896121,stroma-low,25.857288474686076,25.857288474686076,6.153325926616833,56.45181255424264,43.54818744575735,22,16,16,16,16,22,6,0.4354818744575735,0.4352952646779027,25.857288474686076,6.153325926616833,21.651684639103046,0.9726913244974897,304.63977581250003,/data1/deasy/Himangi/female_psg_negative_features/TCGA-NJ-A4YF/tils_tsr_wsi_summary.csv,595FC3AD-F603-421B-B130-52F1F617050B,TCGA-NJ-A4YF,2013-04-25 00:00:00,Lung Adenocarcinoma,NO,YES,Female,Lung,BLACK OR AFRICAN AMERICAN,NOT HISPANIC OR LATINO,[Not Available],No,R-Upper,[Not Available],2007,[Not Available],[Not Available],[Not Available],6th,T1,N0,M0,Stage IA,[Not Applicable],[Not Applicable],[Not Applicable],[Not Applicable],YES,80.7,83.9,96,95.1,77.5,NO,[Not Available],[Not Available],NO,[Not Available],NO,[Not Available],3,No,[Not Available],[Not Available],30,[Not Available],[Not Available],[Not Available],[Not Available],[Not Available],[Not Applicable],[Not Available],NO,50,[Not Applicable],0,[Not Available],[Not Available],[Not Available],[Not Available],[Not Applicable],[Not Available],[Not Available],[Not Available],[Not Available],C34.1,8255/3,C34.1,YES,[Not Available],[Not Available],[Not Available],[Not Available],[Not Available],NJ,0:LIVING,70.99,0:DiseaseFree,70.99,matched
TCGA-NJ-A4YI-01Z-00-DX1.C4111D01-27BF-486F-8E0E-C8053DB16133,TCGA-NJ-A4YI-01,TCGA-NJ-A4YI,0.8747770491489136,stroma-high,10.271303171965084,10.271303171965084,7.820056495876681,46.660324199404585,53.33967580059543,31,11,11,11,11,31,25,0.5333967580059543,0.5205576570512569,10.271303171965084,7.820056495876681,10.998770289322948,0.8971869224376628,378.9200223125,/data1/deasy/Himangi/female_psg_negative_features/TCGA-NJ-A4YI/tils_tsr_wsi_summary.csv,2C03141E-A0BD-4E8D-91E4-9744D139CCCE,TCGA-NJ-A4YI,2013-04-24 00:00:00,Lung Adenocarcinoma,NO,YES,Female,Lung,WHITE,[Not Available],[Not Available],No,R-Upper,[Not Available],2009,[Not Available],[Not Available],[Not Available],6th,T2,N2,M0,Stage IIIA,[Not Applicable],[Not Applicable],[Not Applicable],[Not Applicable],YES,89,94,[Not Available],[Not Available],52,[Not Available],[Not Available],[Not Available],[Not Available],[Not Available],[Not Available],[Not Available],3,No,1936,1976,3,[Not Available],[Not Available],[Not Available],NO,[Not Available],[Not Applicable],[Not Available],NO,87,[Not Applicable],0,[Not Available],[Not Available],[Not Available],[Not Available],[Not Applicable],[Not Available],[Not Available],[Not Available],[Not Available],C34.1,8550/3,C34.1,YES,[Not Available],[Not Available],[Not Available],[Not Available],NO,NJ,1:DECEASED,0.13,[Not Available],[Not Available],matched
TCGA-NJ-A55A-01Z-00-DX1.42C356FE-52A3-4A60-886B-75F84ADBC534,TCGA-NJ-A55A-01,TCGA-NJ-A55A,0.3373923923451342,stroma-high,10.099557771132153,10.099557771132153,11.382241406124956,25.227629099453186,74.77237090054682,45,6,6,6,6,45,64,0.7477237090054681,0.7383751508252675,10.099557771132153,11.382241406124956,11.674412009270718,0.8315053977354424,75.8379729375,/data1/deasy/Himangi/female_psg_negative_features/TCGA-NJ-A55A/tils_tsr_wsi_summary.csv,B8B5ED35-B299-4C1E-9226-5CA055DC7A43,TCGA-NJ-A55A,2013-09-27 00:00:00,Lung Adenocarcinoma,[Not Available],[Not Available],Female,Lung,WHITE,NOT HISPANIC OR LATINO,[Not Available],No,R-Lower,[Not Available],2009,[Not Available],[Not Available],[Not Available],6th,T2,N0,M0,Stage IB,[Not Applicable],[Not Applicable],[Not Applicable],[Not Applicable],NO,[Not Available],[Not Available],[Not Available],[Not Available],[Not Available],NO,[Not Available],[Not Available],NO,[Not Available],NO,[Not Available],3,No,[Not Available],1983,25,[Not Available],[Not Available],[Not Available],NO,[Not Available],Stable Disease,TUMOR FREE,NO,76,[Not Applicable],0,[Not Available],[Not Available],[Not Available],[Not Available],[Not Applicable],[Not Available],[Not Available],[Not Available],[Not Available],C34.3,8550/3,C34.3,YES,[Not Available],[Not Available],[Not Available],[Not Available],NO,NJ,0:LIVING,0.49,0:DiseaseFree,0.49,matched
TCGA-NJ-A55O-01Z-00-DX1.8E23C821-B8BB-4D89-9E38-E97424A685CE,TCGA-NJ-A55O-01,TCGA-NJ-A55O,0.9169327246652762,stroma-high,21.94254484403413,21.94254484403413,7.678463719620574,47.83332836186965,52.166671638130346,27,10,10,10,10,27,21,0.5216667163813035,0.5320599923098666,21.94254484403413,7.678463719620574,29.757551368642872,0.9522312581451248,58.32274968750001,/data1/deasy/Himangi/female_psg_negative_features/TCGA-NJ-A55O/tils_tsr_wsi_summary.csv,8AB8C4BA-311E-41D0-85EA-A0245ACA1BDD,TCGA-NJ-A55O,2013-09-27 00:00:00,Lung Adenocarcinoma,[Not Available],[Not Available],Female,Lung,WHITE,NOT HISPANIC OR LATINO,[Not Available],No,R-Upper,[Not Available],2011,[Not Available],[Not Available],[Not Available],7th,T1b,N1,M0,Stage IIA,[Not Applicable],[Not Applicable],[Not Applicable],[Not Applicable],NO,[Not Available],[Not Available],[Not Available],[Not Available],[Not Available],NO,[Not Available],[Not Available],NO,[Not Available],NO,[Not Available],4,No,[Not Available],2000,30,[Not Available],[Not Available],[Not Available],NO,[Not Available],Stable Disease,TUMOR FREE,NO,56,[Not Applicable],0,[Not Available],[Not Available],[Not Available],[Not Available],[Not Applicable],[Not Available],[Not Available],[Not Available],[Not Available],C34.1,8480/3,C34.1,YES,[Not Available],[Not Available],[Not Available],[Not Available],NO,NJ,0:LIVING,0.43,0:DiseaseFree,0.43,matched
TCGA-O1-A52J-01Z-00-DX1.26F6ECCA-D614-4950-98E6-4D76E82F71B4,TCGA-O1-A52J-01,TCGA-O1-A52J,0.7818349613634115,stroma-high,29.004918074895507,29.004918074895507,25.23420339868167,43.87807952568024,56.121920474319765,8,5,4,5,5,8,3,0.5612192047431976,0.5092211009935241,29.004918074895507,25.23420339868167,11.145414997164766,0.8925777277545734,95.85537093750001,/data1/deasy/Himangi/female_psg_negative_features/TCGA-O1-A52J/tils_tsr_wsi_summary.csv,42432463-8E92-4F25-B72A-F03953527AA5,TCGA-O1-A52J,2013-04-11 00:00:00,Lung Adenocarcinoma,NO,YES,Female,Lung,WHITE,NOT HISPANIC OR LATINO,[Not Available],No,L-Lower,[Not Available],2007,[Not Available],[Not Available],[Not Available],6th,T1,N0,MX,Stage IA,[Not Applicable],[Not Applicable],[Not Applicable],[Not Applicable],NO,[Not Available],[Not Available],[Not Available],[Not Available],[Not Available],NO,[Not Available],[Not Available],NO,[Not Available],NO,[Not Available],3,No,1950,1980,45,[Not Available],1,[Not Available],NO,[Not Available],[Not Available],WITH TUMOR,YES,74,[Not Applicable],0,[Not Available],[Not Available],[Not Available],[Not Available],[Not Applicable],[Not Available],[Not Available],[Not Available],[Not Available],C34.3,8140/3,C34.3,YES,[Not Available],[Not Available],[Not Available],[Not Available],NO,O1,1:DECEASED,59.07,1:Recurred/Progressed,29.5,matched
TCGA-S2-AA1A-01Z-00-DX1.4B5D5FAE-8305-4D2D-B245-584589352886,TCGA-S2-AA1A-01,TCGA-S2-AA1A,0.9536015617266039,stroma-high,18.768157590902483,18.768157590902483,4.671321436335233,48.812489732236166,51.187510267763834,32,9,9,9,9,32,32,0.5118751026776384,0.5229942775435232,18.768157590902483,4.671321436335233,15.217704599405415,0.944427032338392,126.24943481250001,/data1/deasy/Himangi/female_psg_negative_features/TCGA-S2-AA1A/tils_tsr_wsi_summary.csv,31458638-E19C-43E5-AB13-9C64B3B3681D,TCGA-S2-AA1A,2014-04-22 00:00:00,Lung Adenocarcinoma,YES,NO,Female,Lung,BLACK OR AFRICAN AMERICAN,NOT HISPANIC OR LATINO,[Not Available],No,R-Upper,[Not Available],2013,[Not Available],[Not Available],R0,7th,T1b,N0,M0,Stage IA,[Not Applicable],[Not Applicable],[Not Applicable],[Not Applicable],YES,2.01,2.16,79,83,65,NO,[Not Available],[Not Available],NO,[Not Available],NO,[Not Available],3,No,1957,1995,95,[Not Available],[Not Available],[Not Available],NO,[Not Available],Complete Remission/Response,TUMOR FREE,NO,68,[Not Applicable],0,[Not Available],[Not Available],[Not Available],[Not Available],[Not Applicable],[Not Available],[Not Available],[Not Available],[Not Available],C34.1,8253/3,C34.1,YES,[Not Available],[Not Available],[Not Available],[Not Available],NO,S2,0:LIVING,16.85,0:DiseaseFree,16.85,matched
