wsi_name,sample_id,subject_id,wsi_n_clusters_scored,wsi_necrosis_area_um2,wsi_necrosis_perimeter_um,wsi_necrosis_fraction_of_cluster,wsi_dominant_necrosis_phenotype,source_file,OTHER_PATIENT_ID,PATIENT_ID,FORM_COMPLETION_DATE,HISTOLOGICAL_DIAGNOSIS,PROSPECTIVE_COLLECTION,RETROSPECTIVE_COLLECTION,SEX,TUMOR_SITE,RACE,ETHNICITY,LATERALITY,HISTORY_OTHER_MALIGNANCY,PRIMARY_SITE_PATIENT,LOCATION_LUNG_PARENCHYMA,INITIAL_PATHOLOGIC_DX_YEAR,METHOD_OF_INITIAL_SAMPLE_PROCUREMENT,METHOD_OF_INITIAL_SAMPLE_PROCUREMENT_OTHER,RESIDUAL_TUMOR,AJCC_STAGING_EDITION,AJCC_TUMOR_PATHOLOGIC_PT,AJCC_NODES_PATHOLOGIC_PN,AJCC_METASTASIS_PATHOLOGIC_PM,AJCC_PATHOLOGIC_TUMOR_STAGE,AJCC_NODES_CLINICAL_CT,AJCC_NODES_CLINICAL_CN,AJCC_METASTASIS_CLINICAL_CM,AJCC_CLINICAL_TUMOR_STAGE,PULMONARY_FUNCTION_TEST_INDICATOR,FEV1_PERCENT_REF_PREBRONCHOLIATOR,FEV1_PERCENT_REF_POSTBRONCHOLIATOR,FEV1_FVC_RATIO_PREBRONCHOLIATOR,FEV1_FVC_RATIO_POSTBRONCHOLIATOR,CARBON_MONOXIDE_DIFFUSION_DLCO,KRAS_GENE_ANALYSIS_INDICATOR,KRAS_MUTATION,KRAS_MUTATION_IDENTIFIED_TYPE,MUTATION_STATUS,MUTATION_TYPE,ALK_TRANSLOCATION_STATUS,ALK_ANALYSIS_TYPE,TOBACCO_SMOKING_HISTORY_INDICATOR,HISTORY_NEOADJUVANT_TRTYN,SMOKING_YEAR_STARTED,SMOKING_YEAR_STOPPED,SMOKING_PACK_YEARS,KARNOFSKY_PERFORMANCE_SCORE,ECOG_SCORE,PERFORMANCE_STATUS_TIMING,RADIATION_TREATMENT_ADJUVANT,PHARMACEUTICAL_TX_ADJUVANT,TREATMENT_OUTCOME_FIRST_COURSE,TUMOR_STATUS,NEW_TUMOR_EVENT_AFTER_INITIAL_TREATMENT,AGE,PRIMARY_SITE_OTHER,DAYS_TO_INITIAL_PATHOLOGIC_DIAGNOSIS,DAYS_TO_PATIENT_PROGRESSION_FREE,DAYS_TO_TUMOR_PROGRESSION,DISEASE_CODE,ALK_TRANSLOCATION_VARIANT,EXTRANODAL_INVOLVEMENT,HISTORY_IMMUNOLOGICAL_DISEASE,HISTORY_IMMUNOLOGICAL_DISEASE_OTHER,HISTORY_RELEVANT_INFECTIOUS_DX,HIV_STATUS,ICD_10,ICD_O_3_HISTOLOGY,ICD_O_3_SITE,INFORMED_CONSENT_VERIFIED,NUMBER_OF_LYMPHNODES_POSITIVE_BY_IHC,POS_LYMPH_NODE_LOCATION,PROJECT_CODE,STAGE_OTHER,TARGETED_MOLECULAR_THERAPY,TISSUE_SOURCE_SITE,OS_STATUS,OS_MONTHS,DFS_STATUS,DFS_MONTHS,clinical_match
TCGA-05-4390-01Z-00-DX1.858E64DF-DD3E-4F43-B7C1-CE35B33F1C90,TCGA-05-4390-01,TCGA-05-4390,1,5991.25,1278.48,0.0461,focal,/data1/deasy/Himangi/female_psg_negative_features/TCGA-05-4390/necrosis_feature_wsi_summary.csv,b8475929-2d9d-4909-bd62-59684a140bd7,TCGA-05-4390,2010-07-22 00:00:00,Lung Adenocarcinoma,NO,YES,Female,Lung,[Not Available],[Not Available],[Not Available],No,R-Upper,[Not Available],2005,[Not Available],[Not Available],R0,5th,T2,N0,M0,Stage IB,[Not Applicable],[Not Applicable],[Not Applicable],[Not Applicable],[Not Available],[Not Available],[Not Available],[Not Available],[Not Available],[Not Available],[Not Available],[Not Available],[Not Available],[Not Available],[Not Available],[Not Available],[Not Available],4,No,1966,1996,15,[Not Available],[Not Available],[Not Available],[Not Available],[Not Available],[Not Available],TUMOR FREE,[Not Available],58,[Not Applicable],0,[Not Available],[Not Available],[Not Available],[Not Available],[Not Applicable],[Not Available],[Not Available],[Not Available],[Not Available],C34.1,8255/3,C34.1,YES,[Not Available],[Not Available],[Not Available],[Not Available],[Not Available],5,0:LIVING,36.99,1:Recurred/Progressed,12.98,matched
TCGA-05-4405-01Z-00-DX1.D57EC2B2-3A59-4954-86A7-61782938BCC5,TCGA-05-4405-01,TCGA-05-4405,9,10335.15,3059.16,0.0152,focal,/data1/deasy/Himangi/female_psg_negative_features/TCGA-05-4405/necrosis_feature_wsi_summary.csv,f587c9ab-2949-4410-80d6-a050865d48aa,TCGA-05-4405,2010-07-22 00:00:00,Lung Adenocarcinoma,NO,YES,Female,Lung,[Not Available],[Not Available],[Not Available],Yes,R-Lower,[Not Available],2006,[Not Available],[Not Available],R0,5th,T2,N0,M0,Stage IB,[Not Applicable],[Not Applicable],[Not Applicable],[Not Applicable],[Not Available],[Not Available],[Not Available],[Not Available],[Not Available],[Not Available],[Not Available],[Not Available],[Not Available],[Not Available],[Not Available],[Not Available],[Not Available],4,No,1951,1994,65,[Not Available],[Not Available],[Not Available],[Not Available],[Not Available],[Not Available],TUMOR FREE,[Not Available],74,[Not Applicable],0,[Not Available],[Not Available],[Not Available],[Not Available],[Not Applicable],[Not Available],[Not Available],[Not Available],[Not Available],C34.3,8255/3,C34.3,YES,[Not Available],[Not Available],[Not Available],[Not Available],[Not Available],5,0:LIVING,20.04,0:DiseaseFree,20.04,matched
TCGA-05-4417-01Z-00-DX1.6E534856-996F-4BD9-8AFC-7B1BF627E505,TCGA-05-4417-01,TCGA-05-4417,19,20821.78,5042.93,0.0084,focal,/data1/deasy/Himangi/female_psg_negative_features/TCGA-05-4417/necrosis_feature_wsi_summary.csv,a244a99a-d7cc-4fb1-bc76-b66886481621,TCGA-05-4417,2010-07-22 00:00:00,Lung Adenocarcinoma,NO,YES,Female,Lung,[Not Available],[Not Available],[Not Available],No,R-Upper,[Not Available],2008,[Not Available],[Not Available],R0,6th,T2,N0,M0,Stage IB,[Not Applicable],[Not Applicable],[Not Applicable],[Not Applicable],[Not Available],[Not Available],[Not Available],[Not Available],[Not Available],[Not Available],[Not Available],[Not Available],[Not Available],[Not Available],[Not Available],[Not Available],[Not Available],4,No,1971,2008,56,[Not Available],[Not Available],[Not Available],[Not Available],[Not Available],[Not Available],TUMOR FREE,[Not Available],51,[Not Applicable],0,[Not Available],[Not Available],[Not Available],[Not Available],[Not Applicable],[Not Available],[Not Available],[Not Available],[Not Available],C34.1,8255/3,C34.1,YES,[Not Available],[Not Available],[Not Available],[Not Available],[Not Available],5,0:LIVING,14.95,0:DiseaseFree,14.95,matched
TCGA-05-4425-01Z-00-DX1.82B093EE-49BC-4FD9-91AC-4CC89944309D,TCGA-05-4425-01,TCGA-05-4425,1,284.91,114.18,0.0033,focal,/data1/deasy/Himangi/female_psg_negative_features/TCGA-05-4425/necrosis_feature_wsi_summary.csv,69b23036-add9-42c9-941f-02fb74d9b08c,TCGA-05-4425,2010-07-22 00:00:00,Lung Adenocarcinoma,NO,YES,Female,Lung,[Not Available],[Not Available],[Not Available],No,R-Middle,[Not Available],2008,[Not Available],[Not Available],R1,6th,T2,N0,M1,Stage IV,[Not Applicable],[Not Applicable],[Not Applicable],[Not Applicable],[Not Available],[Not Available],[Not Available],[Not Available],[Not Available],[Not Available],[Not Available],[Not Available],[Not Available],[Not Available],[Not Available],[Not Available],[Not Available],3,No,[Not Available],[Not Available],28,[Not Available],[Not Available],[Not Available],[Not Available],[Not Available],[Not Available],[Not Available],[Not Available],70,[Not Applicable],0,[Not Available],[Not Available],[Not Available],[Not Available],[Not Applicable],[Not Available],[Not Available],[Not Available],[Not Available],C34.2,8255/3,C34.2,YES,[Not Available],[Not Available],[Not Available],[Not Available],[Not Available],5,0:LIVING,21.98,0:DiseaseFree,21.98,matched
TCGA-05-4427-01Z-00-DX1.36CF4E93-3FBB-4346-A26B-85F0D9D0575D,TCGA-05-4427-01,TCGA-05-4427,5,0.0,0.0,0.0,absent,/data1/deasy/Himangi/female_psg_negative_features/TCGA-05-4427/necrosis_feature_wsi_summary.csv,78a24c56-576c-4245-bb42-6603b3d19897,TCGA-05-4427,2010-07-22 00:00:00,Lung Adenocarcinoma,NO,YES,Female,Lung,[Not Available],[Not Available],[Not Available],Yes,L-Upper,[Not Available],2008,[Not Available],[Not Available],R0,6th,T2,N1,M0,Stage IIB,[Not Applicable],[Not Applicable],[Not Applicable],[Not Applicable],[Not Available],[Not Available],[Not Available],[Not Available],[Not Available],[Not Available],[Not Available],[Not Available],[Not Available],[Not Available],[Not Available],[Not Available],[Not Available],4,No,1993,2008,8,[Not Available],[Not Available],[Not Available],[Not Available],[Not Available],[Not Available],TUMOR FREE,[Not Available],65,[Not Applicable],0,[Not Available],[Not Available],[Not Available],[Not Available],[Not Applicable],[Not Available],[Not Available],[Not Available],[Not Available],C34.1,8255/3,C34.1,YES,[Not Available],[Not Available],[Not Available],[Not Available],[Not Available],5,0:LIVING,25.99,0:DiseaseFree,25.99,matched
TCGA-05-4430-01Z-00-DX1.95659bbb-3091-4370-bc1d-6c6c1baa7b3d,TCGA-05-4430-01,TCGA-05-4430,8,0.0,0.0,0.0,absent,/data1/deasy/Himangi/female_psg_negative_features/TCGA-05-4430/necrosis_feature_wsi_summary.csv,3a23cdb5-2327-45ac-b0b5-d4afe038c757,TCGA-05-4430,2010-07-22 00:00:00,Lung Adenocarcinoma,NO,YES,Female,Lung,[Not Available],[Not Available],[Not Available],No,L-Lower,[Not Available],2008,[Not Available],[Not Available],R0,6th,T2,N0,M0,Stage IB,[Not Applicable],[Not Applicable],[Not Applicable],[Not Applicable],[Not Available],[Not Available],[Not Available],[Not Available],[Not Available],[Not Available],[Not Available],[Not Available],[Not Available],[Not Available],[Not Available],[Not Available],[Not Available],4,No,[Not Available],[Not Available],80,[Not Available],[Not Available],[Not Available],[Not Available],[Not Available],[Not Available],TUMOR FREE,[Not Available],59,[Not Applicable],0,[Not Available],[Not Available],[Not Available],[Not Available],[Not Applicable],[Not Available],[Not Available],[Not Available],[Not Available],C34.3,8255/3,C34.3,YES,[Not Available],[Not Available],[Not Available],[Not Available],[Not Available],5,0:LIVING,25,0:DiseaseFree,25,matched
TCGA-05-4434-01Z-00-DX1.f3f5c89c-306f-4876-98fa-f7bd231f2e10,TCGA-05-4434-01,TCGA-05-4434,3,30837.47,1719.91,0.1158,present,/data1/deasy/Himangi/female_psg_negative_features/TCGA-05-4434/necrosis_feature_wsi_summary.csv,d94fe32f-bedd-4f4c-9feb-fcb60d40f4bb,TCGA-05-4434,2010-07-22 00:00:00,Lung Adenocarcinoma,NO,YES,Female,Lung,[Not Available],[Not Available],[Not Available],Yes,R-Lower,[Not Available],2008,[Not Available],[Not Available],R2,6th,T4,N1,M1,Stage IV,[Not Applicable],[Not Applicable],[Not Applicable],[Not Applicable],[Not Available],[Not Available],[Not Available],[Not Available],[Not Available],[Not Available],[Not Available],[Not Available],[Not Available],[Not Available],[Not Available],[Not Available],[Not Available],2,No,[Not Available],[Not Available],15,[Not Available],[Not Available],[Not Available],[Not Available],[Not Available],[Not Available],[Not Available],[Not Available],67,[Not Applicable],0,[Not Available],[Not Available],[Not Available],[Not Available],[Not Applicable],[Not Available],[Not Available],[Not Available],[Not Available],C34.3,8255/3,C34.3,YES,[Not Available],[Not Available],[Not Available],[Not Available],[Not Available],5,1:DECEASED,15.01,[Not Available],[Not Available],matched
TCGA-38-4625-01Z-00-DX1.ffdbfc1d-7a21-4e67-a54f-89597bd14a7f,TCGA-38-4625-01,TCGA-38-4625,5,0.0,0.0,0.0,absent,/data1/deasy/Himangi/female_psg_negative_features/TCGA-38-4625/necrosis_feature_wsi_summary.csv,0ea4920f-f4c8-4590-84b3-eb419824e144,TCGA-38-4625,2010-12-07 00:00:00,Lung Adenocarcinoma,NO,YES,Female,Lung,WHITE,NOT HISPANIC OR LATINO,[Not Available],No,R-Upper,Peripheral Lung,2002,[Not Available],[Not Available],R0,5th,T2a,N0,M0,Stage IB,[Not Applicable],[Not Applicable],[Not Applicable],[Not Applicable],YES,64,66,68,66,68,NO,[Not Available],[Not Available],NO,[Not Available],NO,[Not Available],2,No,1952,[Not Available],50,[Not Available],[Not Available],[Not Available],[Not Available],[Not Available],[Not Available],[Not Available],[Not Available],66,[Not Applicable],0,[Not Available],[Not Available],[Not Available],[Not Available],[Not Applicable],[Not Available],[Not Available],[Not Available],[Not Available],C34.1,8140/3,C34.1,YES,[Not Available],[Not Available],[Not Available],[Not Available],[Not Available],38,0:LIVING,97.67,0:DiseaseFree,97.67,matched
TCGA-38-4626-01Z-00-DX1.142bc018-bd79-4db9-84e2-f83a617ea92a,TCGA-38-4626-01,TCGA-38-4626,50,25540.41,6364.75,0.0053,focal,/data1/deasy/Himangi/female_psg_negative_features/TCGA-38-4626/necrosis_feature_wsi_summary.csv,2079155a-d91d-4246-a038-01934a580f32,TCGA-38-4626,2010-12-07 00:00:00,Lung Adenocarcinoma,NO,YES,Female,Lung,WHITE,NOT HISPANIC OR LATINO,[Not Available],No,L-Upper,Central Lung,2003,[Not Available],[Not Available],R0,6th,T2b,N0,M0,[Discrepancy],[Not Applicable],[Not Applicable],[Not Applicable],[Not Applicable],YES,85,85,71,68,57,[Not Available],[Not Available],[Not Available],[Not Available],[Not Available],[Not Available],[Not Available],2,No,1962,[Not Available],40,[Not Available],[Not Available],[Not Available],[Not Available],[Not Available],[Not Available],TUMOR FREE,[Not Available],57,[Not Applicable],0,[Not Available],[Not Available],[Not Available],[Not Available],[Not Applicable],[Not Available],[Not Available],[Not Available],[Not Available],C34.1,8140/3,C34.1,YES,[Not Available],[Not Available],[Not Available],[Not Available],[Not Available],38,0:LIVING,120.7,1:Recurred/Progressed,82.72,matched
TCGA-38-6178-01Z-00-DX1.5932337D-BA2B-455D-9E34-22961EFA2170,TCGA-38-6178-01,TCGA-38-6178,29,4464.66,1715.42,0.0015,focal,/data1/deasy/Himangi/female_psg_negative_features/TCGA-38-6178/necrosis_feature_wsi_summary.csv,edf80622-aea2-4b50-bb69-691d6708aa83,TCGA-38-6178,2011-04-14 00:00:00,Lung Adenocarcinoma,YES,NO,Female,Lung,WHITE,NOT HISPANIC OR LATINO,[Not Available],Yes,L-Upper,Central Lung,2010,[Not Available],[Not Available],R1,[Not Available],T2b,N2,[Not Available],Stage IIIA,[Not Applicable],[Not Applicable],[Not Applicable],[Not Applicable],[Not Available],[Not Available],[Not Available],[Not Available],[Not Available],[Not Available],YES,NO,[Not Available],YES,Exon 19 Deletion,NO,[Not Available],1,No,[Not Available],[Not Available],[Not Available],[Not Available],[Not Available],[Not Available],[Not Available],[Not Available],[Not Available],WITH TUMOR,[Not Available],70,[Not Applicable],0,[Not Available],[Not Available],[Not Available],[Not Available],[Not Applicable],[Not Available],[Not Available],[Not Available],[Not Available],C34.1,8140/3,C34.1,YES,[Not Available],[Not Available],[Not Available],[Not Available],[Not Available],38,0:LIVING,14.72,0:DiseaseFree,14.72,matched
TCGA-44-2655-01Z-00-DX1.ee255271-780c-461c-ab23-5cd3504b5e4a,TCGA-44-2655-01,TCGA-44-2655,4,1533.47,462.72,0.0022,focal,/data1/deasy/Himangi/female_psg_negative_features/TCGA-44-2655/necrosis_feature_wsi_summary.csv,07b5663f-9a54-4462-b6c1-6fc8116b8714,TCGA-44-2655,2010-10-09 00:00:00,Lung Adenocarcinoma,YES,NO,Female,Lung,WHITE,NOT HISPANIC OR LATINO,[Not Available],Yes,R-Upper,[Not Available],2009,[Not Available],[Not Available],R0,6th,T1,N0,M0,Stage IA,[Not Applicable],[Not Applicable],[Not Applicable],[Not Applicable],YES,91,[Not Available],100,[Not Available],73,NO,[Not Available],[Not Available],[Not Available],[Not Available],[Not Available],[Not Available],3,No,1958,1988,30,[Not Available],0,Pre-Adjuvant Therapy,[Not Available],[Not Available],[Not Available],TUMOR FREE,[Not Available],65,[Not Applicable],0,[Not Available],[Not Available],[Not Available],[Not Available],[Not Applicable],[Not Available],[Not Available],[Not Available],[Not Available],C34.1,8140/3,C34.1,YES,[Not Available],[Not Available],[Not Available],[Not Available],[Not Available],44,0:LIVING,43.5,1:Recurred/Progressed,33.15,matched
TCGA-44-2657-01Z-00-DX1.b7f608bd-2381-40a2-a757-ca4648a7de8a,TCGA-44-2657-01,TCGA-44-2657,20,12923.03,2978.52,0.0047,focal,/data1/deasy/Himangi/female_psg_negative_features/TCGA-44-2657/necrosis_feature_wsi_summary.csv,f40301ba-831e-4afd-9ce8-5f3c1a05ff7e,TCGA-44-2657,2010-10-08 00:00:00,Lung Adenocarcinoma,YES,NO,Female,Lung,WHITE,NOT HISPANIC OR LATINO,[Not Available],No,L-Upper,[Not Available],2009,[Not Available],[Not Available],R0,6th,T2,NX,M0,Stage IB,[Not Applicable],[Not Applicable],[Not Applicable],[Not Applicable],YES,120,147,78,87,96,NO,[Not Available],[Not Available],[Not Available],[Not Available],[Not Available],[Not Available],4,No,1959,2006,25,[Not Available],0,Pre-Adjuvant Therapy,[Not Available],[Not Available],[Not Available],TUMOR FREE,[Not Available],74,[Not Applicable],0,[Not Available],[Not Available],[Not Available],[Not Available],[Not Applicable],[Not Available],[Not Available],[Not Available],[Not Available],C34.1,8140/3,C34.1,YES,[Not Available],[Not Available],[Not Available],[Not Available],[Not Available],44,0:LIVING,44.38,0:DiseaseFree,44.38,matched
TCGA-44-2659-01Z-00-DX1.b33f40e6-bc18-48b0-8dad-bdb0a6a200b5,TCGA-44-2659-01,TCGA-44-2659,10,1036.38,322.6,0.0012,focal,/data1/deasy/Himangi/female_psg_negative_features/TCGA-44-2659/necrosis_feature_wsi_summary.csv,bf15f7ad-9d92-473b-91d1-f24aa373ab97,TCGA-44-2659,2010-10-11 00:00:00,Lung Adenocarcinoma,YES,NO,Female,Lung,WHITE,NOT HISPANIC OR LATINO,[Not Available],No,[Discrepancy],[Not Available],2009,[Not Available],[Not Available],R0,6th,T1,N1,M0,Stage IIB,[Not Applicable],[Not Applicable],[Not Applicable],[Not Applicable],YES,64,73,77,87,67,NO,[Not Available],[Not Available],[Not Available],[Not Available],[Not Available],[Not Available],4,No,1965,2003,57,[Not Available],1,Other,[Not Available],[Not Available],[Not Available],TUMOR FREE,[Not Available],65,[Not Available],0,[Not Available],[Not Available],[Not Available],[Not Available],[Not Applicable],[Not Available],[Not Available],[Not Available],[Not Available],C34.3,8140/3,C34.3,YES,[Not Available],[Not Available],[Not Available],[Not Available],[Not Available],44,0:LIVING,44.91,1:Recurred/Progressed,37.65,matched
TCGA-44-2661-01Z-00-DX1.20cfa0f8-e3ca-4c26-9dfe-b9d416cd94b1,TCGA-44-2661-01,TCGA-44-2661,8,4445.13,1147.54,0.0048,focal,/data1/deasy/Himangi/female_psg_negative_features/TCGA-44-2661/necrosis_feature_wsi_summary.csv,f3501466-cf32-4866-b5fb-e94dd32341bc,TCGA-44-2661,2010-10-08 00:00:00,Lung Adenocarcinoma,YES,NO,Female,Lung,WHITE,NOT HISPANIC OR LATINO,[Not Available],Yes,L-Upper,[Not Available],2009,[Not Available],[Not Available],R0,6th,T1,N0,M0,Stage IA,[Not Applicable],[Not Applicable],[Not Applicable],[Not Applicable],YES,[Not Available],[Not Available],[Not Available],[Not Available],[Not Available],NO,[Not Available],[Not Available],[Not Available],[Not Available],[Not Available],[Not Available],1,No,[Not Available],[Not Available],[Not Available],[Not Available],1,Pre-Adjuvant Therapy,[Not Available],[Not Available],[Not Available],TUMOR FREE,[Not Available],69,[Not Applicable],0,[Not Available],[Not Available],[Not Available],[Not Available],[Not Applicable],[Not Available],[Not Available],[Not Available],[Not Available],C34.1,8140/3,C34.1,YES,[Not Available],[Not Available],[Not Available],[Not Available],[Not Available],44,0:LIVING,38.07,0:DiseaseFree,38.07,matched
TCGA-44-2665-01Z-00-DX1.d429e37e-3915-4da6-b5bc-bf2f09f4fbf7,TCGA-44-2665-01,TCGA-44-2665,12,14616.62,3695.36,0.0101,focal,/data1/deasy/Himangi/female_psg_negative_features/TCGA-44-2665/necrosis_feature_wsi_summary.csv,fb79c491-7b01-42ae-8369-8364e442e31b,TCGA-44-2665,2010-10-13 00:00:00,Lung Adenocarcinoma,YES,NO,Female,Lung,WHITE,NOT HISPANIC OR LATINO,[Not Available],No,R-Upper,[Not Available],2009,[Not Available],[Not Available],R0,6th,T2,N1,M0,Stage IIB,[Not Applicable],[Not Applicable],[Not Applicable],[Not Applicable],YES,114,105,79,79,71,NO,[Not Available],[Not Available],[Not Available],[Not Available],[Not Available],[Not Available],1,No,[Not Available],[Not Available],[Not Available],[Not Available],1,Pre-Adjuvant Therapy,[Not Available],[Not Available],[Not Available],TUMOR FREE,[Not Available],55,[Not Applicable],0,[Not Available],[Not Available],FPPP,[Not Available],[Not Applicable],[Not Available],[Not Available],[Not Available],[Not Available],C34.1,8140/3,C34.1,YES,[Not Available],[Not Available],TCGA,[Not Available],[Not Available],44,0:LIVING,42.74,0:DiseaseFree,42.74,matched
TCGA-44-3396-01Z-00-DX1.187b0a68-ad51-4fcd-819c-b74a8599dbe9,TCGA-44-3396-01,TCGA-44-3396,13,72518.82,9408.18,0.0748,present,/data1/deasy/Himangi/female_psg_negative_features/TCGA-44-3396/necrosis_feature_wsi_summary.csv,3bd6badb-27ff-4d8d-b206-4d28dc264862,TCGA-44-3396,2010-10-18 00:00:00,Lung Adenocarcinoma,YES,NO,Female,Lung,WHITE,NOT HISPANIC OR LATINO,[Not Available],No,[Discrepancy],[Not Available],2009,[Not Available],[Not Available],R0,7th,T2,N2,M0,Stage IIIA,[Not Applicable],[Not Applicable],[Not Applicable],[Not Applicable],YES,89,[Not Available],98,[Not Available],48,NO,[Not Available],[Not Available],[Not Available],[Not Available],[Not Available],[Not Available],2,No,1959,[Not Available],50,[Not Available],1,Other,[Not Available],[Not Available],[Not Available],TUMOR FREE,[Not Available],74,[Not Available],0,[Not Available],[Not Available],[Not Available],[Not Available],[Not Applicable],[Not Available],[Not Available],[Not Available],[Not Available],C34.1,8140/3,C34.1,YES,[Not Available],[Not Available],[Not Available],[Not Available],[Not Available],44,0:LIVING,37.12,0:DiseaseFree,37.12,matched
TCGA-44-3398-01Z-00-DX1.74757c91-a0c6-4e7f-b2db-8748c68ffa44,TCGA-44-3398-01,TCGA-44-3398,23,24634.23,2662.56,0.0075,focal,/data1/deasy/Himangi/female_psg_negative_features/TCGA-44-3398/necrosis_feature_wsi_summary.csv,ffb0c0b7-165e-4439-b3e6-62431f40b7fe,TCGA-44-3398,2010-10-11 00:00:00,Lung Adenocarcinoma,YES,NO,Female,Lung,WHITE,NOT HISPANIC OR LATINO,[Not Available],No,R-Lower,[Not Available],2009,[Not Available],[Not Available],R0,6th,T1b,N0,M0,Stage IA,[Not Applicable],[Not Applicable],[Not Applicable],[Not Applicable],YES,87,96,84,89,60,NO,[Not Available],[Not Available],[Not Available],[Not Available],[Not Available],[Not Available],4,No,1959,2009,60,[Not Available],[Not Available],[Not Available],[Not Available],[Not Available],[Not Available],TUMOR FREE,[Not Available],77,[Not Applicable],0,[Not Available],[Not Available],[Not Available],[Not Available],[Not Applicable],[Not Available],[Not Available],[Not Available],[Not Available],C34.3,8140/3,C34.3,YES,[Not Available],[Not Available],[Not Available],[Not Available],[Not Available],44,0:LIVING,38.21,0:DiseaseFree,38.21,matched
TCGA-44-3919-01Z-00-DX1.41144972-46a1-4b25-9faa-ed1b9d1996d2,TCGA-44-3919-01,TCGA-44-3919,8,3990.72,892.92,0.0051,focal,/data1/deasy/Himangi/female_psg_negative_features/TCGA-44-3919/necrosis_feature_wsi_summary.csv,66ed89f6-8ba2-49d0-af0f-4b6ebf2381bf,TCGA-44-3919,2010-10-07 00:00:00,Lung Adenocarcinoma,YES,NO,Female,Lung,WHITE,NOT HISPANIC OR LATINO,[Not Available],No,R-Upper,[Not Available],2010,[Not Available],[Not Available],R0,7th,T1,N0,M0,Stage IA,[Not Applicable],[Not Applicable],[Not Applicable],[Not Applicable],YES,100,[Not Available],99,[Not Available],103,NO,[Not Available],[Not Available],[Not Available],[Not Available],[Not Available],[Not Available],1,No,[Not Available],[Not Available],[Not Available],[Not Available],[Not Available],[Not Available],[Not Available],[Not Available],[Not Available],TUMOR FREE,[Not Available],71,[Not Applicable],0,[Not Available],[Not Available],[Not Available],[Not Available],[Not Applicable],[Not Available],[Not Available],[Not Available],[Not Available],C34.1,8140/3,C34.1,YES,[Not Available],[Not Available],[Not Available],[Not Available],[Not Available],44,1:DECEASED,33.71,1:Recurred/Progressed,32.33,matched
TCGA-44-4112-01Z-00-DX1.5380b3b4-0e24-4c6c-aa8c-298c5fbe068f,TCGA-44-4112-01,TCGA-44-4112,6,13674.13,3347.59,0.0139,focal,/data1/deasy/Himangi/female_psg_negative_features/TCGA-44-4112/necrosis_feature_wsi_summary.csv,68b86559-38b2-41f2-b66e-c3c2b628b14d,TCGA-44-4112,2010-10-12 00:00:00,Lung Adenocarcinoma,YES,NO,Female,Lung,WHITE,NOT HISPANIC OR LATINO,[Not Available],No,R-Upper,[Not Available],2010,[Not Available],[Not Available],R0,6th,T2a,N0,M0,Stage IB,[Not Applicable],[Not Applicable],[Not Applicable],[Not Applicable],YES,[Not Available],[Not Available],[Not Available],[Not Available],[Not Available],NO,[Not Available],[Not Available],[Not Available],[Not Available],[Not Available],[Not Available],3,No,1972,1992,30,[Not Available],[Not Available],[Not Available],[Not Available],[Not Available],[Not Available],[Not Available],[Not Available],60,[Not Applicable],0,[Not Available],[Not Available],FPPP,[Not Available],[Not Applicable],[Not Available],[Not Available],[Not Available],[Not Available],C34.1,8140/3,C34.1,YES,[Not Available],[Not Available],TCGA,[Not Available],[Not Available],44,1:DECEASED,26.54,1:Recurred/Progressed,20.34,matched
TCGA-44-5644-01Z-00-DX1.7e4edaa7-25c6-49f4-81bc-f50d6c5fac38,TCGA-44-5644-01,TCGA-44-5644,14,76080.69,8910.22,0.0607,present,/data1/deasy/Himangi/female_psg_negative_features/TCGA-44-5644/necrosis_feature_wsi_summary.csv,1fc81cd4-fa89-4135-8c3c-027ffae82b05,TCGA-44-5644,2011-10-12 00:00:00,Lung Adenocarcinoma,YES,NO,Female,Lung,WHITE,NOT HISPANIC OR LATINO,[Not Available],No,R-Lower,[Not Available],2010,[Not Available],[Not Available],[Not Available],7th,T2a,N0,[Not Available],Stage IB,[Not Applicable],[Not Applicable],[Not Applicable],[Not Applicable],YES,59,[Not Available],103,[Not Available],61,[Not Available],[Not Available],[Not Available],[Not Available],[Not Available],[Not Available],[Not Available],2,No,1975,[Not Available],17.5,[Not Available],[Not Available],[Not Available],[Not Available],[Not Available],[Not Available],TUMOR FREE,[Not Available],51,[Not Applicable],0,[Not Available],[Not Available],[Not Available],[Not Available],[Not Applicable],[Not Available],[Not Available],[Not Available],[Not Available],C34.3,8140/3,C34.3,YES,[Not Available],[Not Available],[Not Available],[Not Available],[Not Available],44,0:LIVING,28.35,0:DiseaseFree,28.35,matched
TCGA-44-5645-01Z-00-DX1.8b0d89d7-7849-49a6-a2f5-a8faf2c5aab4,TCGA-44-5645-01,TCGA-44-5645,11,20754.35,4109.96,0.0188,focal,/data1/deasy/Himangi/female_psg_negative_features/TCGA-44-5645/necrosis_feature_wsi_summary.csv,ddeacccf-0953-4952-8a4e-c2617f2e7bcc,TCGA-44-5645,2011-04-13 00:00:00,Lung Adenocarcinoma,YES,NO,Female,Lung,BLACK OR AFRICAN AMERICAN,NOT HISPANIC OR LATINO,[Not Available],No,L-Upper,[Not Available],2010,[Not Available],[Not Available],[Not Available],7th,T1,NX,[Not Available],Stage IA,[Not Applicable],[Not Applicable],[Not Applicable],[Not Applicable],YES,100,[Not Available],90,[Not Available],82,[Not Available],[Not Available],[Not Available],[Not Available],[Not Available],[Not Available],[Not Available],3,No,1963,1973,5,[Not Available],[Not Available],[Not Available],[Not Available],[Not Available],[Not Available],TUMOR FREE,[Not Available],61,[Not Applicable],0,[Not Available],[Not Available],FPPP,[Not Available],[Not Applicable],[Not Available],[Not Available],[Not Available],[Not Available],C34.1,8140/3,C34.1,YES,[Not Available],[Not Available],TCGA,[Not Available],[Not Available],44,0:LIVING,27.99,0:DiseaseFree,27.99,matched
TCGA-44-6145-01Z-00-DX1.175ad655-b054-407d-bb22-3a4f85849488,TCGA-44-6145-01,TCGA-44-6145,7,55262.93,7246.74,0.0611,present,/data1/deasy/Himangi/female_psg_negative_features/TCGA-44-6145/necrosis_feature_wsi_summary.csv,6144d666-8f77-4efe-95f1-f9e5c4e5e056,TCGA-44-6145,2011-05-31 00:00:00,Lung Adenocarcinoma,YES,NO,Female,Lung,WHITE,NOT HISPANIC OR LATINO,[Not Available],No,R-Upper,[Not Available],2011,[Not Available],[Not Available],[Not Available],7th,T1,N0,M0,Stage IA,[Not Applicable],[Not Applicable],[Not Applicable],[Not Applicable],YES,71,90,77,91,73,NO,NO,[Not Available],[Not Available],[Not Available],[Not Available],[Not Available],4,No,1963,1999,75,[Not Available],0,Preoperative,[Not Available],[Not Available],[Not Available],TUMOR FREE,[Not Available],62,[Not Applicable],0,[Not Available],[Not Available],[Not Available],[Not Available],[Not Applicable],[Not Available],[Not Available],[Not Available],[Not Available],C34.1,8140/3,C34.1,YES,[Not Available],[Not Available],[Not Available],[Not Available],[Not Available],44,0:LIVING,19.55,0:DiseaseFree,19.55,matched
TCGA-44-6147-01Z-00-DX1.a34a9f49-e86b-43ee-9e2d-7ef35da0aecf,TCGA-44-6147-01,TCGA-44-6147,11,19678.81,2697.47,0.0178,focal,/data1/deasy/Himangi/female_psg_negative_features/TCGA-44-6147/necrosis_feature_wsi_summary.csv,889aec8e-14ba-48d9-8fe1-f2416e82b333,TCGA-44-6147,2011-07-05 00:00:00,Lung Adenocarcinoma,YES,NO,Female,Lung,WHITE,NOT HISPANIC OR LATINO,[Not Available],Yes,R-Upper,[Not Available],2010,[Not Available],[Not Available],[Not Available],7th,T1b,NX,M0,Stage IA,[Not Applicable],[Not Applicable],[Not Applicable],[Not Applicable],YES,97,[Not Available],105,[Not Available],68,[Not Available],[Not Available],[Not Available],[Not Available],[Not Available],[Not Available],[Not Available],3,No,1976,1980,[Not Available],[Not Available],[Not Available],[Not Available],[Not Available],[Not Available],[Not Available],TUMOR FREE,[Not Available],67,[Not Applicable],0,[Not Available],[Not Available],FPPP,[Not Available],[Not Applicable],[Not Available],[Not Available],[Not Available],[Not Available],C34.1,8140/3,C34.1,YES,[Not Available],[Not Available],TCGA,[Not Available],[Not Available],44,0:LIVING,27.76,0:DiseaseFree,27.76,matched
TCGA-44-6774-01Z-00-DX1.f169485b-f863-4be0-9844-258d78170b64,TCGA-44-6774-01,TCGA-44-6774,8,39225.43,5738.01,0.0421,focal,/data1/deasy/Himangi/female_psg_negative_features/TCGA-44-6774/necrosis_feature_wsi_summary.csv,33c71ead-4c2a-476d-85ef-885dbbfc2cbd,TCGA-44-6774,2011-08-24 00:00:00,Lung Adenocarcinoma,YES,NO,Female,Lung,WHITE,NOT HISPANIC OR LATINO,[Not Available],No,L-Lower,[Not Available],2011,[Not Available],[Not Available],[Not Available],7th,T1,N2,M0,Stage IIIA,[Not Applicable],[Not Applicable],[Not Applicable],[Not Applicable],YES,96,[Not Available],84,[Not Available],101,[Not Available],[Not Available],[Not Available],[Not Available],[Not Available],[Not Available],[Not Available],2,No,1971,[Not Available],20,[Not Available],1,Other,[Not Available],[Not Available],[Not Available],[Not Available],[Not Available],56,[Not Applicable],0,[Not Available],[Not Available],[Not Available],[Not Available],[Not Applicable],[Not Available],[Not Available],[Not Available],[Not Available],C34.3,8140/3,C34.3,YES,[Not Available],[Not Available],[Not Available],[Not Available],[Not Available],44,0:LIVING,21.62,0:DiseaseFree,21.62,matched
TCGA-44-6775-01Z-00-DX1.38d3bc6d-8bb5-4126-8d61-d39e6a1d7bcf,TCGA-44-6775-01,TCGA-44-6775,20,24032.26,5295.96,0.0123,focal,/data1/deasy/Himangi/female_psg_negative_features/TCGA-44-6775/necrosis_feature_wsi_summary.csv,3c4ff061-d214-4d1c-8d2e-3034f207c252,TCGA-44-6775,2011-08-24 00:00:00,Lung Adenocarcinoma,YES,NO,Female,Lung,WHITE,HISPANIC OR LATINO,[Not Available],No,R-Upper,[Not Available],2011,[Not Available],[Not Available],RX,7th,T2a,N0,MX,Stage IB,[Not Applicable],[Not Applicable],[Not Applicable],[Not Applicable],YES,68,72,84,89,66,[Not Available],[Not Available],[Not Available],[Not Available],[Not Available],[Not Available],[Not Available],4,No,1955,2005,25,[Not Available],[Not Available],[Not Available],[Not Available],[Not Available],[Not Available],[Not Available],[Not Available],72,[Not Applicable],0,[Not Available],[Not Available],FPPP,[Not Available],[Not Applicable],[Not Available],[Not Available],[Not Available],[Not Available],C34.1,8140/3,C34.1,YES,[Not Available],[Not Available],TCGA,[Not Available],[Not Available],44,0:LIVING,23.16,1:Recurred/Progressed,22.47,matched
TCGA-44-6776-01Z-00-DX1.551e200f-5f40-4b95-8b2f-7c6000a21be0,TCGA-44-6776-01,TCGA-44-6776,5,48883.96,7613.28,0.0919,present,/data1/deasy/Himangi/female_psg_negative_features/TCGA-44-6776/necrosis_feature_wsi_summary.csv,c2a1de2e-6451-4c95-8ce6-263f2b7e6eff,TCGA-44-6776,2011-08-25 00:00:00,Lung Adenocarcinoma,NO,YES,Female,Lung,WHITE,[Not Available],[Not Available],Yes,R-Upper,[Not Available],2005,[Not Available],[Not Available],[Not Available],6th,T1,N0,MX,Stage IA,[Not Applicable],[Not Applicable],[Not Applicable],[Not Applicable],YES,74,82,95,85,80,[Not Available],[Not Available],[Not Available],[Not Available],[Not Available],[Not Available],[Not Available],4,No,1960,2005,45,[Not Available],[Not Available],[Not Available],[Not Available],[Not Available],[Not Available],TUMOR FREE,[Not Available],60,[Not Applicable],0,[Not Available],[Not Available],[Not Available],[Not Available],[Not Applicable],[Not Available],[Not Available],[Not Available],[Not Available],C34.1,8140/3,C34.1,YES,[Not Available],[Not Available],[Not Available],[Not Available],[Not Available],44,0:LIVING,85.94,0:DiseaseFree,85.94,matched
TCGA-44-6779-01Z-00-DX1.40f10ad8-55f3-4043-a89b-37d33a26dd8c,TCGA-44-6779-01,TCGA-44-6779,3,0.0,0.0,0.0,absent,/data1/deasy/Himangi/female_psg_negative_features/TCGA-44-6779/necrosis_feature_wsi_summary.csv,cbbea9f1-396a-4bf3-b67c-2cac3394dceb,TCGA-44-6779,2011-08-31 00:00:00,Lung Adenocarcinoma,NO,YES,Female,Lung,WHITE,[Not Available],[Not Available],No,[Discrepancy],[Not Available],2008,[Not Available],[Not Available],[Not Available],6th,T2,N1,MX,Stage IIB,[Not Applicable],[Not Applicable],[Not Applicable],[Not Applicable],YES,49,48,83,83,44,[Not Available],[Not Available],[Not Available],[Not Available],[Not Available],[Not Available],[Not Available],4,No,1978,2008,15,[Not Available],[Not Available],[Not Available],[Not Available],[Not Available],[Not Available],WITH TUMOR,[Not Available],50,[Not Available],0,[Not Available],[Not Available],[Not Available],[Not Available],[Not Applicable],[Not Available],[Not Available],[Not Available],[Not Available],C34.1,8140/3,C34.9,YES,[Not Available],[Not Available],[Not Available],[Not Available],[Not Available],44,1:DECEASED,16.43,1:Recurred/Progressed,7.62,matched
TCGA-44-7667-01Z-00-DX1.2be2e379-7368-4fa7-a619-ace84febecb3,TCGA-44-7667-01,TCGA-44-7667,23,319596.37,27485.5,0.1518,present,/data1/deasy/Himangi/female_psg_negative_features/TCGA-44-7667/necrosis_feature_wsi_summary.csv,7f6455e8-fa3d-4452-acb2-8c9995073072,TCGA-44-7667,2011-12-21 00:00:00,Lung Adenocarcinoma,YES,NO,Female,Lung,WHITE,NOT HISPANIC OR LATINO,[Not Available],No,R-Lower,[Not Available],2009,[Not Available],[Not Available],[Not Available],6th,T3,N0,MX,Stage IIB,[Not Applicable],[Not Applicable],[Not Applicable],[Not Applicable],YES,74,[Not Available],104,[Not Available],50,NO,[Not Available],[Not Available],[Not Available],[Not Available],[Not Available],[Not Available],2,No,1974,[Not Available],50,[Not Available],[Not Available],[Not Available],[Not Available],[Not Available],[Not Available],TUMOR FREE,[Not Available],49,[Not Applicable],0,[Not Available],[Not Available],[Not Available],[Not Available],[Not Applicable],[Not Available],[Not Available],[Not Available],[Not Available],C34.3,8140/3,C34.3,YES,[Not Available],[Not Available],[Not Available],[Not Available],[Not Available],44,0:LIVING,36.04,0:DiseaseFree,36.04,matched
TCGA-44-7672-01Z-00-DX1.71f4a0c6-a9cc-481c-ace8-c8c314952aa1,TCGA-44-7672-01,TCGA-44-7672,14,43646.16,5826.95,0.0361,focal,/data1/deasy/Himangi/female_psg_negative_features/TCGA-44-7672/necrosis_feature_wsi_summary.csv,4036c6fc-c82e-47bb-a384-6f299dc30b52,TCGA-44-7672,2012-01-10 00:00:00,Lung Adenocarcinoma,YES,NO,Female,Lung,WHITE,NOT HISPANIC OR LATINO,[Not Available],No,L-Upper,[Not Available],2010,[Not Available],[Not Available],[Not Available],7th,T1b,N0,M0,Stage IA,[Not Applicable],[Not Applicable],[Not Applicable],[Not Applicable],YES,105,[Not Available],90,[Not Available],82,[Not Available],[Not Available],[Not Available],[Not Available],[Not Available],[Not Available],[Not Available],2,No,1980,[Not Available],20,[Not Available],[Not Available],[Not Available],[Not Available],[Not Available],[Not Available],TUMOR FREE,[Not Available],52,[Not Applicable],0,[Not Available],[Not Available],[Not Available],[Not Available],[Not Applicable],[Not Available],[Not Available],[Not Available],[Not Available],C34.1,8140/3,C34.1,YES,[Not Available],[Not Available],[Not Available],[Not Available],[Not Available],44,0:LIVING,23.62,0:DiseaseFree,23.62,matched
TCGA-44-A47A-01Z-00-DX1.62448803-3A7B-41EC-9794-67916DA0792E,TCGA-44-A47A-01,TCGA-44-A47A,19,6523.6,1534.66,0.0029,focal,/data1/deasy/Himangi/female_psg_negative_features/TCGA-44-A47A/necrosis_feature_wsi_summary.csv,7B9479FF-23D6-4689-91F0-02EFC94300F9,TCGA-44-A47A,2012-11-27 00:00:00,Lung Adenocarcinoma,YES,NO,Female,Lung,WHITE,NOT HISPANIC OR LATINO,[Not Available],No,R-Upper,[Not Available],2012,[Not Available],[Not Available],R0,7th,T2a,N0,MX,Stage IB,[Not Applicable],[Not Applicable],[Not Applicable],[Not Applicable],NO,[Not Available],[Not Available],[Not Available],[Not Available],[Not Available],NO,[Not Available],[Not Available],NO,[Not Available],NO,[Not Available],4,No,1970,2010,80,[Not Available],1,Preoperative,NO,[Not Available],Complete Remission/Response,TUMOR FREE,NO,78,[Not Applicable],0,[Not Available],[Not Available],[Not Available],[Not Available],[Not Applicable],[Not Available],[Not Available],[Not Available],[Not Available],C34.1,8140/3,C34.1,YES,[Not Available],[Not Available],[Not Available],[Not Available],NO,44,0:LIVING,15.31,1:Recurred/Progressed,13.14,matched
TCGA-44-A47G-01Z-00-DX1.810F67EC-3A0C-4056-B736-3331A11412CC,TCGA-44-A47G-01,TCGA-44-A47G,7,17546.57,4228.17,0.0194,focal,/data1/deasy/Himangi/female_psg_negative_features/TCGA-44-A47G/necrosis_feature_wsi_summary.csv,DA345947-498B-4272-A231-A987ED4FE151,TCGA-44-A47G,2012-11-27 00:00:00,Lung Adenocarcinoma,YES,NO,Female,Lung,WHITE,NOT HISPANIC OR LATINO,[Not Available],No,R-Upper,[Not Available],2012,[Not Available],[Not Available],R0,7th,T1,N0,M0,Stage IA,[Not Applicable],[Not Applicable],[Not Applicable],[Not Applicable],YES,100,[Not Available],113,[Not Available],85,NO,[Not Available],[Not Available],NO,[Not Available],NO,[Not Available],4,No,1956,2012,28,[Not Available],0,Preoperative,NO,[Not Available],Complete Remission/Response,TUMOR FREE,NO,73,[Not Applicable],0,[Not Available],[Not Available],[Not Available],[Not Available],[Not Applicable],[Not Available],[Not Available],[Not Available],[Not Available],C34.1,8140/3,C34.1,YES,[Not Available],[Not Available],[Not Available],[Not Available],NO,44,0:LIVING,11.53,0:DiseaseFree,11.53,matched
TCGA-44-A4SU-01Z-00-DX1.AE2607C1-B208-4557-ADB4-6AAF03C6D3A9,TCGA-44-A4SU-01,TCGA-44-A4SU,4,7976.59,1311.74,0.0242,focal,/data1/deasy/Himangi/female_psg_negative_features/TCGA-44-A4SU/necrosis_feature_wsi_summary.csv,BF34664D-423D-4257-99D4-797F7D366455,TCGA-44-A4SU,2013-01-29 00:00:00,Lung Adenocarcinoma,YES,NO,Female,Lung,WHITE,NOT HISPANIC OR LATINO,[Not Available],No,R-Lower,[Not Available],2012,[Not Available],[Not Available],R0,7th,T1a,N0,MX,Stage IA,[Not Applicable],[Not Applicable],[Not Applicable],[Not Applicable],YES,88,95,100,100,74,[Not Available],[Not Available],[Not Available],[Not Available],[Not Available],[Not Available],[Not Available],4,No,1961,2011,50,[Not Available],1,Preoperative,NO,[Not Available],Complete Remission/Response,TUMOR FREE,NO,67,[Not Applicable],0,[Not Available],[Not Available],[Not Available],[Not Available],[Not Applicable],[Not Available],[Not Available],[Not Available],[Not Available],C34.3,8140/3,C34.3,YES,[Not Available],[Not Available],[Not Available],[Not Available],NO,44,1:DECEASED,13.44,1:Recurred/Progressed,8.54,matched
TCGA-49-4487-01Z-00-DX1.3a3a0720-463c-430e-849b-e2f8991bdfa5,TCGA-49-4487-01,TCGA-49-4487,37,77813.14,10845.25,0.0223,focal,/data1/deasy/Himangi/female_psg_negative_features/TCGA-49-4487/necrosis_feature_wsi_summary.csv,bd4e9a9f-17f3-4d33-92fc-fcc45dd0e7b4,TCGA-49-4487,2011-08-09 00:00:00,Lung Adenocarcinoma,NO,YES,Female,Lung,WHITE,NOT HISPANIC OR LATINO,[Not Available],No,L-Upper,[Not Available],1992,[Not Available],[Not Available],R0,3rd,T1,N0,M0,Stage IA,[Not Applicable],[Not Applicable],[Not Applicable],[Not Applicable],[Not Available],[Not Available],[Not Available],[Not Available],[Not Available],[Not Available],[Not Available],[Not Available],[Not Available],[Not Available],[Not Available],[Not Available],[Not Available],4,No,[Not Available],[Not Available],40,[Not Available],[Not Available],[Not Available],[Not Available],[Not Available],[Not Available],WITH TUMOR,[Not Available],72,[Not Applicable],0,[Not Available],[Not Available],[Not Available],[Not Available],[Not Applicable],[Not Available],[Not Available],[Not Available],[Not Available],C34.1,8140/3,C34.1,YES,[Not Available],[Not Available],[Not Available],[Not Available],[Not Available],49,1:DECEASED,28.09,1:Recurred/Progressed,22.9,matched
TCGA-49-4488-01Z-00-DX6.3ce306b2-1b00-48f7-8288-c24069037a9c,TCGA-49-4488-01,TCGA-49-4488,4,0.0,0.0,0.0,absent,/data1/deasy/Himangi/female_psg_negative_features/TCGA-49-4488/necrosis_feature_wsi_summary.csv,d721bfe0-90e3-415e-b9f3-1a270efa5fbb,TCGA-49-4488,2011-08-09 00:00:00,Lung Adenocarcinoma,NO,YES,Female,Lung,WHITE,NOT HISPANIC OR LATINO,[Not Available],No,L-Lower,[Not Available],1992,[Not Available],[Not Available],R0,3rd,T1,N0,MX,Stage IA,[Not Applicable],[Not Applicable],[Not Applicable],[Not Applicable],[Not Available],[Not Available],[Not Available],[Not Available],[Not Available],[Not Available],[Not Available],[Not Available],[Not Available],[Not Available],[Not Available],[Not Available],[Not Available],3,No,[Not Available],1964,[Not Available],[Not Available],[Not Available],[Not Available],[Not Available],[Not Available],[Not Available],[Not Available],[Not Available],74,[Not Applicable],0,[Not Available],[Not Available],[Not Available],[Not Available],[Not Applicable],[Not Available],[Not Available],[Not Available],[Not Available],C34.3,8140/3,C34.3,YES,[Not Available],[Not Available],[Not Available],[Not Available],[Not Available],49,1:DECEASED,28.55,1:Recurred/Progressed,20.83,matched
TCGA-49-4501-01Z-00-DX1.9c4bf212-5e32-449e-8710-cf7a3594156e,TCGA-49-4501-01,TCGA-49-4501,37,50145.05,14485.68,0.0096,focal,/data1/deasy/Himangi/female_psg_negative_features/TCGA-49-4501/necrosis_feature_wsi_summary.csv,0780eb43-d5b5-4c3d-9825-beacba5cc723,TCGA-49-4501,2011-02-02 00:00:00,Lung Adenocarcinoma,NO,YES,Female,Lung,WHITE,NOT HISPANIC OR LATINO,[Not Available],Yes,R-Upper,[Not Available],1996,[Not Available],[Not Available],R0,[Not Available],T2,N0,M0,Stage IB,[Not Applicable],[Not Applicable],[Not Applicable],[Not Applicable],[Not Available],[Not Available],[Not Available],[Not Available],[Not Available],[Not Available],[Not Available],[Not Available],[Not Available],[Not Available],[Not Available],[Not Available],[Not Available],1,No,[Not Available],[Not Available],[Not Available],[Not Available],1,Preoperative,[Not Available],[Not Available],[Not Available],WITH TUMOR,[Not Available],67,[Not Applicable],0,[Not Available],[Not Available],[Not Available],[Not Available],[Not Applicable],[Not Available],[Not Available],[Not Available],[Not Available],C34.1,8140/3,C34.1,YES,[Not Available],[Not Available],[Not Available],[Not Available],[Not Available],49,1:DECEASED,46.68,1:Recurred/Progressed,17.9,matched
TCGA-49-4510-01Z-00-DX2.e0552b15-6bd7-4660-8a60-9edd0d638e7e,TCGA-49-4510-01,TCGA-49-4510,19,61629.6,15211.49,0.0304,focal,/data1/deasy/Himangi/female_psg_negative_features/TCGA-49-4510/necrosis_feature_wsi_summary.csv,f77b6930-a1ce-446e-a15d-c018cbbecfee,TCGA-49-4510,2011-02-03 00:00:00,Lung Adenocarcinoma,NO,YES,Female,Lung,BLACK OR AFRICAN AMERICAN,NOT HISPANIC OR LATINO,[Not Available],No,L-Upper,[Not Available],2001,[Not Available],[Not Available],R0,5th,T2,N1,M0,Stage IIB,[Not Applicable],[Not Applicable],[Not Applicable],[Not Applicable],NO,[Not Available],[Not Available],[Not Available],[Not Available],[Not Available],[Not Available],[Not Available],[Not Available],[Not Available],[Not Available],[Not Available],[Not Available],2,No,[Not Available],[Not Available],55.5,[Not Available],1,Pre-Adjuvant Therapy,[Not Available],[Not Available],[Not Available],WITH TUMOR,[Not Available],51,[Not Applicable],0,[Not Available],[Not Available],[Not Available],[Not Available],[Not Applicable],[Not Available],[Not Available],[Not Available],[Not Available],C34.1,8140/3,C34.1,YES,[Not Available],[Not Available],[Not Available],[Not Available],[Not Available],49,1:DECEASED,29.43,1:Recurred/Progressed,16.49,matched
TCGA-49-4512-01Z-00-DX4.5161fcf5-62a3-4f7d-8a55-9a24a7d70efb,TCGA-49-4512-01,TCGA-49-4512,34,24378.33,6832.62,0.0069,focal,/data1/deasy/Himangi/female_psg_negative_features/TCGA-49-4512/necrosis_feature_wsi_summary.csv,a1e65587-24c1-4b41-92a7-4e1f15fffd78,TCGA-49-4512,2011-08-09 00:00:00,Lung Adenocarcinoma,NO,YES,Female,Lung,WHITE,NOT HISPANIC OR LATINO,[Not Available],No,R-Middle,[Not Available],2007,[Not Available],[Not Available],R1,6th,T2,N2,MX,Stage IIIA,[Not Applicable],[Not Applicable],[Not Applicable],[Not Applicable],[Not Available],[Not Available],[Not Available],[Not Available],[Not Available],[Not Available],[Not Available],[Not Available],[Not Available],[Not Available],[Not Available],[Not Available],[Not Available],1,No,[Not Available],[Not Available],[Not Available],[Not Available],[Not Available],[Not Available],[Not Available],[Not Available],[Not Available],WITH TUMOR,[Not Available],69,[Not Applicable],0,[Not Available],[Not Available],[Not Available],[Not Available],[Not Applicable],[Not Available],[Not Available],[Not Available],[Not Available],C34.2,8140/3,C34.2,YES,[Not Available],[Not Available],[Not Available],[Not Available],[Not Available],49,1:DECEASED,29.73,[Not Available],[Not Available],matched
TCGA-49-4514-01Z-00-DX2.f1565a36-257d-432e-a84d-47c1d7a0185f,TCGA-49-4514-01,TCGA-49-4514,60,24180.23,5381.23,0.0043,focal,/data1/deasy/Himangi/female_psg_negative_features/TCGA-49-4514/necrosis_feature_wsi_summary.csv,b87a5d92-4c09-48fe-bb08-b3c89a7c892e,TCGA-49-4514,2011-08-09 00:00:00,Lung Adenocarcinoma,NO,YES,Female,Lung,WHITE,[Not Available],[Not Available],No,L-Upper,[Not Available],2007,[Not Available],[Not Available],R0,6th,T1,N0,M0,Stage IA,[Not Applicable],[Not Applicable],[Not Applicable],[Not Applicable],[Not Available],[Not Available],[Not Available],[Not Available],[Not Available],[Not Available],[Not Available],[Not Available],[Not Available],[Not Available],[Not Available],[Not Available],[Not Available],3,No,[Not Available],[Not Available],65,[Not Available],[Not Available],[Not Available],[Not Available],[Not Available],[Not Available],TUMOR FREE,[Not Available],79,[Not Applicable],0,[Not Available],[Not Available],[Not Available],[Not Available],[Not Applicable],[Not Available],[Not Available],[Not Available],[Not Available],C34.1,8260/3,C34.1,YES,[Not Available],[Not Available],[Not Available],[Not Available],[Not Available],49,0:LIVING,55.85,0:DiseaseFree,55.85,matched
TCGA-49-6744-01Z-00-DX3.fa64d744-6caa-4f62-8689-33da9c312838,TCGA-49-6744-01,TCGA-49-6744,30,45770.08,8303.34,0.021,focal,/data1/deasy/Himangi/female_psg_negative_features/TCGA-49-6744/necrosis_feature_wsi_summary.csv,15340dd3-84ae-49fb-989a-eb212f3e73da,TCGA-49-6744,2011-08-10 00:00:00,Lung Adenocarcinoma,NO,YES,Female,Lung,WHITE,[Not Available],[Not Available],No,L-Upper,[Not Available],2010,[Not Available],[Not Available],R0,7th,T2a,N1,MX,Stage IIA,[Not Applicable],[Not Applicable],[Not Applicable],[Not Applicable],[Not Available],[Not Available],[Not Available],[Not Available],[Not Available],[Not Available],YES,YES,[Not Available],[Not Available],[Not Available],[Not Available],[Not Available],4,No,[Not Available],[Not Available],20,[Not Available],[Not Available],[Not Available],[Not Available],[Not Available],[Not Available],TUMOR FREE,[Not Available],64,[Not Applicable],0,[Not Available],[Not Available],[Not Available],[Not Available],[Not Applicable],[Not Available],[Not Available],[Not Available],[Not Available],C34.1,8255/3,C34.1,YES,[Not Available],[Not Available],[Not Available],[Not Available],[Not Available],49,0:LIVING,55.29,0:DiseaseFree,55.29,matched
TCGA-49-AARN-01Z-00-DX1.E13AA041-978E-427D-AFA5-D3180224A03A,TCGA-49-AARN-01,TCGA-49-AARN,20,4720.54,1699.09,0.0019,focal,/data1/deasy/Himangi/female_psg_negative_features/TCGA-49-AARN/necrosis_feature_wsi_summary.csv,98EF41FA-3015-445A-BBDC-984361C911F7,TCGA-49-AARN,2014-06-19 00:00:00,Lung Adenocarcinoma,NO,YES,Female,Lung,BLACK OR AFRICAN AMERICAN,NOT HISPANIC OR LATINO,[Not Available],"Yes, History of Synchronous/Bilateral Malignancy",R-Lower,[Not Available],2000,[Not Available],[Not Available],R0,5th,T1,N0,MX,Stage IA,[Not Applicable],[Not Applicable],[Not Applicable],[Not Applicable],YES,94.4,101.1,80.2,85.9,110.6,[Not Available],[Not Available],[Not Available],[Not Available],[Not Available],[Not Available],[Not Available],5,No,[Not Available],[Not Available],[Not Available],90,1,Preoperative,NO,[Not Available],Complete Remission/Response,[Not Available],[Not Available],56,[Not Applicable],0,[Not Available],[Not Available],[Not Available],[Not Available],[Not Applicable],[Not Available],[Not Available],[Not Available],[Not Available],C34.3,8140/3,C34.3,YES,[Not Available],[Not Available],[Not Available],[Not Available],NO,49,1:DECEASED,37.29,[Not Available],[Not Available],matched
TCGA-49-AARQ-01Z-00-DX1.3FA36419-1658-4602-9170-84A622787C3E,TCGA-49-AARQ-01,TCGA-49-AARQ,5,157674.97,6065.35,0.2849,present,/data1/deasy/Himangi/female_psg_negative_features/TCGA-49-AARQ/necrosis_feature_wsi_summary.csv,9A2A226E-9605-4214-9320-469305E664E6,TCGA-49-AARQ,2014-06-19 00:00:00,Lung Adenocarcinoma,NO,YES,Female,Lung,BLACK OR AFRICAN AMERICAN,NOT HISPANIC OR LATINO,[Not Available],No,R-Upper,[Not Available],1996,[Not Available],[Not Available],R0,4th,T2,N0,MX,Stage I,[Not Applicable],[Not Applicable],[Not Applicable],[Not Applicable],YES,82.2,56.1,83.2,56.8,99.9,[Not Available],[Not Available],[Not Available],[Not Available],[Not Available],[Not Available],[Not Available],4,No,[Not Available],2007,60,90,1,Preoperative,NO,[Not Available],Complete Remission/Response,TUMOR FREE,NO,41,[Not Applicable],0,[Not Available],[Not Available],[Not Available],[Not Available],[Not Applicable],[Not Available],[Not Available],[Not Available],[Not Available],C34.1,8140/3,C34.1,YES,[Not Available],[Not Available],[Not Available],[Not Available],NO,49,0:LIVING,221.16,0:DiseaseFree,221.16,matched
TCGA-4B-A93V-01Z-00-DX1.C263DC1C-298D-47ED-AAF8-128043828530,TCGA-4B-A93V-01,TCGA-4B-A93V,30,104100.3,16420.11,0.0252,focal,/data1/deasy/Himangi/female_psg_negative_features/TCGA-4B-A93V/necrosis_feature_wsi_summary.csv,F1F80DD2-891D-46DD-A3E0-F007628CB515,TCGA-4B-A93V,2014-11-11 00:00:00,Lung Adenocarcinoma,YES,NO,Female,Lung,BLACK OR AFRICAN AMERICAN,NOT HISPANIC OR LATINO,[Not Available],No,R-Lower,Peripheral Lung,2013,[Not Available],[Not Available],R0,7th,T1b,N0,M0,Stage IA,[Not Applicable],[Not Applicable],[Not Applicable],[Not Applicable],NO,[Not Available],[Not Available],[Not Available],[Not Available],[Not Available],[Not Available],[Not Available],[Not Available],[Not Available],[Not Available],[Not Available],[Not Available],4,No,1984,2013,30,100,0,Preoperative,YES,[Not Available],Progressive Disease,WITH TUMOR,YES,52,[Not Applicable],0,[Not Available],[Not Available],[Not Available],[Not Available],[Not Applicable],[Not Available],[Not Available],[Not Available],[Not Available],C34.3,8140/3,C34.3,YES,[Not Available],[Not Available],[Not Available],[Not Available],NO,4B,1:DECEASED,9.86,1:Recurred/Progressed,8.25,matched
TCGA-50-5044-01Z-00-DX1.7E0E651F-411B-4784-B0FA-6EB612527430,TCGA-50-5044-01,TCGA-50-5044,16,18856.15,5519.25,0.0107,focal,/data1/deasy/Himangi/female_psg_negative_features/TCGA-50-5044/necrosis_feature_wsi_summary.csv,fa0c7392-d485-41ac-bf7e-244a528209ae,TCGA-50-5044,2011-08-25 00:00:00,Lung Adenocarcinoma,NO,YES,Female,Lung,WHITE,NOT HISPANIC OR LATINO,[Not Available],No,R-Lower,[Not Available],2002,[Not Available],[Not Available],[Not Available],5th,T4,N1,M0,Stage IIIB,[Not Applicable],[Not Applicable],[Not Applicable],[Not Applicable],[Not Available],[Not Available],[Not Available],[Not Available],[Not Available],[Not Available],[Not Available],[Not Available],[Not Available],[Not Available],[Not Available],[Not Available],[Not Available],[Not Available],No,[Not Available],[Not Available],[Not Available],[Not Available],[Not Available],[Not Available],[Not Available],[Not Available],[Not Available],WITH TUMOR,[Not Available],72,[Not Applicable],0,[Not Available],[Not Available],[Not Available],[Not Available],[Not Applicable],[Not Available],[Not Available],[Not Available],[Not Available],C34.3,8140/3,C34.3,YES,[Not Available],[Not Available],[Not Available],[Not Available],[Not Available],50,1:DECEASED,20.5,1:Recurred/Progressed,15.87,matched
TCGA-50-5045-01Z-00-DX2.0FCA12EA-572E-4A7D-900D-6E200892170E,TCGA-50-5045-01,TCGA-50-5045,36,31307.09,5177.67,0.0077,focal,/data1/deasy/Himangi/female_psg_negative_features/TCGA-50-5045/necrosis_feature_wsi_summary.csv,9ee20c0d-a1c3-47f3-abda-131b3f190f52,TCGA-50-5045,2011-06-30 00:00:00,Lung Adenocarcinoma,NO,YES,Female,Lung,BLACK OR AFRICAN AMERICAN,NOT HISPANIC OR LATINO,[Not Available],No,R-Lower,[Not Available],2004,[Not Available],[Not Available],[Not Available],6th,T2,N1,M0,[Discrepancy],[Not Applicable],[Not Applicable],[Not Applicable],[Not Applicable],[Not Available],[Not Available],[Not Available],[Not Available],[Not Available],[Not Available],[Not Available],[Not Available],[Not Available],[Not Available],[Not Available],[Not Available],[Not Available],[Not Available],No,[Not Available],[Not Available],[Not Available],[Not Available],[Not Available],[Not Available],[Not Available],[Not Available],[Not Available],WITH TUMOR,[Not Available],57,[Not Applicable],0,[Not Available],[Not Available],[Not Available],[Not Available],[Not Applicable],[Not Available],[Not Available],[Not Available],[Not Available],C34.3,8140/3,C34.3,YES,[Not Available],[Not Available],[Not Available],[Not Available],[Not Available],50,1:DECEASED,71.42,1:Recurred/Progressed,47.08,matched
TCGA-50-5055-01Z-00-DX2.446EC3BB-2ED7-4253-8A39-AC68331F08E7,TCGA-50-5055-01,TCGA-50-5055,126,212268.3,53264.18,0.0148,focal,/data1/deasy/Himangi/female_psg_negative_features/TCGA-50-5055/necrosis_feature_wsi_summary.csv,cc3d9750-7ce0-489f-86d4-8017b7ebed29,TCGA-50-5055,2011-07-02 00:00:00,Lung Adenocarcinoma,NO,YES,Female,Lung,WHITE,NOT HISPANIC OR LATINO,[Not Available],No,L-Lower,[Not Available],2008,[Not Available],[Not Available],R0,6th,T1,N1,M0,Stage IIA,[Not Applicable],[Not Applicable],[Not Applicable],[Not Applicable],[Not Available],[Not Available],[Not Available],[Not Available],[Not Available],[Not Available],YES,NO,[Not Available],YES,[Not Available],[Not Available],[Not Available],[Not Available],No,[Not Available],[Not Available],[Not Available],[Not Available],[Not Available],[Not Available],[Not Available],[Not Available],[Not Available],WITH TUMOR,[Not Available],79,[Not Applicable],0,[Not Available],[Not Available],[Not Available],[Not Available],[Not Applicable],[Not Available],[Not Available],[Not Available],[Not Available],C34.3,8255/3,C34.3,YES,[Not Available],[Not Available],[Not Available],[Not Available],[Not Available],50,1:DECEASED,60.12,1:Recurred/Progressed,25.33,matched
TCGA-50-5068-01Z-00-DX1.13f1c31e-4d4c-4562-8447-c5bbfbf670a9,TCGA-50-5068-01,TCGA-50-5068,53,131950.67,26082.59,0.0193,focal,/data1/deasy/Himangi/female_psg_negative_features/TCGA-50-5068/necrosis_feature_wsi_summary.csv,591c068f-bbb1-4df2-9abb-d1a2e4a58372,TCGA-50-5068,2011-07-02 00:00:00,Lung Adenocarcinoma,NO,YES,Female,Lung,WHITE,NOT HISPANIC OR LATINO,[Not Available],No,R-Lower,[Not Available],2003,[Not Available],[Not Available],[Not Available],6th,T2,N1,MX,Stage IIB,[Not Applicable],[Not Applicable],[Not Applicable],[Not Applicable],[Not Available],[Not Available],[Not Available],[Not Available],[Not Available],[Not Available],[Not Available],[Not Available],[Not Available],[Not Available],[Not Available],[Not Available],[Not Available],[Not Available],No,[Not Available],[Not Available],[Not Available],[Not Available],[Not Available],[Not Available],[Not Available],[Not Available],[Not Available],WITH TUMOR,[Not Available],59,[Not Applicable],0,[Not Available],[Not Available],[Not Available],[Not Available],[Not Applicable],[Not Available],[Not Available],[Not Available],[Not Available],C34.3,8140/3,C34.3,YES,[Not Available],[Not Available],[Not Available],[Not Available],[Not Available],50,1:DECEASED,49.24,1:Recurred/Progressed,22.54,matched
TCGA-50-5942-01Z-00-DX1.da1b1274-8740-4c79-adf9-25800913eafa,TCGA-50-5942-01,TCGA-50-5942,6,8462.85,1877.36,0.0185,focal,/data1/deasy/Himangi/female_psg_negative_features/TCGA-50-5942/necrosis_feature_wsi_summary.csv,75dd635e-8e0c-4c0b-b21c-20f77770218d,TCGA-50-5942,2011-08-26 00:00:00,Lung Adenocarcinoma,NO,YES,Female,Lung,WHITE,NOT HISPANIC OR LATINO,[Not Available],No,R-Upper,[Not Available],2009,[Not Available],[Not Available],R0,7th,T1,N0,M0,Stage IA,[Not Applicable],[Not Applicable],[Not Applicable],[Not Applicable],NO,[Not Available],[Not Available],[Not Available],[Not Available],[Not Available],[Not Available],[Not Available],[Not Available],[Not Available],[Not Available],[Not Available],[Not Available],4,No,[Not Available],2009,30,[Not Available],[Not Available],[Not Available],[Not Available],[Not Available],[Not Available],[Not Available],[Not Available],67,[Not Applicable],0,[Not Available],[Not Available],[Not Available],[Not Available],[Not Applicable],[Not Available],[Not Available],[Not Available],[Not Available],C34.1,8140/3,C34.1,YES,[Not Available],[Not Available],[Not Available],[Not Available],[Not Available],50,0:LIVING,60.68,1:Recurred/Progressed,45.27,matched
TCGA-50-6591-01Z-00-DX1.12e1050b-75e9-4059-b945-291995b3e93c,TCGA-50-6591-01,TCGA-50-6591,2,0.0,0.0,0.0,absent,/data1/deasy/Himangi/female_psg_negative_features/TCGA-50-6591/necrosis_feature_wsi_summary.csv,9b132e4f-7e35-4cc5-8711-43ad62b906d0,TCGA-50-6591,2011-08-25 00:00:00,Lung Adenocarcinoma,NO,YES,Female,Lung,WHITE,NOT HISPANIC OR LATINO,[Not Available],No,L-Lower,[Not Available],2007,[Not Available],[Not Available],[Not Available],6th,T2,N0,M1,Stage IV,[Not Applicable],[Not Applicable],[Not Applicable],[Not Applicable],[Not Available],[Not Available],[Not Available],[Not Available],[Not Available],[Not Available],[Not Available],[Not Available],[Not Available],[Not Available],[Not Available],[Not Available],[Not Available],1,No,[Not Available],[Not Available],[Not Available],[Not Available],[Not Available],[Not Available],[Not Available],[Not Available],[Not Available],WITH TUMOR,[Not Available],63,[Not Applicable],0,[Not Available],[Not Available],[Not Available],[Not Available],[Not Applicable],[Not Available],[Not Available],[Not Available],[Not Available],C34.3,8140/3,C34.3,YES,[Not Available],[Not Available],[Not Available],[Not Available],[Not Available],50,1:DECEASED,3.91,[Not Available],[Not Available],matched
TCGA-50-6593-01Z-00-DX1.a63e298c-cbe7-44e8-8d8e-34ebb93530ca,TCGA-50-6593-01,TCGA-50-6593,13,10659.45,3458.25,0.0063,focal,/data1/deasy/Himangi/female_psg_negative_features/TCGA-50-6593/necrosis_feature_wsi_summary.csv,e10568fe-0436-43f2-9f0f-48f9903868c4,TCGA-50-6593,2011-08-25 00:00:00,Lung Adenocarcinoma,NO,YES,Female,Lung,WHITE,NOT HISPANIC OR LATINO,[Not Available],No,R-Upper,[Not Available],2008,[Not Available],[Not Available],R0,6th,T1,N2,M0,Stage IIIA,[Not Applicable],[Not Applicable],[Not Applicable],[Not Applicable],NO,[Not Available],[Not Available],[Not Available],[Not Available],[Not Available],YES,NO,[Not Available],YES,[Not Available],YES,[Not Available],4,No,[Not Available],[Not Available],[Not Available],[Not Available],[Not Available],[Not Available],[Not Available],[Not Available],[Not Available],WITH TUMOR,[Not Available],49,[Not Applicable],0,[Not Available],[Not Available],[Not Available],[Not Available],[Not Applicable],[Not Available],[Not Available],[Not Available],[Not Available],C34.1,8255/3,C34.1,YES,[Not Available],[Not Available],[Not Available],[Not Available],[Not Available],50,1:DECEASED,11.04,1:Recurred/Progressed,8.74,matched
TCGA-50-8457-01Z-00-DX1.F4B6ECCE-F22B-43FC-9A08-4366A24A67A4,TCGA-50-8457-01,TCGA-50-8457,20,44188.6,10072.0,0.0186,focal,/data1/deasy/Himangi/female_psg_negative_features/TCGA-50-8457/necrosis_feature_wsi_summary.csv,d45aee46-838e-44af-8422-46710b3240a8,TCGA-50-8457,2012-10-16 00:00:00,Lung Adenocarcinoma,YES,NO,Female,Lung,BLACK OR AFRICAN AMERICAN,NOT HISPANIC OR LATINO,[Not Available],No,R-Upper,[Not Available],2011,[Not Available],[Not Available],[Not Available],7th,T1a,N0,M0,Stage IA,[Not Applicable],[Not Applicable],[Not Applicable],[Not Applicable],NO,[Not Available],[Not Available],[Not Available],[Not Available],[Not Available],YES,YES,G12A,YES,[Not Available],YES,FISH,4,No,[Not Available],1997,30,[Not Available],[Not Available],[Not Available],NO,[Not Available],Complete Remission/Response,TUMOR FREE,NO,63,[Not Applicable],0,[Not Available],[Not Available],[Not Available],[Not Available],[Not Applicable],[Not Available],[Not Available],[Not Available],[Not Available],C34.1,8255/3,C34.1,YES,[Not Available],[Not Available],[Not Available],[Not Available],NO,50,0:LIVING,36.96,0:DiseaseFree,36.96,matched
TCGA-55-1595-01Z-00-DX1.6270c9cf-cd18-4fa5-b313-33350ad55f89,TCGA-55-1595-01,TCGA-55-1595,25,9293.25,3673.78,0.003,focal,/data1/deasy/Himangi/female_psg_negative_features/TCGA-55-1595/necrosis_feature_wsi_summary.csv,d31aeefc-b59b-42e9-9919-750b17a70a3d,TCGA-55-1595,2011-03-14 00:00:00,Lung Adenocarcinoma,[Not Available],[Not Available],Female,Lung,ASIAN,NOT HISPANIC OR LATINO,[Not Available],Yes,L-Lower,[Not Available],2004,[Not Available],[Not Available],[Not Available],6th,T1,N0,M0,Stage IA,[Not Applicable],[Not Applicable],[Not Applicable],[Not Applicable],[Not Available],[Not Available],[Not Available],[Not Available],[Not Available],[Not Available],[Not Available],[Not Available],[Not Available],[Not Available],[Not Available],[Not Available],[Not Available],4,No,1964,1993,[Not Available],[Not Available],[Not Available],[Not Available],[Not Available],[Not Available],[Not Available],TUMOR FREE,[Not Available],74,[Not Applicable],0,[Not Available],[Not Available],[Not Available],[Not Available],[Not Applicable],[Not Available],[Not Available],[Not Available],[Not Available],C34.3,8310/3,C34.3,YES,[Not Available],[Not Available],[Not Available],[Not Available],[Not Available],55,0:LIVING,48.59,0:DiseaseFree,48.59,matched
TCGA-55-6543-01Z-00-DX1.08806fe0-84d3-4fd6-8746-6cf557241958,TCGA-55-6543-01,TCGA-55-6543,23,127817.75,20451.48,0.0368,focal,/data1/deasy/Himangi/female_psg_negative_features/TCGA-55-6543/necrosis_feature_wsi_summary.csv,e68219b0-a9c2-49df-8f0d-db5ea97fd2dc,TCGA-55-6543,2010-12-03 00:00:00,Lung Adenocarcinoma,NO,YES,Female,Lung,WHITE,[Not Available],[Not Available],No,R-Upper,Peripheral Lung,2010,[Not Available],[Not Available],[Not Available],7th,T1b,N0,MX,Stage IA,[Not Applicable],[Not Applicable],[Not Applicable],[Not Applicable],[Not Available],[Not Available],[Not Available],[Not Available],[Not Available],[Not Available],[Not Available],[Not Available],[Not Available],[Not Available],[Not Available],[Not Available],[Not Available],4,No,[Not Available],2004,60,[Not Available],[Not Available],[Not Available],[Not Available],[Not Available],[Not Available],TUMOR FREE,[Not Available],60,[Not Applicable],0,[Not Available],[Not Available],[Not Available],[Not Available],[Not Applicable],[Not Available],[Not Available],[Not Available],[Not Available],C34.1,8253/3,C34.1,YES,[Not Available],[Not Available],[Not Available],[Not Available],[Not Available],55,0:LIVING,14.29,0:DiseaseFree,14.29,matched
TCGA-55-6981-01Z-00-DX1.5fecd134-42a0-40a2-be75-1e8bd14c5b30,TCGA-55-6981-01,TCGA-55-6981,22,4773.53,1032.08,0.0015,focal,/data1/deasy/Himangi/female_psg_negative_features/TCGA-55-6981/necrosis_feature_wsi_summary.csv,0a45f302-5748-48f3-9dc9-66c01843a68e,TCGA-55-6981,2011-07-27 00:00:00,Lung Adenocarcinoma,NO,YES,Female,Lung,WHITE,NOT HISPANIC OR LATINO,[Not Available],No,L-Upper,[Not Available],2005,[Not Available],[Not Available],R0,6th,T1,N2,M0,Stage IIIA,[Not Applicable],[Not Applicable],[Not Applicable],[Not Applicable],[Not Available],[Not Available],[Not Available],[Not Available],[Not Available],[Not Available],NO,[Not Available],[Not Available],NO,[Not Available],NO,[Not Available],3,No,[Not Available],[Not Available],[Not Available],[Not Available],[Not Available],[Not Available],[Not Available],[Not Available],[Not Available],TUMOR FREE,[Not Available],53,[Not Applicable],0,[Not Available],[Not Available],[Not Available],[Not Available],[Not Applicable],[Not Available],[Not Available],[Not Available],[Not Available],C34.1,8140/3,C34.1,YES,[Not Available],[Not Available],[Not Available],[Not Available],[Not Available],55,1:DECEASED,45.3,[Not Available],[Not Available],matched
TCGA-55-6982-01Z-00-DX1.055aeec1-2fc1-4796-b5df-c159335e0300,TCGA-55-6982-01,TCGA-55-6982,13,7937.72,1397.78,0.0041,focal,/data1/deasy/Himangi/female_psg_negative_features/TCGA-55-6982/necrosis_feature_wsi_summary.csv,35cb7841-9b09-465a-90c5-e3b8a9faad49,TCGA-55-6982,2011-07-26 00:00:00,Lung Adenocarcinoma,NO,YES,Female,Lung,WHITE,[Not Available],[Not Available],No,R-Lower,[Not Available],2004,[Not Available],[Not Available],[Not Available],6th,T2,N1,M0,Stage IIB,[Not Applicable],[Not Applicable],[Not Applicable],[Not Applicable],[Not Available],[Not Available],[Not Available],[Not Available],[Not Available],[Not Available],NO,[Not Available],[Not Available],NO,[Not Available],NO,[Not Available],1,No,[Not Available],[Not Available],[Not Available],[Not Available],[Not Available],[Not Available],[Not Available],[Not Available],[Not Available],WITH TUMOR,[Not Available],79,[Not Applicable],0,[Not Available],[Not Available],[Not Available],[Not Available],[Not Applicable],[Not Available],[Not Available],[Not Available],[Not Available],C34.3,8140/3,C34.3,YES,[Not Available],[Not Available],[Not Available],[Not Available],[Not Available],55,1:DECEASED,32.69,1:Recurred/Progressed,6.01,matched
TCGA-55-6984-01Z-00-DX1.d53e387a-9618-4486-98f3-a75604f25a7d,TCGA-55-6984-01,TCGA-55-6984,38,171582.48,35099.65,0.0463,focal,/data1/deasy/Himangi/female_psg_negative_features/TCGA-55-6984/necrosis_feature_wsi_summary.csv,f063ddbb-1668-40df-9ec2-b0a23ca2c389,TCGA-55-6984,2011-07-27 00:00:00,Lung Adenocarcinoma,NO,YES,Female,Lung,WHITE,NOT HISPANIC OR LATINO,[Not Available],No,L-Lower,[Not Available],2006,[Not Available],[Not Available],[Not Available],6th,T2,N1,M0,Stage IIB,[Not Applicable],[Not Applicable],[Not Applicable],[Not Applicable],[Not Available],[Not Available],[Not Available],[Not Available],[Not Available],[Not Available],NO,[Not Available],[Not Available],NO,[Not Available],NO,[Not Available],[Not Available],No,[Not Available],[Not Available],[Not Available],[Not Available],[Not Available],[Not Available],[Not Available],[Not Available],[Not Available],WITH TUMOR,[Not Available],71,[Not Applicable],0,[Not Available],[Not Available],[Not Available],[Not Available],[Not Applicable],[Not Available],[Not Available],[Not Available],[Not Available],C34.3,8140/3,C34.3,YES,[Not Available],[Not Available],[Not Available],[Not Available],[Not Available],55,1:DECEASED,24.97,1:Recurred/Progressed,23.78,matched
TCGA-55-6985-01Z-00-DX1.428ad69e-c0ea-445e-8d38-fa2dab6eb81f,TCGA-55-6985-01,TCGA-55-6985,20,87776.94,18466.06,0.0329,focal,/data1/deasy/Himangi/female_psg_negative_features/TCGA-55-6985/necrosis_feature_wsi_summary.csv,e5cb0c86-8fe2-4cfc-b32b-e8ec3839ffc4,TCGA-55-6985,2011-07-26 00:00:00,Lung Adenocarcinoma,NO,YES,Female,Lung,WHITE,[Not Available],[Not Available],No,L-Upper,[Not Available],2004,[Not Available],[Not Available],R0,6th,T2,N0,MX,Stage IB,[Not Applicable],[Not Applicable],[Not Applicable],[Not Applicable],[Not Available],[Not Available],[Not Available],[Not Available],[Not Available],[Not Available],NO,[Not Available],[Not Available],NO,[Not Available],NO,[Not Available],4,No,[Not Available],2004,50,[Not Available],[Not Available],[Not Available],[Not Available],[Not Available],[Not Available],TUMOR FREE,[Not Available],58,[Not Applicable],0,[Not Available],[Not Available],[Not Available],[Not Available],[Not Applicable],[Not Available],[Not Available],[Not Available],[Not Available],C34.1,8140/3,C34.1,YES,[Not Available],[Not Available],[Not Available],[Not Available],[Not Available],55,0:LIVING,40.51,0:DiseaseFree,40.51,matched
TCGA-55-6986-01Z-00-DX1.ae52d41e-3cd6-4d36-b04b-2ea7d29bd8da,TCGA-55-6986-01,TCGA-55-6986,13,72539.31,15604.77,0.046,focal,/data1/deasy/Himangi/female_psg_negative_features/TCGA-55-6986/necrosis_feature_wsi_summary.csv,028e99e9-5b9a-4954-bb6e-6d4709a3cea8,TCGA-55-6986,2011-07-26 00:00:00,Lung Adenocarcinoma,NO,YES,Female,Lung,WHITE,[Not Available],[Not Available],No,R-Lower,[Not Available],2004,[Not Available],[Not Available],[Not Available],6th,T2,N0,M0,Stage IB,[Not Applicable],[Not Applicable],[Not Applicable],[Not Applicable],[Not Available],[Not Available],[Not Available],[Not Available],[Not Available],[Not Available],NO,[Not Available],[Not Available],NO,[Not Available],NO,[Not Available],1,No,[Not Available],[Not Available],[Not Available],[Not Available],[Not Available],[Not Available],[Not Available],[Not Available],[Not Available],TUMOR FREE,[Not Available],74,[Not Applicable],0,[Not Available],[Not Available],[Not Available],[Not Available],[Not Applicable],[Not Available],[Not Available],[Not Available],[Not Available],C34.3,8252/3,C34.3,YES,[Not Available],[Not Available],[Not Available],[Not Available],[Not Available],55,0:LIVING,107.13,0:DiseaseFree,107.13,matched
TCGA-55-7281-01Z-00-DX1.a92dafa4-3a65-4f5c-97f0-83aff231274a,TCGA-55-7281-01,TCGA-55-7281,3,0.0,0.0,0.0,absent,/data1/deasy/Himangi/female_psg_negative_features/TCGA-55-7281/necrosis_feature_wsi_summary.csv,659668e8-f0d9-4ff2-bbc8-9246f2ef49ab,TCGA-55-7281,2011-10-06 00:00:00,Lung Adenocarcinoma,YES,NO,Female,Lung,WHITE,[Not Available],[Not Available],No,R-Middle,[Not Available],2011,[Not Available],[Not Available],R0,7th,T1b,N0,M0,Stage IA,[Not Applicable],[Not Applicable],[Not Applicable],[Not Applicable],[Not Available],[Not Available],[Not Available],[Not Available],[Not Available],[Not Available],NO,[Not Available],[Not Available],[Not Available],[Not Available],[Not Available],[Not Available],4,No,[Not Available],[Not Available],20,[Not Available],[Not Available],[Not Available],[Not Available],[Not Available],[Not Available],TUMOR FREE,[Not Available],70,[Not Applicable],0,[Not Available],[Not Available],[Not Available],[Not Available],[Not Applicable],[Not Available],[Not Available],[Not Available],[Not Available],C34.2,8140/3,C34.2,YES,[Not Available],[Not Available],[Not Available],[Not Available],[Not Available],55,0:LIVING,28.65,1:Recurred/Progressed,11.14,matched
TCGA-55-7283-01Z-00-DX1.0f716216-0a46-404e-a4d4-5bb6d7e3f0d1,TCGA-55-7283-01,TCGA-55-7283,2,2931.71,681.29,0.0091,focal,/data1/deasy/Himangi/female_psg_negative_features/TCGA-55-7283/necrosis_feature_wsi_summary.csv,ccfdad76-cc45-447f-bed8-ede8f6a8844d,TCGA-55-7283,2011-10-06 00:00:00,Lung Adenocarcinoma,YES,NO,Female,Lung,WHITE,NOT HISPANIC OR LATINO,[Not Available],No,R-Upper,Central Lung,2011,[Not Available],[Not Available],[Not Available],7th,T3,N2,MX,Stage IIIA,[Not Applicable],[Not Applicable],[Not Applicable],[Not Applicable],YES,82,[Not Available],105,[Not Available],64,NO,[Not Available],[Not Available],NO,[Not Available],NO,[Not Available],3,No,1950,1961,5,100,0,Preoperative,[Not Available],[Not Available],[Not Available],WITH TUMOR,[Not Available],76,[Not Applicable],0,[Not Available],[Not Available],[Not Available],[Not Available],[Not Applicable],[Not Available],[Not Available],[Not Available],[Not Available],C34.1,8252/3,C34.1,YES,[Not Available],[Not Available],[Not Available],[Not Available],[Not Available],55,0:LIVING,20.01,0:DiseaseFree,20.01,matched
TCGA-55-7573-01Z-00-DX1.43a4bbd2-6a3b-4910-9356-2d750a736817,TCGA-55-7573-01,TCGA-55-7573,2,1082.16,480.06,0.0034,focal,/data1/deasy/Himangi/female_psg_negative_features/TCGA-55-7573/necrosis_feature_wsi_summary.csv,8e41153b-9faf-45c3-8397-8a428ef5c0d5,TCGA-55-7573,2012-01-11 00:00:00,Lung Adenocarcinoma,YES,NO,Female,Lung,WHITE,NOT HISPANIC OR LATINO,[Not Available],Yes,R-Upper,Central Lung,2011,[Not Available],[Not Available],[Not Available],7th,T1b,N0,MX,Stage IA,[Not Applicable],[Not Applicable],[Not Applicable],[Not Applicable],YES,130,134,115,119,51,NO,[Not Available],[Not Available],NO,[Not Available],NO,[Not Available],3,No,[Not Available],1983,[Not Available],90,1,Preoperative,[Not Available],[Not Available],[Not Available],TUMOR FREE,[Not Available],72,[Not Applicable],0,[Not Available],[Not Available],[Not Available],[Not Available],[Not Applicable],[Not Available],[Not Available],[Not Available],[Not Available],C34.1,8140/3,C34.1,YES,[Not Available],[Not Available],[Not Available],[Not Available],[Not Available],55,0:LIVING,16,0:DiseaseFree,16,matched
TCGA-55-7574-01Z-00-DX1.09639e6a-d85f-4d84-abbc-0f5a6d679683,TCGA-55-7574-01,TCGA-55-7574,17,14917.54,2756.28,0.0078,focal,/data1/deasy/Himangi/female_psg_negative_features/TCGA-55-7574/necrosis_feature_wsi_summary.csv,a7911bdc-13f1-434a-bfa3-f8ba55d15846,TCGA-55-7574,2012-01-11 00:00:00,Lung Adenocarcinoma,YES,NO,Female,Lung,WHITE,NOT HISPANIC OR LATINO,[Not Available],No,R-Upper,[Not Available],2011,[Not Available],[Not Available],R1,7th,T2a,N0,M0,Stage IB,[Not Applicable],[Not Applicable],[Not Applicable],[Not Applicable],[Not Available],[Not Available],[Not Available],[Not Available],[Not Available],[Not Available],NO,[Not Available],[Not Available],[Not Available],[Not Available],[Not Available],[Not Available],4,No,1971,2011,2,[Not Available],[Not Available],[Not Available],[Not Available],[Not Available],[Not Available],WITH TUMOR,[Not Available],64,[Not Applicable],0,[Not Available],[Not Available],[Not Available],[Not Available],[Not Applicable],[Not Available],[Not Available],[Not Available],[Not Available],C34.1,8140/3,C34.1,YES,[Not Available],[Not Available],[Not Available],[Not Available],[Not Available],55,1:DECEASED,32.69,1:Recurred/Progressed,15.7,matched
TCGA-55-7725-01Z-00-DX1.4d678777-63b1-4f4a-932a-7fccabf504c7,TCGA-55-7725-01,TCGA-55-7725,6,14953.22,3271.25,0.0226,focal,/data1/deasy/Himangi/female_psg_negative_features/TCGA-55-7725/necrosis_feature_wsi_summary.csv,9fcdccae-676e-4071-93c3-23d2d3ab0c00,TCGA-55-7725,2012-03-08 00:00:00,Lung Adenocarcinoma,YES,NO,Female,Lung,WHITE,NOT HISPANIC OR LATINO,[Not Available],Yes,R-Lower,Central Lung,2011,[Not Available],[Not Available],R0,7th,T1a,N0,MX,Stage IA,[Not Applicable],[Not Applicable],[Not Applicable],[Not Applicable],YES,61,64,89,88,[Not Available],NO,[Not Available],[Not Available],NO,[Not Available],NO,[Not Available],3,No,1963,1994,16,90,1,Preoperative,[Not Available],[Not Available],[Not Available],TUMOR FREE,[Not Available],68,[Not Applicable],0,[Not Available],[Not Available],[Not Available],[Not Available],[Not Applicable],[Not Available],[Not Available],[Not Available],[Not Available],C34.3,8140/3,C34.3,YES,[Not Available],[Not Available],[Not Available],[Not Available],[Not Available],55,0:LIVING,14.52,0:DiseaseFree,14.52,matched
TCGA-55-7728-01Z-00-DX1.1d47a5fe-cab5-4d5a-a62b-16f345334d25,TCGA-55-7728-01,TCGA-55-7728,1,2924.38,492.89,0.0222,focal,/data1/deasy/Himangi/female_psg_negative_features/TCGA-55-7728/necrosis_feature_wsi_summary.csv,db769d5c-a794-448d-9130-38a82d051c95,TCGA-55-7728,2012-03-08 00:00:00,Lung Adenocarcinoma,YES,NO,Female,Lung,WHITE,NOT HISPANIC OR LATINO,[Not Available],No,L-Upper,[Not Available],2011,[Not Available],[Not Available],R0,7th,T2a,N0,MX,Stage IB,[Not Applicable],[Not Applicable],[Not Applicable],[Not Applicable],YES,67,74,[Not Available],[Not Available],64,NO,[Not Available],[Not Available],NO,[Not Available],NO,[Not Available],4,No,1980,1996,30,[Not Available],[Not Available],[Not Available],[Not Available],[Not Available],[Not Available],TUMOR FREE,[Not Available],64,[Not Applicable],0,[Not Available],[Not Available],[Not Available],[Not Available],[Not Applicable],[Not Available],[Not Available],[Not Available],[Not Available],C34.1,8480/3,C34.1,YES,[Not Available],[Not Available],[Not Available],[Not Available],[Not Available],55,0:LIVING,23.13,0:DiseaseFree,23.13,matched
TCGA-55-7816-01Z-00-DX1.A58C6196-E1A0-48B3-9B77-2EDCD7A43CBA,TCGA-55-7816-01,TCGA-55-7816,64,62361.28,14519.57,0.0093,focal,/data1/deasy/Himangi/female_psg_negative_features/TCGA-55-7816/necrosis_feature_wsi_summary.csv,548b0b68-ff45-4d45-adbe-984259e4a68b,TCGA-55-7816,2012-03-09 00:00:00,Lung Adenocarcinoma,YES,NO,Female,Lung,WHITE,NOT HISPANIC OR LATINO,[Not Available],No,R-Upper,[Not Available],2011,[Not Available],[Not Available],[Not Available],7th,TX,NX,MX,Stage IV,[Not Applicable],[Not Applicable],[Not Applicable],[Not Applicable],NO,[Not Available],[Not Available],[Not Available],[Not Available],[Not Available],[Not Available],[Not Available],[Not Available],[Not Available],[Not Available],[Not Available],[Not Available],1,No,[Not Available],[Not Available],[Not Available],[Not Available],[Not Available],[Not Available],[Not Available],[Not Available],[Not Available],WITH TUMOR,[Not Available],49,[Not Applicable],0,[Not Available],[Not Available],[Not Available],[Not Available],[Not Applicable],[Not Available],[Not Available],[Not Available],[Not Available],C34.1,8140/3,C34.1,YES,[Not Available],[Not Available],[Not Available],[Not Available],[Not Available],55,1:DECEASED,15.37,[Not Available],[Not Available],matched
TCGA-55-7910-01Z-00-DX1.041e15d5-4852-49f6-85d9-74b510497651,TCGA-55-7910-01,TCGA-55-7910,37,326053.69,29765.69,0.0697,present,/data1/deasy/Himangi/female_psg_negative_features/TCGA-55-7910/necrosis_feature_wsi_summary.csv,b2bc53d6-ef78-4ae9-a6b5-1c7cad9a43eb,TCGA-55-7910,2012-03-10 00:00:00,Lung Adenocarcinoma,YES,NO,Female,Lung,BLACK OR AFRICAN AMERICAN,NOT HISPANIC OR LATINO,[Not Available],No,L-Lower,Peripheral Lung,2011,[Not Available],[Not Available],R0,7th,T2b,N0,M0,Stage IIA,[Not Applicable],[Not Applicable],[Not Applicable],[Not Applicable],YES,86,91,97,91,44,[Not Available],[Not Available],[Not Available],[Not Available],[Not Available],[Not Available],[Not Available],4,No,1996,2011,15,80,1,Preoperative,[Not Available],[Not Available],[Not Available],WITH TUMOR,[Not Available],50,[Not Applicable],0,[Not Available],[Not Available],[Not Available],[Not Available],[Not Applicable],[Not Available],[Not Available],[Not Available],[Not Available],C34.3,8140/3,C34.3,YES,[Not Available],[Not Available],[Not Available],[Not Available],[Not Available],55,0:LIVING,34.17,1:Recurred/Progressed,33.44,matched
TCGA-55-7911-01Z-00-DX1.081bc002-06ee-4218-a25f-26c0e6c4b333,TCGA-55-7911-01,TCGA-55-7911,14,9626.55,1814.55,0.0082,focal,/data1/deasy/Himangi/female_psg_negative_features/TCGA-55-7911/necrosis_feature_wsi_summary.csv,1f0a5312-0590-4230-9da9-fd0cfe693586,TCGA-55-7911,2012-03-10 00:00:00,Lung Adenocarcinoma,YES,NO,Female,Lung,WHITE,NOT HISPANIC OR LATINO,[Not Available],No,R-Middle,[Not Available],2011,[Not Available],[Not Available],R0,7th,T1a,N0,MX,Stage IA,[Not Applicable],[Not Applicable],[Not Applicable],[Not Applicable],YES,64,86,[Not Available],[Not Available],[Not Available],NO,[Not Available],[Not Available],NO,[Not Available],NO,[Not Available],3,No,1959,1981,96,[Not Available],[Not Available],[Not Available],[Not Available],[Not Available],[Not Available],TUMOR FREE,[Not Available],70,[Not Applicable],0,[Not Available],[Not Available],[Not Available],[Not Available],[Not Applicable],[Not Available],[Not Available],[Not Available],[Not Available],C34.2,8140/3,C34.2,YES,[Not Available],[Not Available],[Not Available],[Not Available],[Not Available],55,0:LIVING,17.64,1:Recurred/Progressed,16.92,matched
TCGA-55-7913-01Z-00-DX1.2295fcc5-70b0-412e-a1fd-b5366fce0739,TCGA-55-7913-01,TCGA-55-7913,8,333728.7,18074.5,0.3666,present,/data1/deasy/Himangi/female_psg_negative_features/TCGA-55-7913/necrosis_feature_wsi_summary.csv,c9c533ee-e154-4a56-bce9-b5af37574b2f,TCGA-55-7913,2012-06-17 00:00:00,Lung Adenocarcinoma,YES,NO,Female,Lung,BLACK OR AFRICAN AMERICAN,NOT HISPANIC OR LATINO,[Not Available],No,L-Lower,Central Lung,2011,[Not Available],[Not Available],R0,7th,T1b,N0,MX,Stage IA,[Not Applicable],[Not Applicable],[Not Applicable],[Not Applicable],[Not Available],[Not Available],[Not Available],[Not Available],[Not Available],[Not Available],YES,NO,[Not Available],YES,[Not Available],YES,FISH,2,No,1971,[Not Available],40,90,1,Preoperative,[Not Available],[Not Available],[Not Available],TUMOR FREE,NO,61,[Not Applicable],0,[Not Available],[Not Available],[Not Available],[Not Available],[Not Applicable],[Not Available],[Not Available],[Not Available],[Not Available],C34.3,8140/3,C34.3,YES,[Not Available],[Not Available],[Not Available],[Not Available],[Not Available],55,1:DECEASED,18.43,1:Recurred/Progressed,15.77,matched
TCGA-55-7914-01Z-00-DX1.875bffe1-8c56-4c29-ab11-6840ee3a643c,TCGA-55-7914-01,TCGA-55-7914,3,497.03,126.24,0.0021,focal,/data1/deasy/Himangi/female_psg_negative_features/TCGA-55-7914/necrosis_feature_wsi_summary.csv,69dba721-a168-47a4-b7ff-80a448bad654,TCGA-55-7914,2012-03-10 00:00:00,Lung Adenocarcinoma,YES,NO,Female,Lung,WHITE,NOT HISPANIC OR LATINO,[Not Available],Yes,R-Upper,Central Lung,2011,[Not Available],[Not Available],R0,7th,T1b,N1,MX,Stage IIA,[Not Applicable],[Not Applicable],[Not Applicable],[Not Applicable],YES,73,[Not Available],88,[Not Available],56,YES,YES,G12C,YES,[Not Available],YES,FISH,2,No,1990,[Not Available],5,80,1,Preoperative,[Not Available],[Not Available],[Not Available],WITH TUMOR,[Not Available],71,[Not Applicable],0,[Not Available],[Not Available],[Not Available],[Not Available],[Not Applicable],[Not Available],[Not Available],[Not Available],[Not Available],C34.1,8140/3,C34.1,YES,[Not Available],[Not Available],[Not Available],[Not Available],[Not Available],55,1:DECEASED,6.14,[Not Available],[Not Available],matched
TCGA-55-8087-01Z-00-DX1.548f2800-8caf-4c0e-a7b5-6d3d28315d9c,TCGA-55-8087-01,TCGA-55-8087,3,2812.04,1259.46,0.0094,focal,/data1/deasy/Himangi/female_psg_negative_features/TCGA-55-8087/necrosis_feature_wsi_summary.csv,e254aaeb-012c-4d92-8a03-cce1f6a2bcd6,TCGA-55-8087,2012-06-15 00:00:00,Lung Adenocarcinoma,YES,NO,Female,Lung,WHITE,NOT HISPANIC OR LATINO,[Not Available],No,R-Upper,[Not Available],2011,[Not Available],[Not Available],R0,7th,T2a,N0,MX,Stage IB,[Not Applicable],[Not Applicable],[Not Applicable],[Not Applicable],YES,126,[Not Available],[Not Available],[Not Available],142,NO,[Not Available],[Not Available],NO,[Not Available],NO,[Not Available],1,No,[Not Available],[Not Available],[Not Available],[Not Available],[Not Available],[Not Available],[Not Available],[Not Available],Complete Remission/Response,TUMOR FREE,NO,59,[Not Applicable],0,[Not Available],[Not Available],[Not Available],[Not Available],[Not Applicable],[Not Available],[Not Available],[Not Available],[Not Available],C34.1,8140/3,C34.1,YES,[Not Available],[Not Available],[Not Available],[Not Available],[Not Available],55,0:LIVING,15.18,0:DiseaseFree,15.18,matched
TCGA-55-8097-01Z-00-DX1.2f847b65-a5dc-41be-9dd0-a1e11df3cd10,TCGA-55-8097-01,TCGA-55-8097,5,5498.28,1889.53,0.0133,focal,/data1/deasy/Himangi/female_psg_negative_features/TCGA-55-8097/necrosis_feature_wsi_summary.csv,afe83af5-af22-49c0-88b4-f1d0dfcbe238,TCGA-55-8097,2012-06-15 00:00:00,Lung Adenocarcinoma,YES,NO,Female,Lung,WHITE,NOT HISPANIC OR LATINO,[Not Available],No,R-Upper,[Not Available],2012,[Not Available],[Not Available],R0,7th,T1a,N0,MX,Stage IA,[Not Applicable],[Not Applicable],[Not Applicable],[Not Applicable],YES,79,87,[Not Available],[Not Available],74,NO,[Not Available],[Not Available],NO,[Not Available],NO,[Not Available],4,No,1973,2008,35,[Not Available],[Not Available],[Not Available],[Not Available],[Not Available],Complete Remission/Response,TUMOR FREE,NO,60,[Not Applicable],0,[Not Available],[Not Available],[Not Available],[Not Available],[Not Applicable],[Not Available],[Not Available],[Not Available],[Not Available],C34.1,8140/3,C34.1,YES,[Not Available],[Not Available],[Not Available],[Not Available],[Not Available],55,0:LIVING,15.64,0:DiseaseFree,15.64,matched
TCGA-55-8203-01Z-00-DX1.f530d261-be19-4ff0-98d0-27b789dffb23,TCGA-55-8203-01,TCGA-55-8203,2,2090.71,581.99,0.0103,focal,/data1/deasy/Himangi/female_psg_negative_features/TCGA-55-8203/necrosis_feature_wsi_summary.csv,9a9bd705-1ef1-4a6c-bb1e-bdd346dc01c0,TCGA-55-8203,2012-06-16 00:00:00,Lung Adenocarcinoma,YES,NO,Female,Lung,WHITE,NOT HISPANIC OR LATINO,[Not Available],"Yes, History of Prior Malignancy",R-Lower,[Not Available],2011,[Not Available],[Not Available],R0,7th,T1b,N0,M0,Stage IA,[Not Applicable],[Not Applicable],[Not Applicable],[Not Applicable],YES,49,48,52,50,39,NO,[Not Available],[Not Available],NO,[Not Available],NO,[Not Available],2,No,[Not Available],[Not Available],50,[Not Available],[Not Available],[Not Available],[Not Available],[Not Available],Complete Remission/Response,TUMOR FREE,NO,69,[Not Applicable],0,[Not Available],[Not Available],[Not Available],[Not Available],[Not Applicable],[Not Available],[Not Available],[Not Available],[Not Available],C34.3,8140/3,C34.3,YES,[Not Available],[Not Available],[Not Available],[Not Available],[Not Available],55,0:LIVING,17.97,0:DiseaseFree,17.97,matched
TCGA-55-8205-01Z-00-DX1.6df6d499-f325-409d-acb1-9e13172f2bb4,TCGA-55-8205-01,TCGA-55-8205,12,8144.25,1349.1,0.0085,focal,/data1/deasy/Himangi/female_psg_negative_features/TCGA-55-8205/necrosis_feature_wsi_summary.csv,95fa64b0-91e1-4427-b81a-53c47a053563,TCGA-55-8205,2012-06-17 00:00:00,Lung Adenocarcinoma,YES,NO,Female,Lung,WHITE,NOT HISPANIC OR LATINO,[Not Available],"Yes, History of Prior Malignancy",R-Lower,Central Lung,2012,[Not Available],[Not Available],R0,7th,T2b,N0,M0,Stage IIA,[Not Applicable],[Not Applicable],[Not Applicable],[Not Applicable],YES,42,[Not Available],73,[Not Available],[Not Available],YES,NO,[Not Available],YES,[Not Available],NO,[Not Available],4,No,1951,2012,30,100,0,Preoperative,[Not Available],[Not Available],[Not Available],TUMOR FREE,NO,76,[Not Applicable],0,[Not Available],[Not Available],[Not Available],[Not Available],[Not Applicable],[Not Available],[Not Available],[Not Available],[Not Available],C34.3,8140/3,C34.3,YES,[Not Available],[Not Available],[Not Available],[Not Available],[Not Available],55,0:LIVING,19.68,1:Recurred/Progressed,16.26,matched
TCGA-55-8208-01Z-00-DX1.6eccb7e2-16e4-4d25-9a1e-b370e016020f,TCGA-55-8208-01,TCGA-55-8208,19,88099.04,14042.24,0.0393,focal,/data1/deasy/Himangi/female_psg_negative_features/TCGA-55-8208/necrosis_feature_wsi_summary.csv,77f8c850-b4e6-46a1-ab12-a50e0044a0c8,TCGA-55-8208,2012-06-13 00:00:00,Lung Adenocarcinoma,YES,NO,Female,Lung,WHITE,NOT HISPANIC OR LATINO,[Not Available],No,R-Upper,Peripheral Lung,2012,[Not Available],[Not Available],R0,7th,T1b,N0,M0,Stage IA,[Not Applicable],[Not Applicable],[Not Applicable],[Not Applicable],YES,156,151,72,68,50,[Not Available],[Not Available],[Not Available],[Not Available],[Not Available],[Not Available],[Not Available],2,No,[Not Available],[Not Available],50,100,0,Preoperative,[Not Available],[Not Available],Complete Remission/Response,TUMOR FREE,NO,73,[Not Applicable],0,[Not Available],[Not Available],[Not Available],[Not Available],[Not Applicable],[Not Available],[Not Available],[Not Available],[Not Available],C34.1,8140/3,C34.1,YES,[Not Available],[Not Available],[Not Available],[Not Available],[Not Available],55,0:LIVING,22.14,1:Recurred/Progressed,16.79,matched
TCGA-55-8506-01Z-00-DX1.A908E3D2-91F7-4DE2-98C9-95D1038B9F49,TCGA-55-8506-01,TCGA-55-8506,4,2391.88,904.81,0.0053,focal,/data1/deasy/Himangi/female_psg_negative_features/TCGA-55-8506/necrosis_feature_wsi_summary.csv,3ed05070-6633-4de5-9f72-090f93aa2e4d,TCGA-55-8506,2012-12-28 00:00:00,Lung Adenocarcinoma,YES,NO,Female,Lung,WHITE,NOT HISPANIC OR LATINO,[Not Available],No,R-Upper,Peripheral Lung,2012,[Not Available],[Not Available],R0,7th,T3,N0,MX,Stage IIB,[Not Applicable],[Not Applicable],[Not Applicable],[Not Applicable],[Not Available],[Not Available],[Not Available],[Not Available],[Not Available],[Not Available],[Not Available],[Not Available],[Not Available],[Not Available],[Not Available],[Not Available],[Not Available],2,No,1972,[Not Available],[Not Available],[Not Available],[Not Available],[Not Available],[Not Available],[Not Available],[Not Applicable],[Not Available],NO,62,[Not Applicable],0,[Not Available],[Not Available],[Not Available],[Not Available],[Not Applicable],[Not Available],[Not Available],[Not Available],[Not Available],C34.1,8140/3,C34.1,YES,[Not Available],[Not Available],[Not Available],[Not Available],[Not Available],55,0:LIVING,0.36,0:DiseaseFree,0.36,matched
TCGA-55-8508-01Z-00-DX1.96B173E2-A298-4017-9AEC-113E547A3272,TCGA-55-8508-01,TCGA-55-8508,16,423759.42,25640.9,0.1952,present,/data1/deasy/Himangi/female_psg_negative_features/TCGA-55-8508/necrosis_feature_wsi_summary.csv,bab335f9-b241-41a7-b107-79b9676b37b8,TCGA-55-8508,2012-12-28 00:00:00,Lung Adenocarcinoma,YES,NO,Female,Lung,BLACK OR AFRICAN AMERICAN,NOT HISPANIC OR LATINO,[Not Available],No,R-Upper,Central Lung,2012,[Not Available],[Not Available],R0,7th,T2a,N1,MX,Stage IIA,[Not Applicable],[Not Applicable],[Not Applicable],[Not Applicable],[Not Available],[Not Available],[Not Available],[Not Available],[Not Available],[Not Available],[Not Available],[Not Available],[Not Available],[Not Available],[Not Available],[Not Available],[Not Available],2,No,[Not Available],[Not Available],[Not Available],60,2,Preoperative,NO,[Not Available],Complete Remission/Response,[Not Available],NO,60,[Not Applicable],0,[Not Available],[Not Available],[Not Available],[Not Available],[Not Applicable],[Not Available],[Not Available],[Not Available],[Not Available],C34.1,8480/3,C34.1,YES,[Not Available],[Not Available],[Not Available],[Not Available],YES,55,0:LIVING,20.27,0:DiseaseFree,20.27,matched
TCGA-55-8513-01Z-00-DX1.E21776FE-DF49-48D1-90D6-6F71D0764492,TCGA-55-8513-01,TCGA-55-8513,3,6518.88,2377.23,0.0244,focal,/data1/deasy/Himangi/female_psg_negative_features/TCGA-55-8513/necrosis_feature_wsi_summary.csv,a3fd20b2-e001-44ab-9716-754e5ae70808,TCGA-55-8513,2013-01-11 00:00:00,Lung Adenocarcinoma,YES,NO,Female,Lung,WHITE,NOT HISPANIC OR LATINO,[Not Available],No,L-Lower,[Not Available],2012,[Not Available],[Not Available],R0,7th,T3,N0,MX,Stage IIB,[Not Applicable],[Not Applicable],[Not Applicable],[Not Applicable],YES,87,[Not Available],108,[Not Available],65,[Not Available],[Not Available],[Not Available],YES,[Not Available],YES,[Not Available],1,No,[Not Available],[Not Available],[Not Available],[Not Available],[Not Available],[Not Available],NO,[Not Available],Complete Remission/Response,TUMOR FREE,NO,77,[Not Applicable],0,[Not Available],[Not Available],[Not Available],[Not Available],[Not Applicable],[Not Available],[Not Available],[Not Available],[Not Available],C34.30,8480/3,C34.3,YES,[Not Available],[Not Available],[Not Available],[Not Available],NO,55,0:LIVING,25.99,1:Recurred/Progressed,10.41,matched
TCGA-55-8514-01Z-00-DX1.499CF563-B404-4061-9D1A-57954BBE2CE7,TCGA-55-8514-01,TCGA-55-8514,10,12699.93,3808.62,0.0091,focal,/data1/deasy/Himangi/female_psg_negative_features/TCGA-55-8514/necrosis_feature_wsi_summary.csv,6845099a-b2c9-48d8-b856-9903d39bb92e,TCGA-55-8514,2013-01-11 00:00:00,Lung Adenocarcinoma,YES,NO,Female,Lung,BLACK OR AFRICAN AMERICAN,NOT HISPANIC OR LATINO,[Not Available],No,R-Upper,[Not Available],2012,[Not Available],[Not Available],R0,7th,T2a,N0,MX,Stage IB,[Not Applicable],[Not Applicable],[Not Applicable],[Not Applicable],YES,85,[Not Available],114,[Not Available],90,[Not Available],[Not Available],[Not Available],[Not Available],[Not Available],[Not Available],[Not Available],4,No,1971,2011,20,[Not Available],[Not Available],[Not Available],NO,[Not Available],Complete Remission/Response,TUMOR FREE,NO,70,[Not Applicable],0,[Not Available],[Not Available],[Not Available],[Not Available],[Not Applicable],[Not Available],[Not Available],[Not Available],[Not Available],C34.1,8140/3,C34.1,YES,[Not Available],[Not Available],[Not Available],[Not Available],NO,55,0:LIVING,17.08,0:DiseaseFree,17.08,matched
TCGA-55-8616-01Z-00-DX1.4F53B2AB-8221-4E67-80D2-7A8E3815B730,TCGA-55-8616-01,TCGA-55-8616,14,28561.44,5736.13,0.018,focal,/data1/deasy/Himangi/female_psg_negative_features/TCGA-55-8616/necrosis_feature_wsi_summary.csv,fe714ac0-f874-426a-924b-a2980232b5f7,TCGA-55-8616,2012-12-28 00:00:00,Lung Adenocarcinoma,YES,NO,Female,Lung,WHITE,NOT HISPANIC OR LATINO,[Not Available],No,R-Upper,[Not Available],2012,[Not Available],[Not Available],R0,7th,T2a,N0,M0,Stage IB,[Not Applicable],[Not Applicable],[Not Applicable],[Not Applicable],[Not Available],[Not Available],[Not Available],[Not Available],[Not Available],[Not Available],[Not Available],[Not Available],[Not Available],[Not Available],[Not Available],[Not Available],[Not Available],4,No,[Not Available],1999,[Not Available],[Not Available],0,Preoperative,[Not Available],[Not Available],[Not Applicable],TUMOR FREE,NO,58,[Not Applicable],0,[Not Available],[Not Available],[Not Available],[Not Available],[Not Applicable],[Not Available],[Not Available],[Not Available],[Not Available],C34.1,8140/3,C34.1,YES,[Not Available],[Not Available],[Not Available],[Not Available],[Not Available],55,0:LIVING,1.58,0:DiseaseFree,1.58,matched
TCGA-55-8619-01Z-00-DX1.46C7678A-6032-4C95-B535-85C87B92B6ED,TCGA-55-8619-01,TCGA-55-8619,11,40966.33,10132.82,0.0492,focal,/data1/deasy/Himangi/female_psg_negative_features/TCGA-55-8619/necrosis_feature_wsi_summary.csv,772324a5-5513-454d-ad6b-605798f69b73,TCGA-55-8619,2013-01-11 00:00:00,Lung Adenocarcinoma,YES,NO,Female,Lung,WHITE,NOT HISPANIC OR LATINO,[Not Available],"Yes, History of Prior Malignancy",R-Lower,[Not Available],2012,[Not Available],[Not Available],R0,7th,T3,N0,MX,Stage IIB,[Not Applicable],[Not Applicable],[Not Applicable],[Not Applicable],[Not Available],[Not Available],[Not Available],[Not Available],[Not Available],[Not Available],[Not Available],[Not Available],[Not Available],[Not Available],[Not Available],[Not Available],[Not Available],1,No,[Not Available],[Not Available],[Not Available],90,[Not Available],Preoperative,NO,[Not Available],Complete Remission/Response,TUMOR FREE,NO,72,[Not Applicable],0,[Not Available],[Not Available],[Not Available],[Not Available],[Not Applicable],[Not Available],[Not Available],[Not Available],[Not Available],C34.30,8480/3,C34.3,YES,[Not Available],[Not Available],[Not Available],[Not Available],NO,55,0:LIVING,13.67,0:DiseaseFree,13.67,matched
TCGA-55-8621-01Z-00-DX1.7C519007-D59D-432A-BF4D-23D14A1C8BB6,TCGA-55-8621-01,TCGA-55-8621,15,0.0,0.0,0.0,absent,/data1/deasy/Himangi/female_psg_negative_features/TCGA-55-8621/necrosis_feature_wsi_summary.csv,8d535aa6-6d59-4965-b5ed-17217d8f5930,TCGA-55-8621,2013-01-11 00:00:00,Lung Adenocarcinoma,YES,NO,Female,Lung,WHITE,NOT HISPANIC OR LATINO,[Not Available],"Yes, History of Prior Malignancy",L-Lower,[Not Available],2012,[Not Available],[Not Available],R0,7th,T1a,N0,MX,Stage IA,[Not Applicable],[Not Applicable],[Not Applicable],[Not Applicable],YES,105,105,110,112,[Not Available],[Not Available],[Not Available],[Not Available],[Not Available],[Not Available],[Not Available],[Not Available],4,No,1980,2010,30,[Not Available],[Not Available],[Not Available],NO,[Not Available],Complete Remission/Response,TUMOR FREE,NO,75,[Not Applicable],0,[Not Available],[Not Available],[Not Available],[Not Available],[Not Applicable],[Not Available],[Not Available],[Not Available],[Not Available],C34.3,8140/3,C34.3,YES,[Not Available],[Not Available],[Not Available],[Not Available],NO,55,0:LIVING,16.92,0:DiseaseFree,16.92,matched
TCGA-55-A48X-01Z-00-DX1.A46C6373-8458-4D55-88C3-4C70A05F9F47,TCGA-55-A48X-01,TCGA-55-A48X,5,11341.78,2596.83,0.0215,focal,/data1/deasy/Himangi/female_psg_negative_features/TCGA-55-A48X/necrosis_feature_wsi_summary.csv,32D9935A-F5CD-43B3-88BD-09E6E2B9090D,TCGA-55-A48X,2013-02-21 00:00:00,Lung Adenocarcinoma,YES,NO,Female,Lung,WHITE,NOT HISPANIC OR LATINO,[Not Available],"Yes, History of Prior Malignancy",L-Lower,[Not Available],2012,[Not Available],[Not Available],R0,7th,T1b,N1,M0,Stage IIA,[Not Applicable],[Not Applicable],[Not Applicable],[Not Applicable],YES,57,[Not Available],[Not Available],[Not Available],79,[Not Available],[Not Available],[Not Available],[Not Available],[Not Available],[Not Available],[Not Available],4,No,1963,1999,36,[Not Available],[Not Available],[Not Available],[Not Available],[Not Available],[Not Available],TUMOR FREE,NO,63,[Not Applicable],0,[Not Available],[Not Available],[Not Available],[Not Available],[Not Applicable],[Not Available],[Not Available],[Not Available],[Not Available],C34.3,8140/3,C34.3,YES,[Not Available],[Not Available],[Not Available],[Not Available],[Not Available],55,0:LIVING,22.63,1:Recurred/Progressed,20.2,matched
TCGA-55-A48Z-01Z-00-DX1.0867DC6A-2A51-4CF1-AE3F-0526CE2DD740,TCGA-55-A48Z-01,TCGA-55-A48Z,20,53493.81,6925.63,0.0224,focal,/data1/deasy/Himangi/female_psg_negative_features/TCGA-55-A48Z/necrosis_feature_wsi_summary.csv,16D3C1C1-CF3A-44B6-B564-8AE5464B243D,TCGA-55-A48Z,2013-02-21 00:00:00,Lung Adenocarcinoma,YES,NO,Female,Lung,WHITE,NOT HISPANIC OR LATINO,[Not Available],No,R-Upper,Central Lung,2012,[Not Available],[Not Available],R0,7th,T1a,N3,MX,Stage IIIB,[Not Applicable],[Not Applicable],[Not Applicable],[Not Applicable],YES,87,[Not Available],85,[Not Available],110,YES,NO,[Not Available],YES,Other,YES,FISH,4,No,1972,2012,40,70,2,Preoperative,[Not Available],[Not Available],[Not Available],WITH TUMOR,NO,60,[Not Applicable],0,[Not Available],[Not Available],[Not Available],[Not Available],[Not Applicable],[Not Available],[Not Available],[Not Available],[Not Available],C34.1,8255/3,C34.1,YES,[Not Available],[Not Available],[Not Available],[Not Available],[Not Available],55,0:LIVING,21.39,1:Recurred/Progressed,17.61,matched
TCGA-55-A491-01Z-00-DX1.E5F3B4E5-18EA-4067-AE28-119DABCE739A,TCGA-55-A491-01,TCGA-55-A491,10,28993.17,7321.74,0.044,focal,/data1/deasy/Himangi/female_psg_negative_features/TCGA-55-A491/necrosis_feature_wsi_summary.csv,A250A369-E536-4A18-B7AF-2911133D7BDC,TCGA-55-A491,2013-02-21 00:00:00,Lung Adenocarcinoma,YES,NO,Female,Lung,WHITE,NOT HISPANIC OR LATINO,[Not Available],"Yes, History of Prior Malignancy",L-Lower,[Not Available],2012,[Not Available],[Not Available],R0,7th,T1b,N0,MX,Stage IA,[Not Applicable],[Not Applicable],[Not Applicable],[Not Applicable],YES,64,68,72,73,68,NO,[Not Available],[Not Available],NO,[Not Available],NO,[Not Available],3,No,1952,1982,45,[Not Available],[Not Available],[Not Available],[Not Available],[Not Available],[Not Available],TUMOR FREE,NO,81,[Not Applicable],0,[Not Available],[Not Available],[Not Available],[Not Available],[Not Applicable],[Not Available],[Not Available],[Not Available],[Not Available],C34.3,8140/3,C34.3,YES,[Not Available],[Not Available],[Not Available],[Not Available],[Not Available],55,0:LIVING,20.57,0:DiseaseFree,20.57,matched
TCGA-55-A492-01Z-00-DX1.31B23842-7F8B-4311-88DF-C51CB4F54AED,TCGA-55-A492-01,TCGA-55-A492,6,4063.22,1174.32,0.013,focal,/data1/deasy/Himangi/female_psg_negative_features/TCGA-55-A492/necrosis_feature_wsi_summary.csv,39AB7174-5707-498D-9959-523680E04198,TCGA-55-A492,2013-02-21 00:00:00,Lung Adenocarcinoma,YES,NO,Female,Lung,WHITE,NOT HISPANIC OR LATINO,[Not Available],"Yes, History of Prior Malignancy",R-Upper,[Not Available],2012,[Not Available],[Not Available],R0,7th,T1a,N0,MX,Stage IA,[Not Applicable],[Not Applicable],[Not Applicable],[Not Applicable],YES,95,92,[Not Available],[Not Available],52,NO,[Not Available],[Not Available],NO,[Not Available],NO,[Not Available],3,No,1962,1995,35,[Not Available],[Not Available],[Not Available],[Not Available],[Not Available],[Not Available],TUMOR FREE,NO,70,[Not Applicable],0,[Not Available],[Not Available],[Not Available],[Not Available],[Not Applicable],[Not Available],[Not Available],[Not Available],[Not Available],C34.1,8140/3,C34.1,YES,[Not Available],[Not Available],[Not Available],[Not Available],[Not Available],55,0:LIVING,19.58,0:DiseaseFree,19.58,matched
TCGA-62-A46R-01Z-00-DX1.AD823FBA-A63F-4D36-8B84-2C995DE5FC47,TCGA-62-A46R-01,TCGA-62-A46R,15,19829.6,5957.22,0.011,focal,/data1/deasy/Himangi/female_psg_negative_features/TCGA-62-A46R/necrosis_feature_wsi_summary.csv,C497F8C7-2FB5-44D9-BC7C-69CFD0B51B54,TCGA-62-A46R,2012-10-29 00:00:00,Lung Adenocarcinoma,NO,YES,Female,Lung,WHITE,NOT HISPANIC OR LATINO,[Not Available],No,L-Lower,Central Lung,2006,[Not Available],[Not Available],R0,6th,T2,N0,M0,Stage IB,[Not Applicable],[Not Applicable],[Not Applicable],[Not Applicable],YES,74,[Not Available],73,[Not Available],[Not Available],NO,[Not Available],[Not Available],NO,[Not Available],NO,[Not Available],4,No,[Not Available],[Not Available],25,100,[Not Available],Preoperative,NO,[Not Available],Complete Remission/Response,TUMOR FREE,NO,54,[Not Applicable],0,[Not Available],[Not Available],[Not Available],[Not Available],[Not Applicable],[Not Available],[Not Available],[Not Available],[Not Available],C34.3,8255/3,C34.3,YES,[Not Available],[Not Available],[Not Available],[Not Available],NO,62,1:DECEASED,56.67,[Not Available],[Not Available],matched
TCGA-62-A46U-01Z-00-DX1.5129535F-8B6A-4647-8A88-3EE125642874,TCGA-62-A46U-01,TCGA-62-A46U,14,39080.61,9861.85,0.033,focal,/data1/deasy/Himangi/female_psg_negative_features/TCGA-62-A46U/necrosis_feature_wsi_summary.csv,793649E5-F479-4D64-8723-2EF488FE0FD9,TCGA-62-A46U,2012-10-30 00:00:00,Lung Adenocarcinoma,NO,YES,Female,Lung,WHITE,NOT HISPANIC OR LATINO,[Not Available],No,R-Lower,Central Lung,2007,[Not Available],[Not Available],R0,6th,T2,N1,M0,Stage IIB,[Not Applicable],[Not Applicable],[Not Applicable],[Not Applicable],YES,131,[Not Available],81,[Not Available],[Not Available],NO,[Not Available],[Not Available],NO,[Not Available],NO,[Not Available],1,No,[Not Available],[Not Available],[Not Available],100,[Not Available],Preoperative,NO,[Not Available],Complete Remission/Response,TUMOR FREE,NO,71,[Not Applicable],0,[Not Available],[Not Available],[Not Available],[Not Available],[Not Applicable],[Not Available],[Not Available],[Not Available],[Not Available],C34.3,8255/3,C34.3,YES,[Not Available],[Not Available],[Not Available],[Not Available],YES,62,0:LIVING,67.9,0:DiseaseFree,67.9,matched
TCGA-62-A46V-01Z-00-DX1.631E54D0-9E57-4932-B4EF-81820E56A95B,TCGA-62-A46V-01,TCGA-62-A46V,14,35568.17,9515.85,0.023,focal,/data1/deasy/Himangi/female_psg_negative_features/TCGA-62-A46V/necrosis_feature_wsi_summary.csv,F809E21D-5F2E-4F3B-A1AA-D6B8D463552A,TCGA-62-A46V,2012-10-30 00:00:00,Lung Adenocarcinoma,NO,YES,Female,Lung,WHITE,NOT HISPANIC OR LATINO,[Not Available],No,L-Lower,Peripheral Lung,2007,[Not Available],[Not Available],R0,6th,T2,N0,M0,Stage IB,[Not Applicable],[Not Applicable],[Not Applicable],[Not Applicable],YES,100,[Not Available],51,[Not Available],[Not Available],NO,[Not Available],[Not Available],NO,[Not Available],NO,[Not Available],3,No,[Not Available],[Not Available],[Not Available],90,[Not Available],Preoperative,NO,[Not Available],Complete Remission/Response,TUMOR FREE,NO,78,[Not Applicable],0,[Not Available],[Not Available],[Not Available],[Not Available],[Not Applicable],[Not Available],[Not Available],[Not Available],[Not Available],C34.3,8255/3,C34.3,YES,[Not Available],[Not Available],[Not Available],[Not Available],NO,62,0:LIVING,72.24,0:DiseaseFree,72.24,matched
TCGA-64-1681-01Z-00-DX1.fb0244f6-51a8-4da2-b45c-38d8e02edab7,TCGA-64-1681-01,TCGA-64-1681,24,73152.79,25612.85,0.0284,focal,/data1/deasy/Himangi/female_psg_negative_features/TCGA-64-1681/necrosis_feature_wsi_summary.csv,c583fdd1-8cd2-4c15-a23e-0644261f65da,TCGA-64-1681,2011-12-21 00:00:00,Lung Adenocarcinoma,NO,YES,Female,Lung,WHITE,NOT HISPANIC OR LATINO,[Not Available],No,R-Upper,[Not Available],2008,[Not Available],[Not Available],R0,6th,T1,N0,M0,Stage IA,[Not Applicable],[Not Applicable],[Not Applicable],[Not Applicable],[Not Available],[Not Available],[Not Available],[Not Available],[Not Available],[Not Available],YES,NO,[Not Available],YES,Exon 19 Deletion,[Not Available],[Not Available],3,No,1968,1988,[Not Available],0,[Not Available],[Not Available],[Not Available],[Not Available],[Not Available],[Not Available],[Not Available],61,[Not Applicable],0,[Not Available],[Not Available],[Not Available],[Not Available],[Not Applicable],[Not Available],[Not Available],[Not Available],[Not Available],C34.1,8140/3,C34.9,YES,[Not Available],[Not Available],[Not Available],[Not Available],[Not Available],64,1:DECEASED,38.34,1:Recurred/Progressed,14.42,matched
TCGA-64-5781-01Z-00-DX1.81474D4D-6B48-473F-BAA9-ABD75C9223C3,TCGA-64-5781-01,TCGA-64-5781,3,28.81,58.36,0.0001,focal,/data1/deasy/Himangi/female_psg_negative_features/TCGA-64-5781/necrosis_feature_wsi_summary.csv,41c4c704-825e-49f5-9d54-dbd7d30725e0,TCGA-64-5781,2011-05-03 00:00:00,Lung Adenocarcinoma,NO,YES,Female,Lung,WHITE,NOT HISPANIC OR LATINO,[Not Available],No,R-Upper,Central Lung,2007,[Not Available],[Not Available],R0,6th,T2,N0,M0,Stage IB,[Not Applicable],[Not Applicable],[Not Applicable],[Not Applicable],YES,77,[Not Available],61,[Not Available],73,[Not Available],[Not Available],[Not Available],[Not Available],[Not Available],[Not Available],[Not Available],4,No,1982,2007,25,[Not Available],0,Post-Adjuvant Therapy,[Not Available],[Not Available],[Not Available],TUMOR FREE,[Not Available],55,[Not Applicable],0,[Not Available],[Not Available],[Not Available],[Not Available],[Not Applicable],[Not Available],[Not Available],[Not Available],[Not Available],C34.1,8255/3,C34.1,YES,[Not Available],[Not Available],[Not Available],[Not Available],[Not Available],64,0:LIVING,51.22,1:Recurred/Progressed,3.15,matched
TCGA-67-3770-01Z-00-DX1.4C14BE72-905C-4AAE-B07A-6437D98A23FA,TCGA-67-3770-01,TCGA-67-3770,4,368.84,251.66,0.0008,focal,/data1/deasy/Himangi/female_psg_negative_features/TCGA-67-3770/necrosis_feature_wsi_summary.csv,eeab558b-8d1e-4843-861d-dbfb06061758,TCGA-67-3770,2010-12-00,Lung Adenocarcinoma,YES,NO,Female,Lung,WHITE,NOT HISPANIC OR LATINO,[Not Available],No,R-Upper,Central Lung,2009,[Not Available],[Not Available],R0,[Not Available],T1,N0,M0,Stage IA,[Not Applicable],[Not Applicable],[Not Applicable],[Not Applicable],[Not Available],[Not Available],[Not Available],[Not Available],[Not Available],[Not Available],NO,[Not Available],[Not Available],NO,[Not Available],NO,[Not Available],3,No,[Not Available],[Not Available],[Not Available],[Not Available],[Not Available],[Not Available],[Not Available],[Not Available],[Not Available],TUMOR FREE,[Not Available],70,[Not Applicable],0,[Not Available],[Not Available],[Not Available],[Not Available],[Not Applicable],[Not Available],[Not Available],[Not Available],[Not Available],C34.1,8140/3,C34.1,YES,[Not Available],[Not Available],[Not Available],[Not Available],[Not Available],67,0:LIVING,20.04,0:DiseaseFree,20.04,matched
TCGA-67-3772-01Z-00-DX1.CB05C5CC-2801-4BB9-94A0-83E9005BCA2E,TCGA-67-3772-01,TCGA-67-3772,36,23104.83,7689.94,0.005,focal,/data1/deasy/Himangi/female_psg_negative_features/TCGA-67-3772/necrosis_feature_wsi_summary.csv,673493f6-975c-49e8-934c-001e9a0fff90,TCGA-67-3772,2011-03-03 00:00:00,Lung Adenocarcinoma,YES,NO,Female,Lung,WHITE,NOT HISPANIC OR LATINO,[Not Available],No,R-Upper,[Not Available],2009,[Not Available],[Not Available],[Not Available],6th,T2,N0,M0,Stage IB,[Not Applicable],[Not Applicable],[Not Applicable],[Not Applicable],[Not Available],[Not Available],[Not Available],[Not Available],[Not Available],[Not Available],NO,[Not Available],[Not Available],NO,[Not Available],NO,[Not Available],1,No,[Not Available],[Not Available],[Not Available],[Not Available],[Not Available],[Not Available],[Not Available],[Not Available],[Not Available],TUMOR FREE,[Not Available],82,[Not Applicable],0,[Not Available],[Not Available],[Not Available],[Not Available],[Not Applicable],[Not Available],[Not Available],[Not Available],[Not Available],C34.1,8140/3,C34.1,YES,[Not Available],[Not Available],[Not Available],[Not Available],[Not Available],67,0:LIVING,18.82,0:DiseaseFree,18.82,matched
TCGA-67-3773-01Z-00-DX1.3E9DFC22-E962-4C18-BF5B-27EBEA089F5D,TCGA-67-3773-01,TCGA-67-3773,10,8649.96,2102.52,0.0064,focal,/data1/deasy/Himangi/female_psg_negative_features/TCGA-67-3773/necrosis_feature_wsi_summary.csv,009be09b-f9f6-43b7-8f45-4a648f8123ce,TCGA-67-3773,2011-01-21 00:00:00,Lung Adenocarcinoma,YES,NO,Female,Lung,WHITE,NOT HISPANIC OR LATINO,[Not Available],No,L-Lower,Central Lung,2009,[Not Available],[Not Available],R0,6th,T2,N0,M0,Stage IB,[Not Applicable],[Not Applicable],[Not Applicable],[Not Applicable],[Not Available],[Not Available],[Not Available],[Not Available],[Not Available],[Not Available],NO,[Not Available],[Not Available],NO,[Not Available],NO,[Not Available],3,No,[Not Available],[Not Available],[Not Available],[Not Available],[Not Available],[Not Available],[Not Available],[Not Available],[Not Available],TUMOR FREE,[Not Available],84,[Not Applicable],0,[Not Available],[Not Available],[Not Available],[Not Available],[Not Applicable],[Not Available],[Not Available],[Not Available],[Not Available],C34.3,8140/3,C34.3,YES,[Not Available],[Not Available],[Not Available],[Not Available],[Not Available],67,0:LIVING,14.03,0:DiseaseFree,14.03,matched
TCGA-67-3774-01Z-00-DX1.FE85FDCB-91D2-47C5-8D13-D622A51A7BE0,TCGA-67-3774-01,TCGA-67-3774,3,448.41,159.93,0.0014,focal,/data1/deasy/Himangi/female_psg_negative_features/TCGA-67-3774/necrosis_feature_wsi_summary.csv,36ad7fc7-0cc1-4f01-aef1-f89b3cb4feac,TCGA-67-3774,2011-03-03 00:00:00,Lung Adenocarcinoma,YES,NO,Female,Lung,WHITE,NOT HISPANIC OR LATINO,[Not Available],No,L-Lower,[Not Available],2009,[Not Available],[Not Available],RX,6th,T2,N0,M0,Stage IB,[Not Applicable],[Not Applicable],[Not Applicable],[Not Applicable],[Not Available],[Not Available],[Not Available],[Not Available],[Not Available],[Not Available],NO,[Not Available],[Not Available],NO,[Not Available],NO,[Not Available],3,No,[Not Available],[Not Available],[Not Available],[Not Available],[Not Available],[Not Available],[Not Available],[Not Available],[Not Available],TUMOR FREE,[Not Available],73,[Not Applicable],0,[Not Available],[Not Available],[Not Available],[Not Available],[Not Applicable],[Not Available],[Not Available],[Not Available],[Not Available],C34.3,8140/3,C34.3,YES,[Not Available],[Not Available],[Not Available],[Not Available],[Not Available],67,0:LIVING,12.65,0:DiseaseFree,12.65,matched
TCGA-67-6215-01Z-00-DX1.c014ffaf-6db8-42ef-a50c-9de98d6a5345,TCGA-67-6215-01,TCGA-67-6215,2,265.31,156.51,0.0024,focal,/data1/deasy/Himangi/female_psg_negative_features/TCGA-67-6215/necrosis_feature_wsi_summary.csv,dbd5b0de-94c9-45dd-afb3-6820a7ecaca2,TCGA-67-6215,2011-06-02 00:00:00,Lung Adenocarcinoma,YES,NO,Female,Lung,WHITE,NOT HISPANIC OR LATINO,[Not Available],No,R-Lower,Central Lung,2010,[Not Available],[Not Available],R0,7th,T2a,N0,M0,Stage IB,[Not Applicable],[Not Applicable],[Not Applicable],[Not Applicable],[Not Available],[Not Available],[Not Available],[Not Available],[Not Available],[Not Available],NO,[Not Available],[Not Available],NO,[Not Available],NO,[Not Available],1,No,[Not Available],[Not Available],[Not Available],[Not Available],2,Post-Adjuvant Therapy,[Not Available],[Not Available],[Not Available],TUMOR FREE,[Not Available],52,[Not Applicable],0,[Not Available],[Not Available],[Not Available],[Not Available],[Not Applicable],[Not Available],[Not Available],[Not Available],[Not Available],C34.3,8140/3,C34.3,YES,[Not Available],[Not Available],[Not Available],[Not Available],[Not Available],67,0:LIVING,5.72,0:DiseaseFree,5.72,matched
TCGA-67-6216-01Z-00-DX1.04da6a64-bd3a-48ed-bc99-d651e00a1aa4,TCGA-67-6216-01,TCGA-67-6216,3,0.0,0.0,0.0,absent,/data1/deasy/Himangi/female_psg_negative_features/TCGA-67-6216/necrosis_feature_wsi_summary.csv,ccecce70-dd54-4c5b-bf9f-ca87d290cb00,TCGA-67-6216,2011-06-03 00:00:00,Lung Adenocarcinoma,YES,NO,Female,Lung,WHITE,NOT HISPANIC OR LATINO,[Not Available],No,R-Middle,Central Lung,2010,[Not Available],[Not Available],R0,7th,T1a,N0,M0,Stage IA,[Not Applicable],[Not Applicable],[Not Applicable],[Not Applicable],[Not Available],[Not Available],[Not Available],[Not Available],[Not Available],[Not Available],NO,[Not Available],[Not Available],NO,[Not Available],NO,[Not Available],1,No,[Not Available],[Not Available],[Not Available],[Not Available],[Not Available],[Not Available],[Not Available],[Not Available],[Not Available],TUMOR FREE,[Not Available],57,[Not Applicable],0,[Not Available],[Not Available],[Not Available],[Not Available],[Not Applicable],[Not Available],[Not Available],[Not Available],[Not Available],C34.2,8140/3,C34.2,YES,[Not Available],[Not Available],[Not Available],[Not Available],[Not Available],67,0:LIVING,4.63,0:DiseaseFree,4.63,matched
TCGA-67-6217-01Z-00-DX1.3fa5c69b-60d1-41fb-a86f-48f77d81285f,TCGA-67-6217-01,TCGA-67-6217,26,40192.94,10283.77,0.011,focal,/data1/deasy/Himangi/female_psg_negative_features/TCGA-67-6217/necrosis_feature_wsi_summary.csv,108a71cf-b9db-47cd-aa74-c03ec989b41b,TCGA-67-6217,2011-06-06 00:00:00,Lung Adenocarcinoma,YES,NO,Female,Lung,WHITE,NOT HISPANIC OR LATINO,[Not Available],Yes,L-Upper,Central Lung,2010,[Not Available],[Not Available],R0,7th,T2a,N1,M0,Stage IIA,[Not Applicable],[Not Applicable],[Not Applicable],[Not Applicable],[Not Available],[Not Available],[Not Available],[Not Available],[Not Available],[Not Available],YES,NO,[Not Available],YES,L858R,YES,RT-PCR,3,No,[Not Available],1965,[Not Available],[Not Available],[Not Available],[Not Available],[Not Available],[Not Available],[Not Available],WITH TUMOR,[Not Available],73,[Not Applicable],0,[Not Available],[Not Available],[Not Available],[Not Available],[Not Applicable],[Not Available],[Not Available],[Not Available],[Not Available],C34.1,8140/3,C34.1,YES,[Not Available],[Not Available],[Not Available],[Not Available],[Not Available],67,0:LIVING,13.86,1:Recurred/Progressed,9.72,matched
TCGA-69-7973-01Z-00-DX1.aefb015a-cb51-425f-a80f-cd51091a0ee3,TCGA-69-7973-01,TCGA-69-7973,5,10309.16,1348.93,0.0439,focal,/data1/deasy/Himangi/female_psg_negative_features/TCGA-69-7973/necrosis_feature_wsi_summary.csv,dc9eaaa0-0bfd-46d0-994f-310826879da4,TCGA-69-7973,2012-04-02 00:00:00,Lung Adenocarcinoma,NO,YES,Female,Lung,WHITE,NOT HISPANIC OR LATINO,[Not Available],No,R-Middle,Central Lung,2011,[Not Available],[Not Available],[Not Available],7th,T2a,N0,M0,Stage IB,[Not Applicable],[Not Applicable],[Not Applicable],[Not Applicable],NO,[Not Available],[Not Available],[Not Available],[Not Available],[Not Available],[Not Available],[Not Available],[Not Available],YES,[Not Available],[Not Available],[Not Available],4,No,[Not Available],2011,25,[Not Available],1,Pre-Adjuvant Therapy,[Not Available],[Not Available],[Not Available],TUMOR FREE,[Not Available],42,[Not Applicable],0,[Not Available],[Not Available],[Not Available],[Not Available],[Not Applicable],[Not Available],[Not Available],[Not Available],[Not Available],C34.2,8255/3,C34.2,YES,[Not Available],[Not Available],[Not Available],[Not Available],[Not Available],69,0:LIVING,7.56,0:DiseaseFree,7.56,matched
TCGA-69-7979-01Z-00-DX1.c9bc265d-4889-4333-9852-b8b535887f1e,TCGA-69-7979-01,TCGA-69-7979,36,116502.97,5502.34,0.0296,focal,/data1/deasy/Himangi/female_psg_negative_features/TCGA-69-7979/necrosis_feature_wsi_summary.csv,a5bd7d50-9c14-49e6-89cf-6bf440c42309,TCGA-69-7979,2012-04-09 00:00:00,Lung Adenocarcinoma,NO,YES,Female,Lung,WHITE,NOT HISPANIC OR LATINO,[Not Available],No,R-Upper,[Not Available],2011,[Not Available],[Not Available],[Not Available],7th,T2a,N0,MX,Stage IB,[Not Applicable],[Not Applicable],[Not Applicable],[Not Applicable],YES,59,64,70,71,[Not Available],NO,[Not Available],[Not Available],NO,[Not Available],NO,[Not Available],2,No,1955,[Not Available],28,[Not Available],[Not Available],[Not Available],[Not Available],[Not Available],[Not Available],[Not Available],[Not Available],71,[Not Applicable],0,[Not Available],[Not Available],[Not Available],[Not Available],[Not Applicable],[Not Available],[Not Available],[Not Available],[Not Available],C34.1,8550/3,C34.1,YES,[Not Available],[Not Available],[Not Available],[Not Available],[Not Available],69,0:LIVING,13.4,0:DiseaseFree,13.4,matched
TCGA-69-7980-01Z-00-DX1.8bbf8cc0-eca7-49e5-a022-c22e3e6ed6dc,TCGA-69-7980-01,TCGA-69-7980,47,136311.18,31662.25,0.0201,focal,/data1/deasy/Himangi/female_psg_negative_features/TCGA-69-7980/necrosis_feature_wsi_summary.csv,aee86a89-0377-4080-b16c-408bfbe78687,TCGA-69-7980,2012-04-09 00:00:00,Lung Adenocarcinoma,YES,NO,Female,Lung,WHITE,NOT HISPANIC OR LATINO,[Not Available],No,R-Upper,[Not Available],2011,[Not Available],[Not Available],[Not Available],7th,T1b,N0,M0,Stage I,[Not Applicable],[Not Applicable],[Not Applicable],[Not Applicable],YES,92,[Not Available],86,[Not Available],71,NO,[Not Available],[Not Available],YES,Other,NO,[Not Available],4,No,[Not Available],2001,80,[Not Available],[Not Available],[Not Available],[Not Available],[Not Available],[Not Available],TUMOR FREE,[Not Available],70,[Not Applicable],0,[Not Available],[Not Available],[Not Available],[Not Available],[Not Applicable],[Not Available],[Not Available],[Not Available],[Not Available],C34.1,8550/3,C34.1,YES,[Not Available],[Not Available],[Not Available],[Not Available],[Not Available],69,0:LIVING,13.5,0:DiseaseFree,13.5,matched
TCGA-69-8253-01Z-00-DX1.631c741f-46bd-4d4b-8f6c-64787fb4c402,TCGA-69-8253-01,TCGA-69-8253,10,36381.01,9391.97,0.0464,focal,/data1/deasy/Himangi/female_psg_negative_features/TCGA-69-8253/necrosis_feature_wsi_summary.csv,44d8c859-4b7a-4e9d-bffc-0de0e6afdcc4,TCGA-69-8253,2012-06-01 00:00:00,Lung Adenocarcinoma,YES,NO,Female,Lung,BLACK OR AFRICAN AMERICAN,NOT HISPANIC OR LATINO,[Not Available],No,R-Lower,[Not Available],2012,[Not Available],[Not Available],[Not Available],7th,T1a,N1,MX,Stage IIA,[Not Applicable],[Not Applicable],[Not Applicable],[Not Applicable],YES,87,[Not Available],[Not Available],[Not Available],[Not Available],NO,[Not Available],[Not Available],NO,[Not Available],NO,[Not Available],4,No,1972,2011,7.8,[Not Available],2,Pre-Adjuvant Therapy,NO,[Not Available],[Not Available],[Not Available],NO,59,[Not Applicable],0,[Not Available],[Not Available],[Not Available],[Not Available],[Not Applicable],[Not Available],[Not Available],[Not Available],[Not Available],C34.3,8255/3,C34.3,YES,[Not Available],[Not Available],[Not Available],[Not Available],YES,69,0:LIVING,13.99,0:DiseaseFree,13.99,matched
TCGA-71-6725-01Z-00-DX1.b9e1d4aa-439d-481f-b24b-134c4e470f28,TCGA-71-6725-01,TCGA-71-6725,14,92386.95,21255.34,0.1272,present,/data1/deasy/Himangi/female_psg_negative_features/TCGA-71-6725/necrosis_feature_wsi_summary.csv,4b7cd595-e7f9-45a8-b736-a8c7c42d9539,TCGA-71-6725,2011-08-09 00:00:00,Lung Adenocarcinoma,YES,NO,Female,Lung,ASIAN,NOT HISPANIC OR LATINO,[Not Available],No,R-Upper,[Not Available],2011,[Not Available],[Not Available],RX,6th,T2,N0,M0,Stage IB,[Not Applicable],[Not Applicable],[Not Applicable],[Not Applicable],[Not Available],[Not Available],[Not Available],[Not Available],[Not Available],[Not Available],[Not Available],[Not Available],[Not Available],[Not Available],[Not Available],[Not Available],[Not Available],2,No,[Not Available],[Not Available],[Not Available],60,[Not Available],[Not Available],[Not Available],[Not Available],[Not Available],TUMOR FREE,[Not Available],48,[Not Applicable],0,[Not Available],[Not Available],[Not Available],[Not Available],[Not Applicable],[Not Available],[Not Available],[Not Available],[Not Available],C34.1,8260/3,C34.1,YES,[Not Available],[Not Available],[Not Available],[Not Available],[Not Available],71,0:LIVING,8.41,1:Recurred/Progressed,5.39,matched
TCGA-71-8520-01Z-00-DX1.EAE99132-A397-4B4D-8B09-CBB774A7B62F,TCGA-71-8520-01,TCGA-71-8520,6,835.31,391.88,0.0016,focal,/data1/deasy/Himangi/female_psg_negative_features/TCGA-71-8520/necrosis_feature_wsi_summary.csv,37884d39-64e8-4242-b6bd-4c0a1daa21cd,TCGA-71-8520,2013-04-15 00:00:00,Lung Adenocarcinoma,YES,NO,Female,Lung,ASIAN,NOT HISPANIC OR LATINO,[Not Available],No,L-Upper,[Not Available],2011,[Not Available],[Not Available],R0,7th,T2,N0,M0,Stage IB,[Not Applicable],[Not Applicable],[Not Applicable],[Not Applicable],NO,[Not Available],[Not Available],[Not Available],[Not Available],[Not Available],YES,NO,[Not Available],[Not Available],[Not Available],[Not Available],[Not Available],1,No,[Not Available],[Not Available],[Not Available],40,[Not Available],Preoperative,NO,[Not Available],Complete Remission/Response,TUMOR FREE,NO,60,[Not Applicable],0,[Not Available],[Not Available],[Not Available],[Not Available],[Not Applicable],[Not Available],[Not Available],[Not Available],[Not Available],C34.1,8140/3,C34.1,YES,[Not Available],[Not Available],[Not Available],[Not Available],NO,71,1:DECEASED,6.9,1:Recurred/Progressed,5.88,matched
TCGA-73-4658-01Z-00-DX1.d5beb44f-9d76-485a-8af4-407b0f1a610e,TCGA-73-4658-01,TCGA-73-4658,54,110176.27,30270.3,0.015,focal,/data1/deasy/Himangi/female_psg_negative_features/TCGA-73-4658/necrosis_feature_wsi_summary.csv,afb91740-2668-46d7-ba01-bb26153ad1c7,TCGA-73-4658,2011-06-15 00:00:00,Lung Adenocarcinoma,NO,YES,Female,Lung,WHITE,NOT HISPANIC OR LATINO,[Not Available],Yes,L-Lower,Central Lung,2004,[Not Available],[Not Available],R0,6th,T2,N0,M0,Stage IB,[Not Applicable],[Not Applicable],[Not Applicable],[Not Applicable],[Not Available],[Not Available],[Not Available],[Not Available],[Not Available],[Not Available],NO,[Not Available],[Not Available],NO,[Not Available],[Not Available],[Not Available],3,No,[Not Available],[Not Available],25,[Not Available],[Not Available],[Not Available],[Not Available],[Not Available],[Not Available],TUMOR FREE,[Not Available],80,[Not Applicable],0,[Not Available],[Not Available],[Not Available],[Not Available],[Not Applicable],[Not Available],[Not Available],[Not Available],[Not Available],C34.3,8140/3,C34.3,YES,[Not Available],[Not Available],[Not Available],[Not Available],[Not Available],73,1:DECEASED,52.56,[Not Available],[Not Available],matched
TCGA-73-4662-01Z-00-DX1.76e23a15-0917-44ad-9181-50100d318003,TCGA-73-4662-01,TCGA-73-4662,8,20195.98,5644.87,0.0234,focal,/data1/deasy/Himangi/female_psg_negative_features/TCGA-73-4662/necrosis_feature_wsi_summary.csv,294ff941-aea1-4588-9a0e-e9f5393e2bb6,TCGA-73-4662,2011-01-06 00:00:00,Lung Adenocarcinoma,NO,YES,Female,Lung,WHITE,NOT HISPANIC OR LATINO,[Not Available],No,L-Upper,Peripheral Lung,2007,[Not Available],[Not Available],R0,6th,T1,N0,M0,Stage IA,[Not Applicable],[Not Applicable],[Not Applicable],[Not Applicable],YES,111,[Not Available],115,[Not Available],116,NO,[Not Available],[Not Available],NO,[Not Available],NO,[Not Available],3,No,1955,1972,10,100,0,Preoperative,[Not Available],[Not Available],[Not Available],TUMOR FREE,[Not Available],65,[Not Applicable],0,[Not Available],[Not Available],[Not Available],[Not Available],[Not Applicable],[Not Available],[Not Available],[Not Available],[Not Available],C34.1,8140/3,C34.1,YES,[Not Available],[Not Available],[Not Available],[Not Available],[Not Available],73,0:LIVING,82.62,1:Recurred/Progressed,0.69,matched
TCGA-73-7498-01Z-00-DX1.5313bba9-7f6a-49b4-8d6e-a0f46a04f189,TCGA-73-7498-01,TCGA-73-7498,11,19605.29,4961.18,0.0167,focal,/data1/deasy/Himangi/female_psg_negative_features/TCGA-73-7498/necrosis_feature_wsi_summary.csv,ad74c0e8-8878-4efc-997d-981cd547bc5b,TCGA-73-7498,2012-05-31 00:00:00,Lung Adenocarcinoma,NO,YES,Female,Lung,WHITE,NOT HISPANIC OR LATINO,[Not Available],"Yes, History of Synchronous/Bilateral Malignancy",R-Lower,Peripheral Lung,2010,[Not Available],[Not Available],R0,7th,T1b,N0,M0,Stage IA,[Not Applicable],[Not Applicable],[Not Applicable],[Not Applicable],YES,61.2,60.1,91.9,89.6,74,NO,[Not Available],[Not Available],NO,[Not Available],NO,[Not Available],4,No,1969,1997,28,80,1,Preoperative,NO,[Not Available],Complete Remission/Response,TUMOR FREE,NO,58,[Not Applicable],0,[Not Available],[Not Available],[Not Available],[Not Available],[Not Applicable],[Not Available],[Not Available],[Not Available],[Not Available],C34.3,8252/3,C34.3,YES,[Not Available],[Not Available],[Not Available],[Not Available],YES,73,0:LIVING,39.06,0:DiseaseFree,39.06,matched
TCGA-75-5147-01Z-00-DX1.3156FA5C-9737-4EAA-989C-FD578FBF15A1,TCGA-75-5147-01,TCGA-75-5147,1,654.78,155.0,0.0039,focal,/data1/deasy/Himangi/female_psg_negative_features/TCGA-75-5147/necrosis_feature_wsi_summary.csv,d2824e6d-3784-45c2-9b0f-52b17356b5da,TCGA-75-5147,2011-04-06 00:00:00,Lung Adenocarcinoma,NO,YES,Female,Lung,[Not Available],[Not Available],[Not Available],No,R-Upper,Peripheral Lung,[Not Available],[Not Available],[Not Available],R0,6th,T2,N0,M0,Stage IB,[Not Applicable],[Not Applicable],[Not Applicable],[Not Applicable],[Not Available],[Not Available],[Not Available],[Not Available],[Not Available],[Not Available],NO,[Not Available],[Not Available],NO,[Not Available],NO,[Not Available],1,No,[Not Available],[Not Available],[Not Available],[Not Available],[Not Available],Other,[Not Available],[Not Available],[Not Available],TUMOR FREE,[Not Available],,[Not Applicable],[Not Available],[Not Available],[Not Available],[Not Available],[Not Available],[Not Applicable],[Not Available],[Not Available],[Not Available],[Not Available],C34.1,8252/3,C34.1,YES,[Not Available],[Not Available],[Not Available],[Not Available],[Not Available],75,0:LIVING,43.79,0:DiseaseFree,43.79,matched
TCGA-75-6212-01Z-00-DX1.FCB36956-DF6C-485D-8E7A-922A2BDAE669,TCGA-75-6212-01,TCGA-75-6212,3,2788.25,911.7,0.0102,focal,/data1/deasy/Himangi/female_psg_negative_features/TCGA-75-6212/necrosis_feature_wsi_summary.csv,23069f19-eba5-4ea5-ae7d-1ee4399ce7c1,TCGA-75-6212,2011-07-21 00:00:00,Lung Adenocarcinoma,NO,YES,Female,Lung,[Not Available],[Not Available],[Not Available],No,L-Lower,Peripheral Lung,[Not Available],[Not Available],[Not Available],R0,6th,T2,N1,M0,Stage IIB,[Not Applicable],[Not Applicable],[Not Applicable],[Not Applicable],[Not Available],[Not Available],[Not Available],[Not Available],[Not Available],[Not Available],[Not Available],[Not Available],[Not Available],[Not Available],[Not Available],[Not Available],[Not Available],1,No,[Not Available],[Not Available],[Not Available],[Not Available],[Not Available],[Not Available],[Not Available],[Not Available],[Not Available],TUMOR FREE,[Not Available],,[Not Applicable],[Not Available],[Not Available],[Not Available],[Not Available],[Not Available],[Not Applicable],[Not Available],[Not Available],[Not Available],[Not Available],C34.3,8507/3,C34.3,YES,[Not Available],[Not Available],[Not Available],[Not Available],[Not Available],75,1:DECEASED,49.8,1:Recurred/Progressed,44.02,matched
TCGA-78-7145-01Z-00-DX1.ecde66bf-2de8-4e31-b3ab-4fed4f055dda,TCGA-78-7145-01,TCGA-78-7145,10,57519.61,8118.31,0.0729,present,/data1/deasy/Himangi/female_psg_negative_features/TCGA-78-7145/necrosis_feature_wsi_summary.csv,4ef872e1-82c9-4939-9248-41ed9d3085b2,TCGA-78-7145,2011-09-23 00:00:00,Lung Adenocarcinoma,NO,YES,Female,Lung,WHITE,[Not Available],[Not Available],No,R-Middle,Peripheral Lung,2000,[Not Available],[Not Available],R1,6th,T4,N1,M1,Stage IV,[Not Applicable],[Not Applicable],[Not Applicable],[Not Applicable],[Not Available],[Not Available],[Not Available],[Not Available],[Not Available],[Not Available],NO,[Not Available],[Not Available],NO,[Not Available],NO,[Not Available],4,No,1973,1998,25,[Not Available],1,Preoperative,[Not Available],[Not Available],[Not Available],WITH TUMOR,[Not Available],52,[Not Applicable],0,[Not Available],[Not Available],[Not Available],[Not Available],[Not Applicable],[Not Available],[Not Available],[Not Available],[Not Available],C34.2,8140/3,C34.2,YES,[Not Available],[Not Available],[Not Available],[Not Available],[Not Available],78,1:DECEASED,27.14,1:Recurred/Progressed,13.86,matched
TCGA-78-7146-01Z-00-DX1.830209b2-94c5-4277-a7b6-b2f2634de0dc,TCGA-78-7146-01,TCGA-78-7146,2,4930.47,1412.83,0.0319,focal,/data1/deasy/Himangi/female_psg_negative_features/TCGA-78-7146/necrosis_feature_wsi_summary.csv,ff9def3d-17e5-4ef6-b74e-933f11ed6f00,TCGA-78-7146,2011-09-28 00:00:00,Lung Adenocarcinoma,NO,YES,Female,Lung,WHITE,[Not Available],[Not Available],No,L-Lower,Peripheral Lung,1999,[Not Available],[Not Available],R0,6th,T2,N2,M0,Stage IIIA,[Not Applicable],[Not Applicable],[Not Applicable],[Not Applicable],[Not Available],[Not Available],[Not Available],[Not Available],[Not Available],[Not Available],NO,[Not Available],[Not Available],NO,[Not Available],NO,[Not Available],4,No,1988,1998,6,[Not Available],1,Preoperative,[Not Available],[Not Available],[Not Available],[Not Available],[Not Available],71,[Not Applicable],0,[Not Available],[Not Available],[Not Available],[Not Available],[Not Applicable],[Not Available],[Not Available],[Not Available],[Not Available],C34.3,8255/3,C34.3,YES,[Not Available],[Not Available],[Not Available],[Not Available],[Not Available],78,1:DECEASED,5.68,[Not Available],[Not Available],matched
TCGA-78-7147-01Z-00-DX1.a9fd2c5d-b8f3-4524-bd64-6c3362ce373b,TCGA-78-7147-01,TCGA-78-7147,88,183208.87,58419.33,0.0168,focal,/data1/deasy/Himangi/female_psg_negative_features/TCGA-78-7147/necrosis_feature_wsi_summary.csv,e7d30bc2-42e8-49c5-a5b3-9f58411b007a,TCGA-78-7147,2011-09-28 00:00:00,Lung Adenocarcinoma,NO,YES,Female,Lung,WHITE,[Not Available],[Not Available],No,R-Upper,Peripheral Lung,2001,[Not Available],[Not Available],R0,6th,T2,N1,M0,Stage IIB,[Not Applicable],[Not Applicable],[Not Applicable],[Not Applicable],[Not Available],[Not Available],[Not Available],[Not Available],[Not Available],[Not Available],NO,[Not Available],[Not Available],NO,[Not Available],NO,[Not Available],2,No,1950,[Not Available],50,[Not Available],1,Preoperative,[Not Available],[Not Available],[Not Available],WITH TUMOR,[Not Available],67,[Not Applicable],0,[Not Available],[Not Available],[Not Available],[Not Available],[Not Applicable],[Not Available],[Not Available],[Not Available],[Not Available],C34.1,8140/3,C34.1,YES,[Not Available],[Not Available],[Not Available],[Not Available],[Not Available],78,1:DECEASED,19.25,1:Recurred/Progressed,18.99,matched
TCGA-78-7153-01Z-00-DX1.5190321a-f1aa-4c6e-b4b9-6767b779682b,TCGA-78-7153-01,TCGA-78-7153,12,28904.93,10853.58,0.0208,focal,/data1/deasy/Himangi/female_psg_negative_features/TCGA-78-7153/necrosis_feature_wsi_summary.csv,c353f949-5f66-4a2c-b8f0-17be8bf19e0a,TCGA-78-7153,2011-09-29 00:00:00,Lung Adenocarcinoma,NO,YES,Female,Lung,WHITE,[Not Available],[Not Available],No,R-Upper,Peripheral Lung,2003,[Not Available],[Not Available],R0,6th,T2,N0,M0,Stage IB,[Not Applicable],[Not Applicable],[Not Applicable],[Not Applicable],NO,[Not Available],[Not Available],[Not Available],[Not Available],[Not Available],NO,[Not Available],[Not Available],NO,[Not Available],NO,[Not Available],4,No,1948,1988,20,[Not Available],0,Preoperative,[Not Available],[Not Available],[Not Available],[Not Available],[Not Available],65,[Not Applicable],0,[Not Available],[Not Available],[Not Available],[Not Available],[Not Applicable],[Not Available],[Not Available],[Not Available],[Not Available],C34.8,8255/3,C34.8,YES,[Not Available],[Not Available],[Not Available],[Not Available],[Not Available],78,0:LIVING,119.42,0:DiseaseFree,119.42,matched
TCGA-78-7158-01Z-00-DX1.74db3dcd-2715-4ce7-8e48-30c8b7946ba0,TCGA-78-7158-01,TCGA-78-7158,23,51089.3,18401.86,0.0219,focal,/data1/deasy/Himangi/female_psg_negative_features/TCGA-78-7158/necrosis_feature_wsi_summary.csv,501c987e-d1eb-48a9-89eb-72a5062c90b4,TCGA-78-7158,2011-09-15 00:00:00,Lung Adenocarcinoma,NO,YES,Female,Lung,WHITE,[Not Available],[Not Available],No,L-Lower,Peripheral Lung,2007,[Not Available],[Not Available],R1,6th,T4,N2,M0,Stage IIIB,[Not Applicable],[Not Applicable],[Not Applicable],[Not Applicable],[Not Available],[Not Available],[Not Available],[Not Available],[Not Available],[Not Available],NO,[Not Available],[Not Available],NO,[Not Available],NO,[Not Available],4,No,1963,2005,14,[Not Available],1,Preoperative,[Not Available],[Not Available],[Not Available],WITH TUMOR,[Not Available],59,[Not Applicable],0,[Not Available],[Not Available],[Not Available],[Not Available],[Not Applicable],[Not Available],[Not Available],[Not Available],[Not Available],C34.3,8255/3,C34.3,YES,[Not Available],[Not Available],[Not Available],[Not Available],[Not Available],78,1:DECEASED,5.88,1:Recurred/Progressed,4.34,matched
TCGA-78-7159-01Z-00-DX1.399d865f-f4f9-4602-b15b-908be0afe459,TCGA-78-7159-01,TCGA-78-7159,5,46251.19,7515.53,0.1103,present,/data1/deasy/Himangi/female_psg_negative_features/TCGA-78-7159/necrosis_feature_wsi_summary.csv,4d153600-81f9-44fb-b485-6355ec306d6a,TCGA-78-7159,2011-09-27 00:00:00,Lung Adenocarcinoma,NO,YES,Female,Lung,WHITE,[Not Available],[Not Available],No,L-Upper,Peripheral Lung,2008,[Not Available],[Not Available],R0,6th,T1,NX,M0,Stage IA,[Not Applicable],[Not Applicable],[Not Applicable],[Not Applicable],[Not Available],[Not Available],[Not Available],[Not Available],[Not Available],[Not Available],NO,[Not Available],[Not Available],NO,[Not Available],NO,[Not Available],4,No,1965,2007,21,[Not Available],1,Preoperative,[Not Available],[Not Available],[Not Available],[Not Available],[Not Available],60,[Not Applicable],0,[Not Available],[Not Available],[Not Available],[Not Available],[Not Applicable],[Not Available],[Not Available],[Not Available],[Not Available],C34.1,8255/3,C34.1,YES,[Not Available],[Not Available],[Not Available],[Not Available],[Not Available],78,0:LIVING,64.85,0:DiseaseFree,64.85,matched
TCGA-78-7161-01Z-00-DX1.646cf15a-5961-4728-b9fe-fe3fff11831f,TCGA-78-7161-01,TCGA-78-7161,39,403879.74,45845.63,0.0788,present,/data1/deasy/Himangi/female_psg_negative_features/TCGA-78-7161/necrosis_feature_wsi_summary.csv,86faf16c-56fd-4b7b-a6b2-b4c83bec93e1,TCGA-78-7161,2011-10-27 00:00:00,Lung Adenocarcinoma,NO,YES,Female,Lung,WHITE,[Not Available],[Not Available],No,L-Upper,Peripheral Lung,2011,[Not Available],[Not Available],R1,7th,T3,N0,M0,Stage IIB,[Not Applicable],[Not Applicable],[Not Applicable],[Not Applicable],NO,[Not Available],[Not Available],[Not Available],[Not Available],[Not Available],NO,[Not Available],[Not Available],YES,[Not Available],NO,[Not Available],4,No,1961,1998,27.8,[Not Available],1,Preoperative,[Not Available],[Not Available],[Not Available],WITH TUMOR,[Not Available],69,[Not Applicable],0,[Not Available],[Not Available],[Not Available],[Not Available],[Not Applicable],[Not Available],[Not Available],[Not Available],[Not Available],C34.1,8255/3,C34.1,YES,[Not Available],[Not Available],[Not Available],[Not Available],[Not Available],78,1:DECEASED,9.56,1:Recurred/Progressed,5.32,matched
TCGA-78-7539-01Z-00-DX1.b838d859-2fb7-48d1-a442-d366ac404099,TCGA-78-7539-01,TCGA-78-7539,68,128075.41,40546.79,0.0142,focal,/data1/deasy/Himangi/female_psg_negative_features/TCGA-78-7539/necrosis_feature_wsi_summary.csv,7be86a90-6da8-4c01-8a7a-bc5cfef9894f,TCGA-78-7539,2012-01-19 00:00:00,Lung Adenocarcinoma,NO,YES,Female,Lung,WHITE,[Not Available],[Not Available],No,R-Upper,[Not Available],2011,[Not Available],[Not Available],R0,7th,T2b,N0,M0,Stage IIA,[Not Applicable],[Not Applicable],[Not Applicable],[Not Applicable],NO,[Not Available],[Not Available],[Not Available],[Not Available],[Not Available],NO,[Not Available],[Not Available],NO,[Not Available],NO,[Not Available],3,No,1953,1981,2.2,[Not Available],1,Preoperative,[Not Available],[Not Available],[Not Available],[Not Available],[Not Available],75,[Not Applicable],0,[Not Available],[Not Available],[Not Available],[Not Available],[Not Applicable],[Not Available],[Not Available],[Not Available],[Not Available],C34.1,8255/3,C34.1,YES,[Not Available],[Not Available],[Not Available],[Not Available],[Not Available],78,0:LIVING,25.99,1:Recurred/Progressed,22.6,matched
TCGA-78-7540-01Z-00-DX1.25c29857-0d5f-4e52-be0c-32c6686b653f,TCGA-78-7540-01,TCGA-78-7540,24,148617.03,34832.29,0.0633,present,/data1/deasy/Himangi/female_psg_negative_features/TCGA-78-7540/necrosis_feature_wsi_summary.csv,05534064-8b43-4c82-95da-70fd83bd6560,TCGA-78-7540,2012-01-18 00:00:00,Lung Adenocarcinoma,NO,YES,Female,Lung,WHITE,[Not Available],[Not Available],No,L-Lower,[Not Available],1999,[Not Available],[Not Available],R0,6th,T2,N0,M0,Stage IB,[Not Applicable],[Not Applicable],[Not Applicable],[Not Applicable],[Not Available],[Not Available],[Not Available],[Not Available],[Not Available],[Not Available],NO,[Not Available],[Not Available],NO,[Not Available],NO,[Not Available],1,No,[Not Available],[Not Available],[Not Available],[Not Available],0,Preoperative,[Not Available],[Not Available],[Not Available],[Not Available],[Not Available],66,[Not Applicable],0,[Not Available],[Not Available],[Not Available],[Not Available],[Not Applicable],[Not Available],[Not Available],[Not Available],[Not Available],C34.3,8253/3,C34.3,YES,[Not Available],[Not Available],[Not Available],[Not Available],[Not Available],78,1:DECEASED,39.32,[Not Available],[Not Available],matched
TCGA-78-8648-01Z-00-DX1.D3EAEF8E-E739-490F-BF48-A4796B0C0E7A,TCGA-78-8648-01,TCGA-78-8648,24,146069.87,16413.12,0.0556,present,/data1/deasy/Himangi/female_psg_negative_features/TCGA-78-8648/necrosis_feature_wsi_summary.csv,5ace9608-d38a-42f2-a877-ec7c9d211808,TCGA-78-8648,2012-10-23 00:00:00,Lung Adenocarcinoma,NO,YES,Female,Lung,[Not Available],[Not Available],[Not Available],No,R-Upper,Peripheral Lung,2002,[Not Available],[Not Available],R0,6th,T3,N0,M0,Stage IIB,[Not Applicable],[Not Applicable],[Not Applicable],[Not Applicable],YES,70,[Not Available],83,[Not Available],69,NO,[Not Available],[Not Available],NO,[Not Available],NO,[Not Available],2,No,1971,[Not Available],45,[Not Available],2,Preoperative,NO,[Not Available],[Not Available],[Not Available],YES,58,[Not Applicable],0,[Not Available],[Not Available],[Not Available],[Not Available],[Not Applicable],[Not Available],[Not Available],[Not Available],[Not Available],C34.1,8140/3,C34.1,YES,[Not Available],[Not Available],[Not Available],[Not Available],NO,78,1:DECEASED,39.72,1:Recurred/Progressed,23.65,matched
TCGA-78-8655-01Z-00-DX1.DC81D146-A4A6-411E-A5DC-C0689A8D445F,TCGA-78-8655-01,TCGA-78-8655,63,466097.33,109232.43,0.0582,present,/data1/deasy/Himangi/female_psg_negative_features/TCGA-78-8655/necrosis_feature_wsi_summary.csv,a905d275-9283-4fa6-bbbf-46019bd1bcb7,TCGA-78-8655,2012-10-23 00:00:00,Lung Adenocarcinoma,NO,YES,Female,Lung,[Not Available],[Not Available],[Not Available],No,L-Lower,Peripheral Lung,2003,[Not Available],[Not Available],R0,6th,T1,N0,M0,Stage IA,[Not Applicable],[Not Applicable],[Not Applicable],[Not Applicable],YES,128,[Not Available],70,[Not Available],93,NO,[Not Available],[Not Available],NO,[Not Available],NO,[Not Available],4,No,1981,2001,10,[Not Available],0,Preoperative,NO,[Not Available],Complete Remission/Response,[Not Available],[Not Available],77,[Not Applicable],0,[Not Available],[Not Available],[Not Available],[Not Available],[Not Applicable],[Not Available],[Not Available],[Not Available],[Not Available],C34.3,8255/3,C34.3,YES,[Not Available],[Not Available],[Not Available],[Not Available],NO,78,0:LIVING,77.53,0:DiseaseFree,77.53,matched
TCGA-78-8662-01Z-00-DX1.754A4C57-B5FA-4077-99E4-F6EFA6459410,TCGA-78-8662-01,TCGA-78-8662,18,33716.46,6168.48,0.018,focal,/data1/deasy/Himangi/female_psg_negative_features/TCGA-78-8662/necrosis_feature_wsi_summary.csv,16e64a1e-08b0-4c27-8c69-fa64551f8ca4,TCGA-78-8662,2012-10-23 00:00:00,Lung Adenocarcinoma,NO,YES,Female,Lung,[Not Available],[Not Available],[Not Available],No,R-Upper,Peripheral Lung,2000,[Not Available],[Not Available],R0,6th,T2,N0,M0,Stage IB,[Not Applicable],[Not Applicable],[Not Applicable],[Not Applicable],YES,96,[Not Available],64,[Not Available],76,NO,[Not Available],[Not Available],NO,[Not Available],NO,[Not Available],2,No,1964,[Not Available],45,[Not Available],0,Preoperative,NO,[Not Available],Complete Remission/Response,[Not Available],YES,53,[Not Applicable],0,[Not Available],[Not Available],[Not Available],[Not Available],[Not Applicable],[Not Available],[Not Available],[Not Available],[Not Available],C34.1,8140/3,C34.1,YES,[Not Available],[Not Available],[Not Available],[Not Available],NO,78,1:DECEASED,110.41,1:Recurred/Progressed,100,matched
TCGA-80-5608-01Z-00-DX1.CB85BA53-AF00-4C7D-8489-C2FF0F4F49AB,TCGA-80-5608-01,TCGA-80-5608,2,951.19,238.47,0.0056,focal,/data1/deasy/Himangi/female_psg_negative_features/TCGA-80-5608/necrosis_feature_wsi_summary.csv,5c06d97f-2aaa-43de-b085-09d7829356ba,TCGA-80-5608,2011-08-15 00:00:00,Lung Adenocarcinoma,NO,YES,Female,Lung,[Not Available],[Not Available],[Not Available],No,R-Upper,Peripheral Lung,[Not Available],[Not Available],[Not Available],R0,6th,T1,N0,M0,Stage IA,[Not Applicable],[Not Applicable],[Not Applicable],[Not Applicable],[Not Available],[Not Available],[Not Available],[Not Available],[Not Available],[Not Available],[Not Available],[Not Available],[Not Available],[Not Available],[Not Available],[Not Available],[Not Available],2,No,1972,[Not Available],26,[Not Available],1,Preoperative,[Not Available],[Not Available],[Not Available],TUMOR FREE,[Not Available],,[Not Applicable],[Not Available],[Not Available],[Not Available],[Not Available],[Not Available],[Not Applicable],[Not Available],[Not Available],[Not Available],[Not Available],C34.1,8140/3,C34.1,YES,[Not Available],[Not Available],[Not Available],[Not Available],[Not Available],80,0:LIVING,93.04,0:DiseaseFree,93.04,matched
TCGA-86-7714-01Z-00-DX1.8ee03c3b-013e-4dd5-aa0e-9c1a771cbdc5,TCGA-86-7714-01,TCGA-86-7714,8,6217.07,1708.73,0.0074,focal,/data1/deasy/Himangi/female_psg_negative_features/TCGA-86-7714/necrosis_feature_wsi_summary.csv,532c1852-76dd-489f-9380-36766d6e3c34,TCGA-86-7714,2011-07-12 00:00:00,Lung Adenocarcinoma,YES,NO,Female,Lung,BLACK OR AFRICAN AMERICAN,NOT HISPANIC OR LATINO,[Not Available],No,R-Lower,Peripheral Lung,2011,[Not Available],[Not Available],R0,7th,T1b,N2,M0,Stage IIIA,[Not Applicable],[Not Applicable],[Not Applicable],[Not Applicable],NO,[Not Available],[Not Available],[Not Available],[Not Available],[Not Available],NO,[Not Available],[Not Available],NO,[Not Available],[Not Available],[Not Available],2,No,1968,[Not Available],43,100,0,Preoperative,[Not Available],[Not Available],[Not Available],WITH TUMOR,[Not Available],61,[Not Applicable],0,[Not Available],[Not Available],[Not Available],[Not Available],[Not Applicable],[Not Available],[Not Available],[Not Available],[Not Available],C34.3,8255/3,C34.3,YES,[Not Available],[Not Available],[Not Available],[Not Available],[Not Available],86,1:DECEASED,20.53,[Not Available],[Not Available],matched
TCGA-86-7953-01Z-00-DX1.847865ce-df59-4677-bac2-ee88a258fe4e,TCGA-86-7953-01,TCGA-86-7953,34,163492.86,25918.64,0.051,present,/data1/deasy/Himangi/female_psg_negative_features/TCGA-86-7953/necrosis_feature_wsi_summary.csv,54775a66-08cc-4f38-98f2-e7b2b5cec994,TCGA-86-7953,2012-03-14 00:00:00,Lung Adenocarcinoma,YES,NO,Female,Lung,WHITE,NOT HISPANIC OR LATINO,[Not Available],No,L-Upper,Peripheral Lung,2011,[Not Available],[Not Available],RX,7th,T1b,N0,M0,Stage IA,[Not Applicable],[Not Applicable],[Not Applicable],[Not Applicable],NO,[Not Available],[Not Available],[Not Available],[Not Available],[Not Available],[Not Available],[Not Available],[Not Available],NO,[Not Available],[Not Available],[Not Available],1,No,[Not Available],[Not Available],[Not Available],[Not Available],[Not Available],[Not Available],[Not Available],[Not Available],[Not Available],TUMOR FREE,[Not Available],69,[Not Applicable],0,[Not Available],[Not Available],[Not Available],[Not Available],[Not Applicable],[Not Available],[Not Available],[Not Available],[Not Available],C34.1,8250/3,C34.1,YES,[Not Available],[Not Available],[Not Available],[Not Available],[Not Available],86,0:LIVING,32.75,0:DiseaseFree,32.75,matched
TCGA-86-7954-01Z-00-DX1.0a063ee6-18b7-4b66-9726-04fb452156cb,TCGA-86-7954-01,TCGA-86-7954,16,74771.74,12600.85,0.0519,present,/data1/deasy/Himangi/female_psg_negative_features/TCGA-86-7954/necrosis_feature_wsi_summary.csv,079ae0b3-b64b-4b8e-ab7d-225b8046568c,TCGA-86-7954,2012-03-30 00:00:00,Lung Adenocarcinoma,YES,NO,Female,Lung,WHITE,NOT HISPANIC OR LATINO,[Not Available],No,R-Lower,Peripheral Lung,2011,[Not Available],[Not Available],R0,7th,T2,N0,M0,Stage IB,[Not Applicable],[Not Applicable],[Not Applicable],[Not Applicable],NO,[Not Available],[Not Available],[Not Available],[Not Available],[Not Available],NO,[Not Available],[Not Available],NO,[Not Available],[Not Available],[Not Available],3,No,1963,1971,8,100,0,Preoperative,[Not Available],[Not Available],[Not Available],TUMOR FREE,[Not Available],68,[Not Applicable],0,[Not Available],[Not Available],[Not Available],[Not Available],[Not Applicable],[Not Available],[Not Available],[Not Available],[Not Available],C34.3,8250/3,C34.3,YES,[Not Available],[Not Available],[Not Available],[Not Available],[Not Available],86,0:LIVING,19.88,0:DiseaseFree,19.88,matched
TCGA-86-8074-01Z-00-DX1.0c34b434-8701-4060-a4ea-08a72371ee1e,TCGA-86-8074-01,TCGA-86-8074,22,58225.65,9580.63,0.0283,focal,/data1/deasy/Himangi/female_psg_negative_features/TCGA-86-8074/necrosis_feature_wsi_summary.csv,482eb2a7-6fed-4e4c-b1b6-14d6d869f855,TCGA-86-8074,2012-05-09 00:00:00,Lung Adenocarcinoma,YES,NO,Female,Lung,WHITE,NOT HISPANIC OR LATINO,[Not Available],No,L-Lower,Peripheral Lung,2011,[Not Available],[Not Available],R0,7th,T1b,N1,M0,Stage IIA,[Not Applicable],[Not Applicable],[Not Applicable],[Not Applicable],NO,[Not Available],[Not Available],[Not Available],[Not Available],[Not Available],NO,[Not Available],[Not Available],NO,[Not Available],NO,[Not Available],2,No,1970,[Not Available],40,80,2,[Not Available],[Not Available],[Not Available],[Not Available],TUMOR FREE,[Not Available],62,[Not Applicable],0,[Not Available],[Not Available],[Not Available],[Not Available],[Not Applicable],[Not Available],[Not Available],[Not Available],[Not Available],C34.3,8260/3,C34.3,YES,[Not Available],[Not Available],[Not Available],[Not Available],[Not Available],86,0:LIVING,0.79,0:DiseaseFree,0.79,matched
TCGA-86-8075-01Z-00-DX1.171bd8bd-af24-4770-b24b-732e675efd75,TCGA-86-8075-01,TCGA-86-8075,24,40630.3,7407.01,0.0188,focal,/data1/deasy/Himangi/female_psg_negative_features/TCGA-86-8075/necrosis_feature_wsi_summary.csv,8869000d-09d7-465a-ac32-54d1935c43e7,TCGA-86-8075,2012-05-16 00:00:00,Lung Adenocarcinoma,YES,NO,Female,Lung,WHITE,NOT HISPANIC OR LATINO,[Not Available],No,L-Upper,Peripheral Lung,2011,[Not Available],[Not Available],R0,7th,T2,N0,M0,Stage IB,[Not Applicable],[Not Applicable],[Not Applicable],[Not Applicable],NO,[Not Available],[Not Available],[Not Available],[Not Available],[Not Available],NO,[Not Available],[Not Available],NO,[Not Available],NO,[Not Available],1,No,[Not Available],[Not Available],[Not Available],80,2,Preoperative,[Not Available],[Not Available],[Not Available],TUMOR FREE,[Not Available],66,[Not Applicable],0,[Not Available],[Not Available],[Not Available],[Not Available],[Not Applicable],[Not Available],[Not Available],[Not Available],[Not Available],C34.1,8140/3,C34.1,YES,[Not Available],[Not Available],[Not Available],[Not Available],[Not Available],86,1:DECEASED,22.8,1:Recurred/Progressed,6.54,matched
TCGA-86-8278-01Z-00-DX1.6500afef-f0f0-4e7c-a6c0-60da81993641,TCGA-86-8278-01,TCGA-86-8278,7,5257.94,1513.97,0.0079,focal,/data1/deasy/Himangi/female_psg_negative_features/TCGA-86-8278/necrosis_feature_wsi_summary.csv,a816e355-be6f-4d16-b051-b6d86ed8cded,TCGA-86-8278,2012-06-06 00:00:00,Lung Adenocarcinoma,YES,NO,Female,Lung,WHITE,NOT HISPANIC OR LATINO,[Not Available],No,L-Lower,Peripheral Lung,2011,[Not Available],[Not Available],R0,7th,T2,N1,M0,Stage IIB,[Not Applicable],[Not Applicable],[Not Applicable],[Not Applicable],[Not Available],[Not Available],[Not Available],[Not Available],[Not Available],[Not Available],NO,[Not Available],[Not Available],[Not Available],[Not Available],[Not Available],[Not Available],1,No,[Not Available],[Not Available],[Not Available],80,2,[Not Available],[Not Available],[Not Available],Complete Remission/Response,TUMOR FREE,NO,63,[Not Applicable],0,[Not Available],[Not Available],[Not Available],[Not Available],[Not Applicable],[Not Available],[Not Available],[Not Available],[Not Available],C34.30,8480/3,C34.3,YES,[Not Available],[Not Available],[Not Available],[Not Available],[Not Available],86,0:LIVING,31.01,1:Recurred/Progressed,0.95,matched
TCGA-86-8280-01Z-00-DX1.52627b97-1cfa-4382-819b-949b58c0f995,TCGA-86-8280-01,TCGA-86-8280,36,55279.3,14478.16,0.0115,focal,/data1/deasy/Himangi/female_psg_negative_features/TCGA-86-8280/necrosis_feature_wsi_summary.csv,d8faa3a7-6b3f-4e69-8c88-184e41055bd7,TCGA-86-8280,2012-05-30 00:00:00,Lung Adenocarcinoma,YES,NO,Female,Lung,WHITE,NOT HISPANIC OR LATINO,[Not Available],No,L-Lower,Peripheral Lung,2011,[Not Available],[Not Available],R0,7th,T2b,N0,M0,Stage IIA,[Not Applicable],[Not Applicable],[Not Applicable],[Not Applicable],NO,[Not Available],[Not Available],[Not Available],[Not Available],[Not Available],NO,[Not Available],[Not Available],[Not Available],[Not Available],[Not Available],[Not Available],1,No,[Not Available],[Not Available],[Not Available],[Not Available],[Not Available],[Not Available],[Not Available],[Not Available],Complete Remission/Response,TUMOR FREE,NO,54,[Not Applicable],0,[Not Available],[Not Available],[Not Available],[Not Available],[Not Applicable],[Not Available],[Not Available],[Not Available],[Not Available],C34.3,8252/3,C34.3,YES,[Not Available],[Not Available],[Not Available],[Not Available],[Not Available],86,0:LIVING,23.03,0:DiseaseFree,23.03,matched
TCGA-86-8668-01Z-00-DX1.d720d486-02c7-4f98-8feb-e0e50a12c158,TCGA-86-8668-01,TCGA-86-8668,4,2257.03,509.17,0.0059,focal,/data1/deasy/Himangi/female_psg_negative_features/TCGA-86-8668/necrosis_feature_wsi_summary.csv,f2d8b332-2f03-46e5-a9d5-f163972e5fa7,TCGA-86-8668,2012-08-30 00:00:00,Lung Adenocarcinoma,YES,NO,Female,Lung,WHITE,NOT HISPANIC OR LATINO,[Not Available],No,L-Lower,Peripheral Lung,2012,[Not Available],[Not Available],R0,7th,T1b,N0,M0,Stage IA,[Not Applicable],[Not Applicable],[Not Applicable],[Not Applicable],NO,[Not Available],[Not Available],[Not Available],[Not Available],[Not Available],NO,[Not Available],[Not Available],[Not Available],[Not Available],[Not Available],[Not Available],1,No,[Not Available],[Not Available],[Not Available],100,0,Preoperative,[Not Available],[Not Available],Complete Remission/Response,TUMOR FREE,[Not Available],61,[Not Applicable],0,[Not Available],[Not Available],[Not Available],[Not Available],[Not Applicable],[Not Available],[Not Available],[Not Available],[Not Available],C34.3,8253/3,C34.3,YES,[Not Available],[Not Available],[Not Available],[Not Available],[Not Available],86,0:LIVING,13.9,0:DiseaseFree,13.9,matched
TCGA-86-8671-01Z-00-DX1.1fd0019c-df9d-48cc-9055-8de57759f273,TCGA-86-8671-01,TCGA-86-8671,14,10132.98,3865.15,0.006,focal,/data1/deasy/Himangi/female_psg_negative_features/TCGA-86-8671/necrosis_feature_wsi_summary.csv,c4cfa3cc-e305-42dd-be57-97efbb891659,TCGA-86-8671,2012-08-30 00:00:00,Lung Adenocarcinoma,YES,NO,Female,Lung,WHITE,NOT HISPANIC OR LATINO,[Not Available],No,R-Upper,Peripheral Lung,2012,[Not Available],[Not Available],R0,7th,T2b,N1,M0,Stage IIB,[Not Applicable],[Not Applicable],[Not Applicable],[Not Applicable],NO,[Not Available],[Not Available],[Not Available],[Not Available],[Not Available],[Not Available],[Not Available],[Not Available],[Not Available],[Not Available],[Not Available],[Not Available],1,No,[Not Available],[Not Available],[Not Available],90,1,Preoperative,[Not Available],[Not Available],Complete Remission/Response,WITH TUMOR,[Not Available],72,[Not Applicable],0,[Not Available],[Not Available],[Not Available],[Not Available],[Not Applicable],[Not Available],[Not Available],[Not Available],[Not Available],C34.1,8260/3,C34.1,YES,[Not Available],[Not Available],[Not Available],[Not Available],[Not Available],86,0:LIVING,27.56,0:DiseaseFree,27.56,matched
TCGA-86-A456-01Z-00-DX1.5C7CBF9B-0AE3-4776-9434-296AA0C605CC,TCGA-86-A456-01,TCGA-86-A456,18,32699.63,9989.62,0.0123,focal,/data1/deasy/Himangi/female_psg_negative_features/TCGA-86-A456/necrosis_feature_wsi_summary.csv,8E2ACA86-7CBA-4631-9F25-4D14219DBC6D,TCGA-86-A456,2012-12-06 00:00:00,Lung Adenocarcinoma,YES,NO,Female,Lung,ASIAN,NOT HISPANIC OR LATINO,[Not Available],No,L-Upper,Peripheral Lung,2012,[Not Available],[Not Available],R0,7th,T1a,N0,M0,Stage IA,[Not Applicable],[Not Applicable],[Not Applicable],[Not Applicable],NO,[Not Available],[Not Available],[Not Available],[Not Available],[Not Available],[Not Available],[Not Available],[Not Available],[Not Available],[Not Available],[Not Available],[Not Available],4,No,1974,2009,[Not Available],[Not Available],[Not Available],[Not Available],[Not Available],[Not Available],[Not Available],TUMOR FREE,[Not Available],78,[Not Applicable],0,[Not Available],[Not Available],[Not Available],[Not Available],[Not Applicable],[Not Available],[Not Available],[Not Available],[Not Available],C34.1,8260/3,C34.1,YES,[Not Available],[Not Available],[Not Available],[Not Available],[Not Available],86,0:LIVING,29.43,0:DiseaseFree,29.43,matched
TCGA-86-A4P7-01Z-00-DX1.37026DCF-5A81-4098-B444-C8A40CA168D0,TCGA-86-A4P7-01,TCGA-86-A4P7,19,15932.46,4149.24,0.0175,focal,/data1/deasy/Himangi/female_psg_negative_features/TCGA-86-A4P7/necrosis_feature_wsi_summary.csv,9E640FF7-996E-427B-B56C-519A1E23BAAB,TCGA-86-A4P7,2013-02-07 00:00:00,Lung Adenocarcinoma,YES,NO,Female,Lung,WHITE,NOT HISPANIC OR LATINO,[Not Available],No,L-Lower,Peripheral Lung,2012,[Not Available],[Not Available],R0,7th,T2a,N0,M0,Stage IB,[Not Applicable],[Not Applicable],[Not Applicable],[Not Applicable],NO,[Not Available],[Not Available],[Not Available],[Not Available],[Not Available],NO,[Not Available],[Not Available],NO,[Not Available],NO,[Not Available],1,No,[Not Available],[Not Available],[Not Available],100,0,Preoperative,[Not Available],[Not Available],Complete Remission/Response,TUMOR FREE,[Not Available],63,[Not Applicable],0,[Not Available],[Not Available],[Not Available],[Not Available],[Not Applicable],[Not Available],[Not Available],[Not Available],[Not Available],C34.3,8140/3,C34.3,YES,[Not Available],[Not Available],[Not Available],[Not Available],[Not Available],86,0:LIVING,13.63,0:DiseaseFree,13.63,matched
TCGA-86-A4P8-01Z-00-DX1.D65E8855-F7A1-4584-A501-BBFBC61C2DEB,TCGA-86-A4P8-01,TCGA-86-A4P8,7,932.44,235.15,0.0011,focal,/data1/deasy/Himangi/female_psg_negative_features/TCGA-86-A4P8/necrosis_feature_wsi_summary.csv,646910EE-5F5D-40AC-A21A-75790F89430A,TCGA-86-A4P8,2013-02-07 00:00:00,Lung Adenocarcinoma,YES,NO,Female,Lung,WHITE,NOT HISPANIC OR LATINO,[Not Available],No,R-Lower,[Not Available],2012,[Not Available],[Not Available],[Not Available],7th,T1b,N2,MX,Stage IIIA,[Not Applicable],[Not Applicable],[Not Applicable],[Not Applicable],YES,84,89,74,78,85,NO,[Not Available],[Not Available],YES,[Not Available],YES,FISH,1,No,[Not Available],[Not Available],[Not Available],[Not Available],[Not Available],[Not Available],[Not Available],[Not Available],Complete Remission/Response,[Not Available],[Not Available],59,[Not Applicable],0,[Not Available],[Not Available],[Not Available],[Not Available],[Not Applicable],[Not Available],[Not Available],[Not Available],[Not Available],C34.3,8140/3,C34.3,YES,[Not Available],[Not Available],[Not Available],[Not Available],[Not Available],86,0:LIVING,26.45,0:DiseaseFree,26.45,matched
TCGA-93-7347-01Z-00-DX1.a22b7163-07bd-4f6a-97c7-f1561c4d73cb,TCGA-93-7347-01,TCGA-93-7347,31,59000.6,10040.28,0.0189,focal,/data1/deasy/Himangi/female_psg_negative_features/TCGA-93-7347/necrosis_feature_wsi_summary.csv,ef03654a-dcf1-41ff-a67e-4f3fbf9ba807,TCGA-93-7347,2012-03-30 00:00:00,Lung Adenocarcinoma,YES,NO,Female,Lung,WHITE,NOT HISPANIC OR LATINO,[Not Available],No,R-Upper,Central Lung,2011,[Not Available],[Not Available],R0,7th,T1a,N0,MX,Stage IA,[Not Applicable],[Not Applicable],[Not Applicable],[Not Applicable],YES,84,84,62,61,70,NO,[Not Available],[Not Available],NO,[Not Available],NO,[Not Available],3,No,1952,1967,11,[Not Available],[Not Available],[Not Available],[Not Available],[Not Available],[Not Available],TUMOR FREE,[Not Available],76,[Not Applicable],0,[Not Available],[Not Available],[Not Available],[Not Available],[Not Applicable],[Not Available],[Not Available],[Not Available],[Not Available],C34.1,8255/3,C34.1,YES,[Not Available],[Not Available],[Not Available],[Not Available],[Not Available],93,0:LIVING,22.44,0:DiseaseFree,22.44,matched
TCGA-95-7043-01Z-00-DX1.AE0FD8AA-9B88-45FE-B247-402BED1285EF,TCGA-95-7043-01,TCGA-95-7043,13,12784.83,3039.64,0.0075,focal,/data1/deasy/Himangi/female_psg_negative_features/TCGA-95-7043/necrosis_feature_wsi_summary.csv,c650b1ff-8a4c-4ee9-b7c1-268c28c83827,TCGA-95-7043,2011-8-00,Lung Adenocarcinoma,YES,NO,Female,Lung,WHITE,NOT HISPANIC OR LATINO,[Not Available],Yes,R-Upper,[Not Available],2011,[Not Available],[Not Available],[Not Available],7th,T1a,N0,MX,Stage IA,[Not Applicable],[Not Applicable],[Not Applicable],[Not Applicable],NO,[Not Available],[Not Available],[Not Available],[Not Available],[Not Available],[Not Available],[Not Available],[Not Available],[Not Available],[Not Available],[Not Available],[Not Available],4,No,1964,2003,40,[Not Available],[Not Available],[Not Available],[Not Available],[Not Available],[Not Available],TUMOR FREE,[Not Available],63,[Not Applicable],0,[Not Available],[Not Available],[Not Available],[Not Available],[Not Applicable],[Not Available],[Not Available],[Not Available],[Not Available],C34.1,8255/3,C34.1,YES,[Not Available],[Not Available],[Not Available],[Not Available],[Not Available],95,1:DECEASED,16.52,[Not Available],[Not Available],matched
TCGA-95-A4VK-01Z-00-DX1.D09778E0-285E-4593-84C8-B6009DDF4E41,TCGA-95-A4VK-01,TCGA-95-A4VK,52,963652.12,51013.93,0.1532,present,/data1/deasy/Himangi/female_psg_negative_features/TCGA-95-A4VK/necrosis_feature_wsi_summary.csv,D344DAE0-ADF4-4697-B703-7690C13D8331,TCGA-95-A4VK,2013-02-21 00:00:00,Lung Adenocarcinoma,YES,NO,Female,Lung,WHITE,NOT HISPANIC OR LATINO,[Not Available],"Yes, History of Prior Malignancy",R-Upper,[Not Available],2012,[Not Available],[Not Available],RX,7th,T2b,N2,M0,Stage IIIA,[Not Applicable],[Not Applicable],[Not Applicable],[Not Applicable],YES,99,99,67,72,81,NO,[Not Available],[Not Available],YES,[Not Available],NO,[Not Available],3,No,1956,1986,45,[Not Available],[Not Available],[Not Available],YES,[Not Available],Stable Disease,TUMOR FREE,NO,74,[Not Applicable],0,[Not Available],[Not Available],[Not Available],[Not Available],[Not Applicable],[Not Available],[Not Available],[Not Available],[Not Available],C34.1,8255/3,C34.1,YES,[Not Available],[Not Available],[Not Available],[Not Available],YES,95,0:LIVING,21.39,1:Recurred/Progressed,16.29,matched
TCGA-95-A4VN-01Z-00-DX1.B997A80F-C396-40AB-808A-B70EB83A2B74,TCGA-95-A4VN-01,TCGA-95-A4VN,22,24242.47,2286.2,0.0127,focal,/data1/deasy/Himangi/female_psg_negative_features/TCGA-95-A4VN/necrosis_feature_wsi_summary.csv,389F78A3-FA0B-406C-9434-AA0298341A8C,TCGA-95-A4VN,2013-02-22 00:00:00,Lung Adenocarcinoma,YES,NO,Female,Lung,WHITE,NOT HISPANIC OR LATINO,[Not Available],"Yes, History of Prior Malignancy",R-Lower,[Not Available],2012,[Not Available],[Not Available],R0,7th,T2a,N1,M0,Stage IIA,[Not Applicable],[Not Applicable],[Not Applicable],[Not Applicable],YES,58,67,60,65,50,NO,[Not Available],[Not Available],YES,[Not Available],NO,[Not Available],4,No,1965,2007,42,[Not Available],[Not Available],[Not Available],NO,[Not Available],Stable Disease,TUMOR FREE,NO,62,[Not Applicable],0,[Not Available],[Not Available],[Not Available],[Not Available],[Not Applicable],[Not Available],[Not Available],[Not Available],[Not Available],C34.3,8140/3,C34.3,YES,[Not Available],[Not Available],[Not Available],[Not Available],NO,95,0:LIVING,18.17,0:DiseaseFree,18.17,matched
TCGA-95-A4VP-01Z-00-DX1.1B145AC0-2471-4974-BBB6-C88BDF0BE8BD,TCGA-95-A4VP-01,TCGA-95-A4VP,58,236329.89,32371.13,0.0337,focal,/data1/deasy/Himangi/female_psg_negative_features/TCGA-95-A4VP/necrosis_feature_wsi_summary.csv,9E22A3AF-7F28-4757-8684-ED64A2A27AD1,TCGA-95-A4VP,2013-02-22 00:00:00,Lung Adenocarcinoma,YES,NO,Female,Lung,WHITE,[Not Available],[Not Available],No,L-Lower,[Not Available],2012,[Not Available],[Not Available],[Not Available],7th,T2b,N2,M0,Stage IIIA,[Not Applicable],[Not Applicable],[Not Applicable],[Not Applicable],NO,[Not Available],[Not Available],[Not Available],[Not Available],[Not Available],NO,[Not Available],[Not Available],NO,[Not Available],NO,[Not Available],4,No,1972,2012,20,[Not Available],[Not Available],[Not Available],NO,[Not Available],Stable Disease,TUMOR FREE,NO,66,[Not Applicable],0,[Not Available],[Not Available],[Not Available],[Not Available],[Not Applicable],[Not Available],[Not Available],[Not Available],[Not Available],C34.3,8550/3,C34.3,YES,[Not Available],[Not Available],[Not Available],[Not Available],YES,95,0:LIVING,19.88,1:Recurred/Progressed,7.1,matched
TCGA-97-7546-01Z-00-DX1.dad9871f-cdfb-424d-a5b2-4e0905c29137,TCGA-97-7546-01,TCGA-97-7546,40,3802.41,1128.81,0.0012,focal,/data1/deasy/Himangi/female_psg_negative_features/TCGA-97-7546/necrosis_feature_wsi_summary.csv,1d90c9f3-5025-4867-a2f0-e455b6a254fa,TCGA-97-7546,2011-11-17 00:00:00,Lung Adenocarcinoma,NO,YES,Female,Lung,WHITE,NOT HISPANIC OR LATINO,[Not Available],No,L-Upper,[Not Available],2008,[Not Available],[Not Available],R0,6th,T1,N0,MX,Stage IA,[Not Applicable],[Not Applicable],[Not Applicable],[Not Applicable],YES,85,84,100,96,60,[Not Available],[Not Available],[Not Available],[Not Available],[Not Available],[Not Available],[Not Available],3,No,1963,1983,25,[Not Available],[Not Available],[Not Available],[Not Available],[Not Available],[Not Available],TUMOR FREE,[Not Available],76,[Not Applicable],0,[Not Available],[Not Available],[Not Available],[Not Available],[Not Applicable],[Not Available],[Not Available],[Not Available],[Not Available],C34.1,8550/3,C34.1,YES,[Not Available],[Not Available],[Not Available],[Not Available],[Not Available],97,0:LIVING,42.21,1:Recurred/Progressed,41.23,matched
TCGA-97-7547-01Z-00-DX1.3563966f-21ee-4405-9106-9e0bf8df9f1a,TCGA-97-7547-01,TCGA-97-7547,91,473235.15,90153.88,0.0401,focal,/data1/deasy/Himangi/female_psg_negative_features/TCGA-97-7547/necrosis_feature_wsi_summary.csv,6092bd5c-e97c-4a77-a4ad-c87623b17507,TCGA-97-7547,2011-11-17 00:00:00,Lung Adenocarcinoma,NO,YES,Female,Lung,WHITE,NOT HISPANIC OR LATINO,[Not Available],No,R-Upper,[Not Available],2007,[Not Available],[Not Available],[Not Available],6th,T2,N0,MX,Stage IB,[Not Applicable],[Not Applicable],[Not Applicable],[Not Applicable],YES,106,101,82,83,94,[Not Available],[Not Available],[Not Available],[Not Available],[Not Available],[Not Available],[Not Available],3,No,[Not Available],1986,30,[Not Available],[Not Available],[Not Available],[Not Available],[Not Available],[Not Available],TUMOR FREE,[Not Available],67,[Not Applicable],0,[Not Available],[Not Available],[Not Available],[Not Available],[Not Applicable],[Not Available],[Not Available],[Not Available],[Not Available],C34.1,8260/3,C34.1,YES,[Not Available],[Not Available],[Not Available],[Not Available],[Not Available],97,0:LIVING,64.55,1:Recurred/Progressed,37.68,matched
TCGA-97-7553-01Z-00-DX1.e31eec5e-0053-407a-b057-9b87555b122d,TCGA-97-7553-01,TCGA-97-7553,15,13659.05,4068.2,0.0083,focal,/data1/deasy/Himangi/female_psg_negative_features/TCGA-97-7553/necrosis_feature_wsi_summary.csv,37c8d73a-45ae-40fc-ba9a-721b755c1160,TCGA-97-7553,2011-11-17 00:00:00,Lung Adenocarcinoma,NO,YES,Female,Lung,WHITE,NOT HISPANIC OR LATINO,[Not Available],No,L-Lower,Central Lung,2007,[Not Available],[Not Available],[Not Available],6th,T1,N0,MX,Stage IA,[Not Applicable],[Not Applicable],[Not Applicable],[Not Applicable],YES,99,99,70,70,64,[Not Available],[Not Available],[Not Available],[Not Available],[Not Available],[Not Available],[Not Available],2,No,1967,[Not Available],20,[Not Available],[Not Available],[Not Available],[Not Available],[Not Available],[Not Available],TUMOR FREE,[Not Available],58,[Not Applicable],0,[Not Available],[Not Available],[Not Available],[Not Available],[Not Applicable],[Not Available],[Not Available],[Not Available],[Not Available],C34.3,8252/3,C34.3,YES,[Not Available],[Not Available],[Not Available],[Not Available],[Not Available],97,0:LIVING,61.43,0:DiseaseFree,61.43,matched
TCGA-97-7554-01Z-00-DX1.4107ca63-4642-42b9-b6f2-13778ecaf9a7,TCGA-97-7554-01,TCGA-97-7554,59,71480.74,12710.31,0.0087,focal,/data1/deasy/Himangi/female_psg_negative_features/TCGA-97-7554/necrosis_feature_wsi_summary.csv,a9644274-13bb-4228-9b4f-14260ccc26eb,TCGA-97-7554,2011-11-17 00:00:00,Lung Adenocarcinoma,NO,YES,Female,Lung,WHITE,NOT HISPANIC OR LATINO,[Not Available],No,L-Lower,[Not Available],2010,[Not Available],[Not Available],R0,7th,T2a,N2,M0,Stage IIIA,[Not Applicable],[Not Applicable],[Not Applicable],[Not Applicable],YES,68,75,76,75,53,YES,YES,G12V,[Not Available],[Not Available],[Not Available],[Not Available],3,No,1945,1983,30,[Not Available],0,Preoperative,[Not Available],[Not Available],[Not Available],TUMOR FREE,[Not Available],83,[Not Applicable],0,[Not Available],[Not Available],[Not Available],[Not Available],[Not Applicable],[Not Available],[Not Available],[Not Available],[Not Available],C34.3,8260/3,C34.3,YES,[Not Available],[Not Available],[Not Available],[Not Available],[Not Available],97,0:LIVING,25.46,0:DiseaseFree,25.46,matched
TCGA-97-7941-01Z-00-DX1.6845ef95-2231-44a2-aeae-004a117f1964,TCGA-97-7941-01,TCGA-97-7941,48,91654.15,22945.84,0.0187,focal,/data1/deasy/Himangi/female_psg_negative_features/TCGA-97-7941/necrosis_feature_wsi_summary.csv,b266cbf5-80de-4473-b16f-08c502d365ca,TCGA-97-7941,2012-02-13 00:00:00,Lung Adenocarcinoma,YES,NO,Female,Lung,WHITE,NOT HISPANIC OR LATINO,[Not Available],No,L-Upper,[Not Available],2011,[Not Available],[Not Available],R0,7th,T1b,N0,MX,Stage IA,[Not Applicable],[Not Applicable],[Not Applicable],[Not Applicable],YES,97,98,94,81,57,YES,YES,G12A,YES,[Not Available],NO,[Not Available],3,No,1960,1985,22.5,[Not Available],0,Preoperative,[Not Available],[Not Available],[Not Available],TUMOR FREE,[Not Available],72,[Not Applicable],0,[Not Available],[Not Available],[Not Available],[Not Available],[Not Applicable],[Not Available],[Not Available],[Not Available],[Not Available],C34.1,8550/3,C34.1,YES,[Not Available],[Not Available],[Not Available],[Not Available],[Not Available],97,0:LIVING,15.9,0:DiseaseFree,15.9,matched
TCGA-97-8177-01Z-00-DX1.4c2ddf48-40d3-4fa0-8b5f-0485e8270ac7,TCGA-97-8177-01,TCGA-97-8177,23,75022.54,17213.36,0.025,focal,/data1/deasy/Himangi/female_psg_negative_features/TCGA-97-8177/necrosis_feature_wsi_summary.csv,09078761-1c14-4d01-8e15-535c19a9b0f9,TCGA-97-8177,2012-06-13 00:00:00,Lung Adenocarcinoma,YES,NO,Female,Lung,WHITE,NOT HISPANIC OR LATINO,[Not Available],No,L-Lower,[Not Available],2012,[Not Available],[Not Available],[Not Available],7th,T2a,N0,M0,Stage IB,[Not Applicable],[Not Applicable],[Not Applicable],[Not Applicable],YES,106,109,80,82,97,YES,NO,[Not Available],YES,L858R,NO,[Not Available],1,No,[Not Available],[Not Available],[Not Available],[Not Available],0,Preoperative,NO,[Not Available],[Not Available],TUMOR FREE,NO,59,[Not Applicable],0,[Not Available],[Not Available],[Not Available],[Not Available],[Not Applicable],[Not Available],[Not Available],[Not Available],[Not Available],C34.3,8255/3,C34.3,YES,[Not Available],[Not Available],[Not Available],[Not Available],YES,97,0:LIVING,16.39,0:DiseaseFree,16.39,matched
TCGA-97-8552-01Z-00-DX1.69631717-0E05-49C1-B112-15C2E36BC2F8,TCGA-97-8552-01,TCGA-97-8552,21,14978.28,4108.46,0.0056,focal,/data1/deasy/Himangi/female_psg_negative_features/TCGA-97-8552/necrosis_feature_wsi_summary.csv,9ca1a26c-82e0-48b3-b3bb-2ed57086eeb1,TCGA-97-8552,2012-09-26 00:00:00,Lung Adenocarcinoma,YES,NO,Female,Lung,WHITE,NOT HISPANIC OR LATINO,[Not Available],No,L-Lower,[Not Available],2012,[Not Available],[Not Available],[Not Available],7th,T1a,N0,MX,Stage I,[Not Applicable],[Not Applicable],[Not Applicable],[Not Applicable],YES,95,[Not Available],77,[Not Available],75,YES,NO,[Not Available],YES,Exon 19 Deletion,NO,[Not Available],1,No,[Not Available],[Not Available],[Not Available],[Not Available],0,Preoperative,NO,[Not Available],Complete Remission/Response,TUMOR FREE,NO,55,[Not Applicable],0,[Not Available],[Not Available],[Not Available],[Not Available],[Not Applicable],[Not Available],[Not Available],[Not Available],[Not Available],C34.3,8252/3,C34.3,YES,[Not Available],[Not Available],[Not Available],[Not Available],NO,97,0:LIVING,20.57,0:DiseaseFree,20.57,matched
TCGA-97-A4M0-01Z-00-DX1.BDDFB04C-2475-485A-9A85-C4B9EB15155E,TCGA-97-A4M0-01,TCGA-97-A4M0,18,8877.37,2562.31,0.0045,focal,/data1/deasy/Himangi/female_psg_negative_features/TCGA-97-A4M0/necrosis_feature_wsi_summary.csv,DD63D0FD-E24B-40A5-88C5-7D3D4106631E,TCGA-97-A4M0,2013-03-07 00:00:00,Lung Adenocarcinoma,YES,NO,Female,Lung,WHITE,NOT HISPANIC OR LATINO,[Not Available],No,R-Upper,[Not Available],2012,[Not Available],[Not Available],[Not Available],7th,T2a,N0,M0,Stage IB,[Not Applicable],[Not Applicable],[Not Applicable],[Not Applicable],YES,97,[Not Available],90,[Not Available],[Not Available],YES,YES,G12C,NO,[Not Available],NO,[Not Available],4,No,1970,2004,34,[Not Available],0,Preoperative,NO,[Not Available],Complete Remission/Response,[Not Available],NO,60,[Not Applicable],0,[Not Available],[Not Available],[Not Available],[Not Available],[Not Applicable],[Not Available],[Not Available],[Not Available],[Not Available],C34.1,8255/3,C34.1,YES,[Not Available],[Not Available],[Not Available],[Not Available],NO,97,0:LIVING,21.42,0:DiseaseFree,21.42,matched
TCGA-97-A4M1-01Z-00-DX1.1C4B8247-BA3F-4841-BC9D-554F03F7894C,TCGA-97-A4M1-01,TCGA-97-A4M1,4,0.0,0.0,0.0,absent,/data1/deasy/Himangi/female_psg_negative_features/TCGA-97-A4M1/necrosis_feature_wsi_summary.csv,C0C879F7-C332-4D31-9F7E-A3BF361B36EE,TCGA-97-A4M1,2013-03-07 00:00:00,Lung Adenocarcinoma,YES,NO,Female,Lung,WHITE,NOT HISPANIC OR LATINO,[Not Available],No,R-Upper,[Not Available],2012,[Not Available],[Not Available],[Not Available],7th,T1a,N0,M0,Stage IA,[Not Applicable],[Not Applicable],[Not Applicable],[Not Applicable],YES,100,105,87,92,111,NO,[Not Available],[Not Available],NO,[Not Available],NO,[Not Available],3,No,1972,1975,3,[Not Available],0,Preoperative,NO,[Not Available],Complete Remission/Response,[Not Available],NO,52,[Not Applicable],0,[Not Available],[Not Available],[Not Available],[Not Available],[Not Applicable],[Not Available],[Not Available],[Not Available],[Not Available],C34.1,8255/3,C34.1,YES,[Not Available],[Not Available],[Not Available],[Not Available],NO,97,0:LIVING,19.74,0:DiseaseFree,19.74,matched
TCGA-97-A4M3-01Z-00-DX1.16330A66-2501-48D2-AF6A-713698BF6918,TCGA-97-A4M3-01,TCGA-97-A4M3,15,25555.28,6057.53,0.0147,focal,/data1/deasy/Himangi/female_psg_negative_features/TCGA-97-A4M3/necrosis_feature_wsi_summary.csv,575752F8-2788-43CD-AFDE-F0F600F39D18,TCGA-97-A4M3,2013-03-07 00:00:00,Lung Adenocarcinoma,YES,NO,Female,Lung,WHITE,NOT HISPANIC OR LATINO,[Not Available],"Yes, History of Prior Malignancy",R-Upper,[Not Available],2012,[Not Available],[Not Available],[Not Available],7th,T1b,N0,M0,Stage IA,[Not Applicable],[Not Applicable],[Not Applicable],[Not Applicable],YES,61,73,61,69,106,YES,NO,[Not Available],NO,[Not Available],NO,[Not Available],3,No,1959,1984,37.5,[Not Available],1,Preoperative,NO,[Not Available],Complete Remission/Response,[Not Available],YES,69,[Not Applicable],0,[Not Available],[Not Available],[Not Available],[Not Available],[Not Applicable],[Not Available],[Not Available],[Not Available],[Not Available],C34.1,8255/3,C34.1,YES,[Not Available],[Not Available],[Not Available],[Not Available],NO,97,0:LIVING,17.74,1:Recurred/Progressed,1.77,matched
TCGA-97-A4M6-01Z-00-DX1.01D83621-3D8E-4339-9F9B-CBD3083D5AE0,TCGA-97-A4M6-01,TCGA-97-A4M6,13,17657.69,5883.3,0.0191,focal,/data1/deasy/Himangi/female_psg_negative_features/TCGA-97-A4M6/necrosis_feature_wsi_summary.csv,31FF69B5-9E58-44DA-8326-BDFC7EE495C4,TCGA-97-A4M6,2013-03-07 00:00:00,Lung Adenocarcinoma,YES,NO,Female,Lung,WHITE,NOT HISPANIC OR LATINO,[Not Available],No,R-Lower,[Not Available],2012,[Not Available],[Not Available],[Not Available],7th,T1a,N0,M0,Stage IA,[Not Applicable],[Not Applicable],[Not Applicable],[Not Applicable],YES,110,116,95,95,92,YES,NO,[Not Available],YES,Exon 19 Deletion,NO,[Not Available],1,No,[Not Available],[Not Available],[Not Available],[Not Available],0,Preoperative,NO,[Not Available],Complete Remission/Response,[Not Available],NO,45,[Not Applicable],0,[Not Available],[Not Available],[Not Available],[Not Available],[Not Applicable],[Not Available],[Not Available],[Not Available],[Not Available],C34.3,8255/3,C34.3,YES,[Not Available],[Not Available],[Not Available],[Not Available],NO,97,0:LIVING,18.66,0:DiseaseFree,18.66,matched
TCGA-99-7458-01Z-00-DX1.10ea0b2c-c763-40d1-83a4-3d4ae957fdb0,TCGA-99-7458-01,TCGA-99-7458,4,2222.78,548.84,0.0054,focal,/data1/deasy/Himangi/female_psg_negative_features/TCGA-99-7458/necrosis_feature_wsi_summary.csv,96d93e23-bb0d-46a8-9685-5ed0d6b83059,TCGA-99-7458,2012-01-06 00:00:00,Lung Adenocarcinoma,NO,YES,Female,Lung,WHITE,NOT HISPANIC OR LATINO,[Not Available],No,R-Lower,[Not Available],2010,[Not Available],[Not Available],R0,7th,T4,N0,M0,Stage IIIA,[Not Applicable],[Not Applicable],[Not Applicable],[Not Applicable],[Not Available],[Not Available],[Not Available],[Not Available],[Not Available],[Not Available],YES,YES,G12A,YES,[Not Available],YES,RT-PCR,4,No,1958,2010,52,90,1,Preoperative,[Not Available],[Not Available],[Not Available],TUMOR FREE,[Not Available],74,[Not Applicable],0,[Not Available],[Not Available],[Not Available],[Not Available],[Not Applicable],[Not Available],[Not Available],[Not Available],[Not Available],C34.3,8252/3,C34.3,YES,[Not Available],[Not Available],[Not Available],[Not Available],[Not Available],99,0:LIVING,24.54,0:DiseaseFree,24.54,matched
TCGA-99-8025-01Z-00-DX1.76d4e012-91a7-4f1d-ba0f-4cecd812ec49,TCGA-99-8025-01,TCGA-99-8025,13,1425.47,255.31,0.0008,focal,/data1/deasy/Himangi/female_psg_negative_features/TCGA-99-8025/necrosis_feature_wsi_summary.csv,84c3ba70-afa7-4b69-be69-7ec8d6022c56,TCGA-99-8025,2012-06-25 00:00:00,Lung Adenocarcinoma,NO,YES,Female,Lung,BLACK OR AFRICAN AMERICAN,NOT HISPANIC OR LATINO,[Not Available],No,R-Upper,Central Lung,2010,[Not Available],[Not Available],R0,7th,T3,N2,M0,Stage IIIA,[Not Applicable],[Not Applicable],[Not Applicable],[Not Applicable],YES,111,[Not Available],[Not Available],[Not Available],87,YES,NO,[Not Available],YES,[Not Available],YES,[Not Available],4,No,1958,1998,20,[Not Available],1,Preoperative,NO,[Not Available],[Not Available],TUMOR FREE,NO,72,[Not Applicable],0,[Not Available],[Not Available],[Not Available],[Not Available],[Not Applicable],[Not Available],[Not Available],[Not Available],[Not Available],C34.1,8140/3,C34.1,YES,[Not Available],[Not Available],[Not Available],[Not Available],YES,99,0:LIVING,34.82,0:DiseaseFree,34.82,matched
TCGA-99-8028-01Z-00-DX1.23de89b1-67f8-41fb-980a-010ea190d687,TCGA-99-8028-01,TCGA-99-8028,22,32300.16,4406.96,0.0142,focal,/data1/deasy/Himangi/female_psg_negative_features/TCGA-99-8028/necrosis_feature_wsi_summary.csv,9759bf3a-74ff-433f-99bb-f9406f222ed2,TCGA-99-8028,2012-06-15 00:00:00,Lung Adenocarcinoma,NO,YES,Female,Lung,BLACK OR AFRICAN AMERICAN,NOT HISPANIC OR LATINO,[Not Available],No,L-Upper,[Not Available],2011,[Not Available],[Not Available],R0,7th,T1a,N0,M0,Stage IA,[Not Applicable],[Not Applicable],[Not Applicable],[Not Applicable],YES,94,98,91,91,71,YES,YES,G12C,YES,[Not Available],YES,RT-PCR,4,No,1981,2011,30,[Not Available],0,Preoperative,NO,[Not Available],[Not Available],TUMOR FREE,NO,50,[Not Applicable],0,[Not Available],[Not Available],[Not Available],[Not Available],[Not Applicable],[Not Available],[Not Available],[Not Available],[Not Available],C34.1,8140/3,C34.1,YES,[Not Available],[Not Available],[Not Available],[Not Available],NO,99,0:LIVING,36.73,0:DiseaseFree,36.73,matched
TCGA-99-8033-01Z-00-DX1.06f8ca81-c0a7-4ab5-b2fe-d5fc6671e29d,TCGA-99-8033-01,TCGA-99-8033,5,7114.03,1594.9,0.0076,focal,/data1/deasy/Himangi/female_psg_negative_features/TCGA-99-8033/necrosis_feature_wsi_summary.csv,9582b436-145b-4f84-8f7f-8b39b8254cc1,TCGA-99-8033,2012-06-18 00:00:00,Lung Adenocarcinoma,YES,NO,Female,Lung,WHITE,NOT HISPANIC OR LATINO,[Not Available],No,R-Upper,Peripheral Lung,2011,[Not Available],[Not Available],R0,7th,TX,NX,M1,Stage IV,[Not Applicable],[Not Applicable],[Not Applicable],[Not Applicable],NO,[Not Available],[Not Available],[Not Available],[Not Available],[Not Available],YES,NO,[Not Available],YES,[Not Available],NO,[Not Available],1,No,[Not Available],[Not Available],[Not Available],[Not Available],1,Preoperative,NO,[Not Available],[Not Available],WITH TUMOR,NO,74,[Not Applicable],0,[Not Available],[Not Available],[Not Available],[Not Available],[Not Applicable],[Not Available],[Not Available],[Not Available],[Not Available],C34.1,8140/3,C34.1,YES,[Not Available],[Not Available],[Not Available],[Not Available],YES,99,1:DECEASED,21.55,[Not Available],[Not Available],matched
TCGA-99-AA5R-01Z-00-DX1.4DE7FC30-D338-49CE-B8D9-EB0F34A3DD0B,TCGA-99-AA5R-01,TCGA-99-AA5R,20,31994.59,7839.17,0.0148,focal,/data1/deasy/Himangi/female_psg_negative_features/TCGA-99-AA5R/necrosis_feature_wsi_summary.csv,D3E23815-7F9D-48AA-9AEF-3A1DD9D464D7,TCGA-99-AA5R,2014-05-14 00:00:00,Lung Adenocarcinoma,YES,NO,Female,Lung,BLACK OR AFRICAN AMERICAN,NOT HISPANIC OR LATINO,[Not Available],No,L-Lower,[Not Available],2013,[Not Available],[Not Available],R0,7th,T1a,N0,M0,Stage IA,[Not Applicable],[Not Applicable],[Not Applicable],[Not Applicable],YES,64,[Not Available],65,[Not Available],47,YES,YES,G12C,YES,[Not Available],YES,IHC,2,No,1967,[Not Available],46,[Not Available],1,Preoperative,NO,[Not Available],Complete Remission/Response,TUMOR FREE,NO,70,[Not Applicable],0,[Not Available],[Not Available],[Not Available],[Not Available],[Not Applicable],[Not Available],[Not Available],[Not Available],[Not Available],C34.3,8140/3,C34.3,YES,[Not Available],[Not Available],[Not Available],[Not Available],NO,99,0:LIVING,21.62,0:DiseaseFree,21.62,matched
TCGA-J2-8194-01Z-00-DX1.7700924D-B6AF-46A7-A7D7-B5C17A66C5F7,TCGA-J2-8194-01,TCGA-J2-8194,13,1864.03,478.09,0.0023,focal,/data1/deasy/Himangi/female_psg_negative_features/TCGA-J2-8194/necrosis_feature_wsi_summary.csv,2b68b51f-bd4c-4bbb-b4e6-2eead53da2a4,TCGA-J2-8194,2012-06-06 00:00:00,Lung Adenocarcinoma,YES,NO,Female,Lung,WHITE,NOT HISPANIC OR LATINO,[Not Available],"Yes, History of Prior Malignancy",R-Lower,[Not Available],2011,[Not Available],[Not Available],[Not Available],7th,T3,N0,MX,Stage IIB,[Not Applicable],[Not Applicable],[Not Applicable],[Not Applicable],YES,83,83,2.04,2.04,59,[Not Available],[Not Available],[Not Available],[Not Available],[Not Available],[Not Available],[Not Available],3,No,1956,1982,20,[Not Available],[Not Available],[Not Available],NO,[Not Available],[Not Available],[Not Available],NO,69,[Not Applicable],0,[Not Available],[Not Available],[Not Available],[Not Available],[Not Applicable],[Not Available],[Not Available],[Not Available],[Not Available],C34.3,8255/3,C34.3,YES,[Not Available],[Not Available],[Not Available],[Not Available],YES,J2,0:LIVING,23.78,1:Recurred/Progressed,15.44,matched
TCGA-J2-A4AE-01Z-00-DX1.42C5DE4A-7787-4E59-8969-D12503262C96,TCGA-J2-A4AE-01,TCGA-J2-A4AE,13,10237.37,2154.89,0.0071,focal,/data1/deasy/Himangi/female_psg_negative_features/TCGA-J2-A4AE/necrosis_feature_wsi_summary.csv,E5F956DD-F49F-435C-83C3-5B1B0A2050ED,TCGA-J2-A4AE,2012-12-27 00:00:00,Lung Adenocarcinoma,YES,NO,Female,Lung,WHITE,NOT HISPANIC OR LATINO,[Not Available],No,L-Upper,[Not Available],2012,[Not Available],[Not Available],R0,7th,T1a,N0,MX,Stage IA,[Not Applicable],[Not Applicable],[Not Applicable],[Not Applicable],YES,92,[Not Available],0.72,[Not Available],89,NO,[Not Available],[Not Available],NO,[Not Available],NO,[Not Available],1,No,[Not Available],[Not Available],[Not Available],[Not Available],[Not Available],[Not Available],NO,[Not Available],[Not Applicable],TUMOR FREE,NO,77,[Not Applicable],0,[Not Available],[Not Available],[Not Available],[Not Available],[Not Applicable],[Not Available],[Not Available],[Not Available],[Not Available],C34.1,8140/3,C34.1,YES,[Not Available],[Not Available],[Not Available],[Not Available],NO,J2,0:LIVING,35.45,0:DiseaseFree,35.45,matched
TCGA-J2-A4AG-01Z-00-DX1.487780B8-18E7-494A-8054-5637239870EB,TCGA-J2-A4AG-01,TCGA-J2-A4AG,6,9868.6,3642.73,0.0164,focal,/data1/deasy/Himangi/female_psg_negative_features/TCGA-J2-A4AG/necrosis_feature_wsi_summary.csv,E21E2AF3-DC71-41FA-94BA-7A7929F47D90,TCGA-J2-A4AG,2012-12-27 00:00:00,Lung Adenocarcinoma,YES,NO,Female,Lung,WHITE,NOT HISPANIC OR LATINO,[Not Available],No,L-Upper,[Not Available],2012,[Not Available],[Not Available],R0,7th,T1b,N0,MX,Stage IA,[Not Applicable],[Not Applicable],[Not Applicable],[Not Applicable],NO,[Not Available],[Not Available],[Not Available],[Not Available],[Not Available],NO,[Not Available],[Not Available],NO,[Not Available],NO,[Not Available],3,No,1956,1981,25,[Not Available],[Not Available],[Not Available],NO,[Not Available],Complete Remission/Response,TUMOR FREE,NO,66,[Not Applicable],0,[Not Available],[Not Available],[Not Available],[Not Available],[Not Applicable],[Not Available],[Not Available],[Not Available],[Not Available],C34.1,8140/3,C34.1,YES,[Not Available],[Not Available],[Not Available],[Not Available],NO,J2,0:LIVING,32.46,0:DiseaseFree,32.46,matched
TCGA-L4-A4E5-01Z-00-DX1.C2A5EF71-1F40-4E34-AC30-58D7121C1338,TCGA-L4-A4E5-01,TCGA-L4-A4E5,8,9637.56,1744.58,0.0085,focal,/data1/deasy/Himangi/female_psg_negative_features/TCGA-L4-A4E5/necrosis_feature_wsi_summary.csv,32A7B827-C3F9-4607-AE63-DAE8CAA2BC97,TCGA-L4-A4E5,2012-12-05 00:00:00,Lung Adenocarcinoma,NO,YES,Female,Lung,WHITE,NOT HISPANIC OR LATINO,[Not Available],No,L-Upper,Central Lung,2012,[Not Available],[Not Available],R0,7th,T1,N0,M0,Stage I,[Not Applicable],[Not Applicable],[Not Applicable],[Not Applicable],YES,82,82,94,94,93,NO,[Not Available],[Not Available],NO,[Not Available],NO,[Not Available],4,No,1979,2012,33,[Not Available],1,Preoperative,NO,[Not Available],Complete Remission/Response,TUMOR FREE,NO,48,[Not Applicable],0,[Not Available],[Not Available],[Not Available],[Not Available],[Not Applicable],[Not Available],[Not Available],[Not Available],[Not Available],C34.1,8140/3,C34.1,YES,[Not Available],[Not Available],[Not Available],[Not Available],NO,L4,0:LIVING,18.99,0:DiseaseFree,18.99,matched
TCGA-L9-A443-01Z-00-DX1.9F68A13A-2865-41BF-88A7-B0DF75961C6F,TCGA-L9-A443-01,TCGA-L9-A443,10,2573.65,922.76,0.0023,focal,/data1/deasy/Himangi/female_psg_negative_features/TCGA-L9-A443/necrosis_feature_wsi_summary.csv,3B89AC82-63F6-41B9-A03D-34B9FFC1550D,TCGA-L9-A443,2012-10-26 00:00:00,Lung Adenocarcinoma,YES,NO,Female,Lung,WHITE,NOT HISPANIC OR LATINO,[Not Available],"Yes, History of Prior Malignancy",L-Lower,Central Lung,2012,[Not Available],[Not Available],R0,7th,T1a,N0,MX,Stage IA,[Not Applicable],[Not Applicable],[Not Applicable],[Not Applicable],YES,[Not Available],69,[Not Available],74,61,NO,[Not Available],[Not Available],NO,[Not Available],NO,[Not Available],4,No,1960,2005,90,[Not Available],1,Preoperative,NO,[Not Available],Complete Remission/Response,[Not Available],NO,63,[Not Applicable],0,[Not Available],[Not Available],[Not Available],[Not Available],[Not Applicable],[Not Available],[Not Available],[Not Available],[Not Available],C34.3,8140/3,C34.3,YES,[Not Available],[Not Available],[Not Available],[Not Available],NO,L9,1:DECEASED,6.34,[Not Available],[Not Available],matched
TCGA-L9-A444-01Z-00-DX1.88CF6F01-0C1F-4572-81E3-1A5790692861,TCGA-L9-A444-01,TCGA-L9-A444,15,6965.15,2017.59,0.005,focal,/data1/deasy/Himangi/female_psg_negative_features/TCGA-L9-A444/necrosis_feature_wsi_summary.csv,4A1D30E8-E93A-41ED-8E54-08EAFF6556A7,TCGA-L9-A444,2012-10-26 00:00:00,Lung Adenocarcinoma,YES,NO,Female,Lung,WHITE,NOT HISPANIC OR LATINO,[Not Available],"Yes, History of Prior Malignancy",R-Upper,Central Lung,2012,[Not Available],[Not Available],R0,7th,T1a,N0,MX,Stage IA,[Not Applicable],[Not Applicable],[Not Applicable],[Not Applicable],YES,49,54,58,62,57,NO,[Not Available],[Not Available],NO,[Not Available],NO,[Not Available],2,No,1972,[Not Available],10,[Not Available],0,Preoperative,NO,[Not Available],Complete Remission/Response,[Not Available],NO,60,[Not Applicable],0,[Not Available],[Not Available],[Not Available],[Not Available],[Not Applicable],[Not Available],[Not Available],[Not Available],[Not Available],C34.1,8140/3,C34.1,YES,[Not Available],[Not Available],[Not Available],[Not Available],NO,L9,0:LIVING,10.09,0:DiseaseFree,10.09,matched
TCGA-L9-A8F4-01Z-00-DX1.E2BBB8DE-94E2-4781-9B55-8A4CFBF8A69D,TCGA-L9-A8F4-01,TCGA-L9-A8F4,77,276462.38,44785.15,0.0305,focal,/data1/deasy/Himangi/female_psg_negative_features/TCGA-L9-A8F4/necrosis_feature_wsi_summary.csv,927FC5E0-2C14-4C20-A49B-F10D8A1175C3,TCGA-L9-A8F4,2014-02-14 00:00:00,Lung Adenocarcinoma,YES,NO,Female,Lung,BLACK OR AFRICAN AMERICAN,NOT HISPANIC OR LATINO,[Not Available],No,L-Upper,[Not Available],2013,[Not Available],[Not Available],R0,7th,T2a,N0,MX,Stage IB,[Not Applicable],[Not Applicable],[Not Applicable],[Not Applicable],YES,53,54,45,48,35,NO,[Not Available],[Not Available],NO,[Not Available],NO,[Not Available],2,No,1973,[Not Available],14,[Not Available],0,Preoperative,YES,[Not Available],[Not Applicable],TUMOR FREE,NO,64,[Not Applicable],0,[Not Available],[Not Available],[Not Available],[Not Available],[Not Applicable],[Not Available],[Not Available],[Not Available],[Not Available],C34.1,8140/3,C34.1,YES,[Not Available],[Not Available],[Not Available],[Not Available],NO,L9,0:LIVING,15.64,0:DiseaseFree,15.64,matched
TCGA-MP-A4T6-01Z-00-DX1.085C4F5A-DB1B-434A-9D62-E2187D133B0A,TCGA-MP-A4T6-01,TCGA-MP-A4T6,13,7303.63,2220.01,0.007,focal,/data1/deasy/Himangi/female_psg_negative_features/TCGA-MP-A4T6/necrosis_feature_wsi_summary.csv,5F4934BE-EEE3-40E1-8838-38103BADC898,TCGA-MP-A4T6,2013-04-02 00:00:00,Lung Adenocarcinoma,NO,YES,Female,Lung,WHITE,NOT HISPANIC OR LATINO,[Not Available],No,L-Lower,Peripheral Lung,2005,[Not Available],[Not Available],R0,6th,T1,N2,MX,Stage IIIA,[Not Applicable],[Not Applicable],[Not Applicable],[Not Applicable],YES,77,79,[Not Available],[Not Available],63,NO,[Not Available],[Not Available],NO,[Not Available],NO,[Not Available],3,No,[Not Available],1989,50,[Not Available],[Not Available],[Not Available],NO,[Not Available],Complete Remission/Response,TUMOR FREE,NO,76,[Not Applicable],0,[Not Available],[Not Available],[Not Available],[Not Available],[Not Applicable],[Not Available],[Not Available],[Not Available],[Not Available],C34.3,8140/3,C34.3,YES,[Not Available],[Not Available],[Not Available],[Not Available],NO,MP,1:DECEASED,58.8,[Not Available],[Not Available],matched
TCGA-MP-A4TH-01Z-00-DX1.E89D2C19-F9B2-4BF2-AA5F-6104CBC076D1,TCGA-MP-A4TH-01,TCGA-MP-A4TH,21,7603.78,2358.6,0.0044,focal,/data1/deasy/Himangi/female_psg_negative_features/TCGA-MP-A4TH/necrosis_feature_wsi_summary.csv,7A111B4F-46E9-4E34-8024-0B9FDC5CBCD8,TCGA-MP-A4TH,2013-05-08 00:00:00,Lung Adenocarcinoma,YES,NO,Female,Lung,WHITE,NOT HISPANIC OR LATINO,[Not Available],No,L-Lower,Peripheral Lung,2012,[Not Available],[Not Available],R0,7th,T1a,N0,M0,Stage IA,[Not Applicable],[Not Applicable],[Not Applicable],[Not Applicable],YES,115,115,110,117,73,NO,[Not Available],[Not Available],NO,[Not Available],NO,[Not Available],3,No,1962,1982,20,[Not Available],[Not Available],[Not Available],NO,[Not Available],Complete Remission/Response,TUMOR FREE,NO,70,[Not Applicable],0,[Not Available],[Not Available],[Not Available],[Not Available],[Not Applicable],[Not Available],[Not Available],[Not Available],[Not Available],C34.3,8140/3,C34.3,YES,[Not Available],[Not Available],[Not Available],[Not Available],NO,MP,0:LIVING,24.34,0:DiseaseFree,24.34,matched
TCGA-MP-A4TJ-01Z-00-DX1.14EDBE5C-5D0C-4002-BE95-AF5C9D9F3D43,TCGA-MP-A4TJ-01,TCGA-MP-A4TJ,70,83937.91,16702.28,0.0088,focal,/data1/deasy/Himangi/female_psg_negative_features/TCGA-MP-A4TJ/necrosis_feature_wsi_summary.csv,8F52CCCD-5709-4753-9670-31A573EE27AB,TCGA-MP-A4TJ,2013-04-02 00:00:00,Lung Adenocarcinoma,NO,YES,Female,Lung,[Not Available],[Not Available],[Not Available],No,R-Upper,Central Lung,2006,[Not Available],[Not Available],R0,6th,T1,N0,M0,Stage IA,[Not Applicable],[Not Applicable],[Not Applicable],[Not Applicable],YES,27,36,29.7,30.1,29,NO,[Not Available],[Not Available],NO,[Not Available],NO,[Not Available],2,No,[Not Available],[Not Available],[Not Available],[Not Available],[Not Available],[Not Available],NO,[Not Available],Complete Remission/Response,[Not Available],[Not Available],62,[Not Applicable],0,[Not Available],[Not Available],[Not Available],[Not Available],[Not Applicable],[Not Available],[Not Available],[Not Available],[Not Available],C34.1,8490/3,C34.1,YES,[Not Available],[Not Available],[Not Available],[Not Available],NO,MP,1:DECEASED,11.14,[Not Available],[Not Available],matched
TCGA-MP-A5C7-01Z-00-DX1.26E5FA5A-3E6D-4CD3-8FA2-F331B7012311,TCGA-MP-A5C7-01,TCGA-MP-A5C7,13,20878.65,5681.23,0.0134,focal,/data1/deasy/Himangi/female_psg_negative_features/TCGA-MP-A5C7/necrosis_feature_wsi_summary.csv,8F04660A-2EFB-4947-9EAB-375066B9EB33,TCGA-MP-A5C7,2013-05-10 00:00:00,Lung Adenocarcinoma,NO,YES,Female,Lung,WHITE,NOT HISPANIC OR LATINO,[Not Available],No,L-Upper,Central Lung,2008,[Not Available],[Not Available],R0,6th,T2,N0,M0,Stage IB,[Not Applicable],[Not Applicable],[Not Applicable],[Not Applicable],YES,89,93,[Not Available],[Not Available],105,NO,[Not Available],[Not Available],NO,[Not Available],NO,[Not Available],3,No,1953,1968,15,[Not Available],1,Pre-Adjuvant Therapy,NO,[Not Available],Complete Remission/Response,TUMOR FREE,NO,76,[Not Applicable],0,[Not Available],[Not Available],[Not Available],[Not Available],[Not Applicable],[Not Available],[Not Available],[Not Available],[Not Available],C34.1,8140/3,C34.1,YES,[Not Available],[Not Available],[Not Available],[Not Available],NO,MP,0:LIVING,73.85,0:DiseaseFree,73.85,matched
TCGA-NJ-A4YF-01Z-00-DX1.4A3DE76A-9F1E-4766-A013-5E7E3A665071,TCGA-NJ-A4YF-01,TCGA-NJ-A4YF,22,109431.72,17600.34,0.0325,focal,/data1/deasy/Himangi/female_psg_negative_features/TCGA-NJ-A4YF/necrosis_feature_wsi_summary.csv,595FC3AD-F603-421B-B130-52F1F617050B,TCGA-NJ-A4YF,2013-04-25 00:00:00,Lung Adenocarcinoma,NO,YES,Female,Lung,BLACK OR AFRICAN AMERICAN,NOT HISPANIC OR LATINO,[Not Available],No,R-Upper,[Not Available],2007,[Not Available],[Not Available],[Not Available],6th,T1,N0,M0,Stage IA,[Not Applicable],[Not Applicable],[Not Applicable],[Not Applicable],YES,80.7,83.9,96,95.1,77.5,NO,[Not Available],[Not Available],NO,[Not Available],NO,[Not Available],3,No,[Not Available],[Not Available],30,[Not Available],[Not Available],[Not Available],[Not Available],[Not Available],[Not Applicable],[Not Available],NO,50,[Not Applicable],0,[Not Available],[Not Available],[Not Available],[Not Available],[Not Applicable],[Not Available],[Not Available],[Not Available],[Not Available],C34.1,8255/3,C34.1,YES,[Not Available],[Not Available],[Not Available],[Not Available],[Not Available],NJ,0:LIVING,70.99,0:DiseaseFree,70.99,matched
TCGA-NJ-A4YI-01Z-00-DX1.C4111D01-27BF-486F-8E0E-C8053DB16133,TCGA-NJ-A4YI-01,TCGA-NJ-A4YI,31,67070.69,18416.62,0.0227,focal,/data1/deasy/Himangi/female_psg_negative_features/TCGA-NJ-A4YI/necrosis_feature_wsi_summary.csv,2C03141E-A0BD-4E8D-91E4-9744D139CCCE,TCGA-NJ-A4YI,2013-04-24 00:00:00,Lung Adenocarcinoma,NO,YES,Female,Lung,WHITE,[Not Available],[Not Available],No,R-Upper,[Not Available],2009,[Not Available],[Not Available],[Not Available],6th,T2,N2,M0,Stage IIIA,[Not Applicable],[Not Applicable],[Not Applicable],[Not Applicable],YES,89,94,[Not Available],[Not Available],52,[Not Available],[Not Available],[Not Available],[Not Available],[Not Available],[Not Available],[Not Available],3,No,1936,1976,3,[Not Available],[Not Available],[Not Available],NO,[Not Available],[Not Applicable],[Not Available],NO,87,[Not Applicable],0,[Not Available],[Not Available],[Not Available],[Not Available],[Not Applicable],[Not Available],[Not Available],[Not Available],[Not Available],C34.1,8550/3,C34.1,YES,[Not Available],[Not Available],[Not Available],[Not Available],NO,NJ,1:DECEASED,0.13,[Not Available],[Not Available],matched
TCGA-NJ-A55A-01Z-00-DX1.42C356FE-52A3-4A60-886B-75F84ADBC534,TCGA-NJ-A55A-01,TCGA-NJ-A55A,45,120660.23,33489.8,0.0238,focal,/data1/deasy/Himangi/female_psg_negative_features/TCGA-NJ-A55A/necrosis_feature_wsi_summary.csv,B8B5ED35-B299-4C1E-9226-5CA055DC7A43,TCGA-NJ-A55A,2013-09-27 00:00:00,Lung Adenocarcinoma,[Not Available],[Not Available],Female,Lung,WHITE,NOT HISPANIC OR LATINO,[Not Available],No,R-Lower,[Not Available],2009,[Not Available],[Not Available],[Not Available],6th,T2,N0,M0,Stage IB,[Not Applicable],[Not Applicable],[Not Applicable],[Not Applicable],NO,[Not Available],[Not Available],[Not Available],[Not Available],[Not Available],NO,[Not Available],[Not Available],NO,[Not Available],NO,[Not Available],3,No,[Not Available],1983,25,[Not Available],[Not Available],[Not Available],NO,[Not Available],Stable Disease,TUMOR FREE,NO,76,[Not Applicable],0,[Not Available],[Not Available],[Not Available],[Not Available],[Not Applicable],[Not Available],[Not Available],[Not Available],[Not Available],C34.3,8550/3,C34.3,YES,[Not Available],[Not Available],[Not Available],[Not Available],NO,NJ,0:LIVING,0.49,0:DiseaseFree,0.49,matched
TCGA-NJ-A55O-01Z-00-DX1.8E23C821-B8BB-4D89-9E38-E97424A685CE,TCGA-NJ-A55O-01,TCGA-NJ-A55O,27,48543.43,10227.59,0.0174,focal,/data1/deasy/Himangi/female_psg_negative_features/TCGA-NJ-A55O/necrosis_feature_wsi_summary.csv,8AB8C4BA-311E-41D0-85EA-A0245ACA1BDD,TCGA-NJ-A55O,2013-09-27 00:00:00,Lung Adenocarcinoma,[Not Available],[Not Available],Female,Lung,WHITE,NOT HISPANIC OR LATINO,[Not Available],No,R-Upper,[Not Available],2011,[Not Available],[Not Available],[Not Available],7th,T1b,N1,M0,Stage IIA,[Not Applicable],[Not Applicable],[Not Applicable],[Not Applicable],NO,[Not Available],[Not Available],[Not Available],[Not Available],[Not Available],NO,[Not Available],[Not Available],NO,[Not Available],NO,[Not Available],4,No,[Not Available],2000,30,[Not Available],[Not Available],[Not Available],NO,[Not Available],Stable Disease,TUMOR FREE,NO,56,[Not Applicable],0,[Not Available],[Not Available],[Not Available],[Not Available],[Not Applicable],[Not Available],[Not Available],[Not Available],[Not Available],C34.1,8480/3,C34.1,YES,[Not Available],[Not Available],[Not Available],[Not Available],NO,NJ,0:LIVING,0.43,0:DiseaseFree,0.43,matched
TCGA-O1-A52J-01Z-00-DX1.26F6ECCA-D614-4950-98E6-4D76E82F71B4,TCGA-O1-A52J-01,TCGA-O1-A52J,8,21661.29,5666.26,0.0352,focal,/data1/deasy/Himangi/female_psg_negative_features/TCGA-O1-A52J/necrosis_feature_wsi_summary.csv,42432463-8E92-4F25-B72A-F03953527AA5,TCGA-O1-A52J,2013-04-11 00:00:00,Lung Adenocarcinoma,NO,YES,Female,Lung,WHITE,NOT HISPANIC OR LATINO,[Not Available],No,L-Lower,[Not Available],2007,[Not Available],[Not Available],[Not Available],6th,T1,N0,MX,Stage IA,[Not Applicable],[Not Applicable],[Not Applicable],[Not Applicable],NO,[Not Available],[Not Available],[Not Available],[Not Available],[Not Available],NO,[Not Available],[Not Available],NO,[Not Available],NO,[Not Available],3,No,1950,1980,45,[Not Available],1,[Not Available],NO,[Not Available],[Not Available],WITH TUMOR,YES,74,[Not Applicable],0,[Not Available],[Not Available],[Not Available],[Not Available],[Not Applicable],[Not Available],[Not Available],[Not Available],[Not Available],C34.3,8140/3,C34.3,YES,[Not Available],[Not Available],[Not Available],[Not Available],NO,O1,1:DECEASED,59.07,1:Recurred/Progressed,29.5,matched
TCGA-S2-AA1A-01Z-00-DX1.4B5D5FAE-8305-4D2D-B245-584589352886,TCGA-S2-AA1A-01,TCGA-S2-AA1A,32,37319.41,13850.97,0.0108,focal,/data1/deasy/Himangi/female_psg_negative_features/TCGA-S2-AA1A/necrosis_feature_wsi_summary.csv,31458638-E19C-43E5-AB13-9C64B3B3681D,TCGA-S2-AA1A,2014-04-22 00:00:00,Lung Adenocarcinoma,YES,NO,Female,Lung,BLACK OR AFRICAN AMERICAN,NOT HISPANIC OR LATINO,[Not Available],No,R-Upper,[Not Available],2013,[Not Available],[Not Available],R0,7th,T1b,N0,M0,Stage IA,[Not Applicable],[Not Applicable],[Not Applicable],[Not Applicable],YES,2.01,2.16,79,83,65,NO,[Not Available],[Not Available],NO,[Not Available],NO,[Not Available],3,No,1957,1995,95,[Not Available],[Not Available],[Not Available],NO,[Not Available],Complete Remission/Response,TUMOR FREE,NO,68,[Not Applicable],0,[Not Available],[Not Available],[Not Available],[Not Available],[Not Applicable],[Not Available],[Not Available],[Not Available],[Not Available],C34.1,8253/3,C34.1,YES,[Not Available],[Not Available],[Not Available],[Not Available],NO,S2,0:LIVING,16.85,0:DiseaseFree,16.85,matched
