group,wsi_name,sample_id,subject_id,n_clusters_with_tumor,wsi_tumor_n_islands,wsi_cluster_area_mm2,wsi_tumor_area_mm2,wsi_tumor_perimeter_mm,wsi_tumor_fraction_of_cluster,wsi_tumor_boundary_density_per_mm,wsi_tumor_patch_density_per_mm2,wsi_area_weighted_tumor_largest_patch_index,wsi_area_weighted_tumor_compactness_mean,wsi_area_weighted_tumor_solidity_mean,wsi_area_weighted_tumor_elongation_mean,wsi_area_weighted_tumor_boundary_fractal_dimension,wsi_area_weighted_tumor_island_nnd_median_um,wsi_area_weighted_tumor_island_gap_median_um,SEX,OS_MONTHS,OS_Status,stage,n_clusters_with_tumor__log1p_z,wsi_tumor_n_islands__cbrt_z,wsi_cluster_area_mm2__cbrt_z,wsi_tumor_area_mm2__log_z,wsi_tumor_perimeter_mm__cbrt_z,wsi_tumor_fraction_of_cluster__logit_z,wsi_tumor_boundary_density_per_mm__cbrt_z,wsi_tumor_patch_density_per_mm2__sqrt_z,wsi_area_weighted_tumor_largest_patch_index__sqrt_z,wsi_area_weighted_tumor_compactness_mean__sqrt_z,wsi_area_weighted_tumor_solidity_mean__none_z,wsi_area_weighted_tumor_elongation_mean__log_z,wsi_area_weighted_tumor_boundary_fractal_dimension__reflected_log_z,wsi_area_weighted_tumor_island_nnd_median_um__neg_reciprocal_z,wsi_area_weighted_tumor_island_gap_median_um__cbrt_z
female_psg_negative,TCGA-05-4390-01Z-00-DX1.858E64DF-DD3E-4F43-B7C1-CE35B33F1C90,TCGA-05-4390-01,TCGA-05-4390,1,29,3.135417296157519,1.698214029133565,67.54945512721044,0.5416229703187327,39.77676192068347,9.24916757828049,0.606389793213948,0.0476305171999269,0.7071935667327861,2.083808063745918,1.6154796387119692,112.94621576772724,3.2500000000000004,Female,36.99,0,I,-1.7747641579456197,-2.0863126054190424,-2.120402436383925,-2.180215082649031,-2.020251963775515,0.8504207822481231,-0.4453544091834157,-0.5965333577241064,1.3668358547661827,-0.7647226042419303,1.662512004233701,1.1784843280836554,-0.3689028106635009,-0.4562125504175511,-2.752013518907765
female_psg_negative,TCGA-05-4405-01Z-00-DX1.D57EC2B2-3A59-4954-86A7-61782938BCC5,TCGA-05-4405-01,TCGA-05-4405,1,1005,44.33226325859185,14.658397600751185,1267.2532039676248,0.3306485282569077,86.45236938467839,22.66972011191477,0.0856819047309335,0.0879908462223212,0.6127393024724941,1.7969011549968086,1.773970610230554,105.77009265383104,12.727922061357855,Female,20.04,0,I,-1.7747641579456197,0.0551734614123628,-0.534090701265571,-0.4250047842407626,-0.1395068532943063,-0.4567428595110157,0.8833267448159452,1.0643011443180417,-0.8902619969675315,0.1617982831306697,0.2189895594411017,0.0624184269847668,1.174214526891764,-0.7938099044632491,0.161677673675519
female_psg_negative,TCGA-05-4417-01Z-00-DX1.6E534856-996F-4BD9-8AFC-7B1BF627E505,TCGA-05-4417-01,TCGA-05-4417,2,354,71.01403529361295,29.6122524735384,1006.5719165343548,0.4169915475314742,33.99173762393896,4.984930071025537,0.0955332710602764,0.069023000756816,0.6705022647546388,1.6452350600473398,1.7472777180354486,231.2658070313348,23.05967052162709,Female,14.95,0,I,-1.1141142216331366,-0.8522622952501077,-0.0740911154793237,0.1476030524643376,-0.3623491158889571,0.0979949476172609,-0.6749763822893753,-1.377256221158453,-0.8142358764186517,-0.2390078627177546,1.1017674116109544,-0.601949300093032,0.8500248584015404,2.089546358681989,1.9077377139563283
female_psg_negative,TCGA-05-4425-01Z-00-DX1.82B093EE-49BC-4FD9-91AC-4CC89944309D,TCGA-05-4425-01,TCGA-05-4425,1,2,1.5614304748528944,0.7416599375,16.093993500859927,0.474987487079675,21.6999634025128,1.280876755135975,0.997781491826742,0.0401068403500918,0.6057606741841985,1.6471048564376236,1.359772647036553,558.881755299142,17.55704986607944,Female,21.98,0,IV,-1.7747641579456197,-2.6452181721732533,-2.352358902260031,-2.8548298740945905,-2.451599832803437,0.4502196175944857,-1.268187925829309,-2.4403053746006,2.3894115878296343,-0.9772069300856592,0.1123368143595423,-0.5933916113846964,-1.8495640761792087,3.514095380398357,1.0637076938135226
female_psg_negative,TCGA-05-4427-01Z-00-DX1.36CF4E93-3FBB-4346-A26B-85F0D9D0575D,TCGA-05-4427-01,TCGA-05-4427,3,289,115.77155403967564,81.30722301179877,1136.3399614114817,0.7023074336890586,13.975879624453334,2.496295419002132,0.6853773948296741,0.0156087348107999,0.678615122911103,1.9015468283417185,1.5954365602168217,186.0593583633896,15.399408032038892,Female,25.99,0,II,-0.6453756321888109,-0.9949047205277,0.4858958127672881,0.9701021023774308,-0.2471479905848596,1.8867492503653425,-1.769643539835678,-2.0075216345762192,1.595171174008506,-1.8676030075808576,1.225754326674969,0.4888844988840274,-0.5164727630731969,1.4990990216264548,0.6842742865349384
female_psg_negative,TCGA-05-4430-01Z-00-DX1.95659bbb-3091-4370-bc1d-6c6c1baa7b3d,TCGA-05-4430-01,TCGA-05-4430,3,581,88.14396856886266,51.133974995358784,1361.3799537314062,0.580118819535681,26.62378494640741,6.591489008644903,0.6974731194556386,0.0195084404121876,0.60709858740951,1.928523609270141,1.65000559926342,135.12018606116203,12.79967657016253,Female,25.0,0,I,-0.6453756321888109,-0.4605288205469595,0.1622940653908692,0.5924331052485537,-0.0666182894501838,1.084810116652705,-1.0088734654720828,-1.0540807284200775,1.6289505371582689,-1.6934089469284792,0.1327838294842346,0.5950191836768702,-0.0956726638972271,0.3603609176899135,0.1766267529518365
female_psg_negative,TCGA-05-4434-01Z-00-DX1.f3f5c89c-306f-4876-98fa-f7bd231f2e10,TCGA-05-4434-01,TCGA-05-4434,3,473,82.1600037079056,47.52410428178179,1085.891551474336,0.5784335703140787,22.849279705217064,5.757059136482086,0.3636308835658711,0.0384176406040997,0.549060967607454,1.945059032403821,1.7247007329375457,149.9729308504609,13.297534689067652,Female,15.01,1,IV,-0.6453756321888109,-0.631017456595787,0.083513429189782,0.5328151761227725,-0.2908356938841421,1.074446057892371,-1.2044018381548214,-1.2163012925389811,0.550872798866518,-1.0275908944450192,-0.7541915493693289,0.6593430163059137,0.6015157086765115,0.7722851377029873,0.2788406756370736
female_psg_negative,TCGA-38-4625-01Z-00-DX1.ffdbfc1d-7a21-4e67-a54f-89597bd14a7f,TCGA-38-4625-01,TCGA-38-4625,4,225,100.44500843223776,79.84736611417149,697.7419550611659,0.7949361283396988,8.738446726764717,2.2400316701828897,0.9293415385857312,0.0185758355641388,0.8230459267539727,1.160422900076541,1.4167081134365005,138.3154907139571,8.761041763866563,Female,97.67,0,I,-0.2817937357042747,-1.158125948171442,0.3136808611248344,0.9553483170960172,-0.6834873249867308,2.6311062272427663,-2.2296322449805954,-2.087948498863106,2.227481886228785,-1.7333524470243018,3.4330565453665085,-3.232127046112552,-1.5790754149707702,0.456447984904812,-0.7712653797916337
female_psg_negative,TCGA-38-4626-01Z-00-DX1.142bc018-bd79-4db9-84e2-f83a617ea92a,TCGA-38-4626-01,TCGA-38-4626,9,2849,196.44602016047463,74.9282584607751,4163.243597458522,0.3814190707430316,55.56306369562797,14.502711725453548,0.1975780935020881,0.0730035931565613,0.5853203168377408,2.014402514255065,1.7881613130343064,126.55157890505416,11.019023290678607,Female,120.7,0,,0.8475947900525345,1.3379399666256928,1.2038493128710717,0.903569273577454,1.3278759350051574,-0.1244196140098595,0.0848620682685471,0.1440689227835412,-0.1853404973949646,-0.1507213689928598,-0.2000483896359248,0.9232681262958188,1.362525640468623,0.0787391939732831,-0.2122891779820798
female_psg_negative,TCGA-38-6178-01Z-00-DX1.5932337D-BA2B-455D-9E34-22961EFA2170,TCGA-38-6178-01,TCGA-38-6178,12,2848,147.25070915352157,61.87004725610612,3386.4555598379416,0.4201680766888617,54.73497613182643,19.34116322000673,0.0539585425445206,0.1261174439154305,0.6574728739177684,1.728732938104303,1.7325120633338906,115.80048981823974,9.904766284747549,Female,14.72,0,III,1.2750814742208807,1.3374284183098375,0.7968293816356788,0.7476315280988172,1.0296576693766868,0.1175578891867908,0.0597531111697851,0.7133938650901172,-1.1708920734569406,0.8532188508145548,0.9026422766867466,-0.2289655143854977,0.6851123065276408,-0.3335654427667961,-0.4774797416850667
female_psg_negative,TCGA-44-2655-01Z-00-DX1.ee255271-780c-461c-ab23-5cd3504b5e4a,TCGA-44-2655-01,TCGA-44-2655,2,28,3.310115390693388,0.916527220896233,36.55127287899966,0.2768867887425045,39.88018254739639,8.458919613111943,0.7641574566139565,0.1114172603609198,0.6277145093170453,1.9456499860684568,1.400862527815988,129.1145865355891,11.465627647401982,Female,43.5,0,I,-1.1141142216331366,-2.0973303404245094,-2.1000012378454587,-2.6824380162289665,-2.2303516948712634,-0.8384966623891356,-0.4414587171826172,-0.7247845650101239,1.810135080116004,0.6010124079749561,0.4478521456336144,0.6616317300110971,-1.6569189054743223,0.1668949643513045,-0.1110220455272677
female_psg_negative,TCGA-44-2657-01Z-00-DX1.b7f608bd-2381-40a2-a757-ca4648a7de8a,TCGA-44-2657-01,TCGA-44-2657,5,662,30.961796436275115,6.557662321114386,736.5910508835693,0.2117985089983787,112.32524866550244,21.38118830935776,0.1159595658825197,0.1183342283261778,0.5667122307676945,1.8513625012077264,1.5874182460538129,110.9792460481845,12.573674578927845,Female,44.38,0,I,0.0152743041236718,-0.3461100788561242,-0.8391297315131794,-1.080025154551909,-0.6384399231799402,-1.3693189126126808,1.4147386518676048,0.9317327857210892,-0.6682022189600232,0.721633861886097,-0.4844314199533456,0.2873763052651626,-0.5734709431533754,-0.5444042967198974,0.1293510477915319
female_psg_negative,TCGA-44-2659-01Z-00-DX1.b33f40e6-bc18-48b0-8dad-bdb0a6a200b5,TCGA-44-2659-01,TCGA-44-2659,4,177,7.494136216683844,1.6589131105335135,159.12444970187693,0.221361483507646,95.92090670179935,23.618465808768352,0.1363121404179087,0.1774356915121583,0.6510649050300064,1.8589196114015487,1.6441422949823163,118.90374145428942,15.578759801840318,Female,44.91,0,II,-0.2817937357042747,-1.302302453439559,-1.74339241064828,-2.199281922688442,-1.645073718822598,-1.2848329627761756,1.0887512217291804,1.15951787297604,-0.535021203983852,1.6345077510602872,0.8047107858487422,0.3180676707708288,-0.1439231751522912,-0.2069009761017678,0.7171172597263518
female_psg_negative,TCGA-44-2661-01Z-00-DX1.20cfa0f8-e3ca-4c26-9dfe-b9d416cd94b1,TCGA-44-2661-01,TCGA-44-2661,4,1576,138.4721339969403,55.99679108928999,2677.192461259649,0.404390323691605,47.80974782984826,11.381351283535672,0.1084876376278085,0.108745151741812,0.5499920503704068,1.7162896368583147,1.774836831537755,149.56393376731782,14.10379505000654,Female,38.07,0,I,-0.2817937357042747,0.5549506636125339,0.7149795803602552,0.666410007553505,0.7143356986068999,0.019952766527468,-0.1608707209844606,-0.2755906966790147,-0.7200032987562147,0.553415443335912,-0.739962029116247,-0.2833922416103449,1.1853659599028126,0.7620374902671202,0.4390920609402154
female_psg_negative,TCGA-44-2665-01Z-00-DX1.d429e37e-3915-4da6-b5bc-bf2f09f4fbf7,TCGA-44-2665-01,TCGA-44-2665,3,488,45.45793171808732,20.93071526300176,758.3716449695336,0.4604414339131406,36.23247631245892,10.73520025122104,0.5154999618010526,0.0706512116623689,0.6983135693851463,1.852782726671692,1.7383732980110216,135.36205856560463,13.261258492362256,Female,42.74,0,II,-0.6453756321888109,-0.6058824270730803,-0.511387619073349,-0.1349412322920222,-0.6138741917321778,0.3626408124643482,-0.5831554677786932,-0.3694111217556426,1.0848025315055323,-0.2025955167024589,1.5268010802071024,0.2931537539809025,0.7494581221690185,0.3677930432668002,0.2714799449324017
female_psg_negative,TCGA-44-3396-01Z-00-DX1.187b0a68-ad51-4fcd-819c-b74a8599dbe9,TCGA-44-3396-01,TCGA-44-3396,8,455,71.99930331666259,34.18290517921158,824.6419145664939,0.4747671658553496,24.12439522747183,6.3195055929756565,0.1199265700073914,0.1435624772740266,0.6880940726023863,1.8009765749398752,1.757141546494786,193.66080471104857,18.891125516054235,Female,37.12,0,III,0.675924240436155,-0.6618911262633963,-0.0595212748608271,0.2644881734671316,-0.5419072297893855,0.4488953914065949,-1.1360895453293265,-1.1057654732938806,-0.6413778304832809,1.1341266258065652,1.3706188993820323,0.0794868320239542,0.9656498371120332,1.6176613463239249,1.2829590665424024
female_psg_negative,TCGA-44-3398-01Z-00-DX1.74757c91-a0c6-4e7f-b2db-8748c68ffa44,TCGA-44-3398-01,TCGA-44-3398,2,561,44.99723486346813,17.660916286682028,769.7424504320148,0.3924889238254144,43.584513846117495,12.4674327589729,0.3339156491374465,0.0844115143598042,0.6574944987509838,1.6455838248597583,1.6751518265348189,128.7846388634454,12.855612072804115,Female,38.21,0,I,-1.1141142216331366,-0.4904006210033858,-0.5206333810220996,-0.2732642254617307,-0.6012359020875548,-0.0544740439553473,-0.3061498599843318,-0.1237047236022735,0.4340051835572025,0.0897468695062406,0.9029727639586096,-0.6003523348255118,0.1208656244916943,0.1557430501876244,0.1882414507089369
female_psg_negative,TCGA-44-3919-01Z-00-DX1.41144972-46a1-4b25-9faa-ed1b9d1996d2,TCGA-44-3919-01,TCGA-44-3919,5,234,14.5467686308054,3.698559795848849,256.43949095039096,0.2542530158908613,69.3349587691433,16.086046732362462,0.1659606279376656,0.1418173430206573,0.6445373939876342,1.7892441296483108,1.6131967377382328,130.87121570599723,17.996295860293085,Female,33.71,1,I,0.0152743041236718,-1.133443828845622,-1.373335054214013,-1.5463774239156365,-1.3847019409654946,-1.0125081930837676,0.4701029086747627,0.339598829879576,-0.3577124270301212,1.1068237758234785,0.7049523602012838,0.0302448273530659,-0.3860943561485444,0.2253207239483606,1.1370865646135224
female_psg_negative,TCGA-44-4112-01Z-00-DX1.5380b3b4-0e24-4c6c-aa8c-298c5fbe068f,TCGA-44-4112-01,TCGA-44-4112,2,599,72.38886517326247,40.103162593798814,1101.1267896896904,0.5539962879347817,27.457355442085724,8.274753286521287,0.4428001915098825,0.0638219000144894,0.6571088941324189,1.3729735490779715,1.69821999961607,142.51068079740833,10.67781291794114,Female,26.54,1,I,-1.1141142216331366,-0.4342248877763156,-0.05379722291142,0.394558785381957,-0.2775020758004337,0.9252905382810775,-0.968223770541362,-0.7555240701455603,0.840741523742926,-0.358295331471146,0.8970796586967855,-1.964918172240265,0.3347912438258977,0.576060639642446,-0.2915178602502711
female_psg_negative,TCGA-44-5644-01Z-00-DX1.7e4edaa7-25c6-49f4-81bc-f50d6c5fac38,TCGA-44-5644-01,TCGA-44-5644,5,215,49.533877308947815,22.033388025693828,494.1600856772465,0.4448145233668941,22.4277848282339,4.340463773086512,0.427143278866489,0.0800062675905842,0.5930710059409962,1.7025209506069638,1.6199981128218466,201.4145699804148,17.316203458107903,Female,28.35,0,I,0.0152743041236718,-1.1863351351195122,-0.432186118030252,-0.0931331499755599,-0.9519903071864068,0.268096776587875,-1.227540602905295,-1.521435240743629,0.785612382281434,-0.0010610174089552,-0.0815964195657704,-0.3440779743220857,-0.3345731161723144,1.7293795017498843,1.0229521253021077
female_psg_negative,TCGA-44-5645-01Z-00-DX1.8b0d89d7-7849-49a6-a2f5-a8faf2c5aab4,TCGA-44-5645-01,TCGA-44-5645,10,2072,81.60079042866997,27.837611166967328,2087.101790918387,0.3411438911403823,74.9741699602078,25.3919109008044,0.0634566329418543,0.1684705026993791,0.6084091710181937,1.6891792057143904,1.705083230541547,100.77247822421788,10.157483295792725,Female,27.99,0,I,1.0028896920268398,0.8976608721535503,0.0759581111776226,0.0972780567610809,0.4061417065958775,-0.3862198341722863,0.6130817535852314,1.3325076943388738,-1.0797889376904812,1.5070971727920195,0.1528131724654979,-0.4033519707001689,0.4016036772700008,-1.0573226620190583,-0.4156545589877869
female_psg_negative,TCGA-44-6145-01Z-00-DX1.175ad655-b054-407d-bb22-3a4f85849488,TCGA-44-6145-01,TCGA-44-6145,5,622,57.40347859303919,26.364614243635646,1022.1507375010132,0.4592860030408096,38.76979682142544,10.83558026874393,0.3268453645992132,0.0715886983265565,0.566597697096775,1.420775723397658,1.7117938397720438,148.6023362803538,12.138737682398352,Female,19.55,0,I,0.0152743041236718,-0.4013702458831029,-0.2907857474931376,0.0530074331870996,-0.3480144573363498,0.3556687751385177,-0.4836429901191947,-0.354654354738267,0.4054408607074746,-0.1818203047918129,-0.4861818112771423,-1.707066827962703,0.4684510304056392,0.7377219162878343,0.0367507616679779
female_psg_negative,TCGA-44-6147-01Z-00-DX1.a34a9f49-e86b-43ee-9e2d-7ef35da0aecf,TCGA-44-6147-01,TCGA-44-6147,5,549,59.49813511479774,25.58263497181749,887.6931193051925,0.4299737281253855,34.69904958121392,9.22717996019103,0.4299581787492913,0.0769208926476544,0.5825199974542811,1.5649575818175274,1.712779219957031,145.0396470686173,15.323640845077426,Female,27.76,0,I,0.0152743041236718,-0.5086658924108369,-0.2553529101045287,0.0284891835121899,-0.4769331995943261,0.177698019787177,-0.6455673811709012,-0.6000259340697459,0.7955974370724223,-0.0661591631850027,-0.2428450162813056,-0.978843946508568,0.4783976903488093,0.6448232905005076,0.6703231357190286
female_psg_negative,TCGA-44-6774-01Z-00-DX1.f169485b-f863-4be0-9844-258d78170b64,TCGA-44-6774-01,TCGA-44-6774,6,372,49.344174085564944,23.10697872441186,649.6652791888484,0.4682818012992444,28.11554409328709,7.538883908664391,0.2730102199214459,0.0884902686494895,0.571416247463693,1.4876708388624045,1.6926219360789705,171.17814650504386,14.669986044539264,Female,21.62,0,III,0.2664417529963298,-0.8158974555186572,-0.4357738723793634,-0.0543913733294755,-0.7416129230229357,0.4098868694063959,-0.936704266468266,-0.8819040265978969,0.1769419460855723,0.171734203365168,-0.4125410322135133,-1.36042839925697,0.2814106668513893,1.2365066027359173,0.5480103309579952
female_psg_negative,TCGA-44-6775-01Z-00-DX1.38d3bc6d-8bb5-4126-8d61-d39e6a1d7bcf,TCGA-44-6775-01,TCGA-44-6775,11,1147,104.06216804679104,40.5016151664511,1865.0598450675925,0.3892059518521636,46.04902390689066,11.022257382570167,0.3221433016512675,0.0894596908121216,0.5259385791721947,1.9527605860867705,1.6847241604448335,135.5832846616399,12.880499650900372,Female,23.16,0,I,1.1446628298804808,0.194295227284326,0.3558247647811037,0.4026096654602665,0.275084005705594,-0.0751413480871837,-0.2203267731162372,-0.3273917625342245,0.3862729065069633,0.1909409739317507,-1.107565607649316,0.6891161099491313,0.2077315212803049,0.3745675390480024,0.1933983899098878
female_psg_negative,TCGA-44-6776-01Z-00-DX1.551e200f-5f40-4b95-8b2f-7c6000a21be0,TCGA-44-6776-01,TCGA-44-6776,3,1317,122.16283995857232,66.42549961665408,2386.5682593233923,0.5437455419273176,35.928495428659694,10.78069239751318,0.7533463843217876,0.021662537885239,0.5529943817662649,1.412471264504792,1.7144487388438867,108.72120191019162,7.618835955858016,Female,85.94,0,I,-0.6453756321888109,0.3464864047728258,0.5532176204801499,0.8054846118808325,0.5689199649063862,0.8632395915042745,-0.5953858264566276,-0.3627148558154002,1.7813140394663078,-1.6046509977900492,-0.6940781000997284,-1.7512335264105408,0.495328353449267,-0.6495811406170443,-1.091425335941137
female_psg_negative,TCGA-44-6779-01Z-00-DX1.40f10ad8-55f3-4043-a89b-37d33a26dd8c,TCGA-44-6779-01,TCGA-44-6779,2,944,71.21693386809729,48.22845646267733,1278.4261881391217,0.6772048983743459,26.50771519359033,13.255274395109549,0.8420465919975944,0.0223530818172664,0.6698830861299597,1.4187743834743425,1.56845824812822,88.163023985342,7.578873788645461,Female,16.43,1,II,-1.1141142216331366,-0.0086310750389829,-0.0710797462677709,0.5447955747749688,-0.1306699913336748,1.710857570493484,-1.0146006933897125,-0.0176311394085989,2.012021601874563,-1.57714103481248,1.0923046494047188,-1.7176871621437382,-0.7039583359779339,-1.8549712404161696,-1.1031897078966133
female_psg_negative,TCGA-44-7667-01Z-00-DX1.2be2e379-7368-4fa7-a619-ace84febecb3,TCGA-44-7667-01,TCGA-44-7667,15,169,38.30334343308702,13.774862035624928,448.1631930080255,0.3596255783699025,32.53485892265007,4.412147474677503,0.4349295631780016,0.1158265863609473,0.6289310635081191,1.851954033830999,1.442096357827039,282.84189070530005,31.6860399150224,Female,36.04,0,II,1.6134014193248063,-1.3287915041640093,-0.6627293048466766,-0.475629336779385,-1.022586859839533,-0.2644992723414369,-0.7368622535026113,-1.504891605246992,0.8131524963810256,0.6783223459194327,0.466444459002147,0.2897831864889806,-1.4498322797021688,2.53268224955478,2.993453199479126
female_psg_negative,TCGA-44-7672-01Z-00-DX1.71f4a0c6-a9cc-481c-ace8-c8c314952aa1,TCGA-44-7672-01,TCGA-44-7672,11,164,16.803574772868256,5.641739538849763,247.44428953269173,0.3357463882006313,43.85957342212587,9.759828025688984,0.3792605348044462,0.1120306789905506,0.6486321551491835,1.5644583661180491,1.5539531436334042,166.78039125515022,17.022137687498528,Female,23.62,0,I,1.1446628298804808,-1.3457743102921804,-1.2814528709798756,-1.2025325535892055,-1.4056501106215826,-0.4223519738058261,-0.2964134166465872,-0.5165559114873166,0.6104271751300024,0.6118581166202096,0.7675316380036339,-0.9812477100030446,-0.7999719128650596,1.149933801451305,0.9726751947902584
female_psg_negative,TCGA-44-A47A-01Z-00-DX1.62448803-3A7B-41EC-9794-67916DA0792E,TCGA-44-A47A-01,TCGA-44-A47A,5,732,85.01296287459908,35.542508767970894,1151.028356831964,0.4180834024147463,32.38455575395996,8.610451574070634,0.2035386405652956,0.1018662281592109,0.657666206248243,2.105247313417132,1.6802902323415003,166.53604840854317,16.302613747756524,Female,15.31,0,I,0.0152743041236718,-0.2545351351689937,0.1215343451236729,0.2962496163226482,-0.2346717593977994,0.1047239348216659,-0.7433512655286061,-0.6997421926798729,-0.1544328641504349,0.4281226061601172,0.9055969295076616,1.25560380241515,0.1671717931025781,1.1449896688726957,0.8471658513590048
female_psg_negative,TCGA-44-A47G-01Z-00-DX1.810F67EC-3A0C-4056-B736-3331A11412CC,TCGA-44-A47G-01,TCGA-44-A47G,3,551,29.88286439987519,8.200797332927653,680.642589391677,0.2744314341218877,82.99712354294826,18.43866078655771,0.111702116948239,0.1141631968349762,0.5755619108240563,1.8440526840156024,1.6829853347998949,124.50241482705448,14.19290752033384,Female,11.53,0,I,-0.6453756321888109,-0.5056033229952364,-0.8673364149061185,-0.8979459558012911,-0.7038456443838816,-0.8569276708981598,0.8046320797373605,0.6131344630547624,-0.6975061912466205,0.6493334770184059,-0.3491838280035763,0.2575698293296204,0.1917578889634466,0.005646307330093,0.4564255763051864
female_psg_negative,TCGA-44-A4SU-01Z-00-DX1.AE2607C1-B208-4557-ADB4-6AAF03C6D3A9,TCGA-44-A4SU-01,TCGA-44-A4SU,4,457,102.745023974846,64.68398232712994,1197.370742519948,0.6295582970807994,18.51108573470968,4.447903969654848,0.6429849993915412,0.0269029861366594,0.6850978160581731,1.7666994834037528,1.60545185776051,140.90622936526287,11.335789904156918,Female,13.44,1,I,-0.2817937357042747,-0.6584209519301926,0.3405933441675234,0.783850294204115,-0.1959913035529703,1.395156545371114,-1.457876450730256,-1.4966897252492446,1.474365311030623,-1.4056166640670302,1.3248278109033864,-0.0652898776117323,-0.4436709183874503,0.5311558475768888,-0.140187377441208
female_psg_negative,TCGA-49-4487-01Z-00-DX1.3a3a0720-463c-430e-849b-e2f8991bdfa5,TCGA-49-4487-01,TCGA-49-4487,6,814,57.68048980713834,18.22744165566636,1130.9687370169636,0.3160070539728771,62.04758508528157,14.112224128500069,0.1440246116267665,0.0758115757443465,0.534260813069129,1.92685075322402,1.684891151399324,120.39150905530737,12.010365327846584,Female,28.09,1,I,0.2664417529963298,-0.1544080660352647,-0.2860509411231018,-0.2475528196970164,-0.2517371145324233,-0.5570581595368873,0.2733504933490058,0.0942267836143611,-0.487180488289806,-0.0898828154203083,-0.9803788520790988,0.5884809741976891,0.2092702090913858,-0.1484909445428186,0.0089976915734334
female_psg_negative,TCGA-49-4488-01Z-00-DX6.3ce306b2-1b00-48f7-8288-c24069037a9c,TCGA-49-4488-01,TCGA-49-4488,4,252,54.89354435724751,30.84838266195061,606.1477577196956,0.5619674047860557,19.649255663161163,4.590703751245912,0.586660643440198,0.0387429646448144,0.6473100569820929,1.612316367349652,1.5548866968476216,159.24436076407827,14.122536967545988,Female,28.55,1,I,-0.2817937357042747,-1.0859165615407111,-0.3343976123923664,0.1809054883656257,-0.7967538325632778,0.9737319582971304,-1.3878390126502127,-1.4642583001083715,1.3075164416839071,-1.01780257689861,0.7473263207174268,-0.7542257948205967,-0.7938871075580258,0.9904644164241472,0.4427436538071422
female_psg_negative,TCGA-49-4501-01Z-00-DX1.9c4bf212-5e32-449e-8710-cf7a3594156e,TCGA-49-4501-01,TCGA-49-4501,7,1922,129.0639353265028,49.40397549118077,2701.578772639317,0.3827868363551738,54.68342872774646,14.891844070442849,0.2500896334207608,0.0781890275678983,0.5426376886230762,1.8643696667631204,1.6900822553330173,118.9506187704068,12.618685923364325,Female,46.68,1,I,0.4840128935679976,0.8004047708414418,0.6233226340104803,0.5644057066171455,0.7260492574014563,-0.1157367388975132,0.0581817610149262,0.1930749055175901,0.072844335959046,-0.0392476546366449,-0.8523570208356293,0.3401244061428097,0.2575132224032324,-0.2050382704359752,0.1388115514017645
female_psg_negative,TCGA-49-4510-01Z-00-DX2.e0552b15-6bd7-4660-8a60-9edd0d638e7e,TCGA-49-4510-01,TCGA-49-4510,6,560,191.00303429297463,148.38823750104228,1246.5799348536425,0.7768894250833385,8.400800197150978,2.93189059573279,0.8103864281584217,0.0199234871493286,0.7356474563810208,1.9455078168839512,1.470129787185567,138.34136444051796,13.04451659936836,Female,29.43,1,II,0.2664417529963298,-0.4919127208127011,1.162431136885003,1.4599934700309345,-0.1559955669293538,2.4702687781940336,-2.265055795822235,-1.8797654774181245,1.931135447602432,-1.675939958588067,2.097366149470485,0.6610811842575103,-1.3001063564499669,0.4572079258245618,0.227219187414065
female_psg_negative,TCGA-49-4512-01Z-00-DX4.5161fcf5-62a3-4f7d-8a55-9a24a7d70efb,TCGA-49-4512-01,TCGA-49-4512,17,4789,141.8870389983691,46.06677203768121,4510.838778299642,0.3246721642997337,97.91957584112718,33.75220198974655,0.0888656883581936,0.1057676417736635,0.5877375471913112,1.7526311839940147,1.7853587468778849,83.82380778507613,9.1340646683572,Female,29.73,1,III,1.805312766192963,2.164216954232691,0.7472195782896344,0.5074531389812745,1.4493220871076151,-0.497404181247801,1.1303658683484024,2.0766127853449023,-0.8652350595755812,0.4996843318379589,-0.1631064230985837,-0.1255251155734203,1.3243552389648754,-2.1849615211015925,-0.6727768813666762
female_psg_negative,TCGA-49-4514-01Z-00-DX2.f1565a36-257d-432e-a84d-47c1d7a0185f,TCGA-49-4514-01,TCGA-49-4514,2,866,47.78435443355927,8.195374517521788,1002.3278004034354,0.1715074863869275,122.30408729466224,18.123086735515304,0.0532080788082301,0.107168881322745,0.5000595199797419,2.0154520980845527,1.5720863437868624,123.66574575506236,10.367905642568411,Female,55.85,0,I,-1.1141142216331366,-0.0943564029746924,-0.4656284926252872,-0.8984846054057309,-0.3662798945428341,-1.7603035725970133,1.5977299532005165,0.5775002178173716,-1.1784205245705828,0.5250635592953836,-1.5030692208210352,0.9271927186298952,-0.6794382960973491,-0.0248937777161807,-0.3649542462508469
female_psg_negative,TCGA-49-6744-01Z-00-DX3.fa64d744-6caa-4f62-8689-33da9c312838,TCGA-49-6744-01,TCGA-49-6744,18,1482,168.8395556788424,70.56575178603516,3390.5383105646947,0.4179456141205535,48.04793011835631,8.777563966224724,0.2709359908782978,0.0224236530596622,0.5108961058977205,1.7526631094996197,1.7024996684969171,130.43008749652432,8.988859366036868,Female,55.29,0,II,1.893407908227409,0.4821341820520638,0.9851417516703068,0.8547214564865458,1.031338760706168,0.1038750342096917,-0.1529405034781669,-0.672379151218289,0.1677059752453233,-1.574353691732169,-1.3374562109687975,-0.1253878757702543,0.3762723891665356,0.2107967108663879,-0.7107905730015478
female_psg_negative,TCGA-49-AARN-01Z-00-DX1.E13AA041-978E-427D-AFA5-D3180224A03A,TCGA-49-AARN-01,TCGA-49-AARN,10,381,25.871456297536334,7.924334973823739,458.2092021377828,0.3062964404743752,57.823048072976974,14.726654565490444,0.2855928605363514,0.1024886132634267,0.6137665602113314,1.7931808699387892,1.6314598012697912,136.9617533705802,17.321101094611468,Female,37.29,1,I,1.0028896920268398,-0.7981538658850852,-0.9785973307760168,-0.9258713460502492,-1.0067696887621538,-0.6249668599127426,0.1521427772802326,0.1723506791213568,0.2322324705459097,0.439629443338655,0.2346888993725641,0.046803541970306,-0.2456264790744122,0.4162866626531343,1.0237846460792808
female_psg_negative,TCGA-49-AARQ-01Z-00-DX1.3FA36419-1658-4602-9170-84A622787C3E,TCGA-49-AARQ-01,TCGA-49-AARQ,5,555,153.02337709143433,102.123178756167,1599.94100790438,0.6673697881804456,15.66677641051947,3.626896821577642,0.2774970480261258,0.053484074446075,0.6830714686635242,1.578765709615768,1.6850283451189771,192.1545990134001,12.194001021735469,Female,221.16,0,I,0.0152743041236718,-0.4995003455958517,0.8488939206981188,1.155721681439535,0.1041716636472579,1.6439456386336897,-1.6464576984512131,-1.6942138448834874,0.1968012736836822,-0.6108065739719021,1.2938596172698842,-0.9126588713386816,0.2105349495403205,1.5949137510155051,0.04863801357708
female_psg_negative,TCGA-4B-A93V-01Z-00-DX1.C263DC1C-298D-47ED-AAF8-128043828530,TCGA-4B-A93V-01,TCGA-4B-A93V,7,1537,162.77177201109924,68.48905402661215,2017.5111337006567,0.4207673921614737,29.457424436271697,9.442669211066852,0.0414705728956497,0.1742807242075221,0.6794856244084133,2.0503880124141496,1.833045554453098,167.4302203349794,18.626494381512696,Female,9.86,1,I,0.4840128935679976,0.5251008273399582,0.933920316773436,0.8303969772017634,0.3661113865408468,0.1212442113492574,-0.8739362867778301,-0.5659742851591572,-1.303934478280172,1.5900454789913396,1.2390579976043206,1.0566717062227295,2.0540381714110194,1.1630124848772934,1.240308381635136
female_psg_negative,TCGA-50-5044-01Z-00-DX1.7E0E651F-411B-4784-B0FA-6EB612527430,TCGA-50-5044-01,TCGA-50-5044,4,1239,167.68939313036793,109.59971433302503,4136.329734786447,0.6535876377572559,37.74033317475601,7.388660528079767,0.8625890991843185,0.007093951919584,0.5656758451673319,1.2815796257724157,1.629836970739375,120.25198910075542,6.529762673800325,Female,20.5,1,III,-0.2817937357042747,0.2783917384204012,0.9755280014403808,1.2132573512121416,1.318194579315676,1.551819274488548,-0.523478712011677,-0.9084515829007196,2.063692804994385,-2.3487719595890115,-0.5002702588591307,-2.4839145982481257,-0.2583869611954745,-0.1539071099840145,-1.4280637825870628
female_psg_negative,TCGA-50-5045-01Z-00-DX2.0FCA12EA-572E-4A7D-900D-6E200892170E,TCGA-50-5045-01,TCGA-50-5045,3,833,65.83510193616911,21.74136625571326,920.196322328254,0.3302397295107518,42.32467782867336,12.652824640685466,0.1924112629282059,0.144585343587265,0.6678176745586952,2.011370815889828,1.675218051681299,145.82133922228468,21.313787293293327,Female,71.42,1,,-0.6453756321888109,-0.1321773880335094,-0.1529786689216747,-0.1039979546809402,-0.444635812405334,-0.4595121771222879,-0.3512763239310539,-0.0984491442983603,-0.2125117965224894,1.1500524028036088,1.0607394470900993,0.9119205387589993,0.121457758475909,0.6655949721813363,1.6560692231197378
female_psg_negative,TCGA-50-5055-01Z-00-DX2.446EC3BB-2ED7-4253-8A39-AC68331F08E7,TCGA-50-5055-01,TCGA-50-5055,7,2617,125.20892130286192,20.29688563617135,2973.034899081958,0.1621041490092881,146.47739325010892,20.901066575518712,0.0671286460970409,0.1107774064478085,0.4893305849245183,1.861966693484887,1.7006433890654498,112.5796279819264,15.201847388448728,Female,60.12,1,II,0.4840128935679976,1.2158994531669745,0.5844785032211435,-0.1599817129878516,0.8519194218549515,-1.861734234828864,2.0030973811698813,0.8813183391885036,-1.0464153353772605,0.5896674418077764,-1.667037027697999,0.3304073718428071,0.3582073996053997,-0.472415355951269,0.6478003858827479
female_psg_negative,TCGA-50-5068-01Z-00-DX1.13f1c31e-4d4c-4562-8447-c5bbfbf670a9,TCGA-50-5068-01,TCGA-50-5068,3,1523,169.6936637468877,66.96758155456918,2464.0008416606925,0.3946380794421231,36.79393498259867,8.974996274885562,0.1347335083738539,0.0945423654025968,0.5613324538841511,2.1245312348906737,1.7217032081619006,149.2300419076525,13.524742445216358,Female,49.24,1,II,-0.6453756321888109,0.5142624008139457,0.9922526876377632,0.8121030878028235,0.6087684900845522,-0.0409776861727952,-0.5607444120210368,-0.6403850327209275,-0.5449790307440076,0.2899810902049847,-0.5666492927004207,1.3243023446286288,0.5700645066707717,0.7536299992214596,0.3246411260697885
female_psg_negative,TCGA-50-5942-01Z-00-DX1.da1b1274-8740-4c79-adf9-25800913eafa,TCGA-50-5942-01,TCGA-50-5942,3,1796,263.3898911897742,184.06147626341937,4359.340634406721,0.6988175416755149,23.684155549028933,6.818788647837551,0.7047792385779933,0.0149047671383106,0.5824419840832885,1.8039300242976624,1.656174626308316,106.71311428549409,5.7496796096513085,Female,60.68,0,I,-0.6453756321888109,0.7147192384649801,1.660070610858382,1.6354282803878406,1.397185934155056,1.8618141769916412,-1.1593964906947614,-1.0116997316283618,1.6492123436690893,-1.9012870596167852,-0.2440372763968612,0.0918321533173568,-0.0440257164709281,-0.746854595944297,-1.69298583163984
female_psg_negative,TCGA-50-6591-01Z-00-DX1.12e1050b-75e9-4059-b945-291995b3e93c,TCGA-50-6591-01,TCGA-50-6591,2,184,258.7733321173407,220.19944341684243,1109.013385843625,0.8509356107722608,5.036404128162295,0.7110469942728304,0.9454951138107912,0.0119206415620865,0.769003662103597,1.5057971747118664,1.4173339389013686,229.3697820383813,12.43282490708792,Female,3.91,1,IV,-1.1141142216331366,-1.2797717741546075,1.6312788568778818,1.7814060681100354,-0.2706481317214335,3.2111743711078877,-2.6851364844949983,-2.718898240128499,2.2662249535869163,-2.0538003159282803,2.6071412454996885,-1.2691837308843823,-1.5759577201807815,2.06945819899426,0.0996005402673492
female_psg_negative,TCGA-50-6593-01Z-00-DX1.a63e298c-cbe7-44e8-8d8e-34ebb93530ca,TCGA-50-6593-01,TCGA-50-6593,4,1141,81.61595461353194,33.30224858075214,1579.7338380900685,0.4080360113221125,47.43625146690889,13.980109715102468,0.106489853090408,0.0870387901241953,0.5868570969927407,1.7983397762677262,1.7312589333794088,118.69487651115622,13.008950349191426,Female,11.04,1,III,-0.2817937357042747,0.1886567055380072,0.0761634432962789,0.2432338651704522,0.0903916364525823,0.0426067830884533,-0.1733593910943251,0.0772078165093356,-0.7341534105726502,0.1427788709650845,-0.1765621377040803,0.0684479823790657,0.6715382449886539,-0.2152182648947515,0.2199094944423824
female_psg_negative,TCGA-50-8457-01Z-00-DX1.F4B6ECCE-F22B-43FC-9A08-4366A24A67A4,TCGA-50-8457-01,TCGA-50-8457,11,3267,140.5469401072775,45.70253482390504,4209.971095223663,0.3251763061438474,92.11679639750764,23.244903072997143,0.0915173502604013,0.089744228690824,0.5538862935147794,1.8791143166569484,1.6941253773904617,123.36778491824433,10.718534068059483,Female,36.96,0,I,1.1446628298804808,1.5420629007399254,0.734630082953865,0.5009889638502341,1.3445859441790304,-0.493959363721442,1.0079193802801285,1.1222593227612072,-0.8447312262708223,0.1965586308717867,-0.6804472213052379,0.3994753349486543,0.2956507033429279,-0.0358699703443025,-0.2819745620518621
female_psg_negative,TCGA-55-1595-01Z-00-DX1.6270c9cf-cd18-4fa5-b313-33350ad55f89,TCGA-55-1595-01,TCGA-55-1595,6,1195,103.5357501275466,38.85836350922802,2007.129485772988,0.3753134879629312,51.65244504690317,11.54190700823502,0.0876711005922658,0.0676333921290988,0.6447289783332999,1.656162458330275,1.6961201707682287,138.09624685449427,18.244592176768304,Female,48.59,0,I,0.2664417529963298,0.2387107286287559,0.3497527874067895,0.3688818210404582,0.3600610633997294,-0.1633272951058595,-0.0360047770951699,-0.2526943605437471,-0.874572029668559,-0.2704253811667551,0.7078802989789044,-0.5520737927453438,0.3146530702468876,0.4499971123229933,1.1780389704409728
female_psg_negative,TCGA-55-6543-01Z-00-DX1.08806fe0-84d3-4fd6-8746-6cf557241958,TCGA-55-6543-01,TCGA-55-6543,8,519,50.456144448513264,18.059838929944807,890.2742542900932,0.3579314100857137,49.2958025674271,10.286160499829723,0.4286237368806103,0.0718351331484883,0.5353491081160142,1.6286152076418017,1.6320753241487338,138.17098437425395,13.094565602589784,Female,14.29,0,I,0.675924240436155,-0.5555243548896543,-0.4148730742203678,-0.2550751727476842,-0.4743398672810179,-0.2755367720827151,-0.111815637861958,-0.4362847457704772,0.7908679727554119,-0.1763817899889637,-0.9637466932344092,-0.6784453252518423,-0.2407718564536736,0.4521984348435265,0.2374829538347921
female_psg_negative,TCGA-55-6981-01Z-00-DX1.5fecd134-42a0-40a2-be75-1e8bd14c5b30,TCGA-55-6981-01,TCGA-55-6981,1,649,29.53998279369409,6.780903360853941,581.0179492691223,0.229550010513258,85.68444620864686,21.97022268200313,0.0327315499756195,0.1610391344626699,0.6334623301487465,1.8695379139093609,1.6786661372141658,109.3106953824739,15.892215075312818,Female,45.3,1,III,-1.7747641579456197,-0.3638193329498154,-0.8764423703430342,-1.0527649299470023,-0.8298070800668657,-1.214544480096066,0.8660207484758926,0.992816403453268,-1.4094738921334538,1.3988912386970276,0.5356947480209715,0.3609811628374663,0.1524558528716918,-0.6217041543579616,0.773917218124073
female_psg_negative,TCGA-55-6982-01Z-00-DX1.055aeec1-2fc1-4796-b5df-c159335e0300,TCGA-55-6982-01,TCGA-55-6982,4,489,23.8706729061874,6.425373834509057,414.1304322809859,0.2691743906743227,64.45234829089571,20.48538815482025,0.1773918438162289,0.1684619705535533,0.6680904506756542,1.980850070580782,1.593043973342812,126.5457184927302,19.11059008620336,Female,32.69,1,II,-0.2817937357042747,-0.6042251777709712,-1.0384377997226926,-1.0966204421011665,-1.07799610427878,-0.8967381063725249,0.3399034872420418,0.8372009756364993,-0.2936378768986381,1.506974322674992,1.064908220732214,0.7967196520249273,-0.5335978681198784,0.0785335306393609,1.318029103304287
female_psg_negative,TCGA-55-6984-01Z-00-DX1.d53e387a-9618-4486-98f3-a75604f25a7d,TCGA-55-6984-01,TCGA-55-6984,11,1115,81.72112877385811,26.75612991714504,1500.0936339656562,0.3274077379815158,56.0654189754256,13.643962298727804,0.1266706742127998,0.1065413487446203,0.6350501895824888,1.7129234674965883,1.6250676703705724,127.90523855102349,9.262192401533952,Female,24.97,1,II,1.1446628298804808,0.1639920282894231,0.0775868647759715,0.0650111802674746,0.0349079843114715,-0.4787449653658989,0.0999729217290886,0.0335391755968551,-0.5967738303495446,0.5137183417202609,0.5599616326315613,-0.2981836121257508,-0.2955671816168522,0.125739134132581,-0.6395671532611268
female_psg_negative,TCGA-55-6985-01Z-00-DX1.428ad69e-c0ea-445e-8d38-fa2dab6eb81f,TCGA-55-6985-01,TCGA-55-6985,1,435,18.748441885201004,3.862162528131706,354.073635632795,0.205999119915148,91.67755967123313,23.20192806759933,0.0318957909307739,0.1874565527773946,0.6383823791002124,2.2088977154540053,1.6506321243707929,108.71177489122326,18.501689112078388,Female,40.51,0,I,-1.7747641579456197,-0.6971656708835581,-1.20866890806041,-1.5111306778163665,-1.18369415451295,-1.4219187914876918,0.9984438381601196,1.11795392134315,-1.4202704434089417,1.773168144238481,0.6108867062299463,1.617702216630377,-0.090469115418308,-0.6500293978153391,1.2200532088575804
female_psg_negative,TCGA-55-6986-01Z-00-DX1.ae52d41e-3cd6-4d36-b04b-2ea7d29bd8da,TCGA-55-6986-01,TCGA-55-6986,4,994,53.46149317236533,19.59989546985918,1597.070495710326,0.3666170603702952,81.48362312270028,18.59282150603692,0.1175937318309654,0.0738904623623106,0.5338019428266154,1.9708008138028872,1.698575363824273,102.99485618459074,5.974298690924381,Female,107.13,0,I,-0.2817937357042747,0.0438623817582744,-0.3598788672208604,-0.1884366055357119,0.1022212511497004,-0.2191866760031387,0.7694728743167334,0.6304312258263508,-0.6570974674889718,-0.1313817379888756,-0.9873916587480532,0.758399863916637,0.3382131829187209,-0.9369842795555284,-1.6143662448205955
female_psg_negative,TCGA-55-7281-01Z-00-DX1.a92dafa4-3a65-4f5c-97f0-83aff231274a,TCGA-55-7281-01,TCGA-55-7281,2,177,18.287206963692352,10.475547914453092,312.7674352026304,0.5728347655960462,29.856904646591875,9.678897403601216,0.5884712381319344,0.0288001454141042,0.6896625101818088,1.5068439947245584,1.6172734172077274,107.98778890062717,7.343787161022606,Female,28.65,0,I,-1.1141142216331366,-1.302302453439559,-1.2254570375449427,-0.6985908510280342,-1.2635498482729948,1.0400933118396878,-0.855619375371662,-0.5290889286616537,1.313001498087487,-1.3384249489434596,1.3945889643323384,-1.2639478300100853,-0.3553228769763183,-0.6846889262789269,-1.173247260589805
female_psg_negative,TCGA-55-7283-01Z-00-DX1.0f716216-0a46-404e-a4d4-5bb6d7e3f0d1,TCGA-55-7283-01,TCGA-55-7283,2,141,11.530619704619046,4.449917805887635,309.3659552937971,0.3859218255290341,69.52172349891015,12.228310672974226,0.359194566505372,0.0454299506377384,0.4785110979287333,1.8238183630667355,1.734572369714554,116.46299489760538,7.015363184036136,Female,20.01,0,III,-1.1141142216331366,-1.4286900783416805,-1.512385584553689,-1.3957757428331556,-1.2704323202178474,-0.0958792963722796,0.47496000699538,-0.1565588131137621,0.5337367404005698,-0.8250161736773447,-1.83238871871872,0.1744421283001067,0.7075686362695265,-0.3059574657608767,-1.2736692986879734
female_psg_negative,TCGA-55-7573-01Z-00-DX1.43a4bbd2-6a3b-4910-9356-2d750a736817,TCGA-55-7573-01,TCGA-55-7573,1,552,30.33939109735065,14.293226944383138,751.144085565828,0.4711111999090607,52.55244938659621,18.19416870393957,0.2248603534427653,0.0826232286006526,0.546088576339872,1.7496950415395078,1.6870797279609162,97.67489259323813,7.260764995573885,Female,16.0,0,I,-1.7747641579456197,-0.5040748168321942,-0.8553198477921526,-0.4455480713709111,-0.6219731947533652,0.4269124343707761,-0.0076613996964765,0.5855536100476993,-0.0474201201358131,0.0531765736266063,-0.799617910403026,-0.1381575605909991,0.2295119066795763,-1.234187769506942,-1.1983454513257166
female_psg_negative,TCGA-55-7574-01Z-00-DX1.09639e6a-d85f-4d84-abbc-0f5a6d679683,TCGA-55-7574-01,TCGA-55-7574,3,460,27.246466612352275,9.20380103877624,448.8322744904535,0.3377979673373011,48.76596882087004,16.88292307933453,0.2094914336963811,0.1247302243846753,0.6028903801749974,2.2901570394923008,1.6535956958960691,126.99675536579248,16.0715504712773,Female,32.69,1,I,-0.6453756321888109,-0.6532346233496968,-0.9392411060610244,-0.8039857481626055,-1.0215261041603274,-0.4085850035837359,-0.1291910540746632,0.434363330337509,-0.1240139112324795,0.8300699400623875,0.0684707818634594,1.8898883186623832,-0.0657282895793451,0.0943065809661952,0.8060785860494183
female_psg_negative,TCGA-55-7725-01Z-00-DX1.4d678777-63b1-4f4a-932a-7fccabf504c7,TCGA-55-7725-01,TCGA-55-7725,2,163,18.339282673800497,8.526081173219794,344.63570126828654,0.4649081059969784,40.421348831486455,8.888024842588955,0.7206136239433028,0.0349895774092597,0.5434688604969131,1.798263247949511,1.6914158469309744,135.85337217099593,11.084518093020003,Female,14.52,0,I,-1.1141142216331366,-1.3492121560417938,-1.2235475384452397,-0.8662702491989597,-1.201369058887029,0.3895699238344446,-0.4211829058849909,-0.6544350274477366,1.6927679085536995,-1.1333667783906325,-0.8396544153496811,0.0681273580654466,0.2700372985402563,0.3828083822064543,-0.197269144864802
female_psg_negative,TCGA-55-7728-01Z-00-DX1.1d47a5fe-cab5-4d5a-a62b-16f345334d25,TCGA-55-7728-01,TCGA-55-7728,1,138,22.43855951419523,11.759562125694044,433.1225423482172,0.5240783000466065,36.83151955138419,6.150127414048015,0.3240268814629826,0.0377421968193771,0.5444792568330299,1.5124489960058392,1.702165807655751,156.11805679116685,7.637417843940536,Female,23.13,0,I,-1.7747641579456197,-1.4401551970242212,-1.083356128280027,-0.604437025951994,-1.0467160104895814,0.7447688290787341,-0.5592523598509557,-1.1385158536330504,0.3939680028558064,-1.0480468238201277,-0.8242127642951408,-1.2359749137834828,0.3730150148147897,0.9197907330706678,-1.085969064784477
female_psg_negative,TCGA-55-7816-01Z-00-DX1.A58C6196-E1A0-48B3-9B77-2EDCD7A43CBA,TCGA-55-7816-01,TCGA-55-7816,16,2153,71.9087267472995,14.69187310806696,2167.5169665359645,0.2043127972449978,147.5316966456668,29.940733168117944,0.0589762581267536,0.1289726840846798,0.6273232957308078,2.028735457511968,1.6267098783231606,100.50712596549808,14.8772949183055,Female,15.37,1,IV,1.7121809486630295,0.948237233055665,-0.0608551243899637,-0.4231472397938879,0.4513054008407963,-1.437418539260211,2.019725860799264,1.75038788314867,-1.1218462059732035,0.9004677136550652,0.4418733198297798,0.9766858561409756,-0.2828186159684786,-1.0720467267498024,0.5871888569423376
female_psg_negative,TCGA-55-7910-01Z-00-DX1.041e15d5-4852-49f6-85d9-74b510497651,TCGA-55-7910-01,TCGA-55-7910,10,876,187.6955629259894,108.34666945914898,1960.4897560324075,0.57724683402277,18.094601022983824,4.667132170542663,0.4288429255388855,0.0513674992184546,0.5975053330423435,1.5657482716140982,1.7348007493691076,187.2576023266164,16.82934628617065,Female,34.17,0,II,1.0028896920268398,-0.083085604455737,1.136877421321181,1.2038936895764087,0.332619409032508,1.0671545414432964,-1.4842217727463538,-1.4471076911238847,0.7916453153944002,-0.6654398315988509,-0.0138276348690055,-0.9750382805380567,0.710068586734502,1.5184275146580248,0.9393982803758908
female_psg_negative,TCGA-55-7911-01Z-00-DX1.081bc002-06ee-4218-a25f-26c0e6c4b333,TCGA-55-7911-01,TCGA-55-7911,5,476,24.689813287252,6.644586611513645,550.2928630527937,0.2691225945780812,82.81822410129382,19.27920614311698,0.1805132704134235,0.1127867900774433,0.6274050088611189,1.719616256847738,1.7063033056291317,117.41281879225856,14.042022490866074,Female,17.64,0,I,0.0152743041236718,-0.625948381561655,-1.0135488350494064,-1.0693019773648464,-0.8715414921627277,-0.8971327671479048,0.8004985696352969,0.7065868211229064,-0.2765031836295364,0.6251859616101375,0.4431221225022916,-0.2688031296712858,0.4136435030220267,-0.2669198446116512,0.4270336154386424
female_psg_negative,TCGA-55-7913-01Z-00-DX1.2295fcc5-70b0-412e-a1fd-b5366fce0739,TCGA-55-7913-01,TCGA-55-7913,8,69,10.027871073388962,3.604295252309448,148.4926890902134,0.3594277614791233,41.19881383054479,6.880822409365217,0.5539212790607896,0.115164114772499,0.6225691359510012,1.6733357492796568,1.5122346011245922,184.7738134535235,9.027811493219076,Female,18.43,1,I,0.675924240436155,-1.7689133587999917,-1.5909115455687155,-1.567400863912169,-1.6794842011631983,-0.2657868672510758,-0.392368063492971,-1.0002564438863193,1.2068337600540433,0.6668021677666819,0.3692166070595742,-0.4743515396052228,-1.0596420197177518,1.4780835551346976,-0.7005532490111145
female_psg_negative,TCGA-55-7914-01Z-00-DX1.875bffe1-8c56-4c29-ab11-6840ee3a643c,TCGA-55-7914-01,TCGA-55-7914,3,244,21.09141979286972,9.876536221335163,426.430082148938,0.4682727060733047,43.176076368531845,11.568685389424944,0.2882069042683213,0.0525240756782197,0.5486016404497887,1.862073384056916,1.7232449594205932,123.97955232698312,11.974345132154754,Female,6.14,1,II,-0.6453756321888109,-1.1067506224755592,-1.1273891358005743,-0.7465394401922958,-1.0576322276916943,0.4098321207804722,-0.3206834234376121,-0.2488911132827318,0.2435652600773177,-0.6354496115744899,-0.7612113389657581,0.3308390683014618,0.5861986198750828,-0.0133909061018172,0.0011749103456582
female_psg_negative,TCGA-55-8087-01Z-00-DX1.548f2800-8caf-4c0e-a7b5-6d3d28315d9c,TCGA-55-8087-01,TCGA-55-8087,1,1634,49.39055314492282,19.03168177527666,1454.404144775276,0.3853304035578118,76.42015886712848,33.08324964908739,0.0522062379714142,0.1632025697341292,0.6141731283252445,1.6262213770330054,1.7756087883916658,91.22092723448483,10.003124511871276,Female,15.18,0,I,-1.7747641579456197,0.5984452329337011,-0.4348958822649548,-0.2123931705834481,0.0021857536170727,-0.0996208017114858,0.6485815314359197,2.020743530303707,-1.1885539637527776,1.4306453984999723,0.2409023848341977,-0.6895276556495883,1.1953400763191095,-1.6412801069900085,-0.4532935729850252
female_psg_negative,TCGA-55-8097-01Z-00-DX1.2f847b65-a5dc-41be-9dd0-a1e11df3cd10,TCGA-55-8097-01,TCGA-55-8097,2,247,17.118234943442324,5.871659192613624,426.24071207478073,0.3430061108527399,72.59289037261888,14.429057716293412,0.2781482292173083,0.0579056654864473,0.5077613502696544,1.5698558552261448,1.7231885463916834,122.68896710993546,8.459208796551236,Female,15.64,0,I,-1.1141142216331366,-1.0988852239557454,-1.269309377490803,-1.170004785716423,-1.057942769614344,-0.3738181110116959,0.5536117280075918,0.1347194966795949,0.1996701124402504,-0.5000599985723809,-1.385363948575893,-0.9552989589752776,0.5856066864882191,-0.0610751427611516,-0.8530245225961387
female_psg_negative,TCGA-55-8203-01Z-00-DX1.f530d261-be19-4ff0-98d0-27b789dffb23,TCGA-55-8203-01,TCGA-55-8203,1,131,12.13710296710832,4.860332405952608,209.8546796396676,0.4004524324399456,43.17702208652472,10.793349974455303,0.1862985003008196,0.1041337653829812,0.6310091073715226,1.561259136133548,1.656724662689986,135.34175492064523,14.37228235180481,Female,17.97,0,I,-1.7747641579456197,-1.4675689480958551,-1.4826291000377572,-1.3239356364675272,-1.4991495517237403,-0.0045908388238039,-0.3206496660023473,-0.3608542235884155,-0.2451331109448969,0.4698783418257053,0.4982027176851011,-0.996670490480396,-0.0393759159342605,0.3671701853638857,0.4910974934613067
female_psg_negative,TCGA-55-8205-01Z-00-DX1.6df6d499-f325-409d-acb1-9e13172f2bb4,TCGA-55-8205-01,TCGA-55-8205,4,255,29.84189208698072,14.44873446301972,433.7071426311482,0.4841762184819153,30.01696402831569,8.545034586169896,0.6013559673316239,0.0762889048616893,0.6906353171354932,1.4961721773173489,1.5647147992754311,157.668687533373,12.75184667335608,Female,19.68,0,II,-0.2817937357042747,-1.0782175276011623,-0.868420845811093,-0.4367363004710735,-1.0457678110734294,0.5054020376111831,-0.8483262014360498,-0.7105258362708172,1.3517935493487367,-0.0796536097947842,1.409456145640574,-1.3174965792830666,-0.72904283367839,0.9551948301614936,0.1666682715265483
female_psg_negative,TCGA-55-8208-01Z-00-DX1.6eccb7e2-16e4-4d25-9a1e-b370e016020f,TCGA-55-8208-01,TCGA-55-8208,6,1266,85.34627305200013,26.1871998279546,1795.613379635231,0.306834720386667,68.56836131515024,14.833688159161284,0.0565322455549702,0.0998070745286628,0.5647125133011061,1.981442822297877,1.7581137261426278,141.0433279843266,14.15928365286568,Female,22.14,0,I,0.2664417529963298,0.3022782148785941,0.1259205211095796,0.0475091536921766,0.2319683564980383,-0.6211717225203756,0.4500744996736425,0.1857919952123838,-1.1454631551526209,0.3897996551250232,-0.5149926346202598,0.7989738550949189,0.9772990672586582,0.5350328320597312,0.4498938504549422
female_psg_negative,TCGA-55-8506-01Z-00-DX1.A908E3D2-91F7-4DE2-98C9-95D1038B9F49,TCGA-55-8506-01,TCGA-55-8506,1,281,36.17599153789608,16.875862232762294,651.8892228698872,0.4664934260359947,38.628498732605735,7.767582533450094,0.3029170412529705,0.0473456850152061,0.5730512946150706,1.7381704962010969,1.6870272810050448,150.09689578735464,12.5,Female,0.36,0,II,-1.7747641579456197,-1.0138939232048294,-0.7113359226281383,-0.3102910545207117,-0.738861996925077,0.3991192747179932,-0.4890685184166229,-0.8419910691357412,0.3064020654290248,-0.7724471133465639,-0.3875529887430393,-0.1879464496308703,0.2290251819519902,0.7753801187725315,0.1138172508977123
female_psg_negative,TCGA-55-8508-01Z-00-DX1.96B173E2-A298-4017-9AEC-113E547A3272,TCGA-55-8508-01,TCGA-55-8508,10,595,103.83158753415164,43.01308569222397,1568.6149630389798,0.4142581916902346,36.46831976350301,5.730433427152371,0.2486917911620682,0.0678514350434451,0.4917876399783263,2.172571368444538,1.7323371771349192,187.08508101525928,12.939408653479129,Female,20.27,0,II,1.0028896920268398,-0.440024186488516,0.3531676558322801,0.4516010928681706,0.082759084514562,0.0811273901017779,-0.5737135916520608,-1.2216649935922643,0.0663444387742543,-0.265474465509482,-1.6294864295747764,1.4927687717250628,0.6832141036822532,1.515659885747326,0.2055784719463621
female_psg_negative,TCGA-55-8513-01Z-00-DX1.E21776FE-DF49-48D1-90D6-6F71D0764492,TCGA-55-8513-01,TCGA-55-8513,3,600,51.68189698895665,16.563686196593906,1109.5661378169527,0.3204929997080645,66.98787483942552,11.609480977995206,0.0711653883508611,0.0799787668157486,0.5607226161065714,1.6577704969923457,1.7504006765280822,142.78741529748643,8.50848807368183,Female,25.99,0,II,-0.6453756321888109,-0.4327790993731364,-0.3921864264770387,-0.3254956806172562,-0.2701689758849377,-0.5260687092890607,0.4083060401710862,-0.2431054981377992,-1.0107637705477677,-0.001635654946387,-0.5759693009235841,-0.544762072088749,0.8861369930834154,0.5837037420929239,-0.8395445917338473
female_psg_negative,TCGA-55-8514-01Z-00-DX1.499CF563-B404-4061-9D1A-57954BBE2CE7,TCGA-55-8514-01,TCGA-55-8514,5,503,49.733701353285376,25.728652118147323,817.6381378355486,0.5173283189880196,31.779283814826805,10.11386617752254,0.3389493147119373,0.0744249368179215,0.653909239838191,1.5600968449562134,1.6832632365511233,128.43749353760097,12.048704270738575,Female,17.08,0,I,0.0152743041236718,-0.5812573242149416,-0.4284168466178116,0.0331238244144809,-0.5493265722902025,0.704230814726888,-0.7696877140219355,-0.4623303944838688,0.4541575694100277,-0.1197826651407835,0.8481800899428882,-1.0022814669602311,0.1943049278292229,0.1439480172355647,0.0173068883046641
female_psg_negative,TCGA-55-8616-01Z-00-DX1.4F53B2AB-8221-4E67-80D2-7A8E3815B730,TCGA-55-8616-01,TCGA-55-8616,9,1814,71.67483346084083,22.955299907030632,1410.9065179268855,0.3202700138755416,61.46321431830914,25.30874384230093,0.0337607673371248,0.2654637794227003,0.7261338784347098,1.8720800668003907,1.8195721731893169,107.18001018460936,14.741197093953678,Female,1.58,0,I,0.8475947900525345,0.7272003665396326,-0.064304674439371,-0.0597543394740651,-0.0296097785471475,-0.5276036538347946,0.2569188852074137,1.3245328831156156,-1.396365862707048,2.745559823746184,1.951972361235165,0.3712190202768657,1.8286401635807,-0.7239125474380901,0.5615096164660408
female_psg_negative,TCGA-55-8619-01Z-00-DX1.46C7678A-6032-4C95-B535-85C87B92B6ED,TCGA-55-8619-01,TCGA-55-8619,6,906,37.884182120029024,11.360673893667975,997.800911153268,0.2998790856213758,87.82937706797532,23.91499431423665,0.1107809131330707,0.119747267500822,0.6155600956267867,1.7807220359026896,1.6904855917523451,103.73338279902578,9.807482892830825,Female,13.67,0,II,0.2664417529963298,-0.0497795602333975,-0.6721614108591389,-0.6325383010548581,-0.3704848183259752,-0.6705044279799373,0.9141042342248836,1.1888838567577296,-0.703919929672311,0.7458375770426974,0.2620990819409822,-0.0057259497684093,0.2612953568869849,-0.8981356415818883,-0.5015596298398075
female_psg_negative,TCGA-55-8621-01Z-00-DX1.7C519007-D59D-432A-BF4D-23D14A1C8BB6,TCGA-55-8621-01,TCGA-55-8621,3,443,20.36976612668313,5.146484562722591,437.2158728529546,0.2526531002229336,84.95427655993178,21.747917832973915,0.0965674331285979,0.135081711687165,0.5814756161035194,2.009613115234394,1.704351411577364,103.11956145239384,13.08830576237009,Female,16.92,0,I,-0.6453756321888109,-0.6829286936692536,-1.1517526353063858,-1.2773509201167814,-1.0400946134274156,-1.02518154770486,0.849469404553235,0.9698604568134432,-0.8064871785073937,0.9998349450235272,-0.2588060523716696,0.905333664193852,0.3944058880306574,-0.9303853737513604,0.2362006537814531
female_psg_negative,TCGA-55-A48X-01Z-00-DX1.A46C6373-8458-4D55-88C3-4C70A05F9F47,TCGA-55-A48X-01,TCGA-55-A48X,2,231,15.573525354016573,4.795692743705406,259.16704921741854,0.307938802210159,54.041629242738416,14.83286505456664,0.0672938966207164,0.2093536680564995,0.7120630871748245,1.835466067329797,1.677268458292283,138.88339302789214,12.3025678295227,Female,22.63,0,II,-1.1141142216331366,-1.14159975785142,-1.330433877009216,-1.334838263297574,-1.3784469432989384,-0.6133989904481333,0.0385341925910221,0.1856888148168672,-1.044935171149682,2.0638043532528383,1.7369317470426429,0.2224058001056467,0.1398508967719244,0.4730628271042906,0.0718867702122433
female_psg_negative,TCGA-55-A48Z-01Z-00-DX1.0867DC6A-2A51-4CF1-AE3F-0526CE2DD740,TCGA-55-A48Z-01,TCGA-55-A48Z,7,521,44.13735951275915,14.946670516102635,716.175411094998,0.3386398887722741,47.915380908640095,11.80405909532015,0.2381211415641898,0.1148604087717177,0.6132974013463084,1.906108120096924,1.5887525457511713,147.48301318532995,15.160803145605176,Female,21.39,0,III,0.4840128935679976,-0.5523450986187193,-0.5380605328721854,-0.4091457961949984,-0.6619098364286642,-0.4029472314566513,-0.1573504523591861,-0.2156493308244292,0.016588003952995,0.6615097375823448,0.2275188540904604,0.506935332481389,-0.5640633225667648,0.7090186349364963,0.6401831536387812
female_psg_negative,TCGA-55-A491-01Z-00-DX1.E5F3B4E5-18EA-4067-AE28-119DABCE739A,TCGA-55-A491-01,TCGA-55-A491,6,247,18.616700880214864,4.795430996132742,341.6795854891216,0.2575875836963759,71.2510691457489,13.267656905982864,0.1772990449720689,0.1111084832585868,0.5591988869913797,1.8361602423724648,1.696508609128314,142.43678266933185,15.169586231205148,Female,20.57,0,I,0.2664417529963298,-1.0988852239557454,-1.2134356887045297,-1.3348827097536895,-1.2069714096039863,-0.9862618892445848,0.5195264391457319,-0.0159895154662134,-0.2941495829878818,0.5955416966187153,-0.5992560968643353,0.2252547008323991,0.3183678337825359,0.5740146304064578,0.6418143254987323
female_psg_negative,TCGA-55-A492-01Z-00-DX1.31B23842-7F8B-4311-88DF-C51CB4F54AED,TCGA-55-A492-01,TCGA-55-A492,4,884,33.29918415807024,10.184493910178029,1076.8862105063688,0.3058481511688856,105.73782261582645,26.54719694643803,0.2103972997353401,0.0583806955008767,0.5178228765996445,1.892633193042529,1.7029037996610723,90.12886397069502,7.0534488100078265,Female,19.58,0,I,-0.2817937357042747,-0.0741305683786781,-0.7801974467949225,-0.721536222091125,-0.2987757474919477,-0.6281303627093882,1.2879167782362004,1.441965025903275,-0.1194229867320224,-0.4884174969571504,-1.231595993259573,0.4534843967127036,0.3802202628549287,-1.715930679230539,-1.2618653315343795
female_psg_negative,TCGA-62-A46R-01Z-00-DX1.AD823FBA-A63F-4D36-8B84-2C995DE5FC47,TCGA-62-A46R-01,TCGA-62-A46R,8,1699,137.88937627412196,46.904907421968765,3316.949804848224,0.3401633156184747,70.71647695641053,12.3214713555772,0.1265527880601705,0.0670175784457527,0.4922118881201507,1.7450329257382493,1.7427493691357516,135.6539024640294,10.75747311908626,Female,56.67,1,I,0.675924240436155,0.645982901257297,0.7094250034709523,0.522135612796076,1.0008287144114156,-0.3927632223047528,0.5058273789414431,-0.1437211690182319,-0.5975431624704088,-0.2844514015594239,-1.62300274437876,-0.1582594429549207,0.7984465139201979,0.3767253802334577,-0.272871492599965
female_psg_negative,TCGA-62-A46U-01Z-00-DX1.5129535F-8B6A-4647-8A88-3EE125642874,TCGA-62-A46U-01,TCGA-62-A46U,7,2332,175.93703108873615,88.35031373186175,4074.026575507385,0.502170084291698,46.1121913824984,13.254742253913705,0.1734153208960878,0.0328578981141415,0.5782631361336923,1.6030347505340774,1.78653069221561,110.42162048813634,8.816089099712032,Female,67.9,0,II,0.4840128935679976,1.05566677484067,1.0435212599568335,1.0377514738473403,1.2956208572495251,0.6133117151096534,-0.2181677638534777,-0.0177017057479468,-0.3156863880710651,-1.201773278102196,-0.3079016329281269,-0.7977231874370144,1.3402559194601071,-0.5699778166744821,-0.7565577386282435
female_psg_negative,TCGA-62-A46V-01Z-00-DX1.631E54D0-9E57-4932-B4EF-81820E56A95B,TCGA-62-A46V-01,TCGA-62-A46V,7,3364,177.2990683508239,79.82315333895174,5141.59714765305,0.4502175565920326,64.41235321561867,18.973590957306165,0.2849042589510674,0.042832245382751,0.5767311538908075,1.7809371172595256,1.7841606905170977,102.59232288038343,8.391525539013216,Female,72.24,0,I,0.4840128935679976,1.5869085583280795,1.0545441233110826,0.955101347321508,1.6546488510358317,0.3008505888525083,0.3388102603993463,0.6728485747902866,0.2292385215333799,-0.8981028627666162,-0.3313145594904857,-0.0048160004566165,1.3081897801331013,-0.9583942043694454,-0.871624307340971
female_psg_negative,TCGA-64-1681-01Z-00-DX1.fb0244f6-51a8-4da2-b45c-38d8e02edab7,TCGA-64-1681-01,TCGA-64-1681,1,605,20.258028967854088,2.9347070233617205,581.1954667404611,0.1448663652331913,198.0420744264615,29.86470208725776,0.0309318558096119,0.1161820375420946,0.5587207134443726,2.137293116634254,1.7128875936600385,90.33859917001148,12.250000000000002,Female,38.34,1,I,-1.7747641579456197,-0.4255741517593236,-1.155576158152805,-1.7347583629854249,-0.8295702808157116,-2.0607637836533725,2.737871882245793,1.7436751925165646,-1.432900003339976,0.6844899539461926,-0.6065639114242862,1.3694242318691583,0.4794937223094691,-1.7014537051518956,0.0606469234482171
female_psg_negative,TCGA-64-5781-01Z-00-DX1.81474D4D-6B48-473F-BAA9-ABD75C9223C3,TCGA-64-5781-01,TCGA-64-5781,3,1579,57.45295968026318,20.347449111750738,2448.391894027626,0.3541584145531967,120.32918134262194,27.483353491054945,0.0555124379117077,0.0577571687483967,0.5198472081063876,1.8334403954938057,1.779389076759191,97.1692973269201,6.566076555651173,Female,51.22,0,I,-0.6453756321888109,0.557226315816778,-0.2899388776953722,-0.157955611979636,0.600803678167438,-0.3002015392935209,1.5623265843651355,1.5289252777094924,-1.1554684562707538,-0.503709292363185,-1.2006586079697812,0.214086260708293,1.244684319764328,-1.2641265921347382,-1.416258157321092
female_psg_negative,TCGA-67-3770-01Z-00-DX1.4C14BE72-905C-4AAE-B07A-6437D98A23FA,TCGA-67-3770-01,TCGA-67-3770,2,1532,68.46921463750218,27.18704052904169,1952.5746833898072,0.3970695541489491,71.82005269400437,22.37501931504393,0.2273010230697112,0.0984548133534216,0.578373514757633,1.565446935229195,1.7958536389193065,95.64473148356456,9.024501542905591,Female,20.04,0,I,-1.1141142216331366,0.5212375451803173,-0.1123574511034197,0.0780213789608081,0.3279193096217607,-0.0257391947862637,0.5340317175259719,1.0343207526522809,-0.0355003775181588,0.3644172818862672,-0.3062147422161879,-0.9764884148213546,1.469947502309613,-1.356319984097225,-0.7014220177042634
female_psg_negative,TCGA-67-3772-01Z-00-DX1.CB05C5CC-2801-4BB9-94A0-83E9005BCA2E,TCGA-67-3772-01,TCGA-67-3772,8,2259,94.05004915353015,25.591052093358023,2046.707228915947,0.2721003585184992,79.97745545784558,24.019126202819308,0.0966480290596262,0.1626467588136579,0.6066979753907265,1.867860359103998,1.7207568933893858,107.25802577505208,15.148459412142188,Female,18.82,0,I,0.675924240436155,1.0125424339288331,0.2366260052238253,0.0287570638654559,0.383016082939258,-0.8745208949058192,0.7340491004083859,1.199153073668705,-0.8058850416417647,1.4225075882689666,0.1266613696324059,0.3542176214115396,0.5602057239072914,-0.7200985400549164,0.6378896423017468
female_psg_negative,TCGA-67-3773-01Z-00-DX1.3E9DFC22-E962-4C18-BF5B-27EBEA089F5D,TCGA-67-3773-01,TCGA-67-3773,3,740,47.51884159894048,19.619643368305407,1352.3137440267735,0.4128813478639778,68.9265201533363,15.572770191782192,0.2049060665680381,0.0447271233085291,0.5927972434929225,1.4985751487050354,1.720427405037432,108.59150941766678,10.171635019237772,Female,14.03,0,I,-0.6453756321888109,-0.2444471455758541,-0.4707747968892809,-0.1876165516156775,-0.0734897530459724,0.0726185983085352,0.4594503703013343,0.2773123118855704,-0.1474063352489482,-0.8445794133478598,-0.0857802670757849,-1.305405772096924,0.556780927746558,-0.6557548821684015,-0.4122229199583426
female_psg_negative,TCGA-67-3774-01Z-00-DX1.FE85FDCB-91D2-47C5-8D13-D622A51A7BE0,TCGA-67-3774-01,TCGA-67-3774,2,808,28.84206100837501,8.452357521790109,1226.330298411508,0.2930566411095155,145.0873670748118,28.01464152528409,0.1361363118202348,0.0570181903864684,0.4483542810002391,1.867089575133417,1.771101110437881,91.7218307398847,4.413905169108597,Female,12.65,0,I,-1.1141142216331366,-0.161500074642327,-0.8951971951553372,-0.8733421439006922,-0.1723240885220907,-0.7195320665152289,1.9810514798039476,1.57761889869618,-0.5361274466208872,-0.521939784057951,-2.293268303570702,0.3511079486874496,1.1375764866784015,-1.6076343273164306,-2.208853815242879
female_psg_negative,TCGA-67-6215-01Z-00-DX1.c014ffaf-6db8-42ef-a50c-9de98d6a5345,TCGA-67-6215-01,TCGA-67-6215,2,1715,81.26760847673458,35.82769099840176,2937.8258726354884,0.4408606537087722,81.99874987105761,21.103118845818784,0.2960246450389589,0.0302603488414821,0.5686089808504273,1.6217746245142648,1.80550872759452,85.36903951316677,4.252215261782335,Female,5.72,0,I,-1.1141142216331366,0.6574978906163056,0.0714401945464955,0.3027573808481106,0.8360381166048656,0.2440782418261152,0.7814879733056488,0.9026043567014532,0.27715460347735,-1.2882037870259442,-0.455443831748309,-0.7101574326546639,1.610657879166148,-2.0636032001678024,-2.2780792494249757
female_psg_negative,TCGA-67-6216-01Z-00-DX1.04da6a64-bd3a-48ed-bc99-d651e00a1aa4,TCGA-67-6216-01,TCGA-67-6216,3,1155,75.86357049942974,36.943675484610885,1708.8836386799528,0.4869751745324008,46.25645976648422,15.224698658345933,0.1848482972329427,0.0625132259368067,0.6387538212326568,1.7391530294435769,1.7550847806921237,89.71016970865558,7.347431645568067,Female,4.63,0,I,-0.6453756321888109,0.2017827510719699,-0.0036274767435596,0.3277352649372521,0.1765317464508072,0.5221965280522987,-0.2132441796391508,0.234487680182836,-0.2529504656881927,-0.3890679183493141,0.6165633695264539,-0.1836888094660678,0.941157384705852,-1.7450335048135337,-1.172149850820147
female_psg_negative,TCGA-67-6217-01Z-00-DX1.3fa5c69b-60d1-41fb-a86f-48f77d81285f,TCGA-67-6217-01,TCGA-67-6217,5,1621,127.58085640044465,46.57282910859756,2521.6454485876834,0.3650455908715412,54.14413289576552,12.705667964103355,0.1418489442255449,0.095161738236086,0.5183569403481326,1.7560584562606227,1.7534033479177895,133.28918789342868,15.393758571424495,Female,13.86,0,II,0.0152743041236718,0.5887870644724265,0.60847150040098,0.516349883318954,0.637894764318652,-0.2293390782831319,0.041682562486996,-0.0912843397110231,-0.5005437258142587,0.3018661975493361,-1.2234340218130737,-0.1108063774412666,0.9212868111591864,0.3032240437250288,0.6832356219054184
female_psg_negative,TCGA-69-7973-01Z-00-DX1.aefb015a-cb51-425f-a80f-cd51091a0ee3,TCGA-69-7973-01,TCGA-69-7973,3,236,85.95263626195138,63.06425205602863,863.040386938426,0.7337093403840744,13.68509668792502,2.7456982154771907,0.3553384468010659,0.0618022402574051,0.6849822245745317,1.371081815372523,1.7945417594760171,235.0349286754745,10.180755910114105,Female,7.56,0,I,-0.6453756321888109,-1.1280451973622478,0.1338707276572006,0.7631995819147945,-0.5019595462753045,2.1193872045925777,-1.7918149106131702,-1.93312525991384,0.5187556312145123,-0.405921367205926,1.323061253274994,-1.975306221240769,1.451344039223164,2.1285172233991108,-0.4100128895925034
female_psg_negative,TCGA-69-7979-01Z-00-DX1.c9bc265d-4889-4333-9852-b8b535887f1e,TCGA-69-7979-01,TCGA-69-7979,18,2130,128.3525503970683,45.80552164325394,2348.657997376804,0.3568727033592327,51.27456064508557,16.594917618782674,0.1503068136445122,0.1223149482897317,0.6129379484972067,1.7931397416150403,1.684829026410377,120.50868626650532,12.895608682503529,Female,13.4,0,I,1.893407908227409,0.934006883266205,0.6162133041916631,0.5028218963308775,0.5490956619335323,-0.2824459689349671,-0.0480034597110728,0.4003771992301618,-0.4491509242082454,0.7894562429188492,0.2220254202091378,0.0466307360227688,0.2086976818784763,-0.1439518140300199,0.1965258829170101
female_psg_negative,TCGA-69-7980-01Z-00-DX1.8bbf8cc0-eca7-49e5-a022-c22e3e6ed6dc,TCGA-69-7980-01,TCGA-69-7980,12,844,56.81134919020538,14.26121279859661,1049.8132301842213,0.2510275323835352,73.61318038024994,14.856186519603211,0.1021219968846189,0.1226924822285361,0.5955163017395236,2.107124745399689,1.5832660589229928,128.78730387386256,14.607886810285782,Female,13.5,0,I,1.2750814742208807,-0.119461161967133,-0.3009580223966761,-0.4473740362779775,-0.3229159828418329,-1.038112626125934,0.5792493075794642,0.1886111727539691,-0.7655603544571935,0.7958308767025803,-0.0442255353926205,1.2623197037272231,-0.6025529166562227,0.155833353881951,0.5362026435102693
female_psg_negative,TCGA-69-8253-01Z-00-DX1.631c741f-46bd-4d4b-8f6c-64787fb4c402,TCGA-69-8253-01,TCGA-69-8253,3,2369,86.29277423906782,31.8209086131926,2375.6975233729613,0.36875519293232,74.65838113711258,27.453051786663604,0.0339685377713779,0.1397033844504522,0.6090225867317468,1.6851367876787018,1.7792878424579277,97.86900390593216,9.738444143260509,Female,13.99,0,II,-0.6453756321888109,1.0771812459956318,0.1383140173047942,0.2061813082227971,0.5632569623776716,-0.205402727788061,0.6052683642067687,1.5261339382028798,-1.3937440662087146,1.0735246306633908,0.1621878614479056,-0.4214038519801412,1.2433519208565855,-1.222775646116654,-0.5187450832077238
female_psg_negative,TCGA-71-6725-01Z-00-DX1.b9e1d4aa-439d-481f-b24b-134c4e470f28,TCGA-71-6725-01,TCGA-71-6725,7,3717,190.5350684921385,71.74678836357901,6101.457069380879,0.3765542423836761,85.04153577525396,19.50821982229148,0.0950820561516455,0.055908579969392,0.5114017830108303,1.6173603243557,1.789859865739491,99.17448778990244,8.19257799831874,Female,8.41,0,I,0.4840128935679976,1.7431858396477942,1.1588336165940822,0.8682376411933231,1.9370518821962497,-0.1554006010066825,0.8514523567778147,0.7316937472305672,-0.8176298453789841,-0.5495370496289516,-1.3297280658362465,-0.730692677046112,1.385906147778595,-1.1471846439377178,-0.9268820837720916
female_psg_negative,TCGA-71-8520-01Z-00-DX1.EAE99132-A397-4B4D-8B09-CBB774A7B62F,TCGA-71-8520-01,TCGA-71-8520,2,1193,177.2109302115125,104.17081493646194,3297.556377467617,0.5878351567373833,31.65528060310301,6.732090388420617,0.2983842678402152,0.0213001464929495,0.5828951281383643,2.2535259523634785,1.7342747821500852,139.7201332307229,11.277407651562028,Female,6.9,1,I,-1.1141142216331366,0.2368840675573977,1.0538325398429835,1.171887751029827,0.992713124044665,1.1324154974787766,-0.7751245013058397,-1.02778041772309,0.2872054771360053,-1.619263506114687,-0.2371119817121909,1.7684046266744249,0.704314329258145,0.4972968240857434,-0.1533743364057339
female_psg_negative,TCGA-73-4658-01Z-00-DX1.d5beb44f-9d76-485a-8af4-407b0f1a610e,TCGA-73-4658-01,TCGA-73-4658,15,2068,111.79006719576871,29.638265024244586,2526.9825806258973,0.2651243153145399,85.26081329520417,18.49896016591959,0.1259278244090592,0.1177463728941965,0.5904082182265521,1.9899917204006488,1.6491500521276408,124.18181066052614,13.677117910610995,Female,52.56,1,I,1.6134014193248063,0.8951293757852411,0.4426957026148828,0.1483180668664749,0.6405689338141157,-0.9277442623014204,0.856429424614284,0.619908604093284,-0.601627711415433,0.7115220388426337,-0.1222911818575549,0.8314100716250107,-0.1027633097329006,-0.006007749238763,0.355070271314526
female_psg_negative,TCGA-73-4662-01Z-00-DX1.76e23a15-0917-44ad-9181-50100d318003,TCGA-73-4662-01,TCGA-73-4662,2,1426,72.1667538683465,30.645385734551635,2165.044933358375,0.4246468642674143,70.64831724135749,19.759791365999995,0.1553071578171691,0.0694550246364771,0.5492466226692257,1.6643813617145038,1.664848588479804,105.1889744941392,8.405378847562647,Female,82.62,0,I,-1.1141142216331366,0.4372797125664536,-0.0570583057240742,0.1755291832980596,0.4499338214631407,0.1450721981726588,0.5040758122287247,0.7591044391017102,-0.4194458350428722,-0.2293048502395802,-0.7513542264516648,-0.5147769272224336,0.0301820632336621,-0.8231644299130884,-0.8678092126863934
female_psg_negative,TCGA-73-7498-01Z-00-DX1.5313bba9-7f6a-49b4-8d6e-a0f46a04f189,TCGA-73-7498-01,TCGA-73-7498,5,618,45.47456240417924,22.01260204098967,1127.5395506670272,0.4840640762046486,51.22245650775113,13.59001532564949,0.5244636604743494,0.033432270001417,0.6247284983818724,1.8112950232136744,1.5981288171917982,103.29912282593916,5.74127589276789,Female,39.06,0,I,0.0152743041236718,-0.4070252185198247,-0.5110550271290055,-0.0939017284710118,-0.2546745835104751,0.5047290366531091,-0.0496625033939843,0.0264810811669023,1.113668440527975,-1.1831283191962552,0.4022176384033219,0.1225297756825576,-0.4970812288423392,-0.9209116885312978,-1.695966671302414
female_psg_negative,TCGA-75-5147-01Z-00-DX1.3156FA5C-9737-4EAA-989C-FD578FBF15A1,TCGA-75-5147-01,TCGA-75-5147,1,351,11.446199916696564,4.790189272819768,422.8092317069115,0.4184960342892773,88.2656629260962,30.665199153825416,0.1886326866028383,0.1018010721897232,0.5455222468807372,1.7712926145015304,1.818265706725966,76.92904604244096,3.758324094593227,Female,43.79,0,I,-1.7747641579456197,-0.8584421855994233,-1.5166096732144254,-1.3357732998991647,-1.0635859484905252,0.1072656501312718,0.9237884982744904,1.8139273983492443,-0.2326142484993203,0.4269159534202417,-0.8082729911641799,-0.0457276181374851,1.80768648209257,-2.7858657405445237,-2.5010600796679534
female_psg_negative,TCGA-75-6212-01Z-00-DX1.FCB36956-DF6C-485D-8E7A-922A2BDAE669,TCGA-75-6212-01,TCGA-75-6212,2,553,32.13175625881472,14.51567662392196,908.8199353607648,0.4517548467317241,62.6095468304262,17.210388238529454,0.2158711701853431,0.05795358984596,0.5862982754375882,1.5388121306811773,1.7451322055833314,101.37985572276578,6.305409272438291,Female,49.8,1,II,-1.1141142216331366,-0.5025481555781345,-0.8092743304095633,-0.4329722124752384,-0.4558523521586172,0.3101564746775925,0.2890549666332797,0.4726556101690099,-0.0918892666532527,-0.4988832607835727,-0.1851024769234256,-1.1057796254617929,0.8254730370689214,-1.023910174199406,-1.5019892414185778
female_psg_negative,TCGA-78-7145-01Z-00-DX1.ecde66bf-2de8-4e31-b3ab-4fed4f055dda,TCGA-78-7145-01,TCGA-78-7145,9,1416,148.81866725980436,86.9489614365092,2175.0637649814075,0.5842611215212379,25.015408223934404,9.514935364445767,0.3389638538694582,0.0378552654491184,0.6370638702209407,1.4368694276477991,1.7124373723882975,122.18222153728988,13.663815713579318,Female,27.14,1,IV,0.8475947900525345,0.4291469938886708,0.8111036988485374,1.024731790252909,0.4554862150619979,1.110334134912784,-1.0897717425527709,-0.554641942315906,0.4542155596942592,-1.0446098408363624,0.5907362431905845,-1.6222036879526749,0.4749431399274746,-0.0800736797232596,0.352422874203375
female_psg_negative,TCGA-78-7146-01Z-00-DX1.830209b2-94c5-4277-a7b6-b2f2634de0dc,TCGA-78-7146-01,TCGA-78-7146,2,861,127.73070654467809,84.67625856332025,1684.2527839951736,0.6629279744389568,19.890496020625456,6.740744048877835,0.6358101446069967,0.0551352621948341,0.5379756224917533,1.683729793972565,1.7437131202553686,146.42682603575906,9.209784980038016,Female,5.68,1,III,-1.1141142216331366,-0.1000243605355674,0.6099772675895967,1.0031637387807946,0.1604470581699874,1.6140544948225448,-1.373343839508841,-1.0261707134586684,1.4535291662754488,-0.568932600780816,-0.9236062879002296,-0.4276971044737526,0.8093472655859878,0.681531976152188,-0.6531135077633006
female_psg_negative,TCGA-78-7147-01Z-00-DX1.a9fd2c5d-b8f3-4524-bd64-6c3362ce373b,TCGA-78-7147-01,TCGA-78-7147,12,5183,224.5011415063628,61.87318054800001,4948.573150947508,0.2756029663494892,79.97929162714533,23.08674229994106,0.029842927716668,0.1873344734487519,0.6227381797604282,1.9578063111152988,1.7458947198027004,107.0097531481935,13.775176552173994,Female,19.25,1,II,1.2750814742208807,2.3030260120935053,1.4060111880056132,0.7476727666486496,1.5936897970737127,-0.8481209300617941,0.7340925551749444,1.1063944622605113,-1.4474063466908886,1.771501525401832,0.3718000640900452,0.708558555406705,0.8341749889119637,-0.732255343663967,0.3745330893322623
female_psg_negative,TCGA-78-7153-01Z-00-DX1.5190321a-f1aa-4c6e-b4b9-6767b779682b,TCGA-78-7153-01,TCGA-78-7153,5,1434,352.49640570677303,215.05488711305745,4257.091104765584,0.6100910069759763,19.7953702048518,4.068126587347062,0.2699362372229028,0.0391788823924451,0.563242372255576,1.821365203418421,1.81463798549859,166.76418396435724,11.407067903742515,Female,119.42,0,I,0.0152743041236718,0.4437585546903084,2.1598223787062154,1.7621552576010426,1.3613115748728797,1.271313065344538,-1.3790455000249895,-1.5855677191416553,0.1632417214594954,-1.004750928351612,-0.5374604566170013,0.1643013038945961,1.7502839249125055,1.1496063051677132,-0.1241488610997284
female_psg_negative,TCGA-78-7158-01Z-00-DX1.74db3dcd-2715-4ce7-8e48-30c8b7946ba0,TCGA-78-7158-01,TCGA-78-7158,7,2864,256.4600115488255,135.86739670182848,5139.684280054611,0.5297800459467018,37.82868005732123,11.16743301500922,0.2871074160202626,0.0565765376787943,0.5758822449319397,2.398541178275236,1.425336188726577,114.1958959996518,7.861544995574648,Female,5.88,1,III,0.4840128935679976,1.3455988678254216,1.6167226207305028,1.3882091662719314,1.6540522968578928,0.7790521004784037,-0.5200318657462827,-0.306349320628943,0.2388048843892538,-0.5328917319745949,-0.3442882367014398,2.238271845867175,-1.5357948190806343,-0.4017597221751209,-1.0208441068859764
female_psg_negative,TCGA-78-7159-01Z-00-DX1.399d865f-f4f9-4602-b15b-908be0afe459,TCGA-78-7159-01,TCGA-78-7159,4,173,166.3520555081593,145.42558764482317,749.7458815088416,0.8742037313611088,5.155529323628839,1.0399631039816917,0.9797753658166488,0.0085320771798777,0.8195351399641447,1.2146470228246289,1.576746247942645,167.25638734490616,13.395702968312182,Female,64.85,0,I,-0.2817937357042747,-1.3154448914268793,0.964294294971403,1.443570685716668,-0.6235459743536509,3.505978783834529,-2.6674637683109594,-2.548424336926689,2.3473618466443487,-2.252517151946058,3.3794020114003955,-2.8880478646428807,-0.647638118207531,1.1595238191211577,0.2986929081519714
female_psg_negative,TCGA-78-7161-01Z-00-DX1.646cf15a-5961-4728-b9fe-fe3fff11831f,TCGA-78-7161-01,TCGA-78-7161,10,2232,161.99205735242242,60.369289444776825,3717.826634076043,0.3726682062777942,61.58473403065225,13.778453317276934,0.1307140199689228,0.0806023506443993,0.5908055590703424,2.0924100823860763,1.6974345714368817,131.29008537438872,11.863429977236413,Female,9.56,1,II,1.0028896920268398,0.9963570835987092,0.9272465347240474,0.7276354225978403,1.1619311342235668,-0.1802620797055442,0.260344382551583,0.0510746468573741,-0.5706000802943019,0.0113701478561883,-0.1162187146086069,1.2095216760918042,0.3272423260758538,0.239021544183411,-0.0230123534645298
female_psg_negative,TCGA-78-7539-01Z-00-DX1.b838d859-2fb7-48d1-a442-d366ac404099,TCGA-78-7539-01,TCGA-78-7539,13,1387,129.53307747040367,56.68128708917143,2360.613577550475,0.4375815675507458,41.64714138965722,10.707689704329834,0.606388568543006,0.0550618346148281,0.6185527604744162,1.389622673680609,1.651574370761634,130.53537988433942,11.582815623945312,Female,25.99,0,II,1.3958302787531385,0.4053434285368637,0.627996791446067,0.6763037544405156,0.55537044178328,0.2241243472111541,-0.3759163933454,-0.3734674525331181,1.3668322027581497,-0.5707812857181448,0.3078352793601929,-1.8741055876266468,-0.0826257755214794,0.2142723499668617,-0.0848866751923261
female_psg_negative,TCGA-78-7540-01Z-00-DX1.25c29857-0d5f-4e52-be0c-32c6686b653f,TCGA-78-7540-01,TCGA-78-7540,6,1829,67.12565941428248,16.552569879471633,1845.089992363463,0.246590797377697,111.46849134597092,27.2474045835718,0.0719375009595195,0.1236027856165265,0.603670307701216,1.728481424818097,1.698550261107309,103.86728239643932,12.1954898948295,Female,39.32,1,I,0.2664417529963298,0.7375383851924595,-0.1329439359055681,-0.3260423738293776,0.2627970007098433,-1.0736924528441376,1.3985297551686062,1.5071492351953637,-1.004060896567092,0.8111610691493413,0.0803902319616101,-0.2300617437018974,0.3379713267789476,-0.891151296571084,0.0489577757703194
female_psg_negative,TCGA-78-8648-01Z-00-DX1.D3EAEF8E-E739-490F-BF48-A4796B0C0E7A,TCGA-78-8648-01,TCGA-78-8648,9,2642,181.22641275534207,73.95787041940895,4857.276658057343,0.4080965312669572,65.67626448019838,14.57844891277925,0.092651409296263,0.0584337194265256,0.5749481643478036,2.3436986077273283,1.3990236313302198,123.82583189346651,9.947120342595388,Female,39.72,1,II,0.8475947900525345,1.2293887873915177,1.0860150535281776,0.8929542413467905,1.5643042316829834,0.042982311474757,0.3731416239200356,0.1536580566366168,-0.8360529640035395,-0.4871208778718336,-0.3585635719550153,2.064002723735093,-1.6658190772810426,-0.0190183866824263,-0.4670453903370017
female_psg_negative,TCGA-78-8655-01Z-00-DX1.DC81D146-A4A6-411E-A5DC-C0689A8D445F,TCGA-78-8655-01,TCGA-78-8655,16,4661,253.18985018376168,72.28092011640918,6584.248389015959,0.2854811125483454,91.09248164539076,18.409110778402496,0.043352458938063,0.104076091177007,0.543324540217431,1.9656068434796865,1.3943194783358204,120.47828642932076,10.659373238308458,Female,77.53,0,I,1.7121809486630295,2.117487828403784,1.59599550622368,0.8742775211392944,2.067968889245869,-0.7747617764668634,0.985774973987554,0.6098107177741374,-1.2827134618255738,0.4688219629070633,-0.8418600284503984,0.7385175724376276,-1.6884635938230128,-0.1451285738912346,-0.295847315512935
female_psg_negative,TCGA-78-8662-01Z-00-DX1.754A4C57-B5FA-4077-99E4-F6EFA6459410,TCGA-78-8662-01,TCGA-78-8662,8,1478,171.78861573029428,83.99119152337818,2860.025841925595,0.4889217551833771,34.051497425531025,8.603596889798794,0.430837304634314,0.0360651531096172,0.56695079774629,1.6500641211105431,1.4108818593540768,130.36822821890846,11.298194264543806,Female,110.41,1,I,0.675924240436155,0.4789681415438723,1.0095938928799904,0.9965487646237368,0.8004903223367341,0.5338735839005547,-0.6724759660257711,-0.7008702253078674,0.7987091832527045,-1.0996422671890005,-0.4807854565774634,-0.579867475999645,-1.607940755358351,0.2087521548308905,-0.148674001226873
female_psg_negative,TCGA-80-5608-01Z-00-DX1.CB85BA53-AF00-4C7D-8489-C2FF0F4F49AB,TCGA-80-5608-01,TCGA-80-5608,2,115,11.203540739366431,5.880943982590351,250.54176039421344,0.5249183378185245,42.602303496837344,10.26461211462541,0.8302052057352635,0.0314139187235185,0.566579283271859,1.235077600205279,1.627168036550905,115.07126767226951,8.193720057448104,Female,93.04,0,I,-1.1141142216331366,-1.5341199870390452,-1.5288683827856002,-1.168718130834947,-1.3983802062325144,0.7498171946237906,-0.341255815458192,-0.4395302069673056,1.9819499375512264,-1.2493798438155066,-0.4864632254596446,-2.762375371591268,-0.2792518972459791,-0.3643211896582197,-0.9265623371642682
female_psg_negative,TCGA-86-7714-01Z-00-DX1.8ee03c3b-013e-4dd5-aa0e-9c1a771cbdc5,TCGA-86-7714-01,TCGA-86-7714,5,810,140.89043053891106,102.77446963656702,1640.7414341297629,0.7294638056215097,15.964484564423277,5.7491484474972525,0.8589862276282826,0.0163393564849129,0.6382979258722893,1.6580056941012355,1.5857701831954334,124.11019471563525,9.762833755966488,Female,20.53,1,III,0.0152743041236718,-0.1591321825343414,0.7378645883473597,1.1608985060982844,0.1316453081477186,2.086981801873841,-1.6256999652472337,-1.2178935890417737,2.054675245151213,-1.8334375508979448,0.6095960272860469,-0.5436932299698414,-0.585048875658272,-0.0086192370555756,-0.5126646539790655
female_psg_negative,TCGA-86-7953-01Z-00-DX1.847865ce-df59-4677-bac2-ee88a258fe4e,TCGA-86-7953-01,TCGA-86-7953,25,214,25.98475588487626,8.351853480158773,300.2206698693294,0.3214135825312774,35.94659204481423,8.235597861612124,0.5598869953742855,0.1220967258797473,0.6373345919056487,2.649534139417013,1.4307316630730549,212.5082388491196,24.3310635965696,Female,32.75,0,I,2.4044699999776897,-1.1892037993083189,-0.9753024289618104,-0.8830829421599776,-1.2891903933112767,-0.5197377482290552,-0.5946558006758649,-0.7621035233035616,1.2253973499592834,0.7857670857488693,0.5948736194247704,2.9880983134910424,-1.5083982739436228,1.8750435131449037,2.083117703904664
female_psg_negative,TCGA-86-7954-01Z-00-DX1.0a063ee6-18b7-4b66-9726-04fb452156cb,TCGA-86-7954-01,TCGA-86-7954,9,157,12.75749603879248,3.379377652515136,180.79685205866667,0.2648934902459902,53.50004369121244,12.306490201729298,0.3968881884333847,0.1269922808679296,0.6400810149546252,2.42391761976407,1.396063568472525,151.10112117490408,19.35459440585792,Female,19.88,0,I,0.8475947900525345,-1.3701402822738027,-1.4531988172752182,-1.6198711876026477,-1.579412027832359,-0.9295204484758924,0.0218331214574541,-0.1457823055384438,0.6761404442303877,0.8677520789758234,0.636846560986923,2.317564506845461,-1.6800885984840923,0.8002649971060077,1.356706757566518
female_psg_negative,TCGA-86-8074-01Z-00-DX1.0c34b434-8701-4060-a4ea-08a72371ee1e,TCGA-86-8074-01,TCGA-86-8074,13,261,19.12858625949232,5.179941128936011,309.08745755575774,0.2707958162023359,59.67007150508795,13.644500250011005,0.397795007147008,0.1174399631781676,0.6167836152744299,1.960808877405608,1.4740590100671964,158.97439848558545,11.508861278362646,Female,0.79,0,II,1.3958302787531385,-1.0629987491891664,-1.1950381388720297,-1.2720742878284723,-1.2709980558124987,-0.8844077815872871,0.2058389997346486,0.0336094875434651,0.679481060258337,0.7062414139181936,0.2807978467542953,0.7201044306475636,-1.278489844584269,0.9844712607975754,-0.101359400793435
female_psg_negative,TCGA-86-8075-01Z-00-DX1.171bd8bd-af24-4770-b24b-732e675efd75,TCGA-86-8075-01,TCGA-86-8075,6,386,24.85952540268535,6.410688867423273,454.00389461535593,0.2578765589278218,70.81982981929356,15.527247352771422,0.2297162946188678,0.1122541543380724,0.5952866478825695,1.834214925238624,1.408003694933277,127.75019798823575,11.081458616264882,Female,22.8,1,I,0.2664417529963298,-0.7884168177742155,-1.0084613535691598,-1.098483667118725,-1.0133624155238905,-0.9839978730524714,0.5084811923850423,0.2717388524331457,-0.0237675095380181,0.615801949122857,-0.0477352816136379,0.2172683794471389,-1.6220950323621002,0.1204065324557438,-0.1979694605175863
female_psg_negative,TCGA-86-8278-01Z-00-DX1.6500afef-f0f0-4e7c-a6c0-60da81993641,TCGA-86-8278-01,TCGA-86-8278,3,1725,173.85883624950418,89.48378524909,3161.912103598892,0.5146921903967663,35.33502851714743,9.92184255463702,0.2746173798455884,0.0580842220273152,0.5744785240790734,1.7353746062061626,1.7707400400793114,139.2368715747672,13.455996698625652,Female,31.01,0,II,-0.6453756321888109,0.6646584319213485,1.026592429950978,1.0481321447625649,0.9350406091244784,0.6884102805338078,-0.6194636355563476,-0.491621313556571,0.1840740872201659,-0.4956781782139065,-0.3657409744174626,-0.2000751430894605,1.132998873827911,0.483335943497909,0.3108378645847082
female_psg_negative,TCGA-86-8280-01Z-00-DX1.52627b97-1cfa-4382-819b-949b58c0f995,TCGA-86-8280-01,TCGA-86-8280,19,2838,182.1653461243085,63.9685428579739,4311.889390454517,0.351156486230494,67.40640317582323,15.57925291709086,0.142103518279802,0.0805587232952179,0.532259887900774,1.8660991542858203,1.7167261134773637,120.24135098831424,11.556573080269692,Female,23.03,0,II,1.9769833158093424,1.3323063368442412,1.093471516874276,0.7747933221588572,1.3806081677691626,-0.3199104719962787,0.4194301398024477,0.2781053429536251,-0.4989748289548153,0.0104618725783368,-1.0109585237698453,0.3471102815885525,0.5185836147221715,-0.1543205972916098,-0.0907239396124999
female_psg_negative,TCGA-86-8668-01Z-00-DX1.d720d486-02c7-4f98-8feb-e0e50a12c158,TCGA-86-8668-01,TCGA-86-8668,3,1800,152.58226362778646,87.59842424930355,3207.209793882418,0.5741062045258004,36.61264253743602,11.79691503588498,0.6267417362811035,0.035534409348508,0.6490390136124945,1.2644009345879292,1.6886620414483815,106.18763378809686,7.500385065992539,Female,13.9,0,I,-0.6453756321888109,0.7175000044249046,0.8449621287435483,1.0307917105849975,0.9544803391099034,1.0478841402437709,-0.5679557628018388,-0.2166533819038732,1.4270251138607946,-1.1162198587962433,0.7737495608072544,-2.585588237453408,0.2442347738866706,-0.772916646754973,-1.126416756654342
female_psg_negative,TCGA-86-8671-01Z-00-DX1.1fd0019c-df9d-48cc-9055-8de57759f273,TCGA-86-8671-01,TCGA-86-8671,4,86,7.647851681522545,1.0181480404357932,76.2657346382698,0.1331286330899527,74.90633150521622,11.244987949724331,0.2349873856359625,0.2445175955975939,0.6969107486309132,2.0306614702655583,1.311278662541346,173.73009592468833,48.940402123067,Female,27.56,0,II,-0.2817937357042747,-1.6725635896148694,-1.73323573584677,-2.5968134337768696,-1.9733972122701893,-2.2078405772745024,0.6114051169620085,-0.2951641810265635,0.0016259852550435,2.500366788573991,1.5053620984881189,0.9838351716069657,-2.0616128382743986,1.2847338424625747,4.677821698499431
female_psg_negative,TCGA-86-A456-01Z-00-DX1.5C7CBF9B-0AE3-4776-9434-296AA0C605CC,TCGA-86-A456-01,TCGA-86-A456,2,1128,72.88507889979772,28.00293773094374,1516.5740631731144,0.3842067286425268,54.15767723174535,15.476418726949207,0.0964743667524414,0.098319709763562,0.5957498255174382,1.7393926478645303,1.654648829179619,118.88216475095884,13.642864719051152,Female,29.43,0,I,-1.1141142216331366,0.1763717440844285,-0.046535736654579,0.102099956766588,0.0465478797568351,-0.1067354077099963,0.0420982755303831,0.2655061312870464,-0.8071827954764378,0.3618717929126173,-0.0406566460740459,-0.1826508287610999,-0.0568853983921152,-0.2077588364368542,0.3482497304887978
female_psg_negative,TCGA-86-A4P7-01Z-00-DX1.37026DCF-5A81-4098-B444-C8A40CA168D0,TCGA-86-A4P7-01,TCGA-86-A4P7,4,574,47.61965519978954,12.345518076474658,1010.4664558799828,0.2592525717517001,81.84884989197052,12.053846202618804,0.3602794603738678,0.0483585310411055,0.407278298704861,2.010418987251924,1.327121419876469,121.97253649849716,14.31990035897528,Female,13.63,0,I,-0.2817937357042747,-0.4709048327620457,-0.468818524524852,-0.5648396942724551,-0.3587518150017008,-0.9732399369156428,0.7779968274598936,-0.1807324434380238,0.5379370649492795,-0.7450835460836157,-2.921022940692031,0.9083543346568672,-1.994025698881366,-0.0879812142033536,0.4810023812967904
female_psg_negative,TCGA-86-A4P8-01Z-00-DX1.D65E8855-F7A1-4584-A501-BBFBC61C2DEB,TCGA-86-A4P8-01,TCGA-86-A4P8,3,731,54.94675929362587,28.59863335631898,924.9109874664024,0.5204789822725101,32.34109042703748,13.303787327905251,0.3501408846089474,0.0778958987023816,0.6369611440763404,1.5949854307022795,1.2066020033126743,122.22586006201897,12.23461713547704,Female,26.45,0,III,-0.6453756321888109,-0.255801293324003,-0.333459316009386,0.1192409478806969,-0.4400144846891295,0.7231469619474642,-0.7452315279453469,-0.0112038618506925,0.4984337679610371,-0.0454487303899915,0.5891663035318639,-0.835649942720941,-2.472529316206031,-0.0784314168927653,0.057351739795986
female_psg_negative,TCGA-93-7347-01Z-00-DX1.a22b7163-07bd-4f6a-97c7-f1561c4d73cb,TCGA-93-7347-01,TCGA-93-7347,8,1074,53.26564963635546,13.089088611844486,1198.7033732380276,0.2457322627472616,91.58035435357245,20.16308835679649,0.1190222703777431,0.1238212139742184,0.5768286991693816,1.749974404480274,1.6383291985777897,107.94132096828876,12.33809627685745,Female,22.44,0,I,0.675924240436155,0.1243064813466991,-0.3633988500897128,-0.5172136088576701,-0.1948938836750464,-1.080626834096248,0.996342764415682,0.8026852492449805,-0.6474530740963876,0.8148311606434547,-0.3298237977963688,-0.1369547186655992,-0.1909820001977679,-0.6869293733757769,0.0794652025732867
female_psg_negative,TCGA-95-7043-01Z-00-DX1.AE0FD8AA-9B88-45FE-B247-402BED1285EF,TCGA-95-7043-01,TCGA-95-7043,4,1196,54.24083717425415,18.90287400410877,1023.8972568227412,0.3484989352834174,54.16622131640852,22.04980716204157,0.0535350343892456,0.1633350516553238,0.6711248477791545,1.9646237549140069,1.2555326295499922,116.01936945095,16.783129181341845,Female,16.52,1,I,-0.2817937357042747,0.2396232949419253,-0.3459559267068724,-0.217923266978947,-0.3464165213227566,-0.3374229877218754,0.0423604814129989,1.0010063129412865,-1.175134109885788,1.4325830637640389,1.1112822024642144,0.7347484398948395,-2.287656828851945,-0.3244093923224833,0.9313832135912444
female_psg_negative,TCGA-95-A4VK-01Z-00-DX1.D09778E0-285E-4593-84C8-B6009DDF4E41,TCGA-95-A4VK-01,TCGA-95-A4VK,20,1583,192.54236292073097,74.99703583823819,2864.625432375534,0.3895092731832434,38.196515373677855,8.22156732672755,0.2705715701242236,0.0640464028501711,0.5228220227408956,1.7637133200778552,1.4426434447739378,142.71741876481516,13.506767318510626,Female,21.39,0,III,2.0564802150656214,0.5602560394362617,1.1742235427321532,0.9043164010430386,0.8026097389497071,-0.0732292270220766,-0.5057382088936732,-0.7644649390832505,0.1660796631379921,-0.3530481112964506,-1.155195211185746,-0.0780353213420101,-1.4469829454628815,0.5817733153045558,0.3210364765065781
female_psg_negative,TCGA-95-A4VN-01Z-00-DX1.B997A80F-C396-40AB-808A-B70EB83A2B74,TCGA-95-A4VN-01,TCGA-95-A4VN,11,1391,232.14554830727545,135.62664445103735,2694.7049674681466,0.584231080199382,19.86855148098104,5.991930537297346,0.2780361090184721,0.0471495050678361,0.6115370940617505,1.57792732172218,1.26327868180443,153.99417108717225,15.916437213772792,Female,18.17,0,II,1.1446628298804808,0.4086462832239841,1.458145912257697,1.3867649436689462,0.7227546982679018,1.1101487668470056,-1.3746575376735215,-1.1695140680521583,0.1991763960847182,-0.7777809380212263,0.2006164892804529,-0.9166608930972464,-2.257280365640182,0.8701409397589785,0.7782752152430322
female_psg_negative,TCGA-95-A4VP-01Z-00-DX1.1B145AC0-2471-4974-BBB6-C88BDF0BE8BD,TCGA-95-A4VP-01,TCGA-95-A4VP,18,1099,243.17108790361388,111.0295469347306,2981.76265384024,0.4565902463648951,26.85557796244172,4.519451755035995,0.2547819102831059,0.0684030425570997,0.6234275925595776,1.669597311082812,1.4672269550520205,240.79565973779447,23.18854458395865,Female,19.88,0,III,1.893407908227409,0.1486226402718004,1.531361252593286,1.2238122028798242,0.8558367310252629,0.3393917832115267,-0.9974857279322792,-1.480376375011128,0.094531407031388,-0.2529849839416133,0.3823361987695438,-0.4912026876681049,-1.315973498989142,2.185723049424319,1.925804216271276
female_psg_negative,TCGA-97-7546-01Z-00-DX1.dad9871f-cdfb-424d-a5b2-4e0905c29137,TCGA-97-7546-01,TCGA-97-7546,7,1433,48.92197808423818,6.477273164150892,1647.70512878851,0.132400066755227,254.38252904137136,29.29153840698212,0.0279913879692958,0.1372470845887567,0.5026465889319423,1.9050017106461683,1.621254060295768,87.03366679410766,11.922474981825312,Female,42.21,0,I,0.4840128935679976,0.442950019330904,-0.4437917715880377,-1.0900694172832706,0.1362887787196564,-2.2173247506841807,3.406478834142729,1.6927937771062602,-1.4726934411742316,1.0345148649884777,-1.4635316506755938,0.5025608043602092,-0.3249583743888636,-1.9376894803769231,-0.0101177361087849
female_psg_negative,TCGA-97-7547-01Z-00-DX1.3563966f-21ee-4405-9106-9e0bf8df9f1a,TCGA-97-7547-01,TCGA-97-7547,9,2871,147.8447737799134,33.32029437996119,2886.010659072991,0.225373501734751,86.61420052785118,19.41901581366593,0.0508864997582493,0.190397710069628,0.5943238209777564,1.860751646651,1.689883790043984,116.77508432025073,15.431425652258431,Female,64.55,0,I,0.8475947900525345,1.3491638717697998,0.8022494729553763,0.2436750076659828,0.812434021768002,-1.250168483479125,0.886960701864891,0.7219318645954798,-1.2020524691047023,1.8131578415715328,-0.062449940167515,0.3254892459321157,0.2556539958444765,-0.2930605866534829,0.6901559956950268
female_psg_negative,TCGA-97-7553-01Z-00-DX1.e31eec5e-0053-407a-b057-9b87555b122d,TCGA-97-7553-01,TCGA-97-7553,4,288,16.019042065598164,4.407604428875577,318.4548942477657,0.2751478153828666,72.25124200381264,17.978603141226337,0.2634199683223796,0.1002822921916551,0.569503109454972,1.8872401372361307,1.555032050924627,112.89131749603372,14.217506664165407,Female,61.43,0,I,-0.2817937357042747,-0.9972590496197382,-1.3124049032673086,-1.4035559777419426,-1.2521526076108425,-0.8515396645470241,0.5449732160978922,0.5610817982883506,0.133939438642149,0.3986787687887611,-0.4417790732612339,0.4319850753572307,-0.7929385563532887,-0.4586322985802544,0.4611976403578319
female_psg_negative,TCGA-97-7554-01Z-00-DX1.4107ca63-4642-42b9-b6f2-13778ecaf9a7,TCGA-97-7554-01,TCGA-97-7554,3,2531,327.60024118253097,187.7538606142722,4195.113866357494,0.573118810708263,22.343688979988944,7.7258795380122685,0.6194195763548743,0.0368561923660195,0.6057671297842179,1.614116245670907,1.2618890631846045,134.6288930860712,13.984785877030076,Female,25.46,0,III,-0.6453756321888109,1.1688292569058265,2.0296034414050648,1.651602295655406,1.3392863843150256,1.0418333022532014,-1.2321918240321998,-0.8492249127391075,1.4054845541922445,-1.0751591997797254,0.1124354737858317,-0.7458198336285309,-2.2627532508350754,0.345182525603605,0.4158290136154311
female_psg_negative,TCGA-97-7941-01Z-00-DX1.6845ef95-2231-44a2-aeae-004a117f1964,TCGA-97-7941-01,TCGA-97-7941,12,3377,158.94446937524535,51.4023899129678,3399.716628953084,0.3233984177934122,66.1392716313255,21.2464140040468,0.101830242899335,0.1307273526867047,0.6025216904174868,2.013363741383884,1.4927907068624795,106.79323982226894,13.460451676570598,Female,15.9,0,I,1.2750814742208807,1.5928530068391038,0.9009540459151708,0.5966964818147343,1.0351130543751632,-0.506120139151158,0.3856079179494653,0.9176386678347338,-0.7676819163170755,0.9292450317617134,0.0628361824697779,0.91938194427759,-1.1731665522678048,-0.7429031766318398,0.3117337895668983
female_psg_negative,TCGA-97-8177-01Z-00-DX1.4c2ddf48-40d3-4fa0-8b5f-0485e8270ac7,TCGA-97-8177-01,TCGA-97-8177,10,5091,330.16497402658706,155.79814239338955,7856.576309909477,0.4718796803104971,50.42792031545318,15.41956415882576,0.2104614400254471,0.0520433815975801,0.5068895305494194,1.7426572644523664,1.831891302501101,112.41788829976714,10.20236051113353,Female,16.39,0,I,1.0028896920268398,2.2712607795827595,2.0433167962385497,1.499674484293174,2.384799486074245,0.4315346976721375,-0.0751018339370421,0.258522356132542,-0.1190982990769662,-0.6478735813882716,-1.3986877655981071,-0.1685233681027773,2.034028549177567,-0.4795976813255115,-0.404783264692848
female_psg_negative,TCGA-97-8552-01Z-00-DX1.69631717-0E05-49C1-B112-15C2E36BC2F8,TCGA-97-8552-01,TCGA-97-8552,2,2795,99.57421226296304,23.461943104211983,2938.324056039577,0.2356226835342862,125.23788174697587,28.069516559355296,0.0189732400686712,0.1092488719428899,0.5111753798079949,1.911022308572752,1.4043118953528737,98.22628491024976,10.57269274291141,Female,20.57,0,I,-1.1141142216331366,1.3101432229778935,0.303384482455344,-0.0419771094649761,0.8362637086702663,-1.1635487688199175,1.6496260658981623,1.5826218982056568,-1.6099916413614184,0.562432319476285,-1.333188133070111,0.5263344439142246,-1.640150206071908,-1.2018884202808515,-0.3162662218692012
female_psg_negative,TCGA-97-A4M0-01Z-00-DX1.BDDFB04C-2475-485A-9A85-C4B9EB15155E,TCGA-97-A4M0-01,TCGA-97-A4M0,6,916,37.31025980317225,8.61256468216001,854.8459275399891,0.2308363631771799,99.255675758315,24.55088774059189,0.0569235948619296,0.1686000661897783,0.6142020093968106,1.8844169159778243,1.588538759230136,98.87442482176635,12.771449977716928,Female,21.42,0,I,0.2664417529963298,-0.0388411473922961,-0.6851895262585393,-0.858051902596293,-0.5103836233931182,-1.2036643331456782,1.1578701793029456,1.251250350492147,-1.1416476256406352,1.5089623107910752,0.2413437675008436,0.4207058418309911,-0.5655726986165924,-1.1643824159488707,0.1707528076420251
female_psg_negative,TCGA-97-A4M1-01Z-00-DX1.1C4B8247-BA3F-4841-BC9D-554F03F7894C,TCGA-97-A4M1-01,TCGA-97-A4M1,2,4465,137.53512217161867,36.21793119750083,5015.262984653161,0.2633358710534134,138.47458479349123,32.4644347530989,0.0119302598424838,0.1130252128985183,0.5072119760697978,2.0949468131634874,1.7225383067252125,93.43218160061068,9.815895420832726,Female,19.74,0,I,-1.1141142216331366,2.044246366859415,0.7060407651732482,0.311579087769378,1.6149275548185018,-0.9415322351762858,1.874197900153865,1.9685564946296183,-1.742435508941222,0.6293793309095047,-1.3937599060722907,1.2186502143807263,0.5787925154277074,-1.4954687156266109,-0.4994710618917626
female_psg_negative,TCGA-97-A4M3-01Z-00-DX1.16330A66-2501-48D2-AF6A-713698BF6918,TCGA-97-A4M3-01,TCGA-97-A4M3,5,2597,150.2509669041319,69.52233512295486,3932.626607134441,0.4627080714050501,56.56637683672924,17.284414559921096,0.137082704553884,0.0720627114382635,0.5667683581241668,1.8900622772397333,1.68541031007432,107.84927589281922,9.833273070711767,Female,17.74,0,I,0.0152743041236718,1.2050459993115237,0.824055648326564,0.8425906810087719,1.2435209603723263,0.376310651655453,0.1149521184112955,0.4812612921522694,-0.5301815190119733,-0.1713676949583319,-0.4835736386824928,0.4432431381808783,0.2140590536489978,-0.6913730179919497,-0.4951605096757295
female_psg_negative,TCGA-97-A4M6-01Z-00-DX1.01D83621-3D8E-4339-9F9B-CBD3083D5AE0,TCGA-97-A4M6-01,TCGA-97-A4M6,9,1501,84.86608067463398,22.1102028781042,2154.171205832547,0.2605305052659611,97.42883037793511,17.686689288205116,0.0476304672811771,0.0753751467758269,0.4716701043218486,1.9286771920673984,1.76088016938321,118.59430604856624,9.033696334058872,Female,18.66,0,I,0.8475947900525345,0.4970955796556065,0.1195978177071131,-0.0902991362437522,0.4438882298426244,-0.963281997962359,1.1202008080037225,0.5277075759165715,-1.236124307391436,-0.0992637462963436,-1.936938025132324,0.5956191641465035,1.0107061980004437,-0.2192335682273449,-0.699009168351505
female_psg_negative,TCGA-99-7458-01Z-00-DX1.10ea0b2c-c763-40d1-83a4-3d4ae957fdb0,TCGA-99-7458-01,TCGA-99-7458,2,210,7.684610974890038,2.027104248337209,250.70768900557275,0.263787490994782,123.6777483009189,27.327343008798824,0.1741356248622648,0.0983572007482173,0.6298434577892879,1.873308018330947,1.700356599662426,92.55199796521865,8.284349170497839,Female,24.54,0,III,-1.1141142216331366,-1.2007686682274086,-1.7308270843606153,-2.036055435859817,-1.3979924591924906,-0.938044828629122,1.622130887830222,1.5145373824844917,-0.3116739362323747,0.3625783364037461,0.4803883675560054,0.3761592961822785,0.3554264090461022,-1.5526738123630213,-0.9012827174665924
female_psg_negative,TCGA-99-8025-01Z-00-DX1.76d4e012-91a7-4f1d-ba0f-4cecd812ec49,TCGA-99-8025-01,TCGA-99-8025,6,1562,50.44349454914009,16.91825248723573,1195.9270441353767,0.3353901754517548,70.6885681625608,30.965340802833563,0.0855984301422012,0.1864367187180732,0.6677603257223936,1.841553750778696,1.6626889418382174,95.2372758506924,11.142081059839738,Female,34.82,0,III,0.2664417529963298,0.5442925957780835,-0.4151091084323768,-0.3082481449301863,-0.197181106799985,-0.42474653677679,0.5051103155631712,1.8400312909091037,-0.8909243714296857,1.7592287201565515,1.0598629982285004,0.2473530844023472,0.0115277462541217,-1.3814594491517356,-0.1841169080569417
female_psg_negative,TCGA-99-8028-01Z-00-DX1.23de89b1-67f8-41fb-980a-010ea190d687,TCGA-99-8028-01,TCGA-99-8028,3,147,15.715111532871765,2.786212338969728,191.1188540202142,0.1772951043421948,68.59450421172322,9.35405387944691,0.1232694054567323,0.1206460214732576,0.6008604043610997,1.889907994664716,1.542027010141808,193.8207553597027,34.918373047045534,Female,36.73,0,I,-0.6453756321888109,-1.4062387534680971,-1.324667376007603,-1.777041442805912,-1.5499773445011982,-1.7000528305876816,0.4507599706691002,-0.5799297629420049,-0.6191165523723511,0.7611579434448843,0.0374471359466132,0.4426281096214585,-0.8766039039679788,1.620056248145794,3.3489275690370923
female_psg_negative,TCGA-99-8033-01Z-00-DX1.06f8ca81-c0a7-4ab5-b2fe-d5fc6671e29d,TCGA-99-8033-01,TCGA-99-8033,3,112,6.617311646159559,1.6996984658260086,103.5188354755549,0.2568563423807385,60.90423540227618,16.925302296288347,0.2602811757468994,0.1791999293843246,0.6954109368880229,1.6574402289643828,1.530962965913501,123.1831839917558,16.718172604746634,Female,21.55,1,IV,-0.6453756321888109,-1.5472753307931644,-1.8041578913130272,-2.1795035849700204,-1.8466974176395072,-0.991998321632226,0.2411035072723381,0.4393397561448676,0.1196956396570529,1.659198533335677,1.4824408261582709,-0.5462632154995328,-0.9459326440424364,-0.0426968839455282,0.9200933967177988
female_psg_negative,TCGA-99-AA5R-01Z-00-DX1.4DE7FC30-D338-49CE-B8D9-EB0F34A3DD0B,TCGA-99-AA5R-01,TCGA-99-AA5R,3,400,18.054594780697137,3.081710122595644,402.8265806674315,0.1706884125635663,130.71527322243443,22.15502507027493,0.0781531478383072,0.1330255824948523,0.6531389988938834,1.893700585704964,1.597182992913341,111.31655003533751,14.693014678804175,Female,21.62,0,I,-0.6453756321888109,-0.7615928721589753,-1.2340309505902902,-1.6949569062069625,-1.0970699757722742,-1.7689597022931478,1.7443871534888848,1.0118114630765205,-0.951361491941568,0.9666464150041711,0.8364086776121293,0.4577322755126934,-0.5039084857000982,-0.5290594099047577,0.552380576754119
female_psg_negative,TCGA-J2-8194-01Z-00-DX1.7700924D-B6AF-46A7-A7D7-B5C17A66C5F7,TCGA-J2-8194-01,TCGA-J2-8194,9,1225,388.32198259959074,287.02090048139826,3623.607951355832,0.7391312193040415,12.624892282332857,3.154598644659091,0.9109626788961735,0.0166041431397559,0.7222786927385318,2.2478406351286893,1.3632774581849567,182.58251178361263,8.316734160833835,Female,23.78,0,II,0.8475947900525345,0.2658693366749212,2.3368555198331413,1.997217685902512,1.1251499143098187,2.1612542111952378,-1.8754200384677744,-1.8181200438842104,2.182989858747623,-1.8212447502345608,1.8930544592763887,1.7493729373653155,-1.8336216260362024,1.4415790645011402,-0.892294138314314
female_psg_negative,TCGA-J2-A4AE-01Z-00-DX1.42C5DE4A-7787-4E59-8969-D12503262C96,TCGA-J2-A4AE-01,TCGA-J2-A4AE,7,1289,61.27587703847541,20.69546389751538,2001.257890597861,0.3377424346700187,96.7003156106167,21.036010617859144,0.2307808543943197,0.0448282848206342,0.4802546140400124,2.411727560161632,1.6980024593506442,96.2596750862919,6.623654057329809,Female,35.45,0,I,0.4840128935679976,0.3223594869480609,-0.2259277994691253,-0.1441456050296572,0.3566299139904617,-0.408957109449576,1.1050475713917616,0.8955459149211398,-0.0186156987979228,-0.8417541547008596,-1.805742969485491,2.2795788963343453,0.3326984524811612,-1.318781773466546,-1.3976286377801046
female_psg_negative,TCGA-J2-A4AG-01Z-00-DX1.487780B8-18E7-494A-8054-5637239870EB,TCGA-J2-A4AG-01,TCGA-J2-A4AG,2,2053,94.00619279136107,33.460218928033804,2766.6394442914384,0.3559363264747459,82.68443940076791,21.83898676288766,0.1211291714603694,0.083721809776353,0.5163701728060296,1.921161610791256,1.3713687522922682,101.92492204639711,8.731255799294697,Female,32.46,0,I,-1.1141142216331366,0.885607086204285,0.236085680218726,0.2470874770630394,0.7569590325616994,-0.2885644373140379,0.7974035534805666,0.9792786623592552,-0.6333339174598017,0.0756887941857448,-1.2537973258107398,0.5662029099076924,-1.7964787825005213,-0.99426452151807,-0.7792493440927741
female_psg_negative,TCGA-L4-A4E5-01Z-00-DX1.C2A5EF71-1F40-4E34-AC30-58D7121C1338,TCGA-L4-A4E5-01,TCGA-L4-A4E5,4,1646,178.9780637485569,95.50980251898976,2754.9008570396086,0.5336397127033946,28.84416870710066,9.196657766464812,0.146384839140522,0.0610943483157492,0.5883026944634617,1.770462731489528,1.2313426833222516,142.6448734238465,15.731422143871155,Female,18.99,0,I,-0.2817937357042747,0.6073151024240636,1.0680546916726656,1.1012024204967836,0.7514182321339513,0.8022853693107138,-0.9023802411413092,-0.6048810717662277,-0.4727973017660176,-0.422798069745277,-0.1544694094248078,-0.0492583530564431,-2.3805236116585906,0.579770595932958,0.7448748244275413
female_psg_negative,TCGA-L9-A443-01Z-00-DX1.9F68A13A-2865-41BF-88A7-B0DF75961C6F,TCGA-L9-A443-01,TCGA-L9-A443,5,1124,95.89097339021612,45.99746180836506,1862.910778805019,0.4796850024786403,40.5002951372902,11.721645534100745,0.1530474786728047,0.0717452211764497,0.5928331105494082,1.7023943049970915,1.521202278264162,131.88349333788562,10.528179928799648,Female,6.34,1,I,0.0152743041236718,0.1725727776420125,0.2591569074034925,0.5062270261305057,0.2737659574169278,0.4784406356620179,-0.4182401888762419,-0.2272505527604069,-0.4328095585588355,-0.1783649546457741,-0.0852321192343797,-0.3446384420633209,-1.0057498812093726,0.2582823618450952,-0.3267952847740868
female_psg_negative,TCGA-L9-A444-01Z-00-DX1.88CF6F01-0C1F-4572-81E3-1A5790692861,TCGA-L9-A444-01,TCGA-L9-A444,8,1500,131.21272039211536,67.98346736813673,2456.77218607398,0.5181164384441942,36.13778880636276,11.431818466360642,0.2697519794979856,0.0508207289743109,0.5707609154115844,1.9192226070401968,1.3963458581682662,122.37649917834074,11.300294177384886,Female,10.09,0,I,0.675924240436155,0.4963112954271356,0.6446394632371911,0.8243633795447851,0.6050841026396969,0.708961740399316,-0.5869577625459672,-0.2683764295423672,0.1624180438253183,-0.679735179572702,-0.422556318801358,0.5585949047514962,-1.6787307899582444,-0.072771365756491,-0.1481994829643964
female_psg_negative,TCGA-L9-A8F4-01Z-00-DX1.E2BBB8DE-94E2-4781-9B55-8A4CFBF8A69D,TCGA-L9-A8F4-01,TCGA-L9-A8F4,21,2888,175.70773361528634,53.6132398908241,3627.076749939905,0.3051273770806854,67.6526312777579,16.436385243709886,0.0684363496847076,0.129228717264071,0.6243383522242982,1.9344845893425129,1.724449704789235,126.93119910210577,15.09601979277924,Female,15.64,0,I,2.1322782177836483,1.3577976794981417,1.041659983750684,0.6309885339866416,1.126515302779567,-0.6332221895886754,0.4259531571377937,0.381543654302129,-1.034751440010361,0.9046789124670715,0.3962551258622693,0.6182711225849121,0.5988687165106619,0.0920209984355956,0.628132253265796
female_psg_negative,TCGA-MP-A4T6-01Z-00-DX1.085C4F5A-DB1B-434A-9D62-E2187D133B0A,TCGA-MP-A4T6-01,TCGA-MP-A4T6,7,3408,329.4707520746841,200.4063055278996,6417.9435741029865,0.6082673629326334,32.02465889083271,10.343862022773656,0.2415558947129881,0.0477482053074262,0.6340118686235733,1.5607658037912533,1.7639248352874026,133.1495706693333,8.615984278480184,Female,58.8,1,III,0.4840128935679976,1.6069669254183354,2.039611895207047,1.704708020712386,2.0236178900682824,1.2598324287229594,-0.7589710478911093,-0.4276108628193203,0.0328744708387281,-0.7615377053397512,0.544093216093344,-0.9990515486872428,1.0479228190787884,0.2988027636268688,-0.810319486030258
female_psg_negative,TCGA-MP-A4TH-01Z-00-DX1.E89D2C19-F9B2-4BF2-AA5F-6104CBC076D1,TCGA-MP-A4TH-01,TCGA-MP-A4TH,14,1696,186.06399916691893,108.15493412345712,3374.388034630923,0.5812781333718984,31.19957551616752,9.115143217353454,0.759026368171666,0.0191712174723854,0.6147793807058274,1.6459548930164365,1.6219446116955167,117.24684251053768,7.960656347074571,Female,24.34,0,I,1.508244726365017,0.6438158013437986,1.1241611925152184,1.202451357958089,1.0246808980334448,1.0919464010075666,-0.7952272428080166,-0.6178871506683988,1.7964818004051717,-1.7077396885011649,0.250167598273039,-0.5986536159634576,-0.319658355017247,-0.2736958397127104,-0.9924396468005914
female_psg_negative,TCGA-MP-A4TJ-01Z-00-DX1.14EDBE5C-5D0C-4002-BE95-AF5C9D9F3D43,TCGA-MP-A4TJ-01,TCGA-MP-A4TJ,9,1562,182.42635496642268,66.80672862840731,1958.93312926388,0.3662120456263226,29.32239266137197,8.562359316380032,0.117736826567902,0.1334596937285286,0.6441382492154624,1.8145731139814285,1.7232608868023769,172.88786685653182,28.71574281394424,Female,11.14,1,I,0.8475947900525345,0.5442925957780835,1.095539744657667,0.8101447823882028,0.3316960592867984,-0.2218014911540087,-0.8801651766925805,-0.7076659397714368,-0.6561287713947882,0.9736747636877644,0.6988523239364955,0.1361528735146479,0.5863657653272333,1.268974634971875,2.64479545505568
female_psg_negative,TCGA-MP-A5C7-01Z-00-DX1.26E5FA5A-3E6D-4CD3-8FA2-F331B7012311,TCGA-MP-A5C7-01,TCGA-MP-A5C7,4,720,96.72945017995656,62.986700898417176,1443.0637517087505,0.6511636402485076,22.91061019430236,7.443441461318179,0.6750397575052893,0.0325749742346355,0.6250670338471368,1.7455999233582666,1.676704925906443,122.71200253242,7.316107001401015,Female,73.85,0,I,-0.2817937357042747,-0.26980586515486,0.2693234192891675,0.7621975854801195,-0.0060419769369717,1.5357988659986264,-1.2010587615085933,-0.8987396757140799,1.5660645786958105,-1.2110173085409808,0.4073913967962813,-0.1558118237239006,0.1347841197667826,-0.0602152439453084,-1.181594052298713
female_psg_negative,TCGA-NJ-A4YF-01Z-00-DX1.4A3DE76A-9F1E-4766-A013-5E7E3A665071,TCGA-NJ-A4YF-01,TCGA-NJ-A4YF,16,3783,299.03739045664224,154.85415204355235,6793.347647413004,0.5178421059890999,43.869328382634464,12.650591935086128,0.2118415411050667,0.0600168852035983,0.5552719180580784,1.8084567403188587,1.8015434138323567,123.08770520703897,9.667549209923074,Female,70.99,0,I,1.7121809486630295,1.7712936355443936,1.871804012768052,1.4947254747006091,2.1226851698246705,0.707314916581774,-0.2960688630430002,-0.0987521966002092,-0.1121239700456479,-0.4486744326705506,-0.6592710452588534,0.1107145024601485,1.5520412843894371,-0.0462359160700024,-0.5364773235320437
female_psg_negative,TCGA-NJ-A4YI-01Z-00-DX1.C4111D01-27BF-486F-8E0E-C8053DB16133,TCGA-NJ-A4YI-01,TCGA-NJ-A4YI,11,6937,370.1858085441015,156.04546733568807,8605.75301870614,0.4215328187468803,55.1490098728294,18.73923807960772,0.2335850720606801,0.0759018805279252,0.5424537227296277,1.829817989441234,1.7860363766179348,100.62547371615304,9.579493671726135,Female,0.13,1,III,1.1446628298804808,2.8475836591221197,2.248662829034434,1.500966164867778,2.555572765591549,0.1259501775050368,0.0723387041262171,0.6467928271816777,-0.005101616518726,-0.0879451112938133,-0.8551685285886027,0.1991859093843105,1.3335385421789046,-1.0654701644523186,-0.5586228974045342
female_psg_negative,TCGA-NJ-A55A-01Z-00-DX1.42C356FE-52A3-4A60-886B-75F84ADBC534,TCGA-NJ-A55A-01,TCGA-NJ-A55A,6,1496,73.24787491981539,17.600134373596973,1459.9065248912175,0.240281842891195,82.94860106757548,20.4238007128217,0.0387203807281536,0.1690495180549223,0.6157723157473974,1.8720922209950384,1.7078937344051892,111.62470268362097,15.744791170949306,Female,0.49,0,I,0.2664417529963298,0.4931706681497397,-0.0412474880868528,-0.2760716204254724,0.0061624593404613,-1.1250369103525588,0.8035115450157654,0.8306265538535454,-1.33583275798798,1.515426869940066,0.2653423924440842,0.3712679347242137,0.429413330501435,-0.5151217592791262,0.7472970583753223
female_psg_negative,TCGA-NJ-A55O-01Z-00-DX1.8E23C821-B8BB-4D89-9E38-E97424A685CE,TCGA-NJ-A55O-01,TCGA-NJ-A55O,10,906,55.83756086399853,17.54143375101037,1313.4111036464185,0.3141511462818977,74.87478630820397,16.225637115609516,0.1651093541785708,0.073094925787453,0.5538985477843874,1.686132972455992,1.6995792974994424,125.23692004362002,12.290988579241652,Female,0.43,0,II,1.0028896920268398,-0.0497795602333975,-0.3178416929986545,-0.2787921029722941,-0.103328629833465,-0.5699479344551706,0.6106251283214332,0.3563657164075168,-0.362571044788123,-0.1487243057310297,-0.6802599421668921,-0.4169512569521039,0.347902289554591,0.0321208492095406,0.0694136940520484
female_psg_negative,TCGA-O1-A52J-01Z-00-DX1.26F6ECCA-D614-4950-98E6-4D76E82F71B4,TCGA-O1-A52J-01,TCGA-O1-A52J,5,2461,93.46838138224214,24.937455086896875,3153.7038225807505,0.2668009728863743,126.46454145346335,26.329759471661934,0.0347745096045214,0.0895912377145296,0.4888316098511644,2.00168995703557,1.712520927329661,97.4092889427329,6.898743769079666,Female,59.07,1,I,0.0152743041236718,1.1297228176887169,0.2294459558924959,0.0076891380519869,0.9314981485868408,-0.9148720050650002,1.6710843086439664,1.4215486902611805,-1.383648842026937,0.1935392249520277,-1.6746627471233655,0.8755704243242391,0.4757871274270265,-1.2498767400257205,-1.3100812711509433
female_psg_negative,TCGA-S2-AA1A-01Z-00-DX1.4B5D5FAE-8305-4D2D-B245-584589352886,TCGA-S2-AA1A-01,TCGA-S2-AA1A,9,2123,122.52728615631094,45.197831682242494,3342.489164810356,0.3688797254889214,73.95242294606726,17.326752812362457,0.0728021158519481,0.0849337635628393,0.5960522034079283,1.7105301699259228,1.7178734762713872,121.10277918616096,8.840275798217093,Female,16.85,0,I,0.8475947900525345,0.9296555854799958,0.5569849788238912,0.4919462496183438,1.0114680842584776,-0.204600930668417,0.5877211996482852,0.4861749011386012,-0.9965975437904182,0.1003535746629001,-0.0360354754455954,-0.3087177526713513,0.5303707549872377,-0.1210734146366542,-0.7501148523298776
male_psg_negative,TCGA-05-4244-01Z-00-DX1.d4ff32cd-38cf-40ea-8213-45c2b100ac01,TCGA-05-4244-01,TCGA-05-4244,1,196,29.785992334370228,19.11128141136864,578.4909374101237,0.6416197653188818,30.269604897660056,6.580274304772263,0.4873873665040493,0.0197071186833589,0.7013487407213997,1.5344801899583924,1.5646983009727666,117.01781243843163,3.7332585934148135,Male,0.0,0,IV,-1.6395588283553078,-0.9493232135352938,-0.8615008801492883,-0.2276113023794139,-0.6491675028663996,1.1387989476306213,-0.4930063493056429,-0.6345722996427181,0.7842410859312741,-1.3864217889407429,1.2214852258506923,-1.004164123581036,-0.4485314542732244,-0.8581798524078589,-2.534812255964167
male_psg_negative,TCGA-05-4382-01Z-00-DX1.76b49a4c-dbbb-48b0-b677-6d3037e5ce88,TCGA-05-4382-01,TCGA-05-4382,1,227,30.281901458788568,12.49462115156958,429.8792099900046,0.4126101912250734,34.405141602552945,7.496226758049862,0.3093970137602226,0.0749504014042179,0.6129448716028164,1.694045458081778,1.6831310073860202,162.28341335453848,15.402921800749365,Male,19.94,0,I,-1.6395588283553078,-0.8620861770749879,-0.8487824952097658,-0.5348077071695359,-0.8549738914991517,-0.1160085908368823,-0.3010961023794817,-0.4476481130634013,0.0791239947697601,0.0456332912932057,-0.2207623974311314,-0.3420927058597864,0.4101021521863174,0.8004955489968302,0.4988636281528742
male_psg_negative,TCGA-05-4395-01Z-00-DX1.20205276-ca16-46b2-914a-fe5e576a5cf9,TCGA-05-4395-01,TCGA-05-4395,1,315,39.98180230236401,23.24547513900754,1036.808339544412,0.5814013826393489,44.60258752915637,7.878584302373357,0.5682617311424665,0.017314095976192,0.6375165401266547,1.3351919626985536,1.7244358779433475,136.4945626206407,8.0,Male,0.0,1,III,-1.6395588283553078,-0.6513403453525815,-0.6239061978114144,-0.0860547365771523,-0.1802683933048558,0.7983055523793444,0.1139730630070139,-0.3730190375957423,1.0610273134735655,-1.4808875587657897,0.1801072803545559,-1.9351985040677908,0.7877539936795187,-0.0096475298814753,-1.081769853572228
male_psg_negative,TCGA-05-4397-01Z-00-DX1.00e9cdb3-b50e-439c-86b0-d7b73b802c0d,TCGA-05-4397-01,TCGA-05-4397,6,194,98.2641808344407,77.62918629993983,928.2549519807156,0.7900049198062566,11.957550970509592,1.9742697527480408,0.6301286848335952,0.0196664261160098,0.808307078239481,1.3105219484598494,1.3794865399170035,163.71683492923532,5.396120099922258,Male,24.01,1,II,0.2255213671708542,-0.9552586904773112,0.2645584711090501,0.7855793643336191,-0.2762884043674047,2.1347109554770936,-1.664647613378504,-1.8901010470217483,1.2596726867283847,-1.3879786099805522,2.966436092975136,-2.060010356845089,-1.407094006422312,0.8380382647866789,-1.8784337652984355
male_psg_negative,TCGA-05-4415-01Z-00-DX1.55E0C429-B308-4962-8DA9-41D7D3F7764E,TCGA-05-4415-01,TCGA-05-4415,5,282,50.48386359516784,31.60347362801561,851.9112617476153,0.626011390123489,26.95625397938597,5.585943307773936,0.9075562857134633,0.011344985117095,0.6652704336588594,2.358174391121283,1.4720452643947002,108.83836142468728,2.990676268379235,Male,2.99,1,III,-0.0039740659660462,-0.7251155353378185,-0.4183986844529592,0.1359727946714619,-0.3483998957204132,1.0485924702930636,-0.6598088640147335,-0.8529088393138585,2.049039929355956,-1.7500401506073782,0.6328927453204185,1.8715658953501968,-0.9703109203476212,-1.3050788789016237,-2.89280129719
male_psg_negative,TCGA-05-4418-01Z-00-DX1.f3863ea5-564f-482f-9878-cc104cf69401,TCGA-05-4418-01,TCGA-05-4418,3,412,82.96884610692295,45.89983240574472,990.480100731688,0.553217678194452,21.57916595372409,4.965719295035761,0.2498233163247208,0.0541468349956208,0.6126353243830513,1.8775463576425788,1.6852730632382005,177.2040751447586,15.125475759975496,Male,9.0,1,III,-0.6076197372758203,-0.4606520692689934,0.0764415446131392,0.4057356850985296,-0.220385947152436,0.6442705015440703,-0.9624258501335724,-0.9990880609164424,-0.2011971495870342,-0.3953567499856206,-0.2258124449737429,0.3462039729270447,0.4284429242972106,1.1615389986157594,0.4501925539372273
male_psg_negative,TCGA-05-4432-01Z-00-DX1.90d00d62-402b-404a-85e2-0edf869193ab,TCGA-05-4432-01,TCGA-05-4432,3,427,79.66772801014899,44.00690122292111,1205.3769957053405,0.5523805224784998,27.39063560961472,5.359761231619456,0.4311213813299872,0.0380905834809733,0.590475242276035,1.7091225915062214,1.7803795881907314,164.03787907653756,14.111521978007945,Male,25.0,0,II,-0.6076197372758203,-0.4339378648586333,0.0328567794863304,0.3752929377321254,-0.0436502374264365,0.6397286865718171,-0.6371891629926228,-0.9052290180337044,0.5778540859056286,-0.7982411183741309,-0.5873387680773554,-0.2827926711086881,1.4013276080923334,0.846356793006306,0.2670813790900488
male_psg_negative,TCGA-35-4123-01Z-00-DX1.990553a8-657e-49ec-9782-e6d30a4c4909,TCGA-35-4123-01,TCGA-35-4123,2,441,112.25201946432448,70.94041284355356,1184.9968939144644,0.6319744908117184,16.70411612246695,3.928659832620267,0.6665767289476743,0.0345550085321955,0.6287493692938003,2.070787151696962,1.643368275289886,188.25533856847417,16.780350619372435,Male,5.98,0,I,-1.0359131570455338,-0.4095633642766683,0.4201676761355639,0.7204484356238389,-0.0594612121729763,1.0828648582517546,-1.2840477669688974,-1.2656495240447272,1.3721514487721969,-0.8978527185660375,0.0370769874198773,1.0018188968032795,0.0904570969326757,1.3920598144119638,0.7322192258118833
male_psg_negative,TCGA-38-4629-01Z-00-DX1.d00cc280-5370-4b9f-9655-6c35deb94647,TCGA-38-4629-01,TCGA-38-4629,2,114,100.39693702898448,82.34876080378399,441.7507600374621,0.8202318042831326,5.364388677202332,1.1354928085812852,0.9909601264668184,0.0214954255801401,0.7638072593225643,3.120111568613773,1.3380987959878838,148.69349127651898,8.443444997447022,Male,28.38,1,II,-1.0359131570455338,-1.2367292293237884,0.2891996351039816,0.8282418171633804,-0.8369288485988872,2.3935135911946293,-2.421722371282676,-2.257513873814965,2.2617841530568863,-1.3195245530504631,2.2404525052737303,3.745331635518493,-1.5816837027116966,0.4086002112957038,-0.9642463247169902
male_psg_negative,TCGA-44-2656-01Z-00-DX1.5f247f31-4bb5-460d-a1f7-7dcdba33c835,TCGA-44-2656-01,TCGA-44-2656,9,273,45.02037057063416,26.91156132086423,536.6493432744852,0.5977641005562508,19.94121919854672,6.063921654569235,0.7002191168824436,0.0387095287715367,0.6528937698688568,1.3964269289822988,1.6339470639224147,159.79372632788846,13.95131082789598,Male,46.94,0,I,0.7565295394346835,-0.7462278048522257,-0.5213198837162768,0.0198031093082609,-0.7031465877028042,0.8890089404832329,-1.0645145099204545,-0.7457201581424898,1.4732725860256422,-0.7812860063779892,0.43097608586578,-1.6350965225704277,0.0199541944811303,0.7336872951687637,0.237353578227076
male_psg_negative,TCGA-44-2662-01Z-00-DX1.398f3f84-fd48-4454-b789-a3e90cd36d73,TCGA-44-2662-01,TCGA-44-2662,12,840,81.43817059194916,22.417101983096856,1117.314499972265,0.2752652941508116,49.84205812217619,10.31457354572551,0.2390214886447114,0.1576832225121628,0.6525090330271687,1.5802274833906516,1.6998634908869417,178.57318243455737,27.028758095810424,Male,42.05,0,I,1.1471304798981583,0.1364382690599818,0.0563785451501932,-0.1122842540016499,-0.1133079674795331,-0.9406914130268876,0.3028346939606414,0.0650180679113361,-0.2554862083738975,1.3696212349471757,0.4246993719499061,-0.8075584404178133,0.5567927737984851,1.1916459486614208,2.160022427245972
male_psg_negative,TCGA-44-2668-01Z-00-DX1.f66fa464-dad1-4a9f-8486-3d7579ca42b6,TCGA-44-2668-01,TCGA-44-2668,4,280,40.46487477971195,19.475371842928816,517.1883013045485,0.4812907972396164,26.556016772143483,6.919581526553613,0.6280742504118122,0.0617379875073914,0.5661017058510432,1.9188040476102544,1.6435389232427011,156.9094724208297,20.01016998103311,Male,25.0,1,I,-0.2754095516448046,-0.729767896125514,-0.6137094320699095,-0.2139698033809177,-0.7292122074336006,0.2572652109302722,-0.680866669289924,-0.5638962040877845,1.2532370556630184,-0.2259800915011839,-0.984976058508209,0.491673638032389,0.0917512317450682,0.6536405226930242,1.2332500474342405
male_psg_negative,TCGA-44-7660-01Z-00-DX1.f96c114b-f0fc-498a-97cc-e262344de357,TCGA-44-7660-01,TCGA-44-7660,7,933,78.8114871796032,24.775599355277627,954.3248258431762,0.3143653322873683,38.51873822135765,11.838375767149143,0.0768056256645199,0.2153236321418909,0.7011209969694219,1.6875725563670132,1.6602757751017334,163.28731932571858,23.89292212276944,Male,19.45,0,I,0.4243193538036671,0.2370615701773158,0.0213557673756504,-0.0399740532005842,-0.2525723501249954,-0.6881689608273585,-0.1249154708634465,0.3129199628438806,-1.3077700557138383,2.0882466060972105,1.2177697449754517,-0.3677134487514612,0.2217852828490873,0.8268579928005131,1.7686303132629675
male_psg_negative,TCGA-44-7662-01Z-00-DX1.2f0b6cea-795a-40ad-93a9-319858e6fb3b,TCGA-44-7662-01,TCGA-44-7662,3,230,17.870407270857488,7.500981544600073,337.34765705947007,0.4197431782560683,44.973801768959866,12.870439745101775,0.614206882355365,0.0484243586224171,0.6597385527005938,1.6891509776510778,1.6432798377759066,114.22013840416092,11.49798865283674,Male,7.16,0,I,-0.6076197372758203,-0.8540759067983241,-1.2223377761666545,-0.9036513413054402,-1.008520756339757,-0.0766342053838755,0.127826484263803,0.4718423717589446,1.2095185890253843,-0.5310525085770428,0.5426439559418159,-0.3614567653571525,0.0897866611352048,-1.0038336048215817,-0.2493627891211896
male_psg_negative,TCGA-49-6745-01Z-00-DX6.3174fffa-c17c-44d1-8d21-1921a9ec1bee,TCGA-49-6745-01,TCGA-49-6745,3,514,103.81893374554522,66.12562953181985,1213.9695647897222,0.6369322737785991,18.35853319484174,4.950927364172196,0.5867169782931249,0.0285835197645158,0.6567585821436761,1.5965729721440078,1.614260407901085,148.42413181972205,11.741873279395952,Male,17.15,0,III,-0.6076197372758203,-0.2901852045460037,0.3280172190041661,0.6696438804666759,-0.0370374839566153,1.1115358777150648,-1.1686171191361292,-1.0026826750566005,1.1213694658225828,-1.0784654754638474,0.4940278094313134,-0.7386886865505176,-0.121689656994651,0.4001073315596977,-0.1980460147766141
male_psg_negative,TCGA-49-AAR9-01Z-00-DX1.B6A9966E-89B8-404B-8ABC-1F8F8553D4DA,TCGA-49-AAR9-01,TCGA-49-AAR9,2,23,1.098062512675078,0.1675979983421492,21.73343707434089,0.152630652997934,129.67599427990987,20.945984162566354,0.475013471809929,0.1517262351451203,0.6851402336292215,1.8167378326372488,1.3432835614390304,114.56584963588554,15.396638265219671,Male,8.54,1,II,-1.0359131570455338,-1.836984550578712,-2.3989585218721814,-3.6513567462114014,-2.101712388716797,-1.941286389137296,2.253393076177151,1.5423306959714431,0.7399198918126949,1.2883183767550934,0.957054708683128,0.1258656101607367,-1.5604200949777285,-0.9854498233122808,0.4977678326866535
male_psg_negative,TCGA-50-5066-02Z-00-DX1.A2CA045A-7956-4E04-9EC9-5856FC789110,TCGA-50-5066-02,TCGA-50-5066,6,1853,144.53837058520796,69.30984385391977,3010.401170572125,0.4795255652412409,43.43396266938601,12.820125150834071,0.2094118011178617,0.0380258992083588,0.6094725448398971,1.6541508763666697,1.7015714785189089,111.49077272415012,10.2729150182143,Male,47.37,0,I,0.2255213671708542,0.9888723006677672,0.735449194494878,0.7036398126640749,0.9515238569644014,0.2477805321621828,0.0698525368647465,0.4642458101373993,-0.4109381070242737,-0.800020975671973,-0.2774109929169315,-0.5015852100234349,0.5722239503715828,-1.152975391449203,-0.5187568186025797
male_psg_negative,TCGA-55-1592-01Z-00-DX1.ee15e261-2f9c-4a93-a19f-27cb1c3bae15,TCGA-55-1592-01,TCGA-55-1592,7,1077,75.49017340345856,31.54391461207522,1935.727737517919,0.4178545788136983,61.36612279494662,14.266757532055925,0.3534620119903995,0.0425993448714784,0.5756189867558009,1.6960518364478228,1.688775425868624,109.40378706810569,6.298991018890611,Male,23.03,1,I,0.4243193538036671,0.3804272934107861,-0.0240613357636062,0.1346092502137588,0.433488160002027,-0.0870406306800265,0.6758917501906243,0.6770319748199651,0.269405917975586,-0.6776978152156952,-0.8297082415919599,-0.3341710230644565,0.4587015662170588,-1.272035810212158,-1.577831909670017
male_psg_negative,TCGA-55-1594-01Z-00-DX1.bd90c500-7c0b-4c45-a3f7-2d9177384b1d,TCGA-55-1594-01,TCGA-55-1594,2,400,172.8011244085886,134.79540642985108,1179.3064398073304,0.7800609335800796,8.74886222789093,2.3147997524263744,0.9427240927205648,0.0133195176379101,0.7042843497073346,2.138496632964336,1.655103718858271,159.77366804326675,11.305419054595014,Male,38.7,0,III,-1.0359131570455338,-0.4824941852526259,0.9747574351956364,1.1844575498664742,-0.0639082306649725,2.055669334944187,-1.9839981248006184,-1.7641718147594068,2.139888937156825,-1.6545183130491428,1.26937764419236,1.2171443976845864,0.1809302015104927,0.733140596417346,-0.290397249004825
male_psg_negative,TCGA-55-6975-01Z-00-DX1.2762a872-b1c3-47fd-8ed5-b715a5b20163,TCGA-55-6975-01,TCGA-55-6975,1,177,21.72774827827556,7.263000451203103,254.38010161814285,0.3342730391655448,35.02410654208416,8.146265215018763,0.2702510633028059,0.1123288843325064,0.6986008473730385,1.6549264031116004,1.572775910092633,160.48753845704033,20.5243757517738,Male,3.88,1,II,-1.6395588283553078,-1.007438429640547,-1.0915029291290512,-0.9269565834262286,-1.1723825032832216,-0.5662973762361144,-0.2737200472139081,-0.321845518643414,-0.101646155517912,0.7046526135796373,1.1766552575447822,-0.4984482672115314,-0.3978851309796032,0.7525133825503769,1.3079215308124623
male_psg_negative,TCGA-55-6980-01Z-00-DX1.2f1d1858-42b9-4e3b-966d-2f3f429570a6,TCGA-55-6980-01,TCGA-55-6980,7,2408,124.33280710650205,41.03653139524011,3145.537365346339,0.3300539282450904,76.65212576205197,19.36737419543126,0.1422763808657049,0.076616886185835,0.5123855711006542,1.7376819318381571,1.743014457619629,110.31248498075196,11.446297760765324,Male,69.28,0,I,0.4243193538036671,1.32444934485091,0.5444568306802791,0.3247775727974705,1.0073286206992291,-0.5918065477349113,1.1044939021624975,1.3520286969161546,-0.8105631831517455,0.078129371436229,-1.8613174273652136,-0.1718858697493772,0.9764893011087994,-1.219641789241923,-0.2603322805909953
male_psg_negative,TCGA-55-7903-01Z-00-DX1.40fc5dcb-b5bb-46b4-90bd-2eeb3ea880f5,TCGA-55-7903-01,TCGA-55-7903,1,63,18.52768084366529,12.566678933166031,200.26431523115232,0.6782650801901438,15.93613685017558,3.400317639945747,0.4988931678247679,0.022119261494943,0.7719382022292378,1.3289790818569849,1.488067260229062,126.3991847531067,8.75,Male,18.63,0,I,-1.6395588283553078,-1.4971221262329264,-1.198795993877105,-0.5306509415179997,-1.2996582456567958,1.3579626995738645,-1.340232512835758,-1.4150961050603077,0.8249508032405871,-1.2968472762052003,2.373103182208016,-1.966412432565621,-0.8869832735288856,-0.416823535559342,-0.8853880741172455
male_psg_negative,TCGA-55-7907-01Z-00-DX1.f5a264f5-3926-4d09-82f3-cd38d554f3db,TCGA-55-7907-01,TCGA-55-7907,6,322,36.44416439693551,11.3460235746016,517.9111713400584,0.3113262098981109,45.64693241951458,8.835433747167382,0.1599632591985071,0.1361870950123078,0.6077539677246148,1.7315804740229657,1.6217965040502915,173.8314529863574,22.03499615373452,Male,11.27,1,II,0.2255213671708542,-0.6363613950326843,-0.7012059091025192,-0.6045126073578353,-0.7282324259874184,-0.7071298773300497,0.1527539897152587,-0.1938384230937484,-0.6974701946050234,1.0683905387131494,-0.3054483829616785,-0.1954262587011329,-0.068340938155736,1.0853513015453558,1.5203185135850397
male_psg_negative,TCGA-55-8090-01Z-00-DX1.83f86d5f-7cb9-443a-a812-b19ba4aea836,TCGA-55-8090-01,TCGA-55-8090,2,110,17.0193022879427,8.110550349677537,237.95119449371984,0.4765501083686282,29.33847695097293,6.463249676100373,0.2042750295253073,0.115204405025924,0.6394750745054586,1.91056381385762,1.6557334273013349,188.587202244174,13.37809165562178,Male,19.65,1,I,-1.0359131570455338,-1.2539104313356084,-1.253696045636528,-0.8471738860974024,-1.208934994496568,0.2317869134302448,-0.5385980322631675,-0.65936899919835,-0.4390012840964826,0.7504170898796804,0.2120594062186022,0.4628711611049149,0.1858715132967334,1.3985643968656036,0.1290878253908354
male_psg_negative,TCGA-55-8302-01Z-00-DX1.E0C2B152-BBA9-4AA7-9E6B-BD57B68163CB,TCGA-55-8302-01,TCGA-55-8302,2,174,13.659055393621166,4.406617619208729,287.31744375703624,0.3226151071373967,65.20135591175442,12.738801841396638,0.2441656933770237,0.0924011873634681,0.6169545322501742,1.7878079087333407,,140.22754153075113,15.55839825861611,Male,15.7,0,I,-1.0359131570455338,-1.0169895789701893,-1.3888738102758362,-1.2881533909533558,-1.1035903732231518,-0.6371906757275558,0.7895787889941819,0.4519359251983431,-0.2294821726321343,0.3699121111200784,-0.1553475734367057,0.0184362969745691,,0.1260669190948446,0.5258830125236054
male_psg_negative,TCGA-55-8614-01Z-00-DX1.043DE2B5-A453-4570-8830-99170450658C,TCGA-55-8614-01,TCGA-55-8614,5,502,33.38927311921393,9.45408890368681,487.4203777269021,0.2831474908103473,51.55656803024381,15.03476874766474,0.15553599073128,0.1715626968029457,0.6455486347514728,1.7340864394425068,1.5928307292229171,133.6405533937797,18.561368390505177,Male,17.61,0,I,-0.0039740659660462,-0.3089955415676005,-0.7720918575984794,-0.7363745622911898,-0.770378798437086,-0.8881591557295847,0.3617464111346528,0.7856168794374171,-0.7251664746527715,1.5532899355983163,0.3111453163377971,-0.185747825592713,-0.2678813325855517,-0.1185207276346169,1.0157298601668927
male_psg_negative,TCGA-55-A4DF-01Z-00-DX1.C945E1AD-BEF4-403F-BB11-BAC831D24CDA,TCGA-55-A4DF-01,TCGA-55-A4DF,4,171,17.119649205346967,6.987634918835064,294.4201625245578,0.4081646086914339,42.13445120479216,9.988522425248744,0.4008963793950684,0.0783201327403918,0.6226674964754394,1.4383379969125858,1.7162566392486798,161.97680589686203,12.758121759051388,Male,20.17,1,I,-0.2754095516448046,-1.0266511523255497,-1.2499452454215445,-0.9548953008137462,-1.0894538637060591,-0.1406499314237452,0.0198510316163058,0.0096412146305033,0.4614024017061206,0.1109791376785371,-0.0621445365342083,-1.4371900278667376,0.7086647001803082,0.7923789335107035,0.008452125076709
male_psg_negative,TCGA-55-A4DG-01Z-00-DX1.9CE9B7BE-48EF-44F1-9C25-F15700A3E5DE,TCGA-55-A4DG-01,TCGA-55-A4DG,2,432,12.65108001989076,2.4460321194726005,280.4682315785522,0.1933457155931989,114.66253012205956,34.14728223367369,0.0539259162187624,0.2204476010321404,0.6593547520567509,1.8615798092514428,1.631552278187182,91.8876646685471,15.754628190396232,Male,19.97,0,I,-1.0359131570455338,-0.4251723545907205,-1.4337075844208012,-1.7136508882810877,-1.1174447303101611,-1.5581054593990058,1.9661935079986208,2.913412529945328,-1.5309815637137785,2.1471730879839783,0.5363825154424869,0.2890481759012516,0.0023222384674325,-2.484496381251135,0.5597289705115375
male_psg_negative,TCGA-62-A471-01Z-00-DX1.51A235BB-7F67-4C0D-8B15-2E26116D8822,TCGA-62-A471-01,TCGA-62-A471,5,252,122.11538765352688,75.33544387450412,908.4811512728722,0.6169201549623736,12.059146459483872,2.063621995902675,0.4947857243950994,0.0407400889762534,0.6595824479481521,1.468685150322001,1.6478785464686876,159.99003579376,16.887403272399546,Male,40.93,0,II,-0.0039740659660462,-0.797361648219315,0.5222668670388081,0.7638991668362821,-0.2945746818995143,0.9967590928990656,-1.6555290363054431,-1.8560708534001755,0.8104723040994215,-0.7265930707159587,0.5400972155057161,-1.2974560666519075,0.1248713207625678,0.7390305735848138,0.7498123883393957
male_psg_negative,TCGA-62-A472-01Z-00-DX1.C2F76C9A-C51A-4521-9B95-2A20063E9931,TCGA-62-A472-01,TCGA-62-A472,4,3098,191.5658486279115,79.11507501360623,4731.573200806508,0.412991540925834,59.80621518709008,16.17198484066651,0.1046831522261129,0.0644253958867214,0.5214342715499581,1.7812728129840305,1.8143788906834024,113.50183358229089,9.815164525223686,Male,29.89,0,II,-0.2754095516448046,1.676033401335539,1.119517587391543,0.7992845428661925,1.567223085892391,-0.1138985517132187,0.6282958059021602,0.9414287484559726,-1.077150698475845,-0.1685396934696747,-1.7136941745945442,-0.0060719807733819,1.8561089889766424,-1.0423887590666787,-0.6249100959466889
male_psg_negative,TCGA-64-5775-01Z-00-DX1.9A338C1A-CDB6-41AF-B6D5-EDE608B5E3E1,TCGA-64-5775-01,TCGA-64-5775,3,1544,103.3105154886114,52.46672125214102,4827.98766916865,0.5078546070939387,92.01999961016496,14.945235658708963,0.581685432413397,0.0091083486483307,0.6203641560245294,1.7533458309892318,1.7069512213258642,92.42313603482724,3.2637108569088324,Male,2.04,1,III,-0.6076197372758203,0.7719209582792405,0.3223044537894896,0.5023932170781372,1.596911165383387,0.3998249360244758,1.4811816308201458,0.7731034048761136,1.1050133461179243,-1.8689427225577824,-0.0997219335876984,-0.1118285130422824,0.6214120324977905,-2.4406213377155543,-2.754931339108708
male_psg_negative,TCGA-64-5815-01Z-00-DX1.1E3600B5-7E83-47BE-AC70-E0C2D623740B,TCGA-64-5815-01,TCGA-64-5815,3,657,49.1777188697391,10.157254490671576,936.1628740997974,0.2065417982801498,92.16692118520508,13.359708727853922,0.0882955258046214,0.0826866599566752,0.608219704664938,1.7674735698759825,1.6150133590639346,149.0378457450374,18.20698421774256,Male,28.45,0,II,-0.6076197372758203,-0.0857113120539467,-0.4423009601066564,-0.6845168291937762,-0.2690480691588358,-1.4474334239430129,1.4845724646074192,0.5449522245552826,-1.2083489331598791,0.193598114548272,-0.2978502087872569,-0.0581194018702809,-0.1164065271243401,0.4194129677855143,0.9608110941210573
male_psg_negative,TCGA-69-7978-01Z-00-DX1.90a2bf2f-18e2-4bfe-b858-d2de619e2493,TCGA-69-7978-01,TCGA-69-7978,6,1970,229.1651938982693,118.84539967990364,3490.9394961009107,0.5186014405514883,29.37378733634918,8.596418882330445,0.1878489726027542,0.0910887444096553,0.6305380530880127,1.7668214716070725,1.7793616245101431,153.37786857212694,13.555477936907804,Male,4.4,0,II,0.2255213671708542,1.064693666133753,1.3833172569080965,1.0934259354840268,1.1430479542043948,0.4575220974825753,-0.5368516338271245,-0.2376484030251245,-0.531192807702843,0.3466524761479369,0.0662581191590901,-0.060589003905516,1.388823592526245,0.5515279205107053,0.1629163198852823
male_psg_negative,TCGA-73-4675-01Z-00-DX1.1027587f-8ec4-4b8c-8768-ff7b669683e0,TCGA-73-4675-01,TCGA-73-4675,15,2509,216.8916655227208,103.08725202053677,4755.963526833006,0.475293745253377,46.135321619452384,11.567987151342,0.0677718159185759,0.0626529595402415,0.6619752430131105,1.5971675165343315,1.8325390609351504,142.8741974658212,9.88168594372215,Male,30.29,1,III,1.456258444883155,1.379787128008194,1.3006076077174895,0.9906024168169194,1.5747712180896312,0.225031113421937,0.1706871122655656,0.270150047673713,-1.3912932303010923,-0.2062857179524772,0.579134002355029,-0.7361969542027972,2.1344980446166053,0.2179910611914977,-0.6092815110420786
male_psg_negative,TCGA-73-4676-01Z-00-DX1.4d781bbc-a45e-4f9d-b6b6-2265282dff99,TCGA-73-4676-01,TCGA-73-4676,12,3168,347.8600750543546,200.18698906410748,7285.410981005107,0.5754813599486157,36.39302941247616,9.10711009162229,0.1586457373391014,0.0310193622402195,0.6427293143436714,1.5932622203559643,1.7384434299835838,119.28743137496848,9.706123413804788,Male,9.23,1,II,1.1471304798981583,1.7086606961114164,2.062337846871175,1.4703394675534185,2.248126879694882,0.7657440190630229,-0.2142999105304219,-0.1447553243721623,-0.7056718930816978,-1.0027068482377937,0.265150065247969,-0.7525810218462542,0.9288170625766208,-0.7450374211135186,-0.650681746273506
male_psg_negative,TCGA-78-7148-01Z-00-DX1.aac94f79-77f2-45e6-b0c3-0b103fecbb22,TCGA-78-7148-01,TCGA-78-7148,11,1411,97.15395128332584,26.029327085173207,1792.0354864189576,0.2679183578366773,68.84678503424449,14.523341370698986,0.1995653509531788,0.1220043665151994,0.5394884234272478,2.0850294739247173,1.6877904209776369,126.15586359392174,13.93877166705417,Male,20.57,1,II,1.0279650251134416,0.6695658270160588,0.251589919913648,-0.0042909481620244,0.3505710077574535,-0.9905027434961876,0.893577436720923,0.713626973901571,-0.4650428946303475,0.8564184670050362,-1.419153246748248,1.0476903876282175,0.4501573419424711,-0.427441649606586,0.2350173045285357
male_psg_negative,TCGA-78-7155-01Z-00-DX1.32258467-7550-4a1b-8df9-a869fb83e559,TCGA-78-7155-01,TCGA-78-7155,1,564,147.50960780551338,107.1504446899371,1721.7022761197154,0.7263963770496324,16.068083348621016,3.823479761017436,0.273356328774853,0.0255177635017027,0.6524391848414611,1.936578217095009,1.6716366313451116,138.5829151199132,8.25,Male,38.47,1,I,-1.6395588283553078,-0.2148154247718202,0.7620010883143054,1.0185463774464747,0.3083621649103704,1.6672500668118375,-1.3304529118198427,-1.2945591433635344,-0.0868471719628317,-1.1785654980380258,0.4235598473925349,0.5533816666500763,0.3137548210897225,0.0671766592887746,-1.014995160783164
male_psg_negative,TCGA-78-8640-01Z-00-DX1.6F929E56-34D5-45A6-8A9E-ACB4B88A68B1,TCGA-78-8640-01,TCGA-78-8640,19,2619,271.9214300503961,123.9476319072184,5567.767519167788,0.4558214918340448,44.920321860893374,9.631458614771963,0.1333540111249125,0.0593663469136508,0.6172198081866195,1.7658352265632966,1.2924741971357565,143.121788871194,11.000979960202844,Male,232.0,0,II,1.7884686305141706,1.4383916242341537,1.6502678116343314,1.1238113384296096,1.812518517929099,0.120054833697042,0.1258353683402851,-0.0520501297767812,-0.8702870105059829,-0.2777188085785435,-0.1510197810825168,-0.0643258063089879,-1.761921311617729,0.2264165523630256,-0.3562313417673236
male_psg_negative,TCGA-78-8660-01Z-00-DX1.11E923ED-C01B-439D-8796-08C9E3DC2D93,TCGA-78-8660-01,TCGA-78-8660,22,1689,244.5732219860521,110.95167063483834,4590.649600841826,0.4536542052063485,41.37521836827919,6.905907303688066,0.2114503804274962,0.046760484709802,0.5218087957972619,1.6968915496718209,1.4297042955153452,176.3618360717284,11.985893809155971,Male,10.55,1,II,1.9965424939404277,0.8770185313780702,1.4830702092569543,1.0437454663918837,1.5230952328744225,0.108331700922772,-0.0098394462447447,-0.5667105156049135,-0.3998964820226631,-0.5719954372141205,-1.7075840720512865,-0.3308584069372224,-1.1789036637053278,1.1427857594950597,-0.1474069836388827
male_psg_negative,TCGA-80-5611-01Z-00-DX1.31920706-8AF4-46D2-B1D4-7DD5AF4AAC77,TCGA-80-5611-01,TCGA-80-5611,3,606,67.89018660520694,39.079803345959874,1156.4347672863585,0.5756325810859179,29.59162197027566,8.926179618918914,0.1925872833325396,0.0649748807181365,0.6362488246098474,1.6529173624445068,,136.42530861360677,9.672109501042266,Male,85.25,0,I,-0.6076197372758203,-0.1548783344659152,-0.1332469099389439,0.2894614655152805,-0.0819278727901813,0.7665742479874051,-0.5261086921883118,-0.177360715306146,-0.5041989428929426,-0.1569435151219034,0.1594253836305535,-0.5065777050730101,,-0.0122354676768992,-0.6587603410270118
male_psg_negative,TCGA-86-7955-01Z-00-DX1.ef4f4d94-5efb-4a07-97cf-b0ed69085827,TCGA-86-7955-01,TCGA-86-7955,27,700,92.54471515688611,38.50859800217428,1241.2390784640345,0.4161080180201832,32.232777687568664,7.5639111192176385,0.3591907669032491,0.0540007215567585,0.4672540633831457,2.1982922927131487,1.6328515986339247,148.82345022796156,11.492450114147935,Male,35.22,0,I,2.2893995493298296,-0.0301256742218453,0.1966670885197782,0.2788180661677129,-0.0162555774946722,-0.0966762188339078,-0.3998597680991804,-0.4343010821717294,0.2932509998498721,-0.3987296829272393,-2.5976065783908355,1.4017078153391638,0.0118744025536731,0.4126868109497457,-0.2505365657415206
male_psg_negative,TCGA-86-8055-01Z-00-DX1.546dc42e-3742-4da5-8f9b-80732180ce76,TCGA-86-8055-01,TCGA-86-8055,11,89,6.108313166205895,1.0225198699930935,77.06682337210904,0.1673980757322926,75.36951176570247,14.570307313709865,0.4619530295958773,0.1923120663075791,0.6841716523977335,2.300430057470075,1.3808861670679926,128.53667661346404,17.434446762358746,Male,4.07,1,II,1.0279650251134416,-1.3517129614012513,-1.8069798322983075,-2.344116944205821,-1.7177469627153796,-1.793842112147639,1.0708511515690065,0.7202903419493839,0.6925087453635634,1.8145250039195464,0.9412529797203928,1.705648277444156,-1.4009881597395777,-0.3252747995237295,0.8385723128060306
male_psg_negative,TCGA-86-8073-01Z-00-DX1.33c016fc-5c9e-4ad6-8de2-a7f8521d205c,TCGA-86-8073-01,TCGA-86-8073,8,156,12.033223212140658,2.9924564800365188,205.92692342437425,0.2486828696917501,68.81534444967474,12.964107558696924,0.4726856412407728,0.0914193387414589,0.5583010836130606,1.5897997238461372,1.510188125719457,127.31205745294253,16.720986808642465,Male,24.31,0,I,0.5996716053437281,-1.0767347338498154,-1.4623786373087406,-1.5679048669369868,-1.285338495173185,-1.1252122301709375,0.8926963722380387,0.4859450103886065,0.7315177401560328,0.3525271036042275,-1.1122377835324684,-0.7671410142646544,-0.7675459158732609,-0.3773491269344047,0.7224310365739984
male_psg_negative,TCGA-86-8585-01Z-00-DX1.bc0b1c69-f71d-46fc-8195-2d205002e6e5,TCGA-86-8585-01,TCGA-86-8585,10,2084,183.0683546686985,81.41765197254634,3207.038888880621,0.444739081857643,39.38997024824567,11.383726061073991,0.2449306291655255,0.0797706225164639,0.6166299309253019,1.9639981079279487,1.731624811030912,132.84014007380975,12.519917601321,Male,11.6,0,I,0.8984248007534179,1.1357352367229294,1.0551925638595716,0.8200220911314132,1.0321971725199477,0.0600036292340584,-0.0892309431250369,0.2407167251031572,-0.2256388930988132,0.138673527842164,-0.1606432182312012,0.6474754255930611,0.8592305737075108,-0.1498944421028566,-0.0389374322571841
male_psg_negative,TCGA-86-A4JF-01Z-00-DX1.22828B15-D68E-4300-A3A8-FBC11B319BC5,TCGA-86-A4JF-01,TCGA-86-A4JF,12,1974,150.8758655055557,62.98930786408511,3190.7963184894725,0.4174909463022477,50.65615779386557,13.08360348678372,0.3103849008479203,0.053220567485706,0.5984330743958334,1.7995425094690956,1.6107691446474244,125.95103820507497,12.65986204344117,Male,24.21,1,II,1.1471304798981583,1.0672321167523904,0.7916556698278039,0.6345196674152654,1.0256604971533212,-0.0890458069121661,0.3309733935441055,0.50386258308754,0.0835332176859691,-0.4168167663852275,-0.4575122732000811,0.062220030175951,-0.1460523265863934,-0.4364116780069731,-0.0110240828270462
male_psg_negative,TCGA-91-A4BC-01Z-00-DX1.8D8783B1-D1BA-4970-B77B-3AED8506C487,TCGA-91-A4BC-01,TCGA-91-A4BC,2,114,17.67369656074533,7.128416881538754,236.8745539253487,0.4033348007892999,33.22961575645341,6.450263509287749,0.5931682637231686,0.0433769013585522,0.5279263843914721,1.6728553183041257,,175.62796814042952,22.322964046678305,Male,1.45,0,II,-1.0359131570455338,-1.2367292293237884,-1.229495441868018,-0.9404766300621918,-1.21138841497981,-0.167515704130066,-0.354005959598629,-0.6621344665511592,1.1422384857778405,-0.6575664628329948,-1.6077798700612072,-0.426334180689276,,1.1262988655452246,1.5596966213532564
male_psg_negative,TCGA-93-A4JP-01Z-00-DX1.994E229B-5251-4F61-8C41-863047F3A136,TCGA-93-A4JP-01,TCGA-93-A4JP,6,1525,103.03334265329056,48.52726749589695,2038.6062918166544,0.4709860540892309,42.00950098805834,14.801033924830124,0.1907334725048128,0.058839567737847,0.6378459098560911,1.6067287915690174,1.704228525352726,101.41882491628712,7.922772404798058,Male,18.99,0,IV,0.2255213671708542,0.7576684268505763,0.3191821456170313,0.4459725853435228,0.4903637857690933,0.2018542062848443,0.0149894006796939,0.7528701751626103,-0.5147200047726819,-0.2893503125707483,0.1854807183522013,-0.6962526029668178,0.5964060463693859,-1.7728090980036535,-1.1026780726178111
male_psg_negative,TCGA-93-A4JQ-01Z-00-DX1.24573112-917C-43E9-B0FD-763C290AA88A,TCGA-93-A4JQ-01,TCGA-93-A4JQ,11,3187,124.48165670694426,37.26526439358415,3031.334121393915,0.2993634996464928,81.3447635679679,25.602165686972352,0.1567819953280923,0.1094682768955262,0.5795391643368208,1.88922589924876,1.737381695363884,100.12770354552168,11.639332001012638,Male,17.28,0,I,1.0279650251134416,1.717433609990738,0.5459369041505768,0.2550942646376539,0.9602759910718286,-0.7827791353097665,1.2244757966763284,2.0652487503851216,-0.717332249127385,0.6585404920324142,-0.7657532715726649,0.3877065008436144,0.9178632613979384,-1.8612826497784487,-0.2195347460084555
male_psg_negative,TCGA-95-7567-01Z-00-DX1.982FF122-A440-4949-926C-B58AF8381090,TCGA-95-7567-01,TCGA-95-7567,15,978,183.9708979323746,95.67595567551776,2282.241251061342,0.5200602744825817,23.85386417044526,5.316058197201932,0.5622903890096332,0.0390016554704636,0.6207705614843315,1.8645329636174808,1.2570468306003333,167.19382939131813,13.640338705560657,Male,18.66,0,II,1.456258444883155,0.2833582568471586,1.062117984571194,0.9366716460870294,0.617813835040332,0.4653601627460549,-0.8288879565378942,-0.9154648135454648,1.0412938991749192,-0.7733307156430154,-0.0930917112418633,0.2996565046123877,-1.8940321042418444,0.9264295882794166,0.1789954088282343
male_psg_negative,TCGA-95-7947-01Z-00-DX1.44291078-2D8E-4E79-8FAB-439E52BAAD60,TCGA-95-7947-01,TCGA-95-7947,8,402,35.17357403578425,12.75897119442439,511.3322012309016,0.3627430974584471,40.07628776953045,11.429034751800332,0.2474685543782821,0.0966007375359232,0.6603620721908694,1.9569312782259465,1.330371170213995,132.9780034641238,14.006502694297362,Male,15.67,0,I,0.5996716053437281,-0.4788237787432836,-0.7301884501145817,-0.5196738672438412,-0.7371834520274377,-0.3980527818652222,-0.0614890574880171,0.2479761549408059,-0.212930353134206,0.4432489639753735,0.5528162426515032,0.6233512323552228,-1.6130688718090145,-0.1444637016920793,0.2476202187168343
male_psg_negative,TCGA-95-8494-01Z-00-DX1.716299EF-71BB-4095-8F4D-F0C2252CE594,TCGA-95-8494-01,TCGA-95-8494,7,551,158.09787836446313,104.43855197160885,1842.6771064421616,0.660594266362301,17.64364855367858,3.485182759567332,0.1751225255430537,0.0611637150656116,0.6400061960545237,1.5908957840274982,1.183944537729447,208.18026955587405,13.024919065521642,Male,2.76,0,II,0.4243193538036671,-0.2339684607061782,0.8538198882450927,1.0000161708597466,0.3802831177440712,1.2508457011337704,-1.2176072428135924,-1.3903458641903912,-0.6054283250083367,-0.2384156705598684,0.2207242847974502,-0.762528592149034,-2.147793502071572,1.7458364774161288,0.0608349671958972
male_psg_negative,TCGA-97-7937-01Z-00-DX1.6db4b2ff-722c-4bb8-b12f-15f1a38b4ab1,TCGA-97-7937-01,TCGA-97-7937,4,2898,213.1714744165224,102.66211665503324,3840.2058396736975,0.481594063821309,37.40626011615964,13.594689476780124,0.1824736930878192,0.1090979491037181,0.6057641424540532,1.6828021200334615,1.2819023205045774,128.81049035399565,14.00689367027498,Male,18.53,0,I,-0.2754095516448046,1.580017090487466,1.2749232264521335,0.9876152024194708,1.2714627989173242,0.2588944180832037,-0.1712721460639007,0.5795885090604197,-0.562230998803518,0.6525270831309901,-0.3379109979560971,-0.3866585501759577,-1.8020245726016824,-0.3137668973737379,0.2476928507151548
male_psg_negative,TCGA-97-A4LX-01Z-00-DX1.B2334672-A626-4E74-B4D1-A79F70F65909,TCGA-97-A4LX-01,TCGA-97-A4LX,7,2073,116.00357843328592,17.44513000038324,2246.4892389644,0.1503844125844445,128.77457714072912,17.870138387085962,0.0174321187638618,0.1191843527712687,0.534609112148172,2.250802243884904,1.6619533563577442,117.38939331721102,14.255470691479497,Male,20.17,0,I,0.4243193538036671,1.1289950310632095,0.4596805423772871,-0.2935482676298032,0.5996985631079744,-1.9647218710058676,2.23679458830417,1.1642279136332818,-2.028842675591165,0.8128265515743612,-1.4987558157948555,1.5596895472178514,0.2351705189143755,-0.8393567265115496,0.2936003148167242
male_psg_negative,TCGA-99-8032-01Z-00-DX1.7380b78f-ea25-43e0-ac90-194b5c6b1432,TCGA-99-8032-01,TCGA-99-8032,3,121,7.170790538605506,1.1381957639640428,104.3303692844424,0.1587266784375194,91.66293935332054,16.87401121934468,0.1966125412980206,0.1850538493843447,0.6753290426609637,1.730238099675004,1.4434675700322448,123.19978790408902,22.353116385244665,Male,1.45,0,I,-0.6076197372758203,-1.2076047994598018,-1.7323619916733544,-2.266646199775176,-1.599246822566328,-1.8790778300011852,1.4729258908760776,1.034889274376069,-0.4815270769044271,1.724824580080299,0.7969919535501699,-0.2006164825155982,-1.1128479833452165,-0.5597896461782228,1.563800168470614
male_psg_negative,TCGA-MN-A4N1-01Z-00-DX2.9B0852C4-16BF-4962-B86F-E2570E48A89E,TCGA-MN-A4N1-01,TCGA-MN-A4N1,9,2697,156.03780833136992,51.02164899078269,3229.4534982366754,0.3269826046417577,63.29574919893498,17.284272503190458,0.1829356407546919,0.1118422393836663,0.567690752275112,1.9363118791618763,1.721786208819547,120.8930500986953,13.035685459319618,Male,27.17,0,II,0.7565295394346835,1.4789600840452994,0.8362840480157107,0.4822047520823206,1.0411815843384138,-0.610480115604984,0.7336654448703175,1.088608538443277,-0.5595457959184702,0.6968498500975044,-0.9590518715778442,0.5524611861841431,0.761878788029478,-0.6675617004229335,0.0629337574889028
male_psg_negative,TCGA-MN-A4N4-01Z-00-DX1.7D8352EF-7A4B-4084-9612-CF92D9D16041,TCGA-MN-A4N4-01,TCGA-MN-A4N4,2,1749,98.87486524236968,35.37739105580348,2086.692683907492,0.3577996386552203,58.98379223657255,17.689025372754912,0.0248146047146827,0.1340740752676817,0.6586764617683698,2.0100275988391423,1.7226821490542312,113.45274835298976,11.641536123063103,Male,38.6,0,I,-1.0359131570455338,0.9187475735707972,0.2716502495146616,0.2175143319583827,0.5162928300595118,-0.4268203797491582,0.6028681766673819,1.1409852976765218,-1.9021483359224525,1.0375344518363847,0.52531668126502,0.8025146707621925,0.7706003665981134,-1.0450412392523596,-0.2190715217559873
male_psg_negative,TCGA-MP-A4SV-01Z-00-DX1.5430F2CF-BE4B-42D6-9CD4-92E6FB3F6E99,TCGA-MP-A4SV-01,TCGA-MP-A4SV,8,1174,119.65995233251368,45.92248767991705,1833.153078944636,0.3837749120299383,39.918418438518415,9.8111354477032,0.1146121696925993,0.1023169629017742,0.5942078377512016,1.9726383664299467,1.7430775955093762,140.7823215827661,14.779087456745229,Male,86.07,1,I,0.5996716053437281,0.4699233925407933,0.4973793571011436,0.4060923810025547,0.3747371854746133,-0.2774496231304225,-0.0678421325071667,-0.0208663090669183,-1.0026299817314002,0.5405557823677056,-0.5264440696166988,0.6768531968452044,0.9771537004795842,0.1456219549620726,0.3885845038592002
male_psg_negative,TCGA-MP-A4SW-01Z-00-DX1.A6651B25-A35A-4BDE-9EBF-D264A02003C8,TCGA-MP-A4SW-01,TCGA-MP-A4SW,2,1112,102.11058926452436,47.36461222216438,1753.8162985429246,0.4638560267188662,37.0279881173021,10.890153587492176,0.2035251297956339,0.0760926692085456,0.5899861058580578,1.7915284358696857,1.7755153976839235,144.3250710500305,13.660792248693118,Male,58.41,1,II,-1.0359131570455338,0.4133168497711716,0.3087469447512131,0.4284431684470444,0.3277745473143161,0.1634393218458855,-0.1872438456946536,0.1606799894837257,-0.4431275170553134,0.0679456991149062,-0.595318688450998,0.0323492348586546,1.342094196338111,0.2669523918450992,0.1828608873715309
male_psg_negative,TCGA-MP-A4SY-01Z-00-DX1.9535274F-C850-409E-80A1-B933B2F1A110,TCGA-MP-A4SY-01,TCGA-MP-A4SY,12,1779,152.21577181941578,64.72413389418485,2782.881472024977,0.4252130585454154,42.996040342148255,11.687356564538872,0.1849778838076931,0.0735824663326656,0.6129499511578911,1.8730241603984987,1.7208703135169194,130.4710967783294,12.23296229683862,Male,49.31,1,II,1.1471304798981583,0.9392548476313476,0.8033366518842143,0.654158835536715,0.8536687144833438,-0.0465663043110683,0.0531153344791645,0.2890927884747437,-0.54771510026067,0.0186878930164443,-0.2206795280238666,0.3300652524548137,0.7529919394413769,-0.2450093479482687,-0.0968309145122135
male_psg_negative,TCGA-MP-A4TD-01Z-00-DX1.937DEBC9-F5D5-4682-AA9A-13D8226EE06C,TCGA-MP-A4TD-01,TCGA-MP-A4TD,7,1337,180.4702475560412,75.64510465926242,2433.4312767713263,0.4191555432746467,32.16905162247486,7.408423372305862,0.1967404400362268,0.1101976623529299,0.5838894402968076,1.6009460972339071,1.7562306336248334,171.447227161913,12.780379283187372,Male,10.09,1,III,0.4243193538036671,0.6098056116257845,1.035128751468194,0.766864290926318,0.6923957894647351,-0.0798707465338738,-0.4028230873762981,-0.4650526295515904,-0.4808105226131054,0.6703546327412876,-0.6947815457142092,-0.7203825898856927,1.11924910683798,1.029683023920771,0.0128499210254955
male_psg_negative,TCGA-NJ-A4YG-01Z-00-DX1.507BAE41-5EE9-4657-AAD1-AD456750BA2F,TCGA-NJ-A4YG-01,TCGA-NJ-A4YG,8,3490,164.5250514792769,33.25568089773556,3130.4554863635058,0.2021314115918958,94.13295418578136,21.21257503717961,0.0460460537592685,0.1627792839231125,0.6083597208677514,2.0206347471436974,1.5793434202882417,113.26794429668432,16.897498924982845,Male,74.28,0,I,0.5996716053437281,1.8528550359688576,0.9075693873162174,0.1728080992237908,1.001180751343555,-1.4838172058315116,1.5296041413206114,1.5737512818699604,-1.6186193960726525,1.437962902438463,-0.2955659418457544,0.8377387742883505,-0.3559962085353583,-1.0550483494570142,0.7514676794765026
male_psg_negative,TCGA-NJ-A7XG-01Z-00-DX1.4A876254-653C-410B-A36C-55FC41C1DD93,TCGA-NJ-A7XG-01,TCGA-NJ-A7XG,11,91,8.305069063006464,1.9505425597950008,125.68495029495672,0.2348616904925408,64.43589229253529,10.957163547904042,0.5544400168018647,0.1566518186520481,0.647431936626789,2.2710717623835097,1.3951615144476324,235.10011269671887,12.489609363477276,Male,20.27,0,III,1.0279650251134416,-1.3417743699593536,-1.6604443448740476,-1.877274499422288,-1.5202264387702134,-1.226352622055908,0.7672515910329151,0.1716510983468817,1.015190755171962,1.355655662582547,0.3418700762456862,1.6196886294329331,-1.3379118377773094,2.128572503919932,-0.045010091555824
male_psg_positive,TCGA-05-4249-01Z-00-DX1.9fce0297-cc19-4c04-872c-4466ee4024db,TCGA-05-4249-01,TCGA-05-4249,2,900,61.15748582526893,21.880060226722872,2184.0707667180945,0.3577658553400263,99.82014419003352,14.71610527894101,0.2505284768129666,0.0282429668163493,0.4360043493593047,1.493738250754362,1.764531548086205,108.60210299247576,5.19122357472616,Male,50.03,0,I,-0.8633865796077981,0.1401214233221681,-0.1794101449490839,-0.093089545328507,0.5270722361177738,-0.5948427868910772,1.5319371329668403,0.4709070237659548,-0.2565743510819498,-1.0781348020868342,-2.4711765931019647,-1.0729878166673097,1.0753612836011142,-0.8008071075541845,-1.574519324808417
male_psg_positive,TCGA-05-4384-01Z-00-DX1.CA68BF29-BBE3-4C8E-B48B-554431A9EE13,TCGA-05-4384-01,TCGA-05-4384,1,12,2.3270472045159822,1.0595659241966486,53.47181867178833,0.455326356139404,50.465777966887785,5.156749711270235,0.9697072459554484,0.0134472837806537,0.4714326974860184,1.6990092662436471,1.4680564635128142,117.01929595156518,3.444291808459779,Male,13.99,0,III,-1.456838967883726,-1.911191566604412,-1.8898268865244088,-2.145707177669762,-1.748520953829376,0.0198581896109717,0.2808317778169506,-0.9873281363399312,1.9903888030949413,-1.642714773627088,-1.997760949523552,-0.1481720741130635,-1.3430079011295837,-0.4380606521757993,-2.2914918309257413
male_psg_positive,TCGA-05-4396-01Z-00-DX1.49DD5F68-7473-4945-B384-EA6D5AE383CB,TCGA-05-4396-01,TCGA-05-4396,2,184,98.64202622358042,78.20717567574633,711.8113420282921,0.7928382928639687,9.101611660028782,1.8653307017735887,0.95275547380068,0.0102335161379281,0.8031298775579497,1.4688900035272128,1.4672308381859644,183.52204311903373,6.168166770929044,Male,9.95,1,III,-0.8633865796077981,-0.9647492412168996,0.2658038045185804,0.7704638984376593,-0.4728653196409055,2.3237148373549843,-1.8511217913198827,-1.830493264597157,1.950270873984058,-1.8031300568999984,2.43458326859408,-1.1934696231329485,-1.347610114462025,1.2579379098850128,-1.242648797013742
male_psg_positive,TCGA-05-4403-01Z-00-DX1.fee8e988-956c-42a2-a6c5-06b6d6736295,TCGA-05-4403-01,TCGA-05-4403,2,651,41.197569302225,16.06426373649026,1082.163040105935,0.3899323190318091,67.36462111536316,15.80190314686456,0.3866971965690673,0.0406980075930192,0.5946670036037564,1.6657731284804207,1.618176291287884,118.70558929364095,6.559159015336502,Male,18.99,0,I,-0.8633865796077981,-0.1350582146182695,-0.497414617453365,-0.3025592486921455,-0.1421684974469952,-0.3866457817611229,0.7761273382039287,0.6004016955652955,0.3064165072110046,-0.713109447827372,-0.3510274316918892,-0.2900648810498473,-0.3590596755276892,-0.3715737518580291,-1.1196713693851872
male_psg_positive,TCGA-05-4410-01Z-00-DX1.E5B66334-4949-4F45-9200-296B1A2F1AD5,TCGA-05-4410-01,TCGA-05-4410,1,176,4.126002221557943,1.5280281610673128,171.93641170635289,0.3703410902406985,112.52175587278246,42.65630277182544,0.4656288500265056,0.0888865156817029,0.506108020467893,1.6771799359648225,,72.87542881520493,5.505678886386309,Male,0.0,0,I,-1.456838967883726,-0.9880475926256556,-1.7074915788619636,-1.8974996819764536,-1.30531451694936,-0.5125795440901797,1.7825294267203695,2.981576338238769,0.5872594644400129,0.331656297454642,-1.5344076967260942,-0.2410499714516023,,-3.2731280120156727,-1.4634666027452268
male_psg_positive,TCGA-05-4420-01Z-00-DX1.2df0552e-87dc-491e-9be2-be8fbce2660d,TCGA-05-4420-01,TCGA-05-4420,1,336,57.41846386435626,30.422808658099942,1132.1382005808423,0.5298436532535931,37.21346747777726,5.851776195088688,0.1926525008424904,0.0338591808697093,0.6025112063428828,1.7160956090033843,1.7476659882063594,158.57710839362812,4.00780488547035,Male,29.96,0,I,-1.456838967883726,-0.6126310058997215,-0.2330410943267542,0.130371747434459,-0.1036936464926132,0.4721952541818684,-0.1923838332284035,-0.8492688128311523,-0.5424569469556713,-0.9052493974090762,-0.2462083112852284,-0.0763031107645303,0.8700815851172006,0.7884923323971624,-2.0380264178017984
male_psg_positive,TCGA-05-4422-01Z-00-DX1.4802093f-71ea-43d5-bd92-b4bd7fc8c5bf,TCGA-05-4422-01,TCGA-05-4422,2,109,60.39566416811392,41.50974408710247,645.5031629213273,0.6872967564618269,15.550641834043304,1.80476531720214,0.7887427894823823,0.0190007868535469,0.7028356963366562,1.708667674096461,1.5148105069983386,278.7381573134349,10.738949193994928,Male,11.99,0,I,-0.8633865796077981,-1.2184325223200592,-0.190156327313273,0.3410326067200935,-0.5436346586591412,1.4838119555106637,-1.309835379318796,-1.851319597594802,1.5420011518342356,-1.4055756741176857,1.0943899809977229,-0.1074583362694497,-1.0700072632664108,2.2773678951539456,-0.0364853871084972
male_psg_positive,TCGA-05-4424-01Z-00-DX1.4892016C-1A96-4A72-ACB8-FFD282FC4E69,TCGA-05-4424-01,TCGA-05-4424,2,230,48.9308308999606,32.331094722313914,630.940956115394,0.6607509851695559,19.514988945918315,4.700512862130555,0.59305964860267,0.0276368248170148,0.6154920413166132,1.5709951683845207,1.67579229116078,137.89309020546878,7.755921152414436,Male,29.99,0,II,-0.8633865796077981,-0.8424325067031956,-0.3640755840132453,0.1716156269209761,-0.5598195343386551,1.3007671751213596,-1.0495429109448322,-1.0830785904662807,0.994385871094952,-1.0977854109701355,-0.0727503131506773,-0.7108037187852037,0.1263428248352592,0.27042820360956,-0.7712417289977949
male_psg_positive,TCGA-05-4426-01Z-00-DX1.4c9da782-f4aa-4c4f-b3aa-fae2259f236f,TCGA-05-4426-01,TCGA-05-4426,4,757,69.6429356967753,40.50297868732787,1676.6378712508017,0.5815805764374649,41.39542141317546,10.869731329189957,0.7007923294325688,0.0170057203832255,0.6202492863550105,1.7921353496479282,1.6097359584505304,105.39851391923727,3.7101654467664527,Male,25.99,0,I,-0.1157249920770719,-0.0105805512030387,-0.0653371024856783,0.3243873030170911,0.2565482318511763,0.7898400746969159,-0.0323774951713627,-0.0314371264724586,1.3054362030299422,-1.4861796317739482,-0.009181043325903,0.2350929834049215,-0.4239419846703725,-0.9540907073854732,-2.168707942302535
male_psg_positive,TCGA-05-4433-01Z-00-DX1.5843D3CC-CB24-4A0A-BB65-78A5DAA11D84,TCGA-05-4433-01,TCGA-05-4433,4,553,158.17875549887907,101.96698450590556,1856.4980170526303,0.6446313487820314,18.206854169989786,3.496044701173027,0.617292747366659,0.0137973348627035,0.6916023663703339,1.19501137607784,1.6668829752030754,158.4743121304511,6.617648148785413,Male,23.98,0,I,-0.1157249920770719,-0.2628216167686085,0.7810608142518937,0.9503136884261206,0.3579960999249162,1.1930628553933045,-1.1311757986034974,-1.3609690886263492,1.0666666697231433,-1.62646218077091,0.9442832326809636,-2.675543744356092,0.0458963404856268,0.7862520149146437,-1.1016988311268872
male_psg_positive,TCGA-05-5420-01Z-00-DX1.8C253A99-44FD-48B6-AF31-D808CCB7DB1E,TCGA-05-5420-01,TCGA-05-5420,1,14,0.5915329189592005,0.1468679658752543,14.712277786998214,0.2482836730940821,100.17349732680594,23.667321887398824,0.3945749117712913,0.1218622924926845,0.6219945011448684,1.652592360113911,1.6004117693481117,103.80387884719552,2.7897276329095444,Male,15.01,0,III,-1.456838967883726,-1.8775722729234825,-2.2075559527215174,-3.4853762032828697,-2.0740419127608143,-1.386443327728077,1.5391877714161963,1.4292852059765249,0.3356615848049868,0.8838310783123992,0.014139603179209,-0.3471222158630522,-0.494007038861072,-1.0339167964031435,-2.623439888456749
male_psg_positive,TCGA-05-5423-01Z-00-DX1.CCCF5FDB-ACAD-4D9D-80DF-556F0D6284AF,TCGA-05-5423-01,TCGA-05-5423,2,18,3.4414569360253684,1.7287692213229378,69.91581005377353,0.5023364387408376,40.44253518134165,5.230342943296767,0.9076146923776388,0.0263680287839199,0.635063353080119,1.2711810942929471,1.377327222726127,166.24398778156774,5.385056806141441,Male,4.96,0,II,-0.8633865796077981,-1.818919532066712,-1.769057103730518,-1.813820153194966,-1.661463825707684,0.3053516371413116,-0.0678528388146781,-0.9722861269421784,1.841665953707158,-1.1396289127538413,0.18877373874853,-2.2317448459243305,-1.8103360709525933,0.947773268320773,-1.505552633997494
male_psg_positive,TCGA-05-5425-01Z-00-DX1.85865B2F-4888-43DD-A501-458BEFCF832B,TCGA-05-5425-01,TCGA-05-5425,1,62,1.9111741738261327,0.766492625,71.81019523414349,0.4010584882828847,93.6867399528384,32.440789986125246,0.2239507201093535,0.1199828004419728,0.5971379922947795,1.7832706379756074,1.787294172216076,88.04615267006277,3.4865554986812253,Male,28.98,0,II,-1.456838967883726,-1.4465175897505804,-1.9448895917576343,-2.3652178550205507,-1.6523495421327987,-0.3161651709377486,1.4032615990499802,2.203230778357076,-0.3832311212132464,0.8545425353002982,-0.3180085424890465,0.1994779932184221,1.3770543547542775,-1.9781976717226013,-2.271561295944903
male_psg_positive,TCGA-05-5428-01Z-00-DX1.8018AD62-F1CE-4BFF-8EFD-3F2D4513FC11,TCGA-05-5428-01,TCGA-05-5428,1,10,2.6309845959957503,1.59918265625,33.08744632106509,0.6078266891732813,20.69022334112441,3.800858437263216,0.9528953806910472,0.0453735729701257,0.796457438964398,1.4026721250792014,1.4550033806037357,177.3379596675286,5.82842712474619,Male,22.01,0,II,-1.456838967883726,-1.9487879046259755,-1.8536201689935885,-1.8666434421172395,-1.8861962669830936,0.954790501836252,-0.9792600386061676,-1.2866205747340516,1.9506034305904063,-0.5909330684079935,2.345421990182064,-1.5247736621319137,-1.4149459873543009,1.1538699577147185,-1.3537993306321778
male_psg_positive,TCGA-05-5429-01Z-00-DX1.20729065-FADA-4E43-98D7-AFA5FB4A0447,TCGA-05-5429-01,TCGA-05-5429,1,34,2.5613110074382126,1.1514060625,47.78944798885413,0.4495377793466871,41.50529473945177,13.274451990118266,0.3368215754137572,0.1399527885978591,0.6976809964388512,1.5765748672813935,1.6338251017886614,111.17847541306436,6.007806857408905,Male,9.03,1,III,-1.456838967883726,-1.646561528479921,-1.8616631726611303,-2.089353519372971,-1.7827472949917686,-0.0155275573274324,-0.0283221166314953,0.291346251326481,0.113899106066412,1.154934769700955,1.02550967190612,-0.685339608674177,-0.2348772890112902,-0.6839429582043124,-1.2945901674214524
male_psg_positive,TCGA-35-3615-01Z-00-DX1.585128eb-6652-4b05-9a83-dc8f242904a6,TCGA-35-3615-01,TCGA-35-3615,9,1259,168.595642655877,102.78665150674028,2542.255280760115,0.6096637486446764,24.73332133592664,7.46757140437943,0.6428003715228121,0.019177707840672,0.6540495424794737,1.738646980031866,1.6450211126595795,111.90084267867378,9.118115027071868,Male,0.46,0,I,0.8987885665601151,0.458471495741201,0.8570752803017729,0.9557415780081208,0.6935770883037806,0.9664712722987482,-0.7560687317267881,-0.5570821031890575,1.14123236641045,-1.3986367241685589,0.442479021350169,0.0174652043967195,-0.142729184505995,-0.6521423375454282,-0.4158631966869079
male_psg_positive,TCGA-35-4122-01Z-00-DX1.2ac022e4-e796-49e5-9a24-f0ff3f76a527,TCGA-35-4122-01,TCGA-35-4122,2,829,61.58489875457956,23.03495813813993,1036.018970934775,0.3740358205334715,44.97594329114042,13.461092195728488,0.1504849079723402,0.1375540195686949,0.6296812191085591,1.9336486285484416,1.7047396377907065,138.89494826376514,16.400730516246686,Male,7.39,0,I,-0.8633865796077981,0.0674671422433178,-0.173420136004096,-0.0582180468557596,-0.1787603831629941,-0.4886333702244044,0.0962545839377979,0.3151242661031813,-0.779112890320842,1.1200385563089927,0.1168543139743896,0.7809528759199944,0.403880747767482,0.2990771629561139,1.0470708835449123
male_psg_positive,TCGA-35-5375-01Z-00-DX1.10708170-750A-451B-BC10-0B4042540033,TCGA-35-5375-01,TCGA-35-5375,2,808,108.55106735639372,57.155290480544735,1553.3458017322346,0.5265290510031844,27.17763812714735,7.443501198815326,0.2845213059227652,0.0637914054194669,0.6140688610827426,1.6733166150893477,1.7582377877698552,160.9895554698483,12.88129497326303,Male,8.67,0,III,-0.8633865796077981,0.0451863535918103,0.3637996003310977,0.557868285460621,0.1827365529349756,0.4520525283153504,-0.6327560435449558,-0.5611882810318288,-0.1040083338302644,-0.1622053934224673,-0.0917677334361543,-0.2576131805932042,0.9970862748608514,0.8402472008646203,0.4103043553091454
male_psg_positive,TCGA-38-4632-01Z-00-DX1.5E05F85C-53BC-4280-8E7F-8B9DECEF849F,TCGA-38-4632-01,TCGA-38-4632,6,208,65.94481639487479,35.45351636486981,707.5094370398925,0.5376240059957957,19.955973612280378,3.1541523863605097,0.4386891654969714,0.0540367785234175,0.6432982027505837,1.510044838596313,1.6089082319664547,231.83198826790883,18.1850332795316,Male,44.58,1,IV,0.3767471058133685,-0.8986718439548481,-0.1138438700520698,0.2341171718323893,-0.4773199747874971,0.5195422572489178,-1.0228481385166723,-1.4483321740954818,0.4942925858562331,-0.3801678681016963,0.2988129266488822,-0.9950063354166822,-0.4302291409256271,1.8798178657597024,1.335357196719677
male_psg_positive,TCGA-38-A44F-01Z-00-DX1.B9958072-D8BB-40DD-B28E-2E83CE2B550B,TCGA-38-A44F-01,TCGA-38-A44F,8,1432,60.83527370607061,23.26876891765456,1428.3322624270072,0.3824881109285224,61.38409244948485,23.53897521557636,0.1014803386207781,0.1355150764258798,0.6506971769806354,1.724460886110634,1.7648984394341003,101.6619400013221,10.208705846316038,Male,4.37,0,I,0.7445793673053165,0.5903478888785064,-0.183944285097333,-0.0513714441467665,0.1037904061863324,-0.4342042963772645,0.6114644104835522,1.416979761593229,-1.1009955738476414,1.090136951211823,0.39768262654039,-0.0413774057305654,1.0799886021350966,-1.1450814456788423,-0.1561160757122104
male_psg_positive,TCGA-44-2666-01Z-00-DX1.f81a89cf-6033-47ea-9a43-290a5d6a28c1,TCGA-44-2666-01,TCGA-44-2666,6,1859,104.24242268358589,44.22820708653439,2650.395767722669,0.4242822254887846,59.925462556893976,17.83343049923877,0.125660408891172,0.0974322822862813,0.6021498030478069,1.7604973287284669,1.721406041590715,108.22203377944176,7.768018095029743,Male,3.19,1,I,0.3767471058133685,0.8756485655042482,0.3219546255149208,0.3840375895137797,0.7407439186340122,-0.171027385204927,0.5696937600536577,0.8312546145014668,-0.9342800616516064,0.4834171023022372,-0.2510376071055641,0.1071657017345836,0.576297111877337,-0.8185179971327281,-0.7679094055302218
male_psg_positive,TCGA-44-5643-01Z-00-DX1.83fb7631-0ecb-4473-bfb2-c8daa2f87d35,TCGA-44-5643-01,TCGA-44-5643,4,85,70.60845166313696,39.07220228386591,406.1091572866135,0.5533643829250626,10.39381282724133,1.2038218938084508,0.4676858767047185,0.1260519768529584,0.7747580147895332,1.615567129235413,1.473205305523298,439.9476683184742,20.943425048598524,Male,33.28,0,III,-0.1157249920770719,-1.324271498674297,-0.0529567301752513,0.3000056134577741,-0.8493649291826844,0.6156959169329885,-1.725834566644754,-2.080703835934345,0.5942461994383953,0.9483175603346644,2.055460775386428,-0.5098665215730562,-1.3141449668801577,2.997355178296115,1.7460029814669058
male_psg_positive,TCGA-44-6146-01Z-00-DX1.8db8c567-690e-4df3-98a9-f241b6a8d811,TCGA-44-6146-01,TCGA-44-6146,4,89,37.1034089137012,22.073222254700053,421.42853259871305,0.5949108963556463,19.09229779575921,2.3987014294833413,0.8261847050624049,0.017672147951509,0.6803698457862855,1.657135122236532,1.543215305844239,236.84038937228533,9.421457343120274,Male,23.92,0,II,-0.1157249920770719,-1.305356768448359,-0.574881377063026,-0.0871307825802033,-0.8266340443037037,0.8731921712995967,-1.0755104692308115,-1.660008479558554,1.6386861014143952,-1.4587531913764864,0.7941872998340281,-0.327406129120361,-0.8909877021482204,1.929775468066799,-0.3416249861740423
male_psg_positive,TCGA-44-6148-01Z-00-DX1.94c29c83-1085-458f-a0c9-3ffa8592cb98,TCGA-44-6148-01,TCGA-44-6148,3,741,28.01557869696573,5.011016615500907,855.4877702517009,0.178865361651217,170.7213996468031,26.449569648913062,0.0649591143652794,0.1222196318169672,0.5827602290097244,1.7438239337767347,1.60435050865784,90.92136505796606,9.514644927467948,Male,23.13,0,I,-0.4423254092465397,-0.0285907468383961,-0.7699297168831306,-1.0923340241837958,-0.3333885229291798,-2.0168408407732863,2.737036219153695,1.688275505230304,-1.3965433035122004,0.8893739618632444,-0.51013316637689,0.0388192317350003,-0.4646116031286635,-1.7814882280548132,-0.3191393223564581
male_psg_positive,TCGA-44-6778-01Z-00-DX1.5e932267-cc68-4a8e-a660-fe2cc0c59ff4,TCGA-44-6778-01,TCGA-44-6778,2,1051,66.66101097306719,22.41534258388464,1030.3786940654716,0.3362586653979945,45.96756396693466,15.76633754361499,0.0801276650084733,0.1855793326126467,0.6893777146185056,1.6500095647425814,1.7117900240575616,137.40240636285716,18.23628638467181,Male,61.24,0,I,-0.8633865796077981,0.2827978275423061,-0.1043107840060891,-0.0767037218634168,-0.1833071009363337,-0.7386170496639359,0.1306646238401896,0.5962318754924762,-1.2656931830278022,1.7692873440115902,0.9145560510166424,-0.3583560121957201,0.4755992734441377,0.2562442753922096,1.3433535013002404
male_psg_positive,TCGA-44-7659-01Z-00-DX1.818bf5b3-b4c1-4d23-a6ae-98d5015eb8c1,TCGA-44-7659-01,TCGA-44-7659,3,1254,50.26827669564867,16.221052115358905,1185.7397940783992,0.3226896400998571,73.09882155890995,24.94615058304851,0.1017664429625565,0.1624738693130597,0.6108311598848173,2.019269703574988,1.6932026157800424,103.31478094071332,12.574206551024403,Male,22.7,0,I,-0.4423254092465397,0.4544851728075018,-0.3424719151851775,-0.295974562229435,-0.0636653985611343,-0.8316422705422306,0.9250894972876976,1.550117740314168,-1.098913189647747,1.4689881712326758,-0.1350319124729034,1.0921413152585702,0.2901377092718508,-1.058894434721774,0.3494684257578504
male_psg_positive,TCGA-44-7669-01Z-00-DX1.34d0c9ac-d3dc-4a5e-b99c-a8c1c1e120d1,TCGA-44-7669-01,TCGA-44-7669,5,370,51.77996186014009,25.974950930331225,591.308638858712,0.5016409822875243,22.76457193103817,7.145621331266832,0.4253619956293882,0.083206413972583,0.6546027478903271,1.9648667556355288,1.6824585365863671,170.70084538065672,13.59585371727721,Male,18.86,1,II,0.1511269790293882,-0.5494102581269439,-0.3185102385336424,0.0232161803201561,-0.6051684635821378,0.3011387506958076,-0.8614403496658584,-0.6125644194534065,0.4472458753891069,0.2267125911279147,0.4498712964478831,0.8959824634672456,0.1879948985109544,1.0337891704093296,0.548212048466608
male_psg_positive,TCGA-44-7671-01Z-00-DX1.00297baa-00e7-4894-a7b8-c9ac2a9d42d8,TCGA-44-7671-01,TCGA-44-7671,4,43,3.375084332961762,0.7283051234095416,41.77611965951354,0.2157887186097145,57.36073840032831,12.740422388872844,0.4943565609606465,0.1468968290046148,0.6466357791884249,1.961441681164144,1.3988298386976354,96.3620863268238,19.81019646782478,Male,29.2,0,I,-0.1157249920770719,-1.573095949136655,-1.7754475174366138,-2.39986410013506,-1.822065191905376,-1.662961511299297,0.494573164810668,0.2223715861997041,0.6834794924659877,1.2543011701701758,0.3434117008186924,0.8834516748659246,-1.7060499790656751,-1.44138093429438,1.5819408468994185
male_psg_positive,TCGA-44-8119-01Z-00-DX1.1EBEBFA7-22DB-4365-9DF8-C4E679C11312,TCGA-44-8119-01,TCGA-44-8119,2,28,4.212289658353258,1.2364797009728423,40.85005405154244,0.2935409958146679,33.0373834842596,6.647216186682244,0.7849293134432249,0.0860830463934865,0.5658239099291358,1.813985011784516,1.4026171201797673,150.13594228163782,26.82044512429358,Male,9.36,0,II,-0.8633865796077981,-1.7031042378396877,-1.7002280667791785,-2.0410267050498745,-1.828449487808476,-1.0388272980062203,-0.364622480223794,-0.700982052108371,1.532026164331753,0.2802932096700073,-0.7364468056329218,0.3221297021843123,-1.6872962404925305,0.5943103687929617,2.5134620932899177
male_psg_positive,TCGA-44-A47B-01Z-00-DX1.177D0531-E037-435B-BFD4-382B2150B10D,TCGA-44-A47B-01,TCGA-44-A47B,2,50,38.82545719720248,30.424348630336155,200.2061869437042,0.7836185540792122,6.580459268865937,1.2878148413305146,0.6964051098112856,0.0616846053401433,0.881349259871256,1.4246361211069876,1.4111801524216918,140.05509464460604,9.12318917813327,Male,9.43,0,I,-0.8633865796077981,-1.5227887791010246,-0.5416365583465913,0.1304060633392295,-1.2337791441112738,2.2400588814485496,-2.134875531527935,-2.0456468614948,1.2932572722350706,-0.2077860856611176,3.479799350521372,-1.4131799765874198,-1.6444520155161468,0.3317403861071581,-0.4146079408586463
male_psg_positive,TCGA-44-A4SS-01Z-00-DX1.F3D85B63-D963-42D2-815F-CB9D791A0F7B,TCGA-44-A4SS-01,TCGA-44-A4SS,8,613,49.92822604461098,17.382517587202045,796.6987229852965,0.3481501139590004,45.83333334705609,12.277624273137263,0.25439346863594,0.1079737810980471,0.55799194587719,1.646832482290098,1.4951467597979853,130.02438528356146,13.771785917190233,Male,13.63,0,I,0.7445793673053165,-0.1829677628916713,-0.3479280451413147,-0.2490914128180575,-0.3884141709338199,-0.6586089614831597,0.1260358603581246,0.1614184973113094,-0.238726424147053,0.661721268446284,-0.8411023850822823,-0.3721987874376084,-1.1878995914321782,0.0300652367327588,0.58142161449839
male_psg_positive,TCGA-49-4494-01Z-00-DX2.cac5ed0a-98c3-4d37-a4f4-9596a061836a,TCGA-49-4494-01,TCGA-49-4494,13,1833,146.38817084691422,42.15449795910478,1926.9495356004727,0.287963827372281,45.71159968432927,12.521503543594818,0.0823693497477801,0.2040233001642027,0.6626772282160789,1.986862148234633,1.6134292495583429,144.25731766150054,19.61256268940328,Male,35.51,1,III,1.391260664450555,0.8596087258346427,0.6908810020407118,0.3514818666295178,0.3959450134759752,-1.079785939492821,0.1218302167834178,0.1936792273475562,-1.247445391265867,1.9957975679121656,0.5577675293262851,0.9759367490813052,-0.3957254139772728,0.4456535575923931,1.5526922779343622
male_psg_positive,TCGA-49-6742-01Z-00-DX5.74539ee6-0ac6-4663-89f1-c6a74a59a4cb,TCGA-49-6742-01,TCGA-49-6742,11,2360,167.24403512823943,63.19936129683501,3040.427231321427,0.3778870872636803,48.10851199968836,14.111116119569816,0.1770116598914927,0.1157534211695975,0.6265484408836168,1.7491514369657606,1.7383617860033758,128.9089147735859,12.158216924941785,Male,16.03,1,II,1.1656405376665748,1.159158970008647,0.8473923728880167,0.6260165822549759,0.900908931535166,-0.4637737420076304,0.2033041212875935,0.3966765261354764,-0.6268879247762394,0.7877844940784572,0.0749921810224104,0.0607281643361394,0.7626324259098304,-0.0063834547585332,0.2654579241771043
male_psg_positive,TCGA-49-AAR0-01Z-00-DX1.1635383C-0FB3-4CF9-BABC-08AC19CCE501,TCGA-49-AAR0-01,TCGA-49-AAR0,4,1831,117.98481373060504,61.43638152670385,2291.2187508521865,0.5207143155472675,37.2941682748078,15.518946397463711,0.4344541417569765,0.0623218470015165,0.6300150715829218,1.7101294392650446,1.7389747461422005,103.00519393683606,10.627794278790104,Male,156.54,0,I,-0.1157249920770719,0.858368625406389,0.4516966520209032,0.6068362314558192,0.5786768978903782,0.4167498071354262,-0.1891855133083959,0.5670958872150944,0.4794208212036187,-0.1939183329407992,0.1213154585765982,-0.1013165175372851,0.7695927004858615,-1.0748272583238798,-0.0612317510799645
male_psg_positive,TCGA-49-AAR2-01Z-00-DX1.1F09F896-446E-4C55-8D01-6C34A98AB1D2,TCGA-49-AAR2-01,TCGA-49-AAR2,6,909,287.1864761852311,200.30852196665973,3600.767704060131,0.697485914474133,17.97610839872035,3.16519082679126,0.3778336941783579,0.015712241892593,0.6595621947041217,1.854154041432785,1.6970686987394763,171.5183288178877,8.171890025232189,Male,73.06,0,I,0.3767471058133685,0.1490548059700564,1.5591526238394648,1.4080670458386373,1.108592230453798,1.5562657102629665,-1.1459775161575343,-1.4454396021534148,0.2731533639195492,-1.5409913757935172,0.5161425122761796,0.4794394369185462,0.327769635420154,1.0490811730370144,-0.6585865728036503
male_psg_positive,TCGA-49-AAR3-01Z-00-DX1.B4D85F13-CEB4-46DA-BF39-0200B9E55835,TCGA-49-AAR3-01,TCGA-49-AAR3,7,463,24.67144586233336,6.989865086529773,511.67715440485614,0.2833180157147341,73.20272252334505,18.766634212828045,0.3764716432181862,0.0760666718178013,0.6212269215189796,1.5535742549606215,1.615081653061576,105.60703062673625,13.657086025294722,Male,62.19,0,II,0.5721881493906467,-0.3942462908943707,-0.8523525372999579,-0.8666995449743002,-0.7028167238420621,-1.1142665353386836,0.9277155182347536,0.932875526881924,0.2680073840165374,0.0895792250712887,0.0038827263615787,-0.7908936520476714,-0.3830137306820379,-0.943830759622006,0.5598027993068454
male_psg_positive,TCGA-49-AAR4-01Z-00-DX1.EDB32358-AF23-4F81-A99F-15574A2DE28E,TCGA-49-AAR4-01,TCGA-49-AAR4,12,180,9.846962996448504,1.1494123897580129,191.36759665514288,0.1167276032389448,166.49167727818883,18.279747782633127,0.2309759485342052,0.1344083352251851,0.5547734964602129,1.6648039920601856,1.403499235470372,117.25044141424422,17.30858728469935,Male,28.88,1,III,1.2827937404527945,-0.9763121188378632,-1.354584364805762,-2.09052840200594,-1.2553775231510944,-2.773646319579727,2.675768353605068,0.8801796780264892,-0.3490527910282351,1.0738120955928367,-0.8841093098368102,-0.2942447062523766,-1.6829111403819466,-0.4288339815880035,1.1962295470411983
male_psg_positive,TCGA-49-AARR-01Z-00-DX1.9BCAFE3D-447C-40D6-85DD-AFABF6978376,TCGA-49-AARR-01,TCGA-49-AARR,7,632,45.8316392590005,20.234737035490262,682.1720541850202,0.4415014902945355,33.712919174019405,13.78960059509298,0.0587319069199879,0.2001465035859254,0.7220124032958835,2.0290296016942784,1.7596908585239024,171.6723799348073,14.54918496065171,Male,163.99,0,I,0.5721881493906467,-0.1587728954438217,-0.4156956775704158,-0.1460876646021447,-0.5039303635996716,-0.0647944673989033,-0.3358132127046866,0.3565793549991792,-1.4546612304783222,1.949065100430987,1.350641077841038,1.1267724083107766,1.014975553890652,1.0519465746241246,0.7248731822473697
male_psg_positive,TCGA-50-5939-01Z-00-DX1.745D7503-0744-46B1-BC89-EBB8FCE2D55C,TCGA-50-5939-01,TCGA-50-5939,9,981,54.15787579380463,23.06072822415482,1053.245045588319,0.4258056263497846,45.67267066983184,18.113708959615828,0.4401650829644385,0.0830980025021827,0.6945887331135876,1.834566454751208,1.6096706477885334,105.7496188890771,13.704008486692882,Male,15.11,1,I,0.8987885665601151,0.2184834300227904,-0.2817444005409212,-0.0574600306625069,-0.1649755191524258,-0.1615870161788184,0.1204837252358779,0.8620491113182082,0.4994585565720331,0.2246753332664833,0.9841889242661884,0.4031609706343606,-0.4244385487510792,-0.9368380781797266,0.568661393689664
male_psg_positive,TCGA-50-5946-01Z-00-DX1.5076CACA-E3C0-4114-BA69-5B4896FF0C4B,TCGA-50-5946-01,TCGA-50-5946,12,1080,118.4709841876904,58.55752053763703,1804.22057979038,0.494277319793899,30.81108221839315,9.116156225130917,0.5509262254030726,0.0519136904750129,0.6398525789419451,1.499059378065687,1.6808585602593773,143.4223857835075,13.371889292921848,Male,53.12,0,I,1.2827937404527945,0.3086058309851723,0.4560974436329322,0.5742999645357405,0.3292115547205762,0.2565308451861621,-0.46244209725649,-0.290076144510198,0.8651038201000979,-0.4301553202340664,0.2527703562456137,-1.0474479018772884,0.1730804441590898,0.4235517467450661,0.5055186273873983
male_psg_positive,TCGA-50-7109-01Z-00-DX1.08f6420c-baa2-4e79-908e-ebbdeec503a6,TCGA-50-7109-01,TCGA-50-7109,8,1468,102.44233129262729,43.41627721052931,1724.2580066581334,0.4238118818919728,39.71455217813946,14.33001359376181,0.1435783976705339,0.1058173919409394,0.5870561182862806,1.8807616551969024,1.7501294261909082,123.58877387738536,16.566935732553173,Male,10.12,1,I,0.7445793673053165,0.6164362448127704,0.3041306912517371,0.3714764449936907,0.2840873744545241,-0.1739438524117449,-0.0953324823367833,0.423715039005949,-0.8209071214902586,0.6259807857802129,-0.4527288194587512,0.5817746643412421,0.8991941539945575,-0.1892746374162633,1.0747824236329733
male_psg_positive,TCGA-50-8459-01Z-00-DX1.24D876E7-5265-4C5D-A215-0BAE5450EEF3,TCGA-50-8459-01,TCGA-50-8459,20,2839,265.0896680738279,120.92928932359352,4688.549154650156,0.456182582302357,38.7709973396446,10.709583744355264,0.3306035938407225,0.057162768760276,0.603878090761846,1.906310154063903,1.4466455206181674,135.9592435106389,11.351006080620405,Male,36.76,0,II,1.9847130527264831,1.394738623315377,1.4454956571358537,1.0659414659605106,1.4570337522995265,0.0250858296649695,-0.1314537908649638,-0.0541471096407963,0.0889243649581803,-0.3083220231296698,-0.2279431507254896,0.6786829975303497,-1.460108528600539,0.213934192782306,0.0968042639588527
male_psg_positive,TCGA-53-A4EZ-01Z-00-DX1.5D155F0B-A677-4589-AF00-A4C451F5B6B6,TCGA-53-A4EZ-01,TCGA-53-A4EZ,14,1877,277.2120078274154,154.60538583416798,3626.212019606141,0.5577153278671141,23.454629345808627,6.7709909635969625,0.5627135720630801,0.0544364307304746,0.6693148852967987,1.752886889995719,1.2431773531803705,168.30417833035006,15.057916469198783,Male,35.18,0,II,1.492240954836043,0.8866656566266643,1.5085973813852298,1.2324915888448784,1.117494350683762,0.6423817851119925,-0.8238393517155901,-0.6787232503074853,0.9017558396347742,-0.3708686947495934,0.6464640355106189,0.0760501565554533,-2.389312279472928,0.988100476265062,0.8160017537098114
male_psg_positive,TCGA-55-1596-01Z-00-DX1.de65522d-92ab-408e-9b7e-24210d386b97,TCGA-55-1596-01,TCGA-55-1596,4,280,178.81829088425218,134.03798719357422,1432.8120711015422,0.7495764920398218,10.68959703962364,1.56583534388684,0.7922714691762917,0.0248734257436433,0.6794992976016822,1.4635577576184549,1.6569586690854026,246.9647549214189,12.91918842336425,Male,67.84,0,II,-0.1157249920770719,-0.7267956313189122,0.9286857953701526,1.135713448620433,0.1066973684599322,1.9515267511806864,-1.698636287584261,-1.9371028565750863,1.551209733793488,-1.1902328108620035,0.7825544930318042,-1.2195896158596031,-0.0412198764842164,2.0245755434787926,0.4177439943579302
male_psg_positive,TCGA-55-5899-01Z-00-DX1.faa65b08-150c-4c74-95aa-1e8743f0152c,TCGA-55-5899-01,TCGA-55-5899,1,71,24.5990638551551,16.01921394625904,178.95787091073043,0.6512123404607518,11.171451452680198,2.886288698548213,0.4605766202758378,0.0601682606604867,0.7039760712622779,1.3727686447955123,1.5830207495869129,175.7249715464481,15.811388300841896,Male,30.55,0,,-1.456838967883726,-1.395571892735935,-0.854216689223173,-0.3044631063583716,-1.2868552280589958,1.2367528535841006,-1.655383035163106,-1.5201444361637877,0.5700336732334197,-0.2410758791076792,1.1096283806940046,-1.679548110994058,-0.6204267317958678,1.1255216205161167,0.9472730639826916
male_psg_positive,TCGA-55-6642-01Z-00-DX1.0487cfc6-8216-4da3-aae1-a35452e9e4f6,TCGA-55-6642-01,TCGA-55-6642,1,398,42.86051173147688,17.453431382777502,666.3499798424027,0.4072147223095251,38.17873776384946,9.285936726408885,0.1453786269315202,0.0745722144904306,0.624058655796321,1.7465957354703792,1.695765919238046,144.6880264569256,13.469871994889909,Male,80.45,0,I,-1.456838967883726,-0.5001963345574408,-0.4674162519336305,-0.2463313018600168,-0.5208831870030008,-0.2774492431805832,-0.1544270851588783,-0.2640043406943169,-0.8099180388928794,0.0600710093562748,0.0417221226708806,0.0502263852804375,0.3150351715068556,0.4569552870027171,0.5242548734723358
male_psg_positive,TCGA-55-6968-01Z-00-DX1.810e0fee-99ab-465b-8ae9-fb416e4dca3c,TCGA-55-6968-01,TCGA-55-6968,3,1002,54.61331092712872,16.083612903790083,864.0749187280163,0.294499868818623,53.72393155050369,18.34717549604312,0.0685050356821663,0.2000268130151307,0.7105126713523797,1.8912725695290715,1.735373084045224,116.61044037419296,13.990138883673014,Male,42.48,1,IV,-0.4423254092465397,0.2380903925901138,-0.2748261878991503,-0.3017431683906451,-0.3255642280034391,-1.0318315425596505,0.3841106575509806,0.8875189106580145,-1.364691556737203,1.9476151321047737,1.1969745004566965,0.6218021843767876,0.728927081573449,-0.4544705780885449,0.6222476424042288
male_psg_positive,TCGA-55-6969-01Z-00-DX1.713df9f6-1a91-4e0e-ad43-42e66dcca191,TCGA-55-6969-01,TCGA-55-6969,1,683,70.27745581848225,25.35299121137788,826.5559155253063,0.3607556778501122,32.601909125198844,9.718621598426989,0.05755334765045,0.2189045941500126,0.7276582836730531,1.6911099329730686,1.726078244400292,173.55007607676237,21.095023109728988,Male,40.7,0,I,-1.456838967883726,-0.096139705464051,-0.0571881536800367,0.0067856145110924,-0.360142076045191,-0.5751730266202246,-0.3834027304159096,-0.1986185736227647,-1.4660020077987546,2.171184572065308,1.4260848462821951,-0.1816430937027269,0.6264855279993893,1.086463466945633,1.7674979269304651
male_psg_positive,TCGA-55-6972-01Z-00-DX1.0b441ad0-c30f-4f63-849a-36c98d6e2d3b,TCGA-55-6972-01,TCGA-55-6972,1,99,19.881656058094777,13.58410540625,278.0787089955078,0.6832481844850775,20.470888636329686,4.979464472713899,0.5878846118998124,0.0178947371582311,0.7271113530751777,3.127525847918532,1.4766061238301915,108.08143992494732,4.25,Male,53.61,1,I,-1.456838967883726,-1.2604284960200751,-0.9845551974036866,-0.4162480175677093,-1.066431046936289,1.4553836333545949,-0.9921711237579396,-1.0240110270850613,0.978759867520233,-1.4497082460146098,1.4187764191418777,4.234436774858886,-1.294925835905985,-0.8251011074744391,-1.9363865064232344
male_psg_positive,TCGA-55-6978-01Z-00-DX1.2ef6d6aa-2a19-4bce-b845-cc83ac81a1c3,TCGA-55-6978-01,TCGA-55-6978,7,459,39.08532818853966,16.10446048457689,1003.7824284073072,0.4120333954186659,62.32946638408791,11.74353705784118,0.1723757809203006,0.0414165075910966,0.6431328088528883,1.6311061446497166,1.700212088995094,126.76924736560728,9.395742033896184,Male,5.78,1,II,0.5721881493906467,-0.4004688835522323,-0.5367055524623144,-0.3008649882748409,-0.2049733512010172,-0.247273346616666,0.6381847082414595,0.089630096185994,-0.652623634240818,-0.6938943058834021,0.2966028304219462,-0.4411152214504341,0.3587226741352785,-0.0780936685556499,-0.3478560377904876
male_psg_positive,TCGA-55-6983-01Z-00-DX1.8f940a64-1f1b-4e6e-99ea-418175be2b3f,TCGA-55-6983-01,TCGA-55-6983,3,87,9.466242839864464,3.025712579801346,119.15986961183286,0.3196318360922872,39.38241537127639,9.19055231011226,0.2133554784326764,0.1962141369319706,0.7364444962184705,1.5335303953885264,1.5253112257383876,198.078466092574,17.41158691574272,Male,92.74,0,II,-0.4423254092465397,-1.314741656236523,-1.372892443057373,-1.434350716805387,-1.4634277173237111,-0.8528828122486507,-0.1079814876463758,-0.2786221201684468,-0.4358083954842943,1.9011980437990632,1.5434916881684857,-0.8841608200494454,-1.0050786273354757,1.4772490925960895,1.2128198589740211
male_psg_positive,TCGA-55-6987-01Z-00-DX1.0c52b721-2209-4818-af8f-b22d37e6e81e,TCGA-55-6987-01,TCGA-55-6987,3,36,2.8207409230271057,0.9030198484117052,50.92634164315803,0.3201356923778099,56.39559499465141,12.762604217251631,0.5996955063656509,0.1070686545714432,0.5921519571465069,1.611673951432495,1.5659194041525697,142.55312761309108,8.087024681281141,Male,70.2,0,I,-0.4423254092465397,-1.6292064150002137,-1.8324115216693404,-2.254089888530008,-1.763537199062795,-0.8493755011649682,0.465724541916577,0.2252650215078728,1.014323395875673,0.6467633622512411,-0.3846350481951989,-0.5271952113797548,-0.739700441658368,0.4002661861049716,-0.6812544562172729
male_psg_positive,TCGA-55-7227-01Z-00-DX1.e1a9e09c-4a50-4ee5-b1e4-2c7ae34dc913,TCGA-55-7227-01,TCGA-55-7227,2,810,66.04170987377606,32.740006185260825,1271.091544067641,0.4957474033884952,38.82380280795035,12.264976202889562,0.3241209744621009,0.0646484716893475,0.6141200039149197,1.5497422722685117,1.689464311349077,113.18952353262874,8.243261053233935,Male,31.27,1,III,-0.8633865796077981,0.0473248486691375,-0.1125501209210677,0.1801362176179034,-0.0023458583524211,0.2654369629319534,-0.1294168971741599,0.1597366899405952,0.0626353284915138,-0.1438784720737589,-0.0910843310736463,-0.8086310689092623,0.2541978381259384,-0.5964189644694019,-0.6396442606816579
male_psg_positive,TCGA-55-7284-01Z-00-DX1.68b95b9b-1aab-4f03-aad3-1132467b7499,TCGA-55-7284-01,TCGA-55-7284,8,376,41.41400986157352,12.451053560584729,714.818129292134,0.3006483458665901,57.410252539188704,9.079053229976555,0.3887954563224826,0.0783273239943296,0.5541932470140297,1.6158401271886038,1.5551685535244426,177.3400524691533,9.06132715517374,Male,7.98,1,II,0.7445793673053165,-0.5386606066817359,-0.4934650112644232,-0.4752935188695307,-0.4697624144339987,-0.9872837218321444,0.4960444120608739,-0.2958059901526524,0.3142349263092164,0.133670516432265,-0.8918629641708574,-0.5086529640030101,-0.8123001975190892,1.153906403820707,-0.4299433953309363
male_psg_positive,TCGA-55-7570-01Z-00-DX1.9020ae67-cf60-4bac-8c60-403c8891c4a3,TCGA-55-7570-01,TCGA-55-7570,5,72,10.270990331736456,4.527651174823837,124.42443242575744,0.440819339575639,27.481011151571007,7.010034833498611,0.4752092483756256,0.1084340105413273,0.7174495157661873,1.3457674593634203,1.5583660744238927,180.5695091851282,10.250219632450044,Male,27.07,0,I,0.1511269790293882,-1.390182865366962,-1.3347409869313305,-1.1611014682106895,-1.4457738469964576,-0.06898471412311,-0.6179745603104243,-0.6363037614901174,0.6196695286320263,0.6693028678594861,1.289668934044748,-1.822225349646832,-0.7908925184313693,1.2091408276407638,-0.1466025046517838
male_psg_positive,TCGA-55-7576-01Z-00-DX1.3a6142e9-c90a-4938-a1d1-061c2ac261f0,TCGA-55-7576-01,TCGA-55-7576,2,331,25.388768317103803,9.280076916126376,471.39243504824105,0.3655189885629313,50.79617758653302,13.037261038654377,0.2592413423352783,0.0667385522964909,0.5615787897364093,1.925615625271896,1.5866547331141827,112.7929574611974,10.451903268346747,Male,22.01,0,I,-0.8633865796077981,-0.62228309040857,-0.8340724745235413,-0.6745648238052296,-0.7561206117571504,-0.5439812722870682,0.2915039795982299,0.2608855271637657,-0.2165303048445893,-0.0996885564138943,-0.7931727444466472,0.7510531820303978,-0.59445182777023,-0.6134311045138535,-0.1007452752066762
male_psg_positive,TCGA-55-7727-01Z-00-DX1.0c7a4953-16dc-41e0-845b-b89167ec17d7,TCGA-55-7727-01,TCGA-55-7727,9,696,62.08518815057662,27.0659589152936,1228.145507120675,0.4359487298266684,45.37602051951361,11.210403330210989,0.5080171313182937,0.0417599398950068,0.5905356905538145,1.557586011198917,1.6503182953669036,118.2561745723259,8.086369526637172,Male,3.91,0,III,0.8987885665601151,-0.0806763121030578,-0.166443896517435,0.0511095562437066,-0.0328445671521008,-0.0989442955507055,0.1101978608326393,0.0163224826408642,0.7282520835101383,-0.6847686409051044,-0.4062326086131181,-0.772370918417396,-0.0981133279446723,-0.3891078692570779,-0.681430066178822
male_psg_positive,TCGA-55-7815-01Z-00-DX1.288408e6-f6b3-4de4-a1ce-cb2498d9d46d,TCGA-55-7815-01,TCGA-55-7815,2,181,68.65397352518724,38.620518298469584,550.2545040655849,0.5625387186700969,14.247724481921049,2.6364096745776284,0.4420270886873301,0.0703126182031452,0.6093205099795976,1.8445440617887243,1.6545614006934133,306.5078013280134,24.421024729303387,Male,25.39,0,I,-0.8633865796077981,-0.9734054673405294,-0.0781373201341029,0.2921227843360178,-0.6543347332143367,0.6720290846362347,-1.4049951996152177,-1.5902056433401246,0.5059635639869606,-0.0256972412518381,-0.155218156961169,0.4421172358676388,-0.0618852479228188,2.4553859146549644,2.215193245964462
male_psg_positive,TCGA-55-7994-01Z-00-DX1.a0858080-c471-4337-bc57-7af57e9d92d8,TCGA-55-7994-01,TCGA-55-7994,7,173,46.71412177765721,27.98718048590773,411.2051649171024,0.599116057861836,14.692625615651238,3.7033769108069534,0.7113594978942874,0.0419359368777382,0.62940740174426,1.5289983930704223,1.6144312559557903,157.9853961508779,13.521883711497306,Male,19.81,0,II,0.5721881493906467,-0.9969664125239848,-0.4007659821467202,0.0738001261810626,-0.8417409792906055,0.8996621736120521,-1.3718725929624502,-1.3100623509825722,1.334615116571809,-0.6801066001410025,0.1131953958876934,-0.9054178678000734,-0.3880236348943145,0.7755567875109597,0.5341636530691143
male_psg_positive,TCGA-55-8085-01Z-00-DX1.ff220eba-3515-4d2e-b317-76337dd3d206,TCGA-55-8085-01,TCGA-55-8085,2,127,19.43115347547093,9.641543693287993,211.30209384049687,0.496189982002822,21.91579487293056,6.535896088738091,0.4960674309117425,0.0962231794798591,0.6614116949901698,1.8864951452938905,1.6754873632513023,160.19671575149923,16.245996371481848,Male,29.7,0,I,-0.8633865796077981,-1.148898515610395,-0.9980425590620674,-0.6486596952824935,-1.207546515045485,0.2681181156803438,-0.9087470524760334,-0.7211787668804978,0.6891204746364096,0.4623612363944391,0.5408566865042952,0.6036365120242131,0.1235531359278602,0.8234101625864327,1.021103134418637
male_psg_positive,TCGA-55-8089-01Z-00-DX1.da4d99ff-4a7c-45a3-b79c-039c0c9e9712,TCGA-55-8089-01,TCGA-55-8089,1,115,12.074055252715144,5.748464674476903,199.5788649732472,0.4761005771597923,34.71863815383164,9.524554724407068,0.5935645512285391,0.0408636849930269,0.5494797399217788,1.52649421792465,1.6865126032730768,122.30010795682072,10.253048327204938,Male,23.06,1,I,-1.456838967883726,-1.1944566672208032,-1.2559776519605186,-0.9992565905311752,-1.23529089153812,0.14631393721872,-0.2936272876924193,-0.2277613423089693,0.995906765916348,-0.708663718523332,-0.9548477803301756,-0.9171905724269088,0.2261246282744573,-0.2359691761443368,-0.1459551979050614
male_psg_positive,TCGA-55-8091-01Z-00-DX1.0996c58a-6e93-4092-8cb8-014d548fe60c,TCGA-55-8091-01,TCGA-55-8091,4,428,33.27402205226791,14.399575313162028,696.8040216098198,0.4327572810567568,48.39059530963399,12.86288742995012,0.1482212054394842,0.0890371648797365,0.6626476864671436,1.774218977620097,1.7361476295892435,138.56206310610233,11.667676339784787,Male,19.71,0,I,-0.1157249920770719,-0.4499654087384096,-0.6526827462597837,-0.3767251054707447,-0.4884844523038472,-0.1186160931866064,0.2127130545363615,0.2383148626128625,-0.7927038011027386,0.3343932837439556,0.557372774085803,0.1629287630933595,0.7376254016952062,0.2896039947146104,0.1638917674403301
male_psg_positive,TCGA-55-8092-01Z-00-DX1.04e44341-c4bb-4b0b-965c-7ec83f3877a6,TCGA-55-8092-01,TCGA-55-8092,2,329,18.05212557748784,5.56129173789493,295.18686553224194,0.3080685271118554,53.07883122203846,18.225000628750568,0.0899314380948222,0.223557923399753,0.6669054387473408,1.837676128025792,1.7604703537474982,136.76710067964353,17.64532654794425,Male,5.06,1,II,-0.8633865796077981,-0.626171141158128,-1.0406709358519732,-1.0216981128301077,-1.0340037657671564,-0.9342071646183264,0.3640003037020425,0.874210710093094,-1.1876523143672584,2.2247956056035783,0.614267510716415,0.4153249644405734,1.024616831214602,0.2377286506060478,1.2502274366026185
male_psg_positive,TCGA-55-8094-01Z-00-DX1.8dc29615-e124-4f17-81a1-c0b20c38d12c,TCGA-55-8094-01,TCGA-55-8094,6,76,9.57628010070422,3.0440404891184336,129.38597845895873,0.3178729587175067,42.50468379822025,7.936275798199669,0.558231290944804,0.0857640233479666,0.5976738809480567,1.8157082903023625,1.4945864549052852,168.24828544934343,14.220651906459604,Male,17.77,0,IV,0.3767471058133685,-1.369112369330525,-1.3675512942737311,-1.43025654484181,-1.4295862996659592,-0.8651493167681875,0.0082404406012193,-0.4784052539519544,0.8878641210802566,0.2743956300336333,-0.3108476646866089,0.3289496062318925,-1.1911911718540944,0.9870194342807884,0.6648889094400315
male_psg_positive,TCGA-55-8206-01Z-00-DX1.1216f330-c4e9-41b5-a2b7-9cafd960fa11,TCGA-55-8206-01,TCGA-55-8206,2,1074,31.506738523858743,10.272600010668006,963.001960597654,0.326044538151386,93.74471502809268,34.08794595437749,0.0442381814506398,0.1748933226533599,0.5824022294359416,1.789837600915639,1.7236583787189557,93.18808490980466,11.808217380375412,Male,29.17,0,I,-0.8633865796077981,0.3033044963015787,-0.690612260997893,-0.6056788678707619,-0.2389506248091175,-0.8084588489618639,1.4045037971220486,2.3362687546252703,-1.6032398314855338,1.63287622542966,-0.5149169795543208,0.2258784578158021,0.6003855863109784,-1.6349661315572508,0.1932771080718376
male_psg_positive,TCGA-55-8301-01Z-00-DX1.2A66E0FC-84F2-4DF8-B06E-D7CDD7AA82C7,TCGA-55-8301-01,TCGA-55-8301,1,80,5.81477195513023,1.717692962118249,144.4923790475858,0.2954016039447206,84.12002740547918,13.758063191010953,0.2095089956304847,0.0758329331627385,0.4911375961417507,1.881132841837324,,132.7373606339812,12.580584764070764,Male,17.54,0,I,-1.456838967883726,-1.348768808881963,-1.580371664461686,-1.818177718899016,-1.382714991803222,-1.0252647518470308,1.1908353759268848,0.3526211718665721,-0.4552179616879878,0.0849832783774953,-1.7344518264059283,0.5831920186046662,,0.1161565773814743,0.3507420011315887
male_psg_positive,TCGA-55-8505-01Z-00-DX1.D364C30D-BFB8-486B-A0D3-948FF8E90C3E,TCGA-55-8505-01,TCGA-55-8505,4,74,5.438140372827726,1.6854246676588305,125.20745086027084,0.3099266572963512,74.28836972832048,13.607592839962212,0.6719175400250635,0.0561003179733215,0.5760485988127136,1.900012285973872,1.5650252793539845,121.85300720946144,11.395055036611238,Male,14.45,0,III,-0.1157249920770719,-1.3795526923612524,-1.606337688573262,-1.8310345791270963,-1.4431909188840777,-0.9210280769332236,0.9550069961577112,0.3336732362461534,1.2245635642395558,-0.3325151519920682,-0.5998181473930474,0.6549156307323235,-0.7458065844880021,-0.2524005513935452,0.1062102549548465
male_psg_positive,TCGA-55-8507-01Z-00-DX1.3C6198CF-3E13-4C4C-B851-5BDFF8552621,TCGA-55-8507-01,TCGA-55-8507,5,1409,105.56055293396264,48.47192839885164,1780.606744254937,0.4591860032144305,36.73480307206267,13.347789120444007,0.2615685821201666,0.0679922136408087,0.6053240637185363,1.9892908016376245,1.6663401178061137,113.90070376600576,13.22458093937949,Male,13.73,0,I,0.1511269790293882,0.573450636167684,0.3348766021176947,0.4461520911580039,0.3160270413079632,0.0434107561980315,-0.2114498657336403,0.3007092351855325,-0.2059487196372512,-0.0735143102975528,-0.2086211598880906,0.98471069998778,0.0410644020561547,-0.5662070220637806,0.4771773157162279
male_psg_positive,TCGA-55-8512-01Z-00-DX1.FD4B9CF5-1955-420E-A955-6D284772D2BE,TCGA-55-8512-01,TCGA-55-8512,1,79,41.98110644489369,33.93672258451583,256.2380300190417,0.8083808517305925,7.550464821136098,1.8817989016963856,0.9714266016638028,0.0151572762230686,0.7657158211034328,1.0650290094828556,1.3791896998788165,110.78429562104009,9.545941546018392,Male,19.94,1,IV,-1.456838967883726,-1.353789947906905,-0.4831814813666978,0.2044743054256639,-1.1098228461484043,2.4712240758514987,-2.0183150432983408,-1.8248891103668543,1.994438161138206,-1.5651983984523568,1.9346333541373373,-3.502610311595026,-1.8014467725465173,-0.7014707437552912,-0.3116205621787243
male_psg_positive,TCGA-55-8615-01Z-00-DX1.928CFCA6-059D-4901-8D6A-BC7D9486C29F,TCGA-55-8615-01,TCGA-55-8615,7,484,65.0460995842278,27.673929358209616,902.6916954912228,0.4254510191249024,32.618848006975725,7.440876595118071,0.2113743608959946,0.0793351669015578,0.5701505023805029,1.727226461486557,1.754880613784631,158.9411384112942,16.785638770198805,Male,14.65,0,III,0.5721881493906467,-0.3621523772749741,-0.1259046226683734,0.0661693586581173,-0.2910046918307521,-0.1637836969280909,-0.3826691089595526,-0.561636417877046,-0.4457831721174171,0.1531220347314704,-0.6786321837787058,-0.0298681608751491,0.956162710091378,0.7964026148866415,1.110965998323357
male_psg_positive,TCGA-55-8620-01Z-00-DX1.6591EEC4-D696-4826-80BD-99BE1D99EBB8,TCGA-55-8620-01,TCGA-55-8620,4,244,28.752882841453697,13.306481265126902,418.5469877066084,0.4627877259647384,31.45437019503569,8.486105596626281,0.2241668289585439,0.0960949368011363,0.6637512992555687,1.6616952343903082,1.6552986834796728,165.05399849354458,15.041448898650811,Male,12.32,1,IV,-0.1157249920770719,-0.8084900603651634,-0.7526515616904402,-0.4302469603291453,-0.8308671082257856,0.0653624074956104,-0.4337060457444621,-0.3890164058041584,-0.3821718071699037,0.4601202194378543,0.5721199352186057,-0.3076690250468637,-0.0555448984117329,0.9240211326992308,0.8130843439186932
male_psg_positive,TCGA-55-A48Y-01Z-00-DX1.D8735347-E060-439F-B5A1-1E47A958A392,TCGA-55-A48Y-01,TCGA-55-A48Y,1,203,13.695713536288704,6.592042455699723,285.7500712298132,0.4813215783342128,43.34772919776073,14.822155812628758,0.2404877837300544,0.0984941666712709,0.6248344847606316,1.582260987157796,1.7832327610544547,110.1141453220248,9.192388155425116,Male,20.7,0,II,-1.456838967883726,-0.9120014661735196,-1.1915933695085137,-0.9064256345271722,-1.0517306589980815,0.177998570098895,0.0386400652017609,0.4837608774667635,-0.3035947815841263,0.5018017338888421,0.0520892322841266,-0.6594823720812394,1.3209275838005012,-0.7315579950096593,-0.3975355955069026
male_psg_positive,TCGA-55-A490-01Z-00-DX1.07D77502-7216-4C23-9BB8-8DE99AECC920,TCGA-55-A490-01,TCGA-55-A490,8,698,74.36034015638327,43.21534373760616,956.610347909627,0.5811611895093846,22.135895845650325,9.386724139939025,0.5646090908426425,0.0433532763151902,0.6992932407675237,1.4429757993080046,1.4658806074976722,132.02779811549752,12.47625115247302,Male,3.25,1,II,0.7445793673053165,-0.0783144631132884,-0.0058919532821672,0.368331598257765,-0.2443624268375323,0.7872304678086652,-0.8963640273204954,-0.2486398901482637,0.9076138787674588,-0.6429133229599518,1.0470534843281465,-1.321310774831568,-1.355121243730352,0.0939815727945929,0.3298547676476329
male_psg_positive,TCGA-62-A46P-01Z-00-DX1.9136CC96-51B9-4FEB-8BCF-2C3676C708B1,TCGA-62-A46P-01,TCGA-62-A46P,1,1123,113.4324425835285,78.6868191737485,1892.8592235898536,0.6936888369992185,24.05560732363864,9.900165899831116,0.5323566006227132,0.023392532525534,0.6906283744517432,1.6221916497221702,1.6561592800087657,100.02070098234664,9.003471552684553,Male,19.51,1,I,-1.456838967883726,0.3460358387583134,0.4098898603504358,0.7746090121539145,0.3776997889664621,1.529108682691928,-0.7916885995181498,-0.1716185934557682,0.8065579458363075,-1.2418955033172243,0.9312681463063291,-0.4804762735184881,-0.0481269220919708,-1.2334820342400303,-0.4443489593326132
male_psg_positive,TCGA-62-A46S-01Z-00-DX1.7A8A6F38-76EA-4F43-BC03-1C42E6787E33,TCGA-62-A46S-01,TCGA-62-A46S,5,2648,242.7233748537027,120.49488797450232,5258.975561884075,0.4964288587661923,43.6448022840348,10.90953848839666,0.1547990397732185,0.0383439862110207,0.4856310452867909,1.8681960941525488,1.8151982155156383,124.33304344600144,9.43734555104655,Male,54.3,1,I,0.1511269790293882,1.3042408195528483,1.323823989357269,1.0635017811070735,1.618417818212994,0.2695652220236739,0.0492583435672188,-0.0258182178899829,-0.7534916347287861,-0.777282435962013,-1.808033787031758,0.5336280611663067,1.7943584602726457,-0.1627471398087346,-0.3377807948330721
male_psg_positive,TCGA-62-A470-01Z-00-DX1.3983A979-E756-413C-941A-C8B83AD3BBA7,TCGA-62-A470-01,TCGA-62-A470,5,232,157.93268527551757,130.84132725786603,937.030927660022,0.8284626265273078,7.161582256142154,1.4689802784982102,0.5013647210097376,0.0159361416078819,0.7813071653386848,1.6717496451897735,1.521516947588201,158.53969872726023,9.97073963928312,Male,39.22,1,I,0.1511269790293882,-0.8375007610893203,0.7792253714835639,1.1193493406634063,-0.2610919230184892,2.6760433025017223,-2.0637723586775625,-1.9737317462949728,0.7065249825602714,-1.53134635589513,2.142974602196228,-0.264342151468779,-1.0287038737852614,0.787677371216772,-0.2111537102079143
male_psg_positive,TCGA-64-1676-01Z-00-DX1.3B8F1FAC-0FB2-45DE-AFA1-6ED451A4A61B,TCGA-64-1676-01,TCGA-64-1676,1,1054,48.26910100047883,19.74083482593328,1684.3691185716004,0.4089745699995002,85.3241077909667,21.83591527817235,0.0441090734511729,0.0685364580536219,0.6270218421431635,1.8432716618565888,1.7908057834963085,103.73893013232784,5.502839443193155,Male,56.77,0,I,-1.456838967883726,0.2854894687332114,-0.3749102548827475,-0.1628406125651472,0.2610544266103857,-0.2664159457494922,1.218429695423188,1.2504043439797612,-1.6046651268749492,-0.062226608039637,0.0813180633683084,0.4371610551871531,1.4264539032701895,-1.0372200873365502,-1.4644502062068925
male_psg_positive,TCGA-64-1680-01Z-00-DX1.9CB14F20-E7B0-49A1-A327-404B3160FD65,TCGA-64-1680-01,TCGA-64-1680,2,2414,86.89565036394961,37.34663822337944,3499.861867222323,0.4297871995543913,93.7129025185289,27.780446891062063,0.1205301846417446,0.0692701190215539,0.5515581171668855,1.6832837278784754,1.7682520943029327,90.3719213782989,4.871229566185014,Male,36.99,0,IV,-0.8633865796077981,1.1872270639687998,0.140725909676196,0.2693840524016189,1.0728698106351129,-0.1369542937095923,1.403822232493467,1.807334740931992,-0.9682091617720414,-0.0470810731370926,-0.9270752096878256,-0.2149587938551121,1.1226234832638446,-1.8181113471126475,-1.692232950616252
male_psg_positive,TCGA-64-5774-01Z-00-DX1.5E3B95EB-BF45-4687-BCF7-AA2A41AA806C,TCGA-64-5774-01,TCGA-64-5774,11,725,44.92014829126835,10.72272335156025,1172.7460194231433,0.2387063213156076,109.37016474014492,16.13975081513537,0.077873113436068,0.0803007036876055,0.6290170324198482,1.9418754203581368,1.6704225268288309,129.931439138475,7.698068152163855,Male,87.91,0,I,1.1656405376665748,-0.0468621007844755,-0.431318718425672,-0.5766052970775284,-0.073256205959751,-1.465189644485127,1.7221860499731672,0.639780321329631,-1.2843050421907647,0.1716414898167226,0.1079790379505772,0.8114454024817981,0.0775960368308175,0.0270520646548784,-0.7872264863156659
male_psg_positive,TCGA-64-5778-01Z-00-DX1.96C39819-8A65-4651-BE83-39959F6FAD05,TCGA-64-5778-01,TCGA-64-5778,3,2851,57.79911549714913,13.920715803743484,3110.9037399918543,0.2408465196051331,223.4729725001129,49.32601434256589,0.0068504743175082,0.0910114006833947,0.4927505991757432,2.368232268345246,1.7789617650140024,76.63884022965979,4.7524316394126265,Male,42.87,0,I,-0.4423254092465397,1.4002870592272083,-0.2274766138704049,-0.3996535531611544,0.9283635314355224,-1.447408842515428,3.4278965035693907,3.439985334431773,-2.1951851355019807,0.3700493439164814,-1.7128978756910846,2.2370543309153024,1.2630276795931978,-2.9040796682296337,-1.737245506397577
male_psg_positive,TCGA-64-5779-01Z-00-DX1.B3268447-DCE0-4927-B5A9-EC4D61E9B17D,TCGA-64-5779-01,TCGA-64-5779,5,967,173.25072376324331,79.15253923242564,2571.1164923215706,0.4568670047265832,32.48305761577244,5.581506264420915,0.0360680910155678,0.0909387701069775,0.6311357256273227,1.7771641727266938,1.8275274952122045,214.00285798053267,18.104330042034025,Male,28.38,0,III,0.1511269790293882,0.205256165586714,0.8900334738165957,0.7786096915813123,0.7062941013632247,0.0292633933156389,-0.3885573389071796,-0.901925661232032,-1.697964774561775,0.3687444779574911,0.1362903355807777,0.1748414390259728,1.999250230675635,1.68299804340688,1.3227356892757465
male_psg_positive,TCGA-67-4679-01Z-00-DX1.a3d84341-fed7-4235-a053-638ed5294954,TCGA-67-4679-01,TCGA-67-4679,10,1199,55.45898799925166,9.080488109738733,1248.8450406723057,0.1637333899756927,137.53060689908637,21.61957949929016,0.0651640097229362,0.1460156776343689,0.6090190428896529,1.9024167948063169,1.649278626828059,111.12267765666022,14.058752754235256,Male,14.72,0,,1.0382877557648142,0.4099193518145994,-0.2620814035892447,-0.6893045732921842,-0.0180572455112043,-2.1783589660315723,2.225517424917744,1.22878614029871,-1.3946794870002814,1.2418243277438106,-0.1592465478952717,0.663999230686643,-0.1069230713902205,-0.6864165323593606,0.6349887750089115
male_psg_positive,TCGA-69-7760-01Z-00-DX1.7fc295e3-5bfc-4017-801c-491489d0eb34,TCGA-69-7760-01,TCGA-69-7760,1,1523,143.9750478591002,85.91619849144793,2936.739997584624,0.596743670302711,34.181447144416495,10.578221870017847,0.3416387967206972,0.0545900497474374,0.5629004510887987,1.58858622131264,1.8331450890834355,124.03793837471665,7.850159234053791,Male,6.64,0,II,-1.456838967883726,0.6554822037836646,0.6718322810127657,0.83419793798882,0.8597347035352763,0.8847178095653255,-0.3160574091189548,-0.0729021590525169,0.1330895594279863,-0.3673033483686257,-0.7755118826560754,-0.630827758541285,2.097512582700632,-0.1732272820972498,-0.7453731296224584
male_psg_positive,TCGA-69-7761-01Z-00-DX1.aa7ef5ef-8162-4961-a923-3a29646efba3,TCGA-69-7761-01,TCGA-69-7761,5,2530,247.89232296520447,121.30299516414472,3650.793355127178,0.4893374418100534,30.096481543485385,10.206044179734944,0.0594686527885518,0.1540298331342085,0.6432349131502629,1.996805382467724,1.7565130105346929,158.57973332247042,15.241836422117853,Male,6.11,0,I,0.1511269790293882,1.2461359006002553,1.352586404555503,1.068033270306386,1.1260550814449752,0.2265986034557452,-0.4948366146365975,-0.1266811508162301,-1.4476295651200592,1.3539552962521206,0.2979672116084714,1.011790795289817,0.975990955876277,0.7885495014461049,0.8484415803439254
male_psg_positive,TCGA-69-7763-01Z-00-DX1.33203e8a-43e9-4e3e-98ba-1ac08b80a44f,TCGA-69-7763-01,TCGA-69-7763,1,191,45.21446365407521,31.76444513208876,569.5586990444149,0.7025284071732166,17.930698826186678,4.224311969313497,0.9122453767916529,0.0137120113070935,0.6785935345893209,1.3480942815117405,1.6398638190937955,129.98846102635417,10.056092680559384,Male,22.67,0,I,-1.456838967883726,-0.9449110363805064,-0.4262512085325261,0.1596283389041544,-0.6309220357855956,1.59263061953991,-1.1489053124424244,-1.1881192232255546,1.8529294878632745,-1.6304045016394828,0.7704511237780968,-1.809817952539066,-0.1855317242792402,0.02890113805496,-0.1913132507362408
male_psg_positive,TCGA-69-7764-01Z-00-DX1.be9fec48-68eb-4c27-a028-5315d7e368e0,TCGA-69-7764-01,TCGA-69-7764,7,2054,203.5044520360721,101.36925980569484,3969.392910526724,0.4981181433206515,39.15775766869836,10.093145282324922,0.4956314680718497,0.0477440880976065,0.5197647743795225,1.4997350784497532,1.6970629855206734,124.95298041705892,9.616878412185107,Male,13.6,0,I,0.5721881493906467,0.99142631923166,1.0910204371204355,0.9463279342288812,1.233688806230003,0.2797985998669394,-0.1165776625229983,-0.1431880039848552,0.6876839677563199,-0.5313964001087085,-1.3519176489501696,-1.0442112189173989,0.3277136701375066,-0.1408923837590023,-0.2946391842994046
male_psg_positive,TCGA-69-7765-01Z-00-DX1.ac389366-febb-488c-9190-fe00bc07cd20,TCGA-69-7765-01,TCGA-69-7765,6,1432,98.73022940057828,37.08151083000519,1797.4110901524125,0.3755841656110645,48.47189475079326,14.504169682316292,0.3136075630843077,0.0686110927735053,0.5814353678455423,1.8571922247413093,1.650259976331426,122.31602577465948,14.6795221354779,Male,5.42,0,,0.3767471058133685,0.5903478888785064,0.2667044116588543,0.2645541086140526,0.325421417825902,-0.4786267384681797,0.2154180198716347,0.4450798508377477,0.0194348427111275,-0.0606821734102141,-0.5278367860446771,0.491198569377646,-0.0986081935837455,-0.2353863957428694,0.7484202194937445
male_psg_positive,TCGA-69-8254-01Z-00-DX1.83a81d08-8c70-4f07-b4da-cbd17c4fe4d4,TCGA-69-8254-01,TCGA-69-8254,15,1737,138.03576710353468,43.806911035127385,2599.9490506379952,0.3173591305670053,59.350202723793466,12.583695055623888,0.1438648738040552,0.066549036935544,0.5588945769764393,1.7276917125223912,1.6412184859088197,130.66752613138274,10.805850210567296,Male,13.44,0,,1.5867017080278334,0.7990354478724356,0.6240242450849325,0.3775488908066701,0.7189038151085207,-0.868739607392475,0.5530337268312465,0.2018556225569039,-0.8191538039829478,-0.1036666253615883,-0.8290408664013487,-0.0279337787387131,-0.1743484257312743,0.0507974289050343,-0.0216734692653144
male_psg_positive,TCGA-69-8255-01Z-00-DX1.75d1666c-c088-405c-80da-52d84b990361,TCGA-69-8255-01,TCGA-69-8255,8,527,50.35945078804978,22.38493338859358,800.3062994085335,0.4445031277804461,35.75200718784966,10.46476861350236,0.1884250875484174,0.1135061355154335,0.6406571314549464,1.603586053191182,1.7437822220664028,153.4738190897767,15.38586179219517,Male,4.24,0,I,0.7445793673053165,-0.299224402047902,-0.3410132074611933,-0.0776240594545799,-0.3849610005647466,-0.0463721980913533,-0.251121792598142,-0.0891942592268958,-0.5649279691208835,0.7518159873917624,0.2635212877983023,-0.5633289737283922,0.8247561049826759,0.6736486777799338,0.8736630647962234
male_psg_positive,TCGA-69-8453-01Z-00-DX1.C472096B-95BA-42CD-ADEB-326C38F9DC95,TCGA-69-8453-01,TCGA-69-8453,7,2590,121.9019409987544,27.45644784378432,2578.1821806866,0.2252338856857486,93.90079136803767,21.246585401182944,0.0924667041382232,0.1343357893166444,0.6173725550309572,1.858402994992408,1.6771572478160457,117.4061016949965,13.252451569434454,Male,26.71,0,II,0.5721881493906467,1.27590137460026,0.4868171091716277,0.0608205570051446,0.7093929151886998,-1.5797344063182783,1.407845410403861,1.1912576570671582,-1.1681730762837577,1.0727396727038092,-0.0476217181862695,0.4958794336590718,0.1388626262312515,-0.4226409361707339,0.4825555548520905
male_psg_positive,TCGA-73-4659-01Z-00-DX1.578400cd-d284-451b-8fdf-9f82c1458276,TCGA-73-4659-01,TCGA-73-4659,8,1513,172.15400618377987,83.81224343945004,2722.1704812518974,0.4868445718886019,32.47938928181207,8.78864241117238,0.1998798208401883,0.1040038114959148,0.6673063388553581,1.719177449386264,1.793927651744568,163.96994985895356,13.674043635315693,Male,23.36,1,III,0.7445793673053165,0.6484536898698108,0.882322332897442,0.8173895162958132,0.7713450544425232,0.211489112444813,-0.388716634999853,-0.3410650072133782,-0.5046034400337066,0.5956391612907515,0.6196245875400042,-0.0634164118313462,1.471072085531067,0.9020834847245554,0.5630066017238998
male_psg_positive,TCGA-73-4677-01Z-00-DX1.b557785c-9ccc-42a7-bb54-7bb47638ddfc,TCGA-73-4677-01,TCGA-73-4677,11,993,94.16018075215804,29.217824459415805,1745.65137005942,0.3102991543348983,59.746110545778926,10.545859110165754,0.1770828523331014,0.0923994143230049,0.5437862158446981,1.7540146874002729,1.6038170195557273,152.01242214837316,16.603387200130324,Male,1.25,1,,1.1656405376665748,0.2297212809588153,0.2193165151052214,0.102973608285,0.2962943932654788,-0.918391333442398,0.5645110497005524,-0.0775405678637855,-0.6264953499615783,0.394886794063205,-1.0309281935501178,0.0806697123408856,-0.4686102071321251,0.6393413869054205,1.080835201754667
male_psg_positive,TCGA-73-A9RS-01Z-00-DX1.EDCEFE41-61E2-48C9-B8D5-28B55372E0CA,TCGA-73-A9RS-01,TCGA-73-A9RS,8,3872,237.4471625398064,125.5512298612962,7451.4596013037535,0.5287543911595424,59.34995307919976,16.306785722701093,0.0944926182377588,0.0436963786064174,0.6451572996857179,1.913377501866898,1.8102975698401704,106.88149842380498,6.458121365054132,Male,11.17,1,II,0.7445793673053165,1.82450224582004,1.2940404129856855,1.0913696602409957,2.1478261621289296,0.4655741678122787,0.5530264735840432,0.659097191636444,-1.1527985415667523,-0.6340015611466999,0.3236553372764773,0.7052609669058015,1.7166912921083834,-0.881991381863114,-1.1509715864178829
male_psg_positive,TCGA-75-5125-01Z-00-DX1.2E419CAF-E248-4959-951E-498D8054433E,TCGA-75-5125-01,TCGA-75-5125,1,336,27.68436098139756,17.950324514635582,569.7101688655308,0.6483922286195178,31.738154282449013,12.136816169453017,0.2599972264848755,0.0708174388805351,0.6298599111099236,1.570771757506441,,113.6455564463477,5.877716108305334,Male,66.59,1,II,-1.456838967883726,-0.6126310058997215,-0.7777903066062153,-0.2273001519271924,-0.6307404361926975,1.2179849210586209,-0.421153734543791,0.1426461610553189,-0.213088232262261,-0.0153992929547279,0.1192421077412821,-0.7118251827268987,,-0.5770025467177478,-1.3374104923126264
male_psg_positive,TCGA-75-5146-01Z-00-DX1.4958A631-7E6F-4FBB-A1C3-B8F8368D46C5,TCGA-75-5146-01,TCGA-75-5146,1,363,12.109402392556662,4.822526321973357,559.906144519105,0.3982464341045963,116.10224748135616,29.976706383390702,0.2701875598132942,0.0665134000734369,0.5316587089281071,1.6864452989828702,,79.00009889234316,3.716517186829627,Male,77.79,0,I,-1.456838967883726,-0.5620994278512127,-1.2545146303833783,-1.1183269415240806,-0.6425616674148177,-0.3339145322595089,1.849732996689684,1.9977367636084824,-0.1671638884784054,-0.1044153021344767,-1.1929834909460046,-0.2014815592091042,,-2.690480963206236,-2.1658474838950728
male_psg_positive,TCGA-75-6206-01Z-00-DX1.63230D94-7015-4247-936D-E7ACD6692AB3,TCGA-75-6206-01,TCGA-75-6206,1,49,9.76511475218662,5.225591151444218,180.3960792543752,0.5351284940378295,34.52165966036557,5.01786218016822,0.7242245896916156,0.0181005456255187,0.6577314263726184,1.911446659083493,,158.44636316432133,3.259601202601325,Male,85.09,0,I,-1.456838967883726,-1.5296750149179754,-1.3584799278937487,-1.0639084926374802,-1.2831340448443236,0.5043448939419951,-0.3018249750418953,-1.016011277142837,1.3698482342083511,-1.441395110616978,0.4916786460862655,0.698009461689099,,0.7856423991253749,-2.3805541340027854
male_psg_positive,TCGA-75-7025-01Z-00-DX1.284477D7-4F47-4084-A15C-0A7E9571E3DF,TCGA-75-7025-01,TCGA-75-7025,2,202,5.457463284054654,1.0874016156894415,225.734737097796,0.1992503767943904,207.590952451063,37.013533483622986,0.1426895074756652,0.1333306040147756,0.5719514271091318,1.8415484664064623,1.6208249408536024,83.89849508402358,7.834676766918468,Male,108.57,0,I,-0.8633865796077981,-0.914693585398052,-1.6049768273955207,-2.1281269810461985,-1.1747650890136578,-1.8153221694860056,3.2325382819936896,2.5648696898512715,-0.8263585516373266,1.0578504300619491,-0.6545671063895269,0.4304435042910361,-0.3384030970141071,-2.2857152538878607,-0.7496088410278804
male_psg_positive,TCGA-75-7027-01Z-00-DX1.AC91B34F-DF67-4F95-B145-079A71A54E83,TCGA-75-7027-01,TCGA-75-7027,1,435,19.002049229180823,8.756444035863272,386.1633705380354,0.4608157746700438,44.10047833988865,22.89226781561984,0.2137802201006602,0.1665412309869707,0.6359664127027028,1.7067464080725887,,106.91126943054226,9.17196816392207,Male,100.49,0,I,-1.456838967883726,-0.438584945274462,-1.0110845431164883,-0.7139396866189515,-0.8798339620714292,0.0533469091515421,0.0654523275678602,1.3544588265924316,-0.4336758901339285,1.5233301951647529,0.2008409836250377,-0.1155388109047839,,-0.8805644635521809,-0.4025645528822428
male_psg_positive,TCGA-78-7149-01Z-00-DX1.1b83dbcb-0c9f-4e50-bb98-bf9a157052cf,TCGA-78-7149-01,TCGA-78-7149,1,1706,390.1078749903816,292.3474827367048,4591.649896957876,0.7494016436964082,15.706137962861224,4.373149350143375,0.4093211168538687,0.0172236567463926,0.6308639690049633,1.7595229275475877,1.7275224793286723,131.86789080363727,7.271499466415041,Male,129.43,0,III,-1.456838967883726,0.7789996174799596,2.023066073975704,1.6643864723736932,1.4283371419352129,1.950116448179328,-1.298838488255615,-1.1546800576316034,0.3896308790965795,-1.4771523907605877,0.1326589544107949,0.1031893450190521,0.6421727060562339,0.0889512541939963,-0.9076341783139618
male_psg_positive,TCGA-78-7150-01Z-00-DX1.46e6e65c-521c-49de-b106-419dc840b235,TCGA-78-7150-01,TCGA-78-7150,21,2350,259.2978131395503,110.17529546921035,3667.167284897292,0.4248986681963091,33.28484184480468,9.062937984499175,0.1930192323236967,0.105667929290489,0.6098758605021164,1.912865285892675,1.7038707500993784,156.2221527793181,13.65238499093381,Male,21.88,1,II,2.052801314402001,1.1539143152429618,1.414666061981979,1.0028024461385376,1.1317361869709024,-0.1672062854611165,-0.3540240462747616,-0.2982983270611967,-0.5405192427612745,0.6234901212974631,-0.1477972175459444,0.7033379934708027,0.3951609512243953,0.7364290885669774,0.5589141630925627
male_psg_positive,TCGA-78-7152-01Z-00-DX1.a04f9d84-3304-402c-9c0c-f64545c14781,TCGA-78-7152-01,TCGA-78-7152,7,1639,111.31795610702832,44.008110136609815,2366.1392186592566,0.3953370298525563,53.76598111835059,14.723590490865272,0.1816524051091468,0.0835037120397079,0.5806547022867328,1.8339209925277449,1.686427891294721,113.6479719955127,10.837070547750647,Male,39.91,1,I,0.5721881493906467,0.7348520471439689,0.3900903889989781,0.3806554586502466,0.6138114529506088,-0.3523230388439062,0.385415909195013,0.4718157848110543,-0.6014605792740927,0.2322925873411068,-0.5382685252446382,0.4006335560663659,0.2253228539263077,-0.576900115262763,-0.0147821884276193
male_psg_positive,TCGA-78-7154-01Z-00-DX1.596c20c2-e811-4b5e-961c-98343afcccde,TCGA-78-7154-01,TCGA-78-7154,5,966,335.3443208431504,272.0539761466194,2308.4727115396363,0.8112675815191944,8.485348180669558,2.880621319517811,0.8337479261185039,0.015013782616744,0.8304703280615751,1.598324853367383,1.5366518398523743,128.8467742537376,6.619277132848822,Male,19.48,1,III,0.1511269790293882,0.2043064885576415,1.7880376892466243,1.615613515571463,0.5868353990260796,2.4996104472685494,-1.9150828861936664,-1.5216990516181452,1.6579485207167597,-1.571529235547074,2.7999233890141437,-0.5869320512024605,-0.9333233444874433,-0.0084324926503583,-1.10119979552436
male_psg_positive,TCGA-78-7156-01Z-00-DX1.9f7c8eb9-73de-49be-a487-e1fd4411b7b5,TCGA-78-7156-01,TCGA-78-7156,1,966,217.91391587733096,169.66579078788826,2334.557235336725,0.7785908949632995,13.759740396078591,4.432943146888264,0.8567078164855628,0.010499431586236,0.6204457585643328,1.2616532738518762,1.5783917393567628,106.24294094197504,3.48209706929603,Male,32.06,1,IV,-1.456838967883726,0.2043064885576415,1.1797717522987936,1.2955094578152846,0.5990925829902446,2.1955262566477103,-1.4421280866676625,-1.141406746663398,1.7158948680176938,-1.7889771839351074,-0.0065556593512139,-2.285780636466378,-0.653187965472566,-0.9127898410726276,-2.273656158282396
male_psg_positive,TCGA-78-7160-01Z-00-DX1.f40f6c04-74b1-4cef-aabc-cbafadbdf39f,TCGA-78-7160-01,TCGA-78-7160,6,3515,187.6832789698813,60.99700775585598,4551.375036183964,0.3249996914517065,74.61636568142987,18.728359922591043,0.028221998484873,0.1036622956948703,0.5774262598782527,1.8935578998248488,1.7597999528683974,110.41766003274812,10.727219382828384,Male,22.9,1,IV,0.3767471058133685,1.685738937167756,0.9886073684328162,0.601970378554276,1.416290983186072,-0.8156657328005044,0.9631999600814136,0.9287580344055428,-1.799693280994654,0.5898960031651962,-0.581408982572763,0.6304757024158113,1.016323016223337,-0.7178860688628484,-0.0390887065370628
male_psg_positive,TCGA-78-7163-01Z-00-DX1.42880bdf-271d-41dd-aada-e7ec1156ff31,TCGA-78-7163-01,TCGA-78-7163,43,1310,121.38792080958122,37.258697495790095,2396.820246122272,0.306939086255848,64.32914748007741,10.791848078977896,0.2470021449087694,0.0494536160675491,0.4494101486048651,1.6762176429797615,1.650421625318733,143.76396783002255,11.524449611864886,Male,238.11,0,I,3.067314873039187,0.4985418290783155,0.4822517697401504,0.2677858078866368,0.6279855332740305,-0.9422394449010976,0.693826632694041,-0.0424604350851825,-0.2729788945337535,-0.4893733434955031,-2.29203995780582,-0.2451720377535752,-0.0972363198922044,0.4326249293831141,0.1337010892407637
male_psg_positive,TCGA-78-7166-01Z-00-DX1.d19ad2d9-b006-4a13-ba54-2fec234c2373,TCGA-78-7166-01,TCGA-78-7166,20,1433,264.2832244444552,119.05642915438608,4500.917564562402,0.4504880300467515,37.80490979387472,5.422213244946904,0.2962276751442155,0.0318339135241877,0.445524743035648,2.106010407026758,1.7231111018328895,180.88121904932908,10.281728917972034,Male,8.48,1,II,1.9847130527264831,0.5910784346086848,1.4412301080163472,1.0553598589398956,1.4010985090948074,-0.0097131728234239,-0.1690501415123931,-0.9335594072302014,-0.0536004816445789,-0.9658109152667588,-2.3439591658799643,1.3942242557673157,0.594514517051406,1.2143677284932763,-0.1393987639493447
male_psg_positive,TCGA-78-7167-01Z-00-DX1.f79e1a9b-a3eb-4c91-a1fd-7bb58b1620b1,TCGA-78-7167-01,TCGA-78-7167,7,1276,259.13884511247346,173.22577740640216,3512.466411874926,0.6684670425663791,20.2768113641331,4.924001260583609,0.7049705469072834,0.0141408231695992,0.5988777166354842,1.964198428400908,1.6453241902918632,133.10643812880804,6.373417385708882,Male,88.07,1,IV,0.5721881493906467,0.4719465661688178,1.4138134439082015,1.309587103189814,1.077369254501484,1.3531917700721934,-1.003672565316482,-1.0356208441307526,1.316999551883837,-1.6107135096190948,-0.2947612627835974,0.8935390744520756,-0.140194505798506,0.1275973916243524,-1.1774643703256422
male_psg_positive,TCGA-78-7535-01Z-00-DX1.c4ca06f3-22d1-4e39-85c8-98d1fa2b0e60,TCGA-78-7535-01,TCGA-78-7535,3,2886,359.14894737243554,215.3412369769964,6243.976189196261,0.5995875487105038,28.99572918243833,8.035663256468446,0.2964312663326147,0.0281334819398345,0.6234294175433973,1.8675991806065224,1.7852796172310503,130.95757131128977,11.0062960758937,Male,31.18,1,I,-0.4423254092465397,1.416381588742848,1.8931255186659095,1.4571264435645197,1.8715581381154165,0.902635695762982,-0.5457550696295457,-0.4620232464341376,-0.0527327114969092,-1.081668489386905,0.0333138494031969,0.5313328584061234,1.3490814686528525,0.0600806561465277,0.0223425806163816
male_psg_positive,TCGA-78-7536-01Z-00-DX1.6b066140-8b82-40a5-bd48-430eeb4463fe,TCGA-78-7536-01,TCGA-78-7536,1,3458,410.4344684663591,209.44988374878133,7874.987957146576,0.5103126073485437,37.59843555984975,8.425218312977611,0.0618145414226212,0.0621185504521098,0.5590734495129561,1.8624450824569936,1.8699360632726345,150.74893759828132,15.03952607531954,Male,8.02,1,III,-1.456838967883726,1.662724646128049,2.1046808520449933,1.438320707553733,2.2376081395707668,0.3536770871238954,-0.1771681698626229,-0.3987696872376209,-1.425525327879961,-0.1983347704857365,-0.8266506602113579,0.5114841768962016,2.836704450974814,0.6091440804362341,0.8127435559792989
male_psg_positive,TCGA-78-7537-01Z-00-DX1.e5597e41-ebba-4d6f-8a1f-15cd81d8f026,TCGA-78-7537-01,TCGA-78-7537,7,4848,306.65898254480675,121.00652623698232,8040.695606079102,0.394596385968579,66.44844584937506,15.809091779307805,0.1540805189824323,0.0685852530005284,0.4945584007659723,1.778452852638166,1.8560838962338229,117.1968159415099,8.484687677760911,Male,53.29,1,I,0.5721881493906467,2.1647917407837056,1.65457157024699,1.0663743261204706,2.271859197219515,-0.3570167099737782,0.7515522836987109,0.6012439425323318,-0.7577338547697897,-0.0612167870801819,-1.6887409053960158,0.1800476622861635,2.5363837000807514,-0.4309713158354002,-0.5763672099670595
male_psg_positive,TCGA-78-7542-01Z-00-DX1.2ee042a6-11ee-4668-b254-44144fca4234,TCGA-78-7542-01,TCGA-78-7542,11,1142,116.45772592316348,61.73908528642686,2080.268982498076,0.5301416011434148,33.69452224384374,9.80613343552208,0.4140488012869838,0.0255082383378679,0.559384833190167,1.8049783366004364,1.6288154408235649,137.4705273974243,10.435508204793292,Male,10.55,1,I,1.1656405376665748,0.362270538868148,0.4377944043413497,0.610168326100482,0.475443575205126,0.4740066305951603,-0.3365926562121453,-0.185572273906094,0.406727131245677,-1.1685587376875055,-0.8224897576646363,0.2863798788317346,-0.2752001973814193,0.2582194655260905,-0.1044509119543448
male_psg_positive,TCGA-78-7633-01Z-00-DX1.f0cd4825-eb92-4098-954a-fbb1e4851660,TCGA-78-7633-01,TCGA-78-7633,12,4550,217.32230849610823,91.105318308148,6654.441134571258,0.4192175158574644,73.04119296377145,20.93664489157348,0.1138923212861068,0.0691301813793718,0.5342044064399384,1.7888998125058309,1.7685874731719744,97.351861546986,7.114370242757176,Male,50.2,1,I,1.2827937404527945,2.0661628806834456,1.176206210045472,0.8739550598587079,1.969178297505907,-0.2024781292242564,0.9236319036831896,1.1598219224725863,-1.0131996118488444,-0.0499637019755116,-1.1589662959695657,0.2221143008529442,1.126921028006847,-1.383595586432957,-0.9531730133896104
male_psg_positive,TCGA-86-6562-01Z-00-DX1.5dea3015-e606-4837-9f99-ac14f0aa091b,TCGA-86-6562-01,TCGA-86-6562,9,1583,138.31556435592216,64.64503089065465,2664.251031211734,0.4673735106506601,41.2135471900113,11.444843589160556,0.322681034885323,0.0489374469658456,0.5585553098310425,1.6120784502848051,1.7677120462837854,126.32694152805723,11.77890620601646,Male,12.35,1,II,0.8987885665601151,0.6970200633214714,0.6263069215684922,0.6413496386295904,0.746693758913737,0.0932777579078095,-0.0391061964426641,0.048768833703543,0.0567603402762883,-0.5019840177394833,-0.8335743652088169,-0.5253928233064603,1.1157163614290182,-0.0932203753086261,0.1871678360921514
male_psg_positive,TCGA-86-7701-01Z-00-DX1.a8a6e71e-9fa9-42c6-a186-0ac7526e9960,TCGA-86-7701-01,TCGA-86-7701,5,45,4.2496149010928095,1.2650842525855752,54.03369489026175,0.297693857450531,42.711538602925344,10.589194797022202,0.3680410093901292,0.19983868598484,0.7759073142656265,2.152788627792424,1.4902391626972622,158.46615188867688,23.56745742806466,Male,31.11,0,IV,0.1511269790293882,-1.5581972993228537,-1.6971168232844889,-2.0255219353627427,-1.7452708647412791,-1.0086238093170532,0.0157364319120203,-0.0713310698920837,0.2359462197540781,1.945335226424264,2.070818430482088,1.5520096161284844,-1.2166065703514644,0.7860740480090436,2.104383494701002
male_psg_positive,TCGA-86-7711-01Z-00-DX1.f64dd9d8-b9ca-4d1f-9783-d1042979132d,TCGA-86-7711-01,TCGA-86-7711,3,28,2.7996648450279373,0.7211910423147752,34.162760887104135,0.2575990635434717,47.36991848575022,10.001197125336834,0.4256653729457708,0.1519239974238375,0.6813253348109999,2.586135039724754,1.4335982249836032,135.6196626452874,14.36832353962017,Male,34.36,1,II,-0.4423254092465397,-1.7031042378396877,-1.8347192659959155,-2.406518794035428,-1.8776920711608849,-1.311779974437271,0.1784927198983652,-0.1567000004524382,0.4483249699194184,1.3247795652460497,0.8069551390217157,2.8692441681965364,-1.5292649875193371,0.2038476247622831,0.6919641880686681
male_psg_positive,TCGA-86-7713-01Z-00-DX1.23f9e213-b566-47bb-beb8-7d12b2f0508b,TCGA-86-7713-01,TCGA-86-7713,3,2369,201.73853742950865,126.51093840547227,3003.6877507453355,0.6271034776866947,23.742514193661297,11.742922448953388,0.6979813639033865,0.0288372454508126,0.6680641025860167,1.7336551503539377,1.6650238666463313,100.81724711939415,9.94272165084651,Male,38.01,0,II,-0.4423254092465397,1.1638665069771972,1.0798585893081778,1.0965321196285065,0.8864283140439452,1.0784035553416098,-0.8083705800308588,0.089546554676836,1.2976373604599956,-1.0590724780629523,0.6297502982546855,-0.0031855175317782,0.0293810988404461,-1.1902189161122865,-0.2176912153993198
male_psg_positive,TCGA-86-8054-01Z-00-DX1.2c4c08f6-be1c-46d1-a719-5983cade0c54,TCGA-86-8054-01,TCGA-86-8054,13,418,85.37973682691806,43.63571736428426,957.8408996498106,0.5110781431985747,21.95084571782017,4.895775221787932,0.5953341681862795,0.0432371957022935,0.6484512865056672,1.7132922865391789,1.600353087877726,183.7832720680119,12.801879909729188,Male,37.71,0,II,1.391260664450555,-0.4664405119283565,0.1237783548886505,0.3748943591313738,-0.2433186444898823,0.3583165451819888,-0.9067695359062224,-1.0415543563119956,1.0012322011153665,-0.6459363871740922,0.3676716398353107,-0.0880453042132222,-0.4944427939848828,1.2621797930086145,0.3946652961467713
male_psg_positive,TCGA-86-8076-01Z-00-DX1.e7378b2f-e20e-4d2f-a86c-3a8ead08a385,TCGA-86-8076-01,TCGA-86-8076,7,738,73.40868191400625,29.34209124913953,1212.0431586148145,0.3997087331374779,41.30732020166962,10.053306785490598,0.5575752912083698,0.0497239389368736,0.5551928077026149,1.397729550467595,1.6658084039174634,138.6196954688164,14.84588854051018,Male,32.62,0,I,0.5721881493906467,-0.0319964486273276,-0.017677162427511,0.1058508618975633,-0.0444630662929385,-0.3246794602859352,-0.035634461038014,-0.1490347755369351,0.8858263407465378,-0.4827952638286185,-0.8785062119737254,-1.5501264687477048,0.0363392662996501,0.2912473397342813,0.778274755527424
male_psg_positive,TCGA-86-8279-01Z-00-DX1.fd12b60e-d181-454b-a655-298a973a849d,TCGA-86-8279-01,TCGA-86-8279,7,2733,148.20610473813167,50.57706586258388,3869.642320530831,0.3412616906162504,76.5098222788272,18.440535933583792,0.0865137093208753,0.0792162126461059,0.5831957245511338,2.0798407896636806,1.76299335593749,116.63241623242511,9.837307062181727,Male,31.18,0,II,0.5721881493906467,1.3450346182778468,0.7050936006484894,0.4749737286040328,1.2006295563211338,-0.7047926465959664,1.010033034437818,0.8976585871586155,-1.214351698806551,0.1508326560372126,-0.5043138038349368,1.304416895080268,1.0560394076865824,-0.4535856239868013,-0.2423984703216837
male_psg_positive,TCGA-86-8281-01Z-00-DX1.02237263-003b-4de1-8a2f-0f3ad14768c7,TCGA-86-8281-01,TCGA-86-8281,3,597,69.81299812695404,41.7874506817446,1184.7477966816575,0.5985626144540399,28.35176057292316,8.551416154830697,0.4713775145424013,0.023935705215107,0.6153738783790945,1.589779099693469,1.7228701914216993,115.34909120555852,8.898164384682298,Male,0.0,0,I,-0.4423254092465397,-0.2037331937677012,-0.063148203536672,0.3455530422768018,-0.0643951220608458,0.8961732818933653,-0.576143602826734,-0.3785933937838338,0.6067465045919853,-1.2227614250841492,-0.0743292798841087,-0.6254365632727671,0.5919337592248027,-0.5058294318754336,-0.4707287700348221
male_psg_positive,TCGA-86-8358-01Z-00-DX1.C50100F8-9414-4A06-BEDF-93E7B01B24D6,TCGA-86-8358-01,TCGA-86-8358,7,854,100.05623128008278,49.611855043544,1613.8860207659718,0.4958397334061866,32.53024946052661,8.535200547474522,0.1863139072573276,0.0542588601715792,0.6684926888741414,1.56268518620478,1.6377552103829751,136.95215424009456,11.637859189601762,Male,21.45,0,I,0.5721881493906467,0.0935066134235371,0.2801795033317674,0.4619108534930574,0.2194501033242114,0.265996303771774,-0.3865091186146415,-0.3811775424024133,-0.576244433080064,-0.3749962070644228,0.6354773350528942,-0.7488961860619997,-0.2028556781555737,0.2431396632281151,0.1576270765784141
male_psg_positive,TCGA-86-8359-01Z-00-DX1.11B8FDC3-4B84-4A22-B89D-46EA76345F13,TCGA-86-8359-01,TCGA-86-8359,11,6520,371.7665194992487,173.26937279631744,8347.593069808603,0.4660704063122811,48.17696823789748,17.53788912670813,0.2282857739709065,0.0490240584149063,0.5350903025323244,1.560814731623571,1.7364845595477705,95.71263931955396,8.912165629011046,Male,14.59,1,III,1.1656405376665748,2.654118460086707,1.9469521096285785,1.3097576981765189,2.334070889267024,0.0853489045380424,0.2055908626295414,0.798519889152395,-0.3620784691448405,-0.4998633615826405,-1.1471284008687133,-0.7574981656508746,0.7414171731737842,-1.4799465121754107,-0.4672094550002904
male_psg_positive,TCGA-86-8669-01Z-00-DX1.845b8b4e-6445-4da1-8275-42b765c024cc,TCGA-86-8669-01,TCGA-86-8669,3,467,234.2035259106513,180.594410918568,1564.305839136575,0.7711003078043529,8.661983674798982,1.9939921834403147,0.2561888390846826,0.0366888153754618,0.6761060648119446,1.6800588803654164,1.6957224774536466,215.01899276940847,11.546622825132593,Male,30.81,0,I,-0.4423254092465397,-0.388059435083149,1.2755108904267405,1.3378287490416945,0.1894529167908988,2.130499074166197,-1.896441995930303,-1.7873447739929136,-0.230481816263169,-0.8235915317658085,0.7372120040391063,-0.2287318683159424,0.3146114750046895,1.6950925048392282,0.1383912704807593
male_psg_positive,TCGA-86-8672-01Z-00-DX1.94ca1954-921d-4ef6-a078-4e0fcb09157f,TCGA-86-8672-01,TCGA-86-8672,12,3364,168.94992712147453,56.09995021201247,3804.897773586744,0.3320507511771624,67.82354991773265,19.91122492513,0.233918180008667,0.0852324855060662,0.5620437782123621,1.7659697755952255,1.7766427014280743,114.56747999964406,15.035742947339118,Male,0.62,1,II,1.2827937404527945,1.6242123751550606,0.8596048062272656,0.5452334488891505,1.1788668154666242,-0.7672583772469959,0.7883537293758649,1.054124708930259,-0.3348932191214732,0.2645450063742389,-0.7869592789525068,0.1294569686856213,1.232056125383534,-0.5382221095466484,0.8120729756762319
male_psg_positive,TCGA-86-8673-01Z-00-DX1.21191041-c10e-4166-ad00-1243656feaa7,TCGA-86-8673-01,TCGA-86-8673,13,1690,149.75003715731165,66.13765449337438,3630.724869663042,0.4416536766792059,54.89648669090262,11.285472992735643,0.4343821754833386,0.0294935177359153,0.4900569894478456,1.83452265456338,1.722449211949422,121.83760618724008,9.390339995135266,Male,28.32,0,I,1.391260664450555,0.7685634639058807,0.7170730658133427,0.656825034519693,1.1190688952137104,-0.0638598178052435,0.4202554864639796,0.0267486782132321,0.4791674786314397,-1.038248449894414,-1.7488915657813149,0.4029894918479898,0.5874293886293742,-0.2529687020965326,-0.3491664451748019
male_psg_positive,TCGA-86-8674-01Z-00-DX1.9fcaae4e-4062-45ab-a49d-7dba43040919,TCGA-86-8674-01,TCGA-86-8674,3,1052,91.70584756519142,34.360032822954125,1793.9242765961735,0.374676574452119,52.20962057398698,11.471460413166774,0.3860081232871072,0.064778133725952,0.5334796831766149,1.6962970047179184,1.6781662797520305,136.4853303180353,14.22952876458079,Male,26.48,0,II,-0.4423254092465397,0.2836956097292584,0.1932316010846273,0.2128783262167676,0.3234769635434492,-0.4844903022645824,0.3366441816548583,0.0524314909217147,0.3038442958892474,-0.141116471600113,-1.1686504993903806,-0.1596468810642633,0.1481518522877565,0.229461434242247,0.6665217434560688
male_psg_positive,TCGA-86-A4D0-01Z-00-DX1.165461AD-A8DA-4B7B-87CE-F5DBDBD2C0A7,TCGA-86-A4D0-01,TCGA-86-A4D0,9,2643,204.1126090689165,73.3683104064082,3190.6355112172782,0.3594501620506753,43.48792405799493,12.94873458360242,0.0447275260321116,0.1509187980062449,0.6836466412563931,1.8623058484033248,1.244065703138454,149.8622668002431,17.646019804078243,Male,3.81,1,II,0.8987885665601151,1.3018141607550644,1.0948494740460917,0.7271641856501665,0.95892818194499,-0.5837530525297836,0.0436570727862867,0.2494457838412553,-1.5978564736301275,1.3107815378548358,0.8379738808738064,0.5109472181535515,-2.385827052495363,0.5876485850660073,1.2503378921863186
male_psg_positive,TCGA-91-A4BD-01Z-00-DX1.2E575CAC-6AEB-4049-972A-EA43457A9C9D,TCGA-91-A4BD-01,TCGA-91-A4BD,4,724,80.56236100085266,46.571871657596,1319.3783221332517,0.5780847417952796,28.32993983650768,8.98682698726192,0.7261250903091742,0.0316545460092118,0.6261218573231921,1.4620590955380537,1.592785799786223,111.55228780835024,9.499620329337466,Male,19.81,0,II,-0.1157249920770719,-0.0480129495667108,0.0685516466413321,0.4190424667594202,0.0311360386521568,0.768109520538661,-0.5771813351431049,-0.3100994914153322,1.375026446949898,-0.9712662256565532,0.0692919059185269,-1.2269479413612532,-0.5501062674689315,-0.6674352755135952,-0.3227547193115596
male_psg_positive,TCGA-93-8067-01Z-00-DX1.325d0cd5-9bb5-4f51-a197-75d3c3d19aaf,TCGA-93-8067-01,TCGA-93-8067,8,1488,185.0448500566993,86.51826717071164,2507.151695461219,0.4675529588864631,28.978292994637616,8.041293770370073,0.1318723931536956,0.1170235742054073,0.6593470991401,1.8007240168372631,1.6737142312187263,152.36626334864155,13.945583374593877,Male,6.11,0,I,0.7445793673053165,0.6307458572705061,0.970974220173112,0.8389321377619283,0.6779791204199146,0.0943694119365172,-0.5465719160876327,-0.4610982109911642,-0.8941108040521896,0.8079593421830951,0.5132682714420326,0.2694313055679522,0.1073830712874649,0.6477084320757467,0.6139516607328214
male_psg_positive,TCGA-93-A4JN-01Z-00-DX1.ED4C9365-6CCF-4AEE-B4C9-3CC5EC57286C,TCGA-93-A4JN-01,TCGA-93-A4JN,13,3063,224.809560392138,79.10352291099325,4590.310379552545,0.3518690342751084,58.029152313703285,13.624865395658322,0.1939072518769018,0.0626714081424977,0.5017314472405322,1.7767778103391794,1.6698974470339294,125.5769872412851,12.558914013664848,Male,23.59,0,IV,1.391260664450555,1.4958410570782494,1.2208628636233416,0.7781897361231627,1.427937628857945,-0.6338532199582513,0.5143632430803727,0.335853582446529,-0.5358348130333679,-0.1863412346771129,-1.5928901928246575,0.1732798124306999,0.0728720557461345,-0.1191120630546971,0.3464131195522463
male_psg_positive,TCGA-93-A4JO-01Z-00-DX1.314C53B6-603C-402B-8CF7-E3CE851A0A0F,TCGA-93-A4JO-01,TCGA-93-A4JO,9,1523,84.66169006692044,22.43762427809276,1667.100377249984,0.265026888316983,74.29932672852881,17.98924636156155,0.0828789043890862,0.1272438371036983,0.6078950381095232,1.810435170059905,1.7279935971398372,121.89637731904736,12.948837004393392,Male,1.08,1,I,0.8987885665601151,0.6554822037836646,0.1156806947564182,-0.0760301562213321,0.2509701314537834,-1.253501839766264,0.9552810784283374,0.848403896179531,-1.243332275051631,0.9664658276464624,-0.1742661995162602,0.3080607006744924,0.6473079450053378,-0.2508013797542714,0.423554776651463
male_psg_positive,TCGA-95-7562-01Z-00-DX1.C722891A-C5C6-4F0D-A73F-259FA8DB2394,TCGA-95-7562-01,TCGA-95-7562,28,1699,146.40643388110027,60.15247641288418,2122.179883629701,0.4108595149700543,35.28000857459539,11.60468126270867,0.1272046462186623,0.1329435855809885,0.6569469138693935,1.8882481782827352,1.2124503543997762,137.18701334627195,14.040856386344112,Male,2.86,1,II,2.457135060637781,0.7744418645009803,0.6910243658164065,0.5925183702667519,0.496491354582734,-0.2546145571178111,-0.2704334413665508,0.0707000656780499,-0.9242033274004092,1.0521027859961734,0.4811955016201122,0.610307580245908,-2.507410007735012,0.2499859824406333,0.6316695437071206
male_psg_positive,TCGA-95-7944-01Z-00-DX1.E66A3565-7B0D-412B-9C0C-81D7397E8B87,TCGA-95-7944-01,TCGA-95-7944,6,2057,100.8165706430738,46.71362112272815,2263.630569224439,0.4633526098414002,48.45761289362103,20.40339189162172,0.4372446555504809,0.0661584060916824,0.6160648565575247,1.7030984790334318,1.4289931554724375,107.13083220883053,12.001756944216025,Male,12.39,0,I,0.3767471058133685,0.9931490607782996,0.2878525836876389,0.4211027669802246,0.5655463476056021,0.0688030358855246,0.2149430582457451,1.1051871463014171,0.4892281254635068,-0.1118841685883274,-0.0650959992956319,-0.1309063600791853,-1.5532941223310492,-0.8700653565270996,0.233364569885407
male_psg_positive,TCGA-95-8039-01Z-00-DX1.38b07435-987d-495d-9940-ba5f20e6ef97,TCGA-95-8039-01,TCGA-95-8039,1,358,22.246906691081183,9.631652617510811,498.2581833415384,0.4329434537239352,51.73132827025768,16.092124850036914,0.5693357503241357,0.0531057341508676,0.6211664964979919,1.585195373540124,1.7283222884175264,112.99619989185646,10.761621625015442,Male,27.27,0,I,-1.456838967883726,-0.5712633384476945,-0.9168967893538592,-0.649355540550481,-0.7202512686662624,-0.1174676133878259,0.3214615000678275,0.6342542895873101,0.922178776409314,-0.4019658456608841,0.0030752896135595,-0.6461747802960415,0.6508959882993248,-0.6046973663458873,-0.0314588261099633
male_psg_positive,TCGA-97-7552-01Z-00-DX1.a5ab8959-ff7a-4287-b014-87439957fb67,TCGA-97-7552-01,TCGA-97-7552,3,251,27.380778770799136,12.15361908671512,525.5056083577418,0.4438741201793949,43.238611034976536,9.167014645605503,0.5921902053257287,0.0297272038864674,0.5713699388617525,3.2704419874031547,1.5888504800223275,127.02332148264324,10.394600615389814,Male,63.47,0,I,-0.4423254092465397,-0.792004344647811,-0.7850502986396042,-0.4916849821255676,-0.6851662118242425,-0.0502305689724774,0.0347276756509677,-0.2822409499359333,0.991765369248536,-1.030889436249698,-0.6623373143563728,4.555362226555579,-0.5786462098736327,-0.0694520586371126,-0.1137138610587454
male_psg_positive,TCGA-97-8171-01Z-00-DX1.a55cbfd1-6674-4206-b3e0-2a4f12a74e5d,TCGA-97-8171-01,TCGA-97-8171,4,1727,250.9065976671685,168.62930957484826,3777.56619196044,0.6720800136094375,22.40159911396493,6.883039410111057,0.3323867210069873,0.0329876757381051,0.6154215944151621,1.6910350160529677,1.7723455584925003,128.97253899814964,8.467893722089078,Male,18.66,0,IV,-0.1157249920770719,0.7925985113081286,1.3691750391207822,1.2913552335157008,1.1696056605485428,1.3779491531619017,-0.8815242605753325,-0.6587480418529005,0.096110200270978,-0.9310815928228086,-0.0736916685045675,-0.1819612792039713,1.1755076134561977,-0.0042875385776979,-0.5807297085055769
male_psg_positive,TCGA-97-8179-01Z-00-DX1.5501338a-dd89-4c41-8267-5baaaea71643,TCGA-97-8179-01,TCGA-97-8179,5,1094,74.096432090311,25.155015671445533,1664.0444639399466,0.3394902421318455,66.15159718738995,14.764543570284186,0.1997116518405891,0.0916484701180022,0.5745375697383868,1.7716659459059536,,117.29877393165272,9.884457326169828,Male,14.29,0,I,0.1511269790293882,0.3208997069082924,-0.0091500311033915,0.0014709435083814,0.2491783501670112,-0.7167412400376295,0.7435413298717694,0.4767837126512708,-0.505476383234869,0.3814725626297717,-0.6200094585749754,0.1525862915348272,,-0.4269092814960149,-0.2313256007872299
male_psg_positive,TCGA-97-A4M2-01Z-00-DX1.5C72522C-1538-4D68-B517-5FB05A9D401A,TCGA-97-A4M2-01,TCGA-97-A4M2,3,426,26.29145855494381,7.02934134590202,551.1012802344416,0.2673621674967983,78.4001306972699,16.202980869613853,0.1335992652355852,0.0968344640539814,0.5886952275533293,1.8043586482984515,1.617335972998178,112.6312080047988,11.684577989948943,Male,20.5,0,I,-0.4423254092465397,-0.4532397379111606,-0.8115514113385595,-0.8628815393229546,-0.6532963527878157,-1.2353966217291732,1.0560236903183031,0.647104310128586,-0.883113112714886,0.4730228543480741,-0.4308260210053824,0.2839136205417954,-0.3655833090304843,-0.6204043300784267,0.1674381265795608
male_psg_positive,TCGA-97-A4M5-01Z-00-DX1.283AFBA6-A349-425F-A18E-5CA186084C23,TCGA-97-A4M5-01,TCGA-97-A4M5,8,1424,170.2131045677216,54.02525327275835,2321.998468349529,0.3173977315669233,42.97987196147717,8.36598335725345,0.0603164634916062,0.1937468774864052,0.657346381501592,1.723543390845667,1.6110125133705118,173.16665263632927,15.340777494510377,Male,20.83,0,I,0.7445793673053165,0.5844912430194575,0.868594985465531,0.5196863148369658,0.5932026462650977,-0.8684697812531168,0.02542430483967,-0.4082921681717144,-1.439591559092031,1.8709199149018043,0.4865334368100223,-0.0451997406115057,-0.4142194765258246,1.0794759769438051,0.8657849637703964
male_psg_positive,TCGA-97-A4M7-01Z-00-DX2.9D0A8A7E-5A84-439B-B3D1-DFA22BC6ED87,TCGA-97-A4M7-01,TCGA-97-A4M7,6,1185,108.15535073233582,41.74729347385883,1798.989933463352,0.3859937875581907,43.09237279273774,10.95646208880273,0.2107102882698967,0.0800681858752511,0.5248493257074623,1.8305166809647229,1.6593290133766965,134.73135193993124,12.266852111219636,Male,20.66,0,I,0.3767471058133685,0.3983584834452763,0.3600031423974129,0.3449012349296217,0.3263010475203626,-0.4117653433911751,0.0294740244552805,-0.0192079485264748,-0.4491371799812128,0.1671919108650781,-1.2839747087200803,0.3872886729872583,-0.0206441180021753,0.1772216706826087,0.2875797520953293
male_psg_positive,TCGA-L4-A4E6-01Z-00-DX1.1B537DE0-2CE3-4B90-9ED3-71F1F8747EE9,TCGA-L4-A4E6-01,TCGA-L4-A4E6,11,628,41.09440356730477,10.707986492756763,660.2015916951672,0.2605704320594196,61.65506392277852,15.281886229872056,0.1284750536901086,0.1649154326680482,0.6708212223234924,1.9800681458450844,1.5590753764249716,137.56052242039405,17.462228949643766,Male,14.29,0,I,1.1656405376665748,-0.1638258367425858,-0.4993020545977315,-0.5775376735169916,-0.5275433750071591,-1.2883380806955254,0.6191511041324117,0.5389579127331631,-0.9159592056283438,1.5016891996624957,0.666592648631039,0.95133509893001,-0.7861226781337369,0.2608258992541942,1.220952865131023
male_psg_positive,TCGA-L9-A50W-01Z-00-DX1.21FAAB58-58EF-4A6A-8F0A-16D9AB9B1056,TCGA-L9-A50W-01,TCGA-L9-A50W,5,3072,251.34446030075537,151.02826254267083,4250.055729612421,0.6008816043208292,28.14079734520968,12.2222705697356,0.5013603195237952,0.0550141080237053,0.6337140021650316,1.5596535888218583,1.2835039426421564,113.3640938381698,9.904973048796752,Male,14.52,1,II,0.1511269790293882,1.4997986408725563,1.3715736837886057,1.2166216435070285,1.323829968053558,0.9108028334460876,-0.5861988225055076,0.1540517273898414,0.706510559529458,-0.3574873273985104,0.170742871783058,-0.762843299241254,-2.2268249995221003,-0.5889678672589028,-0.226518637394407
male_psg_positive,TCGA-L9-A743-01Z-00-DX1.27ED2955-E8B5-4A3C-ADAA-82568ECCFB83,TCGA-L9-A743-01,TCGA-L9-A743,6,1243,83.09642601386379,21.297390835617403,1489.3817956103728,0.2562973145447212,69.93259442464452,14.95852540989691,0.2033474952493779,0.103105856680317,0.5687312941207793,1.7655887532631818,1.6788260332463814,133.9037699431748,18.153882070551425,Male,21.81,0,II,0.3767471058133685,0.4456778138126726,0.0978686355119805,-0.1113880004264669,0.1428950788778056,-1.3221053579837496,0.8438429278543812,0.5002221588707431,-0.4866843687006874,0.5805182504125544,-0.6975965280728801,0.1279071649197558,0.1542413542209146,0.152098111047808,1.3304897661667985
male_psg_positive,TCGA-L9-A7SV-01Z-00-DX1.153B8E2D-54CE-4747-A22E-7A6ADCA03DB5,TCGA-L9-A7SV-01,TCGA-L9-A7SV,7,1583,128.75586146292716,61.306708208042295,1824.372582308114,0.4761469304113536,29.75812330548177,12.294585908664011,0.5082340975935378,0.0660194288408602,0.6879594760371026,1.8749379343961832,1.6772397585705388,113.74930892018548,13.479379308881697,Male,18.56,0,II,0.5721881493906467,0.6970200633214714,0.5465005156383511,0.6054037909543519,0.3403725111833786,0.1465953699001615,-0.5103542467889048,0.1636725180046848,0.7289583032236905,-0.1148136253704782,0.8956046641678613,0.5595004325365991,0.1396211358827576,-0.572606838623436,0.5260680196402372
male_psg_positive,TCGA-MN-A4N5-01Z-00-DX1.D0FBA0D2-6245-4EFD-AF2B-849215600DBE,TCGA-MN-A4N5-01,TCGA-MN-A4N5,4,323,56.10528228772122,35.11870016928569,691.5624561609644,0.6259428477552016,19.69214272815812,5.75703368434329,0.8120161169107375,0.0278990519615056,0.5741391828567551,2.0600135825882755,1.6507574817513495,160.252840999919,14.58720730702475,Male,2.76,0,I,-0.1157249920770719,-0.6379306760604223,-0.252428496147671,0.2276843901292289,-0.4939925164562621,1.070891892133494,-1.0387711543832798,-0.8675863429002832,1.6023619723445404,-1.0892580494481483,-0.6253329521029908,1.2356194220836665,-0.0943839627041658,0.8246075385633613,0.7317568722739123
male_psg_positive,TCGA-MP-A4T8-01Z-00-DX1.3ECB340F-66C7-4F64-8E00-463BF82AAD83,TCGA-MP-A4T8-01,TCGA-MP-A4T8,6,3606,257.7437767325362,123.60932204384054,5563.601651254878,0.4795821789020783,45.00956367418336,13.990638477149302,0.1401496309146354,0.0579285804232447,0.6401663207238915,1.606557640383485,1.734983084265065,106.99632436600874,8.229069316778627,Male,5.29,1,III,0.3767471058133685,1.7219708295461391,1.4063160555947145,1.0808019480801303,1.6998538521587916,0.1674457880003235,0.0974294782364324,0.3817054507701589,-0.8420295035410039,-0.2910228368613751,0.2569627692558483,-0.5500318773477937,0.7245569289162206,-0.8764921727390341,-0.6434021011577326
male_psg_positive,TCGA-MP-A4TC-01Z-00-DX1.C7DB4A7F-F6B8-4FA0-84C1-9B87D41C7749,TCGA-MP-A4TC-01,TCGA-MP-A4TC,6,1282,63.390201685382806,14.217395945910251,1174.5892800423308,0.2242838099249754,82.61634440730411,20.22394575052468,0.0797097216024192,0.1552264503754956,0.5930198112858226,1.901527075861407,1.675760187245501,119.86943577621616,18.40206956429828,Male,2.43,1,III,0.3767471058133685,0.4766738877567511,-0.1484209182937827,-0.3853569626324552,-0.071891383111825,-1.5879918955535437,1.156002678637334,1.0866416586417411,-1.26912344118915,1.3704452500325344,-0.3730382409032855,0.6606394460980057,0.1260489927262643,-0.3267768809794886,1.369116172953033
male_psg_positive,TCGA-MP-A4TE-01Z-00-DX1.B4680570-FD2E-47A5-8D50-A508CEB6A62C,TCGA-MP-A4TE-01,TCGA-MP-A4TE,8,1460,231.06487953836887,117.88093471328392,2998.2173570378422,0.5101637901389056,25.434285572389296,6.318571662283119,0.4852346340401735,0.0633103707367988,0.6107377630472388,1.8876412956216908,1.7090050294947494,167.93730525418744,13.59814589776852,Male,29.43,1,II,0.7445793673053165,0.6106760077972659,1.257417544641306,1.0486329825603482,0.8842621127509119,0.3527752291238927,-0.7199049521877632,-0.761109682433911,0.6532370403163867,-0.1725454756828058,-0.1362799391608048,0.6079988236581,0.4470620626987598,0.9809915276805616,0.5486465648869779
male_psg_positive,TCGA-MP-A4TI-01Z-00-DX1.08AB4C0B-F953-41B5-A9BB-7452A8E34A54,TCGA-MP-A4TI-01,TCGA-MP-A4TI,9,930,95.96701236085332,49.71090582046175,1554.7652950164058,0.5179999314091361,31.276140906216224,9.690829975023414,0.6227849782207137,0.0343142131784445,0.5519339724454578,1.6972107151030729,1.6459385649891902,125.98759333423088,11.809604339786508,Male,14.09,1,II,0.8987885665601151,0.1696724535062125,0.2382314127892091,0.4632630260057651,0.1836082024902295,0.4002823454936315,-0.4416281097304312,-0.2027740388469271,1.0828502101694328,-0.8918939072912382,-0.9220527974669326,-0.1557791842947317,-0.1350497559848417,-0.1048979698089577,0.1935659387349562
male_psg_positive,TCGA-NJ-A4YP-01Z-00-DX1.148BFF66-4DC7-468C-8783-97F27C2E1245,TCGA-NJ-A4YP-01,TCGA-NJ-A4YP,8,2316,144.53379849039797,49.27729321797329,3400.455273475866,0.3409395845999786,69.0065352906923,16.02393366942378,0.0873405649721642,0.0719889984904209,0.5215112905320437,1.9037644710674744,1.7510757423862264,121.42053724884738,10.33003347435909,Male,1.64,0,I,0.7445793673053165,1.1359704012492644,0.6762617750028354,0.4573236050496733,1.037000302021844,-0.7069630483028626,0.8196175579995785,0.6263278237731243,-1.207844615254371,0.0083590850514645,-1.3285796128269876,0.669085376620106,0.9104539607001464,-0.2684093652567503,-0.128383762462194
male_psg_positive,TCGA-NJ-A55R-01Z-00-DX1.2E2B3642-4E1C-47DB-AF7B-988D586C0986,TCGA-NJ-A55R-01,TCGA-NJ-A55R,10,2448,180.2269583834792,65.69716134694599,2702.9145675494387,0.3645246079510391,41.14202976404683,13.582873627547164,0.0626885809121678,0.2461691230319878,0.7133942479730313,1.7275198716996292,1.6808710795026824,138.58921073947212,15.791740245253123,Male,19.81,0,I,1.0382877557648142,1.2046854206307325,0.9383378288704722,0.6522946662069884,0.7631886199340576,-0.5504783507859082,-0.0417575100422401,0.3305504762867914,-1.41739717710235,2.477695913016157,1.235479921186647,-0.0286481835723092,0.1731968539444764,0.2903782600624198,0.9439035106907802
