patient_id,wsi_name,cluster_id,sample_id,cluster_area_mm2,tumor_area_mm2,tumor_perimeter_um,tumor_perimeter_mm,tumor_fraction_of_cluster,tumor_boundary_density_per_mm,tumor_boundary_fractal_dimension,tumor_compactness_mean,tumor_solidity_mean,tumor_elongation_mean,tumor_n_islands,tumor_largest_patch_index,tumor_patch_density_per_mm2,tumor_island_area_median_um2,tumor_island_nnd_median_um,tumor_island_gap_median_um,tumor_spread_frac,min_island_area_um2_used,tumor_valid_morphology,tumor_invalid_reason,source_row,clinical__sample_id,subject_id,SEX,AJCC_PATHOLOGIC_TUMOR_STAGE,AGE,OS_STATUS,OS_MONTHS,OS_Status,stage,clinical_match
TCGA-05-4390,TCGA-05-4390-01Z-00-DX1.858E64DF-DD3E-4F43-B7C1-CE35B33F1C90,1,TCGA-05-4390-01,3.135417296157519,1.698214029133565,67549.45512721043,67.54945512721044,0.5416229703187327,39.77676192068347,1.6154796387119692,0.04763051719992691,0.7071935667327861,2.083808063745918,29,0.606389793213948,9.24916757828049,3273.125,112.94621576772725,3.25,0.706035658515846,1000.0,True,,2,TCGA-05-4390-01,TCGA-05-4390,Female,Stage IB,58,0:LIVING,36.99,0,I,matched
TCGA-05-4405,TCGA-05-4405-01Z-00-DX1.D57EC2B2-3A59-4954-86A7-61782938BCC5,1,TCGA-05-4405-01,44.33226325859185,14.658397600751183,1267253.2039676248,1267.2532039676248,0.33064852825690777,86.45236938467839,1.773970610230554,0.08799084622232128,0.6127393024724941,1.7969011549968086,1005,0.08568190473093351,22.66972011191477,3264.0,105.77009265383103,12.727922061357855,0.9591550227708778,1000.0,True,,2,TCGA-05-4405-01,TCGA-05-4405,Female,Stage IB,74,0:LIVING,20.04,0,I,matched
TCGA-05-4417,TCGA-05-4417-01Z-00-DX1.6E534856-996F-4BD9-8AFC-7B1BF627E505,1,TCGA-05-4417-01,0.22067539041971998,0.0365043125,3462.866665816381,3.462866665816381,0.16542085835022002,94.86185134472485,1.3247500168995971,0.12520656425951238,0.7604549627744398,2.069049498129889,4,0.8218354675945988,18.126171624267137,2664.328125,66.49378683611589,14.25,0.2560346892377678,1000.0,True,,2,TCGA-05-4417-01,TCGA-05-4417,Female,Stage IB,51,0:LIVING,14.95,0,I,matched
TCGA-05-4417,TCGA-05-4417-01Z-00-DX1.6E534856-996F-4BD9-8AFC-7B1BF627E505,2,TCGA-05-4417-01,70.79335990319323,29.575748161038398,1003109.0498685383,1003.1090498685382,0.41777573774548793,33.91660776953679,1.747799229212721,0.06895365534758754,0.6703912392826591,1.6447119606956162,350,0.09463682163802137,4.9439665030535265,10861.625,231.46917937828982,23.070543990118654,0.9683906056467936,1000.0,True,,3,TCGA-05-4417-01,TCGA-05-4417,Female,Stage IB,51,0:LIVING,14.95,0,I,matched
TCGA-05-4425,TCGA-05-4425-01Z-00-DX1.82B093EE-49BC-4FD9-91AC-4CC89944309D,1,TCGA-05-4425-01,1.5614304748528944,0.7416599375,16093.993500859928,16.093993500859927,0.47498748707967503,21.699963402512793,1.3597726470365532,0.04010684035009184,0.6057606741841985,1.6471048564376236,2,0.9977814918267421,1.280876755135975,370103.71875,558.881755299142,17.55704986607944,0.16549835435546648,1000.0,True,,2,TCGA-05-4425-01,TCGA-05-4425,Female,Stage IV,70,0:LIVING,21.98,0,IV,matched
TCGA-05-4427,TCGA-05-4427-01Z-00-DX1.36CF4E93-3FBB-4346-A26B-85F0D9D0575D,1,TCGA-05-4427-01,20.359836818726286,12.49846983084829,210579.86935524957,210.57986935524957,0.6138786839073593,16.848452026943622,1.6656417538002344,0.03509166152121756,0.78011736334418,2.329615747196687,58,0.41959674204527314,2.8487458183679335,5818.8125,208.25673298658387,15.567487823302098,0.8977980888480275,1000.0,True,,2,TCGA-05-4427-01,TCGA-05-4427,Female,Stage IIB,65,0:LIVING,25.99,0,II,matched
TCGA-05-4427,TCGA-05-4427-01Z-00-DX1.36CF4E93-3FBB-4346-A26B-85F0D9D0575D,2,TCGA-05-4427-01,4.448675719830586,2.90325046875,41888.11393287125,41.88811393287125,0.6526100465827078,14.428005569531951,1.3339849398097892,0.04541217941324925,0.828011609313812,1.5281479476098496,9,0.9889765325124726,2.023073958814588,3084.21875,221.98905519191706,11.25,0.5406136724542312,1000.0,True,,3,TCGA-05-4427-01,TCGA-05-4427,Female,Stage IIB,65,0:LIVING,25.99,0,II,matched
TCGA-05-4427,TCGA-05-4427-01Z-00-DX1.36CF4E93-3FBB-4346-A26B-85F0D9D0575D,3,TCGA-05-4427-01,90.96304150111877,65.90550271220047,883871.978123361,883.871978123361,0.7245305524594832,13.411201519592355,1.593640079656071,0.010601055290314144,0.6527848350149841,1.8368157237032068,222,0.7224065810315654,2.440551638736372,3817.984375,180.26703282907832,15.550321540083987,0.9704093820954641,1000.0,True,,4,TCGA-05-4427-01,TCGA-05-4427,Female,Stage IIB,65,0:LIVING,25.99,0,II,matched
TCGA-05-4430,TCGA-05-4430-01Z-00-DX1.95659bbb-3091-4370-bc1d-6c6c1baa7b3d,1,TCGA-05-4430-01,31.071687657917078,19.61843173660346,518666.28897823166,518.6662889782317,0.6313925382036554,26.437703886927938,,0.01537578073745052,0.6289577550432357,2.1766065244392516,200,0.7831537087069937,6.436727937081973,2884.96875,116.17746392911148,8.827704373536932,0.9547557822306807,1000.0,True,,2,TCGA-05-4430-01,TCGA-05-4430,Female,Stage IB,59,0:LIVING,25,0,I,matched
TCGA-05-4430,TCGA-05-4430-01Z-00-DX1.95659bbb-3091-4370-bc1d-6c6c1baa7b3d,2,TCGA-05-4430-01,0.3064161586381726,0.037344933306733274,4042.5066172653765,4.042506617265376,0.12187651419137964,108.2477931895654,1.3106676397291843,0.1388246418870809,0.5677532006296083,1.9426263311672987,4,0.687491926311604,13.054141850016943,4841.201028366639,205.9293626234802,32.2828641758385,0.48460966923465987,1000.0,True,,3,TCGA-05-4430-01,TCGA-05-4430,Female,Stage IB,59,0:LIVING,25,0,I,matched
TCGA-05-4430,TCGA-05-4430-01Z-00-DX1.95659bbb-3091-4370-bc1d-6c6c1baa7b3d,3,TCGA-05-4430-01,56.76586475230741,31.47819832544859,838671.1581359092,838.6711581359092,0.5545268879951145,26.642921220109486,1.6504081811817441,0.02194252019467028,0.5935217863239634,1.7738920019860502,377,0.6440855009200267,6.641315192589853,3435.75,146.84201757330905,15.252049042669643,0.9813715550697372,1000.0,True,,4,TCGA-05-4430-01,TCGA-05-4430,Female,Stage IB,59,0:LIVING,25,0,I,matched
TCGA-05-4434,TCGA-05-4434-01Z-00-DX1.f3f5c89c-306f-4876-98fa-f7bd231f2e10,1,TCGA-05-4434-01,0.2574293487457894,0.034635,3036.6204537917674,3.0366204537917674,0.1345417691057516,87.67490843920218,1.2601175539869298,0.1833804719619101,0.7107371652403659,2.4647066639185553,4,0.6580691779358169,15.538243869582978,4871.875,158.0524327773469,38.85411763412713,0.7098991098915808,1000.0,True,,2,TCGA-05-4434-01,TCGA-05-4434,Female,Stage IV,67,1:DECEASED,15.01,1,IV,matched
TCGA-05-4434,TCGA-05-4434-01Z-00-DX1.f3f5c89c-306f-4876-98fa-f7bd231f2e10,2,TCGA-05-4434-01,81.55597014369789,47.42013756303179,1079236.9473453702,1079.2369473453703,0.5814428726613107,22.759042946908938,1.725698069391486,0.038171957353735936,0.5487430120697596,1.9454012500902658,467,0.36276636748752056,5.726128929337329,4920.03125,149.7478218748106,13.252358280698571,0.9681963682936963,1000.0,True,,3,TCGA-05-4434-01,TCGA-05-4434,Female,Stage IV,67,1:DECEASED,15.01,1,IV,matched
TCGA-05-4434,TCGA-05-4434-01Z-00-DX1.f3f5c89c-306f-4876-98fa-f7bd231f2e10,3,TCGA-05-4434-01,0.34660421546192133,0.06933171875,3617.9836751742805,3.6179836751742807,0.20003137774190435,52.18367206819434,1.274647077812621,0.1340383173251088,0.6857637697629645,1.4514032266297876,2,0.8078373966971375,5.7702702701829205,34242.078125,299.9023604129351,31.4294845646568,0.21659145507555141,1000.0,True,,4,TCGA-05-4434-01,TCGA-05-4434,Female,Stage IV,67,1:DECEASED,15.01,1,IV,matched
TCGA-38-4625,TCGA-38-4625-01Z-00-DX1.ffdbfc1d-7a21-4e67-a54f-89597bd14a7f,1,TCGA-38-4625-01,0.22006615436654206,0.0245293125,3050.7920266670303,3.0507920266670303,0.11146335778260563,124.37331974416446,1.3172342232050167,0.2116696843352239,0.6419807126206734,1.4419461838798684,4,0.584119242987533,18.17635252233109,3529.359375,116.657208515948,18.639797583778197,0.52031144211239,1000.0,True,,2,TCGA-38-4625-01,TCGA-38-4625,Female,Stage IB,66,0:LIVING,97.67,0,I,matched
TCGA-38-4625,TCGA-38-4625-01Z-00-DX1.ffdbfc1d-7a21-4e67-a54f-89597bd14a7f,2,TCGA-38-4625-01,6.093407025753846,4.155752631700767,58470.60199722193,58.47060199722193,0.682008048065136,14.069798464710948,1.376107556926567,0.030127308603904376,0.7092073409085762,1.1431740419112515,12,0.9915545431012361,1.9693416095924463,3686.5,245.3911734404652,11.654978943304489,0.7331465916050499,1000.0,True,,3,TCGA-38-4625-01,TCGA-38-4625,Female,Stage IB,66,0:LIVING,97.67,0,I,matched
TCGA-38-4625,TCGA-38-4625-01Z-00-DX1.ffdbfc1d-7a21-4e67-a54f-89597bd14a7f,3,TCGA-38-4625-01,50.32339567406572,40.07775156453712,341285.81186831964,341.2858118683196,0.7964039593852621,8.515592780167516,1.4016271731825216,0.017928019765091802,0.8203706332825118,1.1565817079119538,94,0.8809560964777705,1.8679184649783702,2304.78125,143.062636061586,8.211945681067954,0.9478924755357849,1000.0,True,,4,TCGA-38-4625-01,TCGA-38-4625,Female,Stage IB,66,0:LIVING,97.67,0,I,matched
TCGA-38-4625,TCGA-38-4625-01Z-00-DX1.ffdbfc1d-7a21-4e67-a54f-89597bd14a7f,4,TCGA-38-4625-01,43.80813957805166,35.58933260543361,294934.7491689572,294.9347491689572,0.8123908695557628,8.287167181211146,1.4385004881674595,0.01782340439364035,0.8394763038428261,1.166568639386088,115,0.9768025560540561,2.625082943664109,2290.75,120.48139119797713,9.034655499796326,0.9507455409592819,1000.0,True,,5,TCGA-38-4625-01,TCGA-38-4625,Female,Stage IB,66,0:LIVING,97.67,0,I,matched
TCGA-38-4626,TCGA-38-4626-01Z-00-DX1.142bc018-bd79-4db9-84e2-f83a617ea92a,1,TCGA-38-4626-01,67.6202085816527,25.97533939923655,1427428.1717656886,1427.4281717656886,0.3841357479379974,54.953205801331805,1.8016736947711252,0.0714638117030395,0.5799575880937893,2.0076579281331552,947,0.21810777471470752,14.004689128642353,3985.03125,127.27854542302092,10.621322893124,0.9657408943076939,1000.0,True,,2,TCGA-38-4626-01,TCGA-38-4626,Female,[Discrepancy],57,0:LIVING,120.7,0,,matched
TCGA-38-4626,TCGA-38-4626-01Z-00-DX1.142bc018-bd79-4db9-84e2-f83a617ea92a,2,TCGA-38-4626-01,66.60105087757441,25.63535386624118,1414680.980950417,1414.680980950417,0.3849091497574702,55.184765083870744,1.8003831259140055,0.07357544135080195,0.5931915329136106,1.8796271881590867,980,0.18254747218046974,14.714482535740002,3581.53125,126.85780969405238,10.96300560406107,0.960232987722659,1000.0,True,,3,TCGA-38-4626-01,TCGA-38-4626,Female,[Discrepancy],57,0:LIVING,120.7,0,,matched
TCGA-38-4626,TCGA-38-4626-01Z-00-DX1.142bc018-bd79-4db9-84e2-f83a617ea92a,3,TCGA-38-4626-01,60.43171538607419,22.97660652715005,1280941.5327496703,1280.9415327496704,0.38020774986051037,55.74981367401057,1.7619390764526164,0.07338150813953802,0.5811925039151636,2.1716287074643503,880,0.18552992161124796,14.561890132987788,3458.171875,125.20747493388222,11.443326938247742,0.967976935197778,1000.0,True,,4,TCGA-38-4626-01,TCGA-38-4626,Female,[Discrepancy],57,0:LIVING,120.7,0,,matched
TCGA-38-4626,TCGA-38-4626-01Z-00-DX1.142bc018-bd79-4db9-84e2-f83a617ea92a,4,TCGA-38-4626-01,0.2801207863763505,0.05511699550904255,5926.748672984897,5.926748672984897,0.1967615335585673,107.53032922508537,,0.15195184620785412,0.6929462765627293,1.5914945162184586,9,0.6322659862364611,32.128997338698866,1399.6875,111.32504491353237,30.9162174271045,0.6921180137257399,1000.0,True,,5,TCGA-38-4626-01,TCGA-38-4626,Female,[Discrepancy],57,0:LIVING,120.7,0,,matched
TCGA-38-4626,TCGA-38-4626-01Z-00-DX1.142bc018-bd79-4db9-84e2-f83a617ea92a,5,TCGA-38-4626-01,0.3104260131617053,0.05363907247580348,6244.569681353381,6.244569681353381,0.17279180932514868,116.4183009348325,1.2848904170607536,0.11215919042402235,0.6537301684179807,1.8781197895875972,6,0.8067197053069903,19.328277095368662,1944.484375,160.8801111270439,37.11925211406453,0.6454659156348977,1000.0,True,,6,TCGA-38-4626-01,TCGA-38-4626,Female,[Discrepancy],57,0:LIVING,120.7,0,,matched
TCGA-38-4626,TCGA-38-4626-01Z-00-DX1.142bc018-bd79-4db9-84e2-f83a617ea92a,6,TCGA-38-4626-01,0.16195328058378858,0.049453231437779875,3335.9019887585964,3.3359019887585966,0.3053549224783663,67.45569281869271,,0.12030426644271502,0.6307945214227104,2.4942032949844437,2,0.8844241054802201,12.34924042779902,24071.709646373223,148.17746960992417,21.617411963507564,0.12349687969150157,1000.0,True,,7,TCGA-38-4626-01,TCGA-38-4626,Female,[Discrepancy],57,0:LIVING,120.7,0,,matched
TCGA-38-4626,TCGA-38-4626-01Z-00-DX1.142bc018-bd79-4db9-84e2-f83a617ea92a,7,TCGA-38-4626-01,0.22105950770194796,0.03676487440150147,5063.293329469496,5.063293329469496,0.16631211560948164,137.72094728719412,1.313665459836827,0.15093054755145613,0.6603000669492483,2.128997206600928,6,0.62490349802031,27.142012856057438,2481.09375,102.87570245811204,6.039976082300042,0.5311019537543615,1000.0,True,,8,TCGA-38-4626-01,TCGA-38-4626,Female,[Discrepancy],57,0:LIVING,120.7,0,,matched
TCGA-38-4626,TCGA-38-4626-01Z-00-DX1.142bc018-bd79-4db9-84e2-f83a617ea92a,8,TCGA-38-4626-01,0.232997631779486,0.042042696714541854,5876.970213374123,5.876970213374123,0.18044259245661334,139.7857576376964,1.3752138950417214,0.12042586911983237,0.6568043111287254,1.6083645643656799,7,0.5294219454524326,30.043223815360285,1633.46875,101.42153679076254,6.754628043053148,0.5961538461538461,1000.0,True,,9,TCGA-38-4626-01,TCGA-38-4626,Female,[Discrepancy],57,0:LIVING,120.7,0,,matched
TCGA-38-4626,TCGA-38-4626-01Z-00-DX1.142bc018-bd79-4db9-84e2-f83a617ea92a,9,TCGA-38-4626-01,0.5864880955700795,0.10394179760864838,13745.42810680583,13.74542810680583,0.17722746359858274,132.24158541647307,,0.10190481109698958,0.7272085232152726,2.374521189259429,12,0.28045670943076995,20.460773356935288,2578.7572654264263,165.0808987284719,4.851423537605237,0.7850386025279685,1000.0,True,,10,TCGA-38-4626-01,TCGA-38-4626,Female,[Discrepancy],57,0:LIVING,120.7,0,,matched
TCGA-38-6178,TCGA-38-6178-01Z-00-DX1.5932337D-BA2B-455D-9E34-22961EFA2170,1,TCGA-38-6178-01,1.85440832823838,0.2605958091244076,38778.47750994675,38.778477509946754,0.14052773877043795,148.80698826370624,,0.15772033140386202,0.7117728261263252,2.0782054572076305,49,0.10844318269417354,26.423522400025135,3207.78125,102.21614659631814,8.344159634139318,0.9072471420810978,1000.0,True,,2,TCGA-38-6178-01,TCGA-38-6178,Female,Stage IIIA,70,0:LIVING,14.72,0,III,matched
TCGA-38-6178,TCGA-38-6178-01Z-00-DX1.5932337D-BA2B-455D-9E34-22961EFA2170,2,TCGA-38-6178-01,64.38690695545087,27.960719154476998,1542372.2107414175,1542.3722107414176,0.43426094646576124,55.162108035209705,1.7324944588039324,0.12560660444626903,0.654862013160266,1.7154117474179427,1284,0.06623888029827506,19.941942558110398,4876.625,112.31571711556114,9.360822613424528,0.9741735985616455,1000.0,True,,3,TCGA-38-6178-01,TCGA-38-6178,Female,Stage IIIA,70,0:LIVING,14.72,0,III,matched
TCGA-38-6178,TCGA-38-6178-01Z-00-DX1.5932337D-BA2B-455D-9E34-22961EFA2170,3,TCGA-38-6178-01,1.2933291209650932,0.21206265692761644,24511.863154923187,24.511863154923187,0.16396650588782344,115.58783385086912,1.3783523952878955,0.17607647424122477,0.7793743370604425,1.6358639963428363,24,0.1781840606630022,18.556761470035557,3783.5625,122.14123423724158,12.529964086141668,0.8361069289169363,1000.0,True,,4,TCGA-38-6178-01,TCGA-38-6178,Female,Stage IIIA,70,0:LIVING,14.72,0,III,matched
TCGA-38-6178,TCGA-38-6178-01Z-00-DX1.5932337D-BA2B-455D-9E34-22961EFA2170,4,TCGA-38-6178-01,75.90422204337781,32.82259416530339,1723912.2218517899,1723.9122218517898,0.43242119188766476,52.52211976816047,1.742934596219985,0.12487233956627514,0.6568433794227402,1.7352685105603591,1425,0.0339939437820215,18.773659246328087,4990.46875,118.24815009123822,10.0,0.975132647977003,1000.0,True,,5,TCGA-38-6178-01,TCGA-38-6178,Female,Stage IIIA,70,0:LIVING,14.72,0,III,matched
TCGA-38-6178,TCGA-38-6178-01Z-00-DX1.5932337D-BA2B-455D-9E34-22961EFA2170,5,TCGA-38-6178-01,1.3989164457353678,0.2080044631104166,19380.5445867587,19.3805445867587,0.1486896974758739,93.17369587627924,1.2726334759480549,0.25204426101409516,0.7949469804060532,1.5178189670460538,29,0.23081273195117805,20.73033031272685,2979.53125,101.57394166320415,23.511965039102964,0.7697185320598798,1000.0,True,,6,TCGA-38-6178-01,TCGA-38-6178,Female,Stage IIIA,70,0:LIVING,14.72,0,III,matched
TCGA-38-6178,TCGA-38-6178-01Z-00-DX1.5932337D-BA2B-455D-9E34-22961EFA2170,6,TCGA-38-6178-01,0.2878273610638549,0.0366376875,4645.748483534382,4.6457484835343825,0.12729049581867888,126.80244853156691,1.388814917062218,0.12843144540594648,0.7360398439681121,1.3741304415642521,5,0.45592138762430917,17.3715243106813,4256.84375,131.69596852219888,16.347782724271816,0.4145954180078145,1000.0,True,,7,TCGA-38-6178-01,TCGA-38-6178,Female,Stage IIIA,70,0:LIVING,14.72,0,III,matched
TCGA-38-6178,TCGA-38-6178-01Z-00-DX1.5932337D-BA2B-455D-9E34-22961EFA2170,7,TCGA-38-6178-01,0.40244423677491614,0.0605965,6928.12777593552,6.92812777593552,0.15057117101639883,114.33214419868344,1.311260465253121,0.11563813275371729,0.7073117158078621,1.7219703409068217,8,0.6952235789194652,19.87853041233719,2092.515625,117.29903026027112,5.024579056215558,0.5558139634920392,1000.0,True,,8,TCGA-38-6178-01,TCGA-38-6178,Female,Stage IIIA,70,0:LIVING,14.72,0,III,matched
TCGA-38-6178,TCGA-38-6178-01Z-00-DX1.5932337D-BA2B-455D-9E34-22961EFA2170,8,TCGA-38-6178-01,0.29165626603148664,0.03694428125,3365.424800671249,3.3654248006712493,0.12667062413125582,91.09460752254448,1.2650596856170324,0.1170734744895632,0.659835946515611,2.4620208625020554,3,0.8504619677650498,10.286081080377425,3249.15625,83.76233584523536,7.850159234053791,0.3256850049078687,1000.0,True,,9,TCGA-38-6178-01,TCGA-38-6178,Female,Stage IIIA,70,0:LIVING,14.72,0,III,matched
TCGA-38-6178,TCGA-38-6178-01Z-00-DX1.5932337D-BA2B-455D-9E34-22961EFA2170,9,TCGA-38-6178-01,0.2639031531037846,0.03345721875,4628.560406364658,4.628560406364658,0.12677839713738606,138.342653074373,1.2860465092136293,0.15242522855335328,0.7617381968480306,1.2962610731498105,5,0.5667703501177813,18.946344297878326,4146.40625,109.50943523847614,42.79310692155922,0.3502406759465349,1000.0,True,,10,TCGA-38-6178-01,TCGA-38-6178,Female,Stage IIIA,70,0:LIVING,14.72,0,III,matched
TCGA-38-6178,TCGA-38-6178-01Z-00-DX1.5932337D-BA2B-455D-9E34-22961EFA2170,10,TCGA-38-6178-01,0.4947480332497474,0.11295305218837433,8429.097559478947,8.429097559478947,0.22830419647440206,74.6247878757765,1.3541917075726082,0.19146409981338025,0.821648707125002,1.7433638679845707,8,0.45834622937047087,16.16984699757588,8013.8125,151.0670380989844,35.04015553618448,0.603221378069738,1000.0,True,,11,TCGA-38-6178-01,TCGA-38-6178,Female,Stage IIIA,70,0:LIVING,14.72,0,III,matched
TCGA-38-6178,TCGA-38-6178-01Z-00-DX1.5932337D-BA2B-455D-9E34-22961EFA2170,11,TCGA-38-6178-01,0.3010420821780519,0.05879693106668377,4352.443807402401,4.352443807402401,0.19531133534981404,74.0250167558258,1.2892460697917463,0.09137348012871192,0.6033776994219102,2.3350993279411125,2,0.8980491318383229,6.643589446132971,28646.835360040786,387.2840318406071,91.54780172128658,0.26434337354849474,1000.0,True,,12,TCGA-38-6178-01,TCGA-38-6178,Female,Stage IIIA,70,0:LIVING,14.72,0,III,matched
TCGA-38-6178,TCGA-38-6178-01Z-00-DX1.5932337D-BA2B-455D-9E34-22961EFA2170,12,TCGA-38-6178-01,0.3713051273521648,0.06668533640823682,5150.839159718647,5.150839159718648,0.17959713318202855,77.24095636537012,1.2568370985184745,0.19800027420467756,0.6609074889028753,3.137208427387266,6,0.6405741004073172,16.159216660397185,5756.671875,161.20520754334675,17.381694294591426,0.6775898385538306,1000.0,True,,13,TCGA-38-6178-01,TCGA-38-6178,Female,Stage IIIA,70,0:LIVING,14.72,0,III,matched
TCGA-44-2655,TCGA-44-2655-01Z-00-DX1.ee255271-780c-461c-ab23-5cd3504b5e4a,1,TCGA-44-2655-01,1.568192608180149,0.44611323903982225,18050.73965113275,18.05073965113275,0.28447605014381894,40.462237099225504,1.3943618199703625,0.11891004572331577,0.6363051674986058,1.9626042484508266,16,0.7818624454620604,10.202828349361772,6013.515625,124.89959870677288,5.3967582862307255,0.7811857783357687,1000.0,True,,2,TCGA-44-2655-01,TCGA-44-2655,Female,Stage IA,65,0:LIVING,43.5,0,I,matched
TCGA-44-2655,TCGA-44-2655-01Z-00-DX1.ee255271-780c-461c-ab23-5cd3504b5e4a,2,TCGA-44-2655-01,1.7419227825132384,0.47041398185641076,18500.533227866916,18.500533227866917,0.2700544401731169,39.32819589004908,1.407027420750545,0.10431153885524214,0.619567629133476,1.9295715504805482,12,0.7473670757434268,6.888939119727485,6256.8125,133.11183565094507,17.220990099294525,0.7404202201204395,1000.0,True,,3,TCGA-44-2655-01,TCGA-44-2655,Female,Stage IA,65,0:LIVING,43.5,0,I,matched
TCGA-44-2657,TCGA-44-2657-01Z-00-DX1.b7f608bd-2381-40a2-a757-ca4648a7de8a,1,TCGA-44-2657-01,8.385405438844723,1.7472988378594838,203847.9359901458,203.8479359901458,0.20837380501189137,116.66460915172833,1.596420698542544,0.10851989996279954,0.5440847202086622,1.754255593396603,169,0.08565327536071297,20.154064252769576,3482.4375,110.34045325718034,11.51629280628102,0.8613864560497463,1000.0,True,,2,TCGA-44-2657-01,TCGA-44-2657,Female,Stage IB,74,0:LIVING,44.38,0,I,matched
TCGA-44-2657,TCGA-44-2657-01Z-00-DX1.b7f608bd-2381-40a2-a757-ca4648a7de8a,2,TCGA-44-2657-01,7.582624640969352,1.6859459583238754,171263.54317831204,171.26354317831203,0.22234332281392563,101.58305628525477,1.6069438646443863,0.11299696591545208,0.5637155637691599,1.854980581244679,149,0.12111134148159391,19.650188035808146,3925.25,111.89147923322848,16.00195300580526,0.8792400511708949,1000.0,True,,3,TCGA-44-2657-01,TCGA-44-2657,Female,Stage IB,74,0:LIVING,44.38,0,I,matched
TCGA-44-2657,TCGA-44-2657-01Z-00-DX1.b7f608bd-2381-40a2-a757-ca4648a7de8a,3,TCGA-44-2657-01,5.272902725097139,1.0258554747956465,115970.94509332028,115.97094509332028,0.19455232312800685,113.04803448694568,1.5638796201504228,0.14328734949849878,0.5860690681422696,1.8874782179427223,120,0.07470106422268642,22.757863411521463,3609.1875,111.428514835394,14.044501401802686,0.8913785803197847,1000.0,True,,4,TCGA-44-2657-01,TCGA-44-2657,Female,Stage IB,74,0:LIVING,44.38,0,I,matched
TCGA-44-2657,TCGA-44-2657-01Z-00-DX1.b7f608bd-2381-40a2-a757-ca4648a7de8a,4,TCGA-44-2657-01,7.533381072694192,1.5337513743318993,182702.09682110627,182.70209682110627,0.20359402498450513,119.12106478189213,1.563833155201605,0.1318385191593077,0.5883408944913149,1.9762677429633588,179,0.09212595536864629,23.76091137202801,3226.375,110.69362278379003,10.25,0.9113960373260568,1000.0,True,,5,TCGA-44-2657-01,TCGA-44-2657,Female,Stage IB,74,0:LIVING,44.38,0,I,matched
TCGA-44-2657,TCGA-44-2657-01Z-00-DX1.b7f608bd-2381-40a2-a757-ca4648a7de8a,5,TCGA-44-2657-01,2.187482558669706,0.5648106758034813,62806.52980068485,62.80652980068486,0.2582012247663199,111.1992610821995,1.6080831905077664,0.0826344426762491,0.5517672781489746,1.736194366152779,45,0.33399479242015034,20.571592592430207,3877.375,110.19203762636391,9.25,0.7764595163533063,1000.0,True,,6,TCGA-44-2657-01,TCGA-44-2657,Female,Stage IB,74,0:LIVING,44.38,0,I,matched
TCGA-44-2659,TCGA-44-2659-01Z-00-DX1.b33f40e6-bc18-48b0-8dad-bdb0a6a200b5,1,TCGA-44-2659-01,3.409881362550318,0.785107819434747,71646.105381285,71.646105381285,0.23024490765495406,91.25639002407077,1.671222153772471,0.18680706333242716,0.6611352542920508,1.9526562428848346,87,0.1441608578772155,25.514084142484936,2978.0,119.6615670338643,14.426538046253508,0.877552276588246,1000.0,True,,2,TCGA-44-2659-01,TCGA-44-2659,Female,Stage IIB,65,0:LIVING,44.91,0,II,matched
TCGA-44-2659,TCGA-44-2659-01Z-00-DX1.b33f40e6-bc18-48b0-8dad-bdb0a6a200b5,2,TCGA-44-2659-01,0.21628261838745788,0.038399625,3410.1839456528564,3.4101839456528564,0.17754374015950408,88.80774084780403,1.3534041162222596,0.08192009710815187,0.7005363598847427,1.4118403469405874,1,1.0,4.623580052136032,35913.5,,,0.0,1000.0,True,,3,TCGA-44-2659-01,TCGA-44-2659,Female,Stage IIB,65,0:LIVING,44.91,0,II,matched
TCGA-44-2659,TCGA-44-2659-01Z-00-DX1.b33f40e6-bc18-48b0-8dad-bdb0a6a200b5,3,TCGA-44-2659-01,3.5439663503925702,0.7928765410987666,78887.45352196506,78.88745352196506,0.22372575321177599,99.49525485095447,1.6514846307853466,0.17283253006285074,0.6370465872145716,1.7806182521241445,82,0.07876309724694595,23.137917207062856,4441.984375,118.19472453610285,16.15549442140351,0.9061690636739341,1000.0,True,,4,TCGA-44-2659-01,TCGA-44-2659,Female,Stage IIB,65,0:LIVING,44.91,0,II,matched
TCGA-44-2659,TCGA-44-2659-01Z-00-DX1.b33f40e6-bc18-48b0-8dad-bdb0a6a200b5,4,TCGA-44-2659-01,0.32400588535349745,0.042529125,5180.706852974013,5.180706852974013,0.13126034718042173,121.8155053266206,1.2698590793538982,0.17649432344706614,0.6818391115726696,1.9919490274258753,7,0.2844907572621512,21.604545832131564,4612.875,118.13222530812665,26.097174176527236,0.510393282099465,1000.0,True,,5,TCGA-44-2659-01,TCGA-44-2659,Female,Stage IIB,65,0:LIVING,44.91,0,II,matched
TCGA-44-2661,TCGA-44-2661-01Z-00-DX1.20cfa0f8-e3ca-4c26-9dfe-b9d416cd94b1,1,TCGA-44-2661-01,48.949554913432266,20.00001278457935,899763.8265216793,899.7638265216793,0.40858416016140614,44.988162568347256,1.7547120113259371,0.10022511939130264,0.543763522893596,1.6687549828213495,504,0.1730931788412885,10.296314254365102,6733.21875,150.8872834116259,15.574407657808361,0.9473778160518684,1000.0,True,,2,TCGA-44-2661-01,TCGA-44-2661,Female,Stage IA,69,0:LIVING,38.07,0,I,matched
TCGA-44-2661,TCGA-44-2661-01Z-00-DX1.20cfa0f8-e3ca-4c26-9dfe-b9d416cd94b1,2,TCGA-44-2661-01,45.37331798494001,18.017538086614785,910433.8761812384,910.4338761812385,0.39709544919318085,50.530426066233716,1.783027448553019,0.11298702970094165,0.5513649289411767,1.7371172239409156,542,0.0587256698670905,11.945346385730415,6542.890625,152.08212470980934,13.72267296240117,0.9562617716385446,1000.0,True,,3,TCGA-44-2661-01,TCGA-44-2661,Female,Stage IA,69,0:LIVING,38.07,0,I,matched
TCGA-44-2661,TCGA-44-2661-01Z-00-DX1.20cfa0f8-e3ca-4c26-9dfe-b9d416cd94b1,3,TCGA-44-2661-01,43.93446810549434,17.946356433031053,862649.375392282,862.6493753922821,0.4084801115593049,48.06821811498953,1.7897536888980126,0.1140824461373863,0.5557426042718512,1.7491585112171626,526,0.08504043455133377,11.972376648261271,7306.234375,145.53876086853433,12.8281916106675,0.943060305733449,1000.0,True,,4,TCGA-44-2661-01,TCGA-44-2661,Female,Stage IA,69,0:LIVING,38.07,0,I,matched
TCGA-44-2661,TCGA-44-2661-01Z-00-DX1.20cfa0f8-e3ca-4c26-9dfe-b9d416cd94b1,4,TCGA-44-2661-01,0.2147929930736635,0.03288378506479692,4345.383164449011,4.345383164449011,0.15309524111673134,132.14364331498064,1.386154947005579,0.05362894904206167,0.4476086791170544,1.277024818920333,4,0.876901702117391,18.622581410875892,1499.765625,161.68469556597358,24.657469475712215,0.6155087173854181,1000.0,True,,5,TCGA-44-2661-01,TCGA-44-2661,Female,Stage IA,69,0:LIVING,38.07,0,I,matched
TCGA-44-2665,TCGA-44-2665-01Z-00-DX1.d429e37e-3915-4da6-b5bc-bf2f09f4fbf7,1,TCGA-44-2665-01,22.030808156701497,10.105125220335928,362935.554221035,362.935554221035,0.45868154942205674,35.91598780890414,1.7296439308972882,0.07197937098728738,0.7088605867786331,1.8198463404736305,240,0.5238760178467499,10.89383550040106,3685.078125,140.09340720815817,13.396525208394628,0.9191699094833319,1000.0,True,,2,TCGA-44-2665-01,TCGA-44-2665,Female,Stage IIB,55,0:LIVING,42.74,0,II,matched
TCGA-44-2665,TCGA-44-2665-01Z-00-DX1.d429e37e-3915-4da6-b5bc-bf2f09f4fbf7,2,TCGA-44-2665-01,0.22006615436654173,0.03788301249991029,4152.351210421366,4.152351210421366,0.17214374745156139,109.6098471691289,1.3045373842281502,0.09841833290120067,0.6457130701331486,2.5160497358658396,3,0.918322023198431,13.63226439174834,1745.5805168002596,192.5644294943261,51.57639964169659,0.4962677035077651,1000.0,True,,3,TCGA-44-2665-01,TCGA-44-2665,Female,Stage IIB,55,0:LIVING,42.74,0,II,matched
TCGA-44-2665,TCGA-44-2665-01Z-00-DX1.d429e37e-3915-4da6-b5bc-bf2f09f4fbf7,3,TCGA-44-2665-01,23.207057407019285,10.787707030165922,391283.7395380772,391.2837395380772,0.4648459665077157,36.271261209070765,1.7480738172066828,0.0693095810033825,0.6886186206996541,1.8813059108456998,245,0.5062393090875404,10.557133362625134,3931.34375,130.72920484727197,13.0,0.9357663059665197,1000.0,True,,4,TCGA-44-2665-01,TCGA-44-2665,Female,Stage IIB,55,0:LIVING,42.74,0,II,matched
TCGA-44-3396,TCGA-44-3396-01Z-00-DX1.187b0a68-ad51-4fcd-819c-b74a8599dbe9,1,TCGA-44-3396-01,1.2843045228849816,0.2861080716458501,24832.54317787594,24.83254317787594,0.22277276654227984,86.79427684449995,,0.10261872993704603,0.6207148292401004,2.3692125923327283,23,0.4038554825806469,17.908525268083796,3321.1875,109.96663201285197,5.25,0.7787343568558724,1000.0,True,,2,TCGA-44-3396-01,TCGA-44-3396,Female,Stage IIIA,74,0:LIVING,37.12,0,III,matched
TCGA-44-3396,TCGA-44-3396-01Z-00-DX1.187b0a68-ad51-4fcd-819c-b74a8599dbe9,2,TCGA-44-3396-01,33.44056161673258,16.50729088125507,365296.05578173924,365.29605578173926,0.49363079096719936,22.12937655303287,1.776056717204227,0.1496053649015965,0.6941186094926622,1.7592176107297404,196,0.09105305195385559,5.861145582612701,10659.515625,203.66772680422284,19.895539933066456,0.9432621204881418,1000.0,True,,3,TCGA-44-3396-01,TCGA-44-3396,Female,Stage IIIA,74,0:LIVING,37.12,0,III,matched
TCGA-44-3396,TCGA-44-3396-01Z-00-DX1.187b0a68-ad51-4fcd-819c-b74a8599dbe9,3,TCGA-44-3396-01,34.701647065871015,16.962210904678976,412679.1464533946,412.6791464533946,0.48880132036618135,24.329325273249506,1.7516899402751798,0.13250449789083135,0.6786158376184553,1.8419001341462222,210,0.13349304933787093,6.051585955023285,8160.90625,186.0065943051482,17.251811499086116,0.9501337005360033,1000.0,True,,4,TCGA-44-3396-01,TCGA-44-3396,Female,Stage IIIA,74,0:LIVING,37.12,0,III,matched
TCGA-44-3396,TCGA-44-3396-01Z-00-DX1.187b0a68-ad51-4fcd-819c-b74a8599dbe9,4,TCGA-44-3396-01,0.21267732258575678,0.03512913082316222,2107.579392137466,2.107579392137466,0.16517572440755773,59.99520462794496,1.2632846431158824,0.27705867769522624,0.8826120592101001,2.1651083283944894,3,0.856089231676413,14.105876280205312,2525.3125,62.929524072568675,0.7905694150420949,0.20468340750835798,1000.0,True,,5,TCGA-44-3396-01,TCGA-44-3396,Female,Stage IIIA,74,0:LIVING,37.12,0,III,matched
TCGA-44-3396,TCGA-44-3396-01Z-00-DX1.187b0a68-ad51-4fcd-819c-b74a8599dbe9,5,TCGA-44-3396-01,0.23671183847679886,0.02983025,1929.9026329981887,1.9299026329981888,0.126019256966414,64.69616020644108,1.147349548818752,0.18987544941694884,0.8448290229010454,2.2460730200517833,2,0.9500411427135882,8.44909157425191,14678.328125,293.08920357119945,108.88899163827352,0.23293426916920373,1000.0,True,,6,TCGA-44-3396-01,TCGA-44-3396,Female,Stage IIIA,74,0:LIVING,37.12,0,III,matched
TCGA-44-3396,TCGA-44-3396-01Z-00-DX1.187b0a68-ad51-4fcd-819c-b74a8599dbe9,6,TCGA-44-3396-01,0.17050190396927542,0.01987803125,1755.3211575462346,1.7553211575462346,0.11658539164220734,88.30457782614837,1.2261169887917527,0.2741941946188072,0.8382454889612379,1.3571017639340082,3,0.5196463778975073,17.595111433715147,6762.5,121.98411781867343,18.681541692269406,0.3408121558252186,1000.0,True,,7,TCGA-44-3396-01,TCGA-44-3396,Female,Stage IIIA,74,0:LIVING,37.12,0,III,matched
TCGA-44-3396,TCGA-44-3396-01Z-00-DX1.187b0a68-ad51-4fcd-819c-b74a8599dbe9,7,TCGA-44-3396-01,1.2351869290720108,0.2260577636666743,9820.716638823398,9.820716638823399,0.18301502254117136,43.44339464184118,1.2730057381293545,0.4017095965231124,0.8801104638232222,1.2903407740783335,9,0.43465077525644397,7.286346534416172,13189.34375,182.830693539132,62.5544762586979,0.6678005118975665,1000.0,True,,8,TCGA-44-3396-01,TCGA-44-3396,Female,Stage IIIA,74,0:LIVING,37.12,0,III,matched
TCGA-44-3396,TCGA-44-3396-01Z-00-DX1.187b0a68-ad51-4fcd-819c-b74a8599dbe9,8,TCGA-44-3396-01,0.7177121170701856,0.11640014589185203,6220.649331978834,6.2206493319788345,0.16218222198479224,53.44193758793457,1.2053420826452281,0.42282687280782655,0.8831160122986508,1.2063380593449775,9,0.42539827865369856,12.539846807574358,4099.40625,142.88990746172865,46.502688094345686,0.6168324056240255,1000.0,True,,9,TCGA-44-3396-01,TCGA-44-3396,Female,Stage IIIA,74,0:LIVING,37.12,0,III,matched
TCGA-44-3398,TCGA-44-3398-01Z-00-DX1.74757c91-a0c6-4e7f-b2db-8748c68ffa44,1,TCGA-44-3398-01,44.82739768208721,17.64677400543203,768403.267622117,768.4032676221169,0.3936604602966633,43.54355461148803,1.6751518265348189,0.08421910342733982,0.6573258772289597,1.6454183010460801,559,0.33352170768568357,12.47005244347194,3648.75,128.7927720215696,12.85739087062379,0.9652534502345469,1000.0,True,,2,TCGA-44-3398-01,TCGA-44-3398,Female,Stage IA,77,0:LIVING,38.21,0,I,matched
TCGA-44-3398,TCGA-44-3398-01Z-00-DX1.74757c91-a0c6-4e7f-b2db-8748c68ffa44,2,TCGA-44-3398-01,0.16983718138092002,0.01414228125,1339.1828098979206,1.3391828098979206,0.08326964175342104,94.69354952178742,,0.32450235835814745,0.8679008567499109,1.8521248546173599,2,0.825476780452926,11.775984408939829,6337.265625,118.63606376224728,10.636023693091325,0.15825346922907899,1000.0,True,,3,TCGA-44-3398-01,TCGA-44-3398,Female,Stage IA,77,0:LIVING,38.21,0,I,matched
TCGA-44-3919,TCGA-44-3919-01Z-00-DX1.41144972-46a1-4b25-9faa-ed1b9d1996d2,1,TCGA-44-3919-01,6.326235840908061,1.677061941029892,111821.96350789226,111.82196350789226,0.26509633583138253,66.67730080334532,1.6181070264768547,0.15059481095248517,0.6457891888806184,1.7173566611172388,100,0.16524557921822672,15.807188115460157,3333.890625,131.76423629005433,17.001838135919304,0.907987315627818,1000.0,True,,2,TCGA-44-3919-01,TCGA-44-3919,Female,Stage IA,71,1:DECEASED,33.71,1,I,matched
TCGA-44-3919,TCGA-44-3919-01Z-00-DX1.41144972-46a1-4b25-9faa-ed1b9d1996d2,2,TCGA-44-3919-01,0.23399249079551138,0.05420184827450258,4503.948090784177,4.503948090784177,0.2316392636799194,83.09583961001024,,0.06299828710679267,0.5554420153027146,1.200723539062768,2,0.9385512434572723,8.547282834592423,25926.328125,264.0383494873425,61.51270194033099,0.2986976378181473,1000.0,True,,3,TCGA-44-3919-01,TCGA-44-3919,Female,Stage IA,71,1:DECEASED,33.71,1,I,matched
TCGA-44-3919,TCGA-44-3919-01Z-00-DX1.41144972-46a1-4b25-9faa-ed1b9d1996d2,3,TCGA-44-3919-01,0.5910813595802356,0.11881209086393524,11559.849101524478,11.559849101524478,0.20100801512047556,97.29522490066208,1.4392272329950915,0.19742317398031461,0.7420523174905753,1.6595099063431369,13,0.14440310614268695,21.993588174108766,8836.5,109.89490718409111,11.0,0.6586254064061654,1000.0,True,,4,TCGA-44-3919-01,TCGA-44-3919,Female,Stage IA,71,1:DECEASED,33.71,1,I,matched
TCGA-44-3919,TCGA-44-3919-01Z-00-DX1.41144972-46a1-4b25-9faa-ed1b9d1996d2,4,TCGA-44-3919-01,7.100355934318659,1.8010779899267007,121668.39135203892,121.66839135203892,0.25366023993549697,67.55309433157335,1.6201008375671306,0.1325030324860882,0.6397287792297413,1.8774776852315143,112,0.13672601451288613,15.773857118720256,3001.515625,127.41981632807517,18.25171224844398,0.9047065369973375,1000.0,True,,5,TCGA-44-3919-01,TCGA-44-3919,Female,Stage IA,71,1:DECEASED,33.71,1,I,matched
TCGA-44-3919,TCGA-44-3919-01Z-00-DX1.41144972-46a1-4b25-9faa-ed1b9d1996d2,5,TCGA-44-3919-01,0.2951030052029339,0.047405925753817954,6885.338898151164,6.885338898151164,0.16064196202006906,145.24215672756134,,0.13593064767092905,0.6404141726435733,1.9781892988221632,7,0.47264074151346996,23.72053105723644,2781.112692325773,130.72192875049694,11.2527774349269,0.6105966222843425,1000.0,True,,6,TCGA-44-3919-01,TCGA-44-3919,Female,Stage IA,71,1:DECEASED,33.71,1,I,matched
TCGA-44-4112,TCGA-44-4112-01Z-00-DX1.5380b3b4-0e24-4c6c-aa8c-298c5fbe068f,1,TCGA-44-4112-01,36.093900920183266,19.864008138329485,547185.5694287252,547.1855694287252,0.5503425130538266,27.546584033706612,1.7168904228189499,0.06882895072467479,0.6640556206981686,1.4270313436106583,301,0.43539091294111876,8.33935906971154,4664.6875,145.00565721722722,11.149551560488879,0.9682194202725634,1000.0,True,,2,TCGA-44-4112-01,TCGA-44-4112,Female,Stage IB,60,1:DECEASED,26.54,1,I,matched
TCGA-44-4112,TCGA-44-4112-01Z-00-DX1.5380b3b4-0e24-4c6c-aa8c-298c5fbe068f,2,TCGA-44-4112-01,36.29496425307921,20.23915445546933,553941.2202609652,553.9412202609652,0.5576298219870067,27.36978076232186,1.6798956452432596,0.058907658351134075,0.6502909298078513,1.319917752063326,298,0.45007213412551406,8.21050540020075,4774.234375,140.06195044074911,10.214818267875582,0.9573629230301992,1000.0,True,,3,TCGA-44-4112-01,TCGA-44-4112,Female,Stage IB,60,1:DECEASED,26.54,1,I,matched
TCGA-44-5644,TCGA-44-5644-01Z-00-DX1.7e4edaa7-25c6-49f4-81bc-f50d6c5fac38,1,TCGA-44-5644-01,16.482441003256714,7.412236293265691,153114.9850275875,153.1149850275875,0.44970500982233946,20.657056651944366,1.6374912133039026,0.0875165775527017,0.609306755965819,1.716022228052141,73,0.4419210884508972,4.42895563743114,7672.15625,188.14742391273924,18.02255531271856,0.9168926752031422,1000.0,True,,2,TCGA-44-5644-01,TCGA-44-5644,Female,Stage IB,51,0:LIVING,28.35,0,I,matched
TCGA-44-5644,TCGA-44-5644-01Z-00-DX1.7e4edaa7-25c6-49f4-81bc-f50d6c5fac38,2,TCGA-44-5644-01,16.323522389595034,7.265932734981923,168616.65962141246,168.61665962141245,0.4451203950694726,23.20647131917496,1.6148322061419254,0.07749955859802456,0.5835655071904181,1.8628972211570543,68,0.41914126652332806,4.165767557824693,10200.875,222.2613888170307,17.896417673513742,0.8985351807592308,1000.0,True,,3,TCGA-44-5644-01,TCGA-44-5644,Female,Stage IB,51,0:LIVING,28.35,0,I,matched
TCGA-44-5644,TCGA-44-5644-01Z-00-DX1.7e4edaa7-25c6-49f4-81bc-f50d6c5fac38,3,TCGA-44-5644-01,16.060828287949366,7.237798388606604,166576.10403028294,166.57610403028295,0.45064913582552973,23.01474772943373,1.614968702394156,0.07379744132940735,0.5827499701946611,1.5078780378441787,71,0.41093120701080516,4.420693548742574,7990.625,193.0231932307618,15.67043394421482,0.9100832563721024,1000.0,True,,4,TCGA-44-5644-01,TCGA-44-5644,Female,Stage IB,51,0:LIVING,28.35,0,I,matched
TCGA-44-5644,TCGA-44-5644-01Z-00-DX1.7e4edaa7-25c6-49f4-81bc-f50d6c5fac38,4,TCGA-44-5644-01,0.3558833913717808,0.061096625,3355.38495577963,3.35538495577963,0.17167596600813037,54.919317651009855,1.1622876904635222,0.13723712151456063,0.7985800149876139,2.9849743650455167,2,0.9783947063044229,5.619818312652471,29986.140625,325.8523978065069,57.58526287167577,0.3196984518325038,1000.0,True,,5,TCGA-44-5644-01,TCGA-44-5644,Female,Stage IB,51,0:LIVING,28.35,0,I,matched
TCGA-44-5644,TCGA-44-5644-01Z-00-DX1.7e4edaa7-25c6-49f4-81bc-f50d6c5fac38,5,TCGA-44-5644-01,0.31120223677491654,0.05632398383961181,2496.952042183962,2.496952042183962,0.18098836442602212,44.33195012082744,1.1271096271671222,0.15079329768146407,0.7860397422515315,2.8578854646431933,1,1.0,3.2133445130835314,55678.78125,,,0.0,1000.0,True,,6,TCGA-44-5644-01,TCGA-44-5644,Female,Stage IB,51,0:LIVING,28.35,0,I,matched
TCGA-44-5645,TCGA-44-5645-01Z-00-DX1.8b0d89d7-7849-49a6-a2f5-a8faf2c5aab4,1,TCGA-44-5645-01,22.699112300907473,8.18046157999666,605951.1923292538,605.9511923292538,0.3603868500033641,74.07298309559461,1.6901896654019557,0.15943133109068847,0.6043086327673279,1.699548358724294,561,0.05837178069716024,24.714622869968892,4587.4375,101.29476248182824,9.034655499796326,0.9491067999347275,1000.0,True,,2,TCGA-44-5645-01,TCGA-44-5645,Female,Stage IA,61,0:LIVING,27.99,0,I,matched
TCGA-44-5645,TCGA-44-5645-01Z-00-DX1.8b0d89d7-7849-49a6-a2f5-a8faf2c5aab4,2,TCGA-44-5645-01,3.7064197537754624,1.1583622259532347,100586.5322454912,100.5865322454912,0.31252861329947706,86.83512807292809,1.7429786074224645,0.20968780864962508,0.6553327284145576,1.7483521795994748,94,0.0671715352100808,25.3614016340834,6326.515625,112.27336804929749,8.767827367565474,0.8694796506786917,1000.0,True,,3,TCGA-44-5645-01,TCGA-44-5645,Female,Stage IA,61,0:LIVING,27.99,0,I,matched
TCGA-44-5645,TCGA-44-5645-01Z-00-DX1.8b0d89d7-7849-49a6-a2f5-a8faf2c5aab4,3,TCGA-44-5645-01,22.27046997286955,7.967053052552176,578008.2043332249,578.008204333225,0.3577406791261182,72.54981239870935,1.705914261883016,0.162870149537736,0.5992870980178872,1.6454153090190022,546,0.04321537604018534,24.51677044378278,4476.40625,101.20429512159117,9.501644452187053,0.9538350103434131,1000.0,True,,4,TCGA-44-5645-01,TCGA-44-5645,Female,Stage IA,61,0:LIVING,27.99,0,I,matched
TCGA-44-5645,TCGA-44-5645-01Z-00-DX1.8b0d89d7-7849-49a6-a2f5-a8faf2c5aab4,4,TCGA-44-5645-01,0.37840403699447883,0.05151662533808899,8124.773494407959,8.12477349440796,0.1361418491918485,157.71167930910414,1.505121280397189,0.15826523053346944,0.5745351260017155,1.6154287877966873,12,0.25443165117868327,31.712135249167776,3714.875,102.59901185679648,18.0,0.5754026777645489,1000.0,True,,5,TCGA-44-5645-01,TCGA-44-5645,Female,Stage IA,61,0:LIVING,27.99,0,I,matched
TCGA-44-5645,TCGA-44-5645-01Z-00-DX1.8b0d89d7-7849-49a6-a2f5-a8faf2c5aab4,5,TCGA-44-5645-01,0.39272909781227117,0.052695148096916916,8928.954657599132,8.928954657599132,0.13417683688440568,169.44547989839592,1.4305537101702632,0.17485918439315212,0.6181834813050198,1.7327171280743086,14,0.23971764958754394,35.64798248458828,2022.1105764953531,87.51091449784992,16.25,0.6924621976890968,1000.0,True,,6,TCGA-44-5645-01,TCGA-44-5645,Female,Stage IA,61,0:LIVING,27.99,0,I,matched
TCGA-44-5645,TCGA-44-5645-01Z-00-DX1.8b0d89d7-7849-49a6-a2f5-a8faf2c5aab4,6,TCGA-44-5645-01,19.251002452584903,7.223198803981212,513721.86868493137,513.7218686849313,0.37521156738574546,71.12110335406844,1.716590588935379,0.17100400992372786,0.6212200355271416,1.6757455705504702,528,0.055829806470982846,27.42714314750417,4065.8125,95.63247425392737,8.7517853500029,0.9544061080226387,1000.0,True,,7,TCGA-44-5645-01,TCGA-44-5645,Female,Stage IA,61,0:LIVING,27.99,0,I,matched
TCGA-44-5645,TCGA-44-5645-01Z-00-DX1.8b0d89d7-7849-49a6-a2f5-a8faf2c5aab4,7,TCGA-44-5645-01,0.3408311610625558,0.04724175,8404.633439313975,8.404633439313976,0.13860748486940516,177.9069030955453,1.4561768455182296,0.2082248902199533,0.6154613065735048,1.5883119920423,13,0.2966899127788336,38.14205238591431,2014.84375,94.00831080282211,16.794716431068434,0.7878493788819876,1000.0,True,,8,TCGA-44-5645-01,TCGA-44-5645,Female,Stage IA,61,0:LIVING,27.99,0,I,matched
TCGA-44-5645,TCGA-44-5645-01Z-00-DX1.8b0d89d7-7849-49a6-a2f5-a8faf2c5aab4,8,TCGA-44-5645-01,4.178334396191127,1.0551808218234329,83637.41316625285,83.63741316625286,0.25253623137135967,79.26358348867736,1.721588592604862,0.17991735636529155,0.5836393399642608,1.7893343163973578,97,0.12620203740036498,23.214992100302688,3467.65625,109.46460615194302,18.87624168101267,0.8554902399861308,1000.0,True,,9,TCGA-44-5645-01,TCGA-44-5645,Female,Stage IA,61,0:LIVING,27.99,0,I,matched
TCGA-44-5645,TCGA-44-5645-01Z-00-DX1.8b0d89d7-7849-49a6-a2f5-a8faf2c5aab4,9,TCGA-44-5645-01,4.216626252308882,1.0768904910791057,92820.89971297637,92.82089971297637,0.25539149705038167,86.19344351342961,1.7123308330948959,0.1732963738209292,0.5810106132605766,1.7795334571718768,99,0.16253160518059068,23.478485897532643,3830.40625,108.02227779490673,18.501689112078388,0.8485014300695352,1000.0,True,,10,TCGA-44-5645-01,TCGA-44-5645,Female,Stage IA,61,0:LIVING,27.99,0,I,matched
TCGA-44-5645,TCGA-44-5645-01Z-00-DX1.8b0d89d7-7849-49a6-a2f5-a8faf2c5aab4,10,TCGA-44-5645-01,4.166861004163256,1.0250106681465008,86917.31885493515,86.91731885493515,0.2459910870850688,84.79650169115351,1.7045996767052347,0.20120567109408893,0.6238911534006917,1.7824677972078773,108,0.11282295553831166,25.918791121684507,3236.640625,100.80907020513044,16.937344488961763,0.8691644802214264,1000.0,True,,11,TCGA-44-5645-01,TCGA-44-5645,Female,Stage IA,61,0:LIVING,27.99,0,I,matched
TCGA-44-6145,TCGA-44-6145-01Z-00-DX1.175ad655-b054-407d-bb22-3a4f85849488,1,TCGA-44-6145-01,28.263790014998516,13.25864822679812,498995.0677571562,498.9950677571562,0.4691036913224398,37.63544059858207,1.692469695717723,0.07445231778049341,0.5659963153144454,1.4981080937558375,305,0.2428945557822969,10.791192541345238,4372.21875,139.29560518910853,11.070794912742265,0.959236224334206,1000.0,True,,2,TCGA-44-6145-01,TCGA-44-6145,Female,Stage IA,62,0:LIVING,19.55,0,I,matched
TCGA-44-6145,TCGA-44-6145-01Z-00-DX1.175ad655-b054-407d-bb22-3a4f85849488,2,TCGA-44-6145-01,0.25713526603148573,0.05682088465938051,3170.2158877779675,3.1702158877779674,0.2209766304573053,55.79314554467429,1.2584243531931578,0.2106214693579113,0.7620885511086289,1.2244290988084028,5,0.8209654648661467,19.445018480614632,3817.728409380511,117.94173945745416,48.59269492423733,0.5617995306655169,1000.0,True,,3,TCGA-44-6145-01,TCGA-44-6145,Female,Stage IA,62,0:LIVING,19.55,0,I,matched
TCGA-44-6145,TCGA-44-6145-01Z-00-DX1.175ad655-b054-407d-bb22-3a4f85849488,3,TCGA-44-6145-01,18.617778531152545,9.241525273478281,289632.5725964836,289.63257259648356,0.49638173845578437,31.340343073852033,1.731346691348657,0.056030367878344735,0.5620598807228256,1.2103153062221945,148,0.48952463435566645,7.949390941156392,4652.515625,173.27154018390576,13.751136269737533,0.9260017148979667,1000.0,True,,4,TCGA-44-6145-01,TCGA-44-6145,Female,Stage IA,62,0:LIVING,19.55,0,I,matched
TCGA-44-6145,TCGA-44-6145-01Z-00-DX1.175ad655-b054-407d-bb22-3a4f85849488,4,TCGA-44-6145-01,0.24570869727196212,0.03920551755631542,5541.278379799327,5.541278379799327,0.15956096789248317,141.3392482790145,,0.10990766203069366,0.5643169794889008,1.4591954244647396,4,0.6409469567311374,16.279440021500783,4674.40625,120.95511715613347,6.125,0.4492662270293105,1000.0,True,,5,TCGA-44-6145-01,TCGA-44-6145,Female,Stage IA,62,0:LIVING,19.55,0,I,matched
TCGA-44-6145,TCGA-44-6145-01Z-00-DX1.175ad655-b054-407d-bb22-3a4f85849488,5,TCGA-44-6145-01,10.019066083584674,3.7684143411435462,224811.60287979618,224.81160287979617,0.37612431235659277,59.65681650908266,1.738668461940217,0.09717311990981736,0.5769180345474642,1.6673788858388165,160,0.21254763664666138,15.969552318069386,4788.796875,121.59885346542045,11.454864054175905,0.9230128760078562,1000.0,True,,6,TCGA-44-6145-01,TCGA-44-6145,Female,Stage IA,62,0:LIVING,19.55,0,I,matched
TCGA-44-6147,TCGA-44-6147-01Z-00-DX1.a34a9f49-e86b-43ee-9e2d-7ef35da0aecf,1,TCGA-44-6147-01,16.719134970857688,7.445680935681709,246495.77190128402,246.49577190128403,0.4453388855739196,33.10587359713601,1.702345405996243,0.0693012823285078,0.5849953494936596,1.6236742302441693,144,0.4415092434149737,8.612885789306649,4675.84375,142.61575616407185,16.239395660935457,0.9002330170516197,1000.0,True,,2,TCGA-44-6147-01,TCGA-44-6147,Female,Stage IA,67,0:LIVING,27.76,0,I,matched
TCGA-44-6147,TCGA-44-6147-01Z-00-DX1.a34a9f49-e86b-43ee-9e2d-7ef35da0aecf,2,TCGA-44-6147-01,17.003816907697125,7.438709476845339,251422.0373919334,251.4220373919334,0.4374729225341197,33.7991473083525,1.7124035920380414,0.07709923056311305,0.5882553306661502,1.5377907760185021,158,0.4122133666887848,9.292031363174587,5559.359375,154.45635532526683,14.31891227744802,0.9368623676612127,1000.0,True,,3,TCGA-44-6147-01,TCGA-44-6147,Female,Stage IA,67,0:LIVING,27.76,0,I,matched
TCGA-44-6147,TCGA-44-6147-01Z-00-DX1.a34a9f49-e86b-43ee-9e2d-7ef35da0aecf,3,TCGA-44-6147-01,16.268823100647843,6.968680386652997,239862.06253848138,239.86206253848138,0.4283456979980006,34.420012000820904,1.7200606719517337,0.08015575396546928,0.5744864672992935,1.5565576724891066,143,0.40868216166226207,8.78981836088104,5854.09375,143.35145839858066,15.26843148460247,0.8796292020577523,1000.0,True,,4,TCGA-44-6147-01,TCGA-44-6147,Female,Stage IA,67,0:LIVING,27.76,0,I,matched
TCGA-44-6147,TCGA-44-6147-01Z-00-DX1.a34a9f49-e86b-43ee-9e2d-7ef35da0aecf,4,TCGA-44-6147-01,9.34551981300933,3.706104385474957,147529.81379201278,147.5298137920128,0.39656482032341467,39.80724729994513,1.720803528465384,0.08527219382172066,0.5810264505950857,1.5169345042364293,102,0.48031963997254656,10.914320662828406,4377.96875,134.30492358807996,15.501007998963747,0.8871051215912112,1000.0,True,,5,TCGA-44-6147-01,TCGA-44-6147,Female,Stage IA,67,0:LIVING,27.76,0,I,matched
TCGA-44-6147,TCGA-44-6147-01Z-00-DX1.a34a9f49-e86b-43ee-9e2d-7ef35da0aecf,5,TCGA-44-6147-01,0.1608403225857568,0.023459787162491617,2383.433681480941,2.3834336814809407,0.14585762317147388,101.59656031712271,,0.15846787391019035,0.6006013885508594,1.625289236132798,2,0.7545088790833061,12.434692792496984,10438.768581245808,125.76472329313972,31.643522243896932,0.17418089727288086,1000.0,True,,6,TCGA-44-6147-01,TCGA-44-6147,Female,Stage IA,67,0:LIVING,27.76,0,I,matched
TCGA-44-6774,TCGA-44-6774-01Z-00-DX1.f169485b-f863-4be0-9844-258d78170b64,1,TCGA-44-6774-01,24.870777062555153,11.6990771036411,329952.9347647606,329.9529347647606,0.470394514582938,28.203330215002126,1.695448380852118,0.09899254165610165,0.576459094503964,1.5847447655939333,194,0.24861475439195943,7.8003192064345175,7232.71875,175.92115952806614,13.966437396546386,0.9035178482464868,1000.0,True,,2,TCGA-44-6774-01,TCGA-44-6774,Female,Stage IIIA,56,0:LIVING,21.62,0,III,matched
TCGA-44-6774,TCGA-44-6774-01Z-00-DX1.f169485b-f863-4be0-9844-258d78170b64,2,TCGA-44-6774-01,0.21822744220947204,0.013352917013435196,2205.4064122652176,2.2054064122652175,0.061188074598876555,165.16289362438346,1.126895151409255,0.17179247667855227,0.7003383162410579,3.0711054264210027,3,0.3986293135779128,13.7471253368784,4529.375,95.20405716144664,1.9039432764659772,0.2901224573901269,1000.0,True,,3,TCGA-44-6774-01,TCGA-44-6774,Female,Stage IIIA,56,0:LIVING,21.62,0,III,matched
TCGA-44-6774,TCGA-44-6774-01Z-00-DX1.f169485b-f863-4be0-9844-258d78170b64,3,TCGA-44-6774-01,22.479900560644676,10.978854974065314,295971.5991990881,295.97159919908813,0.4883853887363665,26.958330344853263,1.7005216629265913,0.07427278191021255,0.5636380976368196,1.3731961909029522,156,0.29138857023251635,6.939532476095893,6001.296875,166.35151587156957,15.521140521184776,0.9150133057682944,1000.0,True,,4,TCGA-44-6774-01,TCGA-44-6774,Female,Stage IIIA,56,0:LIVING,21.62,0,III,matched
TCGA-44-6774,TCGA-44-6774-01Z-00-DX1.f169485b-f863-4be0-9844-258d78170b64,4,TCGA-44-6774-01,1.2668303457370216,0.3246558648314975,15639.149802480659,15.63914980248066,0.25627414588227115,48.171468612149276,1.4959746848426991,0.13960062398091208,0.607693894319674,1.7201294047758233,12,0.43997887368089694,9.472460176203462,7372.484375,163.84002373579904,7.705860338048563,0.63924557702047,1000.0,True,,5,TCGA-44-6774-01,TCGA-44-6774,Female,Stage IIIA,56,0:LIVING,21.62,0,III,matched
TCGA-44-6774,TCGA-44-6774-01Z-00-DX1.f169485b-f863-4be0-9844-258d78170b64,5,TCGA-44-6774-01,0.2737794625183757,0.043406720708002736,3077.0964300417463,3.0770964300417463,0.15854629967026593,70.88986175070427,1.1252712312027626,0.24921365159572043,0.7183981576276837,1.4455177919686422,4,0.7345095970767881,14.610299703293213,4655.453125,193.54139732105313,55.90960837034996,0.4252698268212832,1000.0,True,,6,TCGA-44-6774-01,TCGA-44-6774,Female,Stage IIIA,56,0:LIVING,21.62,0,III,matched
TCGA-44-6774,TCGA-44-6774-01Z-00-DX1.f169485b-f863-4be0-9844-258d78170b64,6,TCGA-44-6774-01,0.2346592119002474,0.04763114415250636,2819.0925802121274,2.819092580212127,0.20298007381339947,59.185909353466286,1.1935129742196142,0.2678423378211703,0.7082864289911968,2.040721225807201,3,0.4349689766993418,12.78449704022396,19038.875,169.66920941938758,4.75,0.4195787642897929,1000.0,True,,7,TCGA-44-6774-01,TCGA-44-6774,Female,Stage IIIA,56,0:LIVING,21.62,0,III,matched
TCGA-44-6775,TCGA-44-6775-01Z-00-DX1.38d3bc6d-8bb5-4126-8d61-d39e6a1d7bcf,1,TCGA-44-6775-01,22.487502210647694,8.31294820345953,426093.26389383513,426.0932638938351,0.36966970033352126,51.25657630303908,1.6953307505501893,0.09993092019809893,0.5526306803973693,2.1205869584031687,258,0.12575188318098052,11.473039450234655,6473.65625,132.076209061284,13.174312126255398,0.9570603758660193,1000.0,True,,2,TCGA-44-6775-01,TCGA-44-6775,Female,Stage IB,72,0:LIVING,23.16,0,I,matched
TCGA-44-6775,TCGA-44-6775-01Z-00-DX1.38d3bc6d-8bb5-4126-8d61-d39e6a1d7bcf,2,TCGA-44-6775-01,27.07522055056429,10.283535025983792,527296.1259949479,527.2961259949478,0.37981352753078373,51.275765061587194,1.6786019018266332,0.09519946281046732,0.49763160830202413,2.147313926286623,299,0.13433998758720567,11.04330801079175,5906.0,135.8508488195786,11.567735301259274,0.9642924839579794,1000.0,True,,3,TCGA-44-6775-01,TCGA-44-6775,Female,Stage IB,72,0:LIVING,23.16,0,I,matched
TCGA-44-6775,TCGA-44-6775-01Z-00-DX1.38d3bc6d-8bb5-4126-8d61-d39e6a1d7bcf,3,TCGA-44-6775-01,3.6214392153143895,1.1792584239936788,61700.082351174315,61.700082351174316,0.32563253278056287,52.32108679132493,,0.09522893825934646,0.5368973635004525,1.5822233333764222,38,0.4112272581435796,10.493065806352652,5219.359375,166.43843878818979,13.73243448791475,0.8881824400526965,1000.0,True,,4,TCGA-44-6775-01,TCGA-44-6775,Female,Stage IB,72,0:LIVING,23.16,0,I,matched
TCGA-44-6775,TCGA-44-6775-01Z-00-DX1.38d3bc6d-8bb5-4126-8d61-d39e6a1d7bcf,4,TCGA-44-6775-01,0.15556716129287776,0.0223050625,3994.069767984201,3.994069767984201,0.14337899023565445,179.06561651572153,1.41606627250204,0.08529748715156454,0.60806857659537,2.4405843281423,3,0.6389140383295124,19.284275518482108,5222.96875,86.89082589663883,4.5069390943299865,0.4415489177921462,1000.0,True,,5,TCGA-44-6775-01,TCGA-44-6775,Female,Stage IB,72,0:LIVING,23.16,0,I,matched
TCGA-44-6775,TCGA-44-6775-01Z-00-DX1.38d3bc6d-8bb5-4126-8d61-d39e6a1d7bcf,5,TCGA-44-6775-01,0.15967702678405565,0.021431434801030713,4131.893297874543,4.1318932978745435,0.13421739640740055,192.79592506218137,1.3776748681915,0.08445136103420926,0.5878428528451927,1.9523664836872379,4,0.5128049512587849,25.050566637926746,4062.671875,124.53995027044982,5.587310601229374,0.37388602251407127,1000.0,True,,6,TCGA-44-6775-01,TCGA-44-6775,Female,Stage IB,72,0:LIVING,23.16,0,I,matched
TCGA-44-6775,TCGA-44-6775-01Z-00-DX1.38d3bc6d-8bb5-4126-8d61-d39e6a1d7bcf,6,TCGA-44-6775-01,3.024936052989089,0.9052338653056627,54752.40462868449,54.75240462868449,0.29925719071355456,60.48426459409658,1.6414598244495209,0.07152762958893959,0.45116137162175907,2.000417744211458,34,0.5482062630292117,11.2399070275892,3649.359375,134.8534070991534,11.266234419793525,0.8184047771404327,1000.0,True,,7,TCGA-44-6775-01,TCGA-44-6775,Female,Stage IB,72,0:LIVING,23.16,0,I,matched
TCGA-44-6775,TCGA-44-6775-01Z-00-DX1.38d3bc6d-8bb5-4126-8d61-d39e6a1d7bcf,7,TCGA-44-6775-01,23.49223060395803,8.961819395260827,454335.24342285644,454.3352434228564,0.3814801389592573,50.696764059217394,1.7164220304909974,0.10862346174718317,0.5287081590483426,1.9067609114843111,289,0.1744489384723115,12.301939516603781,6005.15625,134.53699537673643,10.854146673046206,0.9662869484984753,1000.0,True,,8,TCGA-44-6775-01,TCGA-44-6775,Female,Stage IB,72,0:LIVING,23.16,0,I,matched
TCGA-44-6775,TCGA-44-6775-01Z-00-DX1.38d3bc6d-8bb5-4126-8d61-d39e6a1d7bcf,8,TCGA-44-6775-01,0.25374599181090585,0.0482571875,2370.1549416771854,2.3701549416771854,0.1901791124092386,49.11506584749029,1.1968629642696493,0.3075563336793198,0.8422508537932061,2.2985268630248665,3,0.8199891852919972,11.822846850072143,7371.3125,219.1519521359552,73.18896774787851,0.5619183719908352,1000.0,True,,9,TCGA-44-6775-01,TCGA-44-6775,Female,Stage IB,72,0:LIVING,23.16,0,I,matched
TCGA-44-6775,TCGA-44-6775-01Z-00-DX1.38d3bc6d-8bb5-4126-8d61-d39e6a1d7bcf,9,TCGA-44-6775-01,0.27367184517281296,0.05011121875,1933.042982953184,1.933042982953184,0.18310695686783837,38.57505427271581,1.1919030987869819,0.32658221811728305,0.875335159637844,2.492747691247117,2,0.8731812795718163,7.308022492182486,24539.703125,403.85813180496933,70.86695280594475,0.325741109820784,1000.0,True,,10,TCGA-44-6775-01,TCGA-44-6775,Female,Stage IB,72,0:LIVING,23.16,0,I,matched
TCGA-44-6775,TCGA-44-6775-01Z-00-DX1.38d3bc6d-8bb5-4126-8d61-d39e6a1d7bcf,10,TCGA-44-6775-01,22.623852454768247,10.537091432310163,314914.2182276805,314.91421822768046,0.4657514211329355,29.886256587092966,1.6693572310940215,0.05663355864340451,0.5293189327917798,1.6996781736749105,205,0.747378183362215,9.061233068499517,4993.84375,133.30703516694084,15.331748106461964,0.956318036543214,1000.0,True,,11,TCGA-44-6775-01,TCGA-44-6775,Female,Stage IB,72,0:LIVING,23.16,0,I,matched
TCGA-44-6775,TCGA-44-6775-01Z-00-DX1.38d3bc6d-8bb5-4126-8d61-d39e6a1d7bcf,11,TCGA-44-6775-01,0.8943249334886245,0.179623916586424,13539.345557924531,13.53934555792453,0.20084860642958777,75.37607360548911,1.4209203871349552,0.17463759080692118,0.6796045427535855,2.0772760607514074,12,0.5128896277578336,13.41794190305065,3503.4375,179.48189859491328,3.816084380618437,0.8369875611546557,1000.0,True,,12,TCGA-44-6775-01,TCGA-44-6775,Female,Stage IB,72,0:LIVING,23.16,0,I,matched
TCGA-44-6776,TCGA-44-6776-01Z-00-DX1.551e200f-5f40-4b95-8b2f-7c6000a21be0,1,TCGA-44-6776-01,60.47841865692511,32.009414157121235,1332669.378486318,1332.669378486318,0.5292700250431561,41.63366976804962,1.732359531257591,0.0194254240394724,0.5778300742744973,1.6417341122940219,709,0.7150535335183117,11.723190118808036,3059.3125,103.82828371884031,6.604922406811453,0.9690047689706396,1000.0,True,,2,TCGA-44-6776-01,TCGA-44-6776,Female,Stage IA,60,0:LIVING,85.94,0,I,matched
TCGA-44-6776,TCGA-44-6776-01Z-00-DX1.551e200f-5f40-4b95-8b2f-7c6000a21be0,2,TCGA-44-6776-01,0.49972566080573305,0.09319537919445502,14151.821944540981,14.15182194454098,0.18649308311322532,151.85111179184935,1.4601126679318726,0.16392048305642667,0.5883027468044434,1.8617219044974933,17,0.24417702989549828,34.01866530646042,2482.5625,86.82311850106514,12.440741913221757,0.831141389979905,1000.0,True,,3,TCGA-44-6776-01,TCGA-44-6776,Female,Stage IA,60,0:LIVING,85.94,0,I,matched
TCGA-44-6776,TCGA-44-6776-01Z-00-DX1.551e200f-5f40-4b95-8b2f-7c6000a21be0,3,TCGA-44-6776-01,61.1846956408415,34.32289008033839,1039747.0588925333,1039.7470588925332,0.56097182017242,30.293109247468195,1.6984357800168601,0.02336259636882067,0.5297368255996682,1.197441658542157,591,0.7904406951069566,9.659278252673053,3092.90625,113.34378015577211,8.551315688243536,0.9684182445851994,1000.0,True,,4,TCGA-44-6776-01,TCGA-44-6776,Female,Stage IA,60,0:LIVING,85.94,0,I,matched
TCGA-44-6779,TCGA-44-6779-01Z-00-DX1.40f10ad8-55f3-4043-a89b-37d33a26dd8c,1,TCGA-44-6779-01,36.12644609735588,24.615652329897937,643557.2987877037,643.5572987877038,0.6813748649275405,26.14423092115439,1.5538587709153138,0.021432059575955113,0.7094998338513405,1.3579015464923292,447,0.8267937811040362,12.373207118004233,2407.8125,90.27215794473953,7.318640584152224,0.9404672802865198,1000.0,True,,2,TCGA-44-6779-01,TCGA-44-6779,Female,Stage IIB,50,1:DECEASED,16.43,1,II,matched
TCGA-44-6779,TCGA-44-6779-01Z-00-DX1.40f10ad8-55f3-4043-a89b-37d33a26dd8c,2,TCGA-44-6779-01,35.090487770741404,23.612804132779388,634868.8893514178,634.8688893514178,0.6729118240547185,26.886636834042523,1.583677772808573,0.023313220357049316,0.6285837943191656,1.4822325218241066,497,0.8579471977832621,14.163382488356309,2372.65625,85.9643139986006,7.850159234053791,0.9565808942780176,1000.0,True,,3,TCGA-44-6779-01,TCGA-44-6779,Female,Stage IIB,50,1:DECEASED,16.43,1,II,matched
TCGA-44-7667,TCGA-44-7667-01Z-00-DX1.2be2e379-7368-4fa7-a619-ace84febecb3,1,TCGA-44-7667-01,0.9989395322892901,0.11378175379464599,17527.772037544168,17.527772037544167,0.11390254376447594,154.04730066982796,1.3608068988191684,0.0719622413182796,0.6371849884020719,2.2826324047996867,8,0.3880029628371985,8.008492747970678,4175.265625,199.84904459366325,30.105023228537814,0.7091702336361715,1000.0,True,,2,TCGA-44-7667-01,TCGA-44-7667,Female,Stage IIB,49,0:LIVING,36.04,0,II,matched
TCGA-44-7667,TCGA-44-7667-01Z-00-DX1.2be2e379-7368-4fa7-a619-ace84febecb3,2,TCGA-44-7667-01,9.833143411800561,3.7371012282402183,88633.01921550096,88.63301921550095,0.3800515330382955,23.717050677066563,1.4390385309568199,0.1285588381980823,0.6045044290537821,1.925832213705269,25,0.28309894444444217,2.5424219858319157,18976.40625,242.53144931379518,41.80011961705373,0.9274142243444412,1000.0,True,,3,TCGA-44-7667-01,TCGA-44-7667,Female,Stage IIB,49,0:LIVING,36.04,0,II,matched
TCGA-44-7667,TCGA-44-7667-01Z-00-DX1.2be2e379-7368-4fa7-a619-ace84febecb3,3,TCGA-44-7667-01,1.7368607725236758,0.9059902160873282,21468.5038329784,21.4685038329784,0.5216251241433218,23.696176240946354,,0.03554770942701687,0.706479650608614,1.3472359492175434,2,0.9982431060795054,1.1515027753744362,449763.921875,630.9844119508817,81.0096444875547,0.27418134284385043,1000.0,True,,4,TCGA-44-7667-01,TCGA-44-7667,Female,Stage IIB,49,0:LIVING,36.04,0,II,matched
TCGA-44-7667,TCGA-44-7667-01Z-00-DX1.2be2e379-7368-4fa7-a619-ace84febecb3,4,TCGA-44-7667-01,0.20570271066399012,0.03069028125,4414.460117939262,4.414460117939262,0.14919726216020437,143.8390245426396,,0.028097960485655448,0.4748050895383664,2.5535211267605633,1,1.0,4.861384649585261,28703.125,,,0.0,1000.0,True,,5,TCGA-44-7667-01,TCGA-44-7667,Female,Stage IIB,49,0:LIVING,36.04,0,II,matched
TCGA-44-7667,TCGA-44-7667-01Z-00-DX1.2be2e379-7368-4fa7-a619-ace84febecb3,5,TCGA-44-7667-01,0.5029000030537638,0.07832340625,11515.465310872722,11.515465310872722,0.15574349925312414,147.02457237516685,1.4389673017554647,0.0531990374077302,0.5811317074974812,2.012919441105338,6,0.40958868909811835,11.930801279709984,8740.5,203.3908369088379,16.110943485718025,0.5454459183742637,1000.0,True,,6,TCGA-44-7667-01,TCGA-44-7667,Female,Stage IIB,49,0:LIVING,36.04,0,II,matched
TCGA-44-7667,TCGA-44-7667-01Z-00-DX1.2be2e379-7368-4fa7-a619-ace84febecb3,6,TCGA-44-7667-01,1.0106351643561025,0.35360975,17378.4988053016,17.3784988053016,0.3498886269460973,49.145983122076245,1.4303338019966534,0.04556402652125931,0.595964979555172,1.4345645495839692,5,0.9135632635055094,4.9473837605735875,2499.75,191.03886425607226,24.627220712049503,0.4789580819207454,1000.0,True,,7,TCGA-44-7667-01,TCGA-44-7667,Female,Stage IIB,49,0:LIVING,36.04,0,II,matched
TCGA-44-7667,TCGA-44-7667-01Z-00-DX1.2be2e379-7368-4fa7-a619-ace84febecb3,7,TCGA-44-7667-01,3.3243613308950883,1.5728947307837686,18822.451621283522,18.822451621283523,0.47314192839569125,11.966758647544298,1.320892635786666,0.25367076340922934,0.8508873678216162,1.8294801034962522,9,0.6672891105706179,2.7072869354958895,47451.9375,317.6787882437227,37.98025802966588,0.7797880327562072,1000.0,True,,8,TCGA-44-7667-01,TCGA-44-7667,Female,Stage IIB,49,0:LIVING,36.04,0,II,matched
TCGA-44-7667,TCGA-44-7667-01Z-00-DX1.2be2e379-7368-4fa7-a619-ace84febecb3,8,TCGA-44-7667-01,0.9284834566339346,0.31776165625,9087.117981040123,9.087117981040123,0.34223728379824137,28.597276613798876,1.2670971037741718,0.2592218229140812,0.7514989218617588,2.08409201529998,4,0.4112115702574492,4.308100452862507,91032.875,418.3866610463658,35.80251072148855,0.5073674016559347,1000.0,True,,9,TCGA-44-7667-01,TCGA-44-7667,Female,Stage IIB,49,0:LIVING,36.04,0,II,matched
TCGA-44-7667,TCGA-44-7667-01Z-00-DX1.2be2e379-7368-4fa7-a619-ace84febecb3,9,TCGA-44-7667-01,3.572612591620824,1.0360330797177435,55145.46884031608,55.145468840316084,0.2899931221615372,53.22751746048485,1.4856420964981218,0.08111645447322152,0.5500648680528003,1.5593642091083921,27,0.3564538264487747,7.557494496695662,3683.7467289986594,190.74410213686818,9.650129532809391,0.787924818785677,1000.0,True,,10,TCGA-44-7667-01,TCGA-44-7667,Female,Stage IIB,49,0:LIVING,36.04,0,II,matched
TCGA-44-7667,TCGA-44-7667-01Z-00-DX1.2be2e379-7368-4fa7-a619-ace84febecb3,10,TCGA-44-7667-01,8.501044408682313,3.041894808879765,93330.449355137,93.33044935513699,0.3578260108573257,30.68168204984961,1.5192552676476097,0.05430055433781985,0.5195569146865177,2.153232857796517,29,0.29173129586448165,3.4113455483636375,5599.898668176381,225.65006785950675,18.386476008196894,0.8376350094287155,1000.0,True,,11,TCGA-44-7667-01,TCGA-44-7667,Female,Stage IIB,49,0:LIVING,36.04,0,II,matched
TCGA-44-7667,TCGA-44-7667-01Z-00-DX1.2be2e379-7368-4fa7-a619-ace84febecb3,11,TCGA-44-7667-01,0.21523473098235424,0.034613060480155264,2314.59203541762,2.31459203541762,0.16081540521911852,66.87048193108053,1.1550320766487532,0.183509538105343,0.6304469607483648,3.205728619093283,2,0.8231655675516586,9.292180638653376,17063.679787636233,374.3400371121213,69.85789146546007,0.415059540116123,1000.0,True,,12,TCGA-44-7667-01,TCGA-44-7667,Female,Stage IIB,49,0:LIVING,36.04,0,II,matched
TCGA-44-7667,TCGA-44-7667-01Z-00-DX1.2be2e379-7368-4fa7-a619-ace84febecb3,12,TCGA-44-7667-01,1.1750765963456913,0.36442735804129717,9241.077386333576,9.241077386333576,0.3101307260944611,25.357803640215096,1.2617896112280211,0.2919502551734768,0.7612149552961993,2.0401044543844233,5,0.389421067863135,4.255041769659303,95844.84375,357.3998329952044,42.46248344126848,0.5067694188917694,1000.0,True,,13,TCGA-44-7667-01,TCGA-44-7667,Female,Stage IIB,49,0:LIVING,36.04,0,II,matched
TCGA-44-7667,TCGA-44-7667-01Z-00-DX1.2be2e379-7368-4fa7-a619-ace84febecb3,13,TCGA-44-7667-01,2.197094466393174,0.790639638277498,42512.903650592576,42.51290365059258,0.35985691574538403,53.770265987690635,1.5361222429417905,0.10817489815928351,0.6856747575406561,1.590696936280649,25,0.3921965784656798,11.378664132289614,6348.59375,185.9652290248099,5.942432162002357,0.8334881332855664,1000.0,True,,14,TCGA-44-7667-01,TCGA-44-7667,Female,Stage IIB,49,0:LIVING,36.04,0,II,matched
TCGA-44-7667,TCGA-44-7667-01Z-00-DX1.2be2e379-7368-4fa7-a619-ace84febecb3,14,TCGA-44-7667-01,1.723681054472703,0.5332928175725108,16245.754422639091,16.24575442263909,0.30939181943706645,30.463103734619843,1.333215458416803,0.0832365710527251,0.4727782091484616,1.5145298298510006,3,0.6433735015017393,1.7404612020393413,111743.53125,593.5594727205101,36.235341863986875,0.4254865724459166,1000.0,True,,15,TCGA-44-7667-01,TCGA-44-7667,Female,Stage IIB,49,0:LIVING,36.04,0,II,matched
TCGA-44-7667,TCGA-44-7667-01Z-00-DX1.2be2e379-7368-4fa7-a619-ace84febecb3,15,TCGA-44-7667-01,2.377573202373557,0.86380825,40525.65839512879,40.525658395128794,0.3633151017758995,46.915109221437504,1.5009930267920608,0.09293226563586249,0.6945948535532507,1.695634518701486,18,0.39152944629792685,7.570744817459419,16508.625,208.09628180243874,15.674093448714867,0.7883681269110061,1000.0,True,,16,TCGA-44-7667-01,TCGA-44-7667,Female,Stage IIB,49,0:LIVING,36.04,0,II,matched
TCGA-44-7672,TCGA-44-7672-01Z-00-DX1.71f4a0c6-a9cc-481c-ace8-c8c314952aa1,1,TCGA-44-7672-01,0.22067663177948593,0.03638553125,2758.6602986833973,2.7586602986833975,0.16488166851467412,75.81750778156902,1.3003977481643032,0.17757765304233017,0.8060050710424769,1.2837174907772788,3,0.7809814984471298,13.59455224510491,5702.59375,93.42278312194516,1.25,0.2035274572429425,1000.0,True,,2,TCGA-44-7672-01,TCGA-44-7672,Female,Stage IA,52,0:LIVING,23.62,0,I,matched
TCGA-44-7672,TCGA-44-7672-01Z-00-DX1.71f4a0c6-a9cc-481c-ace8-c8c314952aa1,2,TCGA-44-7672-01,5.391976723333194,2.100706706945954,80255.40528599202,80.25540528599203,0.3895986230532809,38.20400297701187,1.599570126510282,0.09755723401946949,0.6444468641508364,1.4659352262769274,53,0.3665968692499545,9.829419287113806,6120.84375,133.10269766236897,16.0,0.8583278110832434,1000.0,True,,3,TCGA-44-7672-01,TCGA-44-7672,Female,Stage IA,52,0:LIVING,23.62,0,I,matched
TCGA-44-7672,TCGA-44-7672-01Z-00-DX1.71f4a0c6-a9cc-481c-ace8-c8c314952aa1,3,TCGA-44-7672-01,0.3032029275811869,0.02757618803006308,3743.491606595622,3.7434916065956223,0.09094961005176695,135.75087327206114,1.2881000247522822,0.25432606503873495,0.820773926545572,1.6496958919429041,6,0.2905203029801136,19.78872713355782,4190.578125,73.0729611126823,6.8282501418738315,0.3794143964186816,1000.0,True,,4,TCGA-44-7672-01,TCGA-44-7672,Female,Stage IA,52,0:LIVING,23.62,0,I,matched
TCGA-44-7672,TCGA-44-7672-01Z-00-DX1.71f4a0c6-a9cc-481c-ace8-c8c314952aa1,4,TCGA-44-7672-01,0.19818828761260757,0.03879325,1959.059487247683,1.959059487247683,0.1957393671811119,50.50000933790499,1.1823036805526044,0.22989070720542104,0.8104044769637297,1.5729811381311456,3,0.9129884254994554,15.137120543995042,2362.875,80.56696069884975,16.15936261119231,0.2745037534566924,1000.0,True,,5,TCGA-44-7672-01,TCGA-44-7672,Female,Stage IA,52,0:LIVING,23.62,0,I,matched
TCGA-44-7672,TCGA-44-7672-01Z-00-DX1.71f4a0c6-a9cc-481c-ace8-c8c314952aa1,5,TCGA-44-7672-01,5.151984309161076,2.0939952499227235,70769.96367184937,70.76996367184937,0.40644441525166436,33.79662092092189,1.5572761813424492,0.10197806443602263,0.6223964757754817,1.6840272438994335,36,0.37705259581201844,6.987598921057674,10215.90625,196.58701804726752,14.545188207788856,0.8500477431320376,1000.0,True,,6,TCGA-44-7672-01,TCGA-44-7672,Female,Stage IA,52,0:LIVING,23.62,0,I,matched
TCGA-44-7672,TCGA-44-7672-01Z-00-DX1.71f4a0c6-a9cc-481c-ace8-c8c314952aa1,6,TCGA-44-7672-01,0.30320292758118705,0.032804875,4222.203281636551,4.222203281636551,0.10819445333757871,128.70658039808265,1.418674239577061,0.17588778936400518,0.7406181588280586,1.4865160487308202,5,0.29922551076842996,16.490605944631508,5335.84375,95.17157614671515,3.48209706929603,0.3929514139543642,1000.0,True,,7,TCGA-44-7672-01,TCGA-44-7672,Female,Stage IA,52,0:LIVING,23.62,0,I,matched
TCGA-44-7672,TCGA-44-7672-01Z-00-DX1.71f4a0c6-a9cc-481c-ace8-c8c314952aa1,7,TCGA-44-7672-01,0.216282618387458,0.024257375,3540.02961672025,3.54002961672025,0.11215591516718322,145.93622008647884,1.314767004349668,0.2203945555252387,0.6554083211017743,1.4962623431546171,5,0.5003164185761598,23.11790026068015,2083.3125,56.29251865257052,13.050383136138187,0.3479723609098103,1000.0,True,,8,TCGA-44-7672-01,TCGA-44-7672,Female,Stage IA,52,0:LIVING,23.62,0,I,matched
TCGA-44-7672,TCGA-44-7672-01Z-00-DX1.71f4a0c6-a9cc-481c-ace8-c8c314952aa1,8,TCGA-44-7672-01,0.4255279970138402,0.07880857446470538,7171.2549342175425,7.171254934217543,0.1852018551487745,90.99587174272779,,0.09657315511782741,0.5545044697426685,2.567322985997835,4,0.6177197503179753,9.400086546761107,13196.677091724312,167.17769279706926,30.98793639222821,0.41110265665387025,1000.0,True,,9,TCGA-44-7672-01,TCGA-44-7672,Female,Stage IA,52,0:LIVING,23.62,0,I,matched
TCGA-44-7672,TCGA-44-7672-01Z-00-DX1.71f4a0c6-a9cc-481c-ace8-c8c314952aa1,9,TCGA-44-7672-01,2.0236115033971114,0.5621786311904444,32444.93285072877,32.44493285072877,0.2778095648530829,57.71285326520651,1.4979756451447808,0.14109906857319934,0.6973869369648708,1.3406537466263344,21,0.34711695477966686,10.377485977296791,8830.957027998815,192.76995073467754,25.827553116778212,0.9177696423396945,1000.0,True,,10,TCGA-44-7672-01,TCGA-44-7672,Female,Stage IA,52,0:LIVING,23.62,0,I,matched
TCGA-44-7672,TCGA-44-7672-01Z-00-DX1.71f4a0c6-a9cc-481c-ace8-c8c314952aa1,10,TCGA-44-7672-01,2.2738178418181763,0.5731293757958724,36043.60172167843,36.04360172167843,0.25205597618918774,62.88911935743428,1.5334428405678284,0.12780944963544216,0.6704600297134657,1.6365468990369139,24,0.33646406774129756,10.554935210117478,7737.140625,183.16776684430607,22.456953188978574,0.8745313265500294,1000.0,True,,11,TCGA-44-7672-01,TCGA-44-7672,Female,Stage IA,52,0:LIVING,23.62,0,I,matched
TCGA-44-7672,TCGA-44-7672-01Z-00-DX1.71f4a0c6-a9cc-481c-ace8-c8c314952aa1,11,TCGA-44-7672-01,0.29510300520293387,0.07310378125,4535.686777342076,4.535686777342076,0.2477229305060063,62.04448935180184,1.3029725956179519,0.2718490055843209,0.8031752753654281,1.2061218340094602,4,0.6780968483583864,13.554589175563681,10476.234375,138.39420173343666,11.512410943276368,0.5217391304347826,1000.0,True,,12,TCGA-44-7672-01,TCGA-44-7672,Female,Stage IA,52,0:LIVING,23.62,0,I,matched
TCGA-44-A47A,TCGA-44-A47A-01Z-00-DX1.62448803-3A7B-41EC-9794-67916DA0792E,1,TCGA-44-A47A-01,26.248037965603416,11.380050935915675,337197.78914627,337.19778914627,0.4335581558830643,29.630604559252617,1.6815415210725215,0.10472735056444252,0.6473463484929436,2.1908748831036267,219,0.18364376424383833,8.34348076938121,6914.8125,182.5097600129922,16.0,0.9578482788763754,1000.0,True,,2,TCGA-44-A47A-01,TCGA-44-A47A,Female,Stage IB,78,0:LIVING,15.31,0,I,matched
TCGA-44-A47A,TCGA-44-A47A-01Z-00-DX1.62448803-3A7B-41EC-9794-67916DA0792E,2,TCGA-44-A47A-01,28.73969709485418,11.670233899654503,389964.88024962624,389.9648802496262,0.406066697959181,33.41534399419116,1.6874727354043306,0.09817392544937922,0.6611540315715771,2.0755603493217505,236,0.21282768185516315,8.211638390658461,7762.328125,164.66859796210346,17.120887441374897,0.964016414921038,1000.0,True,,3,TCGA-44-A47A-01,TCGA-44-A47A,Female,Stage IB,78,0:LIVING,15.31,0,I,matched
TCGA-44-A47A,TCGA-44-A47A-01Z-00-DX1.62448803-3A7B-41EC-9794-67916DA0792E,3,TCGA-44-A47A-01,0.9510362356102617,0.21108171875,11043.470361506526,11.043470361506527,0.22194918642038164,52.31845953739907,1.4083897476795348,0.21686681838395014,0.698496314190659,2.1799839333697117,11,0.44540941102862985,11.566331111391893,11902.65625,136.61562181902917,28.06465748944747,0.7571320322480712,1000.0,True,,4,TCGA-44-A47A-01,TCGA-44-A47A,Female,Stage IB,78,0:LIVING,15.31,0,I,matched
TCGA-44-A47A,TCGA-44-A47A-01Z-00-DX1.62448803-3A7B-41EC-9794-67916DA0792E,4,TCGA-44-A47A-01,28.710798808853173,12.202874182400716,408797.94986778736,408.79794986778734,0.42502733078390964,33.500136423381775,1.6799469654109667,0.100210777985878,0.6623668669031804,2.050696934854151,263,0.2043291518539742,9.160316358697138,6626.1875,154.30590559016204,15.560366319595435,0.9603551340036215,1000.0,True,,5,TCGA-44-A47A-01,TCGA-44-A47A,Female,Stage IB,78,0:LIVING,15.31,0,I,matched
TCGA-44-A47A,TCGA-44-A47A-01Z-00-DX1.62448803-3A7B-41EC-9794-67916DA0792E,5,TCGA-44-A47A-01,0.36339276967805195,0.07826803125,4024.2672067735352,4.024267206773535,0.21538136633632424,51.4164869424071,1.2142103419381742,0.18436537093856917,0.7951004754240198,2.385100810128034,3,0.9356180437421016,8.255530242546795,3331.84375,109.94181699881078,22.2963001415033,0.35662430390931155,1000.0,True,,6,TCGA-44-A47A-01,TCGA-44-A47A,Female,Stage IB,78,0:LIVING,15.31,0,I,matched
TCGA-44-A47G,TCGA-44-A47G-01Z-00-DX1.810F67EC-3A0C-4056-B736-3331A11412CC,1,TCGA-44-A47G-01,9.32698384998851,2.662148731956758,211962.63012053302,211.96263012053302,0.28542439600772307,79.6208820251505,1.6782781695948665,0.11209726109879659,0.5845496878042816,1.9572516520547334,182,0.09568582848563087,19.51327491579437,3167.3125,119.56669303635283,11.804282487461268,0.9312190486330687,1000.0,True,,2,TCGA-44-A47G-01,TCGA-44-A47G,Female,Stage IA,73,0:LIVING,11.53,0,I,matched
TCGA-44-A47G,TCGA-44-A47G-01Z-00-DX1.810F67EC-3A0C-4056-B736-3331A11412CC,2,TCGA-44-A47G-01,10.686269799264702,2.824121609145302,242757.71168926658,242.75771168926659,0.2642757166153173,85.95866088172289,1.7013098417024626,0.10965123149394523,0.5575913990061314,1.7545906089423164,180,0.15402917623650572,16.844044122148723,3968.5625,126.87264924339163,15.890747258551885,0.919650805597248,1000.0,True,,3,TCGA-44-A47G-01,TCGA-44-A47G,Female,Stage IA,73,0:LIVING,11.53,0,I,matched
TCGA-44-A47G,TCGA-44-A47G-01Z-00-DX1.810F67EC-3A0C-4056-B736-3331A11412CC,3,TCGA-44-A47G-01,9.869610750621975,2.7145269918255925,225922.24758187743,225.92224758187743,0.2750389108967165,83.22711406525328,1.6685373436187791,0.12088339784039219,0.585443599877863,1.8261119120293992,189,0.08337341695824001,19.14969138859801,3991.0625,126.87697042804892,14.76905548774193,0.9371402745563759,1000.0,True,,4,TCGA-44-A47G-01,TCGA-44-A47G,Female,Stage IA,73,0:LIVING,11.53,0,I,matched
TCGA-44-A4SU,TCGA-44-A4SU-01Z-00-DX1.AE2607C1-B208-4557-ADB4-6AAF03C6D3A9,1,TCGA-44-A4SU-01,25.71911239381458,16.016549384618646,314862.9141781542,314.8629141781542,0.6227489168121763,19.65859852937675,1.6054518577605101,0.025042445750036574,0.6913840672785861,1.5470957540522154,105,0.5776568087629426,4.082567018341286,3632.71875,151.50020627048664,9.80433577556379,0.9577080925534884,1000.0,True,,2,TCGA-44-A4SU-01,TCGA-44-A4SU,Female,Stage IA,67,1:DECEASED,13.44,1,I,matched
TCGA-44-A4SU,TCGA-44-A4SU-01Z-00-DX1.AE2607C1-B208-4557-ADB4-6AAF03C6D3A9,2,TCGA-44-A4SU-01,26.291816542165844,16.3949756064096,308974.1865876747,308.9741865876747,0.6235771339768762,18.84566308637151,,0.029217974335752368,0.7019073859743941,1.619325221874779,120,0.6051895020442782,4.564157817226072,4724.96875,137.64339114174714,10.625,0.9403029815004547,1000.0,True,,3,TCGA-44-A4SU-01,TCGA-44-A4SU,Female,Stage IA,67,1:DECEASED,13.44,1,I,matched
TCGA-44-A4SU,TCGA-44-A4SU-01Z-00-DX1.AE2607C1-B208-4557-ADB4-6AAF03C6D3A9,3,TCGA-44-A4SU-01,25.490750112296027,16.047249115110596,296696.5237097328,296.6965237097328,0.6295322438302767,18.488933622296297,,0.02902538153517134,0.7181889823377161,1.4972244152907872,124,0.5814909123281818,4.86450965364828,3129.671875,134.5352036852634,10.876453291901642,0.9436147082490802,1000.0,True,,4,TCGA-44-A4SU-01,TCGA-44-A4SU,Female,Stage IA,67,1:DECEASED,13.44,1,I,matched
TCGA-44-A4SU,TCGA-44-A4SU-01Z-00-DX1.AE2607C1-B208-4557-ADB4-6AAF03C6D3A9,4,TCGA-44-A4SU-01,25.24334492656954,16.225208220991107,276837.11804438615,276.83711804438616,0.6427519121649161,17.06216119225099,,0.024301272483770425,0.6291787351880661,2.398914787367293,108,0.8064836335250144,4.278355357190642,3257.203125,140.0466185174918,14.020074892809953,0.9455762732465521,1000.0,True,,5,TCGA-44-A4SU-01,TCGA-44-A4SU,Female,Stage IA,67,1:DECEASED,13.44,1,I,matched
TCGA-49-4487,TCGA-49-4487-01Z-00-DX1.3a3a0720-463c-430e-849b-e2f8991bdfa5,1,TCGA-49-4487-01,53.79005982617733,17.831565856993578,1073917.4414715338,1073.917441471534,0.33150299357569624,60.22563862782366,1.6912077882894903,0.07385504543385717,0.5327059788845111,1.9255342529071198,752,0.14032792247187933,13.980278185785428,3337.203125,120.03052997050375,11.75132963677158,0.9699489006590768,1000.0,True,,2,TCGA-49-4487-01,TCGA-49-4487,Female,Stage IA,72,1:DECEASED,28.09,1,I,matched
TCGA-49-4487,TCGA-49-4487-01Z-00-DX1.3a3a0720-463c-430e-849b-e2f8991bdfa5,2,TCGA-49-4487-01,0.7661030726368712,0.12308697264720544,18322.026216432172,18.32202621643217,0.16066633465331112,148.85430864358943,1.5130897343957985,0.1165706024312081,0.574288686697158,2.0937108477653146,19,0.33649356310202583,24.800840355075692,3085.4375,102.74043827164648,5.25,0.7821995818314312,1000.0,True,,3,TCGA-49-4487-01,TCGA-49-4487,Female,Stage IA,72,1:DECEASED,28.09,1,I,matched
TCGA-49-4487,TCGA-49-4487-01Z-00-DX1.3a3a0720-463c-430e-849b-e2f8991bdfa5,3,TCGA-49-4487-01,0.2500889012764506,0.027653,2677.791503656764,2.677791503656764,0.11057267979050422,96.83547910377767,1.2189737725710332,0.22782215507621256,0.7006891480594806,1.4112107105016096,3,0.8250713957671316,11.995734255650842,2337.25,210.40214471340352,38.77015604817706,0.49110370450120344,1000.0,True,,4,TCGA-49-4487-01,TCGA-49-4487,Female,Stage IA,72,1:DECEASED,28.09,1,I,matched
TCGA-49-4487,TCGA-49-4487-01Z-00-DX1.3a3a0720-463c-430e-849b-e2f8991bdfa5,4,TCGA-49-4487-01,2.3874624939821834,0.18884804477557243,28824.57366048113,28.824573660481132,0.07909990010380524,152.633688607877,1.3651606951839965,0.20526656706153348,0.6357921859347655,2.140430424069921,34,0.13608716618610037,14.241061413823294,2416.171875,141.29637615405508,31.029906910142042,0.8400923505120512,1000.0,True,,5,TCGA-49-4487-01,TCGA-49-4487,Female,Stage IA,72,1:DECEASED,28.09,1,I,matched
TCGA-49-4487,TCGA-49-4487-01Z-00-DX1.3a3a0720-463c-430e-849b-e2f8991bdfa5,5,TCGA-49-4487-01,0.20338608548432272,0.02681096875,2575.5440289737003,2.5755440289737,0.1318230236161688,96.06307228170188,1.307717490721267,0.11101753197382051,0.6324571651047901,1.3764823617355357,2,0.5786810264873805,9.833514398182185,13292.296875,162.31609786154914,36.68276161904935,0.1632851088022843,1000.0,True,,6,TCGA-49-4487-01,TCGA-49-4487,Female,Stage IA,72,1:DECEASED,28.09,1,I,matched
TCGA-49-4487,TCGA-49-4487-01Z-00-DX1.3a3a0720-463c-430e-849b-e2f8991bdfa5,6,TCGA-49-4487-01,0.28338942758118707,0.0294768125,4651.360135886075,4.651360135886075,0.10401521592246173,157.79725626324336,1.4096872307485468,0.08518564020695174,0.4117657180178208,1.642483466644838,4,0.5931830926147644,14.114852604563225,4682.84375,155.96160213539304,27.542652199942133,0.46837113610260267,1000.0,True,,7,TCGA-49-4487-01,TCGA-49-4487,Female,Stage IA,72,1:DECEASED,28.09,1,I,matched
TCGA-49-4488,TCGA-49-4488-01Z-00-DX6.3ce306b2-1b00-48f7-8288-c24069037a9c,1,TCGA-49-4488-01,7.3316769946460125,3.401262770255264,87478.95242592953,87.47895242592953,0.46391334107313376,25.71955133574236,1.5918430559177827,0.03272560832530994,0.4229022045626649,2.072962886686275,32,0.9092629363652643,4.364622176259011,4382.859375,186.86899948281055,11.397865274409504,0.8807315086604144,1000.0,True,,2,TCGA-49-4488-01,TCGA-49-4488,Female,Stage IA,74,1:DECEASED,28.55,1,I,matched
TCGA-49-4488,TCGA-49-4488-01Z-00-DX6.3ce306b2-1b00-48f7-8288-c24069037a9c,2,TCGA-49-4488-01,5.684485848903807,2.116195339790882,96828.48132152345,96.82848132152344,0.37227559291030127,45.75592786774204,1.5976854479563258,0.07098472990785427,0.5519718545285235,1.5649634617857704,52,0.40489499088926784,9.147705066418213,2924.703125,113.87225572983087,9.17196816392207,0.790120807829696,1000.0,True,,3,TCGA-49-4488-01,TCGA-49-4488,Female,Stage IA,74,1:DECEASED,28.55,1,I,matched
TCGA-49-4488,TCGA-49-4488-01Z-00-DX6.3ce306b2-1b00-48f7-8288-c24069037a9c,3,TCGA-49-4488-01,34.05755494413383,20.8362802206776,334554.10995384306,334.55410995384307,0.6117961273161361,16.056326100943718,1.5588602026018241,0.038950822541288205,0.6893953559487747,1.3372614500028606,136,0.4824003596730895,3.9932402729170384,4082.875,157.9752484792072,16.27297795741142,0.899475546643233,1000.0,True,,4,TCGA-49-4488-01,TCGA-49-4488,Female,Stage IA,74,1:DECEASED,28.55,1,I,matched
TCGA-49-4488,TCGA-49-4488-01Z-00-DX6.3ce306b2-1b00-48f7-8288-c24069037a9c,4,TCGA-49-4488-01,7.819826569563861,4.494644331226861,87286.21401839957,87.28621401839956,0.5747754494608367,19.4200491932081,1.48834931075237,0.027152670750709373,0.6669163360530319,2.5611232497757697,32,0.9114456184501533,4.092162366432731,3027.078125,165.5854990417535,8.546234552211239,0.9306114821230165,1000.0,True,,5,TCGA-49-4488-01,TCGA-49-4488,Female,Stage IA,74,1:DECEASED,28.55,1,I,matched
TCGA-49-4501,TCGA-49-4501-01Z-00-DX1.9c4bf212-5e32-449e-8710-cf7a3594156e,1,TCGA-49-4501-01,9.899515172139578,4.054063801327304,166347.66283077144,166.34766283077144,0.40952144936721196,41.032324843113976,1.63737153293512,0.11143052767164215,0.6524148954633041,1.8458277924049409,120,0.3410196212519017,12.121805756479734,4859.640625,134.1807986211762,14.044501401802686,0.9211962564201903,1000.0,True,,2,TCGA-49-4501-01,TCGA-49-4501,Female,Stage IB,67,1:DECEASED,46.68,1,I,matched
TCGA-49-4501,TCGA-49-4501-01Z-00-DX1.9c4bf212-5e32-449e-8710-cf7a3594156e,2,TCGA-49-4501-01,50.35974651015787,21.73035675000354,963656.896610993,963.6568966109929,0.43150250459700773,44.34611487042595,1.7034212309263688,0.061828772287256376,0.5492901559010899,1.7734154509566322,633,0.29667953403673525,12.569562872448534,3309.402919643141,119.94458355840834,13.5,0.9813095805637599,1000.0,True,,3,TCGA-49-4501-01,TCGA-49-4501,Female,Stage IB,67,1:DECEASED,46.68,1,I,matched
TCGA-49-4501,TCGA-49-4501-01Z-00-DX1.9c4bf212-5e32-449e-8710-cf7a3594156e,3,TCGA-49-4501-01,0.4859199139588364,0.065668,8703.201981808887,8.703201981808887,0.13514161102185845,132.53337975587633,1.4863311920107831,0.2058159703385468,0.6120123947586861,2.1846275366942067,15,0.2537369201978967,30.869284359625343,2131.25,86.52492415483529,10.75,0.566406596515914,1000.0,True,,4,TCGA-49-4501-01,TCGA-49-4501,Female,Stage IB,67,1:DECEASED,46.68,1,I,matched
TCGA-49-4501,TCGA-49-4501-01Z-00-DX1.9c4bf212-5e32-449e-8710-cf7a3594156e,4,TCGA-49-4501-01,0.23154599181090624,0.03733647186377834,4415.585967830801,4.4155859678308005,0.16124862094036785,118.26468188909259,1.374165315972926,0.05801929809195121,0.4244902065794319,1.9511412100600325,3,0.7783352113910388,12.956389253543946,4494.221863778337,159.18586816988497,5.88430114796991,0.34767823639774864,1000.0,True,,5,TCGA-49-4501-01,TCGA-49-4501,Female,Stage IB,67,1:DECEASED,46.68,1,I,matched
TCGA-49-4501,TCGA-49-4501-01Z-00-DX1.9c4bf212-5e32-449e-8710-cf7a3594156e,5,TCGA-49-4501-01,62.10425684968853,22.195154811407427,1419830.3520948782,1419.8303520948782,0.3573854021814729,63.97028379207978,1.7024567231855188,0.08659102173069451,0.5192014378791865,1.9314753704385508,1047,0.19206023353455254,16.85874774307441,3665.84375,115.84823045692153,11.502717070327341,0.9595511775116106,1000.0,True,,6,TCGA-49-4501-01,TCGA-49-4501,Female,Stage IB,67,1:DECEASED,46.68,1,I,matched
TCGA-49-4501,TCGA-49-4501-01Z-00-DX1.9c4bf212-5e32-449e-8710-cf7a3594156e,6,TCGA-49-4501-01,5.601159277285967,1.2592362429194597,131902.59668611194,131.90259668611193,0.22481707456989522,104.7480942736401,1.4453609233004379,0.09167090739425329,0.47969065577345416,2.3036762183518102,96,0.15653772911006933,17.139309069339063,2412.765625,109.03176979642522,13.002403623945844,0.9308423484740744,1000.0,True,,7,TCGA-49-4501-01,TCGA-49-4501,Female,Stage IB,67,1:DECEASED,46.68,1,I,matched
TCGA-49-4501,TCGA-49-4501-01Z-00-DX1.9c4bf212-5e32-449e-8710-cf7a3594156e,7,TCGA-49-4501-01,0.38179161146112167,0.06215941365926313,6722.476466922433,6.7224764669224335,0.16280979412140098,108.14896845347954,1.4088026241578564,0.23363851654515938,0.6984889474045811,1.6191107353953742,8,0.32669899423119236,20.953839109727664,4951.15625,96.94141848170024,8.25,0.569077707343071,1000.0,True,,8,TCGA-49-4501-01,TCGA-49-4501,Female,Stage IB,67,1:DECEASED,46.68,1,I,matched
TCGA-49-4510,TCGA-49-4510-01Z-00-DX2.e0552b15-6bd7-4660-8a60-9edd0d638e7e,1,TCGA-49-4510-01,0.22822904017608325,0.039667411386804116,4755.592220091289,4.755592220091289,0.17380527629700374,119.88662869171492,1.4052435066273383,0.056831680665104606,0.41325578254681417,2.449438689661355,3,0.8053877938873435,13.144690078376705,5999.03125,73.57821624808527,4.756574397610112,0.22782320077838109,1000.0,True,,2,TCGA-49-4510-01,TCGA-49-4510,Female,Stage IIB,51,1:DECEASED,29.43,1,II,matched
TCGA-49-4510,TCGA-49-4510-01Z-00-DX2.e0552b15-6bd7-4660-8a60-9edd0d638e7e,2,TCGA-49-4510-01,181.9165234303572,145.73658278777293,1107573.2087804363,1107.5732087804363,0.8011178975919965,7.599829689936712,1.4702612893157856,0.01903405711931436,0.7376092920886818,1.9538491281444756,481,0.8157477572641533,2.644069878479953,2786.375,137.85285690274975,12.971121771072847,0.9811934399764866,1000.0,True,,3,TCGA-49-4510-01,TCGA-49-4510,Female,Stage IIB,51,1:DECEASED,29.43,1,II,matched
TCGA-49-4510,TCGA-49-4510-01Z-00-DX2.e0552b15-6bd7-4660-8a60-9edd0d638e7e,3,TCGA-49-4510-01,0.5645620605969299,0.191969375,7594.362840671924,7.5943628406719235,0.34003236915534935,39.5602831997131,1.3991736291148262,0.07130098585024204,0.6420421025667755,1.5002973150237542,5,0.9636433516581239,8.85642225889805,2002.9375,181.70306520873555,7.2886898685566255,0.3778146651270208,1000.0,True,,4,TCGA-49-4510-01,TCGA-49-4510,Female,Stage IIB,51,1:DECEASED,29.43,1,II,matched
TCGA-49-4510,TCGA-49-4510-01Z-00-DX2.e0552b15-6bd7-4660-8a60-9edd0d638e7e,4,TCGA-49-4510-01,4.608227855651567,1.3151175924350855,66141.04343543656,66.14104343543656,0.28538467142465945,50.29287404860056,,0.053260988965620974,0.6019298114965348,1.5180477514555204,31,0.3011649331794958,6.727097915087111,2837.625,180.68767295045336,21.801662780622948,0.8614355240012463,1000.0,True,,5,TCGA-49-4510-01,TCGA-49-4510,Female,Stage IIB,51,1:DECEASED,29.43,1,II,matched
TCGA-49-4510,TCGA-49-4510-01Z-00-DX2.e0552b15-6bd7-4660-8a60-9edd0d638e7e,5,TCGA-49-4510-01,1.246938185918304,0.6240344436999334,15364.950692009257,15.364950692009257,0.5004533911521566,24.62195932793332,,0.040923277676986544,0.7444514530266473,1.0385286437050072,1,1.0,0.8019643726473521,619611.2249499335,,,0.0,1000.0,True,,6,TCGA-49-4510-01,TCGA-49-4510,Female,Stage IIB,51,1:DECEASED,29.43,1,II,matched
TCGA-49-4510,TCGA-49-4510-01Z-00-DX2.e0552b15-6bd7-4660-8a60-9edd0d638e7e,6,TCGA-49-4510-01,2.438553720274611,0.48086589074750835,45150.77688499676,45.15077688499676,0.19719306847722712,93.89473812503037,1.4639546954542653,0.14750210698271152,0.5593134739182473,1.899735065964677,39,0.2713517527463075,15.993086260821896,2071.34375,158.6129452669296,14.320003491619685,0.9298005077972429,1000.0,True,,7,TCGA-49-4510-01,TCGA-49-4510,Female,Stage IIB,51,1:DECEASED,29.43,1,II,matched
TCGA-49-4512,TCGA-49-4512-01Z-00-DX4.5161fcf5-62a3-4f7d-8a55-9a24a7d70efb,1,TCGA-49-4512-01,0.4138771089621072,0.03148211283498642,7746.15849004696,7.74615849004696,0.07606633020592783,246.04951169092337,1.414779749493083,0.15907156796349498,0.6172204675352868,1.4887468558611627,7,0.1998474032340419,16.91323305498611,2551.8125,128.9916573125952,45.467021015236966,0.48209775933425303,1000.0,True,,2,TCGA-49-4512-01,TCGA-49-4512,Female,Stage IIIA,69,1:DECEASED,29.73,1,III,matched
TCGA-49-4512,TCGA-49-4512-01Z-00-DX4.5161fcf5-62a3-4f7d-8a55-9a24a7d70efb,2,TCGA-49-4512-01,2.1945039179646706,0.34110070090384004,45476.70629655133,45.476706296551335,0.15543408153046248,133.32340325319856,,0.12669115771751877,0.5644444824304924,1.9497509598438447,46,0.2873541615763794,20.961457222032884,2314.453125,101.24114173216287,11.525652284427466,0.8552155413463031,1000.0,True,,3,TCGA-49-4512-01,TCGA-49-4512,Female,Stage IIIA,69,1:DECEASED,29.73,1,III,matched
TCGA-49-4512,TCGA-49-4512-01Z-00-DX4.5161fcf5-62a3-4f7d-8a55-9a24a7d70efb,3,TCGA-49-4512-01,2.2460245273293458,0.5514939791768747,76302.60608392234,76.30260608392234,0.24554227813025412,138.35619057493034,,0.13171161280157215,0.6132191956011086,1.9009379927370755,75,0.08579070121249685,33.39233347072099,3615.40625,95.03110099462175,7.945124291035352,0.8768512565338089,1000.0,True,,4,TCGA-49-4512-01,TCGA-49-4512,Female,Stage IIIA,69,1:DECEASED,29.73,1,III,matched
TCGA-49-4512,TCGA-49-4512-01Z-00-DX4.5161fcf5-62a3-4f7d-8a55-9a24a7d70efb,4,TCGA-49-4512-01,44.39927244091507,12.331093062936038,1488000.8647762511,1488.000864776251,0.2777318722811462,120.67063780815855,,0.12914497170586584,0.6006176642182383,1.851808774245589,1754,0.06216674139945855,39.50515185432732,2442.4375,78.71074875532534,8.77852493303972,0.9699229409627754,1000.0,True,,5,TCGA-49-4512-01,TCGA-49-4512,Female,Stage IIIA,69,1:DECEASED,29.73,1,III,matched
TCGA-49-4512,TCGA-49-4512-01Z-00-DX4.5161fcf5-62a3-4f7d-8a55-9a24a7d70efb,5,TCGA-49-4512-01,0.2665210821780516,0.026487853924048694,4526.233073391044,4.526233073391044,0.09938370993988861,170.87956941961286,1.4655276591999282,0.17139679632601348,0.6577799993925215,2.1192120306827347,7,0.33767083144630633,26.264338801249473,2532.125,49.45341873925401,3.092329219213245,0.37025057392236604,1000.0,True,,6,TCGA-49-4512-01,TCGA-49-4512,Female,Stage IIIA,69,1:DECEASED,29.73,1,III,matched
TCGA-49-4512,TCGA-49-4512-01Z-00-DX4.5161fcf5-62a3-4f7d-8a55-9a24a7d70efb,6,TCGA-49-4512-01,84.48957240074671,30.97570524397808,2730709.865104761,2730.709865104761,0.36662163582809565,88.15650341441805,1.8006978818330661,0.09639478727559526,0.5817554885047415,1.7062575913611806,2732,0.0702372599375589,32.33535124360335,2441.078125,83.82722652128007,9.17196816392207,0.9775175778200549,1000.0,True,,7,TCGA-49-4512-01,TCGA-49-4512,Female,Stage IIIA,69,1:DECEASED,29.73,1,III,matched
TCGA-49-4512,TCGA-49-4512-01Z-00-DX4.5161fcf5-62a3-4f7d-8a55-9a24a7d70efb,7,TCGA-49-4512-01,2.8179195554975665,1.12131190625,61309.27604801448,61.30927604801448,0.39792190095079116,54.67638014569104,1.5638370636198802,0.038866961876097575,0.5535042743583536,1.9137397879904103,36,0.7313928148782094,12.775382437644994,2606.078125,120.76108404539872,5.583946012188658,0.8707292889903175,1000.0,True,,8,TCGA-49-4512-01,TCGA-49-4512,Female,Stage IIIA,69,1:DECEASED,29.73,1,III,matched
TCGA-49-4512,TCGA-49-4512-01Z-00-DX4.5161fcf5-62a3-4f7d-8a55-9a24a7d70efb,8,TCGA-49-4512-01,0.4517859861473271,0.06985906919601388,11354.099159038524,11.354099159038524,0.15462867671427258,162.5286350034332,1.5207394050382692,0.2867444197033265,0.7411622293965171,1.8052775191142456,20,0.16988002856885512,44.26874806488135,1959.4375,69.58356174544622,11.053462053986554,0.7172753238609424,1000.0,True,,9,TCGA-49-4512-01,TCGA-49-4512,Female,Stage IIIA,69,1:DECEASED,29.73,1,III,matched
TCGA-49-4512,TCGA-49-4512-01Z-00-DX4.5161fcf5-62a3-4f7d-8a55-9a24a7d70efb,9,TCGA-49-4512-01,0.2373886518675273,0.0131571875,2361.9686501761703,2.3619686501761703,0.05542466919329512,179.5192665739673,1.2620123148651272,0.235047729342853,0.7573213862157209,1.6266278146674167,5,0.3531024555271766,21.062506403171316,2037.5,152.57754176155808,70.88767523342827,0.5079963117476374,1000.0,True,,10,TCGA-49-4512-01,TCGA-49-4512,Female,Stage IIIA,69,1:DECEASED,29.73,1,III,matched
TCGA-49-4512,TCGA-49-4512-01Z-00-DX4.5161fcf5-62a3-4f7d-8a55-9a24a7d70efb,10,TCGA-49-4512-01,0.9897672095302149,0.13401240052783545,20739.178603305994,20.739178603305994,0.13539789885688713,154.75566829353454,1.4656842868152764,0.15397366955911596,0.5868786180504546,1.5250687517654313,24,0.21010047542162277,24.248125992566887,2155.03125,102.0380010187427,21.47673159491453,0.8197040832756534,1000.0,True,,11,TCGA-49-4512-01,TCGA-49-4512,Female,Stage IIIA,69,1:DECEASED,29.73,1,III,matched
TCGA-49-4512,TCGA-49-4512-01Z-00-DX4.5161fcf5-62a3-4f7d-8a55-9a24a7d70efb,11,TCGA-49-4512-01,0.41642593075333134,0.07629507652184114,11164.101473209328,11.164101473209328,0.1832140385297819,146.32794122715583,1.4465564634664212,0.11253813155212342,0.5924875442577822,1.5572076399517076,8,0.36331824743331026,19.2110995238161,5255.765625,125.99264670175882,8.335585256645569,0.5814000572776509,1000.0,True,,12,TCGA-49-4512-01,TCGA-49-4512,Female,Stage IIIA,69,1:DECEASED,29.73,1,III,matched
TCGA-49-4512,TCGA-49-4512-01Z-00-DX4.5161fcf5-62a3-4f7d-8a55-9a24a7d70efb,12,TCGA-49-4512-01,0.23355045016824338,0.011721875,2128.8412331782065,2.1288412331782065,0.050189905399693646,181.61268851426982,1.253320064772802,0.24375941642308552,0.7484199126436915,1.7910798381945652,3,0.4423062804375668,12.845190398215383,2236.40625,109.23827168167757,46.17696936785696,0.338297373358349,1000.0,True,,13,TCGA-49-4512-01,TCGA-49-4512,Female,Stage IIIA,69,1:DECEASED,29.73,1,III,matched
TCGA-49-4512,TCGA-49-4512-01Z-00-DX4.5161fcf5-62a3-4f7d-8a55-9a24a7d70efb,13,TCGA-49-4512-01,0.2196790821780523,0.025266420788945476,4546.412716447522,4.546412716447522,0.11501514180793404,179.93892979240894,1.4944205380100737,0.2797905474350578,0.7641898640114886,1.8477455910489538,9,0.23212417967277452,40.96885288652746,1573.40625,86.60127741552084,22.474986095657545,0.5612687617260788,1000.0,True,,14,TCGA-49-4512-01,TCGA-49-4512,Female,Stage IIIA,69,1:DECEASED,29.73,1,III,matched
TCGA-49-4512,TCGA-49-4512-01Z-00-DX4.5161fcf5-62a3-4f7d-8a55-9a24a7d70efb,14,TCGA-49-4512-01,0.7392920097592385,0.08753309320471603,14715.244424932764,14.715244424932763,0.11840124341831113,168.11064120078356,1.4401411255743795,0.3062864580144292,0.8122902857617242,1.3751216604984047,30,0.1119351259069569,40.57936458662653,1639.40625,79.16036011357198,18.86339546869234,0.7962067228415537,1000.0,True,,15,TCGA-49-4512-01,TCGA-49-4512,Female,Stage IIIA,69,1:DECEASED,29.73,1,III,matched
TCGA-49-4512,TCGA-49-4512-01Z-00-DX4.5161fcf5-62a3-4f7d-8a55-9a24a7d70efb,15,TCGA-49-4512-01,0.21967908217805235,0.01993515625,2543.739988466597,2.543739988466597,0.09074672040846535,127.60070483353232,1.4065547846221236,0.18620966996903418,0.7739824498274079,1.9272965433108165,4,0.3777793095299053,18.208379060678865,5281.265625,76.97634423746705,4.911953767623375,0.3526031894934334,1000.0,True,,16,TCGA-49-4512-01,TCGA-49-4512,Female,Stage IIIA,69,1:DECEASED,29.73,1,III,matched
TCGA-49-4512,TCGA-49-4512-01Z-00-DX4.5161fcf5-62a3-4f7d-8a55-9a24a7d70efb,16,TCGA-49-4512-01,1.1721458028316034,0.21981364868799283,22559.636760689453,22.559636760689454,0.18753097793549187,102.6307369689813,1.5700688997573595,0.11332812983461335,0.6276848142872018,1.5397995473515171,20,0.2786447014831185,17.06272372573884,4583.296875,100.97746446215672,16.800769325274825,0.7582898840431758,1000.0,True,,17,TCGA-49-4512-01,TCGA-49-4512,Female,Stage IIIA,69,1:DECEASED,29.73,1,III,matched
TCGA-49-4512,TCGA-49-4512-01Z-00-DX4.5161fcf5-62a3-4f7d-8a55-9a24a7d70efb,17,TCGA-49-4512-01,0.3796337593619733,0.03050325,4653.845417260297,4.653845417260297,0.0803491503265276,152.56883831264855,1.3307950567702058,0.2390388567560074,0.7280358023264459,1.7290732597423843,9,0.2891579024161797,23.707059180210255,2238.78125,74.97635043798812,18.420437019788647,0.5712334437086093,1000.0,True,,18,TCGA-49-4512-01,TCGA-49-4512,Female,Stage IIIA,69,1:DECEASED,29.73,1,III,matched
TCGA-49-4514,TCGA-49-4514-01Z-00-DX2.f1565a36-257d-432e-a84d-47c1d7a0185f,1,TCGA-49-4514-01,47.616697121560236,8.164968176475275,996637.9623303268,996.6379623303268,0.17147279567986418,122.06268791124232,1.5720863437868624,0.10686398417431221,0.49965553086938447,2.016799160743294,860,0.05218585733564154,18.06089149368159,3142.96875,123.69136100912377,10.350120772242226,0.9721226759539938,1000.0,True,,2,TCGA-49-4514-01,TCGA-49-4514,Female,Stage IA,79,0:LIVING,55.85,0,I,matched
TCGA-49-4514,TCGA-49-4514-01Z-00-DX2.f1565a36-257d-432e-a84d-47c1d7a0185f,2,TCGA-49-4514-01,0.16765731199903494,0.030406341046512193,5689.838073108619,5.689838073108619,0.18136006526626894,187.12669388286298,,0.18904244546661753,0.6085420968430708,1.6537274261316521,6,0.3277036447241879,35.787284959182315,3310.609375,116.78732082640056,15.143649623533598,0.6516209633804421,1000.0,True,,3,TCGA-49-4514-01,TCGA-49-4514,Female,Stage IA,79,0:LIVING,55.85,0,I,matched
TCGA-49-6744,TCGA-49-6744-01Z-00-DX3.fa64d744-6caa-4f62-8689-33da9c312838,1,TCGA-49-6744-01,0.28871808887406547,0.020822841981314514,3827.1814863925215,3.8271814863925213,0.07212170897403358,183.79726887553883,1.3077215199644436,0.23049714366590127,0.7312007223569797,2.06806212827042,5,0.3128978045427574,17.317931202367184,3329.78125,107.50828456449298,13.043197460745581,0.45132958074534163,1000.0,True,,2,TCGA-49-6744-01,TCGA-49-6744,Female,Stage IIA,64,0:LIVING,55.29,0,II,matched
TCGA-49-6744,TCGA-49-6744-01Z-00-DX3.fa64d744-6caa-4f62-8689-33da9c312838,2,TCGA-49-6744-01,0.27884208217804973,0.044730343772569396,7420.789493516143,7.420789493516143,0.16041460967146134,165.90056922537886,1.45213402155297,0.03491833062115435,0.35215852375617884,2.06415091141317,3,0.9240157032300136,10.758777787652592,1617.46875,171.1047285290503,29.700589219744447,0.3965148054490578,1000.0,True,,3,TCGA-49-6744-01,TCGA-49-6744,Female,Stage IIA,64,0:LIVING,55.29,0,II,matched
TCGA-49-6744,TCGA-49-6744-01Z-00-DX3.fa64d744-6caa-4f62-8689-33da9c312838,3,TCGA-49-6744-01,0.2650694422094722,0.041155970518685484,6323.325606813138,6.323325606813138,0.15526486257952668,153.6429715329455,1.4419253128124887,0.09505864920116086,0.4725085461443448,2.5769446706284334,6,0.6670856776554115,22.63557786966057,2090.53125,47.922504173404796,9.585434530241454,0.4817837915001223,1000.0,True,,4,TCGA-49-6744-01,TCGA-49-6744,Female,Stage IIA,64,0:LIVING,55.29,0,II,matched
TCGA-49-6744,TCGA-49-6744-01Z-00-DX3.fa64d744-6caa-4f62-8689-33da9c312838,4,TCGA-49-6744-01,2.666471197984478,0.4037135750113543,58013.41821535748,58.01341821535748,0.15140368863406878,143.69944883256866,1.5505063746978978,0.13049207546731534,0.539818752830469,1.757120624912177,51,0.18186601933739757,19.126401979721244,3353.84375,113.80280367811682,13.002403623945844,0.885615706272926,1000.0,True,,5,TCGA-49-6744-01,TCGA-49-6744,Female,Stage IIA,64,0:LIVING,55.29,0,II,matched
TCGA-49-6744,TCGA-49-6744-01Z-00-DX3.fa64d744-6caa-4f62-8689-33da9c312838,5,TCGA-49-6744-01,0.5127197660579855,0.06470115625,7292.100124352679,7.292100124352679,0.12619204589565733,112.70432472916863,1.3426297420677034,0.24659825120781786,0.7699498914182447,1.6046575890194503,10,0.322489459563051,19.503831648396133,3894.125,125.97110595962579,43.565374524709654,0.8017942371755342,1000.0,True,,6,TCGA-49-6744-01,TCGA-49-6744,Female,Stage IIA,64,0:LIVING,55.29,0,II,matched
TCGA-49-6744,TCGA-49-6744-01Z-00-DX3.fa64d744-6caa-4f62-8689-33da9c312838,6,TCGA-49-6744-01,0.26191823677491627,0.026793165659178227,4167.926475137189,4.16792647513719,0.10229591489730198,155.55931419807538,1.3147922338131433,0.24614852995382486,0.7372951373320976,2.1046925262109597,6,0.2678029791700529,22.907912308359798,3564.296875,82.07201963062685,10.730746418436738,0.48518033311382525,1000.0,True,,7,TCGA-49-6744-01,TCGA-49-6744,Female,Stage IIA,64,0:LIVING,55.29,0,II,matched
TCGA-49-6744,TCGA-49-6744-01Z-00-DX3.fa64d744-6caa-4f62-8689-33da9c312838,7,TCGA-49-6744-01,78.43163773832765,33.203570811207705,1567866.869332742,1567.866869332742,0.4233440964472162,47.219826995339794,1.6941825052223347,0.023089887994003026,0.4862035826819381,1.7787116939747472,681,0.2184759138958678,8.682720642300342,2762.6875,127.92308785457769,9.253377761660873,0.9750183723300492,1000.0,True,,8,TCGA-49-6744-01,TCGA-49-6744,Female,Stage IIA,64,0:LIVING,55.29,0,II,matched
TCGA-49-6744,TCGA-49-6744-01Z-00-DX3.fa64d744-6caa-4f62-8689-33da9c312838,8,TCGA-49-6744-01,0.3010420821780516,0.02078952918798484,4421.449900441047,4.421449900441047,0.06905854835168478,212.67676917841854,1.2381585470252325,0.2263439032539075,0.623852283637379,1.8280182498494495,5,0.36470807825881485,16.60897361533244,3124.21875,151.99198169640397,14.67353059082919,0.4160258222233266,1000.0,True,,9,TCGA-49-6744-01,TCGA-49-6744,Female,Stage IIA,64,0:LIVING,55.29,0,II,matched
TCGA-49-6744,TCGA-49-6744-01Z-00-DX3.fa64d744-6caa-4f62-8689-33da9c312838,9,TCGA-49-6744-01,0.3861916114611191,0.03995567457390585,7602.26574837651,7.602265748376509,0.10346075209333878,190.2674858940156,,0.12091759058446144,0.5050359312533752,3.5681921874920253,10,0.24991933498611077,25.893881957109205,2252.84375,113.66434714829032,18.68321439153338,0.7422574041668042,1000.0,True,,10,TCGA-49-6744-01,TCGA-49-6744,Female,Stage IIA,64,0:LIVING,55.29,0,II,matched
TCGA-49-6744,TCGA-49-6744-01Z-00-DX3.fa64d744-6caa-4f62-8689-33da9c312838,10,TCGA-49-6744-01,0.2680714501682412,0.03158646875,3699.040024360363,3.699040024360363,0.11782854433091024,117.10837490690894,1.3015956419607528,0.14044888715326434,0.5577043197314516,2.0568174743907477,4,0.6349204052098408,14.921395014238207,4840.765625,59.331810548222684,18.25342144042229,0.2591699099212203,1000.0,True,,11,TCGA-49-6744-01,TCGA-49-6744,Female,Stage IIA,64,0:LIVING,55.29,0,II,matched
TCGA-49-6744,TCGA-49-6744-01Z-00-DX3.fa64d744-6caa-4f62-8689-33da9c312838,11,TCGA-49-6744-01,0.19330219850821936,0.02668835531954308,4859.707215358594,4.859707215358594,0.13806545153395278,182.0909215713258,,0.08366037815722968,0.5229980361380852,2.009082006503486,4,0.8223527600474282,20.69298761664067,1470.40625,88.93171318126399,14.450467279516348,0.5644215262323659,1000.0,True,,12,TCGA-49-6744-01,TCGA-49-6744,Female,Stage IIA,64,0:LIVING,55.29,0,II,matched
TCGA-49-6744,TCGA-49-6744-01Z-00-DX3.fa64d744-6caa-4f62-8689-33da9c312838,12,TCGA-49-6744-01,76.49508955655742,34.46078098077222,1508670.098926577,1508.670098926577,0.45049664207914014,43.77933569666795,1.7205577534686716,0.01807165478366368,0.5344247538305142,1.6944424494685495,584,0.3176632281221483,7.634476976044504,2706.328125,131.07479297556466,8.280192534648666,0.9710667622004187,1000.0,True,,13,TCGA-49-6744-01,TCGA-49-6744,Female,Stage IIA,64,0:LIVING,55.29,0,II,matched
TCGA-49-6744,TCGA-49-6744-01Z-00-DX3.fa64d744-6caa-4f62-8689-33da9c312838,13,TCGA-49-6744-01,0.23416092758118734,0.029198375,2770.921968981944,2.770921968981944,0.12469362545498312,94.89986922155579,1.3097768979298818,0.20282234676706684,0.7337330036825128,1.4894914223474323,3,0.7984017780358957,12.811701896593538,3197.9375,163.63531289119717,13.622132725825278,0.4790103189493433,1000.0,True,,14,TCGA-49-6744-01,TCGA-49-6744,Female,Stage IIA,64,0:LIVING,55.29,0,II,matched
TCGA-49-6744,TCGA-49-6744-01Z-00-DX3.fa64d744-6caa-4f62-8689-33da9c312838,14,TCGA-49-6744-01,0.3460434848580694,0.050317012196608,10083.526175736679,10.08352617573668,0.14540661621543216,200.39993901737344,1.5208590005227236,0.07422997685230978,0.4430120570942219,3.773968172665786,10,0.39854428380944046,28.898102225798368,2642.5625,109.92609758672083,6.864765108872991,0.6824746256838468,1000.0,True,,15,TCGA-49-6744-01,TCGA-49-6744,Female,Stage IIA,64,0:LIVING,55.29,0,II,matched
TCGA-49-6744,TCGA-49-6744-01Z-00-DX3.fa64d744-6caa-4f62-8689-33da9c312838,15,TCGA-49-6744-01,0.3956805459686457,0.059295720175900846,8264.818500656607,8.264818500656608,0.14985755751711766,139.3830528769869,1.327731641660465,0.17750868904805261,0.6264638452828725,1.6346860086872352,10,0.3561867965891765,25.27291296447113,4234.171875,124.53564208855296,24.36313813941053,0.7802670418916232,1000.0,True,,16,TCGA-49-6744-01,TCGA-49-6744,Female,Stage IIA,64,0:LIVING,55.29,0,II,matched
TCGA-49-6744,TCGA-49-6744-01Z-00-DX3.fa64d744-6caa-4f62-8689-33da9c312838,16,TCGA-49-6744-01,0.32507360476510866,0.02705177055650024,5004.060072281487,5.004060072281487,0.0832173703430867,184.9808707282218,1.3236317731678757,0.18390528288897118,0.6126941363362175,2.1298292208126117,8,0.3578490973819768,24.609811078880526,1630.890625,90.08837597696433,14.952663018241623,0.5028369345079085,1000.0,True,,17,TCGA-49-6744-01,TCGA-49-6744,Female,Stage IIA,64,0:LIVING,55.29,0,II,matched
TCGA-49-6744,TCGA-49-6744-01Z-00-DX3.fa64d744-6caa-4f62-8689-33da9c312838,17,TCGA-49-6744-01,6.958656780439731,1.988598734295082,175846.49332659738,175.84649332659737,0.2857733607274447,88.42733845394476,1.6341382413535228,0.030486982057261414,0.48948248300286107,2.194622395490128,77,0.30008901559943124,11.065353908018757,3049.21875,168.55006674575955,12.41219158730641,0.8885368859747935,1000.0,True,,18,TCGA-49-6744-01,TCGA-49-6744,Female,Stage IIA,64,0:LIVING,55.29,0,II,matched
TCGA-49-6744,TCGA-49-6744-01Z-00-DX3.fa64d744-6caa-4f62-8689-33da9c312838,18,TCGA-49-6744-01,0.23086688394998792,0.026001300806612417,4404.317971016093,4.404317971016093,0.11262464482452585,169.3883703655329,1.3324682811302908,0.20831586148277187,0.6887325996645716,2.470956733765181,5,0.4015748782471889,21.657501996185545,4975.830580266271,155.32266063343752,79.97694980430299,0.6279861919038243,1000.0,True,,19,TCGA-49-6744-01,TCGA-49-6744,Female,Stage IIA,64,0:LIVING,55.29,0,II,matched
TCGA-49-AARN,TCGA-49-AARN-01Z-00-DX1.E13AA041-978E-427D-AFA5-D3180224A03A,1,TCGA-49-AARN-01,0.3183069206548506,0.029269773705944784,5880.11990383939,5.88011990383939,0.09195456274003808,200.89393115619197,1.308473750707029,0.2026848734030824,0.6048875954359064,1.7555530507305692,8,0.31599768753979113,25.132975379679635,2261.71875,87.48857068211825,16.889765866679365,0.5883163742750195,1000.0,True,,2,TCGA-49-AARN-01,TCGA-49-AARN,Female,Stage IA,56,1:DECEASED,37.29,1,I,matched
TCGA-49-AARN,TCGA-49-AARN-01Z-00-DX1.E13AA041-978E-427D-AFA5-D3180224A03A,2,TCGA-49-AARN-01,0.4073910685557013,0.035835625,4869.749962830822,4.869749962830823,0.08796369819064973,135.89130823951925,1.285229668000024,0.09368068106953788,0.4231246650589761,2.8828668293795476,4,0.40546702136039126,9.818575586796628,9375.0625,193.7453643186604,14.67292299467828,0.3922958584524335,1000.0,True,,3,TCGA-49-AARN-01,TCGA-49-AARN,Female,Stage IA,56,1:DECEASED,37.29,1,I,matched
TCGA-49-AARN,TCGA-49-AARN-01Z-00-DX1.E13AA041-978E-427D-AFA5-D3180224A03A,3,TCGA-49-AARN-01,6.949010709376829,1.8103310861081083,120020.7393388099,120.0207393388099,0.26051637590157845,66.29767353596809,1.5199381762368755,0.16488974840622508,0.6714712217732002,2.252750027759151,106,0.11091501278664329,15.253969871850412,6454.21875,136.93868381505644,16.31613816702529,0.9428309978762717,1000.0,True,,4,TCGA-49-AARN-01,TCGA-49-AARN,Female,Stage IA,56,1:DECEASED,37.29,1,I,matched
TCGA-49-AARN,TCGA-49-AARN-01Z-00-DX1.E13AA041-978E-427D-AFA5-D3180224A03A,4,TCGA-49-AARN-01,0.20564196798759313,0.023339833381058484,3814.9715166888905,3.8149715166888907,0.11349742277542604,163.4532455482284,1.2905283286955846,0.22114319604697225,0.6747629471502127,1.7768589578752991,6,0.3832320506054054,29.17692365384285,1791.859375,118.4362879953826,26.445714577072227,0.675913973856924,1000.0,True,,5,TCGA-49-AARN-01,TCGA-49-AARN,Female,Stage IA,56,1:DECEASED,37.29,1,I,matched
TCGA-49-AARN,TCGA-49-AARN-01Z-00-DX1.E13AA041-978E-427D-AFA5-D3180224A03A,5,TCGA-49-AARN-01,0.2887210821780518,0.02143658476247605,4844.084119153168,4.844084119153168,0.07424669026855577,225.9727551206085,1.3582596475694646,0.0872995374040546,0.3414912810416617,1.4670346462111827,5,0.5960512338155701,17.317751659425213,2010.6875,90.7530991206361,10.470195795685962,0.41784817911857164,1000.0,True,,6,TCGA-49-AARN-01,TCGA-49-AARN,Female,Stage IA,56,1:DECEASED,37.29,1,I,matched
TCGA-49-AARN,TCGA-49-AARN-01Z-00-DX1.E13AA041-978E-427D-AFA5-D3180224A03A,6,TCGA-49-AARN-01,13.431970561758403,5.355329406811103,253668.4804857243,253.6684804857243,0.39870020427665587,47.36748409222026,1.706602551140208,0.0737212395383452,0.5968407885751509,1.5761545996741666,180,0.3350015469704482,13.400863199661144,3769.40625,136.92995412496504,16.94153640112308,0.9369626533625139,1000.0,True,,7,TCGA-49-AARN-01,TCGA-49-AARN,Female,Stage IA,56,1:DECEASED,37.29,1,I,matched
TCGA-49-AARN,TCGA-49-AARN-01Z-00-DX1.E13AA041-978E-427D-AFA5-D3180224A03A,7,TCGA-49-AARN-01,0.2998757930723644,0.04079402119907942,3104.504752177865,3.1045047521778653,0.13603639287161542,76.1019546719244,,0.1222719380217126,0.4936463733909484,4.204826731897039,2,0.6103065013426435,6.6694279638549245,19972.62334283493,189.0214934868519,20.0,0.16964285714285712,1000.0,True,,8,TCGA-49-AARN-01,TCGA-49-AARN,Female,Stage IA,56,1:DECEASED,37.29,1,I,matched
TCGA-49-AARN,TCGA-49-AARN-01Z-00-DX1.E13AA041-978E-427D-AFA5-D3180224A03A,8,TCGA-49-AARN-01,3.3948698028110873,0.5251750583366587,50802.55368161579,50.80255368161579,0.15469667140159332,96.73451333069454,1.3567964445473168,0.15094848491962434,0.6143153642457331,2.1482009791404626,54,0.31734997803280557,15.906353744489952,2476.3125,139.63649684221082,26.40650028374766,0.9127654026393663,1000.0,True,,9,TCGA-49-AARN-01,TCGA-49-AARN,Female,Stage IA,56,1:DECEASED,37.29,1,I,matched
TCGA-49-AARN,TCGA-49-AARN-01Z-00-DX1.E13AA041-978E-427D-AFA5-D3180224A03A,9,TCGA-49-AARN-01,0.2123479997696773,0.03414708130820082,2846.7843163248494,2.8467843163248494,0.1608071719311619,83.36830578961256,1.298998491843637,0.30600856139008703,0.7734655837797519,2.1866729448050033,5,0.5581023064693148,23.546254287411404,1880.96875,145.8013551248753,7.754031209635412,0.6110459662288931,1000.0,True,,10,TCGA-49-AARN-01,TCGA-49-AARN,Female,Stage IA,56,1:DECEASED,37.29,1,I,matched
TCGA-49-AARN,TCGA-49-AARN-01Z-00-DX1.E13AA041-978E-427D-AFA5-D3180224A03A,10,TCGA-49-AARN-01,0.36332039137178096,0.04867650321110888,8357.214060617744,8.357214060617743,0.13397679945054022,171.68887469941495,1.4414436475032155,0.16051697658987465,0.5488875160370695,1.822640298073416,11,0.2501623264378705,30.276307802233553,1857.125,79.80701821425231,3.75,0.7566967265745691,1000.0,True,,11,TCGA-49-AARN-01,TCGA-49-AARN,Female,Stage IA,56,1:DECEASED,37.29,1,I,matched
TCGA-49-AARQ,TCGA-49-AARQ-01Z-00-DX1.3FA36419-1658-4602-9170-84A622787C3E,1,TCGA-49-AARQ-01,0.2742392367749163,0.017889564651323107,4180.022269652002,4.180022269652002,0.0652334248800659,233.6570146408146,1.2224988880677,0.19507718776094352,0.655146091780812,2.22694714440433,5,0.3013794464724298,18.232256108938138,3105.375,148.02871343087463,35.95917824422577,0.40347976366090205,1000.0,True,,2,TCGA-49-AARQ-01,TCGA-49-AARQ,Female,Stage I,41,0:LIVING,221.16,0,I,matched
TCGA-49-AARQ,TCGA-49-AARQ-01Z-00-DX1.3FA36419-1658-4602-9170-84A622787C3E,2,TCGA-49-AARQ-01,78.48945725036306,48.94078839900557,887314.8645309923,887.3148645309924,0.6235332758499764,18.130375369045378,1.7247815787308194,0.05992595171835942,0.6484801605493801,1.604495734947481,320,0.19379016724174133,4.076980669891431,9448.140625,189.48222701556176,12.852528704039418,0.9688073804287372,1000.0,True,,3,TCGA-49-AARQ-01,TCGA-49-AARQ,Female,Stage I,41,0:LIVING,221.16,0,I,matched
TCGA-49-AARQ,TCGA-49-AARQ-01Z-00-DX1.3FA36419-1658-4602-9170-84A622787C3E,3,TCGA-49-AARQ-01,0.2196790821780519,0.028885625,1873.5863991822646,1.8735863991822646,0.13149010235115574,64.86224200384324,1.2535330687800441,0.19619611484174732,0.8200472685043185,2.643228760323314,2,0.9316148274392841,9.10418953033945,14082.0,190.87611533727838,27.189152248645048,0.24337476547842402,1000.0,True,,4,TCGA-49-AARQ-01,TCGA-49-AARQ,Female,Stage I,41,0:LIVING,221.16,0,I,matched
TCGA-49-AARQ,TCGA-49-AARQ-01Z-00-DX1.3FA36419-1658-4602-9170-84A622787C3E,4,TCGA-49-AARQ-01,0.5928165459686455,0.15513203125,6254.196012058126,6.254196012058126,0.2616864058618989,40.31531052397102,1.351629521542541,0.17712909620684775,0.6922577901410689,2.079649247954836,3,0.46663607660493034,5.060587496082932,49711.03125,341.4088686970507,15.560366319595435,0.40633943278179585,1000.0,True,,5,TCGA-49-AARQ-01,TCGA-49-AARQ,Female,Stage I,41,0:LIVING,221.16,0,I,matched
TCGA-49-AARQ,TCGA-49-AARQ-01Z-00-DX1.3FA36419-1658-4602-9170-84A622787C3E,5,TCGA-49-AARQ-01,73.44718497614964,52.9804831362601,700318.3386924954,700.3183386924953,0.7213412352490343,13.218421147488444,1.6496739054195209,0.04704571825716816,0.7149330833463127,1.552731704477918,225,0.3539028701722396,3.063425781029781,8535.125,194.20177168347357,11.559628021696891,0.9607473374167991,1000.0,True,,6,TCGA-49-AARQ-01,TCGA-49-AARQ,Female,Stage I,41,0:LIVING,221.16,0,I,matched
TCGA-4B-A93V,TCGA-4B-A93V-01Z-00-DX1.C263DC1C-298D-47ED-AAF8-128043828530,1,TCGA-4B-A93V-01,160.1115551824438,67.9302805100805,1986545.2094999375,1986.5452094999375,0.42426844478948034,29.243883502073054,1.8374938475664502,0.1732214088844933,0.6788618931831463,2.053405607235091,1492,0.03721163828484322,9.318502954392622,9007.078125,167.44208727745226,18.500844556039194,0.9768999212357958,1000.0,True,,2,TCGA-4B-A93V-01,TCGA-4B-A93V,Female,Stage IA,52,1:DECEASED,9.86,1,I,matched
TCGA-4B-A93V,TCGA-4B-A93V-01Z-00-DX1.C263DC1C-298D-47ED-AAF8-128043828530,2,TCGA-4B-A93V-01,0.2801125097797714,0.059300174738189354,2778.583174387677,2.778583174387677,0.2117012724094758,46.856239237997855,1.1149395677311964,0.3443510648993455,0.734777648680453,1.5085985336143686,3,0.47654112711201074,10.709982222352883,27385.59375,207.93328256919332,30.25,0.4066871107585087,1000.0,True,,3,TCGA-4B-A93V-01,TCGA-4B-A93V,Female,Stage IA,52,1:DECEASED,9.86,1,I,matched
TCGA-4B-A93V,TCGA-4B-A93V-01Z-00-DX1.C263DC1C-298D-47ED-AAF8-128043828530,3,TCGA-4B-A93V-01,0.18430368659979923,0.0356880539809823,2386.194957138745,2.386194957138745,0.19363722256123975,66.86256858976724,1.1766353137223533,0.38097752481162694,0.8252871800048882,2.00809779883286,4,0.6532999013835235,21.70330975899403,5182.024992859633,163.25667291546276,38.027709425113216,0.5931775481446688,1000.0,True,,4,TCGA-4B-A93V-01,TCGA-4B-A93V,Female,Stage IA,52,1:DECEASED,9.86,1,I,matched
TCGA-4B-A93V,TCGA-4B-A93V-01Z-00-DX1.C263DC1C-298D-47ED-AAF8-128043828530,4,TCGA-4B-A93V-01,1.3700368712862232,0.29081811547351705,17775.796404668872,17.77579640466887,0.21227028379206325,61.12341514807594,1.4271678774003405,0.2983503718846862,0.725952047874735,1.7825605904913329,31,0.3656516989220336,22.627128254509284,3331.09375,103.57622872189351,24.052026941611388,0.8222589307791639,1000.0,True,,5,TCGA-4B-A93V-01,TCGA-4B-A93V,Female,Stage IA,52,1:DECEASED,9.86,1,I,matched
TCGA-4B-A93V,TCGA-4B-A93V-01Z-00-DX1.C263DC1C-298D-47ED-AAF8-128043828530,5,TCGA-4B-A93V-01,0.2627020517015187,0.041552875,2605.2712113868697,2.60527121138687,0.15817491614877927,62.6977365919174,1.2063974510001374,0.2811447985729256,0.6834374925252769,2.10510263935669,3,0.6264393767488242,11.419781385676389,8741.4375,235.0155912381134,73.46597852067309,0.4059006242633477,1000.0,True,,6,TCGA-4B-A93V-01,TCGA-4B-A93V,Female,Stage IA,52,1:DECEASED,9.86,1,I,matched
TCGA-4B-A93V,TCGA-4B-A93V-01Z-00-DX1.C263DC1C-298D-47ED-AAF8-128043828530,6,TCGA-4B-A93V-01,0.2718550904794977,0.061638370676661246,3292.977610083663,3.292977610083663,0.22673244987961624,53.42415079979582,1.1692802400847488,0.14631374060426297,0.7462697096416304,1.26825216890294,2,0.9749082422009779,7.35686058507274,29978.71875,218.92036223247942,12.693502274786104,0.2221750376294533,1000.0,True,,7,TCGA-4B-A93V-01,TCGA-4B-A93V,Female,Stage IA,52,1:DECEASED,9.86,1,I,matched
TCGA-4B-A93V,TCGA-4B-A93V-01Z-00-DX1.C263DC1C-298D-47ED-AAF8-128043828530,7,TCGA-4B-A93V-01,0.2912066188086151,0.06977592666233333,2127.1008430537395,2.1271008430537397,0.2396096865785561,30.48473800064913,1.0996269833691903,0.3992782118438688,0.9101394614759412,1.369300657036219,2,0.9809838282342283,6.867975762990562,34387.671875,303.9922901982878,71.12137512731317,0.3629338827580615,1000.0,True,,8,TCGA-4B-A93V-01,TCGA-4B-A93V,Female,Stage IA,52,1:DECEASED,9.86,1,I,matched
TCGA-50-5044,TCGA-50-5044-01Z-00-DX1.7E0E651F-411B-4784-B0FA-6EB612527430,1,TCGA-50-5044-01,82.48691646779444,58.35338976111199,1581774.013853654,1581.774013853654,0.707426004751857,27.10680596841323,1.6037331204114034,0.006771651546023693,0.6091519999162839,1.406300547936511,497,0.8826677374091775,6.0251979499566435,2492.59375,119.57744613847547,7.2886898685566255,0.9507232769418348,1000.0,True,,2,TCGA-50-5044-01,TCGA-50-5044,Female,Stage IIIB,72,1:DECEASED,20.5,1,III,matched
TCGA-50-5044,TCGA-50-5044-01Z-00-DX1.7E0E651F-411B-4784-B0FA-6EB612527430,2,TCGA-50-5044-01,84.17557428578789,51.057926727261865,2520270.899744427,2520.270899744427,0.6065646377880718,49.361011331444324,1.6600298376760843,0.007254926302178382,0.5160629029190026,1.1372047525593827,720,0.840892322540697,8.553550196824306,2713.890625,120.92784447332622,5.650450413896815,0.9803308068256039,1000.0,True,,3,TCGA-50-5044-01,TCGA-50-5044,Female,Stage IIIB,72,1:DECEASED,20.5,1,III,matched
TCGA-50-5044,TCGA-50-5044-01Z-00-DX1.7E0E651F-411B-4784-B0FA-6EB612527430,3,TCGA-50-5044-01,0.5841007653244606,0.09040727912736281,20955.539054327623,20.955539054327623,0.1547802784972259,231.79039626672258,,0.08839849597147234,0.604362643082026,1.5926330280366736,17,0.14809842487811947,29.104567241162083,2979.5625,109.70023074269261,7.5,0.6313965163200153,1000.0,True,,4,TCGA-50-5044-01,TCGA-50-5044,Female,Stage IIIB,72,1:DECEASED,20.5,1,III,matched
TCGA-50-5044,TCGA-50-5044-01Z-00-DX1.7E0E651F-411B-4784-B0FA-6EB612527430,4,TCGA-50-5044-01,0.4428016114611217,0.09799056552382428,13329.282134038613,13.329282134038612,0.22129676809549714,136.02617826302765,1.4427063506781028,0.04013568875744124,0.4907237164670279,1.9497217397600843,5,0.8700488755641329,11.291738490972055,3023.40625,179.5235121265457,11.858541225631422,0.5139175371287967,1000.0,True,,5,TCGA-50-5044-01,TCGA-50-5044,Female,Stage IIIB,72,1:DECEASED,20.5,1,III,matched
TCGA-50-5045,TCGA-50-5045-01Z-00-DX2.0FCA12EA-572E-4A7D-900D-6E200892170E,1,TCGA-50-5045-01,36.20099387028164,11.866662063727318,516713.6245551564,516.7136245551563,0.32779934457735915,43.54329985806106,1.7225218444272574,0.13842156970928693,0.6637161597702488,1.8958085518969536,457,0.17345774251034235,12.623962801616987,4464.59375,148.6636435254094,23.024443532906503,0.9389359521268543,1000.0,True,,2,TCGA-50-5045-01,TCGA-50-5045,Female,[Discrepancy],57,1:DECEASED,71.42,1,,matched
TCGA-50-5045,TCGA-50-5045-01Z-00-DX2.0FCA12EA-572E-4A7D-900D-6E200892170E,2,TCGA-50-5045-01,0.2518734905746491,0.03852603125,1447.817586208765,1.447817586208765,0.15295786452993884,37.58024222151782,1.0680134821987761,0.27181654934616223,0.7685354718469505,2.730572873460793,1,1.0,3.970247117783222,38118.0625,,,0.0,1000.0,True,,3,TCGA-50-5045-01,TCGA-50-5045,Female,[Discrepancy],57,1:DECEASED,71.42,1,,matched
TCGA-50-5045,TCGA-50-5045-01Z-00-DX2.0FCA12EA-572E-4A7D-900D-6E200892170E,3,TCGA-50-5045-01,29.382234575312815,9.836178160735942,402034.88018688885,402.03488018688887,0.33476617088206,40.87307830512178,1.6205276087227494,0.15152317117873354,0.6723713774508319,2.147971669516203,375,0.2121142237355636,12.762814177349124,5170.59375,142.3922975664414,19.25,0.9281746096710162,1000.0,True,,4,TCGA-50-5045-01,TCGA-50-5045,Female,[Discrepancy],57,1:DECEASED,71.42,1,,matched
TCGA-50-5055,TCGA-50-5055-01Z-00-DX2.446EC3BB-2ED7-4253-8A39-AC68331F08E7,1,TCGA-50-5055-01,0.313076845172813,0.036653677682358186,6133.238123761846,6.133238123761846,0.11707565809322626,167.32940625802033,,0.17180133368049294,0.5974129678361698,2.09391393083249,10,0.38014237501666825,31.941039889041214,1784.9375,81.41212779365677,13.087272258807117,0.7796001552795031,1000.0,True,,2,TCGA-50-5055-01,TCGA-50-5055,Female,Stage IIA,79,1:DECEASED,60.12,1,II,matched
TCGA-50-5055,TCGA-50-5055-01Z-00-DX2.446EC3BB-2ED7-4253-8A39-AC68331F08E7,2,TCGA-50-5055-01,116.96699424057992,18.655839180580365,2832921.928937956,2832.921928937956,0.15949661100300386,151.85175544860303,1.7142940023024558,0.1039538291176712,0.46879465160567807,1.8726384599111818,2474,0.05036680106396801,21.151265928159443,2643.6875,111.21972946249403,15.135809389555364,0.989181451886527,1000.0,True,,3,TCGA-50-5055-01,TCGA-50-5055,Female,Stage IIA,79,1:DECEASED,60.12,1,II,matched
TCGA-50-5055,TCGA-50-5055-01Z-00-DX2.446EC3BB-2ED7-4253-8A39-AC68331F08E7,3,TCGA-50-5055-01,0.3512775526646589,0.030323854190118255,10610.691559566989,10.61069155956699,0.08632448603701816,349.9123657910456,1.4207620711915756,0.08277094898459292,0.4005344735818496,2.7425531237767458,12,0.1284860246185335,34.16102141731668,1380.421875,93.34616593741384,23.04814810441342,0.5919663090528579,1000.0,True,,4,TCGA-50-5055-01,TCGA-50-5055,Female,Stage IIA,79,1:DECEASED,60.12,1,II,matched
TCGA-50-5055,TCGA-50-5055-01Z-00-DX2.446EC3BB-2ED7-4253-8A39-AC68331F08E7,4,TCGA-50-5055-01,0.2881106047651078,0.017118498470502654,5772.849077318084,5.772849077318083,0.05941641226451594,337.22870538356125,1.2599954560884086,0.038645680207514715,0.23356825809635193,2.2528888669402156,3,0.5240055624328438,10.412667740730525,4521.625,89.57506017999653,10.738365797457265,0.44225255644049055,1000.0,True,,5,TCGA-50-5055-01,TCGA-50-5055,Female,Stage IIA,79,1:DECEASED,60.12,1,II,matched
TCGA-50-5055,TCGA-50-5055-01Z-00-DX2.446EC3BB-2ED7-4253-8A39-AC68331F08E7,5,TCGA-50-5055-01,1.676301017803576,0.11108071452546697,31287.196892858763,31.287196892858763,0.06626537438425815,281.66182605609447,1.4354537816938928,0.16406734653903668,0.5076118327333544,2.409859524363417,32,0.06495723945885933,19.089650164341585,1947.59375,107.10451787180781,26.25,0.8488020657919761,1000.0,True,,6,TCGA-50-5055-01,TCGA-50-5055,Female,Stage IIA,79,1:DECEASED,60.12,1,II,matched
TCGA-50-5055,TCGA-50-5055-01Z-00-DX2.446EC3BB-2ED7-4253-8A39-AC68331F08E7,6,TCGA-50-5055-01,0.728011673061696,0.054682346704593994,12699.072713813352,12.69907271381335,0.07511190922890584,232.2334990927972,1.3253308677196645,0.13902296710319878,0.5076024064864183,2.4183960037233545,15,0.21911626146049276,20.6040652300486,2293.625,84.22143432642311,22.18811618862674,0.8263045019815735,1000.0,True,,7,TCGA-50-5055-01,TCGA-50-5055,Female,Stage IIA,79,1:DECEASED,60.12,1,II,matched
TCGA-50-5055,TCGA-50-5055-01Z-00-DX2.446EC3BB-2ED7-4253-8A39-AC68331F08E7,7,TCGA-50-5055-01,4.88514936881414,1.3911873640179404,73609.92177668241,73.60992177668241,0.2847788796180961,52.91158019440806,1.565037705446951,0.19680668291907863,0.7647748059454273,1.6231243571960983,71,0.270898254158763,14.533844236831412,5335.375,133.89117841086468,14.870272357963051,0.9115020781119131,1000.0,True,,8,TCGA-50-5055-01,TCGA-50-5055,Female,Stage IIA,79,1:DECEASED,60.12,1,II,matched
TCGA-50-5068,TCGA-50-5068-01Z-00-DX1.13f1c31e-4d4c-4562-8447-c5bbfbf670a9,1,TCGA-50-5068-01,169.30538709404073,66.90009582852551,2460836.9516615337,2460.8369516615335,0.39514451947926404,36.783758247058564,1.722296654286981,0.09435198949817154,0.5611662132623043,2.124799284540158,1519,0.13393971775870525,8.971953143796133,6362.28125,149.19472646930254,13.530059127734809,0.9708247518886121,1000.0,True,,2,TCGA-50-5068-01,TCGA-50-5068,Female,Stage IIB,59,1:DECEASED,49.24,1,II,matched
TCGA-50-5068,TCGA-50-5068-01Z-00-DX1.13f1c31e-4d4c-4562-8447-c5bbfbf670a9,2,TCGA-50-5068-01,0.1736616960092049,0.034474582456471954,1317.486015548543,1.317486015548543,0.19851575361008011,38.21615583631847,1.096068403426698,0.2887341556354702,0.7249538579017657,1.8988991640681216,1,1.0,5.75832220334296,34249.30120647195,,,0.0,1000.0,True,,3,TCGA-50-5068-01,TCGA-50-5068,Female,Stage IIB,59,1:DECEASED,49.24,1,II,matched
TCGA-50-5068,TCGA-50-5068-01Z-00-DX1.13f1c31e-4d4c-4562-8447-c5bbfbf670a9,3,TCGA-50-5068-01,0.21461495683775697,0.03301114358720408,1846.4039836100098,1.84640398361001,0.15381567097469165,55.93274824704107,1.172400699886465,0.2775558786660982,0.7273592361194038,1.8169388674807856,3,0.8397974558665959,13.97852248605356,3370.413543676026,220.80000141530797,2.75,0.7155864560949045,1000.0,True,,4,TCGA-50-5068-01,TCGA-50-5068,Female,Stage IIB,59,1:DECEASED,49.24,1,II,matched
TCGA-50-5942,TCGA-50-5942-01Z-00-DX1.da1b1274-8740-4c79-adf9-25800913eafa,1,TCGA-50-5942-01,262.9523791212185,184.0285616696694,4352934.677464011,4352.934677464011,0.6998550927156054,23.65358201993402,1.6562236876451037,0.014895702555031195,0.5824616534077118,1.8040278932894418,1791,0.704769434425401,6.8111192071563895,3069.21875,106.71574391813047,5.75,0.986113707853407,1000.0,True,,2,TCGA-50-5942-01,TCGA-50-5942,Female,Stage IA,67,0:LIVING,60.68,0,I,matched
TCGA-50-5942,TCGA-50-5942-01Z-00-DX1.da1b1274-8740-4c79-adf9-25800913eafa,2,TCGA-50-5942-01,0.21567214097451415,0.01913578125,3380.2176938900543,3.3802176938900543,0.08872625441345836,176.6438302010823,1.4377018862248943,0.032961071194724016,0.3754673222453282,1.0554693623235165,1,1.0,4.636667468878929,16351.34375,,,0.0,1000.0,True,,3,TCGA-50-5942-01,TCGA-50-5942,Female,Stage IA,67,0:LIVING,60.68,0,I,matched
TCGA-50-5942,TCGA-50-5942-01Z-00-DX1.da1b1274-8740-4c79-adf9-25800913eafa,3,TCGA-50-5942-01,0.22183992758118729,0.0137788125,3025.73924881839,3.02573924881839,0.062111508285438544,219.5936151114902,1.304327130061932,0.1108942247528367,0.607183185153402,1.5362501870523038,4,0.42572501593824036,18.031019229106583,2700.171875,71.59198089349897,1.4705753659013758,0.3226400827176121,1000.0,True,,4,TCGA-50-5942-01,TCGA-50-5942,Female,Stage IA,67,0:LIVING,60.68,0,I,matched
TCGA-50-6591,TCGA-50-6591-01Z-00-DX1.12e1050b-75e9-4059-b945-291995b3e93c,1,TCGA-50-6591-01,128.04194025161007,108.96032246577089,549615.9408451761,549.615940845176,0.8509736907427154,5.044184235209418,1.4181559612049786,0.009483185830842112,0.7995484377456337,1.4814835315125696,77,0.984803431516504,0.601365457667155,2095.53125,226.63731523350253,13.25,0.9446574660606109,1000.0,True,,2,TCGA-50-6591-01,TCGA-50-6591,Female,Stage IV,63,1:DECEASED,3.91,1,IV,matched
TCGA-50-6591,TCGA-50-6591-01Z-00-DX1.12e1050b-75e9-4059-b945-291995b3e93c,2,TCGA-50-6591-01,130.73139186573067,111.23912095107154,559397.444998449,559.3974449984489,0.8508983141961887,5.028783401160636,1.4165287562056619,0.014308164586376355,0.7390846140641505,1.5296127387028688,107,0.9069920499949116,0.8184721242002511,2198.3125,232.04627266183354,11.632390124131842,0.9716890826581224,1000.0,True,,3,TCGA-50-6591-01,TCGA-50-6591,Female,Stage IV,63,1:DECEASED,3.91,1,IV,matched
TCGA-50-6593,TCGA-50-6593-01Z-00-DX1.a63e298c-cbe7-44e8-8d8e-34ebb93530ca,1,TCGA-50-6593-01,0.2675186317794858,0.037253375,2773.7442994522785,2.7737442994522783,0.13925525393202431,74.45618818301102,1.2306525713593424,0.24655218114836147,0.8555427900012132,1.5529766936029183,3,0.832248046791091,11.214172186978304,3867.78125,123.82781644283322,47.04054102580029,0.36390283232144316,1000.0,True,,2,TCGA-50-6593-01,TCGA-50-6593,Female,Stage IIIA,49,1:DECEASED,11.04,1,III,matched
TCGA-50-6593,TCGA-50-6593-01Z-00-DX1.a63e298c-cbe7-44e8-8d8e-34ebb93530ca,2,TCGA-50-6593-01,70.29832598132657,29.584732337940768,1335795.6973688991,1335.795697368899,0.42084547426917956,45.15152214697632,1.733683776104848,0.08345899930113809,0.5832224710526644,1.7691661766981668,943,0.0982719772728344,13.414259683089613,4060.40625,119.38226417688685,12.651580928879994,0.9642457179367664,1000.0,True,,3,TCGA-50-6593-01,TCGA-50-6593,Female,Stage IIIA,49,1:DECEASED,11.04,1,III,matched
TCGA-50-6593,TCGA-50-6593-01Z-00-DX1.a63e298c-cbe7-44e8-8d8e-34ebb93530ca,3,TCGA-50-6593-01,1.4832777293614352,0.3519928210040172,25585.054245347183,25.585054245347184,0.23730742667831559,72.68629562491898,1.545263169922867,0.08506853541543972,0.4980797111502891,2.9223575354611895,18,0.34286728155870866,12.135286361879894,3121.046875,144.46951808273298,14.37246586909084,0.7595900632602121,1000.0,True,,4,TCGA-50-6593-01,TCGA-50-6593,Female,Stage IIIA,49,1:DECEASED,11.04,1,III,matched
TCGA-50-6593,TCGA-50-6593-01Z-00-DX1.a63e298c-cbe7-44e8-8d8e-34ebb93530ca,4,TCGA-50-6593-01,9.566832271064454,3.328270046807356,215579.34217636954,215.57934217636955,0.3478967700598179,64.77219070104125,1.7349786216371963,0.11728220644860309,0.625546562504857,1.9415335522864101,177,0.14641556661817132,18.501421890226794,3925.5625,109.80140097580723,15.660459763365825,0.9454411287201658,1000.0,True,,5,TCGA-50-6593-01,TCGA-50-6593,Female,Stage IIIA,49,1:DECEASED,11.04,1,III,matched
TCGA-50-8457,TCGA-50-8457-01Z-00-DX1.F4B6ECCE-F22B-43FC-9A08-4366A24A67A4,1,TCGA-50-8457-01,3.28277134609078,1.7437593032609364,50120.08608227064,50.12008608227064,0.5311851236113219,28.742548348584013,1.5400743343672862,0.023831846658007767,0.695947489594427,1.4541279333056034,9,0.9263021201158346,2.7415860110748995,12187.78125,570.3882586668487,11.194306588619055,0.7362487346357622,1000.0,True,,2,TCGA-50-8457-01,TCGA-50-8457,Female,Stage IA,63,0:LIVING,36.96,0,I,matched
TCGA-50-8457,TCGA-50-8457-01Z-00-DX1.F4B6ECCE-F22B-43FC-9A08-4366A24A67A4,2,TCGA-50-8457-01,84.47904416883355,27.099051438167375,2556952.670062364,2556.952670062364,0.3207783859865793,94.35579971854848,1.6905181550816735,0.09048770494097907,0.5427390031388643,1.907571201673968,1961,0.031100816169184545,23.21285733395481,4034.0625,106.28192535069168,10.752906583803284,0.9793962122807864,1000.0,True,,3,TCGA-50-8457-01,TCGA-50-8457,Female,Stage IA,63,0:LIVING,36.96,0,I,matched
TCGA-50-8457,TCGA-50-8457-01Z-00-DX1.F4B6ECCE-F22B-43FC-9A08-4366A24A67A4,3,TCGA-50-8457-01,1.6585303728983485,0.5574164375,36001.193009917195,36.001193009917195,0.3360905815224188,64.58581159066948,1.719669772285249,0.1069439196909779,0.640116372655738,1.8465550928087449,26,0.5193877574806618,15.676529308633615,4536.609375,110.2884180512623,10.179636535751166,0.6925395663475529,1000.0,True,,4,TCGA-50-8457-01,TCGA-50-8457,Female,Stage IA,63,0:LIVING,36.96,0,I,matched
TCGA-50-8457,TCGA-50-8457-01Z-00-DX1.F4B6ECCE-F22B-43FC-9A08-4366A24A67A4,4,TCGA-50-8457-01,1.3707413649630644,0.2584791730749499,19184.727708323207,19.18472770832321,0.18856888664909793,74.22156098727658,1.4058447955924656,0.1808341668650217,0.6447113054294287,2.004378108924958,20,0.30479805906753416,14.590644530916972,4371.8125,180.99732983444102,41.74620905869311,0.793611923810613,1000.0,True,,5,TCGA-50-8457-01,TCGA-50-8457,Female,Stage IA,63,0:LIVING,36.96,0,I,matched
TCGA-50-8457,TCGA-50-8457-01Z-00-DX1.F4B6ECCE-F22B-43FC-9A08-4366A24A67A4,5,TCGA-50-8457-01,1.1913161384634925,0.26302989819054395,26528.136716687357,26.528136716687357,0.220789335171593,100.85597454579046,1.524727251760785,0.1161962323088567,0.6110426693799251,1.6080436567909944,27,0.30563269009264094,22.664009265268092,2620.9375,120.29561569837033,25.0,0.8402139587792298,1000.0,True,,6,TCGA-50-8457-01,TCGA-50-8457,Female,Stage IA,63,0:LIVING,36.96,0,I,matched
TCGA-50-8457,TCGA-50-8457-01Z-00-DX1.F4B6ECCE-F22B-43FC-9A08-4366A24A67A4,6,TCGA-50-8457-01,0.28505125973480666,0.03499801807652093,5028.458082751693,5.028458082751693,0.1227779807360993,143.67836692230088,1.308685263399719,0.21672321683910023,0.6596033365359211,1.894270273953717,5,0.5222578187294733,17.540704800433712,3127.03125,181.4777017983201,17.587282336961557,0.7300307219662059,1000.0,True,,7,TCGA-50-8457-01,TCGA-50-8457,Female,Stage IA,63,0:LIVING,36.96,0,I,matched
TCGA-50-8457,TCGA-50-8457-01Z-00-DX1.F4B6ECCE-F22B-43FC-9A08-4366A24A67A4,7,TCGA-50-8457-01,0.3877048138162272,0.08695213243941094,4238.570756028812,4.238570756028812,0.22427405938948805,48.7460242448026,1.2883184824650358,0.08032392160108039,0.6410237971866969,2.1093165175703525,2,0.9872390020096562,5.158563754506292,43000.898159785414,160.43008601880135,3.2596012026013246,0.1527878780819501,1000.0,True,,8,TCGA-50-8457-01,TCGA-50-8457,Female,Stage IA,63,0:LIVING,36.96,0,I,matched
TCGA-50-8457,TCGA-50-8457-01Z-00-DX1.F4B6ECCE-F22B-43FC-9A08-4366A24A67A4,8,TCGA-50-8457-01,1.0970189523668963,0.1877878137341511,29151.200147880812,29.15120014788081,0.17118009978677723,155.23478104468379,1.527630724690442,0.171381247348965,0.6094963745190889,1.6946253135438443,37,0.134401875432485,33.727767346379814,3125.625,107.0184709524482,21.037169486411425,0.8995816534894017,1000.0,True,,9,TCGA-50-8457-01,TCGA-50-8457,Female,Stage IA,63,0:LIVING,36.96,0,I,matched
TCGA-50-8457,TCGA-50-8457-01Z-00-DX1.F4B6ECCE-F22B-43FC-9A08-4366A24A67A4,9,TCGA-50-8457-01,46.335636228309745,15.443751892827157,1478602.9276021433,1478.6029276021432,0.3333018201526597,95.74117337956456,1.7307613208850243,0.09167481808687532,0.5499793313799021,1.8823758561246728,1173,0.07331916169026718,25.315288522645353,3807.28125,102.28284924658679,9.737171047075224,0.9543387748237913,1000.0,True,,10,TCGA-50-8457-01,TCGA-50-8457,Female,Stage IA,63,0:LIVING,36.96,0,I,matched
TCGA-50-8457,TCGA-50-8457-01Z-00-DX1.F4B6ECCE-F22B-43FC-9A08-4366A24A67A4,10,TCGA-50-8457-01,0.28490435846864537,0.016787625,2372.296031280388,2.372296031280388,0.05892372124537902,141.3121886675684,1.2379857708194857,0.2954828517085332,0.7542631128656667,1.5330899157203448,3,0.502697204587703,10.529849441844041,4477.59375,131.67579741547038,0.3535533905932738,0.3580512229705778,1000.0,True,,11,TCGA-50-8457-01,TCGA-50-8457,Female,Stage IA,63,0:LIVING,36.96,0,I,matched
TCGA-50-8457,TCGA-50-8457-01Z-00-DX1.F4B6ECCE-F22B-43FC-9A08-4366A24A67A4,11,TCGA-50-8457-01,0.17422110333190471,0.010521091633991215,1790.829024014924,1.790829024014924,0.06038930664988224,170.2132332189912,1.0397099792242082,0.32481272119202304,0.8427268978465546,1.5489517565987863,4,0.5430023797221474,22.959331122933424,1442.453125,125.46205875256618,64.25182747017882,0.4730841778995013,1000.0,True,,12,TCGA-50-8457-01,TCGA-50-8457,Female,Stage IA,63,0:LIVING,36.96,0,I,matched
TCGA-55-1595,TCGA-55-1595-01Z-00-DX1.6270c9cf-cd18-4fa5-b313-33350ad55f89,1,TCGA-55-1595-01,44.80896100844945,17.789258632284312,874918.632633759,874.9186326337591,0.3970022565113675,49.182411179628296,1.7004171791655438,0.06485857109927004,0.6326208449719048,1.6676327257899255,516,0.08472832328594537,11.515553772887078,4430.890625,137.05276395776986,17.13986463802269,0.9633347293300064,1000.0,True,,2,TCGA-55-1595-01,TCGA-55-1595,Female,Stage IA,74,0:LIVING,48.59,0,I,matched
TCGA-55-1595,TCGA-55-1595-01Z-00-DX1.6270c9cf-cd18-4fa5-b313-33350ad55f89,2,TCGA-55-1595-01,51.011906474991896,19.343330632879155,1019131.8615024291,1019.1318615024292,0.3791924664168755,52.6864727096244,1.6995494338061234,0.06576276022038119,0.6523700090359107,1.6483203702187772,596,0.06796659978651566,11.683546865518217,4538.5625,137.50063385441808,18.225993485822638,0.9655898534874958,1000.0,True,,3,TCGA-55-1595-01,TCGA-55-1595,Female,Stage IA,74,0:LIVING,48.59,0,I,matched
TCGA-55-1595,TCGA-55-1595-01Z-00-DX1.6270c9cf-cd18-4fa5-b313-33350ad55f89,3,TCGA-55-1595-01,6.232916223116529,1.3700429371401226,91802.81735498956,91.80281735498956,0.21980769323658347,67.00725566063068,,0.1136799359009907,0.66939292450616,1.595366813467638,65,0.23044849222068592,10.428505321301953,4660.21875,147.45837601252092,29.074258374032517,0.85002405907264,1000.0,True,,4,TCGA-55-1595-01,TCGA-55-1595,Female,Stage IA,74,0:LIVING,48.59,0,I,matched
TCGA-55-1595,TCGA-55-1595-01Z-00-DX1.6270c9cf-cd18-4fa5-b313-33350ad55f89,4,TCGA-55-1595-01,0.5010122367749167,0.12675103206298463,7639.340020116315,7.639340020116315,0.25298989277966166,60.2704364278486,1.3305784220262467,0.10296134454127433,0.6783574906408819,1.7637327109339942,5,0.756490235272041,9.979796166627933,4911.8125,196.01411978796324,49.90490957811666,0.44092266540366315,1000.0,True,,5,TCGA-55-1595-01,TCGA-55-1595,Female,Stage IA,74,0:LIVING,48.59,0,I,matched
TCGA-55-1595,TCGA-55-1595-01Z-00-DX1.6270c9cf-cd18-4fa5-b313-33350ad55f89,5,TCGA-55-1595-01,0.5081199139588374,0.13218954360882557,6708.764001341238,6.708764001341239,0.26015422733369625,50.75109436184884,1.2962708132728604,0.1357626563471691,0.7451637164828758,1.7139052344293142,5,0.7953334289360432,9.84019689573719,5089.25,182.07763625717465,10.253048327204938,0.404764848129495,1000.0,True,,6,TCGA-55-1595-01,TCGA-55-1595,Female,Stage IA,74,0:LIVING,48.59,0,I,matched
TCGA-55-1595,TCGA-55-1595-01Z-00-DX1.6270c9cf-cd18-4fa5-b313-33350ad55f89,6,TCGA-55-1595-01,0.47283427025498526,0.0967907312526282,6928.070260352337,6.928070260352337,0.2047032910715881,71.57782744992141,1.245816056570046,0.16037664861441675,0.8127429643490663,1.7560641818054885,8,0.7031253604063354,16.91924740498577,3407.703125,180.48023728042216,41.16370279343829,0.7415875470699057,1000.0,True,,7,TCGA-55-1595-01,TCGA-55-1595,Female,Stage IA,74,0:LIVING,48.59,0,I,matched
TCGA-55-6543,TCGA-55-6543-01Z-00-DX1.08806fe0-84d3-4fd6-8746-6cf557241958,1,TCGA-55-6543-01,2.8975805668770938,0.8982325216269544,48977.473932125446,48.97747393212545,0.309993976317641,54.526498153744555,1.535523087406382,0.11052779550647462,0.6096222383751384,1.266629803022847,34,0.3232082856650195,11.733927397450747,6059.53125,138.60987967920045,10.126524163602468,0.8257905975052586,1000.0,True,,2,TCGA-55-6543-01,TCGA-55-6543,Female,Stage IA,60,0:LIVING,14.29,0,I,matched
TCGA-55-6543,TCGA-55-6543-01Z-00-DX1.08806fe0-84d3-4fd6-8746-6cf557241958,2,TCGA-55-6543-01,3.8445240642607477,0.7585514805396448,54122.784490455786,54.122784490455786,0.19730699245486566,71.35017975569968,1.383288846294835,0.23323256311957946,0.6810470732332718,1.907325545707915,60,0.14179765466168104,15.606613197656554,5304.53125,122.29329821333002,11.526279713156868,0.9091335844682701,1000.0,True,,3,TCGA-55-6543-01,TCGA-55-6543,Female,Stage IA,60,0:LIVING,14.29,0,I,matched
TCGA-55-6543,TCGA-55-6543-01Z-00-DX1.08806fe0-84d3-4fd6-8746-6cf557241958,3,TCGA-55-6543-01,29.86655942765728,12.207107810264635,563627.5637389753,563.6275637389754,0.4087215951282459,46.172080438663436,1.6635005337405147,0.05130332433607112,0.4970796378603699,1.6572693239369036,290,0.435891260199391,9.709856292702124,4111.850220828044,131.2899026940786,12.560952780682168,0.9497007815561025,1000.0,True,,4,TCGA-55-6543-01,TCGA-55-6543,Female,Stage IA,60,0:LIVING,14.29,0,I,matched
TCGA-55-6543,TCGA-55-6543-01Z-00-DX1.08806fe0-84d3-4fd6-8746-6cf557241958,4,TCGA-55-6543-01,1.8050095541133993,0.4429888996310638,34230.68156808418,34.23068156808418,0.2454219140400368,77.27209778076302,,0.22489689384728873,0.7001509568246482,2.1321679055050153,35,0.1561320875846589,19.390479080977283,5998.0,136.58675413908188,18.66313210583904,0.8509785896100318,1000.0,True,,5,TCGA-55-6543-01,TCGA-55-6543,Female,Stage IA,60,0:LIVING,14.29,0,I,matched
TCGA-55-6543,TCGA-55-6543-01Z-00-DX1.08806fe0-84d3-4fd6-8746-6cf557241958,5,TCGA-55-6543-01,0.3140781836325723,0.06806831989939026,6642.451301256945,6.642451301256945,0.2167241261781516,97.58506322875242,,0.0557492683913236,0.5607262521097353,2.1052158794578313,4,0.8356414316429934,12.735682414285236,3767.6782620888266,196.7921757803694,3.7828345627040085,0.5603163819875776,1000.0,True,,6,TCGA-55-6543-01,TCGA-55-6543,Female,Stage IA,60,0:LIVING,14.29,0,I,matched
TCGA-55-6543,TCGA-55-6543-01Z-00-DX1.08806fe0-84d3-4fd6-8746-6cf557241958,6,TCGA-55-6543-01,0.14951687218719098,0.02495240625,2479.898322012526,2.479898322012526,0.1668868929973353,99.38513733570389,1.366370381784114,0.08990597906021033,0.6264405605830284,2.7702221559929585,2,0.8581602441296068,13.376416793256988,12380.71875,89.33259483525596,3.2596012026013246,0.1415983519064088,1000.0,True,,7,TCGA-55-6543-01,TCGA-55-6543,Female,Stage IA,60,0:LIVING,14.29,0,I,matched
TCGA-55-6543,TCGA-55-6543-01Z-00-DX1.08806fe0-84d3-4fd6-8746-6cf557241958,7,TCGA-55-6543-01,11.366205646769233,3.608193151311278,176521.96736463477,176.52196736463478,0.31744922302517753,48.92253822400936,1.6096575485983002,0.07796891800223871,0.5910947882227732,1.4916392776908582,91,0.5071858342740455,8.00618982517408,7218.28125,164.9075617012452,15.662455107677085,0.9045692947268927,1000.0,True,,8,TCGA-55-6543-01,TCGA-55-6543,Female,Stage IA,60,0:LIVING,14.29,0,I,matched
TCGA-55-6543,TCGA-55-6543-01Z-00-DX1.08806fe0-84d3-4fd6-8746-6cf557241958,8,TCGA-55-6543-01,0.21267013301574308,0.051744340421839764,3671.4335725481874,3.6714335725481875,0.24330797977170282,70.95333600964373,1.2330061851213336,0.15219603430375836,0.7629817273917612,1.1297615369569418,3,0.860846257697834,14.106353146343885,4383.75,82.26861491480211,3.75,0.24065873331673526,1000.0,True,,9,TCGA-55-6543-01,TCGA-55-6543,Female,Stage IA,60,0:LIVING,14.29,0,I,matched
TCGA-55-6981,TCGA-55-6981-01Z-00-DX1.5fecd134-42a0-40a2-be75-1e8bd14c5b30,1,TCGA-55-6981-01,29.53998279369409,6.780903360853941,581017.9492691222,581.0179492691223,0.22955001051325807,85.68444620864686,1.6786661372141658,0.16103913446266999,0.6334623301487465,1.8695379139093609,649,0.03273154997561959,21.970222682003126,3141.34375,109.3106953824739,15.892215075312818,0.9634059288011669,1000.0,True,,2,TCGA-55-6981-01,TCGA-55-6981,Female,Stage IIIA,53,1:DECEASED,45.3,1,III,matched
TCGA-55-6982,TCGA-55-6982-01Z-00-DX1.055aeec1-2fc1-4796-b5df-c159335e0300,1,TCGA-55-6982-01,15.593074727745725,4.594861966712386,256213.1578557997,256.2131578557997,0.2946732473831131,55.760795364897476,1.5796220150469884,0.15435769951847264,0.6708293770508691,1.99167709730915,267,0.20619125146817327,17.122985983316706,5660.84375,135.1587608148284,19.52242300535464,0.9617234746343953,1000.0,True,,2,TCGA-55-6982-01,TCGA-55-6982,Female,Stage IIB,79,1:DECEASED,32.69,1,II,matched
TCGA-55-6982,TCGA-55-6982-01Z-00-DX1.055aeec1-2fc1-4796-b5df-c159335e0300,2,TCGA-55-6982-01,5.640793022586036,1.4213292788160672,110639.2728660486,110.6392728660486,0.251973308207727,77.84211196873987,1.6491866942160471,0.19640093622644952,0.6618356154216515,1.986205927862118,151,0.06653850745949313,26.7692857006786,3565.1004345257093,106.43755504989768,18.0,0.9057561958245355,1000.0,True,,3,TCGA-55-6982-01,TCGA-55-6982,Female,Stage IIB,79,1:DECEASED,32.69,1,II,matched
TCGA-55-6982,TCGA-55-6982-01Z-00-DX1.055aeec1-2fc1-4796-b5df-c159335e0300,3,TCGA-55-6982-01,2.1323994485941125,0.31083829186600154,37811.83011382943,37.81183011382943,0.1457692610410947,121.64469791298954,,0.2179570316812063,0.6391729090593364,1.8191816872245434,57,0.20190342081773605,26.730451481583344,2682.65625,94.65892720710498,18.5,0.9097393073429221,1000.0,True,,4,TCGA-55-6982-01,TCGA-55-6982,Female,Stage IIB,79,1:DECEASED,32.69,1,II,matched
TCGA-55-6982,TCGA-55-6982-01Z-00-DX1.055aeec1-2fc1-4796-b5df-c159335e0300,4,TCGA-55-6982-01,0.5044057072615238,0.09834429711460273,9466.171445308162,9.466171445308163,0.194970627213013,96.25541818939465,1.4087399739342408,0.26721450267578406,0.7219204260365665,1.9085692554115727,14,0.3564632645809448,27.755435353829757,2196.109375,115.52542108390233,17.849648325702454,0.6471564665127021,1000.0,True,,5,TCGA-55-6982-01,TCGA-55-6982,Female,Stage IIB,79,1:DECEASED,32.69,1,II,matched
TCGA-55-6984,TCGA-55-6984-01Z-00-DX1.d53e387a-9618-4486-98f3-a75604f25a7d,1,TCGA-55-6984-01,0.9585768482360376,0.25366071875,13877.269530848704,13.877269530848704,0.2646222044865611,54.707995779692254,1.4535747775780594,0.08234116502319698,0.6333124726797168,2.2110292232287136,6,0.5476813845351023,6.259279066713464,16544.46875,204.30423223498616,25.848883805730914,0.4537635529608007,1000.0,True,,2,TCGA-55-6984-01,TCGA-55-6984,Female,Stage IIB,71,1:DECEASED,24.97,1,II,matched
TCGA-55-6984,TCGA-55-6984-01Z-00-DX1.d53e387a-9618-4486-98f3-a75604f25a7d,2,TCGA-55-6984-01,1.5012963381660085,0.24279228125,15764.609718006423,15.764609718006422,0.16172175677627798,64.93044027941652,1.2977719174266906,0.07684056360415747,0.6810116394922733,1.3243845283980442,7,0.4247141538597891,4.66263709705123,11677.0625,220.9148680063205,12.211674741819813,0.6646968581753361,1000.0,True,,3,TCGA-55-6984-01,TCGA-55-6984,Female,Stage IIB,71,1:DECEASED,24.97,1,II,matched
TCGA-55-6984,TCGA-55-6984-01Z-00-DX1.d53e387a-9618-4486-98f3-a75604f25a7d,3,TCGA-55-6984-01,0.5044087005655091,0.11145029186680286,6858.333983063844,6.858333983063845,0.220952358160857,61.53715587627548,1.4024692538297587,0.11871234614942205,0.6179989938695869,1.298026927602228,5,0.7665703114919389,9.912596659007539,7842.46875,195.87958673634168,10.991473968490304,0.4943109734181668,1000.0,True,,4,TCGA-55-6984-01,TCGA-55-6984,Female,Stage IIB,71,1:DECEASED,24.97,1,II,matched
TCGA-55-6984,TCGA-55-6984-01Z-00-DX1.d53e387a-9618-4486-98f3-a75604f25a7d,4,TCGA-55-6984-01,10.38906875408398,2.7864846763497795,118664.00083781475,118.66400083781474,0.26821313269819325,42.58555657778151,1.365375684523482,0.07805777228168319,0.7282439028666193,1.3595446055983234,79,0.4128828714623906,7.604146422550609,4153.789221437282,140.826411319042,12.732831578246843,0.9084302157045159,1000.0,True,,5,TCGA-55-6984-01,TCGA-55-6984,Female,Stage IIB,71,1:DECEASED,24.97,1,II,matched
TCGA-55-6984,TCGA-55-6984-01Z-00-DX1.d53e387a-9618-4486-98f3-a75604f25a7d,5,TCGA-55-6984-01,59.24467637955856,21.366917535037707,1202941.027083101,1202.941027083101,0.3606554857038602,56.29923104774028,1.6737403183738555,0.10946002964898698,0.6208509656339674,1.7597399177229958,897,0.06777181329280135,15.140600891348537,5736.09375,123.75721254234034,8.782084035125148,0.9609088153226897,1000.0,True,,6,TCGA-55-6984-01,TCGA-55-6984,Female,Stage IIB,71,1:DECEASED,24.97,1,II,matched
TCGA-55-6984,TCGA-55-6984-01Z-00-DX1.d53e387a-9618-4486-98f3-a75604f25a7d,6,TCGA-55-6984-01,0.6720821038647999,0.08282192179178376,6795.800229439006,6.795800229439006,0.1232318511615133,82.05315793714382,1.2939784567015016,0.1840741173152384,0.7267136071087305,1.9093448075279835,8,0.48460641059406095,11.903307578041577,5676.640625,157.78406922119862,21.392426553101007,0.5778202845406625,1000.0,True,,7,TCGA-55-6984-01,TCGA-55-6984,Female,Stage IIB,71,1:DECEASED,24.97,1,II,matched
TCGA-55-6984,TCGA-55-6984-01Z-00-DX1.d53e387a-9618-4486-98f3-a75604f25a7d,7,TCGA-55-6984-01,0.3472736047651076,0.048783654514926944,4738.01351778209,4.738013517782091,0.1404761371021092,97.12297212855059,1.3480398432379996,0.09606278601305919,0.5584048498366534,1.7951133456202317,3,0.8078152161191973,8.638721627084701,6313.5,140.62855551060744,1.7677669529663689,0.2939049575586358,1000.0,True,,8,TCGA-55-6984-01,TCGA-55-6984,Female,Stage IIB,71,1:DECEASED,24.97,1,II,matched
TCGA-55-6984,TCGA-55-6984-01Z-00-DX1.d53e387a-9618-4486-98f3-a75604f25a7d,8,TCGA-55-6984-01,0.3358442367749163,0.0669004375,3980.229147550709,3.980229147550709,0.19920079064759075,59.49481492629564,1.3376842380215619,0.062088565146478675,0.7042398497558732,1.2570946822308675,1,1.0,2.97757082152999,66407.375,,,0.0,1000.0,True,,9,TCGA-55-6984-01,TCGA-55-6984,Female,Stage IIB,71,1:DECEASED,24.97,1,II,matched
TCGA-55-6984,TCGA-55-6984-01Z-00-DX1.d53e387a-9618-4486-98f3-a75604f25a7d,9,TCGA-55-6984-01,0.9237427146620396,0.14341000070648185,11107.074512797137,11.107074512797137,0.1552488571008106,77.44979051726006,1.3158636760937168,0.173858774496945,0.6723431157579045,1.6391517339414383,13,0.4678337473972531,14.073182709490897,6759.9375,119.33048908388837,14.5,0.7418275246535095,1000.0,True,,10,TCGA-55-6984-01,TCGA-55-6984,Female,Stage IIB,71,1:DECEASED,24.97,1,II,matched
TCGA-55-6984,TCGA-55-6984-01Z-00-DX1.d53e387a-9618-4486-98f3-a75604f25a7d,10,TCGA-55-6984-01,6.264442565387847,1.6149164306275623,110518.14750241356,110.51814750241356,0.25779092293866035,68.43583073798179,1.5945025473074732,0.11608401154265287,0.6492735752592882,1.7223000203647814,91,0.14275070623844693,14.526432168568533,5445.28125,128.34797670785466,5.75,0.899618284243527,1000.0,True,,11,TCGA-55-6984-01,TCGA-55-6984,Female,Stage IIB,71,1:DECEASED,24.97,1,II,matched
TCGA-55-6984,TCGA-55-6984-01Z-00-DX1.d53e387a-9618-4486-98f3-a75604f25a7d,11,TCGA-55-6984-01,0.5797165277933014,0.03799196875,4849.127902839044,4.849127902839044,0.0655354245196647,127.63560463917901,1.2376924063943442,0.1328157610321792,0.5848706946978686,1.8245567698855232,5,0.502902855366656,8.624905035970883,3779.8125,141.27866136204008,2.7613402542968153,0.5535596183018432,1000.0,True,,12,TCGA-55-6984-01,TCGA-55-6984,Female,Stage IIB,71,1:DECEASED,24.97,1,II,matched
TCGA-55-6985,TCGA-55-6985-01Z-00-DX1.428ad69e-c0ea-445e-8d38-fa2dab6eb81f,1,TCGA-55-6985-01,18.748441885201004,3.862162528131706,354073.635632795,354.073635632795,0.20599911991514808,91.67755967123311,1.6506321243707927,0.1874565527773946,0.6383823791002124,2.2088977154540053,435,0.03189579093077399,23.201928067599326,3980.3125,108.71177489122326,18.501689112078388,0.9455766736649638,1000.0,True,,2,TCGA-55-6985-01,TCGA-55-6985,Female,Stage IB,58,0:LIVING,40.51,0,I,matched
TCGA-55-6986,TCGA-55-6986-01Z-00-DX1.ae52d41e-3cd6-4d36-b04b-2ea7d29bd8da,1,TCGA-55-6986-01,51.15537722381693,19.170081784562992,1548066.5654124308,1548.0665654124307,0.3747422622003027,80.75430156271088,1.6990833728819454,0.07189543249801018,0.5321927296602709,1.975292232049782,962,0.11024524398304618,18.805452177412775,3285.109375,101.56157344733666,5.814829323608451,0.9760139455265227,1000.0,True,,2,TCGA-55-6986-01,TCGA-55-6986,Female,Stage IB,74,0:LIVING,107.13,0,I,matched
TCGA-55-6986,TCGA-55-6986-01Z-00-DX1.ae52d41e-3cd6-4d36-b04b-2ea7d29bd8da,2,TCGA-55-6986-01,0.3865128585648406,0.12115221495247487,3494.229354945673,3.494229354945673,0.31344937760240293,28.84164648839789,,0.3879062175418729,0.8848641502476913,1.2173205450227427,3,0.8933528727584378,7.761708138609641,9140.058702474871,197.18456812400407,8.253787009609589,0.31384217792357366,1000.0,True,,3,TCGA-55-6986-01,TCGA-55-6986,Female,Stage IB,74,0:LIVING,107.13,0,I,matched
TCGA-55-6986,TCGA-55-6986-01Z-00-DX1.ae52d41e-3cd6-4d36-b04b-2ea7d29bd8da,3,TCGA-55-6986-01,0.2597573913717805,0.03401077400648476,8160.109458903059,8.16010945890306,0.1309328440160014,239.927190641036,1.4122374174717083,0.12629900052158366,0.6533159546483345,1.5109112403330835,7,0.3445551523031503,26.94822258197526,3345.5,86.89471448972026,10.514870422406545,0.5405667701863355,1000.0,True,,4,TCGA-55-6986-01,TCGA-55-6986,Female,Stage IB,74,0:LIVING,107.13,0,I,matched
TCGA-55-6986,TCGA-55-6986-01Z-00-DX1.ae52d41e-3cd6-4d36-b04b-2ea7d29bd8da,4,TCGA-55-6986-01,1.6598456986117802,0.27465069633722844,37349.591484046345,37.34959148404634,0.16546760736069255,135.98942941760046,,0.06813306368418293,0.4764637300922501,2.0466285797361574,22,0.26020047482107533,13.254244065216305,4137.796875,163.48053333221696,15.537163197800961,0.7562184468073698,1000.0,True,,5,TCGA-55-6986-01,TCGA-55-6986,Female,Stage IB,74,0:LIVING,107.13,0,I,matched
TCGA-55-7281,TCGA-55-7281-01Z-00-DX1.a92dafa4-3a65-4f5c-97f0-83aff231274a,1,TCGA-55-7281-01,0.20934599181090627,0.027834493598273325,3510.2684555669084,3.5102684555669086,0.13295928600063714,126.11217240843438,1.3395668589683964,0.07465814727335543,0.5913132603900313,1.1203249845016767,2,0.9538907608564436,9.553562419320254,11878.381321686584,267.08209909361204,119.68108664279414,0.2709438749227282,1000.0,True,,2,TCGA-55-7281-01,TCGA-55-7281,Female,Stage IA,70,0:LIVING,28.65,0,I,matched
TCGA-55-7281,TCGA-55-7281-01Z-00-DX1.a92dafa4-3a65-4f5c-97f0-83aff231274a,2,TCGA-55-7281-01,18.077860971881446,10.44771342085482,309257.1667470635,309.25716674706354,0.5779286297812191,29.600464167570983,1.6180132749264589,0.02867797186207769,0.689924529386725,1.5078737474065362,175,0.5874976980896074,9.680348812959531,3006.84375,107.56393447619885,7.044501401802686,0.9141970494535018,1000.0,True,,3,TCGA-55-7281-01,TCGA-55-7281,Female,Stage IA,70,0:LIVING,28.65,0,I,matched
TCGA-55-7283,TCGA-55-7283-01Z-00-DX1.0f716216-0a46-404e-a4d4-5bb6d7e3f0d1,1,TCGA-55-7283-01,0.2933239275811868,0.042180040469967504,5971.4566408080755,5.971456640808076,0.143800203474,141.57067120549104,1.4073483990177276,0.058003661557703916,0.38638555837022937,1.4348177369998532,4,0.784151461456181,13.636800901259143,3579.6875,137.42144043594584,11.425222584037485,0.49933149830805995,1000.0,True,,2,TCGA-55-7283-01,TCGA-55-7283,Female,Stage IIIA,76,0:LIVING,20.01,0,III,matched
TCGA-55-7283,TCGA-55-7283-01Z-00-DX1.0f716216-0a46-404e-a4d4-5bb6d7e3f0d1,2,TCGA-55-7283-01,11.23729577703786,4.407737765417667,303394.498652989,303.394498652989,0.39224185719347,68.83224792395063,1.7377037538987552,0.04530962595789404,0.47939269733271406,1.8275409216724399,137,0.35512792280264305,12.191545254147709,3094.21875,116.26243213093385,6.9731628404906765,0.9137425452348195,1000.0,True,,3,TCGA-55-7283-01,TCGA-55-7283,Female,Stage IIIA,76,0:LIVING,20.01,0,III,matched
TCGA-55-7573,TCGA-55-7573-01Z-00-DX1.43a4bbd2-6a3b-4910-9356-2d750a736817,1,TCGA-55-7573-01,30.339391097350646,14.293226944383138,751144.085565828,751.144085565828,0.4711111999090607,52.55244938659621,1.6870797279609162,0.08262322860065266,0.546088576339872,1.7496950415395078,552,0.2248603534427653,18.19416870393957,3772.921875,97.67489259323813,7.2607649955738855,0.9571896999242604,1000.0,True,,2,TCGA-55-7573-01,TCGA-55-7573,Female,Stage IA,72,0:LIVING,16,0,I,matched
TCGA-55-7574,TCGA-55-7574-01Z-00-DX1.09639e6a-d85f-4d84-abbc-0f5a6d679683,1,TCGA-55-7574-01,26.81627314209599,9.145185422990727,443180.00996001915,443.18000996001916,0.3410311855988176,48.460472856665945,1.6541902425995012,0.12432934099109212,0.6024356495729571,2.29488994484759,453,0.2055249878847334,16.892727695590327,3968.65625,127.1855343828456,16.00195300580526,0.9713098224601582,1000.0,True,,2,TCGA-55-7574-01,TCGA-55-7574,Female,Stage IB,64,1:DECEASED,32.69,1,I,matched
TCGA-55-7574,TCGA-55-7574-01Z-00-DX1.09639e6a-d85f-4d84-abbc-0f5a6d679683,2,TCGA-55-7574-01,0.21967908217805143,0.011429859873022691,3269.941761656837,3.269941761656837,0.05202980529461021,286.08765094091063,1.1778908398507284,0.13962310075897594,0.5941195178882933,2.0823273076778173,3,0.4936655287821666,13.656284295509206,1827.78125,100.90411599632594,46.06788469204984,0.3920028142589118,1000.0,True,,3,TCGA-55-7574-01,TCGA-55-7574,Female,Stage IB,64,1:DECEASED,32.69,1,I,matched
TCGA-55-7574,TCGA-55-7574-01Z-00-DX1.09639e6a-d85f-4d84-abbc-0f5a6d679683,3,TCGA-55-7574-01,0.2105143880782333,0.04718575591249165,2382.3227687775006,2.3823227687775006,0.224145039886566,50.48817641484091,,0.19881888545720403,0.693147393498395,1.4232040457252007,4,0.9094020675884958,19.0010765369324,1624.359375,96.72948772131409,22.294356998076516,0.34931988742964354,1000.0,True,,4,TCGA-55-7574-01,TCGA-55-7574,Female,Stage IB,64,1:DECEASED,32.69,1,I,matched
TCGA-55-7725,TCGA-55-7725-01Z-00-DX1.4d678777-63b1-4f4a-932a-7fccabf504c7,1,TCGA-55-7725-01,0.5624084047638085,0.10839691791070717,12014.436143176506,12.014436143176507,0.192737016361322,110.83743315537343,1.46150705506229,0.07481399645719489,0.6522432861709442,2.2443597110380975,9,0.4993366134458589,16.0026057999252,6064.96875,147.18743365178972,10.179636535751166,0.6394689616138063,1000.0,True,,2,TCGA-55-7725-01,TCGA-55-7725,Female,Stage IA,68,0:LIVING,14.52,0,I,matched
TCGA-55-7725,TCGA-55-7725-01Z-00-DX1.4d678777-63b1-4f4a-932a-7fccabf504c7,2,TCGA-55-7725-01,17.77687426903669,8.417684255309087,332621.26512511005,332.62126512511,0.4735188047074618,39.51458085581241,1.6943764479327785,0.03447674702129911,0.5420681412334012,1.7925187367249218,154,0.7234630710376494,8.66294027112704,2970.765625,135.70742023283032,11.096170510586074,0.9362477426934521,1000.0,True,,3,TCGA-55-7725-01,TCGA-55-7725,Female,Stage IA,68,0:LIVING,14.52,0,I,matched
TCGA-55-7728,TCGA-55-7728-01Z-00-DX1.1d47a5fe-cab5-4d5a-a62b-16f345334d25,1,TCGA-55-7728-01,22.43855951419523,11.759562125694044,433122.5423482172,433.1225423482172,0.5240783000466065,36.83151955138419,1.7021658076557513,0.037742196819377134,0.5444792568330299,1.5124489960058392,138,0.3240268814629826,6.150127414048015,5354.375,156.11805679116685,7.637417843940536,0.9458818069268335,1000.0,True,,2,TCGA-55-7728-01,TCGA-55-7728,Female,Stage IB,64,0:LIVING,23.13,0,I,matched
TCGA-55-7816,TCGA-55-7816-01Z-00-DX1.A58C6196-E1A0-48B3-9B77-2EDCD7A43CBA,1,TCGA-55-7816-01,2.358466558769539,0.30916996771866484,71718.0341204437,71.7180341204437,0.13108940068243546,231.96960121852752,1.5749682979255848,0.1381592180571277,0.6059360134842233,2.0075658949420143,65,0.08061936352811837,27.5602805383477,2487.03125,95.82440402240965,18.515196461285523,0.8824676826466982,1000.0,True,,2,TCGA-55-7816-01,TCGA-55-7816,Female,Stage IV,49,1:DECEASED,15.37,1,IV,matched
TCGA-55-7816,TCGA-55-7816-01Z-00-DX1.A58C6196-E1A0-48B3-9B77-2EDCD7A43CBA,2,TCGA-55-7816-01,1.8244716686416418,0.248857127082549,54236.39767705217,54.23639767705217,0.13639955684695748,217.94191033580998,1.5668297439975434,0.13348753375778258,0.611715332197268,2.0407908310416687,45,0.07491478743747754,24.664674586864624,2710.21875,109.03011696889075,17.0,0.8804937573049796,1000.0,True,,3,TCGA-55-7816-01,TCGA-55-7816,Female,Stage IV,49,1:DECEASED,15.37,1,IV,matched
TCGA-55-7816,TCGA-55-7816-01Z-00-DX1.A58C6196-E1A0-48B3-9B77-2EDCD7A43CBA,3,TCGA-55-7816-01,0.23238715436654184,0.026199915566672265,10080.571616809639,10.080571616809639,0.1127425293282236,384.755881795004,,0.1531666941606954,0.528275185868647,1.6432412372127931,5,0.33742575680880826,21.51581920966919,1451.40625,86.78682575713897,24.434862389626833,0.4040806754221388,1000.0,True,,4,TCGA-55-7816-01,TCGA-55-7816,Female,Stage IV,49,1:DECEASED,15.37,1,IV,matched
TCGA-55-7816,TCGA-55-7816-01Z-00-DX1.A58C6196-E1A0-48B3-9B77-2EDCD7A43CBA,4,TCGA-55-7816-01,0.21295847718262145,0.029249287415939813,3055.46563638183,3.0554656363818298,0.13734737307901218,104.46290854650738,1.1915440279876144,0.23062847446858178,0.7089956764139825,1.867391035026784,5,0.435242335313881,23.478755418185468,3843.5302852211253,102.69524088291531,28.469281690973517,0.5209913197883771,1000.0,True,,5,TCGA-55-7816-01,TCGA-55-7816,Female,Stage IV,49,1:DECEASED,15.37,1,IV,matched
TCGA-55-7816,TCGA-55-7816-01Z-00-DX1.A58C6196-E1A0-48B3-9B77-2EDCD7A43CBA,5,TCGA-55-7816-01,0.26436023677491627,0.034658641202516466,5676.599345805901,5.676599345805901,0.13110383628543126,163.78597512339113,1.2878592077247533,0.24777538933025034,0.760751467775285,1.5714852590013697,10,0.17039038782105406,37.82717144603816,2933.703125,122.88105592909756,52.27441684711176,0.7378478493934486,1000.0,True,,6,TCGA-55-7816-01,TCGA-55-7816,Female,Stage IV,49,1:DECEASED,15.37,1,IV,matched
TCGA-55-7816,TCGA-55-7816-01Z-00-DX1.A58C6196-E1A0-48B3-9B77-2EDCD7A43CBA,6,TCGA-55-7816-01,0.5406987461919749,0.07631433085896701,13744.68115872092,13.744681158720919,0.1411402031102022,180.10616097940803,,0.18162184304431805,0.6685322401591783,1.7512785197743328,15,0.23898216140966627,27.741880493790262,3227.875,131.32616837477593,31.62672920173694,0.6736107629380238,1000.0,True,,7,TCGA-55-7816-01,TCGA-55-7816,Female,Stage IV,49,1:DECEASED,15.37,1,IV,matched
TCGA-55-7816,TCGA-55-7816-01Z-00-DX1.A58C6196-E1A0-48B3-9B77-2EDCD7A43CBA,7,TCGA-55-7816-01,20.448978632725435,4.875810312410321,637281.4478867634,637.2814478867633,0.2384378408321743,130.7026744384828,1.6328012893884345,0.11398666539037017,0.6404023484170944,2.0026627360300764,576,0.056844775263562033,28.167665991796817,3185.171875,103.54004783845792,11.858541225631422,0.9494316963883879,1000.0,True,,8,TCGA-55-7816-01,TCGA-55-7816,Female,Stage IV,49,1:DECEASED,15.37,1,IV,matched
TCGA-55-7816,TCGA-55-7816-01Z-00-DX1.A58C6196-E1A0-48B3-9B77-2EDCD7A43CBA,8,TCGA-55-7816-01,23.992467135886514,5.360219507253856,657039.9457824898,657.0399457824899,0.2234126018343631,122.57705955760461,1.6189113294721602,0.1377458759248568,0.6489192059611116,2.007002063444602,690,0.042186299843392776,28.759026576634913,2984.765625,100.0680334724482,15.482731035000475,0.9571955467287614,1000.0,True,,9,TCGA-55-7816-01,TCGA-55-7816,Female,Stage IV,49,1:DECEASED,15.37,1,IV,matched
TCGA-55-7816,TCGA-55-7816-01Z-00-DX1.A58C6196-E1A0-48B3-9B77-2EDCD7A43CBA,9,TCGA-55-7816-01,2.4142564277788643,0.4094304117468349,63778.37610781591,63.77837610781591,0.16958861827428756,155.77342150942198,1.5728267050963638,0.1283457031891663,0.6289918499484318,2.2254470810301705,64,0.167517955519648,26.509197309616578,2926.6675056232407,111.53070031601479,20.16889928528243,0.9134607368645689,1000.0,True,,10,TCGA-55-7816-01,TCGA-55-7816,Female,Stage IV,49,1:DECEASED,15.37,1,IV,matched
TCGA-55-7816,TCGA-55-7816-01Z-00-DX1.A58C6196-E1A0-48B3-9B77-2EDCD7A43CBA,10,TCGA-55-7816-01,0.23971823677491527,0.026238347464616688,5376.030319595092,5.376030319595092,0.10945494935061334,204.89210789074477,1.3755070913044827,0.1584164103886068,0.766435155914083,1.8183180919760669,10,0.1609779264956938,41.715641390227454,2197.96875,79.15570099493782,20.452697338648044,0.6944140165243029,1000.0,True,,11,TCGA-55-7816-01,TCGA-55-7816,Female,Stage IV,49,1:DECEASED,15.37,1,IV,matched
TCGA-55-7816,TCGA-55-7816-01Z-00-DX1.A58C6196-E1A0-48B3-9B77-2EDCD7A43CBA,11,TCGA-55-7816-01,3.7908958844373672,0.510363913211447,88074.15227884318,88.07415227884317,0.13462883940089893,172.5712770807788,1.503158158235057,0.16568840207357713,0.6651167837991904,1.9929469604408316,110,0.06502776856194102,29.01688765750048,2304.890625,109.31101792914338,24.24298268397044,0.9573274071407094,1000.0,True,,12,TCGA-55-7816-01,TCGA-55-7816,Female,Stage IV,49,1:DECEASED,15.37,1,IV,matched
TCGA-55-7816,TCGA-55-7816-01Z-00-DX1.A58C6196-E1A0-48B3-9B77-2EDCD7A43CBA,12,TCGA-55-7816-01,0.6535897524356368,0.08679006912603023,21117.285497045938,21.117285497045938,0.13278982542581558,243.31453713190334,1.542344375730332,0.08815990322438796,0.5634530147936972,1.4248193785153926,15,0.22482752865809152,22.95017622920449,2761.34375,101.44117753654085,18.270536390593463,0.7295501494070666,1000.0,True,,13,TCGA-55-7816-01,TCGA-55-7816,Female,Stage IV,49,1:DECEASED,15.37,1,IV,matched
TCGA-55-7816,TCGA-55-7816-01Z-00-DX1.A58C6196-E1A0-48B3-9B77-2EDCD7A43CBA,13,TCGA-55-7816-01,7.5694029071682145,1.4117061341970802,265755.82395878556,265.7558239587856,0.18650165032967084,188.25151886864646,1.7102287663902944,0.13149235683153238,0.5478193817298507,2.131234717785474,282,0.043751571281263106,37.255250309498834,2342.8125,89.67431489682843,14.228036322587686,0.9479426213404489,1000.0,True,,14,TCGA-55-7816-01,TCGA-55-7816,Female,Stage IV,49,1:DECEASED,15.37,1,IV,matched
TCGA-55-7816,TCGA-55-7816-01Z-00-DX1.A58C6196-E1A0-48B3-9B77-2EDCD7A43CBA,14,TCGA-55-7816-01,0.4622323777494262,0.0532104239240395,12663.18349073996,12.66318349073996,0.11511617637673273,237.9831348236819,,0.08328886725748708,0.5691203665306015,1.9735413164887103,7,0.5101776463391428,15.143898041245963,1193.21875,129.20588282369343,24.0,0.5392769369976251,1000.0,True,,15,TCGA-55-7816-01,TCGA-55-7816,Female,Stage IV,49,1:DECEASED,15.37,1,IV,matched
TCGA-55-7816,TCGA-55-7816-01Z-00-DX1.A58C6196-E1A0-48B3-9B77-2EDCD7A43CBA,15,TCGA-55-7816-01,6.588389434751407,1.1917335940771572,251375.38549957104,251.37538549957105,0.1808839027928718,210.9325328654754,1.6674901006554375,0.11839979694845684,0.5578739809407838,2.162464734470382,242,0.036760488262553015,36.731283479318364,2205.6875,92.6773848155525,14.651889788913941,0.907282253785032,1000.0,True,,16,TCGA-55-7816-01,TCGA-55-7816,Female,Stage IV,49,1:DECEASED,15.37,1,IV,matched
TCGA-55-7816,TCGA-55-7816-01Z-00-DX1.A58C6196-E1A0-48B3-9B77-2EDCD7A43CBA,16,TCGA-55-7816-01,0.31545311566448136,0.04192112481026531,6543.586159100533,6.543586159100533,0.1328917760788674,156.09280974011918,,0.27443945971299033,0.7089880582172459,1.8745369920686443,12,0.373698154869995,38.04051823905047,1765.0,67.82046437691918,12.75,0.7227059841298251,1000.0,True,,17,TCGA-55-7816-01,TCGA-55-7816,Female,Stage IV,49,1:DECEASED,15.37,1,IV,matched
TCGA-55-7910,TCGA-55-7910-01Z-00-DX1.041e15d5-4852-49f6-85d9-74b510497651,1,TCGA-55-7910-01,180.14168347406056,106.2021261532131,1860193.3737374023,1860.1933737374022,0.5895477609906185,17.515594471750816,1.7407298341361583,0.04995537898985518,0.5962966402795367,1.5512216992956582,821,0.42698377697337186,4.557523745570078,8080.9375,187.26068060327026,16.80029761641144,0.9777657845351468,1000.0,True,,2,TCGA-55-7910-01,TCGA-55-7910,Female,Stage IIA,50,0:LIVING,34.17,0,II,matched
TCGA-55-7910,TCGA-55-7910-01Z-00-DX1.041e15d5-4852-49f6-85d9-74b510497651,2,TCGA-55-7910-01,1.8754837336874162,0.49212696875,25888.14073968299,25.88814073968299,0.2624000197444645,52.604596747540036,1.4903712762712402,0.10032420228088942,0.5807052666877567,3.769566022184519,11,0.45502524687468626,5.865153508088677,18064.5,220.1257098228192,17.365554986812256,0.8340512144500017,1000.0,True,,3,TCGA-55-7910-01,TCGA-55-7910,Female,Stage IIA,50,0:LIVING,34.17,0,II,matched
TCGA-55-7910,TCGA-55-7910-01Z-00-DX1.041e15d5-4852-49f6-85d9-74b510497651,3,TCGA-55-7910-01,2.0856752544740025,0.8446312353286081,25974.889241864515,25.974889241864517,0.4049677597299874,30.75293471920779,1.459885304433913,0.0919579000971266,0.661731975789285,1.4679293514026202,11,0.5762022639671898,5.274071299644464,12693.125,173.0422636236593,12.25,0.6422162430479168,1000.0,True,,4,TCGA-55-7910-01,TCGA-55-7910,Female,Stage IIA,50,0:LIVING,34.17,0,II,matched
TCGA-55-7910,TCGA-55-7910-01Z-00-DX1.041e15d5-4852-49f6-85d9-74b510497651,4,TCGA-55-7910-01,0.3346809409732148,0.0546885,3844.3738084913175,3.8443738084913175,0.16340488299385064,70.29583565998917,1.2695876432668536,0.12680509467553047,0.597754872782582,2.6168465296785506,3,0.5918670494532196,8.963761101173956,19713.3125,182.89477849299033,27.839944324656972,0.30024376084158694,1000.0,True,,5,TCGA-55-7910-01,TCGA-55-7910,Female,Stage IIA,50,0:LIVING,34.17,0,II,matched
TCGA-55-7910,TCGA-55-7910-01Z-00-DX1.041e15d5-4852-49f6-85d9-74b510497651,5,TCGA-55-7910-01,0.5679657139575374,0.1301867890456142,5931.00539216461,5.93100539216461,0.22921592949420064,45.5576593880546,1.3169307029339554,0.21680278517570178,0.7829789978864423,2.6042667684900334,6,0.5964302625935651,10.56401795487355,11860.140625,131.76774370554426,21.83591378243113,0.5106310103443131,1000.0,True,,6,TCGA-55-7910-01,TCGA-55-7910,Female,Stage IIA,50,0:LIVING,34.17,0,II,matched
TCGA-55-7910,TCGA-55-7910-01Z-00-DX1.041e15d5-4852-49f6-85d9-74b510497651,6,TCGA-55-7910-01,0.2943214771826214,0.08233090625,3372.5608396405705,3.3725608396405704,0.27973122124185007,40.9634849566662,1.2510855523932962,0.17604723443696307,0.7873839515819342,1.1419567364723944,3,0.9262869122856414,10.192936066770796,3831.6875,124.8171162140834,10.124228365658293,0.2424282123629287,1000.0,True,,7,TCGA-55-7910-01,TCGA-55-7910,Female,Stage IIA,50,0:LIVING,34.17,0,II,matched
TCGA-55-7910,TCGA-55-7910-01Z-00-DX1.041e15d5-4852-49f6-85d9-74b510497651,7,TCGA-55-7910-01,0.5246721744545825,0.09201803125,3821.247131141524,3.821247131141524,0.17538195416148453,41.52715591968855,1.1956525234032156,0.4904171081897653,0.9226447418511677,1.7592697308599663,6,0.30293714356784146,11.43571222590037,11810.796875,210.55243377964283,39.662797645054,0.6564629768697253,1000.0,True,,8,TCGA-55-7910-01,TCGA-55-7910,Female,Stage IIA,50,0:LIVING,34.17,0,II,matched
TCGA-55-7910,TCGA-55-7910-01Z-00-DX1.041e15d5-4852-49f6-85d9-74b510497651,8,TCGA-55-7910-01,0.2025266587938641,0.04307811010034733,2279.7125655938344,2.2797125655938344,0.21270340584739086,52.920440573725486,,0.22685851653467465,0.7281634911963972,2.8164797554942647,2,0.6113534322116563,9.875243150264193,21537.383175173665,95.89088851397717,6.604922406811453,0.14109306163028934,1000.0,True,,9,TCGA-55-7910-01,TCGA-55-7910,Female,Stage IIA,50,0:LIVING,34.17,0,II,matched
TCGA-55-7910,TCGA-55-7910-01Z-00-DX1.041e15d5-4852-49f6-85d9-74b510497651,9,TCGA-55-7910-01,0.15184736129417775,0.036824568511176624,2034.3256284403867,2.034325628440387,0.24251042755912927,55.2437057836251,1.2104427162528517,0.13145888050706436,0.574771927501033,1.5133798114089176,1,1.0,6.585560601627279,35831.13217390183,,,0.0,1000.0,True,,10,TCGA-55-7910-01,TCGA-55-7910,Female,Stage IIA,50,0:LIVING,34.17,0,II,matched
TCGA-55-7910,TCGA-55-7910-01Z-00-DX1.041e15d5-4852-49f6-85d9-74b510497651,10,TCGA-55-7910-01,1.5167061371114066,0.3686581967001335,27150.126947985154,27.150126947985154,0.24306501284569831,73.6457976277388,1.49446808358215,0.06426739029130142,0.6188879713362189,2.4154899406720864,12,0.3504471895203139,7.911882009559354,9024.21875,214.11256713759238,28.56504806033952,0.5945250923988066,1000.0,True,,11,TCGA-55-7910-01,TCGA-55-7910,Female,Stage IIA,50,0:LIVING,34.17,0,II,matched
TCGA-55-7911,TCGA-55-7911-01Z-00-DX1.081bc002-06ee-4218-a25f-26c0e6c4b333,1,TCGA-55-7911-01,4.538445586358356,1.5191744258362747,111221.79921194984,111.22179921194984,0.33473452461402287,73.21200075542642,1.7258451996393305,0.061206592581974716,0.603037549140718,1.434772280657208,58,0.29843700946885554,12.779705935956619,3270.359375,129.76854687101718,18.99070478913811,0.9292456977811635,1000.0,True,,2,TCGA-55-7911-01,TCGA-55-7911,Female,Stage IA,70,0:LIVING,17.64,0,I,matched
TCGA-55-7911,TCGA-55-7911-01Z-00-DX1.081bc002-06ee-4218-a25f-26c0e6c4b333,2,TCGA-55-7911-01,2.866670547441812,0.5565494169268631,58561.02568944535,58.56102568944535,0.19414488261426563,105.22160999252459,1.5452954839072535,0.09314910170029965,0.5671497241560988,1.7691555712780211,48,0.265734049630956,16.74416337895358,4012.734375,120.5386917313946,9.125,0.7880081070122119,1000.0,True,,3,TCGA-55-7911-01,TCGA-55-7911,Female,Stage IA,70,0:LIVING,17.64,0,I,matched
TCGA-55-7911,TCGA-55-7911-01Z-00-DX1.081bc002-06ee-4218-a25f-26c0e6c4b333,3,TCGA-55-7911-01,15.782237876022666,4.3935371551623605,359020.35488962964,359.02035488962963,0.27838492802324877,81.71556133713003,1.7360882227460812,0.1310771762156984,0.6414000700577104,1.804679973460391,343,0.12050642490815316,21.733293002832408,3748.71875,113.10890769519438,12.971121771072847,0.9337052263234247,1000.0,True,,4,TCGA-55-7911-01,TCGA-55-7911,Female,Stage IA,70,0:LIVING,17.64,0,I,matched
TCGA-55-7911,TCGA-55-7911-01Z-00-DX1.081bc002-06ee-4218-a25f-26c0e6c4b333,4,TCGA-55-7911-01,1.0618864337494371,0.08651645785218957,13754.29523189896,13.75429523189896,0.08147430375083219,158.9789454325292,1.229270027564295,0.199830770080792,0.7017315238767459,1.9850446646621507,20,0.15627116391813392,18.834405793641775,2765.0625,95.68955796337822,12.409426246255729,0.7799136453499784,1000.0,True,,5,TCGA-55-7911-01,TCGA-55-7911,Female,Stage IA,70,0:LIVING,17.64,0,I,matched
TCGA-55-7911,TCGA-55-7911-01Z-00-DX1.081bc002-06ee-4218-a25f-26c0e6c4b333,5,TCGA-55-7911-01,0.440572843679733,0.08880915573595734,7735.388029869763,7.735388029869763,0.20157655427467894,87.1012449760046,1.3722313668991735,0.12853328615957896,0.6570773666004399,1.8149001518422667,7,0.6214964392795453,15.888405516633549,2489.535329293523,120.54992806405983,14.773286702694158,0.5064721963734596,1000.0,True,,6,TCGA-55-7911-01,TCGA-55-7911,Female,Stage IA,70,0:LIVING,17.64,0,I,matched
TCGA-55-7913,TCGA-55-7913-01Z-00-DX1.2295fcc5-70b0-412e-a1fd-b5366fce0739,1,TCGA-55-7913-01,2.81354829124762,0.9565619611294909,48495.08153374821,48.49508153374821,0.339984198638126,50.6972715875991,1.5633090647108028,0.08734583953491329,0.6164737281205092,1.900268544583435,24,0.5028573111670329,8.53015392508426,5979.25,172.4268980068075,6.752154532136727,0.8322652132247245,1000.0,True,,2,TCGA-55-7913-01,TCGA-55-7913,Female,Stage IA,61,1:DECEASED,18.43,1,I,matched
TCGA-55-7913,TCGA-55-7913-01Z-00-DX1.2295fcc5-70b0-412e-a1fd-b5366fce0739,2,TCGA-55-7913-01,0.2665210821780511,0.026784875,3204.6006845321526,3.2046006845321524,0.10049814739273118,119.64217434399647,1.2754652589007074,0.10044727903295331,0.6657442250087076,2.0588308083315643,2,0.9441048149018993,7.504096800357006,11961.5625,225.34391251207563,40.47838929601819,0.19193888527961964,1000.0,True,,3,TCGA-55-7913-01,TCGA-55-7913,Female,Stage IA,61,1:DECEASED,18.43,1,I,matched
TCGA-55-7913,TCGA-55-7913-01Z-00-DX1.2295fcc5-70b0-412e-a1fd-b5366fce0739,3,TCGA-55-7913-01,0.659694707261523,0.2041463125,7309.267386242454,7.309267386242454,0.3094557380146908,35.80406276622045,1.2997280511397822,0.05012249425555028,0.60743293199541,1.260667696204469,1,1.0,1.5158526951824849,204083.96875,,,0.0,1000.0,True,,4,TCGA-55-7913-01,TCGA-55-7913,Female,Stage IA,61,1:DECEASED,18.43,1,I,matched
TCGA-55-7913,TCGA-55-7913-01Z-00-DX1.2295fcc5-70b0-412e-a1fd-b5366fce0739,4,TCGA-55-7913-01,0.4903139273508642,0.11554408479427412,5843.845079917761,5.843845079917761,0.23565327915230078,50.57675683114985,1.378850819843643,0.14868617985885318,0.7688791621013146,2.0533723489606595,4,0.38565476629853845,8.15803871126352,34446.234375,233.2265757092875,34.10607140749332,0.46672812434334054,1000.0,True,,5,TCGA-55-7913-01,TCGA-55-7913,Female,Stage IA,61,1:DECEASED,18.43,1,I,matched
TCGA-55-7913,TCGA-55-7913-01Z-00-DX1.2295fcc5-70b0-412e-a1fd-b5366fce0739,5,TCGA-55-7913-01,4.034505160262667,1.7956147132847742,62148.006853924584,62.148006853924585,0.44506442350612097,34.61099221014696,1.5705120005977968,0.12606699654006626,0.5772529376710228,1.5669630698238548,23,0.5094705035519188,5.70082304678539,3439.75,181.20607226304531,6.864765108872991,0.8686009484984717,1000.0,True,,6,TCGA-55-7913-01,TCGA-55-7913,Female,Stage IA,61,1:DECEASED,18.43,1,I,matched
TCGA-55-7913,TCGA-55-7913-01Z-00-DX1.2295fcc5-70b0-412e-a1fd-b5366fce0739,6,TCGA-55-7913-01,0.392565236774916,0.0927429375,4754.292639411736,4.7542926394117355,0.23624847238619795,51.26312329078142,1.2769190314265464,0.1477102735615326,0.7812905243080579,1.6719548675455402,2,0.5068005523476293,5.094694620519173,46291.046875,289.47152817677943,13.287682265918312,0.2633278145695364,1000.0,True,,7,TCGA-55-7913-01,TCGA-55-7913,Female,Stage IA,61,1:DECEASED,18.43,1,I,matched
TCGA-55-7913,TCGA-55-7913-01Z-00-DX1.2295fcc5-70b0-412e-a1fd-b5366fce0739,7,TCGA-55-7913-01,1.0472045139467776,0.3162876806009086,13845.432828084318,13.845432828084318,0.3020304786587116,43.774809065530654,1.3992345321400914,0.14639360552857233,0.7479684840468614,1.3960012662513066,12,0.5787765732753772,11.45907971192137,7352.453125,190.5337896542238,15.116216457830975,0.7243802364347411,1000.0,True,,8,TCGA-55-7913-01,TCGA-55-7913,Female,Stage IA,61,1:DECEASED,18.43,1,I,matched
TCGA-55-7913,TCGA-55-7913-01Z-00-DX1.2295fcc5-70b0-412e-a1fd-b5366fce0739,8,TCGA-55-7913-01,0.32351815436654147,0.0966126875,2892.162084352176,2.892162084352176,0.2986314251488317,29.93563432703573,1.1934432895146274,0.1558991237417553,0.8072944980620018,2.623344093386582,1,1.0,3.091016644670315,96479.4375,,,0.0,1000.0,True,,9,TCGA-55-7913-01,TCGA-55-7913,Female,Stage IA,61,1:DECEASED,18.43,1,I,matched
TCGA-55-7914,TCGA-55-7914-01Z-00-DX1.875bffe1-8c56-4c29-ab11-6840ee3a643c,1,TCGA-55-7914-01,0.36824747718262113,0.0658337574178324,5655.344385240358,5.655344385240358,0.17877585454627337,85.90341197369504,1.389373774728064,0.08397192695006517,0.6631818765145002,2.2302793828942025,3,0.8183636853954074,8.146695322809343,10111.53125,164.8247649020013,48.79549159502341,0.324259930065991,1000.0,True,,2,TCGA-55-7914-01,TCGA-55-7914,Female,Stage IIA,71,1:DECEASED,6.14,1,II,matched
TCGA-55-7914,TCGA-55-7914-01Z-00-DX1.875bffe1-8c56-4c29-ab11-6840ee3a643c,2,TCGA-55-7914-01,20.497892838504477,9.788270432667332,416810.26166447427,416.81026166447424,0.47752569055685834,42.58262627005211,1.7264138307372485,0.052248827460167874,0.5475747931386847,1.8604526472990863,238,0.2834631510823736,11.610949568090554,3734.5625,123.66543223629256,11.645803569651804,0.9516135285432656,1000.0,True,,3,TCGA-55-7914-01,TCGA-55-7914,Female,Stage IIA,71,1:DECEASED,6.14,1,II,matched
TCGA-55-7914,TCGA-55-7914-01Z-00-DX1.875bffe1-8c56-4c29-ab11-6840ee3a643c,3,TCGA-55-7914-01,0.22527947718262117,0.02243203125,3964.4760992234446,3.9644760992234445,0.09957423343900802,176.73281813136936,1.320348996448404,0.08033581396913317,0.6603976557206044,1.48867096552001,3,0.80224533437014,13.316792268512199,1844.65625,141.1736519326464,47.27115928343624,0.30470152850961113,1000.0,True,,4,TCGA-55-7914-01,TCGA-55-7914,Female,Stage IIA,71,1:DECEASED,6.14,1,II,matched
TCGA-55-8087,TCGA-55-8087-01Z-00-DX1.548f2800-8caf-4c0e-a7b5-6d3d28315d9c,1,TCGA-55-8087-01,49.39055314492282,19.03168177527666,1454404.144775276,1454.404144775276,0.3853304035578118,76.42015886712848,1.7756087883916656,0.16320256973412922,0.6141731283252445,1.6262213770330054,1634,0.05220623797141421,33.08324964908739,3824.96875,91.22092723448483,10.003124511871277,0.9671744160201095,1000.0,True,,2,TCGA-55-8087-01,TCGA-55-8087,Female,Stage IB,59,0:LIVING,15.18,0,I,matched
TCGA-55-8097,TCGA-55-8097-01Z-00-DX1.2f847b65-a5dc-41be-9dd0-a1e11df3cd10,1,TCGA-55-8097-01,16.78715929827081,5.840964561204781,417406.9646061365,417.4069646061365,0.34794240391859743,71.46199231861809,1.7250932818687679,0.05786977603312066,0.5086283131852144,1.5700097607355468,242,0.2776904827681121,14.41578028183289,3751.75,122.92718821676316,8.403868156985805,0.9098814318006185,1000.0,True,,2,TCGA-55-8097-01,TCGA-55-8097,Female,Stage IA,60,0:LIVING,15.64,0,I,matched
TCGA-55-8097,TCGA-55-8097-01Z-00-DX1.2f847b65-a5dc-41be-9dd0-a1e11df3cd10,2,TCGA-55-8097-01,0.3310756451715133,0.030694631408842953,8833.747468644227,8.833747468644228,0.09271183748034877,287.79454462187397,1.3607312726120326,0.06473516678294346,0.34278462850308417,1.5405687589187231,5,0.3652540410500125,15.102288775756238,3325.4375,77.35722736111991,18.99012901483294,0.4293046357615894,1000.0,True,,3,TCGA-55-8097-01,TCGA-55-8097,Female,Stage IA,60,0:LIVING,15.64,0,I,matched
TCGA-55-8203,TCGA-55-8203-01Z-00-DX1.f530d261-be19-4ff0-98d0-27b789dffb23,1,TCGA-55-8203-01,12.137102967108321,4.860332405952608,209854.67963966762,209.8546796396676,0.4004524324399456,43.17702208652472,1.656724662689986,0.10413376538298126,0.6310091073715226,1.561259136133548,131,0.1862985003008196,10.793349974455305,4856.71875,135.34175492064523,14.37228235180481,0.9317953428347969,1000.0,True,,2,TCGA-55-8203-01,TCGA-55-8203,Female,Stage IA,69,0:LIVING,17.97,0,I,matched
TCGA-55-8205,TCGA-55-8205-01Z-00-DX1.6df6d499-f325-409d-acb1-9e13172f2bb4,1,TCGA-55-8205-01,13.302622381196269,7.400957207901963,175424.9010627336,175.4249010627336,0.5563532509472329,23.7030016705722,1.4913559662918698,0.040849264635437345,0.7460876315895304,1.4337976787660172,87,0.7933170033382659,6.540063869134375,3212.25,166.1580572828173,10.5,0.8798824444025631,1000.0,True,,2,TCGA-55-8205-01,TCGA-55-8205,Female,Stage IIA,76,0:LIVING,19.68,0,II,matched
TCGA-55-8205,TCGA-55-8205-01Z-00-DX1.6df6d499-f325-409d-acb1-9e13172f2bb4,2,TCGA-55-8205-01,0.06412582837075835,0.009017738863449866,1275.2989001388535,1.2752989001388535,0.14062569003103892,141.42113887416002,1.3047397159035394,0.32913731408672237,0.8526483721925018,1.076095201241376,2,0.867085441693526,31.188680923333045,4061.7023588581915,62.57957434339099,6.896557112066861,0.08776525340506383,1000.0,True,,3,TCGA-55-8205-01,TCGA-55-8205,Female,Stage IIA,76,0:LIVING,19.68,0,II,matched
TCGA-55-8205,TCGA-55-8205-01Z-00-DX1.6df6d499-f325-409d-acb1-9e13172f2bb4,3,TCGA-55-8205-01,13.368580133839194,5.8563364814958305,207703.11495798978,207.70311495798978,0.43806720106886965,35.46639022779273,1.6542174297167682,0.11477660022534232,0.627474223793701,1.4754980034060248,132,0.3986677135494157,9.873898250860258,5801.5,147.43693156147566,13.159607345081735,0.9159230570838538,1000.0,True,,4,TCGA-55-8205-01,TCGA-55-8205,Female,Stage IIA,76,0:LIVING,19.68,0,II,matched
TCGA-55-8205,TCGA-55-8205-01Z-00-DX1.6df6d499-f325-409d-acb1-9e13172f2bb4,4,TCGA-55-8205-01,3.106563743574502,1.1824230347584752,49303.82771028601,49.30382771028601,0.3806208828658848,41.697282834444216,1.582570042857256,0.1055595164678929,0.6551416051609975,1.9921825228338501,34,0.40169724101917853,10.944568599412873,6111.75,155.93380279423687,24.87156882159666,0.8595513500348435,1000.0,True,,5,TCGA-55-8205-01,TCGA-55-8205,Female,Stage IIA,76,0:LIVING,19.68,0,II,matched
TCGA-55-8208,TCGA-55-8208-01Z-00-DX1.6eccb7e2-16e4-4d25-9a1e-b370e016020f,1,TCGA-55-8208-01,0.2018007729843223,0.016977204489887515,1855.1916011723713,1.8551916011723713,0.08412854043530574,109.27544651284713,1.1303521623604047,0.25684132753422784,0.7714738436495463,2.2985870445145147,4,0.6259996364022382,19.821529624719307,2215.359375,119.60023083743074,27.997867429141106,0.7041446409041197,1000.0,True,,2,TCGA-55-8208-01,TCGA-55-8208,Female,Stage IA,73,0:LIVING,22.14,0,I,matched
TCGA-55-8208,TCGA-55-8208-01Z-00-DX1.6eccb7e2-16e4-4d25-9a1e-b370e016020f,2,TCGA-55-8208-01,11.955376940836441,3.4041073648961158,247432.3261190596,247.4323261190596,0.28473442382804137,72.68640486214822,,0.10821264082282595,0.5979469297076084,1.711849037029947,219,0.20025351484470322,18.31811753688445,3781.75,118.25422825421508,13.306483382171264,0.9531259022088064,1000.0,True,,3,TCGA-55-8208-01,TCGA-55-8208,Female,Stage IA,73,0:LIVING,22.14,0,I,matched
TCGA-55-8208,TCGA-55-8208-01Z-00-DX1.6eccb7e2-16e4-4d25-9a1e-b370e016020f,3,TCGA-55-8208-01,1.2294431842138225,0.18211029678786791,22740.449711843798,22.740449711843798,0.14812420706071083,124.87185026299268,1.3555619663479817,0.09803060632225619,0.5867570617378064,3.315700826074064,20,0.23036543019720454,16.267526842071327,4855.3125,114.47359138683471,15.98692541840109,0.7915229278071869,1000.0,True,,4,TCGA-55-8208-01,TCGA-55-8208,Female,Stage IA,73,0:LIVING,22.14,0,I,matched
TCGA-55-8208,TCGA-55-8208-01Z-00-DX1.6eccb7e2-16e4-4d25-9a1e-b370e016020f,4,TCGA-55-8208-01,70.69144260315656,22.3996643058867,1502269.4332081792,1502.2694332081792,0.31686528780622863,67.06660478002692,1.7625599031445383,0.09794435636187024,0.5588573501026879,2.0074208450747735,997,0.03030480969168408,14.103545822326751,5233.6875,145.0772558199596,14.269723192830336,0.9768666513764483,1000.0,True,,5,TCGA-55-8208-01,TCGA-55-8208,Female,Stage IA,73,0:LIVING,22.14,0,I,matched
TCGA-55-8208,TCGA-55-8208-01Z-00-DX1.6eccb7e2-16e4-4d25-9a1e-b370e016020f,5,TCGA-55-8208-01,0.19508016798889238,0.03766167032531656,3022.130807256797,3.022130807256797,0.19305740154714737,80.24420534596656,1.3431981033233158,0.0896812795261144,0.5481847624136722,4.373511789266923,2,0.931931705297454,10.252195395453409,18263.826138625132,92.35799911215054,11.773911839316616,0.16040118396115924,1000.0,True,,6,TCGA-55-8208-01,TCGA-55-8208,Female,Stage IA,73,0:LIVING,22.14,0,I,matched
TCGA-55-8208,TCGA-55-8208-01Z-00-DX1.6eccb7e2-16e4-4d25-9a1e-b370e016020f,6,TCGA-55-8208-01,1.073129382820092,0.14667898556870876,18293.84818771956,18.293848187719558,0.13668341200689982,124.7203075259215,,0.1758212107159035,0.6405097548834453,1.9635230380546604,24,0.21980951748477018,22.364498059805292,3477.0,101.87036921807564,13.827124939207435,0.7700903474487046,1000.0,True,,7,TCGA-55-8208-01,TCGA-55-8208,Female,Stage IA,73,0:LIVING,22.14,0,I,matched
TCGA-55-8506,TCGA-55-8506-01Z-00-DX1.A908E3D2-91F7-4DE2-98C9-95D1038B9F49,1,TCGA-55-8506-01,36.17599153789608,16.875862232762294,651889.2228698872,651.8892228698872,0.4664934260359947,38.628498732605735,1.6870272810050448,0.04734568501520611,0.5730512946150706,1.7381704962010969,281,0.3029170412529705,7.767582533450094,4424.5625,150.09689578735464,12.5,0.9637137859563423,1000.0,True,,2,TCGA-55-8506-01,TCGA-55-8506,Female,Stage IIB,62,0:LIVING,0.36,0,II,matched
TCGA-55-8508,TCGA-55-8508-01Z-00-DX1.96B173E2-A298-4017-9AEC-113E547A3272,1,TCGA-55-8508-01,5.877575599289745,1.697813361269931,98259.89236260188,98.25989236260187,0.28886287085360457,57.874378070099176,1.6223269118953194,0.1006930025343406,0.49471962344231507,2.4325858117067054,46,0.16878607418194505,7.826356160447975,7846.46875,177.88887858716745,19.634668167929945,0.8377948168454348,1000.0,True,,2,TCGA-55-8508-01,TCGA-55-8508,Female,Stage IIA,60,0:LIVING,20.27,0,II,matched
TCGA-55-8508,TCGA-55-8508-01Z-00-DX1.96B173E2-A298-4017-9AEC-113E547A3272,2,TCGA-55-8508-01,0.3004316047651075,0.041333132817739135,6532.074993379319,6.532074993379319,0.137579176631751,158.03483907650758,1.4723986006295324,0.22183697219014695,0.5313010242931104,2.0642732179784473,8,0.28420684018231634,26.628356914229453,3843.0,128.53878706826708,9.347562145517676,0.6509786228147558,1000.0,True,,3,TCGA-55-8508-01,TCGA-55-8508,Female,Stage IIA,60,0:LIVING,20.27,0,II,matched
TCGA-55-8508,TCGA-55-8508-01Z-00-DX1.96B173E2-A298-4017-9AEC-113E547A3272,3,TCGA-55-8508-01,4.567499690808491,1.0696403686006857,73764.14676420962,73.76414676420963,0.23418509929036233,68.96163320827974,1.4308894550709048,0.14333741678496237,0.503681785462318,3.0023273128422003,51,0.28298632462246215,11.165846404463032,5993.4375,134.20240369028417,12.041594578792296,0.9215404955572468,1000.0,True,,4,TCGA-55-8508-01,TCGA-55-8508,Female,Stage IIA,60,0:LIVING,20.27,0,II,matched
TCGA-55-8508,TCGA-55-8508-01Z-00-DX1.96B173E2-A298-4017-9AEC-113E547A3272,4,TCGA-55-8508-01,0.19075847718262107,0.023179867988491157,2931.89310172498,2.93189310172498,0.12151422222929627,126.48446070446431,1.2667537753124714,0.19778109971307023,0.7073605759173617,3.055309551489201,5,0.29564069125645287,26.211154931863348,4503.277857900488,83.62679837378685,15.662455107677085,0.4108231707317073,1000.0,True,,5,TCGA-55-8508-01,TCGA-55-8508,Female,Stage IIA,60,0:LIVING,20.27,0,II,matched
TCGA-55-8508,TCGA-55-8508-01Z-00-DX1.96B173E2-A298-4017-9AEC-113E547A3272,5,TCGA-55-8508-01,87.97471679042883,38.501842089787615,1313048.7509314837,1313.0487509314837,0.4376466727537838,34.10353062768812,1.7552211533769788,0.06476519467029035,0.4852470744959796,2.142182101783899,448,0.22860630207833188,5.092372176283493,9405.5625,188.5249589742695,12.553634870061455,0.9659846803083492,1000.0,True,,6,TCGA-55-8508-01,TCGA-55-8508,Female,Stage IIA,60,0:LIVING,20.27,0,II,matched
TCGA-55-8508,TCGA-55-8508-01Z-00-DX1.96B173E2-A298-4017-9AEC-113E547A3272,6,TCGA-55-8508-01,0.447071458783104,0.09192661614575635,9512.011781644382,9.512011781644382,0.20561951415099036,103.4739684811458,1.4306910679548779,0.0795430910623731,0.395152020657599,1.33744526721932,6,0.4416999347465451,13.420673322183356,10698.03125,182.6766696242298,23.145894190035996,0.6749640874561745,1000.0,True,,7,TCGA-55-8508-01,TCGA-55-8508,Female,Stage IIA,60,0:LIVING,20.27,0,II,matched
TCGA-55-8508,TCGA-55-8508-01Z-00-DX1.96B173E2-A298-4017-9AEC-113E547A3272,7,TCGA-55-8508-01,0.4080433382294372,0.09479982833538263,4613.410969505836,4.613410969505836,0.23232784229913825,48.6647607966601,1.3235831718254194,0.057323303149249785,0.48325751271977224,2.2798943657013244,1,1.0,2.4507200738508654,94784.98458538263,,,0.0,1000.0,True,,8,TCGA-55-8508-01,TCGA-55-8508,Female,Stage IIA,60,0:LIVING,20.27,0,II,matched
TCGA-55-8508,TCGA-55-8508-01Z-00-DX1.96B173E2-A298-4017-9AEC-113E547A3272,8,TCGA-55-8508-01,0.8912437104336689,0.23952497658025737,14271.493555903777,14.271493555903776,0.26875362347713766,59.58248596726965,,0.0327606661752722,0.3855251958769746,2.7094925219967654,5,0.970552317788506,5.610137767555249,1745.28125,190.51984804738848,15.88238017426859,0.40035852860620813,1000.0,True,,9,TCGA-55-8508-01,TCGA-55-8508,Female,Stage IIA,60,0:LIVING,20.27,0,II,matched
TCGA-55-8508,TCGA-55-8508-01Z-00-DX1.96B173E2-A298-4017-9AEC-113E547A3272,9,TCGA-55-8508-01,2.765577091476657,1.200594703652275,39649.41107907101,39.64941107907101,0.43412085938679346,33.024809253660145,1.5131355084315696,0.04822126470414045,0.7041477288410385,1.9896496731990065,18,0.7421907866239601,6.5085873235914935,5386.34375,206.22127442572906,14.852475403891974,0.8285332940733714,1000.0,True,,10,TCGA-55-8508-01,TCGA-55-8508,Female,Stage IIA,60,0:LIVING,20.27,0,II,matched
TCGA-55-8508,TCGA-55-8508-01Z-00-DX1.96B173E2-A298-4017-9AEC-113E547A3272,10,TCGA-55-8508-01,0.40866977275400007,0.052430747045842795,6031.877499455407,6.0318774994554065,0.12829612205599464,115.04466061071832,1.3381033643700357,0.16024115035489028,0.6382549011801766,1.8419590652204996,7,0.5422582219914739,17.128744200549598,4144.78125,152.11904261137065,24.21905241746671,0.6829571524708258,1000.0,True,,11,TCGA-55-8508-01,TCGA-55-8508,Female,Stage IIA,60,0:LIVING,20.27,0,II,matched
TCGA-55-8513,TCGA-55-8513-01Z-00-DX1.E21776FE-DF49-48D1-90D6-6F71D0764492,1,TCGA-55-8513-01,2.625386392711602,0.7402003173803384,49557.12769805344,49.557127698053435,0.28193957256548074,66.95096791290541,1.570214736676882,0.09692128934768215,0.6232390836222008,1.4856828833415214,25,0.1709619604430453,9.522407851813012,11590.78125,160.2663798181016,7.956915231419774,0.7839803469919677,1000.0,True,,2,TCGA-55-8513-01,TCGA-55-8513,Female,Stage IIB,77,0:LIVING,25.99,0,II,matched
TCGA-55-8513,TCGA-55-8513-01Z-00-DX1.E21776FE-DF49-48D1-90D6-6F71D0764492,2,TCGA-55-8513-01,0.7553244451512933,0.1109748054743774,15437.727657999361,15.43772765799936,0.14692336013585378,139.11020246450195,,0.14139884999570396,0.6005494524920968,1.8356330587444163,17,0.19642770340473562,22.5068844377132,3885.65625,96.13020141974113,12.349089035228468,0.7456368130784568,1000.0,True,,3,TCGA-55-8513-01,TCGA-55-8513,Female,Stage IIB,77,0:LIVING,25.99,0,II,matched
TCGA-55-8513,TCGA-55-8513-01Z-00-DX1.E21776FE-DF49-48D1-90D6-6F71D0764492,3,TCGA-55-8513-01,48.30118615109376,15.71251107373919,1044571.2824609,1044.5712824609,0.32530279949208635,66.48022569777052,1.7588890517622766,0.07874682226865279,0.557496239095335,1.6646211552063506,558,0.06557936744239085,11.55251132455604,6201.46875,142.2935311681349,8.5073465914816,0.9619106556536015,1000.0,True,,4,TCGA-55-8513-01,TCGA-55-8513,Female,Stage IIB,77,0:LIVING,25.99,0,II,matched
TCGA-55-8514,TCGA-55-8514-01Z-00-DX1.499CF563-B404-4061-9D1A-57954BBE2CE7,1,TCGA-55-8514-01,3.3628302257551494,1.0565565451946235,53690.01091918472,53.69001091918472,0.314186704134719,50.81603172435483,1.605606088442025,0.14529436438282262,0.6713788754784935,2.423053305448751,46,0.40415919898451025,13.678954009541277,6257.0625,115.06440179567676,12.463678328178945,0.8073267737998386,1000.0,True,,2,TCGA-55-8514-01,TCGA-55-8514,Female,Stage IB,70,0:LIVING,17.08,0,I,matched
TCGA-55-8514,TCGA-55-8514-01Z-00-DX1.499CF563-B404-4061-9D1A-57954BBE2CE7,2,TCGA-55-8514-01,45.25472015711458,24.45180638249419,745567.5711396735,745.5675711396734,0.5403150499572822,30.49130847336696,1.6886927207110494,0.06967726796369388,0.6524668511668594,1.5234134754420552,431,0.33576159339043615,9.523868416458248,5524.65625,129.09603075327297,12.0,0.9680728258484204,1000.0,True,,3,TCGA-55-8514-01,TCGA-55-8514,Female,Stage IB,70,0:LIVING,17.08,0,I,matched
TCGA-55-8514,TCGA-55-8514-01Z-00-DX1.499CF563-B404-4061-9D1A-57954BBE2CE7,3,TCGA-55-8514-01,0.4351842739902569,0.0712136875,5079.23123959166,5.0792312395916595,0.16364030539760352,71.32380610948786,1.335670899297863,0.38366794131115606,0.8707658793453179,1.4590733342379978,10,0.39658986923969347,22.978771517428235,4015.203125,119.10015808658694,17.55163016373146,0.548276111432513,1000.0,True,,4,TCGA-55-8514-01,TCGA-55-8514,Female,Stage IB,70,0:LIVING,17.08,0,I,matched
TCGA-55-8514,TCGA-55-8514-01Z-00-DX1.499CF563-B404-4061-9D1A-57954BBE2CE7,4,TCGA-55-8514-01,0.36121450165243985,0.07988235213488429,7185.171957963584,7.1851719579635835,0.2211493496785104,89.94692527119328,1.358307917344528,0.31032563824107673,0.7565426888054837,1.456399406525766,13,0.25121983479741294,35.98969570858643,4059.2217984234103,92.54086934970948,22.018458165820785,0.791734309555238,1000.0,True,,5,TCGA-55-8514-01,TCGA-55-8514,Female,Stage IB,70,0:LIVING,17.08,0,I,matched
TCGA-55-8514,TCGA-55-8514-01Z-00-DX1.499CF563-B404-4061-9D1A-57954BBE2CE7,5,TCGA-55-8514-01,0.3197521947729478,0.06919315082362548,6116.152579135112,6.116152579135112,0.21639617164397795,88.3924565702361,,0.07940930963926592,0.5551940990142541,1.570071882553493,3,0.5116666305523734,9.38226554513649,22766.713323625492,150.9752152672749,5.75,0.42572713875011375,1000.0,True,,6,TCGA-55-8514-01,TCGA-55-8514,Female,Stage IB,70,0:LIVING,17.08,0,I,matched
TCGA-55-8616,TCGA-55-8616-01Z-00-DX1.4F53B2AB-8221-4E67-80D2-7A8E3815B730,1,TCGA-55-8616-01,1.9677887520562298,0.2862128011228362,26638.612421333033,26.638612421333033,0.14544894660250482,93.07274977508895,1.453058551169576,0.2819559958435453,0.7670323090560275,1.6925046987014023,40,0.1509151714742674,20.327385222728925,5182.640625,133.35775884466602,35.434799279804025,0.8341404799119907,1000.0,True,,2,TCGA-55-8616-01,TCGA-55-8616,Female,Stage IB,58,0:LIVING,1.58,0,I,matched
TCGA-55-8616,TCGA-55-8616-01Z-00-DX1.4F53B2AB-8221-4E67-80D2-7A8E3815B730,2,TCGA-55-8616-01,0.5567409915805844,0.09600831290054156,10610.969286882613,10.610969286882613,0.17244699842915198,110.52135972720295,1.339442307565685,0.20350955543401336,0.6690733164172918,2.2062297997060902,11,0.2123777165655624,19.75784101826428,4515.40625,133.5129324260388,42.46321937865757,0.7745281051819912,1000.0,True,,3,TCGA-55-8616-01,TCGA-55-8616,Female,Stage IB,58,0:LIVING,1.58,0,I,matched
TCGA-55-8616,TCGA-55-8616-01Z-00-DX1.4F53B2AB-8221-4E67-80D2-7A8E3815B730,3,TCGA-55-8616-01,0.21989321859626104,0.04750096715532211,2101.8904114118673,2.1018904114118673,0.2160183358930096,44.24942348097784,1.1516208402799384,0.6726931895336931,0.9779656543576195,1.390292171762661,6,0.5675410071925276,27.28597106496681,4113.4054526610535,120.47574963452189,30.59897083405906,0.46161376663166775,1000.0,True,,4,TCGA-55-8616-01,TCGA-55-8616,Female,Stage IB,58,0:LIVING,1.58,0,I,matched
TCGA-55-8616,TCGA-55-8616-01Z-00-DX1.4F53B2AB-8221-4E67-80D2-7A8E3815B730,4,TCGA-55-8616-01,0.3439494635602709,0.035099531542913134,3406.3860899783213,3.406386089978321,0.10204851369614822,97.0493320064295,,0.20345979851079757,0.6517870653162408,1.7905878168647924,5,0.4356334175581999,14.537019329073154,2766.0,160.729780999042,52.773099207835045,0.5587932160338941,1000.0,True,,5,TCGA-55-8616-01,TCGA-55-8616,Female,Stage IB,58,0:LIVING,1.58,0,I,matched
TCGA-55-8616,TCGA-55-8616-01Z-00-DX1.4F53B2AB-8221-4E67-80D2-7A8E3815B730,5,TCGA-55-8616-01,67.78254005530039,22.350227934419678,1359110.1459554466,1359.1101459554466,0.3297342931702654,60.809677196284746,1.83009013158114,0.2635672796562084,0.7245839259366126,1.87381513622924,1735,0.026269484862871183,25.596562161649597,5103.78125,106.4084847415844,14.055692796870597,0.969276278536205,1000.0,True,,6,TCGA-55-8616-01,TCGA-55-8616,Female,Stage IB,58,0:LIVING,1.58,0,I,matched
TCGA-55-8616,TCGA-55-8616-01Z-00-DX1.4F53B2AB-8221-4E67-80D2-7A8E3815B730,6,TCGA-55-8616-01,0.230156903848751,0.04791638589224299,2630.4288576891317,2.630428857689132,0.20819008724470645,54.89622826739449,1.1769664921142158,0.48842387540900617,0.8767738036092383,1.6319626520616732,5,0.6936380266454574,21.724310313479798,1650.71875,118.67023636952949,32.284864875046324,0.5039821326605526,1000.0,True,,7,TCGA-55-8616-01,TCGA-55-8616,Female,Stage IB,58,0:LIVING,1.58,0,I,matched
TCGA-55-8616,TCGA-55-8616-01Z-00-DX1.4F53B2AB-8221-4E67-80D2-7A8E3815B730,7,TCGA-55-8616-01,0.21528617692709787,0.02576379740790811,1767.3181772758157,1.7673181772758157,0.11967232534689154,68.59695988501072,,0.45039117802778195,0.8389025334938154,1.371728294249189,3,0.7521726607639604,13.934940193656217,3710.2785253901384,162.52373361521774,64.0048826262497,0.5321311166150232,1000.0,True,,8,TCGA-55-8616-01,TCGA-55-8616,Female,Stage IB,58,0:LIVING,1.58,0,I,matched
TCGA-55-8616,TCGA-55-8616-01Z-00-DX1.4F53B2AB-8221-4E67-80D2-7A8E3815B730,8,TCGA-55-8616-01,0.18831647718262126,0.03627572825127079,2063.2087005334197,2.0632087005334196,0.19263172715413607,56.87573482308085,1.2251873433057525,0.48845752113617447,0.8912821018885166,2.0010228902110363,4,0.5090638836715693,21.24083914399573,7087.104147399412,139.63402355633662,29.563964090259873,0.593062604930677,1000.0,True,,9,TCGA-55-8616-01,TCGA-55-8616,Female,Stage IB,58,0:LIVING,1.58,0,I,matched
TCGA-55-8616,TCGA-55-8616-01Z-00-DX1.4F53B2AB-8221-4E67-80D2-7A8E3815B730,9,TCGA-55-8616-01,0.17016142178862534,0.030294448337914837,2577.558026334918,2.577558026334918,0.1780335872812971,85.08351093190203,,0.3615349979017828,0.823424617706956,2.730361949173682,5,0.3612640320161197,29.38386355404931,3912.4008858207426,158.61924979727397,80.7975865976206,0.6249623367667706,1000.0,True,,10,TCGA-55-8616-01,TCGA-55-8616,Female,Stage IB,58,0:LIVING,1.58,0,I,matched
TCGA-55-8619,TCGA-55-8619-01Z-00-DX1.46C7678A-6032-4C95-B535-85C87B92B6ED,1,TCGA-55-8619-01,12.218200448219678,3.553762372372298,308891.0191511105,308.89101915111047,0.29085808400615326,86.91943545592545,1.7170325351809226,0.15595788556110324,0.6372865262877299,1.839958793475792,295,0.071452335323628,24.14430842333943,3443.875,106.02255066729907,10.25,0.9327708520915885,1000.0,True,,2,TCGA-55-8619-01,TCGA-55-8619,Female,Stage IIB,72,0:LIVING,13.67,0,II,matched
TCGA-55-8619,TCGA-55-8619-01Z-00-DX1.46C7678A-6032-4C95-B535-85C87B92B6ED,2,TCGA-55-8619-01,0.5557535342651414,0.08186760121378416,10502.133742006992,10.502133742006992,0.14730918683591565,128.28192821458575,1.392983231718426,0.14413165176775436,0.6488879763477768,1.8475445427837627,13,0.2690504134078756,23.391664107344933,2677.96875,96.81070447011528,7.721722605740251,0.7240654635430583,1000.0,True,,3,TCGA-55-8619-01,TCGA-55-8619,Female,Stage IIB,72,0:LIVING,13.67,0,II,matched
TCGA-55-8619,TCGA-55-8619-01Z-00-DX1.46C7678A-6032-4C95-B535-85C87B92B6ED,3,TCGA-55-8619-01,0.24842675140320097,0.02357475,4974.21294962846,4.97421294962846,0.09489618113525047,210.99748458110733,1.349781098319128,0.06413487202913727,0.3913395726412047,3.203197898875537,4,0.4924405610513799,16.10132555132088,4554.25,142.3513584792638,5.771737999422689,0.41857148683765866,1000.0,True,,4,TCGA-55-8619-01,TCGA-55-8619,Female,Stage IIB,72,0:LIVING,13.67,0,II,matched
TCGA-55-8619,TCGA-55-8619-01Z-00-DX1.46C7678A-6032-4C95-B535-85C87B92B6ED,4,TCGA-55-8619-01,18.37133317225209,6.109546927112965,482946.12319805997,482.94612319806,0.33255871361261763,79.04778029526875,1.6834380486037595,0.09636717808200737,0.6085962450915668,1.702892741949988,416,0.1235539656998253,22.643974506342467,3558.828125,102.52402205965387,9.75,0.9591422365612955,1000.0,True,,5,TCGA-55-8619-01,TCGA-55-8619,Female,Stage IIB,72,0:LIVING,13.67,0,II,matched
TCGA-55-8619,TCGA-55-8619-01Z-00-DX1.46C7678A-6032-4C95-B535-85C87B92B6ED,5,TCGA-55-8619-01,6.272235467272342,1.5793592374603704,187683.86505299702,187.68386505299702,0.2518016496193819,118.83544959333953,1.6785209894030757,0.12750042001709236,0.5946197450610368,1.9199371846194337,173,0.1346892611472925,27.58187266767807,3338.40625,103.1973420503164,9.089829481348922,0.9080496255363333,1000.0,True,,6,TCGA-55-8619-01,TCGA-55-8619,Female,Stage IIB,72,0:LIVING,13.67,0,II,matched
TCGA-55-8619,TCGA-55-8619-01Z-00-DX1.46C7678A-6032-4C95-B535-85C87B92B6ED,6,TCGA-55-8619-01,0.21823274661657352,0.012563005508560106,2803.557059465124,2.803557059465124,0.05756700450933159,223.15974131786004,,0.217460012087553,0.6923892506101008,2.2672713144993075,5,0.2709583890906774,22.911318661011062,2014.0625,84.34490203918669,23.970033375028912,0.44095491431950873,1000.0,True,,7,TCGA-55-8619-01,TCGA-55-8619,Female,Stage IIB,72,0:LIVING,13.67,0,II,matched
TCGA-55-8621,TCGA-55-8621-01Z-00-DX1.7C519007-D59D-432A-BF4D-23D14A1C8BB6,1,TCGA-55-8621-01,19.583641096835848,5.047862918379773,421878.5676364436,421.8785676364436,0.25775916201790294,83.57567835298015,1.710131529525701,0.13589594539117977,0.5829969736257357,2.003918022673764,427,0.0909130881555114,21.8039126579475,3162.8125,103.23183859643302,13.202745926510893,0.9755793160598121,1000.0,True,,2,TCGA-55-8621-01,TCGA-55-8621,Female,Stage IA,75,0:LIVING,16.92,0,I,matched
TCGA-55-8621,TCGA-55-8621-01Z-00-DX1.7C519007-D59D-432A-BF4D-23D14A1C8BB6,2,TCGA-55-8621-01,0.5756085526646587,0.07953200521968783,12482.073461224223,12.482073461224223,0.1381702979420843,156.9440306043527,1.4492033469147247,0.08266456968376466,0.48338422927043845,2.42164935330376,13,0.3355298981950171,22.58479298095769,3288.5625,99.43190194801666,5.75,0.6815339606541231,1000.0,True,,3,TCGA-55-8621-01,TCGA-55-8621,Female,Stage IA,75,0:LIVING,16.92,0,I,matched
TCGA-55-8621,TCGA-55-8621-01Z-00-DX1.7C519007-D59D-432A-BF4D-23D14A1C8BB6,3,TCGA-55-8621-01,0.21051647718262115,0.019089639123129734,2855.231755286778,2.855231755286778,0.09068002361909965,149.5697083046096,1.2389258586152865,0.13815669333797964,0.5878560650389504,1.7989217733319467,3,0.596167988009861,14.250665981824914,5474.0625,88.79384920280233,13.400093283257396,0.22871254157958257,1000.0,True,,4,TCGA-55-8621-01,TCGA-55-8621,Female,Stage IA,75,0:LIVING,16.92,0,I,matched
TCGA-55-A48X,TCGA-55-A48X-01Z-00-DX1.A46C6373-8458-4D55-88C3-4C70A05F9F47,1,TCGA-55-A48X-01,0.230548442209472,0.023881587872371927,1741.3723256856479,1.741372325685648,0.10358598671715842,72.91694065704075,1.1457867152530192,0.3467580743627001,0.8465669563503735,2.4133494201880397,3,0.862064514113535,13.012449666757046,1803.9316223719302,158.7593624207719,78.48964899908778,0.369646398766595,1000.0,True,,2,TCGA-55-A48X-01,TCGA-55-A48X,Female,Stage IIA,63,0:LIVING,22.63,0,II,matched
TCGA-55-A48X,TCGA-55-A48X-01Z-00-DX1.A46C6373-8458-4D55-88C3-4C70A05F9F47,2,TCGA-55-A48X-01,15.342976911807101,4.771811155833035,257425.6768917329,257.4256768917329,0.3110094724942794,53.94716355802497,1.6799283766198214,0.20866599721285317,0.711389932712925,1.8325739218486423,228,0.06331629069286396,14.860219194134608,5179.390625,138.7839193282625,11.971319893812879,0.9367275070041166,1000.0,True,,3,TCGA-55-A48X-01,TCGA-55-A48X,Female,Stage IIA,63,0:LIVING,22.63,0,II,matched
TCGA-55-A48Z,TCGA-55-A48Z-01Z-00-DX1.0867DC6A-2A51-4CF1-AE3F-0526CE2DD740,1,TCGA-55-A48Z-01,9.90783861200056,2.7698920408882723,150539.0728979074,150.5390728979074,0.27956572057333745,54.348353898165385,1.4324451706680974,0.1642236853998178,0.6789156943545682,1.7929911177619153,130,0.14382601586347338,13.120924259155933,4644.046875,152.44831666930187,17.832037383634,0.899700135594652,1000.0,True,,2,TCGA-55-A48Z-01,TCGA-55-A48Z,Female,Stage IIIB,60,0:LIVING,21.39,0,III,matched
TCGA-55-A48Z,TCGA-55-A48Z-01Z-00-DX1.0867DC6A-2A51-4CF1-AE3F-0526CE2DD740,2,TCGA-55-A48Z-01,11.56563919571249,4.586669136108337,202497.06418067458,202.49706418067458,0.3965772283306802,44.14904545578097,1.6720534230170445,0.07166698814253164,0.5499432427282682,1.9958150618322554,111,0.29189653950118244,9.597394326562506,6676.34375,152.858185910994,13.202745926510893,0.9218523371537661,1000.0,True,,3,TCGA-55-A48Z-01,TCGA-55-A48Z,Female,Stage IIIB,60,0:LIVING,21.39,0,III,matched
TCGA-55-A48Z,TCGA-55-A48Z-01Z-00-DX1.0867DC6A-2A51-4CF1-AE3F-0526CE2DD740,3,TCGA-55-A48Z-01,0.4419099794513127,0.13296471875,2581.656727345951,2.5816567273459508,0.30088643600013865,19.41610339657076,1.086696126560211,0.35049624549291136,0.8983351111550606,2.07123470703636,2,0.9835182439785437,4.525808632978268,66420.03125,310.0186486326266,79.21647555906536,0.24703474604781786,1000.0,True,,4,TCGA-55-A48Z-01,TCGA-55-A48Z,Female,Stage IIIB,60,0:LIVING,21.39,0,III,matched
TCGA-55-A48Z,TCGA-55-A48Z-01Z-00-DX1.0867DC6A-2A51-4CF1-AE3F-0526CE2DD740,4,TCGA-55-A48Z-01,11.474399682116653,4.686936720949358,193343.6139348931,193.3436139348931,0.40846901369961436,41.25159468671695,1.653907284403832,0.09429941036531302,0.595318778055844,1.9247257987531319,124,0.2866150225019074,10.806665571642876,6265.234375,141.49910758214088,12.643855553868281,0.9270511078427505,1000.0,True,,5,TCGA-55-A48Z-01,TCGA-55-A48Z,Female,Stage IIIB,60,0:LIVING,21.39,0,III,matched
TCGA-55-A48Z,TCGA-55-A48Z-01Z-00-DX1.0867DC6A-2A51-4CF1-AE3F-0526CE2DD740,5,TCGA-55-A48Z-01,7.733524468105503,2.249789335940937,129759.43525021814,129.75943525021813,0.29091384467967846,57.67626025125077,1.5205564015218236,0.15515743508334112,0.6613326598670337,1.821422255805345,109,0.08650458214253501,14.094479231240081,5089.9375,137.5703371234148,17.1117649586476,0.9067510851616699,1000.0,True,,6,TCGA-55-A48Z-01,TCGA-55-A48Z,Female,Stage IIIB,60,0:LIVING,21.39,0,III,matched
TCGA-55-A48Z,TCGA-55-A48Z-01Z-00-DX1.0867DC6A-2A51-4CF1-AE3F-0526CE2DD740,6,TCGA-55-A48Z-01,2.598812497433362,0.4218643193579331,32673.190256889236,32.673190256889235,0.1623296485508572,77.44952288597672,,0.1961914336688532,0.6942209794342713,1.7623336337649276,42,0.20504974063309725,16.161227499667643,4478.5,136.03574036351623,18.487804412285755,0.8037726842968707,1000.0,True,,7,TCGA-55-A48Z-01,TCGA-55-A48Z,Female,Stage IIIB,60,0:LIVING,21.39,0,III,matched
TCGA-55-A48Z,TCGA-55-A48Z-01Z-00-DX1.0867DC6A-2A51-4CF1-AE3F-0526CE2DD740,7,TCGA-55-A48Z-01,0.4152350779392683,0.098554244107798,4781.377847069594,4.781377847069594,0.23734566115392694,48.51518968416777,1.2405950673676769,0.1295665273968909,0.7450594047986021,2.350823740048063,3,0.6764082570450656,7.224823140878228,30407.806607798004,98.35085472429815,5.7118298293979315,0.30629080656338015,1000.0,True,,8,TCGA-55-A48Z-01,TCGA-55-A48Z,Female,Stage IIIB,60,0:LIVING,21.39,0,III,matched
TCGA-55-A491,TCGA-55-A491-01Z-00-DX1.E5F3B4E5-18EA-4067-AE28-119DABCE739A,1,TCGA-55-A491-01,0.20180077298432228,0.015728375,1473.827993848849,1.473827993848849,0.07794011275279863,93.70503906785342,1.1738932703999712,0.23187587621981917,0.8183829270334078,2.0973517050190984,2,0.8244160547228649,9.910764812359654,7766.40625,148.65332993243038,0.3535533905932738,0.14730344646683796,1000.0,True,,2,TCGA-55-A491-01,TCGA-55-A491,Female,Stage IA,81,0:LIVING,20.57,0,I,matched
TCGA-55-A491,TCGA-55-A491-01Z-00-DX1.E5F3B4E5-18EA-4067-AE28-119DABCE739A,2,TCGA-55-A491-01,0.567948147440205,0.12282076473683212,8237.495092364901,8.2374950923649,0.21625348245327797,67.06923792581303,1.3848801604884675,0.09587099120917142,0.585984892133913,1.3796215232715565,5,0.766239861483501,8.80362058144826,11091.96875,200.41772782116854,50.79985236199019,0.6244587182448036,1000.0,True,,3,TCGA-55-A491-01,TCGA-55-A491,Female,Stage IA,81,0:LIVING,20.57,0,I,matched
TCGA-55-A491,TCGA-55-A491-01Z-00-DX1.E5F3B4E5-18EA-4067-AE28-119DABCE739A,3,TCGA-55-A491-01,13.938909174909172,3.994380954874118,254541.00854744142,254.54100854744144,0.2865633820230517,63.72477022674549,1.7439363207674787,0.10882611568512017,0.5467091804287105,1.8489557994074717,169,0.1548610469672473,12.124334686404987,5244.875,144.83633004187865,15.002083188677497,0.9326054452102173,1000.0,True,,4,TCGA-55-A491-01,TCGA-55-A491,Female,Stage IA,81,0:LIVING,20.57,0,I,matched
TCGA-55-A491,TCGA-55-A491-01Z-00-DX1.E5F3B4E5-18EA-4067-AE28-119DABCE739A,4,TCGA-55-A491-01,3.4964009330123402,0.6027762452717919,72076.12490660677,72.07612490660676,0.17239906315677223,119.57359878060164,1.5015019526735074,0.1246136797300478,0.6280653917776277,1.7192250595291958,64,0.12042238011142127,18.3045369298825,3643.5171460124457,117.00026709371222,9.46374661537385,0.8912659352074654,1000.0,True,,5,TCGA-55-A491-01,TCGA-55-A491,Female,Stage IA,81,0:LIVING,20.57,0,I,matched
TCGA-55-A491,TCGA-55-A491-01Z-00-DX1.E5F3B4E5-18EA-4067-AE28-119DABCE739A,5,TCGA-55-A491-01,0.26379583847679894,0.02388384375,2580.328300221175,2.580328300221175,0.09053912255746446,108.03655924190072,1.2534828024577127,0.14114539829771605,0.5542918139241801,4.4380472816564795,4,0.7784993333568673,15.163241479079677,2026.078125,116.88813037500921,14.728457615709887,0.40213368224475066,1000.0,True,,6,TCGA-55-A491-01,TCGA-55-A491,Female,Stage IA,81,0:LIVING,20.57,0,I,matched
TCGA-55-A491,TCGA-55-A491-01Z-00-DX1.E5F3B4E5-18EA-4067-AE28-119DABCE739A,6,TCGA-55-A491-01,0.1478460133920278,0.0358408125,2770.800648638406,2.770800648638406,0.24241987780194432,77.30853335533077,1.2829165797568511,0.11754367618675254,0.5906806286680187,2.0927580794341147,3,0.9317066122419492,20.29138244022322,1315.59375,118.41335505866726,14.495689014324224,0.43605480480480485,1000.0,True,,7,TCGA-55-A491-01,TCGA-55-A491,Female,Stage IA,81,0:LIVING,20.57,0,I,matched
TCGA-55-A492,TCGA-55-A492-01Z-00-DX1.31B23842-7F8B-4311-88DF-C51CB4F54AED,1,TCGA-55-A492-01,17.686557593780304,5.954226716964684,628230.2626332081,628.2302626332081,0.3366526632100845,105.50996670033824,1.7334567297238956,0.05782369209060957,0.5144419876784977,1.9563668359003183,508,0.19851110170661398,28.722378411197692,2364.0,86.67467911679859,7.602813205138249,0.9423913590191246,1000.0,True,,2,TCGA-55-A492-01,TCGA-55-A492,Female,Stage IA,70,0:LIVING,19.58,0,I,matched
TCGA-55-A492,TCGA-55-A492-01Z-00-DX1.31B23842-7F8B-4311-88DF-C51CB4F54AED,2,TCGA-55-A492-01,3.447790657975058,0.7031084078299047,105335.39311810107,105.33539311810107,0.20393013311395516,149.8138721498317,1.6904943059204374,0.09607145434201333,0.5316382591277274,1.978040452570608,105,0.11389715808836588,30.45428519771794,3163.0625,95.44108130150245,8.38525491562421,0.8170755109829372,1000.0,True,,3,TCGA-55-A492-01,TCGA-55-A492,Female,Stage IA,70,0:LIVING,19.58,0,I,matched
TCGA-55-A492,TCGA-55-A492-01Z-00-DX1.31B23842-7F8B-4311-88DF-C51CB4F54AED,3,TCGA-55-A492-01,11.939278267839375,3.5090055193871055,338123.9943762254,338.12399437622537,0.2939043249238316,96.35892349217029,1.6557904414012201,0.05140858097856556,0.5201065145880299,1.7666314311496858,266,0.24957312195357514,22.279403665171248,2768.828125,94.7452381718997,5.730894160933666,0.873599927164312,1000.0,True,,4,TCGA-55-A492-01,TCGA-55-A492,Female,Stage IA,70,0:LIVING,19.58,0,I,matched
TCGA-55-A492,TCGA-55-A492-01Z-00-DX1.31B23842-7F8B-4311-88DF-C51CB4F54AED,4,TCGA-55-A492-01,0.2255576384755002,0.01815326599633156,5196.560378834398,5.1965603788343975,0.0804817168641502,286.2603555682226,1.2692177121786676,0.1289478038663191,0.6502271075220476,2.036175220013261,5,0.27402234794748176,22.16728297828448,2239.34375,125.00151561581164,30.92834460490894,0.4686939187535688,1000.0,True,,5,TCGA-55-A492-01,TCGA-55-A492,Female,Stage IA,70,0:LIVING,19.58,0,I,matched
TCGA-62-A46R,TCGA-62-A46R-01Z-00-DX1.AD823FBA-A63F-4D36-8B84-2C995DE5FC47,1,TCGA-62-A46R-01,119.13443113320974,40.3429136061741,2826348.451476628,2826.348451476628,0.33863353543078417,70.05811427174864,1.7544492517979475,0.07183040796093604,0.4980529948702962,1.7477056098967072,1461,0.08258495383105206,12.26345722309605,4294.1875,137.69510305835135,11.502717070327341,0.972260376186205,1000.0,True,,2,TCGA-62-A46R-01,TCGA-62-A46R,Female,Stage IB,54,1:DECEASED,56.67,1,I,matched
TCGA-62-A46R,TCGA-62-A46R-01Z-00-DX1.AD823FBA-A63F-4D36-8B84-2C995DE5FC47,2,TCGA-62-A46R-01,0.5708972963308987,0.08478710061575967,13790.531614167066,13.790531614167067,0.1485155056096396,162.64893496787144,1.4469818628144664,0.031566833087025056,0.293746904242535,2.211764961086789,5,0.5569039992151168,8.758142720476192,12084.9375,156.9417811044911,15.876476309307428,0.5007863255718283,1000.0,True,,3,TCGA-62-A46R-01,TCGA-62-A46R,Female,Stage IB,54,1:DECEASED,56.67,1,I,matched
TCGA-62-A46R,TCGA-62-A46R-01Z-00-DX1.AD823FBA-A63F-4D36-8B84-2C995DE5FC47,3,TCGA-62-A46R-01,0.3622035278067563,0.036179835798648675,5908.680862743453,5.908680862743453,0.09988813752789129,163.3141978760485,1.307587627636064,0.20303507943574614,0.5881637143133559,1.7663142321183016,7,0.3561531256253742,19.326150803629545,3884.066056182017,186.63367570256446,13.25943060617612,0.6786801946966698,1000.0,True,,4,TCGA-62-A46R-01,TCGA-62-A46R,Female,Stage IB,54,1:DECEASED,56.67,1,I,matched
TCGA-62-A46R,TCGA-62-A46R-01Z-00-DX1.AD823FBA-A63F-4D36-8B84-2C995DE5FC47,4,TCGA-62-A46R-01,0.21114391534206714,0.025511094085681245,4029.131564767326,4.029131564767326,0.12082325007733034,157.93644722704303,1.2680272140880786,0.1530821495137174,0.6741189836015049,2.3135986184353685,5,0.5424872296450969,23.68053084503841,3422.3125,116.14349960286198,22.12747161335881,0.5278688524590164,1000.0,True,,5,TCGA-62-A46R-01,TCGA-62-A46R,Female,Stage IB,54,1:DECEASED,56.67,1,I,matched
TCGA-62-A46R,TCGA-62-A46R-01Z-00-DX1.AD823FBA-A63F-4D36-8B84-2C995DE5FC47,5,TCGA-62-A46R-01,1.0162818492071053,0.13238228125,19952.14469173273,19.95214469173273,0.13026138502157011,150.71612683614129,1.4657152280136967,0.10641710299019586,0.4711882912594472,2.1040429545386248,21,0.21640585314696772,20.663559047506386,2312.75,116.14069121651549,8.75,0.7530697190426638,1000.0,True,,6,TCGA-62-A46R-01,TCGA-62-A46R,Female,Stage IB,54,1:DECEASED,56.67,1,I,matched
TCGA-62-A46R,TCGA-62-A46R-01Z-00-DX1.AD823FBA-A63F-4D36-8B84-2C995DE5FC47,6,TCGA-62-A46R-01,0.6665296057783612,0.12281040625,13436.277106799364,13.436277106799363,0.18425349029557994,109.40666607231717,1.4946423284533534,0.11040911996747149,0.6423600116858951,1.6742487342771921,10,0.3692325905270446,15.003084504134188,7299.90625,124.90267779785555,6.189709201569974,0.6026234037490417,1000.0,True,,7,TCGA-62-A46R-01,TCGA-62-A46R,Female,Stage IB,54,1:DECEASED,56.67,1,I,matched
TCGA-62-A46R,TCGA-62-A46R-01Z-00-DX1.AD823FBA-A63F-4D36-8B84-2C995DE5FC47,7,TCGA-62-A46R-01,3.5347529676405616,1.129122891575547,75230.61186717887,75.23061186717887,0.3194347389795767,66.62747910655159,1.5798166909107585,0.052900264466739816,0.4653881333387047,1.9219339417893353,31,0.44476901456224144,8.77006124156179,3649.15625,170.70533822935943,12.023414656411049,0.8351246199692965,1000.0,True,,8,TCGA-62-A46R-01,TCGA-62-A46R,Female,Stage IB,54,1:DECEASED,56.67,1,I,matched
TCGA-62-A46R,TCGA-62-A46R-01Z-00-DX1.AD823FBA-A63F-4D36-8B84-2C995DE5FC47,8,TCGA-62-A46R-01,12.393135978806473,5.031200206219024,358253.9756642071,358.2539756642071,0.40596667500646244,71.20646386152004,1.7093657305383534,0.028680992117515708,0.4500149090993455,1.6652809956205146,159,0.38839501704255736,12.829682517153545,3106.09375,111.5695025813506,4.5,0.9033542842483324,1000.0,True,,9,TCGA-62-A46R-01,TCGA-62-A46R,Female,Stage IB,54,1:DECEASED,56.67,1,I,matched
TCGA-62-A46U,TCGA-62-A46U-01Z-00-DX1.5129535F-8B6A-4647-8A88-3EE125642874,1,TCGA-62-A46U-01,0.22241774008118725,0.0267940625,3033.903679018699,3.033903679018699,0.12046729046981411,113.2304471939893,1.3269253631999656,0.19927627590385372,0.6103716451111602,2.957012712467037,4,0.4443104426787741,17.9841769750017,5659.515625,86.21208877061378,8.726423537605237,0.32926872620521996,1000.0,True,,2,TCGA-62-A46U-01,TCGA-62-A46U,Female,Stage IIB,71,0:LIVING,67.9,0,II,matched
TCGA-62-A46U,TCGA-62-A46U-01Z-00-DX1.5129535F-8B6A-4647-8A88-3EE125642874,2,TCGA-62-A46U-01,171.20883221631846,87.60885488786431,3959762.511134009,3959.762511134009,0.5117075664482806,45.198199613524686,1.789056091379713,0.032032493136912185,0.5781859403223316,1.593112377647062,2223,0.17246822035446877,12.984143231531947,3271.09375,110.40042529922609,8.75,0.9836909230165444,1000.0,True,,3,TCGA-62-A46U-01,TCGA-62-A46U,Female,Stage IIB,71,0:LIVING,67.9,0,II,matched
TCGA-62-A46U,TCGA-62-A46U-01Z-00-DX1.5129535F-8B6A-4647-8A88-3EE125642874,3,TCGA-62-A46U-01,0.25183956720736334,0.060756501005105296,5361.052178552102,5.361052178552102,0.24125081566344467,88.23832988837884,1.3209609870562975,0.11808033082597996,0.620111774408623,1.8662930107286524,4,0.7654142543960282,15.883127676702294,6185.755158515066,167.30635803208833,44.854171924155985,0.4388565891472868,1000.0,True,,4,TCGA-62-A46U-01,TCGA-62-A46U,Female,Stage IIB,71,0:LIVING,67.9,0,II,matched
TCGA-62-A46U,TCGA-62-A46U-01Z-00-DX1.5129535F-8B6A-4647-8A88-3EE125642874,4,TCGA-62-A46U-01,0.3294605047899316,0.051003,9090.118720688235,9.090118720688235,0.15480763022724134,178.22713802498353,1.4825335492188616,0.0933887614127267,0.6406757065741117,1.9686267659259544,6,0.47263911608847947,18.21159110961018,4879.875,87.27616459406313,1.9039432764659772,0.5503481603876845,1000.0,True,,5,TCGA-62-A46U-01,TCGA-62-A46U,Female,Stage IIB,71,0:LIVING,67.9,0,II,matched
TCGA-62-A46U,TCGA-62-A46U-01Z-00-DX1.5129535F-8B6A-4647-8A88-3EE125642874,5,TCGA-62-A46U-01,2.1398662124325223,0.354968110800669,52251.81823950895,52.25181823950896,0.16588331959181415,147.2014433117649,1.5333400275525373,0.1141159910824771,0.5490470616474257,3.170560694739339,52,0.1563396070377245,24.300584633694594,2476.609375,119.30290036642417,10.774046431737673,0.8610894698894103,1000.0,True,,6,TCGA-62-A46U-01,TCGA-62-A46U,Female,Stage IIB,71,0:LIVING,67.9,0,II,matched
TCGA-62-A46U,TCGA-62-A46U-01Z-00-DX1.5129535F-8B6A-4647-8A88-3EE125642874,6,TCGA-62-A46U-01,1.5602609060299928,0.20898685746630108,41558.017915121905,41.55801791512191,0.13394353255831928,198.8546955486093,1.5195463289637763,0.1470387608490694,0.5950141216448405,2.8242225817314446,39,0.1906273231557721,24.995819512797755,1606.15625,91.81001102820977,14.5,0.8411894016459018,1000.0,True,,7,TCGA-62-A46U-01,TCGA-62-A46U,Female,Stage IIB,71,0:LIVING,67.9,0,II,matched
TCGA-62-A46U,TCGA-62-A46U-01Z-00-DX1.5129535F-8B6A-4647-8A88-3EE125642874,7,TCGA-62-A46U-01,0.22435394187673696,0.038950312225369425,2969.153640486231,2.9691536404862306,0.17361100009898306,76.22926417910298,1.286646445895708,0.20955369826097514,0.7591847415552625,1.2624543148275187,4,0.8653525135046378,17.828971341175066,1755.452987684712,135.24654709290732,62.02516492830216,0.38429304404645226,1000.0,True,,8,TCGA-62-A46U-01,TCGA-62-A46U,Female,Stage IIB,71,0:LIVING,67.9,0,II,matched
TCGA-62-A46V,TCGA-62-A46V-01Z-00-DX1.631E54D0-9E57-4932-B4EF-81820E56A95B,1,TCGA-62-A46V-01,0.19664349185225616,0.03278376245854949,3655.3699000175056,3.6553699000175057,0.1667167428209669,111.49940171263785,1.384543978264681,0.06629370307997487,0.6197172733532994,2.003385209792011,2,0.8975055822732634,10.170690019594733,15446.115604274746,189.92371001273116,34.5,0.2461848080363286,1000.0,True,,2,TCGA-62-A46V-01,TCGA-62-A46V,Female,Stage IB,78,0:LIVING,72.24,0,I,matched
TCGA-62-A46V,TCGA-62-A46V-01Z-00-DX1.631E54D0-9E57-4932-B4EF-81820E56A95B,2,TCGA-62-A46V-01,0.3574325828353222,0.0741871875552458,7055.776946135165,7.055776946135166,0.20755574930175189,95.10775618607812,1.405250660024828,0.05145250795385638,0.5807955315892035,1.1071526923202781,3,0.907940205515895,8.393191175249326,3881.625,306.6131520336334,67.38786982833038,0.45309981420975076,1000.0,True,,3,TCGA-62-A46V-01,TCGA-62-A46V,Female,Stage IB,78,0:LIVING,72.24,0,I,matched
TCGA-62-A46V,TCGA-62-A46V-01Z-00-DX1.631E54D0-9E57-4932-B4EF-81820E56A95B,3,TCGA-62-A46V-01,0.21364704034206689,0.03909722453517448,3173.7268914720944,3.173726891472094,0.1829991394805963,81.17524783931394,1.2752075435168617,0.26774446348841535,0.741314755483455,2.460222662624598,4,0.4330265598548092,18.72246857993288,10117.25,139.4458481394173,51.096009278118075,0.5276724691527912,1000.0,True,,4,TCGA-62-A46V-01,TCGA-62-A46V,Female,Stage IB,78,0:LIVING,72.24,0,I,matched
TCGA-62-A46V,TCGA-62-A46V-01Z-00-DX1.631E54D0-9E57-4932-B4EF-81820E56A95B,4,TCGA-62-A46V-01,0.3523220581130055,0.042268868742337255,6048.680178624738,6.048680178624738,0.1199722463269096,143.10011974761633,1.3548709676053678,0.10938361393260737,0.6890392577086808,2.2769436381728823,5,0.5655452365737915,14.191561058593372,1918.744635280941,97.82927172503126,37.656340767525464,0.4483057851239669,1000.0,True,,5,TCGA-62-A46V-01,TCGA-62-A46V,Female,Stage IB,78,0:LIVING,72.24,0,I,matched
TCGA-62-A46V,TCGA-62-A46V-01Z-00-DX1.631E54D0-9E57-4932-B4EF-81820E56A95B,5,TCGA-62-A46V-01,172.12004600779392,79.02269367294677,5027399.871016794,5027.399871016793,0.4591138307583794,63.619697549463716,1.7871986349994635,0.041826036030002185,0.5766124522155842,1.7782761003476897,3240,0.2853593683364945,18.82407119420179,3071.15625,102.36257931453395,8.25946231850893,0.9827358149986269,1000.0,True,,6,TCGA-62-A46V-01,TCGA-62-A46V,Female,Stage IB,78,0:LIVING,72.24,0,I,matched
TCGA-62-A46V,TCGA-62-A46V-01Z-00-DX1.631E54D0-9E57-4932-B4EF-81820E56A95B,6,TCGA-62-A46V-01,3.6584701567685194,0.5643934558666344,87354.23865539218,87.35423865539218,0.15427034571334483,154.7754279348588,1.5397471025374536,0.1563186225753078,0.573218462337054,2.0878991200528514,104,0.07067979496981266,28.427182823287506,2749.5,101.80673443205151,11.75,0.8783968673318159,1000.0,True,,7,TCGA-62-A46V-01,TCGA-62-A46V,Female,Stage IB,78,0:LIVING,72.24,0,I,matched
TCGA-62-A46V,TCGA-62-A46V-01Z-00-DX1.631E54D0-9E57-4932-B4EF-81820E56A95B,7,TCGA-62-A46V-01,0.40050701311881187,0.04772916684702486,6909.484064615282,6.909484064615282,0.11917186287288764,144.76439714023576,1.305089446006699,0.09410576535479373,0.5446752044293347,2.455640928261614,6,0.3055354092374461,14.981011077127077,7600.446300724858,89.18357573610467,16.796577032240826,0.6326259214688812,1000.0,True,,8,TCGA-62-A46V-01,TCGA-62-A46V,Female,Stage IB,78,0:LIVING,72.24,0,I,matched
TCGA-64-1681,TCGA-64-1681-01Z-00-DX1.fb0244f6-51a8-4da2-b45c-38d8e02edab7,1,TCGA-64-1681-01,20.258028967854088,2.9347070233617205,581195.4667404612,581.1954667404611,0.14486636523319135,198.0420744264615,1.712887593660038,0.11618203754209463,0.5587207134443726,2.137293116634254,605,0.030931855809611903,29.864702087257754,2091.71875,90.33859917001149,12.25,0.9560243360193952,1000.0,True,,2,TCGA-64-1681-01,TCGA-64-1681,Female,Stage IA,61,1:DECEASED,38.34,1,I,matched
TCGA-64-5781,TCGA-64-5781-01Z-00-DX1.81474D4D-6B48-473F-BAA9-ABD75C9223C3,1,TCGA-64-5781-01,56.98310409898532,20.30162653244974,2435368.618415989,2435.368618415989,0.35627449317579807,119.95928575098856,1.7801631410562966,0.05763541609015286,0.5196567246108114,1.8315566145143516,1566,0.05497467042686363,27.481830355884124,3340.40625,97.23477905409143,6.571657777686621,0.9680060486230451,1000.0,True,,2,TCGA-64-5781-01,TCGA-64-5781,Female,Stage IB,55,0:LIVING,51.22,0,I,matched
TCGA-64-5781,TCGA-64-5781-01Z-00-DX1.81474D4D-6B48-473F-BAA9-ABD75C9223C3,2,TCGA-64-5781-01,0.272238240502344,0.031918875,8794.419496230159,8.794419496230159,0.11724611113083201,275.5241059163319,1.5068498455190535,0.10171060129134624,0.6501363932128333,2.439160086439147,9,0.24345363152755037,33.0592791938152,2204.75,65.51457972276094,4.808846015417836,0.5042282270606532,1000.0,True,,3,TCGA-64-5781-01,TCGA-64-5781,Female,Stage IB,55,0:LIVING,51.22,0,I,matched
TCGA-64-5781,TCGA-64-5781-01Z-00-DX1.81474D4D-6B48-473F-BAA9-ABD75C9223C3,3,TCGA-64-5781-01,0.1976173407755069,0.013903704301000549,4228.856115406682,4.228856115406682,0.07035670172687498,304.1531971520972,1.2748027833859459,0.13463113375092592,0.4988772982775519,3.193504332708266,4,0.4092802587558107,20.24113867893808,1873.046875,74.22558474079042,2.4506939094329985,0.2671786051181587,1000.0,True,,4,TCGA-64-5781-01,TCGA-64-5781,Female,Stage IB,55,0:LIVING,51.22,0,I,matched
TCGA-67-3770,TCGA-67-3770-01Z-00-DX1.4C14BE72-905C-4AAE-B07A-6437D98A23FA,1,TCGA-67-3770-01,33.96453336170379,13.125123498113197,986194.6690192333,986.1946690192333,0.3864361496840771,75.13793444770282,1.7759838792127625,0.0934094368733934,0.5657888838972969,1.501864412215037,746,0.281708144303097,21.964088010734788,4082.71875,96.75217333669586,9.25,0.9654373287543949,1000.0,True,,2,TCGA-67-3770-01,TCGA-67-3770,Female,Stage IA,70,0:LIVING,20.04,0,I,matched
TCGA-67-3770,TCGA-67-3770-01Z-00-DX1.4C14BE72-905C-4AAE-B07A-6437D98A23FA,2,TCGA-67-3770-01,34.50468127579839,14.061917030928498,966380.0143705738,966.3800143705738,0.4075364997152296,68.72320553769933,1.8143996913140563,0.10316407093538553,0.5901197676943262,1.6247936420151154,786,0.17651846022323897,22.779517762168144,3894.890625,94.61106651047751,8.814025610535317,0.9509275030208413,1000.0,True,,3,TCGA-67-3770-01,TCGA-67-3770,Female,Stage IA,70,0:LIVING,20.04,0,I,matched
TCGA-67-3772,TCGA-67-3772-01Z-00-DX1.CB05C5CC-2801-4BB9-94A0-83E9005BCA2E,1,TCGA-67-3772-01,0.65403889814129,0.07479231965619605,12784.199131103382,12.784199131103382,0.11435454354281982,170.92930383586912,1.3700872003281446,0.16566326859461356,0.627294645292776,1.5874539349306809,14,0.2790269305603814,21.405454690518457,3325.84375,94.05616673031066,19.78004044485248,0.6467862276251913,1000.0,True,,2,TCGA-67-3772-01,TCGA-67-3772,Female,Stage IB,82,0:LIVING,18.82,0,I,matched
TCGA-67-3772,TCGA-67-3772-01Z-00-DX1.CB05C5CC-2801-4BB9-94A0-83E9005BCA2E,2,TCGA-67-3772-01,0.7185754810046883,0.08041472060114276,11438.531666330857,11.438531666330856,0.11190852280223865,142.24425056534122,1.354948993806276,0.18906423156936442,0.6642133074716293,1.590513184064262,15,0.31126356521536386,20.874633767113096,3170.46875,92.28488500290825,18.309833423600555,0.6496846649197106,1000.0,True,,3,TCGA-67-3772-01,TCGA-67-3772,Female,Stage IB,82,0:LIVING,18.82,0,I,matched
TCGA-67-3772,TCGA-67-3772-01Z-00-DX1.CB05C5CC-2801-4BB9-94A0-83E9005BCA2E,3,TCGA-67-3772-01,39.281171764775756,11.2197233313076,880810.2415645184,880.8102415645184,0.2856259838299569,78.50552242288353,1.718943604037324,0.14800897746372849,0.5930906627618615,1.8400654977067137,914,0.12339501889486199,23.268144990002636,3345.40625,106.41386553148806,13.80659440755209,0.969997688968032,1000.0,True,,4,TCGA-67-3772-01,TCGA-67-3772,Female,Stage IB,82,0:LIVING,18.82,0,I,matched
TCGA-67-3772,TCGA-67-3772-01Z-00-DX1.CB05C5CC-2801-4BB9-94A0-83E9005BCA2E,4,TCGA-67-3772-01,46.30161093638637,12.740454543191525,986572.2966182658,986.5722966182658,0.27516223054734734,77.43619297676378,1.739844580937992,0.17006844787915035,0.6125194674104815,1.8667455467246707,1107,0.07080615931834888,23.908455399551944,3662.28125,108.24568770279026,15.90990257669732,0.9853613874312522,1000.0,True,,5,TCGA-67-3772-01,TCGA-67-3772,Female,Stage IB,82,0:LIVING,18.82,0,I,matched
TCGA-67-3772,TCGA-67-3772-01Z-00-DX1.CB05C5CC-2801-4BB9-94A0-83E9005BCA2E,5,TCGA-67-3772-01,0.33273278306010295,0.045124070267491025,10312.388728708482,10.312388728708482,0.13561654446096486,228.5340987100158,1.4115201443120164,0.1473367308559331,0.5152517100559049,1.5241861721737189,7,0.38327954255734614,21.037902955103647,1331.6875,125.82243502750215,22.638462845343543,0.6069692846034214,1000.0,True,,6,TCGA-67-3772-01,TCGA-67-3772,Female,Stage IB,82,0:LIVING,18.82,0,I,matched
TCGA-67-3772,TCGA-67-3772-01Z-00-DX1.CB05C5CC-2801-4BB9-94A0-83E9005BCA2E,6,TCGA-67-3772-01,0.3535819762681678,0.06551568033065025,9239.52830232438,9.239528302324379,0.18529134607517744,141.02773955324162,1.4421856350160116,0.29670746436923734,0.7268579813285729,2.412585180289722,15,0.22542014362131715,42.42297686752993,2018.125,90.67110895980042,21.043110511518965,0.6506633499170813,1000.0,True,,7,TCGA-67-3772-01,TCGA-67-3772,Female,Stage IB,82,0:LIVING,18.82,0,I,matched
TCGA-67-3772,TCGA-67-3772-01Z-00-DX1.CB05C5CC-2801-4BB9-94A0-83E9005BCA2E,7,TCGA-67-3772-01,5.957406433453674,1.2906357653978262,127906.68886623473,127.90668886623473,0.216643900296997,99.10362961839098,1.6379194101376782,0.20751423870753277,0.6584923142838597,2.1371237513892343,178,0.06366536587104202,29.878773924244157,3623.953125,101.99740694646894,16.5,0.9036814058105869,1000.0,True,,8,TCGA-67-3772-01,TCGA-67-3772,Female,Stage IB,82,0:LIVING,18.82,0,I,matched
TCGA-67-3772,TCGA-67-3772-01Z-00-DX1.CB05C5CC-2801-4BB9-94A0-83E9005BCA2E,8,TCGA-67-3772-01,0.4509308804401076,0.07439166260559524,7643.354038460774,7.643354038460774,0.16497353770269432,102.74476696379,1.3432999984790248,0.18047668020368782,0.6301241676810375,1.889743327004336,9,0.3580023555548402,19.958712943358456,4809.5625,189.49822723445197,45.86529188831136,0.7450967722396156,1000.0,True,,9,TCGA-67-3772-01,TCGA-67-3772,Female,Stage IB,82,0:LIVING,18.82,0,I,matched
TCGA-67-3773,TCGA-67-3773-01Z-00-DX1.3E9DFC22-E962-4C18-BF5B-27EBEA089F5D,1,TCGA-67-3773-01,22.454881783498696,9.180849813505679,666893.0351907554,666.8930351907554,0.40885763292026606,72.63957571876502,1.7049942946326835,0.037586266317749834,0.5859259072282772,1.4907246478102005,355,0.20783871786742597,15.809479801442421,2655.5,110.25113378101832,9.75,0.9404803586048629,1000.0,True,,2,TCGA-67-3773-01,TCGA-67-3773,Female,Stage IB,84,0:LIVING,14.03,0,I,matched
TCGA-67-3773,TCGA-67-3773-01Z-00-DX1.3E9DFC22-E962-4C18-BF5B-27EBEA089F5D,2,TCGA-67-3773-01,23.9028173399444,10.113565318875217,657106.1162541667,657.1061162541667,0.4231118522574437,64.97274655731862,1.743553424303094,0.0507841802396842,0.5991067422580463,1.5010266210967484,367,0.19133456623684247,15.35383861996469,2849.09375,107.09786704225253,10.514870422406545,0.939339679394469,1000.0,True,,3,TCGA-67-3773-01,TCGA-67-3773,Female,Stage IB,84,0:LIVING,14.03,0,I,matched
TCGA-67-3773,TCGA-67-3773-01Z-00-DX1.3E9DFC22-E962-4C18-BF5B-27EBEA089F5D,3,TCGA-67-3773-01,1.1611424754973871,0.3252282359245076,28314.592581851477,28.31459258185148,0.2800933070553575,87.06068371143488,1.4369420632266157,0.05795074347317871,0.590562438680945,1.643953496254917,18,0.5441509775333724,15.501973599139518,2210.4375,108.18959997213065,11.400415530569267,0.8524385958686489,1000.0,True,,4,TCGA-67-3773-01,TCGA-67-3773,Female,Stage IB,84,0:LIVING,14.03,0,I,matched
TCGA-67-3774,TCGA-67-3774-01Z-00-DX1.FE85FDCB-91D2-47C5-8D13-D622A51A7BE0,1,TCGA-67-3774-01,27.800379341888316,8.264376291955148,1194195.8492722267,1194.1958492722267,0.29727566628930024,144.4992104769844,1.7736797366186658,0.05589510728423918,0.445283281793072,1.8710021151998921,778,0.13506962936214859,27.985229641372047,2599.4375,91.72721620035281,4.340865712275631,0.9551054395332882,1000.0,True,,2,TCGA-67-3774-01,TCGA-67-3774,Female,Stage IB,73,0:LIVING,12.65,0,I,matched
TCGA-67-3774,TCGA-67-3774-01Z-00-DX1.FE85FDCB-91D2-47C5-8D13-D622A51A7BE0,2,TCGA-67-3774-01,1.0416816664866968,0.18798122983495968,32134.4491392815,32.1344491392815,0.18045938205763784,170.94498832406998,1.6577348073607037,0.1063932336932263,0.5833671919308,1.695079298388824,30,0.18303176635786297,28.799585290947544,3003.640625,91.48506522955714,7.625,0.7431857448916124,1000.0,True,,3,TCGA-67-3774-01,TCGA-67-3774,Female,Stage IB,73,0:LIVING,12.65,0,I,matched
TCGA-67-6215,TCGA-67-6215-01Z-00-DX1.c014ffaf-6db8-42ef-a50c-9de98d6a5345,1,TCGA-67-6215-01,40.67399434886939,17.924215561860944,1508829.765632976,1508.829765632976,0.44067999341596953,84.17828721293982,1.8156649574110855,0.03003921928460468,0.5650844952598066,1.5320389294032049,875,0.3517967061710727,21.512517125683335,2208.9375,85.05604769797384,4.366062299143245,0.9511432063640144,1000.0,True,,2,TCGA-67-6215-01,TCGA-67-6215,Female,Stage IB,52,0:LIVING,5.72,0,I,matched
TCGA-67-6215,TCGA-67-6215-01Z-00-DX1.c014ffaf-6db8-42ef-a50c-9de98d6a5345,2,TCGA-67-6215-01,40.59361412786519,17.90347543654082,1428996.107002512,1428.9961070025122,0.44104167173060627,79.81668766310841,1.795340732381904,0.030481734563970457,0.5721375493507095,1.7116142731604294,840,0.2401879752479653,20.692909908294865,2372.6875,85.68239391100428,4.138236339311712,0.9489473105058285,1000.0,True,,3,TCGA-67-6215-01,TCGA-67-6215,Female,Stage IB,52,0:LIVING,5.72,0,I,matched
TCGA-67-6216,TCGA-67-6216-01Z-00-DX1.04da6a64-bd3a-48ed-bc99-d651e00a1aa4,1,TCGA-67-6216-01,37.048273638531704,17.675354081339908,852085.9195013151,852.0859195013151,0.47708981675618,48.20757284861823,1.7433056077275595,0.06456515661277518,0.63159932692745,1.7947980818800957,587,0.17734711420216034,15.844193058148228,2482.21875,90.4023126086938,8.284020762890446,0.9627117368292183,1000.0,True,,2,TCGA-67-6216-01,TCGA-67-6216,Female,Stage IA,57,0:LIVING,4.63,0,I,matched
TCGA-67-6216,TCGA-67-6216-01Z-00-DX1.04da6a64-bd3a-48ed-bc99-d651e00a1aa4,2,TCGA-67-6216-01,38.580748861128356,19.248707930536966,852009.8268522169,852.0098268522169,0.4989200183703746,44.26322171477039,1.7662480183679348,0.06054327659945584,0.6453316479146574,1.688078215147189,563,0.1915782123477354,14.592770141049412,2454.84375,89.10494602573978,6.490377492873585,0.9525643128448367,1000.0,True,,3,TCGA-67-6216-01,TCGA-67-6216,Female,Stage IA,57,0:LIVING,4.63,0,I,matched
TCGA-67-6216,TCGA-67-6216-01Z-00-DX1.04da6a64-bd3a-48ed-bc99-d651e00a1aa4,3,TCGA-67-6216-01,0.23454799976967738,0.01961347273401215,4787.892326420866,4.787892326420866,0.08362242591398045,244.1124216680954,1.4146632379398512,0.14665835448696432,0.6307774417211376,1.7176462979054556,5,0.340042417996133,21.317598124520035,2119.375,59.929776613967114,4.422951503238533,0.41026491345559446,1000.0,True,,4,TCGA-67-6216-01,TCGA-67-6216,Female,Stage IA,57,0:LIVING,4.63,0,I,matched
TCGA-67-6217,TCGA-67-6217-01Z-00-DX1.3fa5c69b-60d1-41fb-a86f-48f77d81285f,1,TCGA-67-6217-01,63.448029868423966,23.422379366229595,1263032.1842655772,1263.0321842655771,0.36915849735290446,53.92416220901186,1.7689046110088904,0.09665484572580832,0.5278747570274593,1.6544854837608185,819,0.14629119280305494,12.908202219965066,4886.03125,134.2200269147641,15.027058927148719,0.9737159989572877,1000.0,True,,2,TCGA-67-6217-01,TCGA-67-6217,Female,Stage IIA,73,0:LIVING,13.86,0,II,matched
TCGA-67-6217,TCGA-67-6217-01Z-00-DX1.3fa5c69b-60d1-41fb-a86f-48f77d81285f,2,TCGA-67-6217-01,59.978092845207875,22.45338388025038,1224096.642412428,1224.096642412428,0.3743597506209196,54.51724554930551,1.752263056284795,0.09003031539915599,0.5023895367233107,1.8402596816055938,773,0.1335064309100896,12.888039004423948,4945.625,129.8041794396467,14.25,0.9621901626510589,1000.0,True,,3,TCGA-67-6217-01,TCGA-67-6217,Female,Stage IIA,73,0:LIVING,13.86,0,II,matched
TCGA-67-6217,TCGA-67-6217-01Z-00-DX1.3fa5c69b-60d1-41fb-a86f-48f77d81285f,3,TCGA-67-6217-01,2.0789344892546264,0.33870936727186857,16655.876697656488,16.65587669765649,0.16292450244226225,49.17453813518974,1.2445654002636175,0.2170925391428205,0.7094745053613922,2.3733285754727915,14,0.20611292611493054,6.734218933959535,15157.125,191.93929093921858,58.383417350274016,0.8493461493804424,1000.0,True,,4,TCGA-67-6217-01,TCGA-67-6217,Female,Stage IIA,73,0:LIVING,13.86,0,II,matched
TCGA-67-6217,TCGA-67-6217-01Z-00-DX1.3fa5c69b-60d1-41fb-a86f-48f77d81285f,4,TCGA-67-6217-01,1.700840839523825,0.3038717185197609,13067.199295188819,13.067199295188818,0.1786597025767762,43.00235427911022,1.2883478259739956,0.2015299786858565,0.7160433596274017,2.4557154262634375,10,0.30278997001808255,5.879444900205739,21911.921875,237.04486291515758,72.41750027312511,0.7789590321034978,1000.0,True,,5,TCGA-67-6217-01,TCGA-67-6217,Female,Stage IIA,73,0:LIVING,13.86,0,II,matched
TCGA-67-6217,TCGA-67-6217-01Z-00-DX1.3fa5c69b-60d1-41fb-a86f-48f77d81285f,5,TCGA-67-6217-01,0.37495835803435984,0.054484776325955664,4793.545916833152,4.793545916833152,0.1453088727281094,87.97954658298899,1.316443509669029,0.21674198045908358,0.7163518558173928,2.982036179378075,5,0.37305818640145894,13.334814100988297,11220.28125,226.04928942600108,59.10002115058843,0.5682998956435672,1000.0,True,,6,TCGA-67-6217-01,TCGA-67-6217,Female,Stage IIA,73,0:LIVING,13.86,0,II,matched
TCGA-69-7973,TCGA-69-7973-01Z-00-DX1.aefb015a-cb51-425f-a80f-cd51091a0ee3,1,TCGA-69-7973-01,0.23632177298432225,0.0235769375,3931.269732090438,3.931269732090438,0.09976625176032389,166.74217048293224,1.4814512526659633,0.08440364311927556,0.4453033243515396,2.8694374608983986,3,0.5325997589459632,12.69455607968472,7204.0,119.40426670035707,17.365554986812256,0.24351307917046894,1000.0,True,,2,TCGA-69-7973-01,TCGA-69-7973,Female,Stage IB,42,0:LIVING,7.56,0,I,matched
TCGA-69-7973,TCGA-69-7973-01Z-00-DX1.aefb015a-cb51-425f-a80f-cd51091a0ee3,2,TCGA-69-7973-01,0.22400077298432247,0.018588226140743496,3276.531667174372,3.276531667174372,0.08298286605486162,176.26919547705248,1.3036798462823214,0.04428172696545643,0.4326919112334916,2.634476128645629,1,1.0,4.464270308879643,15085.34375,,,0.0,1000.0,True,,3,TCGA-69-7973-01,TCGA-69-7973,Female,Stage IB,42,0:LIVING,7.56,0,I,matched
TCGA-69-7973,TCGA-69-7973-01Z-00-DX1.aefb015a-cb51-425f-a80f-cd51091a0ee3,3,TCGA-69-7973-01,85.49231371598273,63.02208689238788,855832.5855391611,855.8325855391611,0.7371667013452923,13.579883303460278,1.7948036671399987,0.06179895257510629,0.685146302350404,1.370148636236329,232,0.3550819907804916,2.713694248242433,10406.0,235.07818679377718,10.178068034051375,0.9702211266660496,1000.0,True,,4,TCGA-69-7973-01,TCGA-69-7973,Female,Stage IB,42,0:LIVING,7.56,0,I,matched
TCGA-69-7979,TCGA-69-7979-01Z-00-DX1.c9bc265d-4889-4333-9852-b8b535887f1e,1,TCGA-69-7979-01,1.6771171537582847,0.2667588312159851,21054.758335401253,21.054758335401253,0.15905795884217155,78.92806487202655,1.2815040121886403,0.14163349496574912,0.6156220859469681,1.8855754967800225,15,0.4500213475374511,8.943919013878194,8447.46875,149.18973867193412,5.88430114796991,0.8476587938697088,1000.0,True,,2,TCGA-69-7979-01,TCGA-69-7979,Female,Stage IB,71,0:LIVING,13.4,0,I,matched
TCGA-69-7979,TCGA-69-7979-01Z-00-DX1.c9bc265d-4889-4333-9852-b8b535887f1e,2,TCGA-69-7979-01,0.4511177593619719,0.09954975019695697,7082.918260921775,7.082918260921775,0.2206735339742618,71.14953324250818,1.3367199049906577,0.20876985433861606,0.7019590013801831,1.8515383981216773,6,0.46859088801886273,13.30029659769095,8629.796875,192.26317615770836,3.25,0.6299900203416791,1000.0,True,,3,TCGA-69-7979-01,TCGA-69-7979,Female,Stage IB,71,0:LIVING,13.4,0,I,matched
TCGA-69-7979,TCGA-69-7979-01Z-00-DX1.c9bc265d-4889-4333-9852-b8b535887f1e,3,TCGA-69-7979-01,1.7044871610455872,0.3333226837054582,21354.410036095796,21.354410036095796,0.19555599556466435,64.0652769223642,,0.17937004898220857,0.6826850862710322,1.682185383090126,24,0.3999658962494499,14.080481536321829,5031.859375,148.25258218661824,24.978026317947084,0.8776393141616113,1000.0,True,,4,TCGA-69-7979-01,TCGA-69-7979,Female,Stage IB,71,0:LIVING,13.4,0,I,matched
TCGA-69-7979,TCGA-69-7979-01Z-00-DX1.c9bc265d-4889-4333-9852-b8b535887f1e,4,TCGA-69-7979-01,2.054043074791073,0.5057875876427417,40068.029089304975,40.06802908930497,0.24624001017806693,79.2190834022733,1.604852315379591,0.13533774599523124,0.6529861085829575,1.799661722557249,34,0.39965260449480444,16.552720056008713,4743.125,137.74837677968102,15.04633168147188,0.7741400393158118,1000.0,True,,5,TCGA-69-7979-01,TCGA-69-7979,Female,Stage IB,71,0:LIVING,13.4,0,I,matched
TCGA-69-7979,TCGA-69-7979-01Z-00-DX1.c9bc265d-4889-4333-9852-b8b535887f1e,5,TCGA-69-7979-01,0.3911859193920935,0.0726936875,6183.629255231911,6.183629255231911,0.1858289981729574,85.06418463407721,1.357658661833457,0.16078560451101045,0.6785338317533995,1.775242592652589,7,0.5154178529589186,17.894304608095464,2419.28125,98.03355611728058,10.277402395547233,0.6090858862395424,1000.0,True,,6,TCGA-69-7979-01,TCGA-69-7979,Female,Stage IB,71,0:LIVING,13.4,0,I,matched
TCGA-69-7979,TCGA-69-7979-01Z-00-DX1.c9bc265d-4889-4333-9852-b8b535887f1e,6,TCGA-69-7979-01,112.98929728458116,43.19492085201888,2104909.779267425,2104.909779267425,0.38229214527483735,48.730492792859096,1.6931836216398068,0.11896160643439724,0.6100742364203342,1.785133862926085,1862,0.14032045379262714,16.47943694445911,4481.21875,119.8196072487721,12.658988901172163,0.9860805287297925,1000.0,True,,7,TCGA-69-7979-01,TCGA-69-7979,Female,Stage IB,71,0:LIVING,13.4,0,I,matched
TCGA-69-7979,TCGA-69-7979-01Z-00-DX1.c9bc265d-4889-4333-9852-b8b535887f1e,7,TCGA-69-7979-01,4.406903362897022,0.6749387518344905,51571.241126325665,51.57124112632567,0.15315487911920025,76.40877188656675,,0.21026896609565754,0.6770232250996566,2.1279787092543563,68,0.06986275597967302,15.430336088717404,4828.609375,124.99372391884012,17.523198908875056,0.8945844327959087,1000.0,True,,8,TCGA-69-7979-01,TCGA-69-7979,Female,Stage IB,71,0:LIVING,13.4,0,I,matched
TCGA-69-7979,TCGA-69-7979-01Z-00-DX1.c9bc265d-4889-4333-9852-b8b535887f1e,8,TCGA-69-7979-01,0.48885788145672876,0.09034646875,4613.438040000552,4.613438040000552,0.18481131669756462,51.06384459548178,1.2878737684254449,0.2775142611889572,0.8103312286893417,1.571309247268623,6,0.4687880834270477,12.273505711150307,4161.75,116.0020265130915,7.850159234053791,0.4421188637744332,1000.0,True,,9,TCGA-69-7979-01,TCGA-69-7979,Female,Stage IB,71,0:LIVING,13.4,0,I,matched
TCGA-69-7979,TCGA-69-7979-01Z-00-DX1.c9bc265d-4889-4333-9852-b8b535887f1e,9,TCGA-69-7979-01,0.18470399181090627,0.04256421624190849,3344.9835976233257,3.3449835976233255,0.23044556765987115,78.5867541554747,,0.20003032290001965,0.7233116751435912,3.1537995876590275,5,0.7042417889327394,27.07034077053858,1916.32477399202,132.85000940910768,20.506096654409877,0.5160080426451366,1000.0,True,,10,TCGA-69-7979-01,TCGA-69-7979,Female,Stage IB,71,0:LIVING,13.4,0,I,matched
TCGA-69-7979,TCGA-69-7979-01Z-00-DX1.c9bc265d-4889-4333-9852-b8b535887f1e,10,TCGA-69-7979-01,0.353438398067795,0.05024580051722099,6159.541756040144,6.159541756040144,0.142162823258335,122.58819030913945,1.395033454517722,0.22869237456063843,0.6733212880179669,1.3624346781860845,10,0.31835674939239333,28.293473642560603,2891.828125,99.42097637656886,19.959137506368663,0.6047141494412807,1000.0,True,,11,TCGA-69-7979-01,TCGA-69-7979,Female,Stage IB,71,0:LIVING,13.4,0,I,matched
TCGA-69-7979,TCGA-69-7979-01Z-00-DX1.c9bc265d-4889-4333-9852-b8b535887f1e,11,TCGA-69-7979-01,0.22067663177948585,0.031095696413741193,3072.6937922013535,3.0726937922013535,0.14091068983150873,98.81411727584045,1.2914179611534344,0.128214449413358,0.7157936824682276,2.0655942962867067,2,0.9365782308476027,9.063034830069943,14003.218250258533,316.54107158471555,104.0555740938466,0.4057223264540337,1000.0,True,,12,TCGA-69-7979-01,TCGA-69-7979,Female,Stage IB,71,0:LIVING,13.4,0,I,matched
TCGA-69-7979,TCGA-69-7979-01Z-00-DX1.c9bc265d-4889-4333-9852-b8b535887f1e,12,TCGA-69-7979-01,0.2683956905759483,0.0436341875,3519.6042558696126,3.519604255869613,0.16257409873595854,80.6616201085356,1.2867086472430722,0.10739248603238297,0.73364556913253,1.6350395127265909,2,0.7582628735813065,7.451684472683652,21248.09375,141.7621247019104,2.57390753524675,0.15577258107745912,1000.0,True,,13,TCGA-69-7979-01,TCGA-69-7979,Female,Stage IB,71,0:LIVING,13.4,0,I,matched
TCGA-69-7979,TCGA-69-7979-01Z-00-DX1.c9bc265d-4889-4333-9852-b8b535887f1e,13,TCGA-69-7979-01,1.02928261767757,0.10493457908775825,22115.480435295412,22.115480435295414,0.10194923851383814,210.75493538502624,1.5139461706136013,0.19615417579031366,0.5960965333955355,2.0430184706251238,32,0.08025349755442882,31.089614699025475,1693.46875,85.6883613464255,18.26369349282888,0.7762696372299459,1000.0,True,,14,TCGA-69-7979-01,TCGA-69-7979,Female,Stage IB,71,0:LIVING,13.4,0,I,matched
TCGA-69-7979,TCGA-69-7979-01Z-00-DX1.c9bc265d-4889-4333-9852-b8b535887f1e,14,TCGA-69-7979-01,0.22400077298432305,0.035621125,5580.529183444372,5.580529183444372,0.15902233070638994,156.66347380787025,1.4550733805681633,0.21589326149299187,0.6708473445746184,2.6723685131873705,8,0.1831688385700373,35.71416247103705,4187.78125,90.34584871684439,6.543154382482188,0.6649272983114447,1000.0,True,,15,TCGA-69-7979-01,TCGA-69-7979,Female,Stage IB,71,0:LIVING,13.4,0,I,matched
TCGA-69-7979,TCGA-69-7979-01Z-00-DX1.c9bc265d-4889-4333-9852-b8b535887f1e,15,TCGA-69-7979-01,0.3438866317794853,0.027852723672888928,5037.956976349475,5.0379569763494745,0.08099391223427747,180.87843169367608,1.326423794709927,0.18701942569623484,0.5760059792194535,1.875740432107968,8,0.27365815503400875,23.263480637799084,1532.828125,123.2898694432159,55.325458705981355,0.5295008642577425,1000.0,True,,16,TCGA-69-7979-01,TCGA-69-7979,Female,Stage IB,71,0:LIVING,13.4,0,I,matched
TCGA-69-7979,TCGA-69-7979-01Z-00-DX1.c9bc265d-4889-4333-9852-b8b535887f1e,16,TCGA-69-7979-01,0.9149500884134214,0.14089790968384366,27125.146212281084,27.125146212281084,0.1539951866971991,192.51631392649003,1.581695447135879,0.1538457324657513,0.5624091852067419,2.1630870492209398,25,0.1900074072015399,27.32389484037485,2047.625,86.66863980125683,11.423659658795863,0.8949445896280241,1000.0,True,,17,TCGA-69-7979-01,TCGA-69-7979,Female,Stage IB,71,0:LIVING,13.4,0,I,matched
TCGA-69-7979,TCGA-69-7979-01Z-00-DX1.c9bc265d-4889-4333-9852-b8b535887f1e,17,TCGA-69-7979-01,0.415717611461122,0.05781540420938417,10725.868568098358,10.725868568098358,0.13907374288565852,185.51921784121012,1.4650070221940457,0.16161840171891428,0.5510811731472073,1.9125813544462824,11,0.3828772201456356,26.460269415429185,1999.15625,112.02777627111055,25.25,0.6696548444842247,1000.0,True,,18,TCGA-69-7979-01,TCGA-69-7979,Female,Stage IB,71,0:LIVING,13.4,0,I,matched
TCGA-69-7979,TCGA-69-7979-01Z-00-DX1.c9bc265d-4889-4333-9852-b8b535887f1e,18,TCGA-69-7979-01,0.23448836523435432,0.03254138806267795,5137.989188893309,5.137989188893309,0.13877613087606785,157.8909043153608,1.3459148163970114,0.1689307598050434,0.6126683701056084,1.4137584965435261,5,0.45994974708047426,21.323019566462747,2592.4375,103.2220187569009,24.2706097986845,0.3657759486519569,1000.0,True,,19,TCGA-69-7979-01,TCGA-69-7979,Female,Stage IB,71,0:LIVING,13.4,0,I,matched
TCGA-69-7980,TCGA-69-7980-01Z-00-DX1.8bbf8cc0-eca7-49e5-a022-c22e3e6ed6dc,1,TCGA-69-7980-01,36.615129105567384,10.493055861448273,794063.6391700427,794.0636391700427,0.28657705483422125,75.67515599411328,1.6490986322315326,0.09754801576848654,0.5650610095079981,2.224704065440278,593,0.06439526868903522,16.195491166787487,4323.5625,123.85716634999365,12.75245074485685,0.9706887507874515,1000.0,True,,2,TCGA-69-7980-01,TCGA-69-7980,Female,Stage I,70,0:LIVING,13.5,0,I,matched
TCGA-69-7980,TCGA-69-7980-01Z-00-DX1.8bbf8cc0-eca7-49e5-a022-c22e3e6ed6dc,2,TCGA-69-7980-01,2.5584385748867353,0.3296456368793829,34392.845530451064,34.39284553045106,0.12884641441664343,104.33277945382113,1.3456283619809486,0.18616052451019707,0.6575925739396679,1.7588944864492617,41,0.10958712017645209,16.02539939885604,3949.9375,124.06117757481589,19.014796869806418,0.9349018240743081,1000.0,True,,3,TCGA-69-7980-01,TCGA-69-7980,Female,Stage I,70,0:LIVING,13.5,0,I,matched
TCGA-69-7980,TCGA-69-7980-01Z-00-DX1.8bbf8cc0-eca7-49e5-a022-c22e3e6ed6dc,3,TCGA-69-7980-01,0.22722130770064922,0.013332652733725688,2181.840181429648,2.181840181429648,0.05867694745992166,163.64636693120804,1.1258613966602338,0.25966139229497764,0.7957192541534759,1.1824672631789752,4,0.5856085016373271,17.60398283276217,1912.8827205706318,123.28216193794678,47.17536975946225,0.3854248177512818,1000.0,True,,4,TCGA-69-7980-01,TCGA-69-7980,Female,Stage I,70,0:LIVING,13.5,0,I,matched
TCGA-69-7980,TCGA-69-7980-01Z-00-DX1.8bbf8cc0-eca7-49e5-a022-c22e3e6ed6dc,4,TCGA-69-7980-01,2.1057595853113864,0.17746561189657406,24166.903719185946,24.166903719185946,0.08427629304621286,136.17795279273756,1.2085090709839017,0.10352163358588329,0.6753500235377755,1.9314529332887476,21,0.3174961677254521,9.972648419356311,2439.1875,116.00996724419846,15.25,0.8485437089516576,1000.0,True,,5,TCGA-69-7980-01,TCGA-69-7980,Female,Stage I,70,0:LIVING,13.5,0,I,matched
TCGA-69-7980,TCGA-69-7980-01Z-00-DX1.8bbf8cc0-eca7-49e5-a022-c22e3e6ed6dc,5,TCGA-69-7980-01,9.070396954525915,1.8248621330317152,111769.85062899951,111.7698506289995,0.2011887839287069,61.24838068907258,1.3916890919072349,0.17361285079337122,0.6693011590113092,1.7906360103389245,104,0.13138777050356074,11.465870845719321,6380.195893774317,135.6219810063492,23.49334876734098,0.9493790035833674,1000.0,True,,6,TCGA-69-7980-01,TCGA-69-7980,Female,Stage I,70,0:LIVING,13.5,0,I,matched
TCGA-69-7980,TCGA-69-7980-01Z-00-DX1.8bbf8cc0-eca7-49e5-a022-c22e3e6ed6dc,6,TCGA-69-7980-01,0.2505875968063366,0.0246440625,1748.130555059551,1.748130555059551,0.09834510093109615,70.93516156516608,1.1886098195782675,0.5371853922303563,0.9165729847281098,1.5345175260518478,4,0.33555495903158594,15.962481986254687,6544.9375,137.56094558020328,43.59832626465162,0.4560523318145269,1000.0,True,,7,TCGA-69-7980-01,TCGA-69-7980,Female,Stage I,70,0:LIVING,13.5,0,I,matched
TCGA-69-7980,TCGA-69-7980-01Z-00-DX1.8bbf8cc0-eca7-49e5-a022-c22e3e6ed6dc,7,TCGA-69-7980-01,1.7612856346123886,0.49362765220747074,26267.90778824537,26.26790778824537,0.28026553019386025,53.21401195977777,1.508772061021384,0.1466284875551633,0.6582430233913743,1.8437335213173085,17,0.23383482698912725,9.652040342531517,13294.5625,177.88778063711965,10.659502802663921,0.7167105981342572,1000.0,True,,8,TCGA-69-7980-01,TCGA-69-7980,Female,Stage I,70,0:LIVING,13.5,0,I,matched
TCGA-69-7980,TCGA-69-7980-01Z-00-DX1.8bbf8cc0-eca7-49e5-a022-c22e3e6ed6dc,8,TCGA-69-7980-01,2.2109649301837684,0.5312286994701626,36313.31615885432,36.31331615885432,0.24027007041943838,68.35721826601713,1.5581388494912618,0.3187408915369351,0.7728056951309767,1.8552653731513888,44,0.07535031328328434,19.900813169543518,9876.984375,119.14147277313799,11.131398184536687,0.8216969978677735,1000.0,True,,9,TCGA-69-7980-01,TCGA-69-7980,Female,Stage I,70,0:LIVING,13.5,0,I,matched
TCGA-69-7980,TCGA-69-7980-01Z-00-DX1.8bbf8cc0-eca7-49e5-a022-c22e3e6ed6dc,9,TCGA-69-7980-01,0.39256523677491606,0.06685334375,5249.984287918984,5.249984287918983,0.17029868538342202,78.52986841692541,1.289980600139918,0.05748394920241457,0.4067829646011114,2.05084612617425,2,0.9632294971152335,5.0946946205191725,32522.671875,440.9119500039095,54.7642675473707,0.485112077482029,1000.0,True,,10,TCGA-69-7980-01,TCGA-69-7980,Female,Stage I,70,0:LIVING,13.5,0,I,matched
TCGA-69-7980,TCGA-69-7980-01Z-00-DX1.8bbf8cc0-eca7-49e5-a022-c22e3e6ed6dc,10,TCGA-69-7980-01,0.5250407660579863,0.1487854570496739,3872.8115934122043,3.8728115934122043,0.2833788663054819,26.0295036235915,1.1453317602004185,0.12896351237813736,0.6133521916082246,1.5421315113556493,1,1.0,1.9046140121804531,148683.67579967392,,,0.0,1000.0,True,,11,TCGA-69-7980-01,TCGA-69-7980,Female,Stage I,70,0:LIVING,13.5,0,I,matched
TCGA-69-7980,TCGA-69-7980-01Z-00-DX1.8bbf8cc0-eca7-49e5-a022-c22e3e6ed6dc,11,TCGA-69-7980-01,0.8634110555684441,0.12247265637963096,7368.973785590925,7.368973785590925,0.1418474498209878,60.16831841018593,1.3018624242937598,0.30406609359503145,0.7344551655106462,1.3117933446418795,10,0.36266288803360497,11.581968907516824,9477.234375,164.95098716953066,25.662472601056976,0.7502641128229158,1000.0,True,,12,TCGA-69-7980-01,TCGA-69-7980,Female,Stage I,70,0:LIVING,13.5,0,I,matched
TCGA-69-7980,TCGA-69-7980-01Z-00-DX1.8bbf8cc0-eca7-49e5-a022-c22e3e6ed6dc,12,TCGA-69-7980-01,0.23054844220947185,0.03523903125,2417.026785031011,2.417026785031011,0.1528487068153013,68.58947874825621,1.2664001754283856,0.31026689612351527,0.8086965195519182,1.120530916985613,3,0.5481605806063332,13.012449666757055,12879.6875,87.17663462763403,23.021728866442675,0.23563555347091933,1000.0,True,,13,TCGA-69-7980-01,TCGA-69-7980,Female,Stage I,70,0:LIVING,13.5,0,I,matched
TCGA-69-8253,TCGA-69-8253-01Z-00-DX1.631c741f-46bd-4d4b-8f6c-64787fb4c402,1,TCGA-69-8253-01,85.79537006939987,31.741427606529765,2365488.05684679,2365.48805684679,0.36996667280360385,74.52368198965846,1.7796520274611773,0.1395490263466708,0.6087294575786818,1.684742661494076,2353,0.03322645577427876,27.425722368196077,3543.1875,97.80611001491675,9.737171047075224,0.9773029133315378,1000.0,True,,2,TCGA-69-8253-01,TCGA-69-8253,Female,Stage IIA,59,0:LIVING,13.99,0,II,matched
TCGA-69-8253,TCGA-69-8253-01Z-00-DX1.631c741f-46bd-4d4b-8f6c-64787fb4c402,2,TCGA-69-8253-01,0.16005990270651804,0.02464723804833498,4239.853743830731,4.239853743830731,0.15398758609473578,172.02145471699822,1.3102798386659973,0.26228090401210086,0.7997318862381041,1.9351715471705673,8,0.2621165395642772,49.98128741005551,1860.368145114202,102.91968196026758,8.125,0.5656642084436974,1000.0,True,,3,TCGA-69-8253-01,TCGA-69-8253,Female,Stage IIA,59,0:LIVING,13.99,0,II,matched
TCGA-69-8253,TCGA-69-8253-01Z-00-DX1.631c741f-46bd-4d4b-8f6c-64787fb4c402,3,TCGA-69-8253-01,0.3373442669614378,0.054833768614493725,5969.612782340309,5.96961278234031,0.16254542906093564,108.86745400100796,,0.17395872235828852,0.6929832628760346,1.800895045408715,8,0.3609846143911917,23.71464638204297,5245.890625,132.00593579196283,11.200624006214648,0.6378540408532125,1000.0,True,,4,TCGA-69-8253-01,TCGA-69-8253,Female,Stage IIA,59,0:LIVING,13.99,0,II,matched
TCGA-71-6725,TCGA-71-6725-01Z-00-DX1.b9e1d4aa-439d-481f-b24b-134c4e470f28,1,TCGA-71-6725-01,0.25475820497391066,0.028557903591821605,4197.863378483244,4.197863378483244,0.11209807195315326,146.99480180630013,1.1673489669580324,0.16525238095003328,0.7789383186953213,2.482145238409166,4,0.44211251739806223,15.701162600080469,5581.0625,171.9880994001843,74.50954137097546,0.4505046583850931,1000.0,True,,2,TCGA-71-6725-01,TCGA-71-6725,Female,Stage IB,48,0:LIVING,8.41,0,I,matched
TCGA-71-6725,TCGA-71-6725-01Z-00-DX1.b9e1d4aa-439d-481f-b24b-134c4e470f28,2,TCGA-71-6725-01,0.2895026101983643,0.027364258364933575,4474.411698069552,4.474411698069551,0.09452162917005777,163.5129897692885,1.2501524583139652,0.23364551141977963,0.7138865618224294,2.2299733925153338,6,0.43201528297392133,20.725201737866403,2707.28125,123.54275575686339,29.804571796957593,0.5619247835157359,1000.0,True,,3,TCGA-71-6725-01,TCGA-71-6725,Female,Stage IB,48,0:LIVING,8.41,0,I,matched
TCGA-71-6725,TCGA-71-6725-01Z-00-DX1.b9e1d4aa-439d-481f-b24b-134c4e470f28,3,TCGA-71-6725-01,187.67021301595244,71.33437713196058,6030596.884406496,6030.5968844064955,0.3801049510499409,84.53984077341237,1.7915389695370618,0.055549395126254744,0.5107383648710448,1.6154271886523952,3644,0.09368121853893101,19.417039824483233,2708.0,99.1572623196041,8.143248737451165,0.9864113556575749,1000.0,True,,4,TCGA-71-6725-01,TCGA-71-6725,Female,Stage IB,48,0:LIVING,8.41,0,I,matched
TCGA-71-6725,TCGA-71-6725-01Z-00-DX1.b9e1d4aa-439d-481f-b24b-134c4e470f28,4,TCGA-71-6725-01,0.31353712608940676,0.0345887286681979,5160.194502116755,5.160194502116755,0.11031780861043787,149.1871687918157,1.4290774809526945,0.15055541827830995,0.6454073663949264,2.3344249736041434,7,0.41308395944015663,22.325904709619344,2812.34375,122.99803098017463,34.11469624663248,0.5339990520673061,1000.0,True,,5,TCGA-71-6725-01,TCGA-71-6725,Female,Stage IB,48,0:LIVING,8.41,0,I,matched
TCGA-71-6725,TCGA-71-6725-01Z-00-DX1.b9e1d4aa-439d-481f-b24b-134c4e470f28,5,TCGA-71-6725-01,0.3393934928263017,0.0420730625,7663.241520328263,7.6632415203282624,0.12396543654869831,182.14128149877993,1.3683876262686707,0.07000457392383266,0.5013136054388049,2.335385012331763,8,0.5957566938531139,23.57145958627534,2816.71875,67.0854527149223,4.446905172368698,0.5351280501338108,1000.0,True,,6,TCGA-71-6725-01,TCGA-71-6725,Female,Stage IB,48,0:LIVING,8.41,0,I,matched
TCGA-71-6725,TCGA-71-6725-01Z-00-DX1.b9e1d4aa-439d-481f-b24b-134c4e470f28,6,TCGA-71-6725-01,0.9328899541349206,0.2059755324176331,30784.893402648027,30.784893402648027,0.22079295795251278,149.45898205146526,1.6342100475373549,0.09424241418519687,0.6230297744386497,1.7295954034817411,31,0.3078516976512722,33.23007163127472,3510.1875,94.74241394433646,8.951256894984079,0.7308997467091067,1000.0,True,,7,TCGA-71-6725-01,TCGA-71-6725,Female,Stage IB,48,0:LIVING,8.41,0,I,matched
TCGA-71-6725,TCGA-71-6725-01Z-00-DX1.b9e1d4aa-439d-481f-b24b-134c4e470f28,7,TCGA-71-6725-01,0.7347740879631274,0.07385174607585085,18579.580472736387,18.579580472736385,0.10050945901015075,251.57943393313778,1.4518876493526793,0.13543751430246057,0.605375379403857,1.8652806980573777,17,0.16153886235345202,23.13636296991069,2267.96875,98.11156357050885,10.065411069598698,0.7130126829165517,1000.0,True,,8,TCGA-71-6725-01,TCGA-71-6725,Female,Stage IB,48,0:LIVING,8.41,0,I,matched
TCGA-71-8520,TCGA-71-8520-01Z-00-DX1.EAE99132-A397-4B4D-8B09-CBB774A7B62F,1,TCGA-71-8520-01,176.9299272839313,104.13417991664885,3291012.1814692775,3291.0121814692775,0.5885617064067277,31.603573236985895,1.7344186130005979,0.02128784367772842,0.5828944244392862,2.253596807958795,1190,0.2981770120806175,6.725826536345812,3567.34375,139.70057265451706,11.277709527297507,0.9789964784083568,1000.0,True,,2,TCGA-71-8520-01,TCGA-71-8520,Female,Stage IB,60,1:DECEASED,6.9,1,I,matched
TCGA-71-8520,TCGA-71-8520-01Z-00-DX1.EAE99132-A397-4B4D-8B09-CBB774A7B62F,2,TCGA-71-8520-01,0.28100292758118733,0.0366350198130879,6544.195998339368,6.544195998339368,0.13037237771305182,178.63224946316112,1.3254389812896044,0.05627060864241389,0.5848953761736949,2.052120593544863,3,0.887503877132917,10.676045355909114,1823.03125,195.3206098316304,10.419332992087353,0.42977672016477686,1000.0,True,,3,TCGA-71-8520-01,TCGA-71-8520,Female,Stage IB,60,1:DECEASED,6.9,1,I,matched
TCGA-73-4658,TCGA-73-4658-01Z-00-DX1.d5beb44f-9d76-485a-8af4-407b0f1a610e,1,TCGA-73-4658-01,0.19085720520423324,0.0090628125,2024.8056992722725,2.0248056992722723,0.047484780521133745,223.41913167377922,1.3131154004816317,0.15512906658028688,0.5286641518720622,2.083885793591991,4,0.38883437042323676,20.958076985983652,1845.09375,80.25806745736438,10.0,0.32657615726950195,1000.0,True,,2,TCGA-73-4658-01,TCGA-73-4658,Female,Stage IB,80,1:DECEASED,52.56,1,I,matched
TCGA-73-4658,TCGA-73-4658-01Z-00-DX1.d5beb44f-9d76-485a-8af4-407b0f1a610e,2,TCGA-73-4658-01,19.820934701583816,4.988893082748069,505841.33919633814,505.84133919633814,0.25169817457445254,101.39350168588938,1.686736498356256,0.08651883928853309,0.5255732474864093,1.8917186646431157,365,0.10309089721581702,18.4148732385882,3804.03125,114.7529956036007,7.254309064273454,0.9662075095492841,1000.0,True,,3,TCGA-73-4658-01,TCGA-73-4658,Female,Stage IB,80,1:DECEASED,52.56,1,I,matched
TCGA-73-4658,TCGA-73-4658-01Z-00-DX1.d5beb44f-9d76-485a-8af4-407b0f1a610e,3,TCGA-73-4658-01,0.35272282678275624,0.0583935,5334.973880278798,5.334973880278798,0.16555066915463582,91.36246123761717,1.3490677639103097,0.14772390600537455,0.6272704152326828,2.312683050067001,6,0.5145844985961192,17.010523687188044,5906.953125,103.38792240876107,32.92160273286106,0.6061011052192489,1000.0,True,,4,TCGA-73-4658-01,TCGA-73-4658,Female,Stage IB,80,1:DECEASED,52.56,1,I,matched
TCGA-73-4658,TCGA-73-4658-01Z-00-DX1.d5beb44f-9d76-485a-8af4-407b0f1a610e,4,TCGA-73-4658-01,23.83741159687846,5.566752618766994,649443.2350819525,649.4432350819525,0.23353007922621796,116.66464805576373,1.6288314771693306,0.09760423528609471,0.5242322706733988,1.9758819481748653,507,0.10427285528590467,21.269087792501445,3526.5625,112.56248264852726,8.31038506929733,0.9582526732425352,1000.0,True,,5,TCGA-73-4658-01,TCGA-73-4658,Female,Stage IB,80,1:DECEASED,52.56,1,I,matched
TCGA-73-4658,TCGA-73-4658-01Z-00-DX1.d5beb44f-9d76-485a-8af4-407b0f1a610e,5,TCGA-73-4658-01,0.28594975936196915,0.0189813125,2376.784883992102,2.376784883992102,0.06637988625118069,125.21709886985434,1.173515565475874,0.4354980142036891,0.8438931660354121,1.6124500868223397,8,0.19840492754269332,27.97694258547429,2429.171875,87.55067074380113,29.660124956853004,0.5423136645962734,1000.0,True,,6,TCGA-73-4658-01,TCGA-73-4658,Female,Stage IB,80,1:DECEASED,52.56,1,I,matched
TCGA-73-4658,TCGA-73-4658-01Z-00-DX1.d5beb44f-9d76-485a-8af4-407b0f1a610e,6,TCGA-73-4658-01,1.2771481708217884,0.33507921319354395,26235.77292775489,26.23577292775489,0.26236518271637604,78.29722613261879,1.581948355042047,0.15628269599938652,0.6354210528225241,2.2430017168015683,28,0.3387543792501079,21.92384614385286,3378.0625,108.24245344784417,12.753393201084616,0.7415306774079122,1000.0,True,,7,TCGA-73-4658-01,TCGA-73-4658,Female,Stage IB,80,1:DECEASED,52.56,1,I,matched
TCGA-73-4658,TCGA-73-4658-01Z-00-DX1.d5beb44f-9d76-485a-8af4-407b0f1a610e,7,TCGA-73-4658-01,30.582470342664767,9.06936186139183,667906.4619901432,667.9064619901432,0.2965542599983956,73.64426209890394,1.6423583637924348,0.13749940103236555,0.6385421736969477,2.0837820250874346,582,0.04819773859254788,19.030509748850072,4417.765625,126.6062161135383,13.690774720127838,0.9497468492459281,1000.0,True,,8,TCGA-73-4658-01,TCGA-73-4658,Female,Stage IB,80,1:DECEASED,52.56,1,I,matched
TCGA-73-4658,TCGA-73-4658-01Z-00-DX1.d5beb44f-9d76-485a-8af4-407b0f1a610e,8,TCGA-73-4658-01,0.2685089918109059,0.04663519183212916,3865.9924831052485,3.8659924831052486,0.17368204884911795,82.89860792299318,1.327800639099158,0.21549109017603796,0.7101735993644286,1.3849105449466115,4,0.4487754752364514,14.897080254269289,10587.898569457477,102.74636738424442,11.213110237563054,0.3187494173376994,1000.0,True,,9,TCGA-73-4658-01,TCGA-73-4658,Female,Stage IB,80,1:DECEASED,52.56,1,I,matched
TCGA-73-4658,TCGA-73-4658-01Z-00-DX1.d5beb44f-9d76-485a-8af4-407b0f1a610e,9,TCGA-73-4658-01,0.23238715436654064,0.0235146875,1727.695526217007,1.727695526217007,0.10118755300437411,73.47303791372975,1.1128055090191797,0.5354605009387405,0.9195335449588051,1.3854189372604573,4,0.4701702858566285,17.21265536773544,5185.40625,82.02565674502722,4.573379143115362,0.3352485928705441,1000.0,True,,10,TCGA-73-4658-01,TCGA-73-4658,Female,Stage IB,80,1:DECEASED,52.56,1,I,matched
TCGA-73-4658,TCGA-73-4658-01Z-00-DX1.d5beb44f-9d76-485a-8af4-407b0f1a610e,10,TCGA-73-4658-01,6.008625450354948,1.1307083591261946,113721.06854784931,113.72106854784931,0.1881808690637224,100.57506662083259,1.538694576226807,0.0941975649000437,0.5320081280172468,1.5821425493630887,85,0.1449820650727086,14.146330255113304,4663.71875,149.98901001406736,25.379617806420963,0.8821281332083968,1000.0,True,,11,TCGA-73-4658-01,TCGA-73-4658,Female,Stage IB,80,1:DECEASED,52.56,1,I,matched
TCGA-73-4658,TCGA-73-4658-01Z-00-DX1.d5beb44f-9d76-485a-8af4-407b0f1a610e,11,TCGA-73-4658-01,23.779495326845936,7.573137649548765,460478.44310467487,460.47844310467485,0.3184734387949372,60.80418241600452,1.6909180881773824,0.12631413328775526,0.6312766617193655,2.0027534237446014,383,0.21786783165228538,16.106313222199084,4487.46875,131.6368109610682,18.141802556526734,0.960786946210074,1000.0,True,,12,TCGA-73-4658-01,TCGA-73-4658,Female,Stage IB,80,1:DECEASED,52.56,1,I,matched
TCGA-73-4658,TCGA-73-4658-01Z-00-DX1.d5beb44f-9d76-485a-8af4-407b0f1a610e,12,TCGA-73-4658-01,3.137407615456272,0.5605918927207517,54960.040707435866,54.960040707435866,0.17867996812369089,98.0393070629246,1.5487986761227015,0.1343073838029893,0.5498345039933772,1.960634023358429,51,0.2501237532548509,16.255458726099604,4980.875,134.20366984550012,20.677584481752216,0.838068283858665,1000.0,True,,13,TCGA-73-4658-01,TCGA-73-4658,Female,Stage IB,80,1:DECEASED,52.56,1,I,matched
TCGA-73-4658,TCGA-73-4658-01Z-00-DX1.d5beb44f-9d76-485a-8af4-407b0f1a610e,13,TCGA-73-4658-01,0.25203923677491374,0.03092044379848752,5587.693903322608,5.5876939033226085,0.12268107217806465,180.71195677973844,1.3451449417187193,0.1998779281278533,0.673616421365909,2.8376866473452163,9,0.2982655301199605,35.70872581255094,1374.290732042584,129.20269540430084,35.1078694881931,0.7452008346253209,1000.0,True,,14,TCGA-73-4658-01,TCGA-73-4658,Female,Stage IB,80,1:DECEASED,52.56,1,I,matched
TCGA-73-4658,TCGA-73-4658-01Z-00-DX1.d5beb44f-9d76-485a-8af4-407b0f1a610e,14,TCGA-73-4658-01,1.542268889280222,0.21351739861781688,25166.804043383723,25.166804043383724,0.138443691694686,117.86769699471081,1.3869940088816723,0.12797003026619155,0.5662192372779238,2.120786014652976,27,0.2240501733515132,17.506674865626653,2670.470566443006,165.6496679743126,57.31110276377519,0.9693284489622085,1000.0,True,,15,TCGA-73-4658-01,TCGA-73-4658,Female,Stage IB,80,1:DECEASED,52.56,1,I,matched
TCGA-73-4658,TCGA-73-4658-01Z-00-DX1.d5beb44f-9d76-485a-8af4-407b0f1a610e,15,TCGA-73-4658-01,0.22183992758118692,0.012715,2311.4686501761653,2.3114686501761654,0.05731610237452264,181.79069210980458,1.4219661909828136,0.2035676294695936,0.775395769672578,1.2162178891517916,5,0.5035294922950113,22.538774036383266,1430.53125,53.970622796110106,20.862646045025066,0.2648921200750469,1000.0,True,,16,TCGA-73-4658-01,TCGA-73-4658,Female,Stage IB,80,1:DECEASED,52.56,1,I,matched
TCGA-73-4662,TCGA-73-4662-01Z-00-DX1.76e23a15-0917-44ad-9181-50100d318003,1,TCGA-73-4662-01,1.7053998432359063,0.2141195429988753,42694.098517515646,42.69409851751565,0.12555386576827332,199.39374948946116,,0.1362368761861185,0.6717657923070187,1.778005700907775,46,0.2572844468873027,26.97314660983985,2700.8125,92.13264793253929,15.510290826738569,0.8473214008870014,1000.0,True,,2,TCGA-73-4662-01,TCGA-73-4662,Female,Stage IA,65,0:LIVING,82.62,0,I,matched
TCGA-73-4662,TCGA-73-4662-01Z-00-DX1.76e23a15-0917-44ad-9181-50100d318003,2,TCGA-73-4662-01,70.4613540251106,30.43126619155276,2122350.8348408593,2122.350834840859,0.4318859126764417,69.74244257473553,1.6648485884798039,0.06898513621828187,0.5483845570408581,1.663581881619641,1380,0.1545896283396076,19.585204103631103,4048.328125,105.28084101914729,8.355387483534201,0.9760349065866172,1000.0,True,,3,TCGA-73-4662-01,TCGA-73-4662,Female,Stage IA,65,0:LIVING,82.62,0,I,matched
TCGA-73-7498,TCGA-73-7498-01Z-00-DX1.5313bba9-7f6a-49b4-8d6e-a0f46a04f189,1,TCGA-73-7498-01,14.168469231770082,7.45123124495963,339946.49142298393,339.9464914229839,0.5259023485932883,45.622861544250156,1.594840164030267,0.022387237299381323,0.6701998575830793,1.5216855646131893,166,0.7315382591586645,11.71615629638922,2827.90625,102.45962020117881,4.700134404717284,0.9464320758907889,1000.0,True,,2,TCGA-73-7498-01,TCGA-73-7498,Female,Stage IA,58,0:LIVING,39.06,0,I,matched
TCGA-73-7498,TCGA-73-7498-01Z-00-DX1.5313bba9-7f6a-49b4-8d6e-a0f46a04f189,2,TCGA-73-7498-01,0.19818828761260748,0.02645534335800602,2298.94309531201,2.29894309531201,0.13348590714763864,86.89900804543119,1.2401460262097357,0.34376892219974603,0.79715051065182,1.270996472962168,2,0.6964100645039007,10.091413695996698,12860.171875,198.87190640271442,37.0,0.2098542965241902,1000.0,True,,3,TCGA-73-7498-01,TCGA-73-7498,Female,Stage IA,58,0:LIVING,39.06,0,I,matched
TCGA-73-7498,TCGA-73-7498-01Z-00-DX1.5313bba9-7f6a-49b4-8d6e-a0f46a04f189,3,TCGA-73-7498-01,23.365812542084143,11.831929887652617,577428.8527339472,577.4288527339472,0.5063778486770849,48.8025924947824,1.604618623391713,0.03660906081460292,0.6029319843058675,2.0512470117067148,320,0.3981103209650484,13.695222429078736,2922.15625,104.18584761642074,5.7958704907875225,0.9597779642432663,1000.0,True,,4,TCGA-73-7498-01,TCGA-73-7498,Female,Stage IA,58,0:LIVING,39.06,0,I,matched
TCGA-73-7498,TCGA-73-7498-01Z-00-DX1.5313bba9-7f6a-49b4-8d6e-a0f46a04f189,4,TCGA-73-7498-01,0.44312794097321445,0.0943651426519047,8829.284503367451,8.82928450336745,0.21295236415166324,93.56510524163593,1.5003386299146755,0.1633810360012933,0.6700801796794635,2.392314904751244,10,0.6732032965013061,22.566845994945883,2508.702105322094,93.80206887377271,8.416514890280272,0.6210054667791449,1000.0,True,,5,TCGA-73-7498-01,TCGA-73-7498,Female,Stage IA,58,0:LIVING,39.06,0,I,matched
TCGA-73-7498,TCGA-73-7498-01Z-00-DX1.5313bba9-7f6a-49b4-8d6e-a0f46a04f189,5,TCGA-73-7498-01,7.298964401739194,2.6086204223675105,199035.9789114167,199.0359789114167,0.3573959645214778,76.29932557638158,1.5852546275094697,0.04272408948665975,0.5903180158406616,1.534642164236252,120,0.4989553100956884,16.440688486082554,2624.109375,101.04944431131244,8.053769074846304,0.9280577115895903,1000.0,True,,6,TCGA-73-7498-01,TCGA-73-7498,Female,Stage IA,58,0:LIVING,39.06,0,I,matched
TCGA-75-5147,TCGA-75-5147-01Z-00-DX1.3156FA5C-9737-4EAA-989C-FD578FBF15A1,1,TCGA-75-5147-01,11.446199916696564,4.7901892728197675,422809.23170691147,422.8092317069115,0.4184960342892773,88.2656629260962,1.8182657067259658,0.1018010721897232,0.5455222468807372,1.7712926145015304,351,0.18863268660283833,30.665199153825416,2597.5,76.92904604244096,3.758324094593227,0.9048580998130336,1000.0,True,,2,TCGA-75-5147-01,TCGA-75-5147,Female,Stage IB,,0:LIVING,43.79,0,I,matched
TCGA-75-6212,TCGA-75-6212-01Z-00-DX1.FCB36956-DF6C-485D-8E7A-922A2BDAE669,1,TCGA-75-6212-01,9.700505523456828,4.2186815317560376,256696.64348301422,256.6966434830142,0.43489295702732483,60.847599315268425,,0.0533579867124253,0.5884503934098593,1.5361704068023387,163,0.32784349821457776,16.80324799628732,2720.25,101.72327658898921,7.044501401802686,0.8976956364438788,1000.0,True,,2,TCGA-75-6212-01,TCGA-75-6212,Female,Stage IIB,,1:DECEASED,49.8,1,II,matched
TCGA-75-6212,TCGA-75-6212-01Z-00-DX1.FCB36956-DF6C-485D-8E7A-922A2BDAE669,2,TCGA-75-6212-01,22.43125073535789,10.29699509216592,652123.2918777505,652.1232918777505,0.4590468544821263,63.33141717955114,1.7451322055833314,0.05983640962912894,0.5854165521520553,1.5398944456322776,390,0.16999607865654848,17.38645805359625,3314.234375,101.2391561057427,6.002603037366079,0.921775493901112,1000.0,True,,3,TCGA-75-6212-01,TCGA-75-6212,Female,Stage IIB,,1:DECEASED,49.8,1,II,matched
TCGA-78-7145,TCGA-78-7145-01Z-00-DX1.ecde66bf-2de8-4e31-b3ab-4fed4f055dda,1,TCGA-78-7145-01,0.24864277298432275,0.03036065625,3404.584180237673,3.404584180237673,0.12210552466736799,112.13802996230271,1.3484478881895903,0.08340149723121201,0.5763826512370092,1.712657289996643,3,0.8478712351707034,12.065502503823645,3422.25,149.69604620697234,10.636023693091325,0.3194158252627241,1000.0,True,,2,TCGA-78-7145-01,TCGA-78-7145,Female,Stage IV,52,1:DECEASED,27.14,1,IV,matched
TCGA-78-7145,TCGA-78-7145-01Z-00-DX1.ecde66bf-2de8-4e31-b3ab-4fed4f055dda,2,TCGA-78-7145-01,0.28333482359169143,0.021617806386771736,3010.263561685754,3.010263561685754,0.0762977388826894,139.24926090224307,1.3014931939113172,0.1399574951049761,0.5602472376475855,4.875857987861318,4,0.40074038926811395,14.11757280412635,5006.0,122.61072772985261,43.68100223147103,0.35334698010760035,1000.0,True,,3,TCGA-78-7145-01,TCGA-78-7145,Female,Stage IV,52,1:DECEASED,27.14,1,IV,matched
TCGA-78-7145,TCGA-78-7145-01Z-00-DX1.ecde66bf-2de8-4e31-b3ab-4fed4f055dda,3,TCGA-78-7145-01,1.4161351844346837,0.38244776675295533,12107.32483509113,12.10732483509113,0.27006444791188994,31.65745988761895,1.3011954923113647,0.29807223963025903,0.8104829362248351,2.2608078572098615,16,0.5036944158639285,11.29835638282453,4323.774001477659,154.19250346563544,26.620061426755235,0.7489394140509156,1000.0,True,,4,TCGA-78-7145-01,TCGA-78-7145,Female,Stage IV,52,1:DECEASED,27.14,1,IV,matched
TCGA-78-7145,TCGA-78-7145-01Z-00-DX1.ecde66bf-2de8-4e31-b3ab-4fed4f055dda,4,TCGA-78-7145-01,0.17727418138092013,0.02464521826414323,3371.199611737593,3.371199611737593,0.1390231677967053,136.78919681723457,1.3981619268089067,0.03401841113579173,0.42918155773519817,3.8207642448271497,1,1.0,5.640979369980772,23333.74951414323,,,0.0,1000.0,True,,5,TCGA-78-7145-01,TCGA-78-7145,Female,Stage IV,52,1:DECEASED,27.14,1,IV,matched
TCGA-78-7145,TCGA-78-7145-01Z-00-DX1.ecde66bf-2de8-4e31-b3ab-4fed4f055dda,5,TCGA-78-7145-01,140.80921181005235,85.31951075380762,1955963.3068047198,1955.9633068047199,0.6059227919612336,22.925158495677728,1.714608668200246,0.0361457835929449,0.6385848323482662,1.4239958691172858,1214,0.33994630716594476,8.62159502488837,3174.4375,122.45002880081492,13.67707631300382,0.9764104620662653,1000.0,True,,6,TCGA-78-7145-01,TCGA-78-7145,Female,Stage IV,52,1:DECEASED,27.14,1,IV,matched
TCGA-78-7145,TCGA-78-7145-01Z-00-DX1.ecde66bf-2de8-4e31-b3ab-4fed4f055dda,6,TCGA-78-7145-01,0.26752153449546484,0.02902603125,3807.087751575089,3.807087751575089,0.10849979350164077,131.16115388923825,1.320694753915179,0.19948414451548271,0.7059817390323786,1.6174378364441353,6,0.4579649897851323,22.428101017421888,2452.640625,118.63232570104361,1.75,0.5278785201623832,1000.0,True,,7,TCGA-78-7145-01,TCGA-78-7145,Female,Stage IV,52,1:DECEASED,27.14,1,IV,matched
TCGA-78-7145,TCGA-78-7145-01Z-00-DX1.ecde66bf-2de8-4e31-b3ab-4fed4f055dda,7,TCGA-78-7145-01,0.9077760752517161,0.14188840625,14531.65326113889,14.53165326113889,0.156303311045795,102.41607221618145,1.466948572726099,0.12357168576177813,0.5966499860190295,1.5907453582855755,16,0.41599240125024983,17.62549205272168,3838.1875,125.15113939966488,15.084084959114804,0.7868991886792147,1000.0,True,,8,TCGA-78-7145-01,TCGA-78-7145,Female,Stage IV,52,1:DECEASED,27.14,1,IV,matched
TCGA-78-7145,TCGA-78-7145-01Z-00-DX1.ecde66bf-2de8-4e31-b3ab-4fed4f055dda,8,TCGA-78-7145-01,0.20552147718262162,0.01778904754771513,3948.085680019969,3.948085680019969,0.0865556621700816,221.93912683802296,1.335713881262803,0.14037186822534176,0.5230991285967048,1.8853166664823373,7,0.28587011498018955,34.05970069872533,1591.15625,94.55595235097577,18.031222920256962,0.654603053015006,1000.0,True,,9,TCGA-78-7145-01,TCGA-78-7145,Female,Stage IV,52,1:DECEASED,27.14,1,IV,matched
TCGA-78-7145,TCGA-78-7145-01Z-00-DX1.ecde66bf-2de8-4e31-b3ab-4fed4f055dda,9,TCGA-78-7145-01,4.503249400430589,0.98167575,174920.2592952018,174.9202592952018,0.2179927564984819,178.1853726092366,1.7660283881766676,0.06246623447219458,0.45196805647036575,2.0549272350561134,149,0.1420149255053932,33.08721919460046,2337.96875,85.75184491455563,6.96419413859206,0.8712649123570679,1000.0,True,,10,TCGA-78-7145-01,TCGA-78-7145,Female,Stage IV,52,1:DECEASED,27.14,1,IV,matched
TCGA-78-7146,TCGA-78-7146-01Z-00-DX1.830209b2-94c5-4277-a7b6-b2f2634de0dc,1,TCGA-78-7146-01,0.3341691915818827,0.030103397581424267,4173.9259387065995,4.173925938706599,0.09008429962954236,138.65298517939317,1.270042152392966,0.19444696256338362,0.6920174552038267,2.3227787425148136,8,0.32276290297573246,23.939968738978532,3589.96875,124.2140289983382,39.01602234979881,0.637492700321807,1000.0,True,,2,TCGA-78-7146-01,TCGA-78-7146,Female,Stage IIIA,71,1:DECEASED,5.68,1,III,matched
TCGA-78-7146,TCGA-78-7146-01Z-00-DX1.830209b2-94c5-4277-a7b6-b2f2634de0dc,2,TCGA-78-7146-01,127.3965373530962,84.64615516573882,1680078.858056467,1680.078858056467,0.6644305797035198,19.84825955493005,1.7438815756972068,0.05508571764675951,0.5379208393474366,1.6835025238203145,853,0.6359214761324291,6.695629392467699,6660.875,146.43472575263698,9.199184746487049,0.9766678345857016,1000.0,True,,3,TCGA-78-7146-01,TCGA-78-7146,Female,Stage IIIA,71,1:DECEASED,5.68,1,III,matched
TCGA-78-7147,TCGA-78-7147-01Z-00-DX1.a9fd2c5d-b8f3-4524-bd64-6c3362ce373b,1,TCGA-78-7147-01,188.24950992431522,54.87752802718197,4115287.3346968084,4115.287334696808,0.29151485201340077,74.99039192615275,1.7658361710982242,0.18487198291406215,0.6241669388024824,1.9435905201757646,4241,0.026592774529231852,22.52861110610632,4548.71875,106.64824263085632,13.5,0.9833436781934517,1000.0,True,,2,TCGA-78-7147-01,TCGA-78-7147,Female,Stage IIB,67,1:DECEASED,19.25,1,II,matched
TCGA-78-7147,TCGA-78-7147-01Z-00-DX1.a9fd2c5d-b8f3-4524-bd64-6c3362ce373b,2,TCGA-78-7147-01,0.2006374771826213,0.017586867104864533,1696.2850114570872,1.696285011457087,0.08765494538618464,96.45180129824794,1.2936114800300689,0.18825850223081034,0.6504599761880379,2.9209599643944415,2,0.8188002070525552,9.96822741236718,8722.93353259203,106.26384101024205,44.20477915339019,0.10899390243902439,1000.0,True,,3,TCGA-78-7147-01,TCGA-78-7147,Female,Stage IIB,67,1:DECEASED,19.25,1,II,matched
TCGA-78-7147,TCGA-78-7147-01Z-00-DX1.a9fd2c5d-b8f3-4524-bd64-6c3362ce373b,3,TCGA-78-7147-01,4.977922153233588,0.8859554608565221,110911.37887876302,110.91137887876302,0.1779769617893719,125.1884364159078,,0.19277121400395042,0.587975274810836,1.8920031833659126,116,0.07012204760791481,23.30289555143968,3635.859375,107.03482202068633,14.75,0.9058571350239714,1000.0,True,,4,TCGA-78-7147-01,TCGA-78-7147,Female,Stage IIB,67,1:DECEASED,19.25,1,II,matched
TCGA-78-7147,TCGA-78-7147-01Z-00-DX1.a9fd2c5d-b8f3-4524-bd64-6c3362ce373b,4,TCGA-78-7147-01,0.1893140267840554,0.03443662596477887,1280.9973231173549,1.2809973231173548,0.18190213662329235,37.19868852504698,1.071088157180511,0.5551432198214462,0.9381583233081179,1.564100476364794,2,0.6819503487115443,10.564457552220034,17190.515625,196.28010318483635,26.754672489118605,0.18817230444679584,1000.0,True,,5,TCGA-78-7147-01,TCGA-78-7147,Female,Stage IIB,67,1:DECEASED,19.25,1,II,matched
TCGA-78-7147,TCGA-78-7147-01Z-00-DX1.a9fd2c5d-b8f3-4524-bd64-6c3362ce373b,5,TCGA-78-7147-01,0.35560223677491626,0.04960075,3679.713382904373,3.6797133829043727,0.13948379641772485,74.18664804270848,1.2474235460345104,0.10717113973429285,0.6586400587102225,6.761726031235967,3,0.9280562004591045,8.436392378203443,2427.46875,144.00439446419682,26.632921356847056,0.2671310632521911,1000.0,True,,6,TCGA-78-7147-01,TCGA-78-7147,Female,Stage IIB,67,1:DECEASED,19.25,1,II,matched
TCGA-78-7147,TCGA-78-7147-01Z-00-DX1.a9fd2c5d-b8f3-4524-bd64-6c3362ce373b,6,TCGA-78-7147-01,0.3389449727552992,0.05051284375,5677.82490835247,5.67782490835247,0.14902962961621402,112.40358860913408,1.4635461911623981,0.23064382029536487,0.6704767335033675,2.217691949034721,6,0.4326383900278158,17.701988470947732,3715.265625,145.29368157717664,27.17606022487377,0.5786385012984108,1000.0,True,,7,TCGA-78-7147-01,TCGA-78-7147,Female,Stage IIB,67,1:DECEASED,19.25,1,II,matched
TCGA-78-7147,TCGA-78-7147-01Z-00-DX1.a9fd2c5d-b8f3-4524-bd64-6c3362ce373b,7,TCGA-78-7147-01,0.33123540476380864,0.04462629321206,4110.012591192677,4.110012591192677,0.13472682137913763,92.09845352071433,1.2976908151089244,0.35575006770591594,0.7957325129481656,2.202327539049248,10,0.25506921880982614,30.19000945001824,2881.078125,83.8408448178341,20.09042060286444,0.5930572837398709,1000.0,True,,8,TCGA-78-7147-01,TCGA-78-7147,Female,Stage IIB,67,1:DECEASED,19.25,1,II,matched
TCGA-78-7147,TCGA-78-7147-01Z-00-DX1.a9fd2c5d-b8f3-4524-bd64-6c3362ce373b,8,TCGA-78-7147-01,22.989199343639577,4.335617147938803,602634.5968895206,602.6345968895206,0.18859365579159845,138.99626658133764,1.5725852242585456,0.1910792536363311,0.5860597611569538,2.120433017742454,686,0.013349795114113258,29.840099680974564,3612.771560296055,95.94171407682896,11.799008507012648,0.9775674629216289,1000.0,True,,9,TCGA-78-7147-01,TCGA-78-7147,Female,Stage IIB,67,1:DECEASED,19.25,1,II,matched
TCGA-78-7147,TCGA-78-7147-01Z-00-DX1.a9fd2c5d-b8f3-4524-bd64-6c3362ce373b,9,TCGA-78-7147-01,0.5789679550697455,0.10404918878675659,5965.467559158564,5.965467559158563,0.17971493564652,57.33314818421582,1.2439119156427285,0.4635247826476179,0.8758250056060511,1.8879320261133556,12,0.20990211442241977,20.726535717429158,8623.485018378295,176.32821845921316,70.30283814113984,0.7148404920767306,1000.0,True,,10,TCGA-78-7147-01,TCGA-78-7147,Female,Stage IIB,67,1:DECEASED,19.25,1,II,matched
TCGA-78-7147,TCGA-78-7147-01Z-00-DX1.a9fd2c5d-b8f3-4524-bd64-6c3362ce373b,10,TCGA-78-7147-01,0.26562736106385554,0.030456329588050553,4943.439854271863,4.943439854271863,0.11465810399226532,162.31239683626902,,0.20358300396036752,0.5948614797333501,2.5146022445138554,6,0.34851035590570745,22.588034515607106,3756.3835440252756,122.72404575408196,28.64000698323937,0.5073079542450194,1000.0,True,,11,TCGA-78-7147-01,TCGA-78-7147,Female,Stage IIB,67,1:DECEASED,19.25,1,II,matched
TCGA-78-7147,TCGA-78-7147-01Z-00-DX1.a9fd2c5d-b8f3-4524-bd64-6c3362ce373b,11,TCGA-78-7147-01,5.782301568602028,1.4251440448662103,89048.41769197703,89.04841769197702,0.24646657182405718,62.483801558695575,1.6103972897092738,0.23544819791021995,0.6693422445807049,1.8602922493050449,96,0.07486854238948192,16.602385548564474,6396.40625,143.98634104056538,23.61489335831361,0.9038042806285977,1000.0,True,,12,TCGA-78-7147-01,TCGA-78-7147,Female,Stage IIB,67,1:DECEASED,19.25,1,II,matched
TCGA-78-7147,TCGA-78-7147-01Z-00-DX1.a9fd2c5d-b8f3-4524-bd64-6c3362ce373b,12,TCGA-78-7147-01,0.24187908217805154,0.01766696875,3337.682159984083,3.337682159984083,0.07304049854544688,188.92217489115572,1.3259632609073302,0.06687750792136196,0.41055850033364727,1.7837153474366836,3,0.6124702605573862,12.402891448842386,4648.9375,198.67114198154195,6.373774391990981,0.48551610769929965,1000.0,True,,13,TCGA-78-7147-01,TCGA-78-7147,Female,Stage IIB,67,1:DECEASED,19.25,1,II,matched
TCGA-78-7153,TCGA-78-7153-01Z-00-DX1.5190321a-f1aa-4c6e-b4b9-6767b779682b,1,TCGA-78-7153-01,344.6608584810433,210.93598422562536,4155175.1830962636,4155.175183096264,0.6120102675866429,19.69874982853436,1.8195618999297163,0.03912678349632486,0.5614335807942162,1.8121586661140627,1383,0.2585641151328761,4.012640153265522,5632.375,167.32458165194976,11.404494727957044,0.988436768196637,1000.0,True,,2,TCGA-78-7153-01,TCGA-78-7153,Female,Stage IB,65,0:LIVING,119.42,0,I,matched
TCGA-78-7153,TCGA-78-7153-01Z-00-DX1.5190321a-f1aa-4c6e-b4b9-6767b779682b,2,TCGA-78-7153-01,6.559289280014228,3.9519453874320694,73619.08004641219,73.61908004641218,0.6024959745979518,18.62856715594672,1.5637963610940795,0.040604988963337176,0.6636356671630137,2.3057765574299474,29,0.8732064977502834,4.421210707745625,4925.9375,139.41049155730713,11.739356881873896,0.5651886466353527,1000.0,True,,3,TCGA-78-7153-01,TCGA-78-7153,Female,Stage IB,65,0:LIVING,119.42,0,I,matched
TCGA-78-7153,TCGA-78-7153-01Z-00-DX1.5190321a-f1aa-4c6e-b4b9-6767b779682b,3,TCGA-78-7153-01,0.19270330100463526,0.02053478125,2385.3785527528803,2.38537855275288,0.10656164758436629,116.16284214144625,1.2446319280804794,0.11511799471991666,0.613632112861534,1.4284444227731576,2,0.7472790773878504,10.378649403374217,9775.234375,180.32775065488394,0.7905694150420949,0.26250557252843837,1000.0,True,,4,TCGA-78-7153-01,TCGA-78-7153,Female,Stage IB,65,0:LIVING,119.42,0,I,matched
TCGA-78-7153,TCGA-78-7153-01Z-00-DX1.5190321a-f1aa-4c6e-b4b9-6767b779682b,4,TCGA-78-7153-01,0.8465646449411898,0.1288545625,22967.50021026096,22.967500210260962,0.15220876901722186,178.24359312275777,1.6089930512017334,0.05080009322253709,0.4189366608904192,2.0713882284134724,17,0.26655259243516166,20.08115989911317,2267.5625,97.3010992037089,7.850159234053791,0.5972980100428729,1000.0,True,,5,TCGA-78-7153-01,TCGA-78-7153,Female,Stage IB,65,0:LIVING,119.42,0,I,matched
TCGA-78-7153,TCGA-78-7153-01Z-00-DX1.5190321a-f1aa-4c6e-b4b9-6767b779682b,5,TCGA-78-7153-01,0.23698999976967755,0.01756815625,2943.962859894075,2.943962859894075,0.07413036949691501,167.57380899854388,1.295795919100033,0.1699152849780218,0.6970125523750856,2.01915068689857,3,0.5734689196802968,12.658761985381648,3256.5625,85.04651760213348,6.051859218455102,0.2082456912122872,1000.0,True,,6,TCGA-78-7153-01,TCGA-78-7153,Female,Stage IB,65,0:LIVING,119.42,0,I,matched
TCGA-78-7158,TCGA-78-7158-01Z-00-DX1.74db3dcd-2715-4ce7-8e48-30c8b7946ba0,1,TCGA-78-7158-01,253.88319107361957,135.54083457996248,5096782.259872772,5096.782259872772,0.5338708482699792,37.60329701132184,,0.05648673742861331,0.5758979118676254,2.399345623992635,2826,0.28638012354534675,11.131103197692726,3168.296875,114.16465803657579,7.846177413237608,0.9842424921722107,1000.0,True,,2,TCGA-78-7158-01,TCGA-78-7158,Female,Stage IIIB,59,1:DECEASED,5.88,1,III,matched
TCGA-78-7158,TCGA-78-7158-01Z-00-DX1.74db3dcd-2715-4ce7-8e48-30c8b7946ba0,2,TCGA-78-7158-01,0.22183992758118712,0.0273025625,2773.2773080412517,2.773277308041252,0.12307325736034619,101.57571502825978,1.2841952919258035,0.14561783678512896,0.6212067166175832,1.9237973134700865,3,0.47838391219821585,13.523264421829948,9730.53125,115.58467202120703,18.25171224844398,0.34169793621013134,1000.0,True,,3,TCGA-78-7158-01,TCGA-78-7158,Female,Stage IIIB,59,1:DECEASED,5.88,1,III,matched
TCGA-78-7158,TCGA-78-7158-01Z-00-DX1.74db3dcd-2715-4ce7-8e48-30c8b7946ba0,3,TCGA-78-7158-01,0.30104208217805134,0.0407930625,4821.56471735032,4.82156471735032,0.13550617975022158,118.1957034324236,1.3791502045345156,0.09934540681371792,0.5344303045865009,2.0768898427049978,3,0.5488055092282226,9.965384169199474,11867.125,156.79406527751615,4.138236339311712,0.3545806257222022,1000.0,True,,4,TCGA-78-7158-01,TCGA-78-7158,Female,Stage IIIB,59,1:DECEASED,5.88,1,III,matched
TCGA-78-7158,TCGA-78-7158-01Z-00-DX1.74db3dcd-2715-4ce7-8e48-30c8b7946ba0,4,TCGA-78-7158-01,0.5859194104179268,0.120030625,12341.471713899507,12.341471713899507,0.20485859124275144,102.81935725902873,1.5291327776453671,0.06904127671732027,0.6101034936461692,1.590478122380101,11,0.773973254177895,18.77391293822111,2293.75,73.96367351612547,10.845505981741931,0.5716587895775012,1000.0,True,,5,TCGA-78-7158-01,TCGA-78-7158,Female,Stage IIIB,59,1:DECEASED,5.88,1,III,matched
TCGA-78-7158,TCGA-78-7158-01Z-00-DX1.74db3dcd-2715-4ce7-8e48-30c8b7946ba0,5,TCGA-78-7158-01,0.6183442013595223,0.025102871866001856,7798.749267806052,7.798749267806052,0.04059692289635681,310.67159604030445,1.1813529717550861,0.08194350502814529,0.44245258007471294,3.0886900836488165,6,0.27733703880543414,9.703333494206143,2064.1875,94.215916623146,11.916638114455413,0.5010626950264281,1000.0,True,,6,TCGA-78-7158-01,TCGA-78-7158,Female,Stage IIIB,59,1:DECEASED,5.88,1,III,matched
TCGA-78-7158,TCGA-78-7158-01Z-00-DX1.74db3dcd-2715-4ce7-8e48-30c8b7946ba0,6,TCGA-78-7158-01,0.6133530806849721,0.0920111875,10830.51734907317,10.83051734907317,0.15001341054200787,117.70870090197641,1.4182789686601367,0.11789201543098315,0.574946273543459,2.4807327188489423,13,0.4590234701547583,21.194969764368082,2012.40625,168.55006674575955,13.209844813622906,0.8196843212963592,1000.0,True,,7,TCGA-78-7158-01,TCGA-78-7158,Female,Stage IIIB,59,1:DECEASED,5.88,1,III,matched
TCGA-78-7158,TCGA-78-7158-01Z-00-DX1.74db3dcd-2715-4ce7-8e48-30c8b7946ba0,7,TCGA-78-7158-01,0.2363217729843224,0.0213218125,4336.439825669301,4.336439825669301,0.09022364816725749,203.38045021591395,1.4278138902372577,0.0669522034932583,0.46603968729951617,1.8897981252448899,2,0.6936524628192722,8.463037386456474,8944.90625,244.9471881855352,54.71859830076059,0.25023457507874364,1000.0,True,,8,TCGA-78-7158-01,TCGA-78-7158,Female,Stage IIIB,59,1:DECEASED,5.88,1,III,matched
TCGA-78-7159,TCGA-78-7159-01Z-00-DX1.399d865f-f4f9-4602-b15b-908be0afe459,1,TCGA-78-7159-01,165.6102318408784,145.3369712771654,739990.7457041505,739.9907457041505,0.8775844925862311,5.091551992596217,1.5769456088064022,0.008420283382310986,0.8195939474748503,1.2141328295832348,161,0.9800470311055715,0.9721621557458598,5062.25,167.2623780920264,13.372079120316332,0.9713964470770169,1000.0,True,,2,TCGA-78-7159-01,TCGA-78-7159,Female,Stage IA,60,0:LIVING,64.85,0,I,matched
TCGA-78-7159,TCGA-78-7159-01Z-00-DX1.399d865f-f4f9-4602-b15b-908be0afe459,2,TCGA-78-7159-01,0.16154952802031267,0.015795873928207204,1777.4469089658319,1.7774469089658318,0.09777728305229766,112.526025280044,1.1724531913594205,0.1938670088931646,0.6905836281183773,2.283385723546963,2,0.7355974716954786,12.380104259719825,7409.334878763713,193.7139583412873,77.5197555465702,0.263638652267857,1000.0,True,,3,TCGA-78-7159-01,TCGA-78-7159,Female,Stage IA,60,0:LIVING,64.85,0,I,matched
TCGA-78-7159,TCGA-78-7159-01Z-00-DX1.399d865f-f4f9-4602-b15b-908be0afe459,3,TCGA-78-7159-01,0.35587740476380797,0.03593907058141863,4276.7825995492885,4.276782599549288,0.10098722228591896,119.00092379574468,1.2280525333502608,0.1973751905205817,0.7074347994411511,2.469643047951703,6,0.4298395433822813,16.85973854952139,4598.21875,174.91454386714102,59.17030505245008,0.6456460038665625,1000.0,True,,4,TCGA-78-7159-01,TCGA-78-7159,Female,Stage IA,60,0:LIVING,64.85,0,I,matched
TCGA-78-7159,TCGA-78-7159-01Z-00-DX1.399d865f-f4f9-4602-b15b-908be0afe459,4,TCGA-78-7159-01,0.2243967344967637,0.03688142314817681,3700.906296176011,3.700906296176011,0.16435810989356764,100.34608158440766,1.3040720098190688,0.18567813590628815,0.7522594925433282,1.5602474569206373,4,0.5496991005890202,17.825571343408694,6691.0,124.85497242258485,34.420553584385665,0.4756258774133725,1000.0,True,,5,TCGA-78-7159-01,TCGA-78-7159,Female,Stage IA,60,0:LIVING,64.85,0,I,matched
TCGA-78-7161,TCGA-78-7161-01Z-00-DX1.646cf15a-5961-4728-b9fe-fe3fff11831f,1,TCGA-78-7161-01,1.5718225502348442,0.22598144387543934,34799.08087337917,34.79908087337917,0.14377032817201643,153.99087764285804,,0.13990378512454876,0.6509426697200513,1.9725832036357263,38,0.1257127346267654,24.175756986259337,2977.71875,93.69606782037334,16.84941445030056,0.8423523044481926,1000.0,True,,2,TCGA-78-7161-01,TCGA-78-7161,Female,Stage IIB,69,1:DECEASED,9.56,1,II,matched
TCGA-78-7161,TCGA-78-7161-01Z-00-DX1.646cf15a-5961-4728-b9fe-fe3fff11831f,2,TCGA-78-7161-01,0.42620409557007966,0.1050055375603556,9222.20253627209,9.222202536272091,0.2463738350986583,87.82586852594615,1.4624645889167607,0.07897943685208553,0.645290576833696,1.8513702431995183,8,0.7251980335918679,18.770349893750797,3318.046875,101.51291622491668,11.680006618130788,0.5271430455928912,1000.0,True,,3,TCGA-78-7161-01,TCGA-78-7161,Female,Stage IIB,69,1:DECEASED,9.56,1,II,matched
TCGA-78-7161,TCGA-78-7161-01Z-00-DX1.646cf15a-5961-4728-b9fe-fe3fff11831f,3,TCGA-78-7161-01,0.4568242660314858,0.11497097052710924,12111.533164255916,12.111533164255915,0.25167439445781337,105.34427176467221,1.4639424892168365,0.07069245941027867,0.6108859164678299,1.705141014314035,7,0.7094639004030779,15.323179000122417,3611.65625,168.0810932444515,19.4164878389476,0.5663045067610952,1000.0,True,,4,TCGA-78-7161-01,TCGA-78-7161,Female,Stage IIB,69,1:DECEASED,9.56,1,II,matched
TCGA-78-7161,TCGA-78-7161-01Z-00-DX1.646cf15a-5961-4728-b9fe-fe3fff11831f,4,TCGA-78-7161-01,0.20180077298432247,0.03518303125,2853.5684155913787,2.8535684155913787,0.1743453740523249,81.10638322533333,1.2845200229362392,0.09524000524588984,0.6893808258890295,1.7015482444017715,1,1.0,4.955382406179822,33292.03125,,,0.0,1000.0,True,,5,TCGA-78-7161-01,TCGA-78-7161,Female,Stage IIB,69,1:DECEASED,9.56,1,II,matched
TCGA-78-7161,TCGA-78-7161-01Z-00-DX1.646cf15a-5961-4728-b9fe-fe3fff11831f,5,TCGA-78-7161-01,43.99306785225785,19.786722602495406,1030473.6979599504,1030.4736979599504,0.44976910155357336,52.07904910083452,1.7102536609134875,0.0402125129472548,0.5888745999045003,1.7731114762247095,537,0.2892706343010942,12.206468569171168,3284.34375,125.7542245811249,11.163556780883054,0.9634380955121725,1000.0,True,,6,TCGA-78-7161-01,TCGA-78-7161,Female,Stage IIB,69,1:DECEASED,9.56,1,II,matched
TCGA-78-7161,TCGA-78-7161-01Z-00-DX1.646cf15a-5961-4728-b9fe-fe3fff11831f,6,TCGA-78-7161-01,106.37668806884814,38.347093353854966,2459960.0439307704,2459.9600439307706,0.3604839937208453,64.1498436721404,1.7014972986816987,0.09847960863484091,0.5893180033086448,2.262624366732735,1482,0.045447405568611494,13.931623806908085,4829.0625,134.55952541099182,11.884864324004713,0.9731556544843418,1000.0,True,,7,TCGA-78-7161-01,TCGA-78-7161,Female,Stage IIB,69,1:DECEASED,9.56,1,II,matched
TCGA-78-7161,TCGA-78-7161-01Z-00-DX1.646cf15a-5961-4728-b9fe-fe3fff11831f,7,TCGA-78-7161-01,0.22183992758118717,0.0372538125,3602.0331880577396,3.6020331880577396,0.1679310523862579,96.68898151183157,1.422470594422427,0.10990484101367765,0.557552783981099,1.2249706012717143,3,0.5286874481968231,13.523264421829944,14481.09375,120.3539052129178,0.3535533905932738,0.23770366636248563,1000.0,True,,8,TCGA-78-7161-01,TCGA-78-7161,Female,Stage IIB,69,1:DECEASED,9.56,1,II,matched
TCGA-78-7161,TCGA-78-7161-01Z-00-DX1.646cf15a-5961-4728-b9fe-fe3fff11831f,8,TCGA-78-7161-01,7.392162612226113,1.4709315423456815,135392.8339130945,135.3928339130945,0.19898527934340415,92.04563911736147,1.4968901373856105,0.12889877346764145,0.6354040703071809,2.072949011207001,127,0.08246220360232355,17.18035799022481,3900.65625,126.9694845228569,17.961764946686056,0.9568685546411237,1000.0,True,,9,TCGA-78-7161-01,TCGA-78-7161,Female,Stage IIB,69,1:DECEASED,9.56,1,II,matched
TCGA-78-7161,TCGA-78-7161-01Z-00-DX1.646cf15a-5961-4728-b9fe-fe3fff11831f,9,TCGA-78-7161-01,1.1728795024901162,0.22212124143225892,27809.720431403068,27.80972043140307,0.18938112650163796,125.20063480684396,1.5256121381175443,0.19625232111392907,0.6161202849155395,1.8964764028143464,27,0.17915001168847075,23.020267591578556,4703.375,107.59503430107729,18.601075237738275,0.8493911925844704,1000.0,True,,10,TCGA-78-7161-01,TCGA-78-7161,Female,Stage IIB,69,1:DECEASED,9.56,1,II,matched
TCGA-78-7161,TCGA-78-7161-01Z-00-DX1.646cf15a-5961-4728-b9fe-fe3fff11831f,10,TCGA-78-7161-01,0.17876770419829865,0.02402590893560499,1601.9196632677738,1.6019196632677737,0.13439736804447727,66.67467472557604,,0.21440378580138666,0.5981874186242334,2.3328934997424655,2,0.9375113588020775,11.187703108730945,11780.641023515718,280.35151623675944,54.0,0.23225813041346624,1000.0,True,,11,TCGA-78-7161-01,TCGA-78-7161,Female,Stage IIB,69,1:DECEASED,9.56,1,II,matched
TCGA-78-7539,TCGA-78-7539-01Z-00-DX1.b838d859-2fb7-48d1-a442-d366ac404099,1,TCGA-78-7539-01,2.3671121996924875,0.34311887599738483,35476.01140440481,35.47601140440481,0.14495251895620306,103.39277109509766,1.3839544252510942,0.2239414722167431,0.6523477224923012,1.993447533102878,38,0.18392681469359232,16.053315937003998,3088.234873692413,92.8093012916809,10.931076874737062,0.8606742855608079,1000.0,True,,2,TCGA-78-7539-01,TCGA-78-7539,Female,Stage IIA,75,0:LIVING,25.99,0,II,matched
TCGA-78-7539,TCGA-78-7539-01Z-00-DX1.b838d859-2fb7-48d1-a442-d366ac404099,2,TCGA-78-7539-01,2.197280409512125,0.36178846875,9506.430210242634,9.506430210242634,0.1646528441175744,26.276211187957145,1.169819265908432,0.29459808868608645,0.7566701585999034,1.7570165990200481,8,0.44481899025139376,3.6408643909842557,38154.484375,238.76482283828997,76.40762396515154,0.722814270604784,1000.0,True,,3,TCGA-78-7539-01,TCGA-78-7539,Female,Stage IIA,75,0:LIVING,25.99,0,II,matched
TCGA-78-7539,TCGA-78-7539-01Z-00-DX1.b838d859-2fb7-48d1-a442-d366ac404099,3,TCGA-78-7539-01,81.52282288857204,47.93532093269331,1642826.862244071,1642.826862244071,0.5879987865264776,34.271740133977374,1.6624530997469893,0.02652220490294741,0.6150401423440705,1.2797880106748005,736,0.6994584074368747,9.028146645583998,3480.859375,127.82898172273568,9.501644452187053,0.987614816154402,1000.0,True,,4,TCGA-78-7539-01,TCGA-78-7539,Female,Stage IIA,75,0:LIVING,25.99,0,II,matched
TCGA-78-7539,TCGA-78-7539-01Z-00-DX1.b838d859-2fb7-48d1-a442-d366ac404099,4,TCGA-78-7539-01,0.18831647718262118,0.034513277371978526,898.3933048631767,0.8983933048631767,0.18327274324757595,26.03036782570484,1.0343060988744477,0.537357175172325,0.9449731484096637,1.7779305668054344,1,1.0,5.310209785998934,34513.277371978525,,,0.0,1000.0,True,,5,TCGA-78-7539-01,TCGA-78-7539,Female,Stage IIA,75,0:LIVING,25.99,0,II,matched
TCGA-78-7539,TCGA-78-7539-01Z-00-DX1.b838d859-2fb7-48d1-a442-d366ac404099,5,TCGA-78-7539-01,0.36576239137178074,0.046056875,5320.538851436374,5.320538851436374,0.12592020417207217,115.52105633385622,1.4210087046409954,0.02418572610779148,0.2937460064560565,1.9224343472791807,1,1.0,2.734015370605847,44248.0625,,,0.0,1000.0,True,,6,TCGA-78-7539-01,TCGA-78-7539,Female,Stage IIA,75,0:LIVING,25.99,0,II,matched
TCGA-78-7539,TCGA-78-7539-01Z-00-DX1.b838d859-2fb7-48d1-a442-d366ac404099,6,TCGA-78-7539-01,0.3078057729843223,0.06139378286932504,5145.085942649608,5.145085942649608,0.19945624240274418,83.80467373383361,1.3704843353064307,0.1555674694622493,0.5565164265611926,1.7888261276237736,5,0.4929771438208952,16.244009823216242,8615.375,193.51312132514425,19.78004044485248,0.7731540735400151,1000.0,True,,7,TCGA-78-7539-01,TCGA-78-7539,Female,Stage IIA,75,0:LIVING,25.99,0,II,matched
TCGA-78-7539,TCGA-78-7539-01Z-00-DX1.b838d859-2fb7-48d1-a442-d366ac404099,7,TCGA-78-7539-01,0.20180077298432253,0.019588044981920766,2947.2028906176793,2.947202890617679,0.09706625347486908,150.45926703445227,1.3251919153975207,0.03689151556227163,0.4086617881108273,2.1427213621371988,1,1.0,4.955382406179821,18547.83835700308,,,0.0,1000.0,True,,8,TCGA-78-7539-01,TCGA-78-7539,Female,Stage IIA,75,0:LIVING,25.99,0,II,matched
TCGA-78-7539,TCGA-78-7539-01Z-00-DX1.b838d859-2fb7-48d1-a442-d366ac404099,8,TCGA-78-7539-01,0.6526468685544013,0.0911247279120611,14123.570583043358,14.123570583043358,0.1396233281773042,154.99163516486055,1.4860344652509179,0.19911531497035456,0.528795719946416,1.710869933151072,14,0.23529261105995183,21.45111035468491,4488.265625,132.13158624094876,29.9193921487249,0.7296645220588235,1000.0,True,,9,TCGA-78-7539-01,TCGA-78-7539,Female,Stage IIA,75,0:LIVING,25.99,0,II,matched
TCGA-78-7539,TCGA-78-7539-01Z-00-DX1.b838d859-2fb7-48d1-a442-d366ac404099,9,TCGA-78-7539-01,38.68062220814322,7.235344215982183,602466.2601019306,602.4662601019306,0.18705345992234235,83.26711793077382,,0.20378667339299822,0.6336720435993936,1.9984753071886519,546,0.024546350472172067,14.115595066230698,6076.65625,141.2999928216633,20.699480638869826,0.9645971483716081,1000.0,True,,10,TCGA-78-7539-01,TCGA-78-7539,Female,Stage IIA,75,0:LIVING,25.99,0,II,matched
TCGA-78-7539,TCGA-78-7539-01Z-00-DX1.b838d859-2fb7-48d1-a442-d366ac404099,10,TCGA-78-7539-01,1.540860162257946,0.2227257039181949,18227.349084176727,18.227349084176726,0.1445463445507067,81.8376539551603,1.3709900133919455,0.17940716515572233,0.6056519043214391,2.0226801755083677,23,0.29631992301027915,14.926727657295165,3601.84375,122.90928120467551,17.681204710086924,0.8055957472934532,1000.0,True,,11,TCGA-78-7539-01,TCGA-78-7539,Female,Stage IIA,75,0:LIVING,25.99,0,II,matched
TCGA-78-7539,TCGA-78-7539-01Z-00-DX1.b838d859-2fb7-48d1-a442-d366ac404099,11,TCGA-78-7539-01,0.2724582016992844,0.10233797454975672,2290.2196826305817,2.290219682630582,0.3756098143182654,22.378981924418262,1.0941379373590068,0.5987945750987984,0.9046803959479427,1.0223744528044902,2,0.8994808867819251,7.340575499384032,50141.68267980371,275.0410985635897,50.38352905464245,0.31561694481095304,1000.0,True,,12,TCGA-78-7539-01,TCGA-78-7539,Female,Stage IIA,75,0:LIVING,25.99,0,II,matched
TCGA-78-7539,TCGA-78-7539-01Z-00-DX1.b838d859-2fb7-48d1-a442-d366ac404099,12,TCGA-78-7539-01,0.5765660097592383,0.10004344880425435,4526.677253350354,4.526677253350353,0.17351603651771003,45.24711320385685,1.1834869985474439,0.23718074066435435,0.679347232291375,2.6377960364974715,3,0.7431233276360735,5.203220358502812,14424.78125,248.81237440338452,40.0827269531403,0.41580799053756023,1000.0,True,,13,TCGA-78-7539-01,TCGA-78-7539,Female,Stage IIA,75,0:LIVING,25.99,0,II,matched
TCGA-78-7539,TCGA-78-7539-01Z-00-DX1.b838d859-2fb7-48d1-a442-d366ac404099,13,TCGA-78-7539-01,0.659023107689889,0.1279307603410656,16858.97599705817,16.85897599705817,0.1941218127988084,131.78203547068625,1.5083024109985235,0.14612343153938015,0.49913395086222195,2.8344449490326364,9,0.43947384442027926,13.656577280800075,7787.0,104.74112432564394,13.268854509715599,0.7571160602927083,1000.0,True,,14,TCGA-78-7539-01,TCGA-78-7539,Female,Stage IIA,75,0:LIVING,25.99,0,II,matched
TCGA-78-7540,TCGA-78-7540-01Z-00-DX1.25c29857-0d5f-4e52-be0c-32c6686b653f,1,TCGA-78-7540-01,1.6224747498355692,0.18252119507350334,38461.56079852833,38.461560798528325,0.11249555353141925,210.72380543552447,1.522341446485053,0.20961355427377654,0.6644269440397641,1.932072430115106,41,0.10713851975350475,25.270038873736045,2238.96875,97.3547796720839,18.950593658247225,0.8327119822107842,1000.0,True,,2,TCGA-78-7540-01,TCGA-78-7540,Female,Stage IB,66,1:DECEASED,39.32,1,I,matched
TCGA-78-7540,TCGA-78-7540-01Z-00-DX1.25c29857-0d5f-4e52-be0c-32c6686b653f,2,TCGA-78-7540-01,34.39958006025109,7.554177327365769,941253.2966096305,941.2532966096304,0.2196008589097477,124.60037087027933,1.7315750723135488,0.1471390063669184,0.6255440198749064,1.7593961748009252,1047,0.029215720719322123,30.436418065748846,2704.0,100.15277392563823,14.142135623730951,0.959525319333707,1000.0,True,,3,TCGA-78-7540-01,TCGA-78-7540,Female,Stage IB,66,1:DECEASED,39.32,1,I,matched
TCGA-78-7540,TCGA-78-7540-01Z-00-DX1.25c29857-0d5f-4e52-be0c-32c6686b653f,3,TCGA-78-7540-01,0.22039338807823322,0.03850111599444599,3684.6344721465734,3.6846344721465734,0.17469269985894142,95.7020173825118,,0.08092708847387159,0.5936217074622352,1.4593139016848582,2,0.9454941452213615,9.07468240059025,17971.979872222997,153.50127238886327,69.00407596656882,0.14458255159474673,1000.0,True,,4,TCGA-78-7540-01,TCGA-78-7540,Female,Stage IB,66,1:DECEASED,39.32,1,I,matched
TCGA-78-7540,TCGA-78-7540-01Z-00-DX1.25c29857-0d5f-4e52-be0c-32c6686b653f,4,TCGA-78-7540-01,28.760614041217398,8.54546678674166,814485.6906918113,814.4856906918112,0.29712393394991443,95.31201876010921,1.6801103840948977,0.09935169377606742,0.5831516252176951,1.6962370672684894,688,0.10297499341695762,23.921603308399945,3430.3125,107.27629339700361,9.956153875869939,0.9549065013234252,1000.0,True,,5,TCGA-78-7540-01,TCGA-78-7540,Female,Stage IB,66,1:DECEASED,39.32,1,I,matched
TCGA-78-7540,TCGA-78-7540-01Z-00-DX1.25c29857-0d5f-4e52-be0c-32c6686b653f,5,TCGA-78-7540-01,0.206576265263453,0.04091478125,3197.7349378327067,3.1977349378327067,0.1980613852119949,78.15598275580923,1.3070939672078685,0.18532272578643086,0.7539988116299633,1.45670519012364,3,0.5526060108475479,14.522481545370223,13308.21875,127.32563137974223,11.68866972756096,0.29600055497838657,1000.0,True,,6,TCGA-78-7540-01,TCGA-78-7540,Female,Stage IB,66,1:DECEASED,39.32,1,I,matched
TCGA-78-7540,TCGA-78-7540-01Z-00-DX1.25c29857-0d5f-4e52-be0c-32c6686b653f,6,TCGA-78-7540-01,1.9160209096367473,0.19098867304625516,44007.07485351369,44.007074853513686,0.099679848004615,230.41719779295863,1.4696375683541048,0.19093206921111835,0.5683314041254213,1.8663473218218138,48,0.06028109290960503,25.05191867091898,2110.593087918626,89.44955799666108,17.596110732414513,0.8334404637810504,1000.0,True,,7,TCGA-78-7540-01,TCGA-78-7540,Female,Stage IB,66,1:DECEASED,39.32,1,I,matched
TCGA-78-8648,TCGA-78-8648-01Z-00-DX1.D3EAEF8E-E739-490F-BF48-A4796B0C0E7A,1,TCGA-78-8648-01,0.41657563633248285,0.08693947252323128,10096.776924300588,10.096776924300588,0.20870032940150632,116.13570489057898,1.5221358943551822,0.10244362285293533,0.6793063199103225,1.7409024201546868,7,0.6357505082568666,16.80367114511965,2856.5625,125.4649477941947,7.754031209635412,0.5112754130807503,1000.0,True,,2,TCGA-78-8648-01,TCGA-78-8648,Female,Stage IIB,58,1:DECEASED,39.72,1,II,matched
TCGA-78-8648,TCGA-78-8648-01Z-00-DX1.D3EAEF8E-E739-490F-BF48-A4796B0C0E7A,2,TCGA-78-8648-01,0.7834842793773531,0.1211065986641473,17068.10854654434,17.06810854654434,0.15457438247566696,140.9345876674945,,0.08805062491213075,0.5818729919377276,2.004930732782718,13,0.5157397815306618,16.592547345469775,3112.8125,110.08015545501378,3.824264635194589,0.5587816627301648,1000.0,True,,3,TCGA-78-8648-01,TCGA-78-8648,Female,Stage IIB,58,1:DECEASED,39.72,1,II,matched
TCGA-78-8648,TCGA-78-8648-01Z-00-DX1.D3EAEF8E-E739-490F-BF48-A4796B0C0E7A,3,TCGA-78-8648-01,0.511886745747429,0.0783491875,7270.201369064286,7.270201369064286,0.15305961357838796,92.7923007378256,1.3590300313457406,0.13137231276261385,0.688884516361804,2.4914719628202517,7,0.37539643350152274,13.674899883916673,4562.90625,119.84918908778648,29.49682186270243,0.5580876118753344,1000.0,True,,4,TCGA-78-8648-01,TCGA-78-8648,Female,Stage IIB,58,1:DECEASED,39.72,1,II,matched
TCGA-78-8648,TCGA-78-8648-01Z-00-DX1.D3EAEF8E-E739-490F-BF48-A4796B0C0E7A,4,TCGA-78-8648-01,166.0989995439021,70.53354801321802,4542102.988262417,4542.102988262417,0.42464763910016873,64.39634920125137,,0.054945347986969914,0.5726755930292096,2.3542173946686606,2353,0.08883959129131765,14.166250287245541,4840.0,124.25982418404591,9.724325169388361,0.9788844522731706,1000.0,True,,5,TCGA-78-8648-01,TCGA-78-8648,Female,Stage IIB,58,1:DECEASED,39.72,1,II,matched
TCGA-78-8648,TCGA-78-8648-01Z-00-DX1.D3EAEF8E-E739-490F-BF48-A4796B0C0E7A,5,TCGA-78-8648-01,10.709042385690866,2.69642148515273,218860.95683264476,218.86095683264477,0.25178922522107255,81.1671906776281,,0.14481499549925816,0.616946847149378,2.204663997349562,230,0.05619497076238436,21.477177110375415,4382.84375,113.03435594986155,16.09444636565039,0.9387627437670976,1000.0,True,,6,TCGA-78-8648-01,TCGA-78-8648,Female,Stage IIB,58,1:DECEASED,39.72,1,II,matched
TCGA-78-8648,TCGA-78-8648-01Z-00-DX1.D3EAEF8E-E739-490F-BF48-A4796B0C0E7A,6,TCGA-78-8648-01,0.6224191906529398,0.0939195625,21831.06330601529,21.83106330601529,0.1508943874328088,232.44426107729464,,0.038556976343093866,0.6076028789641524,1.2719795416869504,10,0.4270378167243895,16.06634266772791,2521.140625,149.47659318713153,6.838317397782424,0.7092441834096785,1000.0,True,,7,TCGA-78-8648-01,TCGA-78-8648,Female,Stage IIB,58,1:DECEASED,39.72,1,II,matched
TCGA-78-8648,TCGA-78-8648-01Z-00-DX1.D3EAEF8E-E739-490F-BF48-A4796B0C0E7A,7,TCGA-78-8648-01,1.5498804061023872,0.23554999619241673,30580.709395158752,30.580709395158753,0.15197946581231633,129.82683035230406,,0.03408212305602453,0.5780555884699303,2.0362810505818456,12,0.6685597146993175,7.742532877215601,3654.140625,122.84831696127925,3.508962648597276,0.7582075200493978,1000.0,True,,8,TCGA-78-8648-01,TCGA-78-8648,Female,Stage IIB,58,1:DECEASED,39.72,1,II,matched
TCGA-78-8648,TCGA-78-8648-01Z-00-DX1.D3EAEF8E-E739-490F-BF48-A4796B0C0E7A,8,TCGA-78-8648-01,0.21752963995534774,0.03458894740839148,4274.3396960273585,4.274339696027359,0.15900797434083716,123.57530414442097,,0.2620458417988635,0.8188317249945811,2.087872743826367,9,0.35927976829999675,41.37367212048633,1567.34375,70.11653246560329,20.0,0.681660659334397,1000.0,True,,9,TCGA-78-8648-01,TCGA-78-8648,Female,Stage IIB,58,1:DECEASED,39.72,1,II,matched
TCGA-78-8648,TCGA-78-8648-01Z-00-DX1.D3EAEF8E-E739-490F-BF48-A4796B0C0E7A,9,TCGA-78-8648-01,0.3165949275811871,0.07744715625,5191.513725170493,5.191513725170493,0.24462538563615988,67.03298063536701,1.301281512560719,0.0656555488963212,0.7811986777089162,1.0104123356446846,1,1.0,3.1586103025720824,75200.40625,,,0.0,1000.0,True,,10,TCGA-78-8648-01,TCGA-78-8648,Female,Stage IIB,58,1:DECEASED,39.72,1,II,matched
TCGA-78-8655,TCGA-78-8655-01Z-00-DX1.DC81D146-A4A6-411E-A5DC-C0689A8D445F,1,TCGA-78-8655-01,0.36832938124150266,0.05943696875,3688.566936294927,3.688566936294927,0.16136906740825258,62.05846317313965,1.3279392494483584,0.25407473729491126,0.7622387145873862,2.81361380187691,5,0.630231701483103,13.574806286554827,7434.4375,107.66041809783204,45.8046122131822,0.48939116550858724,1000.0,True,,2,TCGA-78-8655-01,TCGA-78-8655,Female,Stage IA,77,0:LIVING,77.53,0,I,matched
TCGA-78-8655,TCGA-78-8655-01Z-00-DX1.DC81D146-A4A6-411E-A5DC-C0689A8D445F,2,TCGA-78-8655-01,0.522697628407941,0.11157491405839831,9658.624267635787,9.658624267635787,0.21345976716641865,86.56627118332767,1.4918135196568465,0.23347009212782568,0.7444960539644536,1.8381586560190177,15,0.24813264893800036,28.697279621657675,5764.6875,110.2706896686513,10.644834428021884,0.758289871892813,1000.0,True,,3,TCGA-78-8655-01,TCGA-78-8655,Female,Stage IA,77,0:LIVING,77.53,0,I,matched
TCGA-78-8655,TCGA-78-8655-01Z-00-DX1.DC81D146-A4A6-411E-A5DC-C0689A8D445F,3,TCGA-78-8655-01,55.25637099757664,18.53594610565003,1328395.4985569937,1328.3954985569937,0.3354535553278183,71.66591286926968,,0.1149288277891949,0.5684341210062478,2.014115379221084,823,0.048250773491624786,14.894210118071165,6224.96875,133.45089218510304,11.739356881873896,0.9735772874497264,1000.0,True,,4,TCGA-78-8655-01,TCGA-78-8655,Female,Stage IA,77,0:LIVING,77.53,0,I,matched
TCGA-78-8655,TCGA-78-8655-01Z-00-DX1.DC81D146-A4A6-411E-A5DC-C0689A8D445F,4,TCGA-78-8655-01,0.2510409763859707,0.04475250648242198,2701.2171672532672,2.7012171672532674,0.1782677359158126,60.359014043476186,1.1767593299274743,0.20082073460406402,0.7774242936818822,2.7009583950758187,3,0.8725855832408933,11.950240328047311,3009.2739732981486,89.5838605468104,5.062114182829147,0.2992748593128444,1000.0,True,,5,TCGA-78-8655-01,TCGA-78-8655,Female,Stage IA,77,0:LIVING,77.53,0,I,matched
TCGA-78-8655,TCGA-78-8655-01Z-00-DX1.DC81D146-A4A6-411E-A5DC-C0689A8D445F,5,TCGA-78-8655-01,140.0863543262457,41.43802889219018,3967367.5680631767,3967.367568063177,0.2958034641667209,95.74218837447903,,0.0921004952928571,0.525410872778793,1.8884351557189456,2707,0.0307960679238891,19.32379504784381,4133.875,114.83400043649964,9.5818839483684,0.9769887665984198,1000.0,True,,6,TCGA-78-8655-01,TCGA-78-8655,Female,Stage IA,77,0:LIVING,77.53,0,I,matched
TCGA-78-8655,TCGA-78-8655-01Z-00-DX1.DC81D146-A4A6-411E-A5DC-C0689A8D445F,6,TCGA-78-8655-01,0.2191173271387537,0.0290810625,2911.070201260124,2.911070201260124,0.13271913672799016,100.10192032220708,1.3828022866672072,0.08422511744831614,0.5842801896181227,3.3881135032935585,2,0.9005657990363651,9.1275301050634,14512.109375,85.28921385497699,2.3717082451262845,0.11741722703441987,1000.0,True,,7,TCGA-78-8655-01,TCGA-78-8655,Female,Stage IA,77,0:LIVING,77.53,0,I,matched
TCGA-78-8655,TCGA-78-8655-01Z-00-DX1.DC81D146-A4A6-411E-A5DC-C0689A8D445F,7,TCGA-78-8655-01,0.29344021410094345,0.04497119564617545,6623.128009415719,6.623128009415719,0.15325505327877575,147.27489261182183,1.3467878443486818,0.2255295886553926,0.6043750027601095,1.8706217879797613,7,0.31393134399926076,23.854944426914845,5202.663908197027,115.40370715449309,12.20911544707478,0.6961574326123919,1000.0,True,,8,TCGA-78-8655-01,TCGA-78-8655,Female,Stage IA,77,0:LIVING,77.53,0,I,matched
TCGA-78-8655,TCGA-78-8655-01Z-00-DX1.DC81D146-A4A6-411E-A5DC-C0689A8D445F,8,TCGA-78-8655-01,0.21238153263634305,0.035436519146980705,1833.3002258383844,1.8333002258383844,0.1668531096235095,51.7347716414914,1.0974072787662381,0.419407322300246,0.8872422955389623,1.5795816363772248,3,0.6693043402229433,14.12552194515351,10094.079763557196,190.72936692143136,81.43248737451165,0.40446597825353253,1000.0,True,,9,TCGA-78-8655-01,TCGA-78-8655,Female,Stage IA,77,0:LIVING,77.53,0,I,matched
TCGA-78-8655,TCGA-78-8655-01Z-00-DX1.DC81D146-A4A6-411E-A5DC-C0689A8D445F,9,TCGA-78-8655-01,0.2361062876756408,0.035864773854665764,3283.0214704391856,3.2830214704391856,0.1519009688718508,91.53888670099859,1.2020953750743792,0.22702527771071712,0.6384337959097656,1.8135537511343962,3,0.5189735881776505,12.706141922494474,10179.34375,199.20623735214718,76.66159403508382,0.47679457619507304,1000.0,True,,10,TCGA-78-8655-01,TCGA-78-8655,Female,Stage IA,77,0:LIVING,77.53,0,I,matched
TCGA-78-8655,TCGA-78-8655-01Z-00-DX1.DC81D146-A4A6-411E-A5DC-C0689A8D445F,10,TCGA-78-8655-01,51.6796287457383,11.18751594697186,1171132.6854367561,1171.1326854367562,0.21647825687785008,104.68210199546114,,0.12376014568205146,0.5595695813374757,2.146630780441337,1020,0.04487092367179706,19.73698389008093,3673.140625,117.57896885883248,11.917513278725728,0.980666145339607,1000.0,True,,11,TCGA-78-8655-01,TCGA-78-8655,Female,Stage IA,77,0:LIVING,77.53,0,I,matched
TCGA-78-8655,TCGA-78-8655-01Z-00-DX1.DC81D146-A4A6-411E-A5DC-C0689A8D445F,11,TCGA-78-8655-01,0.290259194109779,0.03510538605849174,4811.732268021921,4.811732268021921,0.12094495806122345,137.06535686588748,1.3423706301902558,0.16194300744545842,0.5786939288671253,1.9763493470750686,7,0.26942743220664733,24.116376473341024,4342.555793803674,86.15631234129047,6.264982043070834,0.6715674246944842,1000.0,True,,12,TCGA-78-8655-01,TCGA-78-8655,Female,Stage IA,77,0:LIVING,77.53,0,I,matched
TCGA-78-8655,TCGA-78-8655-01Z-00-DX1.DC81D146-A4A6-411E-A5DC-C0689A8D445F,12,TCGA-78-8655-01,1.5244659724418668,0.2858952229783579,40341.84845096683,40.34184845096683,0.18753794977818708,141.10710920839935,1.543225501409429,0.0657975216794126,0.46583774546148016,2.511382488948294,28,0.28448304255203566,18.36708756125925,3439.140625,146.29206210793745,7.25,0.8142890179724429,1000.0,True,,13,TCGA-78-8655-01,TCGA-78-8655,Female,Stage IA,77,0:LIVING,77.53,0,I,matched
TCGA-78-8655,TCGA-78-8655-01Z-00-DX1.DC81D146-A4A6-411E-A5DC-C0689A8D445F,13,TCGA-78-8655-01,0.3474386825042599,0.08319491738849243,3698.477584116192,3.698477584116192,0.2394520863043866,44.45557132830049,1.1463870173743183,0.47044444121476525,0.9329183940975481,1.8950546534114108,5,0.3825683390301556,14.391028552034346,18643.755932016516,236.0229150024421,71.0,0.61911397502023,1000.0,True,,14,TCGA-78-8655-01,TCGA-78-8655,Female,Stage IA,77,0:LIVING,77.53,0,I,matched
TCGA-78-8655,TCGA-78-8655-01Z-00-DX1.DC81D146-A4A6-411E-A5DC-C0689A8D445F,14,TCGA-78-8655-01,0.9724809765947477,0.15607358052928058,20379.324335737998,20.379324335737998,0.16049011166860036,130.57510609180062,,0.07138932303562268,0.49285104021621723,2.8692272499655336,16,0.2405819277690824,16.452763997529093,3268.078125,145.09242743851246,11.718041645257966,0.7942799475023863,1000.0,True,,15,TCGA-78-8655-01,TCGA-78-8655,Female,Stage IA,77,0:LIVING,77.53,0,I,matched
TCGA-78-8655,TCGA-78-8655-01Z-00-DX1.DC81D146-A4A6-411E-A5DC-C0689A8D445F,15,TCGA-78-8655-01,0.41467661382453785,0.07286756170385165,8148.875322901984,8.148875322901985,0.17572141585655976,111.83131605282257,1.3778860269623057,0.10488140136685921,0.5657793399675396,1.5156258163792384,6,0.7251465206078574,14.469106286612972,4255.731408991744,191.51151493540124,4.7762432936357,0.7735221758758681,1000.0,True,,16,TCGA-78-8655-01,TCGA-78-8655,Female,Stage IA,77,0:LIVING,77.53,0,I,matched
TCGA-78-8655,TCGA-78-8655-01Z-00-DX1.DC81D146-A4A6-411E-A5DC-C0689A8D445F,16,TCGA-78-8655-01,0.5150613271387539,0.1251745625,9273.450719150464,9.273450719150464,0.2430284626402923,74.08414724158084,1.4244242971164487,0.18546807896075584,0.7383117857919779,1.3875577820617384,11,0.4890768468026954,21.356680108574096,4242.09375,122.7240934983836,13.75,0.5146103896103896,1000.0,True,,17,TCGA-78-8655-01,TCGA-78-8655,Female,Stage IA,77,0:LIVING,77.53,0,I,matched
TCGA-78-8662,TCGA-78-8662-01Z-00-DX1.754A4C57-B5FA-4077-99E4-F6EFA6459410,1,TCGA-78-8662-01,0.756220613824537,0.10437526672764809,11547.12559049645,11.54712559049645,0.1380222448575911,110.63086066766158,1.404253412490585,0.08118049852048452,0.5156929418376996,2.2726635721002957,9,0.5220300821832843,11.901288903621763,4514.90625,116.60699552878464,9.962429422585638,0.57508146156943,1000.0,True,,2,TCGA-78-8662-01,TCGA-78-8662,Female,Stage IB,53,1:DECEASED,110.41,1,I,matched
TCGA-78-8662,TCGA-78-8662-01Z-00-DX1.754A4C57-B5FA-4077-99E4-F6EFA6459410,2,TCGA-78-8662-01,76.41452436604885,33.52639439687269,1360856.5783414429,1360.8565783414429,0.4387437424365955,40.59060339838937,,0.0508255761738448,0.5738998633064427,2.015600953893014,735,0.2680811218528098,9.618590262750653,3950.03125,137.10876157270184,11.858541225631422,0.9649480764615088,1000.0,True,,3,TCGA-78-8662-01,TCGA-78-8662,Female,Stage IB,53,1:DECEASED,110.41,1,I,matched
TCGA-78-8662,TCGA-78-8662-01Z-00-DX1.754A4C57-B5FA-4077-99E4-F6EFA6459410,3,TCGA-78-8662-01,1.648740772451032,0.3618459375,22140.03870275882,22.14003870275882,0.2194680592280597,61.18636803199931,1.3964693864973072,0.12095121368899768,0.5329822219243923,1.633199021251299,15,0.5316984258376295,9.097852282564029,5612.3125,158.36098990913135,11.52443057161611,0.8641001480483934,1000.0,True,,4,TCGA-78-8662-01,TCGA-78-8662,Female,Stage IB,53,1:DECEASED,110.41,1,I,matched
TCGA-78-8662,TCGA-78-8662-01Z-00-DX1.754A4C57-B5FA-4077-99E4-F6EFA6459410,4,TCGA-78-8662-01,0.42806293539593393,0.08165696875,8662.243089359077,8.662243089359077,0.19075925990759265,106.0808798313258,,0.04611287161915653,0.5351268986791324,1.8880406503605203,4,0.7852196178719532,9.344420339266765,7411.09375,215.66491428832018,14.832649057647997,0.5511363636363636,1000.0,True,,5,TCGA-78-8662-01,TCGA-78-8662,Female,Stage IB,53,1:DECEASED,110.41,1,I,matched
TCGA-78-8662,TCGA-78-8662-01Z-00-DX1.754A4C57-B5FA-4077-99E4-F6EFA6459410,5,TCGA-78-8662-01,0.230621059504079,0.01282128125,2143.604166135222,2.143604166135222,0.0555945813342915,167.1911039417548,,0.1884912858457416,0.5451545189229955,3.7464624933220234,4,0.5195690908718537,17.34446979214078,2058.453125,108.82628838409298,9.61075782735324,0.4137324681817216,1000.0,True,,6,TCGA-78-8662-01,TCGA-78-8662,Female,Stage IB,53,1:DECEASED,110.41,1,I,matched
TCGA-78-8662,TCGA-78-8662-01Z-00-DX1.754A4C57-B5FA-4077-99E4-F6EFA6459410,6,TCGA-78-8662-01,91.60970172456102,49.78618918682186,1441554.7424185541,1441.554742418554,0.5434597891881786,28.954912315323906,,0.025229043980068443,0.5628439938944054,1.4019955570349758,704,0.5380571549300931,7.6847755941470774,3073.890625,125.45641673505584,10.905725086725884,0.9754283706105044,1000.0,True,,7,TCGA-78-8662-01,TCGA-78-8662,Female,Stage IB,53,1:DECEASED,110.41,1,I,matched
TCGA-78-8662,TCGA-78-8662-01Z-00-DX1.754A4C57-B5FA-4077-99E4-F6EFA6459410,7,TCGA-78-8662-01,0.2557539538780248,0.03787021583866526,4239.923810929555,4.239923810929555,0.14807284604767626,111.95932521199465,1.3234266342841279,0.1972335312989471,0.6551649907941002,1.8266911838325994,4,0.44282039775827825,15.640031910934585,8243.79876733957,133.34630973100477,24.172178435381085,0.4612960973359733,1000.0,True,,8,TCGA-78-8662-01,TCGA-78-8662,Female,Stage IB,53,1:DECEASED,110.41,1,I,matched
TCGA-78-8662,TCGA-78-8662-01Z-00-DX1.754A4C57-B5FA-4077-99E4-F6EFA6459410,8,TCGA-78-8662-01,0.4449903046308084,0.08003826961732935,8881.58580591863,8.88158580591863,0.17986519882435206,110.96673939082324,1.5260628715825093,0.04008780195144838,0.4253167166687582,1.4423530324844558,3,0.955792714434037,6.741719917895709,1954.09375,168.60252815423618,12.0,0.32661440514292017,1000.0,True,,9,TCGA-78-8662-01,TCGA-78-8662,Female,Stage IB,53,1:DECEASED,110.41,1,I,matched
TCGA-80-5608,TCGA-80-5608-01Z-00-DX1.CB85BA53-AF00-4C7D-8489-C2FF0F4F49AB,1,TCGA-80-5608-01,1.7529167338058478,0.56984265625,47431.0774453289,47.431077445328896,0.3250825582643536,83.23539300736387,1.627168036550905,0.0405908699912979,0.5010386790509025,1.5042547475424384,19,0.2677813471069568,10.83907731244491,3456.40625,136.2890569020492,3.092329219213245,0.666114423400876,1000.0,True,,2,TCGA-80-5608-01,TCGA-80-5608,Female,Stage IA,,0:LIVING,93.04,0,I,matched
TCGA-80-5608,TCGA-80-5608-01Z-00-DX1.CB85BA53-AF00-4C7D-8489-C2FF0F4F49AB,2,TCGA-80-5608-01,9.450624005560586,5.311101326340351,203110.68294888453,203.11068294888452,0.5619841952463022,38.24266766321313,,0.030429298403666448,0.5736113148048055,1.2061968443666218,96,0.8905492070725465,10.158059398354567,1980.6875,112.79475275915986,8.741062299143245,0.9022741636874361,1000.0,True,,3,TCGA-80-5608-01,TCGA-80-5608,Female,Stage IA,,0:LIVING,93.04,0,I,matched
TCGA-86-7714,TCGA-86-7714-01Z-00-DX1.8ee03c3b-013e-4dd5-aa0e-9c1a771cbdc5,1,TCGA-86-7714-01,139.01358293238036,102.4464951422908,1607823.5163045942,1607.8235163045942,0.7369531306312946,15.694275475910066,1.5862254741172759,0.01578817152553148,0.6381238046320686,1.6578302805197123,768,0.8603982007406348,5.524639994162111,3868.828125,124.14672833486189,9.738764885476972,0.972624264653583,1000.0,True,,2,TCGA-86-7714-01,TCGA-86-7714,Female,Stage IIIA,61,1:DECEASED,20.53,1,III,matched
TCGA-86-7714,TCGA-86-7714-01Z-00-DX1.8ee03c3b-013e-4dd5-aa0e-9c1a771cbdc5,2,TCGA-86-7714-01,0.520997458783104,0.11553763647012096,11950.08289422657,11.95008289422657,0.22176238006991955,103.43021771366222,,0.2142822540408606,0.7647831176119954,1.888631586549708,16,0.24481810366427886,30.710322536642057,3672.296875,94.68952182647106,8.742847649146144,0.762992560345524,1000.0,True,,3,TCGA-86-7714-01,TCGA-86-7714,Female,Stage IIIA,61,1:DECEASED,20.53,1,III,matched
TCGA-86-7714,TCGA-86-7714-01Z-00-DX1.8ee03c3b-013e-4dd5-aa0e-9c1a771cbdc5,3,TCGA-86-7714-01,0.2952657580992152,0.03430813905609643,3003.612947839618,3.003612947839618,0.11619410011156191,87.54811629183621,1.1902501161063925,0.4081423271210918,0.7819618332439372,1.6150992360872527,5,0.38293607566656995,16.933897219195664,5198.271622232573,158.50004929021316,37.5,0.5728357919254659,1000.0,True,,4,TCGA-86-7714-01,TCGA-86-7714,Female,Stage IIIA,61,1:DECEASED,20.53,1,III,matched
TCGA-86-7714,TCGA-86-7714-01Z-00-DX1.8ee03c3b-013e-4dd5-aa0e-9c1a771cbdc5,4,TCGA-86-7714-01,0.5260463913717809,0.0683916875,9219.519261645357,9.219519261645356,0.13001075308520554,134.80467581159414,1.4219813103365584,0.14641975753706526,0.6684257732139981,1.8026923455233381,13,0.28281988451623924,24.71264932756151,2255.6875,98.03379519329036,17.365554986812256,0.6784700079417761,1000.0,True,,5,TCGA-86-7714-01,TCGA-86-7714,Female,Stage IIIA,61,1:DECEASED,20.53,1,III,matched
TCGA-86-7714,TCGA-86-7714-01Z-00-DX1.8ee03c3b-013e-4dd5-aa0e-9c1a771cbdc5,5,TCGA-86-7714-01,0.5345379982765984,0.10973703125,8744.702721457186,8.744702721457186,0.205293228177983,79.68780111733874,1.386460942786542,0.1189361158291446,0.6039884051876994,1.5021896744616123,8,0.6953698106747506,14.966195155054953,2876.03125,126.47959377602635,19.89655711206686,0.7783382336862378,1000.0,True,,6,TCGA-86-7714-01,TCGA-86-7714,Female,Stage IIIA,61,1:DECEASED,20.53,1,III,matched
TCGA-86-7953,TCGA-86-7953-01Z-00-DX1.847865ce-df59-4677-bac2-ee88a258fe4e,1,TCGA-86-7953-01,0.9766611870639076,0.199275299904961,15315.048962704026,15.315048962704026,0.2040372880016184,76.85372432011457,1.4359741619406368,0.1898845514416065,0.6921351312291308,2.1774967941774195,17,0.27357845150701243,17.40624100268214,5145.28125,116.9085012146251,6.490377492873585,0.8015466159941138,1000.0,True,,2,TCGA-86-7953-01,TCGA-86-7953,Female,Stage IA,69,0:LIVING,32.75,0,I,matched
TCGA-86-7953,TCGA-86-7953-01Z-00-DX1.847865ce-df59-4677-bac2-ee88a258fe4e,2,TCGA-86-7953-01,1.1259830986333053,0.3858208950424634,10986.678951257607,10.986678951257607,0.34265247454492415,28.476111823980954,1.3248066503674272,0.07086343818445578,0.5497820102196698,4.1810022287295485,5,0.9544534348040594,4.440563988987841,5873.125,310.24325763221674,13.287682265918312,0.6726466457203262,1000.0,True,,3,TCGA-86-7953-01,TCGA-86-7953,Female,Stage IA,69,0:LIVING,32.75,0,I,matched
TCGA-86-7953,TCGA-86-7953-01Z-00-DX1.847865ce-df59-4677-bac2-ee88a258fe4e,3,TCGA-86-7953-01,0.9001207524356367,0.19873958485392115,16555.045200446162,16.555045200446163,0.22079213740617767,83.30019010865178,1.4734946240205047,0.16913388897463635,0.611673840613678,2.003799064657124,20,0.4810435637382855,22.21924108057947,2189.609375,92.50346277302272,7.044501401802686,0.7765214685361265,1000.0,True,,4,TCGA-86-7953-01,TCGA-86-7953,Female,Stage IA,69,0:LIVING,32.75,0,I,matched
TCGA-86-7953,TCGA-86-7953-01Z-00-DX1.847865ce-df59-4677-bac2-ee88a258fe4e,4,TCGA-86-7953-01,0.2742392367749162,0.035402205961317997,3102.1176090405465,3.1021176090405467,0.12909241718162529,87.6249805571454,1.1657625569741041,0.43022596145346653,0.8138651404692903,1.3800541605499534,4,0.5438982505639357,14.585804887150516,5948.34375,154.28276458115158,33.430286271259725,0.5429930124223602,1000.0,True,,5,TCGA-86-7953-01,TCGA-86-7953,Female,Stage IA,69,0:LIVING,32.75,0,I,matched
TCGA-86-7953,TCGA-86-7953-01Z-00-DX1.847865ce-df59-4677-bac2-ee88a258fe4e,5,TCGA-86-7953-01,2.992641568740973,0.8568240467336696,38431.4845536897,38.4314845536897,0.28631028041695683,44.85341500416074,1.4649381285457828,0.13955133629017674,0.5918664738250247,2.2829282234762207,28,0.3287923407408821,9.356282520589264,5292.448741992998,200.81471866030773,24.56954977091904,0.8213841327415685,1000.0,True,,6,TCGA-86-7953-01,TCGA-86-7953,Female,Stage IA,69,0:LIVING,32.75,0,I,matched
TCGA-86-7953,TCGA-86-7953-01Z-00-DX1.847865ce-df59-4677-bac2-ee88a258fe4e,6,TCGA-86-7953-01,0.8670195976084486,0.20261878583422946,10225.030505428183,10.225030505428183,0.23369573928100915,50.46437556779009,1.411171585558581,0.1693136451183131,0.6190790978397238,1.87964852366166,9,0.6548575139592295,10.380388199788369,9428.90625,215.3630655428177,17.651133108103853,0.7800459307087108,1000.0,True,,7,TCGA-86-7953-01,TCGA-86-7953,Female,Stage IA,69,0:LIVING,32.75,0,I,matched
TCGA-86-7953,TCGA-86-7953-01Z-00-DX1.847865ce-df59-4677-bac2-ee88a258fe4e,7,TCGA-86-7953-01,0.8499290919372887,0.170628375,12110.73351110155,12.11073351110155,0.20075601202340027,70.97725399483849,1.3949282399345626,0.1235803729745245,0.5794639321487436,2.3322578332980055,9,0.49219022556190306,10.589118651634596,5472.40625,158.22077139238073,35.0,0.7817992146890268,1000.0,True,,8,TCGA-86-7953-01,TCGA-86-7953,Female,Stage IA,69,0:LIVING,32.75,0,I,matched
TCGA-86-7953,TCGA-86-7953-01Z-00-DX1.847865ce-df59-4677-bac2-ee88a258fe4e,8,TCGA-86-7953-01,0.6319230287959244,0.15994611625475802,8872.396090992012,8.872396090992012,0.2531101241230625,55.47115677920113,1.3938715508572583,0.1973110981944096,0.6592992153468268,1.3723513547548263,7,0.47238825668519935,11.077298469938505,11275.875,176.3478894826927,10.914439976471536,0.6662456020193428,1000.0,True,,9,TCGA-86-7953-01,TCGA-86-7953,Female,Stage IA,69,0:LIVING,32.75,0,I,matched
TCGA-86-7953,TCGA-86-7953-01Z-00-DX1.847865ce-df59-4677-bac2-ee88a258fe4e,9,TCGA-86-7953-01,0.9542710831937513,0.21284038452276205,10579.386930641987,10.579386930641988,0.2230397507283031,49.705731148548004,1.3438212768375029,0.20548675066319255,0.6314219473022336,1.8839969763039064,8,0.4881460839958164,8.383362066495431,19299.805553784347,243.69804265738975,45.04573306646677,0.7581791321440587,1000.0,True,,10,TCGA-86-7953-01,TCGA-86-7953,Female,Stage IA,69,0:LIVING,32.75,0,I,matched
TCGA-86-7953,TCGA-86-7953-01Z-00-DX1.847865ce-df59-4677-bac2-ee88a258fe4e,10,TCGA-86-7953-01,6.2360185581001435,3.15519618666714,66898.26473004876,66.89826473004877,0.5059632451812969,21.20256895997138,1.5133895153221522,0.07614806245389376,0.6450493502239358,3.2603127012392368,30,0.4568632730013785,4.810761821905122,5401.171875,189.66775517841592,16.307957991121732,0.869598083039112,1000.0,True,,11,TCGA-86-7953-01,TCGA-86-7953,Female,Stage IA,69,0:LIVING,32.75,0,I,matched
TCGA-86-7953,TCGA-86-7953-01Z-00-DX1.847865ce-df59-4677-bac2-ee88a258fe4e,11,TCGA-86-7953-01,0.17482499181090613,0.035159923604961583,1464.3383445071247,1.4643383445071247,0.20111497355590438,41.647938742975114,1.1321976016903375,0.3640885038292824,0.802359508425623,1.0103280163407518,1,1.0,5.720005987940318,32806.54860496159,,,0.0,1000.0,True,,12,TCGA-86-7953-01,TCGA-86-7953,Female,Stage IA,69,0:LIVING,32.75,0,I,matched
TCGA-86-7953,TCGA-86-7953-01Z-00-DX1.847865ce-df59-4677-bac2-ee88a258fe4e,12,TCGA-86-7953-01,0.35198975140320127,0.053038232645038416,3975.39063317552,3.97539063317552,0.15068118441972356,74.95330132474554,1.2322264298728338,0.2730186983535461,0.7733902560579325,1.9125291371601787,5,0.4153393673510826,14.204959036641219,8931.09375,115.6949281785939,28.231188426986208,0.3785878177573938,1000.0,True,,13,TCGA-86-7953-01,TCGA-86-7953,Female,Stage IA,69,0:LIVING,32.75,0,I,matched
TCGA-86-7953,TCGA-86-7953-01Z-00-DX1.847865ce-df59-4677-bac2-ee88a258fe4e,13,TCGA-86-7953-01,0.29527594097321486,0.05637440625,2981.186164597436,2.981186164597436,0.1909210959219798,52.8819079952161,1.2364019121687915,0.2664041252692194,0.713489396481759,1.6525196445524175,3,0.5426726282009374,10.15998794250608,24106.4375,196.81276794202148,58.25,0.3843149207717872,1000.0,True,,14,TCGA-86-7953-01,TCGA-86-7953,Female,Stage IA,69,0:LIVING,32.75,0,I,matched
TCGA-86-7953,TCGA-86-7953-01Z-00-DX1.847865ce-df59-4677-bac2-ee88a258fe4e,14,TCGA-86-7953-01,1.0948147524356358,0.34399290625,12578.356617113917,12.578356617113917,0.3142019282117989,36.56574420163327,1.3992140053087165,0.15279540222894772,0.7021071907133498,2.6774072113801792,8,0.5944178794417145,7.3071722701967525,15518.0,177.10025409355006,36.95168140032723,0.7857607877216843,1000.0,True,,15,TCGA-86-7953-01,TCGA-86-7953,Female,Stage IA,69,0:LIVING,32.75,0,I,matched
TCGA-86-7953,TCGA-86-7953-01Z-00-DX1.847865ce-df59-4677-bac2-ee88a258fe4e,15,TCGA-86-7953-01,1.2691288847005346,0.21467447579047588,14523.451018714084,14.523451018714084,0.16915104397858752,67.6533666391206,1.2962097439087743,0.3027444211936068,0.7957204949144818,1.520759567285443,19,0.5112787775946959,14.970898723562868,3057.84375,117.80969824254707,45.25069060246484,0.7214300008720405,1000.0,True,,16,TCGA-86-7953-01,TCGA-86-7953,Female,Stage IA,69,0:LIVING,32.75,0,I,matched
TCGA-86-7953,TCGA-86-7953-01Z-00-DX1.847865ce-df59-4677-bac2-ee88a258fe4e,16,TCGA-86-7953-01,2.3169845033971184,0.81622434375,25031.457660583044,25.031457660583044,0.35227872372614816,30.667374542617033,1.3978943001316044,0.088172078968943,0.5516549585180961,1.766111963780486,13,0.7182534499971408,5.610741021763266,3588.46875,207.55511316274527,19.6596032513375,0.8582199984999801,1000.0,True,,17,TCGA-86-7953-01,TCGA-86-7953,Female,Stage IA,69,0:LIVING,32.75,0,I,matched
TCGA-86-7953,TCGA-86-7953-01Z-00-DX1.847865ce-df59-4677-bac2-ee88a258fe4e,17,TCGA-86-7953-01,1.102542397837472,0.39935588846094744,13739.059240136534,13.739059240136534,0.3622136339103554,34.40304659857309,1.4153871456577831,0.06600987252582291,0.6037449093918957,2.191770178902778,4,0.9003460385509214,3.6279783959742544,17450.28125,169.72583827775765,9.428028827476819,0.3958179203047241,1000.0,True,,18,TCGA-86-7953-01,TCGA-86-7953,Female,Stage IA,69,0:LIVING,32.75,0,I,matched
TCGA-86-7953,TCGA-86-7953-01Z-00-DX1.847865ce-df59-4677-bac2-ee88a258fe4e,18,TCGA-86-7953-01,0.873375273589154,0.20854025,7282.70894501517,7.28270894501517,0.23877507905965722,34.92231808974608,1.2864290218744991,0.170163211158341,0.700517952678722,1.425063164668495,4,0.5800126702804904,4.579932728759215,42812.109375,294.0099472455137,123.26445567302572,0.5048189343829437,1000.0,True,,19,TCGA-86-7953-01,TCGA-86-7953,Female,Stage IA,69,0:LIVING,32.75,0,I,matched
TCGA-86-7953,TCGA-86-7953-01Z-00-DX1.847865ce-df59-4677-bac2-ee88a258fe4e,19,TCGA-86-7953-01,0.23515847718262167,0.06980205002489255,2053.9691272660925,2.0539691272660927,0.29682982668188057,29.425627564428464,1.1528864258700222,0.2934191237051551,0.8990314025501761,1.8122382945641815,2,0.9604941918754499,8.504902838126565,34850.492632864705,336.3841333301112,104.5,0.31677340599334725,1000.0,True,,20,TCGA-86-7953-01,TCGA-86-7953,Female,Stage IA,69,0:LIVING,32.75,0,I,matched
TCGA-86-7953,TCGA-86-7953-01Z-00-DX1.847865ce-df59-4677-bac2-ee88a258fe4e,20,TCGA-86-7953-01,0.31120223677491704,0.05725616872510745,3344.937143614033,3.3449371436140334,0.1839837956130086,58.420554816956205,1.2567767079697099,0.3947877703727934,0.8025982757309463,1.4246978863397413,6,0.5478189539099424,19.28006707850116,5898.065730854765,143.89405127286417,16.690191730474517,0.7285034937888198,1000.0,True,,21,TCGA-86-7953-01,TCGA-86-7953,Female,Stage IA,69,0:LIVING,32.75,0,I,matched
TCGA-86-7953,TCGA-86-7953-01Z-00-DX1.847865ce-df59-4677-bac2-ee88a258fe4e,21,TCGA-86-7953-01,0.21822744220947246,0.02375928125,2665.3491155013803,2.6653491155013804,0.10887393908596475,112.18138661081679,1.3609601681767651,0.05311167014525873,0.4655514716783618,1.6937175322919709,1,1.0,4.582375112292791,22569.90625,,,0.0,1000.0,True,,22,TCGA-86-7953-01,TCGA-86-7953,Female,Stage IA,69,0:LIVING,32.75,0,I,matched
TCGA-86-7953,TCGA-86-7953-01Z-00-DX1.847865ce-df59-4677-bac2-ee88a258fe4e,22,TCGA-86-7953-01,0.36332039137178185,0.06058309619527933,3097.1961276292395,3.0971961276292395,0.16674840618369063,51.123107304485615,1.280620433220231,0.4155030693853915,0.8922249456809672,1.7134522352903188,5,0.31752516849402895,13.761958091924308,14257.625,144.51482676960867,31.069478592342033,0.5167295015523913,1000.0,True,,23,TCGA-86-7953-01,TCGA-86-7953,Female,Stage IA,69,0:LIVING,32.75,0,I,matched
TCGA-86-7953,TCGA-86-7953-01Z-00-DX1.847865ce-df59-4677-bac2-ee88a258fe4e,23,TCGA-86-7953-01,0.7315738551623738,0.2165811811244527,6974.343395766327,6.9743433957663274,0.29604827946780876,32.20198246014137,1.386928432004927,0.06374148960331841,0.5719293227797589,4.368399478395194,2,0.9922517383784695,2.73383197866755,108256.13743722635,825.6835425875945,48.646685395821166,0.4003610541208337,1000.0,True,,24,TCGA-86-7953-01,TCGA-86-7953,Female,Stage IA,69,0:LIVING,32.75,0,I,matched
TCGA-86-7953,TCGA-86-7953-01Z-00-DX1.847865ce-df59-4677-bac2-ee88a258fe4e,24,TCGA-86-7953-01,0.46500370056551044,0.12144227031239582,4521.199572370947,4.521199572370947,0.26116409431732435,37.22920825459453,1.311035120368424,0.1825426317974922,0.6945972579895604,2.9740927328020383,3,0.7926892932707362,6.451561560373766,22562.78125,265.44315098764554,29.75105040162448,0.44212088679635764,1000.0,True,,25,TCGA-86-7953-01,TCGA-86-7953,Female,Stage IA,69,0:LIVING,32.75,0,I,matched
TCGA-86-7953,TCGA-86-7953-01Z-00-DX1.847865ce-df59-4677-bac2-ee88a258fe4e,25,TCGA-86-7953-01,0.37252608217805194,0.097777125,2911.539717988067,2.911539717988067,0.26247054817833293,29.77730954952978,1.2662101117328848,0.16392506577407223,0.763576573308679,2.4655008570655323,1,1.0,2.684375800355481,97095.15625,,,0.0,1000.0,True,,26,TCGA-86-7953-01,TCGA-86-7953,Female,Stage IA,69,0:LIVING,32.75,0,I,matched
TCGA-86-7954,TCGA-86-7954-01Z-00-DX1.0a063ee6-18b7-4b66-9726-04fb452156cb,1,TCGA-86-7954-01,0.46343576605798553,0.08867900668054542,8974.60430013015,8.97460430013015,0.19135123608359958,101.20325696091741,1.4498322470663283,0.14986751216609995,0.556552022433745,2.0413936635078977,10,0.31450166830746873,21.57796340377577,4582.640625,115.36907453261736,13.894206442628906,0.605921359527706,1000.0,True,,2,TCGA-86-7954-01,TCGA-86-7954,Female,Stage IB,68,0:LIVING,19.88,0,I,matched
TCGA-86-7954,TCGA-86-7954-01Z-00-DX1.0a063ee6-18b7-4b66-9726-04fb452156cb,2,TCGA-86-7954-01,0.7774786549307513,0.13773575,9787.2181797311,9.7872181797311,0.17715695360442774,71.05793651779659,1.3344746288603302,0.23152900945116392,0.6669928183645938,1.805681526103697,13,0.37639513868354685,16.720716276330297,4417.78125,175.68011813022554,41.012193308819754,0.8232221422393649,1000.0,True,,3,TCGA-86-7954-01,TCGA-86-7954,Female,Stage IB,68,0:LIVING,19.88,0,I,matched
TCGA-86-7954,TCGA-86-7954-01Z-00-DX1.0a063ee6-18b7-4b66-9726-04fb452156cb,3,TCGA-86-7954-01,0.2810029275811871,0.05092153125,4926.624331501606,4.926624331501606,0.1812135257391146,96.749335901041,1.3938610844486012,0.14873964255490493,0.643815859105636,1.5275518287457477,6,0.7654925926794259,21.352090711818246,2261.015625,64.9443271194644,8.162413858657255,0.38246408615244776,1000.0,True,,4,TCGA-86-7954-01,TCGA-86-7954,Female,Stage IB,68,0:LIVING,19.88,0,I,matched
TCGA-86-7954,TCGA-86-7954-01Z-00-DX1.0a063ee6-18b7-4b66-9726-04fb452156cb,4,TCGA-86-7954-01,7.349840395799589,2.0339052138845894,89049.60536041908,89.04960536041908,0.27672780691223714,43.78257391372814,1.3587455505957386,0.12071640443768507,0.6239594436800091,2.8677249002939695,68,0.298917771257131,9.251901583993822,5572.788003212634,163.9686919005436,22.254411183657048,0.9482858428738681,1000.0,True,,5,TCGA-86-7954-01,TCGA-86-7954,Female,Stage IB,68,0:LIVING,19.88,0,I,matched
TCGA-86-7954,TCGA-86-7954-01Z-00-DX1.0a063ee6-18b7-4b66-9726-04fb452156cb,5,TCGA-86-7954-01,1.0835160758244744,0.2983433068678414,17326.33969885968,17.32633969885968,0.27534737464861747,58.07517480703804,1.4727011988436252,0.09937986672431147,0.7036983464783543,1.7836930408000353,14,0.7518563590189407,12.920897356642403,4765.15625,132.5980623428823,10.456095793653205,0.7748449738903395,1000.0,True,,6,TCGA-86-7954-01,TCGA-86-7954,Female,Stage IB,68,0:LIVING,19.88,0,I,matched
TCGA-86-7954,TCGA-86-7954-01Z-00-DX1.0a063ee6-18b7-4b66-9726-04fb452156cb,6,TCGA-86-7954-01,0.2157875493711117,0.026168291124285464,3588.456324242998,3.588456324242998,0.12126877199611366,137.1299450621265,1.2443074069413973,0.27367833776169675,0.7004700199648011,1.675181622092479,6,0.5267418903674171,27.80512600234035,2281.046875,76.54451319330472,13.0,0.5444824429282277,1000.0,True,,7,TCGA-86-7954-01,TCGA-86-7954,Female,Stage IB,68,0:LIVING,19.88,0,I,matched
TCGA-86-7954,TCGA-86-7954-01Z-00-DX1.0a063ee6-18b7-4b66-9726-04fb452156cb,7,TCGA-86-7954-01,0.7219730164552541,0.17948753751733193,12726.867211956096,12.726867211956096,0.2486069886636214,70.9066901690996,1.4017362326020084,0.15176854620296273,0.6751802249538494,1.441534487676132,13,0.36309817499832675,18.006213118362027,4250.4375,148.44276306459,23.58495283014151,0.782904450093215,1000.0,True,,8,TCGA-86-7954-01,TCGA-86-7954,Female,Stage IB,68,0:LIVING,19.88,0,I,matched
TCGA-86-7954,TCGA-86-7954-01Z-00-DX1.0a063ee6-18b7-4b66-9726-04fb452156cb,8,TCGA-86-7954-01,1.2124821068034806,0.36459606456747656,22979.84724907498,22.979847249074982,0.3007022227558286,63.02823722558874,1.4990990781668665,0.11980913329794296,0.6528662077178865,2.032139988820053,16,0.49623898561773033,13.196071026715188,4864.046875,113.26782141370968,4.75,0.660454540302102,1000.0,True,,9,TCGA-86-7954-01,TCGA-86-7954,Female,Stage IB,68,0:LIVING,19.88,0,I,matched
TCGA-86-7954,TCGA-86-7954-01Z-00-DX1.0a063ee6-18b7-4b66-9726-04fb452156cb,9,TCGA-86-7954-01,0.6519795459686466,0.19954095062306518,11437.289402751,11.437289402750999,0.30605400408168787,57.31800598843568,1.5075728711012368,0.11597450895757237,0.6640296363786526,1.3806400632629134,11,0.6532905515346463,16.871694929719443,1881.40625,149.8050947272822,17.148250639642516,0.6624432399201402,1000.0,True,,10,TCGA-86-7954-01,TCGA-86-7954,Female,Stage IB,68,0:LIVING,19.88,0,I,matched
TCGA-86-8074,TCGA-86-8074-01Z-00-DX1.0c34b434-8701-4060-a4ea-08a72371ee1e,1,TCGA-86-8074-01,0.9558421137298136,0.3283428327665077,14068.710149058988,14.068710149058989,0.343511577958491,42.84762371854049,1.4525579639792383,0.07282123495215603,0.6588278204907975,2.2973472046574006,5,0.5127880044313672,5.230989436622942,9063.84375,291.1959177255066,10.46721070772916,0.6189380836047392,1000.0,True,,2,TCGA-86-8074-01,TCGA-86-8074,Female,Stage IIA,62,0:LIVING,0.79,0,II,matched
TCGA-86-8074,TCGA-86-8074-01Z-00-DX1.0c34b434-8701-4060-a4ea-08a72371ee1e,2,TCGA-86-8074-01,0.8651011905221715,0.1198073995253136,8920.792106851586,8.920792106851586,0.13848946324186465,74.45944192258968,1.2209404187192656,0.2375417670340182,0.715194816011784,1.8406104275284547,14,0.5347900978768132,16.18307794900809,3924.34375,86.72253983944141,11.939953936259553,0.6495104412999864,1000.0,True,,3,TCGA-86-8074-01,TCGA-86-8074,Female,Stage IIA,62,0:LIVING,0.79,0,II,matched
TCGA-86-8074,TCGA-86-8074-01Z-00-DX1.0c34b434-8701-4060-a4ea-08a72371ee1e,3,TCGA-86-8074-01,2.5263746797636855,0.5415455360788,43683.33727762792,43.68333727762792,0.21435677788278643,80.66419971610954,1.4704896447057902,0.15657305723936152,0.6308891739479642,1.9828131522864898,47,0.24466015943591726,18.603732999887544,3599.0625,105.34795397277539,7.25,0.8911168065353703,1000.0,True,,4,TCGA-86-8074-01,TCGA-86-8074,Female,Stage IIA,62,0:LIVING,0.79,0,II,matched
TCGA-86-8074,TCGA-86-8074-01Z-00-DX1.0c34b434-8701-4060-a4ea-08a72371ee1e,4,TCGA-86-8074-01,0.9460228618583881,0.30878641658162403,14530.612732154672,14.530612732154673,0.32640481433507557,47.05716298344256,1.4526094021031657,0.09923053191227733,0.7241979202021089,2.8187089294593015,7,0.5105838716589465,7.399398346726047,13269.8125,344.05677220482085,14.25,0.6876709375604896,1000.0,True,,5,TCGA-86-8074-01,TCGA-86-8074,Female,Stage IIA,62,0:LIVING,0.79,0,II,matched
TCGA-86-8074,TCGA-86-8074-01Z-00-DX1.0c34b434-8701-4060-a4ea-08a72371ee1e,5,TCGA-86-8074-01,0.5830485459686447,0.11314934156054461,10106.552412414721,10.106552412414722,0.19406504371358052,89.3204703891878,1.4531518113449433,0.13403960057990955,0.6013095126444518,2.4094347933631095,11,0.5805303958912467,18.866353541325115,4327.40625,103.06159035377826,8.933784192602818,0.6784098384481229,1000.0,True,,6,TCGA-86-8074-01,TCGA-86-8074,Female,Stage IIA,62,0:LIVING,0.79,0,II,matched
TCGA-86-8074,TCGA-86-8074-01Z-00-DX1.0c34b434-8701-4060-a4ea-08a72371ee1e,6,TCGA-86-8074-01,0.516726707261523,0.10066917344299378,12699.061645297768,12.699061645297768,0.1948209218302386,126.14647772477144,1.5292784525349323,0.15621319614697515,0.5995679058723954,2.3755289957578722,17,0.22685813279150988,32.89940264573174,2787.03125,102.4073514206866,8.173891362135908,0.7804028761298809,1000.0,True,,7,TCGA-86-8074-01,TCGA-86-8074,Female,Stage IIA,62,0:LIVING,0.79,0,II,matched
TCGA-86-8074,TCGA-86-8074-01Z-00-DX1.0c34b434-8701-4060-a4ea-08a72371ee1e,7,TCGA-86-8074-01,2.1422073480307326,0.47902582506791824,32669.324902440614,32.669324902440614,0.2236131929564486,68.19950656691343,1.5508912856303165,0.24393328182633872,0.7330289178031997,1.709597348468634,50,0.2806715107760545,23.340411023220284,2987.203125,116.60594643008668,17.820283387196735,0.8334551953518083,1000.0,True,,8,TCGA-86-8074-01,TCGA-86-8074,Female,Stage IIA,62,0:LIVING,0.79,0,II,matched
TCGA-86-8074,TCGA-86-8074-01Z-00-DX1.0c34b434-8701-4060-a4ea-08a72371ee1e,8,TCGA-86-8074-01,1.0551401777481317,0.22341990625,15094.176601736075,15.094176601736075,0.21174428854260885,67.5596765529306,1.4671140057731562,0.11149640876490118,0.537906579661914,2.243152422296857,12,0.5937808481827603,11.37289646728292,3629.890625,133.4763739097711,16.584390002888743,0.6990417613242623,1000.0,True,,9,TCGA-86-8074-01,TCGA-86-8074,Female,Stage IIA,62,0:LIVING,0.79,0,II,matched
TCGA-86-8074,TCGA-86-8074-01Z-00-DX1.0c34b434-8701-4060-a4ea-08a72371ee1e,9,TCGA-86-8074-01,4.21911098845382,1.3830342373710243,78467.7622551718,78.46776225517179,0.3278022884811252,56.73595066187893,1.455538573909253,0.07813170030640963,0.598335973287901,1.6652678398636782,48,0.24244809171988574,11.376804291557779,5667.15625,133.61260466363194,7.284474135876048,0.8499539568950568,1000.0,True,,10,TCGA-86-8074-01,TCGA-86-8074,Female,Stage IIA,62,0:LIVING,0.79,0,II,matched
TCGA-86-8074,TCGA-86-8074-01Z-00-DX1.0c34b434-8701-4060-a4ea-08a72371ee1e,10,TCGA-86-8074-01,0.2335504501682435,0.04197446875,2636.7328457916665,2.6367328457916663,0.1797233476525638,62.817539430839524,1.2829281873652991,0.18543555635724907,0.6735325558763521,1.5937239165592405,3,0.8471655784157652,12.845190398215376,5096.75,68.36722990585474,19.756328100130347,0.3123882318742457,1000.0,True,,11,TCGA-86-8074-01,TCGA-86-8074,Female,Stage IIA,62,0:LIVING,0.79,0,II,matched
TCGA-86-8074,TCGA-86-8074-01Z-00-DX1.0c34b434-8701-4060-a4ea-08a72371ee1e,11,TCGA-86-8074-01,1.474629957409548,0.5241414828603281,19235.384241181382,19.235384241181382,0.355439329186745,36.69883966483755,1.5074003323232705,0.05336173037838692,0.5014065255566522,2.3691487122143737,8,0.8901192452430073,5.425089840201968,4968.453125,218.4232667100598,14.478047065567091,0.5145391350477498,1000.0,True,,12,TCGA-86-8074-01,TCGA-86-8074,Female,Stage IIA,62,0:LIVING,0.79,0,II,matched
TCGA-86-8074,TCGA-86-8074-01Z-00-DX1.0c34b434-8701-4060-a4ea-08a72371ee1e,12,TCGA-86-8074-01,1.9386988579952824,0.6539716313316812,33340.39955438876,33.34039955438876,0.3373250201467198,50.981415641069574,1.541598366211171,0.10885912303668709,0.5826596142798709,1.3813227927856337,21,0.26290177472699544,10.832007205964477,4235.5,126.09063270620067,8.173891362135908,0.8690169063937941,1000.0,True,,13,TCGA-86-8074-01,TCGA-86-8074,Female,Stage IIA,62,0:LIVING,0.79,0,II,matched
TCGA-86-8074,TCGA-86-8074-01Z-00-DX1.0c34b434-8701-4060-a4ea-08a72371ee1e,13,TCGA-86-8074-01,1.6721323805823358,0.36207287734927435,23634.610831641796,23.634610831641798,0.21653361991780762,65.27583895449484,1.4174071091563984,0.1460329432789973,0.6304321131625201,2.4604654215429154,18,0.477718698234008,10.764697944388429,5848.859375,171.04603181097534,23.498412235697867,0.8211586911703884,1000.0,True,,14,TCGA-86-8074-01,TCGA-86-8074,Female,Stage IIA,62,0:LIVING,0.79,0,II,matched
TCGA-86-8075,TCGA-86-8075-01Z-00-DX1.171bd8bd-af24-4770-b24b-732e675efd75,1,TCGA-86-8075-01,8.921049797302313,2.16671777368839,179711.61276500995,179.71161276500996,0.2428769957481457,82.94186485537894,1.3907156627395707,0.14650180507182298,0.6293450948607675,1.891317899668854,190,0.15192397481243486,21.297941869739947,2951.328125,103.10497315089734,13.554189720289276,0.9383687001940226,1000.0,True,,2,TCGA-86-8075-01,TCGA-86-8075,Female,Stage IB,66,1:DECEASED,22.8,1,I,matched
TCGA-86-8075,TCGA-86-8075-01Z-00-DX1.171bd8bd-af24-4770-b24b-732e675efd75,2,TCGA-86-8075-01,0.34112039137178035,0.041664668357144094,7385.430923582242,7.385430923582242,0.12214065594142273,177.2588433988072,1.3167956888230838,0.223499750905511,0.6942443446067091,1.4008620376038134,8,0.5014841107571939,23.452130691539217,2568.609375,115.0388369010858,14.288904956131478,0.7169839385227749,1000.0,True,,3,TCGA-86-8075-01,TCGA-86-8075,Female,Stage IB,66,1:DECEASED,22.8,1,I,matched
TCGA-86-8075,TCGA-86-8075-01Z-00-DX1.171bd8bd-af24-4770-b24b-732e675efd75,3,TCGA-86-8075-01,9.606362171588518,2.33232705747178,157103.88529264316,157.10388529264316,0.24278983196883822,67.35928599265245,1.3995824535931491,0.11587629222800715,0.6196152966171895,1.6229189435118507,123,0.20263768926951123,12.804014444071349,3640.96875,132.84467257383716,11.002840542332693,0.9557377869031242,1000.0,True,,4,TCGA-86-8075-01,TCGA-86-8075,Female,Stage IB,66,1:DECEASED,22.8,1,I,matched
TCGA-86-8075,TCGA-86-8075-01Z-00-DX1.171bd8bd-af24-4770-b24b-732e675efd75,4,TCGA-86-8075-01,0.5699381543665413,0.16017089554973066,10902.254061565813,10.902254061565813,0.2810320634310803,68.06638636905683,,0.24015058239263576,0.6798420599561313,1.5480141434898589,15,0.3330441347462017,26.318645075923676,4929.75,105.63565035062737,3.758324094593227,0.6555487700116428,1000.0,True,,5,TCGA-86-8075-01,TCGA-86-8075,Female,Stage IB,66,1:DECEASED,22.8,1,I,matched
TCGA-86-8075,TCGA-86-8075-01Z-00-DX1.171bd8bd-af24-4770-b24b-732e675efd75,5,TCGA-86-8075-01,0.28039245016824377,0.04104760307958003,4203.280575454877,4.203280575454877,0.146393396309174,102.40014666156925,1.3355059393410673,0.1428122555976045,0.6595144287682594,1.9422848440428764,3,0.7388777006288804,10.699289507259953,4936.03125,185.60569133582624,23.0,0.3358490992040833,1000.0,True,,6,TCGA-86-8075-01,TCGA-86-8075,Female,Stage IB,66,1:DECEASED,22.8,1,I,matched
TCGA-86-8075,TCGA-86-8075-01Z-00-DX1.171bd8bd-af24-4770-b24b-732e675efd75,6,TCGA-86-8075-01,5.140662437887954,1.668760869276649,94697.43099709989,94.69743099709989,0.32461981105342924,56.747154574728256,1.4462808305367598,0.046919666405483965,0.5048961293536771,2.0910197450966383,47,0.33934079826626473,9.142790558197008,2975.875,153.64615395446774,8.31038506929733,0.9033350576323139,1000.0,True,,7,TCGA-86-8075-01,TCGA-86-8075,Female,Stage IB,66,1:DECEASED,22.8,1,I,matched
TCGA-86-8278,TCGA-86-8278-01Z-00-DX1.6500afef-f0f0-4e7c-a6c0-60da81993641,1,TCGA-86-8278-01,1.20660824483915,0.15560346557716387,12092.148616742195,12.092148616742195,0.12895939195070477,77.71130656949083,,0.28517711709940197,0.8017061189307898,1.9796061391333204,21,0.2064327163121369,17.40415755471608,3190.40625,155.52050912560648,50.74261029943178,0.837688089145544,1000.0,True,,2,TCGA-86-8278-01,TCGA-86-8278,Female,Stage IIB,63,0:LIVING,31.01,0,II,matched
TCGA-86-8278,TCGA-86-8278-01Z-00-DX1.6500afef-f0f0-4e7c-a6c0-60da81993641,2,TCGA-86-8278-01,172.4071977170524,89.27666828351285,3147524.1934387544,3147.5241934387545,0.5178244845092259,35.25584292015995,1.7710670970486717,0.0575804082411429,0.5739396013343339,1.7351189682083488,1702,0.27437194969211254,9.87197763514057,5393.171875,139.16026058110126,13.382579843940528,0.9786346736673313,1000.0,True,,3,TCGA-86-8278-01,TCGA-86-8278,Female,Stage IIB,63,0:LIVING,31.01,0,II,matched
TCGA-86-8278,TCGA-86-8278-01Z-00-DX1.6500afef-f0f0-4e7c-a6c0-60da81993641,3,TCGA-86-8278-01,0.24503028761260778,0.0515135,2295.761543394991,2.295761543394991,0.21023319403453788,44.56621164151127,1.2039263589397133,0.2452657333515653,0.8220995531074834,1.4406797360226171,2,0.9059267714352914,8.162256264262297,25310.734375,222.82241387481648,28.063543967218397,0.21430411233110594,1000.0,True,,4,TCGA-86-8278-01,TCGA-86-8278,Female,Stage IIB,63,0:LIVING,31.01,0,II,matched
TCGA-86-8280,TCGA-86-8280-01Z-00-DX1.52627b97-1cfa-4382-819b-949b58c0f995,1,TCGA-86-8280-01,62.94646658758401,20.490821994650283,1769118.3378857414,1769.1183378857413,0.3255277556547079,86.33710928471393,1.7529180776152322,0.0746829249553898,0.4854102640563546,1.9407532184414407,1107,0.1294068632019224,17.586372357528838,3887.5625,107.67434989355635,7.652613932506983,0.9812594046874499,1000.0,True,,2,TCGA-86-8280-01,TCGA-86-8280,Female,Stage IIA,54,0:LIVING,23.03,0,II,matched
TCGA-86-8280,TCGA-86-8280-01Z-00-DX1.52627b97-1cfa-4382-819b-949b58c0f995,2,TCGA-86-8280-01,0.22183992758118717,0.016295588390301336,2341.344037090158,2.341344037090158,0.07345651690378238,143.67962549199257,1.3698279880377766,0.2108480255842595,0.7086806211414984,2.7688590585666186,5,0.21888116574603822,22.53877403638324,3115.875,92.59218379539388,11.502717070327341,0.336196682464455,1000.0,True,,3,TCGA-86-8280-01,TCGA-86-8280,Female,Stage IIA,54,0:LIVING,23.03,0,II,matched
TCGA-86-8280,TCGA-86-8280-01Z-00-DX1.52627b97-1cfa-4382-819b-949b58c0f995,3,TCGA-86-8280-01,78.48963504622637,32.45295358031591,1606031.116111646,1606.031116111646,0.4134680147410902,49.487979950329446,1.7233565371560455,0.08318407155675865,0.5520125217479107,1.841599500033139,988,0.05055974126765914,12.587649304498852,4417.8125,126.23669484345668,11.5,0.9751927325632359,1000.0,True,,4,TCGA-86-8280-01,TCGA-86-8280,Female,Stage IIA,54,0:LIVING,23.03,0,II,matched
TCGA-86-8280,TCGA-86-8280-01Z-00-DX1.52627b97-1cfa-4382-819b-949b58c0f995,4,TCGA-86-8280-01,0.2443533633650071,0.0618446358492172,4177.262826003599,4.177262826003599,0.2530950873667153,67.54446474853765,1.2861486069180392,0.2142341835631811,0.6727401233714865,1.6609837093262707,5,0.6925911445859559,20.46216974935255,4497.75,103.33055271796431,20.348525745124633,0.37371076107550116,1000.0,True,,5,TCGA-86-8280-01,TCGA-86-8280,Female,Stage IIA,54,0:LIVING,23.03,0,II,matched
TCGA-86-8280,TCGA-86-8280-01Z-00-DX1.52627b97-1cfa-4382-819b-949b58c0f995,5,TCGA-86-8280-01,0.17288016798889239,0.027116,3169.550432000465,3.1695504320004653,0.15684852875514452,116.88856881547666,1.3132338859082129,0.07541422081725505,0.3881246002810208,1.2597478054573288,2,0.804959589418903,11.568706944619008,13030.3125,207.80117450341805,11.963486114005399,0.312498054915839,1000.0,True,,6,TCGA-86-8280-01,TCGA-86-8280,Female,Stage IIA,54,0:LIVING,23.03,0,II,matched
TCGA-86-8280,TCGA-86-8280-01Z-00-DX1.52627b97-1cfa-4382-819b-949b58c0f995,6,TCGA-86-8280-01,0.5840308302877054,0.09520360326367233,9652.822921039222,9.652822921039222,0.16301126297865662,101.39136114738352,,0.10532063943343693,0.54670955374757,2.4337224115328437,8,0.3238659291739302,13.697907002716,7795.109375,99.90513699323168,10.052461203405727,0.5886374080882353,1000.0,True,,7,TCGA-86-8280-01,TCGA-86-8280,Female,Stage IIA,54,0:LIVING,23.03,0,II,matched
TCGA-86-8280,TCGA-86-8280-01Z-00-DX1.52627b97-1cfa-4382-819b-949b58c0f995,7,TCGA-86-8280-01,0.45922897275529945,0.07357128125,5947.659432131613,5.947659432131613,0.16020609677256256,80.8421347444131,1.3526870533560245,0.17696004583952463,0.6096363405024393,1.4928684738939821,7,0.4177100652075892,15.242940701239153,7298.90625,179.98369066737686,13.788582233137676,0.5883799744238221,1000.0,True,,8,TCGA-86-8280-01,TCGA-86-8280,Female,Stage IIA,54,0:LIVING,23.03,0,II,matched
TCGA-86-8280,TCGA-86-8280-01Z-00-DX1.52627b97-1cfa-4382-819b-949b58c0f995,8,TCGA-86-8280-01,0.9859679528473121,0.3428011875,4950.123591853429,4.950123591853429,0.3476798475143609,14.440217164806143,1.113843488199114,0.31355057008764126,0.8571522726093899,2.2878079380143532,2,0.8004388658422773,2.028463495415172,171357.890625,711.1449395165517,312.75,0.3759729108059202,1000.0,True,,9,TCGA-86-8280-01,TCGA-86-8280,Female,Stage IIA,54,0:LIVING,23.03,0,II,matched
TCGA-86-8280,TCGA-86-8280-01Z-00-DX1.52627b97-1cfa-4382-819b-949b58c0f995,9,TCGA-86-8280-01,2.0643565777140127,0.3050181310690887,32525.265586529396,32.52526558652939,0.1477545761047027,106.63387606673847,1.3026850459342862,0.09898879214134737,0.536535549749631,1.746103467438001,25,0.1961806329149847,12.110310917159484,3557.0625,152.80288824577238,7.786205751198718,0.8532738413599673,1000.0,True,,10,TCGA-86-8280-01,TCGA-86-8280,Female,Stage IIA,54,0:LIVING,23.03,0,II,matched
TCGA-86-8280,TCGA-86-8280-01Z-00-DX1.52627b97-1cfa-4382-819b-949b58c0f995,10,TCGA-86-8280-01,0.33417657522521504,0.05993415625,6225.024439182937,6.2250244391829375,0.17934876557283513,103.86438766597198,1.496387078311048,0.04984062763967388,0.5562925983916573,2.3029898769680024,3,0.8671679264343668,8.977289919193705,4107.65625,60.527498915782076,3.3634060117684275,0.22331789107811278,1000.0,True,,11,TCGA-86-8280-01,TCGA-86-8280,Female,Stage IIA,54,0:LIVING,23.03,0,II,matched
TCGA-86-8280,TCGA-86-8280-01Z-00-DX1.52627b97-1cfa-4382-819b-949b58c0f995,11,TCGA-86-8280-01,27.29537032405637,7.479276491567054,678314.8490046575,678.3148490046575,0.27401264034052336,90.69257564812092,1.6621186987670962,0.06899435699521253,0.5554614337435593,1.8981241212003737,540,0.3644092710184949,19.783574781693986,3051.171875,101.92741159884616,8.903478738452133,0.9568716105352535,1000.0,True,,12,TCGA-86-8280-01,TCGA-86-8280,Female,Stage IIA,54,0:LIVING,23.03,0,II,matched
TCGA-86-8280,TCGA-86-8280-01Z-00-DX1.52627b97-1cfa-4382-819b-949b58c0f995,12,TCGA-86-8280-01,4.434968377058462,1.8165146529217346,106810.91973685703,106.81091973685703,0.4095890880120675,58.799921908176884,1.7162315458813608,0.06640633575948846,0.5160189676273211,1.3781542099823243,58,0.7071488038516924,13.077883553809935,3882.265625,114.88368748038295,10.876453291901642,0.8840196019848752,1000.0,True,,13,TCGA-86-8280-01,TCGA-86-8280,Female,Stage IIA,54,0:LIVING,23.03,0,II,matched
TCGA-86-8280,TCGA-86-8280-01Z-00-DX1.52627b97-1cfa-4382-819b-949b58c0f995,13,TCGA-86-8280-01,0.5243808369837196,0.07854266327573661,12015.563858894377,12.015563858894376,0.1497817191938597,152.98136525765383,1.5129167892427602,0.0933565045996928,0.5136516674247288,1.8106237275202661,11,0.32979754645288756,20.977120489896002,2943.15625,107.41770105527301,16.48104972384951,0.5427489378408649,1000.0,True,,14,TCGA-86-8280-01,TCGA-86-8280,Female,Stage IIA,54,0:LIVING,23.03,0,II,matched
TCGA-86-8280,TCGA-86-8280-01Z-00-DX1.52627b97-1cfa-4382-819b-949b58c0f995,14,TCGA-86-8280-01,0.20180077298432278,0.0401760625,2078.50566337852,2.07850566337852,0.19908775326208064,51.734927069533505,1.2118084463326926,0.25200767775144006,0.7608665370278538,1.3262818823889524,1,1.0,4.955382406179815,38406.09375,,,0.0,1000.0,True,,15,TCGA-86-8280-01,TCGA-86-8280,Female,Stage IIA,54,0:LIVING,23.03,0,II,matched
TCGA-86-8280,TCGA-86-8280-01Z-00-DX1.52627b97-1cfa-4382-819b-949b58c0f995,15,TCGA-86-8280-01,0.32962101189894777,0.048150249445530195,5988.114742762304,5.988114742762304,0.14607760945862172,124.36310946916979,1.4302314027420646,0.18136063875385838,0.583472931291133,1.693326546429722,11,0.24666573381096155,33.371658974738786,3150.9904988173503,99.09788405914628,9.72753822917186,0.6268382239521204,1000.0,True,,16,TCGA-86-8280-01,TCGA-86-8280,Female,Stage IIA,54,0:LIVING,23.03,0,II,matched
TCGA-86-8280,TCGA-86-8280-01Z-00-DX1.52627b97-1cfa-4382-819b-949b58c0f995,16,TCGA-86-8280-01,0.42147867025758456,0.07319640873579199,9818.118776465542,9.818118776465543,0.1736657484732463,134.1338864302044,,0.23247261954185214,0.6884984394842644,1.8760815732854743,16,0.3456632453561988,37.961588875236984,2538.84375,86.59859355815198,7.252751187818139,0.7264711317349417,1000.0,True,,17,TCGA-86-8280-01,TCGA-86-8280,Female,Stage IIA,54,0:LIVING,23.03,0,II,matched
TCGA-86-8280,TCGA-86-8280-01Z-00-DX1.52627b97-1cfa-4382-819b-949b58c0f995,17,TCGA-86-8280-01,0.6493141407441918,0.1133296875,13142.525537768506,13.142525537768506,0.17453753181797427,115.96719118958575,1.5200090268028212,0.16135513450615463,0.5753353103577312,1.7341776308215675,15,0.18022484703552097,23.10129883019058,5872.8125,145.91533557597708,21.49563909261597,0.6941276081987324,1000.0,True,,18,TCGA-86-8280-01,TCGA-86-8280,Female,Stage IIA,54,0:LIVING,23.03,0,II,matched
TCGA-86-8280,TCGA-86-8280-01Z-00-DX1.52627b97-1cfa-4382-819b-949b58c0f995,18,TCGA-86-8280-01,1.2018435455080025,0.27624037244422817,25409.50395380071,25.409503953800712,0.2298471988943163,91.98331050951211,1.6077232089458506,0.10881841604429043,0.6010656015983716,1.3815769552511536,23,0.31594871682292575,19.137266315540447,4805.65625,103.49426312603032,9.519716382329886,0.7057164765166901,1000.0,True,,19,TCGA-86-8280-01,TCGA-86-8280,Female,Stage IIA,54,0:LIVING,23.03,0,II,matched
TCGA-86-8280,TCGA-86-8280-01Z-00-DX1.52627b97-1cfa-4382-819b-949b58c0f995,19,TCGA-86-8280-01,0.603632443241908,0.11755611104534293,14172.781916714077,14.172781916714078,0.19474783431783152,120.56184736536113,1.4717869749884673,0.10795220518767278,0.5371309053376013,1.4264483996589714,11,0.5160957205135344,18.22300991796047,3538.15625,150.8712199195062,13.08147545195113,0.8053748600019478,1000.0,True,,20,TCGA-86-8280-01,TCGA-86-8280,Female,Stage IIA,54,0:LIVING,23.03,0,II,matched
TCGA-86-8668,TCGA-86-8668-01Z-00-DX1.d720d486-02c7-4f98-8feb-e0e50a12c158,1,TCGA-86-8668-01,1.7285497168993607,0.5403981260130659,45616.35596991469,45.61635596991469,0.3126309418408987,84.41249844158743,1.621965234064095,0.04124226586201216,0.47586734043112705,1.5347082562414256,17,0.7431398199522027,9.83483427395671,3880.84375,192.64686970270242,8.492643875731515,0.8018480073585035,1000.0,True,,2,TCGA-86-8668-01,TCGA-86-8668,Female,Stage IA,61,0:LIVING,13.9,0,I,matched
TCGA-86-8668,TCGA-86-8668-01Z-00-DX1.d720d486-02c7-4f98-8feb-e0e50a12c158,2,TCGA-86-8668-01,0.39911290600006566,0.07492315625,9879.729200115973,9.879729200115973,0.18772421318289234,131.86482917443794,1.4820688504397186,0.03189777985017965,0.34745696939611614,1.678195536988497,3,0.6381606192029858,7.516669982101522,21416.21875,183.1689900235572,0.7905694150420949,0.2889059429374722,1000.0,True,,3,TCGA-86-8668-01,TCGA-86-8668,Female,Stage IA,61,0:LIVING,13.9,0,I,matched
TCGA-86-8668,TCGA-86-8668-01Z-00-DX1.d720d486-02c7-4f98-8feb-e0e50a12c158,3,TCGA-86-8668-01,150.45460100488702,86.98310296704048,3151713.7087123874,3151.7137087123874,0.5781352141182783,36.23363160436609,1.6892543569889205,0.03550208068802796,0.650374642284316,1.2623651786574088,1780,0.6260087566234235,11.830811341835817,3244.453125,105.58418215834493,7.5,0.9725632209026112,1000.0,True,,4,TCGA-86-8668-01,TCGA-86-8668,Female,Stage IA,61,0:LIVING,13.9,0,I,matched
TCGA-86-8671,TCGA-86-8671-01Z-00-DX1.1fd0019c-df9d-48cc-9055-8de57759f273,1,TCGA-86-8671-01,1.4543537168121374,0.2536359094106752,18868.477172039886,18.868477172039885,0.17439767676781617,74.39197870633114,1.3612778891371708,0.1697891415000642,0.6320241806306732,1.5412663306302825,20,0.32238679023063044,13.75181275971769,4178.0,145.27244021972538,33.0037876614185,0.7999837880520695,1000.0,True,,2,TCGA-86-8671-01,TCGA-86-8671,Female,Stage IIB,72,0:LIVING,27.56,0,II,matched
TCGA-86-8671,TCGA-86-8671-01Z-00-DX1.1fd0019c-df9d-48cc-9055-8de57759f273,2,TCGA-86-8671-01,0.8699269512743203,0.08639040729145595,13410.645416531373,13.410645416531374,0.0993076569991379,155.2330384470556,1.2643518617300211,0.1723895996226634,0.6019784954000733,3.8790073289571403,17,0.3241504687814888,19.541870699714956,2563.03125,153.83127932901033,62.63036404173298,0.8281879950064466,1000.0,True,,3,TCGA-86-8671-01,TCGA-86-8671,Female,Stage IIB,72,0:LIVING,27.56,0,II,matched
TCGA-86-8671,TCGA-86-8671-01Z-00-DX1.1fd0019c-df9d-48cc-9055-8de57759f273,3,TCGA-86-8671-01,5.074928240451765,0.633226529425801,41828.487297530926,41.82848729753093,0.12477546468113838,66.05611949875234,1.3061612678800127,0.290818794564762,0.7370888191992403,2.029180068648196,47,0.13540948685384338,9.261214695681314,6904.09375,184.35505188697704,53.85164807134504,0.8691411490552614,1000.0,True,,4,TCGA-86-8671-01,TCGA-86-8671,Female,Stage IIB,72,0:LIVING,27.56,0,II,matched
TCGA-86-8671,TCGA-86-8671-01Z-00-DX1.1fd0019c-df9d-48cc-9055-8de57759f273,4,TCGA-86-8671-01,0.24864277298432266,0.04489519430786099,2158.1247521676178,2.158124752167618,0.18056102644371533,48.07028425734506,1.1912857792396814,0.15243288072560984,0.6794696729859164,1.2596856904731248,2,0.9741512366960837,8.043668335882431,22447.409653930496,222.93238359702252,43.36040820841058,0.2779666979362101,1000.0,True,,5,TCGA-86-8671-01,TCGA-86-8671,Female,Stage IIB,72,0:LIVING,27.56,0,II,matched
TCGA-86-A456,TCGA-86-A456-01Z-00-DX1.5C7CBF9B-0AE3-4776-9434-296AA0C605CC,1,TCGA-86-A456-01,72.52510441241414,27.95464829344374,1512735.210179903,1512.735210179903,0.38544788759599136,54.113906005917734,1.6553673584335031,0.09795685080148202,0.5955650953836601,1.739258685807896,1121,0.09593855700303366,15.456716802852588,4249.6875,118.8400316602112,13.594576124322524,0.9779076817896633,1000.0,True,,2,TCGA-86-A456-01,TCGA-86-A456,Female,Stage IA,78,0:LIVING,29.43,0,I,matched
TCGA-86-A456,TCGA-86-A456-01Z-00-DX1.5C7CBF9B-0AE3-4776-9434-296AA0C605CC,2,TCGA-86-A456-01,0.3599744873835849,0.0482894375,3838.8529932111337,3.8388529932111335,0.13414683315749346,79.49674280656373,1.2386938373477299,0.30837795832092074,0.7026896903474305,1.8169429854074748,7,0.40665344259886327,19.445822538364716,2974.0,143.27291756033307,41.5970251340165,0.6702736801242236,1000.0,True,,3,TCGA-86-A456-01,TCGA-86-A456,Female,Stage IA,78,0:LIVING,29.43,0,I,matched
TCGA-86-A4P7,TCGA-86-A4P7-01Z-00-DX1.37026DCF-5A81-4098-B444-C8A40CA168D0,1,TCGA-86-A4P7-01,0.6653058504663412,0.03876534375,6487.24626458976,6.487246264589761,0.05826695154240373,167.34654299537226,1.2443967232862807,0.25424386662454324,0.7271544515150048,1.6315536279643743,11,0.18352773380836515,16.533749090421544,2984.75,128.61594963300624,62.78186441959175,0.6031246412764818,1000.0,True,,2,TCGA-86-A4P7-01,TCGA-86-A4P7,Female,Stage IB,63,0:LIVING,13.63,0,I,matched
TCGA-86-A4P7,TCGA-86-A4P7-01Z-00-DX1.37026DCF-5A81-4098-B444-C8A40CA168D0,2,TCGA-86-A4P7-01,46.093350167458404,12.226584572677734,988356.6103221258,988.3566103221258,0.2652570170807333,80.8366886473568,,0.04705255148700571,0.40537474032450854,2.0117985797735023,551,0.36118021226293656,11.954001998080026,2583.09375,122.08182770687044,14.206072645175372,0.9682422298447836,1000.0,True,,3,TCGA-86-A4P7-01,TCGA-86-A4P7,Female,Stage IB,63,0:LIVING,13.63,0,I,matched
TCGA-86-A4P7,TCGA-86-A4P7-01Z-00-DX1.37026DCF-5A81-4098-B444-C8A40CA168D0,3,TCGA-86-A4P7-01,0.23860381443678602,0.01444569071458848,3035.249911096447,3.0352499110964466,0.06054258079941809,210.11455741823372,1.1459305433339484,0.13624304135487367,0.5293855815696555,2.06407462298377,2,0.7407848685680244,8.382095670687049,4826.046875,126.92006588794382,30.28716724951345,0.1573382009850514,1000.0,True,,4,TCGA-86-A4P7-01,TCGA-86-A4P7,Female,Stage IB,63,0:LIVING,13.63,0,I,matched
TCGA-86-A4P7,TCGA-86-A4P7-01Z-00-DX1.37026DCF-5A81-4098-B444-C8A40CA168D0,4,TCGA-86-A4P7-01,0.6223953674280147,0.0657224693323359,12587.349382170803,12.587349382170803,0.10559601303577705,191.52277006697528,1.4157407112990137,0.150559517629919,0.5458912351264508,1.965442718069216,10,0.21332909085649823,16.06695763389753,4619.90625,96.63473509910926,3.401583800443987,0.4573532952609936,1000.0,True,,5,TCGA-86-A4P7-01,TCGA-86-A4P7,Female,Stage IB,63,0:LIVING,13.63,0,I,matched
TCGA-86-A4P8,TCGA-86-A4P8-01Z-00-DX1.D65E8855-F7A1-4584-A501-BBFBC61C2DEB,1,TCGA-86-A4P8-01,54.18422520345842,28.400396764413223,914184.0238066402,914.1840238066402,0.5241451115665396,32.18912860232106,,0.07777761970681282,0.63753204068388,1.5915350450729524,724,0.3469556122212969,13.361822509806585,4109.046875,120.86464231925532,12.153903078144623,0.9643849314427929,1000.0,True,,2,TCGA-86-A4P8-01,TCGA-86-A4P8,Female,Stage IIIA,59,0:LIVING,26.45,0,III,matched
TCGA-86-A4P8,TCGA-86-A4P8-01Z-00-DX1.D65E8855-F7A1-4584-A501-BBFBC61C2DEB,2,TCGA-86-A4P8-01,0.15318859307541807,0.015190478118884038,2094.8385135395797,2.0948385135395795,0.09916194028497564,137.9047122246522,1.2066020033126743,0.14325533024653336,0.7248081003731767,1.1500274304658271,2,0.821515048944648,13.055802392645232,6762.961928862174,257.7611539778638,112.54138127817696,0.32302120091416137,1000.0,True,,3,TCGA-86-A4P8-01,TCGA-86-A4P8,Female,Stage IIIA,59,0:LIVING,26.45,0,III,matched
TCGA-86-A4P8,TCGA-86-A4P8-01Z-00-DX1.D65E8855-F7A1-4584-A501-BBFBC61C2DEB,3,TCGA-86-A4P8-01,0.6093454970920278,0.18304611378687247,8632.125146222796,8.632125146222796,0.30039790998771837,47.15819947029035,,0.09082340281247618,0.5410938947259963,2.1672534972699604,5,0.8052316754456615,8.205525475877709,1902.816322824667,322.17699425160697,16.433578429544795,0.744222539317059,1000.0,True,,4,TCGA-86-A4P8-01,TCGA-86-A4P8,Female,Stage IIIA,59,0:LIVING,26.45,0,III,matched
TCGA-93-7347,TCGA-93-7347-01Z-00-DX1.a22b7163-07bd-4f6a-97c7-f1561c4d73cb,1,TCGA-93-7347-01,14.842724274305176,3.681808434615424,391704.32890574535,391.70432890574534,0.2480547618195096,106.38911172646604,1.7080556477529996,0.10016386178371044,0.5356664599339017,1.7211092446471896,351,0.15062949306237172,23.64794989876824,2861.53125,97.35405743984171,11.319231422671772,0.9430771317130731,1000.0,True,,2,TCGA-93-7347-01,TCGA-93-7347,Female,Stage IA,76,0:LIVING,22.44,0,I,matched
TCGA-93-7347,TCGA-93-7347-01Z-00-DX1.a22b7163-07bd-4f6a-97c7-f1561c4d73cb,2,TCGA-93-7347-01,17.236252098887988,4.095495075805108,486947.2505745443,486.9472505745443,0.23760937426004183,118.89826298443745,1.6784866763789885,0.10999241252805975,0.5015574556316263,1.8660513584292047,437,0.09367339449627575,25.353539591602598,3175.625,100.32198163912035,10.75,0.9287614348971478,1000.0,True,,3,TCGA-93-7347-01,TCGA-93-7347,Female,Stage IA,76,0:LIVING,22.44,0,I,matched
TCGA-93-7347,TCGA-93-7347-01Z-00-DX1.a22b7163-07bd-4f6a-97c7-f1561c4d73cb,3,TCGA-93-7347-01,19.728901709509536,5.174022107032847,289783.0476696605,289.78304766966045,0.2622559625069709,56.00730759842901,1.5609006923706228,0.1514458688764118,0.6657451919899537,1.6676774885007764,253,0.11047588829161273,12.823825863456523,2613.03125,121.80736905561174,14.25,0.9562633260784056,1000.0,True,,4,TCGA-93-7347-01,TCGA-93-7347,Female,Stage IA,76,0:LIVING,22.44,0,I,matched
TCGA-93-7347,TCGA-93-7347-01Z-00-DX1.a22b7163-07bd-4f6a-97c7-f1561c4d73cb,4,TCGA-93-7347-01,0.2915976305167287,0.0277082815848518,5300.500699743515,5.300500699743515,0.09502231391850147,191.29662312372756,1.4296003062464928,0.13622728382350924,0.5793305886981752,2.616728747301196,5,0.40378193480065944,17.14691573844306,2876.78125,89.47068741353226,16.25,0.4774484984406645,1000.0,True,,5,TCGA-93-7347-01,TCGA-93-7347,Female,Stage IA,76,0:LIVING,22.44,0,I,matched
TCGA-93-7347,TCGA-93-7347-01Z-00-DX1.a22b7163-07bd-4f6a-97c7-f1561c4d73cb,5,TCGA-93-7347-01,0.2019799173613031,0.02864138127100982,5154.087853878932,5.154087853878932,0.14180311411740956,179.95248920120298,,0.142761165848162,0.6238112253583363,1.5538184883775386,5,0.34015924831398653,24.754936358627994,4434.625,96.58288619755572,2.358495283014151,0.3278522894376553,1000.0,True,,6,TCGA-93-7347-01,TCGA-93-7347,Female,Stage IA,76,0:LIVING,22.44,0,I,matched
TCGA-93-7347,TCGA-93-7347-01Z-00-DX1.a22b7163-07bd-4f6a-97c7-f1561c4d73cb,6,TCGA-93-7347-01,0.3092657106639897,0.028578464073743096,7384.173843807191,7.384173843807191,0.09240747709270931,258.38245976947076,1.4004678667960815,0.09336791887746322,0.4633965916246616,2.3882408368662356,9,0.34857364836330956,29.10118933223185,1360.6875,88.66342608426544,9.72753822917186,0.5866721854304635,1000.0,True,,7,TCGA-93-7347-01,TCGA-93-7347,Female,Stage IA,76,0:LIVING,22.44,0,I,matched
TCGA-93-7347,TCGA-93-7347-01Z-00-DX1.a22b7163-07bd-4f6a-97c7-f1561c4d73cb,7,TCGA-93-7347-01,0.23355045016824327,0.01908528125,3742.5791296037423,3.7425791296037425,0.0817180238199134,196.09766712784193,1.2198838061755468,0.13496574423299718,0.6032263985379911,2.5535263542586715,3,0.4610031627414976,12.845190398215388,6177.90625,109.56335567264267,15.103807466993215,0.2410295497185741,1000.0,True,,8,TCGA-93-7347-01,TCGA-93-7347,Female,Stage IA,76,0:LIVING,22.44,0,I,matched
TCGA-93-7347,TCGA-93-7347-01Z-00-DX1.a22b7163-07bd-4f6a-97c7-f1561c4d73cb,8,TCGA-93-7347-01,0.4213778449424904,0.03374958621150143,8687.404561044088,8.687404561044088,0.08009340456925915,257.407735508281,,0.1409605810118933,0.6091706577168594,1.889670101329145,11,0.24799363940328892,26.104837100539253,1510.90625,101.98835717865055,29.0,0.542113488980316,1000.0,True,,9,TCGA-93-7347-01,TCGA-93-7347,Female,Stage IA,76,0:LIVING,22.44,0,I,matched
TCGA-95-7043,TCGA-95-7043-01Z-00-DX1.AE0FD8AA-9B88-45FE-B247-402BED1285EF,1,TCGA-95-7043-01,53.437335186172305,18.769662738309616,1013241.0925313347,1013.2410925313347,0.35124623398448473,53.98291416623432,,0.16206887452091867,0.6703083081161403,1.963558270117073,1177,0.05168479660843894,22.025798926900194,4051.71875,115.98363300483392,16.75,0.9691108719269304,1000.0,True,,2,TCGA-95-7043-01,TCGA-95-7043,Female,Stage IA,63,1:DECEASED,16.52,1,I,matched
TCGA-95-7043,TCGA-95-7043-01Z-00-DX1.AE0FD8AA-9B88-45FE-B247-402BED1285EF,2,TCGA-95-7043-01,0.2550896885755258,0.032581041376716656,3550.6692024445397,3.55066920244454,0.12772386668648197,108.9796106082094,,0.48078575919510336,0.8670105026431781,1.5322579660315852,7,0.3019148828895446,27.441328730649463,3121.21875,101.50315573911976,19.10006544491406,0.6962510544500019,1000.0,True,,3,TCGA-95-7043-01,TCGA-95-7043,Female,Stage IA,63,1:DECEASED,16.52,1,I,matched
TCGA-95-7043,TCGA-95-7043-01Z-00-DX1.AE0FD8AA-9B88-45FE-B247-402BED1285EF,3,TCGA-95-7043-01,0.21370477298432247,0.03540613980287302,2292.41237524734,2.29241237524734,0.16567781481170024,64.74618210317644,1.2096718134406492,0.33960885844481203,0.7995947602211058,2.662719045052515,5,0.4386442669924377,23.396763348691344,2935.15625,149.9635372348892,44.565962347962376,0.5968842090712845,1000.0,True,,4,TCGA-95-7043-01,TCGA-95-7043,Female,Stage IA,63,1:DECEASED,16.52,1,I,matched
TCGA-95-7043,TCGA-95-7043-01Z-00-DX1.AE0FD8AA-9B88-45FE-B247-402BED1285EF,4,TCGA-95-7043-01,0.334707526521998,0.06522408461956933,4813.082713714568,4.813082713714568,0.19486889134918395,73.79302817031008,1.2804276430425094,0.27344266201791134,0.7385139388833701,2.108264843401119,7,0.2528576275263031,20.913781272677593,9512.46875,115.12832514199101,10.077822185373186,0.5155239318106621,1000.0,True,,5,TCGA-95-7043-01,TCGA-95-7043,Female,Stage IA,63,1:DECEASED,16.52,1,I,matched
TCGA-95-A4VK,TCGA-95-A4VK-01Z-00-DX1.D09778E0-285E-4593-84C8-B6009DDF4E41,1,TCGA-95-A4VK-01,0.40378147337126014,0.06470933077106736,6712.926169859151,6.712926169859151,0.16025829573307301,103.73969394937113,1.4397887315675764,0.21894671150741282,0.6251099132461941,1.5661983888391218,12,0.2690719733405596,29.71904555156869,2257.75,76.5234032615939,9.241062299143245,0.595869050234276,1000.0,True,,2,TCGA-95-A4VK-01,TCGA-95-A4VK,Female,Stage IIIA,74,0:LIVING,21.39,0,III,matched
TCGA-95-A4VK,TCGA-95-A4VK-01Z-00-DX1.D09778E0-285E-4593-84C8-B6009DDF4E41,2,TCGA-95-A4VK-01,76.45742324480078,31.23775074696095,1133921.7513420167,1133.9217513420167,0.4085640009988849,36.29972466735088,,0.0728664133198557,0.5625543671019874,1.540873423952545,672,0.2939982402021435,8.78920543592472,3595.1875,144.33070907762277,15.191870664976166,0.9754464411771686,1000.0,True,,3,TCGA-95-A4VK-01,TCGA-95-A4VK,Female,Stage IIIA,74,0:LIVING,21.39,0,III,matched
TCGA-95-A4VK,TCGA-95-A4VK-01Z-00-DX1.D09778E0-285E-4593-84C8-B6009DDF4E41,3,TCGA-95-A4VK-01,1.0217752512080742,0.1907078109295276,14295.904106492697,14.295904106492697,0.18664359966054012,74.96234179823644,1.4392761403575411,0.05166863359277157,0.5441653205796682,1.247490994254774,7,0.5944193581319241,6.850821637854018,2400.4375,287.4306686986034,6.754628043053148,0.667532010854299,1000.0,True,,4,TCGA-95-A4VK-01,TCGA-95-A4VK,Female,Stage IIIA,74,0:LIVING,21.39,0,III,matched
TCGA-95-A4VK,TCGA-95-A4VK-01Z-00-DX1.D09778E0-285E-4593-84C8-B6009DDF4E41,4,TCGA-95-A4VK-01,58.70122958677299,25.054743990400738,929345.2374462878,929.3452374462878,0.42681804396217055,37.092585651737224,,0.03166851847672676,0.4459978388605796,1.6914745072074777,428,0.29122079265496675,7.291159027040896,2491.25,128.9505463546371,10.81948698905385,0.9227617079944107,1000.0,True,,5,TCGA-95-A4VK-01,TCGA-95-A4VK,Female,Stage IIIA,74,0:LIVING,21.39,0,III,matched
TCGA-95-A4VK,TCGA-95-A4VK-01Z-00-DX1.D09778E0-285E-4593-84C8-B6009DDF4E41,5,TCGA-95-A4VK-01,38.659133962111426,14.699226948778074,483699.2438810367,483.6992438810367,0.3802264935159777,32.90644096907735,,0.08966668742688301,0.5760560658566433,2.285781219691446,252,0.15227639737980397,6.518511259123836,4366.25,157.31625523886296,14.324186431313596,0.9297552425150291,1000.0,True,,6,TCGA-95-A4VK-01,TCGA-95-A4VK,Female,Stage IIIA,74,0:LIVING,21.39,0,III,matched
TCGA-95-A4VK,TCGA-95-A4VK-01Z-00-DX1.D09778E0-285E-4593-84C8-B6009DDF4E41,6,TCGA-95-A4VK-01,0.21154392758118717,0.02123490625,1742.2587117057244,1.7422587117057244,0.10038059939985933,82.04692270330717,1.2434114033860382,0.13037351997049773,0.5372857650858393,1.7785627124927093,2,0.9311814121335819,9.454301160369786,10564.6875,163.70037415962128,7.25,0.22477143366919788,1000.0,True,,7,TCGA-95-A4VK-01,TCGA-95-A4VK,Female,Stage IIIA,74,0:LIVING,21.39,0,III,matched
TCGA-95-A4VK,TCGA-95-A4VK-01Z-00-DX1.D09778E0-285E-4593-84C8-B6009DDF4E41,7,TCGA-95-A4VK-01,0.41623625039385853,0.07637504654656342,8754.917183454576,8.754917183454577,0.18348965635331965,114.63059702512894,,0.17179256555423236,0.5639381725002324,2.3830511758326045,9,0.3499671729811175,21.62233585249689,4458.0625,83.70252852363541,5.25594901040716,0.6156982672227598,1000.0,True,,8,TCGA-95-A4VK-01,TCGA-95-A4VK,Female,Stage IIIA,74,0:LIVING,21.39,0,III,matched
TCGA-95-A4VK,TCGA-95-A4VK-01Z-00-DX1.D09778E0-285E-4593-84C8-B6009DDF4E41,8,TCGA-95-A4VK-01,0.16870535700661823,0.01674565693338122,3117.541131459593,3.117541131459593,0.09925978184986917,186.17013019328056,1.3317612361887,0.02987037921724229,0.27224653068044036,1.2166497529965885,1,1.0,5.927494050830706,14868.71875,,,0.0,1000.0,True,,9,TCGA-95-A4VK-01,TCGA-95-A4VK,Female,Stage IIIA,74,0:LIVING,21.39,0,III,matched
TCGA-95-A4VK,TCGA-95-A4VK-01Z-00-DX1.D09778E0-285E-4593-84C8-B6009DDF4E41,9,TCGA-95-A4VK-01,0.8616422371687743,0.19046783036872036,13325.444638351,13.325444638351,0.22105210509940734,69.96165500785467,1.493361244545056,0.06332572143129073,0.46008344550471564,1.5933397658295756,8,0.7838523502123873,9.284595920328588,2856.09375,185.0383511768574,16.208948312202608,0.5793838702114301,1000.0,True,,10,TCGA-95-A4VK-01,TCGA-95-A4VK,Female,Stage IIIA,74,0:LIVING,21.39,0,III,matched
TCGA-95-A4VK,TCGA-95-A4VK-01Z-00-DX1.D09778E0-285E-4593-84C8-B6009DDF4E41,10,TCGA-95-A4VK-01,2.0839960943539664,0.5388950433381043,26302.70621730796,26.30270621730796,0.25858735762418045,48.80858813319158,,0.1531070265161456,0.6548710788435843,1.8844693128134737,20,0.26275764838714605,9.596946968463465,6132.78125,154.21661915954454,20.20301461869719,0.851014016198633,1000.0,True,,11,TCGA-95-A4VK-01,TCGA-95-A4VK,Female,Stage IIIA,74,0:LIVING,21.39,0,III,matched
TCGA-95-A4VK,TCGA-95-A4VK-01Z-00-DX1.D09778E0-285E-4593-84C8-B6009DDF4E41,11,TCGA-95-A4VK-01,0.31182673677491646,0.050479430614894176,5801.7115113464315,5.801711511346432,0.1618829454362387,114.93219001631552,1.3294296522270745,0.23805572411551176,0.6606487049463093,2.21218685415956,10,0.30266592487778315,32.06909100683764,2895.140625,128.0281061975022,28.20973817154905,0.7372627977070971,1000.0,True,,12,TCGA-95-A4VK-01,TCGA-95-A4VK,Female,Stage IIIA,74,0:LIVING,21.39,0,III,matched
TCGA-95-A4VK,TCGA-95-A4VK-01Z-00-DX1.D09778E0-285E-4593-84C8-B6009DDF4E41,12,TCGA-95-A4VK-01,7.763735993838707,1.7778956982642378,141179.902539854,141.179902539854,0.22900002005158004,79.40842799591007,,0.09780857823400452,0.47969155576120964,2.1027051174912597,96,0.2745387891680261,12.365180896952898,3500.796875,158.06367387859868,15.694416916180641,0.9239521664066468,1000.0,True,,13,TCGA-95-A4VK-01,TCGA-95-A4VK,Female,Stage IIIA,74,0:LIVING,21.39,0,III,matched
TCGA-95-A4VK,TCGA-95-A4VK-01Z-00-DX1.D09778E0-285E-4593-84C8-B6009DDF4E41,13,TCGA-95-A4VK-01,0.2977401939207313,0.03258192798413375,5000.730742048579,5.000730742048579,0.10943073407417805,153.4817320965094,1.333857360888925,0.1191228328983325,0.43679017170807016,2.8977946428100725,5,0.37043951099296657,16.79316431603847,5856.90625,114.05179744309162,10.407329148249325,0.5462277086955996,1000.0,True,,14,TCGA-95-A4VK-01,TCGA-95-A4VK,Female,Stage IIIA,74,0:LIVING,21.39,0,III,matched
TCGA-95-A4VK,TCGA-95-A4VK-01Z-00-DX1.D09778E0-285E-4593-84C8-B6009DDF4E41,14,TCGA-95-A4VK-01,0.7364878544645888,0.13124493244409996,13704.29205125223,13.70429205125223,0.17820379745367596,104.4176852854047,,0.043366802297519186,0.3451816569134806,1.361039407305301,4,0.7645310368493637,5.43118257246471,13253.0625,152.1155367104599,9.781183205171978,0.3236916607308915,1000.0,True,,15,TCGA-95-A4VK-01,TCGA-95-A4VK,Female,Stage IIIA,74,0:LIVING,21.39,0,III,matched
TCGA-95-A4VK,TCGA-95-A4VK-01Z-00-DX1.D09778E0-285E-4593-84C8-B6009DDF4E41,15,TCGA-95-A4VK-01,0.2714363594159358,0.033583417095696566,5657.759536171562,5.657759536171562,0.12372482878844901,168.46884639671038,,0.1867628997817316,0.5286854121822494,2.1605369257588074,9,0.26570995041496526,33.156943378425,2858.8125,100.89608283402285,18.915932438026946,0.6407709659013984,1000.0,True,,16,TCGA-95-A4VK-01,TCGA-95-A4VK,Female,Stage IIIA,74,0:LIVING,21.39,0,III,matched
TCGA-95-A4VK,TCGA-95-A4VK-01Z-00-DX1.D09778E0-285E-4593-84C8-B6009DDF4E41,16,TCGA-95-A4VK-01,0.6852693468886382,0.14132345855913905,11863.838005337591,11.863838005337591,0.2062305270194805,83.94811538222424,,0.0848369299588263,0.4844315786195593,1.795039709545749,13,0.7535580566674316,18.970642797645237,3103.4375,93.7963427125493,9.572094859538323,0.6983325504931893,1000.0,True,,17,TCGA-95-A4VK-01,TCGA-95-A4VK,Female,Stage IIIA,74,0:LIVING,21.39,0,III,matched
TCGA-95-A4VK,TCGA-95-A4VK-01Z-00-DX1.D09778E0-285E-4593-84C8-B6009DDF4E41,17,TCGA-95-A4VK-01,0.3524574275811873,0.04795415591589714,5491.556340724473,5.491556340724473,0.13605659056468905,114.51679704999214,1.367873126013088,0.15349428029752857,0.5081128188365955,2.1604680964359098,7,0.2842140695817299,19.86055464354649,4231.0,107.57034399057204,2.850438562747845,0.5669594710641103,1000.0,True,,18,TCGA-95-A4VK-01,TCGA-95-A4VK,Female,Stage IIIA,74,0:LIVING,21.39,0,III,matched
TCGA-95-A4VK,TCGA-95-A4VK-01Z-00-DX1.D09778E0-285E-4593-84C8-B6009DDF4E41,18,TCGA-95-A4VK-01,0.8810446044645878,0.19203380627030103,14451.595834183561,14.45159583418356,0.2179615030807666,75.25547774563155,1.4952343586015957,0.07733288718660339,0.47806750677604326,2.299486795711811,8,0.519081535648506,9.080130517184896,4342.015625,205.37550403163957,6.5,0.6766167428295067,1000.0,True,,19,TCGA-95-A4VK-01,TCGA-95-A4VK,Female,Stage IIIA,74,0:LIVING,21.39,0,III,matched
TCGA-95-A4VK,TCGA-95-A4VK-01Z-00-DX1.D09778E0-285E-4593-84C8-B6009DDF4E41,19,TCGA-95-A4VK-01,2.0971114314833637,0.47810652269077264,37095.23498288718,37.095234982887185,0.22798336583983544,77.58780360099679,,0.09061304395084215,0.4081137843414058,2.559289692108404,18,0.47083008747712946,8.583234886697433,3615.15625,181.63859205851602,11.875,0.8185026555579321,1000.0,True,,20,TCGA-95-A4VK-01,TCGA-95-A4VK,Female,Stage IIIA,74,0:LIVING,21.39,0,III,matched
TCGA-95-A4VK,TCGA-95-A4VK-01Z-00-DX1.D09778E0-285E-4593-84C8-B6009DDF4E41,20,TCGA-95-A4VK-01,0.15978558712939883,0.020975177121901358,3160.880003756055,3.160880003756055,0.1312707704038104,150.69622465574335,,0.06532236632044636,0.3904256583465863,2.127315642736338,2,0.8996591159854388,12.516773483332662,10125.328125,92.58551790101949,6.25,0.14372794636556105,1000.0,True,,21,TCGA-95-A4VK-01,TCGA-95-A4VK,Female,Stage IIIA,74,0:LIVING,21.39,0,III,matched
TCGA-95-A4VN,TCGA-95-A4VN-01Z-00-DX1.B997A80F-C396-40AB-808A-B70EB83A2B74,1,TCGA-95-A4VN-01,0.1553161402801366,0.020898149552057124,2940.275730454757,2.9402757304547573,0.13455233637897573,140.69550622798224,,0.09229278231457352,0.3529620452003755,2.194052082078434,3,0.6780026929344691,19.315442648710157,5106.96875,68.2570967006362,9.199184746487049,0.2977464441844714,1000.0,True,,2,TCGA-95-A4VN-01,TCGA-95-A4VN,Female,Stage IIA,62,0:LIVING,18.17,0,II,matched
TCGA-95-A4VN,TCGA-95-A4VN-01Z-00-DX1.B997A80F-C396-40AB-808A-B70EB83A2B74,2,TCGA-95-A4VN-01,0.4341143998608031,0.07696617183677239,4126.490138809535,4.126490138809535,0.1772946759228702,53.61433523757522,1.20900020403575,0.2769632706598566,0.7298722373704629,1.544175708903782,4,0.3896617935423869,9.214161062804143,22448.907756080207,138.59292156116913,20.533575552345702,0.4308317970111907,1000.0,True,,3,TCGA-95-A4VN-01,TCGA-95-A4VN,Female,Stage IIA,62,0:LIVING,18.17,0,II,matched
TCGA-95-A4VN,TCGA-95-A4VN-01Z-00-DX1.B997A80F-C396-40AB-808A-B70EB83A2B74,3,TCGA-95-A4VN-01,0.9510892720786073,0.32856926611067383,7936.026308344142,7.936026308344142,0.3454662729951576,24.153282509603336,1.2585201289028425,0.43365870766320247,0.8815364004991789,1.2242270534113442,7,0.5824542940377253,7.359982081073722,22614.625,157.953822860512,32.0,0.6569243793176054,1000.0,True,,4,TCGA-95-A4VN-01,TCGA-95-A4VN,Female,Stage IIA,62,0:LIVING,18.17,0,II,matched
TCGA-95-A4VN,TCGA-95-A4VN-01Z-00-DX1.B997A80F-C396-40AB-808A-B70EB83A2B74,4,TCGA-95-A4VN-01,0.2876395408387254,0.0415424375,1917.934595566646,1.917934595566646,0.14442533658226125,46.1680804253878,1.1520523696339415,0.4365875489572316,0.8439910966235021,1.5076826692317575,3,0.8423472951252169,10.429720445430863,4699.34375,172.7797098186011,42.268487079619966,0.3878059433936054,1000.0,True,,5,TCGA-95-A4VN-01,TCGA-95-A4VN,Female,Stage IIA,62,0:LIVING,18.17,0,II,matched
TCGA-95-A4VN,TCGA-95-A4VN-01Z-00-DX1.B997A80F-C396-40AB-808A-B70EB83A2B74,5,TCGA-95-A4VN-01,1.1440041384432513,0.4254440239007801,9189.935468373855,9.189935468373855,0.3718902839632379,21.600809864747532,1.282645631094315,0.2809707089278192,0.7900184928523163,1.6186162768863557,6,0.42448432495622407,5.244736271815184,44014.9375,340.9341544290481,55.05652339887747,0.7108478253479091,1000.0,True,,6,TCGA-95-A4VN-01,TCGA-95-A4VN,Female,Stage IIA,62,0:LIVING,18.17,0,II,matched
TCGA-95-A4VN,TCGA-95-A4VN-01Z-00-DX1.B997A80F-C396-40AB-808A-B70EB83A2B74,6,TCGA-95-A4VN-01,225.04509985869316,133.37419956641375,2609046.0711882343,2609.0460711882342,0.5926554261797303,19.561849890533427,,0.045003599784137524,0.6095893082371631,1.5775829586788948,1320,0.27070401897426133,5.865490965272445,3919.25,153.82905486984686,15.75,0.9792330901458196,1000.0,True,,7,TCGA-95-A4VN-01,TCGA-95-A4VN,Female,Stage IIA,62,0:LIVING,18.17,0,II,matched
TCGA-95-A4VN,TCGA-95-A4VN-01Z-00-DX1.B997A80F-C396-40AB-808A-B70EB83A2B74,7,TCGA-95-A4VN-01,0.6310648021894082,0.07417177743248775,8421.45021077449,8.42145021077449,0.11753432797259034,113.53981935298528,,0.2064352577605228,0.6088552117291613,1.9284063409559842,10,0.2747487148809791,15.846233168616166,3214.783333272353,144.52320893739926,14.0,0.7406049051261006,1000.0,True,,8,TCGA-95-A4VN-01,TCGA-95-A4VN,Female,Stage IIA,62,0:LIVING,18.17,0,II,matched
TCGA-95-A4VN,TCGA-95-A4VN-01Z-00-DX1.B997A80F-C396-40AB-808A-B70EB83A2B74,8,TCGA-95-A4VN-01,0.17569799263933544,0.025835174568768587,3099.5441318668063,3.099544131866806,0.1470430833083097,119.97380252323735,,0.24723339784867454,0.7411956960403309,2.0103317129736507,5,0.5488282851965374,28.457923308570543,3171.9409538312293,113.5436314814706,40.253105470261545,0.6347452125282094,1000.0,True,,9,TCGA-95-A4VN-01,TCGA-95-A4VN,Female,Stage IIA,62,0:LIVING,18.17,0,II,matched
TCGA-95-A4VN,TCGA-95-A4VN-01Z-00-DX1.B997A80F-C396-40AB-808A-B70EB83A2B74,9,TCGA-95-A4VN-01,0.8591123232065305,0.17104236399377865,11427.22092768449,11.42722092768449,0.19909196897023218,66.80930186453769,,0.08457341610455332,0.5227824142127763,4.411109778203696,9,0.7407143448061408,10.475929348107373,3569.84375,175.73746399103408,25.0,0.5482118700870163,1000.0,True,,10,TCGA-95-A4VN-01,TCGA-95-A4VN,Female,Stage IIA,62,0:LIVING,18.17,0,II,matched
TCGA-95-A4VN,TCGA-95-A4VN-01Z-00-DX1.B997A80F-C396-40AB-808A-B70EB83A2B74,10,TCGA-95-A4VN-01,0.4243965821780519,0.05459185395925707,5844.8899107323905,5.84488991073239,0.1286340565682349,107.06523935044487,1.302152250163498,0.13672660600958148,0.6626547604635358,2.797559618384919,6,0.39262866416286274,14.137719887392384,7235.875,151.946960832555,16.90044378115557,0.6900711217886419,1000.0,True,,11,TCGA-95-A4VN-01,TCGA-95-A4VN,Female,Stage IIA,62,0:LIVING,18.17,0,II,matched
TCGA-95-A4VN,TCGA-95-A4VN-01Z-00-DX1.B997A80F-C396-40AB-808A-B70EB83A2B74,11,TCGA-95-A4VN-01,2.038013256867421,1.033383665769011,30755.12885730523,30.75512885730523,0.5070544375935018,29.761578275400986,,0.043908747844975074,0.6996124725216939,1.1416229618582951,18,0.9390155009761462,8.832130968405647,2482.375,97.4089053725832,12.876179140349286,0.809252300438751,1000.0,True,,12,TCGA-95-A4VN-01,TCGA-95-A4VN,Female,Stage IIA,62,0:LIVING,18.17,0,II,matched
TCGA-95-A4VP,TCGA-95-A4VP-01Z-00-DX1.1B145AC0-2471-4974-BBB6-C88BDF0BE8BD,1,TCGA-95-A4VP-01,1.0828350046922601,0.234994625,10173.910134610705,10.173910134610706,0.21701794269828306,43.29422485561406,1.252053867526243,0.14126544107681613,0.7923421558841152,1.7482316527406794,7,0.5899363772490049,6.4645121091088,17113.1875,262.9767694112923,52.44342189445689,0.7619033137706919,1000.0,True,,2,TCGA-95-A4VP-01,TCGA-95-A4VP,Female,Stage IIIA,66,0:LIVING,19.88,0,III,matched
TCGA-95-A4VP,TCGA-95-A4VP-01Z-00-DX1.1B145AC0-2471-4974-BBB6-C88BDF0BE8BD,2,TCGA-95-A4VP-01,110.33093424806312,54.45433725385046,1194820.029063239,1194.820029063239,0.49355457401835984,21.94168709635252,,0.06256209284802483,0.6074332923188414,1.6872896017487224,392,0.2047116596594047,3.5529473458336245,16735.171875,242.73262038712474,24.261595166023195,0.9756135043551214,1000.0,True,,3,TCGA-95-A4VP-01,TCGA-95-A4VP,Female,Stage IIIA,66,0:LIVING,19.88,0,III,matched
TCGA-95-A4VP,TCGA-95-A4VP-01Z-00-DX1.1B145AC0-2471-4974-BBB6-C88BDF0BE8BD,3,TCGA-95-A4VP-01,0.3818965375163363,0.1028771875,3951.956023591484,3.9519560235914843,0.26938497051861654,38.414308552044005,1.2303210064789514,0.1850438247484349,0.8614021204840445,1.6610727690282445,2,0.6082755400750313,5.237020510861392,51336.90625,362.63154940655676,2.9154759474226504,0.22235065152736275,1000.0,True,,4,TCGA-95-A4VP-01,TCGA-95-A4VP,Female,Stage IIIA,66,0:LIVING,19.88,0,III,matched
TCGA-95-A4VP,TCGA-95-A4VP-01Z-00-DX1.1B145AC0-2471-4974-BBB6-C88BDF0BE8BD,4,TCGA-95-A4VP-01,0.46991059579699335,0.16321309375,3703.5841802377035,3.7035841802377036,0.3473279709157907,22.69170993051961,1.11542658943445,0.16757278916499385,0.8730238877954667,2.3151822440494954,1,1.0,2.128064378510016,162957.875,,,0.0,1000.0,True,,5,TCGA-95-A4VP-01,TCGA-95-A4VP,Female,Stage IIIA,66,0:LIVING,19.88,0,III,matched
TCGA-95-A4VP,TCGA-95-A4VP-01Z-00-DX1.1B145AC0-2471-4974-BBB6-C88BDF0BE8BD,5,TCGA-95-A4VP-01,0.34449208217805155,0.06515840625,3883.602470200944,3.883602470200944,0.18914340741312807,59.6024779258769,1.2945326124806555,0.055731333396127646,0.597474843647476,2.696188278310328,1,1.0,2.902824336854127,65105.9375,,,0.0,1000.0,True,,6,TCGA-95-A4VP-01,TCGA-95-A4VP,Female,Stage IIIA,66,0:LIVING,19.88,0,III,matched
TCGA-95-A4VP,TCGA-95-A4VP-01Z-00-DX1.1B145AC0-2471-4974-BBB6-C88BDF0BE8BD,6,TCGA-95-A4VP-01,0.8408970869214696,0.2671111859049082,12093.893508142772,12.093893508142772,0.31765026905112037,45.27662691164199,1.3537479929678442,0.14430104245183556,0.6432653869259264,1.585719250141074,5,0.6190470289982213,5.946030825609156,23391.011298670724,238.11932407933634,7.850159234053791,0.46039272586205915,1000.0,True,,7,TCGA-95-A4VP-01,TCGA-95-A4VP,Female,Stage IIIA,66,0:LIVING,19.88,0,III,matched
TCGA-95-A4VP,TCGA-95-A4VP-01Z-00-DX1.1B145AC0-2471-4974-BBB6-C88BDF0BE8BD,7,TCGA-95-A4VP-01,2.1327782213940556,0.5278326921070303,34518.686372287535,34.51868637228753,0.24748597243365564,65.39702236800457,1.5049959529136574,0.13346970092969163,0.7163565877012117,2.0164059762054007,24,0.1933984146724578,11.252928110037054,12467.765625,169.92031038509725,24.24825451834854,0.7873875042142213,1000.0,True,,8,TCGA-95-A4VP-01,TCGA-95-A4VP,Female,Stage IIIA,66,0:LIVING,19.88,0,III,matched
TCGA-95-A4VP,TCGA-95-A4VP-01Z-00-DX1.1B145AC0-2471-4974-BBB6-C88BDF0BE8BD,8,TCGA-95-A4VP-01,6.8649501000026305,2.1311524078823227,105813.25258649385,105.81325258649385,0.3104396065284591,49.65072051868784,1.6553179656922083,0.10828177905768947,0.6866309761305257,2.234442028300654,69,0.16802878978116745,10.051056307018687,10975.8125,157.58134060303587,21.42574386106583,0.8968029749788864,1000.0,True,,9,TCGA-95-A4VP-01,TCGA-95-A4VP,Female,Stage IIIA,66,0:LIVING,19.88,0,III,matched
TCGA-95-A4VP,TCGA-95-A4VP-01Z-00-DX1.1B145AC0-2471-4974-BBB6-C88BDF0BE8BD,9,TCGA-95-A4VP-01,6.120389303334816,2.6812537221350414,71091.09232594709,71.09109232594709,0.4380854859468019,26.514123500904024,,0.06810019962174847,0.6515658285651986,1.9174276843057207,20,0.4030536032281785,3.267765988203169,26310.171875,292.92654299779076,31.041895963255946,0.8979412234952903,1000.0,True,,10,TCGA-95-A4VP-01,TCGA-95-A4VP,Female,Stage IIIA,66,0:LIVING,19.88,0,III,matched
TCGA-95-A4VP,TCGA-95-A4VP-01Z-00-DX1.1B145AC0-2471-4974-BBB6-C88BDF0BE8BD,10,TCGA-95-A4VP-01,18.439087640857593,6.552300510103035,226797.49712954948,226.79749712954947,0.35534841190213523,34.613415056261374,,0.10554911825225399,0.6701303348654826,2.015271430833877,93,0.1770218242130345,5.0436334926859,24134.59375,283.0673506429168,29.67532645144784,0.9212362840232248,1000.0,True,,11,TCGA-95-A4VP-01,TCGA-95-A4VP,Female,Stage IIIA,66,0:LIVING,19.88,0,III,matched
TCGA-95-A4VP,TCGA-95-A4VP-01Z-00-DX1.1B145AC0-2471-4974-BBB6-C88BDF0BE8BD,11,TCGA-95-A4VP-01,0.4352071505585898,0.09051484375,4296.585226258159,4.296585226258159,0.20798105829332975,47.46829413002394,1.164086306815301,0.25391188130000064,0.875149318490994,1.8444064549326664,4,0.4298718108145504,9.191025457339078,24244.703125,169.0210276128099,21.45197163823299,0.5124353898421595,1000.0,True,,12,TCGA-95-A4VP-01,TCGA-95-A4VP,Female,Stage IIIA,66,0:LIVING,19.88,0,III,matched
TCGA-95-A4VP,TCGA-95-A4VP-01Z-00-DX1.1B145AC0-2471-4974-BBB6-C88BDF0BE8BD,12,TCGA-95-A4VP-01,0.5594106018399857,0.18365603125,3493.4126073624525,3.4934126073624525,0.32830273621187667,19.021496781704265,1.1247764499474868,0.20278794868258793,0.8810238143398244,1.6745034666322236,1,1.0,1.787595724340671,183616.84375,,,0.0,1000.0,True,,13,TCGA-95-A4VP-01,TCGA-95-A4VP,Female,Stage IIIA,66,0:LIVING,19.88,0,III,matched
TCGA-95-A4VP,TCGA-95-A4VP-01Z-00-DX1.1B145AC0-2471-4974-BBB6-C88BDF0BE8BD,13,TCGA-95-A4VP-01,0.16100103328087514,0.03891782449868129,1220.566050493197,1.220566050493197,0.24172406664488297,31.362648509156912,1.1179036817082144,0.336973901077265,0.9014835573322149,2.0236052289235635,1,1.0,6.211140261786054,38914.324498681286,,,0.0,1000.0,True,,14,TCGA-95-A4VP-01,TCGA-95-A4VP,Female,Stage IIIA,66,0:LIVING,19.88,0,III,matched
TCGA-95-A4VP,TCGA-95-A4VP-01Z-00-DX1.1B145AC0-2471-4974-BBB6-C88BDF0BE8BD,14,TCGA-95-A4VP-01,88.23140786482885,39.85534489631916,1243144.477593903,1243.144477593903,0.45171380419745577,31.191411862771602,,0.06387912273650048,0.6139313040011464,1.5643747191084671,462,0.2997794795301362,5.236230625581622,14058.34375,209.0707490898715,19.1049731745428,0.972259438024328,1000.0,True,,15,TCGA-95-A4VP-01,TCGA-95-A4VP,Female,Stage IIIA,66,0:LIVING,19.88,0,III,matched
TCGA-95-A4VP,TCGA-95-A4VP-01Z-00-DX1.1B145AC0-2471-4974-BBB6-C88BDF0BE8BD,15,TCGA-95-A4VP-01,0.13457548770608815,0.04832949526938118,1551.6004285110037,1.5516004285110037,0.3591255442813808,32.10462720255242,1.1525632448846428,0.2693123908051431,0.9208677061121605,1.1881076417676437,1,1.0,7.430773739300818,48309.15151938118,,,0.0,1000.0,True,,16,TCGA-95-A4VP-01,TCGA-95-A4VP,Female,Stage IIIA,66,0:LIVING,19.88,0,III,matched
TCGA-95-A4VP,TCGA-95-A4VP-01Z-00-DX1.1B145AC0-2471-4974-BBB6-C88BDF0BE8BD,16,TCGA-95-A4VP-01,0.18594417425879775,0.018932299366463724,1847.738155293778,1.847738155293778,0.1018171149589967,97.59713384665903,1.1953905577788189,0.24450434122919099,0.8028672405428797,2.6739279116661074,3,0.5577842554125237,16.13387465328486,6616.65625,202.84986173584147,66.56763477847174,0.48057137171169373,1000.0,True,,17,TCGA-95-A4VP-01,TCGA-95-A4VP,Female,Stage IIIA,66,0:LIVING,19.88,0,III,matched
TCGA-95-A4VP,TCGA-95-A4VP-01Z-00-DX1.1B145AC0-2471-4974-BBB6-C88BDF0BE8BD,17,TCGA-95-A4VP-01,6.159600651995866,3.5717470847941177,56314.65919831766,56.31465919831766,0.5798666645112425,15.766698442357306,1.4341215663424502,0.06947263101716815,0.7555140570271892,1.2935515016992185,11,0.43412682909036515,1.7858300596866976,22851.9375,503.8153958792843,35.36240942017385,0.8163289415957267,1000.0,True,,18,TCGA-95-A4VP-01,TCGA-95-A4VP,Female,Stage IIIA,66,0:LIVING,19.88,0,III,matched
TCGA-95-A4VP,TCGA-95-A4VP-01Z-00-DX1.1B145AC0-2471-4974-BBB6-C88BDF0BE8BD,18,TCGA-95-A4VP-01,0.29577011838745826,0.041873375,3046.110785799903,3.046110785799903,0.1415740549731463,72.74576710857205,1.3635253036047257,0.13793823471070876,0.7486992531868626,3.1840737096007774,2,0.6305125059387422,6.762008315458035,20785.125,424.07495375965084,2.1505813167606567,0.2303486355729953,1000.0,True,,19,TCGA-95-A4VP-01,TCGA-95-A4VP,Female,Stage IIIA,66,0:LIVING,19.88,0,III,matched
TCGA-97-7546,TCGA-97-7546-01Z-00-DX1.dad9871f-cdfb-424d-a5b2-4e0905c29137,1,TCGA-97-7546-01,43.07100385154019,5.8093679495909925,1461096.1987482298,1461.0961987482299,0.13487886118501166,251.50691287355934,1.618343199190769,0.13736819045946275,0.5012941479640731,1.8947188222189841,1267,0.014590329314134835,29.416542144389627,2075.25,87.05861890128972,11.667261889578034,0.9740326749425765,1000.0,True,,2,TCGA-97-7546-01,TCGA-97-7546,Female,Stage IA,76,0:LIVING,42.21,0,I,matched
TCGA-97-7546,TCGA-97-7546-01Z-00-DX1.dad9871f-cdfb-424d-a5b2-4e0905c29137,2,TCGA-97-7546-01,0.26816078889836475,0.027602592880711818,10845.280732319241,10.84528073231924,0.102932994022379,392.9080423418382,,0.1304852301843738,0.5749188652458609,1.685018267827753,6,0.35968640756413894,22.374635846831623,1379.546875,87.70416931306303,13.249999999999998,0.47085268964032434,1000.0,True,,3,TCGA-97-7546-01,TCGA-97-7546,Female,Stage IA,76,0:LIVING,42.21,0,I,matched
TCGA-97-7546,TCGA-97-7546-01Z-00-DX1.dad9871f-cdfb-424d-a5b2-4e0905c29137,3,TCGA-97-7546-01,0.3287993913717808,0.015198723817854018,7135.241969129406,7.135241969129407,0.04622491469477351,469.4632295869211,1.3321626618872788,,,,0,,,,,,,1000.0,True,,4,TCGA-97-7546-01,TCGA-97-7546,Female,Stage IA,76,0:LIVING,42.21,0,I,matched
TCGA-97-7546,TCGA-97-7546-01Z-00-DX1.dad9871f-cdfb-424d-a5b2-4e0905c29137,4,TCGA-97-7546-01,0.5737771204258286,0.05910655367356273,17846.930219416667,17.846930219416667,0.1030130891759797,301.9450316454378,1.4673292072992359,0.05148233375453791,0.42214063393630125,1.99590418436767,10,0.4648691718544763,17.428370083105616,2460.84375,111.36621326297669,8.74642784226795,0.692780513488508,1000.0,True,,5,TCGA-97-7546-01,TCGA-97-7546,Female,Stage IA,76,0:LIVING,42.21,0,I,matched
TCGA-97-7546,TCGA-97-7546-01Z-00-DX1.dad9871f-cdfb-424d-a5b2-4e0905c29137,5,TCGA-97-7546-01,1.97985428786071,0.15799822342791242,56327.79280460454,56.32779280460454,0.07980295539760862,356.50902638347964,1.5538556600446902,0.13544061931717516,0.47726059060724485,2.3406297222866166,46,0.05100388830381216,23.234033071041978,1541.28125,91.85903598897703,20.607778724166177,0.7893569575244264,1000.0,True,,6,TCGA-97-7546-01,TCGA-97-7546,Female,Stage IA,76,0:LIVING,42.21,0,I,matched
TCGA-97-7546,TCGA-97-7546-01Z-00-DX1.dad9871f-cdfb-424d-a5b2-4e0905c29137,6,TCGA-97-7546-01,2.2979384073663898,0.3435239279315564,82742.25206060612,82.74225206060612,0.14949222608854024,240.86314033149873,1.775130019536405,0.1362379837292753,0.5249880737308211,1.8597843930878561,91,0.09667010330238239,39.60071327773004,1801.5,79.8444043515261,12.772039774444801,0.8545210420488218,1000.0,True,,7,TCGA-97-7546-01,TCGA-97-7546,Female,Stage IA,76,0:LIVING,42.21,0,I,matched
TCGA-97-7546,TCGA-97-7546-01Z-00-DX1.dad9871f-cdfb-424d-a5b2-4e0905c29137,7,TCGA-97-7546-01,0.40244423677491703,0.06447519282830172,11711.432254204055,11.711432254204055,0.1602090101848372,181.64245410466242,1.4380953166605168,0.21765667106749745,0.6105402183876328,2.0157581463995533,13,0.2706425683869898,32.302611920047866,2084.03125,88.67162031901752,11.450982490598786,0.641588548764219,1000.0,True,,8,TCGA-97-7546-01,TCGA-97-7546,Female,Stage IA,76,0:LIVING,42.21,0,I,matched
TCGA-97-7547,TCGA-97-7547-01Z-00-DX1.3563966f-21ee-4405-9106-9e0bf8df9f1a,1,TCGA-97-7547-01,87.08699834291883,18.10988616676188,1450114.9498387517,1450.1149498387517,0.2079516634096325,80.0731123589408,1.6957882823444153,0.2000556016511882,0.6062366778895643,1.8709047864806505,1464,0.06201203983767842,16.810775751338547,4368.09375,122.71679029733954,17.264480597813737,0.979754519662829,1000.0,True,,2,TCGA-97-7547-01,TCGA-97-7547,Female,Stage IB,67,0:LIVING,64.55,0,I,matched
TCGA-97-7547,TCGA-97-7547-01Z-00-DX1.3563966f-21ee-4405-9106-9e0bf8df9f1a,2,TCGA-97-7547-01,0.4203225459686454,0.05756728125,4601.625377522159,4.60162537752216,0.13695977482562718,79.93473510653519,1.3811713194962982,0.07030315497372328,0.4735271310231738,2.509211706730759,2,0.5431442498072777,4.758250584419502,28741.15625,375.07103493871665,35.9339672176619,0.3044168591224018,1000.0,True,,3,TCGA-97-7547-01,TCGA-97-7547,Female,Stage IB,67,0:LIVING,64.55,0,I,matched
TCGA-97-7547,TCGA-97-7547-01Z-00-DX1.3563966f-21ee-4405-9106-9e0bf8df9f1a,3,TCGA-97-7547-01,0.1716651997709766,0.021440109323460754,1549.0490489207677,1.5490490489207678,0.12489490794910448,72.25005365181264,,0.2766332364905873,0.7492209857820861,1.4913252814902416,2,0.943087985535442,11.650584991415013,10048.130968130215,151.78717882696813,61.88396399714549,0.1495807344408136,1000.0,True,,4,TCGA-97-7547-01,TCGA-97-7547,Female,Stage IB,67,0:LIVING,64.55,0,I,matched
TCGA-97-7547,TCGA-97-7547-01Z-00-DX1.3563966f-21ee-4405-9106-9e0bf8df9f1a,4,TCGA-97-7547-01,1.3111842666221958,0.21462873496063822,30993.027482871123,30.993027482871124,0.16369074921372687,144.4029732950487,1.5173180199473741,0.16236402440083592,0.5740681329252018,2.294746062610045,34,0.13717949576797403,25.930756542395844,3041.484375,105.55171244209473,15.104860925540926,0.7387724627174937,1000.0,True,,5,TCGA-97-7547-01,TCGA-97-7547,Female,Stage IB,67,0:LIVING,64.55,0,I,matched
TCGA-97-7547,TCGA-97-7547-01Z-00-DX1.3563966f-21ee-4405-9106-9e0bf8df9f1a,5,TCGA-97-7547-01,0.1637234590134266,0.025002153348964513,4279.395940094035,4.279395940094035,0.15270965748967066,171.16109482110946,,0.15161451982794427,0.4846762556719728,1.9033154356594397,6,0.7140116539260072,36.64716123245327,1238.036523664191,132.2772356244091,21.830311495716227,0.679750099625692,1000.0,True,,6,TCGA-97-7547-01,TCGA-97-7547,Female,Stage IB,67,0:LIVING,64.55,0,I,matched
TCGA-97-7547,TCGA-97-7547-01Z-00-DX1.3563966f-21ee-4405-9106-9e0bf8df9f1a,6,TCGA-97-7547-01,1.088703297743545,0.16807473596831884,33919.82083165895,33.91982083165895,0.15438066212959203,201.8139171020483,,0.10814422645097492,0.4990410858692996,2.3106612861378495,35,0.16581220413073317,32.14833653258999,1865.9201218778026,93.58093088338029,19.014796869806418,0.8666989446902591,1000.0,True,,7,TCGA-97-7547-01,TCGA-97-7547,Female,Stage IB,67,0:LIVING,64.55,0,I,matched
TCGA-97-7547,TCGA-97-7547-01Z-00-DX1.3563966f-21ee-4405-9106-9e0bf8df9f1a,7,TCGA-97-7547-01,56.929312404547126,14.587792345156553,1350507.823658339,1350.507823658339,0.25624395814749695,92.57794405791192,,0.1784349008931328,0.5794412698017555,1.835170683258863,1312,0.027286185972595595,23.04612412454162,3592.118178524026,108.7803276312885,12.950617900083234,0.9706337874388112,1000.0,True,,8,TCGA-97-7547-01,TCGA-97-7547,Female,Stage IB,67,0:LIVING,64.55,0,I,matched
TCGA-97-7547,TCGA-97-7547-01Z-00-DX1.3563966f-21ee-4405-9106-9e0bf8df9f1a,8,TCGA-97-7547-01,0.3757567997683782,0.09091216922466577,4337.600880725937,4.337600880725937,0.24194417580920777,47.71199408966565,1.3117370856109392,0.41663101616043036,0.8426497657029078,1.705641409361036,7,0.42154371736755347,18.629070729564702,7660.40625,111.44372178368775,14.020074892809953,0.585637417218543,1000.0,True,,9,TCGA-97-7547-01,TCGA-97-7547,Female,Stage IB,67,0:LIVING,64.55,0,I,matched
TCGA-97-7547,TCGA-97-7547-01Z-00-DX1.3563966f-21ee-4405-9106-9e0bf8df9f1a,9,TCGA-97-7547-01,0.29710746356027173,0.044990683966712006,5707.366014107782,5.707366014107782,0.15142899282159947,126.85661810188492,1.2955302454180815,0.2996680335242897,0.7170971620084776,1.9531961140857788,9,0.21121974112424366,30.292069718316736,3790.71875,112.47376430194733,21.054987532648884,0.616401654600798,1000.0,True,,10,TCGA-97-7547-01,TCGA-97-7547,Female,Stage IB,67,0:LIVING,64.55,0,I,matched
TCGA-97-7553,TCGA-97-7553-01Z-00-DX1.e31eec5e-0053-407a-b057-9b87555b122d,1,TCGA-97-7553-01,0.42708324347092985,0.06766509091708905,11439.411775433402,11.439411775433403,0.15843536816656867,169.05928330829065,1.5133880321641677,0.22104385001033425,0.6447174434186814,2.2865201022777404,15,0.23523149472232774,35.121958609507004,3024.375,108.07361495758343,29.295904150580505,0.7712493471411483,1000.0,True,,2,TCGA-97-7553-01,TCGA-97-7553,Female,Stage IA,58,0:LIVING,61.43,0,I,matched
TCGA-97-7553,TCGA-97-7553-01Z-00-DX1.e31eec5e-0053-407a-b057-9b87555b122d,2,TCGA-97-7553-01,14.5676710059036,4.2167438376118636,284904.83479938237,284.90483479938234,0.2894590244317718,67.56512744694899,1.558301349688205,0.09557277192964388,0.5666440848324292,1.878327180995453,244,0.26614444402512727,16.749417247349843,3004.859375,113.70244053494136,14.004462863060951,0.9472360039677661,1000.0,True,,3,TCGA-97-7553-01,TCGA-97-7553,Female,Stage IA,58,0:LIVING,61.43,0,I,matched
TCGA-97-7553,TCGA-97-7553-01Z-00-DX1.e31eec5e-0053-407a-b057-9b87555b122d,3,TCGA-97-7553-01,0.7783617003351886,0.10287187534662505,17616.27029312118,17.61627029312118,0.13216461614481415,171.24476669413727,1.5081581202907197,0.1913340100802902,0.6327892967312978,1.8566611964391961,23,0.1529831395042728,29.549244252505527,3336.0,91.29108664048205,15.0,0.7877699522239656,1000.0,True,,4,TCGA-97-7553-01,TCGA-97-7553,Female,Stage IA,58,0:LIVING,61.43,0,I,matched
TCGA-97-7553,TCGA-97-7553-01Z-00-DX1.e31eec5e-0053-407a-b057-9b87555b122d,4,TCGA-97-7553-01,0.24592611588844396,0.020323625,4494.377379828764,4.494377379828764,0.08264118239975425,221.14053865040137,1.2526283237414073,0.2144763781934506,0.5919410822138287,2.561925443266047,6,0.3509930851521686,24.39757151583566,1603.703125,69.97320915893454,4.257346591481601,0.4734445897730175,1000.0,True,,5,TCGA-97-7553-01,TCGA-97-7553,Female,Stage IA,58,0:LIVING,61.43,0,I,matched
TCGA-97-7554,TCGA-97-7554-01Z-00-DX1.4107ca63-4642-42b9-b6f2-13778ecaf9a7,1,TCGA-97-7554-01,326.8942916386085,187.57747917854752,4186404.6518440945,4186.404651844095,0.5738169309665404,22.318269070346247,,0.03667926086007618,0.6056378761481515,1.6142184318876582,2523,0.6193154693987042,7.718091335743644,3757.25,134.56045342150122,13.950806428303705,0.9857871563394439,1000.0,True,,2,TCGA-97-7554-01,TCGA-97-7554,Female,Stage IIIA,83,0:LIVING,25.46,0,III,matched
TCGA-97-7554,TCGA-97-7554-01Z-00-DX1.4107ca63-4642-42b9-b6f2-13778ecaf9a7,2,TCGA-97-7554-01,0.506333817226185,0.1236858050734263,6021.059519965657,6.021059519965657,0.24427719592383948,48.68027916696863,1.2593798854170377,0.16390259941863486,0.697359776298618,1.3819953837356502,4,0.7718531108430957,7.8999266174101015,12651.265625,230.29845912019408,66.20143544653956,0.5690752262443439,1000.0,True,,3,TCGA-97-7554-01,TCGA-97-7554,Female,Stage IIIA,83,0:LIVING,25.46,0,III,matched
TCGA-97-7554,TCGA-97-7554-01Z-00-DX1.4107ca63-4642-42b9-b6f2-13778ecaf9a7,3,TCGA-97-7554-01,0.19961572669632097,0.05269563065126092,2688.1549934337227,2.6881549934337228,0.26398536589969057,51.01286311997861,1.2677785395684769,0.36846867177225406,0.8508796912135601,1.7951981042600758,4,0.6322148681397823,20.03850130548718,8553.874268407319,153.69636504693528,12.37784042015942,0.5467613393239196,1000.0,True,,4,TCGA-97-7554-01,TCGA-97-7554,Female,Stage IIIA,83,0:LIVING,25.46,0,III,matched
TCGA-97-7941,TCGA-97-7941-01Z-00-DX1.6845ef95-2231-44a2-aeae-004a117f1964,1,TCGA-97-7941-01,147.87887882296053,49.689238200280684,3187315.261223747,3187.315261223747,0.33601308446332123,64.14498142186737,,0.12825269040489365,0.6014447336179155,2.005789192815796,3104,0.1000211367717985,20.990151025665302,4074.015625,106.55223557603097,13.306483382171264,0.9835809236488552,1000.0,True,,2,TCGA-97-7941-01,TCGA-97-7941,Female,Stage IA,72,0:LIVING,15.9,0,I,matched
TCGA-97-7941,TCGA-97-7941-01Z-00-DX1.6845ef95-2231-44a2-aeae-004a117f1964,2,TCGA-97-7941-01,0.20817577298432274,0.0145413125,1791.139177030893,1.791139177030893,0.06985112768667406,123.17589468150781,1.323662510484239,0.12245348293238817,0.5627477981220167,2.0648289297573523,2,0.9032979711286828,9.6072658759894,6663.1875,210.63623857256852,51.66236541235796,0.2880093199296479,1000.0,True,,3,TCGA-97-7941-01,TCGA-97-7941,Female,Stage IA,72,0:LIVING,15.9,0,I,matched
TCGA-97-7941,TCGA-97-7941-01Z-00-DX1.6845ef95-2231-44a2-aeae-004a117f1964,3,TCGA-97-7941-01,0.2754460821780517,0.0662576726231469,3276.600783378181,3.276600783378181,0.24054679630664388,49.45239779269747,1.2344511914307805,0.21792369424257751,0.7166032290392633,1.7253619536532407,3,0.8557583319260799,10.891423745358496,5291.59375,217.75137317081686,27.75,0.6541224512063014,1000.0,True,,4,TCGA-97-7941-01,TCGA-97-7941,Female,Stage IA,72,0:LIVING,15.9,0,I,matched
TCGA-97-7941,TCGA-97-7941-01Z-00-DX1.6845ef95-2231-44a2-aeae-004a117f1964,4,TCGA-97-7941-01,0.2391943035247253,0.04435281971040196,5200.068741756053,5.200068741756053,0.18542590294512284,117.24325027606967,1.3652092700379213,0.27822196419236744,0.6983654179506874,1.7168014570956043,7,0.22893173404127412,29.2649109817802,5721.65625,129.93201347243104,25.61493704852698,0.6265349372243723,1000.0,True,,5,TCGA-97-7941-01,TCGA-97-7941,Female,Stage IA,72,0:LIVING,15.9,0,I,matched
TCGA-97-7941,TCGA-97-7941-01Z-00-DX1.6845ef95-2231-44a2-aeae-004a117f1964,5,TCGA-97-7941-01,0.36322043655369973,0.0573281875,5794.288851436242,5.794288851436242,0.1578330449793521,101.07224916950744,,0.337287647393186,0.737898245281933,1.3773658294714977,9,0.3039980773363714,24.77834145400409,4970.53125,107.15125115928419,19.80056817366613,0.7565262957317074,1000.0,True,,6,TCGA-97-7941-01,TCGA-97-7941,Female,Stage IA,72,0:LIVING,15.9,0,I,matched
TCGA-97-7941,TCGA-97-7941-01Z-00-DX1.6845ef95-2231-44a2-aeae-004a117f1964,6,TCGA-97-7941-01,5.695993049436259,0.8703947372820149,103141.5120287678,103.1415120287678,0.15280825129661266,118.49969629969067,,0.2049987697888612,0.6321644811618155,2.5741350412077484,127,0.051105484466651474,22.296375521836246,2936.90625,115.81403466333431,20.0701893364263,0.9540107562478621,1000.0,True,,7,TCGA-97-7941-01,TCGA-97-7941,Female,Stage IA,72,0:LIVING,15.9,0,I,matched
TCGA-97-7941,TCGA-97-7941-01Z-00-DX1.6845ef95-2231-44a2-aeae-004a117f1964,7,TCGA-97-7941-01,0.7103762095380222,0.1223541039133703,16740.66595607497,16.74066595607497,0.17223845938329024,136.82145036939482,1.5424840247227583,0.16134068322852543,0.5949073417178202,1.8831850186014962,20,0.2755165028636454,28.154096000774814,3391.859375,98.86607102540285,14.251007998963747,0.7235555305755396,1000.0,True,,8,TCGA-97-7941-01,TCGA-97-7941,Female,Stage IA,72,0:LIVING,15.9,0,I,matched
TCGA-97-7941,TCGA-97-7941-01Z-00-DX1.6845ef95-2231-44a2-aeae-004a117f1964,8,TCGA-97-7941-01,0.22367749422942754,0.04150229376256601,6732.823003963985,6.7328230039639845,0.18554523737643816,162.22773233890064,1.4204927892416606,0.2558085006174183,0.7077130708732061,2.3156564302638096,10,0.31842807397688105,44.70722472303329,2002.296875,94.59052305849379,10.159696145917689,0.6837069607050359,1000.0,True,,9,TCGA-97-7941-01,TCGA-97-7941,Female,Stage IA,72,0:LIVING,15.9,0,I,matched
TCGA-97-7941,TCGA-97-7941-01Z-00-DX1.6845ef95-2231-44a2-aeae-004a117f1964,9,TCGA-97-7941-01,0.20817577298432274,0.01933403125,2249.6739712886283,2.2496739712886282,0.09287358933671884,116.3582463584064,1.2461122152687407,0.376728697269044,0.8342209817021341,1.5788190391238834,4,0.5750001794262666,19.2145317519788,3028.6875,126.14619349460187,15.53604604456439,0.4110430604890161,1000.0,True,,10,TCGA-97-7941-01,TCGA-97-7941,Female,Stage IA,72,0:LIVING,15.9,0,I,matched
TCGA-97-7941,TCGA-97-7941-01Z-00-DX1.6845ef95-2231-44a2-aeae-004a117f1964,10,TCGA-97-7941-01,0.19528617254188937,0.0202604375,4013.9240610229763,4.013924061022976,0.10374742479862002,198.11635661979048,1.3430302526980116,0.12125219404055376,0.5207104539154744,2.4622471438117866,6,0.28862288328383645,30.724141509368692,3126.3125,107.37289144719594,16.592543506045118,0.44969414939476493,1000.0,True,,11,TCGA-97-7941-01,TCGA-97-7941,Female,Stage IA,72,0:LIVING,15.9,0,I,matched
TCGA-97-7941,TCGA-97-7941-01Z-00-DX1.6845ef95-2231-44a2-aeae-004a117f1964,11,TCGA-97-7941-01,0.22881492758118688,0.014520988478005798,3755.633533807361,3.755633533807361,0.06346171830442986,258.6348401485083,,0.22967966999289371,0.6678428247101929,2.431919410191276,8,0.1935123694933049,34.96275389271307,1294.609375,58.99872932440979,14.07219143707239,0.39222908237405973,1000.0,True,,12,TCGA-97-7941-01,TCGA-97-7941,Female,Stage IA,72,0:LIVING,15.9,0,I,matched
TCGA-97-7941,TCGA-97-7941-01Z-00-DX1.6845ef95-2231-44a2-aeae-004a117f1964,12,TCGA-97-7941-01,2.717230330732865,0.44230512816760964,59705.037620809024,59.70503762080902,0.16277792985194428,134.98608498652553,1.5605239651454488,0.17445295155150997,0.6059475495444054,1.906741064900502,77,0.12603050103842478,28.337678675635978,3052.875,97.74858135159815,12.150102880222867,0.8793723024657785,1000.0,True,,13,TCGA-97-7941-01,TCGA-97-7941,Female,Stage IA,72,0:LIVING,15.9,0,I,matched
TCGA-97-8177,TCGA-97-8177-01Z-00-DX1.4c2ddf48-40d3-4fa0-8b5f-0485e8270ac7,1,TCGA-97-8177-01,2.3451415875361556,0.7543873399046757,57189.23861368331,57.18923861368331,0.3216809355622947,75.80885254637192,1.6715195355747148,0.08575477562830115,0.5321925643491833,2.2503121766643956,46,0.42639474966464047,19.61502036571206,4868.296875,124.45476133884912,9.973056451492813,0.8653497501058984,1000.0,True,,2,TCGA-97-8177-01,TCGA-97-8177,Female,Stage IB,59,0:LIVING,16.39,0,I,matched
TCGA-97-8177,TCGA-97-8177-01Z-00-DX1.4c2ddf48-40d3-4fa0-8b5f-0485e8270ac7,2,TCGA-97-8177-01,308.2429899335592,150.68146395516666,7371470.914562894,7371.470914562894,0.48883987268500595,48.9208872881417,1.8390734927985675,0.04973243776100247,0.5056844799432477,1.7315033893177567,4638,0.21164435451588315,15.046570892008626,3423.046875,112.03577832549743,10.0,0.9838914534797472,1000.0,True,,3,TCGA-97-8177-01,TCGA-97-8177,Female,Stage IB,59,0:LIVING,16.39,0,I,matched
TCGA-97-8177,TCGA-97-8177-01Z-00-DX1.4c2ddf48-40d3-4fa0-8b5f-0485e8270ac7,3,TCGA-97-8177-01,0.6065461408575383,0.16179496875,4088.56745930528,4.08856745930528,0.2667479979697066,25.270053147467113,1.226823957692688,0.12863240964943168,0.6415001528423718,3.038869803520727,1,1.0,1.6486791896593298,161589.71875,,,0.0,1000.0,True,,4,TCGA-97-8177-01,TCGA-97-8177,Female,Stage IB,59,0:LIVING,16.39,0,I,matched
TCGA-97-8177,TCGA-97-8177-01Z-00-DX1.4c2ddf48-40d3-4fa0-8b5f-0485e8270ac7,4,TCGA-97-8177-01,0.21161097598445652,0.024440278071132863,3416.6721432000168,3.416672143200017,0.11549626836430299,139.79677863139986,1.2400880128380871,0.14293289391635808,0.6409560685807805,4.669059698218975,3,0.7135927546962533,14.176958383389145,3335.0064522145694,346.9683207801542,78.75,0.7258915146362551,1000.0,True,,5,TCGA-97-8177-01,TCGA-97-8177,Female,Stage IB,59,0:LIVING,16.39,0,I,matched
TCGA-97-8177,TCGA-97-8177-01Z-00-DX1.4c2ddf48-40d3-4fa0-8b5f-0485e8270ac7,5,TCGA-97-8177-01,15.778135494092446,3.6868953928921484,371175.6506742364,371.1756506742364,0.2336711707332323,100.67431025838555,1.6598871818413914,0.11688303823683419,0.5301269895678972,1.9180254174899272,338,0.0675281690465867,21.4220495271163,3373.828125,119.02680479498498,16.00195300580526,0.9594532877949267,1000.0,True,,6,TCGA-97-8177-01,TCGA-97-8177,Female,Stage IB,59,0:LIVING,16.39,0,I,matched
TCGA-97-8177,TCGA-97-8177-01Z-00-DX1.4c2ddf48-40d3-4fa0-8b5f-0485e8270ac7,6,TCGA-97-8177-01,0.29172982196821223,0.05201425505079945,7547.386294855405,7.547386294855405,0.17829598187759865,145.1022664360816,1.40619167517538,0.16757089108811485,0.4805388130662523,2.282574543881849,11,0.5331533575454717,37.70612111503154,1438.068943373904,141.35261759161023,17.85007002787384,0.7710694110747971,1000.0,True,,7,TCGA-97-8177-01,TCGA-97-8177,Female,Stage IB,59,0:LIVING,16.39,0,I,matched
TCGA-97-8177,TCGA-97-8177-01Z-00-DX1.4c2ddf48-40d3-4fa0-8b5f-0485e8270ac7,7,TCGA-97-8177-01,0.8169719753504746,0.1510372315896127,12977.098941072523,12.977098941072523,0.1848744340646678,85.91986760147289,1.383360212340106,0.14967554341788467,0.6051693551317364,2.9342035613627377,14,0.39344844366896403,17.136450725857653,3396.374038900254,136.67908078627607,30.743502806708726,0.6742405648860847,1000.0,True,,8,TCGA-97-8177-01,TCGA-97-8177,Female,Stage IB,59,0:LIVING,16.39,0,I,matched
TCGA-97-8177,TCGA-97-8177-01Z-00-DX1.4c2ddf48-40d3-4fa0-8b5f-0485e8270ac7,8,TCGA-97-8177-01,0.30913542758118717,0.04099000368005036,4728.438657834968,4.7284386578349675,0.132595619986924,115.35589737300454,1.406195740312396,0.12054792125959805,0.5825928653608232,2.2012595287521592,5,0.44462117657265554,16.17414102007725,3088.034930050359,174.86123963017076,12.41219158730641,0.6387323895481736,1000.0,True,,9,TCGA-97-8177-01,TCGA-97-8177,Female,Stage IB,59,0:LIVING,16.39,0,I,matched
TCGA-97-8177,TCGA-97-8177-01Z-00-DX1.4c2ddf48-40d3-4fa0-8b5f-0485e8270ac7,9,TCGA-97-8177-01,0.37075015755812263,0.06214366965493375,8298.058384285408,8.298058384285408,0.16761603033220954,133.5302281046836,1.4152112841621907,0.4040073686570297,0.8191476358971953,2.370799890569484,20,0.16252374974585707,53.94468375071315,1915.359375,98.8622754887281,18.962092067913062,0.7779459901800327,1000.0,True,,10,TCGA-97-8177-01,TCGA-97-8177,Female,Stage IB,59,0:LIVING,16.39,0,I,matched
TCGA-97-8177,TCGA-97-8177-01Z-00-DX1.4c2ddf48-40d3-4fa0-8b5f-0485e8270ac7,10,TCGA-97-8177-01,1.1919625120992983,0.18297529862953565,15684.284178109076,15.684284178109076,0.15350759505622155,85.71804115409346,1.3865415855686636,0.18145610656168454,0.5931264791294263,2.3111632792915158,15,0.18181126439355483,12.584288388048233,4660.53125,175.32826355154492,29.177259981019464,0.6216751642834931,1000.0,True,,11,TCGA-97-8177-01,TCGA-97-8177,Female,Stage IB,59,0:LIVING,16.39,0,I,matched
TCGA-97-8552,TCGA-97-8552-01Z-00-DX1.69631717-0E05-49C1-B112-15C2E36BC2F8,1,TCGA-97-8552-01,99.3206248001125,23.434831572961986,2934082.772328509,2934.0827723285092,0.23595131041639844,125.20178620416102,,0.10913961423481161,0.5110156834805932,1.9106401290913015,2787,0.018429857910126385,28.060637008768023,3056.65625,98.25604307115161,10.5741429912783,0.9707954792741176,1000.0,True,,2,TCGA-97-8552-01,TCGA-97-8552,Female,Stage I,55,0:LIVING,20.57,0,I,matched
TCGA-97-8552,TCGA-97-8552-01Z-00-DX1.69631717-0E05-49C1-B112-15C2E36BC2F8,2,TCGA-97-8552-01,0.2535874628505373,0.02711153125,4241.283711068021,4.2412837110680215,0.10691195434207784,156.4383683075083,1.4043118953528737,0.20368971939091013,0.6492146702106346,2.2413729514718455,8,0.48866524115219623,31.54730091966394,1980.90625,72.50374337523175,9.319118169655855,0.4987317379291248,1000.0,True,,3,TCGA-97-8552-01,TCGA-97-8552,Female,Stage I,55,0:LIVING,20.57,0,I,matched
TCGA-97-A4M0,TCGA-97-A4M0-01Z-00-DX1.BDDFB04C-2475-485A-9A85-C4B9EB15155E,1,TCGA-97-A4M0-01,3.564229261050421,0.8511693629791721,69917.60139974018,69.91760139974018,0.23880881409079796,82.14299578995895,1.6168081096730984,0.2313412711358572,0.6945693636176566,1.9407555191553112,89,0.16031550932191607,24.97033537449009,4725.28125,97.21311961355833,13.08147545195113,0.8504320342347633,1000.0,True,,2,TCGA-97-A4M0-01,TCGA-97-A4M0,Female,Stage IB,60,0:LIVING,21.42,0,I,matched
TCGA-97-A4M0,TCGA-97-A4M0-01Z-00-DX1.BDDFB04C-2475-485A-9A85-C4B9EB15155E,2,TCGA-97-A4M0-01,2.163845832639676,0.4098995077103812,43128.58216082795,43.12858216082795,0.18943101284177194,105.21745293556417,1.4656834397455474,0.199170033771599,0.6598343433284353,2.1396173569326917,52,0.15222480908154334,24.031286894669933,3725.65625,100.62386632463793,11.719888023765947,0.9037173059690877,1000.0,True,,3,TCGA-97-A4M0-01,TCGA-97-A4M0,Female,Stage IB,60,0:LIVING,21.42,0,I,matched
TCGA-97-A4M0,TCGA-97-A4M0-01Z-00-DX1.BDDFB04C-2475-485A-9A85-C4B9EB15155E,3,TCGA-97-A4M0-01,25.278104704902663,6.447324452592015,583245.7132109997,583.2457132109997,0.2550556906009477,90.46321733917358,1.5882796749632553,0.15518199913113664,0.602787254475968,1.8455508488888352,598,0.03402286009363106,23.656836894263616,3485.0625,100.60116343777115,12.434830115445887,0.9569968124786163,1000.0,True,,4,TCGA-97-A4M0-01,TCGA-97-A4M0,Female,Stage IB,60,0:LIVING,21.42,0,I,matched
TCGA-97-A4M0,TCGA-97-A4M0-01Z-00-DX1.BDDFB04C-2475-485A-9A85-C4B9EB15155E,4,TCGA-97-A4M0-01,1.3782422546308455,0.12694810384489263,32693.112455175993,32.69311245517599,0.09210870107802273,257.5313176407975,1.5413952458656186,0.1765244412385155,0.5678995997230626,2.0543232660041326,37,0.09395433045624897,26.845788449513357,2070.78125,84.79985627935935,22.6066914872566,0.7740075186425741,1000.0,True,,5,TCGA-97-A4M0-01,TCGA-97-A4M0,Female,Stage IB,60,0:LIVING,21.42,0,I,matched
TCGA-97-A4M0,TCGA-97-A4M0-01Z-00-DX1.BDDFB04C-2475-485A-9A85-C4B9EB15155E,5,TCGA-97-A4M0-01,1.4600738103207653,0.1198712682860412,39089.840749597715,39.08984074959771,0.08209945787583611,326.09849973656833,1.588898565011972,0.12813402223112108,0.5089858578264502,1.7862011915358924,26,0.18969383212701763,17.807318928820475,1335.359375,90.6907520092319,38.18540297024506,0.8154183301510154,1000.0,True,,6,TCGA-97-A4M0-01,TCGA-97-A4M0,Female,Stage IB,60,0:LIVING,21.42,0,I,matched
TCGA-97-A4M0,TCGA-97-A4M0-01Z-00-DX1.BDDFB04C-2475-485A-9A85-C4B9EB15155E,6,TCGA-97-A4M0-01,3.4657639396278737,0.6573519867475084,86771.07756364752,86.77107756364751,0.18967015590164218,132.0009360479451,1.6401220513407802,0.20575117832191464,0.6217689208164046,2.0186309639953866,114,0.05686913103287576,32.89318083569201,3295.171875,87.20919775371675,9.793562839251088,0.8571451629015066,1000.0,True,,7,TCGA-97-A4M0-01,TCGA-97-A4M0,Female,Stage IB,60,0:LIVING,21.42,0,I,matched
TCGA-97-A4M1,TCGA-97-A4M1-01Z-00-DX1.1C4B8247-BA3F-4841-BC9D-554F03F7894C,1,TCGA-97-A4M1-01,0.3694536669207472,0.03427797329312489,8844.001606602893,8.844001606602893,0.0927801680216588,258.00829970238436,1.388322397372799,0.16852513447023343,0.5307707095490621,2.1303810837396755,11,0.20289002126656958,29.773692846739692,1794.1875,91.71320788196212,25.383311446696627,0.5266366612111293,1000.0,True,,2,TCGA-97-A4M1-01,TCGA-97-A4M1,Female,Stage IA,52,0:LIVING,19.74,0,I,matched
TCGA-97-A4M1,TCGA-97-A4M1-01Z-00-DX1.1C4B8247-BA3F-4841-BC9D-554F03F7894C,2,TCGA-97-A4M1-01,137.16566850469792,36.18365322420771,5006418.983046558,5006.4189830465575,0.26379526027657874,138.36134654576963,1.7228549205271393,0.11297263598436275,0.5071896581011832,2.0949132451052,4454,0.011749357334890256,32.47168222598974,3019.421875,93.43381004135585,9.80114789195633,0.9721512674677708,1000.0,True,,3,TCGA-97-A4M1-01,TCGA-97-A4M1,Female,Stage IA,52,0:LIVING,19.74,0,I,matched
TCGA-97-A4M3,TCGA-97-A4M3-01Z-00-DX1.16330A66-2501-48D2-AF6A-713698BF6918,1,TCGA-97-A4M3-01,146.62283015615506,69.15784471175638,3851525.9485964044,3851.5259485964043,0.47167173514590094,55.691815796880526,1.6866371354942244,0.0715049832537836,0.5667475535265762,1.8898255606907846,2507,0.1368330838985718,17.098292246371287,3447.875,107.88919373598081,9.75320460156558,0.9823745520452474,1000.0,True,,2,TCGA-97-A4M3-01,TCGA-97-A4M3,Female,Stage IA,69,0:LIVING,17.74,0,I,matched
TCGA-97-A4M3,TCGA-97-A4M3-01Z-00-DX1.16330A66-2501-48D2-AF6A-713698BF6918,2,TCGA-97-A4M3-01,0.13107343487993728,0.019310578668601718,3550.2138308384106,3.5502138308384104,0.14732641046822437,183.848132765225,1.4075153981392499,0.22697387922768292,0.6134220516525064,1.6012997301072025,6,0.48636815718691023,45.77586606695686,1710.8125,78.54114935133094,9.650509026325086,0.6764459747739189,1000.0,True,,3,TCGA-97-A4M3-01,TCGA-97-A4M3,Female,Stage IA,69,0:LIVING,17.74,0,I,matched
TCGA-97-A4M3,TCGA-97-A4M3-01Z-00-DX1.16330A66-2501-48D2-AF6A-713698BF6918,3,TCGA-97-A4M3-01,1.629581217869827,0.15420970025334557,36052.00068729058,36.05200068729058,0.09463149093908127,233.78555712164697,1.4450616222603034,0.1527969104234901,0.5403390835829989,1.9265279078975956,38,0.11645756756290779,23.318874557030817,1921.015625,106.04933649794367,20.718456051939654,0.8920424548738153,1000.0,True,,4,TCGA-97-A4M3-01,TCGA-97-A4M3,Female,Stage IA,69,0:LIVING,17.74,0,I,matched
TCGA-97-A4M3,TCGA-97-A4M3-01Z-00-DX1.16330A66-2501-48D2-AF6A-713698BF6918,4,TCGA-97-A4M3-01,1.4228439330182496,0.1382108489227708,30722.467487840957,30.722467487840955,0.09713704062369437,222.28694583164017,1.4859142447973117,0.19131262032093965,0.5837509019679478,2.1610933912852412,35,0.16548773393510968,24.59862194847696,2594.625,81.31019404877841,22.56379843909265,0.8187645182528435,1000.0,True,,5,TCGA-97-A4M3-01,TCGA-97-A4M3,Female,Stage IA,69,0:LIVING,17.74,0,I,matched
TCGA-97-A4M3,TCGA-97-A4M3-01Z-00-DX1.16330A66-2501-48D2-AF6A-713698BF6918,5,TCGA-97-A4M3-01,0.4446381622088395,0.052759283353762926,10775.976532066947,10.775976532066947,0.1186566692603923,204.24797015932887,1.4041011312254632,0.19807327664006152,0.6097251587042812,1.489453800956384,11,0.3223209157922915,24.739217041908955,3403.0,141.03551192873374,49.689661902653356,0.8162758553798671,1000.0,True,,6,TCGA-97-A4M3-01,TCGA-97-A4M3,Female,Stage IA,69,0:LIVING,17.74,0,I,matched
TCGA-97-A4M6,TCGA-97-A4M6-01Z-00-DX1.01D83621-3D8E-4339-9F9B-CBD3083D5AE0,1,TCGA-97-A4M6-01,1.271847697048792,0.19557163176353962,23264.650340598186,23.264650340598187,0.1537696944511092,118.95718275095669,1.4164485162467573,0.12019662187033811,0.5958989708220914,1.8313764348379467,22,0.3229939627023983,17.297668621053464,3538.453125,104.1959406362604,12.5,0.7456052516993439,1000.0,True,,2,TCGA-97-A4M6-01,TCGA-97-A4M6,Female,Stage IA,45,0:LIVING,18.66,0,I,matched
TCGA-97-A4M6,TCGA-97-A4M6-01Z-00-DX1.01D83621-3D8E-4339-9F9B-CBD3083D5AE0,2,TCGA-97-A4M6-01,0.22833658684851557,0.028053264610776417,4191.133423270254,4.191133423270254,0.12285926227577221,149.39913344916965,1.2697162299699098,0.12437249869730624,0.6591642316194071,2.066788452167364,3,0.7570375791190027,13.138498921288852,3467.4375,118.14001227357309,2.25,0.23938862402073335,1000.0,True,,3,TCGA-97-A4M6-01,TCGA-97-A4M6,Female,Stage IA,45,0:LIVING,18.66,0,I,matched
TCGA-97-A4M6,TCGA-97-A4M6-01Z-00-DX1.01D83621-3D8E-4339-9F9B-CBD3083D5AE0,3,TCGA-97-A4M6-01,0.5636319505655095,0.08206689163922358,11627.350145123588,11.627350145123588,0.14560368970723414,141.68137616615098,1.4410458810050957,0.0713846453567439,0.517490437073624,2.0675320093922163,9,0.6528758219522424,15.96786695816307,2727.09375,87.14214770276206,10.204165815979275,0.49850671169723704,1000.0,True,,4,TCGA-97-A4M6-01,TCGA-97-A4M6,Female,Stage IA,45,0:LIVING,18.66,0,I,matched
TCGA-97-A4M6,TCGA-97-A4M6-01Z-00-DX1.01D83621-3D8E-4339-9F9B-CBD3083D5AE0,4,TCGA-97-A4M6-01,1.5146256206367357,0.2389570546211123,26355.014266930888,26.355014266930887,0.15776641525491747,110.29184431788009,1.3805597632898212,0.0780447727567697,0.5963629397782317,2.238319195057208,21,0.3339666959359039,13.86481234298135,1976.5,114.44091338437491,8.806957476904268,0.8081587317323178,1000.0,True,,5,TCGA-97-A4M6-01,TCGA-97-A4M6,Female,Stage IA,45,0:LIVING,18.66,0,I,matched
TCGA-97-A4M6,TCGA-97-A4M6-01Z-00-DX1.01D83621-3D8E-4339-9F9B-CBD3083D5AE0,5,TCGA-97-A4M6-01,0.34667467397650154,0.03066818521637307,6782.770152145547,6.782770152145547,0.08846387555397783,221.16633587188508,1.280837795883667,0.17952200961355508,0.6887745633645805,1.718372568065883,10,0.19420613883549154,28.845487572818268,2009.46875,79.58574385529107,12.451566825594275,0.5662438625204582,1000.0,True,,6,TCGA-97-A4M6-01,TCGA-97-A4M6,Female,Stage IA,45,0:LIVING,18.66,0,I,matched
TCGA-97-A4M6,TCGA-97-A4M6-01Z-00-DX1.01D83621-3D8E-4339-9F9B-CBD3083D5AE0,6,TCGA-97-A4M6-01,79.61898512348027,21.37729639822156,2057204.7162091252,2057.2047162091253,0.2684949621634555,96.23315679808182,1.7738016135604981,0.07413105539897101,0.4673758789527741,1.9240445014816239,1408,0.036702412731798285,17.684224407235877,3576.09375,119.00132350562129,8.923284148787374,0.9726764352129695,1000.0,True,,7,TCGA-97-A4M6-01,TCGA-97-A4M6,Female,Stage IA,45,0:LIVING,18.66,0,I,matched
TCGA-97-A4M6,TCGA-97-A4M6-01Z-00-DX1.01D83621-3D8E-4339-9F9B-CBD3083D5AE0,7,TCGA-97-A4M6-01,0.5800762245750339,0.07857291155519731,11600.19498464815,11.60019498464815,0.13545273573789396,147.6360587261557,1.4005237071684968,0.19317100687387143,0.605456087174273,2.1117447491928645,14,0.21300706822516327,24.134759203855413,3658.75,124.25152342474175,18.351217936710103,0.711102007655013,1000.0,True,,8,TCGA-97-A4M6-01,TCGA-97-A4M6,Female,Stage IA,45,0:LIVING,18.66,0,I,matched
TCGA-97-A4M6,TCGA-97-A4M6-01Z-00-DX1.01D83621-3D8E-4339-9F9B-CBD3083D5AE0,8,TCGA-97-A4M6-01,0.23308938838007012,0.02557985577642911,4791.468773895523,4.791468773895523,0.1097426869331314,187.31414343276649,1.327633208936944,0.10095788470280384,0.6868687630502447,2.0150334955103326,4,0.4819825168079075,17.160798386401414,4888.0625,122.12893370508168,42.48253440304256,0.4266176834667163,1000.0,True,,9,TCGA-97-A4M6-01,TCGA-97-A4M6,Female,Stage IA,45,0:LIVING,18.66,0,I,matched
TCGA-97-A4M6,TCGA-97-A4M6-01Z-00-DX1.01D83621-3D8E-4339-9F9B-CBD3083D5AE0,9,TCGA-97-A4M6-01,0.5088134091225319,0.053436684699989974,8353.90753680991,8.35390753680991,0.10502216282417472,156.33281861910638,1.3147634192306805,0.1322754913429618,0.584176979720159,2.2778605320560112,10,0.29399917907042333,19.653570092119587,1964.9208684851517,87.95597709223632,11.621639299169459,0.6067081092249853,1000.0,True,,10,TCGA-97-A4M6-01,TCGA-97-A4M6,Female,Stage IA,45,0:LIVING,18.66,0,I,matched
TCGA-99-7458,TCGA-99-7458-01Z-00-DX1.10ea0b2c-c763-40d1-83a4-3d4ae957fdb0,1,TCGA-99-7458-01,6.530953958665109,1.7790625686633554,231440.90189871713,231.44090189871713,0.27240470227216024,130.09149086454178,1.729348543247808,0.08544565623111613,0.6122519040959598,1.875760843634326,193,0.13890419893318265,29.55157871599023,2777.3125,90.5156236513896,7.00446286306095,0.8894225003318554,1000.0,True,,2,TCGA-99-7458-01,TCGA-99-7458,Female,Stage IIIA,74,0:LIVING,24.54,0,III,matched
TCGA-99-7458,TCGA-99-7458-01Z-00-DX1.10ea0b2c-c763-40d1-83a4-3d4ae957fdb0,2,TCGA-99-7458-01,1.153657016224929,0.24804167967385346,19266.78710685564,19.26678710685564,0.21500469913103934,77.67560327840576,1.4924137987050523,0.19096440121633607,0.7560177150414684,1.8557152908085,17,0.42683070092158387,14.73574880654607,5972.25,107.1577582643926,17.46424919657298,0.6877944918994764,1000.0,True,,3,TCGA-99-7458-01,TCGA-99-7458,Female,Stage IIIA,74,0:LIVING,24.54,0,III,matched
TCGA-99-8025,TCGA-99-8025-01Z-00-DX1.76d4e012-91a7-4f1d-ba0f-4cecd812ec49,1,TCGA-99-8025-01,1.0342768434494116,0.22268725241721302,22004.90737392621,22.00490737392621,0.2153072011885424,98.81529874327597,,0.3193334578824298,0.7380212630229153,1.757724564517482,41,0.1524802837809032,39.641223971776355,2928.063738371175,111.94201903217576,18.51013236041277,0.8266758647960938,1000.0,True,,2,TCGA-99-8025-01,TCGA-99-8025,Female,Stage IIIA,72,0:LIVING,34.82,0,III,matched
TCGA-99-8025,TCGA-99-8025-01Z-00-DX1.76d4e012-91a7-4f1d-ba0f-4cecd812ec49,2,TCGA-99-8025-01,24.16030280124451,8.41185342774643,582247.4233893696,582.2474233893696,0.3481683775632618,69.21749509672046,1.649150358728966,0.17990137115824784,0.6731009829449649,1.8414216253924731,740,0.08090792325591123,30.6287551976328,3587.046875,96.0006510394591,10.744182898728631,0.9626789242045337,1000.0,True,,3,TCGA-99-8025-01,TCGA-99-8025,Female,Stage IIIA,72,0:LIVING,34.82,0,III,matched
TCGA-99-8025,TCGA-99-8025-01Z-00-DX1.76d4e012-91a7-4f1d-ba0f-4cecd812ec49,3,TCGA-99-8025-01,16.318602814256632,5.467335181368831,393529.7028556148,393.5297028556148,0.3350369663138276,71.97833858744482,1.6630469641847039,0.1892357164698465,0.6582002885144498,1.8444324444553941,530,0.06587155928918971,32.47827072161896,3273.671875,91.44655628425818,10.501487884400001,0.9385103190500468,1000.0,True,,4,TCGA-99-8025-01,TCGA-99-8025,Female,Stage IIIA,72,0:LIVING,34.82,0,III,matched
TCGA-99-8025,TCGA-99-8025-01Z-00-DX1.76d4e012-91a7-4f1d-ba0f-4cecd812ec49,4,TCGA-99-8025-01,0.36352733821997607,0.05173946783560735,7270.411283691013,7.270411283691012,0.14232620877690083,140.51963786700335,1.4521977556020085,0.3074002596985301,0.7400453961875063,1.943138681637228,14,0.2018576707479952,38.511546527838796,2020.4375,78.93533641633692,18.10691194323868,0.6121673316605651,1000.0,True,,5,TCGA-99-8025-01,TCGA-99-8025,Female,Stage IIIA,72,0:LIVING,34.82,0,III,matched
TCGA-99-8025,TCGA-99-8025-01Z-00-DX1.76d4e012-91a7-4f1d-ba0f-4cecd812ec49,5,TCGA-99-8025-01,8.37279684017305,2.7101984319548253,188848.27711536575,188.84827711536576,0.3236909343065836,69.68060895052335,1.7203053543715836,0.18149378629415425,0.6593203625025079,1.8514056456778794,234,0.1214293700019448,27.9476505242857,3184.046875,97.95962092397377,11.724566778763107,0.9326786176546725,1000.0,True,,6,TCGA-99-8025-01,TCGA-99-8025,Female,Stage IIIA,72,0:LIVING,34.82,0,III,matched
TCGA-99-8025,TCGA-99-8025-01Z-00-DX1.76d4e012-91a7-4f1d-ba0f-4cecd812ec49,6,TCGA-99-8025-01,0.19398791179651195,0.054438725912824885,2026.3221174092685,2.0263221174092685,0.280629475355813,37.222070932631794,1.0503663751325667,0.5026574856471643,0.8667155867562353,1.3287531189983375,3,0.6236600119391047,15.464881147578508,18906.78125,169.61740034560134,71.20261582273505,0.4228167805002667,1000.0,True,,7,TCGA-99-8025-01,TCGA-99-8025,Female,Stage IIIA,72,0:LIVING,34.82,0,III,matched
TCGA-99-8028,TCGA-99-8028-01Z-00-DX1.23de89b1-67f8-41fb-980a-010ea190d687,1,TCGA-99-8028-01,7.277506217195006,1.2930934388846447,90532.02432305198,90.53202432305198,0.17768359109462173,70.01197407755794,1.5397011871677677,0.12009885277494356,0.5957641243904758,1.808411715270457,69,0.12483724037502543,9.481269811487005,5483.739460196741,181.16964813745707,33.0,0.8962435847853034,1000.0,True,,2,TCGA-99-8028-01,TCGA-99-8028,Female,Stage IA,50,0:LIVING,36.73,0,I,matched
TCGA-99-8028,TCGA-99-8028-01Z-00-DX1.23de89b1-67f8-41fb-980a-010ea190d687,2,TCGA-99-8028-01,8.171697704215637,1.478372757920972,98072.49007548147,98.07249007548147,0.18091378455645823,66.33813397197626,1.5484950980998191,0.11934674396113691,0.6032134753959001,1.9566603118060761,73,0.11989153153096829,8.933272208826395,5850.3125,205.3833306283643,36.89512162874653,0.8996980705167366,1000.0,True,,3,TCGA-99-8028-01,TCGA-99-8028,Female,Stage IA,50,0:LIVING,36.73,0,I,matched
TCGA-99-8028,TCGA-99-8028-01Z-00-DX1.23de89b1-67f8-41fb-980a-010ea190d687,3,TCGA-99-8028-01,0.2659076114611218,0.01474614216411146,2514.339621680755,2.514339621680755,0.05545588591121426,170.5082993028542,1.0975216925967883,0.29888631669084476,0.811847796372199,2.344094378723723,5,0.3244338668072796,18.80352342125809,1797.03125,143.9953476896042,4.962358310319802,0.49727386876114343,1000.0,True,,4,TCGA-99-8028-01,TCGA-99-8028,Female,Stage IA,50,0:LIVING,36.73,0,I,matched
TCGA-99-8033,TCGA-99-8033-01Z-00-DX1.06f8ca81-c0a7-4ab5-b2fe-d5fc6671e29d,1,TCGA-99-8033-01,1.5114008545683861,0.29070987842214085,17904.46682311066,17.90446682311066,0.19234465664316397,61.58878026535968,1.375037113077016,0.18312752253102954,0.6981658029248649,1.3352036843038795,18,0.5453732173567017,11.909481158220132,3168.640625,116.00763843093557,29.893036067776208,0.8650934137537588,1000.0,True,,2,TCGA-99-8033-01,TCGA-99-8033,Female,Stage IV,74,1:DECEASED,21.55,1,IV,matched
TCGA-99-8033,TCGA-99-8033-01Z-00-DX1.06f8ca81-c0a7-4ab5-b2fe-d5fc6671e29d,2,TCGA-99-8033-01,3.1602053048796366,0.8589055095692335,49423.749513679875,49.42374951367987,0.2717878829717194,57.54270867172262,1.5415519380195877,0.18743821796410987,0.6946438444536791,1.6127967588961218,53,0.18766267595336675,16.771062284517818,4629.625,121.06900150327498,14.320003491619685,0.896487334721541,1000.0,True,,3,TCGA-99-8033-01,TCGA-99-8033,Female,Stage IV,74,1:DECEASED,21.55,1,IV,matched
TCGA-99-8033,TCGA-99-8033-01Z-00-DX1.06f8ca81-c0a7-4ab5-b2fe-d5fc6671e29d,3,TCGA-99-8033-01,1.945705486711536,0.5500830778346341,36190.61913876436,36.19061913876436,0.28271651675523474,65.79118790788176,1.5968334874736332,0.16426091033811524,0.6951527816053852,1.8974437383416207,41,0.22300200099585793,21.0720483033096,4118.75,130.27644885012793,13.5,0.8219517895275974,1000.0,True,,4,TCGA-99-8033-01,TCGA-99-8033,Female,Stage IV,74,1:DECEASED,21.55,1,IV,matched
TCGA-99-AA5R,TCGA-99-AA5R-01Z-00-DX1.4DE7FC30-D338-49CE-B8D9-EB0F34A3DD0B,1,TCGA-99-AA5R-01,16.38023678894775,2.916182712868244,381116.07177625236,381.11607177625234,0.1780305590475885,130.69005247665066,1.6183789045441548,0.12904406715880168,0.6502502822197058,1.852029526961918,378,0.06571890706476928,23.076589482213603,3053.296875,108.17916284938644,12.75245074485685,0.9507116950545214,1000.0,True,,2,TCGA-99-AA5R-01,TCGA-99-AA5R,Female,Stage IA,70,0:LIVING,21.62,0,I,matched
TCGA-99-AA5R,TCGA-99-AA5R-01Z-00-DX1.4DE7FC30-D338-49CE-B8D9-EB0F34A3DD0B,2,TCGA-99-AA5R-01,0.3334022367749157,0.04487120055909003,8536.446163803523,8.536446163803523,0.13458578140668917,190.24331993439844,1.401152792460674,0.1736641062205767,0.698354711656448,2.9417793950955025,12,0.36612340341081573,35.9925599662409,2018.921875,71.0162442607741,14.800119145955026,0.6917233968162559,1000.0,True,,3,TCGA-99-AA5R-01,TCGA-99-AA5R,Female,Stage IA,70,0:LIVING,21.62,0,I,matched
TCGA-99-AA5R,TCGA-99-AA5R-01Z-00-DX1.4DE7FC30-D338-49CE-B8D9-EB0F34A3DD0B,3,TCGA-99-AA5R-01,1.3409557549744702,0.1206562091683098,13174.062727375596,13.174062727375595,0.08997777049743666,109.18677802149735,1.1577937479954947,0.21414305595894526,0.7061420093141648,2.511090003033494,10,0.2715865986276446,7.457367599865654,9715.09375,202.13257561560928,61.555361261225656,0.7972654996598418,1000.0,True,,4,TCGA-99-AA5R-01,TCGA-99-AA5R,Female,Stage IA,70,0:LIVING,21.62,0,I,matched
TCGA-J2-8194,TCGA-J2-8194-01Z-00-DX1.7700924D-B6AF-46A7-A7D7-B5C17A66C5F7,1,TCGA-J2-8194-01,56.59901022017207,49.169695331585395,246413.4641749624,246.4134641749624,0.8687377242166181,5.011490563714608,1.3112873165516719,0.01516914102900319,0.8952678964384145,2.0424681527275728,40,0.9904178682276478,0.7067261396338672,3447.640625,243.8146828915568,4.101423537605237,0.8244564177417125,1000.0,True,,2,TCGA-J2-8194-01,TCGA-J2-8194,Female,Stage IIB,69,0:LIVING,23.78,0,II,matched
TCGA-J2-8194,TCGA-J2-8194-01Z-00-DX1.7700924D-B6AF-46A7-A7D7-B5C17A66C5F7,2,TCGA-J2-8194-01,57.35872653998785,49.66654533075217,248024.88419544644,248.02488419544645,0.8658934451086001,4.99380181455617,1.3197203608446297,0.01599071207739666,0.8974874646225235,2.0227806033267313,40,0.9897910644997554,0.6973655520771342,4262.0,224.87310855571096,4.625,0.8705842399117111,1000.0,True,,3,TCGA-J2-8194-01,TCGA-J2-8194,Female,Stage IIB,69,0:LIVING,23.78,0,II,matched
TCGA-J2-8194,TCGA-J2-8194-01Z-00-DX1.7700924D-B6AF-46A7-A7D7-B5C17A66C5F7,3,TCGA-J2-8194-01,53.43691007812706,42.47078198203739,551532.598681384,551.532598681384,0.794783641493179,12.986165381053013,1.4745613113016127,0.010249667489529988,0.8154394373905095,1.86767479746223,174,0.9342457142763351,3.256176297349613,2906.875,132.3114571327584,4.756574397610112,0.9628486205033364,1000.0,True,,4,TCGA-J2-8194-01,TCGA-J2-8194,Female,Stage IIB,69,0:LIVING,23.78,0,II,matched
TCGA-J2-8194,TCGA-J2-8194-01Z-00-DX1.7700924D-B6AF-46A7-A7D7-B5C17A66C5F7,4,TCGA-J2-8194-01,74.5694450141043,50.033420462443644,811553.3947209725,811.5533947209725,0.6709640986731249,16.22022614524516,,0.020180200845878803,0.5973963013685623,2.505770152499043,309,0.8466805060072101,4.14378838331913,4747.625,169.1020864004936,12.992786460186283,0.9539375118017053,1000.0,True,,5,TCGA-J2-8194-01,TCGA-J2-8194,Female,Stage IIB,69,0:LIVING,23.78,0,II,matched
TCGA-J2-8194,TCGA-J2-8194-01Z-00-DX1.7700924D-B6AF-46A7-A7D7-B5C17A66C5F7,5,TCGA-J2-8194-01,0.20074541750259178,0.03473437035919868,3317.2359238938798,3.31723592389388,0.1730269651547599,95.50298132913696,1.3238815195941935,0.20529114392451658,0.6682613449248298,1.6561131883576787,4,0.5003802859750532,19.925735041739404,6329.140625,132.04657111454168,25.34519118278282,0.4196792369500798,1000.0,True,,6,TCGA-J2-8194-01,TCGA-J2-8194,Female,Stage IIB,69,0:LIVING,23.78,0,II,matched
TCGA-J2-8194,TCGA-J2-8194-01Z-00-DX1.7700924D-B6AF-46A7-A7D7-B5C17A66C5F7,6,TCGA-J2-8194-01,72.44403108792623,48.7738572455415,805367.3256467289,805.3673256467289,0.6732626071890457,16.512274630900734,,0.01879815319960611,0.5904178934849771,2.4914151946391283,288,0.8537229361239964,3.9754828061742002,4539.984375,165.80878691656568,12.260199835239229,0.9567701039283756,1000.0,True,,7,TCGA-J2-8194-01,TCGA-J2-8194,Female,Stage IIB,69,0:LIVING,23.78,0,II,matched
TCGA-J2-8194,TCGA-J2-8194-01Z-00-DX1.7700924D-B6AF-46A7-A7D7-B5C17A66C5F7,7,TCGA-J2-8194-01,0.2922072403977806,0.0508156875,3430.3311319104246,3.4303311319104246,0.17390290340110942,67.5053571185163,1.268469964903882,0.282068530817179,0.7296139097539704,1.7343295262386893,5,0.3883961400225245,17.111143424076413,7119.4375,146.36738077949607,29.335345574920368,0.5413695533438524,1000.0,True,,8,TCGA-J2-8194-01,TCGA-J2-8194,Female,Stage IIB,69,0:LIVING,23.78,0,II,matched
TCGA-J2-8194,TCGA-J2-8194-01Z-00-DX1.7700924D-B6AF-46A7-A7D7-B5C17A66C5F7,8,TCGA-J2-8194-01,73.20808098133188,46.79671535242897,951199.527144598,951.1995271445979,0.639228821806737,20.326202811053196,,0.01793721200123218,0.5409970618422306,2.5183771922456724,362,0.8520019698932363,4.944809304485257,3930.296875,151.00869180282305,10.744182898728631,0.9175616522619721,1000.0,True,,9,TCGA-J2-8194-01,TCGA-J2-8194,Female,Stage IIB,69,0:LIVING,23.78,0,II,matched
TCGA-J2-8194,TCGA-J2-8194-01Z-00-DX1.7700924D-B6AF-46A7-A7D7-B5C17A66C5F7,9,TCGA-J2-8194-01,0.21282602004096568,0.02433471875,2769.189735934918,2.7691897359349182,0.11434090035286075,113.79583895683685,1.3445310372198742,0.12120828410364148,0.7260124895642749,3.2035010476401853,3,0.7989286647504573,14.096020775197257,3402.46875,83.69963504251378,19.448650338776723,0.267585332103321,1000.0,True,,10,TCGA-J2-8194-01,TCGA-J2-8194,Female,Stage IIB,69,0:LIVING,23.78,0,II,matched
TCGA-J2-A4AE,TCGA-J2-A4AE-01Z-00-DX1.42C5DE4A-7787-4E59-8969-D12503262C96,1,TCGA-J2-A4AE-01,42.91480666808568,15.594293021122786,1396855.9389665262,1396.855938966526,0.36337791619878707,89.57481670213946,1.7114012977796158,0.0455417094125319,0.48935109995813975,2.4903125037140863,898,0.19278107832823319,20.925178737151644,2754.0625,95.5729481838682,6.25,0.9699393076317638,1000.0,True,,2,TCGA-J2-A4AE-01,TCGA-J2-A4AE,Female,Stage IA,77,0:LIVING,35.45,0,I,matched
TCGA-J2-A4AE,TCGA-J2-A4AE-01Z-00-DX1.42C5DE4A-7787-4E59-8969-D12503262C96,2,TCGA-J2-A4AE-01,0.3499137367749163,0.024433686461784412,4496.190726224441,4.496190726224441,0.06982774293740145,184.01606050141973,1.2320457993239275,0.1281540948390184,0.5277150481083475,2.383527777734699,6,0.5413859509612627,17.14708332202325,1950.0568602603828,165.82702481785338,15.925608308632986,0.6422761638257568,1000.0,True,,3,TCGA-J2-A4AE-01,TCGA-J2-A4AE,Female,Stage IA,77,0:LIVING,35.45,0,I,matched
TCGA-J2-A4AE,TCGA-J2-A4AE-01Z-00-DX1.42C5DE4A-7787-4E59-8969-D12503262C96,3,TCGA-J2-A4AE-01,0.2734482528556705,0.0225774375,3599.9976541517763,3.5999976541517764,0.08256566741319303,159.45111814180757,1.3702772298821502,0.08751538404557699,0.5659190945225739,2.9821109375745865,3,0.40520843730493683,10.970997139935792,6705.21875,88.1036321612225,2.850438562747845,0.33350447665993865,1000.0,True,,4,TCGA-J2-A4AE-01,TCGA-J2-A4AE,Female,Stage IA,77,0:LIVING,35.45,0,I,matched
TCGA-J2-A4AE,TCGA-J2-A4AE-01Z-00-DX1.42C5DE4A-7787-4E59-8969-D12503262C96,4,TCGA-J2-A4AE-01,12.945772931096677,3.897923752430812,440325.34610167606,440.3253461016761,0.3010962553705634,112.96407371413606,1.6775767938476718,0.03795248714076297,0.43989638509051937,2.0967340546205304,273,0.317263054547896,21.087964500306843,2139.21875,98.70188701336971,8.162413858657255,0.9525759825287119,1000.0,True,,5,TCGA-J2-A4AE-01,TCGA-J2-A4AE,Female,Stage IA,77,0:LIVING,35.45,0,I,matched
TCGA-J2-A4AE,TCGA-J2-A4AE-01Z-00-DX1.42C5DE4A-7787-4E59-8969-D12503262C96,5,TCGA-J2-A4AE-01,0.40473463435660434,0.05147234375,10425.226151788633,10.425226151788634,0.1271755352289635,202.54034287662748,1.448825422409529,0.10554087024603916,0.4736392612706367,1.5948658003480096,8,0.4198258090951538,19.766037598233673,3223.609375,111.05324459841543,12.048932131220251,0.6390743452199841,1000.0,True,,6,TCGA-J2-A4AE-01,TCGA-J2-A4AE,Female,Stage IA,77,0:LIVING,35.45,0,I,matched
TCGA-J2-A4AE,TCGA-J2-A4AE-01Z-00-DX1.42C5DE4A-7787-4E59-8969-D12503262C96,6,TCGA-J2-A4AE-01,0.16941963623504008,0.0084605625,2368.2610203847216,2.3682610203847214,0.04993849997566074,279.9176792777929,1.3139802764658772,0.10474671479228738,0.467672110552637,4.080906208488587,3,0.4429212703552243,17.707510573556096,1991.25,124.70790873076174,58.355055479366996,0.4012185638278868,1000.0,True,,7,TCGA-J2-A4AE-01,TCGA-J2-A4AE,Female,Stage IA,77,0:LIVING,35.45,0,I,matched
TCGA-J2-A4AE,TCGA-J2-A4AE-01Z-00-DX1.42C5DE4A-7787-4E59-8969-D12503262C96,7,TCGA-J2-A4AE-01,4.217781179070812,1.09630309375,143186.92997710922,143.18692997710923,0.2599241276882739,130.608889816525,1.6118322005797898,0.053078100305692766,0.4919423283053723,2.4282183089471285,98,0.44278960668243195,23.23496545678779,2528.203125,95.04803264851417,5.684025631780528,0.8577840406757156,1000.0,True,,8,TCGA-J2-A4AE-01,TCGA-J2-A4AE,Female,Stage IA,77,0:LIVING,35.45,0,I,matched
TCGA-J2-A4AG,TCGA-J2-A4AG-01Z-00-DX1.487780B8-18E7-494A-8054-5637239870EB,1,TCGA-J2-A4AG-01,93.74374270918302,33.43309220928381,2763632.869779193,2763.632869779193,0.3566434541983434,82.66159924662244,,0.0836023593369769,0.5162355567871089,1.9215299003209316,2048,0.12084419854007804,21.846791485095896,3949.8125,101.89324138912684,8.714194081874766,0.9752605719812976,1000.0,True,,2,TCGA-J2-A4AG-01,TCGA-J2-A4AG,Female,Stage IA,66,0:LIVING,32.46,0,I,matched
TCGA-J2-A4AG,TCGA-J2-A4AG-01Z-00-DX1.487780B8-18E7-494A-8054-5637239870EB,2,TCGA-J2-A4AG-01,0.2624500821780523,0.02712671875,3006.5745122457492,3.0065745122457495,0.10335953612541296,110.83443375346491,1.3713687522922682,0.23094188423162776,0.6822814949566351,1.467252757352592,5,0.4723521118040719,19.051241891430927,3940.03125,140.9706446613975,29.75945227990596,0.44194801323013233,1000.0,True,,3,TCGA-J2-A4AG-01,TCGA-J2-A4AG,Female,Stage IA,66,0:LIVING,32.46,0,I,matched
TCGA-L4-A4E5,TCGA-L4-A4E5-01Z-00-DX1.C2A5EF71-1F40-4E34-AC30-58D7121C1338,1,TCGA-L4-A4E5-01,3.735978933767359,2.0968369904991375,49641.06552563375,49.64106552563375,0.5612550358748111,23.674260684335334,,0.056077795224008915,0.7239525464951064,1.747010520867521,23,0.8023241571348596,6.156351630389633,2351.09375,161.0650222930168,22.28508469806655,0.8237125279683564,1000.0,True,,2,TCGA-L4-A4E5-01,TCGA-L4-A4E5,Female,Stage I,48,0:LIVING,18.99,0,I,matched
TCGA-L4-A4E5,TCGA-L4-A4E5-01Z-00-DX1.C2A5EF71-1F40-4E34-AC30-58D7121C1338,2,TCGA-L4-A4E5-01,0.2754460821780518,0.03055268314025045,3979.474063231274,3.979474063231274,0.11092073954604596,130.24957726179767,1.2313426833222518,0.1372698378702172,0.5850504030014092,2.7613868064322884,4,0.5399888985440013,14.521898327144658,5518.640625,146.3483548736452,15.854149618100967,0.3993211611803618,1000.0,True,,3,TCGA-L4-A4E5-01,TCGA-L4-A4E5,Female,Stage I,48,0:LIVING,18.99,0,I,matched
TCGA-L4-A4E5,TCGA-L4-A4E5-01Z-00-DX1.C2A5EF71-1F40-4E34-AC30-58D7121C1338,3,TCGA-L4-A4E5-01,173.59253879637717,93.05283238749837,2683631.7327038017,2683.631732703802,0.5360416584300819,28.839871542312636,,0.060749509629680065,0.5849324027085236,1.7712973260411469,1601,0.13075142032262987,9.22274661745665,4676.71875,142.21160509958392,15.556349186104045,0.9777459720466107,1000.0,True,,4,TCGA-L4-A4E5-01,TCGA-L4-A4E5,Female,Stage I,48,0:LIVING,18.99,0,I,matched
TCGA-L4-A4E5,TCGA-L4-A4E5-01Z-00-DX1.C2A5EF71-1F40-4E34-AC30-58D7121C1338,4,TCGA-L4-A4E5-01,1.3740999362343445,0.3295804578520216,17648.584746942077,17.648584746942078,0.2398518835210932,53.54863835666531,,0.18330955855662262,0.6771396743465207,1.592171476471382,18,0.35061544110215886,13.099483906045542,3847.296875,147.43776664355659,23.45434021600523,0.831993822817292,1000.0,True,,5,TCGA-L4-A4E5-01,TCGA-L4-A4E5,Female,Stage I,48,0:LIVING,18.99,0,I,matched
TCGA-L9-A443,TCGA-L9-A443-01Z-00-DX1.9F68A13A-2865-41BF-88A7-B0DF75961C6F,1,TCGA-L9-A443-01,6.475526998895028,2.80451075,116370.18416755708,116.37018416755707,0.4330938239433727,41.49393407301329,,0.08969536694586956,0.5935299663393397,1.5619705273268725,95,0.5006847815781077,14.67062063307135,4529.28125,112.41253544422882,13.52081728298996,0.8986715554299253,1000.0,True,,2,TCGA-L9-A443-01,TCGA-L9-A443,Female,Stage IA,63,1:DECEASED,6.34,1,I,matched
TCGA-L9-A443,TCGA-L9-A443-01Z-00-DX1.9F68A13A-2865-41BF-88A7-B0DF75961C6F,2,TCGA-L9-A443-01,1.6890313679237794,0.66505990625,26867.93258688221,26.86793258688221,0.39375225284745097,40.39926679444482,1.600453093246903,0.0791436337594587,0.6657566752340378,1.5541155311863297,12,0.394479313290184,7.10466379008156,7972.640625,249.3935054615531,7.387915306731863,0.7264474443979452,1000.0,True,,3,TCGA-L9-A443-01,TCGA-L9-A443,Female,Stage IA,63,1:DECEASED,6.34,1,I,matched
TCGA-L9-A443,TCGA-L9-A443-01Z-00-DX1.9F68A13A-2865-41BF-88A7-B0DF75961C6F,3,TCGA-L9-A443-01,85.596392681512,41.874326645213316,1690728.9568873418,1690.7289568873418,0.4892066748772903,40.37626613586657,,0.06933705315965516,0.5902552438382207,1.7057610891599566,995,0.12085381419232173,11.624321642878186,4662.25,130.70818224675148,10.419332992087353,0.9724625713216026,1000.0,True,,4,TCGA-L9-A443-01,TCGA-L9-A443,Female,Stage IA,63,1:DECEASED,6.34,1,I,matched
TCGA-L9-A443,TCGA-L9-A443-01Z-00-DX1.9F68A13A-2865-41BF-88A7-B0DF75961C6F,4,TCGA-L9-A443-01,1.9754278113449053,0.6295723589867076,27721.548917227108,27.721548917227107,0.31870177962012386,44.03234754753965,1.4494447454403838,0.1391833671357751,0.6745669762620489,2.091471703951973,21,0.4584113070777659,10.630608660765406,8665.03125,172.65827204698303,7.754031209635412,0.8074079883969717,1000.0,True,,5,TCGA-L9-A443-01,TCGA-L9-A443,Female,Stage IA,63,1:DECEASED,6.34,1,I,matched
TCGA-L9-A443,TCGA-L9-A443-01Z-00-DX1.9F68A13A-2865-41BF-88A7-B0DF75961C6F,5,TCGA-L9-A443-01,0.154594530540402,0.023992147915038325,1222.1562460107243,1.2221562460107243,0.15519402808864685,50.939842916051475,1.2073504132960469,0.20184850214589417,0.8444225656083871,6.141349339375149,1,1.0,6.468534148681659,23992.147915038324,,,0.0,1000.0,True,,6,TCGA-L9-A443-01,TCGA-L9-A443,Female,Stage IA,63,1:DECEASED,6.34,1,I,matched
TCGA-L9-A444,TCGA-L9-A444-01Z-00-DX1.88CF6F01-0C1F-4572-81E3-1A5790692861,1,TCGA-L9-A444-01,1.2569505214145598,0.2258775423008475,35062.86849795744,35.06286849795744,0.17970281125039603,155.22954668621733,,0.09969864018422854,0.48638174213619734,1.8598682876288946,29,0.18062252702228418,23.07171165923356,4401.625,126.55299347012698,9.199184746487049,0.7599976115989169,1000.0,True,,2,TCGA-L9-A444-01,TCGA-L9-A444,Female,Stage IA,60,0:LIVING,10.09,0,I,matched
TCGA-L9-A444,TCGA-L9-A444-01Z-00-DX1.88CF6F01-0C1F-4572-81E3-1A5790692861,2,TCGA-L9-A444-01,0.22881492758118702,0.02427625,6101.48964492508,6.10148964492508,0.10609556927349688,251.3357559312118,1.4300999622060322,0.10365267155187399,0.5720648507699979,2.495635580137161,7,0.2784396038167347,30.592409656123916,2503.03125,91.16502893105448,6.174544517614234,0.400419563483018,1000.0,True,,3,TCGA-L9-A444-01,TCGA-L9-A444,Female,Stage IA,60,0:LIVING,10.09,0,I,matched
TCGA-L9-A444,TCGA-L9-A444-01Z-00-DX1.88CF6F01-0C1F-4572-81E3-1A5790692861,3,TCGA-L9-A444-01,67.04831675505991,36.65430159707504,1167770.1764893702,1167.7701764893702,0.5466848889134693,31.859021331961664,,0.030138797083806852,0.5592607041925459,2.106223898514037,572,0.37458803118458367,8.53116122347446,3235.890625,127.03764205935184,11.924146707016291,0.9614897113178918,1000.0,True,,4,TCGA-L9-A444-01,TCGA-L9-A444,Female,Stage IA,60,0:LIVING,10.09,0,I,matched
TCGA-L9-A444,TCGA-L9-A444-01Z-00-DX1.88CF6F01-0C1F-4572-81E3-1A5790692861,4,TCGA-L9-A444-01,60.90243419583812,30.699451293006465,1222457.9093178066,1222.4579093178065,0.5040759322408885,39.82018758740129,,0.07372347855781755,0.5842863803258995,1.696711949859957,867,0.14014408326976135,14.235884188340835,3810.28125,116.77289992224223,10.502975768800002,0.9744744942510745,1000.0,True,,5,TCGA-L9-A444-01,TCGA-L9-A444,Female,Stage IA,60,0:LIVING,10.09,0,I,matched
TCGA-L9-A444,TCGA-L9-A444-01Z-00-DX1.88CF6F01-0C1F-4572-81E3-1A5790692861,5,TCGA-L9-A444-01,0.31371777717620486,0.05862855806842812,4063.6276962329557,4.063627696232956,0.1868831234115828,69.31140437549405,1.3197301998007769,0.14131760788210185,0.5913631302642994,2.187498674841961,5,0.8224178890503171,15.937891837068786,2579.9375,134.9224314189453,17.523198908875056,0.4374047256097561,1000.0,True,,6,TCGA-L9-A444-01,TCGA-L9-A444,Female,Stage IA,60,0:LIVING,10.09,0,I,matched
TCGA-L9-A444,TCGA-L9-A444-01Z-00-DX1.88CF6F01-0C1F-4572-81E3-1A5790692861,6,TCGA-L9-A444-01,0.7776099648883652,0.2311621279986325,9966.500901006699,9.966500901006698,0.29727258964822867,43.11476532637586,1.430386942304698,0.19553851859294147,0.6765539320082986,1.7527374013377786,13,0.6061419580906879,16.717892757285203,4402.15625,101.893403245745,13.530059127734809,0.6637895193371819,1000.0,True,,7,TCGA-L9-A444-01,TCGA-L9-A444,Female,Stage IA,60,0:LIVING,10.09,0,I,matched
TCGA-L9-A444,TCGA-L9-A444-01Z-00-DX1.88CF6F01-0C1F-4572-81E3-1A5790692861,7,TCGA-L9-A444-01,0.38330870418837465,0.06612718718731152,8008.927055710445,8.008927055710444,0.1725167899000116,121.11398346680618,1.403651133763316,0.08472815309495768,0.5502860310769611,1.5285811038605384,4,0.7686219024603063,10.43545308596547,6227.671875,156.06878399500934,24.348669614964713,0.5105757229800805,1000.0,True,,8,TCGA-L9-A444-01,TCGA-L9-A444,Female,Stage IA,60,0:LIVING,10.09,0,I,matched
TCGA-L9-A444,TCGA-L9-A444-01Z-00-DX1.88CF6F01-0C1F-4572-81E3-1A5790692861,8,TCGA-L9-A444-01,0.3015675459686456,0.0236428125,3340.6864709697643,3.3406864709697643,0.07839972442677295,141.29818400284503,1.1984149111760485,0.12085315839027962,0.614169212788083,2.957824386133274,3,0.8182901864001426,9.948020070806672,2275.21875,239.20679468819444,31.021162131680367,0.54448794345898,1000.0,True,,9,TCGA-L9-A444-01,TCGA-L9-A444,Female,Stage IA,60,0:LIVING,10.09,0,I,matched
TCGA-L9-A8F4,TCGA-L9-A8F4-01Z-00-DX1.E2BBB8DE-94E2-4781-9B55-8A4CFBF8A69D,1,TCGA-L9-A8F4-01,29.22712670689683,7.57205534167832,660579.3727019854,660.5793727019854,0.25907628271551975,87.23911050491218,1.741482000583489,0.12013592364153647,0.6388583638763099,1.8578605955620124,458,0.06680792522063224,15.670373779572527,4259.076379612239,121.34764109779802,13.290033860002012,0.9325101349852573,1000.0,True,,2,TCGA-L9-A8F4-01,TCGA-L9-A8F4,Female,Stage IB,64,0:LIVING,15.64,0,I,matched
TCGA-L9-A8F4,TCGA-L9-A8F4-01Z-00-DX1.E2BBB8DE-94E2-4781-9B55-8A4CFBF8A69D,2,TCGA-L9-A8F4-01,0.4380811117749164,0.082904625,6741.571426749474,6.741571426749474,0.18924492011104085,81.31719342255603,1.325442839771561,0.04387849848671901,0.6251689975096945,1.8731330591695683,2,0.9556026089890631,4.565364600854074,40379.625,391.7854363360129,63.01239957341729,0.24532544990856514,1000.0,True,,3,TCGA-L9-A8F4-01,TCGA-L9-A8F4,Female,Stage IB,64,0:LIVING,15.64,0,I,matched
TCGA-L9-A8F4,TCGA-L9-A8F4-01Z-00-DX1.E2BBB8DE-94E2-4781-9B55-8A4CFBF8A69D,3,TCGA-L9-A8F4-01,112.5282531456607,37.769971323077726,2285963.585284637,2285.963585284637,0.3356487839030691,60.52330741082391,1.7467989479426878,0.12478212929947602,0.6170528185013391,1.9042399464099908,1786,0.04954614945886159,15.87156958429041,4120.71875,128.42387397306624,14.850294572598322,0.9695608434824805,1000.0,True,,4,TCGA-L9-A8F4-01,TCGA-L9-A8F4,Female,Stage IB,64,0:LIVING,15.64,0,I,matched
TCGA-L9-A8F4,TCGA-L9-A8F4-01Z-00-DX1.E2BBB8DE-94E2-4781-9B55-8A4CFBF8A69D,4,TCGA-L9-A8F4-01,0.2646909010086507,0.030958203738541443,6375.586278821316,6.3755862788213165,0.11695983360429023,205.94173785619301,1.3242051432515536,0.09656392625809836,0.5793648342124184,1.9331027117789001,6,0.497396282496261,22.66794958623797,2752.828125,71.67420321322031,19.25,0.47784765706846816,1000.0,True,,5,TCGA-L9-A8F4-01,TCGA-L9-A8F4,Female,Stage IB,64,0:LIVING,15.64,0,I,matched
TCGA-L9-A8F4,TCGA-L9-A8F4-01Z-00-DX1.E2BBB8DE-94E2-4781-9B55-8A4CFBF8A69D,5,TCGA-L9-A8F4-01,0.41924334814493136,0.06648921586095953,6875.432597099107,6.875432597099107,0.15859337102225027,103.40673307799008,1.3119241210500996,0.3405779106298347,0.7569511464038369,2.303235801896617,7,0.459222020882595,16.696746724721123,3227.84375,134.53892617473204,23.345235059857504,0.5589137645107795,1000.0,True,,6,TCGA-L9-A8F4-01,TCGA-L9-A8F4,Female,Stage IB,64,0:LIVING,15.64,0,I,matched
TCGA-L9-A8F4,TCGA-L9-A8F4-01Z-00-DX1.E2BBB8DE-94E2-4781-9B55-8A4CFBF8A69D,6,TCGA-L9-A8F4-01,0.22126274008118715,0.02332001710416266,5105.160119262567,5.105160119262567,0.10539513835725765,218.91751178652814,1.3223644379003676,0.09152539708597351,0.6941995072518291,2.262549686315536,3,0.7277416473506267,13.558541302070202,2597.40625,145.24505155081877,21.5,0.40440503303206904,1000.0,True,,7,TCGA-L9-A8F4-01,TCGA-L9-A8F4,Female,Stage IB,64,0:LIVING,15.64,0,I,matched
TCGA-L9-A8F4,TCGA-L9-A8F4-01Z-00-DX1.E2BBB8DE-94E2-4781-9B55-8A4CFBF8A69D,7,TCGA-L9-A8F4-01,0.2335283025811874,0.02328953125,2594.6095231414133,2.5946095231414135,0.09972894502542477,111.40668720592707,1.278988669896723,0.14802084182734984,0.6596909494620842,1.9979378225847695,2,0.635117692060032,8.564272415351835,10579.78125,107.89027991436485,1.9525624189766635,0.13597933302019727,1000.0,True,,8,TCGA-L9-A8F4-01,TCGA-L9-A8F4,Female,Stage IB,64,0:LIVING,15.64,0,I,matched
TCGA-L9-A8F4,TCGA-L9-A8F4-01Z-00-DX1.E2BBB8DE-94E2-4781-9B55-8A4CFBF8A69D,8,TCGA-L9-A8F4-01,0.2012735854843228,0.02139084375,1578.682070249708,1.578682070249708,0.10627745165133023,73.80176718133,1.1874156454224074,0.14985610413226225,0.7976757743039727,1.6020583190394517,1,1.0,4.9683618324466625,20396.84375,,,0.0,1000.0,True,,9,TCGA-L9-A8F4-01,TCGA-L9-A8F4,Female,Stage IB,64,0:LIVING,15.64,0,I,matched
TCGA-L9-A8F4,TCGA-L9-A8F4-01Z-00-DX1.E2BBB8DE-94E2-4781-9B55-8A4CFBF8A69D,9,TCGA-L9-A8F4-01,4.083340067108147,0.8674063092186228,86156.84533483953,86.15684533483953,0.2124256846020975,99.32697562743273,1.5015472656840418,0.1218122051628167,0.6207137489022847,1.8406651265141751,75,0.11227898468449043,18.367316649459365,3437.3125,134.4295819379053,19.90602923739438,0.8996905766780849,1000.0,True,,10,TCGA-L9-A8F4-01,TCGA-L9-A8F4,Female,Stage IB,64,0:LIVING,15.64,0,I,matched
TCGA-L9-A8F4,TCGA-L9-A8F4-01Z-00-DX1.E2BBB8DE-94E2-4781-9B55-8A4CFBF8A69D,10,TCGA-L9-A8F4-01,0.6349523123465375,0.09448379481231123,10173.983406908546,10.173983406908546,0.14880455268071358,107.67966535551213,1.3257635487942925,0.07894271466980057,0.7252718491449508,1.535502057004504,4,0.5127189353298718,6.299685696422699,19222.359375,225.22250375733364,68.54430531707746,0.57229836167701,1000.0,True,,11,TCGA-L9-A8F4-01,TCGA-L9-A8F4,Female,Stage IB,64,0:LIVING,15.64,0,I,matched
TCGA-L9-A8F4,TCGA-L9-A8F4-01Z-00-DX1.E2BBB8DE-94E2-4781-9B55-8A4CFBF8A69D,11,TCGA-L9-A8F4-01,0.16053622912573806,0.008214537566800878,2034.3319600076677,2.034331960007668,0.05116936912954982,247.65021079572847,1.318256260793171,0.14780516623030115,0.5271967256505651,3.6163929253353784,2,0.6741183287338091,12.458247031786975,2747.450467285267,108.89546664691785,10.398317171542711,0.1739750897645256,1000.0,True,,12,TCGA-L9-A8F4-01,TCGA-L9-A8F4,Female,Stage IB,64,0:LIVING,15.64,0,I,matched
TCGA-L9-A8F4,TCGA-L9-A8F4-01Z-00-DX1.E2BBB8DE-94E2-4781-9B55-8A4CFBF8A69D,12,TCGA-L9-A8F4-01,0.1858910633423138,0.03242055620065301,3371.7133781930797,3.3717133781930797,0.1744062119917586,103.99924533451302,1.1940091986817707,0.1833332795106499,0.7899764543705184,2.5033263290387056,3,0.5895993042726652,16.138484260943592,10536.5,91.14162316099264,20.039024427351748,0.3025382835358588,1000.0,True,,13,TCGA-L9-A8F4-01,TCGA-L9-A8F4,Female,Stage IB,64,0:LIVING,15.64,0,I,matched
TCGA-L9-A8F4,TCGA-L9-A8F4-01Z-00-DX1.E2BBB8DE-94E2-4781-9B55-8A4CFBF8A69D,13,TCGA-L9-A8F4-01,0.3673753735932117,0.05403134937947782,6033.15347143674,6.03315347143674,0.14707395558665232,111.66024059595765,1.3887407957846378,0.09675051359596798,0.5188355269268503,2.94035458292304,5,0.6361011976827522,13.610057612452849,4547.125,129.91734150990007,8.609587678861281,0.45193566253749395,1000.0,True,,14,TCGA-L9-A8F4-01,TCGA-L9-A8F4,Female,Stage IB,64,0:LIVING,15.64,0,I,matched
TCGA-L9-A8F4,TCGA-L9-A8F4-01Z-00-DX1.E2BBB8DE-94E2-4781-9B55-8A4CFBF8A69D,14,TCGA-L9-A8F4-01,0.9794646965901483,0.26687200991830423,17660.445781866496,17.660445781866496,0.27246720667664387,66.17571392096448,1.4588207354278084,0.16986771703108647,0.7286969202386822,2.653752609900176,22,0.44916794375297064,22.461248554020912,2354.0,124.18447815165118,16.38636046838319,0.7791605504262968,1000.0,True,,15,TCGA-L9-A8F4-01,TCGA-L9-A8F4,Female,Stage IB,64,0:LIVING,15.64,0,I,matched
TCGA-L9-A8F4,TCGA-L9-A8F4-01Z-00-DX1.E2BBB8DE-94E2-4781-9B55-8A4CFBF8A69D,15,TCGA-L9-A8F4-01,1.0808968125990812,0.26068592088150117,19942.07989099619,19.94207989099619,0.24117558479487622,76.49849222222159,1.5627749867864253,0.271592081578458,0.7872513944195937,1.6707797810547504,34,0.14744437758323625,31.45536151433823,3679.5625,107.88373207046587,18.591830585943203,0.8656396909932791,1000.0,True,,16,TCGA-L9-A8F4-01,TCGA-L9-A8F4,Female,Stage IB,64,0:LIVING,15.64,0,I,matched
TCGA-L9-A8F4,TCGA-L9-A8F4-01Z-00-DX1.E2BBB8DE-94E2-4781-9B55-8A4CFBF8A69D,16,TCGA-L9-A8F4-01,1.2541804754493164,0.2868341866825511,25306.696931503848,25.306696931503847,0.22870248125955822,88.22761758001882,1.5130466288394373,0.10631304853381601,0.5664431499477436,2.1283511952767213,18,0.5935345284455145,14.35200144823767,5713.703125,152.95858303802373,13.08147545195113,0.8450543706464371,1000.0,True,,17,TCGA-L9-A8F4-01,TCGA-L9-A8F4,Female,Stage IB,64,0:LIVING,15.64,0,I,matched
TCGA-L9-A8F4,TCGA-L9-A8F4-01Z-00-DX1.E2BBB8DE-94E2-4781-9B55-8A4CFBF8A69D,17,TCGA-L9-A8F4-01,21.999201297149803,5.969499207344636,461169.68467594637,461.16968467594637,0.2713507243609812,77.2543338490675,1.6677757888661289,0.16147920649337688,0.6397035816951597,2.179732025979395,436,0.0788817626866468,19.818901336953893,4390.40625,118.63415401982685,16.3887128718089,0.957920614947419,1000.0,True,,18,TCGA-L9-A8F4-01,TCGA-L9-A8F4,Female,Stage IB,64,0:LIVING,15.64,0,I,matched
TCGA-L9-A8F4,TCGA-L9-A8F4-01Z-00-DX1.E2BBB8DE-94E2-4781-9B55-8A4CFBF8A69D,18,TCGA-L9-A8F4-01,0.26466532558604217,0.04192605454884548,2900.2650346382165,2.9002650346382164,0.1584115881293086,69.17572058346904,1.2360111329466945,0.21289629020120132,0.5483377584941084,1.8550837611596718,3,0.7720854731389241,11.335070029884614,6278.0,112.05160641418756,3.69120576505835,0.19061344536996094,1000.0,True,,19,TCGA-L9-A8F4-01,TCGA-L9-A8F4,Female,Stage IB,64,0:LIVING,15.64,0,I,matched
TCGA-L9-A8F4,TCGA-L9-A8F4-01Z-00-DX1.E2BBB8DE-94E2-4781-9B55-8A4CFBF8A69D,19,TCGA-L9-A8F4-01,0.22255782038028885,0.027249226978733932,3550.192368646851,3.550192368646851,0.1224366186376765,130.2859846783001,1.2805475245796234,0.2069436088844718,0.6248745784762537,3.2772616424726224,6,0.3223363056070075,26.95928630927318,3270.375,115.52323705248396,29.080792182637722,0.518586285789576,1000.0,True,,20,TCGA-L9-A8F4-01,TCGA-L9-A8F4,Female,Stage IB,64,0:LIVING,15.64,0,I,matched
TCGA-L9-A8F4,TCGA-L9-A8F4-01Z-00-DX1.E2BBB8DE-94E2-4781-9B55-8A4CFBF8A69D,20,TCGA-L9-A8F4-01,0.3201877367749158,0.05129650622894508,3017.916181609584,3.017916181609584,0.1602075917885802,58.832782258895136,1.229135748031464,0.08842850288736327,0.6425727677658881,3.203982235309411,1,1.0,3.1231677080217963,50689.59375,,,0.0,1000.0,True,,21,TCGA-L9-A8F4-01,TCGA-L9-A8F4,Female,Stage IB,64,0:LIVING,15.64,0,I,matched
TCGA-L9-A8F4,TCGA-L9-A8F4-01Z-00-DX1.E2BBB8DE-94E2-4781-9B55-8A4CFBF8A69D,21,TCGA-L9-A8F4-01,0.6210245636080837,0.06194112960301115,9945.441521366236,9.945441521366236,0.09974022483610001,160.56280512008547,1.2513702813419352,0.20074459134446992,0.6745494212197342,1.8118287009899519,14,0.2713885177222158,22.54339171169262,2086.671875,114.2921128946837,34.02297018192268,0.7801956207728273,1000.0,True,,22,TCGA-L9-A8F4-01,TCGA-L9-A8F4,Female,Stage IB,64,0:LIVING,15.64,0,I,matched
TCGA-MP-A4T6,TCGA-MP-A4T6-01Z-00-DX1.085C4F5A-DB1B-434A-9D62-E2187D133B0A,1,TCGA-MP-A4T6-01,0.2431577863763502,0.057158136884145685,2401.3410552383766,2.4013410552383765,0.23506603566327317,42.01223458535178,1.1384709591590647,0.3118884002013513,0.8224890871078059,1.8446949170684286,3,0.9051913687768331,12.337667835800728,3996.46875,258.89417028247277,28.98814412824664,0.5367412280190647,1000.0,True,,2,TCGA-MP-A4T6-01,TCGA-MP-A4T6,Female,Stage IIIA,76,1:DECEASED,58.8,1,III,matched
TCGA-MP-A4T6,TCGA-MP-A4T6-01Z-00-DX1.085C4F5A-DB1B-434A-9D62-E2187D133B0A,2,TCGA-MP-A4T6-01,0.15722644017868173,0.014259592785221122,1965.1466121284566,1.9651466121284566,0.09069462342984838,137.81225324787445,,0.13336879116129102,0.49746853930269297,1.8941339401871282,3,0.7333119616888799,19.08076018633136,2313.624035221122,63.3978016180372,9.72753822917186,0.347344128694611,1000.0,True,,3,TCGA-MP-A4T6-01,TCGA-MP-A4T6,Female,Stage IIIA,76,1:DECEASED,58.8,1,III,matched
TCGA-MP-A4T6,TCGA-MP-A4T6-01Z-00-DX1.085C4F5A-DB1B-434A-9D62-E2187D133B0A,3,TCGA-MP-A4T6-01,1.035277164356103,0.3786761875,16748.559771844342,16.74855977184434,0.365772761669596,44.22923945236018,1.5232667380841278,0.044024935959444476,0.7233436087045507,1.50055317141634,5,0.9250631506960525,4.829624541279031,10462.625,203.40377984749938,5.88430114796991,0.5763084769876882,1000.0,True,,4,TCGA-MP-A4T6-01,TCGA-MP-A4T6,Female,Stage IIIA,76,1:DECEASED,58.8,1,III,matched
TCGA-MP-A4T6,TCGA-MP-A4T6-01Z-00-DX1.085C4F5A-DB1B-434A-9D62-E2187D133B0A,4,TCGA-MP-A4T6-01,0.4437435911427575,0.042743516790330754,7574.247844487348,7.574247844487347,0.09632480928965048,177.20226161177172,1.2926295416600921,0.09131094998995351,0.5522698578465846,2.2214893780251255,5,0.5005306495482467,11.26776836849333,4047.90625,164.77731184844592,4.315669125408017,0.5312846123082555,1000.0,True,,5,TCGA-MP-A4T6-01,TCGA-MP-A4T6,Female,Stage IIIA,76,1:DECEASED,58.8,1,III,matched
TCGA-MP-A4T6,TCGA-MP-A4T6-01Z-00-DX1.085C4F5A-DB1B-434A-9D62-E2187D133B0A,5,TCGA-MP-A4T6-01,0.8220943777494304,0.15890304813211098,17766.66179730357,17.766661797303573,0.19329051801464053,111.80818748380764,1.5231356669660818,0.15681528173952852,0.7061059674615354,2.0096378602031173,21,0.31973806523320303,25.54451236789832,2824.78125,85.33829738165626,8.0,0.6390939212174123,1000.0,True,,6,TCGA-MP-A4T6-01,TCGA-MP-A4T6,Female,Stage IIIA,76,1:DECEASED,58.8,1,III,matched
TCGA-MP-A4T6,TCGA-MP-A4T6-01Z-00-DX1.085C4F5A-DB1B-434A-9D62-E2187D133B0A,6,TCGA-MP-A4T6-01,124.56394587302235,60.8986192928662,3653178.4399080602,3653.17843990806,0.48889442981314085,59.987869714084006,1.7372519405218791,0.06908817431998077,0.5395782164716283,1.9032809677047355,2096,0.0795559625026207,16.82669881168195,4030.859375,104.10391443168696,6.602555899016748,0.979698775378586,1000.0,True,,7,TCGA-MP-A4T6-01,TCGA-MP-A4T6,Female,Stage IIIA,76,1:DECEASED,58.8,1,III,matched
TCGA-MP-A4T6,TCGA-MP-A4T6-01Z-00-DX1.085C4F5A-DB1B-434A-9D62-E2187D133B0A,7,TCGA-MP-A4T6-01,202.2053068418585,138.85594575294155,2718309.1771139237,2718.309177113924,0.6867077225700043,19.576469429335464,1.7769572673813825,0.038143456156405596,0.6750635010311204,1.409843560558045,1275,0.3102479981593666,6.305472491862723,5208.75,145.69703154148337,9.5,0.9815223844488636,1000.0,True,,8,TCGA-MP-A4T6-01,TCGA-MP-A4T6,Female,Stage IIIA,76,1:DECEASED,58.8,1,III,matched
TCGA-MP-A4TH,TCGA-MP-A4TH-01Z-00-DX1.E89D2C19-F9B2-4BF2-AA5F-6104CBC076D1,1,TCGA-MP-A4TH-01,0.23416092758118728,0.025162364104213734,4971.8385420703435,4.971838542070343,0.10745756930557746,197.59027893717467,1.5099696080084735,0.09023090450292649,0.5630008037646403,1.2012100903366987,4,0.4484834129421048,17.082269195458053,5243.90625,75.3153439452612,10.348663077733356,0.27445100232551295,1000.0,True,,2,TCGA-MP-A4TH-01,TCGA-MP-A4TH,Female,Stage IA,70,0:LIVING,24.34,0,I,matched
TCGA-MP-A4TH,TCGA-MP-A4TH-01Z-00-DX1.E89D2C19-F9B2-4BF2-AA5F-6104CBC076D1,2,TCGA-MP-A4TH-01,0.25391384517281274,0.04564683733916648,3743.4571660659476,3.7434571660659475,0.17977293561168128,82.00912449314289,1.3240298721353208,0.11122951950245832,0.596400218234722,1.7682005561269905,4,0.8192656114848115,15.753374918479203,3384.0059434709447,96.99283187764733,15.428696791960647,0.3848592447640114,1000.0,True,,3,TCGA-MP-A4TH-01,TCGA-MP-A4TH,Female,Stage IA,70,0:LIVING,24.34,0,I,matched
TCGA-MP-A4TH,TCGA-MP-A4TH-01Z-00-DX1.E89D2C19-F9B2-4BF2-AA5F-6104CBC076D1,3,TCGA-MP-A4TH-01,67.49395479575058,26.548192180584852,2030740.364912834,2030.740364912834,0.3933417779551469,76.49260450954355,1.735807804742909,0.035011416265639646,0.4857619027870819,1.772972289045982,1024,0.28774052645429926,15.171729128909647,2676.671875,106.99979921126021,5.689860926887624,0.9761869256884788,1000.0,True,,4,TCGA-MP-A4TH-01,TCGA-MP-A4TH,Female,Stage IA,70,0:LIVING,24.34,0,I,matched
TCGA-MP-A4TH,TCGA-MP-A4TH-01Z-00-DX1.E89D2C19-F9B2-4BF2-AA5F-6104CBC076D1,4,TCGA-MP-A4TH-01,110.50854057130864,80.16787840494638,1169784.896389727,1169.784896389727,0.7254450922118175,14.591690832591011,1.5867677208880928,0.012408552002170186,0.6589969627969889,1.6027552973269032,525,0.922071390311056,4.75076403403617,2852.0625,120.56851008866288,8.678277478854891,0.9763072513050088,1000.0,True,,5,TCGA-MP-A4TH-01,TCGA-MP-A4TH,Female,Stage IA,70,0:LIVING,24.34,0,I,matched
TCGA-MP-A4TH,TCGA-MP-A4TH-01Z-00-DX1.E89D2C19-F9B2-4BF2-AA5F-6104CBC076D1,5,TCGA-MP-A4TH-01,0.41143601316170547,0.08417600473866439,8267.916003514196,8.267916003514197,0.2045907554173702,98.22176793948634,1.445487927276749,0.16419159859735183,0.6034652901981705,1.3302506481224685,5,0.4889576047761529,12.152557967828804,6580.455305148809,155.9720026959967,8.838834764831844,0.5309214018703472,1000.0,True,,6,TCGA-MP-A4TH-01,TCGA-MP-A4TH,Female,Stage IA,70,0:LIVING,24.34,0,I,matched
TCGA-MP-A4TH,TCGA-MP-A4TH-01Z-00-DX1.E89D2C19-F9B2-4BF2-AA5F-6104CBC076D1,6,TCGA-MP-A4TH-01,0.3824628315504626,0.07151344275165175,9762.709496064985,9.762709496064984,0.18698141846030905,136.51572516188915,1.4338753736295242,0.18797318982850283,0.6637164769653187,1.8329658448005781,13,0.312200968507891,33.99023101748062,3085.4375,90.07566263980522,14.534441853748634,0.6848412241372219,1000.0,True,,7,TCGA-MP-A4TH-01,TCGA-MP-A4TH,Female,Stage IA,70,0:LIVING,24.34,0,I,matched
TCGA-MP-A4TH,TCGA-MP-A4TH-01Z-00-DX1.E89D2C19-F9B2-4BF2-AA5F-6104CBC076D1,7,TCGA-MP-A4TH-01,0.3031978451728128,0.039456772118055386,7798.59415642158,7.79859415642158,0.1301353975506202,197.64906599779738,,0.09618765612841144,0.5480686530333878,2.032486884842471,7,0.5398848596724642,23.087235319928578,2451.46875,80.70470866064755,4.25,0.4207063137557,1000.0,True,,8,TCGA-MP-A4TH-01,TCGA-MP-A4TH,Female,Stage IA,70,0:LIVING,24.34,0,I,matched
TCGA-MP-A4TH,TCGA-MP-A4TH-01Z-00-DX1.E89D2C19-F9B2-4BF2-AA5F-6104CBC076D1,8,TCGA-MP-A4TH-01,0.29926830896340645,0.06432853465661975,4658.565892069728,4.658565892069728,0.21495271209784408,72.41834307180719,1.3121115345435,0.22727082475630916,0.6423896264682196,1.9469474989012796,8,0.6915040448668731,26.731864886429435,2209.265625,125.86780221556559,48.74743583000033,0.6980399587490527,1000.0,True,,9,TCGA-MP-A4TH-01,TCGA-MP-A4TH,Female,Stage IA,70,0:LIVING,24.34,0,I,matched
TCGA-MP-A4TH,TCGA-MP-A4TH-01Z-00-DX1.E89D2C19-F9B2-4BF2-AA5F-6104CBC076D1,9,TCGA-MP-A4TH-01,0.4560645911427589,0.029507775358311127,9683.25667304147,9.68325667304147,0.06470086898080299,328.1594954366526,1.3669544278604644,0.1690497652103517,0.6173210244191792,2.0919098180976246,10,0.20278405148219028,21.926718702153675,1293.078125,82.3127823615423,22.612220147522002,0.6547277502908511,1000.0,True,,10,TCGA-MP-A4TH-01,TCGA-MP-A4TH,Female,Stage IA,70,0:LIVING,24.34,0,I,matched
TCGA-MP-A4TH,TCGA-MP-A4TH-01Z-00-DX1.E89D2C19-F9B2-4BF2-AA5F-6104CBC076D1,10,TCGA-MP-A4TH-01,0.1565647108943125,0.021666005688788487,6369.447057472193,6.369447057472192,0.138383710895196,293.9834480320566,1.537878490923433,0.10058886909493173,0.4997699350786667,2.2138938720867065,5,0.32456044649523064,31.935676765469847,2574.4375,90.84198162193513,2.57390753524675,0.45410325142331665,1000.0,True,,11,TCGA-MP-A4TH-01,TCGA-MP-A4TH,Female,Stage IA,70,0:LIVING,24.34,0,I,matched
TCGA-MP-A4TH,TCGA-MP-A4TH-01Z-00-DX1.E89D2C19-F9B2-4BF2-AA5F-6104CBC076D1,11,TCGA-MP-A4TH-01,4.1962112057983,0.8040569827200883,88227.60201464996,88.22760201464996,0.19161499345148478,109.72804653244846,1.4922190662935197,0.07717330538602296,0.5071925400247501,1.7130243618865835,64,0.22883467675384278,15.251853841762106,2708.46875,106.52129515951643,3.5044586059522747,0.9022208568968668,1000.0,True,,12,TCGA-MP-A4TH-01,TCGA-MP-A4TH,Female,Stage IA,70,0:LIVING,24.34,0,I,matched
TCGA-MP-A4TH,TCGA-MP-A4TH-01Z-00-DX1.E89D2C19-F9B2-4BF2-AA5F-6104CBC076D1,12,TCGA-MP-A4TH-01,0.6539746451715132,0.1584633125,15332.698769407418,15.332698769407418,0.24230803697051737,96.75866626483287,1.6185670699063894,0.07552540277467103,0.42622242230391266,1.1880044342266847,6,0.8144688614333074,9.174667617926417,2855.921875,242.84570100796344,17.614070578678856,0.5913806226819622,1000.0,True,,13,TCGA-MP-A4TH-01,TCGA-MP-A4TH,Female,Stage IA,70,0:LIVING,24.34,0,I,matched
TCGA-MP-A4TH,TCGA-MP-A4TH-01Z-00-DX1.E89D2C19-F9B2-4BF2-AA5F-6104CBC076D1,13,TCGA-MP-A4TH-01,0.2837721612928784,0.03170968776425566,4210.347281117244,4.210347281117244,0.11174347624441007,132.77794825413903,1.3352785402170162,0.16660947333540618,0.6513778631130407,1.688011224593357,6,0.322419928221046,21.143723093427266,3312.9375,105.66536966675665,28.39855815481505,0.47104124473491293,1000.0,True,,14,TCGA-MP-A4TH-01,TCGA-MP-A4TH,Female,Stage IA,70,0:LIVING,24.34,0,I,matched
TCGA-MP-A4TH,TCGA-MP-A4TH-01Z-00-DX1.E89D2C19-F9B2-4BF2-AA5F-6104CBC076D1,14,TCGA-MP-A4TH-01,0.43047671395753767,0.06317581818606782,10836.340276467143,10.836340276467142,0.1467578062591778,171.52671049786076,1.3864559181748717,0.15365999271333594,0.590137600877701,2.709313910236652,15,0.2959601400341664,34.845090369927895,1634.65625,85.44662076407703,14.650085323983612,0.7816108545034641,1000.0,True,,15,TCGA-MP-A4TH-01,TCGA-MP-A4TH,Female,Stage IA,70,0:LIVING,24.34,0,I,matched
TCGA-MP-A4TJ,TCGA-MP-A4TJ-01Z-00-DX1.14EDBE5C-5D0C-4002-BE95-AF5C9D9F3D43,1,TCGA-MP-A4TJ-01,66.7875710660807,24.58445741551269,674738.570662735,674.738570662735,0.3680992888809871,27.445737738225525,,0.11816580789780491,0.6418093205809507,1.7221760393138157,516,0.1156073957486052,7.725988410170827,5109.0625,175.65203579007613,28.501096470136023,0.9696807229242461,1000.0,True,,2,TCGA-MP-A4TJ-01,TCGA-MP-A4TJ,Female,Stage IA,62,1:DECEASED,11.14,1,I,matched
TCGA-MP-A4TJ,TCGA-MP-A4TJ-01Z-00-DX1.14EDBE5C-5D0C-4002-BE95-AF5C9D9F3D43,2,TCGA-MP-A4TJ-01,1.4651263593404522,0.4030612047086218,17503.987486709277,17.503987486709278,0.27510337394384576,43.42761665529963,1.4453666983368842,0.14273794510537485,0.6283832758311025,2.7522331389137165,11,0.2995682875946439,7.507884852301619,16672.03125,300.1419520930888,17.596164354767776,0.7508824477285787,1000.0,True,,3,TCGA-MP-A4TJ-01,TCGA-MP-A4TJ,Female,Stage IA,62,1:DECEASED,11.14,1,I,matched
TCGA-MP-A4TJ,TCGA-MP-A4TJ-01Z-00-DX1.14EDBE5C-5D0C-4002-BE95-AF5C9D9F3D43,3,TCGA-MP-A4TJ-01,0.5245465831839866,0.07931666787447467,5403.431443998167,5.403431443998167,0.15120996002494988,68.12479128030888,1.2986405296381351,0.2798343046498515,0.7373305394569685,1.7611427376188997,7,0.22034453198875556,13.344858634880717,11734.6875,163.783393541592,20.426698215815495,0.5621391454965359,1000.0,True,,4,TCGA-MP-A4TJ-01,TCGA-MP-A4TJ,Female,Stage IA,62,1:DECEASED,11.14,1,I,matched
TCGA-MP-A4TJ,TCGA-MP-A4TJ-01Z-00-DX1.14EDBE5C-5D0C-4002-BE95-AF5C9D9F3D43,4,TCGA-MP-A4TJ-01,98.95310138680284,37.78813503489448,1128977.2347653462,1128.977234765346,0.38187923880407254,29.876500486801508,1.7286681037708085,0.14250751007199203,0.6521024513097309,1.8342326059977245,925,0.09874799276076927,9.34786264438767,6835.71875,168.53059811203426,28.509866713122317,0.9811080229796596,1000.0,True,,5,TCGA-MP-A4TJ-01,TCGA-MP-A4TJ,Female,Stage IA,62,1:DECEASED,11.14,1,I,matched
TCGA-MP-A4TJ,TCGA-MP-A4TJ-01Z-00-DX1.14EDBE5C-5D0C-4002-BE95-AF5C9D9F3D43,5,TCGA-MP-A4TJ-01,13.694153723615642,3.7377183022993186,121954.51757201296,121.95451757201296,0.2729426277619188,32.628065495730546,,0.13105908357177765,0.5702286193228913,2.0990324899611603,91,0.2629670879012087,6.64517149702139,4554.1875,185.98959354289153,33.57919742936093,0.9060684453389156,1000.0,True,,6,TCGA-MP-A4TJ-01,TCGA-MP-A4TJ,Female,Stage IA,62,1:DECEASED,11.14,1,I,matched
TCGA-MP-A4TJ,TCGA-MP-A4TJ-01Z-00-DX1.14EDBE5C-5D0C-4002-BE95-AF5C9D9F3D43,6,TCGA-MP-A4TJ-01,0.2547524307362911,0.04829855898963624,3186.9258288701353,3.186925828870135,0.1895901791792238,65.98386982009083,,0.1965004921466365,0.59256164889067,1.6081084820672964,3,0.6114887360543299,11.776138862853374,9806.59375,173.28238559140974,30.54607176053903,0.4162946428571429,1000.0,True,,7,TCGA-MP-A4TJ-01,TCGA-MP-A4TJ,Female,Stage IA,62,1:DECEASED,11.14,1,I,matched
TCGA-MP-A4TJ,TCGA-MP-A4TJ-01Z-00-DX1.14EDBE5C-5D0C-4002-BE95-AF5C9D9F3D43,7,TCGA-MP-A4TJ-01,0.32568408217805134,0.09358696875,2172.6556813254106,2.1726556813254105,0.28735505930816735,23.215365454663374,1.0966693054855503,0.26019475395447456,0.8402131547492805,2.383655659841952,1,1.0,3.070460162843637,93469.90625,,,0.0,1000.0,True,,8,TCGA-MP-A4TJ-01,TCGA-MP-A4TJ,Female,Stage IA,62,1:DECEASED,11.14,1,I,matched
TCGA-MP-A4TJ,TCGA-MP-A4TJ-01Z-00-DX1.14EDBE5C-5D0C-4002-BE95-AF5C9D9F3D43,8,TCGA-MP-A4TJ-01,0.24298185730208333,0.04285482205071242,2659.77332129735,2.65977332129735,0.17637046043908475,62.06473843596636,,0.36871062716295294,0.8596998746810525,2.0838600153302154,6,0.4683811621204401,24.693201651432748,2580.625771072684,130.11390742826072,26.443335644354704,0.7279908790778356,1000.0,True,,9,TCGA-MP-A4TJ-01,TCGA-MP-A4TJ,Female,Stage IA,62,1:DECEASED,11.14,1,I,matched
TCGA-MP-A4TJ,TCGA-MP-A4TJ-01Z-00-DX1.14EDBE5C-5D0C-4002-BE95-AF5C9D9F3D43,9,TCGA-MP-A4TJ-01,0.17843747718262137,0.029299653327368804,2336.0325015848653,2.336032501584865,0.16420123053736155,79.72901506663143,,0.22655865792557506,0.8631906688624847,3.0734250148132927,2,0.9437998469428761,11.208407737983794,13414.109375,137.79768911342455,29.627900701872214,0.1999079697322675,1000.0,True,,10,TCGA-MP-A4TJ-01,TCGA-MP-A4TJ,Female,Stage IA,62,1:DECEASED,11.14,1,I,matched
TCGA-MP-A5C7,TCGA-MP-A5C7-01Z-00-DX1.26E5FA5A-3E6D-4CD3-8FA2-F331B7012311,1,TCGA-MP-A5C7-01,92.21240844902559,61.84868485888092,1330632.4450513625,1330.6324450513625,0.6707197642828131,21.514320766681518,1.6798995127843845,0.03144269285068166,0.6245063146320466,1.7478215439410447,621,0.6797953430219125,6.734451582438439,5101.46875,121.85551126231427,7.386643351347079,0.9559560271386078,1000.0,True,,2,TCGA-MP-A5C7-01,TCGA-MP-A5C7,Female,Stage IB,76,0:LIVING,73.85,0,I,matched
TCGA-MP-A5C7,TCGA-MP-A5C7-01Z-00-DX1.26E5FA5A-3E6D-4CD3-8FA2-F331B7012311,2,TCGA-MP-A5C7-01,0.6320661053075748,0.12487498924163488,10024.723563172527,10.024723563172527,0.19756634344578322,80.27807348815497,,0.15595121784444038,0.6804074136369128,1.997194294079012,11,0.3593634227756365,17.403242964036494,3237.2020308528563,92.92772729384917,8.097067370350823,0.7607294386422977,1000.0,True,,3,TCGA-MP-A5C7-01,TCGA-MP-A5C7,Female,Stage IB,76,0:LIVING,73.85,0,I,matched
TCGA-MP-A5C7,TCGA-MP-A5C7-01Z-00-DX1.26E5FA5A-3E6D-4CD3-8FA2-F331B7012311,3,TCGA-MP-A5C7-01,2.8487081012358813,0.6208773627946234,87940.14273014142,87.94014273014142,0.21795050272973296,141.63850705446103,1.514937597007976,0.12115498814262292,0.6558952252099386,1.7899146775717174,86,0.0684629518092139,30.18912326001033,3777.625,89.49784040522675,4.084682606730493,0.8898046636246857,1000.0,True,,4,TCGA-MP-A5C7-01,TCGA-MP-A5C7,Female,Stage IB,76,0:LIVING,73.85,0,I,matched
TCGA-MP-A5C7,TCGA-MP-A5C7-01Z-00-DX1.26E5FA5A-3E6D-4CD3-8FA2-F331B7012311,4,TCGA-MP-A5C7-01,1.0362675243875237,0.3922636875,14466.440364073396,14.466440364073396,0.378535154550794,36.879376870879476,1.4290569084862499,0.03162199783349524,0.6470639477075155,1.2450789992382802,2,0.9858082030782261,1.9300035492109835,194951.96875,319.80924490233235,1.0606601717798212,0.16706884451810333,1000.0,True,,5,TCGA-MP-A5C7-01,TCGA-MP-A5C7,Female,Stage IB,76,0:LIVING,73.85,0,I,matched
TCGA-NJ-A4YF,TCGA-NJ-A4YF-01Z-00-DX1.4A3DE76A-9F1E-4766-A013-5E7E3A665071,1,TCGA-NJ-A4YF-01,0.47805660867922367,0.07458007348802313,7187.63847348076,7.18763847348076,0.15600678274079965,96.37478400493971,1.3407891415391124,0.19899772505560342,0.6889225244116081,2.4465614794932944,10,0.5439108036443573,20.918024808041107,3686.1875,127.66484441693414,22.28120671736849,0.7134375274747514,1000.0,True,,2,TCGA-NJ-A4YF-01,TCGA-NJ-A4YF,Female,Stage IA,50,0:LIVING,70.99,0,I,matched
TCGA-NJ-A4YF,TCGA-NJ-A4YF-01Z-00-DX1.4A3DE76A-9F1E-4766-A013-5E7E3A665071,2,TCGA-NJ-A4YF-01,0.4679547038717804,0.07307112584339819,6199.126696599091,6.199126696599091,0.1561499975079205,84.83688495349998,1.329958351832973,0.13370069352878053,0.6422977337762464,3.1911607786703744,6,0.6929630484876288,12.821753794452722,4768.265625,126.65596334403591,29.648988178351043,0.5661525762073609,1000.0,True,,3,TCGA-NJ-A4YF-01,TCGA-NJ-A4YF,Female,Stage IA,50,0:LIVING,70.99,0,I,matched
TCGA-NJ-A4YF,TCGA-NJ-A4YF-01Z-00-DX1.4A3DE76A-9F1E-4766-A013-5E7E3A665071,3,TCGA-NJ-A4YF-01,0.5486598044806663,0.0727894375,7991.097292663414,7.991097292663414,0.13266770575420375,109.78374839980614,1.3602791134371102,0.2015839302113025,0.7147188596075226,2.5507177067873834,11,0.490517116843304,20.04885342459531,2349.21875,102.85671541639856,29.125804709913165,0.5975025310830746,1000.0,True,,4,TCGA-NJ-A4YF-01,TCGA-NJ-A4YF,Female,Stage IA,50,0:LIVING,70.99,0,I,matched
TCGA-NJ-A4YF,TCGA-NJ-A4YF-01Z-00-DX1.4A3DE76A-9F1E-4766-A013-5E7E3A665071,4,TCGA-NJ-A4YF-01,98.25806757787807,51.78182789373861,2234311.9815220605,2234.3119815220603,0.526998232004685,43.14857301111671,1.829584202640184,0.05649604663041753,0.5432525951054897,1.9441315159181514,1227,0.29018221570234426,12.4875242333409,4674.53125,121.42616069035536,10.0,0.9676122341512541,1000.0,True,,5,TCGA-NJ-A4YF-01,TCGA-NJ-A4YF,Female,Stage IA,50,0:LIVING,70.99,0,I,matched
TCGA-NJ-A4YF,TCGA-NJ-A4YF-01Z-00-DX1.4A3DE76A-9F1E-4766-A013-5E7E3A665071,5,TCGA-NJ-A4YF-01,0.44021182950351717,0.10313004597524617,9936.379901007178,9.936379901007179,0.23427368158542902,96.34806042258687,1.4131870398936224,0.11809198603409132,0.683793982074413,1.6257241433396563,6,0.5954557577617482,13.629801831465917,2808.640625,141.31050971619203,23.06720484786038,0.5125072296124927,1000.0,True,,6,TCGA-NJ-A4YF-01,TCGA-NJ-A4YF,Female,Stage IA,50,0:LIVING,70.99,0,I,matched
TCGA-NJ-A4YF,TCGA-NJ-A4YF-01Z-00-DX1.4A3DE76A-9F1E-4766-A013-5E7E3A665071,6,TCGA-NJ-A4YF-01,0.6157808307270833,0.13177696556218949,14075.38639888001,14.07538639888001,0.21399978529145477,106.81219087745205,1.5018318779127662,0.17289599558746505,0.6855487676564952,1.433040888488093,15,0.3542870685885936,24.359316255897,4340.375,129.97625985155904,13.25,0.75220005411879,1000.0,True,,7,TCGA-NJ-A4YF-01,TCGA-NJ-A4YF,Female,Stage IA,50,0:LIVING,70.99,0,I,matched
TCGA-NJ-A4YF,TCGA-NJ-A4YF-01Z-00-DX1.4A3DE76A-9F1E-4766-A013-5E7E3A665071,7,TCGA-NJ-A4YF-01,3.3260342754663212,0.8276862856059373,51568.20121391407,51.56820121391407,0.2488507985955415,62.30404213616,1.5479956175399239,0.07367314998641188,0.4535727488583901,2.8111897874158247,30,0.6608413441711282,9.019750704701893,5116.953125,153.32436983419672,8.854177702337823,0.8766951345755694,1000.0,True,,8,TCGA-NJ-A4YF-01,TCGA-NJ-A4YF,Female,Stage IA,50,0:LIVING,70.99,0,I,matched
TCGA-NJ-A4YF,TCGA-NJ-A4YF-01Z-00-DX1.4A3DE76A-9F1E-4766-A013-5E7E3A665071,8,TCGA-NJ-A4YF-01,96.64213475299277,49.083068491926035,2391079.306246214,2391.079306246214,0.5078847711443589,48.71495160575661,1.826527729932304,0.05987519189602229,0.5427959017352678,1.6627266449561635,1295,0.2041404951847466,13.399952342835608,5106.90625,122.09345805570419,8.838834764831844,0.9748234200729028,1000.0,True,,9,TCGA-NJ-A4YF-01,TCGA-NJ-A4YF,Female,Stage IA,50,0:LIVING,70.99,0,I,matched
TCGA-NJ-A4YF,TCGA-NJ-A4YF-01Z-00-DX1.4A3DE76A-9F1E-4766-A013-5E7E3A665071,9,TCGA-NJ-A4YF-01,0.49639142969124445,0.1043456019133167,9467.669000453643,9.467669000453643,0.21020830673531105,90.73376191091164,1.3668579062187367,0.16051051589029378,0.7403483112999247,1.6727992908082243,9,0.4463402038078409,18.130852915002986,3032.15625,116.6207126757507,9.503288904374106,0.5646809485459157,1000.0,True,,10,TCGA-NJ-A4YF-01,TCGA-NJ-A4YF,Female,Stage IA,50,0:LIVING,70.99,0,I,matched
TCGA-NJ-A4YF,TCGA-NJ-A4YF-01Z-00-DX1.4A3DE76A-9F1E-4766-A013-5E7E3A665071,10,TCGA-NJ-A4YF-01,95.99895987567014,52.28022146012142,2028305.3771151465,2028.3053771151465,0.5445915406565905,38.79680155261599,1.7615482852923092,0.06161339866539344,0.5784343541056484,1.7913108177606323,1139,0.12985098111475643,11.864711883078087,5096.8125,125.1151969186797,9.956153875869939,0.969146891493905,1000.0,True,,11,TCGA-NJ-A4YF-01,TCGA-NJ-A4YF,Female,Stage IA,50,0:LIVING,70.99,0,I,matched
TCGA-NJ-A4YF,TCGA-NJ-A4YF-01Z-00-DX1.4A3DE76A-9F1E-4766-A013-5E7E3A665071,11,TCGA-NJ-A4YF-01,0.2122707767117505,0.015852188246447897,4891.710957423825,4.8917109574238244,0.07467908909559466,308.5826941602174,1.397844902766402,0.20614822959016818,0.612164860563149,1.7181498184479909,4,0.3561148301714886,18.84385623854259,1996.625,56.68089105515334,6.525310547026154,0.3338520825608017,1000.0,True,,12,TCGA-NJ-A4YF-01,TCGA-NJ-A4YF,Female,Stage IA,50,0:LIVING,70.99,0,I,matched
TCGA-NJ-A4YF,TCGA-NJ-A4YF-01Z-00-DX1.4A3DE76A-9F1E-4766-A013-5E7E3A665071,12,TCGA-NJ-A4YF-01,0.24087318524662127,0.023810439325099686,3122.1078149953473,3.1221078149953474,0.09885051879361768,131.12348631485304,1.170903487156156,0.14304986833059766,0.556382431430951,3.165737956903487,3,0.6739967080652401,12.45468646469888,5639.78125,146.2293922446852,58.180752831155424,0.28947395333785747,1000.0,True,,13,TCGA-NJ-A4YF-01,TCGA-NJ-A4YF,Female,Stage IA,50,0:LIVING,70.99,0,I,matched
TCGA-NJ-A4YF,TCGA-NJ-A4YF-01Z-00-DX1.4A3DE76A-9F1E-4766-A013-5E7E3A665071,13,TCGA-NJ-A4YF-01,0.3203007986594368,0.08141883837698839,6901.310271188677,6.9013102711886765,0.2541949277608822,84.76306477419863,1.3959148658965357,0.14901899559230627,0.6471375353193008,1.8048916616580626,6,0.3437271222666126,18.732391630342338,12670.590985303148,136.8301867279293,13.933839124179332,0.4748245891376365,1000.0,True,,14,TCGA-NJ-A4YF-01,TCGA-NJ-A4YF,Female,Stage IA,50,0:LIVING,70.99,0,I,matched
TCGA-NJ-A4YF,TCGA-NJ-A4YF-01Z-00-DX1.4A3DE76A-9F1E-4766-A013-5E7E3A665071,14,TCGA-NJ-A4YF-01,0.39495700583748805,0.07176070804986515,6296.460715286473,6.296460715286472,0.18169245510077708,87.74245525714687,1.2612442561277422,0.17523246224273986,0.6472168146081311,1.8756791727617763,7,0.5568154150837008,17.723448113439144,2685.65625,148.87541981468937,24.911091907020054,0.6109982267177974,1000.0,True,,15,TCGA-NJ-A4YF-01,TCGA-NJ-A4YF,Female,Stage IA,50,0:LIVING,70.99,0,I,matched
TCGA-NJ-A4YF,TCGA-NJ-A4YF-01Z-00-DX1.4A3DE76A-9F1E-4766-A013-5E7E3A665071,15,TCGA-NJ-A4YF-01,0.42930167534834046,0.09565153646152676,8443.257764587073,8.443257764587074,0.22280727505643663,88.27101034579978,1.37291847239551,0.18477976055504255,0.6678294332037942,2.2280036781878323,10,0.3783921143653339,23.29364308183955,3048.587708083351,127.84224898287734,13.08147545195113,0.7864877351789636,1000.0,True,,16,TCGA-NJ-A4YF-01,TCGA-NJ-A4YF,Female,Stage IA,50,0:LIVING,70.99,0,I,matched
TCGA-NJ-A4YF,TCGA-NJ-A4YF-01Z-00-DX1.4A3DE76A-9F1E-4766-A013-5E7E3A665071,16,TCGA-NJ-A4YF-01,0.1674353258777751,0.03316095141825363,3570.6360291042524,3.5706360291042523,0.19805230016072328,107.6759223240735,1.2756100188539126,0.2215061150576634,0.6922545604562856,1.751280447293559,5,0.46808246076187326,29.862276516545343,4542.5,112.53362344761676,25.310570914145735,0.4814832281414797,1000.0,True,,17,TCGA-NJ-A4YF-01,TCGA-NJ-A4YF,Female,Stage IA,50,0:LIVING,70.99,0,I,matched
TCGA-NJ-A4YI,TCGA-NJ-A4YI-01Z-00-DX1.C4111D01-27BF-486F-8E0E-C8053DB16133,1,TCGA-NJ-A4YI-01,99.47191796392171,41.544121726870834,2450603.7122646174,2450.6037122646176,0.4176467346486555,58.98797736960128,1.8009755577622024,0.06887045739506722,0.5247475474623984,1.7860666777707255,1867,0.14918949972094703,18.76911633167823,2977.96875,96.4820457714802,9.003471552684553,0.980358830398516,1000.0,True,,2,TCGA-NJ-A4YI-01,TCGA-NJ-A4YI,Female,Stage IIIA,87,1:DECEASED,0.13,1,III,matched
TCGA-NJ-A4YI,TCGA-NJ-A4YI-01Z-00-DX1.C4111D01-27BF-486F-8E0E-C8053DB16133,2,TCGA-NJ-A4YI-01,111.07087232923689,49.06942119228011,2462415.2463222384,2462.4152463222385,0.44178478266406573,50.18227618119205,1.7626706629430893,0.08210487170341375,0.5739700944237743,1.8188255330890954,2082,0.2737276354111107,18.744788407067915,3266.65625,101.57908036755518,9.758008348224449,0.9733175587072909,1000.0,True,,3,TCGA-NJ-A4YI-01,TCGA-NJ-A4YI,Female,Stage IIIA,87,1:DECEASED,0.13,1,III,matched
TCGA-NJ-A4YI,TCGA-NJ-A4YI-01Z-00-DX1.C4111D01-27BF-486F-8E0E-C8053DB16133,3,TCGA-NJ-A4YI-01,0.2189429029147846,0.049993705062109504,4017.0729395376493,4.017072939537649,0.22834129079565413,80.35157495422779,1.2740511708418574,0.2808143830335467,0.7864229435637259,1.5669518443065718,5,0.4835394511153468,22.837004230030075,4598.348525995802,138.60614551858706,16.12839111628931,0.48207261522234623,1000.0,True,,4,TCGA-NJ-A4YI-01,TCGA-NJ-A4YI,Female,Stage IIIA,87,1:DECEASED,0.13,1,III,matched
TCGA-NJ-A4YI,TCGA-NJ-A4YI-01Z-00-DX1.C4111D01-27BF-486F-8E0E-C8053DB16133,4,TCGA-NJ-A4YI-01,127.84635816564634,52.590493507767164,3071943.7861403315,3071.9437861403317,0.4113569933656412,58.412530121753505,1.8160852029394718,0.08338507331760267,0.5366194775492168,1.8674520529777388,2599,0.15235475569310955,20.32908905103547,3140.65625,98.46073138566462,9.290452088031023,0.9859002917317874,1000.0,True,,5,TCGA-NJ-A4YI-01,TCGA-NJ-A4YI,Female,Stage IIIA,87,1:DECEASED,0.13,1,III,matched
TCGA-NJ-A4YI,TCGA-NJ-A4YI-01Z-00-DX1.C4111D01-27BF-486F-8E0E-C8053DB16133,5,TCGA-NJ-A4YI-01,0.9079054884638216,0.24048359375,15689.813470087996,15.689813470087996,0.264877343298033,65.2427603290006,1.5097814664900604,0.11148952322135518,0.6523899410597751,1.8623595671442705,14,0.6313551769289046,15.42010724451951,3920.171875,98.27037400076384,9.307100187542702,0.6895879765163353,1000.0,True,,6,TCGA-NJ-A4YI-01,TCGA-NJ-A4YI,Female,Stage IIIA,87,1:DECEASED,0.13,1,III,matched
TCGA-NJ-A4YI,TCGA-NJ-A4YI-01Z-00-DX1.C4111D01-27BF-486F-8E0E-C8053DB16133,6,TCGA-NJ-A4YI-01,2.112668901218807,0.4238762701755177,48188.531036672335,48.18853103667234,0.20063544738647018,113.68537100866378,1.576287958614689,0.12269932306637102,0.5749092640957103,1.8518723164767257,42,0.28755153879440704,19.880067328945884,2989.117940373654,114.51667476167583,11.739356881873896,0.8403710435268821,1000.0,True,,7,TCGA-NJ-A4YI-01,TCGA-NJ-A4YI,Female,Stage IIIA,87,1:DECEASED,0.13,1,III,matched
TCGA-NJ-A4YI,TCGA-NJ-A4YI-01Z-00-DX1.C4111D01-27BF-486F-8E0E-C8053DB16133,7,TCGA-NJ-A4YI-01,0.508301157553517,0.10052345627442646,12515.895827788061,12.51589582778806,0.1977635792888053,124.50721743609755,1.5781273337313395,0.28557476248076386,0.755346231387844,1.4799947571008598,24,0.09597006522603924,47.21610337366413,3475.21875,69.3635119163288,6.934876389216001,0.6891189721660873,1000.0,True,,8,TCGA-NJ-A4YI-01,TCGA-NJ-A4YI,Female,Stage IIIA,87,1:DECEASED,0.13,1,III,matched
TCGA-NJ-A4YI,TCGA-NJ-A4YI-01Z-00-DX1.C4111D01-27BF-486F-8E0E-C8053DB16133,8,TCGA-NJ-A4YI-01,1.1512894858417115,0.17978304606546722,27615.07745784371,27.615077457843707,0.15615798483039844,153.6022337044384,1.3782089954539414,0.14590881121091862,0.6230726698253832,1.9622586155033315,30,0.15990729956700495,26.057738187426338,2911.71875,82.51371985057807,6.8282501418738315,0.8488417967512811,1000.0,True,,9,TCGA-NJ-A4YI-01,TCGA-NJ-A4YI,Female,Stage IIIA,87,1:DECEASED,0.13,1,III,matched
TCGA-NJ-A4YI,TCGA-NJ-A4YI-01Z-00-DX1.C4111D01-27BF-486F-8E0E-C8053DB16133,9,TCGA-NJ-A4YI-01,0.15510228903663328,0.020724747100086434,2301.259011092745,2.301259011092745,0.13361986614647256,111.0391842167834,1.161531966847555,0.2817228351173726,0.8618926512199536,1.9925339490458862,3,0.7803044909559617,19.34207430872562,2818.9375,154.0690921510541,46.012226635971444,0.4335059830159905,1000.0,True,,10,TCGA-NJ-A4YI-01,TCGA-NJ-A4YI,Female,Stage IIIA,87,1:DECEASED,0.13,1,III,matched
TCGA-NJ-A4YI,TCGA-NJ-A4YI-01Z-00-DX1.C4111D01-27BF-486F-8E0E-C8053DB16133,10,TCGA-NJ-A4YI-01,26.554710208555562,11.803679161845414,508193.5613176578,508.19356131765784,0.44450416024658523,43.05382706100305,1.721952490196387,0.03500180817045137,0.49169270534730897,1.8611301827034101,270,0.7144426145192287,10.167687686270051,2718.390625,120.72578073060205,12.053261545402975,0.9433361062354884,1000.0,True,,11,TCGA-NJ-A4YI-01,TCGA-NJ-A4YI,Female,Stage IIIA,87,1:DECEASED,0.13,1,III,matched
TCGA-NJ-A4YI,TCGA-NJ-A4YI-01Z-00-DX1.C4111D01-27BF-486F-8E0E-C8053DB16133,11,TCGA-NJ-A4YI-01,0.18773965171175028,0.02236692849696028,2269.0629182732346,2.2690629182732347,0.11913800996766405,101.44722904540093,1.345698018952091,0.09360872875539031,0.5506427000002673,2.3734990956566513,1,1.0,5.326525275200624,21049.42849696028,,,0.0,1000.0,True,,12,TCGA-NJ-A4YI-01,TCGA-NJ-A4YI,Female,Stage IIIA,87,1:DECEASED,0.13,1,III,matched
TCGA-NJ-A55A,TCGA-NJ-A55A-01Z-00-DX1.42C356FE-52A3-4A60-886B-75F84ADBC534,1,TCGA-NJ-A55A-01,0.2550720606720544,0.017716593147476756,4671.756297215141,4.671756297215141,0.06945720789959407,263.69382975194105,1.3447093667702055,0.1302332468151998,0.5778108502731059,2.573177984758837,5,0.32559875823193285,19.60230370518114,2574.90625,103.42154333116481,10.5,0.42005598098392416,1000.0,True,,2,TCGA-NJ-A55A-01,TCGA-NJ-A55A,Female,Stage IB,76,0:LIVING,0.49,0,I,matched
TCGA-NJ-A55A,TCGA-NJ-A55A-01Z-00-DX1.42C356FE-52A3-4A60-886B-75F84ADBC534,2,TCGA-NJ-A55A-01,0.26578020738863006,0.03201135905126955,6210.443150903004,6.210443150903004,0.12044297566696449,194.00748156166466,1.3371907260430713,0.11957800711498473,0.6346870703598148,1.4661399509832644,8,0.2979415627460148,30.10005928809519,2575.65625,89.02651854792866,13.604740002371237,0.7049250263158471,1000.0,True,,3,TCGA-NJ-A55A-01,TCGA-NJ-A55A,Female,Stage IB,76,0:LIVING,0.49,0,I,matched
TCGA-NJ-A55A,TCGA-NJ-A55A-01Z-00-DX1.42C356FE-52A3-4A60-886B-75F84ADBC534,3,TCGA-NJ-A55A-01,0.4169490757760884,0.04432443855052232,8608.078254481412,8.608078254481413,0.10630659983600876,194.2061430664185,1.3455158348426552,0.12214399529886694,0.63346730414069,1.9331512429764144,9,0.25690270747779437,21.585369827832917,2373.271669693051,120.75705207150429,13.46291201783626,0.6207231626713167,1000.0,True,,4,TCGA-NJ-A55A-01,TCGA-NJ-A55A,Female,Stage IB,76,0:LIVING,0.49,0,I,matched
TCGA-NJ-A55A,TCGA-NJ-A55A-01Z-00-DX1.42C356FE-52A3-4A60-886B-75F84ADBC534,4,TCGA-NJ-A55A-01,34.91257169610053,8.331406512522967,698224.5114835723,698.2245114835723,0.23863628795507846,83.80631894915564,1.7024698667054745,0.16626348657050483,0.611322741694651,1.9101593716382377,708,0.042265633643290376,20.279227957277012,3754.484375,109.02166147708513,16.345591523728693,0.9583819670576808,1000.0,True,,5,TCGA-NJ-A55A-01,TCGA-NJ-A55A,Female,Stage IB,76,0:LIVING,0.49,0,I,matched
TCGA-NJ-A55A,TCGA-NJ-A55A-01Z-00-DX1.42C356FE-52A3-4A60-886B-75F84ADBC534,5,TCGA-NJ-A55A-01,36.82157117847025,9.115251090646524,725652.5183282085,725.6525183282084,0.247551932166769,79.60861539764119,1.7180952847136592,0.17259770183876272,0.6204839085755227,1.834492445567907,751,0.03151896512680003,20.395653307676163,4015.5,114.2410417713354,15.26843148460247,0.9816982431304541,1000.0,True,,6,TCGA-NJ-A55A-01,TCGA-NJ-A55A,Female,Stage IB,76,0:LIVING,0.49,0,I,matched
TCGA-NJ-A55A,TCGA-NJ-A55A-01Z-00-DX1.42C356FE-52A3-4A60-886B-75F84ADBC534,6,TCGA-NJ-A55A-01,0.5759307014078231,0.05942437967821398,16539.21737683759,16.53921737683759,0.10317973939044255,278.32376991393585,1.4817583965242433,0.08860068657633226,0.5048178380092021,2.2666493553296703,15,0.2584017521834716,26.044800118023797,1710.65625,83.05648021828279,9.0,0.6545484780800279,1000.0,True,,7,TCGA-NJ-A55A-01,TCGA-NJ-A55A,Female,Stage IB,76,0:LIVING,0.49,0,I,matched
TCGA-NJ-A55O,TCGA-NJ-A55O-01Z-00-DX1.8E23C821-B8BB-4D89-9E38-E97424A685CE,1,TCGA-NJ-A55O-01,0.8350687941734516,0.08190852099667367,11884.459149284925,11.884459149284925,0.09808595599329809,145.0942954978708,1.3134783666204553,0.1699082279155993,0.6721347373248793,1.552562382385193,15,0.34818909285120125,17.962591950100293,3833.34375,121.98796047151538,41.95905742506616,0.7782905518306749,1000.0,True,,2,TCGA-NJ-A55O-01,TCGA-NJ-A55O,Female,Stage IIA,56,0:LIVING,0.43,0,II,matched
TCGA-NJ-A55O,TCGA-NJ-A55O-01Z-00-DX1.8E23C821-B8BB-4D89-9E38-E97424A685CE,2,TCGA-NJ-A55O-01,0.7021722433355271,0.07486181316874575,10450.56617013158,10.45056617013158,0.10661460044779021,139.5980905054356,1.2801104644385033,0.1492043704124559,0.6799544227723183,1.772915075572137,12,0.43377023679558985,17.08982391983544,3188.75,111.27317591751746,17.141292806281022,0.8084394610106177,1000.0,True,,3,TCGA-NJ-A55O-01,TCGA-NJ-A55O,Female,Stage IIA,56,0:LIVING,0.43,0,II,matched
TCGA-NJ-A55O,TCGA-NJ-A55O-01Z-00-DX1.8E23C821-B8BB-4D89-9E38-E97424A685CE,3,TCGA-NJ-A55O-01,28.55929564416193,10.100128241985278,682092.1668696889,682.0921668696889,0.3536546687925736,67.53302042584927,1.7389332230630616,0.06528264452701411,0.5543677744242134,1.7069999208582964,435,0.16356654651546032,15.231468080303387,3069.125,130.0259138835409,12.19118534023661,0.9610633445347254,1000.0,True,,4,TCGA-NJ-A55O-01,TCGA-NJ-A55O,Female,Stage IIA,56,0:LIVING,0.43,0,II,matched
TCGA-NJ-A55O,TCGA-NJ-A55O-01Z-00-DX1.8E23C821-B8BB-4D89-9E38-E97424A685CE,4,TCGA-NJ-A55O-01,0.6785971718109594,0.23362032434653557,12695.228826925772,12.69522882692577,0.34426952255500487,54.341285855311895,1.4106097993231528,0.04860428884755601,0.554978098857237,1.0411631012540496,5,0.9464871413259904,7.368141524457868,4497.875,175.92274582895755,17.755280904564703,0.49391181748269675,1000.0,True,,5,TCGA-NJ-A55O-01,TCGA-NJ-A55O,Female,Stage IIA,56,0:LIVING,0.43,0,II,matched
TCGA-NJ-A55O,TCGA-NJ-A55O-01Z-00-DX1.8E23C821-B8BB-4D89-9E38-E97424A685CE,5,TCGA-NJ-A55O-01,0.17137599473635962,0.03436684026980193,2644.491190336616,2.644491190336616,0.20053473838428182,76.94891848001298,1.24658434076476,0.1368061687374827,0.6818427856864894,1.6573583959368647,2,0.9566961954854751,11.670245900405995,16148.985241364619,170.06442034216454,5.25,0.22090813111381552,1000.0,True,,6,TCGA-NJ-A55O-01,TCGA-NJ-A55O,Female,Stage IIA,56,0:LIVING,0.43,0,II,matched
TCGA-NJ-A55O,TCGA-NJ-A55O-01Z-00-DX1.8E23C821-B8BB-4D89-9E38-E97424A685CE,6,TCGA-NJ-A55O-01,7.873960839343779,1.5530436920913795,162317.42726817325,162.31742726817325,0.19723792431520543,104.51568625837646,1.5216597953102429,0.106877131398807,0.5986254309552134,1.6251179958260717,127,0.09506190969676347,16.129112474806803,3178.25,131.61900508665153,14.920623311376774,0.8928506866218812,1000.0,True,,7,TCGA-NJ-A55O-01,TCGA-NJ-A55O,Female,Stage IIA,56,0:LIVING,0.43,0,II,matched
TCGA-NJ-A55O,TCGA-NJ-A55O-01Z-00-DX1.8E23C821-B8BB-4D89-9E38-E97424A685CE,7,TCGA-NJ-A55O-01,0.6873378904066817,0.13341890559905925,15998.939210422377,15.998939210422376,0.19410963292030708,119.91508353772005,1.4752258880879083,0.12725676454185184,0.6313398899733553,2.0386973597505236,15,0.2654450873814283,21.823327666578738,2164.875,103.60087173861038,9.545941546018392,0.6347105295701226,1000.0,True,,8,TCGA-NJ-A55O-01,TCGA-NJ-A55O,Female,Stage IIA,56,0:LIVING,0.43,0,II,matched
TCGA-NJ-A55O,TCGA-NJ-A55O-01Z-00-DX1.8E23C821-B8BB-4D89-9E38-E97424A685CE,8,TCGA-NJ-A55O-01,0.2593630043909833,0.053047783318033566,6263.073479601625,6.2630734796016245,0.20453103341625914,118.06475384754665,1.3984788524447371,0.10220866577134155,0.6161577020118306,1.3355988875733784,4,0.4667829556577385,15.422400004165972,12129.421875,139.1527282094424,11.26814804079363,0.5587529434677148,1000.0,True,,9,TCGA-NJ-A55O-01,TCGA-NJ-A55O,Female,Stage IIA,56,0:LIVING,0.43,0,II,matched
TCGA-NJ-A55O,TCGA-NJ-A55O-01Z-00-DX1.8E23C821-B8BB-4D89-9E38-E97424A685CE,9,TCGA-NJ-A55O-01,15.869115696154536,5.268481972984865,407167.2171208714,407.16721712087144,0.3319959393995434,77.28359311253188,1.7138268671425971,0.07445017241888537,0.5325548964873418,1.6873336646247021,290,0.13530535319448228,18.27449024587261,2938.59375,112.29144466449381,11.060430140644309,0.9443185893760189,1000.0,True,,10,TCGA-NJ-A55O-01,TCGA-NJ-A55O,Female,Stage IIA,56,0:LIVING,0.43,0,II,matched
TCGA-NJ-A55O,TCGA-NJ-A55O-01Z-00-DX1.8E23C821-B8BB-4D89-9E38-E97424A685CE,10,TCGA-NJ-A55O-01,0.2012735854843228,0.00855565625,1897.534360981834,1.897534360981834,0.042507595964033744,221.78712018517973,1.2068065866022097,0.12376400403494675,0.6522162896972132,2.3104464837621417,1,1.0,4.9683618324466625,4767.84375,,,0.0,1000.0,True,,11,TCGA-NJ-A55O-01,TCGA-NJ-A55O,Female,Stage IIA,56,0:LIVING,0.43,0,II,matched
TCGA-O1-A52J,TCGA-O1-A52J-01Z-00-DX1.26F6ECCA-D614-4950-98E6-4D76E82F71B4,1,TCGA-O1-A52J-01,0.22126274008118704,0.01220309375,3027.1872106179667,3.0271872106179667,0.055152050207469945,248.06719284754874,1.3810486095016916,0.1085037048268434,0.589864089007825,1.9968554100354772,4,0.47762654858332615,18.078055069426945,2204.109375,118.91863778705239,18.199116139070416,0.3905891118699601,1000.0,True,,2,TCGA-O1-A52J-01,TCGA-O1-A52J,Female,Stage IA,74,1:DECEASED,59.07,1,I,matched
TCGA-O1-A52J,TCGA-O1-A52J-01Z-00-DX1.26F6ECCA-D614-4950-98E6-4D76E82F71B4,2,TCGA-O1-A52J-01,82.19540238870322,22.18830694174881,2770769.009689665,2770.769009689665,0.2699458399974733,124.8751884027832,1.7182684857649089,0.08849956292130093,0.48655585033721527,1.9759334709496923,2151,0.026333459908781526,26.169346915876034,3212.53125,98.22653981994887,7.079901129253148,0.9836320008057778,1000.0,True,,3,TCGA-O1-A52J-01,TCGA-O1-A52J,Female,Stage IA,74,1:DECEASED,59.07,1,I,matched
TCGA-O1-A52J,TCGA-O1-A52J-01Z-00-DX1.26F6ECCA-D614-4950-98E6-4D76E82F71B4,3,TCGA-O1-A52J-01,0.23009571168735748,0.023679957107039476,4002.6887032103505,4.00268870321035,0.10291350904972368,169.03276830769462,1.2317972640460744,0.13886821160434576,0.6433355559018242,4.08443164977022,5,0.3835019748432508,21.7300877245107,3917.53125,169.4887994086925,5.55090082779363,0.6045851179314047,1000.0,True,,4,TCGA-O1-A52J-01,TCGA-O1-A52J,Female,Stage IA,74,1:DECEASED,59.07,1,I,matched
TCGA-O1-A52J,TCGA-O1-A52J-01Z-00-DX1.26F6ECCA-D614-4950-98E6-4D76E82F71B4,4,TCGA-O1-A52J-01,10.480937138580318,2.6829065846502296,369429.78833509696,369.429788335097,0.2559796465885148,137.69759649803817,1.6744757412926563,0.09721900883720433,0.5044018265539044,2.1970912952507553,292,0.09741980434874052,27.86010412419595,3982.703125,90.18591267446106,5.303300858899107,0.9274042580466412,1000.0,True,,5,TCGA-O1-A52J-01,TCGA-O1-A52J,Female,Stage IA,74,1:DECEASED,59.07,1,I,matched
TCGA-O1-A52J,TCGA-O1-A52J-01Z-00-DX1.26F6ECCA-D614-4950-98E6-4D76E82F71B4,5,TCGA-O1-A52J-01,0.34068340319007673,0.0303585096407992,6475.148642159851,6.475148642159851,0.0891106210532403,213.28941106706418,1.3821882721442997,0.16733388095144208,0.6149991365157784,1.9354497010028964,9,0.21788993558722866,26.41748883487186,2274.1875,73.59093014767512,12.0,0.48976129268122837,1000.0,True,,6,TCGA-O1-A52J-01,TCGA-O1-A52J,Female,Stage IA,74,1:DECEASED,59.07,1,I,matched
TCGA-S2-AA1A,TCGA-S2-AA1A-01Z-00-DX1.4B5D5FAE-8305-4D2D-B245-584589352886,1,TCGA-S2-AA1A-01,109.91303533516286,41.11057907250526,3024873.086119654,3024.873086119654,0.3740282392087971,73.57894620712575,1.7321322030832833,0.0872951641538195,0.5983277736922857,1.7345994944242793,1946,0.038157118211193414,17.70490637498976,4493.5625,121.02304790823936,9.02599994911602,0.9748883411951517,1000.0,True,,2,TCGA-S2-AA1A-01,TCGA-S2-AA1A,Female,Stage IA,68,0:LIVING,16.85,0,I,matched
TCGA-S2-AA1A,TCGA-S2-AA1A-01Z-00-DX1.4B5D5FAE-8305-4D2D-B245-584589352886,2,TCGA-S2-AA1A-01,0.31555216530438057,0.030099493329331813,6377.551445111842,6.377551445111842,0.09538674310885473,211.8823521489961,1.2226193045271148,0.1412133612824806,0.6504357459368348,1.8851251279405536,7,0.5291684960459822,22.183336923857972,2119.5241484354756,135.5899292213474,75.50869155269478,0.7131912981983396,1000.0,True,,3,TCGA-S2-AA1A-01,TCGA-S2-AA1A,Female,Stage IA,68,0:LIVING,16.85,0,I,matched
TCGA-S2-AA1A,TCGA-S2-AA1A-01Z-00-DX1.4B5D5FAE-8305-4D2D-B245-584589352886,3,TCGA-S2-AA1A-01,0.8769206643561035,0.25282234375,21026.85315090692,21.026853150906923,0.2883069746516235,83.16849230580287,1.5840862926778558,0.10432772721249962,0.6553692916115189,1.986773744296425,19,0.31878612083882935,21.666726275576057,2137.75,103.21094903158289,7.603453162872775,0.6898246396875207,1000.0,True,,4,TCGA-S2-AA1A-01,TCGA-S2-AA1A,Female,Stage IA,68,0:LIVING,16.85,0,I,matched
TCGA-S2-AA1A,TCGA-S2-AA1A-01Z-00-DX1.4B5D5FAE-8305-4D2D-B245-584589352886,4,TCGA-S2-AA1A-01,5.495201147838404,2.323108807316363,157696.04495328164,157.69604495328164,0.42275227872781007,67.88147178325706,1.6141779132126,0.03302075770500614,0.5293105998861168,1.3126605882124305,61,0.5129817637350739,11.100594565859522,3636.600331612825,117.85352402452801,5.5,0.835047151934323,1000.0,True,,5,TCGA-S2-AA1A-01,TCGA-S2-AA1A,Female,Stage IA,68,0:LIVING,16.85,0,I,matched
TCGA-S2-AA1A,TCGA-S2-AA1A-01Z-00-DX1.4B5D5FAE-8305-4D2D-B245-584589352886,5,TCGA-S2-AA1A-01,0.4921918439963465,0.13344637941345355,11113.346685711196,11.113346685711196,0.27112675888721977,83.27949199190331,1.4643656378481376,0.07941313677849293,0.6641561925364177,1.918896082703074,5,0.49884052481723357,10.158640499612005,11922.5625,153.31647467330444,5.25594901040716,0.40127012182196786,1000.0,True,,6,TCGA-S2-AA1A-01,TCGA-S2-AA1A,Female,Stage IA,68,0:LIVING,16.85,0,I,matched
TCGA-S2-AA1A,TCGA-S2-AA1A-01Z-00-DX1.4B5D5FAE-8305-4D2D-B245-584589352886,6,TCGA-S2-AA1A-01,0.2549164431269103,0.0632423125,3674.3788591251596,3.6743788591251594,0.24809036139153556,58.10000795156186,1.2581781660042228,0.24706039857714396,0.8162680787889183,1.196103853331196,4,0.48755045183678725,15.691416179099116,15606.625,199.5453996554898,33.15216108305334,0.46481075131622296,1000.0,True,,7,TCGA-S2-AA1A-01,TCGA-S2-AA1A,Female,Stage IA,68,0:LIVING,16.85,0,I,matched
TCGA-S2-AA1A,TCGA-S2-AA1A-01Z-00-DX1.4B5D5FAE-8305-4D2D-B245-584589352886,7,TCGA-S2-AA1A-01,0.25004185060888895,0.06783712024067415,7009.572277232822,7.009572277232822,0.271303064168981,103.3294493098188,1.3761560270537028,0.036702447182182005,0.5481553411726194,1.7690726827617473,2,0.9738237624773426,7.9986610046666335,32257.906594449247,210.68433882232443,24.38237068047322,0.2282958895414324,1000.0,True,,8,TCGA-S2-AA1A-01,TCGA-S2-AA1A,Female,Stage IA,68,0:LIVING,16.85,0,I,matched
TCGA-S2-AA1A,TCGA-S2-AA1A-01Z-00-DX1.4B5D5FAE-8305-4D2D-B245-584589352886,8,TCGA-S2-AA1A-01,3.432499679256127,0.9927618856987822,81700.51103973623,81.70051103973623,0.2892241743527062,82.29618019856707,1.5851425250923163,0.09005567993068232,0.6064601476697142,1.5798748324477732,57,0.22997558005579435,16.60597387509523,5244.03125,125.28444199600364,6.005206074732157,0.7890995746259779,1000.0,True,,9,TCGA-S2-AA1A-01,TCGA-S2-AA1A,Female,Stage IA,68,0:LIVING,16.85,0,I,matched
TCGA-S2-AA1A,TCGA-S2-AA1A-01Z-00-DX1.4B5D5FAE-8305-4D2D-B245-584589352886,9,TCGA-S2-AA1A-01,1.4969270266609147,0.22393426748863318,29017.820279595217,29.017820279595217,0.14959598130053603,129.58186616556196,1.3664136597590122,0.10991553765486249,0.6619901928085562,1.6665923241275178,22,0.18677566467617665,14.69677519890451,4663.203125,100.6750284854626,4.962358310319802,0.7425044588455942,1000.0,True,,10,TCGA-S2-AA1A-01,TCGA-S2-AA1A,Female,Stage IA,68,0:LIVING,16.85,0,I,matched
