patient_id,wsi_name,cluster_id,sample_id,cluster_area_mm2,tumor_area_mm2,tumor_perimeter_um,tumor_perimeter_mm,tumor_fraction_of_cluster,tumor_boundary_density_per_mm,tumor_boundary_fractal_dimension,tumor_compactness_mean,tumor_solidity_mean,tumor_elongation_mean,tumor_n_islands,tumor_largest_patch_index,tumor_patch_density_per_mm2,tumor_island_area_median_um2,tumor_island_nnd_median_um,tumor_island_gap_median_um,tumor_spread_frac,min_island_area_um2_used,tumor_valid_morphology,tumor_invalid_reason,source_row,clinical__sample_id,subject_id,SEX,AJCC_PATHOLOGIC_TUMOR_STAGE,AGE,OS_STATUS,OS_MONTHS,OS_Status,stage,clinical_match
TCGA-05-4250,TCGA-05-4250-01Z-00-DX1.90f67fdf-dff9-46ca-af71-0978d7c221ba,1,TCGA-05-4250-01,57.225166085708665,36.28819133520417,718551.6951025083,718.5516951025083,0.6341299434737112,19.801254035094928,1.6716966808475948,0.023909220255778005,0.6583627170514256,1.5103383196966242,192,0.28463484892595053,3.3551671953635416,5840.09375,168.896834265773,11.844976968129776,0.9571072966671532,1000.0,True,,2,TCGA-05-4250-01,TCGA-05-4250,Female,Stage IIIA,79,1:DECEASED,3.98,1,III,matched
TCGA-05-4398,TCGA-05-4398-01Z-00-DX1.269bc75f-492e-48b1-87ee-85924aa80e74,1,TCGA-05-4398-01,2.3117257367811415,0.4957169539378852,50297.27090523462,50.29727090523462,0.21443588486760717,101.46368911872443,1.5502787796187494,0.09509357174649923,0.5682940667923574,2.1419375770339437,37,0.24150167931829442,16.00535885866763,4096.25,114.20733954632688,11.297123527695003,0.8143484545252391,1000.0,True,,2,TCGA-05-4398-01,TCGA-05-4398,Female,Stage IIIB,47,0:LIVING,47.01,0,III,matched
TCGA-05-4398,TCGA-05-4398-01Z-00-DX1.269bc75f-492e-48b1-87ee-85924aa80e74,2,TCGA-05-4398-01,122.88362530539604,73.88795502922859,2275695.457922313,2275.695457922313,0.6012839777928007,30.799275159558732,1.6596215628582813,0.023223926122714993,0.6377748352290793,1.8242070116847882,917,0.34761707042755596,7.462344944015359,3190.78125,120.88643947937254,6.5,0.9741841334135273,1000.0,True,,3,TCGA-05-4398-01,TCGA-05-4398,Female,Stage IIIB,47,0:LIVING,47.01,0,III,matched
TCGA-05-4398,TCGA-05-4398-01Z-00-DX1.269bc75f-492e-48b1-87ee-85924aa80e74,3,TCGA-05-4398-01,0.5240520706589215,0.05070878125,9115.549438545087,9.115549438545088,0.09676286783151314,179.76273958556413,1.3834752070838685,0.13581291559719466,0.6494467327245679,2.0737509869105,11,0.26011773460020066,20.99028057683095,3463.84375,128.7041787394644,14.467636296230287,0.6700734184470845,1000.0,True,,4,TCGA-05-4398-01,TCGA-05-4398,Female,Stage IIIB,47,0:LIVING,47.01,0,III,matched
TCGA-05-4398,TCGA-05-4398-01Z-00-DX1.269bc75f-492e-48b1-87ee-85924aa80e74,4,TCGA-05-4398-01,3.7540491605348802,1.1809560643313186,77471.68894141042,77.47168894141042,0.3145819390822935,65.60082231787045,1.5836302232815138,0.06265072616951647,0.5630603754673533,2.150373239287117,27,0.5163009414695781,7.19223399731745,10640.15625,220.3318519869517,25.75121356363618,0.8439240796512906,1000.0,True,,5,TCGA-05-4398-01,TCGA-05-4398,Female,Stage IIIB,47,0:LIVING,47.01,0,III,matched
TCGA-05-4402,TCGA-05-4402-01Z-00-DX1.c653ddc2-88c1-45ac-88e7-4e512b8e8d53,1,TCGA-05-4402-01,82.05634994038081,50.334089871855674,1524378.716797668,1524.378716797668,0.6134088331789875,30.285214666214216,1.737549809172179,0.03137408838265819,0.5949386583313891,1.3407474898334448,712,0.45798124673369284,8.676964068195984,4129.578125,119.95360325247609,8.73212459828649,0.9772439038701688,1000.0,True,,2,TCGA-05-4402-01,TCGA-05-4402,Female,Stage IV,57,1:DECEASED,8.02,1,IV,matched
TCGA-05-4402,TCGA-05-4402-01Z-00-DX1.c653ddc2-88c1-45ac-88e7-4e512b8e8d53,2,TCGA-05-4402-01,28.07586412626211,15.792815592410252,606272.4540751257,606.2724540751258,0.5625050584867906,38.38913020465392,1.709708050080522,0.042982530729091764,0.664934024727232,1.4840542792965445,300,0.3428523485418041,10.685334515470196,3742.25,123.35365823517355,9.062071897723666,0.9472972024135019,1000.0,True,,3,TCGA-05-4402-01,TCGA-05-4402,Female,Stage IV,57,1:DECEASED,8.02,1,IV,matched
TCGA-38-4627,TCGA-38-4627-01Z-00-DX1.fe406eb9-b38b-410d-aa1a-84ab8ac091c7,1,TCGA-38-4627-01,1.1968278100694822,0.2654581751604059,19160.681578031443,19.160681578031443,0.22180147630843788,72.17966282806474,1.5558766920188145,0.29014644952670304,0.745992969530163,1.8232612345799437,23,0.18400687855365408,19.21746788175379,7564.1875,95.16966756798092,8.200609733428363,0.8069511232824234,1000.0,True,,2,TCGA-38-4627-01,TCGA-38-4627,Female,Stage IIA,64,1:DECEASED,37.68,1,II,matched
TCGA-38-4627,TCGA-38-4627-01Z-00-DX1.fe406eb9-b38b-410d-aa1a-84ab8ac091c7,2,TCGA-38-4627-01,0.8427294365458925,0.25391340625,17436.050410227275,17.436050410227274,0.3012988454404994,68.66927850615322,1.5748821889186104,0.24665553870371748,0.7526898964705244,1.9803373402655053,25,0.16670563991548712,29.665511747718064,5670.03125,96.14645404277789,9.25,0.8151561041829731,1000.0,True,,3,TCGA-38-4627-01,TCGA-38-4627,Female,Stage IIA,64,1:DECEASED,37.68,1,II,matched
TCGA-38-4627,TCGA-38-4627-01Z-00-DX1.fe406eb9-b38b-410d-aa1a-84ab8ac091c7,3,TCGA-38-4627-01,0.7872293913717805,0.25616731252256936,17372.083664789436,17.372083664789436,0.32540364388096205,67.81538008780447,1.5854716468504388,0.2263332765084447,0.6932785754843451,1.4044204218360121,16,0.44573800556525595,20.32444440637477,7859.484375,114.9395773308093,11.148561763847502,0.6364508700102354,1000.0,True,,4,TCGA-38-4627-01,TCGA-38-4627,Female,Stage IIA,64,1:DECEASED,37.68,1,II,matched
TCGA-38-4627,TCGA-38-4627-01Z-00-DX1.fe406eb9-b38b-410d-aa1a-84ab8ac091c7,4,TCGA-38-4627-01,20.657018860562395,5.484913026319432,342173.2746182541,342.1732746182541,0.26552297131272035,62.38444857308235,1.5820665809431194,0.12895291854437352,0.6765951066223821,1.7654869025536641,323,0.17502586518199337,15.63633175630485,4205.40625,123.0501834872667,14.999999999999998,0.9570701607900605,1000.0,True,,5,TCGA-38-4627-01,TCGA-38-4627,Female,Stage IIA,64,1:DECEASED,37.68,1,II,matched
TCGA-38-4627,TCGA-38-4627-01Z-00-DX1.fe406eb9-b38b-410d-aa1a-84ab8ac091c7,5,TCGA-38-4627-01,18.453698588576327,4.900748068719023,320932.5208668205,320.9325208668205,0.265569963939522,65.4864352067596,1.5806936701765708,0.12354896359747146,0.665599857743476,1.788772799068392,294,0.1517980667582408,15.93176558015309,4219.523007893302,129.03957478611494,15.093059697351777,0.9592495123182792,1000.0,True,,6,TCGA-38-4627-01,TCGA-38-4627,Female,Stage IIA,64,1:DECEASED,37.68,1,II,matched
TCGA-38-4627,TCGA-38-4627-01Z-00-DX1.fe406eb9-b38b-410d-aa1a-84ab8ac091c7,6,TCGA-38-4627-01,3.933918273091918,0.8719346662905656,57945.2719766059,57.9452719766059,0.22164534333481622,66.45597911953655,1.4697634270773265,0.1256491135798764,0.6923872671846952,1.5253324791526346,55,0.43450835492956436,13.980971688253193,3753.25,123.85514787948864,17.65290344390973,0.8752847402248776,1000.0,True,,7,TCGA-38-4627-01,TCGA-38-4627,Female,Stage IIA,64,1:DECEASED,37.68,1,II,matched
TCGA-38-4627,TCGA-38-4627-01Z-00-DX1.fe406eb9-b38b-410d-aa1a-84ab8ac091c7,7,TCGA-38-4627-01,0.23200008217805154,0.0210105,2558.8803384216076,2.5588803384216074,0.09056246792134846,121.79054941203718,1.2551961986911504,0.2910188926818437,0.805792404927555,1.8422434645054278,4,0.38231525766139896,17.24137320317907,4995.1875,95.1911632906033,18.005403703862708,0.3714235459662289,1000.0,True,,8,TCGA-38-4627-01,TCGA-38-4627,Female,Stage IIA,64,1:DECEASED,37.68,1,II,matched
TCGA-38-4627,TCGA-38-4627-01Z-00-DX1.fe406eb9-b38b-410d-aa1a-84ab8ac091c7,8,TCGA-38-4627-01,0.2665210821780517,0.014993840002985431,2464.599954065244,2.4645999540652443,0.056257613395733805,164.37416656270287,1.2470437189244834,0.25896654062744817,0.7201246592571762,1.5659746141692679,6,0.4333444101381373,22.512290401070967,1321.875,102.56802795303744,38.305657156477324,0.4779109080209292,1000.0,True,,9,TCGA-38-4627-01,TCGA-38-4627,Female,Stage IIA,64,1:DECEASED,37.68,1,II,matched
TCGA-38-4627,TCGA-38-4627-01Z-00-DX1.fe406eb9-b38b-410d-aa1a-84ab8ac091c7,9,TCGA-38-4627-01,0.25636092758118734,0.01800446875,2669.3613088101683,2.6693613088101684,0.07023093932400497,148.26104262644066,1.2739245543481297,0.32658869358324527,0.7884639805680682,1.5990672605738412,4,0.47309661984945356,15.60300174344327,2705.34375,91.9703096185476,31.84976491943582,0.34062192281472503,1000.0,True,,10,TCGA-38-4627-01,TCGA-38-4627,Female,Stage IIA,64,1:DECEASED,37.68,1,II,matched
TCGA-38-4627,TCGA-38-4627-01Z-00-DX1.fe406eb9-b38b-410d-aa1a-84ab8ac091c7,10,TCGA-38-4627-01,14.321929408015183,3.888474987300246,245075.1864922814,245.0751864922814,0.2715049681172206,63.02604164684012,1.5747675468284004,0.12472576447356722,0.6284465173598697,1.6925471962551641,223,0.24727237515745026,15.570527800199837,4429.03125,125.86216729522022,12.837932076467768,0.939330624847021,1000.0,True,,11,TCGA-38-4627-01,TCGA-38-4627,Female,Stage IIA,64,1:DECEASED,37.68,1,II,matched
TCGA-38-4627,TCGA-38-4627-01Z-00-DX1.fe406eb9-b38b-410d-aa1a-84ab8ac091c7,11,TCGA-38-4627-01,0.2650766317794858,0.028208191045494754,2650.4139967521983,2.6504139967521985,0.10641523115836489,93.95902035963795,1.1731195172152744,0.3862187543151842,0.8141862150211653,1.8756440377853831,7,0.2607124731701551,26.407457922670524,3465.65625,129.7059324250437,48.023431780746364,0.6765595604443226,1000.0,True,,12,TCGA-38-4627-01,TCGA-38-4627,Female,Stage IIA,64,1:DECEASED,37.68,1,II,matched
TCGA-38-4627,TCGA-38-4627-01Z-00-DX1.fe406eb9-b38b-410d-aa1a-84ab8ac091c7,12,TCGA-38-4627-01,0.3519867580992147,0.04702043060150183,6482.822669693609,6.482822669693609,0.13358579412310775,137.87246494264448,1.2827075766561447,0.20978143018605605,0.6500350718012364,2.086833987684088,6,0.28028694640075896,17.04609580315171,8037.09375,181.2002517934233,33.788213750367646,0.588834534089768,1000.0,True,,13,TCGA-38-4627-01,TCGA-38-4627,Female,Stage IIA,64,1:DECEASED,37.68,1,II,matched
TCGA-38-4627,TCGA-38-4627-01Z-00-DX1.fe406eb9-b38b-410d-aa1a-84ab8ac091c7,13,TCGA-38-4627-01,0.6523205390423096,0.10583639448878009,13456.261168331175,13.456261168331174,0.16224599434529766,127.14209732227506,1.4402685148235501,0.17192433128710977,0.6464847564329864,1.6535671052922836,15,0.2429093280912082,22.994830152093524,2112.6875,111.85181323966098,23.48536778506992,0.7192798688543192,1000.0,True,,14,TCGA-38-4627-01,TCGA-38-4627,Female,Stage IIA,64,1:DECEASED,37.68,1,II,matched
TCGA-38-4627,TCGA-38-4627-01Z-00-DX1.fe406eb9-b38b-410d-aa1a-84ab8ac091c7,14,TCGA-38-4627-01,0.869045827016195,0.12132035412182458,17668.55646355704,17.668556463557042,0.13960179124082456,145.63554971010925,1.3716722362399367,0.17880867502825162,0.7109523931952748,2.220832596867745,24,0.17302472551655812,27.616495303132904,2532.90625,89.93608908258258,11.667261889578034,0.7879334979041347,1000.0,True,,15,TCGA-38-4627-01,TCGA-38-4627,Female,Stage IIA,64,1:DECEASED,37.68,1,II,matched
TCGA-38-4627,TCGA-38-4627-01Z-00-DX1.fe406eb9-b38b-410d-aa1a-84ab8ac091c7,15,TCGA-38-4627-01,0.20180077298432286,0.042744476183658,3648.3761225969038,3.6483761225969036,0.21181522524187088,85.35316018194054,1.2793206531397976,0.1366709960746583,0.678803951179769,2.3749851319238062,3,0.6597946029127654,14.866147218539439,9251.380969945905,146.62798377185715,26.100766272276374,0.37304657976401123,1000.0,True,,16,TCGA-38-4627-01,TCGA-38-4627,Female,Stage IIA,64,1:DECEASED,37.68,1,II,matched
TCGA-38-4627,TCGA-38-4627-01Z-00-DX1.fe406eb9-b38b-410d-aa1a-84ab8ac091c7,16,TCGA-38-4627-01,0.3272344501682407,0.05746475,4170.687516990296,4.170687516990296,0.17560727475501345,72.57818953341476,1.3164470462501403,0.150681463709206,0.643152933297366,1.6138225421838341,3,0.4714639529167472,9.16773890541663,24467.15625,168.7449189049851,15.592466129512676,0.3275864934209709,1000.0,True,,17,TCGA-38-4627-01,TCGA-38-4627,Female,Stage IIA,64,1:DECEASED,37.68,1,II,matched
TCGA-38-4627,TCGA-38-4627-01Z-00-DX1.fe406eb9-b38b-410d-aa1a-84ab8ac091c7,17,TCGA-38-4627-01,0.3534383980677949,0.02392292872833505,3924.2497963654932,3.924249796365493,0.06768627534280038,164.03718127193562,1.2458611015771874,0.12243843021228129,0.6668278834994918,2.719531459665921,5,0.2590084583155478,14.146736821280305,5389.71875,122.887206921632,15.90990257669732,0.5454573573078192,1000.0,True,,18,TCGA-38-4627-01,TCGA-38-4627,Female,Stage IIA,64,1:DECEASED,37.68,1,II,matched
TCGA-38-4627,TCGA-38-4627-01Z-00-DX1.fe406eb9-b38b-410d-aa1a-84ab8ac091c7,18,TCGA-38-4627-01,0.22400077298432275,0.01567959375,3466.2973836732363,3.4662973836732363,0.06999794483341973,221.07061183732748,1.3715911236040375,0.18505638269624272,0.6938350733072757,2.5048980696302383,6,0.3628458273864098,26.785621853277824,1833.6875,71.20066822895696,20.5,0.5286738136940332,1000.0,True,,19,TCGA-38-4627-01,TCGA-38-4627,Female,Stage IIA,64,1:DECEASED,37.68,1,II,matched
TCGA-38-4627,TCGA-38-4627-01Z-00-DX1.fe406eb9-b38b-410d-aa1a-84ab8ac091c7,19,TCGA-38-4627-01,0.20180077298432272,0.024973157463450996,3093.355707737507,3.093355707737507,0.12375154512114324,123.8672247297816,1.231876308969954,0.23981597513608455,0.7222827807151138,1.535660141586162,6,0.3265538177952389,29.7322944370789,3130.140625,147.47245129265542,23.0,0.6627849887036616,1000.0,True,,20,TCGA-38-4627-01,TCGA-38-4627,Female,Stage IIA,64,1:DECEASED,37.68,1,II,matched
TCGA-38-4628,TCGA-38-4628-01Z-00-DX1.eee4f100-142f-4d9c-8e38-b16aab123413,1,TCGA-38-4628-01,0.9889257897913919,0.16849913617773532,15648.598503559115,15.648598503559114,0.1703860268557454,92.87049689710425,1.349383845498968,0.16104589853719334,0.6702598146561173,1.9457265284245715,13,0.19611621779346208,13.14557688170138,10048.3125,143.25872573773648,33.094561486745825,0.6624864693179193,1000.0,True,,2,TCGA-38-4628-01,TCGA-38-4628,Female,Stage IIB,65,1:DECEASED,49.01,1,II,matched
TCGA-38-4628,TCGA-38-4628-01Z-00-DX1.eee4f100-142f-4d9c-8e38-b16aab123413,2,TCGA-38-4628-01,0.19934934585054367,0.05331942569058435,3973.088557147929,3.973088557147929,0.2674672719044638,74.51484155519579,,0.15594388662555828,0.6189382987734209,1.864590533454296,5,0.6090796171759971,25.081597226552244,1814.2084099607114,111.66950400624157,8.070006195784487,0.4820213264506743,1000.0,True,,3,TCGA-38-4628-01,TCGA-38-4628,Female,Stage IIB,65,1:DECEASED,49.01,1,II,matched
TCGA-38-4628,TCGA-38-4628-01Z-00-DX1.eee4f100-142f-4d9c-8e38-b16aab123413,3,TCGA-38-4628-01,0.44034006943265347,0.10622432566566764,10255.16136581181,10.255161365811809,0.24123247698654823,96.54249440085022,1.4642568712300443,0.07300759679850335,0.4987409995734996,3.3608685869136004,3,0.831722735425309,6.812916216925896,16520.5,163.56898391810105,40.20027984977219,0.2244167028224333,1000.0,True,,4,TCGA-38-4628-01,TCGA-38-4628,Female,Stage IIB,65,1:DECEASED,49.01,1,II,matched
TCGA-38-4628,TCGA-38-4628-01Z-00-DX1.eee4f100-142f-4d9c-8e38-b16aab123413,4,TCGA-38-4628-01,1.1471662290021283,0.2590203405922407,18420.76959536248,18.42076959536248,0.22579146251328513,71.11707734320807,1.4799935493758156,0.1695855018448824,0.5999242384009174,1.8972414213331592,18,0.16971073295104996,15.690838472169325,9671.890625,143.07573950106797,26.58127512496545,0.782567464049764,1000.0,True,,5,TCGA-38-4628-01,TCGA-38-4628,Female,Stage IIB,65,1:DECEASED,49.01,1,II,matched
TCGA-38-4628,TCGA-38-4628-01Z-00-DX1.eee4f100-142f-4d9c-8e38-b16aab123413,5,TCGA-38-4628-01,44.78571783596102,18.899706317542968,836389.5922232089,836.3895922232089,0.42200297842200285,44.2541052316173,1.8251782343511729,0.10539977771395836,0.6027066897061806,1.7643055446173368,591,0.24149381683175467,13.196171202718832,5393.90625,136.38183129086514,16.690191730474517,0.9503288512282697,1000.0,True,,6,TCGA-38-4628-01,TCGA-38-4628,Female,Stage IIB,65,1:DECEASED,49.01,1,II,matched
TCGA-38-4628,TCGA-38-4628-01Z-00-DX1.eee4f100-142f-4d9c-8e38-b16aab123413,6,TCGA-38-4628-01,0.10594866572020058,0.02686036281777228,1429.6875063037387,1.4296875063037386,0.25352242649952483,53.22666398823844,,0.4994043296684033,0.8737070601778745,1.2452164091380236,3,0.5571090145846371,28.31559963126566,10344.237817772277,108.22258963012297,14.35705401536123,0.367078153794442,1000.0,True,,7,TCGA-38-4628-01,TCGA-38-4628,Female,Stage IIB,65,1:DECEASED,49.01,1,II,matched
TCGA-38-4630,TCGA-38-4630-01Z-00-DX1.d08d0193-c5ed-4db8-b236-1a4c3c3177b8,1,TCGA-38-4630-01,81.66242361500146,65.20158512108074,488299.0436770333,488.2990436770333,0.798428239510432,7.489067064401142,1.459868851611371,0.019866554967188334,0.7448069687004882,1.6370251385965977,80,0.8465030769576092,0.9796427347927,4371.59375,302.91962942559957,6.373774391990981,0.9456605719594908,1000.0,True,,2,TCGA-38-4630-01,TCGA-38-4630,Female,Stage IB,75,1:DECEASED,35.25,1,I,matched
TCGA-38-4630,TCGA-38-4630-01Z-00-DX1.d08d0193-c5ed-4db8-b236-1a4c3c3177b8,2,TCGA-38-4630-01,81.35859042768278,64.85201275832011,494219.7524299095,494.2197524299095,0.7971132786028923,7.620731129374302,1.4723998821524893,0.018130803507837082,0.7342086471805759,1.7190083152722073,82,0.8510927386847971,1.0078837350665182,5833.59375,260.589132599074,6.7265440130211935,0.9519381761071876,1000.0,True,,3,TCGA-38-4630-01,TCGA-38-4630,Female,Stage IB,75,1:DECEASED,35.25,1,I,matched
TCGA-38-4630,TCGA-38-4630-01Z-00-DX1.d08d0193-c5ed-4db8-b236-1a4c3c3177b8,3,TCGA-38-4630-01,0.32352323677491623,0.04666240625,5351.5233931624025,5.351523393162402,0.14423200854182935,114.68597149686,1.380650258326523,0.028488110056333144,0.6685331651084195,1.8690014648324629,1,1.0,3.090968086152423,44674.875,,,0.0,1000.0,True,,4,TCGA-38-4630-01,TCGA-38-4630,Female,Stage IB,75,1:DECEASED,35.25,1,I,matched
TCGA-38-4630,TCGA-38-4630-01Z-00-DX1.d08d0193-c5ed-4db8-b236-1a4c3c3177b8,4,TCGA-38-4630-01,0.23632177298432264,0.03161521875,2574.4054646874683,2.5744054646874686,0.13378038913112472,81.42931051797541,1.2529405666361138,0.12716798476215216,0.733912083359397,1.8173929941413831,2,0.8583348714779832,8.463037386456465,15576.125,193.9683547804899,8.253787009609589,0.18978917679785698,1000.0,True,,5,TCGA-38-4630-01,TCGA-38-4630,Female,Stage IB,75,1:DECEASED,35.25,1,I,matched
TCGA-38-4630,TCGA-38-4630-01Z-00-DX1.d08d0193-c5ed-4db8-b236-1a4c3c3177b8,5,TCGA-38-4630-01,0.22400077298432242,0.03177684375,2435.851640818288,2.435851640818288,0.14186042006303268,76.6549270903687,1.2823378747530234,0.14955054302335535,0.6757413798353983,1.8945675016574766,3,0.8217198121747225,13.392810926638932,4342.65625,96.73578706972927,11.236102527122116,0.25835823202143005,1000.0,True,,6,TCGA-38-4630-01,TCGA-38-4630,Female,Stage IB,75,1:DECEASED,35.25,1,I,matched
TCGA-38-4631,TCGA-38-4631-01Z-00-DX1.5e0c873a-9c4c-4e0b-bf2e-e3cd8b760761,1,TCGA-38-4631-01,0.16339063200034795,0.023713200795081293,1974.4449606226638,1.9744449606226637,0.14513194853809486,83.26353652908016,1.157635245778606,0.15109676504928155,0.7636112796430566,1.0622609934883585,2,0.942027595131749,12.240603855401826,11449.412897540646,240.41657369293407,154.6942549030183,0.33689301505721647,1000.0,True,,2,TCGA-38-4631-01,TCGA-38-4631,Female,Stage IB,72,1:DECEASED,11.63,1,I,matched
TCGA-38-4631,TCGA-38-4631-01Z-00-DX1.5e0c873a-9c4c-4e0b-bf2e-e3cd8b760761,2,TCGA-38-4631-01,34.252190161039465,21.58377964585633,349898.86771225586,349.8988677122559,0.6301430520027603,16.21119532599703,1.65125087682756,0.02436600958663634,0.5786387587373093,1.8992514336158515,111,0.8256743589036234,3.240668683611893,4520.1875,195.83276706478412,16.50189383070925,0.9328522057238067,1000.0,True,,3,TCGA-38-4631-01,TCGA-38-4631,Female,Stage IB,72,1:DECEASED,11.63,1,I,matched
TCGA-38-4631,TCGA-38-4631-01Z-00-DX1.5e0c873a-9c4c-4e0b-bf2e-e3cd8b760761,3,TCGA-38-4631-01,34.084202120847394,20.209802365904398,379081.8246999836,379.0818246999836,0.5929375226167666,18.757324680202014,1.6765360506854454,0.0339194313860021,0.5728724404108831,1.6484678695654473,134,0.4773708909682247,3.931440129503273,5228.75,192.12608957412658,15.5,0.9589820894055431,1000.0,True,,4,TCGA-38-4631-01,TCGA-38-4631,Female,Stage IB,72,1:DECEASED,11.63,1,I,matched
TCGA-44-3918,TCGA-44-3918-01Z-00-DX1.6da70a8b-6307-423a-9d2d-380c16962855,1,TCGA-44-3918-01,63.86223498502351,32.27157046593499,1088959.2634588429,1088.9592634588428,0.5053310532195292,33.7436092429502,1.7822054618641259,0.09847993218000695,0.6577127189745482,1.659311982669889,813,0.22215323940403714,12.73052846006186,5886.28125,134.0106251617759,12.5,0.9629038429180476,1000.0,True,,2,TCGA-44-3918-01,TCGA-44-3918,Female,Stage IA,60,0:LIVING,34.03,0,I,matched
TCGA-44-3918,TCGA-44-3918-01Z-00-DX1.6da70a8b-6307-423a-9d2d-380c16962855,2,TCGA-44-3918-01,0.39189512482664846,0.04891043787601806,5376.4757912308705,5.37647579123087,0.12480491533966691,109.92491633093891,,0.12134456640895834,0.6805187734955699,3.406375113258232,5,0.6891590768167001,12.758515437546482,3071.03125,164.34844129546832,36.443449342783126,0.5312403230419747,1000.0,True,,3,TCGA-44-3918-01,TCGA-44-3918,Female,Stage IA,60,0:LIVING,34.03,0,I,matched
TCGA-44-3918,TCGA-44-3918-01Z-00-DX1.6da70a8b-6307-423a-9d2d-380c16962855,3,TCGA-44-3918-01,63.11722628647297,32.1889178205148,1052520.5301481308,1052.5205301481308,0.5099862543771732,32.6982266386518,1.7874820455861657,0.11456081585342588,0.6639615632336877,1.7938671939347344,762,0.10924907016187536,12.072773865909072,6995.65625,132.61073517656976,11.772567844306957,0.9550402633349577,1000.0,True,,4,TCGA-44-3918-01,TCGA-44-3918,Female,Stage IA,60,0:LIVING,34.03,0,I,matched
TCGA-44-3918,TCGA-44-3918-01Z-00-DX1.6da70a8b-6307-423a-9d2d-380c16962855,4,TCGA-44-3918-01,0.3225163280190136,0.05232231052978046,6362.263362638119,6.362263362638119,0.16223150887013651,121.59752308753431,1.384401214158428,0.20963989492187896,0.7294968174217489,3.099887950835395,10,0.29631277717553595,31.0061821099813,3421.3125,141.24092891226678,26.141762636271167,0.7695761713304989,1000.0,True,,5,TCGA-44-3918-01,TCGA-44-3918,Female,Stage IA,60,0:LIVING,34.03,0,I,matched
TCGA-44-6777,TCGA-44-6777-01Z-00-DX1.aca7b23d-a601-4476-8bfd-eb46f0b6a96e,1,TCGA-44-6777-01,5.796110814374799,1.0289382996259044,111060.8567005611,111.0608567005611,0.1775221924801815,107.93733379439756,1.5107072035017883,0.13412649191930354,0.5503346728066828,1.9081475421553813,82,0.14044549485708185,14.147417574666397,3922.796875,140.7272071802642,23.48536778506992,0.9118992559823045,1000.0,True,,2,TCGA-44-6777-01,TCGA-44-6777,Female,Stage IB,85,1:DECEASED,32.42,1,I,matched
TCGA-44-6777,TCGA-44-6777-01Z-00-DX1.aca7b23d-a601-4476-8bfd-eb46f0b6a96e,2,TCGA-44-6777-01,0.7352945593606737,0.12810733801067475,15734.967534646414,15.734967534646414,0.17422587503171785,122.82643429321178,,0.09512380921573652,0.5070743923044486,2.0122839882347896,13,0.3749477316452966,17.679989379090856,2092.0625,108.51125013679457,13.428049001995785,0.6943681898896386,1000.0,True,,3,TCGA-44-6777-01,TCGA-44-6777,Female,Stage IB,85,1:DECEASED,32.42,1,I,matched
TCGA-44-6777,TCGA-44-6777-01Z-00-DX1.aca7b23d-a601-4476-8bfd-eb46f0b6a96e,3,TCGA-44-6777-01,0.8633254718079237,0.179222740256596,19680.922269257793,19.680922269257792,0.20759579800336325,109.81264007614384,1.5054463557086826,0.3124536318531791,0.7231590043968583,1.7336468667320504,19,0.40155589659037494,22.00792241217134,3962.84375,109.45080662883083,6.051859218455102,0.7694546718009923,1000.0,True,,4,TCGA-44-6777-01,TCGA-44-6777,Female,Stage IB,85,1:DECEASED,32.42,1,I,matched
TCGA-44-6777,TCGA-44-6777-01Z-00-DX1.aca7b23d-a601-4476-8bfd-eb46f0b6a96e,4,TCGA-44-6777-01,59.44003643865317,29.758349276618407,831262.3666233282,831.2623666233281,0.5006448693437694,27.933752604902175,1.756489211080714,0.14683196617983682,0.6855275623082272,1.5384946354171471,485,0.07550589369824963,8.159483557863537,6617.28125,167.67920683927986,11.71003842863037,0.9601042934789066,1000.0,True,,5,TCGA-44-6777-01,TCGA-44-6777,Female,Stage IB,85,1:DECEASED,32.42,1,I,matched
TCGA-44-6777,TCGA-44-6777-01Z-00-DX1.aca7b23d-a601-4476-8bfd-eb46f0b6a96e,5,TCGA-44-6777-01,1.136311845358798,0.4324634456512438,15978.774948170669,15.978774948170669,0.3805851777552232,36.94826720928595,1.4559904717300824,0.1956495757946162,0.7720507131547395,1.5551042897107639,9,0.6596793925834433,7.920360979039333,4958.473169575781,217.31892606259584,19.25,0.6365586642296599,1000.0,True,,6,TCGA-44-6777-01,TCGA-44-6777,Female,Stage IB,85,1:DECEASED,32.42,1,I,matched
TCGA-44-6777,TCGA-44-6777-01Z-00-DX1.aca7b23d-a601-4476-8bfd-eb46f0b6a96e,6,TCGA-44-6777-01,0.22538769600920497,0.06604118362197865,1778.1534958653203,1.7781534958653202,0.29301148550398903,26.92491863930717,1.1155746724411923,0.569774665094877,0.9327784246110068,1.3579650326596857,2,0.9331812433974557,8.873598849505603,32698.06056098933,221.30906697422046,75.32927717693832,0.19607915613019006,1000.0,True,,7,TCGA-44-6777-01,TCGA-44-6777,Female,Stage IB,85,1:DECEASED,32.42,1,I,matched
TCGA-44-6777,TCGA-44-6777-01Z-00-DX1.aca7b23d-a601-4476-8bfd-eb46f0b6a96e,7,TCGA-44-6777-01,49.94957133844186,23.710449243453084,772780.3585532291,772.7803585532291,0.474687742219025,32.59239631516509,1.7243572212612397,0.14741312898722242,0.6769635802480611,1.654173384864476,512,0.08113735153595153,10.250338216735765,5315.814439010671,144.88174981527678,10.25,0.9598039936563286,1000.0,True,,8,TCGA-44-6777-01,TCGA-44-6777,Female,Stage IB,85,1:DECEASED,32.42,1,I,matched
TCGA-44-6777,TCGA-44-6777-01Z-00-DX1.aca7b23d-a601-4476-8bfd-eb46f0b6a96e,8,TCGA-44-6777-01,0.57416440498467,0.2020157648544053,9687.245616868237,9.687245616868237,0.35184306637712776,47.95291904000625,,0.061885294169497514,0.6433682829973136,1.1263609540188018,5,0.9376128219428077,8.708307161837206,1764.4523544053125,347.39712955780163,10.75,0.6057848116376428,1000.0,True,,9,TCGA-44-6777-01,TCGA-44-6777,Female,Stage IB,85,1:DECEASED,32.42,1,I,matched
TCGA-44-6777,TCGA-44-6777-01Z-00-DX1.aca7b23d-a601-4476-8bfd-eb46f0b6a96e,9,TCGA-44-6777-01,0.19847663177948593,0.01945407288572482,3734.9260769602065,3.7349260769602064,0.09801694391579022,191.98684506321828,1.3779466104653961,0.19666272526772396,0.6299950845499371,1.952116584215939,6,0.20981904074181268,30.230259079901142,2987.0,84.87068496455007,4.716990566028302,0.46095215759849906,1000.0,True,,10,TCGA-44-6777-01,TCGA-44-6777,Female,Stage IB,85,1:DECEASED,32.42,1,I,matched
TCGA-44-7661,TCGA-44-7661-01Z-00-DX1.baf72abd-edb9-4f56-beb3-f5138aa50930,1,TCGA-44-7661-01,4.796643287931756,1.0483685973604309,188493.3789223387,188.4933789223387,0.21856296881573456,179.79685713300165,1.6913398492874077,0.12735624065813272,0.5332742424382875,1.81426932776077,189,0.07375788133202742,39.402554798168886,2325.5,84.46754184300617,9.89002022242624,0.9127860275676193,1000.0,True,,2,TCGA-44-7661-01,TCGA-44-7661,Female,Stage IB,69,1:DECEASED,18.3,1,I,matched
TCGA-44-7661,TCGA-44-7661-01Z-00-DX1.baf72abd-edb9-4f56-beb3-f5138aa50930,2,TCGA-44-7661-01,0.19191023868890433,0.03976093903768432,6400.463648256803,6.400463648256803,0.20718508459644358,160.9736541229728,,0.14695177872174578,0.6127921725404575,1.3880128305382335,8,0.5827116182006828,41.686155228895224,1535.890625,77.45613678076128,12.0,0.7040207424038946,1000.0,True,,3,TCGA-44-7661-01,TCGA-44-7661,Female,Stage IB,69,1:DECEASED,18.3,1,I,matched
TCGA-44-7670,TCGA-44-7670-01Z-00-DX1.2a981dd6-0063-438e-b20e-b180b16e2b23,1,TCGA-44-7670-01,1.1865217405112682,0.25739247005354543,18526.226916903554,18.526226916903553,0.21693026032766655,71.97656913991904,,0.19736937436722315,0.6727006393592098,2.269057858861068,23,0.3096728662435661,19.384389863846387,4757.875,116.76927035825821,23.028514932578695,0.8279214560499552,1000.0,True,,2,TCGA-44-7670-01,TCGA-44-7670,Female,Stage IIA,47,0:LIVING,28.98,0,II,matched
TCGA-44-7670,TCGA-44-7670-01Z-00-DX1.2a981dd6-0063-438e-b20e-b180b16e2b23,2,TCGA-44-7670-01,1.362630220166407,0.24315643056874484,24669.93635000941,24.66993635000941,0.17844638036799898,101.4570591133709,1.5038974445480866,0.14911222524867568,0.6377349970297481,2.2768063562960936,23,0.17558829192540532,16.879120732542685,4703.15625,125.7594585160496,22.991846380836837,0.7388405377893501,1000.0,True,,3,TCGA-44-7670-01,TCGA-44-7670,Female,Stage IIA,47,0:LIVING,28.98,0,II,matched
TCGA-44-7670,TCGA-44-7670-01Z-00-DX1.2a981dd6-0063-438e-b20e-b180b16e2b23,3,TCGA-44-7670-01,23.197168682568698,10.201026255578887,500036.64134439785,500.0366413443979,0.4397530748329797,49.01826824246536,1.7235751729718927,0.1001488764183099,0.5993022210707758,1.9101083892709956,325,0.15012410522878417,14.010330504007513,4950.21875,114.28502266810818,8.75,0.930277492921918,1000.0,True,,4,TCGA-44-7670-01,TCGA-44-7670,Female,Stage IIA,47,0:LIVING,28.98,0,II,matched
TCGA-44-7670,TCGA-44-7670-01Z-00-DX1.2a981dd6-0063-438e-b20e-b180b16e2b23,4,TCGA-44-7670-01,21.82819815869486,9.414302719334126,464146.1101621397,464.1461101621397,0.4312908766399535,49.30222917188802,1.7277978410210701,0.09750915203323221,0.5967948186574131,2.0253171223203568,297,0.12163714741766145,13.606253610158634,5468.75,116.37526852815421,8.25,0.9290645605275758,1000.0,True,,5,TCGA-44-7670-01,TCGA-44-7670,Female,Stage IIA,47,0:LIVING,28.98,0,II,matched
TCGA-44-7670,TCGA-44-7670-01Z-00-DX1.2a981dd6-0063-438e-b20e-b180b16e2b23,5,TCGA-44-7670-01,25.09380371448733,9.971575731287713,576654.7024937201,576.6547024937202,0.39737203035229185,57.829847361471316,1.7437227682976797,0.08854356509082281,0.547067431273786,2.2273596647678278,341,0.18635268775576896,13.58901200789785,4927.75,121.3087486540027,9.25,0.9424547759686821,1000.0,True,,6,TCGA-44-7670-01,TCGA-44-7670,Female,Stage IIA,47,0:LIVING,28.98,0,II,matched
TCGA-44-7670,TCGA-44-7670-01Z-00-DX1.2a981dd6-0063-438e-b20e-b180b16e2b23,6,TCGA-44-7670-01,0.2946654635602709,0.02158590625,3092.078083583215,3.0920780835832153,0.07325563705087826,143.24522898283297,1.2685625344805291,0.18930872809723517,0.7213611560602585,2.1732798991943927,5,0.4140472836869765,16.968395072798547,4357.375,103.82694812162207,21.820288724029297,0.44516692546583847,1000.0,True,,7,TCGA-44-7670-01,TCGA-44-7670,Female,Stage IIA,47,0:LIVING,28.98,0,II,matched
TCGA-44-A479,TCGA-44-A479-01Z-00-DX1.CA5654C6-A623-452E-A8AC-DB6279CA97B1,1,TCGA-44-A479-01,43.66815097455327,14.49432217539847,479452.1093891183,479.45210938911833,0.3319197596400347,33.07861544590908,1.7838769404478185,0.2518443409116059,0.7046438653331735,1.7194743852456436,516,0.04928839965175683,11.816392232881318,8418.5,166.57810667971947,29.267089025046545,0.9516006208592904,1000.0,True,,2,TCGA-44-A479-01,TCGA-44-A479,Female,Stage IB,73,0:LIVING,15.97,0,I,matched
TCGA-44-A479,TCGA-44-A479-01Z-00-DX1.CA5654C6-A623-452E-A8AC-DB6279CA97B1,2,TCGA-44-A479-01,38.76693807915247,13.359683636158392,437835.1043798254,437.8351043798254,0.34461539389263174,32.772864710269886,1.7876560358161622,0.24571449780281374,0.7033706943314163,1.8192622096289042,453,0.054589512166341926,11.685214836288758,8937.34375,178.27945058250543,27.227054559757285,0.9338466141619541,1000.0,True,,3,TCGA-44-A479-01,TCGA-44-A479,Female,Stage IB,73,0:LIVING,15.97,0,I,matched
TCGA-44-A479,TCGA-44-A479-01Z-00-DX1.CA5654C6-A623-452E-A8AC-DB6279CA97B1,3,TCGA-44-A479-01,40.34873326981621,13.574577028170127,440322.320327633,440.322320327633,0.3364313059692732,32.43727737622106,1.7926378460182077,0.26305006648658713,0.7197289185405897,1.7551007512033752,490,0.044312543805951655,12.144123502547618,9181.40625,174.62760545705112,28.25,0.9445293386466569,1000.0,True,,4,TCGA-44-A479-01,TCGA-44-A479,Female,Stage IB,73,0:LIVING,15.97,0,I,matched
TCGA-44-A479,TCGA-44-A479-01Z-00-DX1.CA5654C6-A623-452E-A8AC-DB6279CA97B1,4,TCGA-44-A479-01,3.617286832586191,0.7343906832166462,38680.284976867326,38.68028497686733,0.20302251859070605,52.669901539936326,1.4744941211818445,0.2629731608700085,0.7111849955126609,1.6840512469421052,49,0.18780092991489994,13.54606429287978,6920.89008807553,171.05335424948555,32.08777025597136,0.8208241776553866,1000.0,True,,5,TCGA-44-A479-01,TCGA-44-A479,Female,Stage IB,73,0:LIVING,15.97,0,I,matched
TCGA-44-A479,TCGA-44-A479-01Z-00-DX1.CA5654C6-A623-452E-A8AC-DB6279CA97B1,5,TCGA-44-A479-01,0.48287665328241486,0.09751744179094882,4140.314254642571,4.14031425464257,0.2019510389000208,42.45716641663233,1.2141930784581854,0.2501237453295768,0.7977368616481525,3.6448236450791827,5,0.7546393375995583,10.3546111952439,5174.40625,217.07344127333957,40.25077639002756,0.40009356579082656,1000.0,True,,6,TCGA-44-A479-01,TCGA-44-A479,Female,Stage IB,73,0:LIVING,15.97,0,I,matched
TCGA-44-A479,TCGA-44-A479-01Z-00-DX1.CA5654C6-A623-452E-A8AC-DB6279CA97B1,6,TCGA-44-A479-01,0.3999082059259455,0.0988297165425693,4172.870881374501,4.172870881374501,0.24713100426068896,42.222835674906584,1.259815070290806,0.34006759592212393,0.7391633634676439,1.6854371843460139,5,0.408747172783152,12.502869223258434,22980.853135429956,191.26033468808947,50.10551366865727,0.5003985504294763,1000.0,True,,7,TCGA-44-A479-01,TCGA-44-A479,Female,Stage IB,73,0:LIVING,15.97,0,I,matched
TCGA-44-A479,TCGA-44-A479-01Z-00-DX1.CA5654C6-A623-452E-A8AC-DB6279CA97B1,7,TCGA-44-A479-01,0.5645983877596341,0.13635053485383108,5402.215897286286,5.402215897286286,0.24150004287982393,39.6200565188652,1.2186185297279406,0.4118575526130901,0.7905498822956436,1.546532769716348,8,0.3673392515508108,14.169363876054552,8310.236176915554,209.0286696166184,57.13218864830071,0.7915079732552006,1000.0,True,,8,TCGA-44-A479-01,TCGA-44-A479,Female,Stage IB,73,0:LIVING,15.97,0,I,matched
TCGA-49-4490,TCGA-49-4490-01Z-00-DX1.bde106d9-1494-4775-b77d-11c86bb09b72,1,TCGA-49-4490-01,54.398156458249765,23.155045562066757,904264.5347463042,904.2645347463042,0.4256586448814328,39.05259146748109,1.6134105676692136,0.07243564129439592,0.5482408749564798,1.7623301957143407,730,0.513838901876222,13.419572418051892,3329.578125,114.58554732709531,13.52081728298996,0.9614518340289343,1000.0,True,,2,TCGA-49-4490-01,TCGA-49-4490,Female,Stage IIIA,45,1:DECEASED,12.65,1,III,matched
TCGA-49-4490,TCGA-49-4490-01Z-00-DX1.bde106d9-1494-4775-b77d-11c86bb09b72,2,TCGA-49-4490-01,57.93958571462598,23.922914204394992,960163.5043164694,960.1635043164695,0.4128941190954359,40.13572494190834,1.6132216218467494,0.07739631861703396,0.5678924225130189,1.756240296481955,798,0.49035935647139545,13.77296696476994,3684.90625,114.9949047784292,13.937175174991975,0.9793719629979598,1000.0,True,,3,TCGA-49-4490-01,TCGA-49-4490,Female,Stage IIIA,45,1:DECEASED,12.65,1,III,matched
TCGA-49-4490,TCGA-49-4490-01Z-00-DX1.bde106d9-1494-4775-b77d-11c86bb09b72,3,TCGA-49-4490-01,4.424666037273799,0.6407960757876444,55045.60402437722,55.04560402437722,0.14482360259271965,85.9019056206252,1.3771417381983264,0.1941691720690565,0.6141739663756435,1.7766172445982116,70,0.20453685804224386,15.82040303388176,3505.65625,98.32075523837118,17.038375838444097,0.9229781468430645,1000.0,True,,4,TCGA-49-4490-01,TCGA-49-4490,Female,Stage IIIA,45,1:DECEASED,12.65,1,III,matched
TCGA-49-4490,TCGA-49-4490-01Z-00-DX1.bde106d9-1494-4775-b77d-11c86bb09b72,4,TCGA-49-4490-01,0.387962391371781,0.05812728944546484,6799.7582070381195,6.79975820703812,0.14982712432495024,116.98047976962128,1.3922860767319405,0.24008578199411276,0.7045904444686681,2.2201403937575073,9,0.4453245584375827,23.198124870241294,4450.5625,110.48585882365218,12.026013470805694,0.705722892044985,1000.0,True,,5,TCGA-49-4490-01,TCGA-49-4490,Female,Stage IIIA,45,1:DECEASED,12.65,1,III,matched
TCGA-49-4490,TCGA-49-4490-01Z-00-DX1.bde106d9-1494-4775-b77d-11c86bb09b72,5,TCGA-49-4490-01,0.221839927581187,0.020434851082938403,3355.284728469647,3.355284728469647,0.09211529820509808,164.19423439161065,1.3861824662502582,0.1356434203805022,0.589318996789647,2.7650111558034327,4,0.45480877036012746,18.031019229106608,4126.640625,75.77931037527661,4.25,0.4203799249530957,1000.0,True,,6,TCGA-49-4490-01,TCGA-49-4490,Female,Stage IIIA,45,1:DECEASED,12.65,1,III,matched
TCGA-49-4490,TCGA-49-4490-01Z-00-DX1.bde106d9-1494-4775-b77d-11c86bb09b72,6,TCGA-49-4490-01,0.46742903824777576,0.10033053709231363,7583.483660407916,7.583483660407916,0.21464335521048694,75.58500014238328,,0.23100701089612308,0.788922126477831,1.4873108192046463,11,0.349522486104093,23.53298383265846,8011.40625,85.4927125914835,7.301540933255117,0.5350709584961897,1000.0,True,,7,TCGA-49-4490-01,TCGA-49-4490,Female,Stage IIIA,45,1:DECEASED,12.65,1,III,matched
TCGA-49-4490,TCGA-49-4490-01Z-00-DX1.bde106d9-1494-4775-b77d-11c86bb09b72,7,TCGA-49-4490-01,0.5539907190838594,0.0681779214755585,7211.969427621995,7.211969427621995,0.12306690189378096,105.78159720236494,1.414892075771755,0.23791308935424332,0.7395775535444675,1.6167171211145088,10,0.37974799440014645,18.050843914022803,3014.4190170249676,127.64001197214766,19.473208545756385,0.5613371398989696,1000.0,True,,8,TCGA-49-4490-01,TCGA-49-4490,Female,Stage IIIA,45,1:DECEASED,12.65,1,III,matched
TCGA-49-4490,TCGA-49-4490-01Z-00-DX2.1b491bd7-60d2-40a6-96cd-01385bce2b0f,1,TCGA-49-4490-01,0.9736770575062014,0.13732566133824214,13720.69796926272,13.72069796926272,0.1410382018140214,99.91357649804239,1.421331158101981,0.20572941581360663,0.6895597862285368,1.7029752343110536,13,0.4593692847093112,13.351449435704922,3469.34375,117.82667355060144,26.279745052035796,0.7794165473878396,1000.0,True,,2,TCGA-49-4490-01,TCGA-49-4490,Female,Stage IIIA,45,1:DECEASED,12.65,1,III,matched
TCGA-49-4490,TCGA-49-4490-01Z-00-DX2.1b491bd7-60d2-40a6-96cd-01385bce2b0f,2,TCGA-49-4490-01,2.0205346752154303,0.313684676254834,32397.927980500473,32.39792798050048,0.1552483508957295,103.2818318296835,,0.254123647134318,0.7569451210992786,1.7007594609207006,39,0.2792533101518783,19.30182168036379,2946.375,119.02325468684681,28.249999999999996,0.8802859627407897,1000.0,True,,3,TCGA-49-4490-01,TCGA-49-4490,Female,Stage IIIA,45,1:DECEASED,12.65,1,III,matched
TCGA-49-4490,TCGA-49-4490-01Z-00-DX2.1b491bd7-60d2-40a6-96cd-01385bce2b0f,3,TCGA-49-4490-01,0.24142499181090615,0.0416460112950696,6088.860788296945,6.088860788296945,0.1725008292749097,146.20513703356258,1.441956403181391,0.19043155003776274,0.6970570512455172,1.531783062579072,7,0.53773917041387,28.994512736621253,2158.491645725106,107.63574278556356,17.64404998859389,0.4761310850255799,1000.0,True,,4,TCGA-49-4490-01,TCGA-49-4490,Female,Stage IIIA,45,1:DECEASED,12.65,1,III,matched
TCGA-49-4490,TCGA-49-4490-01Z-00-DX2.1b491bd7-60d2-40a6-96cd-01385bce2b0f,4,TCGA-49-4490-01,0.18199032801901344,0.025572629246258867,3464.8803004687065,3.4648803004687063,0.14051641933184036,135.49175046111455,1.343862497733392,0.13073269818584457,0.609974126109184,1.9913552004785133,3,0.6306757901237965,16.484392509510588,5447.40625,122.47195150829434,13.221667822177352,0.296821178684023,1000.0,True,,5,TCGA-49-4490-01,TCGA-49-4490,Female,Stage IIIA,45,1:DECEASED,12.65,1,III,matched
TCGA-49-4490,TCGA-49-4490-01Z-00-DX2.1b491bd7-60d2-40a6-96cd-01385bce2b0f,5,TCGA-49-4490-01,0.24864277298432266,0.05345134375,2141.0023984133713,2.1410023984133715,0.21497244061612117,40.05516509420536,1.191721320843887,0.28528672981186504,0.8713934170435543,2.2370457836280466,3,0.949336996774579,12.065502503823648,1510.25,52.15361924162119,1.8200274723201295,0.26225375234521575,1000.0,True,,6,TCGA-49-4490-01,TCGA-49-4490,Female,Stage IIIA,45,1:DECEASED,12.65,1,III,matched
TCGA-49-4490,TCGA-49-4490-01Z-00-DX2.1b491bd7-60d2-40a6-96cd-01385bce2b0f,6,TCGA-49-4490-01,0.499291040176083,0.11688270550313572,12566.408074749277,12.566408074749278,0.2340973422273213,107.51298081829692,1.5003484709174886,0.18626268830905948,0.6467784375753514,2.9192866006218883,20,0.37234261838945953,40.05679731994926,1822.578125,91.9446542279712,10.82477578024444,0.8758200710180268,1000.0,True,,7,TCGA-49-4490-01,TCGA-49-4490,Female,Stage IIIA,45,1:DECEASED,12.65,1,III,matched
TCGA-49-4490,TCGA-49-4490-01Z-00-DX2.1b491bd7-60d2-40a6-96cd-01385bce2b0f,7,TCGA-49-4490-01,2.8119156479854945,0.7837439108389174,68379.3990949835,68.3793990949835,0.2787224116770377,87.24712007241035,1.6928405996590037,0.1026330465830322,0.5458104119758962,1.8622996816980417,58,0.12387680370968462,20.6265077836002,5423.421875,115.67796084388763,10.960155108391486,0.7817418863602543,1000.0,True,,8,TCGA-49-4490-01,TCGA-49-4490,Female,Stage IIIA,45,1:DECEASED,12.65,1,III,matched
TCGA-49-4490,TCGA-49-4490-01Z-00-DX2.1b491bd7-60d2-40a6-96cd-01385bce2b0f,8,TCGA-49-4490-01,0.24864277298432266,0.038318625,3096.164609669091,3.096164609669091,0.15411115529352648,80.80051436263935,1.3070296493797804,0.0940956302426733,0.6506552118805725,1.6058168849553462,1,1.0,4.021834167941216,35974.625,,,0.0,1000.0,True,,9,TCGA-49-4490-01,TCGA-49-4490,Female,Stage IIIA,45,1:DECEASED,12.65,1,III,matched
TCGA-49-4490,TCGA-49-4490-01Z-00-DX2.1b491bd7-60d2-40a6-96cd-01385bce2b0f,9,TCGA-49-4490-01,0.33800508217805175,0.07231794027325349,6455.824582635243,6.455824582635243,0.21395518613876457,89.27002840846816,1.4068451172586314,0.17994131246070028,0.6912073842701809,2.1668798952644805,10,0.6408702465613122,29.585353970305913,2056.171875,69.49215895516558,7.663056190244235,0.683152498043065,1000.0,True,,10,TCGA-49-4490-01,TCGA-49-4490,Female,Stage IIIA,45,1:DECEASED,12.65,1,III,matched
TCGA-49-4490,TCGA-49-4490-01Z-00-DX2.1b491bd7-60d2-40a6-96cd-01385bce2b0f,10,TCGA-49-4490-01,17.3381714871035,2.573999353303454,315035.5063410643,315.03550634106426,0.14845852431544176,122.39144735477487,,0.18738123088207492,0.6726151086907717,2.0356207158404085,393,0.03206645639647782,22.66675008332463,2976.375,102.91751855247968,14.022303662380159,0.9414956222104167,1000.0,True,,11,TCGA-49-4490-01,TCGA-49-4490,Female,Stage IIIA,45,1:DECEASED,12.65,1,III,matched
TCGA-49-4490,TCGA-49-4490-01Z-00-DX2.1b491bd7-60d2-40a6-96cd-01385bce2b0f,11,TCGA-49-4490-01,1.5613362844267422,0.3107819193949499,33971.99805301672,33.971998053016726,0.19904867548060354,109.31137216462136,,0.17330611138778662,0.67825893834289,1.56179825452724,39,0.23681968066924178,24.978603513540442,2963.625,118.14531901962938,15.461646096066227,0.8254245243775655,1000.0,True,,12,TCGA-49-4490-01,TCGA-49-4490,Female,Stage IIIA,45,1:DECEASED,12.65,1,III,matched
TCGA-49-4490,TCGA-49-4490-01Z-00-DX2.1b491bd7-60d2-40a6-96cd-01385bce2b0f,12,TCGA-49-4490-01,116.62921371518001,46.0889172705373,2582933.149668463,2582.933149668463,0.3951747234024141,56.042391590735484,,0.07683247238461531,0.5571890609403802,1.6305639746425258,2059,0.20583476823535965,17.6542388858788,3254.0,109.70307937792813,10.960155108391486,0.9822576332420647,1000.0,True,,13,TCGA-49-4490-01,TCGA-49-4490,Female,Stage IIIA,45,1:DECEASED,12.65,1,III,matched
TCGA-49-4490,TCGA-49-4490-01Z-00-DX2.1b491bd7-60d2-40a6-96cd-01385bce2b0f,13,TCGA-49-4490-01,0.20490223222807202,0.031735730183046845,4258.1498354242485,4.258149835424248,0.15488230576093737,134.17525958482412,1.3271247759762588,0.23511475210478217,0.7279612898719867,2.5267501229784726,8,0.28537415861434273,39.043010478750574,2278.1699805843728,117.14108408552286,10.880810812507722,0.6331288739935638,1000.0,True,,14,TCGA-49-4490-01,TCGA-49-4490,Female,Stage IIIA,45,1:DECEASED,12.65,1,III,matched
TCGA-49-4490,TCGA-49-4490-01Z-00-DX2.1b491bd7-60d2-40a6-96cd-01385bce2b0f,14,TCGA-49-4490-01,1.1025574586798752,0.15970537013264374,17392.92240638706,17.39292240638706,0.14484992947566083,108.90630911121724,1.4318933553166417,0.1989551674021039,0.6846855553941901,1.6415897906539514,21,0.21273738820060015,19.04662639999182,2771.53125,120.63725650167116,17.41048534648015,0.7634443088738905,1000.0,True,,15,TCGA-49-4490-01,TCGA-49-4490,Female,Stage IIIA,45,1:DECEASED,12.65,1,III,matched
TCGA-49-4490,TCGA-49-4490-01Z-00-DX2.1b491bd7-60d2-40a6-96cd-01385bce2b0f,15,TCGA-49-4490-01,1.2508490953208353,0.29124845397384175,17806.33187940072,17.80633187940072,0.23284060008784535,61.137944721931405,,0.15541335529827083,0.6938421617495937,1.8632412339465456,14,0.385077141237849,11.1923972702791,4680.25,168.7607081437602,24.771646570971377,0.819653844646314,1000.0,True,,16,TCGA-49-4490-01,TCGA-49-4490,Female,Stage IIIA,45,1:DECEASED,12.65,1,III,matched
TCGA-49-4490,TCGA-49-4490-01Z-00-DX2.1b491bd7-60d2-40a6-96cd-01385bce2b0f,16,TCGA-49-4490-01,4.4425624177138525,0.8751888079880367,89611.38019315271,89.61138019315271,0.19700090301452866,102.39091196693828,,0.15985711688454757,0.6291086900290201,1.9249603453761166,97,0.09935158993861255,21.83424584272162,4203.3125,117.24508585117758,16.68270062070287,0.9139534213761049,1000.0,True,,17,TCGA-49-4490-01,TCGA-49-4490,Female,Stage IIIA,45,1:DECEASED,12.65,1,III,matched
TCGA-49-4490,TCGA-49-4490-01Z-00-DX2.1b491bd7-60d2-40a6-96cd-01385bce2b0f,17,TCGA-49-4490-01,0.7075291744545833,0.13968178125,14136.762388173527,14.136762388173526,0.19742193861854138,101.20691661908147,1.548364426389888,0.17671035665912294,0.6773087788519984,2.7143262794842493,18,0.16498042115469116,25.4406470431071,4099.046875,93.89341114396686,11.292317676547293,0.697689722164913,1000.0,True,,18,TCGA-49-4490-01,TCGA-49-4490,Female,Stage IIIA,45,1:DECEASED,12.65,1,III,matched
TCGA-49-4490,TCGA-49-4490-01Z-00-DX3.0949a10a-0a1f-49dc-9296-ab4d4f0bf988,1,TCGA-49-4490-01,2.6078696460412263,0.4033529536382892,54432.39155185841,54.43239155185841,0.15466760551110495,134.9497780067608,,0.22278593171603472,0.691091494848669,1.8528853391210955,78,0.0883331296333147,29.909470405625843,2992.171875,101.37920390463928,16.58854004007896,0.8633309058986446,1000.0,True,,2,TCGA-49-4490-01,TCGA-49-4490,Female,Stage IIIA,45,1:DECEASED,12.65,1,III,matched
TCGA-49-4490,TCGA-49-4490-01Z-00-DX3.0949a10a-0a1f-49dc-9296-ab4d4f0bf988,2,TCGA-49-4490-01,0.8783346118442651,0.06985228125,7903.101170373204,7.903101170373204,0.07952809818496062,113.14020142145614,1.2961171763900436,0.3857907346054547,0.8335146582764807,1.6192342070219057,17,0.2362511971457261,19.354810536618384,2589.0,91.0,15.495967217311735,0.6865524885583524,1000.0,True,,3,TCGA-49-4490-01,TCGA-49-4490,Female,Stage IIIA,45,1:DECEASED,12.65,1,III,matched
TCGA-49-4490,TCGA-49-4490-01Z-00-DX3.0949a10a-0a1f-49dc-9296-ab4d4f0bf988,3,TCGA-49-4490-01,167.48400574263255,64.27761624664608,3949135.5416201195,3949.1355416201195,0.3837836094356346,61.43873672082823,1.7303064249172746,0.10561019139711936,0.5976350886742667,1.8303778365812953,3354,0.09291045481113695,20.025792821996312,4057.78125,106.42191973461107,10.25,0.9822004018654671,1000.0,True,,4,TCGA-49-4490-01,TCGA-49-4490,Female,Stage IIIA,45,1:DECEASED,12.65,1,III,matched
TCGA-49-4490,TCGA-49-4490-01Z-00-DX3.0949a10a-0a1f-49dc-9296-ab4d4f0bf988,4,TCGA-49-4490-01,0.47182514074419163,0.0666010526241682,9197.776795380048,9.197776795380049,0.14115621842261503,138.10257395304828,1.466181727502594,0.22228258101599296,0.6955516187728756,1.4830331080538062,13,0.33330381028590766,27.55258013486861,2429.71875,73.67209868735925,14.15317985471816,0.5418828472349425,1000.0,True,,5,TCGA-49-4490-01,TCGA-49-4490,Female,Stage IIIA,45,1:DECEASED,12.65,1,III,matched
TCGA-49-4490,TCGA-49-4490-01Z-00-DX3.0949a10a-0a1f-49dc-9296-ab4d4f0bf988,5,TCGA-49-4490-01,0.3432812367749163,0.04045071875,3213.5511716486344,3.2135511716486342,0.11783550749825238,79.4436111632413,1.3461841771819083,0.16235721451850127,0.7323819653906785,4.002851020457232,3,0.5628482917726454,8.73919014096028,13231.15625,230.47872224188072,13.0,0.3742419456121181,1000.0,True,,6,TCGA-49-4490-01,TCGA-49-4490,Female,Stage IIIA,45,1:DECEASED,12.65,1,III,matched
TCGA-49-4490,TCGA-49-4490-01Z-00-DX3.0949a10a-0a1f-49dc-9296-ab4d4f0bf988,6,TCGA-49-4490-01,3.0096964054380795,0.8495770327199144,58728.18557552649,58.72818557552649,0.28227997720462883,69.12638090922567,1.4718012034873373,0.11947807376293089,0.6298883275305174,2.1565187062670814,58,0.43285778667393815,19.271046705974236,3316.578125,102.70165456356989,8.75,0.8981512562138576,1000.0,True,,7,TCGA-49-4490-01,TCGA-49-4490,Female,Stage IIIA,45,1:DECEASED,12.65,1,III,matched
TCGA-49-4490,TCGA-49-4490-01Z-00-DX3.0949a10a-0a1f-49dc-9296-ab4d4f0bf988,7,TCGA-49-4490-01,0.40523022315256635,0.052912970175900846,4222.11731106112,4.22211731106112,0.13057508337915724,79.79361765225718,1.2529331688784537,0.1544972644741012,0.6662112361551286,4.464771664151711,3,0.5348727103089669,7.4031990424132825,20788.65625,221.4012283304905,12.198872898755852,0.5336221928867259,1000.0,True,,8,TCGA-49-4490-01,TCGA-49-4490,Female,Stage IIIA,45,1:DECEASED,12.65,1,III,matched
TCGA-49-4490,TCGA-49-4490-01Z-00-DX3.0949a10a-0a1f-49dc-9296-ab4d4f0bf988,8,TCGA-49-4490-01,0.3981195526646592,0.05960923421908453,6725.58670093465,6.725586700934651,0.1497269697509534,112.82793327315355,1.3411021825546197,0.2329225958800792,0.757513224900862,1.8281423021589462,10,0.5080056984840018,25.11808308099632,2036.515625,113.27510759209191,16.46439578336971,0.6817863270800648,1000.0,True,,9,TCGA-49-4490-01,TCGA-49-4490,Female,Stage IIIA,45,1:DECEASED,12.65,1,III,matched
TCGA-49-4490,TCGA-49-4490-01Z-00-DX3.0949a10a-0a1f-49dc-9296-ab4d4f0bf988,9,TCGA-49-4490-01,0.7332294462759514,0.07019873099626497,8198.460320570885,8.198460320570884,0.09573910506840942,116.78929525103659,1.3450124604253035,0.3169270827417254,0.8223073641620344,1.7085947845299765,13,0.487965530121429,17.729784402449436,2134.3125,72.82009080604061,25.947061490658243,0.7602674249377626,1000.0,True,,10,TCGA-49-4490-01,TCGA-49-4490,Female,Stage IIIA,45,1:DECEASED,12.65,1,III,matched
TCGA-49-4490,TCGA-49-4490-01Z-00-DX3.0949a10a-0a1f-49dc-9296-ab4d4f0bf988,10,TCGA-49-4490-01,2.3405592869166076,0.3831206562310441,33885.96689957066,33.88596689957066,0.16368765293519114,88.44724592227533,1.440108820091233,0.1067981169374858,0.5819095592103238,2.2647207741781323,31,0.23982744856831012,13.244697612782371,4134.0625,118.47984071668057,8.325412902673357,0.8083276102183705,1000.0,True,,11,TCGA-49-4490-01,TCGA-49-4490,Female,Stage IIIA,45,1:DECEASED,12.65,1,III,matched
TCGA-49-4490,TCGA-49-4490-01Z-00-DX4.4e94aeb6-f616-4bdd-82bc-2ca2f2b5a5c4,1,TCGA-49-4490-01,38.928188244910714,11.886616140294139,769522.8939009646,769.5228939009646,0.30534727343361884,64.73860052503744,1.631027784362383,0.12053121319481505,0.5709712731294432,2.0262151369001673,604,0.09561190588916482,15.51574905567212,4552.015625,125.86886211736754,13.75,0.9481293159798798,1000.0,True,,2,TCGA-49-4490-01,TCGA-49-4490,Female,Stage IIIA,45,1:DECEASED,12.65,1,III,matched
TCGA-49-4490,TCGA-49-4490-01Z-00-DX4.4e94aeb6-f616-4bdd-82bc-2ca2f2b5a5c4,2,TCGA-49-4490-01,7.309149991573502,1.141853651126268,106032.03079271858,106.03203079271857,0.1562224954259629,92.85956277158094,1.5147593468261318,0.19796144600218518,0.6453395819383548,1.859190871254971,113,0.12863224448047486,15.460074034637993,4082.84375,113.47495937981208,24.2706097986845,0.8987159707279748,1000.0,True,,3,TCGA-49-4490-01,TCGA-49-4490,Female,Stage IIIA,45,1:DECEASED,12.65,1,III,matched
TCGA-49-4490,TCGA-49-4490-01Z-00-DX4.4e94aeb6-f616-4bdd-82bc-2ca2f2b5a5c4,3,TCGA-49-4490-01,8.512540330563539,1.7447990657058887,171770.72684795348,171.77072684795348,0.20496808214127793,98.44728268378609,1.611683597346012,0.1784057395231583,0.6488604511660557,1.9227679155807702,218,0.06156282525546151,25.60927661244551,3607.421875,104.9821703030412,13.770427386306372,0.892213901742875,1000.0,True,,4,TCGA-49-4490-01,TCGA-49-4490,Female,Stage IIIA,45,1:DECEASED,12.65,1,III,matched
TCGA-49-4490,TCGA-49-4490-01Z-00-DX4.4e94aeb6-f616-4bdd-82bc-2ca2f2b5a5c4,4,TCGA-49-4490-01,0.21051647718262131,0.02828954464678133,2648.401588166829,2.648401588166829,0.1343816171797345,93.61768177022083,1.288773337426037,0.28981644797407446,0.7903873927546836,1.865168752072041,5,0.3683723685530506,23.75110996970817,3995.84375,122.54834823958257,6.25,0.4645472715587575,1000.0,True,,5,TCGA-49-4490-01,TCGA-49-4490,Female,Stage IIIA,45,1:DECEASED,12.65,1,III,matched
TCGA-49-4490,TCGA-49-4490-01Z-00-DX4.4e94aeb6-f616-4bdd-82bc-2ca2f2b5a5c4,5,TCGA-49-4490-01,4.4041312341965035,0.8204512774923617,91840.06264492494,91.84006264492494,0.18629128739894285,111.93847235587974,1.5738331095927323,0.1410824432317468,0.6061216658456158,2.1813410740706276,86,0.19996916596764608,19.5271202030132,3169.0,129.76036725401462,14.0,0.8986429887814018,1000.0,True,,6,TCGA-49-4490-01,TCGA-49-4490,Female,Stage IIIA,45,1:DECEASED,12.65,1,III,matched
TCGA-49-4490,TCGA-49-4490-01Z-00-DX4.4e94aeb6-f616-4bdd-82bc-2ca2f2b5a5c4,6,TCGA-49-4490-01,0.14169579330268683,0.024060512989888077,3321.0895785944813,3.3210895785944814,0.1698040035563416,138.03070532994192,,0.21364270940694322,0.769536780281038,1.328527846937015,4,0.7404283061158746,28.229490140580992,1917.0618411437247,100.29419964055968,10.599598895845688,0.4813487054439317,1000.0,True,,7,TCGA-49-4490-01,TCGA-49-4490,Female,Stage IIIA,45,1:DECEASED,12.65,1,III,matched
TCGA-49-4490,TCGA-49-4490-01Z-00-DX4.4e94aeb6-f616-4bdd-82bc-2ca2f2b5a5c4,7,TCGA-49-4490-01,0.8283671933210071,0.1101488580955102,9014.3783906767,9.0143783906767,0.13297105315568133,81.83814654583458,1.3278024932103605,0.23676154849752906,0.6714521469931138,2.0180901119860333,17,0.401440704539789,20.52229993783952,2050.25,112.67930155978071,26.63174797117155,0.7823147353885744,1000.0,True,,8,TCGA-49-4490-01,TCGA-49-4490,Female,Stage IIIA,45,1:DECEASED,12.65,1,III,matched
TCGA-49-4490,TCGA-49-4490-01Z-00-DX4.4e94aeb6-f616-4bdd-82bc-2ca2f2b5a5c4,8,TCGA-49-4490-01,0.25224917692709786,0.058418631260495735,2862.6978531403497,2.8626978531403497,0.23159096878789504,49.00316545204961,1.1910684918274228,0.3808984976485779,0.8616257736054483,1.9771048459446892,3,0.8255172066597154,11.89300213600707,6563.166267113966,221.79734556572132,54.288580751388224,0.5369146926617966,1000.0,True,,9,TCGA-49-4490-01,TCGA-49-4490,Female,Stage IIIA,45,1:DECEASED,12.65,1,III,matched
TCGA-49-4490,TCGA-49-4490-01Z-00-DX4.4e94aeb6-f616-4bdd-82bc-2ca2f2b5a5c4,9,TCGA-49-4490-01,29.005161558424362,12.408831729315093,407254.99475285044,407.25499475285045,0.4278146048012971,32.81976930920385,1.676083864102976,0.08340302587506622,0.6532761970557116,1.3981225197039626,324,0.4643785296448393,11.170425627431001,3612.9961987696697,123.24355389050328,16.601438962635317,0.9549031883255124,1000.0,True,,10,TCGA-49-4490-01,TCGA-49-4490,Female,Stage IIIA,45,1:DECEASED,12.65,1,III,matched
TCGA-49-4490,TCGA-49-4490-01Z-00-DX4.4e94aeb6-f616-4bdd-82bc-2ca2f2b5a5c4,10,TCGA-49-4490-01,19.349721814944328,4.256317555405201,325233.8040240542,325.2338040240542,0.219967893911422,76.4120157367093,1.5640916943330478,0.16597889063099927,0.6037027093879722,1.99475486333248,374,0.07159935258610517,19.3284432498223,2900.546875,107.33969685866245,17.545305559070265,0.9631671042609709,1000.0,True,,11,TCGA-49-4490-01,TCGA-49-4490,Female,Stage IIIA,45,1:DECEASED,12.65,1,III,matched
TCGA-49-4490,TCGA-49-4490-01Z-00-DX4.4e94aeb6-f616-4bdd-82bc-2ca2f2b5a5c4,11,TCGA-49-4490-01,0.3104290064656914,0.0386940625,2433.7970773009165,2.4337970773009165,0.12464705840649742,62.898463486508206,1.2299913733107082,0.168146964023082,0.7069816484471539,3.483929200424603,2,0.70761237946653,6.442696907645582,19239.015625,307.021095569995,10.077822185373186,0.3111481171074822,1000.0,True,,12,TCGA-49-4490-01,TCGA-49-4490,Female,Stage IIIA,45,1:DECEASED,12.65,1,III,matched
TCGA-49-4490,TCGA-49-4490-01Z-00-DX4.4e94aeb6-f616-4bdd-82bc-2ca2f2b5a5c4,12,TCGA-49-4490-01,0.7331212298485807,0.10471065363865692,11989.497814224447,11.989497814224448,0.1428285655570006,114.50122215451613,1.426515471163215,0.24877279098878116,0.7441706360471777,1.7289313567096583,14,0.26387217324744,19.09643239071329,3908.625,108.45228530353143,16.28574846366105,0.6210480041758534,1000.0,True,,13,TCGA-49-4490-01,TCGA-49-4490,Female,Stage IIIA,45,1:DECEASED,12.65,1,III,matched
TCGA-49-4490,TCGA-49-4490-01Z-00-DX4.4e94aeb6-f616-4bdd-82bc-2ca2f2b5a5c4,13,TCGA-49-4490-01,2.1150757618870126,0.21312725389456097,23845.901088438986,23.845901088438985,0.10076577763078079,111.88574268514768,1.2475358286122196,0.1827516863075872,0.6887728049920503,2.1674151327003535,31,0.22246292497817016,14.656685381493213,2311.0625,106.14767131218659,24.186773244895647,0.8895826221204787,1000.0,True,,14,TCGA-49-4490-01,TCGA-49-4490,Female,Stage IIIA,45,1:DECEASED,12.65,1,III,matched
TCGA-49-4490,TCGA-49-4490-01Z-00-DX4.4e94aeb6-f616-4bdd-82bc-2ca2f2b5a5c4,14,TCGA-49-4490-01,0.3587371581429693,0.10229589431938153,4341.668099754522,4.341668099754521,0.285155557480926,42.4422517505859,1.2591857530252248,0.3997017292162137,0.8656021166125626,1.8931153924017117,7,0.4127337261631174,19.51289360777691,10671.15625,199.54394292047553,47.80167361086848,0.7684195441462516,1000.0,True,,15,TCGA-49-4490-01,TCGA-49-4490,Female,Stage IIIA,45,1:DECEASED,12.65,1,III,matched
TCGA-49-4490,TCGA-49-4490-01Z-00-DX4.4e94aeb6-f616-4bdd-82bc-2ca2f2b5a5c4,15,TCGA-49-4490-01,0.9680038047196028,0.0928824696983756,13153.998700250559,13.15399870025056,0.09595258742322861,141.61982065040425,1.3031886485668749,0.2070579504090345,0.6267752013250396,2.274604639042544,18,0.25040513371796447,18.59496823487587,3011.625,104.51093122697652,28.876984002023363,0.8689927919765784,1000.0,True,,16,TCGA-49-4490-01,TCGA-49-4490,Female,Stage IIIA,45,1:DECEASED,12.65,1,III,matched
TCGA-49-4490,TCGA-49-4490-01Z-00-DX4.4e94aeb6-f616-4bdd-82bc-2ca2f2b5a5c4,16,TCGA-49-4490-01,1.568363318722645,0.3596647895076704,34276.92481266615,34.276924812666145,0.22932491803021748,95.3024199549429,1.5810727198965202,0.22099892405607985,0.6886726897774277,1.8359190691524265,51,0.11131710899605635,32.517975517010306,3709.8125,92.88467311672039,15.366359360629309,0.7991182579728381,1000.0,True,,17,TCGA-49-4490-01,TCGA-49-4490,Female,Stage IIIA,45,1:DECEASED,12.65,1,III,matched
TCGA-49-4490,TCGA-49-4490-01Z-00-DX4.4e94aeb6-f616-4bdd-82bc-2ca2f2b5a5c4,17,TCGA-49-4490-01,0.38979391395883695,0.06693265637907814,9675.447860323784,9.675447860323784,0.17171293337880686,144.55496589775484,1.5217092095678488,0.22530560774615105,0.6753658120174781,1.6657799284680905,11,0.4165180052239715,28.220040401045416,2093.625,102.38598842126788,15.502015997927495,0.6906676749673661,1000.0,True,,18,TCGA-49-4490-01,TCGA-49-4490,Female,Stage IIIA,45,1:DECEASED,12.65,1,III,matched
TCGA-49-4490,TCGA-49-4490-01Z-00-DX4.4e94aeb6-f616-4bdd-82bc-2ca2f2b5a5c4,18,TCGA-49-4490-01,0.5630034047638098,0.07860951722204586,8249.644600446783,8.249644600446784,0.13962529632484902,104.9446032996777,1.2771964436934349,0.29944228298434516,0.7372404377680613,1.5886484336084843,12,0.29383883612128103,21.31425831258377,3194.8573012333936,146.0390401169817,25.225688225758518,0.8125294360271282,1000.0,True,,19,TCGA-49-4490-01,TCGA-49-4490,Female,Stage IIIA,45,1:DECEASED,12.65,1,III,matched
TCGA-49-4490,TCGA-49-4490-01Z-00-DX4.4e94aeb6-f616-4bdd-82bc-2ca2f2b5a5c4,19,TCGA-49-4490-01,1.860322664835686,0.20495958817691745,25113.612121875707,25.113612121875708,0.11017421442587252,122.52957934418802,1.3227462701264223,0.2095709556751986,0.6827672583934018,1.5442762883840544,36,0.29941659258044606,19.351481697493437,2299.71875,99.49889509451485,22.102036105300343,0.8996152331527955,1000.0,True,,20,TCGA-49-4490-01,TCGA-49-4490,Female,Stage IIIA,45,1:DECEASED,12.65,1,III,matched
TCGA-49-4490,TCGA-49-4490-01Z-00-DX4.4e94aeb6-f616-4bdd-82bc-2ca2f2b5a5c4,20,TCGA-49-4490-01,0.2736287593619724,0.027464901913780412,4017.8844098118034,4.017884409811804,0.10037286277151959,146.291598725712,1.235896317616521,0.26510847383471126,0.6706687124836046,1.8830295262971237,8,0.3792259033461034,29.23669287780209,2158.0,93.37580987823874,15.502015997927495,0.6696428571428571,1000.0,True,,21,TCGA-49-4490-01,TCGA-49-4490,Female,Stage IIIA,45,1:DECEASED,12.65,1,III,matched
TCGA-49-4490,TCGA-49-4490-01Z-00-DX4.4e94aeb6-f616-4bdd-82bc-2ca2f2b5a5c4,21,TCGA-49-4490-01,1.353865783627866,0.15286180721117923,20566.919640779586,20.566919640779584,0.11290765233874615,134.545835980902,1.4182602209097475,0.26070321066260843,0.679308175951241,2.0052295895988888,22,0.2022448110532784,16.2497643902692,4710.328125,126.01203223798197,23.351987145219073,0.844373494703174,1000.0,True,,22,TCGA-49-4490-01,TCGA-49-4490,Female,Stage IIIA,45,1:DECEASED,12.65,1,III,matched
TCGA-49-4490,TCGA-49-4490-01Z-00-DX5.feea87ff-61c6-465e-8b36-4803f6af3d62,1,TCGA-49-4490-01,0.49374398614732695,0.08715412351356752,8738.105286866867,8.738105286866867,0.1765168305008212,100.2603770721942,1.5184425706308806,0.07317706806245056,0.499488610432071,1.5963423759369013,6,0.693580447016283,12.15204674555707,3360.625,146.9186105467922,19.32989299355437,0.6031635767454743,1000.0,True,,2,TCGA-49-4490-01,TCGA-49-4490,Female,Stage IIIA,45,1:DECEASED,12.65,1,III,matched
TCGA-49-4490,TCGA-49-4490-01Z-00-DX5.feea87ff-61c6-465e-8b36-4803f6af3d62,2,TCGA-49-4490-01,46.134477477284285,14.881634366450017,953027.4503363456,953.0274503363456,0.3225707796035502,64.04050972283687,1.7337050436013461,0.11732997451258531,0.5438859970476341,1.8784869752632714,799,0.0720496728903474,17.31893463827377,3888.53125,115.31241531162202,12.96630247988994,0.9647252717222448,1000.0,True,,3,TCGA-49-4490-01,TCGA-49-4490,Female,Stage IIIA,45,1:DECEASED,12.65,1,III,matched
TCGA-49-4490,TCGA-49-4490-01Z-00-DX5.feea87ff-61c6-465e-8b36-4803f6af3d62,3,TCGA-49-4490-01,2.8368612393774932,0.9266944423167756,49095.428367609755,49.095428367609756,0.3266618858383517,52.979090113963665,1.5601467482555353,0.060120261284143946,0.5376202596260637,1.712261919770877,35,0.4636309509592397,12.337579122368433,2962.75,94.79130036559262,11.95041840271712,0.8805624351756856,1000.0,True,,4,TCGA-49-4490-01,TCGA-49-4490,Female,Stage IIIA,45,1:DECEASED,12.65,1,III,matched
TCGA-49-4490,TCGA-49-4490-01Z-00-DX5.feea87ff-61c6-465e-8b36-4803f6af3d62,4,TCGA-49-4490-01,0.2968191193933928,0.04345865093791441,3755.5235491737835,3.7555235491737835,0.1464145942711863,86.4160177116168,1.2510999754764454,0.2956499989412479,0.7096663934080499,1.458528628812486,7,0.6017807547604278,23.58338645538014,2659.9375,105.42501463269654,21.634752136319936,0.5806636184038865,1000.0,True,,5,TCGA-49-4490-01,TCGA-49-4490,Female,Stage IIIA,45,1:DECEASED,12.65,1,III,matched
TCGA-49-4490,TCGA-49-4490-01Z-00-DX5.feea87ff-61c6-465e-8b36-4803f6af3d62,5,TCGA-49-4490-01,36.07435214404872,12.921122862286516,730588.3541094237,730.5883541094237,0.35818031632809644,56.542172216458525,1.6017393842956513,0.0826555680218436,0.5915147921961985,1.7183174734819238,565,0.22827527660531383,15.662096930913549,3973.78125,116.85701733314949,10.680004681646913,0.9646041610323031,1000.0,True,,6,TCGA-49-4490-01,TCGA-49-4490,Female,Stage IIIA,45,1:DECEASED,12.65,1,III,matched
TCGA-49-4490,TCGA-49-4490-01Z-00-DX5.feea87ff-61c6-465e-8b36-4803f6af3d62,6,TCGA-49-4490-01,3.586827711379506,0.688574398040924,59213.71279572379,59.21371279572379,0.19197308971835056,85.99464773043238,,0.18312102430832733,0.6583488201128567,1.971254450399673,73,0.16326962602108222,20.352246016278254,4314.718772569404,117.61809225200007,15.027058927148719,0.9071868099273728,1000.0,True,,7,TCGA-49-4490-01,TCGA-49-4490,Female,Stage IIIA,45,1:DECEASED,12.65,1,III,matched
TCGA-49-4490,TCGA-49-4490-01Z-00-DX5.feea87ff-61c6-465e-8b36-4803f6af3d62,7,TCGA-49-4490-01,2.7581191087838555,0.3886532182597887,49394.5579535244,49.394557953524405,0.14091241274607555,127.09159639714457,1.5080721799165462,0.2094535695049275,0.6837822864513786,1.6125286270341859,67,0.14562614710373065,24.291916830793607,2633.9375,102.17547712146981,24.93616851081978,0.9001490415630643,1000.0,True,,8,TCGA-49-4490-01,TCGA-49-4490,Female,Stage IIIA,45,1:DECEASED,12.65,1,III,matched
TCGA-49-4490,TCGA-49-4490-01Z-00-DX5.feea87ff-61c6-465e-8b36-4803f6af3d62,8,TCGA-49-4490-01,1.0300122925852193,0.1800446751003241,14785.804122077723,14.785804122077723,0.17479856929516002,82.12297372215428,,0.23834089537958542,0.7293159384387716,2.3841591953627335,20,0.12465102780375995,19.417243992110198,5762.5625,150.7405933281333,34.966851527724955,0.7601582898172323,1000.0,True,,9,TCGA-49-4490-01,TCGA-49-4490,Female,Stage IIIA,45,1:DECEASED,12.65,1,III,matched
TCGA-49-4490,TCGA-49-4490-01Z-00-DX5.feea87ff-61c6-465e-8b36-4803f6af3d62,9,TCGA-49-4490-01,0.32029782359169134,0.0427332681131293,3994.5407069499324,3.9945407069499326,0.13341729155051874,93.47613424685991,1.2721995943295326,0.2806659852294253,0.7526491220308734,1.943096523077517,6,0.31991021324354657,18.732565625074834,5848.265625,140.2116820746059,39.32785630409211,0.5781967154554377,1000.0,True,,10,TCGA-49-4490-01,TCGA-49-4490,Female,Stage IIIA,45,1:DECEASED,12.65,1,III,matched
TCGA-49-4490,TCGA-49-4490-01Z-00-DX5.feea87ff-61c6-465e-8b36-4803f6af3d62,10,TCGA-49-4490-01,0.2609637729843228,0.02928496875,2495.05622228256,2.4950562222825603,0.11221852142580448,85.19921067979833,1.2720361248695629,0.07103992818364328,0.3931408806955616,1.3966994950971343,1,1.0,3.8319495022785186,28671.875,,,0.0,1000.0,True,,11,TCGA-49-4490-01,TCGA-49-4490,Female,Stage IIIA,45,1:DECEASED,12.65,1,III,matched
TCGA-49-4490,TCGA-49-4490-01Z-00-DX5.feea87ff-61c6-465e-8b36-4803f6af3d62,11,TCGA-49-4490-01,0.7848995139968584,0.1514922951822683,10300.80381651407,10.300803816514069,0.1930085220856369,67.99556244177721,1.347933003841058,0.1809980254545268,0.5982780450573711,1.4228235514521133,10,0.39271964076397214,12.740484382616174,2628.28125,159.04508980031574,31.3369641003053,0.7298820120720702,1000.0,True,,12,TCGA-49-4490-01,TCGA-49-4490,Female,Stage IIIA,45,1:DECEASED,12.65,1,III,matched
TCGA-49-4490,TCGA-49-4490-01Z-00-DX5.feea87ff-61c6-465e-8b36-4803f6af3d62,12,TCGA-49-4490-01,88.15775058486133,32.19335346205871,1876930.3796388004,1876.9303796388003,0.36517893490339387,58.30179766301283,1.5895110154310226,0.08788988015097206,0.559006354410394,1.9399859258995233,1494,0.11026660805824733,16.94689338246969,3878.75,115.14679825392301,12.272937708633577,0.9694580584307744,1000.0,True,,13,TCGA-49-4490-01,TCGA-49-4490,Female,Stage IIIA,45,1:DECEASED,12.65,1,III,matched
TCGA-49-4490,TCGA-49-4490-01Z-00-DX5.feea87ff-61c6-465e-8b36-4803f6af3d62,13,TCGA-49-4490-01,0.32335749057464924,0.05225925,5081.641881816618,5.081641881816617,0.1616144716707455,97.23908938258045,1.4138024794129265,0.09734855564446858,0.5841489770061772,2.244310549422923,3,0.5478760845232585,9.277657352760256,20962.875,146.7877400364213,5.460082416960389,0.26395267553804136,1000.0,True,,14,TCGA-49-4490-01,TCGA-49-4490,Female,Stage IIIA,45,1:DECEASED,12.65,1,III,matched
TCGA-49-4490,TCGA-49-4490-01Z-00-DX5.feea87ff-61c6-465e-8b36-4803f6af3d62,14,TCGA-49-4490-01,0.2995422016992842,0.08780772439718099,3174.544792369501,3.174544792369501,0.2931397442465644,36.15336593862826,,0.16192712245421245,0.661315157850608,3.681517406333022,2,0.9620816405503054,6.676855510355886,43474.87782359049,235.44691546078917,36.84596314387778,0.18881997752956506,1000.0,True,,15,TCGA-49-4490-01,TCGA-49-4490,Female,Stage IIIA,45,1:DECEASED,12.65,1,III,matched
TCGA-49-4490,TCGA-49-4490-01Z-00-DX5.feea87ff-61c6-465e-8b36-4803f6af3d62,15,TCGA-49-4490-01,1.1753775832840387,0.23122963002610963,13752.157097214314,13.752157097214315,0.19672795645808336,59.47402629871211,1.3376062190100182,0.2985466223681896,0.7748132104476602,2.1793338879004507,22,0.3962994424522944,18.71738946945999,2617.2700572621297,114.08784021245151,39.28908558742852,0.7470372526033571,1000.0,True,,16,TCGA-49-4490-01,TCGA-49-4490,Female,Stage IIIA,45,1:DECEASED,12.65,1,III,matched
TCGA-49-4490,TCGA-49-4490-01Z-00-DX5.feea87ff-61c6-465e-8b36-4803f6af3d62,16,TCGA-49-4490-01,0.13542089601050403,0.020608870386782146,1919.193556359335,1.919193556359335,0.15218382830064575,93.12463615619819,1.3327960837039285,0.25436875055619196,0.7241384569130582,2.433740349402191,3,0.5815901455095024,22.153154264813775,4448.6875,77.94752341319126,8.050621094052309,0.21202406535142398,1000.0,True,,17,TCGA-49-4490-01,TCGA-49-4490,Female,Stage IIIA,45,1:DECEASED,12.65,1,III,matched
TCGA-49-4490,TCGA-49-4490-01Z-00-DX5.feea87ff-61c6-465e-8b36-4803f6af3d62,17,TCGA-49-4490-01,2.74525086121493,0.3889189668133579,38530.65437136078,38.53065437136078,0.14166973674720534,99.07116304217591,1.3998736980784288,0.1848333723688055,0.6681684992338398,2.3368569742546614,56,0.31095926598731066,20.398864377449573,2676.171875,109.63292802005245,19.69295559330798,0.8849418719227232,1000.0,True,,18,TCGA-49-4490-01,TCGA-49-4490,Female,Stage IIIA,45,1:DECEASED,12.65,1,III,matched
TCGA-49-4490,TCGA-49-4490-01Z-00-DX5.feea87ff-61c6-465e-8b36-4803f6af3d62,18,TCGA-49-4490-01,1.0464917137272163,0.23719490998105738,30878.880219770388,30.878880219770387,0.22665722706609578,130.18357022179103,1.5868098089686247,0.1386827880910293,0.5810097790078795,1.974158454153534,42,0.22936637177190836,40.13409704928436,1524.234375,86.65746145024097,10.6392857296157,0.8313941012827545,1000.0,True,,19,TCGA-49-4490-01,TCGA-49-4490,Female,Stage IIIA,45,1:DECEASED,12.65,1,III,matched
TCGA-49-4490,TCGA-49-4490-01Z-00-DX5.feea87ff-61c6-465e-8b36-4803f6af3d62,19,TCGA-49-4490-01,0.20447867218589172,0.02432232974266135,4185.56615549713,4.18556615549713,0.11894800314699766,172.0873863557425,1.3634532962433972,0.2624785659173195,0.7365162562689965,1.6961883109637235,6,0.3435618360008166,29.34291354623721,2547.671875,77.93975866024577,12.811127975318957,0.4782495245119468,1000.0,True,,20,TCGA-49-4490-01,TCGA-49-4490,Female,Stage IIIA,45,1:DECEASED,12.65,1,III,matched
TCGA-49-4490,TCGA-49-4490-01Z-00-DX5.feea87ff-61c6-465e-8b36-4803f6af3d62,20,TCGA-49-4490-01,0.39012323677491656,0.04902147197471934,5454.29315951932,5.45429315951932,0.12565637561087525,111.26334929991762,1.345148596393049,0.08233501338432948,0.5537366528051111,2.6281663714283705,3,0.775201253954745,7.68987775452828,8771.625,215.99772134214749,41.10960958218893,0.4807933002536603,1000.0,True,,21,TCGA-49-4490-01,TCGA-49-4490,Female,Stage IIIA,45,1:DECEASED,12.65,1,III,matched
TCGA-49-4490,TCGA-49-4490-01Z-00-DX6.0a04ad8e-7f33-4496-bd9e-0110ec33f887,1,TCGA-49-4490-01,88.40621772027463,57.04015453321522,1427325.0863165797,1427.3250863165797,0.6452052356056618,25.02316303307751,1.6690616736022368,0.024450288927366504,0.6344810349960518,1.3368918235623835,812,0.5229624681346782,9.184874332812681,3633.1875,99.72220165376535,7.25,0.9737901095994071,1000.0,True,,2,TCGA-49-4490-01,TCGA-49-4490,Female,Stage IIIA,45,1:DECEASED,12.65,1,III,matched
TCGA-49-4490,TCGA-49-4490-01Z-00-DX6.0a04ad8e-7f33-4496-bd9e-0110ec33f887,2,TCGA-49-4490-01,0.22183992758118704,0.012174950126543708,2839.151258968923,2.839151258968923,0.05488168996128087,233.1961305351907,1.250774830626974,0.16310626768217168,0.5858951532874728,3.142563132631297,4,0.3365704185462462,18.031019229106604,2462.203125,119.8422489045646,29.41072027269213,0.3689760199876365,1000.0,True,,3,TCGA-49-4490-01,TCGA-49-4490,Female,Stage IIIA,45,1:DECEASED,12.65,1,III,matched
TCGA-49-4490,TCGA-49-4490-01Z-00-DX6.0a04ad8e-7f33-4496-bd9e-0110ec33f887,3,TCGA-49-4490-01,92.50690139854397,60.62576427529087,1325808.6333854182,1325.8086333854183,0.6553647712628401,21.86873269531343,1.6213353475290082,0.0270218359187866,0.6037109181324698,1.2512499751126798,801,0.5424884999967952,8.658813427866123,3554.25,97.14969119868576,8.00390529679106,0.9758567516104878,1000.0,True,,4,TCGA-49-4490-01,TCGA-49-4490,Female,Stage IIIA,45,1:DECEASED,12.65,1,III,matched
TCGA-49-4490,TCGA-49-4490-01Z-00-DX6.0a04ad8e-7f33-4496-bd9e-0110ec33f887,4,TCGA-49-4490-01,0.1883164771826216,0.01793809010396217,2438.5557504227922,2.4385557504227924,0.09525502161219034,135.94288668915559,1.3589351750788115,0.2211134464336989,0.6839395036395937,2.374848336630694,4,0.38256432328472856,21.24083914399569,4245.046875,108.85114217487177,15.270229195392766,0.36938065185883356,1000.0,True,,5,TCGA-49-4490-01,TCGA-49-4490,Female,Stage IIIA,45,1:DECEASED,12.65,1,III,matched
TCGA-49-4490,TCGA-49-4490-01Z-00-DX6.0a04ad8e-7f33-4496-bd9e-0110ec33f887,5,TCGA-49-4490-01,0.20619478637635094,0.01853490625,2811.346590184395,2.811346590184395,0.0898902759654151,151.67848988631357,1.2915277414923605,0.21897099672409287,0.6619561516262273,2.413673625325417,5,0.3791014769659464,24.248915735793133,1684.78125,53.99540634396597,19.976548750972977,0.2849437148217636,1000.0,True,,6,TCGA-49-4490-01,TCGA-49-4490,Female,Stage IIIA,45,1:DECEASED,12.65,1,III,matched
TCGA-49-4490,TCGA-49-4490-01Z-00-DX6.0a04ad8e-7f33-4496-bd9e-0110ec33f887,6,TCGA-49-4490-01,2.104065093300719,0.39738740077353385,40931.851637288826,40.93185163728883,0.1888664956416052,103.00238899777143,1.5195254148635071,0.16434338416050376,0.6718176005808385,1.4963494761107956,48,0.174775981311145,22.81298242760197,3202.90625,100.1468742269391,15.455231010494051,0.847287482237818,1000.0,True,,7,TCGA-49-4490-01,TCGA-49-4490,Female,Stage IIIA,45,1:DECEASED,12.65,1,III,matched
TCGA-49-4490,TCGA-49-4490-01Z-00-DX6.0a04ad8e-7f33-4496-bd9e-0110ec33f887,7,TCGA-49-4490-01,3.4029805825141586,0.42512740090085155,80393.27060101373,80.39327060101374,0.12492795377244346,189.103949617595,1.5988332708541393,0.13857318651876452,0.5724666830938057,1.7258783733895975,69,0.09948336778650088,20.276342555273136,2910.53125,107.8547199940735,17.220990099294525,0.859048806196302,1000.0,True,,8,TCGA-49-4490-01,TCGA-49-4490,Female,Stage IIIA,45,1:DECEASED,12.65,1,III,matched
TCGA-49-4490,TCGA-49-4490-01Z-00-DX6.0a04ad8e-7f33-4496-bd9e-0110ec33f887,8,TCGA-49-4490-01,0.23416092758118717,0.0348335223878932,3645.6684804033216,3.6456684804033217,0.1487589016140017,104.65977111951263,1.3378876274636105,0.16564538109685598,0.7423749633828023,1.9737398557867039,4,0.7041516600239125,17.082269195458064,3963.5224657140016,106.82649704275723,16.28514169359837,0.4584896810506567,1000.0,True,,9,TCGA-49-4490-01,TCGA-49-4490,Female,Stage IIIA,45,1:DECEASED,12.65,1,III,matched
TCGA-49-4490,TCGA-49-4490-01Z-00-DX6.0a04ad8e-7f33-4496-bd9e-0110ec33f887,9,TCGA-49-4490-01,0.24403992758118698,0.028964125,4175.308837333847,4.175308837333847,0.11868600883092886,144.15449585768073,1.3766236916007881,0.30980487425498826,0.7786090517259666,1.791044690544265,7,0.33950293132009607,28.68383083612925,1626.03125,103.03306508106996,36.07804041241708,0.5622691142776435,1000.0,True,,10,TCGA-49-4490-01,TCGA-49-4490,Female,Stage IIIA,45,1:DECEASED,12.65,1,III,matched
TCGA-49-4505,TCGA-49-4505-01Z-00-DX1.d49d603e-1f76-43a1-a803-9f2d6a6df715,1,TCGA-49-4505-01,78.87960142736749,26.35267705833088,1988629.405221575,1988.6294052215749,0.3340873506136625,75.46213998751632,1.6943746512323092,0.10113311940737967,0.5361142438028943,1.73071573131698,1502,0.14603551002635573,19.04167836576919,4046.84375,108.44039959886987,10.34858623518873,0.9656481781955453,1000.0,True,,2,TCGA-49-4505-01,TCGA-49-4505,Female,Stage IIB,61,1:DECEASED,14.06,1,II,matched
TCGA-49-4505,TCGA-49-4505-01Z-00-DX1.d49d603e-1f76-43a1-a803-9f2d6a6df715,2,TCGA-49-4505-01,0.2009186317794859,0.04529909962332371,7119.161811108205,7.119161811108206,0.22545992485674898,157.1590135412465,,0.04227469629207349,0.4514030227181556,1.7663132083670594,4,0.7518194047120438,19.908556835038162,4363.251247583648,141.2501270299723,11.14236016637495,0.5069183864915572,1000.0,True,,3,TCGA-49-4505-01,TCGA-49-4505,Female,Stage IIB,61,1:DECEASED,14.06,1,II,matched
TCGA-49-4505,TCGA-49-4505-01Z-00-DX1.d49d603e-1f76-43a1-a803-9f2d6a6df715,3,TCGA-49-4505-01,0.20552447048660752,0.04456384375,3439.2176938900193,3.4392176938900194,0.21682986772567256,77.17506849686905,1.2661420397251435,0.16540551541949194,0.6209630362598878,1.8494682085885814,4,0.661419133000438,19.462402654678776,6930.203125,211.6937273079265,24.22618702615914,0.7486905309043661,1000.0,True,,4,TCGA-49-4505-01,TCGA-49-4505,Female,Stage IIB,61,1:DECEASED,14.06,1,II,matched
TCGA-49-4505,TCGA-49-4505-01Z-00-DX1.d49d603e-1f76-43a1-a803-9f2d6a6df715,4,TCGA-49-4505-01,1.70725459975485,0.33044266327277627,19449.691659412296,19.449691659412295,0.19355207086290793,58.85950520667732,1.2989044290577465,0.07158618551783646,0.5578097332877628,4.6069320696979785,9,0.7010382924382154,5.271621468345927,12322.53125,225.64651040122467,5.75,0.6626342210566455,1000.0,True,,5,TCGA-49-4505-01,TCGA-49-4505,Female,Stage IIB,61,1:DECEASED,14.06,1,II,matched
TCGA-49-4505,TCGA-49-4505-01Z-00-DX2.48df81e7-5a8e-4c5b-993a-6a54481a35e9,1,TCGA-49-4505-01,0.29449252778999013,0.031824736542166554,4849.013808827325,4.849013808827325,0.10806636345239141,152.36618855909674,1.3685739583526466,0.21455589658773408,0.5958488599702855,2.008861390361032,7,0.2661406118889995,23.769703267282463,4787.09375,119.74301910758723,9.503288904374106,0.5208812368886513,1000.0,True,,2,TCGA-49-4505-01,TCGA-49-4505,Female,Stage IIB,61,1:DECEASED,14.06,1,II,matched
TCGA-49-4505,TCGA-49-4505-01Z-00-DX2.48df81e7-5a8e-4c5b-993a-6a54481a35e9,2,TCGA-49-4505-01,2.190144970590174,0.431055879582525,44944.11224876998,44.94411224876998,0.19681614019658672,104.26516462853513,1.6203929595296573,0.12452813506515265,0.5608631947199043,1.876606389694003,48,0.19949438189492133,21.916357430469787,3245.1875,105.85726957224992,9.175068680800324,0.8124287343215507,1000.0,True,,3,TCGA-49-4505-01,TCGA-49-4505,Female,Stage IIB,61,1:DECEASED,14.06,1,II,matched
TCGA-49-4505,TCGA-49-4505-01Z-00-DX2.48df81e7-5a8e-4c5b-993a-6a54481a35e9,3,TCGA-49-4505-01,0.612574545968645,0.077062625,9184.22636842657,9.184226368426572,0.12580121963465404,119.17873766208422,1.4294042168983754,0.19477209808234627,0.6333078270796253,1.7697972767721935,16,0.28778493911350905,26.11927006320463,2109.1875,96.91297602179074,17.913367681896712,0.7307522350079543,1000.0,True,,4,TCGA-49-4505-01,TCGA-49-4505,Female,Stage IIB,61,1:DECEASED,14.06,1,II,matched
TCGA-49-4505,TCGA-49-4505-01Z-00-DX2.48df81e7-5a8e-4c5b-993a-6a54481a35e9,4,TCGA-49-4505-01,0.40954683155046234,0.05063047371212252,8606.794403488084,8.606794403488085,0.12362560227958713,169.99237361327212,1.4042731457670286,0.16950938120198014,0.5649030963094892,2.3154601882824424,10,0.2097934792411276,24.41723199796712,3620.390625,90.22438648486789,13.818607806840628,0.6050436731387021,1000.0,True,,5,TCGA-49-4505-01,TCGA-49-4505,Female,Stage IIB,61,1:DECEASED,14.06,1,II,matched
TCGA-49-4505,TCGA-49-4505-01Z-00-DX2.48df81e7-5a8e-4c5b-993a-6a54481a35e9,5,TCGA-49-4505-01,0.2535896047651078,0.01984615625,2124.289194977764,2.1242891949777643,0.07826092188748385,107.03781468906676,1.2215910841231952,0.24133989323598848,0.7738142013331175,2.446145328088484,3,0.6691973119982562,11.830137922170774,3799.96875,110.60430597404425,59.92599602843494,0.42806451236992066,1000.0,True,,6,TCGA-49-4505-01,TCGA-49-4505,Female,Stage IIB,61,1:DECEASED,14.06,1,II,matched
TCGA-49-4505,TCGA-49-4505-01Z-00-DX2.48df81e7-5a8e-4c5b-993a-6a54481a35e9,6,TCGA-49-4505-01,99.4302867279952,41.046958436176475,2244676.030366828,2244.6760303668284,0.4128214831409055,54.68556297190823,1.7802526322274705,0.10684309207209397,0.5589323644447003,1.7883456174837955,1337,0.09631624049908272,13.44660710531331,4895.875,131.81261853953893,10.891510455395983,0.9640326171732965,1000.0,True,,7,TCGA-49-4505-01,TCGA-49-4505,Female,Stage IIB,61,1:DECEASED,14.06,1,II,matched
TCGA-49-4505,TCGA-49-4505-01Z-00-DX2.48df81e7-5a8e-4c5b-993a-6a54481a35e9,7,TCGA-49-4505-01,0.8588703682778848,0.0866274853667809,16140.788227948427,16.140788227948427,0.10086211908844532,186.32409978897928,1.4263399210860195,0.15587206664912073,0.526243122458634,2.297717897096569,19,0.16264699741203073,22.122081168193954,3124.125,71.80268100844145,12.91559135308949,0.7958343769912468,1000.0,True,,8,TCGA-49-4505-01,TCGA-49-4505,Female,Stage IIB,61,1:DECEASED,14.06,1,II,matched
TCGA-49-4505,TCGA-49-4505-01Z-00-DX2.48df81e7-5a8e-4c5b-993a-6a54481a35e9,8,TCGA-49-4505-01,5.780306903688179,1.4968623088970774,210435.19819257557,210.43519819257557,0.2589589677222831,140.58420533524495,1.7336323464867867,0.10358695979180955,0.5258581868037324,2.1411675278790474,211,0.07114049076318263,36.50325207911875,2831.4375,85.45320356780078,8.551315688243536,0.8862168507629681,1000.0,True,,9,TCGA-49-4505-01,TCGA-49-4505,Female,Stage IIB,61,1:DECEASED,14.06,1,II,matched
TCGA-49-4505,TCGA-49-4505-01Z-00-DX3.d3f8d0c4-e4bc-4201-9b2f-e010f51dd8c3,1,TCGA-49-4505-01,0.5325500886437432,0.07515191426233922,12130.790294423927,12.130790294423926,0.14111708150069083,161.41691683431958,1.4074767668345538,0.16444058424989988,0.5561439916605599,2.077365687430205,16,0.16498567451265075,30.044122311100434,3079.46875,110.55824256924492,8.680062645522387,0.754836591525013,1000.0,True,,2,TCGA-49-4505-01,TCGA-49-4505,Female,Stage IIB,61,1:DECEASED,14.06,1,II,matched
TCGA-49-4505,TCGA-49-4505-01Z-00-DX3.d3f8d0c4-e4bc-4201-9b2f-e010f51dd8c3,2,TCGA-49-4505-01,20.658676673765548,7.403199821491078,500423.3699217435,500.42336992174353,0.35835789186305433,67.59555084127842,1.7318238084788646,0.11691906506988184,0.5665350180166224,1.8674405645041128,372,0.06913905517563163,18.006961717562614,4380.0,125.50173592458967,9.519716382329886,0.9564244552472956,1000.0,True,,3,TCGA-49-4505-01,TCGA-49-4505,Female,Stage IIB,61,1:DECEASED,14.06,1,II,matched
TCGA-49-4505,TCGA-49-4505-01Z-00-DX3.d3f8d0c4-e4bc-4201-9b2f-e010f51dd8c3,3,TCGA-49-4505-01,0.5488057072615244,0.0711050319235692,9222.564430264661,9.222564430264661,0.12956321514653138,129.70340045944982,1.387620595269697,0.19073062518351713,0.6740702968378552,2.3088485684202356,13,0.32167014290109325,23.6878003052637,3118.53125,83.42848734095567,10.752906583803284,0.6764982003294312,1000.0,True,,4,TCGA-49-4505-01,TCGA-49-4505,Female,Stage IIB,61,1:DECEASED,14.06,1,II,matched
TCGA-49-4505,TCGA-49-4505-01Z-00-DX3.d3f8d0c4-e4bc-4201-9b2f-e010f51dd8c3,4,TCGA-49-4505-01,3.8638170614615523,0.9078521199587469,79462.46087167384,79.46246087167384,0.23496250094597826,87.5279785382719,1.49890796197972,0.1313515523227381,0.6194784942655992,1.7836977452106024,84,0.19884773338430134,21.740159708344375,3180.46875,99.99158167690918,8.050621094052309,0.8669732240710115,1000.0,True,,5,TCGA-49-4505-01,TCGA-49-4505,Female,Stage IIB,61,1:DECEASED,14.06,1,II,matched
TCGA-49-4505,TCGA-49-4505-01Z-00-DX3.d3f8d0c4-e4bc-4201-9b2f-e010f51dd8c3,5,TCGA-49-4505-01,27.095205727796273,9.08079860162954,546318.0221967075,546.3180221967076,0.33514410973133096,60.161891719377124,1.6508365336572928,0.12547964762095123,0.5789961453432327,1.9500981743030648,408,0.10589465874104981,15.058014473071275,4473.625,129.61290023084123,11.035397456371133,0.9584248652039606,1000.0,True,,6,TCGA-49-4505-01,TCGA-49-4505,Female,Stage IIB,61,1:DECEASED,14.06,1,II,matched
TCGA-49-4505,TCGA-49-4505-01Z-00-DX3.d3f8d0c4-e4bc-4201-9b2f-e010f51dd8c3,6,TCGA-49-4505-01,1.04059685880098,0.15031929598549537,16799.311399215585,16.799311399215586,0.14445488155585987,111.75751781618634,1.3183187870466568,0.13548186834931603,0.6693116025610081,1.5843271445279736,14,0.32762127525783397,13.453817279567225,5874.078125,132.5477463861518,16.954345179276842,0.7929103681795739,1000.0,True,,7,TCGA-49-4505-01,TCGA-49-4505,Female,Stage IIB,61,1:DECEASED,14.06,1,II,matched
TCGA-49-4505,TCGA-49-4505-01Z-00-DX3.d3f8d0c4-e4bc-4201-9b2f-e010f51dd8c3,7,TCGA-49-4505-01,0.8141933215702647,0.07110144367722387,8989.238867452139,8.989238867452139,0.08732747099926665,126.42835929267758,1.3071787977071387,0.29278308511060647,0.7666903870738739,1.7646478850977136,15,0.16366166335121668,18.423143008678565,3406.78125,142.30013395988072,54.5,0.77285727239224,1000.0,True,,8,TCGA-49-4505-01,TCGA-49-4505,Female,Stage IIB,61,1:DECEASED,14.06,1,II,matched
TCGA-49-4505,TCGA-49-4505-01Z-00-DX4.623c4278-fc3e-4c80-bb4d-000e24fbb1c2,1,TCGA-49-4505-01,13.501368976242203,2.2030656206568913,269043.4557024799,269.04345570247995,0.1631734992602257,122.12230683453672,,0.1566005611143014,0.6025467694771037,1.9267084967954478,315,0.042861894709360186,23.330967441471483,2691.09375,105.09430289030895,14.25,0.9583154972271536,1000.0,True,,2,TCGA-49-4505-01,TCGA-49-4505,Female,Stage IIB,61,1:DECEASED,14.06,1,II,matched
TCGA-49-4505,TCGA-49-4505-01Z-00-DX4.623c4278-fc3e-4c80-bb4d-000e24fbb1c2,2,TCGA-49-4505-01,0.4372433980677948,0.06732805887406507,7817.557090876951,7.817557090876951,0.1539830199188641,116.11142845361748,1.4622715083656197,0.08915909767922106,0.49484543736218284,1.6842145146531462,6,0.37056120979214124,13.722334119884636,9069.84375,127.16844144676776,9.290452088031023,0.5662349561774704,1000.0,True,,3,TCGA-49-4505-01,TCGA-49-4505,Female,Stage IIB,61,1:DECEASED,14.06,1,II,matched
TCGA-49-4505,TCGA-49-4505-01Z-00-DX4.623c4278-fc3e-4c80-bb4d-000e24fbb1c2,3,TCGA-49-4505-01,97.54260559068886,40.55349919306551,2290017.537272654,2290.017537272654,0.4157516497276819,56.46904910401019,1.7206269386929518,0.07838398076974912,0.5314559002009877,1.8759492344852768,1526,0.12307985816346598,15.644445734856067,3827.53125,116.87212465668952,11.104616157256405,0.9892242381736589,1000.0,True,,4,TCGA-49-4505-01,TCGA-49-4505,Female,Stage IIB,61,1:DECEASED,14.06,1,II,matched
TCGA-49-4505,TCGA-49-4505-01Z-00-DX4.623c4278-fc3e-4c80-bb4d-000e24fbb1c2,4,TCGA-49-4505-01,0.337334970229785,0.050173375,4344.626117170319,4.344626117170319,0.1487345796548251,86.59226366913366,1.3736940082895683,0.09543856466136494,0.6023902764172511,2.6139102317319063,3,0.7468958863100578,8.893237478333383,9442.15625,157.4057257535443,2.0155644370746373,0.3179034182057505,1000.0,True,,5,TCGA-49-4505-01,TCGA-49-4505,Female,Stage IIB,61,1:DECEASED,14.06,1,II,matched
TCGA-49-4506,TCGA-49-4506-01Z-00-DX1.b13b8ef2-fd06-4309-a767-696a9afeaedd,1,TCGA-49-4506-01,196.89129418743482,83.60690591969498,6558909.699808106,6558.909699808106,0.4246348537894399,78.44937720943751,1.7485783564177788,0.09164053466304296,0.617265701249252,1.9546977174795181,6185,0.034820666346573256,31.413273123757612,3003.875,88.06043734277044,7.754031209635412,0.981467341223841,1000.0,True,,2,TCGA-49-4506-01,TCGA-49-4506,Female,Stage IIB,68,1:DECEASED,32.82,1,II,matched
TCGA-49-4506,TCGA-49-4506-01Z-00-DX1.b13b8ef2-fd06-4309-a767-696a9afeaedd,2,TCGA-49-4506-01,0.2982111248266495,0.026101996766682695,4249.663563512014,4.249663563512014,0.08752858157741707,162.80990306980655,,0.29408956432700245,0.7590389477808688,1.7039450952685837,8,0.2511088703441364,26.82663165115121,2141.3125,74.42582297160038,19.230509613632186,0.5726159840195797,1000.0,True,,3,TCGA-49-4506-01,TCGA-49-4506,Female,Stage IIB,68,1:DECEASED,32.82,1,II,matched
TCGA-49-4506,TCGA-49-4506-01Z-00-DX1.b13b8ef2-fd06-4309-a767-696a9afeaedd,3,TCGA-49-4506-01,0.3987761995406544,0.0527314724676619,7268.12117761442,7.26812117761442,0.1322332489461574,137.83269909770996,,0.26456162766541735,0.7431479928887632,1.9928520177207596,11,0.31232577446360443,27.584394486608705,2181.21875,112.29342144578195,16.433578429544795,0.5010515685309028,1000.0,True,,4,TCGA-49-4506-01,TCGA-49-4506,Female,Stage IIB,68,1:DECEASED,32.82,1,II,matched
TCGA-49-4506,TCGA-49-4506-01Z-00-DX2.81e180ae-bd9f-49cc-9a0f-297800cc7280,1,TCGA-49-4506-01,0.2123479997696773,0.017157708553913138,2355.7361731016467,2.3557361731016466,0.08079995371994651,137.29899687358756,,0.4986062972005972,0.892972332845156,1.611395244084877,7,0.21936593571887794,32.964756002375964,2000.8511054392143,68.62104382949883,15.421170513291136,0.4646957607223809,1000.0,True,,2,TCGA-49-4506-01,TCGA-49-4506,Female,Stage IIB,68,1:DECEASED,32.82,1,II,matched
TCGA-49-4506,TCGA-49-4506-01Z-00-DX2.81e180ae-bd9f-49cc-9a0f-297800cc7280,2,TCGA-49-4506-01,2.0502385281314592,0.4632117093278822,48752.88068592493,48.75288068592493,0.2259306431774272,105.24967245898233,,0.16216859146919896,0.706723417282619,1.9440799865520269,61,0.08656513426237629,29.752635687513887,3610.03125,91.10888060447236,7.7176745202165655,0.7971678627829617,1000.0,True,,3,TCGA-49-4506-01,TCGA-49-4506,Female,Stage IIB,68,1:DECEASED,32.82,1,II,matched
TCGA-49-4506,TCGA-49-4506-01Z-00-DX2.81e180ae-bd9f-49cc-9a0f-297800cc7280,3,TCGA-49-4506-01,25.27464356245218,8.55735863182207,756749.9030980794,756.7499030980794,0.3385748491636423,88.43265026710105,,0.09047338947004527,0.6191246867956061,1.9361805108482253,693,0.1306808201212874,27.418784296112314,2876.1875,94.8509521565282,9.956153875869939,0.9603858421717766,1000.0,True,,4,TCGA-49-4506-01,TCGA-49-4506,Female,Stage IIB,68,1:DECEASED,32.82,1,II,matched
TCGA-49-4506,TCGA-49-4506-01Z-00-DX2.81e180ae-bd9f-49cc-9a0f-297800cc7280,4,TCGA-49-4506-01,55.382959275436946,30.72944946110729,1179495.292937446,1179.4952929374458,0.5548538731612378,38.38322240137342,1.6096333282741142,0.033108583737383575,0.6073915525880278,1.4848011160398813,678,0.44738069851434803,12.242032727577664,2687.890625,101.2206351506218,8.403868156985805,0.9678668160606552,1000.0,True,,5,TCGA-49-4506-01,TCGA-49-4506,Female,Stage IIB,68,1:DECEASED,32.82,1,II,matched
TCGA-49-4506,TCGA-49-4506-01Z-00-DX2.81e180ae-bd9f-49cc-9a0f-297800cc7280,5,TCGA-49-4506-01,45.93877051901377,22.974213116694056,1194426.9760142758,1194.4269760142759,0.5001050933042531,51.9898971053922,1.674967846897615,0.055183470240712684,0.6217535092558613,2.4720045469332304,916,0.4361906260720146,19.93958457422959,3528.734375,97.96032854624818,7.3569694847810805,0.9813470161409306,1000.0,True,,6,TCGA-49-4506-01,TCGA-49-4506,Female,Stage IIB,68,1:DECEASED,32.82,1,II,matched
TCGA-49-4506,TCGA-49-4506-01Z-00-DX2.81e180ae-bd9f-49cc-9a0f-297800cc7280,6,TCGA-49-4506-01,8.36847870382639,3.158278874629822,244552.26576990343,244.55226576990344,0.3774017938512212,77.43213170134227,1.7087419747512453,0.11499685813981861,0.6890089441300903,1.5937292582617977,189,0.06686676707734956,22.584750070951596,4111.40625,104.0405757685433,8.806957476904268,0.8976198969199356,1000.0,True,,7,TCGA-49-4506-01,TCGA-49-4506,Female,Stage IIB,68,1:DECEASED,32.82,1,II,matched
TCGA-49-4506,TCGA-49-4506-01Z-00-DX2.81e180ae-bd9f-49cc-9a0f-297800cc7280,7,TCGA-49-4506-01,5.181275608688591,1.812253326562785,152414.86937934675,152.41486937934675,0.3497697214801272,84.10240839144979,,0.08996311892691297,0.6541345698271127,2.0628385761585353,118,0.14118170233224178,22.774314456872993,3044.625,99.69367143906378,7.836729679328631,0.9243365308173542,1000.0,True,,8,TCGA-49-4506-01,TCGA-49-4506,Female,Stage IIB,68,1:DECEASED,32.82,1,II,matched
TCGA-49-4506,TCGA-49-4506-01Z-00-DX2.81e180ae-bd9f-49cc-9a0f-297800cc7280,8,TCGA-49-4506-01,0.20180077298432308,0.0289344485940737,3077.248210058847,3.0772482100588467,0.1433812574955869,106.35240550909005,1.3029937015465605,0.18089939973486877,0.7969400900569579,1.5887167005103373,3,0.7816824341600613,14.866147218539423,3162.375,120.91009056319493,20.0,0.29185432097667674,1000.0,True,,9,TCGA-49-4506-01,TCGA-49-4506,Female,Stage IIB,68,1:DECEASED,32.82,1,II,matched
TCGA-49-4506,TCGA-49-4506-01Z-00-DX2.81e180ae-bd9f-49cc-9a0f-297800cc7280,9,TCGA-49-4506-01,17.183913895210726,6.937258052168723,505565.5723582696,505.5655723582696,0.4037065184609767,72.87685834322106,1.7120840877078523,0.0874293671595937,0.6517361880361593,1.7843751340088139,401,0.21219087281690416,23.33577800990736,3101.59375,101.70301817669916,8.25,0.9378544611009296,1000.0,True,,10,TCGA-49-4506-01,TCGA-49-4506,Female,Stage IIB,68,1:DECEASED,32.82,1,II,matched
TCGA-49-4506,TCGA-49-4506-01Z-00-DX2.81e180ae-bd9f-49cc-9a0f-297800cc7280,10,TCGA-49-4506-01,0.9866604869418614,0.18467940254654316,16677.077685181688,16.67707768518169,0.18717624247724166,90.30285703344047,1.4965407926159187,0.1851575069670623,0.7317390494929067,1.5833188635698756,25,0.43560677518531676,25.337996535654433,2745.625,87.28867337747779,13.67707936658993,0.8295306475394308,1000.0,True,,11,TCGA-49-4506-01,TCGA-49-4506,Female,Stage IIB,68,1:DECEASED,32.82,1,II,matched
TCGA-49-4506,TCGA-49-4506-01Z-00-DX2.81e180ae-bd9f-49cc-9a0f-297800cc7280,11,TCGA-49-4506-01,0.33800508217805175,0.05123553125,7468.727541350671,7.468727541350671,0.151582132788792,145.77242314337613,1.5920649349400025,0.07440883494567929,0.5661450945064468,1.654604097953315,5,0.5115487310948713,14.792676985152957,6217.375,128.83408965118664,6.96419413859206,0.40752402681311584,1000.0,True,,12,TCGA-49-4506-01,TCGA-49-4506,Female,Stage IIB,68,1:DECEASED,32.82,1,II,matched
TCGA-49-4506,TCGA-49-4506-01Z-00-DX2.81e180ae-bd9f-49cc-9a0f-297800cc7280,12,TCGA-49-4506-01,0.45512470056551024,0.0935136350083461,8504.901409806676,8.504901409806676,0.20546816046712418,90.94824951513876,1.4083805193147603,0.17715756555659518,0.6686213034720179,2.0740746110173607,9,0.3952382958587522,19.774800156566208,6275.84375,99.67950594906658,11.600107758120181,0.6075346420323327,1000.0,True,,13,TCGA-49-4506-01,TCGA-49-4506,Female,Stage IIB,68,1:DECEASED,32.82,1,II,matched
TCGA-49-4506,TCGA-49-4506-01Z-00-DX2.81e180ae-bd9f-49cc-9a0f-297800cc7280,13,TCGA-49-4506-01,13.010352653430447,5.452460524528567,375596.8094151765,375.5968094151765,0.4190862976408955,68.88574575194224,1.714601174706742,0.11006302458679236,0.6559448537125846,1.6995526342912775,372,0.26435718495948063,28.59261465921253,3514.59375,94.13058167381098,8.648871765255743,0.9331971302945863,1000.0,True,,14,TCGA-49-4506-01,TCGA-49-4506,Female,Stage IIB,68,1:DECEASED,32.82,1,II,matched
TCGA-49-4506,TCGA-49-4506-01Z-00-DX2.81e180ae-bd9f-49cc-9a0f-297800cc7280,14,TCGA-49-4506-01,0.8624362750226922,0.2646231228008345,13913.967839594545,13.913967839594545,0.3068320877317826,52.580317594040075,1.4204602556002925,0.14226953292012554,0.7350732018563911,1.8594801785390018,9,0.44197958191588677,10.435553629470414,2042.5,192.51594901462062,12.45491870708115,0.6740004595588236,1000.0,True,,15,TCGA-49-4506-01,TCGA-49-4506,Female,Stage IIB,68,1:DECEASED,32.82,1,II,matched
TCGA-49-4506,TCGA-49-4506-01Z-00-DX2.81e180ae-bd9f-49cc-9a0f-297800cc7280,15,TCGA-49-4506-01,25.116590291207746,15.040291939897818,492588.1108481186,492.5881108481186,0.5988190182471858,32.75123334151619,1.6920296053406092,0.0319543195779694,0.6140614499996202,2.1349119446558937,248,0.37239211526938915,9.87395172372638,2926.703125,107.11311398037654,8.758922385742427,0.9549041473316795,1000.0,True,,16,TCGA-49-4506-01,TCGA-49-4506,Female,Stage IIB,68,1:DECEASED,32.82,1,II,matched
TCGA-49-4506,TCGA-49-4506-01Z-00-DX2.81e180ae-bd9f-49cc-9a0f-297800cc7280,16,TCGA-49-4506-01,0.1682144908049716,0.017764095140327722,3484.250543193383,3.4842505431933826,0.10560383386306159,196.1400519232472,1.2854252708922789,0.17102443753229915,0.647683275329042,2.6821636921026655,3,0.6807346869874581,17.83437316038491,2722.1294899077875,117.26464978497926,16.928710152858613,0.3333960400047099,1000.0,True,,17,TCGA-49-4506-01,TCGA-49-4506,Female,Stage IIB,68,1:DECEASED,32.82,1,II,matched
TCGA-49-4506,TCGA-49-4506-01Z-00-DX3.a05a3969-bbef-48d8-86de-f51c8870afd6,1,TCGA-49-4506-01,0.23515847718262137,0.031180963541030594,4207.068643951856,4.207068643951856,0.13259553265781618,134.924266801949,1.438853576189934,0.2504363212080388,0.7253498155796105,1.7654350111854065,8,0.40207479753234393,34.0196113525063,2336.6956751736725,69.52877102322462,14.730072188935669,0.4994565677342439,1000.0,True,,2,TCGA-49-4506-01,TCGA-49-4506,Female,Stage IIB,68,1:DECEASED,32.82,1,II,matched
TCGA-49-4506,TCGA-49-4506-01Z-00-DX3.a05a3969-bbef-48d8-86de-f51c8870afd6,2,TCGA-49-4506-01,0.13741419500327026,0.020719988227202096,5193.076287794104,5.193076287794105,0.1507849187393558,250.63123737572445,,0.11864882525371298,0.6008336902402323,1.4445064916410342,3,0.6419355754565176,21.831805658277183,3550.4542050871505,109.78053390742824,26.721947908039937,0.2721235159802589,1000.0,True,,3,TCGA-49-4506-01,TCGA-49-4506,Female,Stage IIB,68,1:DECEASED,32.82,1,II,matched
TCGA-49-4506,TCGA-49-4506-01Z-00-DX3.a05a3969-bbef-48d8-86de-f51c8870afd6,3,TCGA-49-4506-01,0.5665935823815351,0.07508748975913823,12406.091861393039,12.406091861393039,0.13252442684494706,165.2218219198519,1.3472168734196082,0.13387272299939038,0.5763913412022997,1.9591583413855447,14,0.22397212213843934,24.70906913762504,1785.515625,104.8624928673086,36.22539231199415,0.7628926671767011,1000.0,True,,4,TCGA-49-4506-01,TCGA-49-4506,Female,Stage IIB,68,1:DECEASED,32.82,1,II,matched
TCGA-49-4506,TCGA-49-4506-01Z-00-DX3.a05a3969-bbef-48d8-86de-f51c8870afd6,4,TCGA-49-4506-01,251.96464135334784,117.55367979217978,7352990.139406368,7352.990139406368,0.4665483186878033,62.550063531873576,,0.06477323380843847,0.6005617133654431,1.9960532721355302,5596,0.08062138335240106,22.20946546286363,2874.609375,97.49103521886167,8.223442101699263,0.9797119085651318,1000.0,True,,5,TCGA-49-4506-01,TCGA-49-4506,Female,Stage IIB,68,1:DECEASED,32.82,1,II,matched
TCGA-49-4506,TCGA-49-4506-01Z-00-DX3.a05a3969-bbef-48d8-86de-f51c8870afd6,5,TCGA-49-4506-01,0.20046454141234038,0.03332657010619535,4084.191062875016,4.084191062875016,0.16624670812802309,122.55059701195509,1.3807318369045998,0.19561987397830807,0.7170177351522484,1.3713288065896405,5,0.5547303299720926,24.942066885112506,3677.875,103.37176914540062,7.00446286306095,0.5620791175288127,1000.0,True,,6,TCGA-49-4506-01,TCGA-49-4506,Female,Stage IIB,68,1:DECEASED,32.82,1,II,matched
TCGA-49-4506,TCGA-49-4506-01Z-00-DX3.a05a3969-bbef-48d8-86de-f51c8870afd6,6,TCGA-49-4506-01,0.17211132801901327,0.025479226488688587,2504.416867574754,2.5044168675747542,0.14803921846372525,98.29249991896658,1.2148931993871812,0.20546262028652007,0.6735214540575812,2.2656199483662287,4,0.7147947701211017,23.24077122662209,2963.390625,134.7672049374305,45.03041028705765,0.4439302754189395,1000.0,True,,7,TCGA-49-4506-01,TCGA-49-4506,Female,Stage IIB,68,1:DECEASED,32.82,1,II,matched
TCGA-49-4506,TCGA-49-4506-01Z-00-DX3.a05a3969-bbef-48d8-86de-f51c8870afd6,7,TCGA-49-4506-01,0.51977080201057,0.09872913655443467,11625.702025764876,11.625702025764877,0.18994744639855113,117.7535065279843,1.4840497405402018,0.174736603422101,0.6855636133259324,2.1598264761246977,17,0.2775897493112711,32.70672368328664,2604.4375,94.37179216402536,5.8576872569299905,0.7277612134076534,1000.0,True,,8,TCGA-49-4506-01,TCGA-49-4506,Female,Stage IIB,68,1:DECEASED,32.82,1,II,matched
TCGA-49-4506,TCGA-49-4506-01Z-00-DX3.a05a3969-bbef-48d8-86de-f51c8870afd6,8,TCGA-49-4506-01,0.314030309942841,0.03777160524571408,6614.010201939254,6.614010201939254,0.12028012599353602,175.10535120001927,1.3279891877169163,0.23764592997669595,0.7663853878476913,2.1052149657685164,12,0.1702577523998281,38.21287187910049,2364.890625,112.49914007585708,30.56936351848168,0.7884484499028799,1000.0,True,,9,TCGA-49-4506-01,TCGA-49-4506,Female,Stage IIB,68,1:DECEASED,32.82,1,II,matched
TCGA-49-4506,TCGA-49-4506-01Z-00-DX3.a05a3969-bbef-48d8-86de-f51c8870afd6,9,TCGA-49-4506-01,1.0378850759464044,0.11772155835626888,16113.005896120445,16.113005896120445,0.11342446392624296,136.87387527912722,1.3562799111734851,0.24033604048004045,0.7601386196340334,1.622729802716598,23,0.14793273798605544,22.16044968083509,2685.78125,78.65798195351823,17.553489681541958,0.837961295995814,1000.0,True,,10,TCGA-49-4506-01,TCGA-49-4506,Female,Stage IIB,68,1:DECEASED,32.82,1,II,matched
TCGA-49-4506,TCGA-49-4506-01Z-00-DX3.a05a3969-bbef-48d8-86de-f51c8870afd6,10,TCGA-49-4506-01,0.41587100520293396,0.07591215625,3629.7004499473887,3.629700449947389,0.18253774680193655,47.81448228125372,,0.07385973822357353,0.5420542037464688,3.2965135821997893,1,1.0,2.40459177843386,75896.71875,,,0.0,1000.0,True,,11,TCGA-49-4506-01,TCGA-49-4506,Female,Stage IIB,68,1:DECEASED,32.82,1,II,matched
TCGA-49-4506,TCGA-49-4506-01Z-00-DX3.a05a3969-bbef-48d8-86de-f51c8870afd6,11,TCGA-49-4506-01,0.984881286754266,0.16919832785551406,12393.87471006663,12.39387471006663,0.17179565713256373,73.25057444214406,1.2801279062199888,0.16171070213241315,0.6766783688451717,1.5181971976900444,9,0.3520688337347591,9.138157177968147,11119.125,192.40716105436408,40.75,0.7299743527288552,1000.0,True,,12,TCGA-49-4506-01,TCGA-49-4506,Female,Stage IIB,68,1:DECEASED,32.82,1,II,matched
TCGA-49-4506,TCGA-49-4506-01Z-00-DX3.a05a3969-bbef-48d8-86de-f51c8870afd6,12,TCGA-49-4506-01,0.2224453225857569,0.046560143499824215,2359.9989439840633,2.3599989439840634,0.20931050812216742,50.68710632287835,1.1764995866965462,0.13042081772038477,0.8263012326568707,7.221953406638928,1,1.0,4.495486748724424,45373.75,,,0.0,1000.0,True,,13,TCGA-49-4506-01,TCGA-49-4506,Female,Stage IIB,68,1:DECEASED,32.82,1,II,matched
TCGA-49-4506,TCGA-49-4506-01Z-00-DX4.9460a2c1-efe2-4095-9b0e-dfe0eda684ba,1,TCGA-49-4506-01,96.15978066256635,49.055206792047464,2582473.220505982,2582.473220505982,0.510142665197904,52.6442224869927,,0.04993902804560095,0.6950751765682319,1.7778808867731337,1587,0.18149430662572882,16.503781404919497,3033.375,102.763077026722,6.864765108872991,0.9623004768945127,1000.0,True,,2,TCGA-49-4506-01,TCGA-49-4506,Female,Stage IIB,68,1:DECEASED,32.82,1,II,matched
TCGA-49-4506,TCGA-49-4506-01Z-00-DX4.9460a2c1-efe2-4095-9b0e-dfe0eda684ba,2,TCGA-49-4506-01,27.289170800384866,16.008656752175956,502638.4561541154,502.6384561541154,0.586630384238358,31.397915761158092,1.567188629259962,0.037036883891532514,0.7282823719562556,1.7851473691758053,297,0.43149402307843,10.883438055795061,2616.40625,104.63186954747583,9.650129532809391,0.9424988155908061,1000.0,True,,3,TCGA-49-4506-01,TCGA-49-4506,Female,Stage IIB,68,1:DECEASED,32.82,1,II,matched
TCGA-49-4506,TCGA-49-4506-01Z-00-DX4.9460a2c1-efe2-4095-9b0e-dfe0eda684ba,3,TCGA-49-4506-01,0.42215406855570187,0.06398158502570304,7446.506858963661,7.446506858963661,0.15155979721953308,116.38515763515719,1.3212255918874256,0.2630308202182006,0.7612604230248879,1.3718043132587932,11,0.26068605963822095,26.05683758451942,3094.90625,106.05555737442522,25.986775482925925,0.572724538274855,1000.0,True,,4,TCGA-49-4506-01,TCGA-49-4506,Female,Stage IIB,68,1:DECEASED,32.82,1,II,matched
TCGA-49-4506,TCGA-49-4506-01Z-00-DX4.9460a2c1-efe2-4095-9b0e-dfe0eda684ba,4,TCGA-49-4506-01,0.47952563847549895,0.08349198727022016,10301.902645809161,10.301902645809161,0.17411370857178082,123.38791999844558,1.492005583782504,0.09159762568458345,0.5898390625814947,3.050944839783576,5,0.607825600205064,10.42697115402615,2982.25,141.3031011911982,39.50711961153331,0.46859264837675285,1000.0,True,,5,TCGA-49-4506-01,TCGA-49-4506,Female,Stage IIB,68,1:DECEASED,32.82,1,II,matched
TCGA-49-4507,TCGA-49-4507-01Z-00-DX2.a7bfbeee-00ea-4301-ace4-ce591807e2d3,1,TCGA-49-4507-01,32.15552481332626,22.86943406838095,435570.2641177026,435.5702641177026,0.7112132114510891,19.045957272721395,1.5869642779452955,0.010070190686155073,0.6857546302447051,1.2597561331098766,109,0.8975478745220263,3.3897751827339784,2660.34375,141.5207581946903,4.808846015417836,0.9276270492282526,1000.0,True,,2,TCGA-49-4507-01,TCGA-49-4507,Female,Stage IIIA,73,1:DECEASED,8.8,1,III,matched
TCGA-49-4507,TCGA-49-4507-01Z-00-DX2.a7bfbeee-00ea-4301-ace4-ce591807e2d3,2,TCGA-49-4507-01,114.11489850854869,96.38606140570045,689719.9716746318,689.7199716746318,0.8446404690837093,7.155806157194431,1.4989267224116956,0.008049110331519357,0.6777187075406402,2.3432859646726913,184,0.939849123751943,1.6124099692926248,2437.90625,166.67290643061614,7.40546876500726,0.9515122586484417,1000.0,True,,3,TCGA-49-4507-01,TCGA-49-4507,Female,Stage IIIA,73,1:DECEASED,8.8,1,III,matched
TCGA-49-4507,TCGA-49-4507-01Z-00-DX2.a7bfbeee-00ea-4301-ace4-ce591807e2d3,3,TCGA-49-4507-01,0.2440399275811878,0.01255321875,2607.1800679430307,2.607180067943031,0.051439200439132096,207.69016455982901,1.2079793378141515,0.1911257720136912,0.5917385549216221,2.2458081871480506,4,0.44447785710590304,16.39076047778809,1858.265625,111.47548624339301,30.898118335551743,0.3933116194515982,1000.0,True,,4,TCGA-49-4507-01,TCGA-49-4507,Female,Stage IIIA,73,1:DECEASED,8.8,1,III,matched
TCGA-49-4507,TCGA-49-4507-01Z-00-DX2.a7bfbeee-00ea-4301-ace4-ce591807e2d3,4,TCGA-49-4507-01,0.21967908217805168,0.010743613220736473,2619.022755268411,2.619022755268411,0.04890594550112281,243.77485501929465,1.1876220444255492,0.1681509837579236,0.5748961447147548,1.5569790353901136,3,0.6199490705138536,13.65628429550919,1397.84375,101.77372266454637,27.05203319530715,0.35096153846153844,1000.0,True,,5,TCGA-49-4507-01,TCGA-49-4507,Female,Stage IIIA,73,1:DECEASED,8.8,1,III,matched
TCGA-49-6743,TCGA-49-6743-01Z-00-DX4.5ea81023-1372-48ed-88a8-374e2394d7f7,1,TCGA-49-6743-01,1.2219476971584426,0.1381564713826868,33501.43217744948,33.50143217744948,0.11306250807948688,242.48905492564384,1.5597229897678406,0.1285763722266486,0.5062805153123533,2.280444265912696,34,0.11248844587972867,27.824431503136115,1633.6875,91.69521669001797,11.502717070327341,0.8449615676881543,1000.0,True,,2,TCGA-49-6743-01,TCGA-49-6743,Female,Stage IIIA,81,0:LIVING,53.25,0,III,matched
TCGA-49-6743,TCGA-49-6743-01Z-00-DX4.5ea81023-1372-48ed-88a8-374e2394d7f7,2,TCGA-49-6743-01,0.22067663177948593,0.02980772866218743,3993.4082940692892,3.9934082940692894,0.13507424153533937,133.97224388771104,1.3139402112958878,0.1419182057745332,0.5796045941824908,2.0216810434777486,5,0.5289685684915442,22.65758707517485,3447.59375,105.17314593088865,13.932874793092774,0.6196060037523452,1000.0,True,,3,TCGA-49-6743-01,TCGA-49-6743,Female,Stage IIIA,81,0:LIVING,53.25,0,III,matched
TCGA-49-6743,TCGA-49-6743-01Z-00-DX4.5ea81023-1372-48ed-88a8-374e2394d7f7,3,TCGA-49-6743-01,18.679280893346014,3.723034251902924,379822.2639763922,379.8222639763922,0.19931357492617147,102.01954596100123,1.5682711694150444,0.11757350316295292,0.5984145502679209,1.9854127257553842,332,0.18240334812168768,17.773703489745472,2960.828305650144,108.23967890563492,13.059957886608977,0.9561954508086133,1000.0,True,,4,TCGA-49-6743-01,TCGA-49-6743,Female,Stage IIIA,81,0:LIVING,53.25,0,III,matched
TCGA-49-6743,TCGA-49-6743-01Z-00-DX4.5ea81023-1372-48ed-88a8-374e2394d7f7,4,TCGA-49-6743-01,0.24071578637635058,0.026293568680230996,4906.45709848146,4.90645709848146,0.1092307616215994,186.60293542315594,1.2736715970825756,0.187967273897309,0.6232928984456942,2.323074067805498,8,0.3538030196935312,33.234214176100124,2065.625,76.91719828162442,14.191684832742933,0.6182108917063848,1000.0,True,,5,TCGA-49-6743-01,TCGA-49-6743,Female,Stage IIIA,81,0:LIVING,53.25,0,III,matched
TCGA-49-6743,TCGA-49-6743-01Z-00-DX4.5ea81023-1372-48ed-88a8-374e2394d7f7,5,TCGA-49-6743-01,0.25636092758118717,0.04014776543762692,6483.716568577574,6.483716568577575,0.15660641352966118,161.49632483657396,1.3703511792039158,0.18546141034277866,0.6533514637983853,1.6464540970597066,7,0.41195086071719617,27.30525305102574,2042.1875,110.29937953134642,8.131727983645296,0.6534730940648441,1000.0,True,,6,TCGA-49-6743-01,TCGA-49-6743,Female,Stage IIIA,81,0:LIVING,53.25,0,III,matched
TCGA-49-6743,TCGA-49-6743-01Z-00-DX4.5ea81023-1372-48ed-88a8-374e2394d7f7,6,TCGA-49-6743-01,0.804918344222778,0.039638003181692055,10109.031246559083,10.109031246559082,0.04924475068333317,255.0338169211366,1.3234847636794547,0.29308209482105396,0.6862179850292499,1.7200723378447889,12,0.14535595294757597,14.90834453721774,1698.59375,109.04703433696588,12.466921600186868,0.6853073761923125,1000.0,True,,7,TCGA-49-6743-01,TCGA-49-6743,Female,Stage IIIA,81,0:LIVING,53.25,0,III,matched
TCGA-49-6743,TCGA-49-6743-01Z-00-DX4.5ea81023-1372-48ed-88a8-374e2394d7f7,7,TCGA-49-6743-01,1.6745311919337218,0.1514665059489789,33829.93994188022,33.82993994188022,0.0904530812436332,223.34931231117028,1.5142194360009034,0.16712875121247234,0.5847445001723474,1.7788502055266444,36,0.073400341002712,21.49855444521626,2580.28125,122.71073468614755,27.262163813714455,0.8503399957370574,1000.0,True,,8,TCGA-49-6743-01,TCGA-49-6743,Female,Stage IIIA,81,0:LIVING,53.25,0,III,matched
TCGA-49-6743,TCGA-49-6743-01Z-00-DX4.5ea81023-1372-48ed-88a8-374e2394d7f7,8,TCGA-49-6743-01,0.2665210821780525,0.03473340393220512,6260.500640884059,6.260500640884059,0.1303214126565833,180.24437377642872,1.3915632917274683,0.09266993920587555,0.45427207988732426,1.9733401074938755,6,0.6978096472096922,22.512290401070903,1938.046875,101.4696997309198,14.199471821162927,0.39829948186754915,1000.0,True,,9,TCGA-49-6743-01,TCGA-49-6743,Female,Stage IIIA,81,0:LIVING,53.25,0,III,matched
TCGA-49-6761,TCGA-49-6761-01Z-00-DX1.10c577a2-f65c-4517-8a25-83d44e380f8f,1,TCGA-49-6761-01,1.4403536145243474,0.3633015625,20413.432534317617,20.413432534317618,0.25223081251472695,56.18867255578516,1.52066780489453,0.2851835819237067,0.7650630567279754,1.7040406734907516,29,0.33351065885163994,20.133944683838465,6099.96875,120.5749248392882,17.55704986607944,0.7365421210752221,1000.0,True,,2,TCGA-49-6761-01,TCGA-49-6761,Female,Stage IIIA,68,0:LIVING,11.63,0,III,matched
TCGA-49-6761,TCGA-49-6761-01Z-00-DX1.10c577a2-f65c-4517-8a25-83d44e380f8f,2,TCGA-49-6761-01,59.626408637684534,19.662533582680844,1289831.8855003766,1289.8318855003765,0.32976216465021024,65.59845810696982,1.7846384298117473,0.16390474129372362,0.6191199370322819,1.9158641202733415,1445,0.07389083566643323,24.234228306125825,4217.90625,112.90102136384772,15.463667094192115,0.9613859840957131,1000.0,True,,3,TCGA-49-6761-01,TCGA-49-6761,Female,Stage IIIA,68,0:LIVING,11.63,0,III,matched
TCGA-49-6761,TCGA-49-6761-01Z-00-DX1.10c577a2-f65c-4517-8a25-83d44e380f8f,3,TCGA-49-6761-01,43.93606356275982,14.171203371397553,1023860.7761064068,1023.8607761064068,0.3225414892063534,72.24938837395531,1.7801797693049162,0.16998636824056743,0.6265654883244679,1.9485851057319363,1117,0.02050520452026519,25.423306264213632,4318.09375,111.8467841513559,13.08147545195113,0.9570840364037393,1000.0,True,,4,TCGA-49-6761-01,TCGA-49-6761,Female,Stage IIIA,68,0:LIVING,11.63,0,III,matched
TCGA-49-6761,TCGA-49-6761-01Z-00-DX1.10c577a2-f65c-4517-8a25-83d44e380f8f,4,TCGA-49-6761-01,0.2861133359777843,0.044539624095707143,5297.436567787318,5.297436567787319,0.15567126203151008,118.93761286364114,1.343614633706057,0.2636932322260498,0.7616538557444394,2.9083259758734377,10,0.18120519102006302,34.951184522124,4625.140625,109.84150402757848,32.011923140113886,0.702255095878184,1000.0,True,,5,TCGA-49-6761-01,TCGA-49-6761,Female,Stage IIIA,68,0:LIVING,11.63,0,III,matched
TCGA-49-6761,TCGA-49-6761-01Z-00-DX1.10c577a2-f65c-4517-8a25-83d44e380f8f,5,TCGA-49-6761-01,26.810531695368276,8.849451354687163,530334.187903199,530.334187903199,0.3300736984718574,59.92848219028905,,0.14462986440129388,0.6167987744141014,1.599215651857656,550,0.10822128991511026,20.514326468766626,3917.65625,118.52557740842269,17.20818476798725,0.9742103275738736,1000.0,True,,6,TCGA-49-6761-01,TCGA-49-6761,Female,Stage IIIA,68,0:LIVING,11.63,0,III,matched
TCGA-49-6761,TCGA-49-6761-01Z-00-DX1.10c577a2-f65c-4517-8a25-83d44e380f8f,6,TCGA-49-6761-01,0.1893140267840555,0.05392989743724888,2312.047877447018,2.312047877447018,0.28487005613569777,42.8713568413002,1.2935501268271028,0.2383951996294989,0.7899787218822237,1.263771296784757,2,0.803417193206191,10.564457552220029,26954.6875,149.65398894199245,1.0606601717798212,0.19793871095382481,1000.0,True,,7,TCGA-49-6761-01,TCGA-49-6761,Female,Stage IIIA,68,0:LIVING,11.63,0,III,matched
TCGA-49-6767,TCGA-49-6767-01Z-00-DX1.53459c0e-b8ec-4893-9910-87b63c503134,1,TCGA-49-6767-01,0.3586057992749157,0.06392261948230621,7497.6436031721105,7.4976436031721105,0.17825316715891038,117.2924962070345,1.4817500009988283,0.09302573745244629,0.5140496823927089,1.627282618967959,7,0.6620752397132335,19.520041265795687,2880.90625,119.16468711933918,10.277402395547233,0.6270449131732664,1000.0,True,,2,TCGA-49-6767-01,TCGA-49-6767,Female,Stage IIB,46,0:LIVING,22.24,0,II,matched
TCGA-49-6767,TCGA-49-6767-01Z-00-DX1.53459c0e-b8ec-4893-9910-87b63c503134,2,TCGA-49-6767-01,0.32577055256704385,0.04086592673130003,5694.107036875488,5.694107036875488,0.12544389420492447,139.33630024629437,1.3680273161072387,0.1909800866117897,0.6660720210752767,1.3591257344431789,9,0.4138455023496569,27.62680644116166,3548.4375,79.66416324954402,4.5,0.5724497681607419,1000.0,True,,3,TCGA-49-6767-01,TCGA-49-6767,Female,Stage IIB,46,0:LIVING,22.24,0,II,matched
TCGA-49-6767,TCGA-49-6767-01Z-00-DX1.53459c0e-b8ec-4893-9910-87b63c503134,3,TCGA-49-6767-01,0.20675766308548899,0.0458274009628549,4634.332451726309,4.634332451726309,0.22164789579724764,101.12579710733841,1.3887355006681474,0.09004524671824779,0.5915955527842727,1.6833187948760118,3,0.6831093385636754,14.509740317385852,12277.65625,61.01335022968334,0.3535533905932738,0.325399879381543,1000.0,True,,4,TCGA-49-6767-01,TCGA-49-6767,Female,Stage IIB,46,0:LIVING,22.24,0,II,matched
TCGA-49-6767,TCGA-49-6767-01Z-00-DX1.53459c0e-b8ec-4893-9910-87b63c503134,4,TCGA-49-6767-01,0.48452769725923894,0.07336025393914403,10385.597269534215,10.385597269534216,0.15140569745364582,141.56981078813584,1.4398356826230456,0.13677260823221304,0.5595280618787839,2.149303539387657,9,0.3894389391204445,18.574789534032956,3779.0982278157826,108.5768916770507,15.461646096066227,0.8252406998856485,1000.0,True,,5,TCGA-49-6767-01,TCGA-49-6767,Female,Stage IIB,46,0:LIVING,22.24,0,II,matched
TCGA-49-6767,TCGA-49-6767-01Z-00-DX1.53459c0e-b8ec-4893-9910-87b63c503134,5,TCGA-49-6767-01,0.6492460422407598,0.16154363035646996,10384.505404989228,10.384505404989229,0.24881727395507902,64.2829765684619,1.3795196144298407,0.09003669952000184,0.6413906016517058,2.5173818550987193,4,0.7433539070411007,6.160992504774763,18371.9375,279.39775259915166,29.665954696628624,0.603661413044049,1000.0,True,,6,TCGA-49-6767-01,TCGA-49-6767,Female,Stage IIB,46,0:LIVING,22.24,0,II,matched
TCGA-49-6767,TCGA-49-6767-01Z-00-DX1.53459c0e-b8ec-4893-9910-87b63c503134,6,TCGA-49-6767-01,2.221907783973524,0.5104360417456738,31891.46922157423,31.89146922157423,0.22972872475960326,62.478874165128495,1.3373132789016808,0.09256790164858816,0.5656495921717184,2.356713406387598,21,0.4521985788813256,9.45133733788217,2577.3125,127.83144725086234,14.467636296230287,0.8913169555868916,1000.0,True,,7,TCGA-49-6767-01,TCGA-49-6767,Female,Stage IIB,46,0:LIVING,22.24,0,II,matched
TCGA-49-6767,TCGA-49-6767-01Z-00-DX1.53459c0e-b8ec-4893-9910-87b63c503134,7,TCGA-49-6767-01,193.48752705224294,141.4114697261812,1563012.7405768405,1563.0127405768405,0.7308557398017659,11.052941770588651,1.5852608235167243,0.014504211149687675,0.5795015279200576,1.496723121025204,856,0.8640002017179143,4.424057783160742,2800.984375,126.70470047377327,13.271196070350292,0.9855701170159599,1000.0,True,,8,TCGA-49-6767-01,TCGA-49-6767,Female,Stage IIB,46,0:LIVING,22.24,0,II,matched
TCGA-49-6767,TCGA-49-6767-01Z-00-DX1.53459c0e-b8ec-4893-9910-87b63c503134,8,TCGA-49-6767-01,0.2876083984399945,0.034067734375,5641.220092303396,5.641220092303396,0.11845180655288744,165.58835495803046,1.3639051780169091,0.14119833372953422,0.4664039556675082,2.1292724281406055,7,0.40138552517047366,24.33864948996075,2308.25,97.28542092729002,3.181980515339464,0.5299459041731067,1000.0,True,,9,TCGA-49-6767-01,TCGA-49-6767,Female,Stage IIB,46,0:LIVING,22.24,0,II,matched
TCGA-49-6767,TCGA-49-6767-01Z-00-DX1.53459c0e-b8ec-4893-9910-87b63c503134,9,TCGA-49-6767-01,0.3404194604701797,0.0523098083020564,5800.981424143192,5.800981424143192,0.15366280244321895,110.89662937868468,1.3146479363385435,0.15188300867143542,0.521417795776308,1.8143331234003892,6,0.583369544414737,17.625314345169738,4555.823893473993,171.10605167564717,11.27497228377968,0.6379920908574431,1000.0,True,,10,TCGA-49-6767-01,TCGA-49-6767,Female,Stage IIB,46,0:LIVING,22.24,0,II,matched
TCGA-49-6767,TCGA-49-6767-01Z-00-DX1.53459c0e-b8ec-4893-9910-87b63c503134,10,TCGA-49-6767-01,0.3237677367749163,0.03874339586222008,5939.544520862602,5.9395445208626025,0.11966416496018727,153.30469590184896,1.3571530143024164,0.07142724678103635,0.3517926316253983,2.192196325549478,5,0.6084262474532094,15.443169383724003,5453.125,102.36181615353452,12.96630247988994,0.7530720452271159,1000.0,True,,11,TCGA-49-6767-01,TCGA-49-6767,Female,Stage IIB,46,0:LIVING,22.24,0,II,matched
TCGA-49-6767,TCGA-49-6767-01Z-00-DX1.53459c0e-b8ec-4893-9910-87b63c503134,11,TCGA-49-6767-01,0.8629780154520661,0.1680653398854031,21966.085800039677,21.966085800039675,0.19475043034249606,130.69967796463837,1.5423277716944455,0.07364005991272103,0.4914110012583435,1.6338573187060923,16,0.411103450045417,18.5404491348699,2030.25,163.1071884019234,20.82541840271712,0.7644396751146881,1000.0,True,,12,TCGA-49-6767-01,TCGA-49-6767,Female,Stage IIB,46,0:LIVING,22.24,0,II,matched
TCGA-49-6767,TCGA-49-6767-01Z-00-DX1.53459c0e-b8ec-4893-9910-87b63c503134,12,TCGA-49-6767-01,0.278602457178052,0.031287,2336.6011178080325,2.3366011178080326,0.1122997992081771,74.68281132125267,1.2296344916754371,0.1332225862312698,0.6457114156034848,3.007058978836395,2,0.9204417443036859,7.1786875832247965,15243.546875,413.2810077976606,69.46221994724903,0.36111768641722214,1000.0,True,,13,TCGA-49-6767-01,TCGA-49-6767,Female,Stage IIB,46,0:LIVING,22.24,0,II,matched
TCGA-49-AAQV,TCGA-49-AAQV-01Z-00-DX1.4CC37621-C952-4684-96E3-9B97CDAD8056,1,TCGA-49-AAQV-01,0.29888123677491574,0.04035469879352802,2906.3030403488133,2.9063030403488135,0.13501917761374466,72.01895014056996,1.2011566001099445,0.2398086627990334,0.7226271950281391,1.9204773821941887,3,0.551707542384632,10.037431698194116,13232.25,247.9282881416675,46.38156961552724,0.4775361122670273,1000.0,True,,2,TCGA-49-AAQV-01,TCGA-49-AAQV,Female,Stage II,63,1:DECEASED,22.24,1,II,matched
TCGA-49-AAQV,TCGA-49-AAQV-01Z-00-DX1.4CC37621-C952-4684-96E3-9B97CDAD8056,2,TCGA-49-AAQV-01,1.6894124733195093,0.39402013763591826,43310.18012976204,43.31018012976204,0.23322909227828306,109.91869702299691,1.6743243726068273,0.12999057864296007,0.546032197849548,1.634347779418787,46,0.2557798371696999,27.22840083547807,3381.21875,79.91316696468954,9.0,0.8032535164421606,1000.0,True,,3,TCGA-49-AAQV-01,TCGA-49-AAQV,Female,Stage II,63,1:DECEASED,22.24,1,II,matched
TCGA-49-AAQV,TCGA-49-AAQV-01Z-00-DX1.4CC37621-C952-4684-96E3-9B97CDAD8056,3,TCGA-49-AAQV-01,9.257109451003954,2.781314610502327,284961.30941015,284.96130941014997,0.30045173660560826,102.45561876895464,,0.16876913489340817,0.6315783929216369,1.8214515603349044,344,0.07771931500480066,37.16062792826679,3642.09375,95.11381952199261,9.593260817668995,0.9485280381933519,1000.0,True,,4,TCGA-49-AAQV-01,TCGA-49-AAQV,Female,Stage II,63,1:DECEASED,22.24,1,II,matched
TCGA-49-AAQV,TCGA-49-AAQV-01Z-00-DX1.4CC37621-C952-4684-96E3-9B97CDAD8056,4,TCGA-49-AAQV-01,0.4757597593619718,0.06896334375,6931.1848647697725,6.931184864769772,0.14495413366293278,100.50534802802063,1.4044980130425524,0.14651819538724095,0.5797310466555786,2.695874075784209,8,0.34579955793643,16.815209446735423,5360.78125,151.6208966304389,20.793358541388326,0.5956125827814569,1000.0,True,,5,TCGA-49-AAQV-01,TCGA-49-AAQV,Female,Stage II,63,1:DECEASED,22.24,1,II,matched
TCGA-49-AAQV,TCGA-49-AAQV-01Z-00-DX1.4CC37621-C952-4684-96E3-9B97CDAD8056,5,TCGA-49-AAQV-01,1.3136271708217953,0.2164380211754499,27807.352649691886,27.807352649691886,0.16476366048370325,128.47720792619228,1.5396208184234133,0.1882845686818083,0.6547962537238261,1.7553358225623878,43,0.2515639971017997,32.733793084608266,2437.78125,83.00037650517014,16.263455967290593,0.7799483632941022,1000.0,True,,6,TCGA-49-AAQV-01,TCGA-49-AAQV,Female,Stage II,63,1:DECEASED,22.24,1,II,matched
TCGA-49-AAQV,TCGA-49-AAQV-01Z-00-DX1.4CC37621-C952-4684-96E3-9B97CDAD8056,6,TCGA-49-AAQV-01,31.113263638962408,8.952847010581772,978422.5646586951,978.4225646586951,0.28775017351025606,109.28619281690546,1.6892634194724439,0.15199735333577435,0.5799454388356701,1.8751582788065462,1140,0.09374489315877216,36.64032205777361,3001.859375,86.33944637302234,9.17196816392207,0.9648327570845294,1000.0,True,,7,TCGA-49-AAQV-01,TCGA-49-AAQV,Female,Stage II,63,1:DECEASED,22.24,1,II,matched
TCGA-49-AAQV,TCGA-49-AAQV-01Z-00-DX1.4CC37621-C952-4684-96E3-9B97CDAD8056,7,TCGA-49-AAQV-01,98.00767681194704,38.636860221899504,3039515.5400577253,3039.515540057725,0.39422279436369323,78.66880286340962,1.7437706359602803,0.12763982781016617,0.5948363129888419,1.7802986306879403,2796,0.052614435310963846,28.528377479703412,3965.984375,97.20845830313873,8.25,0.9803638079710187,1000.0,True,,8,TCGA-49-AAQV-01,TCGA-49-AAQV,Female,Stage II,63,1:DECEASED,22.24,1,II,matched
TCGA-49-AAQV,TCGA-49-AAQV-01Z-00-DX1.4CC37621-C952-4684-96E3-9B97CDAD8056,8,TCGA-49-AAQV-01,0.48231461815713567,0.06787894203376338,11576.575698017901,11.576575698017901,0.14073581740715302,170.54737966098006,,0.15319950880515223,0.6006880391863164,1.9649259869407096,15,0.22120560521839805,31.100031878181795,2913.5488238133835,94.97501727428113,12.211674741819813,0.6262341701971461,1000.0,True,,9,TCGA-49-AAQV-01,TCGA-49-AAQV,Female,Stage II,63,1:DECEASED,22.24,1,II,matched
TCGA-49-AAQV,TCGA-49-AAQV-01Z-00-DX1.4CC37621-C952-4684-96E3-9B97CDAD8056,9,TCGA-49-AAQV-01,0.4136554940795984,0.08299569790707541,16140.02168490312,16.14002168490312,0.20063966052655596,194.46817235001743,,0.2615954472384795,0.6852622180446035,2.0249533616865834,25,0.08954732821974902,60.43676527402614,2057.65625,83.39701733275596,11.667261889578034,0.8562235081591447,1000.0,True,,10,TCGA-49-AAQV-01,TCGA-49-AAQV,Female,Stage II,63,1:DECEASED,22.24,1,II,matched
TCGA-49-AARE,TCGA-49-AARE-01Z-00-DX1.3559B3A9-6699-472F-B731-1BD9F93EE82A,1,TCGA-49-AARE-01,0.4249223980677946,0.03533476631858505,8336.028498244781,8.336028498244781,0.08315581028267553,235.91576701216997,1.4653565780726148,0.2002759268368888,0.6326471636719487,2.2771948060615435,12,0.21152768236560054,28.240450620081106,1742.5,90.65740021248493,16.535414592663827,0.6599416629052048,1000.0,True,,2,TCGA-49-AARE-01,TCGA-49-AARE,Female,Stage IA,51,1:DECEASED,40.37,1,I,matched
TCGA-49-AARE,TCGA-49-AARE-01Z-00-DX1.3559B3A9-6699-472F-B731-1BD9F93EE82A,2,TCGA-49-AARE-01,0.22067663177948554,0.053044425416549724,4407.591172091792,4.407591172091792,0.24037173754561908,83.09244821637064,1.2210900136095868,0.09549257922706846,0.7718224918847986,2.322685867542141,2,0.9273339501460698,9.063034830069956,24686.56275669257,330.6477780433433,86.89253420173681,0.2971541903388184,1000.0,True,,3,TCGA-49-AARE-01,TCGA-49-AARE,Female,Stage IA,51,1:DECEASED,40.37,1,I,matched
TCGA-49-AARE,TCGA-49-AARE-01Z-00-DX1.3559B3A9-6699-472F-B731-1BD9F93EE82A,3,TCGA-49-AARE-01,18.69354977207479,8.332286572600658,336317.165696342,336.317165696342,0.44573056878944306,40.363129948298365,1.6925029533183504,0.03806939301076542,0.5739915540756341,1.9009487632976376,164,0.47482728041565053,8.773079591602773,2941.296875,153.34295712552304,10.470195795685962,0.939304407994322,1000.0,True,,4,TCGA-49-AARE-01,TCGA-49-AARE,Female,Stage IA,51,1:DECEASED,40.37,1,I,matched
TCGA-49-AARE,TCGA-49-AARE-01Z-00-DX1.3559B3A9-6699-472F-B731-1BD9F93EE82A,4,TCGA-49-AARE-01,1.4424317831598676,0.3648257118987016,31802.29022443644,31.80229022443644,0.2529240662594768,87.17118664395765,1.4946096231266193,0.10349845719442688,0.6500367081055602,1.8231270748097712,25,0.22642595070339636,17.33184216534225,2903.84375,141.99770299638652,8.945118683847673,0.7956944643007098,1000.0,True,,5,TCGA-49-AARE-01,TCGA-49-AARE,Female,Stage IA,51,1:DECEASED,40.37,1,I,matched
TCGA-49-AARE,TCGA-49-AARE-01Z-00-DX1.3559B3A9-6699-472F-B731-1BD9F93EE82A,5,TCGA-49-AARE-01,15.944923198354207,7.948614736166863,237323.68553268164,237.32368553268165,0.498504422836436,29.857238450976748,,0.0710856222703012,0.6965605622866013,2.432017078871183,147,0.46260473911940836,9.219235374879256,3229.4375,127.16489356835085,13.831576193623054,0.9183284445957942,1000.0,True,,6,TCGA-49-AARE-01,TCGA-49-AARE,Female,Stage IA,51,1:DECEASED,40.37,1,I,matched
TCGA-49-AARE,TCGA-49-AARE-01Z-00-DX1.3559B3A9-6699-472F-B731-1BD9F93EE82A,6,TCGA-49-AARE-01,26.821452902808765,7.078135309952922,533654.9643808906,533.6549643808906,0.2638982808128076,75.39485203546357,1.6189785364011153,0.08322990082574035,0.5489965912141688,1.7794748749555098,394,0.2281898963367495,14.689733678026816,3361.390625,134.55732281993932,15.761887796758899,0.9643471388463282,1000.0,True,,7,TCGA-49-AARE-01,TCGA-49-AARE,Female,Stage IA,51,1:DECEASED,40.37,1,I,matched
TCGA-49-AARE,TCGA-49-AARE-01Z-00-DX1.3559B3A9-6699-472F-B731-1BD9F93EE82A,7,TCGA-49-AARE-01,0.18831647718262126,0.040689,1610.1564209736084,1.6101564209736083,0.21606712598251054,39.572278035184155,1.1775945749213221,0.2027740145387768,0.8173995665588402,1.6002141908029004,1,1.0,5.310209785998932,40675.15625,,,0.0,1000.0,True,,8,TCGA-49-AARE-01,TCGA-49-AARE,Female,Stage IA,51,1:DECEASED,40.37,1,I,matched
TCGA-49-AARE,TCGA-49-AARE-01Z-00-DX1.3559B3A9-6699-472F-B731-1BD9F93EE82A,8,TCGA-49-AARE-01,0.36258596001936105,0.10742080049385898,5356.908252489233,5.356908252489233,0.2962629895766593,49.86844473194441,1.3374751477707578,0.23265816484789334,0.8095641245481583,1.5095868797961203,3,0.44086217457655713,8.273900070040794,45383.15522643065,211.34503224880874,24.9098374141623,0.30715400027530093,1000.0,True,,9,TCGA-49-AARE-01,TCGA-49-AARE,Female,Stage IA,51,1:DECEASED,40.37,1,I,matched
TCGA-49-AARE,TCGA-49-AARE-01Z-00-DX1.3559B3A9-6699-472F-B731-1BD9F93EE82A,9,TCGA-49-AARE-01,0.18499233597778458,0.02985221378825751,3339.9226745846536,3.3399226745846535,0.16137000287321315,111.88190927060913,1.3016834731957543,0.2911633628788566,0.8089926328935269,1.214233024057507,4,0.6497794523240725,21.622517380830054,3398.734375,106.6674500631091,15.627314021526574,0.36875662329634096,1000.0,True,,10,TCGA-49-AARE-01,TCGA-49-AARE,Female,Stage IA,51,1:DECEASED,40.37,1,I,matched
TCGA-49-AARE,TCGA-49-AARE-01Z-00-DX1.3559B3A9-6699-472F-B731-1BD9F93EE82A,10,TCGA-49-AARE-01,0.31680263177948625,0.09913722636172383,3736.058628048949,3.7360586280489487,0.312930564385997,37.6857288140897,1.184272255870916,0.11560264852560465,0.6965302673921451,2.0481523998861,2,0.9663194905808082,6.313078867956251,49568.36318086191,379.57116015972554,112.69677235839544,0.4013004658385093,1000.0,True,,11,TCGA-49-AARE-01,TCGA-49-AARE,Female,Stage IA,51,1:DECEASED,40.37,1,I,matched
TCGA-49-AARE,TCGA-49-AARE-01Z-00-DX1.3559B3A9-6699-472F-B731-1BD9F93EE82A,11,TCGA-49-AARE-01,0.150952735980383,0.03216005542931292,1389.9345686386825,1.3899345686386826,0.2130471847392833,43.21928398704809,1.120418590843038,0.20918856468961475,0.8188044750747804,2.581009712530602,1,1.0,6.624590097724062,32160.055429312917,,,0.0,1000.0,True,,12,TCGA-49-AARE-01,TCGA-49-AARE,Female,Stage IA,51,1:DECEASED,40.37,1,I,matched
TCGA-49-AARO,TCGA-49-AARO-01Z-00-DX1.FB8C82DC-F823-43CF-A8EA-1208C767AF54,1,TCGA-49-AARO-01,0.5763279409732147,0.09576440174301788,11390.734127267016,11.390734127267017,0.16616303832381538,118.94539014438638,1.4384901134652366,0.12411194390454283,0.6413347350165245,2.0012270275901347,10,0.44368608826986855,17.35123232636184,1973.296875,110.70345029063006,17.434298380473457,0.6577239122785545,1000.0,True,,2,TCGA-49-AARO-01,TCGA-49-AARO,Female,Stage IA,39,0:LIVING,123.49,0,I,matched
TCGA-49-AARO,TCGA-49-AARO-01Z-00-DX1.FB8C82DC-F823-43CF-A8EA-1208C767AF54,2,TCGA-49-AARO-01,2.4714228579858153,0.8681838298174641,51262.278279745675,51.26227827974567,0.3512890669486747,59.04541932153192,1.5910643365333692,0.09140261782582944,0.5610007504611005,1.7903496234186584,31,0.6050429502524834,12.543381598916135,2284.90625,111.69099742705318,8.223442101699263,0.8375722669317829,1000.0,True,,3,TCGA-49-AARO-01,TCGA-49-AARO,Female,Stage IA,39,0:LIVING,123.49,0,I,matched
TCGA-49-AARO,TCGA-49-AARO-01Z-00-DX1.FB8C82DC-F823-43CF-A8EA-1208C767AF54,3,TCGA-49-AARO-01,0.2474218181584349,0.0195744375,4194.48398154657,4.19448398154657,0.07911362726898095,214.283755614769,1.330828642355883,0.09394012244252455,0.4992427877051798,1.9627896484799758,5,0.5017156806300809,20.208403758468396,2168.1875,107.66847263707236,19.611858657455187,0.45555816135084426,1000.0,True,,4,TCGA-49-AARO-01,TCGA-49-AARO,Female,Stage IA,39,0:LIVING,123.49,0,I,matched
TCGA-49-AARO,TCGA-49-AARO-01Z-00-DX1.FB8C82DC-F823-43CF-A8EA-1208C767AF54,4,TCGA-49-AARO-01,2.1881728536406397,0.2410592699301019,33819.85042732445,33.81985042732445,0.11016463782969986,140.29682590978945,,0.12999662186719324,0.5365199947296543,1.9093637936575116,36,0.22381924449485083,16.45208235725249,2432.796875,116.15190753922211,12.064928512013655,0.8401057389636968,1000.0,True,,5,TCGA-49-AARO-01,TCGA-49-AARO,Female,Stage IA,39,0:LIVING,123.49,0,I,matched
TCGA-49-AARO,TCGA-49-AARO-01Z-00-DX1.FB8C82DC-F823-43CF-A8EA-1208C767AF54,5,TCGA-49-AARO-01,1.9021448549320545,0.6829318690675883,26970.22188122729,26.970221881227292,0.35903252441412137,39.4918191737778,1.4749132903596767,0.05602726913634408,0.49737782722866886,3.6097258583192193,12,0.8495067882852809,6.30866780144809,2070.140625,125.3797773171242,10.911478349832883,0.7281153992668195,1000.0,True,,6,TCGA-49-AARO-01,TCGA-49-AARO,Female,Stage IA,39,0:LIVING,123.49,0,I,matched
TCGA-49-AARO,TCGA-49-AARO-01Z-00-DX1.FB8C82DC-F823-43CF-A8EA-1208C767AF54,6,TCGA-49-AARO-01,16.100933937655014,7.042901201562802,302665.9974689315,302.6659974689315,0.43742190538970377,42.97461923813026,1.5388650536867572,0.061756912769691294,0.593717060844183,1.8884255708634472,209,0.6655556829515386,12.980613473061634,3240.15625,121.36109601103642,9.280355596635292,0.9507853545364648,1000.0,True,,7,TCGA-49-AARO-01,TCGA-49-AARO,Female,Stage IA,39,0:LIVING,123.49,0,I,matched
TCGA-49-AARO,TCGA-49-AARO-01Z-00-DX1.FB8C82DC-F823-43CF-A8EA-1208C767AF54,7,TCGA-49-AARO-01,0.22106669727196226,0.0219501875,3270.668181006531,3.2706681810065312,0.09929214925121119,149.00411128636287,1.3552591492597432,0.17438023519574933,0.5882123066631458,1.8800620405179627,4,0.5425945412693193,18.094086759160703,3442.859375,84.3347353823548,7.657624212959724,0.4053879522804338,1000.0,True,,8,TCGA-49-AARO-01,TCGA-49-AARO,Female,Stage IA,39,0:LIVING,123.49,0,I,matched
TCGA-49-AARO,TCGA-49-AARO-01Z-00-DX1.FB8C82DC-F823-43CF-A8EA-1208C767AF54,8,TCGA-49-AARO-01,0.24187908217805237,0.026837381421799335,5042.044616660111,5.042044616660111,0.11095370951525177,187.87394110531903,1.3456951357403393,0.0881601633204125,0.4751425157285588,2.9190610396244168,3,0.655635252574736,12.402891448842343,6432.28125,55.89782112256255,4.596194077712559,0.24281358885017423,1000.0,True,,9,TCGA-49-AARO-01,TCGA-49-AARO,Female,Stage IA,39,0:LIVING,123.49,0,I,matched
TCGA-49-AARO,TCGA-49-AARO-01Z-00-DX1.FB8C82DC-F823-43CF-A8EA-1208C767AF54,9,TCGA-49-AARO-01,1.1886497959542761,0.1215403638093663,20217.594321624325,20.217594321624325,0.102250775815589,166.3446914914228,1.3981217244644184,0.15030418301441587,0.5975087838756622,2.336188804438536,24,0.17765903978759634,20.190976418527235,3112.203125,97.14744001395238,12.75,0.8115087342050289,1000.0,True,,10,TCGA-49-AARO-01,TCGA-49-AARO,Female,Stage IA,39,0:LIVING,123.49,0,I,matched
TCGA-49-AARO,TCGA-49-AARO-01Z-00-DX1.FB8C82DC-F823-43CF-A8EA-1208C767AF54,10,TCGA-49-AARO-01,0.2788420821780523,0.025492375,4250.732718888089,4.250732718888089,0.09142226596816924,166.74526084321639,1.3849686160645056,0.1258208066781617,0.5339590043114186,2.8306696476656463,4,0.4856396904544267,14.345037050203324,4831.890625,130.59179040598326,34.41992708777652,0.3975049671961125,1000.0,True,,11,TCGA-49-AARO-01,TCGA-49-AARO,Female,Stage IA,39,0:LIVING,123.49,0,I,matched
TCGA-49-AARO,TCGA-49-AARO-01Z-00-DX1.FB8C82DC-F823-43CF-A8EA-1208C767AF54,11,TCGA-49-AARO-01,0.6607149961368897,0.06329828272521944,11220.71155528523,11.22071155528523,0.0958027032764745,177.26723494213613,1.395985388409676,0.14156976681731703,0.5409508526546419,2.2413331112018198,18,0.19325298152899073,27.243213950407576,2117.640625,110.32541007516575,9.72753822917186,0.7515175655285257,1000.0,True,,12,TCGA-49-AARO-01,TCGA-49-AARO,Female,Stage IA,39,0:LIVING,123.49,0,I,matched
TCGA-49-AARO,TCGA-49-AARO-01Z-00-DX1.FB8C82DC-F823-43CF-A8EA-1208C767AF54,12,TCGA-49-AARO-01,23.14329308056906,10.072362256248283,499426.5808697803,499.42658086978025,0.4352173314827424,49.58385810239959,1.7011928942813432,0.05430291239761412,0.5681509248458535,1.9021797109933867,235,0.1711752423774701,10.15412971619429,3287.96875,123.76630258778033,8.139410298049853,0.9617627386525971,1000.0,True,,13,TCGA-49-AARO-01,TCGA-49-AARO,Female,Stage IA,39,0:LIVING,123.49,0,I,matched
TCGA-49-AARO,TCGA-49-AARO-01Z-00-DX1.FB8C82DC-F823-43CF-A8EA-1208C767AF54,13,TCGA-49-AARO-01,1.2688716045347854,0.4053429375,23229.592093350173,23.229592093350174,0.3194515000976899,57.308491019040325,1.5251619011701847,0.04124986544104459,0.5883696393066439,1.413786268164183,14,0.8927787657810103,11.033425249620043,3191.109375,152.57717850391302,12.325064766404696,0.7182729007633588,1000.0,True,,14,TCGA-49-AARO-01,TCGA-49-AARO,Female,Stage IA,39,0:LIVING,123.49,0,I,matched
TCGA-50-5931,TCGA-50-5931-01Z-00-DX1.34261ED6-7815-487C-A50C-2DAD587187B9,1,TCGA-50-5931-01,0.21896684917501194,0.0433705,1730.190692221071,1.730190692221071,0.19806879517792025,39.89326136938866,,0.21474901320135367,0.7520554210076755,1.2207835589811824,1,1.0,4.566901354098299,43114.84375,,,0.0,1000.0,True,,2,TCGA-50-5931-01,TCGA-50-5931,Female,Stage IB,75,1:DECEASED,14.26,1,I,matched
TCGA-50-5931,TCGA-50-5931-01Z-00-DX1.34261ED6-7815-487C-A50C-2DAD587187B9,2,TCGA-50-5931-01,0.20710702298432263,0.02208034375,1851.433855918462,1.851433855918462,0.10661320621498874,83.84986560358519,1.3013259733554008,0.08156069507796558,0.7745653904086612,1.712570021054442,1,1.0,4.828421487549927,22079.90625,,,0.0,1000.0,True,,3,TCGA-50-5931-01,TCGA-50-5931,Female,Stage IB,75,1:DECEASED,14.26,1,I,matched
TCGA-50-5931,TCGA-50-5931-01Z-00-DX1.34261ED6-7815-487C-A50C-2DAD587187B9,3,TCGA-50-5931-01,0.19400133049238416,0.04728305899294937,3119.7607599690505,3.1197607599690507,0.24372543669129912,65.98051874000484,1.236731183449096,0.15765302267580117,0.5951311336545292,2.1392833044784574,4,0.8759613684430025,20.61841529564678,2180.667599310109,124.54233901690381,32.129652046500766,0.5386216466234968,1000.0,True,,4,TCGA-50-5931-01,TCGA-50-5931,Female,Stage IB,75,1:DECEASED,14.26,1,I,matched
TCGA-50-5931,TCGA-50-5931-01Z-00-DX1.34261ED6-7815-487C-A50C-2DAD587187B9,4,TCGA-50-5931-01,0.1748785952571629,0.034505942877309716,3230.6067276305566,3.2306067276305566,0.1973137011225871,93.6246471837443,1.3009192287434368,0.1936358923454599,0.5730212334155881,1.597039685252577,5,0.5421352705278449,28.591263514253345,5674.0,149.79236931916793,23.45341126574128,0.5360044531150141,1000.0,True,,5,TCGA-50-5931-01,TCGA-50-5931,Female,Stage IB,75,1:DECEASED,14.26,1,I,matched
TCGA-50-5931,TCGA-50-5931-01Z-00-DX1.34261ED6-7815-487C-A50C-2DAD587187B9,5,TCGA-50-5931-01,162.6490827328598,81.18962693700914,2607545.18734787,2607.54518734787,0.49917051835058707,32.11672827824336,,0.11795510590718547,0.6340349133268218,1.6531442339976548,1720,0.09624470271824728,10.574913618326299,7374.140625,141.00162066094134,12.5,0.965892931226366,1000.0,True,,6,TCGA-50-5931-01,TCGA-50-5931,Female,Stage IB,75,1:DECEASED,14.26,1,I,matched
TCGA-50-5931,TCGA-50-5931-01Z-00-DX1.34261ED6-7815-487C-A50C-2DAD587187B9,6,TCGA-50-5931-01,0.504293736774917,0.127417875,6103.371895919149,6.10337189591915,0.2526659875152699,47.90043701418776,1.3455701150641792,0.048071663085251126,0.7478092273704456,2.7819214520722775,1,1.0,1.9829712865268703,127063.0,,,0.0,1000.0,True,,7,TCGA-50-5931-01,TCGA-50-5931,Female,Stage IB,75,1:DECEASED,14.26,1,I,matched
TCGA-50-5931,TCGA-50-5931-01Z-00-DX1.34261ED6-7815-487C-A50C-2DAD587187B9,7,TCGA-50-5931-01,0.2739498321780524,0.04843846875,3129.7349378327526,3.129734937832753,0.1768151064918983,64.61259033570819,1.2182275690582438,0.12352110093024704,0.7541141095044753,2.209279685639685,2,0.9229784914079434,7.300606772046166,23615.5625,407.22399107401566,119.5198728245642,0.47719050665229557,1000.0,True,,8,TCGA-50-5931-01,TCGA-50-5931,Female,Stage IB,75,1:DECEASED,14.26,1,I,matched
TCGA-50-5931,TCGA-50-5931-01Z-00-DX1.34261ED6-7815-487C-A50C-2DAD587187B9,8,TCGA-50-5931-01,0.29346309089367256,0.0709360625,2605.3204178980413,2.6053204178980414,0.2417205594202016,36.727728126974085,1.1839713451754892,0.3324491912591113,0.904277358533124,2.349471241198626,2,0.808583208498075,6.815167092766154,34357.78125,306.4684998596919,78.80672560130893,0.2413524556935779,1000.0,True,,9,TCGA-50-5931-01,TCGA-50-5931,Female,Stage IB,75,1:DECEASED,14.26,1,I,matched
TCGA-50-6590,TCGA-50-6590-01Z-00-DX1.B08B2656-3DC7-4D35-A54D-9C57A7A773B3,1,TCGA-50-6590-01,0.30904139137178016,0.036916889081498476,6628.0434605691225,6.628043460569122,0.11945613148332956,179.53959896070654,1.4319598062378767,0.074021916589572,0.4403232147935875,1.926449130751136,4,0.4861583965630603,12.943250036005553,7687.078125,175.88019071546046,31.62597562929559,0.4574437111801242,1000.0,True,,2,TCGA-50-6590-01,TCGA-50-6590,Female,Stage IB,72,1:DECEASED,42.31,1,I,matched
TCGA-50-6590,TCGA-50-6590-01Z-00-DX1.B08B2656-3DC7-4D35-A54D-9C57A7A773B3,2,TCGA-50-6590-01,64.25143956631271,34.91468953713187,921460.1460241982,921.4601460241981,0.5434071169891387,26.391761125191238,1.6517627561056705,0.020917366060582705,0.5512705473052874,1.7413138050302355,396,0.6289234789132285,6.163286031767363,2466.640625,120.8642110962284,9.325637350727774,0.9587210975216733,1000.0,True,,3,TCGA-50-6590-01,TCGA-50-6590,Female,Stage IB,72,1:DECEASED,42.31,1,I,matched
TCGA-50-6590,TCGA-50-6590-01Z-00-DX1.B08B2656-3DC7-4D35-A54D-9C57A7A773B3,3,TCGA-50-6590-01,23.81730072897495,13.426167224720269,394304.61191717075,394.30461191717075,0.5637148968936962,29.36836740653556,1.6426277800688855,0.021494805766665,0.6204990485590317,1.433311660831919,142,0.4484552069998399,5.962052611077368,2446.21875,129.02947773738185,7.915114940841456,0.9406312472679863,1000.0,True,,4,TCGA-50-6590-01,TCGA-50-6590,Female,Stage IB,72,1:DECEASED,42.31,1,I,matched
TCGA-50-6590,TCGA-50-6590-01Z-00-DX1.B08B2656-3DC7-4D35-A54D-9C57A7A773B3,4,TCGA-50-6590-01,0.6472037647952297,0.24135740625,5282.86906422987,5.28286906422987,0.3729233656827748,21.88815809015544,1.2322148110449413,0.12013030307669902,0.7793655856204664,2.2575568981573704,1,1.0,1.5451084409504205,240924.1875,,,0.0,1000.0,True,,5,TCGA-50-6590-01,TCGA-50-6590,Female,Stage IB,72,1:DECEASED,42.31,1,I,matched
TCGA-50-6590,TCGA-50-6590-01Z-00-DX1.B08B2656-3DC7-4D35-A54D-9C57A7A773B3,5,TCGA-50-6590-01,0.6680891643561044,0.18240351719302517,15312.115018992643,15.312115018992642,0.2730227145186874,83.94638028163064,1.4337584734070379,0.0478859323363505,0.5609077914471682,2.1995311255883214,5,0.8930873320414735,7.4840309748459015,4693.78125,131.38897404272552,5.75,0.6568048344586852,1000.0,True,,6,TCGA-50-6590-01,TCGA-50-6590,Female,Stage IB,72,1:DECEASED,42.31,1,I,matched
TCGA-50-6594,TCGA-50-6594-01Z-00-DX1.43b2005a-4245-4025-ad85-4a957f308a5c,1,TCGA-50-6594-01,0.15070931781319147,0.021052246121978698,1662.0321755217583,1.6620321755217582,0.139687754064905,78.94797381200026,,0.2765185652322943,0.7955057382289675,2.5805567671514154,2,0.9170834999510644,13.27057960994195,9311.513685989348,163.43893402812563,86.7597256796032,0.23298806518602438,1000.0,True,,2,TCGA-50-6594-01,TCGA-50-6594,Female,Stage IIIA,79,1:DECEASED,12.16,1,III,matched
TCGA-50-6594,TCGA-50-6594-01Z-00-DX1.43b2005a-4245-4025-ad85-4a957f308a5c,2,TCGA-50-6594-01,101.47243350995073,60.40174561488633,1219037.1553557,1219.0371553557,0.5952527551136647,20.18215107768776,1.672310937221045,0.0362165155645249,0.618093871401512,1.4114678088986476,683,0.6610055283056839,6.730892089357675,4190.53125,148.0424875669144,14.199471821162927,0.9711926589280988,1000.0,True,,3,TCGA-50-6594-01,TCGA-50-6594,Female,Stage IIIA,79,1:DECEASED,12.16,1,III,matched
TCGA-50-6594,TCGA-50-6594-01Z-00-DX1.43b2005a-4245-4025-ad85-4a957f308a5c,3,TCGA-50-6594-01,0.3716981861486266,0.05556210739295198,4066.089762364172,4.0660897623641725,0.14948178243392077,73.18098526406781,1.2820022900890946,0.13703832660067145,0.7338839415808724,1.4137821590736783,3,0.6027609980272933,8.071064406002845,19884.28125,241.7764010920007,71.50174823037545,0.35345312586452327,1000.0,True,,4,TCGA-50-6594-01,TCGA-50-6594,Female,Stage IIIA,79,1:DECEASED,12.16,1,III,matched
TCGA-50-6594,TCGA-50-6594-01Z-00-DX1.43b2005a-4245-4025-ad85-4a957f308a5c,4,TCGA-50-6594-01,0.6612480685557017,0.1543905183478596,16941.679161861513,16.941679161861515,0.23348350746048974,109.73263995195587,1.4465231557690845,0.026029202240495014,0.5082504743917896,1.6487533696224712,3,0.9452987032535053,4.53687525553398,4598.65625,205.67488946453818,5.75,0.27761945661119364,1000.0,True,,5,TCGA-50-6594-01,TCGA-50-6594,Female,Stage IIIA,79,1:DECEASED,12.16,1,III,matched
TCGA-50-6594,TCGA-50-6594-01Z-00-DX1.43b2005a-4245-4025-ad85-4a957f308a5c,5,TCGA-50-6594-01,0.23416092758118717,0.02728436413691834,2300.575810222655,2.300575810222655,0.11651971325343521,84.31846894719298,1.0959618446702155,0.3340115331550261,0.8698233366394501,1.5972349752543957,3,0.7612945039222759,12.811701896593547,3482.03125,174.51365455172842,73.28454816671793,0.4252457518913191,1000.0,True,,6,TCGA-50-6594-01,TCGA-50-6594,Female,Stage IIIA,79,1:DECEASED,12.16,1,III,matched
TCGA-50-6594,TCGA-50-6594-01Z-00-DX1.43b2005a-4245-4025-ad85-4a957f308a5c,6,TCGA-50-6594-01,16.25867859676812,5.0356877901607575,218066.63439402913,218.06663439402914,0.30972306637279523,43.304240350267555,1.5869913505024895,0.1612305859821176,0.7348494623106024,1.7287427371141522,207,0.11723616106747874,12.731661971665224,3677.875,132.6824363141181,18.25171224844398,0.9494397314942249,1000.0,True,,7,TCGA-50-6594-01,TCGA-50-6594,Female,Stage IIIA,79,1:DECEASED,12.16,1,III,matched
TCGA-50-6594,TCGA-50-6594-01Z-00-DX1.43b2005a-4245-4025-ad85-4a957f308a5c,7,TCGA-50-6594-01,0.21751823677491616,0.02120165625,1179.2906742741766,1.1792906742741767,0.09747070666051363,55.622573084316315,1.1806711183944911,0.21942834314946716,0.8485432178291317,1.080907912085509,1,1.0,4.597315677189777,21076.59375,,,0.0,1000.0,True,,8,TCGA-50-6594-01,TCGA-50-6594,Female,Stage IIIA,79,1:DECEASED,12.16,1,III,matched
TCGA-50-6594,TCGA-50-6594-01Z-00-DX1.43b2005a-4245-4025-ad85-4a957f308a5c,8,TCGA-50-6594-01,0.2261616183874585,0.01707409375,1607.865313423509,1.607865313423509,0.07549509891085401,94.16987729867121,1.1884842336945847,0.21084634822382103,0.8298272312906713,2.0556257138313985,2,0.9116944265993951,8.843233499388981,7977.625,311.0522715316511,161.67405481399913,0.27900412044036543,1000.0,True,,9,TCGA-50-6594-01,TCGA-50-6594,Female,Stage IIIA,79,1:DECEASED,12.16,1,III,matched
TCGA-50-6594,TCGA-50-6594-01Z-00-DX1.43b2005a-4245-4025-ad85-4a957f308a5c,9,TCGA-50-6594-01,0.3648079275811873,0.0752685,2821.733152164037,2.821733152164037,0.2063236413173865,37.48889843910848,1.1803829830669066,0.12454908469428107,0.7814130024061217,1.7612771750701879,1,1.0,2.7411685009982465,75222.625,,,0.0,1000.0,True,,10,TCGA-50-6594-01,TCGA-50-6594,Female,Stage IIIA,79,1:DECEASED,12.16,1,III,matched
TCGA-50-6597,TCGA-50-6597-01Z-00-DX1.ec7fc0b2-78a1-4384-bddd-e89f02ee5eb6,1,TCGA-50-6597-01,99.55404666499227,62.157331997701476,1793830.458596225,1793.8304585962248,0.6243576638011121,28.859515055481452,1.6506696709450541,0.015642574141215632,0.5961989740427449,1.4962761957001607,834,0.6061894666097848,8.377359112347087,2939.015625,111.47624466674503,6.408002808988148,0.9676142238813803,1000.0,True,,2,TCGA-50-6597-01,TCGA-50-6597,Female,Stage IB,79,1:DECEASED,41.66,1,I,matched
TCGA-50-6597,TCGA-50-6597-01Z-00-DX1.ec7fc0b2-78a1-4384-bddd-e89f02ee5eb6,2,TCGA-50-6597-01,0.1337542334813687,0.015532416592927584,2673.241808640288,2.673241808640288,0.11612654185701848,172.1072695061181,,0.24916847993128258,0.664826482187751,1.787672221467734,3,0.5413007166338529,22.42919660870312,3180.5625,75.1340728714343,11.792476415070755,0.3210698732055448,1000.0,True,,3,TCGA-50-6597-01,TCGA-50-6597,Female,Stage IB,79,1:DECEASED,41.66,1,I,matched
TCGA-50-6597,TCGA-50-6597-01Z-00-DX1.ec7fc0b2-78a1-4384-bddd-e89f02ee5eb6,3,TCGA-50-6597-01,0.27668123677491635,0.06026429797907367,1866.6376767125164,1.8666376767125163,0.21781129317453293,30.974187691702515,1.1077014456399283,0.27262120956217684,0.8641312693389165,1.1615068422901889,2,0.9764015146366841,7.228534986010002,30132.055239536836,377.0684619535291,189.29160705113156,0.45824387039259784,1000.0,True,,4,TCGA-50-6597-01,TCGA-50-6597,Female,Stage IB,79,1:DECEASED,41.66,1,I,matched
TCGA-50-6673,TCGA-50-6673-01Z-00-DX1.e24fb432-3fff-4f00-a316-16d05275c1e7,1,TCGA-50-6673-01,76.25260929835731,39.92425034171197,1081320.7666515731,1081.3207666515732,0.5235788087657224,27.08430984668567,1.7691706257231232,0.20285161854670408,0.7050050283879248,1.7186018656849362,754,0.056342604788817065,9.888186213402708,12665.4375,169.35568386165846,12.390702897192412,0.9646945863004717,1000.0,True,,2,TCGA-50-6673-01,TCGA-50-6673,Female,Stage I,84,1:DECEASED,0.72,1,I,matched
TCGA-53-7624,TCGA-53-7624-01Z-00-DX1.51b4de19-3531-4bcb-b822-fa966480f2ad,1,TCGA-53-7624-01,5.592953487009457,2.1848473510492274,123229.74594687411,123.22974594687412,0.39064286090057615,56.4019934334065,,0.036993400249315495,0.5544286259568788,1.8718448553691667,54,0.3686563355250387,9.655006093904369,3860.3125,128.26728084587552,8.922398950190331,0.8660808923450769,1000.0,True,,2,TCGA-53-7624-01,TCGA-53-7624,Female,Stage IV,40,1:DECEASED,34.26,1,IV,matched
TCGA-53-7624,TCGA-53-7624-01Z-00-DX1.51b4de19-3531-4bcb-b822-fa966480f2ad,2,TCGA-53-7624-01,0.24726345560149998,0.0582626875,2327.128029742626,2.3271280297426262,0.23562999780241914,39.94199597714449,1.2010761098767644,0.164283851151535,0.7361099384193431,1.8708777451892096,1,1.0,4.044269289885042,57485.5625,,,0.0,1000.0,True,,3,TCGA-53-7624-01,TCGA-53-7624,Female,Stage IV,40,1:DECEASED,34.26,1,IV,matched
TCGA-53-7624,TCGA-53-7624-01Z-00-DX1.51b4de19-3531-4bcb-b822-fa966480f2ad,3,TCGA-53-7624-01,228.16056639048034,186.57760040471481,1513904.3112745364,1513.9043112745364,0.8177469198836084,8.114073222030141,1.5787027001868474,0.011049684951260377,0.766513612590237,1.2273599453487276,573,0.8985534458567652,2.5113892775816127,3127.96875,126.05975765485194,10.0,0.9833860480171506,1000.0,True,,4,TCGA-53-7624-01,TCGA-53-7624,Female,Stage IV,40,1:DECEASED,34.26,1,IV,matched
TCGA-53-7624,TCGA-53-7624-01Z-00-DX1.51b4de19-3531-4bcb-b822-fa966480f2ad,4,TCGA-53-7624-01,0.32306914640777074,0.05926925,2972.0544366138333,2.9720544366138335,0.18345685640061604,50.14496449025141,1.3030321284254691,0.10293828654366882,0.7872272709714369,4.803418803418803,1,1.0,3.0953126014015035,58591.0625,,,0.0,1000.0,True,,5,TCGA-53-7624-01,TCGA-53-7624,Female,Stage IV,40,1:DECEASED,34.26,1,IV,matched
TCGA-53-7626,TCGA-53-7626-01Z-00-DX1.FD4CAF75-07B5-4117-83DD-99233DAA3EBC,1,TCGA-53-7626-01,91.92857348808748,26.504844123159458,1707319.4765481239,1707.319476548124,0.28831997623235256,64.41537511463041,1.7464696631712608,0.14708628975170054,0.6548775530089747,1.9016329060965562,1524,0.12102239085960258,16.578088206682406,5236.875,133.21588740180354,21.76651045539598,0.9777089228555995,1000.0,True,,2,TCGA-53-7626-01,TCGA-53-7626,Female,Stage IIA,76,1:DECEASED,30.52,1,II,matched
TCGA-53-7626,TCGA-53-7626-01Z-00-DX1.FD4CAF75-07B5-4117-83DD-99233DAA3EBC,2,TCGA-53-7626-01,0.9125345110529776,0.245677,9209.170019240571,9.209170019240572,0.26922488631855934,37.48486842171051,1.168771642011754,0.12566026518203421,0.8819952378874752,1.2205475640678343,5,0.8304865844561757,5.479244827935854,4633.375,161.40786845751975,35.53255549492606,0.5857113946004024,1000.0,True,,3,TCGA-53-7626-01,TCGA-53-7626,Female,Stage IIA,76,1:DECEASED,30.52,1,II,matched
TCGA-53-7626,TCGA-53-7626-01Z-00-DX1.FD4CAF75-07B5-4117-83DD-99233DAA3EBC,3,TCGA-53-7626-01,1.649165698975686,0.525765517390092,19329.935365962196,19.329935365962196,0.31880696870948166,36.765315956657425,1.4180089639422944,0.2278725199773719,0.8156791997682973,1.5689615032945485,16,0.44621058247756606,9.701875323951842,7855.921875,211.99677016644256,32.94120405050599,0.7869437626527388,1000.0,True,,4,TCGA-53-7626-01,TCGA-53-7626,Female,Stage IIA,76,1:DECEASED,30.52,1,II,matched
TCGA-53-7626,TCGA-53-7626-01Z-00-DX1.FD4CAF75-07B5-4117-83DD-99233DAA3EBC,4,TCGA-53-7626-01,0.5678164716666058,0.11284157038005992,9501.025189755937,9.501025189755937,0.1987289485436326,84.19791711295477,1.3000751883558697,0.1690233860312591,0.772020763014364,1.6324628560347665,10,0.34839064866553904,17.61132425526309,5429.680207764055,213.92503920501255,36.65122781026578,0.7648397046820887,1000.0,True,,5,TCGA-53-7626-01,TCGA-53-7626,Female,Stage IIA,76,1:DECEASED,30.52,1,II,matched
TCGA-53-7626,TCGA-53-7626-01Z-00-DX1.FD4CAF75-07B5-4117-83DD-99233DAA3EBC,5,TCGA-53-7626-01,0.20429746155774717,0.03599072724858523,2330.613042523011,2.330613042523011,0.1761682547309185,64.75593078254971,1.1535344366427465,0.3358740176167294,0.8048808266447534,2.1701350703542923,3,0.6688738130698393,14.684470267644581,9071.90286700331,141.31771388965478,50.098028903341095,0.31471562609123416,1000.0,True,,6,TCGA-53-7626-01,TCGA-53-7626,Female,Stage IIA,76,1:DECEASED,30.52,1,II,matched
TCGA-53-7626,TCGA-53-7626-01Z-00-DX1.FD4CAF75-07B5-4117-83DD-99233DAA3EBC,6,TCGA-53-7626-01,0.19271731960646143,0.04190603863453215,2739.644309278709,2.739644309278709,0.21744822271348732,65.37588372815414,1.2026482981421283,0.33325064060866283,0.7390707786955271,1.190398403494248,5,0.5657227412291916,25.94473610472714,4449.213463459708,159.90094590089203,29.074258374032517,0.570819959590975,1000.0,True,,7,TCGA-53-7626-01,TCGA-53-7626,Female,Stage IIA,76,1:DECEASED,30.52,1,II,matched
TCGA-53-7626,TCGA-53-7626-01Z-00-DX1.FD4CAF75-07B5-4117-83DD-99233DAA3EBC,7,TCGA-53-7626-01,0.18430368659979937,0.023785572402785397,3521.4335419464246,3.5214335419464247,0.12905641141315774,148.04914013900498,1.3389989861695069,0.1184186398469388,0.6571816323311811,1.4283853363333778,3,0.7860419469990992,16.27748231924551,2525.90625,138.82330552270392,3.020761493398643,0.3973696571160169,1000.0,True,,8,TCGA-53-7626-01,TCGA-53-7626,Female,Stage IIA,76,1:DECEASED,30.52,1,II,matched
TCGA-53-7626,TCGA-53-7626-01Z-00-DX1.FD4CAF75-07B5-4117-83DD-99233DAA3EBC,8,TCGA-53-7626-01,5.442873355530326,1.3940934282696134,110879.63166427938,110.87963166427939,0.25613188792150027,79.5352947053959,1.6614417930415741,0.1769517151952575,0.6810918903016174,1.9150194663439188,103,0.12416888829627898,18.92382814590846,5778.28125,129.9087570422025,20.11373908551068,0.8700927332539313,1000.0,True,,9,TCGA-53-7626-01,TCGA-53-7626,Female,Stage IIA,76,1:DECEASED,30.52,1,II,matched
TCGA-53-7813,TCGA-53-7813-01Z-00-DX1.97c5eff3-ceeb-499b-b2e1-bcd3cd60c5e7,1,TCGA-53-7813-01,94.73954760311165,51.41021781725487,1241590.136591486,1241.590136591486,0.5426479133363135,24.150649215393322,1.8130190470833627,0.10151554659329896,0.6206092628500257,1.685178942773582,606,0.17929291256599006,6.396483995666625,10278.046875,171.95625352106273,14.70110190795777,0.9733030807575377,1000.0,True,,2,TCGA-53-7813-01,TCGA-53-7813,Female,Stage IIIB,51,0:LIVING,13.93,0,III,matched
TCGA-53-7813,TCGA-53-7813-01Z-00-DX1.97c5eff3-ceeb-499b-b2e1-bcd3cd60c5e7,2,TCGA-53-7813-01,0.6338828233708298,0.1271490890374575,17004.160333958956,17.004160333958957,0.2005876864769904,133.73403193592378,,0.12109222059995943,0.5407791589804641,1.8773752047286583,18,0.35197945725061075,28.396415451487574,2153.372779846709,125.76230059123442,27.04163456597992,0.8132270820243513,1000.0,True,,3,TCGA-53-7813-01,TCGA-53-7813,Female,Stage IIIB,51,0:LIVING,13.93,0,III,matched
TCGA-55-6970,TCGA-55-6970-01Z-00-DX1.be042a9b-3eab-4b6c-9cd7-7486ffab037f,1,TCGA-55-6970-01,2.1208805293507926,0.4011730745351467,35474.33730066001,35.47433730066001,0.1891540183349917,88.42651601622408,1.4459444606663043,0.14785900256773382,0.7269475892239454,1.6782896939870005,38,0.21960991558308365,17.91708654689376,3618.609375,121.86858957500083,16.40373649705284,0.843673878976312,1000.0,True,,2,TCGA-55-6970-01,TCGA-55-6970,Female,Stage IIIA,67,1:DECEASED,15.24,1,III,matched
TCGA-55-6970,TCGA-55-6970-01Z-00-DX1.be042a9b-3eab-4b6c-9cd7-7486ffab037f,2,TCGA-55-6970-01,0.24687199307366353,0.02808009375,2539.3404935299804,2.5393404935299806,0.11374353728987496,90.43205183494021,1.295028962245589,0.222504584261572,0.7712387738981508,1.7864376864763547,4,0.5018956277543248,16.20272899407609,6275.65625,103.79972522722052,11.503399341910235,0.29233909419760074,1000.0,True,,3,TCGA-55-6970-01,TCGA-55-6970,Female,Stage IIIA,67,1:DECEASED,15.24,1,III,matched
TCGA-55-6970,TCGA-55-6970-01Z-00-DX1.be042a9b-3eab-4b6c-9cd7-7486ffab037f,3,TCGA-55-6970-01,2.696652016900538,0.5080910891803647,37926.03529441301,37.92603529441301,0.18841551894573014,74.64416539088297,,0.206799347669244,0.625126717875681,2.0119620363341073,33,0.1475096578136348,12.237396517304203,6521.71875,165.91474655677837,34.794036845413615,0.8214111637705677,1000.0,True,,4,TCGA-55-6970-01,TCGA-55-6970,Female,Stage IIIA,67,1:DECEASED,15.24,1,III,matched
TCGA-55-6970,TCGA-55-6970-01Z-00-DX1.be042a9b-3eab-4b6c-9cd7-7486ffab037f,4,TCGA-55-6970-01,124.97270284926789,52.39727746920732,2449026.1860879445,2449.0261860879446,0.4192697787164349,46.73956938940542,1.7727072510269313,0.1447033437911971,0.6313318054754927,1.8398033170398322,1763,0.04438629030638588,14.107080664858389,5021.75,130.60976286729104,13.594576124322524,0.9725806418272487,1000.0,True,,5,TCGA-55-6970-01,TCGA-55-6970,Female,Stage IIIA,67,1:DECEASED,15.24,1,III,matched
TCGA-55-6971,TCGA-55-6971-01Z-00-DX1.6c790768-8252-466a-95e1-97d2086a8132,1,TCGA-55-6971-01,18.798334240297777,8.54987212243027,288317.99693959503,288.31799693959505,0.4548207310891411,33.721907510546686,1.6983847155563991,0.08302458883879214,0.6513333015519818,1.5934684473990282,166,0.4650400515623897,8.830569659951449,6026.234375,166.13554373350794,18.75,0.9462333656885431,1000.0,True,,2,TCGA-55-6971-01,TCGA-55-6971,Female,Stage IB,59,0:LIVING,45.99,0,I,matched
TCGA-55-6971,TCGA-55-6971-01Z-00-DX1.6c790768-8252-466a-95e1-97d2086a8132,2,TCGA-55-6971-01,0.234160927581187,0.042808,2418.6879502661873,2.4186879502661873,0.18281444492979232,56.50083980251792,1.1776935070169179,0.19143287309289758,0.8718730869374447,1.7265293231610295,1,1.0,4.270567298864519,41480.125,,,0.0,1000.0,True,,3,TCGA-55-6971-01,TCGA-55-6971,Female,Stage IB,59,0:LIVING,45.99,0,I,matched
TCGA-55-6979,TCGA-55-6979-01Z-00-DX1.9238436e-3886-4a10-86fe-26658967dff2,1,TCGA-55-6979-01,0.5278150821780514,0.15351471875,6320.415312148115,6.320415312148115,0.290849435594972,41.1713962257975,1.3080668994938878,0.2015880510362428,0.8455464304435836,1.3792719336791137,4,0.6187539530968584,7.578411710961024,28466.0625,182.81345207993212,1.8108541225631423,0.3660780994295153,1000.0,True,,2,TCGA-55-6979-01,TCGA-55-6979,Female,Stage IIB,59,1:DECEASED,7.79,1,II,matched
TCGA-55-6979,TCGA-55-6979-01Z-00-DX1.9238436e-3886-4a10-86fe-26658967dff2,2,TCGA-55-6979-01,0.348874442209472,0.09144003125,2345.215601848995,2.345215601848995,0.2621001145022179,25.647580931343953,1.1150399009687066,0.22658623767415031,0.8784347253797412,1.5432811211871393,1,1.0,2.866360727563923,91346.09375,,,0.0,1000.0,True,,3,TCGA-55-6979-01,TCGA-55-6979,Female,Stage IIB,59,1:DECEASED,7.79,1,II,matched
TCGA-55-6979,TCGA-55-6979-01Z-00-DX1.9238436e-3886-4a10-86fe-26658967dff2,3,TCGA-55-6979-01,1.567275492819225,0.29135709375,14406.56747470127,14.406567474701271,0.18590036983600441,49.446427712732735,1.3169222839763042,0.2060290768976415,0.7431305589245398,2.111883145405919,16,0.41364388272831887,10.208798691300341,4981.890625,195.35864454894235,42.46003059677173,0.8213010820155233,1000.0,True,,4,TCGA-55-6979-01,TCGA-55-6979,Female,Stage IIB,59,1:DECEASED,7.79,1,II,matched
TCGA-55-6979,TCGA-55-6979-01Z-00-DX1.9238436e-3886-4a10-86fe-26658967dff2,4,TCGA-55-6979-01,1.2401667412133668,0.14552057762682788,12031.410985395982,12.031410985395981,0.11733952604183852,82.6784169057469,1.2682032258828864,0.23291213757133586,0.7192284096617977,2.168236602740014,19,0.18287626716301822,15.320520514370987,2848.53125,158.62722860924603,44.553338819890925,0.7555724700315201,1000.0,True,,5,TCGA-55-6979-01,TCGA-55-6979,Female,Stage IIB,59,1:DECEASED,7.79,1,II,matched
TCGA-55-6979,TCGA-55-6979-01Z-00-DX1.9238436e-3886-4a10-86fe-26658967dff2,5,TCGA-55-6979-01,0.3363899972441627,0.036875489771375475,3862.4218518671864,3.8624218518671865,0.10962124341827578,104.74225226061631,1.1835893280326455,0.2813099915764635,0.808557323744869,2.650525893805932,7,0.37391775482699197,20.809179991517926,3386.125,109.38292828407914,48.6376911458593,0.6643712187114699,1000.0,True,,6,TCGA-55-6979-01,TCGA-55-6979,Female,Stage IIB,59,1:DECEASED,7.79,1,II,matched
TCGA-55-6979,TCGA-55-6979-01Z-00-DX1.9238436e-3886-4a10-86fe-26658967dff2,6,TCGA-55-6979-01,71.60868496594273,35.559617878256184,869914.6892727289,869.9146892727289,0.4965824731339283,24.463555605434667,1.7469575496745735,0.10644217113478378,0.6422213346109175,1.8369652782321155,483,0.1423845287770065,6.74499189909319,9762.125,183.18898199673473,17.88854381999832,0.9759995261148448,1000.0,True,,7,TCGA-55-6979-01,TCGA-55-6979,Female,Stage IIB,59,1:DECEASED,7.79,1,II,matched
TCGA-55-7724,TCGA-55-7724-01Z-00-DX1.31a194ac-62e3-4225-8e32-8c2a83dcdd10,1,TCGA-55-7724-01,0.20180077298432247,0.02239146875,2598.920183313198,2.598920183313198,0.1109582902922753,116.0674278373632,1.3356825101192549,0.1353065646181127,0.7494010258515065,1.1845998273164304,2,0.6340714829342544,9.910764812359645,10675.625,187.9461774684444,13.25,0.27909095658127564,1000.0,True,,2,TCGA-55-7724-01,TCGA-55-7724,Female,Stage IB,76,0:LIVING,23.16,0,I,matched
TCGA-55-7724,TCGA-55-7724-01Z-00-DX1.31a194ac-62e3-4225-8e32-8c2a83dcdd10,2,TCGA-55-7724-01,0.6914443844454431,0.09544834375,11004.106400475814,11.004106400475814,0.13804196822937848,115.2886049997679,1.4549774484801374,0.2000670158682499,0.7555144850983434,1.719785558347591,15,0.2286616979329543,21.693718739259705,2508.125,113.07548985633447,21.005951537600005,0.7088647234415901,1000.0,True,,3,TCGA-55-7724-01,TCGA-55-7724,Female,Stage IB,76,0:LIVING,23.16,0,I,matched
TCGA-55-7724,TCGA-55-7724-01Z-00-DX1.31a194ac-62e3-4225-8e32-8c2a83dcdd10,3,TCGA-55-7724-01,1.43814827335883,0.34498101541177806,26559.856716546554,26.559856716546555,0.23987861460631354,76.98932848476905,1.4802790290015153,0.09584808043811636,0.5977994825462254,1.5515465169163853,16,0.4058082756041713,11.125417522236155,2146.625,113.9117757521359,31.30994251032729,0.8073694209494229,1000.0,True,,4,TCGA-55-7724-01,TCGA-55-7724,Female,Stage IB,76,0:LIVING,23.16,0,I,matched
TCGA-55-7726,TCGA-55-7726-01Z-00-DX1.37df197b-d4fb-41c4-ac6a-72dbaa31027b,1,TCGA-55-7726-01,15.458669280607648,5.0371169071681,262294.7249446944,262.2947249446944,0.3258441471082497,52.07239176272329,1.6904671593151166,0.10525734789639116,0.5888302067725605,1.7135967539933958,204,0.12599301148734635,13.19647870699393,4850.4375,132.42157873301505,21.403854793003994,0.9493240420310829,1000.0,True,,2,TCGA-55-7726-01,TCGA-55-7726,Female,Stage IA,72,0:LIVING,21.42,0,I,matched
TCGA-55-7995,TCGA-55-7995-01Z-00-DX1.fef24d04-35a0-4f57-8f51-7ad602a78871,1,TCGA-55-7995-01,36.08078731682949,18.64967715407584,572858.4909333552,572.8584909333551,0.516886646355882,30.716804703944078,1.7178750927750988,0.060661880705484464,0.6074649399942833,2.0444346149859682,272,0.31800094953969527,7.538638156965288,5618.421875,164.95548641982177,10.621322893124,0.9562951326759545,1000.0,True,,2,TCGA-55-7995-01,TCGA-55-7995,Female,Stage IA,73,0:LIVING,29.2,0,I,matched
TCGA-55-8096,TCGA-55-8096-01Z-00-DX1.c833417d-10c1-4430-a241-d6f5496e1cd9,1,TCGA-55-8096-01,31.83288095701584,13.27889803046934,546300.3288606252,546.3003288606252,0.417144085965701,41.14048677888042,1.786144543031126,0.11942331979115436,0.6070780411834108,1.6746050485696835,367,0.13037058069573768,11.528959646962607,6576.5625,152.83390698729127,14.512925273699992,0.9343182229890292,1000.0,True,,2,TCGA-55-8096-01,TCGA-55-8096,Female,Stage IB,67,1:DECEASED,23.62,1,I,matched
TCGA-55-8096,TCGA-55-8096-01Z-00-DX1.c833417d-10c1-4430-a241-d6f5496e1cd9,2,TCGA-55-8096-01,0.5534102622867537,0.09451148507397057,6689.760741770815,6.689760741770815,0.17078014542671913,70.78251639507084,1.2701246821293213,0.2539975170068675,0.7856667272078487,2.135992499323572,7,0.3025251703696059,12.648843863276422,14159.28125,174.71736104348645,17.324116139070416,0.6449080245550876,1000.0,True,,3,TCGA-55-8096-01,TCGA-55-8096,Female,Stage IB,67,1:DECEASED,23.62,1,I,matched
TCGA-55-8204,TCGA-55-8204-01Z-00-DX1.30ba69f3-53f1-41cc-826c-20dce3cfe86b,1,TCGA-55-8204-01,0.9004104936378742,0.15363696493976164,15276.743702503487,15.276743702503486,0.17062991382856002,99.43403730015905,1.4570204307297132,0.1212799630149951,0.548532438416156,1.7544683066305438,16,0.3580747635504324,17.7696729581151,4367.890625,145.4166360102737,27.032155104304632,0.7307664879587001,1000.0,True,,2,TCGA-55-8204-01,TCGA-55-8204,Female,Stage IB,87,0:LIVING,16.92,0,I,matched
TCGA-55-8204,TCGA-55-8204-01Z-00-DX1.30ba69f3-53f1-41cc-826c-20dce3cfe86b,2,TCGA-55-8204-01,0.30043160476510755,0.03326007635536509,5109.380347400762,5.109380347400762,0.11070764802314816,153.61902037776235,1.341923881377779,0.1100589098452565,0.6441359879860246,2.2431097107161513,5,0.3793049163107682,16.642723071393405,5303.802102129374,178.95848855251322,39.960136386153636,0.5081636805288073,1000.0,True,,3,TCGA-55-8204-01,TCGA-55-8204,Female,Stage IB,87,0:LIVING,16.92,0,I,matched
TCGA-55-8299,TCGA-55-8299-01Z-00-DX1.6F652EC5-EBB8-499C-A66D-E0951FBFCAA2,1,TCGA-55-8299-01,2.0952685792490047,0.3573929393286311,29235.138837739963,29.235138837739964,0.17057142118588417,81.80110914518536,,0.20067430763905636,0.7332634064641675,1.3825550271863378,32,0.16932217883359177,15.272505070194667,3019.515625,116.97383855482387,21.03297964571781,0.7884204732637721,1000.0,True,,2,TCGA-55-8299-01,TCGA-55-8299,Female,Stage IA,61,1:DECEASED,15.41,1,I,matched
TCGA-55-8299,TCGA-55-8299-01Z-00-DX1.6F652EC5-EBB8-499C-A66D-E0951FBFCAA2,2,TCGA-55-8299-01,9.035723491002836,2.0916700708582607,186446.27509924414,186.44627509924413,0.23148894196917436,89.13751633054677,,0.1782995802528929,0.7089822750099031,1.6844041907492073,186,0.07725260481585935,20.584959265874645,3271.6875,122.48724423383848,20.248456731316587,0.9383505058157129,1000.0,True,,3,TCGA-55-8299-01,TCGA-55-8299,Female,Stage IA,61,1:DECEASED,15.41,1,I,matched
TCGA-55-8299,TCGA-55-8299-01Z-00-DX1.6F652EC5-EBB8-499C-A66D-E0951FBFCAA2,3,TCGA-55-8299-01,2.987460893256259,0.5722416730180031,62517.36225596896,62.51736225596896,0.19154783726533528,109.24992918857576,,0.11384086256295246,0.5895562876642804,1.6141241618407718,52,0.28087089253640474,17.40608558839452,2210.796875,116.38298732726813,27.186853440587786,0.8715422235941652,1000.0,True,,4,TCGA-55-8299-01,TCGA-55-8299,Female,Stage IA,61,1:DECEASED,15.41,1,I,matched
TCGA-55-8299,TCGA-55-8299-01Z-00-DX1.6F652EC5-EBB8-499C-A66D-E0951FBFCAA2,4,TCGA-55-8299-01,0.26028923677491594,0.02072309375,3439.9065107079746,3.4399065107079747,0.0796156383827742,165.9938690721782,1.2723525059771494,0.2495970996955594,0.6915718545189022,1.310506129827849,4,0.38672644166116893,15.367519800517083,4513.5,102.65215193807668,34.919496238874004,0.31391399851498514,1000.0,True,,5,TCGA-55-8299-01,TCGA-55-8299,Female,Stage IA,61,1:DECEASED,15.41,1,I,matched
TCGA-55-8299,TCGA-55-8299-01Z-00-DX1.6F652EC5-EBB8-499C-A66D-E0951FBFCAA2,5,TCGA-55-8299-01,4.3689828334826055,0.6612497650338154,76944.8790471277,76.9448790471277,0.15135096434030154,116.36280739274493,,0.15561007804513954,0.6700274813368161,1.5571795780516564,72,0.1819542889832822,16.47980840030157,3273.53125,124.28321652260645,24.12273200187034,0.9417958888247033,1000.0,True,,6,TCGA-55-8299-01,TCGA-55-8299,Female,Stage IA,61,1:DECEASED,15.41,1,I,matched
TCGA-55-8299,TCGA-55-8299-01Z-00-DX1.6F652EC5-EBB8-499C-A66D-E0951FBFCAA2,6,TCGA-55-8299-01,0.7446183452498054,0.1588911875,19266.5519792581,19.2665519792581,0.21338607692601907,121.25626526177294,,0.11608186994091384,0.667631473753681,1.601633336965439,13,0.3834044665666481,17.45860826950046,3839.65625,128.1503176205584,8.5,0.5606625276701716,1000.0,True,,7,TCGA-55-8299-01,TCGA-55-8299,Female,Stage IA,61,1:DECEASED,15.41,1,I,matched
TCGA-55-8299,TCGA-55-8299-01Z-00-DX1.6F652EC5-EBB8-499C-A66D-E0951FBFCAA2,7,TCGA-55-8299-01,0.29029079928116014,0.03128945337815036,4572.797877671499,4.572797877671499,0.10778658316292372,146.14502281029667,1.2483495616666256,0.09170349276962406,0.6431670208553372,2.5223877534891788,2,0.7661312938329298,6.8896430922115,13093.484375,331.52724247035866,64.5803762763891,0.34534120039829663,1000.0,True,,8,TCGA-55-8299-01,TCGA-55-8299,Female,Stage IA,61,1:DECEASED,15.41,1,I,matched
TCGA-55-8510,TCGA-55-8510-01Z-00-DX1.BB1EAC72-6215-400B-BCBF-E3D51A60182D,1,TCGA-55-8510-01,0.5802772231525651,0.09763741907637531,8148.1892030295885,8.148189203029588,0.1682599543472081,83.4535496750052,1.339706337719837,0.29546006416873893,0.7503445411323758,1.7494392754617833,13,0.2877510217958328,22.40308507952943,3779.75,121.04042777621864,23.163818769797004,0.6920727689514727,1000.0,True,,2,TCGA-55-8510-01,TCGA-55-8510,Female,Stage IB,55,0:LIVING,17.71,0,I,matched
TCGA-55-8510,TCGA-55-8510-01Z-00-DX1.BB1EAC72-6215-400B-BCBF-E3D51A60182D,2,TCGA-55-8510-01,13.769314510316471,5.147563920602597,349510.24385868956,349.51024385868953,0.3738431507789189,67.89818431584902,1.6771574584480353,0.18517132709773398,0.6303296162752418,1.6580234693302633,361,0.06822284920380485,26.217717645241212,5901.78125,103.60961888261147,9.414085191881366,0.9418831284348188,1000.0,True,,3,TCGA-55-8510-01,TCGA-55-8510,Female,Stage IB,55,0:LIVING,17.71,0,I,matched
TCGA-55-8511,TCGA-55-8511-01Z-00-DX1.8EDFB05B-5B59-46EA-973C-1048B1E284D2,1,TCGA-55-8511-01,29.452349232137035,13.716892138742368,457796.9064448035,457.79690644480354,0.46573168172863894,33.37468151052886,1.6429521689922313,0.0402707661822447,0.5978584751131754,1.606528348835578,246,0.25719605388036915,8.352474638307502,3074.171875,136.15995086261245,15.310129804120105,0.9630240031889359,1000.0,True,,2,TCGA-55-8511-01,TCGA-55-8511,Female,Stage IB,73,0:LIVING,18.13,0,I,matched
TCGA-55-A493,TCGA-55-A493-01Z-00-DX1.1CF94B85-7A64-4213-9B04-16504512DE2E,1,TCGA-55-A493-01,31.77005785964351,19.878872768875368,341703.9817141066,341.7039817141066,0.6257109400523587,17.189303723957494,1.6458261314009008,0.03832470549137933,0.6649955183993423,1.461678988327357,118,0.44386185164674763,3.7141890178894394,7591.612785458746,202.73901621495796,12.652439764744859,0.9505644212748341,1000.0,True,,2,TCGA-55-A493-01,TCGA-55-A493,Female,Stage IB,54,0:LIVING,0.92,0,I,matched
TCGA-55-A494,TCGA-55-A494-01Z-00-DX1.8C7C4BE0-791A-47CA-B0A8-1935366350E0,1,TCGA-55-A494-01,23.00679785478103,17.682592305964043,147668.5000546385,147.6685000546385,0.7685812001120977,8.351066263334726,1.4401603201958657,0.02518408070950485,0.7508195733075695,1.8115484853561268,23,0.9215088311711995,0.9997045284257314,3346.71875,335.57297664777775,11.75265927354316,0.9124922934079565,1000.0,True,,2,TCGA-55-A494-01,TCGA-55-A494,Female,Stage IB,61,0:LIVING,15.8,0,I,matched
TCGA-55-A494,TCGA-55-A494-01Z-00-DX1.8C7C4BE0-791A-47CA-B0A8-1935366350E0,2,TCGA-55-A494-01,23.496712559747337,17.89444970013768,161044.466735957,161.04446673595697,0.7615724818795716,8.999688139877131,1.481204273232331,0.024537055018723917,0.7432271811219823,1.7949003856549564,29,0.9205467988583164,1.2342152088833247,3828.34375,263.07538873153834,6.932712311931024,0.9171095249524843,1000.0,True,,3,TCGA-55-A494-01,TCGA-55-A494,Female,Stage IB,61,0:LIVING,15.8,0,I,matched
TCGA-55-A494,TCGA-55-A494-01Z-00-DX1.8C7C4BE0-791A-47CA-B0A8-1935366350E0,3,TCGA-55-A494-01,58.5786040690979,41.40866499449252,718035.3295341099,718.0353295341099,0.7068906071173676,17.34021924226755,1.7004315543432489,0.03337817057050565,0.5761704430204103,1.3771307778193893,211,0.7037850503342908,3.6019977490605535,6156.15625,172.32618054143717,8.25,0.9249343487500966,1000.0,True,,4,TCGA-55-A494-01,TCGA-55-A494,Female,Stage IB,61,0:LIVING,15.8,0,I,matched
TCGA-55-A494,TCGA-55-A494-01Z-00-DX1.8C7C4BE0-791A-47CA-B0A8-1935366350E0,4,TCGA-55-A494-01,50.59764170946674,34.0585119363748,654178.7658366878,654.1787658366877,0.6731244932706518,19.207496999832774,1.6978179817307144,0.019458290076037308,0.5835760701042935,1.2990045468375253,172,0.8603078279785106,3.3993679189166452,5114.65625,175.07529009930363,9.005401464376957,0.9468065176888443,1000.0,True,,5,TCGA-55-A494-01,TCGA-55-A494,Female,Stage IB,61,0:LIVING,15.8,0,I,matched
TCGA-62-A46O,TCGA-62-A46O-01Z-00-DX1.39B361AD-ED1D-4C0C-8611-0E8CCBDBD252,1,TCGA-62-A46O-01,0.43905144415576014,0.08823615625,5275.401026798223,5.275401026798223,0.20096997157056812,59.78729413202677,1.2076059234356877,0.23910075568419684,0.8363549651298757,1.4604914508291074,4,0.876362108329743,9.11054969353646,4413.375,173.4840958601759,40.019087362097615,0.38983471074380166,1000.0,True,,2,TCGA-62-A46O-01,TCGA-62-A46O,Female,Stage IB,65,1:DECEASED,47.77,1,I,matched
TCGA-62-A46O,TCGA-62-A46O-01Z-00-DX1.39B361AD-ED1D-4C0C-8611-0E8CCBDBD252,2,TCGA-62-A46O-01,3.1940019151824925,1.9794232404264873,24726.841402430902,24.726841402430903,0.6197313880800822,12.49194255044881,1.3209452097308443,0.1479286303165963,0.8714782661394549,1.235342858611685,12,0.8932260883327648,3.757042205566232,4898.125,218.30987867020585,13.08321694508815,0.7501753910477749,1000.0,True,,3,TCGA-62-A46O-01,TCGA-62-A46O,Female,Stage IB,65,1:DECEASED,47.77,1,I,matched
TCGA-62-A46O,TCGA-62-A46O-01Z-00-DX1.39B361AD-ED1D-4C0C-8611-0E8CCBDBD252,3,TCGA-62-A46O-01,0.2259225085940131,0.04916827975414993,2051.5585493644244,2.051558549364424,0.21763338261486034,41.72524561816233,1.2265359608316952,0.39600648683079964,0.8892661119014184,1.3717344644967313,3,0.9501177603290177,13.27888937968131,1275.71875,73.5804194402288,11.75,0.21335813681172047,1000.0,True,,4,TCGA-62-A46O-01,TCGA-62-A46O,Female,Stage IB,65,1:DECEASED,47.77,1,I,matched
TCGA-62-A46O,TCGA-62-A46O-01Z-00-DX1.39B361AD-ED1D-4C0C-8611-0E8CCBDBD252,4,TCGA-62-A46O-01,128.98355726207788,82.0090062346213,1777122.3562530896,1777.1223562530897,0.6358097727758402,21.669843811652623,1.6128029122325374,0.04933846260762519,0.7215505021921315,1.7224077381559115,981,0.3487043541293465,7.605620598653013,4514.53125,125.3627237259944,11.559628021696891,0.966491886324236,1000.0,True,,5,TCGA-62-A46O-01,TCGA-62-A46O,Female,Stage IB,65,1:DECEASED,47.77,1,I,matched
TCGA-62-A46O,TCGA-62-A46O-01Z-00-DX1.39B361AD-ED1D-4C0C-8611-0E8CCBDBD252,5,TCGA-62-A46O-01,6.9746001040757495,2.6639345136362462,206947.7049173319,206.9477049173319,0.3819479932734096,77.68498206618833,1.7479467397698552,0.028816562443503196,0.48461132360242115,1.385962124911454,107,0.7313537670459732,15.34138135568122,2636.1875,107.09241409292257,10.35917467755033,0.907693572734112,1000.0,True,,6,TCGA-62-A46O-01,TCGA-62-A46O,Female,Stage IB,65,1:DECEASED,47.77,1,I,matched
TCGA-62-A46O,TCGA-62-A46O-01Z-00-DX1.39B361AD-ED1D-4C0C-8611-0E8CCBDBD252,6,TCGA-62-A46O-01,0.41989723406399015,0.06342186789161931,13718.789603423245,13.718789603423245,0.15104140429263735,216.3100845100791,1.489765863986932,0.15155791972622923,0.6096749806557,2.052888615518009,13,0.2649245368393009,30.959956259247157,2070.59375,102.21303197855937,14.159802258506296,0.6515945330296128,1000.0,True,,7,TCGA-62-A46O-01,TCGA-62-A46O,Female,Stage IB,65,1:DECEASED,47.77,1,I,matched
TCGA-62-A46O,TCGA-62-A46O-01Z-00-DX1.39B361AD-ED1D-4C0C-8611-0E8CCBDBD252,7,TCGA-62-A46O-01,0.48014328066733075,0.2050016875,3467.9732675342143,3.467973267534214,0.42695940098354984,16.91680351428431,1.1868413003576095,0.3254110634211606,0.9035681683855215,1.5275859965367207,2,0.978124479518851,4.165423282025909,101787.578125,283.78460692046,21.783020910791965,0.203854427480437,1000.0,True,,8,TCGA-62-A46O-01,TCGA-62-A46O,Female,Stage IB,65,1:DECEASED,47.77,1,I,matched
TCGA-64-1677,TCGA-64-1677-01Z-00-DX1.7720D42B-1F57-4C23-9BC5-87C456E7737B,1,TCGA-64-1677-01,0.47983149177009077,0.05108398872272801,11181.078033155924,11.181078033155924,0.10646235105219957,218.87637032112372,1.4899553702807977,0.12792638369480644,0.6107001571669921,1.6356308478239223,11,0.22409201462016115,22.924714589743107,3506.5625,105.53020894511675,6.25,0.587648680637683,1000.0,True,,2,TCGA-64-1677-01,TCGA-64-1677,Female,Stage IIIA,77,1:DECEASED,20.63,1,III,matched
TCGA-64-1677,TCGA-64-1677-01Z-00-DX1.7720D42B-1F57-4C23-9BC5-87C456E7737B,2,TCGA-64-1677-01,25.496686176124282,4.1020350623008675,735292.0559451061,735.2920559451061,0.1608850277234111,179.25055363438906,1.6396177902906142,0.09743482317180546,0.6213183806242376,1.9870330705593084,733,0.03107908256931363,28.748834061675005,2635.125,95.32346248432229,5.7118298293979315,0.952327576636748,1000.0,True,,3,TCGA-64-1677-01,TCGA-64-1677,Female,Stage IIIA,77,1:DECEASED,20.63,1,III,matched
TCGA-64-1677,TCGA-64-1677-01Z-00-DX1.7720D42B-1F57-4C23-9BC5-87C456E7737B,3,TCGA-64-1677-01,0.621596674696073,0.12885655861952824,13828.445654161029,13.82844565416103,0.20729930494324492,107.3165836672075,1.4760530985431757,0.13166019003641294,0.7803179730892721,1.4376927353339533,11,0.1981964942312198,17.69636236451619,9653.875,133.71056661685344,18.100414359897954,0.6058347699358895,1000.0,True,,4,TCGA-64-1677-01,TCGA-64-1677,Female,Stage IIIA,77,1:DECEASED,20.63,1,III,matched
TCGA-64-1677,TCGA-64-1677-01Z-00-DX1.7720D42B-1F57-4C23-9BC5-87C456E7737B,4,TCGA-64-1677-01,0.39628407685378897,0.02694621875,5919.5208678453355,5.9195208678453355,0.0679972280590571,219.67909200044386,1.3858664343040261,0.14217506724077153,0.7310988012339728,2.1888073968340107,7,0.2227290971751256,17.664096058501705,3073.53125,114.28719307078987,5.836308764964376,0.3863027130097165,1000.0,True,,5,TCGA-64-1677-01,TCGA-64-1677,Female,Stage IIIA,77,1:DECEASED,20.63,1,III,matched
TCGA-64-1677,TCGA-64-1677-01Z-00-DX1.7720D42B-1F57-4C23-9BC5-87C456E7737B,5,TCGA-64-1677-01,0.4346451466629651,0.05557454796700965,9915.539233487036,9.915539233487035,0.12786188547988908,178.41871137437107,1.4222600684063542,0.08986357158558882,0.613719570014105,2.3961105024281855,9,0.3096557153184995,20.706546637178555,3208.125,118.0,12.19118534023661,0.5426725909761843,1000.0,True,,6,TCGA-64-1677-01,TCGA-64-1677,Female,Stage IIIA,77,1:DECEASED,20.63,1,III,matched
TCGA-64-1677,TCGA-64-1677-01Z-00-DX1.7720D42B-1F57-4C23-9BC5-87C456E7737B,6,TCGA-64-1677-01,3.5858105275611014,0.5198928704317494,87841.21480708642,87.84121480708642,0.14498615206681204,168.9602220052334,1.5136839505036146,0.11746110466321537,0.6521468769964022,1.7433203922713816,93,0.124133367416759,25.93555886045496,2615.78125,102.63506725895394,9.100137361600648,0.8985472878991896,1000.0,True,,7,TCGA-64-1677-01,TCGA-64-1677,Female,Stage IIIA,77,1:DECEASED,20.63,1,III,matched
TCGA-64-1677,TCGA-64-1677-01Z-00-DX1.7720D42B-1F57-4C23-9BC5-87C456E7737B,7,TCGA-64-1677-01,1.0229868408083502,0.1004063007915034,15716.759446826749,15.71675944682675,0.09815013916715068,156.5316053169119,1.264665188582663,0.1054156793569331,0.6620757764130888,1.8221521190519898,12,0.2152809863176885,11.730356170092827,4900.421875,184.4208947116622,61.16355955313376,0.7871224558385888,1000.0,True,,8,TCGA-64-1677-01,TCGA-64-1677,Female,Stage IIIA,77,1:DECEASED,20.63,1,III,matched
TCGA-64-1677,TCGA-64-1677-01Z-00-DX1.7720D42B-1F57-4C23-9BC5-87C456E7737B,8,TCGA-64-1677-01,0.30576132887178153,0.026954622817376296,5537.520354315469,5.537520354315469,0.08815576160934169,205.43861406755457,1.253231372981426,0.11539127189350103,0.6332473171388358,3.584187393500159,6,0.47073367254530774,19.623148624252774,2150.796875,89.85789562553755,6.264982043070834,0.5916710871819079,1000.0,True,,9,TCGA-64-1677-01,TCGA-64-1677,Female,Stage IIIA,77,1:DECEASED,20.63,1,III,matched
TCGA-64-1677,TCGA-64-1677-01Z-00-DX1.7720D42B-1F57-4C23-9BC5-87C456E7737B,9,TCGA-64-1677-01,32.28879316924817,7.4903467967047295,970083.120779634,970.083120779634,0.2319797694959541,129.5111090459,1.6924391626264317,0.1147043919758541,0.6767111124364482,1.838920892418303,1001,0.03895511320102636,31.00146836560469,2859.6875,96.91863936441742,10.443299287102711,0.9567867176234794,1000.0,True,,10,TCGA-64-1677-01,TCGA-64-1677,Female,Stage IIIA,77,1:DECEASED,20.63,1,III,matched
TCGA-64-1677,TCGA-64-1677-01Z-00-DX1.7720D42B-1F57-4C23-9BC5-87C456E7737B,10,TCGA-64-1677-01,0.7822108851391076,0.06150608741358497,13874.822867329745,13.874822867329746,0.07863108092985281,225.58454700640226,1.2559009022173846,0.13065144527501701,0.6529479506821979,1.9373110596283694,17,0.14652776843719317,21.73326953507779,2417.03125,90.01423498536218,4.25,0.7675631056371954,1000.0,True,,11,TCGA-64-1677-01,TCGA-64-1677,Female,Stage IIIA,77,1:DECEASED,20.63,1,III,matched
TCGA-64-1677,TCGA-64-1677-01Z-00-DX1.7720D42B-1F57-4C23-9BC5-87C456E7737B,11,TCGA-64-1677-01,0.39963009069007577,0.03188648536246087,6754.467560541577,6.754467560541577,0.0797900010667358,211.82853750615723,1.2874825732428452,0.17551805537650497,0.6942851151302054,2.119174308434717,9,0.22487179024394016,22.520826658620535,2409.5,107.04381769280279,18.439088914585774,0.5611692117780098,1000.0,True,,12,TCGA-64-1677-01,TCGA-64-1677,Female,Stage IIIA,77,1:DECEASED,20.63,1,III,matched
TCGA-64-1677,TCGA-64-1677-01Z-00-DX1.7720D42B-1F57-4C23-9BC5-87C456E7737B,12,TCGA-64-1677-01,0.45046772822553754,0.07655966998490732,12522.306546406653,12.522306546406654,0.16995594842384776,163.56270277647818,1.4559932158676674,0.12668246437634545,0.6407594629910061,1.5059426501929014,15,0.5743897117562311,33.2987227721891,2051.375,64.6961950677936,5.062114182829147,0.6390891075682001,1000.0,True,,13,TCGA-64-1677-01,TCGA-64-1677,Female,Stage IIIA,77,1:DECEASED,20.63,1,III,matched
TCGA-64-1678,TCGA-64-1678-01Z-00-DX1.92C851BD-37AC-4C4C-9920-DF394411CC2C,1,TCGA-64-1678-01,0.20127358548432236,0.021813125,4472.70328163661,4.47270328163661,0.10837549769638834,205.04642418895094,1.5227758780698835,0.057491315200268935,0.5359959347602872,3.503313893556703,4,0.6413861211849071,19.873447329786693,3147.6875,108.22201962035675,1.2747548783981961,0.38163241114207186,1000.0,True,,2,TCGA-64-1678-01,TCGA-64-1678,Female,[Discrepancy],70,0:LIVING,39.06,0,,matched
TCGA-64-1678,TCGA-64-1678-01Z-00-DX1.92C851BD-37AC-4C4C-9920-DF394411CC2C,2,TCGA-64-1678-01,0.3647080163717803,0.0471018125,5948.487119608212,5.948487119608212,0.12914937535122564,126.28998341854069,1.3927546749758737,0.0782567461008023,0.5612738320266784,1.366698843546346,4,0.6041500780873553,10.967677759850591,8440.5,188.2164468479187,19.811856982272534,0.47309308008027007,1000.0,True,,3,TCGA-64-1678-01,TCGA-64-1678,Female,[Discrepancy],70,0:LIVING,39.06,0,,matched
TCGA-64-1678,TCGA-64-1678-01Z-00-DX1.92C851BD-37AC-4C4C-9920-DF394411CC2C,3,TCGA-64-1678-01,7.6788529497693485,1.0500503986772662,179188.16450028153,179.18816450028154,0.136745736055384,170.64720391135737,1.4679802038502656,0.0777190589955386,0.6239396370087127,1.9101078024836118,151,0.05147338833713125,19.66439531890445,3400.5,110.6426010009255,4.7762432936357,0.9621362831274252,1000.0,True,,4,TCGA-64-1678-01,TCGA-64-1678,Female,[Discrepancy],70,0:LIVING,39.06,0,,matched
TCGA-64-1678,TCGA-64-1678-01Z-00-DX1.92C851BD-37AC-4C4C-9920-DF394411CC2C,4,TCGA-64-1678-01,4.679472948991766,0.7684978301082285,112003.78875631046,112.00378875631046,0.16422743297913675,145.74379310939216,1.575634529726001,0.08042956671191306,0.5693641436197341,2.486563129855367,89,0.10496692205235991,19.01923592039908,3703.125,122.5367291876195,17.75,0.9310605677793178,1000.0,True,,5,TCGA-64-1678-01,TCGA-64-1678,Female,[Discrepancy],70,0:LIVING,39.06,0,,matched
TCGA-64-1678,TCGA-64-1678-01Z-00-DX1.92C851BD-37AC-4C4C-9920-DF394411CC2C,5,TCGA-64-1678-01,0.2120731477090322,0.011690900645222404,1638.6635529945308,1.6386635529945308,0.055126737031613776,140.1657239867303,1.2476345054832159,0.10227083110252744,0.7579102911085985,1.749127856270715,1,1.0,4.7153541634229725,9538.378896941183,,,0.0,1000.0,True,,6,TCGA-64-1678-01,TCGA-64-1678,Female,[Discrepancy],70,0:LIVING,39.06,0,,matched
TCGA-64-1678,TCGA-64-1678-01Z-00-DX1.92C851BD-37AC-4C4C-9920-DF394411CC2C,6,TCGA-64-1678-01,0.23352549029176572,0.0164018125,3595.3407999023207,3.5953407999023206,0.07023564099793837,219.20387151738993,1.3113719433431918,0.11825769238992734,0.6665966748572487,2.1774234972339404,5,0.4502532402869342,21.41093888188832,2799.9375,143.78847311241609,4.808846015417836,0.4175082198215124,1000.0,True,,7,TCGA-64-1678-01,TCGA-64-1678,Female,[Discrepancy],70,0:LIVING,39.06,0,,matched
TCGA-64-1678,TCGA-64-1678-01Z-00-DX1.92C851BD-37AC-4C4C-9920-DF394411CC2C,7,TCGA-64-1678-01,0.3346141446780515,0.04373103125,9838.445974888864,9.838445974888863,0.13069092250142547,224.9763084397618,1.5088515961207603,0.08575506785625761,0.6632893106212618,1.756688362441968,8,0.32455821045807026,23.908134570034953,3001.609375,90.99953862343352,1.2702847075210475,0.5644132241849333,1000.0,True,,8,TCGA-64-1678-01,TCGA-64-1678,Female,[Discrepancy],70,0:LIVING,39.06,0,,matched
TCGA-64-1678,TCGA-64-1678-01Z-00-DX1.92C851BD-37AC-4C4C-9920-DF394411CC2C,8,TCGA-64-1678-01,11.59178180247658,2.377065827078515,320755.49513919326,320.7554951391933,0.2050647491113623,134.93757366131143,1.676171775111244,0.08565960352560474,0.6098747730395725,1.9172236475207372,272,0.06957972892743479,23.464899929524837,3844.125,113.52407364162309,8.835298523536146,0.9425020312094875,1000.0,True,,9,TCGA-64-1678-01,TCGA-64-1678,Female,[Discrepancy],70,0:LIVING,39.06,0,,matched
TCGA-64-1678,TCGA-64-1678-01Z-00-DX1.92C851BD-37AC-4C4C-9920-DF394411CC2C,9,TCGA-64-1678-01,0.2191664992456659,0.039681004242716006,5219.569136870884,5.219569136870884,0.18105415006075898,131.5382318689429,1.4472743402465333,0.11526742669550404,0.6871282454683834,1.8462009682996647,5,0.3532643408862449,22.813705640274204,8860.25,141.02549913490822,3.824264635194589,0.41843438789083875,1000.0,True,,10,TCGA-64-1678-01,TCGA-64-1678,Female,[Discrepancy],70,0:LIVING,39.06,0,,matched
TCGA-64-1679,TCGA-64-1679-01Z-00-DX1.f9fd24ef-d51c-4530-9fb5-e8a8f09dba73,1,TCGA-64-1679-01,9.363286956619952,1.3555089256362671,186330.64334485817,186.33064334485817,0.14476849122710125,137.46176053941937,,0.19729319181363547,0.6502387863027836,2.182179981002261,287,0.03467350602368903,30.65162921201381,2535.459340480838,100.64363181543082,22.85415717107065,0.9169171466480872,1000.0,True,,2,TCGA-64-1679-01,TCGA-64-1679,Female,Stage IIIA,58,0:LIVING,81.73,0,III,matched
TCGA-64-1679,TCGA-64-1679-01Z-00-DX1.f9fd24ef-d51c-4530-9fb5-e8a8f09dba73,2,TCGA-64-1679-01,18.211102214932286,3.018894510377519,444361.86355576606,444.36186355576604,0.16577220174527169,147.19357103345678,1.6065230114108942,0.1629525169186566,0.5765259334918895,2.0475251533700387,593,0.01842454348562398,32.56255403990686,2902.90625,95.49149176759153,12.905909499140307,0.9521819713191735,1000.0,True,,3,TCGA-64-1679-01,TCGA-64-1679,Female,Stage IIIA,58,0:LIVING,81.73,0,III,matched
TCGA-64-1679,TCGA-64-1679-01Z-00-DX1.f9fd24ef-d51c-4530-9fb5-e8a8f09dba73,3,TCGA-64-1679-01,0.2768385280203128,0.0394001040822813,6804.128027898497,6.804128027898497,0.1423216066204136,172.69314856856928,1.3961537691658665,0.21637385313204313,0.6517232098214424,2.5462343127716927,13,0.21633163757721544,46.95878168751908,1943.0625,78.15449443250209,13.0,0.6535268885483938,1000.0,True,,4,TCGA-64-1679-01,TCGA-64-1679,Female,Stage IIIA,58,0:LIVING,81.73,0,III,matched
TCGA-64-1679,TCGA-64-1679-01Z-00-DX1.f9fd24ef-d51c-4530-9fb5-e8a8f09dba73,4,TCGA-64-1679-01,6.672896191514534,1.181222310091165,171118.9262364553,171.1189262364553,0.17701793586917244,144.86597888863832,,0.17067999498528558,0.5946539014730088,1.9616985913331066,242,0.05654995385108692,36.26611190321451,2632.796875,91.62397680192669,12.711810351662397,0.8920986805148681,1000.0,True,,5,TCGA-64-1679-01,TCGA-64-1679,Female,Stage IIIA,58,0:LIVING,81.73,0,III,matched
TCGA-64-1679,TCGA-64-1679-01Z-00-DX1.f9fd24ef-d51c-4530-9fb5-e8a8f09dba73,5,TCGA-64-1679-01,7.656656826297351,1.5593520078636243,202772.9901118776,202.7729901118776,0.2036596445733228,130.03670055851265,1.7067343399783934,0.16131028153757015,0.5825685350724482,1.7923968728608257,269,0.04201755475340057,35.13282704222811,2925.8125,97.09306102909723,14.37228235180481,0.9700259355076373,1000.0,True,,6,TCGA-64-1679-01,TCGA-64-1679,Female,Stage IIIA,58,0:LIVING,81.73,0,III,matched
TCGA-67-3771,TCGA-67-3771-01Z-00-DX1.7B54D132-6AB7-4F2D-8BFF-33AFE83CF204,1,TCGA-67-3771-01,1.6091190214921245,0.2136156747280457,18040.459395421818,18.040459395421816,0.13275318473953618,84.45288211358618,1.3001706998740217,0.1384268218507137,0.6118271474449262,1.9859897463788831,16,0.26603846720472785,9.943329105116982,8123.526426039991,169.6052344692086,24.61852133083332,0.7013270837627147,1000.0,True,,2,TCGA-67-3771-01,TCGA-67-3771,Female,Stage IA,77,0:LIVING,20.04,0,I,matched
TCGA-67-3771,TCGA-67-3771-01Z-00-DX1.7B54D132-6AB7-4F2D-8BFF-33AFE83CF204,2,TCGA-67-3771-01,0.537041314005869,0.09532979591512378,9719.71126005559,9.71971126005559,0.17750924077711083,101.95879647858962,1.4135120246027386,0.18028368056329577,0.6661353388694574,1.9494506844900719,12,0.4041248003335834,22.344649633173027,3806.0841599322916,102.65897492559583,20.878982244583405,0.590532799133445,1000.0,True,,3,TCGA-67-3771-01,TCGA-67-3771,Female,Stage IA,77,0:LIVING,20.04,0,I,matched
TCGA-67-3771,TCGA-67-3771-01Z-00-DX1.7B54D132-6AB7-4F2D-8BFF-33AFE83CF204,3,TCGA-67-3771-01,41.314927679054584,19.650630585963093,663814.6826772754,663.8146826772754,0.4756302791720816,33.78083363652736,1.7408834053519984,0.07751807697733232,0.6039008022987562,1.5874308879080046,331,0.252741973520267,8.011632080571376,7137.1875,142.2529794283761,12.064928512013655,0.9406184203149308,1000.0,True,,4,TCGA-67-3771-01,TCGA-67-3771,Female,Stage IA,77,0:LIVING,20.04,0,I,matched
TCGA-67-3771,TCGA-67-3771-01Z-00-DX1.7B54D132-6AB7-4F2D-8BFF-33AFE83CF204,4,TCGA-67-3771-01,42.838951805571014,19.894191488573604,641840.9694244908,641.8409694244908,0.4643949174775666,32.26273205388304,1.752747902330711,0.10320143886316697,0.616837789371046,1.6747824083832472,387,0.13192389046456962,9.03383448214231,6979.40625,140.97840315541242,10.891510455395983,0.9581631219162059,1000.0,True,,5,TCGA-67-3771-01,TCGA-67-3771,Female,Stage IA,77,0:LIVING,20.04,0,I,matched
TCGA-67-3771,TCGA-67-3771-01Z-00-DX1.7B54D132-6AB7-4F2D-8BFF-33AFE83CF204,5,TCGA-67-3771-01,0.18001605961488593,0.0193488125,1104.1173157301878,1.1041173157301878,0.10748381306308742,57.063828373456396,1.1837783377857942,0.23163036911303958,0.8590134203844759,2.470059412133263,1,1.0,5.555059932648963,19242.4375,,,0.0,1000.0,True,,6,TCGA-67-3771-01,TCGA-67-3771,Female,Stage IA,77,0:LIVING,20.04,0,I,matched
TCGA-67-3771,TCGA-67-3771-01Z-00-DX1.7B54D132-6AB7-4F2D-8BFF-33AFE83CF204,6,TCGA-67-3771-01,0.22126274008118713,0.024133761008001225,1982.186345265301,1.982186345265301,0.10907286513375868,82.13333780044204,1.2192232081049776,0.23620277608764267,0.7416896691272462,1.4907731548579952,3,0.6510497596259474,13.558541302070203,6638.65625,143.17411820926296,10.514870422406545,0.341301708886097,1000.0,True,,7,TCGA-67-3771-01,TCGA-67-3771,Female,Stage IA,77,0:LIVING,20.04,0,I,matched
TCGA-69-7974,TCGA-69-7974-01Z-00-DX1.e4282067-fc3d-4fee-bae7-fe99000979d4,1,TCGA-69-7974-01,98.85025911555455,54.870142178909674,1422292.8878013054,1422.2928878013054,0.5550834430769398,25.92107166706029,1.760553593138729,0.06845326684661793,0.5620175792854623,1.9195567858877547,793,0.2106754211661833,8.022234914660105,6429.65625,153.80477936738507,14.267533073380275,0.9645966727220328,1000.0,True,,2,TCGA-69-7974-01,TCGA-69-7974,Female,Stage IIIA,54,0:LIVING,6.04,0,III,matched
TCGA-69-A59K,TCGA-69-A59K-01Z-00-DX1.01EAF520-9AC1-4ECC-8EF3-B9122924A1E3,1,TCGA-69-A59K-01,0.21772208435979692,0.036572430719422185,2301.824643431592,2.301824643431592,0.16797758861698367,62.938792914554156,1.2337832611920536,0.1705054285686892,0.8084193943821556,1.9370695058251504,2,0.8446994461697507,9.186022657650554,18268.184109711092,266.65216838842696,27.397536385594965,0.28829384107477785,1000.0,True,,2,TCGA-69-A59K-01,TCGA-69-A59K,Female,Stage IIB,60,0:LIVING,19.42,0,II,matched
TCGA-69-A59K,TCGA-69-A59K-01Z-00-DX1.01EAF520-9AC1-4ECC-8EF3-B9122924A1E3,2,TCGA-69-A59K-01,157.47547907891902,105.60334171174837,1527359.956181884,1527.359956181884,0.6706018126087119,14.463178261450462,,0.03571809994434851,0.537547177390465,1.6286152266169578,328,0.6315378399586362,2.0828639602716965,17346.0625,271.17628489547405,18.44323271146431,0.9724660235713635,1000.0,True,,3,TCGA-69-A59K-01,TCGA-69-A59K,Female,Stage IIB,60,0:LIVING,19.42,0,II,matched
TCGA-69-A59K,TCGA-69-A59K-01Z-00-DX1.01EAF520-9AC1-4ECC-8EF3-B9122924A1E3,3,TCGA-69-A59K-01,0.14870253169994396,0.026640985197126956,979.9474921756472,0.9799474921756473,0.17915623152189408,36.783455451239384,1.1032557902713225,0.34933357635394713,0.8838587995416279,2.522476208934379,1,1.0,6.724835068832771,26640.922697126956,,,0.0,1000.0,True,,4,TCGA-69-A59K-01,TCGA-69-A59K,Female,Stage IIB,60,0:LIVING,19.42,0,II,matched
TCGA-69-A59K,TCGA-69-A59K-01Z-00-DX1.01EAF520-9AC1-4ECC-8EF3-B9122924A1E3,4,TCGA-69-A59K-01,0.21222602516606784,0.0660426875,1796.5386719675228,1.7965386719675227,0.31119033327001855,27.202688745328885,1.0534324884176793,0.27655918152293146,0.8695387617066629,1.1203586566232848,1,1.0,4.711957448279472,65958.78125,,,0.0,1000.0,True,,5,TCGA-69-A59K-01,TCGA-69-A59K,Female,Stage IIB,60,0:LIVING,19.42,0,II,matched
TCGA-73-4666,TCGA-73-4666-01Z-00-DX1.dd9c8922-ddd1-4674-8124-9e334532e47e,1,TCGA-73-4666-01,0.1384229039692754,0.02658671875,1160.876460711806,1.160876460711806,0.1920687833272248,43.66377331583297,1.1321141813568885,0.24877015715542175,0.7613204187226061,1.3124517734285417,1,1.0,7.2242379788677304,26586.59375,,,0.0,1000.0,True,,2,TCGA-73-4666-01,TCGA-73-4666,Female,Stage IV,52,0:LIVING,26.28,0,IV,matched
TCGA-73-4666,TCGA-73-4666-01Z-00-DX1.dd9c8922-ddd1-4674-8124-9e334532e47e,2,TCGA-73-4666-01,54.45371566130761,31.85234809313463,786309.8197381851,786.3098197381852,0.5849435195800144,24.6860864837674,1.6651114384627923,0.053828069449149196,0.5981419157364414,1.3732501752765711,438,0.49386099749727935,8.043528245607366,3906.734375,130.19457638718546,11.845357740482134,0.9588610149450694,1000.0,True,,3,TCGA-73-4666-01,TCGA-73-4666,Female,Stage IV,52,0:LIVING,26.28,0,IV,matched
TCGA-73-4666,TCGA-73-4666-01Z-00-DX1.dd9c8922-ddd1-4674-8124-9e334532e47e,3,TCGA-73-4666-01,5.157553679325853,2.670228607593152,79080.7223239989,79.0807223239989,0.5177316172775499,29.61571233980577,1.6009028631504936,0.09765088159141572,0.6738793248448862,1.2888501251327242,40,0.5084213874465088,7.755614868409556,12921.4375,176.78274979476927,16.903223410285058,0.8309946256503606,1000.0,True,,4,TCGA-73-4666-01,TCGA-73-4666,Female,Stage IV,52,0:LIVING,26.28,0,IV,matched
TCGA-73-4666,TCGA-73-4666-01Z-00-DX1.dd9c8922-ddd1-4674-8124-9e334532e47e,4,TCGA-73-4666-01,0.7772226801210479,0.27094507185126004,5545.002747151471,5.545002747151472,0.34860674910961414,20.465412820630657,1.1464872425621984,0.3522844025360313,0.8961195423013482,1.593571961537501,3,0.45191856545558545,3.859897654469846,113633.0,444.6846187538422,33.0,0.4292477420502666,1000.0,True,,5,TCGA-73-4666-01,TCGA-73-4666,Female,Stage IV,52,0:LIVING,26.28,0,IV,matched
TCGA-73-4668,TCGA-73-4668-01Z-00-DX1.3470b27e-210f-4ff3-9dde-69aa85faa9ee,1,TCGA-73-4668-01,84.94736623558502,27.973191169377884,2323430.754475631,2323.4307544756307,0.3293002762651837,83.05919551356297,1.7711182491723791,0.07713854445657482,0.5730945814886798,2.285750669886965,1523,0.12569714542662896,17.928748912311836,3131.03125,112.2825850532931,9.280355596635292,0.9740420566311148,1000.0,True,,2,TCGA-73-4668-01,TCGA-73-4668,Female,Stage IIB,66,0:LIVING,15.34,0,II,matched
TCGA-73-4668,TCGA-73-4668-01Z-00-DX1.3470b27e-210f-4ff3-9dde-69aa85faa9ee,2,TCGA-73-4668-01,0.20197692405731707,0.00921484375,2100.3688847609897,2.10036888476099,0.04562325024508745,227.93320665485942,,0.19647740134575697,0.6763791133569592,2.166770621993732,3,0.3650158371596238,14.85318193651003,2132.90625,175.47009405095216,128.71091639794972,0.4766891891891892,1000.0,True,,3,TCGA-73-4668-01,TCGA-73-4668,Female,Stage IIB,66,0:LIVING,15.34,0,II,matched
TCGA-73-4668,TCGA-73-4668-01Z-00-DX1.3470b27e-210f-4ff3-9dde-69aa85faa9ee,3,TCGA-73-4668-01,0.20180077298432308,0.01360653125,1955.6470593540475,1.9556470593540476,0.06742556556538574,143.72855384093927,1.3227391411554146,0.09879314794315994,0.5331993092573143,1.9191252799546774,2,0.8943729766972148,9.910764812359615,6622.0625,146.81152883884835,5.25,0.14269971012688618,1000.0,True,,4,TCGA-73-4668-01,TCGA-73-4668,Female,Stage IIB,66,0:LIVING,15.34,0,II,matched
TCGA-73-4668,TCGA-73-4668-01Z-00-DX1.3470b27e-210f-4ff3-9dde-69aa85faa9ee,4,TCGA-73-4668-01,0.36020208887406535,0.06029575,9251.276620958324,9.251276620958324,0.16739422635908346,153.4316534906411,1.4177186560946424,0.052058540818778296,0.5710944007515899,1.8889044993179507,4,0.5770506846317048,11.104877299583038,9983.015625,161.36261088618596,8.076971638232989,0.47474901532000546,1000.0,True,,5,TCGA-73-4668-01,TCGA-73-4668,Female,Stage IIB,66,0:LIVING,15.34,0,II,matched
TCGA-73-4670,TCGA-73-4670-01Z-00-DX1.a92a23d5-01aa-45a2-9f83-4784cd65fd58,1,TCGA-73-4670-01,0.21967908217805168,0.015078970339335316,2521.5779661491347,2.5215779661491347,0.06864090194583793,167.22481107156858,1.168830993597584,0.14198082825547031,0.5220415613836149,2.279018324904284,3,0.528176003671172,13.65628429550919,5343.3125,165.36668535409422,52.55057088177064,0.31648686679174487,1000.0,True,,2,TCGA-73-4670-01,TCGA-73-4670,Female,Stage IV,69,0:LIVING,4.3,0,IV,matched
TCGA-73-4670,TCGA-73-4670-01Z-00-DX1.a92a23d5-01aa-45a2-9f83-4784cd65fd58,2,TCGA-73-4670-01,0.20180077298432308,0.032637525009789024,2409.7228844097754,2.4097228844097756,0.16173141721476197,73.8328927725685,1.0959027997954258,0.18417322137359504,0.6495950198184631,1.0264063341360385,1,1.0,4.955382406179807,30411.15625,,,0.0,1000.0,True,,3,TCGA-73-4670-01,TCGA-73-4670,Female,Stage IV,69,0:LIVING,4.3,0,IV,matched
TCGA-73-4670,TCGA-73-4670-01Z-00-DX1.a92a23d5-01aa-45a2-9f83-4784cd65fd58,3,TCGA-73-4670-01,0.2843993913717808,0.051559506561582376,2923.864986739277,2.923864986739277,0.1812926051384592,56.708552539133194,1.1781525513118205,0.2018807765822575,0.6296087542600114,1.6666586790452946,2,0.9299274993421485,7.032363854061496,24523.484375,305.71688291620404,4.138236339311712,0.33559782608695654,1000.0,True,,4,TCGA-73-4670-01,TCGA-73-4670,Female,Stage IV,69,0:LIVING,4.3,0,IV,matched
TCGA-73-4670,TCGA-73-4670-01Z-00-DX1.a92a23d5-01aa-45a2-9f83-4784cd65fd58,4,TCGA-73-4670-01,0.28655724347093087,0.01570225156079818,3715.730693716654,3.715730693716654,0.054796212339999914,236.63680837933128,1.1641984518464015,0.15577345696945671,0.5970553352596943,2.231209636959354,5,0.4778255798885577,17.448520719411558,1456.46875,110.72518415541245,37.088576408376746,0.5419739906832298,1000.0,True,,5,TCGA-73-4670-01,TCGA-73-4670,Female,Stage IV,69,0:LIVING,4.3,0,IV,matched
TCGA-73-4670,TCGA-73-4670-01Z-00-DX1.a92a23d5-01aa-45a2-9f83-4784cd65fd58,5,TCGA-73-4670-01,16.640623479159952,6.609928766907014,262401.2208313401,262.40122083134014,0.3972164129057438,39.69804064229358,1.6343126875196043,0.15451657687314402,0.7187450876968111,1.662215744829337,216,0.17038849336698828,12.980282876450495,5292.75,123.24660157218243,10.190199897338703,0.9171516438682252,1000.0,True,,6,TCGA-73-4670-01,TCGA-73-4670,Female,Stage IV,69,0:LIVING,4.3,0,IV,matched
TCGA-73-4670,TCGA-73-4670-01Z-00-DX1.a92a23d5-01aa-45a2-9f83-4784cd65fd58,6,TCGA-73-4670-01,0.43912608217805166,0.052324134157697814,5412.839073921032,5.412839073921032,0.11915514992453134,103.4482301724759,1.3913518882761882,0.12054853873515033,0.6735587355606363,1.5848137516661833,4,0.5860856257244577,9.109001178340682,9359.4375,225.23094905425057,50.531753345435575,0.41733186141304346,1000.0,True,,7,TCGA-73-4670-01,TCGA-73-4670,Female,Stage IV,69,0:LIVING,4.3,0,IV,matched
TCGA-73-4670,TCGA-73-4670-01Z-00-DX1.a92a23d5-01aa-45a2-9f83-4784cd65fd58,7,TCGA-73-4670-01,0.24864277298432258,0.0582126875,1762.0031380615767,1.7620031380615766,0.23412177559518463,30.268369555375305,1.106357626615118,0.35581123920652175,0.963765816061286,1.9016802406632984,1,1.0,4.0218341679412175,57410.65625,,,0.0,1000.0,True,,8,TCGA-73-4670-01,TCGA-73-4670,Female,Stage IV,69,0:LIVING,4.3,0,IV,matched
TCGA-73-4670,TCGA-73-4670-01Z-00-DX1.a92a23d5-01aa-45a2-9f83-4784cd65fd58,8,TCGA-73-4670-01,0.6196193913717808,0.1801045625,9812.810675567947,9.812810675567947,0.2906696675539236,54.483964977666496,1.3036621743243038,0.05111111575332042,0.5725389357409478,1.5705844816608303,3,0.9643283116014023,4.841681912759821,3228.375,117.75165869320058,2.850438562747845,0.357570727482679,1000.0,True,,9,TCGA-73-4670-01,TCGA-73-4670,Female,Stage IV,69,0:LIVING,4.3,0,IV,matched
TCGA-73-7499,TCGA-73-7499-01Z-00-DX1.81f5c1c1-3d40-4773-a1fb-e1f8eb9f6730,1,TCGA-73-7499-01,16.834128421389163,5.729146901199617,303018.42394174216,303.0184239417422,0.3403292857098713,52.89067101391546,1.692729788649408,0.09526498557090252,0.614725316555758,1.6231637352608308,236,0.14977679544870068,14.019139814814666,3872.140625,135.97862103777823,15.599374677110365,0.9434259944752239,1000.0,True,,2,TCGA-73-7499-01,TCGA-73-7499,Female,Stage IB,81,1:DECEASED,50.3,1,I,matched
TCGA-73-7499,TCGA-73-7499-01Z-00-DX1.81f5c1c1-3d40-4773-a1fb-e1f8eb9f6730,2,TCGA-73-7499-01,14.150604071143636,4.2820525264043265,333546.75437516614,333.54675437516613,0.3026056347047703,77.89412958351727,1.6862563384801814,0.12994635786069172,0.5867867223715846,1.6771571384719188,377,0.31994361693654805,26.64197218045203,3228.34375,93.87799595751925,10.5,0.958175807432528,1000.0,True,,3,TCGA-73-7499-01,TCGA-73-7499,Female,Stage IB,81,1:DECEASED,50.3,1,I,matched
TCGA-73-7499,TCGA-73-7499-01Z-00-DX1.81f5c1c1-3d40-4773-a1fb-e1f8eb9f6730,3,TCGA-73-7499-01,0.2490298451728128,0.03635853125,4133.216214593619,4.133216214593619,0.14600069812824729,113.67940542410165,1.3168917239435878,0.10822409175491747,0.5680717007284868,1.7234366171846776,4,0.6624838319261498,16.062331794906846,5275.140625,146.3828194355267,13.650310547026155,0.5568959553737011,1000.0,True,,4,TCGA-73-7499-01,TCGA-73-7499,Female,Stage IB,81,1:DECEASED,50.3,1,I,matched
TCGA-73-7499,TCGA-73-7499-01Z-00-DX1.81f5c1c1-3d40-4773-a1fb-e1f8eb9f6730,4,TCGA-73-7499-01,1.4108967206535532,0.629483125,18280.583725187265,18.280583725187267,0.44615818846641864,29.040625553206475,1.4460158588388627,0.06805643552475739,0.8167870591364668,1.3047925079474683,8,0.9415987809101419,5.670152806290636,4323.640625,141.6838417010012,13.923658820566601,0.5863092775311018,1000.0,True,,5,TCGA-73-7499-01,TCGA-73-7499,Female,Stage IB,81,1:DECEASED,50.3,1,I,matched
TCGA-73-7499,TCGA-73-7499-01Z-00-DX1.81f5c1c1-3d40-4773-a1fb-e1f8eb9f6730,5,TCGA-73-7499-01,0.3478840821780517,0.09606417078339241,3919.511467085019,3.919511467085019,0.2761384487095489,40.80097121665495,1.184537212474687,0.08987476358822347,0.6177154906170211,2.164292554365151,1,1.0,2.874520713161537,95942.21875,,,0.0,1000.0,True,,6,TCGA-73-7499-01,TCGA-73-7499,Female,Stage IB,81,1:DECEASED,50.3,1,I,matched
TCGA-73-7499,TCGA-73-7499-01Z-00-DX1.81f5c1c1-3d40-4773-a1fb-e1f8eb9f6730,6,TCGA-73-7499-01,8.19095721499379,1.347143897113724,137480.19840634073,137.48019840634072,0.16446721204302434,102.05309076550331,1.5310922654973984,0.11823751005584741,0.5056614535138274,2.159467706028253,83,0.10080924533236361,10.133125814412269,5048.59375,169.26561274000693,16.00195300580526,0.9295450852528855,1000.0,True,,7,TCGA-73-7499-01,TCGA-73-7499,Female,Stage IB,81,1:DECEASED,50.3,1,I,matched
TCGA-73-7499,TCGA-73-7499-01Z-00-DX1.81f5c1c1-3d40-4773-a1fb-e1f8eb9f6730,7,TCGA-73-7499-01,1.378901588663833,0.1359138748351362,28172.37321034805,28.172373210348052,0.09856676934199333,207.2810685775915,1.4221277467616749,0.13429958582157844,0.5794678529566474,1.9322348412096768,27,0.1681500482376111,19.580802736011947,3126.71875,118.08577391032334,24.06371750166628,0.836330891411277,1000.0,True,,8,TCGA-73-7499-01,TCGA-73-7499,Female,Stage IB,81,1:DECEASED,50.3,1,I,matched
TCGA-73-7499,TCGA-73-7499-01Z-00-DX1.81f5c1c1-3d40-4773-a1fb-e1f8eb9f6730,8,TCGA-73-7499-01,10.19190229019851,4.363227736107765,238262.7950648793,238.2627950648793,0.42810729654500856,54.60700414354777,1.6931856778792609,0.08243457271640432,0.5534425482084038,1.8544878047004227,127,0.32869274960506595,12.460872993468072,5082.0,111.34028990554138,8.070006195784487,0.9107914821913949,1000.0,True,,9,TCGA-73-7499-01,TCGA-73-7499,Female,Stage IB,81,1:DECEASED,50.3,1,I,matched
TCGA-73-7499,TCGA-73-7499-01Z-00-DX1.81f5c1c1-3d40-4773-a1fb-e1f8eb9f6730,9,TCGA-73-7499-01,1.2989658921473937,0.18418916073253983,34891.79183182579,34.891791831825785,0.14179676452323653,189.43455572009464,1.5377309526288547,0.1383375370808158,0.6370309433531894,2.083895077325084,42,0.1618852985654378,32.33341248904345,2570.1875,71.53286183296086,8.38525491562421,0.784112545057507,1000.0,True,,10,TCGA-73-7499-01,TCGA-73-7499,Female,Stage IB,81,1:DECEASED,50.3,1,I,matched
TCGA-75-6214,TCGA-75-6214-01Z-00-DX1.00424C13-65B8-4872-81EB-EE207AB3F78C,1,TCGA-75-6214-01,22.910814164668018,17.904697808101297,128026.50360501747,128.02650360501747,0.7814954841593137,7.15044202237748,,0.04626836879826009,0.8089762917717951,1.6342913422874366,46,0.9346941527715137,2.0077854793540704,2699.5625,155.10849998461697,13.400093283257396,0.857137739914697,1000.0,True,,2,TCGA-75-6214-01,TCGA-75-6214,Female,Stage IIIA,,1:DECEASED,36.63,1,III,matched
TCGA-75-6214,TCGA-75-6214-01Z-00-DX1.00424C13-65B8-4872-81EB-EE207AB3F78C,2,TCGA-75-6214-01,0.24890012018976787,0.041308973765246934,2721.2143569692926,2.7212143569692926,0.1659660659615267,65.87465407476762,,0.19385436692424418,0.7370192050579887,1.4051070741176392,2,0.8433264534192227,8.035351684342894,19508.218683639123,377.684397223727,114.05179744309162,0.32344516173679216,1000.0,True,,3,TCGA-75-6214-01,TCGA-75-6214,Female,Stage IIIA,,1:DECEASED,36.63,1,III,matched
TCGA-75-6214,TCGA-75-6214-01Z-00-DX1.00424C13-65B8-4872-81EB-EE207AB3F78C,3,TCGA-75-6214-01,0.1600826445589931,0.05253892569615967,2414.638982952751,2.4146389829527513,0.3281987615890379,45.95904752443861,1.2450689749258665,0.2712688642657203,0.7777661593804659,1.4975251395213727,3,0.8868863545521329,18.74032009069197,4529.0,117.83423835026923,7.433034373659253,0.3636512742642951,1000.0,True,,4,TCGA-75-6214-01,TCGA-75-6214,Female,Stage IIIA,,1:DECEASED,36.63,1,III,matched
TCGA-78-7220,TCGA-78-7220-01Z-00-DX1.3df84ce0-4395-4c9e-ba62-76b55676a440,1,TCGA-78-7220-01,0.3133600888740651,0.0662404375,1806.9797974644432,1.8069797974644433,0.21138760120348662,27.279104209787914,1.081481175569975,0.5106218116367733,0.9683486809195625,1.2275691039569199,2,0.5280956177554265,6.382433727237585,33120.15625,285.8074157649693,94.49404743157105,0.31332492236024845,1000.0,True,,2,TCGA-78-7220-01,TCGA-78-7220,Female,Stage IIIA,53,1:DECEASED,26.51,1,III,matched
TCGA-78-7220,TCGA-78-7220-01Z-00-DX1.3df84ce0-4395-4c9e-ba62-76b55676a440,2,TCGA-78-7220-01,186.90228122932857,125.92734943135532,1722796.9405609504,1722.7969405609504,0.6737603661286661,13.680879875106637,1.711600180974597,0.053749220157116355,0.6899987821031753,1.4935140644109155,737,0.365580833604203,3.943237049609379,8384.21875,180.8765549345741,13.777245733454855,0.9834240248075415,1000.0,True,,3,TCGA-78-7220-01,TCGA-78-7220,Female,Stage IIIA,53,1:DECEASED,26.51,1,III,matched
TCGA-78-7220,TCGA-78-7220-01Z-00-DX1.3df84ce0-4395-4c9e-ba62-76b55676a440,3,TCGA-78-7220-01,0.8289324802458465,0.19857213616050826,7009.883460859046,7.009883460859046,0.23955164128882406,35.3014455925119,1.290661144215831,0.18505196375163246,0.7115100678026245,2.9955086707379315,4,0.595200788248551,4.825483492713027,33321.78125,148.95549436225093,27.186470040502634,0.3242989308277576,1000.0,True,,4,TCGA-78-7220-01,TCGA-78-7220,Female,Stage IIIA,53,1:DECEASED,26.51,1,III,matched
TCGA-78-7220,TCGA-78-7220-01Z-00-DX1.3df84ce0-4395-4c9e-ba62-76b55676a440,4,TCGA-78-7220-01,3.203903015994609,1.70295996875,32480.90246254645,32.48090246254645,0.5315266911165657,19.07320375028425,1.4706280970936292,0.15836827737869716,0.78792004438701,1.3301100845862364,20,0.5968740606236371,6.242386208370064,13039.875,186.16569392296907,14.73090254702664,0.8129223341133536,1000.0,True,,5,TCGA-78-7220-01,TCGA-78-7220,Female,Stage IIIA,53,1:DECEASED,26.51,1,III,matched
TCGA-83-5908,TCGA-83-5908-01Z-00-DX1.381c8f82-61a0-4e9d-982d-1ad0af7bead9,1,TCGA-83-5908-01,77.98219608100038,29.52506424693643,1397309.7450996407,1397.3097450996406,0.3786128851291728,47.32622199948736,1.6683936682111784,0.14416971394066613,0.628414733544821,1.9237558239773191,1417,0.05204766326714119,18.170814252629626,4677.0,119.5183040374988,15.90990257669732,0.9623479119835822,1000.0,True,,2,TCGA-83-5908-01,TCGA-83-5908,Female,Stage IA,59,0:LIVING,27.07,0,I,matched
TCGA-86-6851,TCGA-86-6851-01Z-00-DX1.0b13e600-fd7b-44a2-9ec2-26e9938fb7bc,1,TCGA-86-6851-01,2.281446955514172,0.8693934184505022,31837.712950974925,31.837712950974925,0.3810710638479719,36.62060498194071,1.5086677999170173,0.12139088780679082,0.6096005410080375,1.8545353091111612,23,0.6126572674095271,10.081321393166673,5895.0,144.5934089308707,15.876476309307428,0.8340149518825416,1000.0,True,,2,TCGA-86-6851-01,TCGA-86-6851,Female,Stage IIA,73,0:LIVING,5.88,0,II,matched
TCGA-86-6851,TCGA-86-6851-01Z-00-DX1.0b13e600-fd7b-44a2-9ec2-26e9938fb7bc,2,TCGA-86-6851-01,1.4942169068021767,0.567622875,18149.18910141645,18.14918910141645,0.37987983700090006,31.974026947762546,1.497741893811595,0.13945507132486093,0.692748448000541,2.152803802425302,9,0.689581882971989,6.023221902408533,16043.03125,174.0982570992599,7.754031209635412,0.37824377860220526,1000.0,True,,3,TCGA-86-6851-01,TCGA-86-6851,Female,Stage IIA,73,0:LIVING,5.88,0,II,matched
TCGA-86-6851,TCGA-86-6851-01Z-00-DX1.0b13e600-fd7b-44a2-9ec2-26e9938fb7bc,3,TCGA-86-6851-01,1.5066640263931224,0.2528308859562055,21110.209012124058,21.11020901212406,0.16780840421435556,83.49537253838795,1.4295316031068195,0.21969940332551535,0.6715007235409924,1.6752825083758816,25,0.282916248047912,16.59294943136642,2830.65625,176.19954951701777,25.269794221560254,0.8373113320555823,1000.0,True,,4,TCGA-86-6851-01,TCGA-86-6851,Female,Stage IIA,73,0:LIVING,5.88,0,II,matched
TCGA-86-6851,TCGA-86-6851-01Z-00-DX1.0b13e600-fd7b-44a2-9ec2-26e9938fb7bc,4,TCGA-86-6851-01,3.452485269455098,1.26610346875,58654.05682226919,58.65405682226919,0.36672233765962675,46.32643245198375,1.6361908427558176,0.12366613681904395,0.6078951047883462,1.7058254163502298,41,0.3074330929197843,11.875503238996002,5141.4375,159.7964036672916,18.388175548433292,0.8945018046171699,1000.0,True,,5,TCGA-86-6851-01,TCGA-86-6851,Female,Stage IIA,73,0:LIVING,5.88,0,II,matched
TCGA-86-6851,TCGA-86-6851-01Z-00-DX1.0b13e600-fd7b-44a2-9ec2-26e9938fb7bc,5,TCGA-86-6851-01,1.2873477529442006,0.29289649416213703,13705.935170447305,13.705935170447304,0.22751932684255247,46.794466453600464,1.3387146909049392,0.15574025307763442,0.5591489525638007,2.053756447575375,13,0.45600108463784095,10.098281501846438,4814.125,144.4057326597528,25.495097567963924,0.7107790985620013,1000.0,True,,6,TCGA-86-6851-01,TCGA-86-6851,Female,Stage IIA,73,0:LIVING,5.88,0,II,matched
TCGA-86-6851,TCGA-86-6851-01Z-00-DX1.0b13e600-fd7b-44a2-9ec2-26e9938fb7bc,6,TCGA-86-6851-01,0.3199107514032012,0.05343554402205377,4369.693018890875,4.3696930188908745,0.16703266078952753,81.775026321196,1.2407170515113584,0.37530471197726445,0.8207645051923316,1.9941884805419239,6,0.3881209964896901,18.755230868867763,7519.162636026886,124.0430121568848,40.24922359499622,0.438082298136646,1000.0,True,,7,TCGA-86-6851-01,TCGA-86-6851,Female,Stage IIA,73,0:LIVING,5.88,0,II,matched
TCGA-86-6851,TCGA-86-6851-01Z-00-DX1.0b13e600-fd7b-44a2-9ec2-26e9938fb7bc,7,TCGA-86-6851-01,0.6082468685544022,0.1601034495924519,9865.912373048886,9.865912373048886,0.26322116540108764,61.622109943057815,1.4057814112985427,0.1474045187176274,0.6752804723347993,2.392262209649621,9,0.5682210683299684,14.796623649522383,2482.53125,132.90692231783865,15.799525309324961,0.6254019813034913,1000.0,True,,8,TCGA-86-6851-01,TCGA-86-6851,Female,Stage IIA,73,0:LIVING,5.88,0,II,matched
TCGA-86-8056,TCGA-86-8056-01Z-00-DX1.eee7e03a-842c-4a44-bff8-f7b906725605,1,TCGA-86-8056-01,0.26191823677491577,0.03051245483419964,3925.584819808921,3.925584819808921,0.11649610660910595,128.6551620031883,1.2931576299220633,0.18513955486209363,0.6950527345413142,1.6408997066565356,4,0.36697444802009255,15.27194153890656,8421.171875,112.43242252823586,19.704779443137426,0.4670382254637625,1000.0,True,,2,TCGA-86-8056-01,TCGA-86-8056,Female,Stage IIIA,63,0:LIVING,4.57,0,III,matched
TCGA-86-8056,TCGA-86-8056-01Z-00-DX1.eee7e03a-842c-4a44-bff8-f7b906725605,2,TCGA-86-8056-01,0.6404239950949926,0.11671015272284599,14547.560469880586,14.547560469880585,0.18223888176696854,124.64691486118588,1.4847407657555902,0.13836166128316135,0.6096349466380485,2.034173724623421,16,0.1860549422065233,24.98344865673991,4391.703125,70.0811943528411,12.43158831282625,0.7707164192831979,1000.0,True,,3,TCGA-86-8056-01,TCGA-86-8056,Female,Stage IIIA,63,0:LIVING,4.57,0,III,matched
TCGA-86-8056,TCGA-86-8056-01Z-00-DX1.eee7e03a-842c-4a44-bff8-f7b906725605,3,TCGA-86-8056-01,0.922181515781059,0.14336859349534922,17143.36150040804,17.143361500408037,0.15546678288592727,119.57543198583556,1.3905098062902461,0.15835741569626896,0.5302230408319963,1.9824806211993982,20,0.22631515669209473,21.687704272689334,3201.4375,146.4112477927232,6.254998001598402,0.7617301143457704,1000.0,True,,4,TCGA-86-8056-01,TCGA-86-8056,Female,Stage IIIA,63,0:LIVING,4.57,0,III,matched
TCGA-86-8056,TCGA-86-8056-01Z-00-DX1.eee7e03a-842c-4a44-bff8-f7b906725605,4,TCGA-86-8056-01,0.3210812367749163,0.04279385569982405,6269.922252802397,6.269922252802397,0.13328046238286828,146.51454397525055,1.4365608657218398,0.1548227564407775,0.5646554676269335,1.726612348790411,5,0.38331747628881163,15.572383021263525,7624.34375,178.1439025058113,4.25,0.5672544781163746,1000.0,True,,5,TCGA-86-8056-01,TCGA-86-8056,Female,Stage IIIA,63,0:LIVING,4.57,0,III,matched
TCGA-86-8056,TCGA-86-8056-01Z-00-DX1.eee7e03a-842c-4a44-bff8-f7b906725605,5,TCGA-86-8056-01,1.692145291708265,0.40370864127560546,29623.099900573692,29.623099900573692,0.23857800110536076,73.37742339864971,1.5547934751114223,0.111419682927294,0.6180952265108524,2.18681219062377,19,0.21364515397093398,11.228350244569722,13668.46875,177.8967397115529,15.350081433008752,0.8198221908998413,1000.0,True,,6,TCGA-86-8056-01,TCGA-86-8056,Female,Stage IIIA,63,0:LIVING,4.57,0,III,matched
TCGA-86-8056,TCGA-86-8056-01Z-00-DX1.eee7e03a-842c-4a44-bff8-f7b906725605,6,TCGA-86-8056-01,9.747049215539992,2.9749953582895023,187476.4053836945,187.4764053836945,0.30522010225888513,63.017377442728375,1.4332392790569757,0.07769866438977409,0.5723987256904565,2.1465143008776773,105,0.2198346145005815,10.7724910050311,4074.4375,135.22625715814218,7.75,0.9356025046520575,1000.0,True,,7,TCGA-86-8056-01,TCGA-86-8056,Female,Stage IIIA,63,0:LIVING,4.57,0,III,matched
TCGA-86-8056,TCGA-86-8056-01Z-00-DX1.eee7e03a-842c-4a44-bff8-f7b906725605,7,TCGA-86-8056-01,0.3989801792101643,0.04220646392811629,7315.544385043044,7.315544385043044,0.10578586638481577,173.32758312808372,1.3818651135309046,0.20112195566505306,0.609893512429734,1.8871875164641114,11,0.2723762868827687,27.57029189213359,2450.5228807169115,87.14759391400315,8.276472678623424,0.5582463548122358,1000.0,True,,8,TCGA-86-8056-01,TCGA-86-8056,Female,Stage IIIA,63,0:LIVING,4.57,0,III,matched
TCGA-86-8056,TCGA-86-8056-01Z-00-DX1.eee7e03a-842c-4a44-bff8-f7b906725605,8,TCGA-86-8056-01,0.3624382501669439,0.07807096487197863,3102.8228497959917,3.1028228497959915,0.21540487196375685,39.74362113858877,,0.1880173085604507,0.7350667743807513,1.4901001284999704,3,0.9218270362282445,8.277272055634745,4920.71875,47.065944429066754,5.755432216610669,0.33602908662745257,1000.0,True,,9,TCGA-86-8056-01,TCGA-86-8056,Female,Stage IIIA,63,0:LIVING,4.57,0,III,matched
TCGA-86-8056,TCGA-86-8056-01Z-00-DX1.eee7e03a-842c-4a44-bff8-f7b906725605,9,TCGA-86-8056-01,1.363589562423897,0.43328192574666996,23301.658342821498,23.301658342821497,0.31775098437720095,53.77943772444698,1.4528210902525203,0.06479419892314671,0.5901512385811298,2.6851155105983793,13,0.5911212142072528,9.533660537039745,5486.816378021366,172.6217075174788,10.253048327204938,0.8531397055285193,1000.0,True,,10,TCGA-86-8056-01,TCGA-86-8056,Female,Stage IIIA,63,0:LIVING,4.57,0,III,matched
TCGA-95-7039,TCGA-95-7039-01Z-00-DX1.C191A46D-A667-4BF6-8E6B-3E5CBF9DF43F,1,TCGA-95-7039-01,80.42871586372465,22.669129099854093,1576470.5584939404,1576.4705584939404,0.28185367447944587,69.5426168138099,,0.11282454513711768,0.5790021732594539,1.8599109803841558,1348,0.06655089124800727,16.760183045617683,3757.966518635978,123.4413357964205,13.981012795036525,0.9832200234162733,1000.0,True,,2,TCGA-95-7039-01,TCGA-95-7039,Female,Stage IIB,54,0:LIVING,41.79,0,II,matched
TCGA-95-7039,TCGA-95-7039-01Z-00-DX1.C191A46D-A667-4BF6-8E6B-3E5CBF9DF43F,2,TCGA-95-7039-01,0.20989588624186126,0.01981564072978469,2567.5968502146115,2.5675968502146116,0.09440699903451796,129.57425324911563,,0.266814677658203,0.669148685154347,1.4887187337654013,6,0.49712346928396195,28.585600734862666,1999.296875,85.01626682582575,19.79898987322333,0.5344399659233726,1000.0,True,,3,TCGA-95-7039-01,TCGA-95-7039,Female,Stage IIB,54,0:LIVING,41.79,0,II,matched
TCGA-95-7039,TCGA-95-7039-01Z-00-DX1.C191A46D-A667-4BF6-8E6B-3E5CBF9DF43F,3,TCGA-95-7039-01,4.595476993316651,0.969525365436299,84257.77356138788,84.25777356138788,0.2109738264050306,86.90620850695412,,0.0889637758580823,0.5757556630703291,1.5867391455542994,57,0.2675136039193998,12.403500242281035,3843.6875,141.00354605470034,10.062305898749054,0.9127373553413527,1000.0,True,,4,TCGA-95-7039-01,TCGA-95-7039,Female,Stage IIB,54,0:LIVING,41.79,0,II,matched
TCGA-95-7039,TCGA-95-7039-01Z-00-DX1.C191A46D-A667-4BF6-8E6B-3E5CBF9DF43F,4,TCGA-95-7039-01,2.0254268176048886,0.40667933578453874,39745.56039974771,39.74556039974771,0.20078698092160444,97.73193989085581,,0.14589097078312138,0.5788185871869286,2.04721485025381,42,0.13023947005595596,20.736370050469617,3184.285121001878,134.43443887781035,24.046450737404026,0.9043143691471767,1000.0,True,,5,TCGA-95-7039-01,TCGA-95-7039,Female,Stage IIB,54,0:LIVING,41.79,0,II,matched
TCGA-95-7039,TCGA-95-7039-01Z-00-DX1.C191A46D-A667-4BF6-8E6B-3E5CBF9DF43F,5,TCGA-95-7039-01,0.3476084719310961,0.06480079190725967,6809.277019269938,6.809277019269938,0.18641890845544365,105.0801513199886,1.4582799216354012,0.0883409821600006,0.4498386491393207,3.6936448742309005,4,0.8076628256589443,11.507199401034422,4686.8125,126.4914431515442,17.78594328753172,0.5185868609172051,1000.0,True,,6,TCGA-95-7039-01,TCGA-95-7039,Female,Stage IIB,54,0:LIVING,41.79,0,II,matched
TCGA-95-7039,TCGA-95-7039-01Z-00-DX1.C191A46D-A667-4BF6-8E6B-3E5CBF9DF43F,6,TCGA-95-7039-01,0.27745767425879797,0.046147661530598474,5903.979878934562,5.903979878934562,0.16632324787511324,127.93670758419458,,0.16840473898850616,0.6208867538886033,2.191365239848505,6,0.33755170514082766,21.62491996672442,6376.655778692487,101.6289974613545,16.850668131563484,0.6739012968299711,1000.0,True,,7,TCGA-95-7039-01,TCGA-95-7039,Female,Stage IIB,54,0:LIVING,41.79,0,II,matched
TCGA-95-7039,TCGA-95-7039-01Z-00-DX1.C191A46D-A667-4BF6-8E6B-3E5CBF9DF43F,7,TCGA-95-7039-01,0.508623177581187,0.15404504839444408,15870.00259361593,15.870002593615931,0.30286674926420404,103.02182873791295,,0.051657007388964504,0.5478003839036351,1.3376705271649614,10,0.8742365342652422,19.660920777452752,1730.328125,118.57465612234347,21.535674258698723,0.8145904938793855,1000.0,True,,8,TCGA-95-7039-01,TCGA-95-7039,Female,Stage IIB,54,0:LIVING,41.79,0,II,matched
TCGA-95-7039,TCGA-95-7039-01Z-00-DX1.C191A46D-A667-4BF6-8E6B-3E5CBF9DF43F,8,TCGA-95-7039-01,0.5245888359310127,0.09537321878809955,9149.750300508449,9.14975030050845,0.18180565855702244,95.93626404533317,,0.21913149623189165,0.6769587687510719,1.6232114738940246,11,0.3477683505774945,20.96880308266145,3595.5975969399187,125.55906229739054,13.975424859373685,0.6497093927615563,1000.0,True,,9,TCGA-95-7039-01,TCGA-95-7039,Female,Stage IIB,54,0:LIVING,41.79,0,II,matched
TCGA-95-7948,TCGA-95-7948-01Z-00-DX1.FF1AEF38-19E5-4475-87C8-B318204FEF1D,1,TCGA-95-7948-01,117.38011710495061,58.322668498671504,2310201.342491384,2310.201342491384,0.4968700827459959,39.61069343979017,,0.05074602455699262,0.6129516188566647,1.5966330754141393,1335,0.30257501683778587,11.373306083911677,3870.65625,129.0722302627486,9.7082439194738,0.973883367379892,1000.0,True,,2,TCGA-95-7948-01,TCGA-95-7948,Female,Stage IB,42,0:LIVING,15.64,0,I,matched
TCGA-95-7948,TCGA-95-7948-01Z-00-DX1.FF1AEF38-19E5-4475-87C8-B318204FEF1D,2,TCGA-95-7948-01,0.42092761032900733,0.07188412193449138,7805.242638899903,7.8052426388999026,0.17077549718894655,108.58089977106332,1.3754702556012746,0.16215261592869457,0.6672915830417427,1.7186568890491212,9,0.35646304039111126,21.381348666972404,3702.40625,117.68311861201674,7.458216945088149,0.7595814243538819,1000.0,True,,3,TCGA-95-7948-01,TCGA-95-7948,Female,Stage IB,42,0:LIVING,15.64,0,I,matched
TCGA-95-7948,TCGA-95-7948-01Z-00-DX1.FF1AEF38-19E5-4475-87C8-B318204FEF1D,3,TCGA-95-7948-01,1.5989029852319632,0.2107344610616224,21635.728668454296,21.635728668454295,0.1317994043466307,102.66820414401816,,0.13012450769206596,0.709617292857513,1.8922895081089017,24,0.5881113171729461,15.010291569702813,1844.8999872728684,100.00564437195533,8.56073513134361,0.82810350887498,1000.0,True,,4,TCGA-95-7948-01,TCGA-95-7948,Female,Stage IB,42,0:LIVING,15.64,0,I,matched
TCGA-95-7948,TCGA-95-7948-01Z-00-DX1.FF1AEF38-19E5-4475-87C8-B318204FEF1D,4,TCGA-95-7948-01,0.31092698345252645,0.0599390625,4729.013418798109,4.729013418798109,0.192775364281472,78.89702009934021,1.304120894259747,0.2296489535410183,0.7530696147798469,1.5501662613168252,7,0.529767276740078,22.51332426112444,4292.96875,109.12958180530154,9.0,0.5434123588439284,1000.0,True,,5,TCGA-95-7948-01,TCGA-95-7948,Female,Stage IB,42,0:LIVING,15.64,0,I,matched
TCGA-95-7948,TCGA-95-7948-01Z-00-DX1.FF1AEF38-19E5-4475-87C8-B318204FEF1D,5,TCGA-95-7948-01,0.191165618387458,0.01919040625,3471.1308614318627,3.471130861431863,0.10038628500185913,180.87844604289515,,0.2034455211373253,0.6754636941102745,2.4568385742315684,5,0.3303145208359907,26.15533087056433,3400.25,63.41545183352398,11.855905701379376,0.3562639821029083,1000.0,True,,6,TCGA-95-7948-01,TCGA-95-7948,Female,Stage IB,42,0:LIVING,15.64,0,I,matched
TCGA-95-7948,TCGA-95-7948-01Z-00-DX1.FF1AEF38-19E5-4475-87C8-B318204FEF1D,6,TCGA-95-7948-01,0.359744332178052,0.04922164677851249,4391.489490073821,4.391489490073821,0.1368239674006892,89.21866246845904,,0.20697837423372872,0.7886112140685435,1.3979100165844942,6,0.7007425620003747,16.678511552005098,2359.21875,146.7271292536335,38.07896416174252,0.5324905456075604,1000.0,True,,7,TCGA-95-7948-01,TCGA-95-7948,Female,Stage IB,42,0:LIVING,15.64,0,I,matched
TCGA-97-7938,TCGA-97-7938-01Z-00-DX1.d774d0a2-ee34-43ba-9d9d-34bf9718292e,1,TCGA-97-7938-01,45.7957256652024,8.685533397148637,1561129.9579518363,1561.1299579518363,0.18965816724132153,179.7391002450509,1.7199460057288325,0.10551654986674276,0.4936328362498355,2.12479197431309,1431,0.02095109589331445,31.247457687679717,2600.59375,90.96221743119503,7.668930825088983,0.9740126504178357,1000.0,True,,2,TCGA-97-7938-01,TCGA-97-7938,Female,Stage IA,76,1:DECEASED,0.59,1,I,matched
TCGA-97-7938,TCGA-97-7938-01Z-00-DX1.d774d0a2-ee34-43ba-9d9d-34bf9718292e,2,TCGA-97-7938-01,0.9155627223576043,0.1361083673389063,18607.380237477035,18.607380237477035,0.14866088801477495,136.71003922297547,1.485390209299094,0.20512485771411965,0.6262678078273223,1.692058195596069,28,0.2205470849824645,30.582284879291585,2700.3645125208095,118.26929018134842,31.643522243896932,0.8525530506420416,1000.0,True,,3,TCGA-97-7938-01,TCGA-97-7938,Female,Stage IA,76,1:DECEASED,0.59,1,I,matched
TCGA-97-7938,TCGA-97-7938-01Z-00-DX1.d774d0a2-ee34-43ba-9d9d-34bf9718292e,3,TCGA-97-7938-01,0.19002488920231858,0.019239960431054852,4807.45891773342,4.80745891773342,0.10124968635329742,249.86844099605284,1.5035106068425472,0.095289401276715,0.462378316831534,2.3194399041955958,6,0.2638252212188739,31.574811200715022,2924.4463364759117,88.6796777736764,4.650268809434569,0.34626103111936835,1000.0,True,,4,TCGA-97-7938-01,TCGA-97-7938,Female,Stage IA,76,1:DECEASED,0.59,1,I,matched
TCGA-97-8172,TCGA-97-8172-01Z-00-DX1.812ab977-692e-42f8-af57-7ce9084ab045,1,TCGA-97-8172-01,178.6742957630907,56.641342862649935,3744594.5786756803,3744.59457867568,0.31700890506238394,66.11062502094943,1.7655976221800505,0.23431899495121516,0.6577808802779843,1.7801952273412809,4655,0.006787355625868937,26.052992010513904,4966.46875,113.83300542900552,17.150072886142496,0.9825367462336398,1000.0,True,,2,TCGA-97-8172-01,TCGA-97-8172,Female,Stage IB,75,0:LIVING,17.9,0,I,matched
TCGA-97-8172,TCGA-97-8172-01Z-00-DX1.812ab977-692e-42f8-af57-7ce9084ab045,2,TCGA-97-8172-01,3.186864045734558,0.4528111553825243,61916.877372410316,61.91687737241032,0.1420867501356348,136.73885158616375,1.534007184598732,0.16835770012980633,0.5543443958939057,1.982763346737375,76,0.13354796272355707,23.847895269244955,2257.671875,96.31866463074537,13.311039560158166,0.8962589789143786,1000.0,True,,3,TCGA-97-8172-01,TCGA-97-8172,Female,Stage IB,75,0:LIVING,17.9,0,I,matched
TCGA-97-8172,TCGA-97-8172-01Z-00-DX1.812ab977-692e-42f8-af57-7ce9084ab045,3,TCGA-97-8172-01,2.0037802886559115,0.3372493076689424,25826.66583352904,25.82666583352904,0.16830653020105374,76.58033759073435,1.3751823028089125,0.2918816521628648,0.7763700568684037,1.9742062277255248,43,0.1057065144402614,21.459438563917296,3867.5426122988592,117.3198752343353,25.447249360196086,0.8365625398397232,1000.0,True,,4,TCGA-97-8172-01,TCGA-97-8172,Female,Stage IB,75,0:LIVING,17.9,0,I,matched
TCGA-97-8172,TCGA-97-8172-01Z-00-DX1.812ab977-692e-42f8-af57-7ce9084ab045,4,TCGA-97-8172-01,3.7030813774668565,0.8116055670803765,78914.06383534792,78.91406383534792,0.21917032988229018,97.23203861110622,1.6643179032977036,0.19499266632584888,0.5872070945172657,1.739333077414498,111,0.20284241753699275,29.975036647974253,2751.8125,99.21323311433812,18.18309654596818,0.8574952159034424,1000.0,True,,5,TCGA-97-8172-01,TCGA-97-8172,Female,Stage IB,75,0:LIVING,17.9,0,I,matched
TCGA-97-8172,TCGA-97-8172-01Z-00-DX1.812ab977-692e-42f8-af57-7ce9084ab045,5,TCGA-97-8172-01,0.2105997199525349,0.017388220010647118,3024.9846000524817,3.024984600052482,0.08256525704101642,173.9674675268791,1.313470707215948,0.1156435487447543,0.6582771726099286,2.3894923328364284,2,0.6447990160474415,9.496688791660128,6720.262658839387,206.29382110232967,47.28239630137204,0.26323734324198794,1000.0,True,,6,TCGA-97-8172-01,TCGA-97-8172,Female,Stage IB,75,0:LIVING,17.9,0,I,matched
TCGA-97-8172,TCGA-97-8172-01Z-00-DX1.812ab977-692e-42f8-af57-7ce9084ab045,6,TCGA-97-8172-01,0.39776345632481636,0.04245615431667922,6683.331710862118,6.6833317108621175,0.10673719176959594,157.41726537479914,1.3058833697634453,0.19771255820927142,0.6140278547182529,2.449651059164748,11,0.21245458883469612,27.654626952500443,2334.96875,105.28430631509143,52.25,0.6616380805513074,1000.0,True,,7,TCGA-97-8172-01,TCGA-97-8172,Female,Stage IB,75,0:LIVING,17.9,0,I,matched
TCGA-97-8172,TCGA-97-8172-01Z-00-DX1.812ab977-692e-42f8-af57-7ce9084ab045,7,TCGA-97-8172-01,19.54108399404597,3.915902962178241,354288.74387736205,354.28874387736204,0.20039333352087269,90.47434200981505,1.5584421454495327,0.22348637873216606,0.6728222962040773,1.8867459447551944,451,0.055250944707731474,23.079579420333925,3784.5625,104.85294762189568,18.384776310850235,0.9506648867402867,1000.0,True,,8,TCGA-97-8172-01,TCGA-97-8172,Female,Stage IB,75,0:LIVING,17.9,0,I,matched
TCGA-97-8172,TCGA-97-8172-01Z-00-DX1.812ab977-692e-42f8-af57-7ce9084ab045,8,TCGA-97-8172-01,0.19846310371010678,0.03240659150419485,2689.721608331604,2.689721608331604,0.1632877391231917,82.99921353911702,1.153079663156832,0.4878647443020136,0.8778790960487276,1.5707773661874251,8,0.29518332006060494,40.3097595998777,2661.578125,94.94112914893921,27.668782046144607,0.638242938068974,1000.0,True,,9,TCGA-97-8172-01,TCGA-97-8172,Female,Stage IB,75,0:LIVING,17.9,0,I,matched
TCGA-97-8172,TCGA-97-8172-01Z-00-DX1.812ab977-692e-42f8-af57-7ce9084ab045,9,TCGA-97-8172-01,1.0258467315902093,0.22689862958867899,31898.772865506977,31.898772865506977,0.22118180289657266,140.58600937049712,1.7511611410124097,0.07936328829365283,0.4814547456848005,2.190088855467145,28,0.24125819051961614,27.2945257198373,1642.40625,88.99949985341028,10.396064587073365,0.7676219386705083,1000.0,True,,10,TCGA-97-8172-01,TCGA-97-8172,Female,Stage IB,75,0:LIVING,17.9,0,I,matched
TCGA-97-8172,TCGA-97-8172-01Z-00-DX1.812ab977-692e-42f8-af57-7ce9084ab045,10,TCGA-97-8172-01,0.6810668777440619,0.1357748085563222,18073.619330404254,18.073619330404252,0.199356058844114,133.11467364659873,1.5608058918214165,0.1025202560424907,0.5400110517612311,2.6645245441294025,18,0.26410644112790305,26.429122584293722,2857.8125,87.74741217654648,11.111584427831964,0.5358580159412237,1000.0,True,,11,TCGA-97-8172-01,TCGA-97-8172,Female,Stage IB,75,0:LIVING,17.9,0,I,matched
TCGA-97-8175,TCGA-97-8175-01Z-00-DX1.f7148cec-5e4b-46ac-b167-d41b36eb3ee5,1,TCGA-97-8175-01,0.24660724039778092,0.04717990119163424,3549.505104300199,3.549505104300199,0.19131596102179482,75.23341538768597,1.2869969060347244,0.2066929152418813,0.7900895217858763,1.560969294644714,4,0.7295903632885894,16.220123924779923,4445.34375,116.14581330145455,10.375759677643032,0.36733164206642066,1000.0,True,,2,TCGA-97-8175-01,TCGA-97-8175,Female,Stage IB,55,0:LIVING,18.1,0,I,matched
TCGA-97-8175,TCGA-97-8175-01Z-00-DX1.f7148cec-5e4b-46ac-b167-d41b36eb3ee5,2,TCGA-97-8175-01,0.21011428767564067,0.033692905574525915,3802.942385855383,3.8029423858553826,0.16035513789780256,112.87071628309376,1.4560536485284181,0.18456665739342076,0.5919446129638605,2.2346914965147646,3,0.5467439961653451,14.277943842787048,9133.78125,122.04611385148648,3.75,0.42064483387506724,1000.0,True,,3,TCGA-97-8175-01,TCGA-97-8175,Female,Stage IB,55,0:LIVING,18.1,0,I,matched
TCGA-97-8175,TCGA-97-8175-01Z-00-DX1.f7148cec-5e4b-46ac-b167-d41b36eb3ee5,3,TCGA-97-8175-01,156.38284605862304,88.62728615840446,2049337.726978003,2049.337726978003,0.5667327868248468,23.123101426294387,,0.04434729943470916,0.6197040775880986,1.5360044433131994,1098,0.3493659705107739,7.0212304461347,4136.609375,133.58539482493225,10.398317171542711,0.9694829765896587,1000.0,True,,4,TCGA-97-8175-01,TCGA-97-8175,Female,Stage IB,55,0:LIVING,18.1,0,I,matched
TCGA-97-8175,TCGA-97-8175-01Z-00-DX1.f7148cec-5e4b-46ac-b167-d41b36eb3ee5,4,TCGA-97-8175-01,0.24513724402064574,0.04835330982205427,3079.561437512086,3.0795614375120857,0.19724995283858987,63.688741243261845,1.3037484503107921,0.09699268279042692,0.7188721264581995,3.03598370771574,1,1.0,4.079347485508072,46497.37232205427,,,0.0,1000.0,True,,5,TCGA-97-8175-01,TCGA-97-8175,Female,Stage IB,55,0:LIVING,18.1,0,I,matched
TCGA-97-8175,TCGA-97-8175-01Z-00-DX1.f7148cec-5e4b-46ac-b167-d41b36eb3ee5,5,TCGA-97-8175-01,0.30359892758118734,0.082770625,2007.3376618407437,2.0073376618407437,0.27263148015523136,24.25181230467625,1.0951326918084452,0.38190667760554314,0.85018896071517,1.4676009100250533,2,0.9863830976629938,6.587638553055057,41143.71875,213.5786685421791,72.605957055878,0.2555589618396184,1000.0,True,,6,TCGA-97-8175-01,TCGA-97-8175,Female,Stage IB,55,0:LIVING,18.1,0,I,matched
TCGA-97-8175,TCGA-97-8175-01Z-00-DX1.f7148cec-5e4b-46ac-b167-d41b36eb3ee5,6,TCGA-97-8175-01,0.41465354959150974,0.12224098817213447,3221.5957493875508,3.221595749387551,0.29480270527663033,26.3544642231707,1.1381529337511394,0.2774010222435402,0.8023295640842372,1.599195431181226,2,0.8761404393648107,4.823303700089563,60842.09375,367.24866511840446,52.50535686956142,0.3370535714285714,1000.0,True,,7,TCGA-97-8175-01,TCGA-97-8175,Female,Stage IB,55,0:LIVING,18.1,0,I,matched
TCGA-97-8175,TCGA-97-8175-01Z-00-DX1.f7148cec-5e4b-46ac-b167-d41b36eb3ee5,7,TCGA-97-8175-01,46.43988914805208,21.496088312722886,783605.4572427479,783.6054572427479,0.46287983686163775,36.45339774581013,,0.05770444026589694,0.6257764354496891,2.2171523812569967,390,0.3989815514719045,8.397952862390898,3475.0625,139.5202761808664,13.428049001995785,0.9543649094800173,1000.0,True,,8,TCGA-97-8175-01,TCGA-97-8175,Female,Stage IB,55,0:LIVING,18.1,0,I,matched
TCGA-97-8175,TCGA-97-8175-01Z-00-DX1.f7148cec-5e4b-46ac-b167-d41b36eb3ee5,8,TCGA-97-8175-01,0.3411983328575597,0.053824638660973714,7528.510299391675,7.528510299391676,0.15775176335179789,139.87107924331175,,0.11027752245298869,0.49268402211993445,1.5934668235713434,7,0.49586768809206744,20.515926737902014,3180.0625,164.42685731427818,16.0,0.7234060639010189,1000.0,True,,9,TCGA-97-8175-01,TCGA-97-8175,Female,Stage IB,55,0:LIVING,18.1,0,I,matched
TCGA-97-8175,TCGA-97-8175-01Z-00-DX1.f7148cec-5e4b-46ac-b167-d41b36eb3ee5,9,TCGA-97-8175-01,0.30289118718152497,0.05570492974406632,5936.718001698917,5.9367180016989165,0.18391069830196788,106.57437373989856,1.37819005672,0.15332006818585148,0.6770918945259637,1.8207326955185068,6,0.45351799954634614,19.80909400445565,2741.765625,158.2858315012375,34.082620204438506,0.7636901566746066,1000.0,True,,10,TCGA-97-8175-01,TCGA-97-8175,Female,Stage IB,55,0:LIVING,18.1,0,I,matched
TCGA-97-8175,TCGA-97-8175-01Z-00-DX1.f7148cec-5e4b-46ac-b167-d41b36eb3ee5,10,TCGA-97-8175-01,0.2733629264751043,0.03639004950208209,7014.552947233233,7.014552947233232,0.13311991487403177,192.76019250349984,1.4815559133789171,0.12000190183099525,0.5789690665099877,1.7945959167438277,9,0.2881349735139876,32.923264745702994,2894.03125,93.11325429282343,3.020761493398643,0.6410598099487135,1000.0,True,,11,TCGA-97-8175-01,TCGA-97-8175,Female,Stage IB,55,0:LIVING,18.1,0,I,matched
TCGA-97-8175,TCGA-97-8175-01Z-00-DX1.f7148cec-5e4b-46ac-b167-d41b36eb3ee5,11,TCGA-97-8175-01,2.414477928525872,0.4605081052285786,30976.156976631064,30.976156976631064,0.19072781730075114,67.26517215425706,1.3474049711505496,0.18700340990664047,0.7652119228642924,1.5521609917653707,25,0.40792754130606756,10.354205231962267,3746.4375,146.103839892215,19.557607215607945,0.8908608663196663,1000.0,True,,12,TCGA-97-8175-01,TCGA-97-8175,Female,Stage IB,55,0:LIVING,18.1,0,I,matched
TCGA-97-8175,TCGA-97-8175-01Z-00-DX1.f7148cec-5e4b-46ac-b167-d41b36eb3ee5,12,TCGA-97-8175-01,2.515527522821986,0.94871721875,37679.764727642345,37.67976472764234,0.37714443994065455,39.71653932589947,,0.09572672647285109,0.6902395007766216,1.717677488650445,17,0.5465548166641127,6.7580258398162725,13235.875,182.86030357898895,9.17196816392207,0.7911673796441288,1000.0,True,,13,TCGA-97-8175-01,TCGA-97-8175,Female,Stage IB,55,0:LIVING,18.1,0,I,matched
TCGA-97-8175,TCGA-97-8175-01Z-00-DX1.f7148cec-5e4b-46ac-b167-d41b36eb3ee5,13,TCGA-97-8175-01,0.6833322084319392,0.13455515459855855,13290.721043407604,13.290721043407604,0.1969103064925417,98.77526493176786,1.53019901600115,0.17174525003747973,0.7553319710600138,1.852507162513803,17,0.18039276616036282,24.878089734728526,4568.59375,102.5119086070004,10.25,0.6863891290498726,1000.0,True,,14,TCGA-97-8175-01,TCGA-97-8175,Female,Stage IB,55,0:LIVING,18.1,0,I,matched
TCGA-97-8175,TCGA-97-8175-01Z-00-DX1.f7148cec-5e4b-46ac-b167-d41b36eb3ee5,14,TCGA-97-8175-01,2.7193754776400665,0.735448226106489,82392.37920573245,82.39237920573245,0.27044747301491706,112.03015559901898,,0.06996863443855657,0.6125635292222839,2.221831849701712,51,0.23649057574816712,18.754306060102785,3828.3125,100.68088510238674,2.850438562747845,0.8677449464437075,1000.0,True,,15,TCGA-97-8175-01,TCGA-97-8175,Female,Stage IB,55,0:LIVING,18.1,0,I,matched
TCGA-J2-8192,TCGA-J2-8192-01Z-00-DX1.A784F381-7906-480F-99A1-0B88005953A0,1,TCGA-J2-8192-01,266.31419318962946,99.14915507969188,6426463.395115761,6426.463395115761,0.372301430472737,64.81611860383926,,0.1314895823027199,0.5701537076111767,1.938266472357614,5164,0.020806067594704148,19.39063006049762,4782.734375,107.26559654227128,10.514870422406545,0.9813660079425981,1000.0,True,,2,TCGA-J2-8192-01,TCGA-J2-8192,Female,Stage IIA,65,0:LIVING,24.28,0,II,matched
TCGA-J2-8192,TCGA-J2-8192-01Z-00-DX1.A784F381-7906-480F-99A1-0B88005953A0,2,TCGA-J2-8192-01,260.12460674078807,97.93873858261286,6241398.246082632,6241.398246082632,0.3765070125803514,63.72757436341612,,0.1341445016064597,0.5719770566826283,1.9692885894247885,5022,0.024716885051965728,19.30613202235181,4770.421875,106.77900257780286,10.468703251707561,0.984040170827165,1000.0,True,,3,TCGA-J2-8192-01,TCGA-J2-8192,Female,Stage IIA,65,0:LIVING,24.28,0,II,matched
TCGA-J2-8192,TCGA-J2-8192-01Z-00-DX1.A784F381-7906-480F-99A1-0B88005953A0,3,TCGA-J2-8192-01,8.092647199731312,3.009234733690116,219320.33470944798,219.320334709448,0.3718480071378902,72.88242829780958,1.7798603431558713,0.1587346047286068,0.6221895003318564,1.8455034429437165,230,0.12569704962000475,28.42086085349629,4931.453125,97.53005220154006,8.580451683552408,0.92065389763285,1000.0,True,,4,TCGA-J2-8192-01,TCGA-J2-8192,Female,Stage IIA,65,0:LIVING,24.28,0,II,matched
TCGA-J2-8192,TCGA-J2-8192-01Z-00-DX1.A784F381-7906-480F-99A1-0B88005953A0,4,TCGA-J2-8192-01,0.39044046588653347,0.11970365625,4410.423321374877,4.410423321374877,0.30658619356526245,36.84451636267273,1.2838843300820912,0.09373730929099548,0.7391159786370897,1.3878299922530135,1,1.0,2.5612099343478696,118442.25,,,0.0,1000.0,True,,5,TCGA-J2-8192-01,TCGA-J2-8192,Female,Stage IIA,65,0:LIVING,24.28,0,II,matched
TCGA-J2-8192,TCGA-J2-8192-01Z-00-DX1.A784F381-7906-480F-99A1-0B88005953A0,5,TCGA-J2-8192-01,0.4188154679824755,0.1188046875,4195.664176393256,4.195664176393255,0.2836683374477734,35.31564506992416,1.2216910110915766,0.1134466499290609,0.7220223538895604,1.380141778886204,2,0.9914038782650129,4.775372814271717,59158.21875,206.90675738119333,24.150569351466643,0.1816313450269243,1000.0,True,,6,TCGA-J2-8192-01,TCGA-J2-8192,Female,Stage IIA,65,0:LIVING,24.28,0,II,matched
TCGA-J2-8192,TCGA-J2-8192-01Z-00-DX1.A784F381-7906-480F-99A1-0B88005953A0,6,TCGA-J2-8192-01,0.1923442224527559,0.02137439991515359,3790.9811862587235,3.7909811862587235,0.11112577046811804,177.36082422464034,1.4476938708762086,0.09652151443665477,0.5184753745871703,3.071347608505768,4,0.36630614827945623,20.796049649905605,4484.510184177792,100.14359234598075,16.969576124322522,0.4116660203000412,1000.0,True,,7,TCGA-J2-8192-01,TCGA-J2-8192,Female,Stage IIA,65,0:LIVING,24.28,0,II,matched
TCGA-J2-8192,TCGA-J2-8192-01Z-00-DX1.A784F381-7906-480F-99A1-0B88005953A0,7,TCGA-J2-8192-01,2.3778691656167545,0.4263509771411429,47574.64029997192,47.57464029997192,0.17929959448822705,111.58562510863533,,0.11960522245942821,0.5555795708018179,2.427456373136167,35,0.1915760006510802,14.719060453825243,5050.75,161.51152484033454,25.25,0.8831130290909841,1000.0,True,,8,TCGA-J2-8192-01,TCGA-J2-8192,Female,Stage IIA,65,0:LIVING,24.28,0,II,matched
TCGA-J2-8192,TCGA-J2-8192-01Z-00-DX1.A784F381-7906-480F-99A1-0B88005953A0,8,TCGA-J2-8192-01,2.119550896878477,0.38094758666284256,41342.33384853208,41.34233384853208,0.17973033213020498,108.5249921405122,,0.1228812694362193,0.5650083889197514,2.208819671485875,35,0.18138312652531782,16.51293207987857,3533.0568208014965,120.72594545602034,7.976528066771908,0.8927226245072287,1000.0,True,,9,TCGA-J2-8192-01,TCGA-J2-8192,Female,Stage IIA,65,0:LIVING,24.28,0,II,matched
TCGA-J2-8192,TCGA-J2-8192-01Z-00-DX1.A784F381-7906-480F-99A1-0B88005953A0,9,TCGA-J2-8192-01,0.4953413056206662,0.07518587917821588,11228.777752879532,11.228777752879532,0.1517860075973423,149.34689699196764,,0.20910105682714566,0.6133760633083426,1.4760853498458208,19,0.3621382075853743,38.35739072111676,1814.625,90.01475573482384,16.95029498268393,0.8251713847572513,1000.0,True,,10,TCGA-J2-8192-01,TCGA-J2-8192,Female,Stage IIA,65,0:LIVING,24.28,0,II,matched
TCGA-J2-8192,TCGA-J2-8192-01Z-00-DX1.A784F381-7906-480F-99A1-0B88005953A0,10,TCGA-J2-8192-01,0.4272813271387541,0.09055541325217098,10488.699553027363,10.488699553027363,0.2119339355608308,115.82631204850591,,0.0905292048619855,0.4428577134106437,2.1725916406412895,10,0.5429443753107813,23.40378426308489,2587.3312849979047,109.43177098082622,18.375,0.6366462424770352,1000.0,True,,11,TCGA-J2-8192-01,TCGA-J2-8192,Female,Stage IIA,65,0:LIVING,24.28,0,II,matched
TCGA-J2-A4AD,TCGA-J2-A4AD-01Z-00-DX1.C3C3B0C6-0666-4CCF-8422-345560B237DA,1,TCGA-J2-A4AD-01,10.855131987262663,2.1441941627626244,386066.44534066325,386.0664453406633,0.19752815214762998,180.0519990424968,,0.13902484583682345,0.5496326827465499,1.809404716822889,482,0.057723689553795914,44.40296078993563,2132.4375,78.4211636374391,11.542029296656501,0.9373871781594335,1000.0,True,,2,TCGA-J2-A4AD-01,TCGA-J2-A4AD,Female,Stage IA,61,1:DECEASED,18.07,1,I,matched
TCGA-L9-A5IP,TCGA-L9-A5IP-01Z-00-DX1.E699D989-8BB8-41DF-9B95-A880858653E6,1,TCGA-L9-A5IP-01,0.4609339003442927,0.08507162876595804,13483.598181288498,13.483598181288498,0.18456361899702786,158.4970027831893,,0.09278154543052458,0.6347000557622033,1.4218182704915585,11,0.43933621823252367,23.86459314835293,1565.875,163.76359676374966,25.2809216604142,0.7126744578950461,1000.0,True,,2,TCGA-L9-A5IP-01,TCGA-L9-A5IP,Female,Stage IV,40,1:DECEASED,1.91,1,IV,matched
TCGA-L9-A5IP,TCGA-L9-A5IP-01Z-00-DX1.E699D989-8BB8-41DF-9B95-A880858653E6,2,TCGA-L9-A5IP-01,0.6312648731073982,0.1141992132056528,15807.479053335937,15.807479053335937,0.18090538230569958,138.4202098211433,1.4682470188243921,0.13921493426120243,0.5908651584501384,2.375560543098556,11,0.5388899077468812,17.42533200976724,3922.21875,124.64957129890179,10.253048327204938,0.76976931912871,1000.0,True,,3,TCGA-L9-A5IP-01,TCGA-L9-A5IP,Female,Stage IV,40,1:DECEASED,1.91,1,IV,matched
TCGA-L9-A5IP,TCGA-L9-A5IP-01Z-00-DX1.E699D989-8BB8-41DF-9B95-A880858653E6,3,TCGA-L9-A5IP-01,0.9912425225206414,0.19837592344096294,27362.568685055503,27.362568685055503,0.20012854466383329,137.9329114664394,1.603549310952044,0.11696698740399031,0.5801746425015029,1.8622820467192,21,0.202588989046875,21.185531817782465,2609.8125,117.75504235488177,10.307764064044152,0.7374316153909015,1000.0,True,,4,TCGA-L9-A5IP-01,TCGA-L9-A5IP,Female,Stage IV,40,1:DECEASED,1.91,1,IV,matched
TCGA-L9-A5IP,TCGA-L9-A5IP-01Z-00-DX1.E699D989-8BB8-41DF-9B95-A880858653E6,4,TCGA-L9-A5IP-01,0.43734715003394303,0.07575216775879272,13806.463513988654,13.806463513988653,0.17320832604697092,182.25832900189326,1.5437301274727928,0.17943333962571614,0.6613792089804679,1.581989554464631,15,0.1965029696081986,34.29769691842243,2275.65625,92.95439490013369,16.44878414959598,0.689679881722174,1000.0,True,,5,TCGA-L9-A5IP-01,TCGA-L9-A5IP,Female,Stage IV,40,1:DECEASED,1.91,1,IV,matched
TCGA-L9-A5IP,TCGA-L9-A5IP-01Z-00-DX1.E699D989-8BB8-41DF-9B95-A880858653E6,5,TCGA-L9-A5IP-01,0.2834343949946455,0.041299894741207294,9841.207031600215,9.841207031600215,0.1457123604987585,238.28649184863596,,0.12039290611189157,0.5012512659228872,1.9953684285403133,11,0.33484746006000715,38.80968645392457,1597.0,80.23763534028156,4.422951503238533,0.5832437281353333,1000.0,True,,6,TCGA-L9-A5IP-01,TCGA-L9-A5IP,Female,Stage IV,40,1:DECEASED,1.91,1,IV,matched
TCGA-L9-A5IP,TCGA-L9-A5IP-01Z-00-DX1.E699D989-8BB8-41DF-9B95-A880858653E6,6,TCGA-L9-A5IP-01,60.454889584105615,47.41733039913507,331336.7297014148,331.3367297014148,0.7843423538664721,6.9876715309021,,0.026153158415939987,0.7387798094413999,1.9650132814063217,97,0.661529136037601,1.6045021447777579,3154.84375,180.50402523212605,14.67353059082919,0.8896220697114936,1000.0,True,,7,TCGA-L9-A5IP-01,TCGA-L9-A5IP,Female,Stage IV,40,1:DECEASED,1.91,1,IV,matched
TCGA-L9-A5IP,TCGA-L9-A5IP-01Z-00-DX1.E699D989-8BB8-41DF-9B95-A880858653E6,7,TCGA-L9-A5IP-01,0.540391211633963,0.0752296149978851,14682.739218900217,14.682739218900217,0.13921324658559084,195.17232966449433,1.5163601505260187,0.21030986301481902,0.6169338119141454,1.9722626112672508,17,0.24449728498758125,31.45869072999478,1991.875,81.45419053830196,11.718041645257966,0.657833084182005,1000.0,True,,8,TCGA-L9-A5IP-01,TCGA-L9-A5IP,Female,Stage IV,40,1:DECEASED,1.91,1,IV,matched
TCGA-L9-A5IP,TCGA-L9-A5IP-01Z-00-DX1.E699D989-8BB8-41DF-9B95-A880858653E6,8,TCGA-L9-A5IP-01,0.5067670133821033,0.08762228319202196,12260.692554882624,12.260692554882624,0.17290447262390105,139.9266500282084,,0.10876094779082014,0.5503786197101946,2.243600904841971,10,0.4448540602836591,19.73293394386738,4683.671875,109.60390332921543,2.5088834764831844,0.5809659090909091,1000.0,True,,9,TCGA-L9-A5IP-01,TCGA-L9-A5IP,Female,Stage IV,40,1:DECEASED,1.91,1,IV,matched
TCGA-L9-A5IP,TCGA-L9-A5IP-01Z-00-DX1.E699D989-8BB8-41DF-9B95-A880858653E6,9,TCGA-L9-A5IP-01,0.25114544227250535,0.027013381640608344,5666.596175868712,5.666596175868712,0.10756070823414536,209.76996702072654,1.3380954217703227,0.14398073134282915,0.5377119857077596,1.5979675972868912,5,0.3321527204762341,19.908782555467404,3294.03125,134.9051171194036,7.5,0.4889404362793628,1000.0,True,,10,TCGA-L9-A5IP-01,TCGA-L9-A5IP,Female,Stage IV,40,1:DECEASED,1.91,1,IV,matched
TCGA-L9-A5IP,TCGA-L9-A5IP-01Z-00-DX1.E699D989-8BB8-41DF-9B95-A880858653E6,10,TCGA-L9-A5IP-01,1.961607978589696,0.4380810229783868,42265.424211085396,42.265424211085396,0.22332750873767676,96.47855532233498,,0.10583932670560567,0.6174194115072551,2.2650701844908836,41,0.501354390558169,20.90122004370979,2756.1875,95.78948272122571,9.0,0.8520791503971248,1000.0,True,,11,TCGA-L9-A5IP-01,TCGA-L9-A5IP,Female,Stage IV,40,1:DECEASED,1.91,1,IV,matched
TCGA-L9-A5IP,TCGA-L9-A5IP-01Z-00-DX1.E699D989-8BB8-41DF-9B95-A880858653E6,11,TCGA-L9-A5IP-01,35.49915817575614,17.13868829185886,919802.7207153997,919.8027207153997,0.4827914004891413,53.66820990334016,,0.03497344005905001,0.5419451526156314,1.911593578375875,441,0.24935427397215612,12.422829798290183,2969.59375,120.3028242862569,8.753570700005799,0.9580523866313495,1000.0,True,,12,TCGA-L9-A5IP-01,TCGA-L9-A5IP,Female,Stage IV,40,1:DECEASED,1.91,1,IV,matched
TCGA-L9-A5IP,TCGA-L9-A5IP-01Z-00-DX1.E699D989-8BB8-41DF-9B95-A880858653E6,12,TCGA-L9-A5IP-01,5.391962477469638,1.731502391618559,134966.11034472258,134.96611034472258,0.32112656548587953,77.94740047604562,,0.07803753119583738,0.708106257658116,1.6675309468429094,110,0.5495612814387059,20.400735439023535,2466.4375,103.8495116679177,10.751453291901642,0.8733669008529364,1000.0,True,,13,TCGA-L9-A5IP-01,TCGA-L9-A5IP,Female,Stage IV,40,1:DECEASED,1.91,1,IV,matched
TCGA-L9-A5IP,TCGA-L9-A5IP-01Z-00-DX1.E699D989-8BB8-41DF-9B95-A880858653E6,13,TCGA-L9-A5IP-01,7.120320152014776,3.6475429173043783,164194.25471076544,164.19425471076545,0.5122723191417544,45.01503023632932,,0.02620681705972765,0.6031347311352415,1.722647061544368,74,0.7626672777049339,10.392791113340719,2235.890625,120.9814179902562,7.4726773085308835,0.9240831656077464,1000.0,True,,14,TCGA-L9-A5IP-01,TCGA-L9-A5IP,Female,Stage IV,40,1:DECEASED,1.91,1,IV,matched
TCGA-MP-A4T4,TCGA-MP-A4T4-01Z-00-DX1.5F72FF0B-59C0-4E95-A8C1-BF22A948F7AC,1,TCGA-MP-A4T4-01,80.67399769291413,29.946813801465826,1289831.6891240082,1289.831689124008,0.37120775786342564,43.0707486170323,1.747051371335874,0.16931011678191818,0.6957221743305619,1.8578147323926566,1156,0.0356731901775832,14.329276260739158,7229.265625,140.66493877295792,15.95495128834866,0.9668265947364358,1000.0,True,,2,TCGA-MP-A4T4-01,TCGA-MP-A4T4,Female,Stage IIB,68,1:DECEASED,85.97,1,II,matched
TCGA-MP-A4T4,TCGA-MP-A4T4-01Z-00-DX1.5F72FF0B-59C0-4E95-A8C1-BF22A948F7AC,2,TCGA-MP-A4T4-01,0.17288016798889225,0.03130563328024879,1994.7375812624887,1.9947375812624886,0.18108284856745518,63.71816737919177,1.156249207109291,0.42796408668066066,0.7950930281670775,1.3303803712060571,3,0.8713691983087157,17.353060416928525,2449.53125,65.58641722948434,8.25,0.3223766096925737,1000.0,True,,3,TCGA-MP-A4T4-01,TCGA-MP-A4T4,Female,Stage IIB,68,1:DECEASED,85.97,1,II,matched
TCGA-MP-A4T7,TCGA-MP-A4T7-01Z-00-DX1.C74D7A5B-1D1A-423B-85CA-C11E0CCF5873,1,TCGA-MP-A4T7-01,0.2817814622975138,0.02486065625,4101.961380597641,4.101961380597642,0.08822672736275082,164.9981134587966,1.3582421167919623,0.11556853856905605,0.7259617806542931,1.6072361415811154,3,0.554692499003972,10.64654848313799,6693.84375,82.75151056023087,2.1505813167606567,0.3146350931677019,1000.0,True,,2,TCGA-MP-A4T7-01,TCGA-MP-A4T7,Female,Stage IV,75,1:DECEASED,5.49,1,IV,matched
TCGA-MP-A4T7,TCGA-MP-A4T7-01Z-00-DX1.C74D7A5B-1D1A-423B-85CA-C11E0CCF5873,2,TCGA-MP-A4T7-01,70.20967691492528,30.58466083475973,970216.8821437813,970.2168821437813,0.4356188801697505,31.722335826628537,1.7018581975606948,0.06765459287773692,0.5822863670031528,1.8447701996238919,678,0.18985310204114117,9.6567884911584,4292.328125,136.5517423795393,13.540444680301231,0.9680484804977615,1000.0,True,,3,TCGA-MP-A4T7-01,TCGA-MP-A4T7,Female,Stage IV,75,1:DECEASED,5.49,1,IV,matched
TCGA-MP-A4T7,TCGA-MP-A4T7-01Z-00-DX1.C74D7A5B-1D1A-423B-85CA-C11E0CCF5873,3,TCGA-MP-A4T7-01,0.42680299307366354,0.15819959375,3496.2740430761737,3.496274043076174,0.37066186581942673,22.100398365126484,1.1535671111340662,0.246971042749234,0.8592846889047343,1.2907659699866456,2,0.9857232881423911,4.686002751753928,78773.390625,301.0781667607268,6.010407640085654,0.30658061165727446,1000.0,True,,4,TCGA-MP-A4T7-01,TCGA-MP-A4T7,Female,Stage IV,75,1:DECEASED,5.49,1,IV,matched
TCGA-MP-A4T7,TCGA-MP-A4T7-01Z-00-DX1.C74D7A5B-1D1A-423B-85CA-C11E0CCF5873,4,TCGA-MP-A4T7-01,8.099097235454456,2.5427814876086274,149544.09166601975,149.54409166601977,0.3139586318926256,58.811224005983824,,0.1257780109816349,0.5923059357882465,1.7974357302946657,148,0.16759099813227973,18.27364157972051,4183.328125,119.79305907612424,15.009337378620742,0.9061227441284494,1000.0,True,,5,TCGA-MP-A4T7-01,TCGA-MP-A4T7,Female,Stage IV,75,1:DECEASED,5.49,1,IV,matched
TCGA-MP-A4T7,TCGA-MP-A4T7-01Z-00-DX1.C74D7A5B-1D1A-423B-85CA-C11E0CCF5873,5,TCGA-MP-A4T7-01,0.3677473077006491,0.0794648034384135,4815.970915642103,4.8159709156421036,0.216085343860896,60.605081838207255,1.2762306714465326,0.11944338008110168,0.6050052410306277,2.212403031689807,4,0.8914793472337418,10.877034083567105,3606.625,138.62097671885783,37.37717611211167,0.5025665496392351,1000.0,True,,6,TCGA-MP-A4T7-01,TCGA-MP-A4T7,Female,Stage IV,75,1:DECEASED,5.49,1,IV,matched
TCGA-MP-A4T9,TCGA-MP-A4T9-01Z-00-DX1.F7B341C4-EBCD-455F-BE90-3B77AC6B76EC,1,TCGA-MP-A4T9-01,0.20180077298432267,0.03806106583452794,5350.3897361744675,5.350389736174468,0.1886071359968715,140.57382836927135,1.4286737082017398,0.050934494869918134,0.4121201061390315,1.2382098350064403,2,0.8758293047294726,9.910764812359636,16839.21875,222.71734468828421,4.962358310319802,0.30934007184585155,1000.0,True,,2,TCGA-MP-A4T9-01,TCGA-MP-A4T9,Female,Stage IIIA,54,1:DECEASED,41.56,1,III,matched
TCGA-MP-A4TA,TCGA-MP-A4TA-01Z-00-DX1.11DDADA4-B7A2-4216-9B18-7AD993AE12E4,1,TCGA-MP-A4TA-01,28.361632593072724,6.032081861738833,436012.1968049532,436.0121968049532,0.21268457808074692,72.28220816606532,1.5565477958788596,0.1532116040166927,0.5990008108084741,2.001378070880904,358,0.041986629761029334,12.622686611046532,5792.012010374116,144.32481646130964,16.405029716522918,0.9675026086066765,1000.0,True,,2,TCGA-MP-A4TA-01,TCGA-MP-A4TA,Female,Stage IA,75,1:DECEASED,31.21,1,I,matched
TCGA-MP-A4TF,TCGA-MP-A4TF-01Z-00-DX1.F98B0438-6D32-4EA3-ABA8-E624457EA658,1,TCGA-MP-A4TF-01,0.3815229409732148,0.04744600168550494,6898.5326895317885,6.898532689531788,0.12435949870924258,145.3975560524278,1.4016725091054931,0.1986186832995138,0.630819702775004,2.212744833062824,12,0.22083445800681425,31.45289237231601,3566.359375,79.90508438845,16.57823415592559,0.5757450331125827,1000.0,True,,2,TCGA-MP-A4TF-01,TCGA-MP-A4TF,Female,Stage IIA,58,1:DECEASED,11.04,1,II,matched
TCGA-MP-A4TF,TCGA-MP-A4TF-01Z-00-DX1.F98B0438-6D32-4EA3-ABA8-E624457EA658,2,TCGA-MP-A4TF-01,7.322803514718724,1.342048570099075,88395.22646744156,88.39522646744156,0.18326977740172565,65.86589221649102,1.5313291614597833,0.20051215686349924,0.6759306387899454,1.9372961968537452,102,0.081471851959573,13.929091473638689,6442.714244798977,126.83342989288717,21.22957837864581,0.89662360646397,1000.0,True,,3,TCGA-MP-A4TF-01,TCGA-MP-A4TF,Female,Stage IIA,58,1:DECEASED,11.04,1,II,matched
TCGA-MP-A4TF,TCGA-MP-A4TF-01Z-00-DX1.F98B0438-6D32-4EA3-ABA8-E624457EA658,3,TCGA-MP-A4TF-01,0.14951687218719087,0.032320150187775995,2737.4193310117125,2.7374193310117123,0.21616389986617757,84.69698671286028,1.2442562655266598,0.1592388904678312,0.6687023703796031,1.4385884638808224,3,0.7147543746659576,20.064625189885497,7516.90625,112.48487745581626,13.914920050075747,0.33016386500449035,1000.0,True,,4,TCGA-MP-A4TF-01,TCGA-MP-A4TF,Female,Stage IIA,58,1:DECEASED,11.04,1,II,matched
TCGA-MP-A4TF,TCGA-MP-A4TF-01Z-00-DX1.F98B0438-6D32-4EA3-ABA8-E624457EA658,4,TCGA-MP-A4TF-01,28.03775423360516,16.209581814545675,399365.31921444566,399.36531921444566,0.578134100166888,24.637607791712124,1.7076282106489786,0.05559450785567142,0.5864820642270365,2.038919994512108,199,0.6618089409120164,7.097572735033284,6525.125,146.84563536244445,11.450982490598786,0.9383010506550098,1000.0,True,,5,TCGA-MP-A4TF-01,TCGA-MP-A4TF,Female,Stage IIA,58,1:DECEASED,11.04,1,II,matched
TCGA-MP-A4TF,TCGA-MP-A4TF-01Z-00-DX1.F98B0438-6D32-4EA3-ABA8-E624457EA658,5,TCGA-MP-A4TF-01,31.600996024808705,12.082776783301787,660556.1153649592,660.5561153649593,0.3823543021813639,54.669231022941496,1.7298671310651914,0.1460215097349498,0.6648138259880472,1.6717261029826773,604,0.13244954061453615,19.11332160308565,4576.765625,114.48336737819167,11.68866972756096,0.9655526480821678,1000.0,True,,6,TCGA-MP-A4TF-01,TCGA-MP-A4TF,Female,Stage IIA,58,1:DECEASED,11.04,1,II,matched
TCGA-MP-A4TF,TCGA-MP-A4TF-01Z-00-DX1.F98B0438-6D32-4EA3-ABA8-E624457EA658,6,TCGA-MP-A4TF-01,0.2644589647965277,0.0387819375,2247.885389055483,2.2478853890554826,0.14664633331616672,57.962173474584205,1.1882693635710144,0.4123973121442101,0.8517770651179144,1.9084537605201315,4,0.4123075073552944,15.125219911064702,9072.46875,140.24432618237546,33.42739790364684,0.44046047073287264,1000.0,True,,7,TCGA-MP-A4TF-01,TCGA-MP-A4TF,Female,Stage IIA,58,1:DECEASED,11.04,1,II,matched
TCGA-MP-A4TF,TCGA-MP-A4TF-01Z-00-DX1.F98B0438-6D32-4EA3-ABA8-E624457EA658,7,TCGA-MP-A4TF-01,5.220811879227993,1.3114132405900956,80163.32821014454,80.16332821014454,0.25118952203733025,61.12743544824476,,0.18899847669288683,0.6605304356119075,1.7670886440667442,93,0.15661703310330977,17.813321405051664,6173.71875,131.19671537428061,16.592543506045118,0.8752936411116617,1000.0,True,,8,TCGA-MP-A4TF-01,TCGA-MP-A4TF,Female,Stage IIA,58,1:DECEASED,11.04,1,II,matched
TCGA-MP-A4TF,TCGA-MP-A4TF-01Z-00-DX1.F98B0438-6D32-4EA3-ABA8-E624457EA658,8,TCGA-MP-A4TF-01,71.17504123614201,41.795447577542504,897445.2628508615,897.4452628508616,0.5872205600678904,21.472320907339107,1.7739029438424576,0.06577577840553402,0.5979294270467109,1.681524106180247,545,0.45815047853765944,7.6571785633649085,6230.40625,146.97003574283434,13.08147545195113,0.9545733410511631,1000.0,True,,9,TCGA-MP-A4TF-01,TCGA-MP-A4TF,Female,Stage IIA,58,1:DECEASED,11.04,1,II,matched
TCGA-MP-A4TF,TCGA-MP-A4TF-01Z-00-DX1.F98B0438-6D32-4EA3-ABA8-E624457EA658,9,TCGA-MP-A4TF-01,0.32507360476510794,0.039657067711252894,6462.933319159761,6.46293331915976,0.12199411803953861,162.97052939508865,1.364303579637125,0.16453452953144768,0.7323492183527313,1.5069293916600073,8,0.2810407919989726,24.60981107888058,3453.015625,91.68562354238202,5.055937104039171,0.41634316770186336,1000.0,True,,10,TCGA-MP-A4TF-01,TCGA-MP-A4TF,Female,Stage IIA,58,1:DECEASED,11.04,1,II,matched
TCGA-MP-A4TF,TCGA-MP-A4TF-01Z-00-DX1.F98B0438-6D32-4EA3-ABA8-E624457EA658,10,TCGA-MP-A4TF-01,0.39500723677491634,0.10196525,3807.938779648796,3.807938779648796,0.2581351441368706,37.34545621816056,1.2924571757580612,0.17785379657923267,0.6898493007501155,1.5556457416132778,3,0.9047306094650611,7.594797564960727,8399.125,168.14432974382456,10.077822185373186,0.29869516371189997,1000.0,True,,11,TCGA-MP-A4TF-01,TCGA-MP-A4TF,Female,Stage IIA,58,1:DECEASED,11.04,1,II,matched
TCGA-MP-A4TF,TCGA-MP-A4TF-01Z-00-DX1.F98B0438-6D32-4EA3-ABA8-E624457EA658,11,TCGA-MP-A4TF-01,1.444219505101595,0.441678875,22352.85345727922,22.35285345727922,0.30582530802264,50.6088353382969,1.5609487135006819,0.14287328730192314,0.6372099139393081,1.979499110092934,14,0.29847696238906185,9.693817283692729,14784.78125,160.62141806977337,5.75,0.6008987444927364,1000.0,True,,12,TCGA-MP-A4TF-01,TCGA-MP-A4TF,Female,Stage IIA,58,1:DECEASED,11.04,1,II,matched
TCGA-MP-A4TK,TCGA-MP-A4TK-01Z-00-DX1.57494698-D9D9-4C04-AAB2-16616CCFDCC9,1,TCGA-MP-A4TK-01,55.324179708878866,15.127874823184285,926709.982259503,926.709982259503,0.27344056256755384,61.25843802192691,1.6084409272720126,0.11061873749947564,0.5755049856489999,1.7626511554850102,745,0.080241363202965,13.466083074710937,3974.0625,135.40911677671485,18.25171224844398,0.9690140691419252,1000.0,True,,2,TCGA-MP-A4TK-01,TCGA-MP-A4TK,Female,Stage IIB,56,1:DECEASED,19.12,1,II,matched
TCGA-MP-A4TK,TCGA-MP-A4TK-01Z-00-DX1.57494698-D9D9-4C04-AAB2-16616CCFDCC9,2,TCGA-MP-A4TK-01,9.002972452016333,3.58826052512791,125212.74540806204,125.21274540806203,0.39856397920269904,34.89510990944522,1.5933844555708994,0.10458280679702536,0.6382430206588378,1.6688295910634812,73,0.22803912874722648,8.108433119069547,4947.1875,141.2779977783165,17.565947170591173,0.8895693545599179,1000.0,True,,3,TCGA-MP-A4TK-01,TCGA-MP-A4TK,Female,Stage IIB,56,1:DECEASED,19.12,1,II,matched
TCGA-MP-A4TK,TCGA-MP-A4TK-01Z-00-DX1.57494698-D9D9-4C04-AAB2-16616CCFDCC9,3,TCGA-MP-A4TK-01,35.44424779650548,15.880453384606717,673298.1525789438,673.2981525789438,0.4480403555403538,42.39791750729151,1.6277301424833848,0.1296537342339252,0.6597926548683912,1.90740768018903,466,0.061166030103086556,13.147408365820755,7017.859375,135.45092515372497,11.813590715223157,0.9488347363908659,1000.0,True,,4,TCGA-MP-A4TK-01,TCGA-MP-A4TK,Female,Stage IIB,56,1:DECEASED,19.12,1,II,matched
TCGA-MP-A4TK,TCGA-MP-A4TK-01Z-00-DX1.57494698-D9D9-4C04-AAB2-16616CCFDCC9,4,TCGA-MP-A4TK-01,0.2203882876126078,0.028721988671850635,3647.188779324456,3.647188779324456,0.13032447859632776,126.98246005851718,1.2873541046098558,0.1898402556759396,0.5567453938922249,2.6498468796536536,5,0.742889036757412,22.687231041918416,1191.1910832152653,136.64118156690537,32.12864765283469,0.702086430337641,1000.0,True,,5,TCGA-MP-A4TK-01,TCGA-MP-A4TK,Female,Stage IIB,56,1:DECEASED,19.12,1,II,matched
TCGA-MP-A4TK,TCGA-MP-A4TK-01Z-00-DX1.57494698-D9D9-4C04-AAB2-16616CCFDCC9,5,TCGA-MP-A4TK-01,0.41359175809921567,0.06003232722529532,7854.619100884607,7.854619100884607,0.1451487512739417,130.83982354052355,1.4467607454408717,0.0945163219780577,0.45368577800059595,2.3600156771290015,8,0.43780439301088997,19.342745215152224,2150.28125,103.02036752785446,18.463834764831844,0.7846294808715735,1000.0,True,,6,TCGA-MP-A4TK-01,TCGA-MP-A4TK,Female,Stage IIB,56,1:DECEASED,19.12,1,II,matched
TCGA-MP-A4TK,TCGA-MP-A4TK-01Z-00-DX1.57494698-D9D9-4C04-AAB2-16616CCFDCC9,6,TCGA-MP-A4TK-01,0.6695737072615242,0.20448284375,8829.309323174992,8.829309323174991,0.3053925826722053,43.178729135680804,1.382815503278622,0.18175099592490002,0.7829156530828238,1.3809719890028864,9,0.6659932928726949,13.441388009109431,3432.4375,127.70609874336463,7.424621202458749,0.6075969955678576,1000.0,True,,7,TCGA-MP-A4TK-01,TCGA-MP-A4TK,Female,Stage IIB,56,1:DECEASED,19.12,1,II,matched
TCGA-MP-A4TK,TCGA-MP-A4TK-01Z-00-DX1.57494698-D9D9-4C04-AAB2-16616CCFDCC9,7,TCGA-MP-A4TK-01,0.20368635981055822,0.034804124592251434,3932.1830392926445,3.9321830392926445,0.17087116007484043,112.98037475041336,1.3590595304216524,0.15386842332183862,0.609094843278454,1.7476992331237193,5,0.5613704769894976,24.547544590861808,2158.46875,81.80025213897571,11.25,0.40073874296435275,1000.0,True,,8,TCGA-MP-A4TK-01,TCGA-MP-A4TK,Female,Stage IIB,56,1:DECEASED,19.12,1,II,matched
TCGA-NJ-A4YQ,TCGA-NJ-A4YQ-01Z-00-DX1.56C29975-77E9-4822-A9E1-83AD70D6C5F7,1,TCGA-NJ-A4YQ-01,0.6757455266581391,0.04073992981161085,7919.409665813764,7.919409665813764,0.06028886349139126,194.38937922658712,1.2641372326012996,0.16193755193602716,0.6295369803228407,1.5526992991837432,9,0.1877226591065153,13.318623128012383,3953.25,193.46466893208176,84.30784364458624,0.670050745383199,1000.0,True,,2,TCGA-NJ-A4YQ-01,TCGA-NJ-A4YQ,Female,Stage IA,69,0:LIVING,47.04,0,I,matched
TCGA-NJ-A4YQ,TCGA-NJ-A4YQ-01Z-00-DX1.56C29975-77E9-4822-A9E1-83AD70D6C5F7,2,TCGA-NJ-A4YQ-01,15.92775698919719,4.009569113404062,297635.9270052253,297.6359270052253,0.2517346991245223,74.23139958112283,1.6064557023362735,0.1469962409246275,0.6499178177228956,1.7590142008514107,254,0.06572540758490555,15.947003722637936,4682.25,132.82341907657622,20.410772790901426,0.9573261416579144,1000.0,True,,3,TCGA-NJ-A4YQ-01,TCGA-NJ-A4YQ,Female,Stage IA,69,0:LIVING,47.04,0,I,matched
TCGA-NJ-A4YQ,TCGA-NJ-A4YQ-01Z-00-DX1.56C29975-77E9-4822-A9E1-83AD70D6C5F7,3,TCGA-NJ-A4YQ-01,30.913510633111,7.687921118687695,628059.1430710178,628.0591430710178,0.24869129908698487,81.69427513301875,1.7696320715784868,0.13583736577332065,0.6454899808975418,1.8609877098615641,576,0.043109845207441065,18.632629817949404,4527.078125,129.7829282930657,20.69570418411479,0.9515119819736835,1000.0,True,,4,TCGA-NJ-A4YQ-01,TCGA-NJ-A4YQ,Female,Stage IA,69,0:LIVING,47.04,0,I,matched
TCGA-NJ-A4YQ,TCGA-NJ-A4YQ-01Z-00-DX1.56C29975-77E9-4822-A9E1-83AD70D6C5F7,4,TCGA-NJ-A4YQ-01,49.95336963471047,11.631227250749081,934396.946471262,934.396946471262,0.23284169488072007,80.33519819768671,1.7239096001221557,0.15554439803378273,0.6711022354245604,1.8010161913203424,961,0.05127198884754218,19.237941444739736,4460.59375,129.49613893857995,23.028514932578695,0.9643017568710804,1000.0,True,,5,TCGA-NJ-A4YQ-01,TCGA-NJ-A4YQ,Female,Stage IA,69,0:LIVING,47.04,0,I,matched
TCGA-NJ-A4YQ,TCGA-NJ-A4YQ-01Z-00-DX1.56C29975-77E9-4822-A9E1-83AD70D6C5F7,5,TCGA-NJ-A4YQ-01,50.03441446062035,11.65799994633408,961611.5488091062,961.6115488091062,0.2329996277963745,82.48512208232512,1.7073572431718098,0.14697923777231284,0.666865584379888,1.7845151347635078,942,0.046615439140731775,18.827041550399322,4727.265625,131.88832871031462,23.5,0.9684389831816628,1000.0,True,,6,TCGA-NJ-A4YQ-01,TCGA-NJ-A4YQ,Female,Stage IA,69,0:LIVING,47.04,0,I,matched
TCGA-NJ-A4YQ,TCGA-NJ-A4YQ-01Z-00-DX1.56C29975-77E9-4822-A9E1-83AD70D6C5F7,6,TCGA-NJ-A4YQ-01,0.3051550869626472,0.027057754673203784,3789.606720526111,3.7896067205261112,0.08866886324105688,140.0562155395358,1.2029407734073387,0.21165725060704388,0.7602472831868654,1.632072796318188,6,0.3649375516231572,19.662133309724034,3190.578125,172.14432732310908,67.44117807393343,0.640400724575027,1000.0,True,,7,TCGA-NJ-A4YQ-01,TCGA-NJ-A4YQ,Female,Stage IA,69,0:LIVING,47.04,0,I,matched
TCGA-NJ-A4YQ,TCGA-NJ-A4YQ-01Z-00-DX1.56C29975-77E9-4822-A9E1-83AD70D6C5F7,7,TCGA-NJ-A4YQ-01,0.2550720606720546,0.0180790625,3144.827560572959,3.144827560572959,0.0708782547659902,173.948597200378,1.238137254080879,0.14406193968615572,0.4782126592945065,1.3497963749680928,2,0.767525298076256,7.840921482072448,6306.0625,381.9277786768069,238.85678240317984,0.31363452606481235,1000.0,True,,8,TCGA-NJ-A4YQ-01,TCGA-NJ-A4YQ,Female,Stage IA,69,0:LIVING,47.04,0,I,matched
TCGA-NJ-A4YQ,TCGA-NJ-A4YQ-01Z-00-DX1.56C29975-77E9-4822-A9E1-83AD70D6C5F7,8,TCGA-NJ-A4YQ-01,0.36308099817205464,0.08720860394046391,3800.5730259792194,3.8005730259792196,0.24019049297407194,43.58025302840322,1.1270142174072226,0.16902139405936864,0.762744007804367,1.2549470782656227,3,0.968836208481995,8.26261912659604,1431.96875,191.5052320597273,63.13477647065839,0.42967534992223944,1000.0,True,,9,TCGA-NJ-A4YQ-01,TCGA-NJ-A4YQ,Female,Stage IA,69,0:LIVING,47.04,0,I,matched
TCGA-NJ-A4YQ,TCGA-NJ-A4YQ-01Z-00-DX1.56C29975-77E9-4822-A9E1-83AD70D6C5F7,9,TCGA-NJ-A4YQ-01,0.20127358548432106,0.03585423415046953,3918.160444375638,3.918160444375638,0.17813680848480004,109.28027155543991,1.3492656434628478,0.06610369626246296,0.7055322708381367,1.5412481024680953,2,0.8673846087902599,9.93672366489341,16947.445200234764,276.9816174518627,128.35108102388543,0.4110709963577039,1000.0,True,,10,TCGA-NJ-A4YQ-01,TCGA-NJ-A4YQ,Female,Stage IA,69,0:LIVING,47.04,0,I,matched
TCGA-NJ-A4YQ,TCGA-NJ-A4YQ-01Z-00-DX1.56C29975-77E9-4822-A9E1-83AD70D6C5F7,10,TCGA-NJ-A4YQ-01,0.2212627400811877,0.01220334375,2613.183639280492,2.613183639280492,0.055153180085911614,214.13669014121575,1.2735029598943486,0.09731043509136172,0.5381459619413733,1.4747307199768638,2,0.6981072959539713,9.039027534713446,4388.5625,252.88908759572843,190.5534701861921,0.3345467355565993,1000.0,True,,11,TCGA-NJ-A4YQ-01,TCGA-NJ-A4YQ,Female,Stage IA,69,0:LIVING,47.04,0,I,matched
