patient_id,wsi_name,cluster_id,sample_id,master_roi_id,focus_ids,n_foci,n_intertumor_edges,master_area_mm2,tissue_fraction,tumor_stroma_ratio,tumor_pct_TS_compartment,stroma_pct_TS_compartment,TSR_category,TSR_stroma_fraction,TSR_compartment_stroma_fraction,TSR_reliable,sTIL_pct,sTILs_reliable,intratumoral_TIL_pct,iTILs_reliable,inter_tumor_sTILs_pct,inter_tumor_sTILs_reliable,mean_focus_gap_um,median_focus_gap_um,max_focus_gap_um,source_row,clinical__sample_id,subject_id,SEX,AJCC_PATHOLOGIC_TUMOR_STAGE,AGE,OS_STATUS,OS_MONTHS,OS_Status,stage,clinical_match
TCGA-05-4390,TCGA-05-4390-01Z-00-DX1.858E64DF-DD3E-4F43-B7C1-CE35B33F1C90,1,TCGA-05-4390-01,1,1,1,0,2.860032,0.9133771937570724,1.8918563499566903,65.42013575415056,34.579864245849436,stroma-low,0.34579864245849434,0.350189277288714,True,17.4128468871267,True,1.4749383791976727,True,,False,,,,2,TCGA-05-4390-01,TCGA-05-4390,Female,Stage IB,58,0:LIVING,36.99,0,I,matched
TCGA-05-4405,TCGA-05-4405-01Z-00-DX1.D57EC2B2-3A59-4954-86A7-61782938BCC5,1,TCGA-05-4405-01,1,1;2;3;4;5;6;7;8;9,9,9,46.2034355,0.9512884979680409,0.6132505390818255,38.01334784805678,61.986652151943225,stroma-high,0.6198665215194322,0.619479783125783,True,2.593135155745169,True,0.8892492414045429,True,0.022908998776159126,True,286.63346695810367,240.99999999999997,771.6168638576371,2,TCGA-05-4405-01,TCGA-05-4405,Female,Stage IB,74,0:LIVING,20.04,0,I,matched
TCGA-05-4417,TCGA-05-4417-01Z-00-DX1.6E534856-996F-4BD9-8AFC-7B1BF627E505,1,TCGA-05-4417-01,1,1,1,0,0.21780375,0.8666666571324944,0.4871741812463768,32.758380786175564,67.24161921382445,stroma-high,0.6724161921382444,0.6789708235507345,True,3.933832930513274,True,0.0788990857989169,True,,False,,,,2,TCGA-05-4417-01,TCGA-05-4417,Female,Stage IB,51,0:LIVING,14.95,0,I,matched
TCGA-05-4417,TCGA-05-4417-01Z-00-DX1.6E534856-996F-4BD9-8AFC-7B1BF627E505,2,TCGA-05-4417-01,2,2;3;4;5;6;7;8;9;10;11;12;13;14;15;16;17;18;19,18,26,74.4308015,0.9338665628700028,1.124965476003464,52.94041191291476,47.059588087085224,stroma-low,0.47059588087085225,0.48513567455820605,True,13.457991040752281,True,2.9910687667935907,True,12.265183023031966,True,421.005183311912,351.1830551709668,971.5341396932444,3,TCGA-05-4417-01,TCGA-05-4417,Female,Stage IB,51,0:LIVING,14.95,0,I,matched
TCGA-05-4425,TCGA-05-4425-01Z-00-DX1.82B093EE-49BC-4FD9-91AC-4CC89944309D,1,TCGA-05-4425-01,1,1,1,0,1.386112,0.5791855204683812,5.846831485380118,85.39470407391686,14.605295926083137,stroma-low,0.14605295926083137,0.1466923994796631,True,89.40202626616896,True,1.582301252475118,True,,False,,,,2,TCGA-05-4425-01,TCGA-05-4425,Female,Stage IV,70,0:LIVING,21.98,0,IV,matched
TCGA-05-4427,TCGA-05-4427-01Z-00-DX1.36CF4E93-3FBB-4346-A26B-85F0D9D0575D,1,TCGA-05-4427-01,1,1,1,0,20.0089045,0.9027576195803124,2.902497682486746,74.37538516710198,25.62461483289801,stroma-low,0.25624614832898013,0.2644591058704051,True,22.854535694568245,True,2.8602672803883236,True,,False,,,,2,TCGA-05-4427-01,TCGA-05-4427,Female,Stage IIB,65,0:LIVING,25.99,0,II,matched
TCGA-05-4427,TCGA-05-4427-01Z-00-DX1.36CF4E93-3FBB-4346-A26B-85F0D9D0575D,2,TCGA-05-4427-01,2,2,1,0,4.71908125,0.8307692316775838,4.495514554566092,81.80334179682731,18.196658203172696,stroma-low,0.18196658203172694,0.21897307303366698,True,41.723618837962455,True,2.0203710121940452,True,,False,,,,3,TCGA-05-4427-01,TCGA-05-4427,Female,Stage IIB,65,0:LIVING,25.99,0,II,matched
TCGA-05-4427,TCGA-05-4427-01Z-00-DX1.36CF4E93-3FBB-4346-A26B-85F0D9D0575D,3,TCGA-05-4427-01,3,3;4;5,3,2,93.103843,0.9285714288005017,3.2755392910684216,76.6111376384964,23.388862361503605,stroma-low,0.23388862361503604,0.23304635442524313,True,24.20902904170742,True,5.30573919982896,True,12.219733266175197,True,446.05843192881764,446.05843192881764,771.6168638576353,4,TCGA-05-4427-01,TCGA-05-4427,Female,Stage IIB,65,0:LIVING,25.99,0,II,matched
TCGA-05-4430,TCGA-05-4430-01Z-00-DX1.95659bbb-3091-4370-bc1d-6c6c1baa7b3d,1,TCGA-05-4430-01,1,1,1,0,31.93002975,0.9236016364712325,1.775065522256808,63.964814813210054,36.03518518678994,stroma-low,0.36035185186789936,0.3513215295330227,True,25.64574150239099,True,8.431208861596836,True,,False,,,,2,TCGA-05-4430-01,TCGA-05-4430,Female,Stage IB,59,0:LIVING,25,0,I,matched
TCGA-05-4430,TCGA-05-4430-01Z-00-DX1.95659bbb-3091-4370-bc1d-6c6c1baa7b3d,2,TCGA-05-4430-01,2,2,1,0,0.3194455,0.7272727269585382,0.2885492618511082,22.393343459495153,77.60665654050484,stroma-high,0.7760665654050485,0.7759994712383564,True,0.0,True,0.04038409698462367,True,,False,,,,3,TCGA-05-4430-01,TCGA-05-4430,Female,Stage IB,59,0:LIVING,25,0,I,matched
TCGA-05-4430,TCGA-05-4430-01Z-00-DX1.95659bbb-3091-4370-bc1d-6c6c1baa7b3d,3,TCGA-05-4430-01,3,3;4;5;6;7;8,6,6,58.3423645,0.9713787951979409,1.0526437686469792,51.2823405953601,48.717659404639896,stroma-low,0.48717659404639896,0.4839918922862592,True,8.568956790226805,True,4.857357247555591,True,2.9673610649250293,True,456.85675668904514,434.5087813400445,868.9777099969049,4,TCGA-05-4430-01,TCGA-05-4430,Female,Stage IB,59,0:LIVING,25,0,I,matched
TCGA-05-4434,TCGA-05-4434-01Z-00-DX1.f3f5c89c-306f-4876-98fa-f7bd231f2e10,1,TCGA-05-4434-01,1,1,1,0,0.290405,0.8999999977037079,0.3210340415928116,24.30172361082618,75.69827638917383,stroma-high,0.7569827638917382,0.7569827638917382,True,0.0,True,0.0,True,,False,,,,2,TCGA-05-4434-01,TCGA-05-4434,Female,Stage IV,67,1:DECEASED,15.01,1,IV,matched
TCGA-05-4434,TCGA-05-4434-01Z-00-DX1.f3f5c89c-306f-4876-98fa-f7bd231f2e10,2,TCGA-05-4434-01,2,2,1,0,83.79636275,0.9450701781881018,2.4939730926779857,71.37928731919509,28.620712680804917,stroma-low,0.28620712680804916,0.2840043159278493,True,4.470176076579472,True,1.4411050293795238,True,,False,,,,3,TCGA-05-4434-01,TCGA-05-4434,Female,Stage IV,67,1:DECEASED,15.01,1,IV,matched
TCGA-05-4434,TCGA-05-4434-01Z-00-DX1.f3f5c89c-306f-4876-98fa-f7bd231f2e10,3,TCGA-05-4434-01,3,3,1,0,0.39204675,0.6296296252557012,1.6024471166020613,61.57462744888854,38.42537255111146,stroma-low,0.3842537255111146,0.3842676540019458,True,0.024538909084707503,True,0.0,True,,False,,,,4,TCGA-05-4434-01,TCGA-05-4434,Female,Stage IV,67,1:DECEASED,15.01,1,IV,matched
TCGA-38-4625,TCGA-38-4625-01Z-00-DX1.ffdbfc1d-7a21-4e67-a54f-89597bd14a7f,1,TCGA-38-4625-01,1,1,1,0,0.24642,1.000000003137393,0.11876596211027053,10.615800456267763,89.38419954373224,stroma-high,0.8938419954373223,0.8879061269831063,True,4.28400627580918,True,11.129383115088105,True,,False,,,,2,TCGA-38-4625-01,TCGA-38-4625,Female,Stage IB,66,0:LIVING,97.67,0,I,matched
TCGA-38-4625,TCGA-38-4625-01Z-00-DX1.ffdbfc1d-7a21-4e67-a54f-89597bd14a7f,2,TCGA-38-4625-01,2,2,1,0,6.308352,0.8457031241760937,6.497826932163202,86.66280231529045,13.337197684709556,stroma-low,0.13337197684709556,0.1602906798173274,True,38.861420822531855,True,7.10935619400086,True,,False,,,,3,TCGA-38-4625-01,TCGA-38-4625,Female,Stage IB,66,0:LIVING,97.67,0,I,matched
TCGA-38-4625,TCGA-38-4625-01Z-00-DX1.ffdbfc1d-7a21-4e67-a54f-89597bd14a7f,3,TCGA-38-4625-01,3,3,1,0,51.144471,0.943387135670047,3.739479452545629,78.90063645148017,21.099363548519833,stroma-low,0.21099363548519834,0.21526426161580617,True,18.808346478287607,True,2.9756024868888105,True,,False,,,,4,TCGA-38-4625-01,TCGA-38-4625,Female,Stage IB,66,0:LIVING,97.67,0,I,matched
TCGA-38-4625,TCGA-38-4625-01Z-00-DX1.ffdbfc1d-7a21-4e67-a54f-89597bd14a7f,4,TCGA-38-4625-01,4,4;5,2,1,44.096859,0.9645152277659229,3.509747227033988,77.8258081959576,22.1741918040424,stroma-low,0.221741918040424,0.22413358897462793,True,10.800094232476928,True,2.2082919623708386,True,0.0,True,111.0,111.0,111.0,5,TCGA-38-4625-01,TCGA-38-4625,Female,Stage IB,66,0:LIVING,97.67,0,I,matched
TCGA-38-4626,TCGA-38-4626-01Z-00-DX1.142bc018-bd79-4db9-84e2-f83a617ea92a,1,TCGA-38-4626-01,1,1;4;6;10;11;13;16;19;25;26;32;36;41;43;45;47,16,22,69.749181,0.9464758876631646,0.8495014450012398,45.93137503608008,54.06862496391992,stroma-high,0.5406862496391992,0.5317948959309203,True,6.626806875687712,True,6.577262785522284,True,0.22401896557684148,True,496.383679643358,450.84999956867705,954.8981934995624,2,TCGA-38-4626-01,TCGA-38-4626,Female,[Discrepancy],57,0:LIVING,120.7,0,,matched
TCGA-38-4626,TCGA-38-4626-01Z-00-DX1.142bc018-bd79-4db9-84e2-f83a617ea92a,2,TCGA-38-4626-01,2,2;5;12;15;18;20;23;27;29;33;37;40;42;44,14,24,68.603328,0.9518678161461753,0.8565747378654954,46.13736901592767,53.86263098407233,stroma-high,0.5386263098407233,0.529014353190944,True,7.307027504187967,True,7.3842592378839225,True,0.4762699381982238,True,360.1659115747536,333.00056553522495,915.3642991905296,3,TCGA-38-4626-01,TCGA-38-4626,Female,[Discrepancy],57,0:LIVING,120.7,0,,matched
TCGA-38-4626,TCGA-38-4626-01Z-00-DX1.142bc018-bd79-4db9-84e2-f83a617ea92a,3,TCGA-38-4626-01,3,3;7;8;9;14;17;21;22;24;34;35;38;39;46,14,18,61.506432,0.9553285258301073,0.8387843864126701,45.616244765329725,54.38375523467026,stroma-high,0.5438375523467026,0.5343513933999992,True,5.222946338051767,True,6.355409643095205,True,0.14881632533705985,True,370.35442472751373,351.04917188918193,999.0,4,TCGA-38-4626-01,TCGA-38-4626,Female,[Discrepancy],57,0:LIVING,120.7,0,,matched
TCGA-38-4626,TCGA-38-4626-01Z-00-DX1.142bc018-bd79-4db9-84e2-f83a617ea92a,4,TCGA-38-4626-01,4,28,1,0,0.308025,1.0000000035192351,0.29624720140651334,22.854221099576197,77.1457789004238,stroma-high,0.771457789004238,0.7583756026597158,True,0.07561659336220401,True,8.447204658141727,True,,False,,,,5,TCGA-38-4626-01,TCGA-38-4626,Female,[Discrepancy],57,0:LIVING,120.7,0,,matched
TCGA-38-4626,TCGA-38-4626-01Z-00-DX1.142bc018-bd79-4db9-84e2-f83a617ea92a,5,TCGA-38-4626-01,5,30,1,0,0.332667,1.000000001280838,0.2292118512790111,18.647058360242227,81.35294163975777,stroma-high,0.8135294163975777,0.8110313258277719,True,0.602141115071227,True,2.4009378695645567,True,,False,,,,6,TCGA-38-4626-01,TCGA-38-4626,Female,[Discrepancy],57,0:LIVING,120.7,0,,matched
TCGA-38-4626,TCGA-38-4626-01Z-00-DX1.142bc018-bd79-4db9-84e2-f83a617ea92a,6,TCGA-38-4626-01,6,31,1,0,0.135531,1.0000000018057602,0.7099589134411302,41.51906270147773,58.48093729852227,stroma-high,0.5848093729852227,0.5778673929914182,True,1.0691658170536487,True,3.317584408044931,True,,False,,,,7,TCGA-38-4626-01,TCGA-38-4626,Female,[Discrepancy],57,0:LIVING,120.7,0,,matched
TCGA-38-4626,TCGA-38-4626-01Z-00-DX1.142bc018-bd79-4db9-84e2-f83a617ea92a,7,TCGA-38-4626-01,7,48,1,0,0.234099,0.9999999994409001,0.34436213935892085,25.615280978020927,74.38471902197907,stroma-high,0.7438471902197907,0.7595474011993053,True,38.72458452385737,True,27.58757145910803,True,,False,,,,8,TCGA-38-4626-01,TCGA-38-4626,Female,[Discrepancy],57,0:LIVING,120.7,0,,matched
TCGA-38-4626,TCGA-38-4626-01Z-00-DX1.142bc018-bd79-4db9-84e2-f83a617ea92a,8,TCGA-38-4626-01,8,49,1,0,0.258741,0.999999996779869,0.3600563038277356,26.473632217607097,73.52636778239291,stroma-high,0.7352636778239291,0.7582654465929148,True,35.86271322180586,True,23.749806812854754,True,,False,,,,9,TCGA-38-4626-01,TCGA-38-4626,Female,[Discrepancy],57,0:LIVING,120.7,0,,matched
TCGA-38-4626,TCGA-38-4626-01Z-00-DX1.142bc018-bd79-4db9-84e2-f83a617ea92a,9,TCGA-38-4626-01,9,50,1,0,0.640692,0.6923076937954858,0.7759434134687865,43.69189961707213,56.308100382927876,stroma-high,0.5630810038292787,0.5641284483780432,True,5.931454909096956,True,4.627533345983472,True,,False,,,,10,TCGA-38-4626-01,TCGA-38-4626,Female,[Discrepancy],57,0:LIVING,120.7,0,,matched
TCGA-38-6178,TCGA-38-6178-01Z-00-DX1.5932337D-BA2B-455D-9E34-22961EFA2170,1,TCGA-38-6178-01,1,1;2;4,3,2,1.922076,0.7371794871664044,0.5229796763598277,34.33924197923871,65.6607580207613,stroma-high,0.656607580207613,0.659172122992009,True,7.016609352951472,True,4.049390851140622,True,5.1368616559967695,True,695.697733625321,695.697733625321,894.949819872963,2,TCGA-38-6178-01,TCGA-38-6178,Female,Stage IIIA,70,0:LIVING,14.72,0,III,matched
TCGA-38-6178,TCGA-38-6178-01Z-00-DX1.5932337D-BA2B-455D-9E34-22961EFA2170,2,TCGA-38-6178-01,2,3;8;12,3,2,65.067201,0.9734898696703418,1.011493536679235,50.28569658489208,49.71430341510792,stroma-low,0.4971430341510792,0.47674120914531365,True,11.281504343202103,True,10.13996294172747,True,8.324667924381018,True,222.0,222.0,333.0,3,TCGA-38-6178-01,TCGA-38-6178,Female,Stage IIIA,70,0:LIVING,14.72,0,III,matched
TCGA-38-6178,TCGA-38-6178-01Z-00-DX1.5932337D-BA2B-455D-9E34-22961EFA2170,3,TCGA-38-6178-01,3,5;10,2,1,1.306026,0.7830188694593778,0.5959284227836138,37.34054825242082,62.659451747579176,stroma-high,0.6265945174757918,0.6291245968204835,True,7.7790955855797534,True,4.857743918843198,True,5.04444662953174,True,555.0402333690103,555.0402333690103,555.0402333690103,4,TCGA-38-6178-01,TCGA-38-6178,Female,Stage IIIA,70,0:LIVING,14.72,0,III,matched
TCGA-38-6178,TCGA-38-6178-01Z-00-DX1.5932337D-BA2B-455D-9E34-22961EFA2170,4,TCGA-38-6178-01,4,6;14;16;18;20;21;22;23;26;27,10,11,77.560695,0.9725178714355324,0.969074058226767,49.21470851631951,50.78529148368048,stroma-high,0.5078529148368048,0.497220654659195,True,15.395616241379088,True,8.873402846406249,True,18.486711307028937,True,367.6073474192495,351.04917188918205,784.9210409438687,5,TCGA-38-6178-01,TCGA-38-6178,Female,Stage IIIA,70,0:LIVING,14.72,0,III,matched
TCGA-38-6178,TCGA-38-6178-01Z-00-DX1.5932337D-BA2B-455D-9E34-22961EFA2170,5,TCGA-38-6178-01,5,7;9;11;17,4,3,1.429236,1.000000000581763,0.2170072462666136,17.831220556189948,82.16877944381005,stroma-high,0.8216877944381006,0.82929811908098,True,18.310083643690028,True,12.488636329082972,True,31.968850568784017,True,531.557777688679,470.9737580802597,666.0,6,TCGA-38-6178-01,TCGA-38-6178,Female,Stage IIIA,70,0:LIVING,14.72,0,III,matched
TCGA-38-6178,TCGA-38-6178-01Z-00-DX1.5932337D-BA2B-455D-9E34-22961EFA2170,6,TCGA-38-6178-01,6,13,1,0,0.308025,0.9599999979206768,0.32031634849944685,24.260575797875237,75.73942420212477,stroma-high,0.7573942420212476,0.7215894756258382,True,3.253534659539523,True,19.45162286132253,True,,False,,,,7,TCGA-38-6178-01,TCGA-38-6178,Female,Stage IIIA,70,0:LIVING,14.72,0,III,matched
TCGA-38-6178,TCGA-38-6178-01Z-00-DX1.5932337D-BA2B-455D-9E34-22961EFA2170,7,TCGA-38-6178-01,7,15,1,0,0.455877,0.8918918902698941,0.6745601007709797,40.282824155454755,59.717175844545245,stroma-high,0.5971717584454524,0.637611514124836,True,48.48045017197832,True,41.71046966636983,True,,False,,,,8,TCGA-38-6178-01,TCGA-38-6178,Female,Stage IIIA,70,0:LIVING,14.72,0,III,matched
TCGA-38-6178,TCGA-38-6178-01Z-00-DX1.5932337D-BA2B-455D-9E34-22961EFA2170,8,TCGA-38-6178-01,8,19,1,0,0.320346,1.0000000040387163,0.3828661263814414,27.686420187562966,72.31357981243704,stroma-high,0.7231357981243703,0.6911555173771278,True,21.601586022725268,True,31.551615034007163,True,,False,,,,9,TCGA-38-6178-01,TCGA-38-6178,Female,Stage IIIA,70,0:LIVING,14.72,0,III,matched
TCGA-38-6178,TCGA-38-6178-01Z-00-DX1.5932337D-BA2B-455D-9E34-22961EFA2170,9,TCGA-38-6178-01,9,24,1,0,0.283383,0.9565217344595862,0.316358194102129,24.032835099105593,75.9671649008944,stroma-high,0.759671649008944,0.7665510368289145,True,9.072075990849385,True,5.144735774012904,True,,False,,,,10,TCGA-38-6178-01,TCGA-38-6178,Female,Stage IIIA,70,0:LIVING,14.72,0,III,matched
TCGA-38-6178,TCGA-38-6178-01Z-00-DX1.5932337D-BA2B-455D-9E34-22961EFA2170,10,TCGA-38-6178-01,10,25,1,0,0.517482,1.0000000012240067,0.377643560702732,27.412283661391857,72.58771633860815,stroma-high,0.7258771633860814,0.7406678328645983,True,18.676414717852637,True,8.67701169501977,True,,False,,,,11,TCGA-38-6178-01,TCGA-38-6178,Female,Stage IIIA,70,0:LIVING,14.72,0,III,matched
TCGA-38-6178,TCGA-38-6178-01Z-00-DX1.5932337D-BA2B-455D-9E34-22961EFA2170,11,TCGA-38-6178-01,11,28,1,0,0.344988,0.9999999983951317,0.2718639425501512,21.3752378265438,78.62476217345619,stroma-high,0.786247621734562,0.819507190682286,True,23.463464458010325,True,0.9225987225331845,True,,False,,,,12,TCGA-38-6178-01,TCGA-38-6178,Female,Stage IIIA,70,0:LIVING,14.72,0,III,matched
TCGA-38-6178,TCGA-38-6178-01Z-00-DX1.5932337D-BA2B-455D-9E34-22961EFA2170,12,TCGA-38-6178-01,12,29,1,0,0.418914,0.9999999990584055,0.2696676614023386,21.239232092002144,78.76076790799786,stroma-high,0.7876076790799785,0.8244905265458595,True,26.569109414149537,True,0.22881421840910673,True,,False,,,,13,TCGA-38-6178-01,TCGA-38-6178,Female,Stage IIIA,70,0:LIVING,14.72,0,III,matched
TCGA-44-2655,TCGA-44-2655-01Z-00-DX1.ee255271-780c-461c-ab23-5cd3504b5e4a,1,TCGA-44-2655-01,1,1;3,2,1,1.638693,0.9248120300955799,0.5259435494120981,34.46677628505516,65.53322371494484,stroma-high,0.6553322371494483,0.6283831626222998,True,10.1598918772039,True,18.84600041250487,True,0.0,True,444.0004241515763,444.0004241515763,444.0004241515763,2,TCGA-44-2655-01,TCGA-44-2655,Female,Stage IA,65,0:LIVING,43.5,0,I,matched
TCGA-44-2655,TCGA-44-2655-01Z-00-DX1.ee255271-780c-461c-ab23-5cd3504b5e4a,2,TCGA-44-2655-01,2,2;4,2,1,1.885113,0.9150326785312525,0.46266290717373276,31.631547153111633,68.36845284688836,stroma-high,0.6836845284688836,0.6584376144722645,True,6.96444752872199,True,15.801072616978566,True,0.0,True,333.0,333.0,333.0,3,TCGA-44-2655-01,TCGA-44-2655,Female,Stage IA,65,0:LIVING,43.5,0,I,matched
TCGA-44-2657,TCGA-44-2657-01Z-00-DX1.b7f608bd-2381-40a2-a757-ca4648a7de8a,1,TCGA-44-2657-01,1,1;2;5;6;8,5,5,8.834157,0.8716875867242023,0.3921442390216423,28.168362733536117,71.83163726646387,stroma-high,0.7183163726646388,0.7115746709239134,True,12.215444354787316,True,11.116978960955368,True,15.387326875843932,True,445.1980466334318,400.25604422939284,894.9426911118301,2,TCGA-44-2657-01,TCGA-44-2657,Female,Stage IB,74,0:LIVING,44.38,0,I,matched
TCGA-44-2657,TCGA-44-2657-01Z-00-DX1.b7f608bd-2381-40a2-a757-ca4648a7de8a,2,TCGA-44-2657-01,2,3;4;7;9;10,5,7,7.836156,0.8946540880157878,0.38703047118057926,27.903530544008593,72.0964694559914,stroma-high,0.720964694559914,0.7217921634493235,True,14.92467139401192,True,9.990191783318394,True,20.005019354607377,True,532.2382259911944,555.0,992.8527382994578,3,TCGA-44-2657-01,TCGA-44-2657,Female,Stage IB,74,0:LIVING,44.38,0,I,matched
TCGA-44-2657,TCGA-44-2657-01Z-00-DX1.b7f608bd-2381-40a2-a757-ca4648a7de8a,3,TCGA-44-2657-01,3,11;13;15;20,4,3,5.445882,0.9185520370161504,0.33402131266026047,25.03867887943757,74.96132112056243,stroma-high,0.7496132112056243,0.7435492820024596,True,13.723137112397819,True,13.439172436950667,True,9.778941852574652,True,550.2329013450693,555.0003393213194,744.6491928247056,4,TCGA-44-2657-01,TCGA-44-2657,Female,Stage IB,74,0:LIVING,44.38,0,I,matched
TCGA-44-2657,TCGA-44-2657-01Z-00-DX1.b7f608bd-2381-40a2-a757-ca4648a7de8a,4,TCGA-44-2657-01,4,12;14;16;17;19,5,6,7.897761,0.8798751944390755,0.37643956820352303,27.348790088535285,72.6512099114647,stroma-high,0.7265120991146471,0.7286474038586651,True,13.558348771632648,True,8.625170178391652,True,4.095935939880717,True,443.48796475337326,392.4849053685516,784.9210409438667,5,TCGA-44-2657-01,TCGA-44-2657,Female,Stage IB,74,0:LIVING,44.38,0,I,matched
TCGA-44-2657,TCGA-44-2657-01Z-00-DX1.b7f608bd-2381-40a2-a757-ca4648a7de8a,5,TCGA-44-2657-01,5,18,1,0,2.316348,0.8882978715253634,0.45193646019658784,31.12646266458499,68.87353733541501,stroma-high,0.6887353733541501,0.6889094631486803,True,12.273241244388357,True,6.466203355905888,True,,False,,,,6,TCGA-44-2657-01,TCGA-44-2657,Female,Stage IB,74,0:LIVING,44.38,0,I,matched
TCGA-44-2659,TCGA-44-2659-01Z-00-DX1.b33f40e6-bc18-48b0-8dad-bdb0a6a200b5,1,TCGA-44-2659-01,1,1;2;3;5,4,5,3.610053,0.9453924925191265,0.36784566277716785,26.89233681746832,73.1076631825317,stroma-high,0.7310766318253169,0.7279081922756095,True,5.8186116685121485,True,6.259431761694051,True,8.781203318935276,True,403.2100719027041,351.04917188918375,666.0002827677926,2,TCGA-44-2659-01,TCGA-44-2659,Female,Stage IIB,65,0:LIVING,44.91,0,II,matched
TCGA-44-2659,TCGA-44-2659-01Z-00-DX1.b33f40e6-bc18-48b0-8dad-bdb0a6a200b5,2,TCGA-44-2659-01,2,4,1,0,0.24642,0.6000000016825652,0.8115260039549901,44.79792187267733,55.20207812732267,stroma-high,0.5520207812732267,0.5554598125927362,True,1.8707509628480894,True,0.19859369152560674,True,,False,,,,3,TCGA-44-2659-01,TCGA-44-2659,Female,Stage IIB,65,0:LIVING,44.91,0,II,matched
TCGA-44-2659,TCGA-44-2659-01Z-00-DX1.b33f40e6-bc18-48b0-8dad-bdb0a6a200b5,3,TCGA-44-2659-01,3,6;8;9;10,4,4,3.671658,0.9261744968840662,0.38165584060070534,27.623075833036108,72.3769241669639,stroma-high,0.723769241669639,0.7191874694410324,True,6.475872352345764,True,7.2322153151844315,True,11.344912151914569,True,412.30918026331335,470.22303576462775,597.7906495239978,4,TCGA-44-2659-01,TCGA-44-2659,Female,Stage IIB,65,0:LIVING,44.91,0,II,matched
TCGA-44-2659,TCGA-44-2659-01Z-00-DX1.b33f40e6-bc18-48b0-8dad-bdb0a6a200b5,4,TCGA-44-2659-01,4,7,1,0,0.357309,0.9999999977580015,0.3227745659721823,24.401328410405053,75.59867158959494,stroma-high,0.7559867158959495,0.7456857783364523,True,7.128753299149253,True,10.708426030732392,True,,False,,,,5,TCGA-44-2659-01,TCGA-44-2659,Female,Stage IIB,65,0:LIVING,44.91,0,II,matched
TCGA-44-2661,TCGA-44-2661-01Z-00-DX1.20cfa0f8-e3ca-4c26-9dfe-b9d416cd94b1,1,TCGA-44-2661-01,1,1;2;4;6,4,3,49.419531,0.9803041631474313,0.8915058225186783,47.13206863574827,52.86793136425173,stroma-high,0.5286793136425173,0.45624017881026047,True,28.734229678496565,True,31.001423756623936,True,0.0,True,111.0,111.0,111.0,2,TCGA-44-2661-01,TCGA-44-2661,Female,Stage IA,69,0:LIVING,38.07,0,I,matched
TCGA-44-2661,TCGA-44-2661-01Z-00-DX1.20cfa0f8-e3ca-4c26-9dfe-b9d416cd94b1,2,TCGA-44-2661-01,2,3;7,2,1,46.413207,0.9792938672712446,0.857845270770736,46.17420429285023,53.82579570714978,stroma-high,0.5382579570714978,0.4682292179311813,True,27.76508232411655,True,29.15575611331549,True,0.0,True,111.0,111.0,111.0,3,TCGA-44-2661-01,TCGA-44-2661,Female,Stage IA,69,0:LIVING,38.07,0,I,matched
TCGA-44-2661,TCGA-44-2661-01Z-00-DX1.20cfa0f8-e3ca-4c26-9dfe-b9d416cd94b1,3,TCGA-44-2661-01,3,5,1,0,44.922366,0.98162369687796,0.8798966272720128,46.805585717171226,53.194414282828774,stroma-high,0.5319441428282877,0.4710441873913325,True,35.745912226311326,True,29.221017505329765,True,,False,,,,4,TCGA-44-2661-01,TCGA-44-2661,Female,Stage IA,69,0:LIVING,38.07,0,I,matched
TCGA-44-2661,TCGA-44-2661-01Z-00-DX1.20cfa0f8-e3ca-4c26-9dfe-b9d416cd94b1,4,TCGA-44-2661-01,4,8,1,0,0.234099,0.9999999923518197,0.246913320875174,19.80196351594611,80.19803648405389,stroma-high,0.8019803648405389,0.8283363488856471,True,28.361096143428604,True,6.859760079250017,True,,False,,,,5,TCGA-44-2661-01,TCGA-44-2661,Female,Stage IA,69,0:LIVING,38.07,0,I,matched
TCGA-44-2665,TCGA-44-2665-01Z-00-DX1.d429e37e-3915-4da6-b5bc-bf2f09f4fbf7,1,TCGA-44-2665-01,1,1;3;5;8;9;12,6,6,22.756887,0.948565240992725,1.0997584351584941,52.37547408997464,47.62452591002535,stroma-low,0.4762452591002535,0.4768803502271916,True,18.30098353122804,True,9.733960688404366,True,22.21588165900032,True,283.3157998373552,111.0,784.9210409438698,2,TCGA-44-2665-01,TCGA-44-2665,Female,Stage IIB,55,0:LIVING,42.74,0,II,matched
TCGA-44-2665,TCGA-44-2665-01Z-00-DX1.d429e37e-3915-4da6-b5bc-bf2f09f4fbf7,2,TCGA-44-2665-01,2,2,1,0,0.24642,0.9999999958992702,0.20797925870397907,17.217121668721084,82.78287833127892,stroma-high,0.8278287833127892,0.8410545078519138,True,11.393039021748336,True,0.9267279412634487,True,,False,,,,3,TCGA-44-2665-01,TCGA-44-2665,Female,Stage IIB,55,0:LIVING,42.74,0,II,matched
TCGA-44-2665,TCGA-44-2665-01Z-00-DX1.d429e37e-3915-4da6-b5bc-bf2f09f4fbf7,3,TCGA-44-2665-01,3,4;6;7;10;11,5,5,23.841135,0.9467700265374345,1.1471754891360761,53.42718818002372,46.57281181997629,stroma-low,0.46572811819976284,0.4618860888663485,True,14.24935476665897,True,8.685296108860499,True,14.547016460529541,True,282.1375498838426,248.2421020415345,496.4456473776787,4,TCGA-44-2665-01,TCGA-44-2665,Female,Stage IIB,55,0:LIVING,42.74,0,II,matched
TCGA-44-3396,TCGA-44-3396-01Z-00-DX1.187b0a68-ad51-4fcd-819c-b74a8599dbe9,1,TCGA-44-3396-01,1,1,1,0,1.35531,0.899999999001474,1.2333013195052676,55.2232387422972,44.776761257702795,stroma-low,0.44776761257702796,0.5447508934195092,True,46.61574709279915,True,13.171024386691766,True,,False,,,,2,TCGA-44-3396-01,TCGA-44-3396,Female,Stage IIIA,74,0:LIVING,37.12,0,III,matched
TCGA-44-3396,TCGA-44-3396-01Z-00-DX1.187b0a68-ad51-4fcd-819c-b74a8599dbe9,2,TCGA-44-3396-01,2,2;9,2,1,34.37559,0.9666666661154464,1.5372814436400972,60.58773840377143,39.412261596228575,stroma-low,0.39412261596228576,0.41685103251304145,True,43.937307605567305,True,13.084168676940541,True,60.21939870602603,True,555.0003393213194,555.0003393213194,555.0003393213194,3,TCGA-44-3396-01,TCGA-44-3396,Female,Stage IIIA,74,0:LIVING,37.12,0,III,matched
TCGA-44-3396,TCGA-44-3396-01Z-00-DX1.187b0a68-ad51-4fcd-819c-b74a8599dbe9,3,TCGA-44-3396-01,3,3;11,2,1,35.546085,0.9656845754777664,1.450550534100608,59.19284315567006,40.80715684432993,stroma-low,0.40807156844329934,0.4129530678420845,True,34.69019272862408,True,12.529313542918183,True,19.95158743578117,True,555.0,555.0,555.0,4,TCGA-44-3396-01,TCGA-44-3396,Female,Stage IIIA,74,0:LIVING,37.12,0,III,matched
TCGA-44-3396,TCGA-44-3396-01Z-00-DX1.187b0a68-ad51-4fcd-819c-b74a8599dbe9,4,TCGA-44-3396-01,4,4,1,0,0.234099,0.6842105220095714,0.8228138596411346,45.13976319025386,54.860236809746134,stroma-high,0.5486023680974613,0.5792908890743802,True,12.152034798781521,True,0.43899940663510767,True,,False,,,,5,TCGA-44-3396-01,TCGA-44-3396,Female,Stage IIIA,74,0:LIVING,37.12,0,III,matched
TCGA-44-3396,TCGA-44-3396-01Z-00-DX1.187b0a68-ad51-4fcd-819c-b74a8599dbe9,5,TCGA-44-3396-01,5,5,1,0,0.258741,0.6190476163333405,0.7445969270485063,42.68016958554483,57.319830414455176,stroma-high,0.5731983041445518,0.5798688873505187,True,7.07031956106583,True,4.675144601629933,True,,False,,,,6,TCGA-44-3396-01,TCGA-44-3396,Female,Stage IIIA,74,0:LIVING,37.12,0,III,matched
TCGA-44-3396,TCGA-44-3396-01Z-00-DX1.187b0a68-ad51-4fcd-819c-b74a8599dbe9,6,TCGA-44-3396-01,6,6,1,0,0.172494,0.571428570754246,13.666005715255121,93.18151090750067,6.818489092499338,stroma-low,0.06818489092499339,0.12450011802523685,True,50.2915605671775,True,3.381875902924118,True,,False,,,,7,TCGA-44-3396-01,TCGA-44-3396,Female,Stage IIIA,74,0:LIVING,37.12,0,III,matched
TCGA-44-3396,TCGA-44-3396-01Z-00-DX1.187b0a68-ad51-4fcd-819c-b74a8599dbe9,7,TCGA-44-3396-01,7,7;12;13,3,3,1.269063,0.9611650491104369,0.5838897602253268,36.86429288754678,63.13570711245323,stroma-high,0.6313570711245323,0.7414175777779447,True,53.9484591000242,True,15.065027422613134,True,46.757462469579664,True,548.6656022346511,333.00056553522495,999.000188511884,8,TCGA-44-3396-01,TCGA-44-3396,Female,Stage IIIA,74,0:LIVING,37.12,0,III,matched
TCGA-44-3396,TCGA-44-3396-01Z-00-DX1.187b0a68-ad51-4fcd-819c-b74a8599dbe9,8,TCGA-44-3396-01,8,8;10,2,1,0.763902,1.0000000013610442,0.5115457609697983,33.842558669318336,66.15744133068166,stroma-high,0.6615744133068167,0.7198589516475464,True,56.27172685321432,True,36.47463340340762,True,36.24973024357055,True,248.2421020415345,248.2421020415345,248.2421020415345,9,TCGA-44-3396-01,TCGA-44-3396,Female,Stage IIIA,74,0:LIVING,37.12,0,III,matched
TCGA-44-3398,TCGA-44-3398-01Z-00-DX1.74757c91-a0c6-4e7f-b2db-8748c68ffa44,1,TCGA-44-3398-01,1,1;2;3;4;5;6;7;8;9;10;11;12;13;14;15;16;17;18;19;20;21;23,22,44,46.018935,0.985809906410629,0.7399809410538526,42.52810611854571,57.47189388145429,stroma-high,0.574718938814543,0.5606345832456671,True,13.160072366727773,True,13.989452226937878,True,12.190591935655991,True,445.30690138523244,366.62830488230895,894.9426911118318,2,TCGA-44-3398-01,TCGA-44-3398,Female,Stage IA,77,0:LIVING,38.21,0,I,matched
TCGA-44-3398,TCGA-44-3398-01Z-00-DX1.74757c91-a0c6-4e7f-b2db-8748c68ffa44,2,TCGA-44-3398-01,2,22,1,0,0.172494,0.6428571413936359,1.4977585591717888,59.96410476392956,40.035895236070445,stroma-low,0.40035895236070446,0.33262327731026076,True,35.728847021524274,True,39.52558116061151,True,,False,,,,3,TCGA-44-3398-01,TCGA-44-3398,Female,Stage IA,77,0:LIVING,38.21,0,I,matched
TCGA-44-3919,TCGA-44-3919-01Z-00-DX1.41144972-46a1-4b25-9faa-ed1b9d1996d2,1,TCGA-44-3919-01,1,1;2;5,3,2,6.641019,0.9387755103453589,0.6785358659860317,40.424269730300665,59.57573026969932,stroma-high,0.5957573026969932,0.6127787762581849,True,35.01001242544951,True,21.148575916676286,True,15.763901852862125,True,455.7361178831094,455.7361178831094,800.4722357662188,2,TCGA-44-3919-01,TCGA-44-3919,Female,Stage IA,71,1:DECEASED,33.71,1,I,matched
TCGA-44-3919,TCGA-44-3919-01Z-00-DX1.41144972-46a1-4b25-9faa-ed1b9d1996d2,2,TCGA-44-3919-01,2,3,1,0,0.221778,0.7777777784295823,0.6479081816910708,39.31700739698934,60.68299260301067,stroma-high,0.6068299260301067,0.6073196283789443,True,2.174582195439976,True,0.7714144098602809,True,,False,,,,3,TCGA-44-3919-01,TCGA-44-3919,Female,Stage IA,71,1:DECEASED,33.71,1,I,matched
TCGA-44-3919,TCGA-44-3919-01Z-00-DX1.41144972-46a1-4b25-9faa-ed1b9d1996d2,3,TCGA-44-3919-01,3,4,1,0,0.554445,0.8666666692452661,0.6295120927518164,38.63193747084972,61.36806252915028,stroma-high,0.6136806252915028,0.624072924335362,True,31.004620811743788,True,23.923630748174457,True,,False,,,,4,TCGA-44-3919-01,TCGA-44-3919,Female,Stage IA,71,1:DECEASED,33.71,1,I,matched
TCGA-44-3919,TCGA-44-3919-01Z-00-DX1.41144972-46a1-4b25-9faa-ed1b9d1996d2,4,TCGA-44-3919-01,4,6;8,2,1,7.577415,0.9252032527879216,0.6092255057410256,37.85830535046646,62.14169464953354,stroma-high,0.6214169464953354,0.6123513638006979,True,34.208441624246724,True,27.05266890481422,True,77.2206255314327,True,222.000848301937,222.000848301937,222.000848301937,5,TCGA-44-3919-01,TCGA-44-3919,Female,Stage IA,71,1:DECEASED,33.71,1,I,matched
TCGA-44-3919,TCGA-44-3919-01Z-00-DX1.41144972-46a1-4b25-9faa-ed1b9d1996d2,5,TCGA-44-3919-01,5,7,1,0,0.308025,0.7200000039728184,0.6008182992011988,37.53194847291566,62.468051527084334,stroma-high,0.6246805152708433,0.6127807408063393,True,6.358916038573624,True,9.718781226791032,True,,False,,,,6,TCGA-44-3919-01,TCGA-44-3919,Female,Stage IA,71,1:DECEASED,33.71,1,I,matched
TCGA-44-4112,TCGA-44-4112-01Z-00-DX1.5380b3b4-0e24-4c6c-aa8c-298c5fbe068f,1,TCGA-44-4112-01,1,1;3;6;7,4,3,36.728901,0.9584032200811123,1.4670593274454102,59.46591195131575,40.534088048684254,stroma-low,0.4053408804868425,0.40047629397415135,True,10.774705136968569,True,5.025391927135498,True,7.560577957876016,True,259.00028276731234,222.000848301937,444.0,2,TCGA-44-4112-01,TCGA-44-4112,Female,Stage IB,60,1:DECEASED,26.54,1,I,matched
TCGA-44-4112,TCGA-44-4112-01Z-00-DX1.5380b3b4-0e24-4c6c-aa8c-298c5fbe068f,2,TCGA-44-4112-01,2,2;4;5,3,2,37.160136,0.9479442973842093,1.4954822430168209,59.92758502696909,40.0724149730309,stroma-low,0.400724149730309,0.4021128866699693,True,12.19255768136081,True,2.5737244376157165,True,12.732378963047191,True,333.0,333.0,555.0,3,TCGA-44-4112-01,TCGA-44-4112,Female,Stage IB,60,1:DECEASED,26.54,1,I,matched
TCGA-44-5644,TCGA-44-5644-01Z-00-DX1.7e4edaa7-25c6-49f4-81bc-f50d6c5fac38,1,TCGA-44-5644-01,1,1;5;7;10;12,5,6,16.990659,0.9166062368368528,1.1447354887194576,53.37420370672081,46.62579629327918,stroma-low,0.4662579629327918,0.48093984046843635,True,17.418480534838228,True,3.7642085258458753,True,36.61387535287605,True,348.3396140256115,245.00945638432955,888.0,2,TCGA-44-5644-01,TCGA-44-5644,Female,Stage IB,51,0:LIVING,28.35,0,I,matched
TCGA-44-5644,TCGA-44-5644-01Z-00-DX1.7e4edaa7-25c6-49f4-81bc-f50d6c5fac38,2,TCGA-44-5644-01,2,2;3;8;9,4,3,16.929054,0.9148471614192957,1.1091745658703607,52.58808748306021,47.41191251693979,stroma-low,0.4741191251693979,0.4857622886650452,True,13.27668223192307,True,2.6271105277208653,True,21.29696903122875,True,413.02980175273024,351.04917188918205,555.0402333690089,3,TCGA-44-5644-01,TCGA-44-5644,Female,Stage IB,51,0:LIVING,28.35,0,I,matched
TCGA-44-5644,TCGA-44-5644-01Z-00-DX1.7e4edaa7-25c6-49f4-81bc-f50d6c5fac38,3,TCGA-44-5644-01,3,4;6;11,3,2,16.719597,0.9137803984407049,1.168253871810316,53.87993938343202,46.12006061656798,stroma-low,0.4612006061656798,0.4675416128442562,True,12.653848354972821,True,3.928287655048442,True,53.075128080477704,True,231.02458594459102,231.02458594459102,351.04917188918205,4,TCGA-44-5644-01,TCGA-44-5644,Female,Stage IB,51,0:LIVING,28.35,0,I,matched
TCGA-44-5644,TCGA-44-5644-01Z-00-DX1.7e4edaa7-25c6-49f4-81bc-f50d6c5fac38,4,TCGA-44-5644-01,4,13,1,0,0.406593,0.9090909079055894,0.37956334673237,27.513295973787848,72.48670402621215,stroma-high,0.7248670402621216,0.7142037660219139,True,9.816817032258495,True,13.338110274089162,True,,False,,,,5,TCGA-44-5644-01,TCGA-44-5644,Female,Stage IB,51,0:LIVING,28.35,0,I,matched
TCGA-44-5644,TCGA-44-5644-01Z-00-DX1.7e4edaa7-25c6-49f4-81bc-f50d6c5fac38,5,TCGA-44-5644-01,5,14,1,0,0.357309,0.8965517170167757,0.4013711727167204,28.64131791284217,71.35868208715783,stroma-high,0.7135868208715783,0.7131834936306738,True,17.626412656547224,True,16.11582932941118,True,,False,,,,6,TCGA-44-5644-01,TCGA-44-5644,Female,Stage IB,51,0:LIVING,28.35,0,I,matched
TCGA-44-5645,TCGA-44-5645-01Z-00-DX1.8b0d89d7-7849-49a6-a2f5-a8faf2c5aab4,1,TCGA-44-5645-01,1,1;5,2,1,23.422221,0.9105733830676563,0.7423648255842634,42.6067385362493,57.39326146375069,stroma-high,0.5739326146375069,0.5440589933007557,True,8.375993152253923,True,13.425178528733461,True,0.0,True,111.0,111.0,111.0,2,TCGA-44-5645-01,TCGA-44-5645,Female,Stage IA,61,0:LIVING,27.99,0,I,matched
TCGA-44-5645,TCGA-44-5645-01Z-00-DX1.8b0d89d7-7849-49a6-a2f5-a8faf2c5aab4,2,TCGA-44-5645-01,2,2,1,0,3.881115,0.8634920631345773,0.7471439183946774,42.76373059645671,57.23626940354328,stroma-high,0.5723626940354328,0.519790242480184,True,8.654616681468221,True,22.209058840328183,True,,False,,,,3,TCGA-44-5645-01,TCGA-44-5645,Female,Stage IA,61,0:LIVING,27.99,0,I,matched
TCGA-44-5645,TCGA-44-5645-01Z-00-DX1.8b0d89d7-7849-49a6-a2f5-a8faf2c5aab4,3,TCGA-44-5645-01,3,3,1,0,22.830813,0.9195898540703894,0.7269806816796126,42.095472716728466,57.904527283271534,stroma-high,0.5790452728327153,0.5475160301964159,True,7.5471085908550535,True,13.905155269503608,True,,False,,,,4,TCGA-44-5645-01,TCGA-44-5645,Female,Stage IA,61,0:LIVING,27.99,0,I,matched
TCGA-44-5645,TCGA-44-5645-01Z-00-DX1.8b0d89d7-7849-49a6-a2f5-a8faf2c5aab4,4,TCGA-44-5645-01,4,4,1,0,0.406593,0.8484848479470892,0.2686703554689634,21.177317993660342,78.82268200633966,stroma-high,0.7882268200633966,0.7892707904609286,True,1.317031305507979,True,0.2876969269256867,True,,False,,,,5,TCGA-44-5645-01,TCGA-44-5645,Female,Stage IA,61,0:LIVING,27.99,0,I,matched
TCGA-44-5645,TCGA-44-5645-01Z-00-DX1.8b0d89d7-7849-49a6-a2f5-a8faf2c5aab4,5,TCGA-44-5645-01,5,6,1,0,0.431235,0.8285714246494795,0.30351678982367064,23.28445572724291,76.71554427275709,stroma-high,0.7671554427275709,0.7721500532962672,True,4.144918015595577,True,0.0061271126920072515,True,,False,,,,6,TCGA-44-5645-01,TCGA-44-5645,Female,Stage IA,61,0:LIVING,27.99,0,I,matched
TCGA-44-5645,TCGA-44-5645-01Z-00-DX1.8b0d89d7-7849-49a6-a2f5-a8faf2c5aab4,6,TCGA-44-5645-01,6,7,1,0,19.602711,0.9296040220796059,0.7470358839785861,42.760191180351434,57.239808819648566,stroma-high,0.5723980881964856,0.5517863796096714,True,11.275588711229874,True,10.792812126430004,True,,False,,,,7,TCGA-44-5645-01,TCGA-44-5645,Female,Stage IA,61,0:LIVING,27.99,0,I,matched
TCGA-44-5645,TCGA-44-5645-01Z-00-DX1.8b0d89d7-7849-49a6-a2f5-a8faf2c5aab4,7,TCGA-44-5645-01,7,8,1,0,0.36963,0.8666666645612471,0.40506417470870815,28.828873584559535,71.17112641544047,stroma-high,0.7117112641544047,0.7089610800652195,True,6.736110199982778,True,7.007758799070994,True,,False,,,,8,TCGA-44-5645-01,TCGA-44-5645,Female,Stage IA,61,0:LIVING,27.99,0,I,matched
TCGA-44-5645,TCGA-44-5645-01Z-00-DX1.8b0d89d7-7849-49a6-a2f5-a8faf2c5aab4,8,TCGA-44-5645-01,8,9,1,0,4.386276,0.8707865169588208,0.5589791853953507,35.855461742652835,64.14453825734716,stroma-high,0.6414453825734716,0.5912614369955357,True,28.13884146037629,True,31.754631032718432,True,,False,,,,9,TCGA-44-5645-01,TCGA-44-5645,Female,Stage IA,61,0:LIVING,27.99,0,I,matched
TCGA-44-5645,TCGA-44-5645-01Z-00-DX1.8b0d89d7-7849-49a6-a2f5-a8faf2c5aab4,9,TCGA-44-5645-01,9,10,1,0,4.423239,0.8746518115678813,0.6018439637708235,37.571946917604365,62.42805308239563,stroma-high,0.6242805308239563,0.5964842402516123,True,30.410374648492333,True,27.260745231900035,True,,False,,,,10,TCGA-44-5645-01,TCGA-44-5645,Female,Stage IA,61,0:LIVING,27.99,0,I,matched
TCGA-44-5645,TCGA-44-5645-01Z-00-DX1.8b0d89d7-7849-49a6-a2f5-a8faf2c5aab4,10,TCGA-44-5645-01,10,11,1,0,4.300029,0.8653295138131615,0.5686566444325333,36.251186418060705,63.7488135819393,stroma-high,0.637488135819393,0.5399731626533484,True,17.22135320529666,True,38.47585916302603,True,,False,,,,11,TCGA-44-5645-01,TCGA-44-5645,Female,Stage IA,61,0:LIVING,27.99,0,I,matched
TCGA-44-6145,TCGA-44-6145-01Z-00-DX1.175ad655-b054-407d-bb22-3a4f85849488,1,TCGA-44-6145-01,1,1;2,2,1,28.905066,0.9420289852849636,1.075598564349445,51.82112682211118,48.17887317788882,stroma-low,0.48178873177888815,0.4695697452768951,True,19.37359557027704,True,9.765323428166358,True,50.92354861129675,True,111.0,111.0,111.0,2,TCGA-44-6145-01,TCGA-44-6145,Female,Stage IA,62,0:LIVING,19.55,0,I,matched
TCGA-44-6145,TCGA-44-6145-01Z-00-DX1.175ad655-b054-407d-bb22-3a4f85849488,2,TCGA-44-6145-01,2,3,1,0,0.283383,0.9999999979760184,0.6429207952554956,39.13279307877487,60.86720692122513,stroma-high,0.6086720692122514,0.7388778077127826,True,63.09045722273451,True,26.131799590949313,True,,False,,,,3,TCGA-44-6145-01,TCGA-44-6145,Female,Stage IA,62,0:LIVING,19.55,0,I,matched
TCGA-44-6145,TCGA-44-6145-01Z-00-DX1.175ad655-b054-407d-bb22-3a4f85849488,3,TCGA-44-6145-01,3,4,1,0,19.085229,0.9315687537098635,1.2086258042059925,54.72297760464213,45.27702239535787,stroma-low,0.4527702239535787,0.44412275192904166,True,20.890845922011252,True,8.552416157719742,True,,False,,,,4,TCGA-44-6145-01,TCGA-44-6145,Female,Stage IA,62,0:LIVING,19.55,0,I,matched
TCGA-44-6145,TCGA-44-6145-01Z-00-DX1.175ad655-b054-407d-bb22-3a4f85849488,4,TCGA-44-6145-01,4,5,1,0,0.258741,0.8571428571471881,0.2762319562449384,21.64433784103766,78.35566215896233,stroma-high,0.7835566215896234,0.7879273031770937,True,7.6388769317797145,True,3.8311076431275812,True,,False,,,,5,TCGA-44-6145-01,TCGA-44-6145,Female,Stage IA,62,0:LIVING,19.55,0,I,matched
TCGA-44-6145,TCGA-44-6145-01Z-00-DX1.175ad655-b054-407d-bb22-3a4f85849488,5,TCGA-44-6145-01,5,6;7,2,1,10.164825,0.9600000003010702,0.7804628103939278,43.83482799178772,56.16517200821228,stroma-high,0.5616517200821228,0.552996125670366,True,20.44915120736314,True,12.113637165002404,True,28.381081448733873,True,111.0,111.0,111.0,6,TCGA-44-6145-01,TCGA-44-6145,Female,Stage IA,62,0:LIVING,19.55,0,I,matched
TCGA-44-6147,TCGA-44-6147-01Z-00-DX1.a34a9f49-e86b-43ee-9e2d-7ef35da0aecf,1,TCGA-44-6147-01,1,1;3,2,1,17.421894,0.9420084863590209,0.8045678117939901,44.58506942967903,55.414930570320976,stroma-high,0.5541493057032097,0.5588952355532002,True,12.27229083322854,True,3.68704412298834,True,0.0,True,111.0,111.0,111.0,2,TCGA-44-6147-01,TCGA-44-6147,Female,Stage IA,67,0:LIVING,27.76,0,I,matched
TCGA-44-6147,TCGA-44-6147-01Z-00-DX1.a34a9f49-e86b-43ee-9e2d-7ef35da0aecf,2,TCGA-44-6147-01,2,2;6;7,3,2,17.61903,0.9454545455088925,0.7960702595693848,44.32289078492096,55.677109215079035,stroma-high,0.5567710921507903,0.5575965542603125,True,10.922501884985131,True,4.307279303804667,True,3.3367898439496377,True,255.6280221146962,255.6280221146962,400.2560442293924,3,TCGA-44-6147-01,TCGA-44-6147,Female,Stage IA,67,0:LIVING,27.76,0,I,matched
TCGA-44-6147,TCGA-44-6147-01Z-00-DX1.a34a9f49-e86b-43ee-9e2d-7ef35da0aecf,3,TCGA-44-6147-01,3,4;8;10;11,4,5,16.621029,0.9607116380927084,0.8028004295568327,44.530743192366465,55.46925680763353,stroma-high,0.5546925680763353,0.5550059508580666,True,10.280939637091485,True,4.631685782710829,True,1.4672707956667865,True,317.9350899374674,400.2560442293949,496.4456473776812,4,TCGA-44-6147-01,TCGA-44-6147,Female,Stage IA,67,0:LIVING,27.76,0,I,matched
TCGA-44-6147,TCGA-44-6147-01Z-00-DX1.a34a9f49-e86b-43ee-9e2d-7ef35da0aecf,4,TCGA-44-6147-01,4,5,1,0,9.277713,0.9588313414039934,0.7970599803748588,44.35355464365722,55.64644535634277,stroma-high,0.5564644535634277,0.5646229140447967,True,22.060656379726623,True,4.382057195899436,True,,False,,,,5,TCGA-44-6147-01,TCGA-44-6147,Female,Stage IA,67,0:LIVING,27.76,0,I,matched
TCGA-44-6147,TCGA-44-6147-01Z-00-DX1.a34a9f49-e86b-43ee-9e2d-7ef35da0aecf,5,TCGA-44-6147-01,5,9,1,0,0.172494,0.6428571497583887,0.5590186456319327,35.857085301589834,64.14291469841015,stroma-high,0.6414291469841016,0.6611592544099958,True,17.722257490682598,True,0.2105653009348779,True,,False,,,,6,TCGA-44-6147-01,TCGA-44-6147,Female,Stage IA,67,0:LIVING,27.76,0,I,matched
TCGA-44-6774,TCGA-44-6774-01Z-00-DX1.f169485b-f863-4be0-9844-258d78170b64,1,TCGA-44-6774-01,1,1;5;6,3,2,25.603038,0.9523580366715929,1.0689007542192415,51.66515368315101,48.33484631684899,stroma-low,0.4833484631684899,0.4965216200813918,True,24.038030252560613,True,5.008285037770352,True,50.18674633300483,True,111.0,111.0,111.0,2,TCGA-44-6774-01,TCGA-44-6774,Female,Stage IIIA,56,0:LIVING,21.62,0,III,matched
TCGA-44-6774,TCGA-44-6774-01Z-00-DX1.f169485b-f863-4be0-9844-258d78170b64,2,TCGA-44-6774-01,2,2,1,0,0.24642,0.6500000008636563,0.20919241560809534,17.30017596106851,82.6998240389315,stroma-high,0.8269982403893149,0.8310135593504713,True,4.1381400281568785,True,0.35926010243558143,True,,False,,,,3,TCGA-44-6774-01,TCGA-44-6774,Female,Stage IIIA,56,0:LIVING,21.62,0,III,matched
TCGA-44-6774,TCGA-44-6774-01Z-00-DX1.f169485b-f863-4be0-9844-258d78170b64,3,TCGA-44-6774-01,3,3,1,0,23.151159,0.9622139433445797,1.0726681768901936,51.753010387780066,48.246989612219934,stroma-low,0.48246989612219937,0.4971630086726197,True,26.863570195103435,True,5.0513797774722295,True,,False,,,,4,TCGA-44-6774-01,TCGA-44-6774,Female,Stage IIIA,56,0:LIVING,21.62,0,III,matched
TCGA-44-6774,TCGA-44-6774-01Z-00-DX1.f169485b-f863-4be0-9844-258d78170b64,4,TCGA-44-6774-01,4,4,1,0,1.244421,0.8613861383775727,0.6151844999100102,38.08756832078844,61.912431679211565,stroma-high,0.6191243167921157,0.6251513683517035,True,6.41061386847049,True,1.7766659075754354,True,,False,,,,5,TCGA-44-6774-01,TCGA-44-6774,Female,Stage IIIA,56,0:LIVING,21.62,0,III,matched
TCGA-44-6774,TCGA-44-6774-01Z-00-DX1.f169485b-f863-4be0-9844-258d78170b64,5,TCGA-44-6774-01,5,7,1,0,0.271062,0.7727272693485826,0.4411181861306327,30.609438585673832,69.39056141432617,stroma-high,0.6939056141432617,0.6799447376758245,True,31.941845452102847,True,27.907691028179197,True,,False,,,,6,TCGA-44-6774-01,TCGA-44-6774,Female,Stage IIIA,56,0:LIVING,21.62,0,III,matched
TCGA-44-6774,TCGA-44-6774-01Z-00-DX1.f169485b-f863-4be0-9844-258d78170b64,6,TCGA-44-6774-01,6,8,1,0,0.234099,0.8421052643163037,0.4481192858832195,30.944915260203025,69.05508473979698,stroma-high,0.6905508473979698,0.6754699409183093,True,15.387838441572649,True,18.577652566973835,True,,False,,,,7,TCGA-44-6774-01,TCGA-44-6774,Female,Stage IIIA,56,0:LIVING,21.62,0,III,matched
TCGA-44-6775,TCGA-44-6775-01Z-00-DX1.38d3bc6d-8bb5-4126-8d61-d39e6a1d7bcf,1,TCGA-44-6775-01,1,1;3;7,3,2,22.818492,0.9341252690299402,0.8711287141069003,46.5563222636287,53.4436777363713,stroma-high,0.534436777363713,0.5218601611094347,True,36.04989941750585,True,16.27443718283463,True,49.852419287787164,True,940.4263691497312,940.4263691497312,992.8527382994623,2,TCGA-44-6775-01,TCGA-44-6775,Female,Stage IB,72,0:LIVING,23.16,0,I,matched
TCGA-44-6775,TCGA-44-6775-01Z-00-DX1.38d3bc6d-8bb5-4126-8d61-d39e6a1d7bcf,2,TCGA-44-6775-01,2,2;5;6;8,4,3,27.96867,0.9321585904057149,0.8844404119181345,46.9338487077912,53.066151292208794,stroma-high,0.530661512922088,0.5202088181413762,True,38.829965886128925,True,17.521970120201242,True,69.59795283188947,True,471.39039212704574,627.9514635036732,675.2197128774641,3,TCGA-44-6775-01,TCGA-44-6775,Female,Stage IB,72,0:LIVING,23.16,0,I,matched
TCGA-44-6775,TCGA-44-6775-01Z-00-DX1.38d3bc6d-8bb5-4126-8d61-d39e6a1d7bcf,3,TCGA-44-6775-01,3,4;10,2,1,3.807189,0.9223300962052687,0.7564259266873165,43.06620138054802,56.93379861945198,stroma-high,0.5693379861945198,0.5616212000157396,True,38.83378374690266,True,25.953678431619693,True,,False,597.790649523999,597.790649523999,597.790649523999,4,TCGA-44-6775-01,TCGA-44-6775,Female,Stage IB,72,0:LIVING,23.16,0,I,matched
TCGA-44-6775,TCGA-44-6775-01Z-00-DX1.38d3bc6d-8bb5-4126-8d61-d39e6a1d7bcf,4,TCGA-44-6775-01,4,9,1,0,0.135531,0.45454544984320155,2.292258990301469,69.62571890772084,30.37428109227916,stroma-low,0.3037428109227916,0.27940632787855907,True,,False,11.118888243746735,True,,False,,,,5,TCGA-44-6775-01,TCGA-44-6775,Female,Stage IB,72,0:LIVING,23.16,0,I,matched
TCGA-44-6775,TCGA-44-6775-01Z-00-DX1.38d3bc6d-8bb5-4126-8d61-d39e6a1d7bcf,5,TCGA-44-6775-01,5,11,1,0,0.160173,0.3846153883048548,2.2559425656599794,69.28692752301974,30.71307247698026,stroma-low,0.3071307247698026,0.27893869365857354,True,,False,12.730073476442683,True,,False,,,,6,TCGA-44-6775-01,TCGA-44-6775,Female,Stage IB,72,0:LIVING,23.16,0,I,matched
TCGA-44-6775,TCGA-44-6775-01Z-00-DX1.38d3bc6d-8bb5-4126-8d61-d39e6a1d7bcf,6,TCGA-44-6775-01,6,12,1,0,3.191139,0.9189189188391714,0.6736252563920438,40.249467664238466,59.75053233576152,stroma-high,0.5975053233576152,0.5838551189852368,True,34.461570361076205,True,25.623300970640777,True,,False,,,,7,TCGA-44-6775-01,TCGA-44-6775,Female,Stage IB,72,0:LIVING,23.16,0,I,matched
TCGA-44-6775,TCGA-44-6775-01Z-00-DX1.38d3bc6d-8bb5-4126-8d61-d39e6a1d7bcf,7,TCGA-44-6775-01,7,13,1,0,24.284691,0.9299847791783576,0.8420276682631516,45.71199894391921,54.28800105608078,stroma-high,0.5428800105608078,0.5271217120280546,True,33.205501291828895,True,16.525575799903454,True,,False,,,,8,TCGA-44-6775-01,TCGA-44-6775,Female,Stage IB,72,0:LIVING,23.16,0,I,matched
TCGA-44-6775,TCGA-44-6775-01Z-00-DX1.38d3bc6d-8bb5-4126-8d61-d39e6a1d7bcf,8,TCGA-44-6775-01,8,14,1,0,0.271062,0.9545454569974523,0.2955531540714716,22.812892944041018,77.18710705595898,stroma-high,0.7718710705595898,0.7829132309678847,True,25.03066498919731,True,17.401653167310922,True,,False,,,,9,TCGA-44-6775-01,TCGA-44-6775,Female,Stage IB,72,0:LIVING,23.16,0,I,matched
TCGA-44-6775,TCGA-44-6775-01Z-00-DX1.38d3bc6d-8bb5-4126-8d61-d39e6a1d7bcf,9,TCGA-44-6775-01,9,15,1,0,0.295704,0.9583333323310702,0.24523905381233296,19.694134476551067,80.30586552344893,stroma-high,0.8030586552344893,0.8303685863828857,True,24.657040125183936,True,3.142357785604898,True,,False,,,,10,TCGA-44-6775-01,TCGA-44-6775,Female,Stage IB,72,0:LIVING,23.16,0,I,matched
TCGA-44-6775,TCGA-44-6775-01Z-00-DX1.38d3bc6d-8bb5-4126-8d61-d39e6a1d7bcf,10,TCGA-44-6775-01,10,16;19;20,3,2,23.299011,0.9333685880576724,1.051196543807055,51.24796777670153,48.75203222329847,stroma-low,0.4875203222329847,0.47714205469620397,True,32.78723387961896,True,16.709523980885113,True,6.437833249159489,True,212.4980263284229,212.4980263284229,313.9960526568458,11,TCGA-44-6775-01,TCGA-44-6775,Female,Stage IB,72,0:LIVING,23.16,0,I,matched
TCGA-44-6775,TCGA-44-6775-01Z-00-DX1.38d3bc6d-8bb5-4126-8d61-d39e6a1d7bcf,11,TCGA-44-6775-01,11,17;18,2,1,0.948717,0.9220779231841275,0.38889932242637487,28.000540870520176,71.99945912947983,stroma-high,0.7199945912947983,0.7437760177411102,True,27.71449285407015,True,15.667529351165769,True,25.302483709422113,True,351.0491718891815,351.0491718891815,351.0491718891815,12,TCGA-44-6775-01,TCGA-44-6775,Female,Stage IB,72,0:LIVING,23.16,0,I,matched
TCGA-44-6776,TCGA-44-6776-01Z-00-DX1.551e200f-5f40-4b95-8b2f-7c6000a21be0,1,TCGA-44-6776-01,1,1;5,2,1,61.506432,0.9340945515807901,2.311295354608788,69.80033814838771,30.199661851612287,stroma-low,0.30199661851612286,0.29616403185319856,True,52.276044595500856,True,10.292449427660692,True,83.03173861972606,True,111.0,111.0,111.0,2,TCGA-44-6776-01,TCGA-44-6776,Female,Stage IA,60,0:LIVING,85.94,0,I,matched
TCGA-44-6776,TCGA-44-6776-01Z-00-DX1.551e200f-5f40-4b95-8b2f-7c6000a21be0,2,TCGA-44-6776-01,2,2;3,2,1,0.529803,0.9534883719261839,0.5594587046369514,35.87518559955684,64.12481440044314,stroma-high,0.6412481440044314,0.6828565625197984,True,26.246302163488,True,5.351291462299972,True,6.534282693173446,True,111.0,111.0,111.0,3,TCGA-44-6776-01,TCGA-44-6776,Female,Stage IA,60,0:LIVING,85.94,0,I,matched
TCGA-44-6776,TCGA-44-6776-01Z-00-DX1.551e200f-5f40-4b95-8b2f-7c6000a21be0,3,TCGA-44-6776-01,3,4,1,0,62.566038,0.9501772351372549,2.361051659344723,70.24740761661003,29.752592383389963,stroma-low,0.29752592383389964,0.29218662233398146,True,55.25095518781951,True,13.377654107326276,True,,False,,,,4,TCGA-44-6776-01,TCGA-44-6776,Female,Stage IA,60,0:LIVING,85.94,0,I,matched
TCGA-44-6779,TCGA-44-6779-01Z-00-DX1.40f10ad8-55f3-4043-a89b-37d33a26dd8c,1,TCGA-44-6779-01,1,1,1,0,36.408555,0.9177664971928754,1.571093287824319,61.106039802771676,38.89396019722834,stroma-low,0.3889396019722834,0.3847845433657751,True,1.313457267586759,True,1.8345135824175387,True,,False,,,,2,TCGA-44-6779-01,TCGA-44-6779,Female,Stage IIB,50,1:DECEASED,16.43,1,II,matched
TCGA-44-6779,TCGA-44-6779-01Z-00-DX1.40f10ad8-55f3-4043-a89b-37d33a26dd8c,2,TCGA-44-6779-01,2,2;3,2,1,35.620011,0.9114493252492343,1.4772226141369698,59.63221091664439,40.3677890833556,stroma-low,0.40367789083355604,0.39929538932254627,True,2.410589707397771,True,2.004380137808013,True,0.0,True,313.9960526568474,313.9960526568474,313.9960526568474,3,TCGA-44-6779-01,TCGA-44-6779,Female,Stage IIB,50,1:DECEASED,16.43,1,II,matched
TCGA-44-7667,TCGA-44-7667-01Z-00-DX1.2be2e379-7368-4fa7-a619-ace84febecb3,1,TCGA-44-7667-01,1,1;2,2,1,0.98568,0.7749999994244717,0.5914991548489229,37.16616204581475,62.833837954185256,stroma-high,0.6283383795418526,0.6249132556014035,True,5.130976376894705,True,6.878263111205417,True,7.952727156608333,True,941.9068743505002,941.9068743505002,941.9068743505002,2,TCGA-44-7667-01,TCGA-44-7667,Female,Stage IIB,49,0:LIVING,36.04,0,II,matched
TCGA-44-7667,TCGA-44-7667-01Z-00-DX1.2be2e379-7368-4fa7-a619-ace84febecb3,2,TCGA-44-7667-01,2,3;4;5;7,4,4,10.435887,0.9763872491761914,1.232501445614411,55.207195858061894,44.792804141938106,stroma-low,0.4479280414193811,0.47725955062106357,True,19.285839519301994,True,4.906772931634753,True,56.467392227619825,True,333.0003181133783,333.0006362267567,554.9999999999999,3,TCGA-44-7667-01,TCGA-44-7667,Female,Stage IIB,49,0:LIVING,36.04,0,II,matched
TCGA-44-7667,TCGA-44-7667-01Z-00-DX1.2be2e379-7368-4fa7-a619-ace84febecb3,3,TCGA-44-7667-01,3,6,1,0,1.811187,0.9387755099746167,6.713647815277145,87.03596503304875,12.964034966951246,stroma-low,0.12964034966951246,0.1463323443389066,True,98.6022656171319,True,3.1519282338591554,True,,False,,,,4,TCGA-44-7667-01,TCGA-44-7667,Female,Stage IIB,49,0:LIVING,36.04,0,II,matched
TCGA-44-7667,TCGA-44-7667-01Z-00-DX1.2be2e379-7368-4fa7-a619-ace84febecb3,4,TCGA-44-7667-01,4,8,1,0,0.209457,0.9411764735078204,5.965179447427935,85.64286810486591,14.357131895134085,stroma-low,0.14357131895134084,0.17789476609514773,True,28.347426493857498,True,4.965821379859617,True,,False,,,,5,TCGA-44-7667-01,TCGA-44-7667,Female,Stage IIB,49,0:LIVING,36.04,0,II,matched
TCGA-44-7667,TCGA-44-7667-01Z-00-DX1.2be2e379-7368-4fa7-a619-ace84febecb3,5,TCGA-44-7667-01,5,9,1,0,0.566766,0.782608695698835,4.306551944226545,81.15537150092376,18.844628499076247,stroma-low,0.18844628499076246,0.2873346765826382,True,55.4358640257992,True,8.119836009750438,True,,False,,,,6,TCGA-44-7667-01,TCGA-44-7667,Female,Stage IIB,49,0:LIVING,36.04,0,II,matched
TCGA-44-7667,TCGA-44-7667-01Z-00-DX1.2be2e379-7368-4fa7-a619-ace84febecb3,6,TCGA-44-7667-01,6,10,1,0,1.096569,0.9101123598225109,14.180230378209735,93.4124846916985,6.5875153083014935,stroma-low,0.06587515308301493,0.10243038614939774,True,54.744940868479894,True,3.521397158994094,True,,False,,,,7,TCGA-44-7667-01,TCGA-44-7667,Female,Stage IIB,49,0:LIVING,36.04,0,II,matched
TCGA-44-7667,TCGA-44-7667-01Z-00-DX1.2be2e379-7368-4fa7-a619-ace84febecb3,7,TCGA-44-7667-01,7,11;13,2,1,3.474522,0.975177305017038,1.330812631254128,57.096508462718646,42.903491537281376,stroma-low,0.42903491537281374,0.49123955238692246,True,34.42921426879179,True,5.45387075428453,True,57.36387633770492,True,555.0,555.0,555.0,8,TCGA-44-7667-01,TCGA-44-7667,Female,Stage IIB,49,0:LIVING,36.04,0,II,matched
TCGA-44-7667,TCGA-44-7667-01Z-00-DX1.2be2e379-7368-4fa7-a619-ace84febecb3,8,TCGA-44-7667-01,8,12,1,0,0.998001,0.9876543207269775,1.369045374733459,57.78890473499225,42.211095265007735,stroma-low,0.42211095265007736,0.4959240343879689,True,41.026531072668405,True,4.652424934954549,True,,False,,,,9,TCGA-44-7667-01,TCGA-44-7667,Female,Stage IIB,49,0:LIVING,36.04,0,II,matched
TCGA-44-7667,TCGA-44-7667-01Z-00-DX1.2be2e379-7368-4fa7-a619-ace84febecb3,9,TCGA-44-7667-01,9,14;16;17,3,2,3.844152,0.9294871807917272,1.5435222625327072,60.68444083503904,39.31555916496096,stroma-low,0.39315559164960956,0.4014359513280769,True,8.277178953389436,True,2.8971356894803475,True,6.510797862928588,True,333.0201166845041,333.0201166845041,555.0402333690082,10,TCGA-44-7667-01,TCGA-44-7667,Female,Stage IIB,49,0:LIVING,36.04,0,II,matched
TCGA-44-7667,TCGA-44-7667-01Z-00-DX1.2be2e379-7368-4fa7-a619-ace84febecb3,10,TCGA-44-7667-01,10,15;21,2,1,9.068256,0.9646739132733901,1.3647618141959112,57.71244300390441,42.287556996095596,stroma-low,0.42287556996095593,0.4327976260465933,True,9.84796197153573,True,3.597336083553178,True,11.238529559503137,True,351.04917188918205,351.04917188918205,351.04917188918205,11,TCGA-44-7667-01,TCGA-44-7667,Female,Stage IIB,49,0:LIVING,36.04,0,II,matched
TCGA-44-7667,TCGA-44-7667-01Z-00-DX1.2be2e379-7368-4fa7-a619-ace84febecb3,11,TCGA-44-7667-01,11,18,1,0,0.209457,1.0000000029440879,0.7002576267598001,41.18538365825707,58.81461634174293,stroma-high,0.5881461634174293,0.5894605106776645,True,0.7190200989336549,True,0.0,True,,False,,,,12,TCGA-44-7667-01,TCGA-44-7667,Female,Stage IIB,49,0:LIVING,36.04,0,II,matched
TCGA-44-7667,TCGA-44-7667-01Z-00-DX1.2be2e379-7368-4fa7-a619-ace84febecb3,12,TCGA-44-7667-01,12,19,1,0,1.256742,0.9901960798536262,1.2167489603184947,54.888892792969955,45.11110720703005,stroma-low,0.4511110720703005,0.5178912345515508,True,38.09314354776356,True,3.6999409211400818,True,,False,,,,13,TCGA-44-7667-01,TCGA-44-7667,Female,Stage IIB,49,0:LIVING,36.04,0,II,matched
TCGA-44-7667,TCGA-44-7667-01Z-00-DX1.2be2e379-7368-4fa7-a619-ace84febecb3,13,TCGA-44-7667-01,13,20,1,0,2.353311,0.9109947636236544,4.472299167747951,81.72614527557826,18.273854724421728,stroma-low,0.1827385472442173,0.1764446359493113,True,12.138772825418535,True,8.15883773781098,True,,False,,,,14,TCGA-44-7667-01,TCGA-44-7667,Female,Stage IIB,49,0:LIVING,36.04,0,II,matched
TCGA-44-7667,TCGA-44-7667-01Z-00-DX1.2be2e379-7368-4fa7-a619-ace84febecb3,14,TCGA-44-7667-01,14,22,1,0,1.860471,0.9602648986375237,1.5517473544189717,60.811167364658715,39.18883263534129,stroma-low,0.3918883263534129,0.3960272200758556,True,6.876467264514298,True,3.709332647145657,True,,False,,,,15,TCGA-44-7667-01,TCGA-44-7667,Female,Stage IIB,49,0:LIVING,36.04,0,II,matched
TCGA-44-7667,TCGA-44-7667-01Z-00-DX1.2be2e379-7368-4fa7-a619-ace84febecb3,15,TCGA-44-7667-01,15,23,1,0,2.525805,0.9414634130244296,4.882066620140312,82.9991724919269,17.000827508073105,stroma-low,0.17000827508073105,0.20617972083514835,True,62.80887885979186,True,5.587207207140425,True,,False,,,,16,TCGA-44-7667-01,TCGA-44-7667,Female,Stage IIB,49,0:LIVING,36.04,0,II,matched
TCGA-44-7672,TCGA-44-7672-01Z-00-DX1.71f4a0c6-a9cc-481c-ace8-c8c314952aa1,1,TCGA-44-7672-01,1,1,1,0,0.24642,0.7500000027152964,0.41294935486656187,29.226054949829432,70.77394505017057,stroma-high,0.7077394505017056,0.7090846665089516,True,10.587507385709399,True,8.404611739222018,True,,False,,,,2,TCGA-44-7672-01,TCGA-44-7672,Female,Stage IA,52,0:LIVING,23.62,0,I,matched
TCGA-44-7672,TCGA-44-7672-01Z-00-DX1.71f4a0c6-a9cc-481c-ace8-c8c314952aa1,2,TCGA-44-7672-01,2,2,1,0,5.679981,0.9783080264236375,1.0089015541651574,50.22155277212816,49.77844722787184,stroma-low,0.49778447227871836,0.5574499885797977,True,49.578205282569684,True,18.27846086254218,True,,False,,,,3,TCGA-44-7672-01,TCGA-44-7672,Female,Stage IA,52,0:LIVING,23.62,0,I,matched
TCGA-44-7672,TCGA-44-7672-01Z-00-DX1.71f4a0c6-a9cc-481c-ace8-c8c314952aa1,3,TCGA-44-7672-01,3,3,1,0,0.344988,0.6785714314304901,0.7255640320360932,42.04793438931142,57.95206561068858,stroma-high,0.5795206561068857,0.5839903634167263,True,21.15750870499675,True,17.39453045378861,True,,False,,,,4,TCGA-44-7672-01,TCGA-44-7672,Female,Stage IA,52,0:LIVING,23.62,0,I,matched
TCGA-44-7672,TCGA-44-7672-01Z-00-DX1.71f4a0c6-a9cc-481c-ace8-c8c314952aa1,4,TCGA-44-7672-01,4,4,1,0,0.221778,0.777777770863597,0.5245658554634968,34.407556327176096,65.59244367282389,stroma-high,0.655924436728239,0.7043278430594111,True,23.586292925955245,True,1.431858090481467,True,,False,,,,5,TCGA-44-7672-01,TCGA-44-7672,Female,Stage IA,52,0:LIVING,23.62,0,I,matched
TCGA-44-7672,TCGA-44-7672-01Z-00-DX1.71f4a0c6-a9cc-481c-ace8-c8c314952aa1,5,TCGA-44-7672-01,5,5,1,0,5.42124,0.9749999999859773,1.018425964833904,50.45644391112012,49.54355608887987,stroma-low,0.4954355608887987,0.5586236135564205,True,49.51177830898054,True,15.829980506962482,True,,False,,,,6,TCGA-44-7672-01,TCGA-44-7672,Female,Stage IA,52,0:LIVING,23.62,0,I,matched
TCGA-44-7672,TCGA-44-7672-01Z-00-DX1.71f4a0c6-a9cc-481c-ace8-c8c314952aa1,6,TCGA-44-7672-01,6,6,1,0,0.344988,0.7142857154212834,0.97743022180124,49.42931543298147,50.57068456701853,stroma-high,0.5057068456701853,0.5460807922031634,True,22.50178827759036,True,6.468104922318826,True,,False,,,,7,TCGA-44-7672-01,TCGA-44-7672,Female,Stage IA,52,0:LIVING,23.62,0,I,matched
TCGA-44-7672,TCGA-44-7672-01Z-00-DX1.71f4a0c6-a9cc-481c-ace8-c8c314952aa1,7,TCGA-44-7672-01,7,7,1,0,0.24642,0.8000000036126947,1.1102139236098898,52.611439588583266,47.388560411416734,stroma-low,0.47388560411416736,0.5485805913092031,True,44.8613384269644,True,29.00126998170578,True,,False,,,,8,TCGA-44-7672-01,TCGA-44-7672,Female,Stage IA,52,0:LIVING,23.62,0,I,matched
TCGA-44-7672,TCGA-44-7672-01Z-00-DX1.71f4a0c6-a9cc-481c-ace8-c8c314952aa1,8,TCGA-44-7672-01,8,8,1,0,0.443556,1.000000003894052,0.7739453499353532,43.628477617056106,56.37152238294389,stroma-high,0.5637152238294388,0.7078932410873614,True,67.55120483090458,True,25.67567757743161,True,,False,,,,9,TCGA-44-7672-01,TCGA-44-7672,Female,Stage IA,52,0:LIVING,23.62,0,I,matched
TCGA-44-7672,TCGA-44-7672-01Z-00-DX1.71f4a0c6-a9cc-481c-ace8-c8c314952aa1,9,TCGA-44-7672-01,9,9;10,2,1,2.205459,0.9888268151183859,0.8689774279265761,46.49480592660825,53.50519407339176,stroma-high,0.5350519407339176,0.6393356451677371,True,59.60726606682781,True,23.32140627128234,True,28.538948464787733,True,222.0,222.0,222.0,10,TCGA-44-7672-01,TCGA-44-7672,Female,Stage IA,52,0:LIVING,23.62,0,I,matched
TCGA-44-7672,TCGA-44-7672-01Z-00-DX1.71f4a0c6-a9cc-481c-ace8-c8c314952aa1,10,TCGA-44-7672-01,10,11;12;13,3,2,2.451879,0.9949748746379438,0.9283750930361364,48.14286890495217,51.85713109504783,stroma-high,0.5185713109504784,0.6358726149213789,True,62.77139129565121,True,28.470531378836693,True,54.64252761830419,True,179.62105102076768,179.62105102076768,248.24210204153533,11,TCGA-44-7672-01,TCGA-44-7672,Female,Stage IA,52,0:LIVING,23.62,0,I,matched
TCGA-44-7672,TCGA-44-7672-01Z-00-DX1.71f4a0c6-a9cc-481c-ace8-c8c314952aa1,11,TCGA-44-7672-01,11,14,1,0,0.308025,1.0000000026263296,0.8447494395407816,45.79209628333414,54.20790371666586,stroma-high,0.5420790371666586,0.647143452920356,True,60.008263374654355,True,24.9550281439025,True,,False,,,,12,TCGA-44-7672-01,TCGA-44-7672,Female,Stage IA,52,0:LIVING,23.62,0,I,matched
TCGA-44-A47A,TCGA-44-A47A-01Z-00-DX1.62448803-3A7B-41EC-9794-67916DA0792E,1,TCGA-44-A47A-01,1,1;2;7;8;14,5,5,27.22397625,0.9504587157521426,1.054237470286809,51.32013632969211,48.67986367030788,stroma-low,0.4867986367030788,0.4990686066416795,True,29.947879417074834,True,11.130943096796704,True,38.350977094460106,True,353.9835900151295,316.11737300040767,715.5895267811227,2,TCGA-44-A47A-01,TCGA-44-A47A,Female,Stage IB,78,0:LIVING,15.31,0,I,matched
TCGA-44-A47A,TCGA-44-A47A-01Z-00-DX1.62448803-3A7B-41EC-9794-67916DA0792E,2,TCGA-44-A47A-01,2,3;5;6;9;11;13;15,7,8,29.7840290625,0.943815513803293,1.0154832846875799,50.38410848666454,49.61589151333548,stroma-low,0.49615891513335475,0.5147393459420724,True,31.815675017472785,True,10.663656565570461,True,45.17337983314918,True,518.0467897013123,486.4047274026886,851.1003796874138,3,TCGA-44-A47A-01,TCGA-44-A47A,Female,Stage IB,78,0:LIVING,15.31,0,I,matched
TCGA-44-A47A,TCGA-44-A47A-01Z-00-DX1.62448803-3A7B-41EC-9794-67916DA0792E,3,TCGA-44-A47A-01,3,4,1,0,0.9865569375,0.8354430361032197,0.44963206086589985,31.016978239107374,68.98302176089264,stroma-high,0.6898302176089264,0.6798935633578723,True,13.949368860197831,True,13.319513226374315,True,,False,,,,4,TCGA-44-A47A-01,TCGA-44-A47A,Female,Stage IB,78,0:LIVING,15.31,0,I,matched
TCGA-44-A47A,TCGA-44-A47A-01Z-00-DX1.62448803-3A7B-41EC-9794-67916DA0792E,4,TCGA-44-A47A-01,4,10;12;16;18;19,5,4,29.7840290625,0.9475890980787749,1.090589808587721,52.166608873141826,47.83339112685816,stroma-low,0.4783339112685816,0.4966468618036245,True,30.360980277264364,True,9.545122999628703,True,0.1986592479113936,True,291.519395171466,325.68368650020284,402.96020768545833,5,TCGA-44-A47A-01,TCGA-44-A47A,Female,Stage IB,78,0:LIVING,15.31,0,I,matched
TCGA-44-A47A,TCGA-44-A47A-01Z-00-DX1.62448803-3A7B-41EC-9794-67916DA0792E,5,TCGA-44-A47A-01,5,17,1,0,0.4121060625,0.6969696977405074,0.48128986418712255,32.491268307654074,67.50873169234593,stroma-high,0.6750873169234594,0.6771701834534017,True,2.9152835487281354,True,1.3010101497803146,True,,False,,,,6,TCGA-44-A47A-01,TCGA-44-A47A,Female,Stage IB,78,0:LIVING,15.31,0,I,matched
TCGA-44-A47G,TCGA-44-A47G-01Z-00-DX1.810F67EC-3A0C-4056-B736-3331A11412CC,1,TCGA-44-A47G-01,1,1;5,2,1,9.765664875,0.9923273675272435,0.6087548370893681,37.84012473838182,62.15987526161818,stroma-high,0.6215987526161818,0.6007798904066896,True,27.10409601679043,True,25.21470815800714,True,12.322311100750701,True,111.75,111.75,111.75,2,TCGA-44-A47G-01,TCGA-44-A47G,Female,Stage IA,73,0:LIVING,11.53,0,I,matched
TCGA-44-A47G,TCGA-44-A47G-01Z-00-DX1.810F67EC-3A0C-4056-B736-3331A11412CC,2,TCGA-44-A47G-01,2,2;3;6;7,4,4,11.1768159375,0.9832402229140048,0.5707166956108682,36.334795269296514,63.66520473070349,stroma-high,0.636652047307035,0.6211819793537243,True,24.38695332795537,True,21.412695884811885,True,20.238044386473454,True,246.72457566767378,111.75,651.6483026706951,3,TCGA-44-A47G-01,TCGA-44-A47G,Female,Stage IA,73,0:LIVING,11.53,0,I,matched
TCGA-44-A47G,TCGA-44-A47G-01Z-00-DX1.810F67EC-3A0C-4056-B736-3331A11412CC,3,TCGA-44-A47G-01,3,4,1,0,10.3526038125,0.9794933656235836,0.5679003313901393,36.2204357012046,63.7795642987954,stroma-high,0.637795642987954,0.622723209548045,True,23.090565422544877,True,20.663526521883238,True,,False,,,,4,TCGA-44-A47G-01,TCGA-44-A47G,Female,Stage IA,73,0:LIVING,11.53,0,I,matched
TCGA-44-A4SU,TCGA-44-A4SU-01Z-00-DX1.AE2607C1-B208-4557-ADB4-6AAF03C6D3A9,1,TCGA-44-A4SU-01,1,1,1,0,26.36996575,0.8988764043136036,2.03490996366947,67.05009334804407,32.949906651955935,stroma-low,0.32949906651955935,0.32769015797137035,True,9.2920213376219,True,2.074255511624824,True,,False,,,,2,TCGA-44-A4SU-01,TCGA-44-A4SU,Female,Stage IA,67,1:DECEASED,13.44,1,I,matched
TCGA-44-A4SU,TCGA-44-A4SU-01Z-00-DX1.AE2607C1-B208-4557-ADB4-6AAF03C6D3A9,2,TCGA-44-A4SU-01,2,2,1,0,26.743551,0.9104046241437672,1.8899437775545191,65.39725070893235,34.602749291067646,stroma-low,0.34602749291067647,0.34294657399230405,True,7.773927825681223,True,2.4762950053639434,True,,False,,,,3,TCGA-44-A4SU-01,TCGA-44-A4SU,Female,Stage IA,67,1:DECEASED,13.44,1,I,matched
TCGA-44-A4SU,TCGA-44-A4SU-01Z-00-DX1.AE2607C1-B208-4557-ADB4-6AAF03C6D3A9,3,TCGA-44-A4SU-01,3,3,1,0,26.13808525,0.8881222272289093,2.0851511450211095,67.58667718390964,32.41332281609036,stroma-low,0.32413322816090356,0.322147163162114,True,10.117376570252615,True,2.225148958736508,True,,False,,,,4,TCGA-44-A4SU-01,TCGA-44-A4SU,Female,Stage IA,67,1:DECEASED,13.44,1,I,matched
TCGA-44-A4SU,TCGA-44-A4SU-01Z-00-DX1.AE2607C1-B208-4557-ADB4-6AAF03C6D3A9,4,TCGA-44-A4SU-01,4,4,1,0,25.64855975,0.9201406328233234,2.0712976760888577,67.44047287290466,32.55952712709533,stroma-low,0.3255952712709533,0.3285168657066611,True,21.69767917666497,True,3.0031076339014837,True,,False,,,,5,TCGA-44-A4SU-01,TCGA-44-A4SU,Female,Stage IA,67,1:DECEASED,13.44,1,I,matched
TCGA-49-4487,TCGA-49-4487-01Z-00-DX1.3a3a0720-463c-430e-849b-e2f8991bdfa5,1,TCGA-49-4487-01,1,1;3;4;5;6;7;8;9;10;11;12;13;14;15;16;17;18;19;20;21;22;23;25;26;27;28;29;30,28,38,55.7342229375,0.9690790947838336,0.762358264431262,43.25784829438671,56.74215170561329,stroma-high,0.5674215170561329,0.5503746836675647,True,29.866903465088658,True,24.851459923078423,True,30.790121290353206,True,439.8976067163567,402.9602076854573,961.3499374496876,2,TCGA-49-4487-01,TCGA-49-4487,Female,Stage IA,72,1:DECEASED,28.09,1,I,matched
TCGA-49-4487,TCGA-49-4487-01Z-00-DX1.3a3a0720-463c-430e-849b-e2f8991bdfa5,2,TCGA-49-4487-01,2,2,1,0,0.8117240625,0.861538458979787,0.3672478898418433,26.8603734970346,73.1396265029654,stroma-high,0.731396265029654,0.6970689093009814,True,19.396108812115358,True,29.637457625255898,True,,False,,,,3,TCGA-49-4487-01,TCGA-49-4487,Female,Stage IA,72,1:DECEASED,28.09,1,I,matched
TCGA-49-4487,TCGA-49-4487-01Z-00-DX1.3a3a0720-463c-430e-849b-e2f8991bdfa5,3,TCGA-49-4487-01,3,24,1,0,0.2872254375,0.6956521714180227,0.3304843558041455,24.839401858611147,75.16059814138886,stroma-high,0.7516059814138886,0.7162562361291974,True,1.0828861520229422,True,18.644312181719556,True,,False,,,,4,TCGA-49-4487-01,TCGA-49-4487,Female,Stage IA,72,1:DECEASED,28.09,1,I,matched
TCGA-49-4487,TCGA-49-4487-01Z-00-DX1.3a3a0720-463c-430e-849b-e2f8991bdfa5,4,TCGA-49-4487-01,4,31;32;33;34;36,5,8,2.4851244375,0.9045226144793395,0.3840191216253679,27.746663006677437,72.25333699332256,stroma-high,0.7225333699332257,0.7325588632150817,True,40.23944425381059,True,41.5792599134276,True,35.92243285079299,True,655.4159260032684,731.0158923862064,999.5609422313964,5,TCGA-49-4487-01,TCGA-49-4487,Female,Stage IA,72,1:DECEASED,28.09,1,I,matched
TCGA-49-4487,TCGA-49-4487-01Z-00-DX1.3a3a0720-463c-430e-849b-e2f8991bdfa5,5,TCGA-49-4487-01,5,35,1,0,0.2372731875,1.0000000025919642,1.5353926833546532,60.558377936278085,39.441622063721915,stroma-low,0.39441622063721915,0.4264043363156947,True,54.02037304202029,True,43.250221300221206,True,,False,,,,6,TCGA-49-4487-01,TCGA-49-4487,Female,Stage IA,72,1:DECEASED,28.09,1,I,matched
TCGA-49-4487,TCGA-49-4487-01Z-00-DX1.3a3a0720-463c-430e-849b-e2f8991bdfa5,6,TCGA-49-4487-01,6,37,1,0,0.324689625,0.9999999988330482,0.29851530741265286,22.988970996996358,77.01102900300366,stroma-high,0.7701102900300365,0.748779052009744,True,11.194277022934445,True,20.272758966546515,True,,False,,,,7,TCGA-49-4487-01,TCGA-49-4487,Female,Stage IA,72,1:DECEASED,28.09,1,I,matched
TCGA-49-4488,TCGA-49-4488-01Z-00-DX6.3ce306b2-1b00-48f7-8288-c24069037a9c,1,TCGA-49-4488-01,1,1,1,0,7.651341,0.8212560391875917,2.2288065301649844,69.02880396649526,30.97119603350475,stroma-low,0.3097119603350475,0.32585898761544146,True,52.53087296025113,True,24.37476658769518,True,,False,,,,2,TCGA-49-4488-01,TCGA-49-4488,Female,Stage IA,74,1:DECEASED,28.55,1,I,matched
TCGA-49-4488,TCGA-49-4488-01Z-00-DX6.3ce306b2-1b00-48f7-8288-c24069037a9c,2,TCGA-49-4488-01,2,2,1,0,5.975685,0.8020618556160773,1.8765643898001734,65.2363074664403,34.7636925335597,stroma-low,0.347636925335597,0.3314855707324783,True,42.66336931063653,True,26.652806851016813,True,,False,,,,3,TCGA-49-4488-01,TCGA-49-4488,Female,Stage IA,74,1:DECEASED,28.55,1,I,matched
TCGA-49-4488,TCGA-49-4488-01Z-00-DX6.3ce306b2-1b00-48f7-8288-c24069037a9c,3,TCGA-49-4488-01,3,3,1,0,35.040924,0.9265119551635759,2.3403199502178995,70.06274803302101,29.937251966979,stroma-low,0.29937251966979,0.3040145137625946,True,54.03147945245633,True,20.619838293369376,True,,False,,,,4,TCGA-49-4488-01,TCGA-49-4488,Female,Stage IA,74,1:DECEASED,28.55,1,I,matched
TCGA-49-4488,TCGA-49-4488-01Z-00-DX6.3ce306b2-1b00-48f7-8288-c24069037a9c,4,TCGA-49-4488-01,4,4,1,0,8.13186,0.9287878791039668,1.757910141750396,63.74066055084311,36.25933944915688,stroma-low,0.36259339449156885,0.348471162899712,True,20.05561941457981,True,15.483696649750932,True,,False,,,,5,TCGA-49-4488-01,TCGA-49-4488,Female,Stage IA,74,1:DECEASED,28.55,1,I,matched
TCGA-49-4501,TCGA-49-4501-01Z-00-DX1.9c4bf212-5e32-449e-8710-cf7a3594156e,1,TCGA-49-4501-01,1,1;2;7,3,2,10.041615,0.9680981600453668,0.621115334517097,38.31407434697525,61.68592565302475,stroma-high,0.6168592565302475,0.5959815763566079,True,16.7108371139002,True,16.42898696677415,True,0.0,True,508.52472732848815,508.52472732848815,666.0002827677926,2,TCGA-49-4501-01,TCGA-49-4501,Female,Stage IB,67,1:DECEASED,46.68,1,I,matched
TCGA-49-4501,TCGA-49-4501-01Z-00-DX1.9c4bf212-5e32-449e-8710-cf7a3594156e,2,TCGA-49-4501-01,2,3;4;8;9;10;11;12;14;15,9,13,51.50178,0.9964114835562491,0.8703923390179269,46.53528144126903,53.464718558730986,stroma-high,0.5346471855873098,0.5126786573511011,True,17.638253539356857,True,15.550227610279189,True,5.614532835707961,True,291.5512817496751,222.0,800.4722357662179,3,TCGA-49-4501-01,TCGA-49-4501,Female,Stage IB,67,1:DECEASED,46.68,1,I,matched
TCGA-49-4501,TCGA-49-4501-01Z-00-DX1.9c4bf212-5e32-449e-8710-cf7a3594156e,3,TCGA-49-4501-01,3,5,1,0,0.542124,0.9999999991242393,0.21171587376937695,17.472402429686447,82.52759757031356,stroma-high,0.8252759757031356,0.8191710154526198,True,0.005167566070695844,True,4.55552882525859,True,,False,,,,4,TCGA-49-4501-01,TCGA-49-4501,Female,Stage IB,67,1:DECEASED,46.68,1,I,matched
TCGA-49-4501,TCGA-49-4501-01Z-00-DX1.9c4bf212-5e32-449e-8710-cf7a3594156e,4,TCGA-49-4501-01,4,6,1,0,0.24642,1.0000000054275915,0.2872838797813714,22.317057200324985,77.68294279967502,stroma-high,0.7768294279967501,0.7764070953538217,True,0.0,True,0.2847862096405553,True,,False,,,,5,TCGA-49-4501-01,TCGA-49-4501,Female,Stage IB,67,1:DECEASED,46.68,1,I,matched
TCGA-49-4501,TCGA-49-4501-01Z-00-DX1.9c4bf212-5e32-449e-8710-cf7a3594156e,5,TCGA-49-4501-01,5,13;16;17;19;20;22;23;25;28;29;31;32;33;35;36,15,20,63.995274,0.9832499038612843,0.5573441973405049,35.788119177012256,64.21188082298774,stroma-high,0.6421188082298773,0.622112989489578,True,9.509779870160232,True,12.234879280247785,True,8.696574402740326,True,452.3387839766272,411.01146498472156,894.9498198729613,6,TCGA-49-4501-01,TCGA-49-4501,Female,Stage IB,67,1:DECEASED,46.68,1,I,matched
TCGA-49-4501,TCGA-49-4501-01Z-00-DX1.9c4bf212-5e32-449e-8710-cf7a3594156e,6,TCGA-49-4501-01,6,18;21;24;27;30;34;37,7,6,5.889438,1.0000000006392304,0.35748844080530856,26.334547688172886,73.66545231182712,stroma-high,0.7366545231182712,0.7169738899407955,True,13.868494677406728,True,21.279950821672216,True,7.5433688233600265,True,460.66771813980336,392.4849053685516,888.000212075864,7,TCGA-49-4501-01,TCGA-49-4501,Female,Stage IB,67,1:DECEASED,46.68,1,I,matched
TCGA-49-4501,TCGA-49-4501-01Z-00-DX1.9c4bf212-5e32-449e-8710-cf7a3594156e,7,TCGA-49-4501-01,7,26,1,0,0.431235,0.9999999977874853,0.5985438202902491,37.44306616390228,62.55693383609772,stroma-high,0.6255693383609772,0.636769467810283,True,7.392779993384573,True,2.9150214647212107,True,,False,,,,8,TCGA-49-4501-01,TCGA-49-4501,Female,Stage IB,67,1:DECEASED,46.68,1,I,matched
TCGA-49-4510,TCGA-49-4510-01Z-00-DX2.e0552b15-6bd7-4660-8a60-9edd0d638e7e,1,TCGA-49-4510-01,1,1,1,0,0.234099,0.9473684181652252,0.5977693902281508,37.41274516110196,62.58725483889804,stroma-high,0.6258725483889804,0.6350370656657894,True,23.70864927621548,True,14.48774405465091,True,,False,,,,2,TCGA-49-4510-01,TCGA-49-4510,Female,Stage IIB,51,1:DECEASED,29.43,1,II,matched
TCGA-49-4510,TCGA-49-4510-01Z-00-DX2.e0552b15-6bd7-4660-8a60-9edd0d638e7e,2,TCGA-49-4510-01,2,2;6;11;15;16;17;18;19,8,8,184.137345,0.9770491805939858,2.5229598700627474,71.61477743479976,28.38522256520024,stroma-low,0.2838522256520024,0.2596430001467543,True,37.640979744440756,True,20.566668168417515,True,53.12556040384939,True,509.17770463031184,444.0,999.000188511884,3,TCGA-49-4510-01,TCGA-49-4510,Female,Stage IIB,51,1:DECEASED,29.43,1,II,matched
TCGA-49-4510,TCGA-49-4510-01Z-00-DX2.e0552b15-6bd7-4660-8a60-9edd0d638e7e,3,TCGA-49-4510-01,3,3,1,0,0.61605,1.0000000033304242,1.389068297956557,58.14267843010891,41.8573215698911,stroma-low,0.418573215698911,0.45723929769304533,True,56.191796205709885,True,24.08953734659925,True,,False,,,,4,TCGA-49-4510-01,TCGA-49-4510,Female,Stage IIB,51,1:DECEASED,29.43,1,II,matched
TCGA-49-4510,TCGA-49-4510-01Z-00-DX2.e0552b15-6bd7-4660-8a60-9edd0d638e7e,4,TCGA-49-4510-01,4,4;5;7;8;9,5,4,4.755906,0.9896373051162319,0.7121120510329411,41.592607832140075,58.407392167859925,stroma-high,0.5840739216785993,0.5803957268557867,True,30.4921861782348,True,25.2244270327069,True,23.085727493738993,True,730.5095417088005,795.0188713418129,888.0,5,TCGA-49-4510-01,TCGA-49-4510,Female,Stage IIB,51,1:DECEASED,29.43,1,II,matched
TCGA-49-4510,TCGA-49-4510-01Z-00-DX2.e0552b15-6bd7-4660-8a60-9edd0d638e7e,5,TCGA-49-4510-01,5,10,1,0,1.306026,1.0000000008560748,1.3812800798589637,58.00577981321595,41.994220186784034,stroma-low,0.41994220186784037,0.4584964169707094,True,46.80787946723217,True,18.05549263859763,True,,False,,,,6,TCGA-49-4510-01,TCGA-49-4510,Female,Stage IIB,51,1:DECEASED,29.43,1,II,matched
TCGA-49-4510,TCGA-49-4510-01Z-00-DX2.e0552b15-6bd7-4660-8a60-9edd0d638e7e,6,TCGA-49-4510-01,6,12;13;14,3,2,2.599731,0.9999999995548821,0.694965495401308,41.001748843079824,58.998251156920176,stroma-high,0.5899825115692018,0.6372817753171409,True,45.52646843307422,True,24.313175233725246,True,22.073853888408816,True,499.50042415096846,499.50042415096846,776.9999999999999,7,TCGA-49-4510-01,TCGA-49-4510,Female,Stage IIB,51,1:DECEASED,29.43,1,II,matched
TCGA-49-4512,TCGA-49-4512-01Z-00-DX4.5161fcf5-62a3-4f7d-8a55-9a24a7d70efb,1,TCGA-49-4512-01,1,1,1,0,0.455877,0.7297297313390929,0.29008600739523194,22.485788213526522,77.51421178647348,stroma-high,0.7751421178647347,0.7436778653791666,True,16.995107098867894,True,29.842346827776833,True,,False,,,,2,TCGA-49-4512-01,TCGA-49-4512,Female,Stage IIIA,69,1:DECEASED,29.73,1,III,matched
TCGA-49-4512,TCGA-49-4512-01Z-00-DX4.5161fcf5-62a3-4f7d-8a55-9a24a7d70efb,2,TCGA-49-4512-01,2,2;3;5;6,4,4,2.267064,1.0000000005423753,0.22929795352711302,18.652756467153402,81.34724353284659,stroma-high,0.8134724353284659,0.8064338509949774,True,4.240577478812863,True,8.81203013718915,True,8.219834018161148,True,384.00982012234493,357.1260484431192,710.7871836031413,3,TCGA-49-4512-01,TCGA-49-4512,Female,Stage IIIA,69,1:DECEASED,29.73,1,III,matched
TCGA-49-4512,TCGA-49-4512-01Z-00-DX4.5161fcf5-62a3-4f7d-8a55-9a24a7d70efb,3,TCGA-49-4512-01,3,4,1,0,2.304027,0.9518716594961161,0.44319871682708356,30.709472760720676,69.29052723927931,stroma-high,0.6929052723927932,0.682131453671439,True,6.181900217782873,True,8.258651504807487,True,,False,,,,4,TCGA-49-4512-01,TCGA-49-4512,Female,Stage IIIA,69,1:DECEASED,29.73,1,III,matched
TCGA-49-4512,TCGA-49-4512-01Z-00-DX4.5161fcf5-62a3-4f7d-8a55-9a24a7d70efb,4,TCGA-49-4512-01,4,7;8;9;10;12;13;14;17;20,9,12,45.46449,0.9883468835687225,0.5290575621090142,34.60023842263272,65.39976157736729,stroma-high,0.6539976157736729,0.6433463008240743,True,5.405191768279197,True,6.849435599378043,True,4.378578630284344,True,538.4687635918749,555.0202863451641,999.0,5,TCGA-49-4512-01,TCGA-49-4512,Female,Stage IIIA,69,1:DECEASED,29.73,1,III,matched
TCGA-49-4512,TCGA-49-4512-01Z-00-DX4.5161fcf5-62a3-4f7d-8a55-9a24a7d70efb,5,TCGA-49-4512-01,5,11,1,0,0.308025,0.4799999971647048,0.5314209088790878,34.701165812608465,65.29883418739153,stroma-high,0.6529883418739154,0.6364884564498886,True,5.363844422073226,True,11.473030216631741,True,,False,,,,6,TCGA-49-4512-01,TCGA-49-4512,Female,Stage IIIA,69,1:DECEASED,29.73,1,III,matched
TCGA-49-4512,TCGA-49-4512-01Z-00-DX4.5161fcf5-62a3-4f7d-8a55-9a24a7d70efb,6,TCGA-49-4512-01,6,15;19;25;27;28,5,6,86.271642,0.9752927730978204,0.9114148347730678,47.682733135283804,52.317266864716196,stroma-high,0.5231726686471619,0.5017851968778282,True,9.397243873733265,True,10.736671768627106,True,3.1102037144498347,True,428.23583660243185,422.1282341904846,894.94269111183,7,TCGA-49-4512-01,TCGA-49-4512,Female,Stage IIIA,69,1:DECEASED,29.73,1,III,matched
TCGA-49-4512,TCGA-49-4512-01Z-00-DX4.5161fcf5-62a3-4f7d-8a55-9a24a7d70efb,7,TCGA-49-4512-01,7,16,1,0,2.883114,0.8076923081976835,2.6684959012492326,72.7408718199884,27.259128180011594,stroma-low,0.27259128180011594,0.25185631217414906,True,16.605387870689796,True,16.05314148103713,True,,False,,,,8,TCGA-49-4512-01,TCGA-49-4512,Female,Stage IIIA,69,1:DECEASED,29.73,1,III,matched
TCGA-49-4512,TCGA-49-4512-01Z-00-DX4.5161fcf5-62a3-4f7d-8a55-9a24a7d70efb,8,TCGA-49-4512-01,8,18,1,0,0.49284,1.0000000012894816,0.1929082305346869,16.17125488758019,83.82874511241981,stroma-high,0.8382874511241981,0.8365928416849203,True,6.371964650028039,True,6.91768281153932,True,,False,,,,9,TCGA-49-4512-01,TCGA-49-4512,Female,Stage IIIA,69,1:DECEASED,29.73,1,III,matched
TCGA-49-4512,TCGA-49-4512-01Z-00-DX4.5161fcf5-62a3-4f7d-8a55-9a24a7d70efb,9,TCGA-49-4512-01,9,21,1,0,0.258741,0.8571428598204095,0.5468957815701536,35.35440383805528,64.64559616194472,stroma-high,0.6464559616194472,0.6504768018345353,True,7.801561973989733,True,6.369263606097222,True,,False,,,,10,TCGA-49-4512-01,TCGA-49-4512,Female,Stage IIIA,69,1:DECEASED,29.73,1,III,matched
TCGA-49-4512,TCGA-49-4512-01Z-00-DX4.5161fcf5-62a3-4f7d-8a55-9a24a7d70efb,10,TCGA-49-4512-01,10,22;23,2,1,1.084248,0.874999997694183,0.42209659860776305,29.681288811252127,70.31871118874787,stroma-high,0.7031871118874787,0.654503463741405,True,9.215318216728846,True,28.06891716428493,True,0.5250732796561299,True,111.0,111.0,111.0,11,TCGA-49-4512-01,TCGA-49-4512,Female,Stage IIIA,69,1:DECEASED,29.73,1,III,matched
TCGA-49-4512,TCGA-49-4512-01Z-00-DX4.5161fcf5-62a3-4f7d-8a55-9a24a7d70efb,11,TCGA-49-4512-01,11,24,1,0,0.418914,0.8823529465760871,0.47647000123113026,32.270889407426736,67.72911059257326,stroma-high,0.6772911059257326,0.6603443496876235,True,16.527294332774744,True,18.977688245762316,True,,False,,,,12,TCGA-49-4512-01,TCGA-49-4512,Female,Stage IIIA,69,1:DECEASED,29.73,1,III,matched
TCGA-49-4512,TCGA-49-4512-01Z-00-DX4.5161fcf5-62a3-4f7d-8a55-9a24a7d70efb,12,TCGA-49-4512-01,12,26,1,0,0.271062,0.6818181762315693,9.289113453192316,90.2809896639857,9.719010336014309,stroma-low,0.0971901033601431,0.3711848427243929,True,83.52755006857228,True,8.91290822565069,True,,False,,,,13,TCGA-49-4512-01,TCGA-49-4512,Female,Stage IIIA,69,1:DECEASED,29.73,1,III,matched
TCGA-49-4512,TCGA-49-4512-01Z-00-DX4.5161fcf5-62a3-4f7d-8a55-9a24a7d70efb,13,TCGA-49-4512-01,13,29,1,0,0.258741,0.9047619077464334,0.296324783517866,22.85883810025777,77.14116189974223,stroma-high,0.7714116189974223,0.7836863348177623,True,18.797986737793572,True,13.274264604138317,True,,False,,,,14,TCGA-49-4512-01,TCGA-49-4512,Female,Stage IIIA,69,1:DECEASED,29.73,1,III,matched
TCGA-49-4512,TCGA-49-4512-01Z-00-DX4.5161fcf5-62a3-4f7d-8a55-9a24a7d70efb,14,TCGA-49-4512-01,14,30;31,2,1,0.825507,0.9850746281286474,0.4468424661583888,30.88397504289676,69.11602495710324,stroma-high,0.6911602495710324,0.6315808903413803,True,27.86991873007827,True,48.501390726834245,True,9.511256313433321,True,333.0,333.0,333.0,15,TCGA-49-4512-01,TCGA-49-4512,Female,Stage IIIA,69,1:DECEASED,29.73,1,III,matched
TCGA-49-4512,TCGA-49-4512-01Z-00-DX4.5161fcf5-62a3-4f7d-8a55-9a24a7d70efb,15,TCGA-49-4512-01,15,32,1,0,0.258741,0.9047619068681213,0.3201341769243253,24.25012415557487,75.74987584442513,stroma-high,0.7574987584442513,0.7549770847007934,True,3.91399484544245,True,4.752568754374563,True,,False,,,,16,TCGA-49-4512-01,TCGA-49-4512,Female,Stage IIIA,69,1:DECEASED,29.73,1,III,matched
TCGA-49-4512,TCGA-49-4512-01Z-00-DX4.5161fcf5-62a3-4f7d-8a55-9a24a7d70efb,16,TCGA-49-4512-01,16,33,1,0,1.281384,0.9615384645382025,0.8354442916083255,45.51727859178224,54.48272140821776,stroma-high,0.5448272140821776,0.564634220617874,True,24.411541205352577,True,8.847598862394651,True,,False,,,,17,TCGA-49-4512-01,TCGA-49-4512,Female,Stage IIIA,69,1:DECEASED,29.73,1,III,matched
TCGA-49-4512,TCGA-49-4512-01Z-00-DX4.5161fcf5-62a3-4f7d-8a55-9a24a7d70efb,17,TCGA-49-4512-01,17,34,1,0,0.431235,0.6571428585976329,5.699662703488626,85.0738754433222,14.926124556677808,stroma-low,0.14926124556677808,0.19581372786626122,True,52.08685689510434,True,17.07082063223819,True,,False,,,,18,TCGA-49-4512-01,TCGA-49-4512,Female,Stage IIIA,69,1:DECEASED,29.73,1,III,matched
TCGA-49-4514,TCGA-49-4514-01Z-00-DX2.f1565a36-257d-432e-a84d-47c1d7a0185f,1,TCGA-49-4514-01,1,1;2;3;4;5;6;7;8;9;10;11;12;13;14;15;16;17;18;19;20;21;22;23;24;25;26;27;28;29;30;31;32;33;34;35;36;37;38;39;40;41;42;43;44;45;46;47;48;49;50;51;52;53;54;55;56;57;58;60,59,88,49.542741,0.9947774192367448,0.7198962146182425,41.8569567453833,58.1430432546167,stroma-high,0.581430432546167,0.6927545210621633,True,69.16323969532954,True,42.681096965524965,True,74.51986660717728,True,471.41730535167517,450.8497874928887,992.852738299457,2,TCGA-49-4514-01,TCGA-49-4514,Female,Stage IA,79,0:LIVING,55.85,0,I,matched
TCGA-49-4514,TCGA-49-4514-01Z-00-DX2.f1565a36-257d-432e-a84d-47c1d7a0185f,2,TCGA-49-4514-01,2,59,1,0,0.184815,0.9999999991928538,0.6714426129522557,40.171442785360846,59.828557214639154,stroma-high,0.5982855721463916,0.6609246400064291,True,68.33718201835525,True,50.26008297737757,True,,False,,,,3,TCGA-49-4514-01,TCGA-49-4514,Female,Stage IA,79,0:LIVING,55.85,0,I,matched
TCGA-49-6744,TCGA-49-6744-01Z-00-DX3.fa64d744-6caa-4f62-8689-33da9c312838,1,TCGA-49-6744-01,1,1,1,0,0.332667,0.8148148129594457,0.5163163012258152,34.050699106012146,65.94930089398785,stroma-high,0.6594930089398785,0.6682905453829447,True,8.310746687884784,True,4.452487760176036,True,,False,,,,2,TCGA-49-6744-01,TCGA-49-6744,Female,Stage IIA,64,0:LIVING,55.29,0,II,matched
TCGA-49-6744,TCGA-49-6744-01Z-00-DX3.fa64d744-6caa-4f62-8689-33da9c312838,2,TCGA-49-6744-01,2,2,1,0,0.320346,1.0000000003355336,0.31476108093805916,23.94055357293377,76.05944642706623,stroma-high,0.7605944642706624,0.7660401373951223,True,6.190477516802647,True,2.1761907967517637,True,,False,,,,3,TCGA-49-6744-01,TCGA-49-6744,Female,Stage IIA,64,0:LIVING,55.29,0,II,matched
TCGA-49-6744,TCGA-49-6744-01Z-00-DX3.fa64d744-6caa-4f62-8689-33da9c312838,3,TCGA-49-6744-01,3,3,1,0,0.295704,0.9999999962971439,0.2660965261496805,21.017080503246085,78.98291949675391,stroma-high,0.7898291949675391,0.7833688908135711,True,7.277741403164151,True,10.85143148601408,True,,False,,,,4,TCGA-49-6744-01,TCGA-49-6744,Female,Stage IIA,64,0:LIVING,55.29,0,II,matched
TCGA-49-6744,TCGA-49-6744-01Z-00-DX3.fa64d744-6caa-4f62-8689-33da9c312838,4,TCGA-49-6744-01,4,4;5;7,3,3,2.83383,0.9391304335505676,0.45852419324736426,31.43754456526859,68.56245543473142,stroma-high,0.6856245543473142,0.6791399016682277,True,17.97289538196906,True,18.84051744574609,True,33.94529269482628,True,642.1332012522404,866.9781889359427,948.4214148207783,5,TCGA-49-6744-01,TCGA-49-6744,Female,Stage IIA,64,0:LIVING,55.29,0,II,matched
TCGA-49-6744,TCGA-49-6744-01Z-00-DX3.fa64d744-6caa-4f62-8689-33da9c312838,5,TCGA-49-6744-01,5,6;9,2,1,0.566766,0.8043478269357127,1.3618483327208182,57.6602787678575,42.33972123214251,stroma-low,0.4233972123214251,0.4424223587105289,True,14.020718459045018,True,5.780903627172234,True,4.3498834444172,True,111.0,111.0,111.0,6,TCGA-49-6744-01,TCGA-49-6744,Female,Stage IIA,64,0:LIVING,55.29,0,II,matched
TCGA-49-6744,TCGA-49-6744-01Z-00-DX3.fa64d744-6caa-4f62-8689-33da9c312838,6,TCGA-49-6744-01,6,8,1,0,0.308025,0.9999999986950568,0.20533780560753387,17.03570606117645,82.96429393882356,stroma-high,0.8296429393882355,0.8403305481211399,True,12.507864737828772,True,4.210457253145629,True,,False,,,,7,TCGA-49-6744-01,TCGA-49-6744,Female,Stage IIA,64,0:LIVING,55.29,0,II,matched
TCGA-49-6744,TCGA-49-6744-01Z-00-DX3.fa64d744-6caa-4f62-8689-33da9c312838,7,TCGA-49-6744-01,7,10;14;24;26;29,5,4,80.961291,0.9147770507605422,2.043405708232066,67.1420738518327,32.857926148167294,stroma-low,0.32857926148167294,0.30412875078879265,True,24.6647363107175,True,20.566466494684292,True,47.82514899347942,True,657.9765725660569,669.475122012272,941.9068743505003,8,TCGA-49-6744-01,TCGA-49-6744,Female,Stage IIA,64,0:LIVING,55.29,0,II,matched
TCGA-49-6744,TCGA-49-6744-01Z-00-DX3.fa64d744-6caa-4f62-8689-33da9c312838,8,TCGA-49-6744-01,8,11,1,0,0.344988,0.8571428589517122,0.6630394174004144,39.86913421672511,60.1308657832749,stroma-high,0.601308657832749,0.6521106900205009,True,52.27451301949226,True,36.08359952022086,True,,False,,,,9,TCGA-49-6744-01,TCGA-49-6744,Female,Stage IIA,64,0:LIVING,55.29,0,II,matched
TCGA-49-6744,TCGA-49-6744-01Z-00-DX3.fa64d744-6caa-4f62-8689-33da9c312838,9,TCGA-49-6744-01,9,12,1,0,0.431235,0.9714285755987346,0.5393972423398223,35.03950945890744,64.96049054109257,stroma-high,0.6496049054109256,0.6869982046695485,True,47.96817737455169,True,39.95269081727827,True,,False,,,,10,TCGA-49-6744-01,TCGA-49-6744,Female,Stage IIA,64,0:LIVING,55.29,0,II,matched
TCGA-49-6744,TCGA-49-6744-01Z-00-DX3.fa64d744-6caa-4f62-8689-33da9c312838,10,TCGA-49-6744-01,10,13,1,0,0.308025,0.9999999960666172,0.3463905267258981,25.72734432172793,74.27265567827207,stroma-high,0.7427265567827207,0.7942623954284512,True,45.84691593152614,True,23.410018538944477,True,,False,,,,11,TCGA-49-6744-01,TCGA-49-6744,Female,Stage IIA,64,0:LIVING,55.29,0,II,matched
TCGA-49-6744,TCGA-49-6744-01Z-00-DX3.fa64d744-6caa-4f62-8689-33da9c312838,11,TCGA-49-6744-01,11,15,1,0,0.197136,0.9999999993306119,0.6572551648358055,39.659261819282,60.340738180718,stroma-high,0.60340738180718,0.6104288909472596,True,13.317145369768198,True,7.867437711796183,True,,False,,,,12,TCGA-49-6744-01,TCGA-49-6744,Female,Stage IIA,64,0:LIVING,55.29,0,II,matched
TCGA-49-6744,TCGA-49-6744-01Z-00-DX3.fa64d744-6caa-4f62-8689-33da9c312838,12,TCGA-49-6744-01,12,16;17;21;22;25,5,4,78.829758,0.9109096593365672,1.984788054597908,66.49678363394838,33.50321636605162,stroma-low,0.3350321636605162,0.31302490930880644,True,25.641655467284874,True,19.90866405166506,True,27.843350348424973,True,222.01005834225194,111.0,555.0402333690078,13,TCGA-49-6744-01,TCGA-49-6744,Female,Stage IIA,64,0:LIVING,55.29,0,II,matched
TCGA-49-6744,TCGA-49-6744-01Z-00-DX3.fa64d744-6caa-4f62-8689-33da9c312838,13,TCGA-49-6744-01,13,18,1,0,0.271062,0.7272727259950525,7.659772139893091,88.45235204985029,11.547647950149708,stroma-low,0.11547647950149707,0.12641606633911262,True,52.81076908651513,True,6.268417736904325,True,,False,,,,14,TCGA-49-6744-01,TCGA-49-6744,Female,Stage IIA,64,0:LIVING,55.29,0,II,matched
TCGA-49-6744,TCGA-49-6744-01Z-00-DX3.fa64d744-6caa-4f62-8689-33da9c312838,14,TCGA-49-6744-01,14,19,1,0,0.357309,0.9999999950880387,0.3927119769296121,28.19764484221563,71.80235515778438,stroma-high,0.7180235515778437,0.7147261213980812,True,4.993589244912132,True,5.9690582984894265,True,,False,,,,15,TCGA-49-6744-01,TCGA-49-6744,Female,Stage IIA,64,0:LIVING,55.29,0,II,matched
TCGA-49-6744,TCGA-49-6744-01Z-00-DX3.fa64d744-6caa-4f62-8689-33da9c312838,15,TCGA-49-6744-01,15,20,1,0,0.455877,0.9729729769297174,1.8601992067965776,65.03740027534657,34.96259972465344,stroma-low,0.34962599724653437,0.4003863472680846,True,26.366934584369723,True,1.4537882230550088,True,,False,,,,16,TCGA-49-6744-01,TCGA-49-6744,Female,Stage IIA,64,0:LIVING,55.29,0,II,matched
TCGA-49-6744,TCGA-49-6744-01Z-00-DX3.fa64d744-6caa-4f62-8689-33da9c312838,16,TCGA-49-6744-01,16,23,1,0,0.36963,0.666666670930863,0.42092091173666984,29.6231062728336,70.3768937271664,stroma-high,0.703768937271664,0.7101348180952586,True,9.327031997531037,True,5.229919867516229,True,,False,,,,17,TCGA-49-6744-01,TCGA-49-6744,Female,Stage IIA,64,0:LIVING,55.29,0,II,matched
TCGA-49-6744,TCGA-49-6744-01Z-00-DX3.fa64d744-6caa-4f62-8689-33da9c312838,17,TCGA-49-6744-01,17,27;30,2,1,7.306353,0.8819561551539953,1.1170938098513745,52.76543744321833,47.234562556781675,stroma-low,0.4723456255678168,0.46355373889196805,True,18.491097150088013,True,12.669542797524338,True,17.359447172350546,True,566.0249824877359,566.0249824877359,566.0249824877359,18,TCGA-49-6744-01,TCGA-49-6744,Female,Stage IIA,64,0:LIVING,55.29,0,II,matched
TCGA-49-6744,TCGA-49-6744-01Z-00-DX3.fa64d744-6caa-4f62-8689-33da9c312838,18,TCGA-49-6744-01,18,28,1,0,0.258741,0.9047619002300226,0.3587689170916814,26.40396851729527,73.59603148270473,stroma-high,0.7359603148270473,0.6992253098104215,True,17.209620853663885,True,32.555460696563756,True,,False,,,,19,TCGA-49-6744-01,TCGA-49-6744,Female,Stage IIA,64,0:LIVING,55.29,0,II,matched
TCGA-49-AARN,TCGA-49-AARN-01Z-00-DX1.E13AA041-978E-427D-AFA5-D3180224A03A,1,TCGA-49-AARN-01,1,1,1,0,0.36963,1.0000000010428873,0.11919453747406726,10.65002852346651,89.34997147653348,stroma-high,0.8934997147653349,0.8931055985113833,True,4.1205006947595955,True,6.886983841317794,True,,False,,,,2,TCGA-49-AARN-01,TCGA-49-AARN,Female,Stage IA,56,1:DECEASED,37.29,1,I,matched
TCGA-49-AARN,TCGA-49-AARN-01Z-00-DX1.E13AA041-978E-427D-AFA5-D3180224A03A,2,TCGA-49-AARN-01,2,2,1,0,0.468198,1.0000000018136281,0.1263812691650349,11.220114593943748,88.77988540605625,stroma-high,0.8877988540605626,0.877690639435449,True,9.955104323344246,True,19.66715972387138,True,,False,,,,3,TCGA-49-AARN-01,TCGA-49-AARN,Female,Stage IA,56,1:DECEASED,37.29,1,I,matched
TCGA-49-AARN,TCGA-49-AARN-01Z-00-DX1.E13AA041-978E-427D-AFA5-D3180224A03A,3,TCGA-49-AARN-01,3,3;4;7;10;12;15,6,6,7.257069,0.9728353149626249,0.6125223442846724,37.985355456044374,62.01464454395562,stroma-high,0.6201464454395562,0.651170139438832,True,39.584505239096146,True,19.22669826051665,True,35.30005484818975,True,535.3226534908807,612.8710565138347,777.0002423724072,4,TCGA-49-AARN-01,TCGA-49-AARN,Female,Stage IA,56,1:DECEASED,37.29,1,I,matched
TCGA-49-AARN,TCGA-49-AARN-01Z-00-DX1.E13AA041-978E-427D-AFA5-D3180224A03A,4,TCGA-49-AARN-01,4,5,1,0,0.221778,0.8333333328462484,0.19165415000716068,16.083034662868336,83.91696533713167,stroma-high,0.8391696533713167,0.8372360320292408,True,0.37322989840987003,True,2.2532210419762255,True,,False,,,,5,TCGA-49-AARN-01,TCGA-49-AARN,Female,Stage IA,56,1:DECEASED,37.29,1,I,matched
TCGA-49-AARN,TCGA-49-AARN-01Z-00-DX1.E13AA041-978E-427D-AFA5-D3180224A03A,5,TCGA-49-AARN-01,5,6,1,0,0.332667,1.0000000045439703,0.23199772861166723,18.831019183217524,81.16898081678248,stroma-high,0.8116898081678248,0.8076000580636132,True,22.90815765041075,True,23.69508525643003,True,,False,,,,6,TCGA-49-AARN-01,TCGA-49-AARN,Female,Stage IA,56,1:DECEASED,37.29,1,I,matched
TCGA-49-AARN,TCGA-49-AARN-01Z-00-DX1.E13AA041-978E-427D-AFA5-D3180224A03A,6,TCGA-49-AARN-01,6,8;17,2,1,13.972014,0.9770723103633112,0.6199264436656567,38.26880202429771,61.73119797570229,stroma-high,0.6173119797570229,0.6231190356998456,True,14.335857390175649,True,4.526867978472896,True,0.0,True,111.0,111.0,111.0,7,TCGA-49-AARN-01,TCGA-49-AARN,Female,Stage IA,56,1:DECEASED,37.29,1,I,matched
TCGA-49-AARN,TCGA-49-AARN-01Z-00-DX1.E13AA041-978E-427D-AFA5-D3180224A03A,7,TCGA-49-AARN-01,7,9,1,0,0.332667,0.9999999985749902,0.257585323511395,20.482532572197357,79.51746742780264,stroma-high,0.7951746742780265,0.8164677424140934,True,35.85093783874657,True,25.894356945337492,True,,False,,,,8,TCGA-49-AARN-01,TCGA-49-AARN,Female,Stage IA,56,1:DECEASED,37.29,1,I,matched
TCGA-49-AARN,TCGA-49-AARN-01Z-00-DX1.E13AA041-978E-427D-AFA5-D3180224A03A,8,TCGA-49-AARN-01,8,11;13;14;16;18;19,6,5,3.597732,0.9657534248262828,0.27762653419355043,21.72986602605204,78.27013397394796,stroma-high,0.7827013397394796,0.79466529437138,True,30.026243085606158,True,22.314426751916546,True,27.149779861321978,True,528.179746895715,444.0004241515763,894.94269111183,9,TCGA-49-AARN-01,TCGA-49-AARN,Female,Stage IA,56,1:DECEASED,37.29,1,I,matched
TCGA-49-AARN,TCGA-49-AARN-01Z-00-DX1.E13AA041-978E-427D-AFA5-D3180224A03A,9,TCGA-49-AARN-01,9,20,1,0,0.234099,0.9999999992938492,0.24136159917737401,19.443295115405505,80.5567048845945,stroma-high,0.805567048845945,0.8300648279983094,True,33.753424127049435,True,19.392890530574665,True,,False,,,,10,TCGA-49-AARN-01,TCGA-49-AARN,Female,Stage IA,56,1:DECEASED,37.29,1,I,matched
TCGA-49-AARN,TCGA-49-AARN-01Z-00-DX1.E13AA041-978E-427D-AFA5-D3180224A03A,10,TCGA-49-AARN-01,10,21,1,0,0.418914,0.9999999998570488,0.2030923225551169,16.88085932788526,83.11914067211474,stroma-high,0.8311914067211474,0.7996016454960221,True,20.631625732331667,True,45.798199090803614,True,,False,,,,11,TCGA-49-AARN-01,TCGA-49-AARN,Female,Stage IA,56,1:DECEASED,37.29,1,I,matched
TCGA-49-AARQ,TCGA-49-AARQ-01Z-00-DX1.3FA36419-1658-4602-9170-84A622787C3E,1,TCGA-49-AARQ-01,1,1,1,0,0.320346,0.9615384583532711,0.29881317653361145,23.006632665300693,76.9933673346993,stroma-high,0.769933673346993,0.8002667956536056,True,27.24365871821491,True,13.21468386525143,True,,False,,,,2,TCGA-49-AARQ-01,TCGA-49-AARQ,Female,Stage I,41,0:LIVING,221.16,0,I,matched
TCGA-49-AARQ,TCGA-49-AARQ-01Z-00-DX1.3FA36419-1658-4602-9170-84A622787C3E,2,TCGA-49-AARQ-01,2,2,1,0,80.123463,0.9452560357672173,2.4092715240961606,70.66822067611315,29.33177932388686,stroma-low,0.2933177932388686,0.29251423705032575,True,15.647282538706186,True,3.982113777983362,True,,False,,,,3,TCGA-49-AARQ-01,TCGA-49-AARQ,Female,Stage I,41,0:LIVING,221.16,0,I,matched
TCGA-49-AARQ,TCGA-49-AARQ-01Z-00-DX1.3FA36419-1658-4602-9170-84A622787C3E,3,TCGA-49-AARQ-01,3,3,1,0,0.258741,0.6666666639960438,0.9148266028670488,47.775950130277536,52.224049869722464,stroma-high,0.5222404986972247,0.544891871657698,True,15.112954106646177,True,2.964769623623903,True,,False,,,,4,TCGA-49-AARQ-01,TCGA-49-AARQ,Female,Stage I,41,0:LIVING,221.16,0,I,matched
TCGA-49-AARQ,TCGA-49-AARQ-01Z-00-DX1.3FA36419-1658-4602-9170-84A622787C3E,4,TCGA-49-AARQ-01,4,4,1,0,0.653013,0.9622641537788232,1.7132335374189118,63.14360757344553,36.85639242655448,stroma-low,0.3685639242655448,0.36805976584283784,True,5.274378095274872,True,0.6546842164181321,True,,False,,,,5,TCGA-49-AARQ-01,TCGA-49-AARQ,Female,Stage I,41,0:LIVING,221.16,0,I,matched
TCGA-49-AARQ,TCGA-49-AARQ-01Z-00-DX1.3FA36419-1658-4602-9170-84A622787C3E,5,TCGA-49-AARQ-01,5,5,1,0,74.110815,0.9491271823077158,3.5986257378792947,78.25437300185337,21.74562699814664,stroma-low,0.2174562699814664,0.2226916910378116,True,34.11899261397848,True,3.7173112764145517,True,,False,,,,6,TCGA-49-AARQ-01,TCGA-49-AARQ,Female,Stage I,41,0:LIVING,221.16,0,I,matched
TCGA-4B-A93V,TCGA-4B-A93V-01Z-00-DX1.C263DC1C-298D-47ED-AAF8-128043828530,1,TCGA-4B-A93V-01,1,1;2;3;4;5;6;7;8;9;10;11;12;13;14;15;16;17;18;19;20;21;22;29,23,28,164.6897076875,0.9985849407085138,0.9475341164016041,48.6530175991131,51.34698240088691,stroma-high,0.5134698240088691,0.5162452387911372,True,20.81829517554223,True,8.497207057482804,True,20.009203004849883,True,501.8216194437954,495.32761338930476,952.7476121828565,2,TCGA-4B-A93V-01,TCGA-4B-A93V,Female,Stage IA,52,1:DECEASED,9.86,1,I,matched
TCGA-4B-A93V,TCGA-4B-A93V-01Z-00-DX1.C263DC1C-298D-47ED-AAF8-128043828530,2,TCGA-4B-A93V-01,2,23,1,0,0.3066390625,1.0000000031176022,0.3666553817687146,26.828664099225374,73.17133590077462,stroma-high,0.7317133590077463,0.7444410579681637,True,33.60200403312048,True,27.037554088929205,True,,False,,,,3,TCGA-4B-A93V-01,TCGA-4B-A93V,Female,Stage IA,52,1:DECEASED,9.86,1,I,matched
TCGA-4B-A93V,TCGA-4B-A93V-01Z-00-DX1.C263DC1C-298D-47ED-AAF8-128043828530,3,TCGA-4B-A93V-01,3,24,1,0,0.196249,0.9999999898664101,0.4566256436045853,31.34818102437174,68.65181897562826,stroma-high,0.6865181897562826,0.7624370333438053,True,49.24281231698468,True,19.720561967215858,True,,False,,,,4,TCGA-4B-A93V-01,TCGA-4B-A93V,Female,Stage IA,52,1:DECEASED,9.86,1,I,matched
TCGA-4B-A93V,TCGA-4B-A93V-01Z-00-DX1.C263DC1C-298D-47ED-AAF8-128043828530,4,TCGA-4B-A93V-01,4,25;26,2,1,1.4596019375,0.9999999994186112,0.28967355622049745,22.46099835290191,77.53900164709809,stroma-high,0.7753900164709809,0.775349448664269,True,6.663767378092605,True,4.968052288036559,True,17.851566562266328,True,221.49999999999997,221.49999999999997,221.49999999999997,5,TCGA-4B-A93V-01,TCGA-4B-A93V,Female,Stage IA,52,1:DECEASED,9.86,1,I,matched
TCGA-4B-A93V,TCGA-4B-A93V-01Z-00-DX1.C263DC1C-298D-47ED-AAF8-128043828530,5,TCGA-4B-A93V-01,5,27,1,0,0.269842375,0.9999999995766715,0.20580877319890675,17.068110447804575,82.93188955219543,stroma-high,0.8293188955219543,0.8013129236547392,True,7.4639210971105765,True,26.961524145010458,True,,False,,,,6,TCGA-4B-A93V-01,TCGA-4B-A93V,Female,Stage IA,52,1:DECEASED,9.86,1,I,matched
TCGA-4B-A93V,TCGA-4B-A93V-01Z-00-DX1.C263DC1C-298D-47ED-AAF8-128043828530,6,TCGA-4B-A93V-01,6,28,1,0,0.3066390625,0.999999999544234,1.2539129071317754,55.63271336546214,44.36728663453787,stroma-low,0.44367286634537867,0.62820665513149,True,68.15200157273705,True,29.672315143070115,True,,False,,,,7,TCGA-4B-A93V-01,TCGA-4B-A93V,Female,Stage IA,52,1:DECEASED,9.86,1,I,matched
TCGA-4B-A93V,TCGA-4B-A93V-01Z-00-DX1.C263DC1C-298D-47ED-AAF8-128043828530,7,TCGA-4B-A93V-01,7,30,1,0,0.318904625,0.9999999999535457,2.0094990275014877,66.77187828067821,33.2281217193218,stroma-low,0.33228121719321796,0.4415249895265438,True,56.39517553151,True,13.786824155469606,True,,False,,,,8,TCGA-4B-A93V-01,TCGA-4B-A93V,Female,Stage IA,52,1:DECEASED,9.86,1,I,matched
TCGA-50-5044,TCGA-50-5044-01Z-00-DX1.7E0E651F-411B-4784-B0FA-6EB612527430,1,TCGA-50-5044-01,1,1;3;5;6;11;12;14;15,8,8,84.115467,0.946096381795926,1.7912989397039414,64.17438541691757,35.82561458308241,stroma-low,0.3582561458308241,0.35891014784624364,True,16.502599610955638,True,3.792423377029693,True,22.15911272567325,True,398.50679389629454,290.62105102076686,845.3885498589252,2,TCGA-50-5044-01,TCGA-50-5044,Female,Stage IIIB,72,1:DECEASED,20.5,1,III,matched
TCGA-50-5044,TCGA-50-5044-01Z-00-DX1.7E0E651F-411B-4784-B0FA-6EB612527430,2,TCGA-50-5044-01,2,2;7;8;9;13;16,6,7,85.828086,0.9649727247489447,1.549701840217908,60.779727879298385,39.22027212070161,stroma-low,0.39220272120701605,0.3839927114053707,True,15.84453402610373,True,7.079614711116661,True,24.944937158440375,True,410.7037000323674,333.0,784.9291689270867,3,TCGA-50-5044-01,TCGA-50-5044,Female,Stage IIIB,72,1:DECEASED,20.5,1,III,matched
TCGA-50-5044,TCGA-50-5044-01Z-00-DX1.7E0E651F-411B-4784-B0FA-6EB612527430,3,TCGA-50-5044-01,3,4,1,0,0.628371,0.9803921582805581,0.28535860464060747,22.20069975883463,77.79930024116537,stroma-high,0.7779930024116537,0.7977311912597485,True,17.23115251007029,True,1.4606383528747848,True,,False,,,,4,TCGA-50-5044-01,TCGA-50-5044,Female,Stage IIIB,72,1:DECEASED,20.5,1,III,matched
TCGA-50-5044,TCGA-50-5044-01Z-00-DX1.7E0E651F-411B-4784-B0FA-6EB612527430,4,TCGA-50-5044-01,4,10,1,0,0.480519,0.9999999988122465,0.3297529163310795,24.798059269604806,75.2019407303952,stroma-high,0.7520194073039519,0.7546693855460624,True,4.1690295356985025,True,1.6567458656164213,True,,False,,,,5,TCGA-50-5044-01,TCGA-50-5044,Female,Stage IIIB,72,1:DECEASED,20.5,1,III,matched
TCGA-50-5045,TCGA-50-5045-01Z-00-DX2.0FCA12EA-572E-4A7D-900D-6E200892170E,1,TCGA-50-5045-01,1,1;2;3;4;5;7;8;9;10;11;12;13;14;15;17;18;19;20;24;27;32;33,22,28,37.665297,0.9878966309315148,0.6574483631547878,39.66629535917489,60.333704640825104,stroma-high,0.603337046408251,0.6146443897561386,True,23.907159374035302,True,13.42661818892027,True,16.693292414443732,True,436.63724198963763,323.4980263284237,999.000188511884,2,TCGA-50-5045-01,TCGA-50-5045,Female,[Discrepancy],57,1:DECEASED,71.42,1,,matched
TCGA-50-5045,TCGA-50-5045-01Z-00-DX2.0FCA12EA-572E-4A7D-900D-6E200892170E,2,TCGA-50-5045-01,2,6,1,0,0.271062,0.9545454561585673,0.7460255135117495,42.727068289585404,57.27293171041459,stroma-high,0.5727293171041459,0.6742358390307763,True,50.68864424435128,True,12.623404246243803,True,,False,,,,3,TCGA-50-5045-01,TCGA-50-5045,Female,[Discrepancy],57,1:DECEASED,71.42,1,,matched
TCGA-50-5045,TCGA-50-5045-01Z-00-DX2.0FCA12EA-572E-4A7D-900D-6E200892170E,3,TCGA-50-5045-01,3,16;21;22;23;25;26;28;29;30;31;34;35;36,13,17,30.617685,0.9706237425487062,0.701476461619859,41.22751489327283,58.77248510672716,stroma-high,0.5877248510672716,0.5914796968479361,True,25.09699059864255,True,16.585416942473884,True,18.96177250794419,True,415.718345360149,400.2560442293919,999.000188511884,4,TCGA-50-5045-01,TCGA-50-5045,Female,[Discrepancy],57,1:DECEASED,71.42,1,,matched
TCGA-50-5055,TCGA-50-5055-01Z-00-DX2.446EC3BB-2ED7-4253-8A39-AC68331F08E7,1,TCGA-50-5055-01,1,1,1,0,0.332667,0.9999999968853511,0.23502312947596293,19.029856515779297,80.9701434842207,stroma-high,0.809701434842207,0.7717268692278645,True,21.642749290666632,True,38.698857420045314,True,,False,,,,2,TCGA-50-5055-01,TCGA-50-5055,Female,Stage IIA,79,1:DECEASED,60.12,1,II,matched
TCGA-50-5055,TCGA-50-5055-01Z-00-DX2.446EC3BB-2ED7-4253-8A39-AC68331F08E7,2,TCGA-50-5055-01,2,2;3;4;5;6;7;8;9;10;11;12;13;14;15;16;17;18;19;20;21;22;23;24;25;26;27;28;30;31;32;33;34;35;36;37;38;39;40;41;42;43;44;45;46;47;48;49;50;51;52;53;54;55;56;57;58;59;60;61;62;63;64;66;67;68;69;70;71;72;73;74;75;77;78;79;80;83;84;85;86;87;88;89;91;92;94;95;96;97;98;99;100;101;102;103;104;105;106;107;108;109;110;111;112;113;114;115;116;117;118;119;121;122;123;125;130,116,213,120.955257,0.9956198430507595,0.36064194136098043,26.505278898006683,73.4947211019933,stroma-high,0.7349472110199331,0.7572901718503211,True,39.13231428958513,True,23.94498784075855,True,42.93314492585197,True,474.30596371467396,400.2560442293934,999.000188511884,3,TCGA-50-5055-01,TCGA-50-5055,Female,Stage IIA,79,1:DECEASED,60.12,1,II,matched
TCGA-50-5055,TCGA-50-5055-01Z-00-DX2.446EC3BB-2ED7-4253-8A39-AC68331F08E7,3,TCGA-50-5055-01,3,29,1,0,0.406593,0.9696969740697098,0.22250966058936625,18.201055399602765,81.79894460039725,stroma-high,0.8179894460039725,0.8186421568830139,True,7.935975067850334,True,11.030378204450503,True,,False,,,,4,TCGA-50-5055-01,TCGA-50-5055,Female,Stage IIA,79,1:DECEASED,60.12,1,II,matched
TCGA-50-5055,TCGA-50-5055-01Z-00-DX2.446EC3BB-2ED7-4253-8A39-AC68331F08E7,4,TCGA-50-5055-01,4,65,1,0,0.332667,0.7777777799686495,0.21474398322008398,17.678126929333164,82.32187307066684,stroma-high,0.8232187307066684,0.8304554708070004,True,9.385673492437398,True,3.550864255954945,True,,False,,,,5,TCGA-50-5055-01,TCGA-50-5055,Female,Stage IIA,79,1:DECEASED,60.12,1,II,matched
TCGA-50-5055,TCGA-50-5055-01Z-00-DX2.446EC3BB-2ED7-4253-8A39-AC68331F08E7,5,TCGA-50-5055-01,5,76;81;82,3,2,1.761903,0.97202797085017,0.20256846169454104,16.844651106940017,83.15534889305998,stroma-high,0.8315534889305998,0.8481340843372713,True,21.968368334345385,True,9.868045766406642,True,29.958615153691802,True,635.7229969232374,635.7229969232374,800.4722357662164,6,TCGA-50-5055-01,TCGA-50-5055,Female,Stage IIA,79,1:DECEASED,60.12,1,II,matched
TCGA-50-5055,TCGA-50-5055-01Z-00-DX2.446EC3BB-2ED7-4253-8A39-AC68331F08E7,6,TCGA-50-5055-01,6,90;93,2,1,0.763902,1.0000000000080973,0.17446806430251854,14.855070955558924,85.14492904444107,stroma-high,0.8514492904444108,0.8735606512609766,True,20.29688650543351,True,0.9640006643587021,True,10.206375850008705,True,744.6491928247048,744.6491928247048,744.6491928247048,7,TCGA-50-5055-01,TCGA-50-5055,Female,Stage IIA,79,1:DECEASED,60.12,1,II,matched
TCGA-50-5055,TCGA-50-5055-01Z-00-DX2.446EC3BB-2ED7-4253-8A39-AC68331F08E7,7,TCGA-50-5055-01,7,120;124;126;127;128;129,6,6,5.150178,0.9665071771457522,0.5204195327761898,34.22867975301111,65.77132024698888,stroma-high,0.6577132024698888,0.6581418703118757,True,2.334372184603567,True,1.558716630795749,True,0.26324238021096225,True,358.15718181074567,388.5002827676125,457.6995749857774,8,TCGA-50-5055-01,TCGA-50-5055,Female,Stage IIA,79,1:DECEASED,60.12,1,II,matched
TCGA-50-5068,TCGA-50-5068-01Z-00-DX1.13f1c31e-4d4c-4562-8447-c5bbfbf670a9,1,TCGA-50-5068-01,1,1;2;3;4;5;6;7;8;9;11;12;13;14;15;17;18;19;20;21;22;23;24;25;26;27;28;29;30;31;32;33;34;35;36;37;38;39;40;41;42;43;44;45;46;47;48;49;50;51;52;53,51,77,174.477681,0.9895487607992125,0.7489600862816144,42.8231663007213,57.1768336992787,stroma-high,0.5717683369927871,0.5755167485044362,True,24.128662735164127,True,11.254720579771902,True,13.842612449904133,True,476.4629527598292,457.69957498577696,948.4214148207778,2,TCGA-50-5068-01,TCGA-50-5068,Female,Stage IIB,59,1:DECEASED,49.24,1,II,matched
TCGA-50-5068,TCGA-50-5068-01Z-00-DX1.13f1c31e-4d4c-4562-8447-c5bbfbf670a9,2,TCGA-50-5068-01,2,10,1,0,0.172494,1.0000000054881508,0.2693204876033607,21.217690113225242,78.78230988677475,stroma-high,0.7878230988677476,0.7995417637932631,True,9.00924184489693,True,0.2231594951401188,True,,False,,,,3,TCGA-50-5068-01,TCGA-50-5068,Female,Stage IIB,59,1:DECEASED,49.24,1,II,matched
TCGA-50-5068,TCGA-50-5068-01Z-00-DX1.13f1c31e-4d4c-4562-8447-c5bbfbf670a9,3,TCGA-50-5068-01,3,16,1,0,0.234099,0.9999999983387841,0.1545427256553086,13.38562204942147,86.61437795057853,stroma-high,0.8661437795057854,0.872439152541286,True,6.553909329096845,True,0.034629620653200854,True,,False,,,,4,TCGA-50-5068-01,TCGA-50-5068,Female,Stage IIB,59,1:DECEASED,49.24,1,II,matched
TCGA-50-5942,TCGA-50-5942-01Z-00-DX1.da1b1274-8740-4c79-adf9-25800913eafa,1,TCGA-50-5942-01,1,1;3;4;6,4,3,265.39434,0.9616991643092542,1.8442299824212627,64.8410991312063,35.158900868793694,stroma-low,0.3515890086879369,0.34561327660174956,True,13.110505475049006,True,4.318788174084819,True,28.75566377040732,True,415.74743803913265,248.2421020415337,888.0002120758642,2,TCGA-50-5942-01,TCGA-50-5942,Female,Stage IA,67,0:LIVING,60.68,0,I,matched
TCGA-50-5942,TCGA-50-5942-01Z-00-DX1.da1b1274-8740-4c79-adf9-25800913eafa,2,TCGA-50-5942-01,2,2,1,0,0.24642,0.7500000048235961,1.712351725094093,63.131625196385265,36.86837480361473,stroma-low,0.3686837480361473,0.6145653923514963,True,80.12571952931997,True,11.487683410118295,True,,False,,,,3,TCGA-50-5942-01,TCGA-50-5942,Female,Stage IA,67,0:LIVING,60.68,0,I,matched
TCGA-50-5942,TCGA-50-5942-01Z-00-DX1.da1b1274-8740-4c79-adf9-25800913eafa,3,TCGA-50-5942-01,3,5,1,0,0.258741,0.6190476193218534,0.37450625582968244,27.246602497536266,72.75339750246374,stroma-high,0.7275339750246373,0.6931304237050377,True,16.63141766582343,True,30.008126248132527,True,,False,,,,4,TCGA-50-5942-01,TCGA-50-5942,Female,Stage IA,67,0:LIVING,60.68,0,I,matched
TCGA-50-6591,TCGA-50-6591-01Z-00-DX1.12e1050b-75e9-4059-b945-291995b3e93c,1,TCGA-50-6591-01,1,1,1,0,129.703167,0.957442766360422,9.48631619953215,90.46376266963402,9.53623733036598,stroma-low,0.09536237330365979,0.09628634394786097,True,5.022839115649233,True,1.0048765402225652,True,,False,,,,2,TCGA-50-6591-01,TCGA-50-6591,Female,Stage IV,63,1:DECEASED,3.91,1,IV,matched
TCGA-50-6591,TCGA-50-6591-01Z-00-DX1.12e1050b-75e9-4059-b945-291995b3e93c,2,TCGA-50-6591-01,2,2,1,0,132.45075,0.9599069767132918,9.31484428795977,90.30523416463716,9.694765835362846,stroma-low,0.09694765835362847,0.09807719228699258,True,5.31447971681768,True,1.006724764699417,True,,False,,,,3,TCGA-50-6591-01,TCGA-50-6591,Female,Stage IV,63,1:DECEASED,3.91,1,IV,matched
TCGA-50-6593,TCGA-50-6593-01Z-00-DX1.a63e298c-cbe7-44e8-8d8e-34ebb93530ca,1,TCGA-50-6593-01,1,1,1,0,0.295704,0.9999999992105585,0.3388471265233751,25.30887356820713,74.69112643179288,stroma-high,0.7469112643179288,0.7468723145858013,True,35.788226406441886,True,33.53067159137284,True,,False,,,,2,TCGA-50-6593-01,TCGA-50-6593,Female,Stage IIIA,49,1:DECEASED,11.04,1,III,matched
TCGA-50-6593,TCGA-50-6593-01Z-00-DX1.a63e298c-cbe7-44e8-8d8e-34ebb93530ca,2,TCGA-50-6593-01,2,2;3;4;6;7;8;10;11;12;13,10,14,72.262665,0.9885763001290687,0.8318494310132739,45.41036053127699,54.58963946872301,stroma-high,0.5458963946872301,0.547060477087722,True,18.709178941317745,True,7.006431638341855,True,4.4617146056229116,True,330.1722476734918,235.12147517173617,744.6491928247062,3,TCGA-50-6593-01,TCGA-50-6593,Female,Stage IIIA,49,1:DECEASED,11.04,1,III,matched
TCGA-50-6593,TCGA-50-6593-01Z-00-DX1.a63e298c-cbe7-44e8-8d8e-34ebb93530ca,3,TCGA-50-6593-01,3,5,1,0,1.577088,0.9843749981729673,0.7494892891499626,42.84046171635166,57.15953828364834,stroma-high,0.5715953828364834,0.5807752490882404,True,15.919132493308192,True,8.436843099115597,True,,False,,,,4,TCGA-50-6593-01,TCGA-50-6593,Female,Stage IIIA,49,1:DECEASED,11.04,1,III,matched
TCGA-50-6593,TCGA-50-6593-01Z-00-DX1.a63e298c-cbe7-44e8-8d8e-34ebb93530ca,4,TCGA-50-6593-01,4,9,1,0,9.943047,0.9776951668520004,0.6588981666223003,39.71902434275937,60.28097565724063,stroma-high,0.6028097565724063,0.5995338873768651,True,20.24551516600738,True,10.324112447722177,True,,False,,,,5,TCGA-50-6593-01,TCGA-50-6593,Female,Stage IIIA,49,1:DECEASED,11.04,1,III,matched
TCGA-50-8457,TCGA-50-8457-01Z-00-DX1.F4B6ECCE-F22B-43FC-9A08-4366A24A67A4,1,TCGA-50-8457-01,1,1,1,0,3.432391875,0.9888888891254517,0.6919322642779286,40.89597904637316,59.10402095362684,stroma-high,0.5910402095362685,0.5784557845540752,True,7.063178382388262,True,8.404836910606793,True,,False,,,,2,TCGA-50-8457-01,TCGA-50-8457,Female,Stage IA,63,0:LIVING,36.96,0,I,matched
TCGA-50-8457,TCGA-50-8457-01Z-00-DX1.F4B6ECCE-F22B-43FC-9A08-4366A24A67A4,2,TCGA-50-8457-01,2,2;5;11;17;18;19,6,6,86.725101375,0.9853415424129734,0.59775581941875,37.4122135656629,62.5877864343371,stroma-high,0.625877864343371,0.6144455187113814,True,9.625135261400969,True,7.809050537489004,True,11.10366237039775,True,439.5775149566827,385.1146272824393,820.8679175876088,3,TCGA-50-8457-01,TCGA-50-8457,Female,Stage IA,63,0:LIVING,36.96,0,I,matched
TCGA-50-8457,TCGA-50-8457-01Z-00-DX1.F4B6ECCE-F22B-43FC-9A08-4366A24A67A4,3,TCGA-50-8457-01,3,3,1,0,1.7670461875,0.8776978422156914,0.6985673641131368,41.12685660117317,58.87314339882682,stroma-high,0.5887314339882682,0.5880057980902311,True,6.864846097042449,True,3.903526920571802,True,,False,,,,4,TCGA-50-8457-01,TCGA-50-8457,Female,Stage IA,63,0:LIVING,36.96,0,I,matched
TCGA-50-8457,TCGA-50-8457-01Z-00-DX1.F4B6ECCE-F22B-43FC-9A08-4366A24A67A4,4,TCGA-50-8457-01,4,4;6,2,1,1.500082375,0.9576271184444722,0.21533531380130505,17.71818125878223,82.28181874121778,stroma-high,0.8228181874121777,0.8234476204692434,True,0.5854479684370225,True,0.02959762648476326,True,0.0,True,252.15522099699623,252.15522099699623,252.15522099699623,5,TCGA-50-8457-01,TCGA-50-8457,Female,Stage IA,63,0:LIVING,36.96,0,I,matched
TCGA-50-8457,TCGA-50-8457-01Z-00-DX1.F4B6ECCE-F22B-43FC-9A08-4366A24A67A4,5,TCGA-50-8457-01,5,7,1,0,1.2839688125,0.9108910868676638,0.3513726420084135,26.001165858012527,73.99883414198746,stroma-high,0.7399883414198746,0.7376530094164178,True,0.13399527344659393,True,1.5023997971910923,True,,False,,,,6,TCGA-50-8457-01,TCGA-50-8457,Female,Stage IA,63,0:LIVING,36.96,0,I,matched
TCGA-50-8457,TCGA-50-8457-01Z-00-DX1.F4B6ECCE-F22B-43FC-9A08-4366A24A67A4,6,TCGA-50-8457-01,6,8,1,0,0.3051015,0.9999999976025717,0.19254105783792233,16.145444768752817,83.85455523124719,stroma-high,0.8385455523124719,0.8382466245564086,True,0.0,True,0.2772541498809566,True,,False,,,,7,TCGA-50-8457-01,TCGA-50-8457,Female,Stage IA,63,0:LIVING,36.96,0,I,matched
TCGA-50-8457,TCGA-50-8457-01Z-00-DX1.F4B6ECCE-F22B-43FC-9A08-4366A24A67A4,7,TCGA-50-8457-01,7,9,1,0,0.432227125,1.0000000000273919,0.22000160249077413,18.032894550434644,81.96710544956535,stroma-high,0.8196710544956536,0.8192167972115163,True,0.006562857065496068,True,0.33604910312203473,True,,False,,,,8,TCGA-50-8457-01,TCGA-50-8457,Female,Stage IA,63,0:LIVING,36.96,0,I,matched
TCGA-50-8457,TCGA-50-8457-01Z-00-DX1.F4B6ECCE-F22B-43FC-9A08-4366A24A67A4,8,TCGA-50-8457-01,8,10,1,0,1.144130625,1.0000000013062162,0.22047516016428084,18.064698681340143,81.93530131865985,stroma-high,0.8193530131865986,0.8195971057202114,True,0.8217752429306628,True,0.5700967326996517,True,,False,,,,9,TCGA-50-8457-01,TCGA-50-8457,Female,Stage IA,63,0:LIVING,36.96,0,I,matched
TCGA-50-8457,TCGA-50-8457-01Z-00-DX1.F4B6ECCE-F22B-43FC-9A08-4366A24A67A4,9,TCGA-50-8457-01,9,12;13;14;15,4,5,47.773809875,0.9765832885688226,0.6330810625072995,38.766052527442724,61.23394747255727,stroma-high,0.6123394747255727,0.604786938645022,True,5.985330793067721,True,5.248574730482111,True,0.8373108242593102,True,399.3277576630776,225.50000000000003,789.2502386105307,10,TCGA-50-8457-01,TCGA-50-8457,Female,Stage IA,63,0:LIVING,36.96,0,I,matched
TCGA-50-8457,TCGA-50-8457-01Z-00-DX1.F4B6ECCE-F22B-43FC-9A08-4366A24A67A4,10,TCGA-50-8457-01,10,16,1,0,0.3432391875,0.9259259241411606,0.29853270346787075,22.99000269077607,77.00999730922393,stroma-high,0.7700999730922393,0.7711416069158724,True,1.0355404957082537,True,0.4538216915189337,True,,False,,,,11,TCGA-50-8457-01,TCGA-50-8457,Female,Stage IA,63,0:LIVING,36.96,0,I,matched
TCGA-50-8457,TCGA-50-8457-01Z-00-DX1.F4B6ECCE-F22B-43FC-9A08-4366A24A67A4,11,TCGA-50-8457-01,11,20,1,0,0.1906884375,0.7999999928520993,0.3069662571820953,23.486930553504468,76.51306944649554,stroma-high,0.7651306944649553,0.7495829051809189,True,5.668821490055288,True,15.428683075125626,True,,False,,,,12,TCGA-50-8457-01,TCGA-50-8457,Female,Stage IA,63,0:LIVING,36.96,0,I,matched
TCGA-55-1595,TCGA-55-1595-01Z-00-DX1.6270c9cf-cd18-4fa5-b313-33350ad55f89,1,TCGA-55-1595-01,1,1;6;14;17,4,4,46.265355,0.9781624498978866,0.7165878574242733,41.74489842305583,58.25510157694418,stroma-high,0.5825510157694418,0.581663886539653,True,2.431710073603349,True,1.3834582383757348,True,0.32666892223535715,True,392.9899902974828,324.24907313546544,675.2197128774642,2,TCGA-55-1595-01,TCGA-55-1595,Female,Stage IA,74,0:LIVING,48.59,0,I,matched
TCGA-55-1595,TCGA-55-1595-01Z-00-DX1.6270c9cf-cd18-4fa5-b313-33350ad55f89,2,TCGA-55-1595-01,2,2;9;10;12;15;16;18;19;20;23;25,11,12,52.758522,0.9733769266529614,0.6752626709134011,40.307868290602364,59.692131709397636,stroma-high,0.5969213170939763,0.5966380374672627,True,2.042379526734761,True,1.0055431108375432,True,0.43325576863767096,True,346.76095746561623,323.49802632842307,894.9498198729622,3,TCGA-55-1595-01,TCGA-55-1595,Female,Stage IA,74,0:LIVING,48.59,0,I,matched
TCGA-55-1595,TCGA-55-1595-01Z-00-DX1.6270c9cf-cd18-4fa5-b313-33350ad55f89,3,TCGA-55-1595-01,3,3;4;5;7;8;11;13,7,10,6.357636,0.9360465111891779,0.3619306528225081,26.574822445800127,73.42517755419988,stroma-high,0.7342517755419987,0.7332794004870741,True,1.0598049286195053,True,1.4106426728443564,True,1.5793870843903233,True,496.26605489839005,351.0491718891826,954.8981934995645,4,TCGA-55-1595-01,TCGA-55-1595,Female,Stage IA,74,0:LIVING,48.59,0,I,matched
TCGA-55-1595,TCGA-55-1595-01Z-00-DX1.6270c9cf-cd18-4fa5-b313-33350ad55f89,4,TCGA-55-1595-01,4,21,1,0,0.554445,0.9777777776378367,0.4760193179519452,32.250209205421996,67.74979079457802,stroma-high,0.6774979079457801,0.6816638488802408,True,27.467500912307337,True,21.10437408228468,True,,False,,,,5,TCGA-55-1595-01,TCGA-55-1595,Female,Stage IA,74,0:LIVING,48.59,0,I,matched
TCGA-55-1595,TCGA-55-1595-01Z-00-DX1.6270c9cf-cd18-4fa5-b313-33350ad55f89,5,TCGA-55-1595-01,5,22,1,0,0.566766,0.9782608656444252,0.5312726883545054,34.694845169961674,65.30515483003832,stroma-high,0.6530515483003833,0.698949834075697,True,36.77029248098981,True,16.561384685760984,True,,False,,,,6,TCGA-55-1595-01,TCGA-55-1595,Female,Stage IA,74,0:LIVING,48.59,0,I,matched
TCGA-55-1595,TCGA-55-1595-01Z-00-DX1.6270c9cf-cd18-4fa5-b313-33350ad55f89,6,TCGA-55-1595-01,6,24,1,0,0.517482,0.90476191018847,0.41745746385419136,29.451145766243158,70.54885423375684,stroma-high,0.7054885423375684,0.739348027372242,True,31.868151145176572,True,12.783520750899388,True,,False,,,,7,TCGA-55-1595-01,TCGA-55-1595,Female,Stage IA,74,0:LIVING,48.59,0,I,matched
TCGA-55-6543,TCGA-55-6543-01Z-00-DX1.08806fe0-84d3-4fd6-8746-6cf557241958,1,TCGA-55-6543-01,1,1;2,2,1,3.055608,0.9637096768786015,0.38671195223574933,27.886970442006113,72.1130295579939,stroma-high,0.7211302955799389,0.7202871982318625,True,0.02097062740877756,True,0.4823221784887567,True,0.0,True,400.2560442293948,400.2560442293948,400.2560442293948,2,TCGA-55-6543-01,TCGA-55-6543,Female,Stage IA,60,0:LIVING,14.29,0,I,matched
TCGA-55-6543,TCGA-55-6543-01Z-00-DX1.08806fe0-84d3-4fd6-8746-6cf557241958,2,TCGA-55-6543-01,2,3;4;6;7;8;9,6,6,4.102893,1.000000001302817,0.19900234683636403,16.597327549978786,83.40267245002121,stroma-high,0.8340267245002122,0.8364306166861671,True,3.740721422508238,True,1.584696739028424,True,6.637505260020239,True,475.6211228348161,290.62105102076765,999.000188511884,3,TCGA-55-6543-01,TCGA-55-6543,Female,Stage IA,60,0:LIVING,14.29,0,I,matched
TCGA-55-6543,TCGA-55-6543-01Z-00-DX1.08806fe0-84d3-4fd6-8746-6cf557241958,3,TCGA-55-6543-01,3,5;12;13,3,2,31.110525,0.9738613859410169,1.1983484646268894,54.511306278746694,45.488693721253284,stroma-low,0.45488693721253287,0.45860362315902686,True,6.315531195955076,True,1.6231407541633114,True,0.7966508184000523,True,166.5004241509685,166.5004241509685,222.00084830193703,4,TCGA-55-6543-01,TCGA-55-6543,Female,Stage IA,60,0:LIVING,14.29,0,I,matched
TCGA-55-6543,TCGA-55-6543-01Z-00-DX1.08806fe0-84d3-4fd6-8746-6cf557241958,4,TCGA-55-6543-01,4,10,1,0,1.872792,0.9671052631326202,0.33701846862513013,25.206717523632243,74.79328247636776,stroma-high,0.7479328247636776,0.7518779026699456,True,6.216333135763025,True,2.488136524409001,True,,False,,,,5,TCGA-55-6543-01,TCGA-55-6543,Female,Stage IA,60,0:LIVING,14.29,0,I,matched
TCGA-55-6543,TCGA-55-6543-01Z-00-DX1.08806fe0-84d3-4fd6-8746-6cf557241958,5,TCGA-55-6543-01,5,11,1,0,0.332667,0.7037037035375694,0.8352583591019976,45.51175887359501,54.48824112640499,stroma-high,0.5448824112640499,0.5443384653435108,True,0.2628875564137175,True,0.3671647196367265,True,,False,,,,6,TCGA-55-6543-01,TCGA-55-6543,Female,Stage IA,60,0:LIVING,14.29,0,I,matched
TCGA-55-6543,TCGA-55-6543-01Z-00-DX1.08806fe0-84d3-4fd6-8746-6cf557241958,6,TCGA-55-6543-01,6,14,1,0,0.147852,0.9999999980791472,2.753732007755242,73.35984567001609,26.640154329983908,stroma-low,0.26640154329983906,0.2627090372297657,True,0.0,True,2.041024011942153,True,,False,,,,7,TCGA-55-6543-01,TCGA-55-6543,Female,Stage IA,60,0:LIVING,14.29,0,I,matched
TCGA-55-6543,TCGA-55-6543-01Z-00-DX1.08806fe0-84d3-4fd6-8746-6cf557241958,7,TCGA-55-6543-01,7,15;16;18;19;20;21;22;23,8,11,11.840481,1.000000000866505,0.8700869817943279,46.52655145267569,53.47344854732431,stroma-high,0.5347344854732431,0.5458615435081443,True,9.404704696000675,True,3.2309090012838526,True,14.46956588474713,True,447.6300402421253,333.0,888.0,8,TCGA-55-6543-01,TCGA-55-6543,Female,Stage IA,60,0:LIVING,14.29,0,I,matched
TCGA-55-6543,TCGA-55-6543-01Z-00-DX1.08806fe0-84d3-4fd6-8746-6cf557241958,8,TCGA-55-6543-01,8,17,1,0,0.234099,1.0000000038380676,0.9501769160553334,48.72260092060148,51.27739907939852,stroma-high,0.5127739907939852,0.5309164541343806,True,9.125074545439462,True,0.349901718168263,True,,False,,,,9,TCGA-55-6543-01,TCGA-55-6543,Female,Stage IA,60,0:LIVING,14.29,0,I,matched
TCGA-55-6981,TCGA-55-6981-01Z-00-DX1.5fecd134-42a0-40a2-be75-1e8bd14c5b30,1,TCGA-55-6981-01,1,1;2;3;4;5;6;7;8;9;10;11;12;13;14;15;16;17;18;19;20;21;22,22,30,30.67929,0.9767068269916416,0.3138785683080968,23.889465577651016,76.11053442234898,stroma-high,0.7611053442234897,0.7606243091265557,True,0.6536858190677217,True,0.7710481921956074,True,0.1385579053321057,True,482.90250714711,457.48687904013076,915.3642991905297,2,TCGA-55-6981-01,TCGA-55-6981,Female,Stage IIIA,53,1:DECEASED,45.3,1,III,matched
TCGA-55-6982,TCGA-55-6982-01Z-00-DX1.055aeec1-2fc1-4796-b5df-c159335e0300,1,TCGA-55-6982-01,1,1;2;3;4;5;6;7,7,6,16.251399,0.9757391959087315,0.3972950134727231,28.433151885750917,71.56684811424908,stroma-high,0.7156684811424908,0.714167207957085,True,0.7056120284489813,True,1.2112365663402698,True,0.0,True,301.70212684676306,281.1190773491903,470.97375808026095,2,TCGA-55-6982-01,TCGA-55-6982,Female,Stage IIB,79,1:DECEASED,32.69,1,II,matched
TCGA-55-6982,TCGA-55-6982-01Z-00-DX1.055aeec1-2fc1-4796-b5df-c159335e0300,2,TCGA-55-6982-01,2,8,1,0,5.975685,0.975257732005929,0.32211944454121777,24.36386862557603,75.63613137442398,stroma-high,0.7563613137442398,0.7561740614930341,True,0.26267810902221767,True,0.3137624662226572,True,,False,,,,3,TCGA-55-6982-01,TCGA-55-6982,Female,Stage IIB,79,1:DECEASED,32.69,1,II,matched
TCGA-55-6982,TCGA-55-6982-01Z-00-DX1.055aeec1-2fc1-4796-b5df-c159335e0300,3,TCGA-55-6982-01,3,9;10;11;12,4,4,2.180817,0.9604519785659716,0.18042634525098453,15.284845681127349,84.71515431887265,stroma-high,0.8471515431887265,0.8426360833086964,True,0.7202731524355206,True,5.445874136554753,True,0.3578946542385197,True,523.615958682563,514.1037538665332,666.0002827677926,4,TCGA-55-6982-01,TCGA-55-6982,Female,Stage IIB,79,1:DECEASED,32.69,1,II,matched
TCGA-55-6982,TCGA-55-6982-01Z-00-DX1.055aeec1-2fc1-4796-b5df-c159335e0300,4,TCGA-55-6982-01,4,13,1,0,0.529803,0.9767441863558245,0.20958546588482488,17.327048959827806,82.6729510401722,stroma-high,0.8267295104017219,0.7999502239730277,True,2.413769295281366,True,21.29322845380901,True,,False,,,,5,TCGA-55-6982-01,TCGA-55-6982,Female,Stage IIB,79,1:DECEASED,32.69,1,II,matched
TCGA-55-6984,TCGA-55-6984-01Z-00-DX1.d53e387a-9618-4486-98f3-a75604f25a7d,1,TCGA-55-6984-01,1,1,1,0,1.047285,1.0000000014102945,0.5414971956941292,35.12800394361376,64.87199605638624,stroma-high,0.6487199605638624,0.6715737251880685,True,23.18114523837072,True,9.060166319180322,True,,False,,,,2,TCGA-55-6984-01,TCGA-55-6984,Female,Stage IIB,71,1:DECEASED,24.97,1,II,matched
TCGA-55-6984,TCGA-55-6984-01Z-00-DX1.d53e387a-9618-4486-98f3-a75604f25a7d,2,TCGA-55-6984-01,2,2;3;4,3,2,1.564767,0.889763777547983,0.3466749317066654,25.743030002594463,74.25696999740553,stroma-high,0.7425696999740553,0.751690154968937,True,7.113249527988436,True,1.2646261082523849,True,5.397456155047717,True,648.4589415719479,648.4589415719479,800.472235766217,3,TCGA-55-6984-01,TCGA-55-6984,Female,Stage IIB,71,1:DECEASED,24.97,1,II,matched
TCGA-55-6984,TCGA-55-6984-01Z-00-DX1.d53e387a-9618-4486-98f3-a75604f25a7d,3,TCGA-55-6984-01,3,5,1,0,0.566766,0.9782608674140647,0.3785773301502853,27.46145042940861,72.5385495705914,stroma-high,0.7253854957059139,0.7365345970811961,True,9.649326423699774,True,2.069340377984362,True,,False,,,,4,TCGA-55-6984-01,TCGA-55-6984,Female,Stage IIB,71,1:DECEASED,24.97,1,II,matched
TCGA-55-6984,TCGA-55-6984-01Z-00-DX1.d53e387a-9618-4486-98f3-a75604f25a7d,4,TCGA-55-6984-01,4,6;7;8;10;11;13;14;15;18;23;24;25;28;29,14,15,10.71927,0.9528735635254488,0.5861871449629502,36.95573670637977,63.04426329362024,stroma-high,0.6304426329362024,0.6454270478975722,True,9.532139130878376,True,1.467954077277004,True,8.46243867557226,True,543.2563525787733,496.4456473776787,999.0,5,TCGA-55-6984-01,TCGA-55-6984,Female,Stage IIB,71,1:DECEASED,24.97,1,II,matched
TCGA-55-6984,TCGA-55-6984-01Z-00-DX1.d53e387a-9618-4486-98f3-a75604f25a7d,5,TCGA-55-6984-01,5,9;12;16;19;27;31;33;35,8,7,61.284654,0.9340570969870201,1.1278453316038288,53.00410301691119,46.99589698308882,stroma-low,0.4699589698308882,0.4635121367684422,True,20.559309349688302,True,11.031929366820718,True,3.5708451027764467,True,463.74623627036533,555.0402333690089,800.4722357662179,6,TCGA-55-6984-01,TCGA-55-6984,Female,Stage IIB,71,1:DECEASED,24.97,1,II,matched
TCGA-55-6984,TCGA-55-6984-01Z-00-DX1.d53e387a-9618-4486-98f3-a75604f25a7d,6,TCGA-55-6984-01,6,17;20,2,1,0.714618,0.9999999993655491,0.2583365791530915,20.53000631412637,79.46999368587363,stroma-high,0.7946999368587363,0.8126228680069831,True,14.86312922529503,True,2.4422998954435946,True,1.5528235026322295,True,400.2560442293949,400.2560442293949,400.2560442293949,7,TCGA-55-6984-01,TCGA-55-6984,Female,Stage IIB,71,1:DECEASED,24.97,1,II,matched
TCGA-55-6984,TCGA-55-6984-01Z-00-DX1.d53e387a-9618-4486-98f3-a75604f25a7d,7,TCGA-55-6984-01,7,21,1,0,0.394272,0.9999999993268602,0.3554506011669174,26.22379604693136,73.77620395306865,stroma-high,0.7377620395306864,0.754078618958302,True,14.393492847448996,True,5.2387395606970175,True,,False,,,,8,TCGA-55-6984-01,TCGA-55-6984,Female,Stage IIB,71,1:DECEASED,24.97,1,II,matched
TCGA-55-6984,TCGA-55-6984-01Z-00-DX1.d53e387a-9618-4486-98f3-a75604f25a7d,8,TCGA-55-6984-01,8,22,1,0,0.381951,1.0000000016234185,0.5742452496660833,36.477496107286186,63.522503892713814,stroma-high,0.6352250389271381,0.6700453845381558,True,17.44464800018799,True,0.6343894167320037,True,,False,,,,9,TCGA-55-6984-01,TCGA-55-6984,Female,Stage IIB,71,1:DECEASED,24.97,1,II,matched
TCGA-55-6984,TCGA-55-6984-01Z-00-DX1.d53e387a-9618-4486-98f3-a75604f25a7d,9,TCGA-55-6984-01,9,26;30,2,1,0.998001,0.9876543217190228,0.2933441259120244,22.68105758049256,77.31894241950744,stroma-high,0.7731894241950744,0.781921302990081,True,10.601450597665691,True,4.99167281083293,True,7.262627138609101,True,457.69957498577855,457.69957498577855,457.69957498577855,10,TCGA-55-6984-01,TCGA-55-6984,Female,Stage IIB,71,1:DECEASED,24.97,1,II,matched
TCGA-55-6984,TCGA-55-6984-01Z-00-DX1.d53e387a-9618-4486-98f3-a75604f25a7d,10,TCGA-55-6984-01,10,32;34;36,3,2,6.641019,0.8868274575971876,0.8204360096943472,45.068104856489796,54.931895143510204,stroma-high,0.549318951435102,0.5532994423094206,True,5.648885065520834,True,2.440688320446518,True,1.6165062299056343,True,338.51249124386794,338.51249124386794,566.0249824877359,11,TCGA-55-6984-01,TCGA-55-6984,Female,Stage IIB,71,1:DECEASED,24.97,1,II,matched
TCGA-55-6984,TCGA-55-6984-01Z-00-DX1.d53e387a-9618-4486-98f3-a75604f25a7d,11,TCGA-55-6984-01,11,37;38,2,1,0.61605,0.7599999997504346,0.216610551551256,17.804428152876344,82.19557184712366,stroma-high,0.8219557184712366,0.8125822208306503,True,0.7355156782060771,True,7.513660930508735,True,0.0,True,470.9737580802584,470.9737580802584,470.9737580802584,12,TCGA-55-6984-01,TCGA-55-6984,Female,Stage IIB,71,1:DECEASED,24.97,1,II,matched
TCGA-55-6985,TCGA-55-6985-01Z-00-DX1.428ad69e-c0ea-445e-8d38-fa2dab6eb81f,1,TCGA-55-6985-01,1,1;2;3;4;5;6;7;8;9;10;11;12;13;14;15;16;17;18;19;20,20,30,19.393254,0.9993646762974704,0.279008204187822,21.814418646750898,78.1855813532491,stroma-high,0.781855813532491,0.7804831545161429,True,11.297096164316812,True,9.984823179449984,True,2.232826304314857,True,428.02216194018655,422.1282341904854,948.4214148207803,2,TCGA-55-6985-01,TCGA-55-6985,Female,Stage IB,58,0:LIVING,40.51,0,I,matched
TCGA-55-6986,TCGA-55-6986-01Z-00-DX1.ae52d41e-3cd6-4d36-b04b-2ea7d29bd8da,1,TCGA-55-6986-01,1,1;3;4;8;9;11;12;13,8,10,52.598349,0.955258843041288,0.8479276120843212,45.88532616426049,54.1146738357395,stroma-high,0.541146738357395,0.5341420315343623,True,15.594606707192812,True,8.818575103682045,True,10.039154104606283,True,467.66796216579314,366.6283048823097,808.1277252851114,2,TCGA-55-6986-01,TCGA-55-6986,Female,Stage IB,74,0:LIVING,107.13,0,I,matched
TCGA-55-6986,TCGA-55-6986-01Z-00-DX1.ae52d41e-3cd6-4d36-b04b-2ea7d29bd8da,2,TCGA-55-6986-01,2,2,1,0,0.406593,1.000000001727268,0.32647448457054046,24.612194834357474,75.38780516564253,stroma-high,0.7538780516564253,0.760993543377857,True,21.118178453047868,True,14.7541188206509,True,,False,,,,3,TCGA-55-6986-01,TCGA-55-6986,Female,Stage IB,74,0:LIVING,107.13,0,I,matched
TCGA-55-6986,TCGA-55-6986-01Z-00-DX1.ae52d41e-3cd6-4d36-b04b-2ea7d29bd8da,3,TCGA-55-6986-01,3,5,1,0,0.308025,0.9199999921955169,0.753352802538929,42.96641277488719,57.03358722511281,stroma-high,0.5703358722511281,0.6213832133170932,True,30.623178322271656,True,11.020464974580452,True,,False,,,,4,TCGA-55-6986-01,TCGA-55-6986,Female,Stage IB,74,0:LIVING,107.13,0,I,matched
TCGA-55-6986,TCGA-55-6986-01Z-00-DX1.ae52d41e-3cd6-4d36-b04b-2ea7d29bd8da,4,TCGA-55-6986-01,4,6;7;10,3,2,1.774224,0.9027777765416735,0.4895663262663971,32.866366380173,67.13363361982701,stroma-high,0.67133633619827,0.6730154982379193,True,18.090791893050813,True,13.999163182179519,True,2.98686979210005,True,388.5001696606597,388.5001696606597,555.0003393213194,5,TCGA-55-6986-01,TCGA-55-6986,Female,Stage IB,74,0:LIVING,107.13,0,I,matched
TCGA-55-7281,TCGA-55-7281-01Z-00-DX1.a92dafa4-3a65-4f5c-97f0-83aff231274a,1,TCGA-55-7281-01,1,1,1,0,0.221778,0.8333333302151813,0.2676331495006157,21.112823501503552,78.88717649849643,stroma-high,0.7888717649849644,0.780959865267052,True,0.43116173959881116,True,5.465199991411196,True,,False,,,,2,TCGA-55-7281-01,TCGA-55-7281,Female,Stage IA,70,0:LIVING,28.65,0,I,matched
TCGA-55-7281,TCGA-55-7281-01Z-00-DX1.a92dafa4-3a65-4f5c-97f0-83aff231274a,2,TCGA-55-7281-01,2,2;3,2,1,18.469179,0.9392928620819438,1.3049702965228775,56.6154929845069,43.38450701549311,stroma-low,0.43384507015493107,0.4168163534259621,True,16.48324177640593,True,12.581470048430393,True,23.95083282816989,True,647.2750887500674,647.2750887500674,647.2750887500674,3,TCGA-55-7281-01,TCGA-55-7281,Female,Stage IA,70,0:LIVING,28.65,0,I,matched
TCGA-55-7283,TCGA-55-7283-01Z-00-DX1.0f716216-0a46-404e-a4d4-5bb6d7e3f0d1,1,TCGA-55-7283-01,1,1,1,0,0.332667,0.9999999976716936,0.2613426717664694,20.719403031094437,79.28059696890557,stroma-high,0.7928059696890557,0.8020940405131707,True,18.977117852836518,True,12.950329182673043,True,,False,,,,2,TCGA-55-7283-01,TCGA-55-7283,Female,Stage IIIA,76,0:LIVING,20.01,0,III,matched
TCGA-55-7283,TCGA-55-7283-01Z-00-DX1.0f716216-0a46-404e-a4d4-5bb6d7e3f0d1,2,TCGA-55-7283-01,2,2,1,0,11.520135,0.924064172166974,0.8975957691752158,47.301737480441,52.698262519558995,stroma-high,0.5269826251955899,0.5243177462959167,True,8.047181536915403,True,3.5337577720006577,True,,False,,,,3,TCGA-55-7283-01,TCGA-55-7283,Female,Stage IIIA,76,0:LIVING,20.01,0,III,matched
TCGA-55-7573,TCGA-55-7573-01Z-00-DX1.43a4bbd2-6a3b-4910-9356-2d750a736817,1,TCGA-55-7573-01,1,1;2,2,1,31.011957,0.9586809688429934,0.9364338019755221,48.35867877436273,51.64132122563726,stroma-high,0.5164132122563726,0.5059139512575078,True,16.88581000085173,True,8.301696168353603,True,4.830427493009221,True,800.4722357662189,800.4722357662189,800.4722357662189,2,TCGA-55-7573-01,TCGA-55-7573,Female,Stage IA,72,0:LIVING,16,0,I,matched
TCGA-55-7574,TCGA-55-7574-01Z-00-DX1.09639e6a-d85f-4d84-abbc-0f5a6d679683,1,TCGA-55-7574-01,1,1;2;3;5;6;7;9;10;11;12;13;14;15;16;17,15,18,27.672966,0.9795191456269208,0.5245139518988273,34.405323168445236,65.59467683155476,stroma-high,0.6559467683155477,0.6507843579107261,True,4.2334473759334506,True,4.7382081319486575,True,0.8583617937509909,True,528.3986716949362,450.8497874928894,999.000188511884,2,TCGA-55-7574-01,TCGA-55-7574,Female,Stage IB,64,1:DECEASED,32.69,1,I,matched
TCGA-55-7574,TCGA-55-7574-01Z-00-DX1.09639e6a-d85f-4d84-abbc-0f5a6d679683,2,TCGA-55-7574-01,2,4,1,0,0.258741,0.7619047623815104,0.29984624159227763,23.06782387007357,76.93217612992643,stroma-high,0.7693217612992643,0.7459915723860051,True,18.6959362594057,True,33.15154719633048,True,,False,,,,3,TCGA-55-7574-01,TCGA-55-7574,Female,Stage IB,64,1:DECEASED,32.69,1,I,matched
TCGA-55-7574,TCGA-55-7574-01Z-00-DX1.09639e6a-d85f-4d84-abbc-0f5a6d679683,3,TCGA-55-7574-01,3,8,1,0,0.209457,1.0000000044944017,0.5053152234420133,33.56873135758058,66.43126864241941,stroma-high,0.6643126864241942,0.7042657996298229,True,32.912569319085726,True,0.041318672285379,True,,False,,,,4,TCGA-55-7574-01,TCGA-55-7574,Female,Stage IB,64,1:DECEASED,32.69,1,I,matched
TCGA-55-7725,TCGA-55-7725-01Z-00-DX1.4d678777-63b1-4f4a-932a-7fccabf504c7,1,TCGA-55-7725-01,1,1,1,0,0.529803,0.7209302351781611,10.140526715605926,91.02376372744409,8.976236272555903,stroma-low,0.08976236272555903,0.11890125120554906,True,99.62490581256661,True,4.489713394723197,True,,False,,,,2,TCGA-55-7725-01,TCGA-55-7725,Female,Stage IA,68,0:LIVING,14.52,0,I,matched
TCGA-55-7725,TCGA-55-7725-01Z-00-DX1.4d678777-63b1-4f4a-932a-7fccabf504c7,2,TCGA-55-7725-01,2,2;3;4;5;6,5,5,18.247401,0.9547602967007746,1.5516835963182196,60.8101881658493,39.1898118341507,stroma-low,0.39189811834150706,0.3951931987852868,True,32.17586255202062,True,15.142605679020328,True,22.018171838665666,True,188.09684081661447,221.99999999999997,248.24210204153616,3,TCGA-55-7725-01,TCGA-55-7725,Female,Stage IA,68,0:LIVING,14.52,0,I,matched
TCGA-55-7728,TCGA-55-7728-01Z-00-DX1.1d47a5fe-cab5-4d5a-a62b-16f345334d25,1,TCGA-55-7728-01,1,1,1,0,22.990986,0.9844587349720537,1.8752915976103521,65.22091878155601,34.779081218443984,stroma-low,0.34779081218443986,0.37180882305375906,True,38.73512292348632,True,5.389414250077662,True,,False,,,,2,TCGA-55-7728-01,TCGA-55-7728,Female,Stage IB,64,0:LIVING,23.13,0,I,matched
TCGA-55-7816,TCGA-55-7816-01Z-00-DX1.A58C6196-E1A0-48B3-9B77-2EDCD7A43CBA,1,TCGA-55-7816-01,1,1;2;3,3,3,2.513484,0.9558823510352233,0.18122323124918452,15.34199687704539,84.65800312295461,stroma-high,0.8465800312295461,0.8567707222763747,True,12.567874298930825,True,3.3419588877842203,True,19.95129755911384,True,663.9509127664854,888.0,992.8527382994562,2,TCGA-55-7816-01,TCGA-55-7816,Female,Stage IV,49,1:DECEASED,15.37,1,IV,matched
TCGA-55-7816,TCGA-55-7816-01Z-00-DX1.A58C6196-E1A0-48B3-9B77-2EDCD7A43CBA,2,TCGA-55-7816-01,2,4;5,2,1,1.983681,0.9627329208894102,0.18196366751662865,15.395030534140226,84.60496946585977,stroma-high,0.8460496946585977,0.8583231304727846,True,12.205602060859972,True,0.17751663323758277,True,20.751317591010825,True,784.921040943867,784.921040943867,784.921040943867,3,TCGA-55-7816-01,TCGA-55-7816,Female,Stage IV,49,1:DECEASED,15.37,1,IV,matched
TCGA-55-7816,TCGA-55-7816-01Z-00-DX1.A58C6196-E1A0-48B3-9B77-2EDCD7A43CBA,3,TCGA-55-7816-01,3,6,1,0,0.258741,0.9999999951105565,0.1783974034766111,15.138984772903221,84.86101522709679,stroma-high,0.8486101522709678,0.8486101522709678,True,0.0,True,0.0,True,,False,,,,4,TCGA-55-7816-01,TCGA-55-7816,Female,Stage IV,49,1:DECEASED,15.37,1,IV,matched
TCGA-55-7816,TCGA-55-7816-01Z-00-DX1.A58C6196-E1A0-48B3-9B77-2EDCD7A43CBA,4,TCGA-55-7816-01,4,7,1,0,0.234099,0.9999999973622739,0.15392477552775186,13.339238292838784,86.66076170716121,stroma-high,0.8666076170716122,0.8665960838960651,True,0.0,True,0.013933175829916324,True,,False,,,,5,TCGA-55-7816-01,TCGA-55-7816,Female,Stage IV,49,1:DECEASED,15.37,1,IV,matched
TCGA-55-7816,TCGA-55-7816-01Z-00-DX1.A58C6196-E1A0-48B3-9B77-2EDCD7A43CBA,5,TCGA-55-7816-01,5,8,1,0,0.308025,1.0000000012060628,0.13172059125176264,11.638967450973956,88.36103254902604,stroma-high,0.8836103254902604,0.8823285087065892,True,0.07801171452121337,True,2.4067595982017425,True,,False,,,,6,TCGA-55-7816-01,TCGA-55-7816,Female,Stage IV,49,1:DECEASED,15.37,1,IV,matched
TCGA-55-7816,TCGA-55-7816-01Z-00-DX1.A58C6196-E1A0-48B3-9B77-2EDCD7A43CBA,6,TCGA-55-7816-01,6,9,1,0,0.603729,0.9591836733994495,0.18368406527088377,15.517997636375044,84.48200236362496,stroma-high,0.8448200236362496,0.8448229781357003,True,0.008063620371877628,True,0.005232373073430397,True,,False,,,,7,TCGA-55-7816-01,TCGA-55-7816,Female,Stage IV,49,1:DECEASED,15.37,1,IV,matched
TCGA-55-7816,TCGA-55-7816-01Z-00-DX1.A58C6196-E1A0-48B3-9B77-2EDCD7A43CBA,7,TCGA-55-7816-01,7,10;11;12;13;14;15;21;24;27;28;30;48;49;51;56,15,18,21.339972,0.9711316394901707,0.41082767597922104,29.119621267287343,70.88037873271266,stroma-high,0.7088037873271266,0.7093912326698928,True,6.021851927519791,True,3.5713986161006654,True,2.976334821466081,True,427.20157979886017,342.024585944591,999.0,8,TCGA-55-7816-01,TCGA-55-7816,Female,Stage IV,49,1:DECEASED,15.37,1,IV,matched
TCGA-55-7816,TCGA-55-7816-01Z-00-DX1.A58C6196-E1A0-48B3-9B77-2EDCD7A43CBA,8,TCGA-55-7816-01,8,16;17;18;20;26;29;34;37;39;40;42;44;46;47;55,15,20,25.097877,0.9695630831449202,0.35462489878917886,26.178826264463144,73.82117373553686,stroma-high,0.7382117373553686,0.7368750141614142,True,5.384037404130202,True,4.409173682515691,True,2.007637061689897,True,450.3985257595432,444.0004524282722,998.9999999999999,9,TCGA-55-7816-01,TCGA-55-7816,Female,Stage IV,49,1:DECEASED,15.37,1,IV,matched
TCGA-55-7816,TCGA-55-7816-01Z-00-DX1.A58C6196-E1A0-48B3-9B77-2EDCD7A43CBA,9,TCGA-55-7816-01,9,19;35,2,1,2.612052,0.9952830181986735,0.24961738033640413,19.975504843667085,80.02449515633292,stroma-high,0.8002449515633292,0.8002130190714967,True,3.5563962886570746,True,3.510545256466417,True,0.0,True,457.6995749857788,457.6995749857788,457.6995749857788,10,TCGA-55-7816-01,TCGA-55-7816,Female,Stage IV,49,1:DECEASED,15.37,1,IV,matched
TCGA-55-7816,TCGA-55-7816-01Z-00-DX1.A58C6196-E1A0-48B3-9B77-2EDCD7A43CBA,10,TCGA-55-7816-01,10,22,1,0,0.283383,0.9999999948027518,0.10592718806702393,9.578134004659653,90.42186599534034,stroma-high,0.9042186599534034,0.9043232356041789,True,0.14637102428574766,True,0.0,True,,False,,,,11,TCGA-55-7816-01,TCGA-55-7816,Female,Stage IV,49,1:DECEASED,15.37,1,IV,matched
TCGA-55-7816,TCGA-55-7816-01Z-00-DX1.A58C6196-E1A0-48B3-9B77-2EDCD7A43CBA,11,TCGA-55-7816-01,11,23;31;32;33;36;38;41;43;45,9,15,3.94272,0.9968750012178133,0.1650296465155018,14.16527442104933,85.83472557895068,stroma-high,0.8583472557895068,0.8581068768863805,True,1.2580495548446895,True,1.7562613573122152,True,0.751406546825617,True,443.1457131992705,470.9737580802584,948.4214148207778,12,TCGA-55-7816-01,TCGA-55-7816,Female,Stage IV,49,1:DECEASED,15.37,1,IV,matched
TCGA-55-7816,TCGA-55-7816-01Z-00-DX1.A58C6196-E1A0-48B3-9B77-2EDCD7A43CBA,12,TCGA-55-7816-01,12,25,1,0,0.726939,0.8813559353585657,0.22682734255460557,18.488937659498696,81.51106234050131,stroma-high,0.8151106234050131,0.815106441370779,True,4.081529130694703,True,3.790476627062747,True,,False,,,,13,TCGA-55-7816-01,TCGA-55-7816,Female,Stage IV,49,1:DECEASED,15.37,1,IV,matched
TCGA-55-7816,TCGA-55-7816-01Z-00-DX1.A58C6196-E1A0-48B3-9B77-2EDCD7A43CBA,13,TCGA-55-7816-01,13,50;53;54;60;61,5,5,7.984008,0.9475308638173928,0.28904463180818957,22.423167101881976,77.57683289811803,stroma-high,0.7757683289811803,0.771151497678335,True,1.6267185432309241,True,4.164211178451096,True,0.0,True,259.629214503708,111.0,808.1277252851087,14,TCGA-55-7816-01,TCGA-55-7816,Female,Stage IV,49,1:DECEASED,15.37,1,IV,matched
TCGA-55-7816,TCGA-55-7816-01Z-00-DX1.A58C6196-E1A0-48B3-9B77-2EDCD7A43CBA,14,TCGA-55-7816-01,14,52,1,0,0.529803,0.9767441856640586,0.17595564264344118,14.962778889168721,85.03722111083128,stroma-high,0.8503722111083128,0.8519305729850688,True,4.304458661138742,True,3.0839724676898395,True,,False,,,,15,TCGA-55-7816-01,TCGA-55-7816,Female,Stage IV,49,1:DECEASED,15.37,1,IV,matched
TCGA-55-7816,TCGA-55-7816-01Z-00-DX1.A58C6196-E1A0-48B3-9B77-2EDCD7A43CBA,15,TCGA-55-7816-01,15,57;58;59;63;64,5,5,6.998328,0.92957746503004,0.28415305912435246,22.127662828456973,77.87233717154302,stroma-high,0.7787233717154303,0.7780369521619629,True,2.0267859513870268,True,1.8854273271494064,True,0.4332136672103864,True,249.5947516160527,222.0,470.9737580802635,16,TCGA-55-7816-01,TCGA-55-7816,Female,Stage IV,49,1:DECEASED,15.37,1,IV,matched
TCGA-55-7816,TCGA-55-7816-01Z-00-DX1.A58C6196-E1A0-48B3-9B77-2EDCD7A43CBA,16,TCGA-55-7816-01,16,62,1,0,0.332667,1.000000000686635,0.17990199363550366,15.247198038982138,84.75280196101787,stroma-high,0.8475280196101787,0.8338854001602808,True,1.0331880798053554,True,12.352752752411623,True,,False,,,,17,TCGA-55-7816-01,TCGA-55-7816,Female,Stage IV,49,1:DECEASED,15.37,1,IV,matched
TCGA-55-7910,TCGA-55-7910-01Z-00-DX1.041e15d5-4852-49f6-85d9-74b510497651,1,TCGA-55-7910-01,1,1;3;4;5;6;7;8;9;10;11;13;14;15;16;17;18;19;21;22;23;24;25;26;27;28;29;31,27,46,184.161987,0.9898307350724503,1.6085868320801666,61.665067549138485,38.33493245086151,stroma-low,0.3833493245086151,0.38720656263646686,True,10.430334493557972,True,2.6436643278656904,True,0.7925437831548615,True,483.4246448161292,444.0004241515763,999.000188511884,2,TCGA-55-7910-01,TCGA-55-7910,Female,Stage IIA,50,0:LIVING,34.17,0,II,matched
TCGA-55-7910,TCGA-55-7910-01Z-00-DX1.041e15d5-4852-49f6-85d9-74b510497651,2,TCGA-55-7910-01,2,2,1,0,2.045286,1.0000000003186738,0.864860363491757,46.37668215932243,53.62331784067757,stroma-high,0.5362331784067758,0.5360389450923315,True,0.5133672529857816,True,0.4080217779359625,True,,False,,,,3,TCGA-55-7910-01,TCGA-55-7910,Female,Stage IIA,50,0:LIVING,34.17,0,II,matched
TCGA-55-7910,TCGA-55-7910-01Z-00-DX1.041e15d5-4852-49f6-85d9-74b510497651,3,TCGA-55-7910-01,3,12,1,0,2.21778,0.8666666664551183,0.8034652207464659,44.5511902033745,55.4488097966255,stroma-high,0.554488097966255,0.553379766168063,True,0.025639807870512746,True,0.47622798033924624,True,,False,,,,4,TCGA-55-7910-01,TCGA-55-7910,Female,Stage IIA,50,0:LIVING,34.17,0,II,matched
TCGA-55-7910,TCGA-55-7910-01Z-00-DX1.041e15d5-4852-49f6-85d9-74b510497651,4,TCGA-55-7910-01,4,20,1,0,0.36963,0.7333333355025389,0.5482735436073262,35.411930008821464,64.58806999117854,stroma-high,0.6458806999117854,0.6254529449491677,True,4.7517543629670564,True,12.264155663299578,True,,False,,,,5,TCGA-55-7910-01,TCGA-55-7910,Female,Stage IIA,50,0:LIVING,34.17,0,II,matched
TCGA-55-7910,TCGA-55-7910-01Z-00-DX1.041e15d5-4852-49f6-85d9-74b510497651,5,TCGA-55-7910-01,5,30,1,0,0.628371,1.000000001524099,0.671964964493726,40.190134288920234,59.80986571107976,stroma-high,0.5980986571107976,0.6208021043047411,True,14.010445826948391,True,0.35909886945362207,True,,False,,,,6,TCGA-55-7910-01,TCGA-55-7910,Female,Stage IIA,50,0:LIVING,34.17,0,II,matched
TCGA-55-7910,TCGA-55-7910-01Z-00-DX1.041e15d5-4852-49f6-85d9-74b510497651,6,TCGA-55-7910-01,6,32,1,0,0.320346,0.999999992310992,2.1383372084319,68.1359926105691,31.864007389430892,stroma-low,0.31864007389430893,0.3239825461278058,True,5.778280904152293,True,0.9448590909694119,True,,False,,,,7,TCGA-55-7910-01,TCGA-55-7910,Female,Stage IIA,50,0:LIVING,34.17,0,II,matched
TCGA-55-7910,TCGA-55-7910-01Z-00-DX1.041e15d5-4852-49f6-85d9-74b510497651,7,TCGA-55-7910-01,7,33;35,2,1,0.554445,0.9999999986298562,0.21827572378809007,17.916775285432635,82.08322471456736,stroma-high,0.8208322471456736,0.8220370251981577,True,6.682845886214957,True,4.934163925409748,True,31.272528343582206,True,222.0,222.0,222.0,8,TCGA-55-7910-01,TCGA-55-7910,Female,Stage IIA,50,0:LIVING,34.17,0,II,matched
TCGA-55-7910,TCGA-55-7910-01Z-00-DX1.041e15d5-4852-49f6-85d9-74b510497651,8,TCGA-55-7910-01,8,34,1,0,0.209457,1.0000000016572064,3.7563232494727137,78.9753566452646,21.024643354735403,stroma-low,0.21024643354735403,0.21080856948749965,True,21.925122309544093,False,0.0,True,,False,,,,9,TCGA-55-7910-01,TCGA-55-7910,Female,Stage IIA,50,0:LIVING,34.17,0,II,matched
TCGA-55-7910,TCGA-55-7910-01Z-00-DX1.041e15d5-4852-49f6-85d9-74b510497651,9,TCGA-55-7910-01,9,36,1,0,0.147852,1.000000004035731,25.058786850237865,96.16252281525196,3.837477184748038,stroma-low,0.03837477184748038,0.03837477184748038,True,,False,0.0,True,,False,,,,10,TCGA-55-7910-01,TCGA-55-7910,Female,Stage IIA,50,0:LIVING,34.17,0,II,matched
TCGA-55-7910,TCGA-55-7910-01Z-00-DX1.041e15d5-4852-49f6-85d9-74b510497651,10,TCGA-55-7910-01,10,37,1,0,1.651014,0.8059701473480818,1.5895282890756952,61.382928148781126,38.617071851218874,stroma-low,0.38617071851218876,0.41588919304437894,True,20.863276922018084,True,9.040818324511111,True,,False,,,,11,TCGA-55-7910-01,TCGA-55-7910,Female,Stage IIA,50,0:LIVING,34.17,0,II,matched
TCGA-55-7911,TCGA-55-7911-01Z-00-DX1.081bc002-06ee-4218-a25f-26c0e6c4b333,1,TCGA-55-7911-01,1,1,1,0,4.718943,0.95561357818892,1.663492002876376,62.45530307881258,37.54469692118742,stroma-low,0.3754469692118742,0.4374318750067413,True,57.56387284442022,True,27.99739707697991,True,,False,,,,2,TCGA-55-7911-01,TCGA-55-7911,Female,Stage IA,70,0:LIVING,17.64,0,I,matched
TCGA-55-7911,TCGA-55-7911-01Z-00-DX1.081bc002-06ee-4218-a25f-26c0e6c4b333,2,TCGA-55-7911-01,2,2;3;6;7,4,3,3.030966,0.9918699188326163,0.5567907591910859,35.76529189320191,64.2347081067981,stroma-high,0.642347081067981,0.6577522387680393,True,52.305861655017374,True,42.98101256122639,True,67.16371896089971,True,492.63430900244975,313.9960526568477,941.9068743505015,3,TCGA-55-7911-01,TCGA-55-7911,Female,Stage IA,70,0:LIVING,17.64,0,I,matched
TCGA-55-7911,TCGA-55-7911-01Z-00-DX1.081bc002-06ee-4218-a25f-26c0e6c4b333,3,TCGA-55-7911-01,3,4;8;9;11;12;13,6,6,16.374609,0.9819413087363591,1.030768265914085,50.75755236159936,49.24244763840064,stroma-low,0.4924244763840064,0.49367396018053,True,55.350680925894494,True,39.30250956328851,True,66.57895209463075,True,421.4363415693392,372.3438747096089,784.9291689270881,4,TCGA-55-7911-01,TCGA-55-7911,Female,Stage IA,70,0:LIVING,17.64,0,I,matched
TCGA-55-7911,TCGA-55-7911-01Z-00-DX1.081bc002-06ee-4218-a25f-26c0e6c4b333,4,TCGA-55-7911-01,4,5;10,2,1,1.10889,0.9111111096720479,0.24285878059965016,19.540335908676326,80.45966409132367,stroma-high,0.8045966409132367,0.8105786452542647,True,49.87572814532621,True,50.72537742408984,True,32.9773717372654,True,894.9498198729636,894.9498198729636,894.9498198729636,5,TCGA-55-7911-01,TCGA-55-7911,Female,Stage IA,70,0:LIVING,17.64,0,I,matched
TCGA-55-7911,TCGA-55-7911-01Z-00-DX1.081bc002-06ee-4218-a25f-26c0e6c4b333,5,TCGA-55-7911-01,5,14,1,0,0.468198,0.9999999994853217,0.47208006083827353,32.06891210587068,67.93108789412933,stroma-high,0.6793108789412933,0.7228486752520041,True,35.79404128029006,True,17.15949352315485,True,,False,,,,6,TCGA-55-7911-01,TCGA-55-7911,Female,Stage IA,70,0:LIVING,17.64,0,I,matched
TCGA-55-7913,TCGA-55-7913-01Z-00-DX1.2295fcc5-70b0-412e-a1fd-b5366fce0739,1,TCGA-55-7913-01,1,1,1,0,2.932398,0.8907563004432104,7.384805211928901,88.07366450710961,11.926335492890392,stroma-low,0.11926335492890391,0.1993863715779433,True,81.280456899636,True,10.821960998445206,True,,False,,,,2,TCGA-55-7913-01,TCGA-55-7913,Female,Stage IA,61,1:DECEASED,18.43,1,I,matched
TCGA-55-7913,TCGA-55-7913-01Z-00-DX1.2295fcc5-70b0-412e-a1fd-b5366fce0739,2,TCGA-55-7913-01,2,2,1,0,0.308025,0.44000000478030415,13.954618114946381,93.31310239877973,6.6868976012202594,stroma-low,0.0668689760122026,0.26807753105043614,True,84.82870027230736,True,0.36060895937517223,True,,False,,,,3,TCGA-55-7913-01,TCGA-55-7913,Female,Stage IA,61,1:DECEASED,18.43,1,I,matched
TCGA-55-7913,TCGA-55-7913-01Z-00-DX1.2295fcc5-70b0-412e-a1fd-b5366fce0739,3,TCGA-55-7913-01,3,3,1,0,0.726939,1.000000000653233,67.81357207950543,98.54679829896837,1.4532017010316303,stroma-low,0.014532017010316303,0.014532017010316303,True,0.0,True,0.0,True,,False,,,,4,TCGA-55-7913-01,TCGA-55-7913,Female,Stage IA,61,1:DECEASED,18.43,1,I,matched
TCGA-55-7913,TCGA-55-7913-01Z-00-DX1.2295fcc5-70b0-412e-a1fd-b5366fce0739,4,TCGA-55-7913-01,4,4,1,0,0.542124,0.9318181804026774,5.572787321450447,84.78575448902056,15.214245510979435,stroma-low,0.15214245510979435,0.15226981978043988,True,0.12208187756923025,True,0.0,True,,False,,,,5,TCGA-55-7913-01,TCGA-55-7913,Female,Stage IA,61,1:DECEASED,18.43,1,I,matched
TCGA-55-7913,TCGA-55-7913-01Z-00-DX1.2295fcc5-70b0-412e-a1fd-b5366fce0739,5,TCGA-55-7913-01,5,5,1,0,4.238424,0.9098837195896268,4.132069553218803,80.51468341124087,19.48531658875913,stroma-low,0.1948531658875913,0.19675887798884023,True,70.9627832582964,True,16.914377546263452,True,,False,,,,6,TCGA-55-7913-01,TCGA-55-7913,Female,Stage IA,61,1:DECEASED,18.43,1,I,matched
TCGA-55-7913,TCGA-55-7913-01Z-00-DX1.2295fcc5-70b0-412e-a1fd-b5366fce0739,6,TCGA-55-7913-01,6,6,1,0,0.443556,0.7777777741725408,12.261082893908025,92.45913770390963,7.54086229609037,stroma-low,0.0754086229609037,0.07565925480531255,True,0.6275494387970983,True,0.0,True,,False,,,,7,TCGA-55-7913-01,TCGA-55-7913,Female,Stage IA,61,1:DECEASED,18.43,1,I,matched
TCGA-55-7913,TCGA-55-7913-01Z-00-DX1.2295fcc5-70b0-412e-a1fd-b5366fce0739,7,TCGA-55-7913-01,7,7,1,0,1.121211,0.9010989032501858,14.566228957854571,93.57583649381304,6.42416350618696,stroma-low,0.0642416350618696,0.07438553609965257,True,31.532788117910105,True,0.16626106825310474,True,,False,,,,8,TCGA-55-7913-01,TCGA-55-7913,Female,Stage IA,61,1:DECEASED,18.43,1,I,matched
TCGA-55-7913,TCGA-55-7913-01Z-00-DX1.2295fcc5-70b0-412e-a1fd-b5366fce0739,8,TCGA-55-7913-01,8,8,1,0,0.344988,0.9285714187031512,8.48701938786963,89.45928158132966,10.540718418670338,stroma-low,0.10540718418670338,0.10659299950260262,True,2.531124266901345,True,0.6869359135279396,True,,False,,,,9,TCGA-55-7913-01,TCGA-55-7913,Female,Stage IA,61,1:DECEASED,18.43,1,I,matched
TCGA-55-7914,TCGA-55-7914-01Z-00-DX1.875bffe1-8c56-4c29-ab11-6840ee3a643c,1,TCGA-55-7914-01,1,1,1,0,0.394272,0.7812500014264288,0.9648012765909026,49.10426759620774,50.89573240379226,stroma-high,0.5089573240379226,0.5643417517733754,True,47.62295648634547,True,20.46067142261816,True,,False,,,,2,TCGA-55-7914-01,TCGA-55-7914,Female,Stage IIA,71,1:DECEASED,6.14,1,II,matched
TCGA-55-7914,TCGA-55-7914-01Z-00-DX1.875bffe1-8c56-4c29-ab11-6840ee3a643c,2,TCGA-55-7914-01,2,2,1,0,20.958021,0.9711934161459314,0.916732355624244,47.82787502565435,52.17212497434566,stroma-high,0.5217212497434566,0.5296691291726322,True,32.270730502922454,True,7.376263049369343,True,,False,,,,3,TCGA-55-7914-01,TCGA-55-7914,Female,Stage IIA,71,1:DECEASED,6.14,1,II,matched
TCGA-55-7914,TCGA-55-7914-01Z-00-DX1.875bffe1-8c56-4c29-ab11-6840ee3a643c,3,TCGA-55-7914-01,3,3,1,0,0.24642,0.9500000056628779,2.7403960947712775,73.2648635421819,26.735136457818093,stroma-low,0.26735136457818093,0.42512424589444375,True,74.6501871529212,True,45.669128043583655,True,,False,,,,4,TCGA-55-7914-01,TCGA-55-7914,Female,Stage IIA,71,1:DECEASED,6.14,1,II,matched
TCGA-55-8087,TCGA-55-8087-01Z-00-DX1.548f2800-8caf-4c0e-a7b5-6d3d28315d9c,1,TCGA-55-8087-01,1,1;2;3,3,2,50.232717,0.9521707139566098,0.7342196884393392,42.337178693898856,57.66282130610113,stroma-high,0.5766282130610113,0.56445894304489,True,11.734002756439052,True,7.499219980143636,True,0.001038410620826005,True,379.1375443750333,379.1375443750333,647.2750887500666,2,TCGA-55-8087-01,TCGA-55-8087,Female,Stage IB,59,0:LIVING,15.18,0,I,matched
TCGA-55-8097,TCGA-55-8097-01Z-00-DX1.2f847b65-a5dc-41be-9dd0-a1e11df3cd10,1,TCGA-55-8097-01,1,1;2;3;5,4,3,17.37261,0.9340425530733273,0.7087835733351772,41.47883818614808,58.52116181385192,stroma-high,0.5852116181385192,0.5533057761985911,True,13.962614270419262,True,17.256568860403913,True,23.844931001716766,True,265.01657914146955,333.00056553522495,351.04917188918375,2,TCGA-55-8097-01,TCGA-55-8097,Female,Stage IA,60,0:LIVING,15.64,0,I,matched
TCGA-55-8097,TCGA-55-8097-01Z-00-DX1.2f847b65-a5dc-41be-9dd0-a1e11df3cd10,2,TCGA-55-8097-01,2,4,1,0,0.357309,0.8965517253487508,0.2952032407616937,22.792040003550962,77.20795999644903,stroma-high,0.7720795999644904,0.7808847380985503,True,9.368017158878688,True,2.0729690621200163,True,,False,,,,3,TCGA-55-8097-01,TCGA-55-8097,Female,Stage IA,60,0:LIVING,15.64,0,I,matched
TCGA-55-8203,TCGA-55-8203-01Z-00-DX1.f530d261-be19-4ff0-98d0-27b789dffb23,1,TCGA-55-8203-01,1,1;2,2,1,12.505815,0.9625615769115792,1.0469909755083704,51.147806123002084,48.852193876997916,stroma-low,0.4885219387699791,0.5231672815852315,True,39.20756980765901,True,10.498699146093378,True,45.23783211207018,True,496.445647377681,496.445647377681,496.445647377681,2,TCGA-55-8203-01,TCGA-55-8203,Female,Stage IA,69,0:LIVING,17.97,0,I,matched
TCGA-55-8205,TCGA-55-8205-01Z-00-DX1.6df6d499-f325-409d-acb1-9e13172f2bb4,1,TCGA-55-8205-01,1,1;2;3;5;6,5,5,13.688631,0.8802880294673385,1.7102858849221232,63.10352330124268,36.896476698757326,stroma-low,0.36896476698757324,0.37491363416711293,True,16.81794543658194,True,5.506690518896578,True,13.159299842356658,True,493.57943438552763,400.2560442293929,948.421414820781,2,TCGA-55-8205-01,TCGA-55-8205,Female,Stage IIA,76,0:LIVING,19.68,0,II,matched
TCGA-55-8205,TCGA-55-8205-01Z-00-DX1.6df6d499-f325-409d-acb1-9e13172f2bb4,2,TCGA-55-8205-01,2,4,1,0,0.086247,0.4285714284550132,0.7580068121415238,43.117399028628014,56.88260097137198,stroma-high,0.5688260097137198,0.5759717079218516,True,15.56488591961687,True,4.041245140206778,True,,False,,,,3,TCGA-55-8205-01,TCGA-55-8205,Female,Stage IIA,76,0:LIVING,19.68,0,II,matched
TCGA-55-8205,TCGA-55-8205-01Z-00-DX1.6df6d499-f325-409d-acb1-9e13172f2bb4,3,TCGA-55-8205-01,3,7;8;10;11;12,5,4,13.614705,0.9475113116049871,1.2521506583961333,55.597997129013166,44.40200287098683,stroma-low,0.4440200287098683,0.4743612095730225,True,36.705179376747225,True,9.913901795044817,True,31.804500927836937,True,517.4995393142673,520.8953247619999,627.9514635036752,4,TCGA-55-8205-01,TCGA-55-8205,Female,Stage IIA,76,0:LIVING,19.68,0,II,matched
TCGA-55-8205,TCGA-55-8205-01Z-00-DX1.6df6d499-f325-409d-acb1-9e13172f2bb4,4,TCGA-55-8205-01,4,9,1,0,3.178818,0.9147286817322086,1.3525544475148321,57.493013559946725,42.50698644005328,stroma-low,0.4250698644005328,0.44353424353278886,True,44.02312724908599,True,18.57855167318062,True,,False,,,,5,TCGA-55-8205-01,TCGA-55-8205,Female,Stage IIA,76,0:LIVING,19.68,0,II,matched
TCGA-55-8208,TCGA-55-8208-01Z-00-DX1.6eccb7e2-16e4-4d25-9a1e-b370e016020f,1,TCGA-55-8208-01,1,1,1,0,0.234099,0.8947368421914258,0.6431378130332926,39.140832128136395,60.85916787186362,stroma-high,0.6085916787186362,0.6617649086951335,True,25.486120936231245,True,4.1914802913827955,True,,False,,,,2,TCGA-55-8208-01,TCGA-55-8208,Female,Stage IA,73,0:LIVING,22.14,0,I,matched
TCGA-55-8208,TCGA-55-8208-01Z-00-DX1.6eccb7e2-16e4-4d25-9a1e-b370e016020f,2,TCGA-55-8208-01,2,2;3;4;5;8,5,4,12.357963,0.9940179465995093,0.6612280693500373,39.80356951280902,60.19643048719099,stroma-high,0.6019643048719099,0.6257747319393527,True,35.72260298024856,True,17.14387297988449,True,28.78118395827513,True,541.7027548070414,552.4873318679215,710.7871836031403,3,TCGA-55-8208-01,TCGA-55-8208,Female,Stage IA,73,0:LIVING,22.14,0,I,matched
TCGA-55-8208,TCGA-55-8208-01Z-00-DX1.6eccb7e2-16e4-4d25-9a1e-b370e016020f,3,TCGA-55-8208-01,3,6;7,2,1,1.342989,0.9999999990636875,0.33317840470863685,24.9912842521217,75.00871574787831,stroma-high,0.7500871574787831,0.7660490375630256,True,41.98329165887254,True,34.407664948845564,True,19.03989275941954,True,555.0,555.0,555.0,4,TCGA-55-8208-01,TCGA-55-8208,Female,Stage IA,73,0:LIVING,22.14,0,I,matched
TCGA-55-8208,TCGA-55-8208-01Z-00-DX1.6eccb7e2-16e4-4d25-9a1e-b370e016020f,4,TCGA-55-8208-01,4,9;10;11;17;18;19,6,6,73.137456,0.9957884096611455,0.6105231120207918,37.90837321513148,62.091626784868524,stroma-high,0.6209162678486853,0.6095408877577628,True,15.398318635316727,True,11.209051782748228,True,0.8008122007624902,True,148.00014138365617,111.0,222.000848301937,5,TCGA-55-8208-01,TCGA-55-8208,Female,Stage IA,73,0:LIVING,22.14,0,I,matched
TCGA-55-8208,TCGA-55-8208-01Z-00-DX1.6eccb7e2-16e4-4d25-9a1e-b370e016020f,5,TCGA-55-8208-01,5,12,1,0,0.209457,1.0000000041943755,0.301315030884422,23.154656922669766,76.84534307733023,stroma-high,0.7684534307733023,0.7759198086983911,True,6.091425092043754,True,1.0064615363345635,True,,False,,,,6,TCGA-55-8208-01,TCGA-55-8208,Female,Stage IA,73,0:LIVING,22.14,0,I,matched
TCGA-55-8208,TCGA-55-8208-01Z-00-DX1.6eccb7e2-16e4-4d25-9a1e-b370e016020f,6,TCGA-55-8208-01,6,13;14;15;16,4,5,1.047285,0.9764705865726095,0.2484093197615051,19.89806675017141,80.10193324982859,stroma-high,0.8010193324982859,0.7995842957268441,True,2.7357373182762212,True,4.029340759578523,True,1.2374335577637146,True,457.23709114649256,496.4456473776779,666.0,7,TCGA-55-8208-01,TCGA-55-8208,Female,Stage IA,73,0:LIVING,22.14,0,I,matched
TCGA-55-8506,TCGA-55-8506-01Z-00-DX1.A908E3D2-91F7-4DE2-98C9-95D1038B9F49,1,TCGA-55-8506-01,1,1;2;3;4,4,3,37.344951,0.9640382718792,1.0307507096586002,50.7571266505619,49.24287334943811,stroma-low,0.4924287334943811,0.48781995295282987,True,11.253978276574921,True,6.960589382507239,True,13.06215178780758,True,267.7473673471787,248.24210204153616,443.99999999999994,2,TCGA-55-8506-01,TCGA-55-8506,Female,Stage IIB,62,0:LIVING,0.36,0,II,matched
TCGA-55-8508,TCGA-55-8508-01Z-00-DX1.96B173E2-A298-4017-9AEC-113E547A3272,1,TCGA-55-8508-01,1,1;3,2,1,6.197463,0.8986083502607166,0.7036456175135787,41.3023465842931,58.697653415706895,stroma-high,0.586976534157069,0.5871293130798876,True,5.068036998912003,True,1.7814442913685602,True,0.0,True,111.0,111.0,111.0,2,TCGA-55-8508-01,TCGA-55-8508,Female,Stage IIA,60,0:LIVING,20.27,0,II,matched
TCGA-55-8508,TCGA-55-8508-01Z-00-DX1.96B173E2-A298-4017-9AEC-113E547A3272,2,TCGA-55-8508-01,2,2,1,0,0.344988,1.0000000001008238,0.41451125516565085,29.30420338840699,70.69579661159302,stroma-high,0.7069579661159302,0.7033519638644767,True,3.365884205360517,True,5.488882382869078,True,,False,,,,3,TCGA-55-8508-01,TCGA-55-8508,Female,Stage IIA,60,0:LIVING,20.27,0,II,matched
TCGA-55-8508,TCGA-55-8508-01Z-00-DX1.96B173E2-A298-4017-9AEC-113E547A3272,3,TCGA-55-8508-01,3,4;5,2,1,4.879116,0.9823232338118181,0.35381203966898794,26.134502375639702,73.8654976243603,stroma-high,0.738654976243603,0.741213122996555,True,3.5389920755146242,True,1.5224131229244087,True,1.7278810440966388,True,888.0,888.0,888.0,4,TCGA-55-8508-01,TCGA-55-8508,Female,Stage IIA,60,0:LIVING,20.27,0,II,matched
TCGA-55-8508,TCGA-55-8508-01Z-00-DX1.96B173E2-A298-4017-9AEC-113E547A3272,4,TCGA-55-8508-01,4,6,1,0,0.209457,1.000000004442614,0.5851831810356579,36.91580809312753,63.08419190687247,stroma-high,0.6308419190687247,0.6370809692473256,True,9.344913301292014,True,3.3187004703668297,True,,False,,,,5,TCGA-55-8508-01,TCGA-55-8508,Female,Stage IIA,60,0:LIVING,20.27,0,II,matched
TCGA-55-8508,TCGA-55-8508-01Z-00-DX1.96B173E2-A298-4017-9AEC-113E547A3272,5,TCGA-55-8508-01,5,7;8;9;11;14,5,4,91.347894,0.9724844887025453,1.134090204200272,53.14162456526811,46.8583754347319,stroma-low,0.46858375434731897,0.477552454984764,True,20.537054954651744,True,4.3551777849058615,True,8.544900435772966,True,261.25488371417225,189.5095977676848,555.0003393213194,6,TCGA-55-8508-01,TCGA-55-8508,Female,Stage IIA,60,0:LIVING,20.27,0,II,matched
TCGA-55-8508,TCGA-55-8508-01Z-00-DX1.96B173E2-A298-4017-9AEC-113E547A3272,6,TCGA-55-8508-01,6,10,1,0,0.455877,1.0000000040678503,0.4843548508601779,32.63066446540705,67.36933553459295,stroma-high,0.6736933553459294,0.6793190963271142,True,3.821049711304035,True,0.0,True,,False,,,,7,TCGA-55-8508-01,TCGA-55-8508,Female,Stage IIA,60,0:LIVING,20.27,0,II,matched
TCGA-55-8508,TCGA-55-8508-01Z-00-DX1.96B173E2-A298-4017-9AEC-113E547A3272,7,TCGA-55-8508-01,7,12,1,0,0.431235,1.0000000003666563,1.0871044873388167,52.086730392925375,47.913269607074625,stroma-low,0.47913269607074627,0.47834544563146886,True,1.035065859489566,True,0.6774285802319686,True,,False,,,,8,TCGA-55-8508-01,TCGA-55-8508,Female,Stage IIA,60,0:LIVING,20.27,0,II,matched
TCGA-55-8508,TCGA-55-8508-01Z-00-DX1.96B173E2-A298-4017-9AEC-113E547A3272,8,TCGA-55-8508-01,8,13,1,0,0.924075,1.0000000012884749,0.8716597397683715,46.57148525705021,53.42851474294979,stroma-high,0.5342851474294978,0.5484497052153756,True,14.014070604918425,True,5.902505731420198,True,,False,,,,9,TCGA-55-8508-01,TCGA-55-8508,Female,Stage IIA,60,0:LIVING,20.27,0,II,matched
TCGA-55-8508,TCGA-55-8508-01Z-00-DX1.96B173E2-A298-4017-9AEC-113E547A3272,9,TCGA-55-8508-01,9,15,1,0,2.932398,0.9201680669120604,1.312957558285488,56.76531130379825,43.23468869620176,stroma-low,0.43234688696201756,0.44245852783935524,True,11.155342946245874,True,2.2686586740449823,True,,False,,,,10,TCGA-55-8508-01,TCGA-55-8508,Female,Stage IIA,60,0:LIVING,20.27,0,II,matched
TCGA-55-8508,TCGA-55-8508-01Z-00-DX1.96B173E2-A298-4017-9AEC-113E547A3272,10,TCGA-55-8508-01,10,16,1,0,0.455877,0.7567567518826026,2.2820218809799093,69.53097705425927,30.469022945740726,stroma-low,0.30469022945740726,0.577739203244698,True,81.93997413651357,True,34.13893664035862,True,,False,,,,11,TCGA-55-8508-01,TCGA-55-8508,Female,Stage IIA,60,0:LIVING,20.27,0,II,matched
TCGA-55-8513,TCGA-55-8513-01Z-00-DX1.E21776FE-DF49-48D1-90D6-6F71D0764492,1,TCGA-55-8513-01,1,1,1,0,2.759904,0.7678571424046855,1.2183509420954262,54.92146977180208,45.07853022819792,stroma-low,0.4507853022819792,0.4678538143928696,True,14.429865813878731,True,1.1134867334575285,True,,False,,,,2,TCGA-55-8513-01,TCGA-55-8513,Female,Stage IIB,77,0:LIVING,25.99,0,II,matched
TCGA-55-8513,TCGA-55-8513-01Z-00-DX1.E21776FE-DF49-48D1-90D6-6F71D0764492,2,TCGA-55-8513-01,2,2,1,0,0.776223,0.8253968266436705,0.6957776510378801,41.03000476578033,58.96999523421967,stroma-high,0.5896999523421966,0.6079479779434799,True,20.061184183468992,True,5.118177731240989,True,,False,,,,3,TCGA-55-8513-01,TCGA-55-8513,Female,Stage IIB,77,0:LIVING,25.99,0,II,matched
TCGA-55-8513,TCGA-55-8513-01Z-00-DX1.E21776FE-DF49-48D1-90D6-6F71D0764492,3,TCGA-55-8513-01,3,3,1,0,49.863087,0.8678033111552117,1.2709200110327799,55.964983568698436,44.03501643130157,stroma-low,0.4403501643130157,0.4325489335776041,True,7.698753316483521,True,4.812250999184181,True,,False,,,,4,TCGA-55-8513-01,TCGA-55-8513,Female,Stage IIB,77,0:LIVING,25.99,0,II,matched
TCGA-55-8514,TCGA-55-8514-01Z-00-DX1.499CF563-B404-4061-9D1A-57954BBE2CE7,1,TCGA-55-8514-01,1,1;2,2,1,3.57309,0.8793103443012209,0.5167627936465375,34.07011273029437,65.92988726970562,stroma-high,0.6592988726970562,0.6345444382232278,True,1.562586291345025,True,11.324793169188062,True,0.0,True,222.0,222.0,222.0,2,TCGA-55-8514-01,TCGA-55-8514,Female,Stage IB,70,0:LIVING,17.08,0,I,matched
TCGA-55-8514,TCGA-55-8514-01Z-00-DX1.499CF563-B404-4061-9D1A-57954BBE2CE7,2,TCGA-55-8514-01,2,3;6;7;8;9,5,5,46.08054,0.9748663099689003,1.1669281737507713,53.85172373899759,46.148276261002394,stroma-low,0.4614827626100239,0.4456357332682504,True,11.306047068671168,True,9.78110465757484,True,0.10263885214730248,True,775.7714355471993,784.9291689270881,894.9498198729639,3,TCGA-55-8514-01,TCGA-55-8514,Female,Stage IB,70,0:LIVING,17.08,0,I,matched
TCGA-55-8514,TCGA-55-8514-01Z-00-DX1.499CF563-B404-4061-9D1A-57954BBE2CE7,3,TCGA-55-8514-01,3,4,1,0,0.480519,0.7948717962090786,0.2975384897506818,22.930995273046037,77.06900472695396,stroma-high,0.7706900472695396,0.7735139068299174,True,20.795518212306956,True,15.41349240016113,True,,False,,,,4,TCGA-55-8514-01,TCGA-55-8514,Female,Stage IB,70,0:LIVING,17.08,0,I,matched
TCGA-55-8514,TCGA-55-8514-01Z-00-DX1.499CF563-B404-4061-9D1A-57954BBE2CE7,4,TCGA-55-8514-01,4,5,1,0,0.381951,1.0000000015244306,0.20121438227150168,16.750913512291152,83.24908648770885,stroma-high,0.8324908648770885,0.8347494848173596,True,2.655110172430908,True,0.0950051303780766,True,,False,,,,5,TCGA-55-8514-01,TCGA-55-8514,Female,Stage IB,70,0:LIVING,17.08,0,I,matched
TCGA-55-8514,TCGA-55-8514-01Z-00-DX1.499CF563-B404-4061-9D1A-57954BBE2CE7,5,TCGA-55-8514-01,5,10,1,0,0.332667,1.0000000019919955,0.5863266182809943,36.96127969638187,63.03872030361812,stroma-high,0.6303872030361812,0.6316750673644597,True,10.712673465011806,True,8.7877462237972,True,,False,,,,6,TCGA-55-8514-01,TCGA-55-8514,Female,Stage IB,70,0:LIVING,17.08,0,I,matched
TCGA-55-8616,TCGA-55-8616-01Z-00-DX1.4F53B2AB-8221-4E67-80D2-7A8E3815B730,1,TCGA-55-8616-01,1,1;2,2,1,2.069928,0.9464285711481765,0.22320482988556345,18.247543210440504,81.7524567895595,stroma-high,0.817524567895595,0.8211838992530888,True,16.942418087342183,True,13.694379545960503,True,15.260427671039622,True,845.3885498589208,845.3885498589208,845.3885498589208,2,TCGA-55-8616-01,TCGA-55-8616,Female,Stage IB,58,0:LIVING,1.58,0,I,matched
TCGA-55-8616,TCGA-55-8616-01Z-00-DX1.4F53B2AB-8221-4E67-80D2-7A8E3815B730,2,TCGA-55-8616-01,2,3,1,0,0.591408,0.9791666671835249,0.24621666976035528,19.757131784130458,80.24286821586955,stroma-high,0.8024286821586954,0.8002993733038178,True,0.0,True,1.6938008703734229,True,,False,,,,3,TCGA-55-8616-01,TCGA-55-8616,Female,Stage IB,58,0:LIVING,1.58,0,I,matched
TCGA-55-8616,TCGA-55-8616-01Z-00-DX1.4F53B2AB-8221-4E67-80D2-7A8E3815B730,3,TCGA-55-8616-01,3,4,1,0,0.221778,1.000000002147216,0.23996288490938703,19.352424804789443,80.64757519521055,stroma-high,0.8064757519521055,0.7973262600994987,True,6.338015586219561,True,12.923126267698976,True,,False,,,,4,TCGA-55-8616-01,TCGA-55-8616,Female,Stage IB,58,0:LIVING,1.58,0,I,matched
TCGA-55-8616,TCGA-55-8616-01Z-00-DX1.4F53B2AB-8221-4E67-80D2-7A8E3815B730,4,TCGA-55-8616-01,4,5,1,0,0.381951,0.806451614819854,0.1962009453438613,16.402005541590768,83.59799445840923,stroma-high,0.8359799445840923,0.8367342692228644,True,9.00056517224387,True,6.82992524859786,True,,False,,,,5,TCGA-55-8616-01,TCGA-55-8616,Female,Stage IB,58,0:LIVING,1.58,0,I,matched
TCGA-55-8616,TCGA-55-8616-01Z-00-DX1.4F53B2AB-8221-4E67-80D2-7A8E3815B730,5,TCGA-55-8616-01,5,6;8;10;11;12,5,4,69.034563,0.9869712654901904,0.483188101966112,32.57766842422741,67.42233157577257,stroma-high,0.6742233157577258,0.6631009568557898,True,13.062501679512618,True,9.770812534192265,True,8.156208762396144,True,238.8140110573486,222.0,400.25604422939443,6,TCGA-55-8616-01,TCGA-55-8616,Female,Stage IB,58,0:LIVING,1.58,0,I,matched
TCGA-55-8616,TCGA-55-8616-01Z-00-DX1.4F53B2AB-8221-4E67-80D2-7A8E3815B730,6,TCGA-55-8616-01,6,7,1,0,0.221778,1.0000000024738256,0.33021986819226157,24.824457677137453,75.17554232286255,stroma-high,0.7517554232286255,0.7517278359994408,True,0.0,True,0.015506771237586542,True,,False,,,,7,TCGA-55-8616-01,TCGA-55-8616,Female,Stage IB,58,0:LIVING,1.58,0,I,matched
TCGA-55-8616,TCGA-55-8616-01Z-00-DX1.4F53B2AB-8221-4E67-80D2-7A8E3815B730,7,TCGA-55-8616-01,7,9,1,0,0.221778,1.0000000000549738,0.31374612479088887,23.881792598309538,76.11820740169047,stroma-high,0.7611820740169046,0.7920735390551636,True,64.25824675266745,True,51.00785111745837,True,,False,,,,8,TCGA-55-8616-01,TCGA-55-8616,Female,Stage IB,58,0:LIVING,1.58,0,I,matched
TCGA-55-8616,TCGA-55-8616-01Z-00-DX1.4F53B2AB-8221-4E67-80D2-7A8E3815B730,8,TCGA-55-8616-01,8,13,1,0,0.209457,0.9999999983017059,0.13840621600484757,12.157893558467551,87.84210644153245,stroma-high,0.8784210644153245,0.8725922481524835,True,0.0,True,6.377744485107334,True,,False,,,,9,TCGA-55-8616-01,TCGA-55-8616,Female,Stage IB,58,0:LIVING,1.58,0,I,matched
TCGA-55-8616,TCGA-55-8616-01Z-00-DX1.4F53B2AB-8221-4E67-80D2-7A8E3815B730,9,TCGA-55-8616-01,9,14,1,0,0.147852,0.999999999825377,0.3419138816828679,25.47956961694743,74.52043038305257,stroma-high,0.7452043038305257,0.6827703065376264,True,26.01052517593282,True,44.558599067447766,True,,False,,,,10,TCGA-55-8616-01,TCGA-55-8616,Female,Stage IB,58,0:LIVING,1.58,0,I,matched
TCGA-55-8619,TCGA-55-8619-01Z-00-DX1.46C7678A-6032-4C95-B535-85C87B92B6ED,1,TCGA-55-8619-01,1,1;2;3,3,2,12.715272,0.9418604644987074,0.7265402888485308,42.0807028681084,57.919297131891604,stroma-high,0.579192971318916,0.5850466827110883,True,20.890103891972043,True,8.796360484750357,True,4.921270416996142,True,166.5,166.5,222.0,2,TCGA-55-8619-01,TCGA-55-8619,Female,Stage IIB,72,0:LIVING,13.67,0,II,matched
TCGA-55-8619,TCGA-55-8619-01Z-00-DX1.46C7678A-6032-4C95-B535-85C87B92B6ED,2,TCGA-55-8619-01,2,4,1,0,0.591408,0.6666666656630014,1.6921304982528929,62.854698141528864,37.145301858471136,stroma-low,0.37145301858471136,0.40311918027155413,True,16.832774687175863,True,2.6989224139267836,True,,False,,,,3,TCGA-55-8619-01,TCGA-55-8619,Female,Stage IIB,72,0:LIVING,13.67,0,II,matched
TCGA-55-8619,TCGA-55-8619-01Z-00-DX1.46C7678A-6032-4C95-B535-85C87B92B6ED,3,TCGA-55-8619-01,3,5,1,0,0.283383,0.8260869561307355,0.1993729752219649,16.623100515089348,83.37689948491065,stroma-high,0.8337689948491065,0.8267115458163248,True,4.235351582690158,True,10.940296915995534,True,,False,,,,4,TCGA-55-8619-01,TCGA-55-8619,Female,Stage IIB,72,0:LIVING,13.67,0,II,matched
TCGA-55-8619,TCGA-55-8619-01Z-00-DX1.46C7678A-6032-4C95-B535-85C87B92B6ED,4,TCGA-55-8619-01,4,6;7;8;11,4,5,18.97434,0.9623376618815341,1.055055150704147,51.33950543091953,48.66049456908047,stroma-low,0.4866049456908047,0.4978201967901153,True,27.766746326052644,True,11.056264237727616,True,25.60240468101848,True,635.4065503131063,597.7906495239973,999.0,5,TCGA-55-8619-01,TCGA-55-8619,Female,Stage IIB,72,0:LIVING,13.67,0,II,matched
TCGA-55-8619,TCGA-55-8619-01Z-00-DX1.46C7678A-6032-4C95-B535-85C87B92B6ED,5,TCGA-55-8619-01,5,9,1,0,6.53013,0.9188679243126521,0.9059791639866157,47.5335292801227,52.466470719877314,stroma-high,0.5246647071987731,0.541947391157864,True,31.591707991884512,True,11.907472867358125,True,,False,,,,6,TCGA-55-8619-01,TCGA-55-8619,Female,Stage IIB,72,0:LIVING,13.67,0,II,matched
TCGA-55-8619,TCGA-55-8619-01Z-00-DX1.46C7678A-6032-4C95-B535-85C87B92B6ED,6,TCGA-55-8619-01,6,10,1,0,0.209457,0.8823529434157535,0.25107146423643834,20.068514982049713,79.9314850179503,stroma-high,0.7993148501795029,0.7873553459466764,True,3.4666649751570064,True,9.77739207357059,True,,False,,,,7,TCGA-55-8619-01,TCGA-55-8619,Female,Stage IIB,72,0:LIVING,13.67,0,II,matched
TCGA-55-8621,TCGA-55-8621-01Z-00-DX1.7C519007-D59D-432A-BF4D-23D14A1C8BB6,1,TCGA-55-8621-01,1,1;2;3;4;7;8;9;10;11;12;13;14;15,13,21,20.378934,0.9776299880845621,0.44278656398516864,30.689678919807317,69.31032108019267,stroma-high,0.6931032108019267,0.6970749773526193,True,23.444634153513874,True,14.174885239442311,True,16.854132224073425,True,335.3568102463537,248.24210204153695,675.2197128774642,2,TCGA-55-8621-01,TCGA-55-8621,Female,Stage IA,75,0:LIVING,16.92,0,I,matched
TCGA-55-8621,TCGA-55-8621-01Z-00-DX1.7C519007-D59D-432A-BF4D-23D14A1C8BB6,2,TCGA-55-8621-01,2,5,1,0,0.640692,1.0000000020854014,0.44785414993071987,30.93226965935414,69.06773034064587,stroma-high,0.6906773034064586,0.7276382880029054,True,43.86841347323184,True,27.2396679624222,True,,False,,,,3,TCGA-55-8621-01,TCGA-55-8621,Female,Stage IA,75,0:LIVING,16.92,0,I,matched
TCGA-55-8621,TCGA-55-8621-01Z-00-DX1.7C519007-D59D-432A-BF4D-23D14A1C8BB6,3,TCGA-55-8621-01,3,6,1,0,0.234099,0.9473684248780619,0.20005550670519298,16.6705211206817,83.3294788793183,stroma-high,0.833294788793183,0.770248383155208,True,29.961386824626153,True,52.98936377024024,True,,False,,,,4,TCGA-55-8621-01,TCGA-55-8621,Female,Stage IA,75,0:LIVING,16.92,0,I,matched
TCGA-55-A48X,TCGA-55-A48X-01Z-00-DX1.A46C6373-8458-4D55-88C3-4C70A05F9F47,1,TCGA-55-A48X-01,1,1,1,0,0.258741,0.7619047583994827,0.26816240662557295,21.14574641422471,78.85425358577528,stroma-high,0.7885425358577528,0.817128688873657,True,32.00790066572821,True,9.916114752351858,True,,False,,,,2,TCGA-55-A48X-01,TCGA-55-A48X,Female,Stage IIA,63,0:LIVING,22.63,0,II,matched
TCGA-55-A48X,TCGA-55-A48X-01Z-00-DX1.A46C6373-8458-4D55-88C3-4C70A05F9F47,2,TCGA-55-A48X-01,2,2;3;4;5,4,5,15.992658,0.9822804313191441,0.7649629128640854,43.341585666678135,56.65841433332186,stroma-high,0.5665841433332186,0.5281688312552719,True,42.344482985147934,True,34.980874511500474,True,58.11422688911738,True,381.5652992759441,221.99999999999997,992.8527382994587,3,TCGA-55-A48X-01,TCGA-55-A48X,Female,Stage IIA,63,0:LIVING,22.63,0,II,matched
TCGA-55-A48Z,TCGA-55-A48Z-01Z-00-DX1.0867DC6A-2A51-4CF1-AE3F-0526CE2DD740,1,TCGA-55-A48Z-01,1,1;3;7;8;9;10;14,7,7,10.398924,0.9549763028047292,0.4583920951267266,31.431334320753756,68.56866567924624,stroma-high,0.6856866567924624,0.6882427308412722,True,5.319093252694861,True,2.7570284177643414,True,11.616690377576075,True,474.02832016210334,555.0,866.978188935942,2,TCGA-55-A48Z-01,TCGA-55-A48Z,Female,Stage IIIB,60,0:LIVING,21.39,0,III,matched
TCGA-55-A48Z,TCGA-55-A48Z-01Z-00-DX1.0867DC6A-2A51-4CF1-AE3F-0526CE2DD740,2,TCGA-55-A48Z-01,2,2,1,0,12.049938,0.963190183257068,0.8663413825373922,46.419234478933014,53.580765521066986,stroma-high,0.5358076552106699,0.5386076782785333,True,10.965827559940369,True,3.404720764609555,True,,False,,,,3,TCGA-55-A48Z-01,TCGA-55-A48Z,Female,Stage IIIB,60,0:LIVING,21.39,0,III,matched
TCGA-55-A48Z,TCGA-55-A48Z-01Z-00-DX1.0867DC6A-2A51-4CF1-AE3F-0526CE2DD740,3,TCGA-55-A48Z-01,3,4,1,0,0.480519,0.8974358934966192,0.46879641315283704,31.917045068658943,68.08295493134105,stroma-high,0.6808295493134106,0.6892681482593854,True,5.1987949700819875,True,0.1489744173960097,True,,False,,,,4,TCGA-55-A48Z-01,TCGA-55-A48Z,Female,Stage IIIB,60,0:LIVING,21.39,0,III,matched
TCGA-55-A48Z,TCGA-55-A48Z-01Z-00-DX1.0867DC6A-2A51-4CF1-AE3F-0526CE2DD740,4,TCGA-55-A48Z-01,4,5,1,0,11.976012,0.9681069972443448,0.8617987147924372,46.28850089675321,53.71149910324679,stroma-high,0.5371149910324678,0.5380458071015929,True,9.959371327927988,True,3.3067771874830245,True,,False,,,,5,TCGA-55-A48Z-01,TCGA-55-A48Z,Female,Stage IIIB,60,0:LIVING,21.39,0,III,matched
TCGA-55-A48Z,TCGA-55-A48Z-01Z-00-DX1.0867DC6A-2A51-4CF1-AE3F-0526CE2DD740,5,TCGA-55-A48Z-01,5,6;15;19;20,4,4,8.168823,0.9728506791282133,0.4845533303181216,32.63967150404006,67.36032849595995,stroma-high,0.6736032849595994,0.67313078794215,True,3.3107912353485225,True,2.5946134846789577,True,0.13857009547134114,True,284.06066689419004,290.62105102076765,333.00056553522495,6,TCGA-55-A48Z-01,TCGA-55-A48Z,Female,Stage IIIB,60,0:LIVING,21.39,0,III,matched
TCGA-55-A48Z,TCGA-55-A48Z-01Z-00-DX1.0867DC6A-2A51-4CF1-AE3F-0526CE2DD740,6,TCGA-55-A48Z-01,6,11;12;13;16;18,5,6,2.661336,0.8842592601361555,0.2629619682068979,20.821052005250845,79.17894799474915,stroma-high,0.7917894799474915,0.7998048729612498,True,7.576564592477389,True,0.9968002576753426,True,8.784911480840545,True,515.5773221064832,591.495848436341,887.9999999999999,7,TCGA-55-A48Z-01,TCGA-55-A48Z,Female,Stage IIIB,60,0:LIVING,21.39,0,III,matched
TCGA-55-A48Z,TCGA-55-A48Z-01Z-00-DX1.0867DC6A-2A51-4CF1-AE3F-0526CE2DD740,7,TCGA-55-A48Z-01,7,17,1,0,0.455877,0.7567567565561762,0.48468528948796985,32.645658505522434,67.35434149447757,stroma-high,0.6735434149447757,0.6734325469453392,True,0.5435611044704988,True,0.4984420549111058,True,,False,,,,8,TCGA-55-A48Z-01,TCGA-55-A48Z,Female,Stage IIIB,60,0:LIVING,21.39,0,III,matched
TCGA-55-A491,TCGA-55-A491-01Z-00-DX1.E5F3B4E5-18EA-4067-AE28-119DABCE739A,1,TCGA-55-A491-01,1,1,1,0,0.234099,0.6842105254334839,0.4480455350963275,30.941398197572735,69.05860180242726,stroma-high,0.6905860180242727,0.7021302430879112,True,10.512062166958264,True,4.302047420242963,True,,False,,,,2,TCGA-55-A491-01,TCGA-55-A491,Female,Stage IA,81,0:LIVING,20.57,0,I,matched
TCGA-55-A491,TCGA-55-A491-01Z-00-DX1.E5F3B4E5-18EA-4067-AE28-119DABCE739A,2,TCGA-55-A491-01,2,2,1,0,0.61605,0.6999999981117435,0.7390923685193846,42.498741406623935,57.50125859337606,stroma-high,0.5750125859337606,0.6050419507803821,True,23.87131721455272,True,4.579951373462866,True,,False,,,,3,TCGA-55-A491-01,TCGA-55-A491,Female,Stage IA,81,0:LIVING,20.57,0,I,matched
TCGA-55-A491,TCGA-55-A491-01Z-00-DX1.E5F3B4E5-18EA-4067-AE28-119DABCE739A,3,TCGA-55-A491-01,3,3;4;5,3,2,14.53878,0.9008474581968893,0.859650235999016,46.226447283362745,53.773552716637255,stroma-high,0.5377355271663725,0.5411762359593035,True,27.161762576449593,True,13.698272412331939,True,27.942596019057557,True,427.82459641235357,427.82459641235357,744.6491928247071,4,TCGA-55-A491-01,TCGA-55-A491,Female,Stage IA,81,0:LIVING,20.57,0,I,matched
TCGA-55-A491,TCGA-55-A491-01Z-00-DX1.E5F3B4E5-18EA-4067-AE28-119DABCE739A,4,TCGA-55-A491-01,4,6;8;10,3,2,3.708621,0.8770764122082588,0.6500529059542804,39.39588261737178,60.60411738262821,stroma-high,0.6060411738262821,0.6022544161576515,True,11.79484410035751,True,11.101032376416438,True,11.710899673874756,True,520.8953247619999,520.8953247619999,597.7906495239997,5,TCGA-55-A491-01,TCGA-55-A491,Female,Stage IA,81,0:LIVING,20.57,0,I,matched
TCGA-55-A491,TCGA-55-A491-01Z-00-DX1.E5F3B4E5-18EA-4067-AE28-119DABCE739A,5,TCGA-55-A491-01,5,7,1,0,0.209457,0.8235294152537416,0.6462663390131801,39.256487464875875,60.743512535124125,stroma-high,0.6074351253512412,0.5322457856190415,True,32.847628446234964,True,41.80799243324817,True,,False,,,,6,TCGA-55-A491-01,TCGA-55-A491,Female,Stage IA,81,0:LIVING,20.57,0,I,matched
TCGA-55-A491,TCGA-55-A491-01Z-00-DX1.E5F3B4E5-18EA-4067-AE28-119DABCE739A,6,TCGA-55-A491-01,6,9,1,0,0.147852,0.6666666707509042,1.6349905228307202,62.049199367680494,37.950800632319506,stroma-low,0.37950800632319504,0.38996726902545475,True,11.282219232818544,True,1.8515398130602858,True,,False,,,,7,TCGA-55-A491-01,TCGA-55-A491,Female,Stage IA,81,0:LIVING,20.57,0,I,matched
TCGA-55-A492,TCGA-55-A492-01Z-00-DX1.31B23842-7F8B-4311-88DF-C51CB4F54AED,1,TCGA-55-A492-01,1,1;2,2,1,18.198117,0.9661475960847797,1.4387879054672648,58.99602430542631,41.00397569457368,stroma-low,0.41003975694573686,0.4063031902604707,True,29.746929342954015,True,12.608840375563682,True,1.0984417091997032,True,111.0,111.0,111.0,2,TCGA-55-A492-01,TCGA-55-A492,Female,Stage IA,70,0:LIVING,19.58,0,I,matched
TCGA-55-A492,TCGA-55-A492-01Z-00-DX1.31B23842-7F8B-4311-88DF-C51CB4F54AED,2,TCGA-55-A492-01,2,3,1,0,3.610053,0.9419795224933547,1.3919922861890535,58.19384511506054,41.80615488493945,stroma-low,0.41806154884939456,0.4258671012892767,True,24.428796325049984,True,7.763953856724341,True,,False,,,,3,TCGA-55-A492-01,TCGA-55-A492,Female,Stage IA,70,0:LIVING,19.58,0,I,matched
TCGA-55-A492,TCGA-55-A492-01Z-00-DX1.31B23842-7F8B-4311-88DF-C51CB4F54AED,3,TCGA-55-A492-01,3,4;5,2,1,12.407247,0.9513406152820308,1.1262267058776296,52.96832660244307,47.031673397556915,stroma-low,0.47031673397556917,0.47685048097894817,True,22.093111814001215,True,8.162222560763967,True,47.14125348557218,True,400.2560442293929,400.2560442293929,400.2560442293929,4,TCGA-55-A492-01,TCGA-55-A492,Female,Stage IA,70,0:LIVING,19.58,0,I,matched
TCGA-55-A492,TCGA-55-A492-01Z-00-DX1.31B23842-7F8B-4311-88DF-C51CB4F54AED,4,TCGA-55-A492-01,4,6,1,0,0.24642,0.8000000040136,0.34091733075548974,25.42418707970704,74.57581292029296,stroma-high,0.7457581292029296,0.746760614074167,True,26.341718650240026,True,21.748689696313033,True,,False,,,,5,TCGA-55-A492-01,TCGA-55-A492,Female,Stage IA,70,0:LIVING,19.58,0,I,matched
TCGA-62-A46R,TCGA-62-A46R-01Z-00-DX1.AD823FBA-A63F-4D36-8B84-2C995DE5FC47,1,TCGA-62-A46R-01,1,1;2;3;4;5;6;7,7,6,122.9859015625,0.9687028277397223,0.8163872165995532,44.945659666549865,55.054340333450135,stroma-high,0.5505434033345014,0.5057172118201126,True,25.535561766242292,True,25.420482717577798,True,7.92035284446408,True,464.757592621954,500.62538087861384,667.5002821323596,2,TCGA-62-A46R-01,TCGA-62-A46R,Female,Stage IB,54,1:DECEASED,56.67,1,I,matched
TCGA-62-A46R,TCGA-62-A46R-01Z-00-DX1.AD823FBA-A63F-4D36-8B84-2C995DE5FC47,2,TCGA-62-A46R-01,2,8,1,0,0.594075,1.0000000046214457,0.4441147678153508,30.753426092803227,69.24657390719678,stroma-high,0.6924657390719677,0.6887543213266334,True,29.66826099437702,True,27.070049298339327,True,,False,,,,3,TCGA-62-A46R-01,TCGA-62-A46R,Female,Stage IB,54,1:DECEASED,56.67,1,I,matched
TCGA-62-A46R,TCGA-62-A46R-01Z-00-DX1.AD823FBA-A63F-4D36-8B84-2C995DE5FC47,3,TCGA-62-A46R-01,3,9;10,2,1,0.321790625,1.00000000181787,0.2501100523227728,20.007042728602546,79.99295727139746,stroma-high,0.7999295727139746,0.8033109855087057,True,12.450285109063742,True,8.654654907421685,True,0.0,True,157.37190062402584,157.37190062402584,157.37190062402584,4,TCGA-62-A46R-01,TCGA-62-A46R,Female,Stage IB,54,1:DECEASED,56.67,1,I,matched
TCGA-62-A46R,TCGA-62-A46R-01Z-00-DX1.AD823FBA-A63F-4D36-8B84-2C995DE5FC47,4,TCGA-62-A46R-01,4,11,1,0,0.2351546875,0.9999999939892931,1.4806667650405951,59.688257443815296,40.311742556184704,stroma-low,0.40311742556184704,0.47766376597040033,True,37.54781754882377,True,21.04627939928932,True,,False,,,,5,TCGA-62-A46R-01,TCGA-62-A46R,Female,Stage IB,54,1:DECEASED,56.67,1,I,matched
TCGA-62-A46R,TCGA-62-A46R-01Z-00-DX1.AD823FBA-A63F-4D36-8B84-2C995DE5FC47,5,TCGA-62-A46R-01,5,12,1,0,1.113890625,0.9111111114125984,0.6752509228878645,40.307449687825866,59.692550312174134,stroma-high,0.5969255031217413,0.6256182703569593,True,43.08323870407417,True,26.546500323172456,True,,False,,,,6,TCGA-62-A46R-01,TCGA-62-A46R,Female,Stage IB,54,1:DECEASED,56.67,1,I,matched
TCGA-62-A46R,TCGA-62-A46R-01Z-00-DX1.AD823FBA-A63F-4D36-8B84-2C995DE5FC47,6,TCGA-62-A46R-01,6,13,1,0,0.717840625,0.8103448280635349,0.8995774608462376,47.3567137633591,52.6432862366409,stroma-high,0.526432862366409,0.5507663610713621,True,41.974356264132034,True,19.93397540304301,True,,False,,,,7,TCGA-62-A46R-01,TCGA-62-A46R,Female,Stage IB,54,1:DECEASED,56.67,1,I,matched
TCGA-62-A46R,TCGA-62-A46R-01Z-00-DX1.AD823FBA-A63F-4D36-8B84-2C995DE5FC47,7,TCGA-62-A46R-01,7,14,1,0,3.6634625,0.9087837839633353,0.8576497564561554,46.168539224116,53.83146077588401,stroma-high,0.5383146077588401,0.5711541408324046,True,37.45495275459058,True,9.823559012127308,True,,False,,,,8,TCGA-62-A46R-01,TCGA-62-A46R,Female,Stage IB,54,1:DECEASED,56.67,1,I,matched
TCGA-62-A46R,TCGA-62-A46R-01Z-00-DX1.AD823FBA-A63F-4D36-8B84-2C995DE5FC47,8,TCGA-62-A46R-01,8,15,1,0,12.7602359375,0.8923375360857787,1.4031112857003818,58.38727877687312,41.61272122312688,stroma-low,0.4161272122312688,0.3707864015707969,True,37.327494840223814,True,25.830396518452353,True,,False,,,,9,TCGA-62-A46R-01,TCGA-62-A46R,Female,Stage IB,54,1:DECEASED,56.67,1,I,matched
TCGA-62-A46U,TCGA-62-A46U-01Z-00-DX1.5129535F-8B6A-4647-8A88-3EE125642874,1,TCGA-62-A46U-01,1,1,1,0,0.2599078125,1.0000000009718601,0.20517857533571643,17.024744675581506,82.9752553244185,stroma-high,0.829752553244185,0.810768068893571,True,9.090769941147004,True,22.013337547206614,True,,False,,,,2,TCGA-62-A46U-01,TCGA-62-A46U,Female,Stage IIB,71,0:LIVING,67.9,0,II,matched
TCGA-62-A46U,TCGA-62-A46U-01Z-00-DX1.5129535F-8B6A-4647-8A88-3EE125642874,2,TCGA-62-A46U-01,2,2;3;5;8,4,3,174.01446875,0.9449502135270768,3.2107456958351124,76.25123737609923,23.74876262390078,stroma-low,0.23748762623900782,0.1990278259779101,True,36.02840403750706,True,28.371383451406,True,18.148369984649108,True,445.00009404411986,445.0,667.5002821323596,3,TCGA-62-A46U-01,TCGA-62-A46U,Female,Stage IIB,71,0:LIVING,67.9,0,II,matched
TCGA-62-A46U,TCGA-62-A46U-01Z-00-DX1.5129535F-8B6A-4647-8A88-3EE125642874,3,TCGA-62-A46U-01,3,4,1,0,0.24753125,1.000000006301707,0.699500485518666,41.15918126997106,58.84081873002894,stroma-high,0.5884081873002894,0.6217366081848885,True,15.88316057698537,True,1.172628887246843,True,,False,,,,4,TCGA-62-A46U-01,TCGA-62-A46U,Female,Stage IIB,71,0:LIVING,67.9,0,II,matched
TCGA-62-A46U,TCGA-62-A46U-01Z-00-DX1.5129535F-8B6A-4647-8A88-3EE125642874,4,TCGA-62-A46U-01,4,6,1,0,0.3589203125,0.827586205160107,0.5754942488634732,36.52785462584976,63.47214537415022,stroma-high,0.6347214537415022,0.6724705549870437,True,27.14585008506445,True,13.023848044676548,True,,False,,,,5,TCGA-62-A46U-01,TCGA-62-A46U,Female,Stage IIB,71,0:LIVING,67.9,0,II,matched
TCGA-62-A46U,TCGA-62-A46U-01Z-00-DX1.5129535F-8B6A-4647-8A88-3EE125642874,5,TCGA-62-A46U-01,5,7;9;10,3,2,2.2154046875,0.9441340786154861,0.681987906900267,40.54654044196438,59.453459558035625,stroma-high,0.5945345955803563,0.5611154475281595,True,15.371847551351426,True,24.84611696738907,True,4.214891476392371,True,504.59482714581503,504.59482714581503,786.6888078959823,6,TCGA-62-A46U-01,TCGA-62-A46U,Female,Stage IIB,71,0:LIVING,67.9,0,II,matched
TCGA-62-A46U,TCGA-62-A46U-01Z-00-DX1.5129535F-8B6A-4647-8A88-3EE125642874,6,TCGA-62-A46U-01,6,11;12;13,3,3,1.6213296875,1.000000001395984,0.3973979269865862,28.438422536059832,71.56157746394017,stroma-high,0.7156157746394017,0.7377564832451943,True,28.90393606488652,True,23.568702095576764,True,23.350076016074237,True,630.4168077328595,890.0002115992893,890.0002115992893,7,TCGA-62-A46U-01,TCGA-62-A46U,Female,Stage IIB,71,0:LIVING,67.9,0,II,matched
TCGA-62-A46U,TCGA-62-A46U-01Z-00-DX1.5129535F-8B6A-4647-8A88-3EE125642874,7,TCGA-62-A46U-01,7,14,1,0,0.2351546875,0.842105262737421,4.483734819682451,81.76425314348246,18.235746856517533,stroma-low,0.18235746856517535,0.5785546692009939,True,94.56391573967402,True,40.4775034194731,True,,False,,,,8,TCGA-62-A46U-01,TCGA-62-A46U,Female,Stage IIB,71,0:LIVING,67.9,0,II,matched
TCGA-62-A46V,TCGA-62-A46V-01Z-00-DX1.631E54D0-9E57-4932-B4EF-81820E56A95B,1,TCGA-62-A46V-01,1,1,1,0,0.198025,0.6250000049622031,0.6064198551161694,37.749773397336135,62.25022660266386,stroma-high,0.6225022660266386,0.6230341014076812,True,0.3613844556681629,True,0.0,True,,False,,,,2,TCGA-62-A46V-01,TCGA-62-A46V,Female,Stage IB,78,0:LIVING,72.24,0,I,matched
TCGA-62-A46V,TCGA-62-A46V-01Z-00-DX1.631E54D0-9E57-4932-B4EF-81820E56A95B,2,TCGA-62-A46V-01,2,2,1,0,0.39605,0.9062499981628207,0.36090493503293364,26.519481687690394,73.48051831230961,stroma-high,0.7348051831230962,0.7196123212283777,True,0.9904268450725829,True,8.615816801720934,True,,False,,,,3,TCGA-62-A46V-01,TCGA-62-A46V,Female,Stage IB,78,0:LIVING,72.24,0,I,matched
TCGA-62-A46V,TCGA-62-A46V-01Z-00-DX1.631E54D0-9E57-4932-B4EF-81820E56A95B,3,TCGA-62-A46V-01,3,3,1,0,0.2351546875,0.9999999950164477,0.22689937061376544,18.49372296117956,81.50627703882044,stroma-high,0.8150627703882044,0.815059677772974,True,0.0009361293361964603,True,0.0038897917368115958,True,,False,,,,4,TCGA-62-A46V-01,TCGA-62-A46V,Female,Stage IB,78,0:LIVING,72.24,0,I,matched
TCGA-62-A46V,TCGA-62-A46V-01Z-00-DX1.631E54D0-9E57-4932-B4EF-81820E56A95B,4,TCGA-62-A46V-01,4,4,1,0,0.3836734375,0.8064516065562437,0.2382067437804712,19.23804283710994,80.76195716289006,stroma-high,0.8076195716289005,0.8025236950788475,True,2.1522477738418946,True,5.506585674549102,True,,False,,,,5,TCGA-62-A46V-01,TCGA-62-A46V,Female,Stage IB,78,0:LIVING,72.24,0,I,matched
TCGA-62-A46V,TCGA-62-A46V-01Z-00-DX1.631E54D0-9E57-4932-B4EF-81820E56A95B,5,TCGA-62-A46V-01,5,5;6;8;10;14,5,4,175.7595640625,0.980001408182117,0.9935446339252009,49.83809326450623,50.16190673549378,stroma-high,0.5016190673549378,0.4823038890222902,True,4.0292062942368,True,8.424450575233843,True,1.2741439452567291,True,207.82842034151372,111.25,497.5636813660548,6,TCGA-62-A46V-01,TCGA-62-A46V,Female,Stage IB,78,0:LIVING,72.24,0,I,matched
TCGA-62-A46V,TCGA-62-A46V-01Z-00-DX1.631E54D0-9E57-4932-B4EF-81820E56A95B,6,TCGA-62-A46V-01,6,7;9;11,3,2,3.8986171875,0.9904761896246321,0.2783523248570327,21.774304270003405,78.22569572999659,stroma-high,0.7822569572999659,0.7760960085884225,True,3.388600902652529,True,6.701951383688083,True,0.08613535528849035,True,456.7625057019296,456.7625057019296,802.2750114038593,7,TCGA-62-A46V-01,TCGA-62-A46V,Female,Stage IB,78,0:LIVING,72.24,0,I,matched
TCGA-62-A46V,TCGA-62-A46V-01Z-00-DX1.631E54D0-9E57-4932-B4EF-81820E56A95B,7,TCGA-62-A46V-01,7,12;13,2,1,0.3836734375,1.0000000025292168,0.18493038737883705,15.606856685304374,84.39314331469564,stroma-high,0.8439314331469563,0.8432668556193984,True,0.8962067173021828,True,1.2395289635733562,True,0.0,True,222.50084639564776,222.50084639564776,222.50084639564776,8,TCGA-62-A46V-01,TCGA-62-A46V,Female,Stage IB,78,0:LIVING,72.24,0,I,matched
TCGA-64-1681,TCGA-64-1681-01Z-00-DX1.fb0244f6-51a8-4da2-b45c-38d8e02edab7,1,TCGA-64-1681-01,1,1;2;3;4;5;6;7;8;9;10;11;12;13;14;15;16;17;18;19;20;21;22;23;24,24,46,20.760885,0.9845697324311352,0.2458330302940342,19.732421947105877,80.26757805289412,stroma-high,0.8026757805289413,0.802712178221873,True,2.5247750331269017,True,2.3408786966729362,True,2.8464673072810966,True,448.348608642825,464.33666653301856,992.8527382994582,2,TCGA-64-1681-01,TCGA-64-1681,Female,Stage IA,61,1:DECEASED,38.34,1,I,matched
TCGA-64-5781,TCGA-64-5781-01Z-00-DX1.81474D4D-6B48-473F-BAA9-ABD75C9223C3,1,TCGA-64-5781-01,1,1;4,2,1,57.9793139375,0.9394965098317908,1.0031520962578067,50.0786784054914,49.92132159450859,stroma-low,0.4992132159450859,0.45028122006772087,True,71.8530984042,True,28.134015930076757,True,93.3637407426257,True,110.75,110.75,110.75,2,TCGA-64-5781-01,TCGA-64-5781,Female,Stage IB,55,0:LIVING,51.22,0,I,matched
TCGA-64-5781,TCGA-64-5781-01Z-00-DX1.81474D4D-6B48-473F-BAA9-ABD75C9223C3,2,TCGA-64-5781-01,2,2,1,0,0.3066390625,0.7999999960580316,4.817231132066825,82.80969111769319,17.190308882306805,stroma-low,0.17190308882306804,0.648298183913431,True,97.20394608602201,True,51.756355884510505,True,,False,,,,3,TCGA-64-5781-01,TCGA-64-5781,Female,Stage IB,55,0:LIVING,51.22,0,I,matched
TCGA-64-5781,TCGA-64-5781-01Z-00-DX1.81474D4D-6B48-473F-BAA9-ABD75C9223C3,3,TCGA-64-5781-01,3,3,1,0,0.220780125,1.0000000034099987,0.507511174122372,33.66549998661402,66.33450001338598,stroma-high,0.6633450001338598,0.7838628207781912,True,85.45861215754044,True,63.610329156287214,True,,False,,,,4,TCGA-64-5781-01,TCGA-64-5781,Female,Stage IB,55,0:LIVING,51.22,0,I,matched
TCGA-67-3770,TCGA-67-3770-01Z-00-DX1.4C14BE72-905C-4AAE-B07A-6437D98A23FA,1,TCGA-67-3770-01,1,1;3,2,1,34.7974008125,0.8977793440056737,1.0067026464825908,50.16700646940242,49.832993530597584,stroma-low,0.49832993530597586,0.4723359837349091,True,23.948515282995732,True,13.042306938094592,True,4.213211492617025,True,110.75,110.75,110.75,2,TCGA-67-3770-01,TCGA-67-3770,Female,Stage IA,70,0:LIVING,20.04,0,I,matched
TCGA-67-3770,TCGA-67-3770-01Z-00-DX1.4C14BE72-905C-4AAE-B07A-6437D98A23FA,2,TCGA-67-3770-01,2,2;4,2,1,35.2266955,0.9073816158791526,1.0392712984178418,50.96287576960237,49.037124230397644,stroma-low,0.49037124230397644,0.4651468367150736,True,22.25307390289329,True,12.04705290824563,True,0.22483137777050166,True,110.75,110.75,110.75,3,TCGA-67-3770-01,TCGA-67-3770,Female,Stage IA,70,0:LIVING,20.04,0,I,matched
TCGA-67-3772,TCGA-67-3772-01Z-00-DX1.CB05C5CC-2801-4BB9-94A0-83E9005BCA2E,1,TCGA-67-3772-01,1,1,1,0,0.7236681875,0.7966101699946764,0.3332540035864293,24.99553743622611,75.00446256377388,stroma-high,0.7500446256377389,0.7572363393049533,True,7.64156542912994,True,1.6812026277411498,True,,False,,,,2,TCGA-67-3772-01,TCGA-67-3772,Female,Stage IB,82,0:LIVING,18.82,0,I,matched
TCGA-67-3772,TCGA-67-3772-01Z-00-DX1.CB05C5CC-2801-4BB9-94A0-83E9005BCA2E,2,TCGA-67-3772-01,2,2;3,2,1,0.784996,0.718749997386567,0.31505521744505555,23.957565679801498,76.04243432019851,stroma-high,0.760424343201985,0.7573305570051824,True,4.718327628445977,True,5.234554861481012,True,0.0,True,110.75,110.75,110.75,3,TCGA-67-3772-01,TCGA-67-3772,Female,Stage IB,82,0:LIVING,18.82,0,I,matched
TCGA-67-3772,TCGA-67-3772-01Z-00-DX1.CB05C5CC-2801-4BB9-94A0-83E9005BCA2E,3,TCGA-67-3772-01,3,4;5;10;19;22;24;26;28;31;36,10,11,40.86885425,0.9627851135200313,0.3966385585033913,28.399513681508324,71.60048631849168,stroma-high,0.7160048631849167,0.7125466330405178,True,5.2836316988066,True,4.506625412598292,True,4.634073485131951,True,469.88833991849975,332.25,946.2854138847877,4,TCGA-67-3772-01,TCGA-67-3772,Female,Stage IB,82,0:LIVING,18.82,0,I,matched
TCGA-67-3772,TCGA-67-3772-01Z-00-DX1.CB05C5CC-2801-4BB9-94A0-83E9005BCA2E,4,TCGA-67-3772-01,4,6;8;11;13;14;17;20;23;25;27;29;30;32;33;34;37;38,17,18,48.252722875,0.9651753939744121,0.37525684291152284,27.2863098151961,72.71369018480391,stroma-high,0.727136901848039,0.723399767038515,True,5.005178076033504,True,4.7242701967316405,True,4.330554885368512,True,397.331106770816,399.3546564107055,775.2500000000001,5,TCGA-67-3772-01,TCGA-67-3772,Female,Stage IB,82,0:LIVING,18.82,0,I,matched
TCGA-67-3772,TCGA-67-3772-01Z-00-DX1.CB05C5CC-2801-4BB9-94A0-83E9005BCA2E,5,TCGA-67-3772-01,5,7,1,0,0.367966875,0.9999999981203775,0.1805130666712546,15.291068923129783,84.70893107687021,stroma-high,0.8470893107687021,0.8458048248936935,True,1.2693059712842343,True,2.748787028808309,True,,False,,,,6,TCGA-67-3772-01,TCGA-67-3772,Female,Stage IB,82,0:LIVING,18.82,0,I,matched
TCGA-67-3772,TCGA-67-3772-01Z-00-DX1.CB05C5CC-2801-4BB9-94A0-83E9005BCA2E,6,TCGA-67-3772-01,6,9,1,0,0.3557013125,0.9999999997608342,0.21800776734670083,17.89871733097461,82.1012826690254,stroma-high,0.8210128266902539,0.8193330099096702,True,0.06798065503884068,True,1.8214506443736924,True,,False,,,,7,TCGA-67-3772-01,TCGA-67-3772,Female,Stage IB,82,0:LIVING,18.82,0,I,matched
TCGA-67-3772,TCGA-67-3772-01Z-00-DX1.CB05C5CC-2801-4BB9-94A0-83E9005BCA2E,7,TCGA-67-3772-01,7,12;15;16;18;21,5,7,6.1695779375,0.999999999886297,0.2707416307019065,21.30579687960327,78.69420312039674,stroma-high,0.7869420312039673,0.7885424719119601,True,2.9550760579117146,True,0.9744231450264401,True,0.8461124917673514,True,465.1917755967831,469.91309790847987,742.9721418418318,8,TCGA-67-3772-01,TCGA-67-3772,Female,Stage IB,82,0:LIVING,18.82,0,I,matched
TCGA-67-3772,TCGA-67-3772-01Z-00-DX1.CB05C5CC-2801-4BB9-94A0-83E9005BCA2E,8,TCGA-67-3772-01,8,35,1,0,0.466091375,0.9210526281079326,0.23730668298855717,19.179293723313044,80.82070627668695,stroma-high,0.8082070627668695,0.811339868792069,True,3.063459623269161,True,0.0,True,,False,,,,9,TCGA-67-3772-01,TCGA-67-3772,Female,Stage IB,82,0:LIVING,18.82,0,I,matched
TCGA-67-3773,TCGA-67-3773-01Z-00-DX1.3E9DFC22-E962-4C18-BF5B-27EBEA089F5D,1,TCGA-67-3773-01,1,1;2;7;9,4,3,23.353631,0.9406512607948483,0.7931485933378718,44.232173300343085,55.76782669965691,stroma-high,0.5576782669965691,0.5593934178893932,True,3.9160744331690456,True,1.1014413554644171,True,0.0,True,147.6669500722775,110.75,221.50085021683248,2,TCGA-67-3773-01,TCGA-67-3773,Female,Stage IB,84,0:LIVING,14.03,0,I,matched
TCGA-67-3773,TCGA-67-3773-01Z-00-DX1.3E9DFC22-E962-4C18-BF5B-27EBEA089F5D,2,TCGA-67-3773-01,2,3;4;5;6;8,5,4,24.702842875,0.9528301883361293,0.7974322258828717,44.36507893871687,55.63492106128314,stroma-high,0.5563492106128314,0.5584140816864999,True,4.267113111531155,True,0.9726563287805547,True,0.04012425833649561,True,366.17303019837215,221.50085021683248,865.0256265169842,3,TCGA-67-3773-01,TCGA-67-3773,Female,Stage IB,84,0:LIVING,14.03,0,I,matched
TCGA-67-3773,TCGA-67-3773-01Z-00-DX1.3E9DFC22-E962-4C18-BF5B-27EBEA089F5D,3,TCGA-67-3773-01,3,10,1,0,1.22655625,0.8999999977767403,0.5495519701393398,35.46521709045503,64.53478290954496,stroma-high,0.6453478290954496,0.6491931720470618,True,11.30105649956864,True,6.4626014472564695,True,,False,,,,4,TCGA-67-3773-01,TCGA-67-3773,Female,Stage IB,84,0:LIVING,14.03,0,I,matched
TCGA-67-3774,TCGA-67-3774-01Z-00-DX1.FE85FDCB-91D2-47C5-8D13-D622A51A7BE0,1,TCGA-67-3774-01,1,1;2,2,1,28.235324875,0.9096437882925114,1.0019948488476558,50.04982152798255,49.95017847201745,stroma-low,0.4995017847201745,0.48214462609817665,True,19.19820368596915,True,11.47793502043629,True,7.672314129306777,True,110.75,110.75,110.75,2,TCGA-67-3774-01,TCGA-67-3774,Female,Stage IB,73,0:LIVING,12.65,0,I,matched
TCGA-67-3774,TCGA-67-3774-01Z-00-DX1.FE85FDCB-91D2-47C5-8D13-D622A51A7BE0,2,TCGA-67-3774-01,2,3,1,0,1.103900625,0.7555555545829419,0.46295602874566755,31.64524562933065,68.35475437066935,stroma-high,0.6835475437066936,0.6764698646116429,True,4.050016041945915,True,5.96734420216278,True,,False,,,,3,TCGA-67-3774-01,TCGA-67-3774,Female,Stage IB,73,0:LIVING,12.65,0,I,matched
TCGA-67-6215,TCGA-67-6215-01Z-00-DX1.c014ffaf-6db8-42ef-a50c-9de98d6a5345,1,TCGA-67-6215-01,1,1,1,0,41.287671,0.9083855567893496,1.9981584554881233,66.64619249294506,33.35380750705493,stroma-low,0.33353807507054933,0.3212105302445028,True,11.634215793111427,True,6.964260177336769,True,,False,,,,2,TCGA-67-6215-01,TCGA-67-6215,Female,Stage IB,52,0:LIVING,5.72,0,I,matched
TCGA-67-6215,TCGA-67-6215-01Z-00-DX1.c014ffaf-6db8-42ef-a50c-9de98d6a5345,2,TCGA-67-6215-01,2,2,1,0,41.447844,0.899227110607936,1.9735630793773282,66.37031153180034,33.62968846819966,stroma-low,0.3362968846819966,0.32112957916556756,True,4.4702569868518545,True,7.219894478131055,True,,False,,,,3,TCGA-67-6215-01,TCGA-67-6215,Female,Stage IB,52,0:LIVING,5.72,0,I,matched
TCGA-67-6216,TCGA-67-6216-01Z-00-DX1.04da6a64-bd3a-48ed-bc99-d651e00a1aa4,1,TCGA-67-6216-01,1,1,1,0,37.936359,0.9269243260900439,1.7222161803772265,63.2652245913318,36.73477540866819,stroma-low,0.3673477540866819,0.35255685127965164,True,24.053589798953716,True,14.760647255290271,True,,False,,,,2,TCGA-67-6216-01,TCGA-67-6216,Female,Stage IA,57,0:LIVING,4.63,0,I,matched
TCGA-67-6216,TCGA-67-6216-01Z-00-DX1.04da6a64-bd3a-48ed-bc99-d651e00a1aa4,2,TCGA-67-6216-01,2,2,1,0,39.328632,0.9461152885962643,1.8185989475265274,64.52138035183921,35.4786196481608,stroma-low,0.35478619648160803,0.33905459121426273,True,25.41259149546404,True,15.615649090949567,True,,False,,,,3,TCGA-67-6216-01,TCGA-67-6216,Female,Stage IA,57,0:LIVING,4.63,0,I,matched
TCGA-67-6216,TCGA-67-6216-01Z-00-DX1.04da6a64-bd3a-48ed-bc99-d651e00a1aa4,3,TCGA-67-6216-01,3,3,1,0,0.258741,0.4285714284799594,0.7788616298999163,43.784272863524365,56.215727136475635,stroma-high,0.5621572713647564,0.5188352819513345,True,13.59743492770088,True,23.63156360058984,True,,False,,,,4,TCGA-67-6216-01,TCGA-67-6216,Female,Stage IA,57,0:LIVING,4.63,0,I,matched
TCGA-67-6217,TCGA-67-6217-01Z-00-DX1.3fa5c69b-60d1-41fb-a86f-48f77d81285f,1,TCGA-67-6217-01,1,1;2;3;5;7;16;21;26,8,10,65.3013,0.9639622642548215,0.6296303905512063,38.63639228882078,61.36360771117921,stroma-high,0.6136360771117921,0.5908872270233996,True,27.23340930250061,True,19.187944421194164,True,28.0857702110213,True,425.92786595985046,385.84781382131337,866.9781889359452,2,TCGA-67-6217-01,TCGA-67-6217,Female,Stage IIA,73,0:LIVING,13.86,0,II,matched
TCGA-67-6217,TCGA-67-6217-01Z-00-DX1.3fa5c69b-60d1-41fb-a86f-48f77d81285f,2,TCGA-67-6217-01,2,4;6;8;12;20;25,6,8,61.72821,0.9622754492649097,0.6592585198422107,39.732115999916864,60.267884000083136,stroma-high,0.6026788400008314,0.573659494474692,True,28.910288655841,True,21.24219655803172,True,34.802073141602754,True,353.72131704552226,290.62133378837973,915.364299190529,3,TCGA-67-6217-01,TCGA-67-6217,Female,Stage IIA,73,0:LIVING,13.86,0,II,matched
TCGA-67-6217,TCGA-67-6217-01Z-00-DX1.3fa5c69b-60d1-41fb-a86f-48f77d81285f,3,TCGA-67-6217-01,3,9;10;11;15;18;23,6,8,2.143854,1.0000000017724275,0.22526709133646888,18.385141731894322,81.61485826810568,stroma-high,0.8161485826810567,0.8144298816173849,True,24.590003050789345,True,25.083705458280996,True,37.10264572713255,True,518.7560734753636,397.52479802038016,999.0,4,TCGA-67-6217-01,TCGA-67-6217,Female,Stage IIA,73,0:LIVING,13.86,0,II,matched
TCGA-67-6217,TCGA-67-6217-01Z-00-DX1.3fa5c69b-60d1-41fb-a86f-48f77d81285f,4,TCGA-67-6217-01,4,13;14;17;19;22,5,7,1.774224,1.0000000021590774,0.24816320321079172,19.88227201157776,80.11772798842223,stroma-high,0.8011772798842224,0.8075686120030825,True,26.983675658553167,True,21.25320151724766,True,51.95709772620625,True,446.8707261019141,248.24210204153533,992.8527382994562,5,TCGA-67-6217-01,TCGA-67-6217,Female,Stage IIA,73,0:LIVING,13.86,0,II,matched
TCGA-67-6217,TCGA-67-6217-01Z-00-DX1.3fa5c69b-60d1-41fb-a86f-48f77d81285f,5,TCGA-67-6217-01,5,24,1,0,0.418914,0.9999999980312114,0.18564246539539014,15.657541865581019,84.34245813441899,stroma-high,0.8434245813441898,0.8426085379828766,True,22.10989478066564,True,23.53887043423738,True,,False,,,,6,TCGA-67-6217-01,TCGA-67-6217,Female,Stage IIA,73,0:LIVING,13.86,0,II,matched
TCGA-69-7973,TCGA-69-7973-01Z-00-DX1.aefb015a-cb51-425f-a80f-cd51091a0ee3,1,TCGA-69-7973-01,1,1,1,0,0.271062,0.727272728108801,0.5210666114222995,34.25665960382019,65.7433403961798,stroma-high,0.6574334039617981,0.6658729417919502,True,8.282871201353522,True,3.148594876614387,True,,False,,,,2,TCGA-69-7973-01,TCGA-69-7973,Female,Stage IB,42,0:LIVING,7.56,0,I,matched
TCGA-69-7973,TCGA-69-7973-01Z-00-DX1.aefb015a-cb51-425f-a80f-cd51091a0ee3,2,TCGA-69-7973-01,2,2,1,0,0.258741,0.761904759937828,0.29655786315851085,22.87270561423876,77.12729438576123,stroma-high,0.7712729438576124,0.7857515179334138,True,16.310362440170554,True,7.051698827366722,True,,False,,,,3,TCGA-69-7973-01,TCGA-69-7973,Female,Stage IB,42,0:LIVING,7.56,0,I,matched
TCGA-69-7973,TCGA-69-7973-01Z-00-DX1.aefb015a-cb51-425f-a80f-cd51091a0ee3,3,TCGA-69-7973-01,3,3;4;5,3,2,85.914333,0.978058224680613,3.306227760262094,76.77781911054478,23.22218088945523,stroma-low,0.23222180889455232,0.23932114604662355,True,30.1078563633828,True,2.093868547474261,True,29.51096669448451,True,603.6164154904118,603.6164154904118,710.7871836031433,4,TCGA-69-7973-01,TCGA-69-7973,Female,Stage IB,42,0:LIVING,7.56,0,I,matched
TCGA-69-7979,TCGA-69-7979-01Z-00-DX1.c9bc265d-4889-4333-9852-b8b535887f1e,1,TCGA-69-7979-01,1,1;5;9,3,2,1.749582,1.0000000004704392,0.303785863420698,23.30028817950714,76.69971182049287,stroma-high,0.7669971182049287,0.7682190373879942,True,0.8461105366261238,True,0.0,True,0.05947132118133898,True,839.9359300194603,839.9359300194603,894.9426911118322,2,TCGA-69-7979-01,TCGA-69-7979,Female,Stage IB,71,0:LIVING,13.4,0,I,matched
TCGA-69-7979,TCGA-69-7979-01Z-00-DX1.c9bc265d-4889-4333-9852-b8b535887f1e,2,TCGA-69-7979-01,2,2,1,0,0.505161,1.00000000025945,0.4791459954399184,32.393421401070945,67.60657859892906,stroma-high,0.6760657859892906,0.6760657859892906,True,0.0,True,0.0,True,,False,,,,3,TCGA-69-7979-01,TCGA-69-7979,Female,Stage IB,71,0:LIVING,13.4,0,I,matched
TCGA-69-7979,TCGA-69-7979-01Z-00-DX1.c9bc265d-4889-4333-9852-b8b535887f1e,3,TCGA-69-7979-01,3,3;7;8,3,3,1.712619,1.0000000004171246,0.3344767820103995,25.064263876251758,74.93573612374823,stroma-high,0.7493573612374823,0.7431161558308619,True,1.3469323804226576,True,4.919145544757616,True,0.25910511067162223,True,621.9927296453144,666.0,866.9781889359434,4,TCGA-69-7979-01,TCGA-69-7979,Female,Stage IB,71,0:LIVING,13.4,0,I,matched
TCGA-69-7979,TCGA-69-7979-01Z-00-DX1.c9bc265d-4889-4333-9852-b8b535887f1e,4,TCGA-69-7979-01,4,4,1,0,2.180817,0.8305084746650008,0.6397878100145793,39.01649994634922,60.983500053650786,stroma-high,0.6098350005365079,0.6101074671861385,True,2.370416146399829,True,1.2857822551081655,True,,False,,,,5,TCGA-69-7979-01,TCGA-69-7979,Female,Stage IB,71,0:LIVING,13.4,0,I,matched
TCGA-69-7979,TCGA-69-7979-01Z-00-DX1.c9bc265d-4889-4333-9852-b8b535887f1e,5,TCGA-69-7979-01,5,6,1,0,0.431235,0.9999999991784404,0.8117913132157778,44.806005376795646,55.193994623204354,stroma-high,0.5519399462320436,0.5364339626174986,True,4.176134497291206,True,8.809626241911731,True,,False,,,,6,TCGA-69-7979-01,TCGA-69-7979,Female,Stage IB,71,0:LIVING,13.4,0,I,matched
TCGA-69-7979,TCGA-69-7979-01Z-00-DX1.c9bc265d-4889-4333-9852-b8b535887f1e,6,TCGA-69-7979-01,6,10;13;21;23;25;26;27;28,8,8,116.137746,0.9752811371005228,0.7378486131317276,42.45758851238898,57.54241148761102,stroma-high,0.5754241148761102,0.5673583023372053,True,2.74297668185216,True,4.303597845693075,True,4.977764526491203,True,394.514603731816,255.62802211469645,845.3885498589184,7,TCGA-69-7979-01,TCGA-69-7979,Female,Stage IB,71,0:LIVING,13.4,0,I,matched
TCGA-69-7979,TCGA-69-7979-01Z-00-DX1.c9bc265d-4889-4333-9852-b8b535887f1e,7,TCGA-69-7979-01,7,11;12;14;15;17;18;20,7,10,4.521807,0.9999999994145928,0.18168875481852287,15.375347702824302,84.6246522971757,stroma-high,0.846246522971757,0.8460948268572761,True,0.20552365554852922,True,0.3310775479903441,True,0.11152840587021501,True,475.0819765456342,499.5003817364478,784.9291689270884,8,TCGA-69-7979-01,TCGA-69-7979,Female,Stage IB,71,0:LIVING,13.4,0,I,matched
TCGA-69-7979,TCGA-69-7979-01Z-00-DX1.c9bc265d-4889-4333-9852-b8b535887f1e,8,TCGA-69-7979-01,8,16;19,2,1,0.542124,1.000000004962203,0.21082943681904603,17.411984744351216,82.58801525564878,stroma-high,0.8258801525564878,0.8259138787732658,True,0.02810102398942912,True,0.0,True,0.0,True,222.00084830193703,222.00084830193703,222.00084830193703,9,TCGA-69-7979-01,TCGA-69-7979,Female,Stage IB,71,0:LIVING,13.4,0,I,matched
TCGA-69-7979,TCGA-69-7979-01Z-00-DX1.c9bc265d-4889-4333-9852-b8b535887f1e,9,TCGA-69-7979-01,9,22,1,0,0.197136,0.999999996558472,0.2830909447976066,22.06320182878861,77.93679817121138,stroma-high,0.7793679817121139,0.7793679817121139,True,0.0,True,0.0,True,,False,,,,10,TCGA-69-7979-01,TCGA-69-7979,Female,Stage IB,71,0:LIVING,13.4,0,I,matched
TCGA-69-7979,TCGA-69-7979-01Z-00-DX1.c9bc265d-4889-4333-9852-b8b535887f1e,10,TCGA-69-7979-01,10,24,1,0,0.406593,0.9999999960670143,0.1442419633195982,12.605896999366559,87.39410300063344,stroma-high,0.8739410300063344,0.8707091522910467,True,0.0011980320894714174,True,3.956373845011808,True,,False,,,,11,TCGA-69-7979-01,TCGA-69-7979,Female,Stage IB,71,0:LIVING,13.4,0,I,matched
TCGA-69-7979,TCGA-69-7979-01Z-00-DX1.c9bc265d-4889-4333-9852-b8b535887f1e,11,TCGA-69-7979-01,11,29,1,0,0.24642,0.8499999931878847,0.35887281651793357,26.40959567044201,73.59040432955798,stroma-high,0.7359040432955799,0.7254297842934967,True,0.3458805313379188,True,5.732644884954618,True,,False,,,,12,TCGA-69-7979-01,TCGA-69-7979,Female,Stage IB,71,0:LIVING,13.4,0,I,matched
TCGA-69-7979,TCGA-69-7979-01Z-00-DX1.c9bc265d-4889-4333-9852-b8b535887f1e,12,TCGA-69-7979-01,12,30,1,0,0.283383,0.8260869562620982,0.479265660604756,32.39889043384011,67.60110956615989,stroma-high,0.6760110956615989,0.6663485115292437,True,0.10163432111859548,True,4.364844030327636,True,,False,,,,13,TCGA-69-7979-01,TCGA-69-7979,Female,Stage IB,71,0:LIVING,13.4,0,I,matched
TCGA-69-7979,TCGA-69-7979-01Z-00-DX1.c9bc265d-4889-4333-9852-b8b535887f1e,13,TCGA-69-7979-01,13,31,1,0,1.096569,0.719101124064948,0.7687185079438328,43.46189088265277,56.538109117347226,stroma-high,0.5653810911734722,0.5653689801975753,True,0.0,True,0.0058938379705305135,True,,False,,,,14,TCGA-69-7979-01,TCGA-69-7979,Female,Stage IB,71,0:LIVING,13.4,0,I,matched
TCGA-69-7979,TCGA-69-7979-01Z-00-DX1.c9bc265d-4889-4333-9852-b8b535887f1e,14,TCGA-69-7979-01,14,32,1,0,0.258741,0.9999999920893017,0.41840602422500395,29.49832537926612,70.50167462073388,stroma-high,0.7050167462073388,0.7050167462073388,True,0.0,True,0.0,True,,False,,,,15,TCGA-69-7979-01,TCGA-69-7979,Female,Stage IB,71,0:LIVING,13.4,0,I,matched
TCGA-69-7979,TCGA-69-7979-01Z-00-DX1.c9bc265d-4889-4333-9852-b8b535887f1e,15,TCGA-69-7979-01,15,33,1,0,0.36963,0.6333333270590326,5.877558564647161,85.45995660232806,14.540043397671933,stroma-low,0.14540043397671934,0.14540043397671934,True,0.0,True,0.0,True,,False,,,,16,TCGA-69-7979-01,TCGA-69-7979,Female,Stage IB,71,0:LIVING,13.4,0,I,matched
TCGA-69-7979,TCGA-69-7979-01Z-00-DX1.c9bc265d-4889-4333-9852-b8b535887f1e,16,TCGA-69-7979-01,16,34,1,0,0.998001,0.9506172853672508,0.8401255755688142,45.65588276817015,54.344117231829834,stroma-high,0.5434411723182984,0.5434411723182984,True,0.0,True,0.0,True,,False,,,,17,TCGA-69-7979-01,TCGA-69-7979,Female,Stage IB,71,0:LIVING,13.4,0,I,matched
TCGA-69-7979,TCGA-69-7979-01Z-00-DX1.c9bc265d-4889-4333-9852-b8b535887f1e,17,TCGA-69-7979-01,17,35,1,0,0.455877,0.8108108130128696,0.8662516112227715,46.41665711169577,53.58334288830423,stroma-high,0.5358334288830423,0.513268430921188,True,0.0,True,11.4920607528936,True,,False,,,,18,TCGA-69-7979-01,TCGA-69-7979,Female,Stage IB,71,0:LIVING,13.4,0,I,matched
TCGA-69-7979,TCGA-69-7979-01Z-00-DX1.c9bc265d-4889-4333-9852-b8b535887f1e,18,TCGA-69-7979-01,18,36,1,0,0.234099,0.7894736870351297,0.45293595608174575,31.173841777803897,68.8261582221961,stroma-high,0.688261582221961,0.688261582221961,True,0.0,True,0.0,True,,False,,,,19,TCGA-69-7979-01,TCGA-69-7979,Female,Stage IB,71,0:LIVING,13.4,0,I,matched
TCGA-69-7980,TCGA-69-7980-01Z-00-DX1.8bbf8cc0-eca7-49e5-a022-c22e3e6ed6dc,1,TCGA-69-7980-01,1,1;2;4;9;10;12;13;15;17;18;20;23;25;26;28,15,20,38.342952,0.9473007711629388,0.5609711253265017,35.93731595830549,64.06268404169451,stroma-high,0.6406268404169451,0.6353217943233493,True,9.217620567908186,True,8.172672871334253,True,6.140086702490794,True,396.3429895204578,333.00056553522495,808.1277252851091,2,TCGA-69-7980-01,TCGA-69-7980,Female,Stage I,70,0:LIVING,13.5,0,I,matched
TCGA-69-7980,TCGA-69-7980-01Z-00-DX1.8bbf8cc0-eca7-49e5-a022-c22e3e6ed6dc,2,TCGA-69-7980-01,2,3;5;6;7;8,5,6,2.661336,0.9398148156325685,0.24150194760772728,19.4524018325611,80.5475981674389,stroma-high,0.805475981674389,0.8017800439293753,True,8.640475046358862,True,11.01133322151213,True,5.526458974392848,True,452.3070998652741,506.36990417739315,702.0619919326243,3,TCGA-69-7980-01,TCGA-69-7980,Female,Stage I,70,0:LIVING,13.5,0,I,matched
TCGA-69-7980,TCGA-69-7980-01Z-00-DX1.8bbf8cc0-eca7-49e5-a022-c22e3e6ed6dc,3,TCGA-69-7980-01,3,11,1,0,0.24642,0.5499999980507709,1.8002635862042782,64.28907603817798,35.71092396182202,stroma-low,0.35710923961822016,0.489533465151448,True,59.20919347661009,True,32.05003277032681,True,,False,,,,4,TCGA-69-7980-01,TCGA-69-7980,Female,Stage I,70,0:LIVING,13.5,0,I,matched
TCGA-69-7980,TCGA-69-7980-01Z-00-DX1.8bbf8cc0-eca7-49e5-a022-c22e3e6ed6dc,4,TCGA-69-7980-01,4,14;16;19;21;22,5,5,2.156175,0.8971428578472738,0.2128176404682053,17.547373435799265,82.45262656420074,stroma-high,0.8245262656420074,0.8149082930526227,True,1.4903519229394673,True,8.268138622597759,True,0.5676281287918544,True,681.3755516274139,784.9210409438667,866.978188935942,5,TCGA-69-7980-01,TCGA-69-7980,Female,Stage I,70,0:LIVING,13.5,0,I,matched
TCGA-69-7980,TCGA-69-7980-01Z-00-DX1.8bbf8cc0-eca7-49e5-a022-c22e3e6ed6dc,5,TCGA-69-7980-01,5,24;27;30;31;32;34;35;36;38;42;43;44,12,14,9.548775,0.9690322579393461,0.3225038475972155,24.385853257300916,75.61414674269909,stroma-high,0.7561414674269908,0.7554835663505168,True,7.848580848887399,True,7.466727936341246,True,4.987057284823339,True,549.3166520643824,576.3954944226584,894.9498198729613,6,TCGA-69-7980-01,TCGA-69-7980,Female,Stage I,70,0:LIVING,13.5,0,I,matched
TCGA-69-7980,TCGA-69-7980-01Z-00-DX1.8bbf8cc0-eca7-49e5-a022-c22e3e6ed6dc,6,TCGA-69-7980-01,6,29,1,0,0.283383,0.999999993166294,0.27771411984370004,21.73523134249093,78.26476865750907,stroma-high,0.7826476865750907,0.8161190996204377,True,68.1847516681716,True,56.93003195797951,True,,False,,,,7,TCGA-69-7980-01,TCGA-69-7980,Female,Stage I,70,0:LIVING,13.5,0,I,matched
TCGA-69-7980,TCGA-69-7980-01Z-00-DX1.8bbf8cc0-eca7-49e5-a022-c22e3e6ed6dc,7,TCGA-69-7980-01,7,33,1,0,1.897434,0.9999999998949711,0.43884001225921365,30.49956968948641,69.5004303105136,stroma-high,0.695004303105136,0.7053408209744509,True,25.576502117568655,True,14.712970677555498,True,,False,,,,8,TCGA-69-7980-01,TCGA-69-7980,Female,Stage I,70,0:LIVING,13.5,0,I,matched
TCGA-69-7980,TCGA-69-7980-01Z-00-DX1.8bbf8cc0-eca7-49e5-a022-c22e3e6ed6dc,8,TCGA-69-7980-01,8,37;39,2,1,2.390274,0.9742268046625261,0.3106751225657074,23.703442387580107,76.29655761241989,stroma-high,0.7629655761241989,0.7739069667988872,True,12.592502112575529,True,3.208427199715961,True,0.0,True,111.0,111.0,111.0,9,TCGA-69-7980-01,TCGA-69-7980,Female,Stage I,70,0:LIVING,13.5,0,I,matched
TCGA-69-7980,TCGA-69-7980-01Z-00-DX1.8bbf8cc0-eca7-49e5-a022-c22e3e6ed6dc,9,TCGA-69-7980-01,9,40,1,0,0.443556,0.9722222212360268,0.44208842588953146,30.656124683674346,69.34387531632565,stroma-high,0.6934387531632565,0.6803795783558723,True,5.820703198288058,True,11.94084246125595,True,,False,,,,10,TCGA-69-7980-01,TCGA-69-7980,Female,Stage I,70,0:LIVING,13.5,0,I,matched
TCGA-69-7980,TCGA-69-7980-01Z-00-DX1.8bbf8cc0-eca7-49e5-a022-c22e3e6ed6dc,10,TCGA-69-7980-01,10,41,1,0,0.579087,0.9999999986598307,0.31352916921840895,23.869220156334148,76.13077984366585,stroma-high,0.7613077984366585,0.761500272904151,True,2.51435371882981,True,1.9757414943256328,True,,False,,,,11,TCGA-69-7980-01,TCGA-69-7980,Female,Stage I,70,0:LIVING,13.5,0,I,matched
TCGA-69-7980,TCGA-69-7980-01Z-00-DX1.8bbf8cc0-eca7-49e5-a022-c22e3e6ed6dc,11,TCGA-69-7980-01,11,45;46,2,1,0.887112,1.000000000483447,0.16967580189635192,14.506224854892514,85.49377514510749,stroma-high,0.8549377514510749,0.8511181324888468,True,3.4862279604234025,True,6.346225662050223,True,1.5783111236392227,True,710.7871836031403,710.7871836031403,710.7871836031403,12,TCGA-69-7980-01,TCGA-69-7980,Female,Stage I,70,0:LIVING,13.5,0,I,matched
TCGA-69-7980,TCGA-69-7980-01Z-00-DX1.8bbf8cc0-eca7-49e5-a022-c22e3e6ed6dc,12,TCGA-69-7980-01,12,47,1,0,0.258741,0.9047619069160215,0.2027520384476016,16.857343156889986,83.14265684311,stroma-high,0.8314265684311001,0.8267682591126841,True,7.851380644161704,True,10.673988236301406,True,,False,,,,13,TCGA-69-7980-01,TCGA-69-7980,Female,Stage I,70,0:LIVING,13.5,0,I,matched
TCGA-69-8253,TCGA-69-8253-01Z-00-DX1.631c741f-46bd-4d4b-8f6c-64787fb4c402,1,TCGA-69-8253-01,1,1;3;4;5;6;7;9;10,8,7,87.774804,0.9966311064216588,1.034646497142913,50.85141318630937,49.14858681369063,stroma-low,0.49148586813690626,0.4868691168449245,True,32.38569495924279,True,12.629704715613318,True,35.71936996138492,True,440.2348910348136,332.99999999999994,894.9498198729618,2,TCGA-69-8253-01,TCGA-69-8253,Female,Stage IIA,59,0:LIVING,13.99,0,II,matched
TCGA-69-8253,TCGA-69-8253-01Z-00-DX1.631c741f-46bd-4d4b-8f6c-64787fb4c402,2,TCGA-69-8253-01,2,2,1,0,0.147852,1.0000000043328328,0.7502193384352593,42.86430403094361,57.1356959690564,stroma-high,0.571356959690564,0.5393888262544813,True,22.683722985153285,True,33.80599569358296,True,,False,,,,3,TCGA-69-8253-01,TCGA-69-8253,Female,Stage IIA,59,0:LIVING,13.99,0,II,matched
TCGA-69-8253,TCGA-69-8253-01Z-00-DX1.631c741f-46bd-4d4b-8f6c-64787fb4c402,3,TCGA-69-8253-01,3,8,1,0,0.332667,0.9999999981589133,0.6379760196535353,38.94904516297375,61.05095483702624,stroma-high,0.6105095483702624,0.6119330522125105,True,27.163871096668462,True,25.869440646797397,True,,False,,,,4,TCGA-69-8253-01,TCGA-69-8253,Female,Stage IIA,59,0:LIVING,13.99,0,II,matched
TCGA-71-6725,TCGA-71-6725-01Z-00-DX1.b9e1d4aa-439d-481f-b24b-134c4e470f28,1,TCGA-71-6725-01,1,1,1,0,0.271062,1.0000000003174963,0.32831841526247446,24.71684586241312,75.28315413758688,stroma-high,0.7528315413758688,0.7190265236103114,True,6.263687442770605,True,29.729492011163906,True,,False,,,,2,TCGA-71-6725-01,TCGA-71-6725,Female,Stage IB,48,0:LIVING,8.41,0,I,matched
TCGA-71-6725,TCGA-71-6725-01Z-00-DX1.b9e1d4aa-439d-481f-b24b-134c4e470f28,2,TCGA-71-6725-01,2,2,1,0,0.320346,0.5769230764529382,1.008672754888502,50.21588272324089,49.78411727675912,stroma-low,0.49784117276759116,0.3961650974217637,True,6.953924804290184,True,41.13990829745724,True,,False,,,,3,TCGA-71-6725-01,TCGA-71-6725,Female,Stage IB,48,0:LIVING,8.41,0,I,matched
TCGA-71-6725,TCGA-71-6725-01Z-00-DX1.b9e1d4aa-439d-481f-b24b-134c4e470f28,3,TCGA-71-6725-01,3,3;5;6;7;8;10;11,7,8,191.147994,0.9149155603152723,1.7924302558162915,64.18889968989836,35.81110031010164,stroma-low,0.3581110031010164,0.3466676377450247,True,8.051250411797,True,7.156426085230423,True,0.636013817198135,True,315.2418495531899,267.9980263284224,894.94269111183,4,TCGA-71-6725-01,TCGA-71-6725,Female,Stage IB,48,0:LIVING,8.41,0,I,matched
TCGA-71-6725,TCGA-71-6725-01Z-00-DX1.b9e1d4aa-439d-481f-b24b-134c4e470f28,4,TCGA-71-6725-01,4,4,1,0,0.344988,0.5357142872396383,1.3104295636122096,56.7180053549625,43.28199464503751,stroma-low,0.4328199464503751,0.4051243565545733,True,3.5716624239735943,True,15.489818593308033,True,,False,,,,5,TCGA-71-6725-01,TCGA-71-6725,Female,Stage IB,48,0:LIVING,8.41,0,I,matched
TCGA-71-6725,TCGA-71-6725-01Z-00-DX1.b9e1d4aa-439d-481f-b24b-134c4e470f28,5,TCGA-71-6725-01,5,9,1,0,0.36963,0.7000000003260841,0.546836507163396,35.35192663419809,64.6480733658019,stroma-high,0.6464807336580191,0.6457895926592814,True,6.179097183683784,True,5.733175073497883,True,,False,,,,6,TCGA-71-6725-01,TCGA-71-6725,Female,Stage IB,48,0:LIVING,8.41,0,I,matched
TCGA-71-6725,TCGA-71-6725-01Z-00-DX1.b9e1d4aa-439d-481f-b24b-134c4e470f28,6,TCGA-71-6725-01,6,12,1,0,0.98568,0.8249999994234031,1.542311025221838,60.66570966025915,39.33429033974085,stroma-low,0.3933429033974085,0.37298822643834617,True,5.8687581874661,True,13.22452468175897,True,,False,,,,7,TCGA-71-6725-01,TCGA-71-6725,Female,Stage IB,48,0:LIVING,8.41,0,I,matched
TCGA-71-6725,TCGA-71-6725-01Z-00-DX1.b9e1d4aa-439d-481f-b24b-134c4e470f28,7,TCGA-71-6725-01,7,13;14,2,1,0.702297,0.824561401768382,1.4600113364344474,59.34978082461178,40.65021917538824,stroma-low,0.40650219175388236,0.5047203554712526,True,50.58812711395909,True,19.534595236292855,True,14.344243703018005,True,333.00056553522495,333.00056553522495,333.00056553522495,8,TCGA-71-6725-01,TCGA-71-6725,Female,Stage IB,48,0:LIVING,8.41,0,I,matched
TCGA-71-8520,TCGA-71-8520-01Z-00-DX1.EAE99132-A397-4B4D-8B09-CBB774A7B62F,1,TCGA-71-8520-01,1,1;2;3;4;5,5,4,179.898921,0.9806862542252668,1.3853427178358686,58.07730300041487,41.92269699958512,stroma-low,0.41922696999585124,0.4164556439247471,True,13.245523281792549,True,3.1669569431423086,True,19.66598416386048,True,307.5551402948498,222.0004241509685,675.2197128774623,2,TCGA-71-8520-01,TCGA-71-8520,Female,Stage IB,60,1:DECEASED,6.9,1,I,matched
TCGA-71-8520,TCGA-71-8520-01Z-00-DX1.EAE99132-A397-4B4D-8B09-CBB774A7B62F,2,TCGA-71-8520-01,2,6,1,0,0.320346,0.999999997206312,0.29082084791124857,22.52991562553723,77.47008437446277,stroma-high,0.7747008437446277,0.7608340959974043,True,5.612116599828373,True,13.396776972896648,True,,False,,,,3,TCGA-71-8520-01,TCGA-71-8520,Female,Stage IB,60,1:DECEASED,6.9,1,I,matched
TCGA-73-4658,TCGA-73-4658-01Z-00-DX1.d5beb44f-9d76-485a-8af4-407b0f1a610e,1,TCGA-73-4658-01,1,1,1,0,0.135531,0.9999999955180101,0.20036883314210255,16.692272209168763,83.30772779083124,stroma-high,0.8330772779083123,0.8115419832713167,True,0.34959769175436833,True,15.724051286719334,True,,False,,,,2,TCGA-73-4658-01,TCGA-73-4658,Female,Stage IB,80,1:DECEASED,52.56,1,I,matched
TCGA-73-4658,TCGA-73-4658-01Z-00-DX1.d5beb44f-9d76-485a-8af4-407b0f1a610e,2,TCGA-73-4658-01,2,2;4;7;9;10;11;15,7,11,20.600712,0.9593301434027519,0.438263580503169,30.47171509062649,69.52828490937351,stroma-high,0.6952828490937352,0.6945212422137096,True,3.459112607436323,True,2.4255319647567144,True,9.440081377204242,True,429.94209308784195,351.04917188918205,915.3642991905276,3,TCGA-73-4658-01,TCGA-73-4658,Female,Stage IB,80,1:DECEASED,52.56,1,I,matched
TCGA-73-4658,TCGA-73-4658-01Z-00-DX1.d5beb44f-9d76-485a-8af4-407b0f1a610e,3,TCGA-73-4658-01,3,3;6,2,1,0.36963,0.8666666636308945,0.27313908689465566,21.45398642664218,78.54601357335783,stroma-high,0.7854601357335782,0.7856445088327245,True,1.703565379894913,True,1.3661906183310395,True,0.0,True,111.00000000000001,111.00000000000001,111.00000000000001,4,TCGA-73-4658-01,TCGA-73-4658,Female,Stage IB,80,1:DECEASED,52.56,1,I,matched
TCGA-73-4658,TCGA-73-4658-01Z-00-DX1.d5beb44f-9d76-485a-8af4-407b0f1a610e,4,TCGA-73-4658-01,4,5;8;13;16;18;21;30,7,6,24.777531,0.984087518682379,0.3968059577790388,28.4080945938956,71.59190540610439,stroma-high,0.715919054061044,0.710829412549811,True,3.5218681843514186,True,4.806822308467207,True,1.0166155380854025,True,430.09572045023737,434.63796852600245,744.6491928247112,5,TCGA-73-4658-01,TCGA-73-4658,Female,Stage IB,80,1:DECEASED,52.56,1,I,matched
TCGA-73-4658,TCGA-73-4658-01Z-00-DX1.d5beb44f-9d76-485a-8af4-407b0f1a610e,5,TCGA-73-4658-01,5,12,1,0,0.332667,1.0000000027691756,1.2859635833179486,56.25477119156221,43.74522880843779,stroma-low,0.43745228808437786,0.6294726077140095,True,59.93633518247361,True,14.452332773540121,True,,False,,,,6,TCGA-73-4658-01,TCGA-73-4658,Female,Stage IB,80,1:DECEASED,52.56,1,I,matched
TCGA-73-4658,TCGA-73-4658-01Z-00-DX1.d5beb44f-9d76-485a-8af4-407b0f1a610e,6,TCGA-73-4658-01,6,14,1,0,1.379952,0.9999999999032039,0.6251402952034105,38.46685095733011,61.53314904266989,stroma-high,0.6153314904266989,0.616392744521915,True,12.37880665599384,True,8.27251258668388,True,,False,,,,7,TCGA-73-4658-01,TCGA-73-4658,Female,Stage IB,80,1:DECEASED,52.56,1,I,matched
TCGA-73-4658,TCGA-73-4658-01Z-00-DX1.d5beb44f-9d76-485a-8af4-407b0f1a610e,7,TCGA-73-4658-01,7,17;31;33;36;39;41;42;45;46,9,15,31.800501,0.9957380861730273,0.5480020688172523,35.400603129422954,64.59939687057704,stroma-high,0.6459939687057704,0.6400166576733541,True,7.634659927206789,True,7.106537555792003,True,4.111445248070336,True,381.9937206849774,351.04917188918205,888.0,8,TCGA-73-4658-01,TCGA-73-4658,Female,Stage IB,80,1:DECEASED,52.56,1,I,matched
TCGA-73-4658,TCGA-73-4658-01Z-00-DX1.d5beb44f-9d76-485a-8af4-407b0f1a610e,8,TCGA-73-4658-01,8,19,1,0,0.283383,0.9999999996191196,1.4566015185488561,59.29335741065926,40.70664258934074,stroma-low,0.4070664258934074,0.4427554227082898,True,26.8259753316185,True,15.345779216644631,True,,False,,,,9,TCGA-73-4658-01,TCGA-73-4658,Female,Stage IB,80,1:DECEASED,52.56,1,I,matched
TCGA-73-4658,TCGA-73-4658-01Z-00-DX1.d5beb44f-9d76-485a-8af4-407b0f1a610e,9,TCGA-73-4658-01,9,20,1,0,0.258741,1.00000000177568,0.22233369876890854,18.189279980813357,81.81072001918665,stroma-high,0.8181072001918664,0.8196930093808757,True,25.28668476580615,True,22.018309769099,True,,False,,,,10,TCGA-73-4658-01,TCGA-73-4658,Female,Stage IB,80,1:DECEASED,52.56,1,I,matched
TCGA-73-4658,TCGA-73-4658-01Z-00-DX1.d5beb44f-9d76-485a-8af4-407b0f1a610e,10,TCGA-73-4658-01,10,22;23;25;26;27;28;29,7,9,6.296031,1.000000000534733,0.2593399348917038,20.593322557821182,79.40667744217883,stroma-high,0.7940667744217883,0.7913000456112641,True,2.888580078894381,True,4.429965857673367,True,0.18143991878188498,True,358.59141271140294,111.0,999.000188511884,11,TCGA-73-4658-01,TCGA-73-4658,Female,Stage IB,80,1:DECEASED,52.56,1,I,matched
TCGA-73-4658,TCGA-73-4658-01Z-00-DX1.d5beb44f-9d76-485a-8af4-407b0f1a610e,11,TCGA-73-4658-01,11,24;32;44;49;52;53;55,7,6,24.789852,0.9980119279137833,0.545813743436434,35.309153237508305,64.69084676249169,stroma-high,0.6469084676249169,0.6409332975811006,True,8.0090543671479,True,7.3526785692651835,True,3.438599400536366,True,177.70934070489864,111.0,400.2560442293919,12,TCGA-73-4658-01,TCGA-73-4658,Female,Stage IB,80,1:DECEASED,52.56,1,I,matched
TCGA-73-4658,TCGA-73-4658-01Z-00-DX1.d5beb44f-9d76-485a-8af4-407b0f1a610e,12,TCGA-73-4658-01,12,34;37;38;40;43,5,7,3.32667,0.9999999996959325,0.23262477627243688,18.87231059689666,81.12768940310335,stroma-high,0.8112768940310334,0.812292610359733,True,2.8711404985492357,True,1.918237530585954,True,7.268344791439793,True,317.1430995148392,222.000848301937,887.9999999999999,13,TCGA-73-4658-01,TCGA-73-4658,Female,Stage IB,80,1:DECEASED,52.56,1,I,matched
TCGA-73-4658,TCGA-73-4658-01Z-00-DX1.d5beb44f-9d76-485a-8af4-407b0f1a610e,13,TCGA-73-4658-01,13,35,1,0,0.295704,0.9999999997038079,0.1511617164038823,13.131232063214965,86.86876793678505,stroma-high,0.8686876793678504,0.8326702717229266,True,2.922019690329338,True,37.214089019611265,True,,False,,,,14,TCGA-73-4658-01,TCGA-73-4658,Female,Stage IB,80,1:DECEASED,52.56,1,I,matched
TCGA-73-4658,TCGA-73-4658-01Z-00-DX1.d5beb44f-9d76-485a-8af4-407b0f1a610e,14,TCGA-73-4658-01,14,47;48;50;51,4,4,1.60173,1.0000000036351804,0.1709381719044672,14.598394347879665,85.40160565212034,stroma-high,0.8540160565212034,0.8521892394541032,True,0.9246172210399081,True,3.2600472632312285,True,0.2588628216938206,True,490.54660019493633,477.62819177535874,784.9291689270906,15,TCGA-73-4658-01,TCGA-73-4658,Female,Stage IB,80,1:DECEASED,52.56,1,I,matched
TCGA-73-4658,TCGA-73-4658-01Z-00-DX1.d5beb44f-9d76-485a-8af4-407b0f1a610e,15,TCGA-73-4658-01,15,54,1,0,0.258741,0.8095238096568556,0.3587506020564248,26.402976492777068,73.59702350722293,stroma-high,0.7359702350722293,0.7319682222508548,True,20.60150951785001,True,21.406983031038276,True,,False,,,,16,TCGA-73-4658-01,TCGA-73-4658,Female,Stage IB,80,1:DECEASED,52.56,1,I,matched
TCGA-73-4662,TCGA-73-4662-01Z-00-DX1.76e23a15-0917-44ad-9181-50100d318003,1,TCGA-73-4662-01,1,1;2;3,3,2,1.737261,0.957446809058954,0.27360701090625433,21.482844281107173,78.51715571889282,stroma-high,0.7851715571889282,0.775705675424789,True,9.814795914762545,True,15.895880237135755,True,11.538556579415259,True,847.4573651160413,847.4573651160413,992.852738299457,2,TCGA-73-4662-01,TCGA-73-4662,Female,Stage IA,65,0:LIVING,82.62,0,I,matched
TCGA-73-4662,TCGA-73-4662-01Z-00-DX1.76e23a15-0917-44ad-9181-50100d318003,2,TCGA-73-4662-01,2,4;5;6;7;8,5,5,72.287307,0.9694903699895054,1.0164715087316563,50.4084240382354,49.5915759617646,stroma-low,0.495915759617646,0.49503029892560113,True,31.13493165227186,True,10.002323469681102,True,39.71112642696591,True,577.6353163527991,710.7871836031403,999.0,3,TCGA-73-4662-01,TCGA-73-4662,Female,Stage IA,65,0:LIVING,82.62,0,I,matched
TCGA-73-7498,TCGA-73-7498-01Z-00-DX1.5313bba9-7f6a-49b4-8d6e-a0f46a04f189,1,TCGA-73-7498-01,1,1;3;4,3,2,14.637348,0.9267676758742116,1.130798687108602,53.069240841472684,46.930759158527316,stroma-low,0.4693075915852732,0.4703486896421862,True,15.663821289649526,True,5.791255936541785,True,1.9347628089465683,True,255.62802211469744,255.62802211469744,400.2560442293949,2,TCGA-73-7498-01,TCGA-73-7498,Female,Stage IA,58,0:LIVING,39.06,0,I,matched
TCGA-73-7498,TCGA-73-7498-01Z-00-DX1.5313bba9-7f6a-49b4-8d6e-a0f46a04f189,2,TCGA-73-7498-01,2,2,1,0,0.221778,0.8333333355824126,0.17065462612643406,14.57770911401181,85.42229088598819,stroma-high,0.854222908859882,0.8546996485910913,True,0.48812270723449486,True,0.0,True,,False,,,,3,TCGA-73-7498-01,TCGA-73-7498,Female,Stage IA,58,0:LIVING,39.06,0,I,matched
TCGA-73-7498,TCGA-73-7498-01Z-00-DX1.5313bba9-7f6a-49b4-8d6e-a0f46a04f189,3,TCGA-73-7498-01,3,5;6;7,3,2,24.075234,0.9795291711476078,1.1620762391101291,53.74816197917325,46.25183802082676,stroma-low,0.46251838020826763,0.459783372973913,True,16.95040402764537,True,8.594457210312372,True,1.136000692099565,True,388.5005938116282,388.5005938116282,555.0003393213194,4,TCGA-73-7498-01,TCGA-73-7498,Female,Stage IA,58,0:LIVING,39.06,0,I,matched
TCGA-73-7498,TCGA-73-7498-01Z-00-DX1.5313bba9-7f6a-49b4-8d6e-a0f46a04f189,4,TCGA-73-7498-01,4,8,1,0,0.480519,1.0000000028797869,0.29732303100138563,22.918195691930798,77.0818043080692,stroma-high,0.770818043080692,0.7738842985947091,True,3.524605870440039,True,0.8118297169340858,True,,False,,,,5,TCGA-73-7498-01,TCGA-73-7498,Female,Stage IA,58,0:LIVING,39.06,0,I,matched
TCGA-73-7498,TCGA-73-7498-01Z-00-DX1.5313bba9-7f6a-49b4-8d6e-a0f46a04f189,5,TCGA-73-7498-01,5,9;10;11,3,3,7.63902,0.9741935473561669,0.6324649334732565,38.742941456489035,61.257058543510965,stroma-high,0.6125705854351097,0.6155360704299224,True,11.619203447950234,True,6.067049324178724,True,18.95221534152915,True,483.31423037060995,444.0,894.94269111183,6,TCGA-73-7498-01,TCGA-73-7498,Female,Stage IA,58,0:LIVING,39.06,0,I,matched
TCGA-75-5147,TCGA-75-5147-01Z-00-DX1.3156FA5C-9737-4EAA-989C-FD578FBF15A1,1,TCGA-75-5147-01,1,1,1,0,11.233152,0.9399776660944322,0.8883089241947479,47.04256347109937,52.95743652890064,stroma-high,0.5295743652890064,0.5056594632308229,True,8.111100567798346,True,10.674580638114984,True,,False,,,,2,TCGA-75-5147-01,TCGA-75-5147,Female,Stage IB,,0:LIVING,43.79,0,I,matched
TCGA-75-6212,TCGA-75-6212-01Z-00-DX1.FCB36956-DF6C-485D-8E7A-922A2BDAE669,1,TCGA-75-6212-01,1,1;2,2,1,9.743552,0.8348889607219963,1.4096386409557193,58.50000149385982,41.49999850614018,stroma-low,0.4149999850614018,0.3926713415775298,True,35.448567920896075,True,18.650866478296336,True,0.3897531585614988,True,56.00000000000001,56.00000000000001,56.00000000000001,2,TCGA-75-6212-01,TCGA-75-6212,Female,Stage IIB,,1:DECEASED,49.8,1,II,matched
TCGA-75-6212,TCGA-75-6212-01Z-00-DX1.FCB36956-DF6C-485D-8E7A-922A2BDAE669,2,TCGA-75-6212-01,2,3,1,0,22.5008,0.8684320559417034,1.3521443438675964,57.48560233528378,42.51439766471622,stroma-low,0.4251439766471622,0.39970084561165997,True,23.843574733314718,True,15.277996238146189,True,,False,,,,3,TCGA-75-6212-01,TCGA-75-6212,Female,Stage IIB,,1:DECEASED,49.8,1,II,matched
TCGA-78-7145,TCGA-78-7145-01Z-00-DX1.ecde66bf-2de8-4e31-b3ab-4fed4f055dda,1,TCGA-78-7145-01,1,1,1,0,0.283383,0.434782608325211,2.385253286018485,70.46011286274727,29.53988713725274,stroma-low,0.2953988713725274,0.37917382913273734,True,64.13096545350402,True,15.541408975507379,True,,False,,,,2,TCGA-78-7145-01,TCGA-78-7145,Female,Stage IV,52,1:DECEASED,27.14,1,IV,matched
TCGA-78-7145,TCGA-78-7145-01Z-00-DX1.ecde66bf-2de8-4e31-b3ab-4fed4f055dda,2,TCGA-78-7145-01,2,2,1,0,0.308025,1.0000000037121934,0.16960603283586076,14.50112500058067,85.49887499941933,stroma-high,0.8549887499941933,0.868187652903075,True,15.178822444113363,True,2.4238634391524583,True,,False,,,,3,TCGA-78-7145-01,TCGA-78-7145,Female,Stage IV,52,1:DECEASED,27.14,1,IV,matched
TCGA-78-7145,TCGA-78-7145-01Z-00-DX1.ecde66bf-2de8-4e31-b3ab-4fed4f055dda,3,TCGA-78-7145-01,3,3,1,0,1.503162,1.000000000510316,0.365308290891467,26.75646909409317,73.24353090590684,stroma-high,0.7324353090590684,0.7341997771712084,True,1.2951292641177958,True,0.0,True,,False,,,,4,TCGA-78-7145-01,TCGA-78-7145,Female,Stage IV,52,1:DECEASED,27.14,1,IV,matched
TCGA-78-7145,TCGA-78-7145-01Z-00-DX1.ecde66bf-2de8-4e31-b3ab-4fed4f055dda,4,TCGA-78-7145-01,4,4,1,0,0.184815,0.7333333298525152,0.6419639328816992,39.09732242139034,60.90267757860966,stroma-high,0.6090267757860967,0.6262660310178009,True,22.704899512113652,True,11.224673453188368,True,,False,,,,5,TCGA-78-7145-01,TCGA-78-7145,Female,Stage IV,52,1:DECEASED,27.14,1,IV,matched
TCGA-78-7145,TCGA-78-7145-01Z-00-DX1.ecde66bf-2de8-4e31-b3ab-4fed4f055dda,5,TCGA-78-7145-01,5,5;6,2,1,143.761428,0.9643469317659742,2.1232039125724302,67.9815974879351,32.018402512064895,stroma-low,0.3201840251206489,0.31257865051285,True,14.661487678823077,True,7.184768633250142,True,0.0,True,111.00000000000001,111.00000000000001,111.00000000000001,6,TCGA-78-7145-01,TCGA-78-7145,Female,Stage IV,52,1:DECEASED,27.14,1,IV,matched
TCGA-78-7145,TCGA-78-7145-01Z-00-DX1.ecde66bf-2de8-4e31-b3ab-4fed4f055dda,6,TCGA-78-7145-01,6,7,1,0,0.283383,0.9130434740673872,7.680751535180925,88.48026007947297,11.51973992052703,stroma-low,0.11519739920527029,0.2896457929164055,True,88.10895296980546,True,4.926373006792455,True,,False,,,,7,TCGA-78-7145-01,TCGA-78-7145,Female,Stage IV,52,1:DECEASED,27.14,1,IV,matched
TCGA-78-7145,TCGA-78-7145-01Z-00-DX1.ecde66bf-2de8-4e31-b3ab-4fed4f055dda,7,TCGA-78-7145-01,7,8,1,0,0.98568,0.7000000013226781,1.2208801847148216,54.972807318355734,45.02719268164427,stroma-low,0.45027192681644274,0.4219166662750219,True,14.734831365059172,True,16.1556214496321,True,,False,,,,8,TCGA-78-7145-01,TCGA-78-7145,Female,Stage IV,52,1:DECEASED,27.14,1,IV,matched
TCGA-78-7145,TCGA-78-7145-01Z-00-DX1.ecde66bf-2de8-4e31-b3ab-4fed4f055dda,8,TCGA-78-7145-01,8,9,1,0,0.221778,0.6111111154394975,0.9921696721649433,49.80347236622302,50.19652763377698,stroma-high,0.5019652763377698,0.5002008339773221,True,18.5730184443572,True,9.227099781206718,True,,False,,,,9,TCGA-78-7145-01,TCGA-78-7145,Female,Stage IV,52,1:DECEASED,27.14,1,IV,matched
TCGA-78-7145,TCGA-78-7145-01Z-00-DX1.ecde66bf-2de8-4e31-b3ab-4fed4f055dda,9,TCGA-78-7145-01,9,10,1,0,4.694301,0.7874015757044852,1.1563209887613775,53.6247151879547,46.375284812045294,stroma-low,0.4637528481204529,0.4600933659483948,True,10.521063575765107,True,4.228977817769643,True,,False,,,,10,TCGA-78-7145-01,TCGA-78-7145,Female,Stage IV,52,1:DECEASED,27.14,1,IV,matched
TCGA-78-7146,TCGA-78-7146-01Z-00-DX1.830209b2-94c5-4277-a7b6-b2f2634de0dc,1,TCGA-78-7146-01,1,1,1,0,0.357309,0.7931034457307823,0.6677138178800543,40.037673773599316,59.962326226400684,stroma-high,0.5996232622640069,0.700810430582257,True,49.920991853932364,True,13.084366869206423,True,,False,,,,2,TCGA-78-7146-01,TCGA-78-7146,Female,Stage IIIA,71,1:DECEASED,5.68,1,III,matched
TCGA-78-7146,TCGA-78-7146-01Z-00-DX1.830209b2-94c5-4277-a7b6-b2f2634de0dc,2,TCGA-78-7146-01,2,2,1,0,129.259611,0.9724525783053151,2.6466775900211426,72.57777866800113,27.42222133199887,stroma-low,0.2742222133199887,0.2773614694823945,True,22.691618506689252,True,1.8153774725686904,True,,False,,,,3,TCGA-78-7146-01,TCGA-78-7146,Female,Stage IIIA,71,1:DECEASED,5.68,1,III,matched
TCGA-78-7147,TCGA-78-7147-01Z-00-DX1.a9fd2c5d-b8f3-4524-bd64-6c3362ce373b,1,TCGA-78-7147-01,1,1;2;4;5;6;7;8;9;10;11;12;13;14;15;16;17;18;20;21;22;23;24;25;26;27;28;30;31;33;34;35;36;37;38;39;40;42;43;44;47;48;49;50;51;53;55;56;57;58;59;61;62;63;64;66;68;71;73;74;75;77;78;80;87,64,83,192.059748,0.981524249266376,0.4491795136600665,30.995436343535726,69.00456365646428,stroma-high,0.6900456365646428,0.669909056503199,True,9.253002632672962,True,13.42879186534494,True,5.714241482107308,True,473.6253353303572,400.2560442293934,999.000188511884,2,TCGA-78-7147-01,TCGA-78-7147,Female,Stage IIB,67,1:DECEASED,19.25,1,II,matched
TCGA-78-7147,TCGA-78-7147-01Z-00-DX1.a9fd2c5d-b8f3-4524-bd64-6c3362ce373b,2,TCGA-78-7147-01,2,3,1,0,0.221778,0.9999999972185631,0.10484571397991946,9.489624899954585,90.51037510004541,stroma-high,0.9051037510004541,0.9043192125119525,True,9.791748073918878,True,9.701592851311212,True,,False,,,,3,TCGA-78-7147-01,TCGA-78-7147,Female,Stage IIB,67,1:DECEASED,19.25,1,II,matched
TCGA-78-7147,TCGA-78-7147-01Z-00-DX1.a9fd2c5d-b8f3-4524-bd64-6c3362ce373b,3,TCGA-78-7147-01,3,19;29;45;46,4,4,5.224104,0.9528301893146087,0.28560169532986485,22.215410602471554,77.78458939752844,stroma-high,0.7778458939752844,0.7734917839701553,True,14.289908553107558,True,13.316246891579887,True,18.303776046327158,True,676.7612291033658,628.5511126508158,894.9426911118318,4,TCGA-78-7147-01,TCGA-78-7147,Female,Stage IIB,67,1:DECEASED,19.25,1,II,matched
TCGA-78-7147,TCGA-78-7147-01Z-00-DX1.a9fd2c5d-b8f3-4524-bd64-6c3362ce373b,4,TCGA-78-7147-01,4,32,1,0,0.197136,1.000000001717126,0.17736275152721775,15.064409953274927,84.93559004672507,stroma-high,0.8493559004672507,0.844234226841289,True,0.0,True,4.126332866322546,True,,False,,,,5,TCGA-78-7147-01,TCGA-78-7147,Female,Stage IIB,67,1:DECEASED,19.25,1,II,matched
TCGA-78-7147,TCGA-78-7147-01Z-00-DX1.a9fd2c5d-b8f3-4524-bd64-6c3362ce373b,5,TCGA-78-7147-01,5,41,1,0,0.406593,0.999999997748422,0.23952940711539195,19.324221413416886,80.6757785865831,stroma-high,0.8067577858658311,0.8067181023385114,True,0.08378057461325004,True,0.10943896893634637,True,,False,,,,6,TCGA-78-7147-01,TCGA-78-7147,Female,Stage IIB,67,1:DECEASED,19.25,1,II,matched
TCGA-78-7147,TCGA-78-7147-01Z-00-DX1.a9fd2c5d-b8f3-4524-bd64-6c3362ce373b,6,TCGA-78-7147-01,6,52,1,0,0.381951,0.9999999990306547,0.2600115040085263,20.635645244614118,79.36435475538588,stroma-high,0.7936435475538588,0.7745826974292421,True,27.651959679409792,True,38.49874472125944,True,,False,,,,7,TCGA-78-7147-01,TCGA-78-7147,Female,Stage IIB,67,1:DECEASED,19.25,1,II,matched
TCGA-78-7147,TCGA-78-7147-01Z-00-DX1.a9fd2c5d-b8f3-4524-bd64-6c3362ce373b,7,TCGA-78-7147-01,7,54,1,0,0.381951,0.9999999981530803,0.11615835617611538,10.406978143680815,89.59302185631918,stroma-high,0.8959302185631919,0.8959302185631919,True,0.0,True,0.0,True,,False,,,,8,TCGA-78-7147-01,TCGA-78-7147,Female,Stage IIB,67,1:DECEASED,19.25,1,II,matched
TCGA-78-7147,TCGA-78-7147-01Z-00-DX1.a9fd2c5d-b8f3-4524-bd64-6c3362ce373b,8,TCGA-78-7147-01,8,60;65;67;79;81;82;83;84;86,9,8,24.050592,0.9631147540362838,0.38028378954219466,27.551130602520896,72.44886939747911,stroma-high,0.7244886939747912,0.7030882430832213,True,17.256805945038415,True,20.358960316161586,True,5.23550825160712,True,534.0335568086858,649.8447130968563,784.9291689270855,9,TCGA-78-7147-01,TCGA-78-7147,Female,Stage IIB,67,1:DECEASED,19.25,1,II,matched
TCGA-78-7147,TCGA-78-7147-01Z-00-DX1.a9fd2c5d-b8f3-4524-bd64-6c3362ce373b,9,TCGA-78-7147-01,9,69;72,2,1,0.61605,0.9999999981664586,0.13942503352467056,12.236437626210165,87.76356237378984,stroma-high,0.8776356237378984,0.8758941478759846,True,1.6829398446549733,True,4.783596110352006,True,0.0,True,351.0491718891815,351.0491718891815,351.0491718891815,10,TCGA-78-7147-01,TCGA-78-7147,Female,Stage IIB,67,1:DECEASED,19.25,1,II,matched
TCGA-78-7147,TCGA-78-7147-01Z-00-DX1.a9fd2c5d-b8f3-4524-bd64-6c3362ce373b,10,TCGA-78-7147-01,10,70,1,0,0.283383,0.9999999994616584,0.20809545998093998,17.22508418202508,82.77491581797493,stroma-high,0.8277491581797493,0.8387964648229272,True,18.155822684129454,True,6.799515521435628,True,,False,,,,11,TCGA-78-7147-01,TCGA-78-7147,Female,Stage IIB,67,1:DECEASED,19.25,1,II,matched
TCGA-78-7147,TCGA-78-7147-01Z-00-DX1.a9fd2c5d-b8f3-4524-bd64-6c3362ce373b,11,TCGA-78-7147-01,11,76;85,2,1,6.123537,1.000000000547168,0.28208157029237235,22.001842693054627,77.99815730694539,stroma-high,0.7799815730694538,0.7784783391730024,True,6.439822769473771,True,5.331664978294522,True,3.9627442032481675,True,248.2421020415337,248.2421020415337,248.2421020415337,12,TCGA-78-7147-01,TCGA-78-7147,Female,Stage IIB,67,1:DECEASED,19.25,1,II,matched
TCGA-78-7147,TCGA-78-7147-01Z-00-DX1.a9fd2c5d-b8f3-4524-bd64-6c3362ce373b,12,TCGA-78-7147-01,12,88,1,0,0.283383,0.8260869570788244,0.15511206480792705,13.428313107760607,86.5716868922394,stroma-high,0.865716868922394,0.8648449641654122,True,0.3606149038467899,True,1.3958197027353723,True,,False,,,,13,TCGA-78-7147-01,TCGA-78-7147,Female,Stage IIB,67,1:DECEASED,19.25,1,II,matched
TCGA-78-7153,TCGA-78-7153-01Z-00-DX1.5190321a-f1aa-4c6e-b4b9-6767b779682b,1,TCGA-78-7153-01,1,1;2;3;4;6;8;9;10,8,7,347.784867,0.9808693804149248,1.5148257261768496,60.23581317818613,39.76418682181388,stroma-low,0.3976418682181388,0.38815213685836325,True,11.336027689604675,True,5.57046881384499,True,0.28580756301280663,True,513.4616204797275,457.69957498577924,887.9999999999999,2,TCGA-78-7153-01,TCGA-78-7153,Female,Stage IB,65,0:LIVING,119.42,0,I,matched
TCGA-78-7153,TCGA-78-7153-01Z-00-DX1.5190321a-f1aa-4c6e-b4b9-6767b779682b,2,TCGA-78-7153-01,2,5,1,0,6.727266,0.9999999992846441,1.5110926134705045,60.17669779937227,39.823302200627744,stroma-low,0.3982330220062774,0.4092449633903657,True,14.49873994843595,True,3.5483140228877605,True,,False,,,,3,TCGA-78-7153-01,TCGA-78-7153,Female,Stage IB,65,0:LIVING,119.42,0,I,matched
TCGA-78-7153,TCGA-78-7153-01Z-00-DX1.5190321a-f1aa-4c6e-b4b9-6767b779682b,3,TCGA-78-7153-01,3,7,1,0,0.209457,0.9999999969184179,0.6567330339334965,39.640245017282524,60.359754982717476,stroma-high,0.6035975498271747,0.6389038690557945,True,27.098586426749417,True,15.578640921492436,True,,False,,,,4,TCGA-78-7153-01,TCGA-78-7153,Female,Stage IB,65,0:LIVING,119.42,0,I,matched
TCGA-78-7153,TCGA-78-7153-01Z-00-DX1.5190321a-f1aa-4c6e-b4b9-6767b779682b,4,TCGA-78-7153-01,4,11,1,0,0.899433,0.7945205475387487,0.521297170344488,34.26662328087047,65.73337671912954,stroma-high,0.6573337671912953,0.6620675799446497,True,7.365293512806185,True,2.634439395918269,True,,False,,,,5,TCGA-78-7153-01,TCGA-78-7153,Female,Stage IB,65,0:LIVING,119.42,0,I,matched
TCGA-78-7153,TCGA-78-7153-01Z-00-DX1.5190321a-f1aa-4c6e-b4b9-6767b779682b,5,TCGA-78-7153-01,5,12,1,0,0.258741,0.6190476209456046,0.41065847987749504,29.111119788055124,70.88888021194488,stroma-high,0.7088888021194488,0.7110630664926116,True,2.106767112566165,True,0.6279144909434484,True,,False,,,,6,TCGA-78-7153-01,TCGA-78-7153,Female,Stage IB,65,0:LIVING,119.42,0,I,matched
TCGA-78-7158,TCGA-78-7158-01Z-00-DX1.74db3dcd-2715-4ce7-8e48-30c8b7946ba0,1,TCGA-78-7158-01,1,1;3;5;6;7;8;9;10;11;12;13;14;15;16;19;22,16,18,257.779962,0.9708440876671617,1.2311298445889167,55.17965920158049,44.82034079841951,stroma-low,0.4482034079841951,0.446041535695172,True,4.040219238781417,True,2.066711893995322,True,3.957228245589949,True,377.7805948109595,323.49830909603554,992.8527382994562,2,TCGA-78-7158-01,TCGA-78-7158,Female,Stage IIIB,59,1:DECEASED,5.88,1,III,matched
TCGA-78-7158,TCGA-78-7158-01Z-00-DX1.74db3dcd-2715-4ce7-8e48-30c8b7946ba0,2,TCGA-78-7158-01,2,2,1,0,0.258741,1.0000000051208882,0.15621726357524723,13.511064788307456,86.48893521169254,stroma-high,0.8648893521169254,0.8706213114240204,True,7.527032106226468,True,2.324024435033357,True,,False,,,,3,TCGA-78-7158-01,TCGA-78-7158,Female,Stage IIIB,59,1:DECEASED,5.88,1,III,matched
TCGA-78-7158,TCGA-78-7158-01Z-00-DX1.74db3dcd-2715-4ce7-8e48-30c8b7946ba0,3,TCGA-78-7158-01,3,4,1,0,0.344988,0.9999999966763166,0.15847150328840512,13.679361368714924,86.32063863128508,stroma-high,0.8632063863128507,0.8632012779638263,True,4.658172900999426,True,4.6613515890820025,True,,False,,,,4,TCGA-78-7158-01,TCGA-78-7158,Female,Stage IIIB,59,1:DECEASED,5.88,1,III,matched
TCGA-78-7158,TCGA-78-7158-01Z-00-DX1.74db3dcd-2715-4ce7-8e48-30c8b7946ba0,4,TCGA-78-7158-01,4,17,1,0,0.603729,0.8979591841066116,0.5481360668728552,35.4061944942642,64.5938055057358,stroma-high,0.645938055057358,0.6425736234243856,True,0.16619220729564174,True,1.6073199261954723,True,,False,,,,5,TCGA-78-7158-01,TCGA-78-7158,Female,Stage IIIB,59,1:DECEASED,5.88,1,III,matched
TCGA-78-7158,TCGA-78-7158-01Z-00-DX1.74db3dcd-2715-4ce7-8e48-30c8b7946ba0,5,TCGA-78-7158-01,5,18;21,2,1,0.653013,0.7169811359503996,0.16690963618395854,14.303561390562203,85.69643860943779,stroma-high,0.856964386094378,0.8550750806513553,True,1.12106054623529,True,3.1592039710919964,True,0.0,True,555.0003393213194,555.0003393213194,555.0003393213194,6,TCGA-78-7158-01,TCGA-78-7158,Female,Stage IIIB,59,1:DECEASED,5.88,1,III,matched
TCGA-78-7158,TCGA-78-7158-01Z-00-DX1.74db3dcd-2715-4ce7-8e48-30c8b7946ba0,6,TCGA-78-7158-01,6,20,1,0,0.665334,0.7407407434397504,0.5349544186106963,34.85148562879732,65.14851437120268,stroma-high,0.6514851437120268,0.648977943556697,True,5.19089862997607,True,4.814991919757165,True,,False,,,,7,TCGA-78-7158-01,TCGA-78-7158,Female,Stage IIIB,59,1:DECEASED,5.88,1,III,matched
TCGA-78-7158,TCGA-78-7158-01Z-00-DX1.74db3dcd-2715-4ce7-8e48-30c8b7946ba0,7,TCGA-78-7158-01,7,23,1,0,0.271062,0.5000000005662018,0.7975874685161615,44.369883662714834,55.63011633728516,stroma-high,0.5563011633728516,0.5350175260566216,True,1.0451623410786133,True,9.56844164878882,True,,False,,,,8,TCGA-78-7158-01,TCGA-78-7158,Female,Stage IIIB,59,1:DECEASED,5.88,1,III,matched
TCGA-78-7159,TCGA-78-7159-01Z-00-DX1.399d865f-f4f9-4602-b15b-908be0afe459,1,TCGA-78-7159-01,1,1;4,2,1,168.908589,0.9871617184314885,3.5568146121552306,78.05484565177359,21.94515434822641,stroma-low,0.21945154348226412,0.22866563825426012,True,28.97457035393719,True,0.859310858463104,True,22.333132234760633,True,222.0,222.0,222.0,2,TCGA-78-7159-01,TCGA-78-7159,Female,Stage IA,60,0:LIVING,64.85,0,I,matched
TCGA-78-7159,TCGA-78-7159-01Z-00-DX1.399d865f-f4f9-4602-b15b-908be0afe459,2,TCGA-78-7159-01,2,2,1,0,0.160173,0.6923076918062109,0.4539047397144004,31.21970286743571,68.78029713256429,stroma-high,0.6878029713256428,0.6601106853793433,True,11.601709175435055,True,19.170401029890172,True,,False,,,,3,TCGA-78-7159-01,TCGA-78-7159,Female,Stage IA,60,0:LIVING,64.85,0,I,matched
TCGA-78-7159,TCGA-78-7159-01Z-00-DX1.399d865f-f4f9-4602-b15b-908be0afe459,3,TCGA-78-7159-01,3,3,1,0,0.406593,1.0000000012840413,0.3737300763701897,27.205495664599376,72.79450433540062,stroma-high,0.7279450433540061,0.7288229911751567,True,0.45113375094264124,True,0.0,True,,False,,,,4,TCGA-78-7159-01,TCGA-78-7159,Female,Stage IA,60,0:LIVING,64.85,0,I,matched
TCGA-78-7159,TCGA-78-7159-01Z-00-DX1.399d865f-f4f9-4602-b15b-908be0afe459,4,TCGA-78-7159-01,4,5,1,0,0.234099,0.736842103818306,1.5457975144370881,60.71957827246468,39.28042172753531,stroma-low,0.39280421727535314,0.46661859559726754,True,47.48538802219364,True,28.406384002209368,True,,False,,,,5,TCGA-78-7159-01,TCGA-78-7159,Female,Stage IA,60,0:LIVING,64.85,0,I,matched
TCGA-78-7161,TCGA-78-7161-01Z-00-DX1.646cf15a-5961-4728-b9fe-fe3fff11831f,1,TCGA-78-7161-01,1,1;2;5,3,3,1.651014,0.925373134816811,0.3143950342586912,23.919371731041846,76.08062826895815,stroma-high,0.7608062826895815,0.7622676696391679,True,1.918250827148478,True,0.691998753800423,True,2.0559306402664133,True,510.2896352340572,675.2197128774643,744.6491928247071,2,TCGA-78-7161-01,TCGA-78-7161,Female,Stage IIB,69,1:DECEASED,9.56,1,II,matched
TCGA-78-7161,TCGA-78-7161-01Z-00-DX1.646cf15a-5961-4728-b9fe-fe3fff11831f,2,TCGA-78-7161-01,2,3,1,0,0.468198,0.9999999982231346,0.9701553748493218,49.24258194222472,50.75741805777528,stroma-high,0.5075741805777528,0.5076199972087991,True,0.16572631187615577,True,0.07846279866190901,True,,False,,,,3,TCGA-78-7161-01,TCGA-78-7161,Female,Stage IIB,69,1:DECEASED,9.56,1,II,matched
TCGA-78-7161,TCGA-78-7161-01Z-00-DX1.646cf15a-5961-4728-b9fe-fe3fff11831f,3,TCGA-78-7161-01,3,4,1,0,0.49284,1.0000000010550139,0.3234408765796268,24.43938994959451,75.56061005040549,stroma-high,0.7556061005040549,0.755632605898954,True,0.043654184417811694,True,0.021435904033963754,True,,False,,,,4,TCGA-78-7161-01,TCGA-78-7161,Female,Stage IIB,69,1:DECEASED,9.56,1,II,matched
TCGA-78-7161,TCGA-78-7161-01Z-00-DX1.646cf15a-5961-4728-b9fe-fe3fff11831f,4,TCGA-78-7161-01,4,6,1,0,0.234099,1.0000000023210305,1.0759494121709987,51.82926933878345,48.170730661216545,stroma-low,0.4817073066121655,0.48112774394761554,True,0.0,True,0.2672093218948197,True,,False,,,,5,TCGA-78-7161-01,TCGA-78-7161,Female,Stage IIB,69,1:DECEASED,9.56,1,II,matched
TCGA-78-7161,TCGA-78-7161-01Z-00-DX1.646cf15a-5961-4728-b9fe-fe3fff11831f,5,TCGA-78-7161-01,5,7;8;9;10;11;12;13,7,11,45.501453,0.9948551313578777,0.9040056154892714,47.47914649700072,52.52085350299927,stroma-high,0.5252085350299928,0.5256195331146329,True,1.1350604810578884,True,0.38182534024685855,True,0.37512973767682856,True,462.07367129607775,248.24210204153533,999.000188511884,6,TCGA-78-7161-01,TCGA-78-7161,Female,Stage IIB,69,1:DECEASED,9.56,1,II,matched
TCGA-78-7161,TCGA-78-7161-01Z-00-DX1.646cf15a-5961-4728-b9fe-fe3fff11831f,6,TCGA-78-7161-01,6,14;21;24;26;27;30;31;32;33;34;35;36;37;39,14,19,109.114776,0.9900632341328678,0.6884558778403809,40.77428891544091,59.225711084559094,stroma-high,0.592257110845591,0.5898325355088776,True,0.4459394804213126,True,1.169902227138905,True,0.22325786289280028,True,414.4892643780337,333.00056553522495,992.8527382994554,7,TCGA-78-7161-01,TCGA-78-7161,Female,Stage IIB,69,1:DECEASED,9.56,1,II,matched
TCGA-78-7161,TCGA-78-7161-01Z-00-DX1.646cf15a-5961-4728-b9fe-fe3fff11831f,7,TCGA-78-7161-01,7,15,1,0,0.258741,0.9999999997893437,0.5030768454661276,33.46980209186282,66.53019790813718,stroma-high,0.6653019790813718,0.664857743750753,True,0.0,True,0.2590261100955673,True,,False,,,,8,TCGA-78-7161-01,TCGA-78-7161,Female,Stage IIB,69,1:DECEASED,9.56,1,II,matched
TCGA-78-7161,TCGA-78-7161-01Z-00-DX1.646cf15a-5961-4728-b9fe-fe3fff11831f,8,TCGA-78-7161-01,8,16;17;18;19;20;22;23;25;29,9,13,7.63902,0.999999999611907,0.292573267927614,22.634946520029573,77.36505347997043,stroma-high,0.7736505347997042,0.7739717722660006,True,0.619741006620587,True,0.2862769622800692,True,0.6075608066950764,True,471.17177641282376,496.4456473776779,992.8527382994562,9,TCGA-78-7161-01,TCGA-78-7161,Female,Stage IIB,69,1:DECEASED,9.56,1,II,matched
TCGA-78-7161,TCGA-78-7161-01Z-00-DX1.646cf15a-5961-4728-b9fe-fe3fff11831f,9,TCGA-78-7161-01,9,28,1,0,1.256742,0.9999999992342232,0.2610925087652404,20.703676134027713,79.29632386597228,stroma-high,0.7929632386597228,0.7920873658031191,True,0.39695807651497894,True,0.9598600916819702,True,,False,,,,10,TCGA-78-7161-01,TCGA-78-7161,Female,Stage IIB,69,1:DECEASED,9.56,1,II,matched
TCGA-78-7161,TCGA-78-7161-01Z-00-DX1.646cf15a-5961-4728-b9fe-fe3fff11831f,10,TCGA-78-7161-01,10,38,1,0,0.172494,0.9999999990562044,0.4094543614189735,29.050558331434996,70.949441668565,stroma-high,0.70949441668565,0.7094323933150234,True,0.0,True,0.033653510921376154,True,,False,,,,11,TCGA-78-7161-01,TCGA-78-7161,Female,Stage IIB,69,1:DECEASED,9.56,1,II,matched
TCGA-78-7539,TCGA-78-7539-01Z-00-DX1.b838d859-2fb7-48d1-a442-d366ac404099,1,TCGA-78-7539-01,1,1;2;7,3,3,2.4642,0.9999999984656917,0.2177365140052286,17.880429099483642,82.11957090051635,stroma-high,0.8211957090051635,0.8046056549235239,True,3.953445192359416,True,15.049596296435839,True,0.06836397872098886,True,769.2717318531239,784.921040943867,894.9426911118318,2,TCGA-78-7539-01,TCGA-78-7539,Female,Stage IIA,75,0:LIVING,25.99,0,II,matched
TCGA-78-7539,TCGA-78-7539-01Z-00-DX1.b838d859-2fb7-48d1-a442-d366ac404099,2,TCGA-78-7539-01,2,3;5;6;12;13,5,7,2.21778,1.0000000012938774,0.15495058585780527,13.416209122290745,86.58379087770925,stroma-high,0.8658379087770925,0.8549467280675136,True,3.7032084502147433,True,12.442382188941226,True,3.8945778348224938,True,501.25864003486447,351.0491718891832,954.8981934995637,3,TCGA-78-7539-01,TCGA-78-7539,Female,Stage IIA,75,0:LIVING,25.99,0,II,matched
TCGA-78-7539,TCGA-78-7539-01Z-00-DX1.b838d859-2fb7-48d1-a442-d366ac404099,3,TCGA-78-7539-01,3,4;14;17;23;40,5,5,82.328922,0.9982041305309461,1.363864592330882,57.69639245647515,42.303607543524855,stroma-low,0.4230360754352485,0.4226638122626859,True,8.862231974814296,True,3.3985351993769153,True,13.641084261135047,True,850.3964999306112,915.3642991905272,999.000188511884,4,TCGA-78-7539-01,TCGA-78-7539,Female,Stage IIA,75,0:LIVING,25.99,0,II,matched
TCGA-78-7539,TCGA-78-7539-01Z-00-DX1.b838d859-2fb7-48d1-a442-d366ac404099,4,TCGA-78-7539-01,4,8,1,0,0.209457,0.9999999999691842,0.4514281858417667,31.1023439013593,68.8976560986407,stroma-high,0.6889765609864069,0.6584133111493483,True,3.5351613599540297,True,15.285401726356318,True,,False,,,,5,TCGA-78-7539-01,TCGA-78-7539,Female,Stage IIA,75,0:LIVING,25.99,0,II,matched
TCGA-78-7539,TCGA-78-7539-01Z-00-DX1.b838d859-2fb7-48d1-a442-d366ac404099,5,TCGA-78-7539-01,5,9,1,0,0.418914,1.0000000052155777,0.2702485926193073,21.275252276567617,78.72474772343239,stroma-high,0.7872474772343239,0.7750810308474095,True,3.9091299309006997,True,12.230907587499402,True,,False,,,,6,TCGA-78-7539-01,TCGA-78-7539,Female,Stage IIA,75,0:LIVING,25.99,0,II,matched
TCGA-78-7539,TCGA-78-7539-01Z-00-DX1.b838d859-2fb7-48d1-a442-d366ac404099,6,TCGA-78-7539-01,6,10,1,0,0.344988,1.0000000025086462,0.27965629701719785,21.854016400267785,78.14598359973222,stroma-high,0.7814598359973222,0.7712390112184652,True,8.090570564567209,True,13.773809178997782,True,,False,,,,7,TCGA-78-7539-01,TCGA-78-7539,Female,Stage IIA,75,0:LIVING,25.99,0,II,matched
TCGA-78-7539,TCGA-78-7539-01Z-00-DX1.b838d859-2fb7-48d1-a442-d366ac404099,7,TCGA-78-7539-01,7,11,1,0,0.234099,1.0000000013816661,0.22508625059312481,18.373094178809815,81.62690582119019,stroma-high,0.8162690582119019,0.8017744360729501,True,39.98032467582251,True,48.03863647144417,True,,False,,,,8,TCGA-78-7539-01,TCGA-78-7539,Female,Stage IIA,75,0:LIVING,25.99,0,II,matched
TCGA-78-7539,TCGA-78-7539-01Z-00-DX1.b838d859-2fb7-48d1-a442-d366ac404099,8,TCGA-78-7539-01,8,15;18,2,1,0.726939,1.0000000001075362,0.226067733691157,18.438437573963824,81.56156242603618,stroma-high,0.8156156242603617,0.815388650917058,True,1.5797400778865132,True,1.659061382133687,True,0.0,True,111.0,111.0,111.0,9,TCGA-78-7539-01,TCGA-78-7539,Female,Stage IIA,75,0:LIVING,25.99,0,II,matched
TCGA-78-7539,TCGA-78-7539-01Z-00-DX1.b838d859-2fb7-48d1-a442-d366ac404099,9,TCGA-78-7539-01,9,16;19;20;21;22;24;25;26;27;28;29;31;32;33;35;36;38;41;42;43;44;45;46;47;48;49;50;51;52;53;54;55;56;59;60;61;62;63;64;65;67;68,42,63,39.883077,0.9898053758230582,0.25662268362891133,20.421617958369882,79.5783820416301,stroma-high,0.7957838204163011,0.7896863955798532,True,5.302040620232787,True,8.395059496936549,True,5.813333311947116,True,435.8844890471438,400.2560442293929,999.0,10,TCGA-78-7539-01,TCGA-78-7539,Female,Stage IIA,75,0:LIVING,25.99,0,II,matched
TCGA-78-7539,TCGA-78-7539-01Z-00-DX1.b838d859-2fb7-48d1-a442-d366ac404099,10,TCGA-78-7539-01,10,30;34;37;39,4,4,1.638693,1.000000000829678,0.20582082263046386,17.0689391630733,82.93106083692669,stroma-high,0.829310608369267,0.8284443241587913,True,1.1314853147104473,True,2.0783341836688027,True,0.08031944543326588,True,563.8237204886941,558.9648672311558,915.3642991905276,11,TCGA-78-7539-01,TCGA-78-7539,Female,Stage IIA,75,0:LIVING,25.99,0,II,matched
TCGA-78-7539,TCGA-78-7539-01Z-00-DX1.b838d859-2fb7-48d1-a442-d366ac404099,11,TCGA-78-7539-01,11,57,1,0,0.258741,1.0000000021266584,0.5200315760657787,34.21189297999653,65.78810702000347,stroma-high,0.6578810702000347,0.6173243958683436,True,30.120322071705907,True,33.68747476502904,True,,False,,,,12,TCGA-78-7539-01,TCGA-78-7539,Female,Stage IIA,75,0:LIVING,25.99,0,II,matched
TCGA-78-7539,TCGA-78-7539-01Z-00-DX1.b838d859-2fb7-48d1-a442-d366ac404099,12,TCGA-78-7539-01,12,58,1,0,0.653013,0.9811320758121238,0.1671939985563648,14.324439533030281,85.67556046696973,stroma-high,0.8567556046696972,0.8566651361282626,True,0.06767784530892007,True,0.13278875934036663,True,,False,,,,13,TCGA-78-7539-01,TCGA-78-7539,Female,Stage IIA,75,0:LIVING,25.99,0,II,matched
TCGA-78-7539,TCGA-78-7539-01Z-00-DX1.b838d859-2fb7-48d1-a442-d366ac404099,13,TCGA-78-7539-01,13,66,1,0,0.677655,0.9999999991743772,0.35375251940482405,26.131254740737326,73.86874525926268,stroma-high,0.7386874525926268,0.7404210686153834,True,3.860359614054171,True,2.311302582864394,True,,False,,,,14,TCGA-78-7539-01,TCGA-78-7539,Female,Stage IIA,75,0:LIVING,25.99,0,II,matched
TCGA-78-7540,TCGA-78-7540-01Z-00-DX1.25c29857-0d5f-4e52-be0c-32c6686b653f,1,TCGA-78-7540-01,1,1;2;3;5,4,3,1.761903,0.9930069947320438,0.23263335876928334,18.87287546732915,81.12712453267086,stroma-high,0.8112712453267086,0.8124606110549254,True,8.424430423794135,True,9.260475227449538,True,2.8265252734053354,True,481.0000706919547,443.99999999999994,888.000212075864,2,TCGA-78-7540-01,TCGA-78-7540,Female,Stage IB,66,1:DECEASED,39.32,1,I,matched
TCGA-78-7540,TCGA-78-7540-01Z-00-DX1.25c29857-0d5f-4e52-be0c-32c6686b653f,2,TCGA-78-7540-01,2,4;6;7;8;9;11;13;14;15;17;19;20,12,14,35.213418,0.9783065079251336,0.6754169703156382,40.313365704323374,59.68663429567663,stroma-high,0.5968663429567663,0.6006352335953141,True,14.318541878169846,True,6.7500861664232445,True,14.900109314588168,True,399.2946543607447,366.62830488230975,915.3642991905294,3,TCGA-78-7540-01,TCGA-78-7540,Female,Stage IB,66,1:DECEASED,39.32,1,I,matched
TCGA-78-7540,TCGA-78-7540-01Z-00-DX1.25c29857-0d5f-4e52-be0c-32c6686b653f,3,TCGA-78-7540-01,3,10,1,0,0.221778,0.722222225216683,1.2890972934729148,56.31465718598421,43.68534281401579,stroma-low,0.43685342814015793,0.4455039765797325,True,8.635262055530893,True,0.8762751844993939,True,,False,,,,4,TCGA-78-7540-01,TCGA-78-7540,Female,Stage IB,66,1:DECEASED,39.32,1,I,matched
TCGA-78-7540,TCGA-78-7540-01Z-00-DX1.25c29857-0d5f-4e52-be0c-32c6686b653f,4,TCGA-78-7540-01,4,12;18,2,1,29.459511,0.9636135510777774,0.8532856517104067,46.041777257753274,53.95822274224672,stroma-high,0.5395822274224672,0.5369192821673889,True,15.226786093646217,True,7.798166999581485,True,41.46620424466854,True,111.0,111.0,111.0,5,TCGA-78-7540-01,TCGA-78-7540,Female,Stage IB,66,1:DECEASED,39.32,1,I,matched
TCGA-78-7540,TCGA-78-7540-01Z-00-DX1.25c29857-0d5f-4e52-be0c-32c6686b653f,5,TCGA-78-7540-01,5,16,1,0,0.160173,0.9999999957463632,1.0533293356024949,51.29860647967723,48.70139352032277,stroma-low,0.48701393520322767,0.49054476657128676,True,5.921316231524432,True,3.5737255325085946,True,,False,,,,6,TCGA-78-7540-01,TCGA-78-7540,Female,Stage IB,66,1:DECEASED,39.32,1,I,matched
TCGA-78-7540,TCGA-78-7540-01Z-00-DX1.25c29857-0d5f-4e52-be0c-32c6686b653f,6,TCGA-78-7540-01,6,21;22;23;24,4,4,2.032965,0.9757575753754556,0.22087430569787678,18.09148613145892,81.90851386854109,stroma-high,0.8190851386854109,0.8302219503495197,True,11.314893272031261,True,2.575292914641886,True,7.37910292692836,True,569.6219017227149,584.2433792944612,888.0,7,TCGA-78-7540-01,TCGA-78-7540,Female,Stage IB,66,1:DECEASED,39.32,1,I,matched
TCGA-78-8648,TCGA-78-8648-01Z-00-DX1.D3EAEF8E-E739-490F-BF48-A4796B0C0E7A,1,TCGA-78-8648-01,1,1,1,0,0.467856,0.9444444478342322,0.3148758373765378,23.947191698706952,76.05280830129306,stroma-high,0.7605280830129305,0.7801905127163249,True,13.656455007579805,True,0.0,True,,False,,,,2,TCGA-78-8648-01,TCGA-78-8648,Female,Stage IIB,58,1:DECEASED,39.72,1,II,matched
TCGA-78-8648,TCGA-78-8648-01Z-00-DX1.D3EAEF8E-E739-490F-BF48-A4796B0C0E7A,2,TCGA-78-8648-01,2,2;3,2,1,0.818748,0.9682539661179839,0.19963458872630313,16.64128315425305,83.35871684574695,stroma-high,0.8335871684574696,0.8385198061035269,True,4.239977061062161,True,0.24139743028019053,True,0.0,True,798.0,798.0,798.0,3,TCGA-78-8648-01,TCGA-78-8648,Female,Stage IIB,58,1:DECEASED,39.72,1,II,matched
TCGA-78-8648,TCGA-78-8648-01Z-00-DX1.D3EAEF8E-E739-490F-BF48-A4796B0C0E7A,3,TCGA-78-8648-01,3,4,1,0,0.58482,0.8000000016110587,0.307419680883231,23.513465903737412,76.48653409626259,stroma-high,0.7648653409626259,0.7795369034210692,True,10.345303630180629,True,0.07022576279755566,True,,False,,,,4,TCGA-78-8648-01,TCGA-78-8648,Female,Stage IIB,58,1:DECEASED,39.72,1,II,matched
TCGA-78-8648,TCGA-78-8648-01Z-00-DX1.D3EAEF8E-E739-490F-BF48-A4796B0C0E7A,4,TCGA-78-8648-01,4,5;6;7;18;21;22;23,7,6,170.559504,0.9864370620273135,1.0793838476293418,51.908831015491565,48.09116898450842,stroma-low,0.4809116898450842,0.4827563832690822,True,5.790894148505862,True,0.6177206804522888,True,14.992926119719405,True,373.7016403037696,342.00027532637165,919.1365931161773,5,TCGA-78-8648-01,TCGA-78-8648,Female,Stage IIB,58,1:DECEASED,39.72,1,II,matched
TCGA-78-8648,TCGA-78-8648-01Z-00-DX1.D3EAEF8E-E739-490F-BF48-A4796B0C0E7A,5,TCGA-78-8648-01,5,8;9;10;12;13;14;15,7,7,11.124576,0.9813084106151563,0.48316466900239774,32.57660319857691,67.4233968014231,stroma-high,0.674233968014231,0.6738256110419829,True,0.5748055650655904,True,0.5337747582376822,True,0.04191371313626785,True,346.610259882863,228.0,890.4089379634579,6,TCGA-78-8648-01,TCGA-78-8648,Female,Stage IIB,58,1:DECEASED,39.72,1,II,matched
TCGA-78-8648,TCGA-78-8648-01Z-00-DX1.D3EAEF8E-E739-490F-BF48-A4796B0C0E7A,6,TCGA-78-8648-01,6,11,1,0,0.701784,0.7407407399673334,0.6643082522064888,39.9149767674209,60.085023232579104,stroma-high,0.600850232325791,0.6053154092082413,True,18.549150333365553,True,14.824246035416284,True,,False,,,,7,TCGA-78-8648-01,TCGA-78-8648,Female,Stage IIB,58,1:DECEASED,39.72,1,II,matched
TCGA-78-8648,TCGA-78-8648-01Z-00-DX1.D3EAEF8E-E739-490F-BF48-A4796B0C0E7A,7,TCGA-78-8648-01,7,16;19;20,3,2,1.611504,0.9919354848166664,0.38449457174175006,27.771475568736996,72.228524431263,stroma-high,0.72228524431263,0.746984816760462,True,26.106545213260766,True,15.463851305897505,True,29.066615349350318,True,718.7158051616395,718.7158051616395,967.362718473216,8,TCGA-78-8648-01,TCGA-78-8648,Female,Stage IIB,58,1:DECEASED,39.72,1,II,matched
TCGA-78-8648,TCGA-78-8648-01Z-00-DX1.D3EAEF8E-E739-490F-BF48-A4796B0C0E7A,8,TCGA-78-8648-01,8,17,1,0,0.233928,0.9999999977751739,0.32690019324025876,24.636381463022946,75.36361853697706,stroma-high,0.7536361853697705,0.7537569154053377,True,0.09461581405460155,True,0.0,True,,False,,,,9,TCGA-78-8648-01,TCGA-78-8648,Female,Stage IIB,58,1:DECEASED,39.72,1,II,matched
TCGA-78-8648,TCGA-78-8648-01Z-00-DX1.D3EAEF8E-E739-490F-BF48-A4796B0C0E7A,9,TCGA-78-8648-01,9,24,1,0,0.363888,0.7857142822249443,0.7563215446984702,43.06281768173136,56.93718231826864,stroma-high,0.5693718231826864,0.6009373698427596,True,20.176146714055356,True,6.949033465604313,True,,False,,,,10,TCGA-78-8648-01,TCGA-78-8648,Female,Stage IIB,58,1:DECEASED,39.72,1,II,matched
TCGA-78-8655,TCGA-78-8655-01Z-00-DX1.DC81D146-A4A6-411E-A5DC-C0689A8D445F,1,TCGA-78-8655-01,1,1,1,0,0.402876,1.000000002079281,0.29609653457110313,22.845253163884564,77.15474683611544,stroma-high,0.7715474683611544,0.7659792842393779,True,13.46100513648412,True,16.21498289998865,True,,False,,,,2,TCGA-78-8655-01,TCGA-78-8655,Female,Stage IA,77,0:LIVING,77.53,0,I,matched
TCGA-78-8655,TCGA-78-8655-01Z-00-DX1.DC81D146-A4A6-411E-A5DC-C0689A8D445F,2,TCGA-78-8655-01,2,2,1,0,0.480852,0.9999999974811421,0.6322532991637353,38.734999003381546,61.265000996618454,stroma-high,0.6126500099661846,0.6620005330727791,True,36.35415924620023,True,11.347112359054973,True,,False,,,,3,TCGA-78-8655-01,TCGA-78-8655,Female,Stage IA,77,0:LIVING,77.53,0,I,matched
TCGA-78-8655,TCGA-78-8655-01Z-00-DX1.DC81D146-A4A6-411E-A5DC-C0689A8D445F,3,TCGA-78-8655-01,3,3;12;14;16;18,5,4,56.948472,0.9995435875581697,0.6506538781856716,39.417947444005804,60.5820525559942,stroma-high,0.605820525559942,0.6061982346634724,True,13.436063429919919,True,4.3346841677219325,True,24.412061250434785,True,300.3234238086672,288.7158199981832,509.8620552383024,4,TCGA-78-8655-01,TCGA-78-8655,Female,Stage IA,77,0:LIVING,77.53,0,I,matched
TCGA-78-8655,TCGA-78-8655-01Z-00-DX1.DC81D146-A4A6-411E-A5DC-C0689A8D445F,4,TCGA-78-8655-01,4,4,1,0,0.25992,1.000000008934876,0.4955335501371856,33.13423159859772,66.86576840140228,stroma-high,0.6686576840140228,0.6781382471139832,True,46.3708391776823,True,40.56591308593327,True,,False,,,,5,TCGA-78-8655-01,TCGA-78-8655,Female,Stage IA,77,0:LIVING,77.53,0,I,matched
TCGA-78-8655,TCGA-78-8655-01Z-00-DX1.DC81D146-A4A6-411E-A5DC-C0689A8D445F,5,TCGA-78-8655-01,5,5;6;8;9;11;17;21;25;29;30;39;55;59,13,13,144.892404,0.9960534575286517,0.6717632319955281,40.182917002766395,59.8170829972336,stroma-high,0.598170829972336,0.5967020547973941,True,13.696421439994316,True,6.801192951439231,True,27.318919758708887,True,410.2407128976686,342.0,868.2358691729652,6,TCGA-78-8655-01,TCGA-78-8655,Female,Stage IA,77,0:LIVING,77.53,0,I,matched
TCGA-78-8655,TCGA-78-8655-01Z-00-DX1.DC81D146-A4A6-411E-A5DC-C0689A8D445F,6,TCGA-78-8655-01,6,7,1,0,0.246924,1.000000002562669,0.2646275887784167,20.925337318794153,79.07466268120584,stroma-high,0.7907466268120584,0.7860550008633925,True,28.202467759154402,True,29.075432683007147,True,,False,,,,7,TCGA-78-8655-01,TCGA-78-8655,Female,Stage IA,77,0:LIVING,77.53,0,I,matched
TCGA-78-8655,TCGA-78-8655-01Z-00-DX1.DC81D146-A4A6-411E-A5DC-C0689A8D445F,7,TCGA-78-8655-01,7,10,1,0,0.3249,1.0000000010884833,0.19763379288948416,16.502022075768323,83.49797792423168,stroma-high,0.8349797792423168,0.8341327385206604,True,0.37651895953652903,True,1.3139718288737778,True,,False,,,,8,TCGA-78-8655-01,TCGA-78-8655,Female,Stage IA,77,0:LIVING,77.53,0,I,matched
TCGA-78-8655,TCGA-78-8655-01Z-00-DX1.DC81D146-A4A6-411E-A5DC-C0689A8D445F,8,TCGA-78-8655-01,8,13,1,0,0.207936,0.99999999794818,0.17755953515810954,15.078603659242487,84.92139634075751,stroma-high,0.8492139634075752,0.848688731251213,True,0.22987796883222578,True,0.7322906607770998,True,,False,,,,9,TCGA-78-8655-01,TCGA-78-8655,Female,Stage IA,77,0:LIVING,77.53,0,I,matched
TCGA-78-8655,TCGA-78-8655-01Z-00-DX1.DC81D146-A4A6-411E-A5DC-C0689A8D445F,9,TCGA-78-8655-01,9,15,1,0,0.246924,1.0000000015746704,0.185126269617895,15.620805509406424,84.37919449059358,stroma-high,0.8437919449059358,0.8437919449059358,True,0.0,True,0.0,True,,False,,,,10,TCGA-78-8655-01,TCGA-78-8655,Female,Stage IA,77,0:LIVING,77.53,0,I,matched
TCGA-78-8655,TCGA-78-8655-01Z-00-DX1.DC81D146-A4A6-411E-A5DC-C0689A8D445F,10,TCGA-78-8655-01,10,19;20;22;23;24;26;27;28;31;32;34;35;36;38;40;41;42;43;44;45;46;47;48;49;50;51;53;54;60;61;62,31,42,53.556516,0.999514680681412,0.38278618304821893,27.682239506067646,72.31776049393235,stroma-high,0.7231776049393236,0.7247699486659308,True,9.469123656730542,True,5.937133245723968,True,4.417088482720486,True,489.7842680834737,483.7016801416172,980.7051693000752,11,TCGA-78-8655-01,TCGA-78-8655,Female,Stage IA,77,0:LIVING,77.53,0,I,matched
TCGA-78-8655,TCGA-78-8655-01Z-00-DX1.DC81D146-A4A6-411E-A5DC-C0689A8D445F,11,TCGA-78-8655-01,11,33,1,0,0.298908,1.0000000041023747,0.21282916298167318,17.548156779017788,82.45184322098221,stroma-high,0.8245184322098221,0.8069473787740794,True,6.058533369135902,True,17.65958103982728,True,,False,,,,12,TCGA-78-8655-01,TCGA-78-8655,Female,Stage IA,77,0:LIVING,77.53,0,I,matched
TCGA-78-8655,TCGA-78-8655-01Z-00-DX1.DC81D146-A4A6-411E-A5DC-C0689A8D445F,12,TCGA-78-8655-01,12,37,1,0,1.598508,0.9999999981384492,0.44591011419401055,30.83940763790652,69.16059236209348,stroma-high,0.6916059236209349,0.7168984487194382,True,24.45343225840258,True,8.706419850682435,True,,False,,,,13,TCGA-78-8655-01,TCGA-78-8655,Female,Stage IA,77,0:LIVING,77.53,0,I,matched
TCGA-78-8655,TCGA-78-8655-01Z-00-DX1.DC81D146-A4A6-411E-A5DC-C0689A8D445F,13,TCGA-78-8655-01,13,52,1,0,0.350892,0.9999999962720149,0.19781876125575654,16.51491591669256,83.48508408330744,stroma-high,0.8348508408330745,0.8274025034952205,True,0.0010010287773695142,True,6.119836922510723,True,,False,,,,14,TCGA-78-8655-01,TCGA-78-8655,Female,Stage IA,77,0:LIVING,77.53,0,I,matched
TCGA-78-8655,TCGA-78-8655-01Z-00-DX1.DC81D146-A4A6-411E-A5DC-C0689A8D445F,14,TCGA-78-8655-01,14,56;58,2,1,0.987696,0.9999999981702882,0.2469638697272735,19.80521454733789,80.1947854526621,stroma-high,0.8019478545266211,0.7987271656372712,True,0.9404207503965722,True,3.0987905894746035,True,0.009616396733751536,True,581.3220410167005,581.3220410167005,581.3220410167005,15,TCGA-78-8655-01,TCGA-78-8655,Female,Stage IA,77,0:LIVING,77.53,0,I,matched
TCGA-78-8655,TCGA-78-8655-01Z-00-DX1.DC81D146-A4A6-411E-A5DC-C0689A8D445F,15,TCGA-78-8655-01,15,57,1,0,0.480852,0.9729729718363505,0.20814355251900454,17.228379200883943,82.77162079911605,stroma-high,0.8277162079911605,0.8338395778251693,True,7.277739715634694,True,1.8452684348258357,True,,False,,,,16,TCGA-78-8655-01,TCGA-78-8655,Female,Stage IA,77,0:LIVING,77.53,0,I,matched
TCGA-78-8655,TCGA-78-8655-01Z-00-DX1.DC81D146-A4A6-411E-A5DC-C0689A8D445F,16,TCGA-78-8655-01,16,63,1,0,0.558828,0.9999999951333997,0.3898049234815557,28.04745593396431,71.95254406603568,stroma-high,0.7195254406603568,0.7160280428972241,True,13.470348793325146,True,11.828502168840538,True,,False,,,,17,TCGA-78-8655-01,TCGA-78-8655,Female,Stage IA,77,0:LIVING,77.53,0,I,matched
TCGA-78-8662,TCGA-78-8662-01Z-00-DX1.754A4C57-B5FA-4077-99E4-F6EFA6459410,1,TCGA-78-8662-01,1,1;2,2,1,0.84474,0.8153846156476132,0.5383189393504677,34.993974629069115,65.00602537093089,stroma-high,0.6500602537093089,0.6610140634269731,True,23.07004600342992,True,13.450637738214466,True,33.52664246565974,True,227.99999999999997,227.99999999999997,227.99999999999997,2,TCGA-78-8662-01,TCGA-78-8662,Female,Stage IB,53,1:DECEASED,110.41,1,I,matched
TCGA-78-8662,TCGA-78-8662-01Z-00-DX1.754A4C57-B5FA-4077-99E4-F6EFA6459410,2,TCGA-78-8662-01,2,3;11;14;15;17;18,6,5,79.158636,0.9348218683518176,0.9751162934838289,49.370069838463046,50.62993016153696,stroma-high,0.5062993016153696,0.4904587864652338,True,10.707759750775866,True,9.685241679264616,True,8.191058538713435,True,514.6277181650782,570.0,940.1029329379485,3,TCGA-78-8662-01,TCGA-78-8662,Female,Stage IB,53,1:DECEASED,110.41,1,I,matched
TCGA-78-8662,TCGA-78-8662-01Z-00-DX1.754A4C57-B5FA-4077-99E4-F6EFA6459410,3,TCGA-78-8662-01,3,4;5,2,1,1.68948,0.9846153846410184,0.4250251383431607,29.82579934255239,70.17420065744761,stroma-high,0.7017420065744762,0.7388849396358877,True,42.79554543845588,True,20.01568536401708,True,59.12542320044933,True,919.1365931161766,919.1365931161766,919.1365931161766,4,TCGA-78-8662-01,TCGA-78-8662,Female,Stage IB,53,1:DECEASED,110.41,1,I,matched
TCGA-78-8662,TCGA-78-8662-01Z-00-DX1.754A4C57-B5FA-4077-99E4-F6EFA6459410,4,TCGA-78-8662-01,4,6,1,0,0.45486,0.714285717374878,0.4552256887474829,31.28213666563961,68.71786333436039,stroma-high,0.6871786333436039,0.6811740052996129,True,4.289263652308553,True,5.7168176164042634,True,,False,,,,5,TCGA-78-8662-01,TCGA-78-8662,Female,Stage IB,53,1:DECEASED,110.41,1,I,matched
TCGA-78-8662,TCGA-78-8662-01Z-00-DX1.754A4C57-B5FA-4077-99E4-F6EFA6459410,5,TCGA-78-8662-01,5,7,1,0,0.25992,0.6999999968538759,0.22219350467009463,18.179895722001163,81.82010427799884,stroma-high,0.8182010427799884,0.8171821417796271,True,0.27283962298853937,True,1.0009488475439592,True,,False,,,,6,TCGA-78-8662-01,TCGA-78-8662,Female,Stage IB,53,1:DECEASED,110.41,1,I,matched
TCGA-78-8662,TCGA-78-8662-01Z-00-DX1.754A4C57-B5FA-4077-99E4-F6EFA6459410,6,TCGA-78-8662-01,6,8;9;13;16,4,3,94.09104,0.9479281768655377,1.3342238560870485,57.15920744309676,42.84079255690324,stroma-low,0.4284079255690324,0.42695209784071114,True,27.934004199308184,True,7.546460865606034,True,0.22172806296581696,True,297.589314810875,114.0,664.7679444326251,7,TCGA-78-8662-01,TCGA-78-8662,Female,Stage IB,53,1:DECEASED,110.41,1,I,matched
TCGA-78-8662,TCGA-78-8662-01Z-00-DX1.754A4C57-B5FA-4077-99E4-F6EFA6459410,7,TCGA-78-8662-01,7,10,1,0,0.285912,0.9545454595599122,0.24462815987098482,19.654718393672084,80.34528160632792,stroma-high,0.8034528160632792,0.805054312164218,True,1.29973390589557,True,0.0,True,,False,,,,8,TCGA-78-8662-01,TCGA-78-8662,Female,Stage IB,53,1:DECEASED,110.41,1,I,matched
TCGA-78-8662,TCGA-78-8662-01Z-00-DX1.754A4C57-B5FA-4077-99E4-F6EFA6459410,8,TCGA-78-8662-01,8,12,1,0,0.506844,0.9487179494474101,0.6959928540089036,41.037487414156864,58.96251258584313,stroma-high,0.5896251258584313,0.6211512702311469,True,19.785804555567456,True,1.8029108670370295,True,,False,,,,9,TCGA-78-8662-01,TCGA-78-8662,Female,Stage IB,53,1:DECEASED,110.41,1,I,matched
TCGA-80-5608,TCGA-80-5608-01Z-00-DX1.CB85BA53-AF00-4C7D-8489-C2FF0F4F49AB,1,TCGA-80-5608-01,1,1,1,0,1.75616,0.5982142860934866,3.1229180244374475,75.74533390979936,24.254666090200647,stroma-low,0.24254666090200647,0.24290325736973511,True,37.98997791396196,True,1.3529267503287545,True,,False,,,,2,TCGA-80-5608-01,TCGA-80-5608,Female,Stage IA,,0:LIVING,93.04,0,I,matched
TCGA-80-5608,TCGA-80-5608-01Z-00-DX1.CB85BA53-AF00-4C7D-8489-C2FF0F4F49AB,2,TCGA-80-5608-01,2,2,1,0,9.558528,0.8667979001325848,2.497349854268783,71.40692119264467,28.593078807355333,stroma-low,0.2859307880735533,0.29435912241201034,True,26.724414867504283,True,3.52219060020046,True,,False,,,,3,TCGA-80-5608-01,TCGA-80-5608,Female,Stage IA,,0:LIVING,93.04,0,I,matched
TCGA-86-7714,TCGA-86-7714-01Z-00-DX1.8ee03c3b-013e-4dd5-aa0e-9c1a771cbdc5,1,TCGA-86-7714-01,1,1;2,2,1,140.619573,0.9589941294069173,1.7681698266816983,63.875048764665756,36.124951235334244,stroma-low,0.36124951235334246,0.3551273278769199,True,16.703669203220585,True,5.430984522178911,True,68.96628956460195,True,111.0,111.0,111.0,2,TCGA-86-7714-01,TCGA-86-7714,Female,Stage IIIA,61,1:DECEASED,20.53,1,III,matched
TCGA-86-7714,TCGA-86-7714-01Z-00-DX1.8ee03c3b-013e-4dd5-aa0e-9c1a771cbdc5,2,TCGA-86-7714-01,2,3,1,0,0.529803,0.9302325572816487,0.3435631018254542,25.57104324751599,74.42895675248401,stroma-high,0.7442895675248401,0.7438147825461239,True,0.0,True,0.292758399412464,True,,False,,,,3,TCGA-86-7714-01,TCGA-86-7714,Female,Stage IIIA,61,1:DECEASED,20.53,1,III,matched
TCGA-86-7714,TCGA-86-7714-01Z-00-DX1.8ee03c3b-013e-4dd5-aa0e-9c1a771cbdc5,3,TCGA-86-7714-01,3,4,1,0,0.332667,0.9259259278359996,0.13996431049693883,12.277955477038129,87.72204452296187,stroma-high,0.8772204452296187,0.86857067832968,True,0.4049725771792575,True,9.674270215273594,True,,False,,,,4,TCGA-86-7714-01,TCGA-86-7714,Female,Stage IIIA,61,1:DECEASED,20.53,1,III,matched
TCGA-86-7714,TCGA-86-7714-01Z-00-DX1.8ee03c3b-013e-4dd5-aa0e-9c1a771cbdc5,4,TCGA-86-7714-01,4,5;6,2,1,0.591408,0.895833332657882,0.1697338257941065,14.510465718889334,85.48953428111066,stroma-high,0.8548953428111067,0.8549513694616604,True,0.06365681276207874,True,0.006278092670395234,True,0.0,True,111.0,111.0,111.0,5,TCGA-86-7714-01,TCGA-86-7714,Female,Stage IIIA,61,1:DECEASED,20.53,1,III,matched
TCGA-86-7714,TCGA-86-7714-01Z-00-DX1.8ee03c3b-013e-4dd5-aa0e-9c1a771cbdc5,5,TCGA-86-7714-01,5,7;8,2,1,0.566766,0.7826086980513418,1.188784101421632,54.31253364137228,45.68746635862771,stroma-low,0.4568746635862771,0.5393632872247028,True,50.019173641551504,True,8.436071423753505,True,6.166171959223902,True,111.0,111.0,111.0,6,TCGA-86-7714-01,TCGA-86-7714,Female,Stage IIIA,61,1:DECEASED,20.53,1,III,matched
TCGA-86-7953,TCGA-86-7953-01Z-00-DX1.847865ce-df59-4677-bac2-ee88a258fe4e,1,TCGA-86-7953-01,1,1;5,2,1,1.059606,0.7441860484332633,5.135212343375013,83.70064564953762,16.299354350462377,stroma-low,0.16299354350462378,0.3040759468785694,True,78.43985709644437,True,18.7555711986263,True,99.52448721433238,True,457.6995749857773,457.6995749857773,457.6995749857773,2,TCGA-86-7953-01,TCGA-86-7953,Female,Stage IA,69,0:LIVING,32.75,0,I,matched
TCGA-86-7953,TCGA-86-7953-01Z-00-DX1.847865ce-df59-4677-bac2-ee88a258fe4e,2,TCGA-86-7953-01,2,2,1,0,1.244421,0.7722772275401709,4.878806301983935,82.98974402911476,17.01025597088524,stroma-low,0.17010255970885238,0.1966890504436125,True,53.06643018034186,True,1.2902511052676713,True,,False,,,,3,TCGA-86-7953-01,TCGA-86-7953,Female,Stage IA,69,0:LIVING,32.75,0,I,matched
TCGA-86-7953,TCGA-86-7953-01Z-00-DX1.847865ce-df59-4677-bac2-ee88a258fe4e,3,TCGA-86-7953-01,3,3;4,2,1,0.98568,0.737499997852342,0.7529006975673116,42.95170277541636,57.04829722458364,stroma-high,0.5704829722458364,0.5829250281051793,True,17.003657960427404,True,8.512670587460377,True,7.875809011129887,True,333.0,333.0,333.0,4,TCGA-86-7953-01,TCGA-86-7953,Female,Stage IA,69,0:LIVING,32.75,0,I,matched
TCGA-86-7953,TCGA-86-7953-01Z-00-DX1.847865ce-df59-4677-bac2-ee88a258fe4e,4,TCGA-86-7953-01,4,6,1,0,0.320346,0.7692307708172078,2.0257399897550687,66.95023354994395,33.04976645005605,stroma-low,0.3304976645005605,0.40878034529089136,True,59.7788805591142,True,2.2578922250327773,True,,False,,,,5,TCGA-86-7953-01,TCGA-86-7953,Female,Stage IA,69,0:LIVING,32.75,0,I,matched
TCGA-86-7953,TCGA-86-7953-01Z-00-DX1.847865ce-df59-4677-bac2-ee88a258fe4e,5,TCGA-86-7953-01,5,7;8;11,3,2,3.228102,0.7977099219140183,1.159706897179831,53.69742064046695,46.30257935953305,stroma-low,0.46302579359533047,0.4853044794999464,True,25.914353294846045,True,8.812000988481998,True,74.79030873292155,True,277.5002120757881,277.5002120757881,444.0004241515763,6,TCGA-86-7953-01,TCGA-86-7953,Female,Stage IA,69,0:LIVING,32.75,0,I,matched
TCGA-86-7953,TCGA-86-7953-01Z-00-DX1.847865ce-df59-4677-bac2-ee88a258fe4e,6,TCGA-86-7953-01,6,9,1,0,0.948717,0.8051948044986756,2.4943168600380665,71.38210299597426,28.617897004025732,stroma-low,0.28617897004025733,0.3580172656908966,True,47.091273591912255,True,3.02273908346259,True,,False,,,,7,TCGA-86-7953-01,TCGA-86-7953,Female,Stage IA,69,0:LIVING,32.75,0,I,matched
TCGA-86-7953,TCGA-86-7953-01Z-00-DX1.847865ce-df59-4677-bac2-ee88a258fe4e,7,TCGA-86-7953-01,7,10,1,0,0.961038,0.7435897424304876,1.7741367126934273,63.9527498618086,36.04725013819141,stroma-low,0.36047250138191406,0.3574683780926664,True,16.7921985965179,True,9.460852351770686,True,,False,,,,8,TCGA-86-7953-01,TCGA-86-7953,Female,Stage IA,69,0:LIVING,32.75,0,I,matched
TCGA-86-7953,TCGA-86-7953-01Z-00-DX1.847865ce-df59-4677-bac2-ee88a258fe4e,8,TCGA-86-7953-01,8,12,1,0,0.665334,0.944444443892179,64.05431983876073,98.46282306466576,1.5371769353342448,stroma-low,0.015371769353342448,0.1547461313860571,True,91.75755985351795,True,1.321569121346602,True,,False,,,,9,TCGA-86-7953-01,TCGA-86-7953,Female,Stage IA,69,0:LIVING,32.75,0,I,matched
TCGA-86-7953,TCGA-86-7953-01Z-00-DX1.847865ce-df59-4677-bac2-ee88a258fe4e,9,TCGA-86-7953-01,9,13;16,2,1,1.010322,0.7804878041861452,1.3157524924956547,56.817492230254985,43.18250776974502,stroma-low,0.4318250776974502,0.47633368889654143,True,30.237292910904195,True,2.6796554440522273,True,28.8184652389153,True,351.04917188918205,351.04917188918205,351.04917188918205,10,TCGA-86-7953-01,TCGA-86-7953,Female,Stage IA,69,0:LIVING,32.75,0,I,matched
TCGA-86-7953,TCGA-86-7953-01Z-00-DX1.847865ce-df59-4677-bac2-ee88a258fe4e,10,TCGA-86-7953-01,10,14,1,0,6.567093,0.7973733598615824,4.182751556475186,80.70522985516008,19.29477014483991,stroma-low,0.1929477014483991,0.20449401039429393,True,45.50434159770374,True,3.060692815605328,True,,False,,,,11,TCGA-86-7953-01,TCGA-86-7953,Female,Stage IA,69,0:LIVING,32.75,0,I,matched
TCGA-86-7953,TCGA-86-7953-01Z-00-DX1.847865ce-df59-4677-bac2-ee88a258fe4e,11,TCGA-86-7953-01,11,15,1,0,0.184815,1.0000000018529438,,100.0,0.0,stroma-low,0.0,0.02183532497452781,True,100.0,True,0.34225722217568344,True,,False,,,,12,TCGA-86-7953-01,TCGA-86-7953,Female,Stage IA,69,0:LIVING,32.75,0,I,matched
TCGA-86-7953,TCGA-86-7953-01Z-00-DX1.847865ce-df59-4677-bac2-ee88a258fe4e,12,TCGA-86-7953-01,12,17,1,0,0.394272,0.843749996767599,36.359718163765905,97.3233202787652,2.6766797212348106,stroma-low,0.026766797212348106,0.040908600654263584,True,54.761971560740776,True,0.3292928776193029,True,,False,,,,13,TCGA-86-7953-01,TCGA-86-7953,Female,Stage IA,69,0:LIVING,32.75,0,I,matched
TCGA-86-7953,TCGA-86-7953-01Z-00-DX1.847865ce-df59-4677-bac2-ee88a258fe4e,13,TCGA-86-7953-01,13,18,1,0,0.332667,0.6666666670590294,1.6839544490549743,62.74154353282329,37.25845646717671,stroma-low,0.37258456467176704,0.373858825263782,True,1.0905219693916195,True,0.0,True,,False,,,,14,TCGA-86-7953-01,TCGA-86-7953,Female,Stage IA,69,0:LIVING,32.75,0,I,matched
TCGA-86-7953,TCGA-86-7953-01Z-00-DX1.847865ce-df59-4677-bac2-ee88a258fe4e,14,TCGA-86-7953-01,14,19,1,0,1.182816,0.7812500030007451,1.5202504018257417,60.32140301314618,39.67859698685382,stroma-low,0.3967859698685382,0.3975471641839745,True,3.5162143476591954,True,1.2289401865374603,True,,False,,,,15,TCGA-86-7953-01,TCGA-86-7953,Female,Stage IA,69,0:LIVING,32.75,0,I,matched
TCGA-86-7953,TCGA-86-7953-01Z-00-DX1.847865ce-df59-4677-bac2-ee88a258fe4e,15,TCGA-86-7953-01,15,20;21;22,3,3,1.35531,0.8909090914621465,0.6139171456687332,38.03895059398196,61.96104940601804,stroma-high,0.6196104940601804,0.6852277770832403,True,32.47586337972348,True,6.382908294220652,True,40.85721765141719,True,498.8688004106889,333.0,915.3642991905297,16,TCGA-86-7953-01,TCGA-86-7953,Female,Stage IA,69,0:LIVING,32.75,0,I,matched
TCGA-86-7953,TCGA-86-7953-01Z-00-DX1.847865ce-df59-4677-bac2-ee88a258fe4e,16,TCGA-86-7953-01,16,23;24,2,1,2.513484,0.7794117650770989,1.5946909789602,61.45976503141267,38.540234968587335,stroma-low,0.38540234968587334,0.43243367295063273,True,35.144762278849804,True,13.211752527815005,True,99.64025459588127,True,221.99999999999997,221.99999999999997,221.99999999999997,17,TCGA-86-7953-01,TCGA-86-7953,Female,Stage IA,69,0:LIVING,32.75,0,I,matched
TCGA-86-7953,TCGA-86-7953-01Z-00-DX1.847865ce-df59-4677-bac2-ee88a258fe4e,17,TCGA-86-7953-01,17,25,1,0,1.182816,0.7916666668703366,2.656982539418659,72.65505128282709,27.34494871717292,stroma-low,0.2734494871717292,0.3221531111203482,True,51.70037739766522,True,21.34957145498862,True,,False,,,,18,TCGA-86-7953-01,TCGA-86-7953,Female,Stage IA,69,0:LIVING,32.75,0,I,matched
TCGA-86-7953,TCGA-86-7953-01Z-00-DX1.847865ce-df59-4677-bac2-ee88a258fe4e,18,TCGA-86-7953-01,18,26;27,2,1,0.961038,0.6794871783013616,2.250922573168657,69.23950117257621,30.76049882742379,stroma-low,0.3076049882742379,0.3182428020761658,True,11.316931107389289,True,3.1950870762077375,True,5.039614385775161,True,566.0249824877359,566.0249824877359,566.0249824877359,19,TCGA-86-7953-01,TCGA-86-7953,Female,Stage IA,69,0:LIVING,32.75,0,I,matched
TCGA-86-7953,TCGA-86-7953-01Z-00-DX1.847865ce-df59-4677-bac2-ee88a258fe4e,19,TCGA-86-7953-01,19,28,1,0,0.258741,0.7142857145493811,3.833122623644065,79.3094428205088,20.69055717949119,stroma-low,0.2069055717949119,0.20674925530698493,True,0.0,True,0.09563592758098448,True,,False,,,,20,TCGA-86-7953-01,TCGA-86-7953,Female,Stage IA,69,0:LIVING,32.75,0,I,matched
TCGA-86-7953,TCGA-86-7953-01Z-00-DX1.847865ce-df59-4677-bac2-ee88a258fe4e,20,TCGA-86-7953-01,20,29,1,0,0.357309,0.6551724172500614,1.4381689356501963,58.98561476285374,41.01438523714625,stroma-low,0.4101438523714625,0.40934106263609504,True,0.0,True,0.3513768380764414,True,,False,,,,21,TCGA-86-7953-01,TCGA-86-7953,Female,Stage IA,69,0:LIVING,32.75,0,I,matched
TCGA-86-7953,TCGA-86-7953-01Z-00-DX1.847865ce-df59-4677-bac2-ee88a258fe4e,21,TCGA-86-7953-01,21,30,1,0,0.24642,0.6999999990715878,0.8433390137566995,45.7506192546745,54.2493807453255,stroma-high,0.542493807453255,0.5390680739145384,True,2.1921420232350637,True,2.8283087073020607,True,,False,,,,22,TCGA-86-7953-01,TCGA-86-7953,Female,Stage IA,69,0:LIVING,32.75,0,I,matched
TCGA-86-7953,TCGA-86-7953-01Z-00-DX1.847865ce-df59-4677-bac2-ee88a258fe4e,22,TCGA-86-7953-01,22,31,1,0,0.418914,0.7058823543013525,1.398610217776019,58.3091911895883,41.69080881041171,stroma-low,0.4169080881041171,0.4337351260827838,True,10.456337037401838,True,1.3356799029058022,True,,False,,,,23,TCGA-86-7953-01,TCGA-86-7953,Female,Stage IA,69,0:LIVING,32.75,0,I,matched
TCGA-86-7953,TCGA-86-7953-01Z-00-DX1.847865ce-df59-4677-bac2-ee88a258fe4e,23,TCGA-86-7953-01,23,32,1,0,0.813186,0.7272727302826586,6.91912928324675,87.37234910262745,12.627650897372542,stroma-low,0.12627650897372542,0.1375745263619351,True,36.986411933528004,True,5.41348768952235,True,,False,,,,24,TCGA-86-7953-01,TCGA-86-7953,Female,Stage IA,69,0:LIVING,32.75,0,I,matched
TCGA-86-7953,TCGA-86-7953-01Z-00-DX1.847865ce-df59-4677-bac2-ee88a258fe4e,24,TCGA-86-7953-01,24,33,1,0,0.529803,0.6744186090789214,8.044077251467103,88.94304004493347,11.056959955066539,stroma-low,0.11056959955066539,0.16032958381009954,True,56.96569654827886,True,2.5512259884055073,True,,False,,,,25,TCGA-86-7953-01,TCGA-86-7953,Female,Stage IA,69,0:LIVING,32.75,0,I,matched
TCGA-86-7953,TCGA-86-7953-01Z-00-DX1.847865ce-df59-4677-bac2-ee88a258fe4e,25,TCGA-86-7953-01,25,34,1,0,0.418914,0.7352941160708509,13.172326549153963,92.94399549338851,7.056004506611488,stroma-low,0.07056004506611488,0.08561836552658074,True,51.73867775456418,True,0.5985297277242109,True,,False,,,,26,TCGA-86-7953-01,TCGA-86-7953,Female,Stage IA,69,0:LIVING,32.75,0,I,matched
TCGA-86-7954,TCGA-86-7954-01Z-00-DX1.0a063ee6-18b7-4b66-9726-04fb452156cb,1,TCGA-86-7954-01,1,1,1,0,0.517482,0.8095238098411799,0.9283880564346851,48.14321750940225,51.856782490597745,stroma-high,0.5185678249059774,0.49382247965080667,True,19.4153528648956,True,26.644480587884456,True,,False,,,,2,TCGA-86-7954-01,TCGA-86-7954,Female,Stage IB,68,0:LIVING,19.88,0,I,matched
TCGA-86-7954,TCGA-86-7954-01Z-00-DX1.0a063ee6-18b7-4b66-9726-04fb452156cb,2,TCGA-86-7954-01,2,2,1,0,0.874791,0.7605633802378295,0.4092234402882733,29.038932265032564,70.96106773496743,stroma-high,0.7096106773496743,0.7370097419545426,True,20.488607789088206,True,3.1522980125568925,True,,False,,,,3,TCGA-86-7954-01,TCGA-86-7954,Female,Stage IB,68,0:LIVING,19.88,0,I,matched
TCGA-86-7954,TCGA-86-7954-01Z-00-DX1.0a063ee6-18b7-4b66-9726-04fb452156cb,3,TCGA-86-7954-01,3,3,1,0,0.320346,0.7307692268210443,0.75227124894766,42.931209959613405,57.068790040386595,stroma-high,0.570687900403866,0.5353682938991217,True,1.394888312782445,True,16.019933469354033,True,,False,,,,4,TCGA-86-7954-01,TCGA-86-7954,Female,Stage IB,68,0:LIVING,19.88,0,I,matched
TCGA-86-7954,TCGA-86-7954-01Z-00-DX1.0a063ee6-18b7-4b66-9726-04fb452156cb,4,TCGA-86-7954-01,4,4;7;8;9;10;12;13,7,6,7.910082,0.7990654205254049,0.6912396426634643,40.87177388858147,59.128226111418535,stroma-high,0.5912822611141854,0.6052860252081633,True,10.526108377691557,True,3.1082673071846365,True,3.6537445979748258,True,399.99654705047357,395.3500702605012,675.2197128774623,5,TCGA-86-7954-01,TCGA-86-7954,Female,Stage IB,68,0:LIVING,19.88,0,I,matched
TCGA-86-7954,TCGA-86-7954-01Z-00-DX1.0a063ee6-18b7-4b66-9726-04fb452156cb,5,TCGA-86-7954-01,5,5;6,2,1,1.170495,0.9052631582496695,0.9528021073955668,48.79153416452985,51.208465835470165,stroma-high,0.5120846583547016,0.5510711084585822,True,28.653915167064913,True,10.136394060181749,True,0.1363030624032728,True,333.00056553522495,333.00056553522495,333.00056553522495,6,TCGA-86-7954-01,TCGA-86-7954,Female,Stage IB,68,0:LIVING,19.88,0,I,matched
TCGA-86-7954,TCGA-86-7954-01Z-00-DX1.0a063ee6-18b7-4b66-9726-04fb452156cb,6,TCGA-86-7954-01,6,11,1,0,0.221778,0.9999999979966864,0.24405438058529616,19.6176617673638,80.3823382326362,stroma-high,0.803823382326362,0.7960243788404642,True,16.9373673016975,True,20.052883661153942,True,,False,,,,7,TCGA-86-7954-01,TCGA-86-7954,Female,Stage IB,68,0:LIVING,19.88,0,I,matched
TCGA-86-7954,TCGA-86-7954-01Z-00-DX1.0a063ee6-18b7-4b66-9726-04fb452156cb,7,TCGA-86-7954-01,7,14,1,0,0.800865,0.8461538470005158,1.1025776304939598,52.43933039632551,47.56066960367449,stroma-low,0.4756066960367449,0.5172502981208209,True,43.54924499139805,True,21.145964674010752,True,,False,,,,8,TCGA-86-7954-01,TCGA-86-7954,Female,Stage IB,68,0:LIVING,19.88,0,I,matched
TCGA-86-7954,TCGA-86-7954-01Z-00-DX1.0a063ee6-18b7-4b66-9726-04fb452156cb,8,TCGA-86-7954-01,8,15,1,0,1.306026,0.8207547165399757,1.0774173785773582,51.86330824454676,48.136691755453235,stroma-low,0.48136691755453237,0.49424742778636765,True,17.536330104266305,True,5.767894959930513,True,,False,,,,9,TCGA-86-7954-01,TCGA-86-7954,Female,Stage IB,68,0:LIVING,19.88,0,I,matched
TCGA-86-7954,TCGA-86-7954-01Z-00-DX1.0a063ee6-18b7-4b66-9726-04fb452156cb,9,TCGA-86-7954-01,9,16,1,0,0.714618,0.8275862078266197,1.3607349988114281,57.640311152947056,42.35968884705295,stroma-low,0.4235968884705295,0.44254633246126085,True,24.17805766586207,True,5.239173798432139,True,,False,,,,10,TCGA-86-7954-01,TCGA-86-7954,Female,Stage IB,68,0:LIVING,19.88,0,I,matched
TCGA-86-8074,TCGA-86-8074-01Z-00-DX1.0c34b434-8701-4060-a4ea-08a72371ee1e,1,TCGA-86-8074-01,1,1,1,0,1.034964,0.7619047646934676,1.978241657497134,66.42314106772706,33.576858932272934,stroma-low,0.33576858932272935,0.33783798231101286,True,16.99544445652104,True,4.728595255439629,True,,False,,,,2,TCGA-86-8074-01,TCGA-86-8074,Female,Stage IIA,62,0:LIVING,0.79,0,II,matched
TCGA-86-8074,TCGA-86-8074-01Z-00-DX1.0c34b434-8701-4060-a4ea-08a72371ee1e,2,TCGA-86-8074-01,2,2;3,2,1,0.961038,0.8205128218390036,0.8076105672382483,44.678349522605046,55.321650477394954,stroma-high,0.5532165047739496,0.6527520133104666,True,52.85111461041413,True,21.288228941576374,True,31.560486491752513,True,888.000212075864,888.000212075864,888.000212075864,3,TCGA-86-8074-01,TCGA-86-8074,Female,Stage IIA,62,0:LIVING,0.79,0,II,matched
TCGA-86-8074,TCGA-86-8074-01Z-00-DX1.0c34b434-8701-4060-a4ea-08a72371ee1e,3,TCGA-86-8074-01,3,4;6;7,3,2,2.735262,0.7567567567211227,0.7163580166050724,41.73709736981429,58.26290263018571,stroma-high,0.5826290263018571,0.5937077642992982,True,16.826329866219243,True,6.245503077727627,True,12.643917986251779,True,388.5005938116282,388.5005938116282,555.0003393213194,4,TCGA-86-8074-01,TCGA-86-8074,Female,Stage IIA,62,0:LIVING,0.79,0,II,matched
TCGA-86-8074,TCGA-86-8074-01Z-00-DX1.0c34b434-8701-4060-a4ea-08a72371ee1e,4,TCGA-86-8074-01,4,5,1,0,1.034964,0.7261904749775784,1.607937414132063,61.655521540465884,38.34447845953412,stroma-low,0.3834447845953412,0.42943605980237476,True,34.79874985819356,True,5.211215183108911,True,,False,,,,5,TCGA-86-8074-01,TCGA-86-8074,Female,Stage IIA,62,0:LIVING,0.79,0,II,matched
TCGA-86-8074,TCGA-86-8074-01Z-00-DX1.0c34b434-8701-4060-a4ea-08a72371ee1e,5,TCGA-86-8074-01,5,8,1,0,0.653013,0.7547169843818201,0.711095623784899,41.55791259707474,58.44208740292527,stroma-high,0.5844208740292527,0.6050283492012919,True,27.801781130416614,True,17.605034892854814,True,,False,,,,6,TCGA-86-8074-01,TCGA-86-8074,Female,Stage IIA,62,0:LIVING,0.79,0,II,matched
TCGA-86-8074,TCGA-86-8074-01Z-00-DX1.0c34b434-8701-4060-a4ea-08a72371ee1e,6,TCGA-86-8074-01,6,9,1,0,0.579087,0.7021276560882781,0.8988275851823948,47.33592413531619,52.66407586468381,stroma-high,0.5266407586468381,0.5533797242591865,True,37.84790478197424,True,15.115529374573988,True,,False,,,,7,TCGA-86-8074-01,TCGA-86-8074,Female,Stage IIA,62,0:LIVING,0.79,0,II,matched
TCGA-86-8074,TCGA-86-8074-01Z-00-DX1.0c34b434-8701-4060-a4ea-08a72371ee1e,7,TCGA-86-8074-01,7,10;12;14,3,2,2.291706,0.8440860225716952,0.4136643454674135,29.261850367361404,70.7381496326386,stroma-high,0.7073814963263859,0.7169260615940238,True,11.778058658310824,True,3.34931506297593,True,0.5642184963823041,True,277.5,277.5,444.0,8,TCGA-86-8074-01,TCGA-86-8074,Female,Stage IIA,62,0:LIVING,0.79,0,II,matched
TCGA-86-8074,TCGA-86-8074-01Z-00-DX1.0c34b434-8701-4060-a4ea-08a72371ee1e,8,TCGA-86-8074-01,8,11;13,2,1,1.158174,0.776595745321387,1.2584301797991087,55.72145603859438,44.2785439614056,stroma-low,0.44278543961405603,0.4926876045812867,True,40.57868114738435,True,15.547774720412669,True,8.052115222255441,True,333.0,333.0,333.0,9,TCGA-86-8074-01,TCGA-86-8074,Female,Stage IIA,62,0:LIVING,0.79,0,II,matched
TCGA-86-8074,TCGA-86-8074-01Z-00-DX1.0c34b434-8701-4060-a4ea-08a72371ee1e,9,TCGA-86-8074-01,9,15;17;19,3,2,4.460202,0.8204419881800448,1.0834665646068022,52.00306945224615,47.996930547753855,stroma-low,0.4799693054775385,0.5208377455497895,True,32.551573569924955,True,3.6194144931296566,True,33.884560121004185,True,564.0247071307952,564.0247071307952,777.0002423724072,10,TCGA-86-8074-01,TCGA-86-8074,Female,Stage IIA,62,0:LIVING,0.79,0,II,matched
TCGA-86-8074,TCGA-86-8074-01Z-00-DX1.0c34b434-8701-4060-a4ea-08a72371ee1e,10,TCGA-86-8074-01,10,16,1,0,0.271062,0.636363635861926,1.1849127370776185,54.23158174556995,45.768418254430046,stroma-low,0.4576841825443005,0.46476273398542034,True,5.968370372469887,True,1.4550940776128942,True,,False,,,,11,TCGA-86-8074-01,TCGA-86-8074,Female,Stage IIA,62,0:LIVING,0.79,0,II,matched
TCGA-86-8074,TCGA-86-8074-01Z-00-DX1.0c34b434-8701-4060-a4ea-08a72371ee1e,11,TCGA-86-8074-01,11,18,1,0,1.564767,0.7874015739162277,2.024878840427092,66.94082464939962,33.059175350600384,stroma-low,0.33059175350600384,0.3706330335804697,True,35.78737362066211,True,1.4016250058975548,True,,False,,,,12,TCGA-86-8074-01,TCGA-86-8074,Female,Stage IIA,62,0:LIVING,0.79,0,II,matched
TCGA-86-8074,TCGA-86-8074-01Z-00-DX1.0c34b434-8701-4060-a4ea-08a72371ee1e,12,TCGA-86-8074-01,12,20,1,0,2.09457,0.8294117632781577,2.1229964703018966,67.97947069394763,32.02052930605237,stroma-low,0.3202052930605237,0.36239474766677976,True,63.555235875805174,True,2.31380549404563,True,,False,,,,13,TCGA-86-8074-01,TCGA-86-8074,Female,Stage IIA,62,0:LIVING,0.79,0,II,matched
TCGA-86-8074,TCGA-86-8074-01Z-00-DX1.0c34b434-8701-4060-a4ea-08a72371ee1e,13,TCGA-86-8074-01,13,21;22,2,1,1.84815,0.7466666678271091,0.773001370954365,43.59846436769965,56.40153563230036,stroma-high,0.5640153563230036,0.5661827863232193,True,2.3278276173734547,True,0.2915139565300311,True,0.0,True,111.0,111.0,111.0,14,TCGA-86-8074-01,TCGA-86-8074,Female,Stage IIA,62,0:LIVING,0.79,0,II,matched
TCGA-86-8075,TCGA-86-8075-01Z-00-DX1.171bd8bd-af24-4770-b24b-732e675efd75,1,TCGA-86-8075-01,1,1;7;11;12;16;19;22,7,8,9.400923,0.8846657930058321,0.5371807328057258,34.945840872285814,65.0541591277142,stroma-high,0.650541591277142,0.6615312301500272,True,15.04450054334662,True,5.163709047801083,True,25.12657949595834,True,448.0642582852869,499.5,866.9781889359434,2,TCGA-86-8075-01,TCGA-86-8075,Female,Stage IB,66,1:DECEASED,22.8,1,I,matched
TCGA-86-8075,TCGA-86-8075-01Z-00-DX1.171bd8bd-af24-4770-b24b-732e675efd75,2,TCGA-86-8075-01,2,2,1,0,0.394272,0.9062500000861747,0.2377154841521306,19.205987740791034,80.79401225920897,stroma-high,0.8079401225920897,0.7852166827978293,True,31.95656517336006,True,43.91033670189313,True,,False,,,,3,TCGA-86-8075-01,TCGA-86-8075,Female,Stage IB,66,1:DECEASED,22.8,1,I,matched
TCGA-86-8075,TCGA-86-8075-01Z-00-DX1.171bd8bd-af24-4770-b24b-732e675efd75,3,TCGA-86-8075-01,3,3;4;5;6;9;10;13;14;15;17;18;20;21,13,16,10.152504,0.8349514562107345,0.663101947530415,39.87139504677227,60.128604953227736,stroma-high,0.6012860495322774,0.6354738843549316,True,33.75421486852131,True,15.226226082827788,True,34.17993829858623,True,426.4925499827072,333.0002827676125,888.0002120758642,4,TCGA-86-8075-01,TCGA-86-8075,Female,Stage IB,66,1:DECEASED,22.8,1,I,matched
TCGA-86-8075,TCGA-86-8075-01Z-00-DX1.171bd8bd-af24-4770-b24b-732e675efd75,4,TCGA-86-8075-01,4,8,1,0,0.591408,0.7291666673525015,1.0002831970118373,50.00707892293102,49.99292107706898,stroma-low,0.4999292107706898,0.5399260419450752,True,36.286868307211265,True,1.0942701114772024,True,,False,,,,5,TCGA-86-8075-01,TCGA-86-8075,Female,Stage IB,66,1:DECEASED,22.8,1,I,matched
TCGA-86-8075,TCGA-86-8075-01Z-00-DX1.171bd8bd-af24-4770-b24b-732e675efd75,5,TCGA-86-8075-01,5,23,1,0,0.320346,0.9230769248309887,0.21643551375562475,17.792600701651782,82.20739929834822,stroma-high,0.8220739929834822,0.8226533557692897,True,0.5019229333866795,True,0.0,True,,False,,,,6,TCGA-86-8075-01,TCGA-86-8075,Female,Stage IB,66,1:DECEASED,22.8,1,I,matched
TCGA-86-8075,TCGA-86-8075-01Z-00-DX1.171bd8bd-af24-4770-b24b-732e675efd75,6,TCGA-86-8075-01,6,24,1,0,5.532129,0.7973273940343746,1.3487524416741015,57.42420604841445,42.57579395158555,stroma-low,0.4257579395158555,0.44842958949799905,True,25.727443648504885,True,5.229883821357886,True,,False,,,,7,TCGA-86-8075-01,TCGA-86-8075,Female,Stage IB,66,1:DECEASED,22.8,1,I,matched
TCGA-86-8278,TCGA-86-8278-01Z-00-DX1.6500afef-f0f0-4e7c-a6c0-60da81993641,1,TCGA-86-8278-01,1,1;2;3;4,4,3,1.2321,0.9699999985349496,0.15755695179389045,13.611161986433679,86.38883801356631,stroma-high,0.8638883801356632,0.8630545964616743,True,1.0550441725307063,True,2.0423033412502885,True,0.08317640449960932,True,657.317617557264,647.2750887500671,866.9781889359451,2,TCGA-86-8278-01,TCGA-86-8278,Female,Stage IIB,63,0:LIVING,31.01,0,II,matched
TCGA-86-8278,TCGA-86-8278-01Z-00-DX1.6500afef-f0f0-4e7c-a6c0-60da81993641,2,TCGA-86-8278-01,2,5;6,2,1,175.241583,0.9591506715330853,1.1382317425224884,53.23238449260451,46.76761550739548,stroma-low,0.4676761550739548,0.45921894161043625,True,9.335785620205831,True,4.46899834377533,True,0.0,True,111.0,111.0,111.0,3,TCGA-86-8278-01,TCGA-86-8278,Female,Stage IIB,63,0:LIVING,31.01,0,II,matched
TCGA-86-8278,TCGA-86-8278-01Z-00-DX1.6500afef-f0f0-4e7c-a6c0-60da81993641,3,TCGA-86-8278-01,3,7,1,0,0.271062,0.9090909084532707,0.7471113057802505,42.76266219035167,57.23733780964834,stroma-high,0.5723733780964834,0.5785155572408328,True,5.340088693082841,True,2.006820688697817,True,,False,,,,4,TCGA-86-8278-01,TCGA-86-8278,Female,Stage IIB,63,0:LIVING,31.01,0,II,matched
TCGA-86-8280,TCGA-86-8280-01Z-00-DX1.52627b97-1cfa-4382-819b-949b58c0f995,1,TCGA-86-8280-01,1,1;5;7;11;12;15,6,6,65.017917,0.9681637293944023,0.7735896434609275,43.617171892781734,56.382828107218266,stroma-high,0.5638282810721826,0.5586732916191707,True,8.357531969225613,True,5.580549292936298,True,3.078804573393186,True,305.8795132289959,267.99802632842307,566.0249824877368,2,TCGA-86-8280-01,TCGA-86-8280,Female,Stage IIA,54,0:LIVING,23.03,0,II,matched
TCGA-86-8280,TCGA-86-8280-01Z-00-DX1.52627b97-1cfa-4382-819b-949b58c0f995,2,TCGA-86-8280-01,2,2,1,0,0.258741,0.7142857142067182,0.2851837501322657,22.19011484567213,77.80988515432787,stroma-high,0.7780988515432787,0.7485693661086454,True,10.53663646633021,True,25.690185914845532,True,,False,,,,3,TCGA-86-8280-01,TCGA-86-8280,Female,Stage IIA,54,0:LIVING,23.03,0,II,matched
TCGA-86-8280,TCGA-86-8280-01Z-00-DX1.52627b97-1cfa-4382-819b-949b58c0f995,3,TCGA-86-8280-01,3,3;10;18;24;27;29;32,7,8,80.899686,0.9483703928352117,0.9753807419461235,49.37684777594769,50.623152224052305,stroma-high,0.506231522240523,0.5082582399495821,True,13.702732225792857,True,4.695537953873163,True,12.536178374337952,True,368.04729014028135,311.1284462656644,800.4722357662164,4,TCGA-86-8280-01,TCGA-86-8280,Female,Stage IIA,54,0:LIVING,23.03,0,II,matched
TCGA-86-8280,TCGA-86-8280-01Z-00-DX1.52627b97-1cfa-4382-819b-949b58c0f995,4,TCGA-86-8280-01,4,4,1,0,0.283383,1.0000000062307506,0.2684110845483077,21.161206159270616,78.83879384072938,stroma-high,0.7883879384072938,0.8070509003841789,True,17.86076380185361,True,3.885669535302045,True,,False,,,,5,TCGA-86-8280-01,TCGA-86-8280,Female,Stage IIA,54,0:LIVING,23.03,0,II,matched
TCGA-86-8280,TCGA-86-8280-01Z-00-DX1.52627b97-1cfa-4382-819b-949b58c0f995,5,TCGA-86-8280-01,5,6,1,0,0.184815,1.0000000001852944,0.2954033121485258,22.803964555145125,77.19603544485487,stroma-high,0.7719603544485487,0.7343605609196128,True,0.11057868913159356,True,21.930576633496184,True,,False,,,,6,TCGA-86-8280-01,TCGA-86-8280,Female,Stage IIA,54,0:LIVING,23.03,0,II,matched
TCGA-86-8280,TCGA-86-8280-01Z-00-DX1.52627b97-1cfa-4382-819b-949b58c0f995,6,TCGA-86-8280-01,6,8;9,2,1,0.61605,0.9400000011513839,0.2368035501665162,19.14641578564634,80.85358421435367,stroma-high,0.8085358421435367,0.8003163026402569,True,3.9182526076686033,True,8.483294512153183,True,0.0,True,111.0,111.0,111.0,7,TCGA-86-8280-01,TCGA-86-8280,Female,Stage IIA,54,0:LIVING,23.03,0,II,matched
TCGA-86-8280,TCGA-86-8280-01Z-00-DX1.52627b97-1cfa-4382-819b-949b58c0f995,7,TCGA-86-8280-01,7,13,1,0,0.505161,0.804878050168776,0.4889721653701205,32.8395773099341,67.1604226900659,stroma-high,0.671604226900659,0.6723178648200854,True,0.8017351257918421,True,0.21715641541846975,True,,False,,,,8,TCGA-86-8280-01,TCGA-86-8280,Female,Stage IIA,54,0:LIVING,23.03,0,II,matched
TCGA-86-8280,TCGA-86-8280-01Z-00-DX1.52627b97-1cfa-4382-819b-949b58c0f995,8,TCGA-86-8280-01,8,14;16,2,1,1.071927,0.9885057458017943,0.44703473975256564,30.893158779934055,69.10684122006595,stroma-high,0.6910684122006594,0.7228211662926369,True,30.63716333507987,True,16.154224853490227,True,91.20776011411445,True,248.2421020415337,248.2421020415337,248.2421020415337,9,TCGA-86-8280-01,TCGA-86-8280,Female,Stage IIA,54,0:LIVING,23.03,0,II,matched
TCGA-86-8280,TCGA-86-8280-01Z-00-DX1.52627b97-1cfa-4382-819b-949b58c0f995,9,TCGA-86-8280-01,9,17;20;22,3,2,2.131533,0.988439306079256,0.2652813831368002,20.966196663633234,79.03380333636676,stroma-high,0.7903380333636676,0.7892058714069751,True,4.905775034107457,True,5.182200614129267,True,0.004591007155338007,True,706.424587767882,706.424587767882,710.7871836031403,10,TCGA-86-8280-01,TCGA-86-8280,Female,Stage IIA,54,0:LIVING,23.03,0,II,matched
TCGA-86-8280,TCGA-86-8280-01Z-00-DX1.52627b97-1cfa-4382-819b-949b58c0f995,10,TCGA-86-8280-01,10,19,1,0,0.36963,1.000000001192287,0.24734216903367168,19.82953636733777,80.17046363266222,stroma-high,0.8017046363266223,0.8050863963483033,True,2.7557937630781395,True,0.1305118943432116,True,,False,,,,11,TCGA-86-8280-01,TCGA-86-8280,Female,Stage IIA,54,0:LIVING,23.03,0,II,matched
TCGA-86-8280,TCGA-86-8280-01Z-00-DX1.52627b97-1cfa-4382-819b-949b58c0f995,11,TCGA-86-8280-01,11,21;23;33,3,2,28.387584,0.9661458331050589,0.8143942227210256,44.88518605949308,55.11481394050692,stroma-high,0.5511481394050692,0.5360369204079896,True,18.308684912277595,True,14.199404843030502,True,5.056827648376496,True,448.35084580353487,448.35084580353487,496.4456473776779,12,TCGA-86-8280-01,TCGA-86-8280,Female,Stage IIA,54,0:LIVING,23.03,0,II,matched
TCGA-86-8280,TCGA-86-8280-01Z-00-DX1.52627b97-1cfa-4382-819b-949b58c0f995,12,TCGA-86-8280-01,12,25,1,0,4.583412,0.9973118273494908,0.952311891096155,48.77867596050266,51.22132403949734,stroma-high,0.5122132403949734,0.5150314199674147,True,16.827453945240695,True,7.5540277573639685,True,,False,,,,13,TCGA-86-8280-01,TCGA-86-8280,Female,Stage IIA,54,0:LIVING,23.03,0,II,matched
TCGA-86-8280,TCGA-86-8280-01Z-00-DX1.52627b97-1cfa-4382-819b-949b58c0f995,13,TCGA-86-8280-01,13,26,1,0,0.554445,1.0000000005355913,0.5249058901943523,34.4221826126891,65.5778173873109,stroma-high,0.655778173873109,0.6592160253500816,True,22.016084227542557,True,18.595822737454952,True,,False,,,,14,TCGA-86-8280-01,TCGA-86-8280,Female,Stage IIA,54,0:LIVING,23.03,0,II,matched
TCGA-86-8280,TCGA-86-8280-01Z-00-DX1.52627b97-1cfa-4382-819b-949b58c0f995,14,TCGA-86-8280-01,14,28,1,0,0.234099,1.0000000045967776,13.376312633373134,93.04411342809419,6.955886571905808,stroma-low,0.06955886571905807,0.33449966898339034,True,90.21693562596111,True,27.01201697324918,True,,False,,,,15,TCGA-86-8280-01,TCGA-86-8280,Female,Stage IIA,54,0:LIVING,23.03,0,II,matched
TCGA-86-8280,TCGA-86-8280-01Z-00-DX1.52627b97-1cfa-4382-819b-949b58c0f995,15,TCGA-86-8280-01,15,30,1,0,0.344988,0.9999999939048264,0.4007545572753058,28.609905653624164,71.39009434637585,stroma-high,0.7139009434637584,0.7149295455431361,True,0.7980709870648637,True,0.0,True,,False,,,,16,TCGA-86-8280-01,TCGA-86-8280,Female,Stage IIA,54,0:LIVING,23.03,0,II,matched
TCGA-86-8280,TCGA-86-8280-01Z-00-DX1.52627b97-1cfa-4382-819b-949b58c0f995,16,TCGA-86-8280-01,16,31,1,0,0.443556,1.0000000025266773,0.5873397941616085,37.00151639377415,62.99848360622584,stroma-high,0.6299848360622584,0.6248193489853333,True,6.816735911162462,True,7.422698852430655,True,,False,,,,17,TCGA-86-8280-01,TCGA-86-8280,Female,Stage IIA,54,0:LIVING,23.03,0,II,matched
TCGA-86-8280,TCGA-86-8280-01Z-00-DX1.52627b97-1cfa-4382-819b-949b58c0f995,17,TCGA-86-8280-01,17,34,1,0,0.702297,0.8947368412813248,0.45220113802932727,31.13901553905786,68.86098446094215,stroma-high,0.6886098446094214,0.6825278211296546,True,1.8512391250837483,True,4.589061790464212,True,,False,,,,18,TCGA-86-8280-01,TCGA-86-8280,Female,Stage IIA,54,0:LIVING,23.03,0,II,matched
TCGA-86-8280,TCGA-86-8280-01Z-00-DX1.52627b97-1cfa-4382-819b-949b58c0f995,18,TCGA-86-8280-01,18,35,1,0,1.306026,0.8396226434481162,0.6150222624479181,38.08134889210245,61.918651107897546,stroma-high,0.6191865110789755,0.6195008626430907,True,2.2595388132045273,True,1.448644803832442,True,,False,,,,19,TCGA-86-8280-01,TCGA-86-8280,Female,Stage IIA,54,0:LIVING,23.03,0,II,matched
TCGA-86-8280,TCGA-86-8280-01Z-00-DX1.52627b97-1cfa-4382-819b-949b58c0f995,19,TCGA-86-8280-01,19,36,1,0,0.665334,0.9259259249254144,0.7296415979787328,42.18455423547834,57.815445764521655,stroma-high,0.5781544576452166,0.5841462710300155,True,17.233843037705444,True,10.36261178303399,True,,False,,,,20,TCGA-86-8280-01,TCGA-86-8280,Female,Stage IIA,54,0:LIVING,23.03,0,II,matched
TCGA-86-8668,TCGA-86-8668-01Z-00-DX1.d720d486-02c7-4f98-8feb-e0e50a12c158,1,TCGA-86-8668-01,1,1,1,0,1.786545,0.8206896554629879,0.7604461684012794,43.196218211651775,56.80378178834822,stroma-high,0.5680378178834822,0.5706737383594077,True,12.653041148627944,True,4.043863823442795,True,,False,,,,2,TCGA-86-8668-01,TCGA-86-8668,Female,Stage IA,61,0:LIVING,13.9,0,I,matched
TCGA-86-8668,TCGA-86-8668-01Z-00-DX1.d720d486-02c7-4f98-8feb-e0e50a12c158,2,TCGA-86-8668-01,2,2,1,0,0.443556,0.9166666649390309,0.49688471622701513,33.194588122954585,66.80541187704542,stroma-high,0.6680541187704542,0.7123286162012811,True,41.48465848219697,True,20.71364060831041,True,,False,,,,3,TCGA-86-8668-01,TCGA-86-8668,Female,Stage IA,61,0:LIVING,13.9,0,I,matched
TCGA-86-8668,TCGA-86-8668-01Z-00-DX1.d720d486-02c7-4f98-8feb-e0e50a12c158,3,TCGA-86-8668-01,3,3;4,2,1,152.829684,0.9604159948141007,1.5321905617685174,60.50850140987865,39.491498590121346,stroma-low,0.3949149859012135,0.37187156525734283,True,26.3417903205382,True,13.724112707931809,True,15.361608296710285,True,333.0,333.0,333.0,4,TCGA-86-8668-01,TCGA-86-8668,Female,Stage IA,61,0:LIVING,13.9,0,I,matched
TCGA-86-8671,TCGA-86-8671-01Z-00-DX1.1fd0019c-df9d-48cc-9055-8de57759f273,1,TCGA-86-8671-01,1,1;4,2,1,1.577088,0.953125000054939,0.2655760661163365,20.984599284601497,79.01540071539851,stroma-high,0.7901540071539851,0.8008462166326008,True,8.358546181062824,True,0.1107190689233887,True,8.08503875800037,True,222.00084830193705,222.00084830193705,222.00084830193705,2,TCGA-86-8671-01,TCGA-86-8671,Female,Stage IIB,72,0:LIVING,27.56,0,II,matched
TCGA-86-8671,TCGA-86-8671-01Z-00-DX1.1fd0019c-df9d-48cc-9055-8de57759f273,2,TCGA-86-8671-01,2,2;3,2,1,0.924075,0.9999999989176286,0.13555209660711068,11.937109447653135,88.06289055234686,stroma-high,0.8806289055234686,0.8821731298809556,True,2.248461668773523,True,0.5992216298856174,True,0.0,True,597.7906495239997,597.7906495239997,597.7906495239997,3,TCGA-86-8671-01,TCGA-86-8671,Female,Stage IIB,72,0:LIVING,27.56,0,II,matched
TCGA-86-8671,TCGA-86-8671-01Z-00-DX1.1fd0019c-df9d-48cc-9055-8de57759f273,3,TCGA-86-8671-01,3,5;6;7;8;9;10;11;13;14,9,14,5.150178,1.0000000006236915,0.18463056108595688,15.585497044471408,84.41450295552858,stroma-high,0.8441450295552858,0.8566234138221712,True,21.103242046946715,True,11.979869449642129,True,15.677880764116637,True,555.4764934788429,512.9868790401304,888.0002120758642,4,TCGA-86-8671-01,TCGA-86-8671,Female,Stage IIB,72,0:LIVING,27.56,0,II,matched
TCGA-86-8671,TCGA-86-8671-01Z-00-DX1.1fd0019c-df9d-48cc-9055-8de57759f273,4,TCGA-86-8671-01,4,12,1,0,0.283383,1.000000003608875,0.21316867049611093,17.571231081077798,82.4287689189222,stroma-high,0.824287689189222,0.8396006597405029,True,19.589371420833444,True,6.7834419715272976,True,,False,,,,5,TCGA-86-8671-01,TCGA-86-8671,Female,Stage IIB,72,0:LIVING,27.56,0,II,matched
TCGA-86-A456,TCGA-86-A456-01Z-00-DX1.5C7CBF9B-0AE3-4776-9434-296AA0C605CC,1,TCGA-86-A456-01,1,1;2;4;5;6;7;8;9;10;11;12;13;14;15;16;17;18,17,29,74.517408,0.9859457674294044,0.6469646413924643,39.28224232218325,60.71775767781674,stroma-high,0.6071775767781674,0.5765253074847094,True,17.742646411043122,True,20.230258605685854,True,20.611023296109057,True,484.0389807431719,555.0,948.4214148207784,2,TCGA-86-A456-01,TCGA-86-A456,Female,Stage IA,78,0:LIVING,29.43,0,I,matched
TCGA-86-A456,TCGA-86-A456-01Z-00-DX1.5C7CBF9B-0AE3-4776-9434-296AA0C605CC,2,TCGA-86-A456-01,2,3,1,0,0.394272,0.9999999989498747,0.13796871832539387,12.124122227931288,87.8758777720687,stroma-high,0.8787587777206871,0.8658746728267954,True,0.6996722453214328,True,14.677817442635947,True,,False,,,,3,TCGA-86-A456-01,TCGA-86-A456,Female,Stage IA,78,0:LIVING,29.43,0,I,matched
TCGA-86-A4P7,TCGA-86-A4P7-01Z-00-DX1.37026DCF-5A81-4098-B444-C8A40CA168D0,1,TCGA-86-A4P7-01,1,1;2,2,1,0.727833,0.964912281066733,0.233509441724178,18.93049488115653,81.06950511884347,stroma-high,0.8106950511884347,0.8178508600115608,True,21.706460357086264,True,18.509723841704538,True,12.037832815055333,True,564.9999999999999,564.9999999999999,564.9999999999999,2,TCGA-86-A4P7-01,TCGA-86-A4P7,Female,Stage IB,63,0:LIVING,13.63,0,I,matched
TCGA-86-A4P7,TCGA-86-A4P7-01Z-00-DX1.37026DCF-5A81-4098-B444-C8A40CA168D0,2,TCGA-86-A4P7-01,2,3;4;5;6;7;8;9;10;12;13;14;15;16;17;18,15,17,47.896519,0.8528392429914158,1.3090332521197168,56.69183200016763,43.30816799983238,stroma-low,0.4330816799983238,0.4455567631444387,True,28.518872984375754,True,12.413557034787496,True,30.38518822788073,True,516.1642763738133,465.94578622856096,958.8774370989775,3,TCGA-86-A4P7-01,TCGA-86-A4P7,Female,Stage IB,63,0:LIVING,13.63,0,I,matched
TCGA-86-A4P7,TCGA-86-A4P7-01Z-00-DX1.37026DCF-5A81-4098-B444-C8A40CA168D0,3,TCGA-86-A4P7-01,3,11,1,0,0.280918,0.6818181821168269,0.39178811642896233,28.149982874850863,71.85001712514914,stroma-high,0.7185001712514913,0.6760253297079258,True,32.905074744773906,True,46.76896700219146,True,,False,,,,4,TCGA-86-A4P7-01,TCGA-86-A4P7,Female,Stage IB,63,0:LIVING,13.63,0,I,matched
TCGA-86-A4P7,TCGA-86-A4P7-01Z-00-DX1.37026DCF-5A81-4098-B444-C8A40CA168D0,4,TCGA-86-A4P7-01,4,19,1,0,0.689526,0.6851851791884487,0.5924074374105155,37.202001415784366,62.797998584215634,stroma-high,0.6279799858421563,0.6220230186294934,True,35.81183151985969,True,30.886350090914338,True,,False,,,,5,TCGA-86-A4P7-01,TCGA-86-A4P7,Female,Stage IB,63,0:LIVING,13.63,0,I,matched
TCGA-86-A4P8,TCGA-86-A4P8-01Z-00-DX1.D65E8855-F7A1-4584-A501-BBFBC61C2DEB,1,TCGA-86-A4P8-01,1,1;2;3;6;7,5,4,55.68996675,0.9692343279430787,1.3233087261483594,56.95793724074606,43.04206275925394,stroma-low,0.43042062759253935,0.4252306349907811,True,13.816783064927177,True,6.445133101932568,True,0.30345449586373213,True,237.93839038427856,113.5,611.2535615371143,2,TCGA-86-A4P8-01,TCGA-86-A4P8,Female,Stage IIIA,59,0:LIVING,26.45,0,III,matched
TCGA-86-A4P8,TCGA-86-A4P8-01Z-00-DX1.D65E8855-F7A1-4584-A501-BBFBC61C2DEB,2,TCGA-86-A4P8-01,2,4,1,0,0.154587,0.5833333302919831,,100.0,0.0,stroma-low,0.0,0.0038156940384615483,True,100.0,False,6.139523672930375,True,,False,,,,3,TCGA-86-A4P8-01,TCGA-86-A4P8,Female,Stage IIIA,59,0:LIVING,26.45,0,III,matched
TCGA-86-A4P8,TCGA-86-A4P8-01Z-00-DX1.D65E8855-F7A1-4584-A501-BBFBC61C2DEB,3,TCGA-86-A4P8-01,3,5,1,0,0.63123025,0.938775510627572,0.47190806700486027,32.06097429475546,67.93902570524453,stroma-high,0.6793902570524454,0.6774473414010674,True,3.268147010038002,True,3.1656369300362432,True,,False,,,,4,TCGA-86-A4P8-01,TCGA-86-A4P8,Female,Stage IIIA,59,0:LIVING,26.45,0,III,matched
TCGA-93-7347,TCGA-93-7347-01Z-00-DX1.a22b7163-07bd-4f6a-97c7-f1561c4d73cb,1,TCGA-93-7347-01,1,1;2;3;4;7,5,4,15.573744,0.9786392410185042,0.757472913777716,43.100118803510654,56.899881196489346,stroma-high,0.5689988119648934,0.5808265672143665,True,43.461086862728,True,22.94980163748304,True,59.62044868388884,True,252.5064576974183,166.5004241509685,566.0249824877362,2,TCGA-93-7347-01,TCGA-93-7347,Female,Stage IA,76,0:LIVING,22.44,0,I,matched
TCGA-93-7347,TCGA-93-7347-01Z-00-DX1.a22b7163-07bd-4f6a-97c7-f1561c4d73cb,2,TCGA-93-7347-01,2,5;6;8,3,2,17.939376,0.9601648353865359,0.5515820612433814,35.549654447626416,64.45034555237359,stroma-high,0.6445034555237359,0.6111749711102696,True,21.252936012172118,True,22.70681660842383,True,7.353471084984429,True,284.3497874928885,284.3497874928885,457.69957498577696,3,TCGA-93-7347-01,TCGA-93-7347,Female,Stage IA,76,0:LIVING,22.44,0,I,matched
TCGA-93-7347,TCGA-93-7347-01Z-00-DX1.a22b7163-07bd-4f6a-97c7-f1561c4d73cb,3,TCGA-93-7347-01,3,9;11;14;15;16;18;19;20;21;23;24;25;26;27;28;29;30;31,18,27,20.465181,0.9723058401714612,0.6151443753106476,38.08603024682139,61.91396975317861,stroma-high,0.6191396975317861,0.635080583296061,True,35.73238558324666,True,23.525655134051537,True,15.82707997126908,True,443.385891924009,400.2560442293919,999.0,4,TCGA-93-7347-01,TCGA-93-7347,Female,Stage IA,76,0:LIVING,22.44,0,I,matched
TCGA-93-7347,TCGA-93-7347-01Z-00-DX1.a22b7163-07bd-4f6a-97c7-f1561c4d73cb,4,TCGA-93-7347-01,4,10,1,0,0.308025,0.7199999952025244,0.5248411186507158,34.41939702643455,65.58060297356545,stroma-high,0.6558060297356545,0.6527528094177641,True,3.015994100954794,True,4.101718286117075,True,,False,,,,5,TCGA-93-7347-01,TCGA-93-7347,Female,Stage IA,76,0:LIVING,22.44,0,I,matched
TCGA-93-7347,TCGA-93-7347-01Z-00-DX1.a22b7163-07bd-4f6a-97c7-f1561c4d73cb,5,TCGA-93-7347-01,5,12,1,0,0.197136,0.8749999973733793,1.5785865019571539,61.21906326427299,38.78093673572701,stroma-low,0.3878093673572701,0.3871392932996634,True,32.23774204256779,True,17.06215291208717,True,,False,,,,6,TCGA-93-7347-01,TCGA-93-7347,Female,Stage IA,76,0:LIVING,22.44,0,I,matched
TCGA-93-7347,TCGA-93-7347-01Z-00-DX1.a22b7163-07bd-4f6a-97c7-f1561c4d73cb,6,TCGA-93-7347-01,6,13,1,0,0.320346,0.7307692382847353,0.6228067495851136,38.37836820338221,61.62163179661779,stroma-high,0.6162163179661779,0.6550084829488712,True,32.566199295505555,True,1.8624899144218336,True,,False,,,,7,TCGA-93-7347-01,TCGA-93-7347,Female,Stage IA,76,0:LIVING,22.44,0,I,matched
TCGA-93-7347,TCGA-93-7347-01Z-00-DX1.a22b7163-07bd-4f6a-97c7-f1561c4d73cb,7,TCGA-93-7347-01,7,17,1,0,0.271062,1.0000000095672228,0.2070311167853891,17.152094416319787,82.84790558368022,stroma-high,0.8284790558368021,0.8351280660200786,True,5.42246226804513,True,0.0,True,,False,,,,8,TCGA-93-7347-01,TCGA-93-7347,Female,Stage IA,76,0:LIVING,22.44,0,I,matched
TCGA-93-7347,TCGA-93-7347-01Z-00-DX1.a22b7163-07bd-4f6a-97c7-f1561c4d73cb,8,TCGA-93-7347-01,8,22,1,0,0.455877,0.9729729755087917,0.32276886824784323,24.40100277498873,75.59899722501127,stroma-high,0.7559899722501128,0.7650831380877606,True,27.31625947441928,True,15.432069802687796,True,,False,,,,9,TCGA-93-7347-01,TCGA-93-7347,Female,Stage IA,76,0:LIVING,22.44,0,I,matched
TCGA-95-7043,TCGA-95-7043-01Z-00-DX1.AE0FD8AA-9B88-45FE-B247-402BED1285EF,1,TCGA-95-7043-01,1,1;2;4;5;6;7;9;11;12;13,10,11,56.32655925,0.9886271322924558,0.5350988448052594,34.85761497482863,65.14238502517138,stroma-high,0.6514238502517138,0.6518473399688982,True,3.632668001669167,True,1.5029181064196369,True,0.7939431945948316,True,313.88767553546654,123.5,899.1290988767223,2,TCGA-95-7043-01,TCGA-95-7043,Female,Stage IA,63,1:DECEASED,16.52,1,I,matched
TCGA-95-7043,TCGA-95-7043-01Z-00-DX1.AE0FD8AA-9B88-45FE-B247-402BED1285EF,2,TCGA-95-7043-01,2,3,1,0,0.28979275,1.0000000016520254,0.1430110507392735,12.511781985552743,87.48821801444726,stroma-high,0.8748821801444726,0.8756906349207665,True,0.9815459449718261,True,0.0,True,,False,,,,3,TCGA-95-7043-01,TCGA-95-7043,Female,Stage IA,63,1:DECEASED,16.52,1,I,matched
TCGA-95-7043,TCGA-95-7043-01Z-00-DX1.AE0FD8AA-9B88-45FE-B247-402BED1285EF,3,TCGA-95-7043-01,3,8,1,0,0.2745405,1.000000001871639,0.15349290284462055,13.306792132495382,86.69320786750461,stroma-high,0.8669320786750462,0.8672891212038254,True,0.36644456643632733,True,0.0,True,,False,,,,4,TCGA-95-7043-01,TCGA-95-7043,Female,Stage IA,63,1:DECEASED,16.52,1,I,matched
TCGA-95-7043,TCGA-95-7043-01Z-00-DX1.AE0FD8AA-9B88-45FE-B247-402BED1285EF,4,TCGA-95-7043-01,4,10,1,0,0.3965585,0.9999999988168173,0.25073134911391803,20.046778973881878,79.95322102611813,stroma-high,0.7995322102611813,0.8000387630772685,True,0.6917480570284437,True,0.28348904411081943,True,,False,,,,5,TCGA-95-7043-01,TCGA-95-7043,Female,Stage IA,63,1:DECEASED,16.52,1,I,matched
TCGA-95-A4VK,TCGA-95-A4VK-01Z-00-DX1.D09778E0-285E-4593-84C8-B6009DDF4E41,1,TCGA-95-A4VK-01,1,1,1,0,0.4575675,0.9999999984410048,1.891509444515123,65.41598707564692,34.584012924353075,stroma-low,0.34584012924353075,0.3916852137409519,True,56.41993685983153,True,8.860601668722063,True,,False,,,,2,TCGA-95-A4VK-01,TCGA-95-A4VK,Female,Stage IIIA,74,0:LIVING,21.39,0,III,matched
TCGA-95-A4VK,TCGA-95-A4VK-01Z-00-DX1.D09778E0-285E-4593-84C8-B6009DDF4E41,2,TCGA-95-A4VK-01,2,2;6;10;11;14;15;26;29;30;32;37;39;42;43;44;47;48;49;52,19,24,81.58428525,0.9442886519844745,0.7833990300227848,43.92729932194569,56.07270067805431,stroma-high,0.5607270067805431,0.5506398165305125,True,4.775898913098771,True,6.626972525908635,True,4.463836592053136,True,378.72125762058795,370.5002541474502,629.7627263622079,3,TCGA-95-A4VK-01,TCGA-95-A4VK,Female,Stage IIIA,74,0:LIVING,21.39,0,III,matched
TCGA-95-A4VK,TCGA-95-A4VK-01Z-00-DX1.D09778E0-285E-4593-84C8-B6009DDF4E41,3,TCGA-95-A4VK-01,3,3;5;7,3,2,1.1896755,0.8076923065251227,1.128901371715749,53.02741530040594,46.97258469959406,stroma-low,0.4697258469959406,0.46651031471523524,True,2.5898886954271787,True,3.0504163094924204,True,0.035960780375933206,True,346.1627175823304,346.1627175823304,445.32543516466075,4,TCGA-95-A4VK-01,TCGA-95-A4VK,Female,Stage IIIA,74,0:LIVING,21.39,0,III,matched
TCGA-95-A4VK,TCGA-95-A4VK-01Z-00-DX1.D09778E0-285E-4593-84C8-B6009DDF4E41,4,TCGA-95-A4VK-01,4,4;13,2,1,63.31208975,0.9099012286116764,1.5544368262955475,60.85242783434956,39.14757216565043,stroma-low,0.3914757216565043,0.3859374795563917,True,9.88945500760649,True,5.577872150676752,True,0.0,True,123.50000000000001,123.50000000000001,123.50000000000001,5,TCGA-95-A4VK-01,TCGA-95-A4VK,Female,Stage IIIA,74,0:LIVING,21.39,0,III,matched
TCGA-95-A4VK,TCGA-95-A4VK-01Z-00-DX1.D09778E0-285E-4593-84C8-B6009DDF4E41,5,TCGA-95-A4VK-01,5,8;12;22;23;27;34;36,7,6,42.3097415,0.9844989184580021,0.6210826532404813,38.312830749188585,61.687169250811415,stroma-high,0.6168716925081141,0.611052926585969,True,5.329878678252166,True,5.9326859151089675,True,15.742525063576238,True,358.8628044801387,298.1756958580861,864.5,6,TCGA-95-A4VK-01,TCGA-95-A4VK,Female,Stage IIIA,74,0:LIVING,21.39,0,III,matched
TCGA-95-A4VK,TCGA-95-A4VK-01Z-00-DX1.D09778E0-285E-4593-84C8-B6009DDF4E41,6,TCGA-95-A4VK-01,6,9,1,0,0.2745405,0.8888888933834096,3.041889858720295,75.25909822004377,24.740901779956232,stroma-low,0.24740901779956231,0.25430674526783975,True,7.97348749661383,True,0.0,True,,False,,,,7,TCGA-95-A4VK-01,TCGA-95-A4VK,Female,Stage IIIA,74,0:LIVING,21.39,0,III,matched
TCGA-95-A4VK,TCGA-95-A4VK-01Z-00-DX1.D09778E0-285E-4593-84C8-B6009DDF4E41,7,TCGA-95-A4VK-01,7,16,1,0,0.50332425,0.9696969676323617,1.0714416489929117,51.72444270944453,48.27555729055547,stroma-low,0.48275557290555465,0.4830672633933836,True,0.2429142456370679,True,0.0,True,,False,,,,8,TCGA-95-A4VK-01,TCGA-95-A4VK,Female,Stage IIIA,74,0:LIVING,21.39,0,III,matched
TCGA-95-A4VK,TCGA-95-A4VK-01Z-00-DX1.D09778E0-285E-4593-84C8-B6009DDF4E41,8,TCGA-95-A4VK-01,8,17,1,0,0.1525225,0.8999999964347808,1.231221391251323,55.181498173107066,44.81850182689293,stroma-low,0.44818501826892926,0.44898335799529,True,2.433503011214579,True,0.0,True,,False,,,,9,TCGA-95-A4VK-01,TCGA-95-A4VK,Female,Stage IIIA,74,0:LIVING,21.39,0,III,matched
TCGA-95-A4VK,TCGA-95-A4VK-01Z-00-DX1.D09778E0-285E-4593-84C8-B6009DDF4E41,9,TCGA-95-A4VK-01,9,18,1,0,1.0066485,0.8787878754259455,1.2212109024413642,54.97951145022357,45.02048854977643,stroma-low,0.4502048854977643,0.42682430616271133,True,4.317089184630364,True,11.1689583184467,True,,False,,,,10,TCGA-95-A4VK-01,TCGA-95-A4VK,Female,Stage IIIA,74,0:LIVING,21.39,0,III,matched
TCGA-95-A4VK,TCGA-95-A4VK-01Z-00-DX1.D09778E0-285E-4593-84C8-B6009DDF4E41,10,TCGA-95-A4VK-01,10,19;25;28,3,2,2.379351,0.9807692318245478,0.45741660309932286,31.385439285279638,68.61456071472037,stroma-high,0.6861456071472036,0.6872449088482974,True,8.807704280284746,True,6.620001368832516,True,53.48265578244962,True,123.5,123.5,123.50000000000001,11,TCGA-95-A4VK-01,TCGA-95-A4VK,Female,Stage IIIA,74,0:LIVING,21.39,0,III,matched
TCGA-95-A4VK,TCGA-95-A4VK-01Z-00-DX1.D09778E0-285E-4593-84C8-B6009DDF4E41,11,TCGA-95-A4VK-01,11,20,1,0,0.3965585,0.9999999982224975,0.28237609013714227,22.019756318674336,77.98024368132566,stroma-high,0.7798024368132567,0.7804532400669385,True,4.611152823289338,True,5.569382132260387,True,,False,,,,12,TCGA-95-A4VK-01,TCGA-95-A4VK,Female,Stage IIIA,74,0:LIVING,21.39,0,III,matched
TCGA-95-A4VK,TCGA-95-A4VK-01Z-00-DX1.D09778E0-285E-4593-84C8-B6009DDF4E41,12,TCGA-95-A4VK-01,12,21;41;46,3,2,8.70903475,0.9246935203931006,0.46692026314160173,31.82996887244784,68.17003112755216,stroma-high,0.6817003112755217,0.6815432867615806,True,2.7857211420656376,True,2.198764398591056,True,0.37475998022747203,True,236.4256958580861,236.4256958580861,349.3513917161722,13,TCGA-95-A4VK-01,TCGA-95-A4VK,Female,Stage IIIA,74,0:LIVING,21.39,0,III,matched
TCGA-95-A4VK,TCGA-95-A4VK-01Z-00-DX1.D09778E0-285E-4593-84C8-B6009DDF4E41,13,TCGA-95-A4VK-01,13,24,1,0,0.3355495,0.9545454595645424,0.659239388995102,39.731421117863064,60.268578882136936,stroma-high,0.6026857888213694,0.6028306880763717,True,0.11732786956080068,True,0.0,True,,False,,,,14,TCGA-95-A4VK-01,TCGA-95-A4VK,Female,Stage IIIA,74,0:LIVING,21.39,0,III,matched
TCGA-95-A4VK,TCGA-95-A4VK-01Z-00-DX1.D09778E0-285E-4593-84C8-B6009DDF4E41,14,TCGA-95-A4VK-01,14,31,1,0,0.854126,1.0000000005511538,0.9240692652869152,48.02681909422419,51.97318090577582,stroma-high,0.5197318090577582,0.5198726716587525,True,1.5126388818134477,True,0.3185181116339759,True,,False,,,,15,TCGA-95-A4VK-01,TCGA-95-A4VK,Female,Stage IIIA,74,0:LIVING,21.39,0,III,matched
TCGA-95-A4VK,TCGA-95-A4VK-01Z-00-DX1.D09778E0-285E-4593-84C8-B6009DDF4E41,15,TCGA-95-A4VK-01,15,33,1,0,0.32029725,0.952380953847231,0.34476603990655547,25.637622432115588,74.36237756788442,stroma-high,0.7436237756788442,0.744040817964245,True,1.9627775989506577,True,1.6549098350409193,True,,False,,,,16,TCGA-95-A4VK-01,TCGA-95-A4VK,Female,Stage IIIA,74,0:LIVING,21.39,0,III,matched
TCGA-95-A4VK,TCGA-95-A4VK-01Z-00-DX1.D09778E0-285E-4593-84C8-B6009DDF4E41,16,TCGA-95-A4VK-01,16,35,1,0,0.8236215,1.0000000028374887,0.7623213526567093,43.25665983150607,56.74334016849393,stroma-high,0.5674334016849393,0.5686112107377126,True,4.5947142644063055,True,1.4439227496328932,True,,False,,,,17,TCGA-95-A4VK-01,TCGA-95-A4VK,Female,Stage IIIA,74,0:LIVING,21.39,0,III,matched
TCGA-95-A4VK,TCGA-95-A4VK-01Z-00-DX1.D09778E0-285E-4593-84C8-B6009DDF4E41,17,TCGA-95-A4VK-01,17,38,1,0,0.427063,1.0000000040501098,0.48904475307559625,32.84285123502721,67.1571487649728,stroma-high,0.671571487649728,0.6722402073947472,True,2.0507581437346514,True,0.9654134144373666,True,,False,,,,18,TCGA-95-A4VK-01,TCGA-95-A4VK,Female,Stage IIIA,74,0:LIVING,21.39,0,III,matched
TCGA-95-A4VK,TCGA-95-A4VK-01Z-00-DX1.D09778E0-285E-4593-84C8-B6009DDF4E41,18,TCGA-95-A4VK-01,18,40;45,2,1,1.02190075,0.8805970149974268,0.9066171898691735,47.55108653622193,52.44891346377807,stroma-high,0.5244891346377807,0.5471430780436979,True,14.333440071869195,True,0.40763300319469437,True,29.065294664732345,True,123.5,123.5,123.5,19,TCGA-95-A4VK-01,TCGA-95-A4VK,Female,Stage IIIA,74,0:LIVING,21.39,0,III,matched
TCGA-95-A4VK,TCGA-95-A4VK-01Z-00-DX1.D09778E0-285E-4593-84C8-B6009DDF4E41,19,TCGA-95-A4VK-01,19,50,1,0,2.4098555,0.8924050626967671,0.4090101726004388,29.02819160244801,70.97180839755198,stroma-high,0.7097180839755198,0.7048220949410606,True,4.247621486815176,True,6.334050388372506,True,,False,,,,20,TCGA-95-A4VK-01,TCGA-95-A4VK,Female,Stage IIIA,74,0:LIVING,21.39,0,III,matched
TCGA-95-A4VK,TCGA-95-A4VK-01Z-00-DX1.D09778E0-285E-4593-84C8-B6009DDF4E41,20,TCGA-95-A4VK-01,20,51,1,0,0.16777475,0.7272727312096818,0.7958805214446568,44.31700839454666,55.682991605453346,stroma-high,0.5568299160545335,0.5439912946534979,True,13.22108157300842,True,16.234783893478205,True,,False,,,,21,TCGA-95-A4VK-01,TCGA-95-A4VK,Female,Stage IIIA,74,0:LIVING,21.39,0,III,matched
TCGA-95-A4VN,TCGA-95-A4VN-01Z-00-DX1.B997A80F-C396-40AB-808A-B70EB83A2B74,1,TCGA-95-A4VN-01,1,1,1,0,0.16777475,0.9090909086622891,0.2099470009738797,17.35175183746846,82.64824816253153,stroma-high,0.8264824816253153,0.8241626515155492,True,0.45620904501943044,True,2.796456606703184,True,,False,,,,2,TCGA-95-A4VN-01,TCGA-95-A4VN,Female,Stage IIA,62,0:LIVING,18.17,0,II,matched
TCGA-95-A4VN,TCGA-95-A4VN-01Z-00-DX1.B997A80F-C396-40AB-808A-B70EB83A2B74,2,TCGA-95-A4VN-01,2,2;3,2,1,0.488072,1.0000000016784725,0.2083434682765127,17.242073445696498,82.7579265543035,stroma-high,0.827579265543035,0.8259649393972146,True,4.822556951675824,True,6.273061989847703,True,0.0,True,370.5,370.5,370.5,3,TCGA-95-A4VN-01,TCGA-95-A4VN,Female,Stage IIA,62,0:LIVING,18.17,0,II,matched
TCGA-95-A4VN,TCGA-95-A4VN-01Z-00-DX1.B997A80F-C396-40AB-808A-B70EB83A2B74,3,TCGA-95-A4VN-01,3,4;6,2,1,1.02190075,1.0000000018851245,1.1168875331358055,52.76083474691396,47.239165253086064,stroma-low,0.47239165253086063,0.5983553876599811,True,63.28776833572311,True,27.934124759529467,True,85.25709656143022,True,123.5,123.5,123.5,4,TCGA-95-A4VN-01,TCGA-95-A4VN,Female,Stage IIA,62,0:LIVING,18.17,0,II,matched
TCGA-95-A4VN,TCGA-95-A4VN-01Z-00-DX1.B997A80F-C396-40AB-808A-B70EB83A2B74,4,TCGA-95-A4VN-01,4,5,1,0,0.35080175,0.8260869558738626,0.3463835015983327,25.72695678364525,74.27304321635475,stroma-high,0.7427304321635475,0.7757918820183465,True,44.49707179778561,True,28.09029417721941,True,,False,,,,5,TCGA-95-A4VN-01,TCGA-95-A4VN,Female,Stage IIA,62,0:LIVING,18.17,0,II,matched
TCGA-95-A4VN,TCGA-95-A4VN-01Z-00-DX1.B997A80F-C396-40AB-808A-B70EB83A2B74,5,TCGA-95-A4VN-01,5,7;9,2,1,1.281189,0.9999999995599778,0.982285589287757,49.553182174960774,50.44681782503921,stroma-high,0.5044681782503921,0.5672723072046714,True,46.27947958988569,True,24.845137136126166,True,68.96953359452024,True,123.50000000000001,123.50000000000001,123.50000000000001,6,TCGA-95-A4VN-01,TCGA-95-A4VN,Female,Stage IIA,62,0:LIVING,18.17,0,II,matched
TCGA-95-A4VN,TCGA-95-A4VN-01Z-00-DX1.B997A80F-C396-40AB-808A-B70EB83A2B74,6,TCGA-95-A4VN-01,6,8;10;11;12;13;15;17,7,7,231.75793875,0.9749917737724068,1.6640756726080819,62.463528709714986,37.536471290285014,stroma-low,0.3753647129028501,0.352854241458504,True,36.23424401444674,True,17.645246361008894,True,45.25910685140777,True,508.16267351200025,524.0067666692507,890.6110176487998,7,TCGA-95-A4VN-01,TCGA-95-A4VN,Female,Stage IIA,62,0:LIVING,18.17,0,II,matched
TCGA-95-A4VN,TCGA-95-A4VN-01Z-00-DX1.B997A80F-C396-40AB-808A-B70EB83A2B74,7,TCGA-95-A4VN-01,7,14;16,2,1,0.732108,0.8749999964463011,0.23419440912075298,18.975487766760697,81.02451223323929,stroma-high,0.810245122332393,0.7695238519138221,True,11.008546597116537,True,36.40494251539609,True,2.717677295252459,True,349.3513917161722,349.3513917161722,349.3513917161722,8,TCGA-95-A4VN-01,TCGA-95-A4VN,Female,Stage IIA,62,0:LIVING,18.17,0,II,matched
TCGA-95-A4VN,TCGA-95-A4VN-01Z-00-DX1.B997A80F-C396-40AB-808A-B70EB83A2B74,8,TCGA-95-A4VN-01,8,18,1,0,0.183027,0.9999999964541832,0.6303999483640786,38.66535625179659,61.33464374820341,stroma-high,0.6133464374820341,0.694142002018265,True,77.43617564915549,True,64.7369650803539,True,,False,,,,9,TCGA-95-A4VN-01,TCGA-95-A4VN,Female,Stage IIA,62,0:LIVING,18.17,0,II,matched
TCGA-95-A4VN,TCGA-95-A4VN-01Z-00-DX1.B997A80F-C396-40AB-808A-B70EB83A2B74,9,TCGA-95-A4VN-01,9,19,1,0,0.96089175,1.0000000025391937,0.35226917713218636,26.050226026689327,73.94977397331068,stroma-high,0.7394977397331068,0.7259330942773542,True,33.95922058447867,True,35.87389085799334,True,,False,,,,10,TCGA-95-A4VN-01,TCGA-95-A4VN,Female,Stage IIA,62,0:LIVING,18.17,0,II,matched
TCGA-95-A4VN,TCGA-95-A4VN-01Z-00-DX1.B997A80F-C396-40AB-808A-B70EB83A2B74,10,TCGA-95-A4VN-01,10,20;22,2,1,0.5185765,0.6470588214076141,0.9740137963296814,49.34179275447226,50.658207245527755,stroma-high,0.5065820724552775,0.5935226577702684,True,61.13603392744253,True,38.53064697272866,True,38.670828132248104,True,123.5,123.5,123.5,11,TCGA-95-A4VN-01,TCGA-95-A4VN,Female,Stage IIA,62,0:LIVING,18.17,0,II,matched
TCGA-95-A4VN,TCGA-95-A4VN-01Z-00-DX1.B997A80F-C396-40AB-808A-B70EB83A2B74,11,TCGA-95-A4VN-01,11,21,1,0,2.1048105,0.7971014490957834,4.662958483868442,82.34138564058681,17.658614359413185,stroma-low,0.17658614359413186,0.19384210195165905,True,76.1823314810065,True,26.6063060002596,True,,False,,,,12,TCGA-95-A4VN-01,TCGA-95-A4VN,Female,Stage IIA,62,0:LIVING,18.17,0,II,matched
TCGA-95-A4VP,TCGA-95-A4VP-01Z-00-DX1.1B145AC0-2471-4974-BBB6-C88BDF0BE8BD,1,TCGA-95-A4VP-01,1,1;4,2,1,1.23543225,0.9012345694764347,0.7404674239724698,42.54417024838163,57.45582975161836,stroma-high,0.5745582975161836,0.6041548352147484,True,16.052553036336086,True,1.9703582864414328,True,5.895025414862307,True,276.19295172661344,276.19295172661344,276.19295172661344,2,TCGA-95-A4VP-01,TCGA-95-A4VP,Female,Stage IIIA,66,0:LIVING,19.88,0,III,matched
TCGA-95-A4VP,TCGA-95-A4VP-01Z-00-DX1.1B145AC0-2471-4974-BBB6-C88BDF0BE8BD,2,TCGA-95-A4VP-01,2,2;3;5;7;9;10;11;23;24;27;29;33;38;41;42;43;44;45;46;47;48,21,27,116.20689275,0.982149888422778,1.2980855925779629,56.48551980702282,43.51448019297718,stroma-low,0.43514480192977184,0.4352464404801321,True,21.397294448354952,True,11.928174287386414,True,23.42026572181188,True,426.8051472337771,349.3513917161735,995.7209129303569,3,TCGA-95-A4VP-01,TCGA-95-A4VP,Female,Stage IIIA,66,0:LIVING,19.88,0,III,matched
TCGA-95-A4VP,TCGA-95-A4VP-01Z-00-DX1.1B145AC0-2471-4974-BBB6-C88BDF0BE8BD,3,TCGA-95-A4VP-01,3,6,1,0,0.427063,0.6071428574733936,1141.2943499001617,99.91245688993494,0.08754311006505473,stroma-low,0.0008754311006505473,0.000870523388585226,True,,False,0.5958829918539835,True,,False,,,,4,TCGA-95-A4VP-01,TCGA-95-A4VP,Female,Stage IIIA,66,0:LIVING,19.88,0,III,matched
TCGA-95-A4VP,TCGA-95-A4VP-01Z-00-DX1.1B145AC0-2471-4974-BBB6-C88BDF0BE8BD,4,TCGA-95-A4VP-01,4,8,1,0,0.53382875,0.7999999979445419,4.1976798835595055,80.7606466269105,19.2393533730895,stroma-low,0.19239353373089502,0.3766400153085926,True,67.8253510094095,True,7.183119075556334,True,,False,,,,5,TCGA-95-A4VP-01,TCGA-95-A4VP,Female,Stage IIIA,66,0:LIVING,19.88,0,III,matched
TCGA-95-A4VP,TCGA-95-A4VP-01Z-00-DX1.1B145AC0-2471-4974-BBB6-C88BDF0BE8BD,5,TCGA-95-A4VP-01,5,12,1,0,0.427063,0.750000000001819,,100.0,0.0,stroma-low,0.0,0.03448823841931517,True,100.0,True,0.16030544382726564,True,,False,,,,6,TCGA-95-A4VP-01,TCGA-95-A4VP,Female,Stage IIIA,66,0:LIVING,19.88,0,III,matched
TCGA-95-A4VP,TCGA-95-A4VP-01Z-00-DX1.1B145AC0-2471-4974-BBB6-C88BDF0BE8BD,6,TCGA-95-A4VP-01,6,13,1,0,0.8846305,0.9655172406133589,0.5992154182100459,37.46933723792695,62.530662762073064,stroma-high,0.6253066276207306,0.6380170423030923,True,9.020404095211605,True,1.055678585581614,True,,False,,,,7,TCGA-95-A4VP-01,TCGA-95-A4VP,Female,Stage IIIA,66,0:LIVING,19.88,0,III,matched
TCGA-95-A4VP,TCGA-95-A4VP-01Z-00-DX1.1B145AC0-2471-4974-BBB6-C88BDF0BE8BD,7,TCGA-95-A4VP-01,7,14,1,0,2.379351,0.9743589732824709,0.4635881550102922,31.674768166392557,68.32523183360745,stroma-high,0.6832523183360745,0.6857929001480252,True,5.726550789818888,True,3.0353370716808667,True,,False,,,,8,TCGA-95-A4VP-01,TCGA-95-A4VP,Female,Stage IIIA,66,0:LIVING,19.88,0,III,matched
TCGA-95-A4VP,TCGA-95-A4VP-01Z-00-DX1.1B145AC0-2471-4974-BBB6-C88BDF0BE8BD,8,TCGA-95-A4VP-01,8,15;21,2,1,7.39734125,0.9896907224794502,0.5863667613362693,36.96287489296269,63.037125107037305,stroma-high,0.6303712510703731,0.63470736308349,True,11.739204055432952,True,5.785037359569202,True,13.305296500523886,True,247.000762441697,247.000762441697,247.000762441697,9,TCGA-95-A4VP-01,TCGA-95-A4VP,Female,Stage IIIA,66,0:LIVING,19.88,0,III,matched
TCGA-95-A4VP,TCGA-95-A4VP-01Z-00-DX1.1B145AC0-2471-4974-BBB6-C88BDF0BE8BD,9,TCGA-95-A4VP-01,9,16,1,0,6.5584675,0.9976744190156625,0.7880628984528314,44.073555753252506,55.92644424674749,stroma-high,0.5592644424674749,0.5611237678030727,True,5.489624843617738,True,2.6149739119447224,True,,False,,,,10,TCGA-95-A4VP-01,TCGA-95-A4VP,Female,Stage IIIA,66,0:LIVING,19.88,0,III,matched
TCGA-95-A4VP,TCGA-95-A4VP-01Z-00-DX1.1B145AC0-2471-4974-BBB6-C88BDF0BE8BD,10,TCGA-95-A4VP-01,10,17;19;20;25;28;30;31;32;34;35;37,11,19,19.5533845,0.9687987516504841,0.6804521772011803,40.49220718285981,59.507792817140206,stroma-high,0.595077928171402,0.6045541116629612,True,12.602232090210782,True,4.913257829622647,True,11.00427693806507,True,426.021544007024,276.19295172661344,995.7280417202287,11,TCGA-95-A4VP-01,TCGA-95-A4VP,Female,Stage IIIA,66,0:LIVING,19.88,0,III,matched
TCGA-95-A4VP,TCGA-95-A4VP-01Z-00-DX1.1B145AC0-2471-4974-BBB6-C88BDF0BE8BD,11,TCGA-95-A4VP-01,11,18,1,0,0.50332425,0.9999999943427225,0.2772769031055493,21.708441014738696,78.2915589852613,stroma-high,0.782915589852613,0.7911698963678885,True,10.919472482749617,True,4.446930372714363,True,,False,,,,12,TCGA-95-A4VP-01,TCGA-95-A4VP,Female,Stage IIIA,66,0:LIVING,19.88,0,III,matched
TCGA-95-A4VP,TCGA-95-A4VP-01Z-00-DX1.1B145AC0-2471-4974-BBB6-C88BDF0BE8BD,12,TCGA-95-A4VP-01,12,22,1,0,0.6405945,1.0000000008502474,0.46979552246267986,31.96332518931106,68.03667481068894,stroma-high,0.6803667481068894,0.7428782206270658,True,34.911466426579025,True,3.180126451996464,True,,False,,,,13,TCGA-95-A4VP-01,TCGA-95-A4VP,Female,Stage IIIA,66,0:LIVING,19.88,0,III,matched
TCGA-95-A4VP,TCGA-95-A4VP-01Z-00-DX1.1B145AC0-2471-4974-BBB6-C88BDF0BE8BD,13,TCGA-95-A4VP-01,13,26,1,0,0.16777475,0.9999999997565862,0.2997871286913894,23.06432507861588,76.93567492138412,stroma-high,0.7693567492138412,0.7592664541966402,True,1.3596462926648205,True,6.524973131188712,True,,False,,,,14,TCGA-95-A4VP-01,TCGA-95-A4VP,Female,Stage IIIA,66,0:LIVING,19.88,0,III,matched
TCGA-95-A4VP,TCGA-95-A4VP-01Z-00-DX1.1B145AC0-2471-4974-BBB6-C88BDF0BE8BD,14,TCGA-95-A4VP-01,14,36;39;40;50;51;54;55;56;57;58,10,11,93.11498625,0.9867321867959483,0.9891291262050181,49.7267428833109,50.273257116689095,stroma-high,0.502732571166891,0.5029642918061925,True,11.412368990219854,True,5.7607463067883735,True,8.86287101508032,True,415.5911725250158,247.00000000000003,995.7209129303587,15,TCGA-95-A4VP-01,TCGA-95-A4VP,Female,Stage IIIA,66,0:LIVING,19.88,0,III,matched
TCGA-95-A4VP,TCGA-95-A4VP-01Z-00-DX1.1B145AC0-2471-4974-BBB6-C88BDF0BE8BD,15,TCGA-95-A4VP-01,15,49,1,0,0.10676575,0.999999998187767,1.4304607617133351,58.85553818630434,41.14446181369566,stroma-low,0.41144461813695665,0.43537760749713833,True,11.021799575633574,True,0.5736928642002403,True,,False,,,,16,TCGA-95-A4VP-01,TCGA-95-A4VP,Female,Stage IIIA,66,0:LIVING,19.88,0,III,matched
TCGA-95-A4VP,TCGA-95-A4VP-01Z-00-DX1.1B145AC0-2471-4974-BBB6-C88BDF0BE8BD,16,TCGA-95-A4VP-01,16,52,1,0,0.2135315,0.9999999982828741,0.19780326679121676,16.51383597584518,83.48616402415482,stroma-high,0.8348616402415482,0.8346541139898549,True,1.3234042750820114,True,1.2893760333640638,True,,False,,,,17,TCGA-95-A4VP-01,TCGA-95-A4VP,Female,Stage IIIA,66,0:LIVING,19.88,0,III,matched
TCGA-95-A4VP,TCGA-95-A4VP-01Z-00-DX1.1B145AC0-2471-4974-BBB6-C88BDF0BE8BD,17,TCGA-95-A4VP-01,17,53,1,0,6.405945,0.9619047622186893,1.6354245985495728,62.055450171089774,37.94454982891023,stroma-low,0.37944549828910235,0.3948543758808953,True,18.680106114572247,True,5.076028509839324,True,,False,,,,18,TCGA-95-A4VP-01,TCGA-95-A4VP,Female,Stage IIIA,66,0:LIVING,19.88,0,III,matched
TCGA-95-A4VP,TCGA-95-A4VP-01Z-00-DX1.1B145AC0-2471-4974-BBB6-C88BDF0BE8BD,18,TCGA-95-A4VP-01,18,59,1,0,0.244036,0.9375000030722731,1.4342526792114973,58.91963030214596,41.08036969785404,stroma-low,0.41080369697854036,0.43544828268663865,True,14.816951146970117,True,3.5569233460637935,True,,False,,,,19,TCGA-95-A4VP-01,TCGA-95-A4VP,Female,Stage IIIA,66,0:LIVING,19.88,0,III,matched
TCGA-97-7546,TCGA-97-7546-01Z-00-DX1.dad9871f-cdfb-424d-a5b2-4e0905c29137,1,TCGA-97-7546-01,1,1;2;3;5;6;7;8;9;10;11;12;14;15;16;18;19;22;25;27;28;29;30;31;34;35;36;37;38;39;40;41;42,32,48,44.651304,0.9456401768827587,0.29579862164908816,22.827514762490047,77.17248523750995,stroma-high,0.7717248523750995,0.768522777977936,True,8.013756935575964,True,7.505666373836853,True,8.509378237844425,True,512.0043774962041,525.7228236888398,999.0000000000001,2,TCGA-97-7546-01,TCGA-97-7546,Female,Stage IA,76,0:LIVING,42.21,0,I,matched
TCGA-97-7546,TCGA-97-7546-01Z-00-DX1.dad9871f-cdfb-424d-a5b2-4e0905c29137,2,TCGA-97-7546-01,2,4,1,0,0.295704,1.0000000054565135,0.2828480812896533,22.0484471555903,77.9515528444097,stroma-high,0.779515528444097,0.766297174609758,True,1.670480836808417,True,11.57128681516749,True,,False,,,,3,TCGA-97-7546-01,TCGA-97-7546,Female,Stage IA,76,0:LIVING,42.21,0,I,matched
TCGA-97-7546,TCGA-97-7546-01Z-00-DX1.dad9871f-cdfb-424d-a5b2-4e0905c29137,3,TCGA-97-7546-01,3,13,1,0,0.381951,0.935483867648497,0.15395641015477504,13.341614015916386,86.65838598408362,stroma-high,0.8665838598408362,0.8670889628849727,True,1.5977366865263858,True,1.5029146488050718,True,,False,,,,4,TCGA-97-7546-01,TCGA-97-7546,Female,Stage IA,76,0:LIVING,42.21,0,I,matched
TCGA-97-7546,TCGA-97-7546-01Z-00-DX1.dad9871f-cdfb-424d-a5b2-4e0905c29137,4,TCGA-97-7546-01,4,17,1,0,0.542124,1.0000000039880517,0.34882672490654737,25.861492693267596,74.13850730673241,stroma-high,0.741385073067324,0.7347009148215264,True,3.0314612451021237,True,6.783161838000183,True,,False,,,,5,TCGA-97-7546-01,TCGA-97-7546,Female,Stage IA,76,0:LIVING,42.21,0,I,matched
TCGA-97-7546,TCGA-97-7546-01Z-00-DX1.dad9871f-cdfb-424d-a5b2-4e0905c29137,5,TCGA-97-7546-01,5,20;21;23;24;26,5,8,2.069928,0.928571427318513,0.19965631412916104,16.64279275469766,83.35720724530233,stroma-high,0.8335720724530233,0.8351126874500021,True,4.535800798465077,True,3.640395857710103,True,4.804615790373135,True,332.34212401016987,267.9984504793909,666.0002827677926,6,TCGA-97-7546-01,TCGA-97-7546,Female,Stage IA,76,0:LIVING,42.21,0,I,matched
TCGA-97-7546,TCGA-97-7546-01Z-00-DX1.dad9871f-cdfb-424d-a5b2-4e0905c29137,6,TCGA-97-7546-01,6,32,1,0,2.4642,0.9050000011915836,0.3706961030499942,27.044368348691037,72.95563165130895,stroma-high,0.7295563165130895,0.7214545071687042,True,4.352328792367442,True,6.5851775550260045,True,,False,,,,7,TCGA-97-7546-01,TCGA-97-7546,Female,Stage IA,76,0:LIVING,42.21,0,I,matched
TCGA-97-7546,TCGA-97-7546-01Z-00-DX1.dad9871f-cdfb-424d-a5b2-4e0905c29137,7,TCGA-97-7546-01,7,33,1,0,0.455877,0.9189189168374543,0.28071474584042416,21.91860027786398,78.08139972213603,stroma-high,0.7808139972213602,0.7913800233221404,True,22.047882696827923,True,16.993571292669877,True,,False,,,,8,TCGA-97-7546-01,TCGA-97-7546,Female,Stage IA,76,0:LIVING,42.21,0,I,matched
TCGA-97-7547,TCGA-97-7547-01Z-00-DX1.3563966f-21ee-4405-9106-9e0bf8df9f1a,1,TCGA-97-7547-01,1,1;2;3;4;6;8;10;12;14;15;17;18;19;20;21;22;23;24;26;27;28;30;31;32;33;35;36;37;38;39;40;41;42;43;44;45;46;47;48;49;50;51;52;53;54;55;56;57;58;59;60;61;62;63;64;65;66;67;68;69;70;71;72;73;74;75;77;78;79;80;81;82;83;84;85;86;87;88;89;90,80,134,90.06651,0.9948016415417774,0.27244985739994576,21.411441544475064,78.58855845552493,stroma-high,0.7858855845552493,0.7851947360616968,True,15.48836837091295,True,13.772662126838656,True,16.46732363707955,True,484.6325696661233,464.3366665330186,999.000188511884,2,TCGA-97-7547-01,TCGA-97-7547,Female,Stage IB,67,0:LIVING,64.55,0,I,matched
TCGA-97-7547,TCGA-97-7547-01Z-00-DX1.3563966f-21ee-4405-9106-9e0bf8df9f1a,2,TCGA-97-7547-01,2,5,1,0,0.480519,0.8974358975752601,0.2853563017447973,22.200560370493577,77.79943962950642,stroma-high,0.7779943962950643,0.7877471128998483,True,45.8081449525634,True,39.17064067086166,True,,False,,,,3,TCGA-97-7547-01,TCGA-97-7547,Female,Stage IB,67,0:LIVING,64.55,0,I,matched
TCGA-97-7547,TCGA-97-7547-01Z-00-DX1.3563966f-21ee-4405-9106-9e0bf8df9f1a,3,TCGA-97-7547-01,3,7,1,0,0.184815,0.7333333256654442,0.4113597155896058,29.146341010431726,70.85365898956827,stroma-high,0.7085365898956828,0.6858376782489154,True,15.650399359816047,True,24.594117590889322,True,,False,,,,4,TCGA-97-7547-01,TCGA-97-7547,Female,Stage IB,67,0:LIVING,64.55,0,I,matched
TCGA-97-7547,TCGA-97-7547-01Z-00-DX1.3563966f-21ee-4405-9106-9e0bf8df9f1a,4,TCGA-97-7547-01,4,9,1,0,1.441557,0.9743589729077631,0.26861315231145383,21.173763792534555,78.82623620746546,stroma-high,0.7882623620746545,0.7845241439039692,True,18.646566478882676,True,17.982848691664536,True,,False,,,,5,TCGA-97-7547-01,TCGA-97-7547,Female,Stage IB,67,0:LIVING,64.55,0,I,matched
TCGA-97-7547,TCGA-97-7547-01Z-00-DX1.3563966f-21ee-4405-9106-9e0bf8df9f1a,5,TCGA-97-7547-01,5,11,1,0,0.147852,0.9999999972642399,0.30224549160367353,23.20956329297542,76.79043670702458,stroma-high,0.7679043670702458,0.7150829582958718,True,27.998023865005216,True,43.170267537498134,True,,False,,,,6,TCGA-97-7547-01,TCGA-97-7547,Female,Stage IB,67,0:LIVING,64.55,0,I,matched
TCGA-97-7547,TCGA-97-7547-01Z-00-DX1.3563966f-21ee-4405-9106-9e0bf8df9f1a,6,TCGA-97-7547-01,6,13;16,2,1,1.133532,0.9999999987504927,0.22797413842152908,18.565060231201056,81.43493976879894,stroma-high,0.8143493976879894,0.8265022035176178,True,22.239649829008577,True,11.402584594389047,True,73.97659284909467,True,248.2421020415345,248.2421020415345,248.2421020415345,7,TCGA-97-7547-01,TCGA-97-7547,Female,Stage IB,67,0:LIVING,64.55,0,I,matched
TCGA-97-7547,TCGA-97-7547-01Z-00-DX1.3563966f-21ee-4405-9106-9e0bf8df9f1a,7,TCGA-97-7547-01,7,25;29;34;92;93,5,4,58.845096,0.9654522610038935,0.43916180396945104,30.515109750562353,69.48489024943764,stroma-high,0.6948489024943764,0.6484265546902526,True,15.442440483964075,True,24.846268055154795,True,0.017407097736058266,True,392.83427017067197,379.13754437503206,702.0619919326238,8,TCGA-97-7547-01,TCGA-97-7547,Female,Stage IB,67,0:LIVING,64.55,0,I,matched
TCGA-97-7547,TCGA-97-7547-01Z-00-DX1.3563966f-21ee-4405-9106-9e0bf8df9f1a,8,TCGA-97-7547-01,8,76,1,0,0.406593,1.0000000024405327,0.3263316716893918,24.604077445706512,75.39592255429349,stroma-high,0.7539592255429349,0.7888478864100571,True,29.177551720979068,True,5.781088885897168,True,,False,,,,9,TCGA-97-7547-01,TCGA-97-7547,Female,Stage IB,67,0:LIVING,64.55,0,I,matched
TCGA-97-7547,TCGA-97-7547-01Z-00-DX1.3563966f-21ee-4405-9106-9e0bf8df9f1a,9,TCGA-97-7547-01,9,91,1,0,0.332667,0.9999999965829948,0.1898727000460008,15.95739611797634,84.04260388202366,stroma-high,0.8404260388202366,0.8397509942085345,True,1.5947167404229066,True,3.1000357941500036,True,,False,,,,10,TCGA-97-7547-01,TCGA-97-7547,Female,Stage IB,67,0:LIVING,64.55,0,I,matched
TCGA-97-7553,TCGA-97-7553-01Z-00-DX1.e31eec5e-0053-407a-b057-9b87555b122d,1,TCGA-97-7553-01,1,1,1,0,0.480519,0.9743589791599869,0.17849414804671243,15.145951156614263,84.85404884338574,stroma-high,0.8485404884338574,0.8453946161941667,True,5.312590891629782,True,7.9697700451071825,True,,False,,,,2,TCGA-97-7553-01,TCGA-97-7553,Female,Stage IA,58,0:LIVING,61.43,0,I,matched
TCGA-97-7553,TCGA-97-7553-01Z-00-DX1.e31eec5e-0053-407a-b057-9b87555b122d,2,TCGA-97-7553-01,2,2;3;4;5;6;7;8;9;10;11;12,11,15,15.167151,0.9536961820016701,0.7815411282356829,43.86882322552206,56.13117677447795,stroma-high,0.5613117677447795,0.6010092888977783,True,47.621006249201,True,24.7072319396686,True,33.03714713684454,True,500.88963631195514,555.0003393213194,866.9781889359449,3,TCGA-97-7553-01,TCGA-97-7553,Female,Stage IA,58,0:LIVING,61.43,0,I,matched
TCGA-97-7553,TCGA-97-7553-01Z-00-DX1.e31eec5e-0053-407a-b057-9b87555b122d,3,TCGA-97-7553-01,3,13;15,2,1,0.86247,0.9714285710833791,0.5755344689125632,36.52947493492783,63.47052506507216,stroma-high,0.6347052506507216,0.7083971429980216,True,55.23599032290426,True,30.84618986140098,True,9.88664576766745,True,111.0,111.0,111.0,4,TCGA-97-7553-01,TCGA-97-7553,Female,Stage IA,58,0:LIVING,61.43,0,I,matched
TCGA-97-7553,TCGA-97-7553-01Z-00-DX1.e31eec5e-0053-407a-b057-9b87555b122d,4,TCGA-97-7553-01,4,14,1,0,0.271062,1.00000000367502,0.39309101529789786,28.217181144753813,71.78281885524619,stroma-high,0.7178281885524619,0.7554293621557071,True,29.608017153302725,True,13.95068474012639,True,,False,,,,5,TCGA-97-7553-01,TCGA-97-7553,Female,Stage IA,58,0:LIVING,61.43,0,I,matched
TCGA-97-7554,TCGA-97-7554-01Z-00-DX1.4107ca63-4642-42b9-b6f2-13778ecaf9a7,1,TCGA-97-7554-01,1,1;2;3;4;5;6;7;8;9;10;11;12;13;14;15;16;17;18;19;20;21;22;23;24;25;26;27;28;29;30;31;32;33;35;36;37;38;39;40;41;42;43;44;45;46;47;48;49;50;51;52;53;54;55;56;57;58;59,58,83,334.556028,0.9924639708458062,1.0637686787553233,51.54495703447206,48.45504296552793,stroma-low,0.4845504296552793,0.4623622924122151,True,6.331021073763789,True,11.10562370678686,True,0.9834252589303735,True,462.46708750641767,411.0726980536956,967.3627184732179,2,TCGA-97-7554-01,TCGA-97-7554,Female,Stage IIIA,83,0:LIVING,25.46,0,III,matched
TCGA-97-7554,TCGA-97-7554-01Z-00-DX1.4107ca63-4642-42b9-b6f2-13778ecaf9a7,2,TCGA-97-7554-01,2,34,1,0,0.480852,0.972972971378555,0.4139554585469774,29.276414334322126,70.72358566567787,stroma-high,0.7072358566567788,0.6900661701056553,True,0.926237472683275,True,9.531964383583254,True,,False,,,,3,TCGA-97-7554-01,TCGA-97-7554,Female,Stage IIIA,83,0:LIVING,25.46,0,III,matched
TCGA-97-7554,TCGA-97-7554-01Z-00-DX1.4107ca63-4642-42b9-b6f2-13778ecaf9a7,3,TCGA-97-7554-01,3,60,1,0,0.207936,1.0000000032232492,0.22596211144605144,18.431410672188207,81.5685893278118,stroma-high,0.8156858932781179,0.7641153848386655,True,1.6106464578013822,True,31.925103879133204,True,,False,,,,4,TCGA-97-7554-01,TCGA-97-7554,Female,Stage IIIA,83,0:LIVING,25.46,0,III,matched
TCGA-97-7941,TCGA-97-7941-01Z-00-DX1.6845ef95-2231-44a2-aeae-004a117f1964,1,TCGA-97-7941-01,1,1;2;3;4;5;6;7;8;10;11;12;13;14;15;16;17;18;23;26;28;30;31;33;35;38;42;45;46;48;49,30,39,152.599032,0.9821154833327328,0.5444569728146145,35.25232378746023,64.74767621253977,stroma-high,0.6474767621253977,0.6381792279537513,True,7.6773890644522504,True,6.934560129483934,True,5.432137228182366,True,546.7195868910034,570.0402333682257,980.7051693000747,2,TCGA-97-7941-01,TCGA-97-7941,Female,Stage IA,72,0:LIVING,15.9,0,I,matched
TCGA-97-7941,TCGA-97-7941-01Z-00-DX1.6845ef95-2231-44a2-aeae-004a117f1964,2,TCGA-97-7941-01,2,9,1,0,0.246924,0.9473684206911314,0.5671306630770875,36.18911150417521,63.81088849582479,stroma-high,0.6381088849582479,0.6809407709701145,True,33.56449507241561,True,3.8354995630023634,True,,False,,,,3,TCGA-97-7941-01,TCGA-97-7941,Female,Stage IA,72,0:LIVING,15.9,0,I,matched
TCGA-97-7941,TCGA-97-7941-01Z-00-DX1.6845ef95-2231-44a2-aeae-004a117f1964,3,TCGA-97-7941-01,3,19,1,0,0.3249,0.9999999958230182,0.21189828709380537,17.484824374325044,82.51517562567496,stroma-high,0.8251517562567495,0.8256474828031031,True,5.695252399713175,True,5.753747461247348,True,,False,,,,4,TCGA-97-7941-01,TCGA-97-7941,Female,Stage IA,72,0:LIVING,15.9,0,I,matched
TCGA-97-7941,TCGA-97-7941-01Z-00-DX1.6845ef95-2231-44a2-aeae-004a117f1964,4,TCGA-97-7941-01,4,20,1,0,0.25992,0.9999999935680535,0.18096070192059213,15.323177276457752,84.67682272354224,stroma-high,0.8467682272354224,0.8467682272354224,True,0.0,True,0.0,True,,False,,,,5,TCGA-97-7941-01,TCGA-97-7941,Female,Stage IA,72,0:LIVING,15.9,0,I,matched
TCGA-97-7941,TCGA-97-7941-01Z-00-DX1.6845ef95-2231-44a2-aeae-004a117f1964,5,TCGA-97-7941-01,5,21,1,0,0.415872,0.9999999999972715,0.18860563211980896,15.867805689549172,84.13219431045083,stroma-high,0.8413219431045083,0.8423899159376723,True,1.0709011999358324,True,0.08833948457120358,True,,False,,,,6,TCGA-97-7941-01,TCGA-97-7941,Female,Stage IA,72,0:LIVING,15.9,0,I,matched
TCGA-97-7941,TCGA-97-7941-01Z-00-DX1.6845ef95-2231-44a2-aeae-004a117f1964,6,TCGA-97-7941-01,6,22;25;29;34;36;37;41;47,8,11,5.991156,0.9978308022511632,0.16378521731027287,14.073491815681539,85.92650818431845,stroma-high,0.8592650818431845,0.8593467577592621,True,0.9813423592183526,True,0.9721257123564343,True,2.882888042082047,True,475.7338139994136,456.00041298970297,967.3627184732147,7,TCGA-97-7941-01,TCGA-97-7941,Female,Stage IA,72,0:LIVING,15.9,0,I,matched
TCGA-97-7941,TCGA-97-7941-01Z-00-DX1.6845ef95-2231-44a2-aeae-004a117f1964,7,TCGA-97-7941-01,7,24,1,0,0.805752,0.9999999997607149,0.19209730275671008,16.114230131423625,83.88576986857638,stroma-high,0.8388576986857638,0.8385409877102499,True,0.04398904212202832,True,0.35991399428691223,True,,False,,,,8,TCGA-97-7941-01,TCGA-97-7941,Female,Stage IA,72,0:LIVING,15.9,0,I,matched
TCGA-97-7941,TCGA-97-7941-01Z-00-DX1.6845ef95-2231-44a2-aeae-004a117f1964,8,TCGA-97-7941-01,8,27,1,0,0.246924,0.9999999972136911,0.21107625615443895,17.42881631786546,82.57118368213455,stroma-high,0.8257118368213454,0.8257144593236756,True,0.0025731952055853082,True,0.0,True,,False,,,,9,TCGA-97-7941-01,TCGA-97-7941,Female,Stage IA,72,0:LIVING,15.9,0,I,matched
TCGA-97-7941,TCGA-97-7941-01Z-00-DX1.6845ef95-2231-44a2-aeae-004a117f1964,9,TCGA-97-7941-01,9,32,1,0,0.246924,0.8947368424315324,0.5443721727779306,35.24876855290291,64.7512314470971,stroma-high,0.6475123144709709,0.648161007967329,True,0.4410672871459515,True,0.0,True,,False,,,,10,TCGA-97-7941-01,TCGA-97-7941,Female,Stage IA,72,0:LIVING,15.9,0,I,matched
TCGA-97-7941,TCGA-97-7941-01Z-00-DX1.6845ef95-2231-44a2-aeae-004a117f1964,10,TCGA-97-7941-01,10,39,1,0,0.220932,0.764705881532042,0.2829282759136274,22.053319832875477,77.94668016712453,stroma-high,0.7794668016712453,0.7792534677791465,True,0.03759754387168443,True,0.20580655682700602,True,,False,,,,11,TCGA-97-7941-01,TCGA-97-7941,Female,Stage IA,72,0:LIVING,15.9,0,I,matched
TCGA-97-7941,TCGA-97-7941-01Z-00-DX1.6845ef95-2231-44a2-aeae-004a117f1964,11,TCGA-97-7941-01,11,40,1,0,0.272916,0.666666664313414,0.27029114094749634,21.27788915743277,78.72211084256723,stroma-high,0.7872211084256723,0.788130741622199,True,0.995086685408087,True,0.14017698619172278,True,,False,,,,12,TCGA-97-7941-01,TCGA-97-7941,Female,Stage IA,72,0:LIVING,15.9,0,I,matched
TCGA-97-7941,TCGA-97-7941-01Z-00-DX1.6845ef95-2231-44a2-aeae-004a117f1964,12,TCGA-97-7941-01,12,43;44,2,1,2.911104,0.9508928576517194,0.45080916544252714,31.072947164971964,68.92705283502804,stroma-high,0.6892705283502804,0.6916082616345035,True,2.6612604527098678,True,0.3566150179921579,True,0.0,True,456.0,456.0,456.0,13,TCGA-97-7941-01,TCGA-97-7941,Female,Stage IA,72,0:LIVING,15.9,0,I,matched
TCGA-97-8177,TCGA-97-8177-01Z-00-DX1.4c2ddf48-40d3-4fa0-8b5f-0485e8270ac7,1,TCGA-97-8177-01,1,1,1,0,2.49166225,0.9846938783516076,0.5525600018205122,35.5902510159084,64.4097489840916,stroma-high,0.6440974898409161,0.636178217436477,True,12.557744521043082,True,10.080989473857814,True,,False,,,,2,TCGA-97-8177-01,TCGA-97-8177,Female,Stage IB,59,0:LIVING,16.39,0,I,matched
TCGA-97-8177,TCGA-97-8177-01Z-00-DX1.4c2ddf48-40d3-4fa0-8b5f-0485e8270ac7,2,TCGA-97-8177-01,2,2;3;22,3,2,312.830738,0.992319570876313,0.7849657919629568,43.97651739307097,56.02348260692902,stroma-high,0.5602348260692902,0.526413080769032,True,15.166604067783485,True,15.04321538630965,True,12.924101297570695,True,288.83250491159754,288.83250491159754,464.915009823195,3,TCGA-97-8177-01,TCGA-97-8177,Female,Stage IB,59,0:LIVING,16.39,0,I,matched
TCGA-97-8177,TCGA-97-8177-01Z-00-DX1.4c2ddf48-40d3-4fa0-8b5f-0485e8270ac7,3,TCGA-97-8177-01,3,4,1,0,0.66105325,0.923076920270922,0.362780365978733,26.620604099926865,73.37939590007313,stroma-high,0.7337939590007313,0.7043696894150031,True,1.354230280230051,True,14.879750124924222,True,,False,,,,4,TCGA-97-8177-01,TCGA-97-8177,Female,Stage IB,59,0:LIVING,16.39,0,I,matched
TCGA-97-8177,TCGA-97-8177-01Z-00-DX1.4c2ddf48-40d3-4fa0-8b5f-0485e8270ac7,4,TCGA-97-8177-01,4,5,1,0,0.228826125,0.9999999930732884,0.13186930468749306,11.650576982817103,88.34942301718289,stroma-high,0.8834942301718289,0.8778639021928437,True,0.10663240753049756,True,7.548014481006023,True,,False,,,,5,TCGA-97-8177-01,TCGA-97-8177,Female,Stage IB,59,0:LIVING,16.39,0,I,matched
TCGA-97-8177,TCGA-97-8177-01Z-00-DX1.4c2ddf48-40d3-4fa0-8b5f-0485e8270ac7,5,TCGA-97-8177-01,5,6;8;9;10;11;12;13;14;15;17,10,15,16.2847925625,0.9999999988793876,0.2964111062468666,22.863974615658922,77.13602538434108,stroma-high,0.7713602538434108,0.7588913931794078,True,1.6936669272754719,True,8.84775593492811,True,0.7871437588821981,True,432.19793661048055,451.0,820.8679175876088,6,TCGA-97-8177-01,TCGA-97-8177,Female,Stage IB,59,0:LIVING,16.39,0,I,matched
TCGA-97-8177,TCGA-97-8177-01Z-00-DX1.4c2ddf48-40d3-4fa0-8b5f-0485e8270ac7,6,TCGA-97-8177-01,6,7,1,0,0.2923889375,0.9999999962028991,0.20179580429883523,16.791188950486404,83.2088110495136,stroma-high,0.832088110495136,0.8303577664942805,True,0.24202618995193834,True,2.016150444539817,True,,False,,,,7,TCGA-97-8177-01,TCGA-97-8177,Female,Stage IB,59,0:LIVING,16.39,0,I,matched
TCGA-97-8177,TCGA-97-8177-01Z-00-DX1.4c2ddf48-40d3-4fa0-8b5f-0485e8270ac7,7,TCGA-97-8177-01,7,16;19,2,1,0.9025919375,0.9859154918346357,0.16813944711323553,14.39378214037289,85.60621785962711,stroma-high,0.8560621785962711,0.8519463274253242,True,0.485954013514694,True,4.587420946873657,True,0.0,True,225.50083513543728,225.50083513543728,225.50083513543728,8,TCGA-97-8177-01,TCGA-97-8177,Female,Stage IB,59,0:LIVING,16.39,0,I,matched
TCGA-97-8177,TCGA-97-8177-01Z-00-DX1.4c2ddf48-40d3-4fa0-8b5f-0485e8270ac7,8,TCGA-97-8177-01,8,18,1,0,0.35595175,0.714285712700595,0.5260486515605591,34.47128969463812,65.52871030536187,stroma-high,0.6552871030536187,0.6008259556202773,True,23.161631039922636,True,38.98264076568414,True,,False,,,,9,TCGA-97-8177-01,TCGA-97-8177,Female,Stage IB,59,0:LIVING,16.39,0,I,matched
TCGA-97-8177,TCGA-97-8177-01Z-00-DX1.4c2ddf48-40d3-4fa0-8b5f-0485e8270ac7,9,TCGA-97-8177-01,9,20,1,0,0.381376875,1.000000000895428,0.1888491908491193,15.885041795270629,84.11495820472938,stroma-high,0.8411495820472937,0.8411495820472937,True,0.0,True,0.0,True,,False,,,,10,TCGA-97-8177-01,TCGA-97-8177,Female,Stage IB,59,0:LIVING,16.39,0,I,matched
TCGA-97-8177,TCGA-97-8177-01Z-00-DX1.4c2ddf48-40d3-4fa0-8b5f-0485e8270ac7,10,TCGA-97-8177-01,10,21;23,2,1,1.3221065,1.0000000015349124,0.16274621857419772,13.996710199906143,86.00328980009385,stroma-high,0.8600328980009385,0.8529692715250117,True,0.5872785190080606,True,6.8444583919621635,True,0.0,True,112.75,112.75,112.75,11,TCGA-97-8177-01,TCGA-97-8177,Female,Stage IB,59,0:LIVING,16.39,0,I,matched
TCGA-97-8552,TCGA-97-8552-01Z-00-DX1.69631717-0E05-49C1-B112-15C2E36BC2F8,1,TCGA-97-8552-01,1,1;2;4;5;6;7;8;9;10;11;12;13;14;15;16;17;18;19;20;21;22;23,22,33,103.799052,0.9903593338493392,0.45611872572256107,31.324281301047343,68.67571869895265,stroma-high,0.6867571869895265,0.6568549178688651,True,20.657833833621876,True,22.263002169298574,True,18.23317185305667,True,424.72655246201657,411.0726980536966,980.7051693000747,2,TCGA-97-8552-01,TCGA-97-8552,Female,Stage I,55,0:LIVING,20.57,0,I,matched
TCGA-97-8552,TCGA-97-8552-01Z-00-DX1.69631717-0E05-49C1-B112-15C2E36BC2F8,2,TCGA-97-8552-01,2,3,1,0,0.285912,0.9999999983781229,0.10317614564699945,9.352644729866588,90.64735527013342,stroma-high,0.9064735527013341,0.9040692544633132,True,4.949367453168793,True,8.49087129452398,True,,False,,,,3,TCGA-97-8552-01,TCGA-97-8552,Female,Stage I,55,0:LIVING,20.57,0,I,matched
TCGA-97-A4M0,TCGA-97-A4M0-01Z-00-DX1.BDDFB04C-2475-485A-9A85-C4B9EB15155E,1,TCGA-97-A4M0-01,1,1;2;3,3,3,3.81376875,0.9333333337346267,0.3682946988264018,26.916328707718545,73.08367129228145,stroma-high,0.7308367129228145,0.734308517274944,True,15.31572837628862,True,7.666063798573536,True,17.497256770885027,True,309.55187952176516,252.15522099699703,451.00041756829853,2,TCGA-97-A4M0-01,TCGA-97-A4M0,Female,Stage IB,60,0:LIVING,21.42,0,I,matched
TCGA-97-A4M0,TCGA-97-A4M0-01Z-00-DX1.BDDFB04C-2475-485A-9A85-C4B9EB15155E,2,TCGA-97-A4M0-01,2,4;5,2,1,2.3263989375,0.9945355180722992,0.25167692094523303,20.107179155718022,79.89282084428199,stroma-high,0.7989282084428199,0.7916243587933436,True,4.850228267615879,True,8.700035168080612,True,3.6265614726036137,True,789.25,789.25,789.25,3,TCGA-97-A4M0-01,TCGA-97-A4M0,Female,Stage IB,60,0:LIVING,21.42,0,I,matched
TCGA-97-A4M0,TCGA-97-A4M0-01Z-00-DX1.BDDFB04C-2475-485A-9A85-C4B9EB15155E,3,TCGA-97-A4M0-01,3,6;7;11;12;13;17;18,7,8,26.670956125,0.9742612005485216,0.42140271357625375,29.64696138197198,70.35303861802802,stroma-high,0.7035303861802802,0.6957773399966487,True,9.158364658147669,True,9.151962029211806,True,5.905830047825777,True,423.91730992400073,428.7828794801111,902.0000000000001,4,TCGA-97-A4M0-01,TCGA-97-A4M0,Female,Stage IB,60,0:LIVING,21.42,0,I,matched
TCGA-97-A4M0,TCGA-97-A4M0-01Z-00-DX1.BDDFB04C-2475-485A-9A85-C4B9EB15155E,4,TCGA-97-A4M0-01,4,8;9;10,3,3,1.4873698125,0.8888888873839473,0.20625429271169513,17.098740618616112,82.90125938138388,stroma-high,0.8290125938138388,0.8273714935572871,True,4.053094922593262,True,6.432116688270202,True,3.2196746943736065,True,318.4368139979978,252.15522099699703,451.0,5,TCGA-97-A4M0-01,TCGA-97-A4M0,Female,Stage IB,60,0:LIVING,21.42,0,I,matched
TCGA-97-A4M0,TCGA-97-A4M0-01Z-00-DX1.BDDFB04C-2475-485A-9A85-C4B9EB15155E,5,TCGA-97-A4M0-01,5,14;15;16,3,3,1.57635775,0.9516129011196806,0.19871079770062008,16.577042442746762,83.42295755725324,stroma-high,0.8342295755725324,0.8263377157100175,True,4.861306689129904,True,11.301244942082926,True,3.154362907540947,True,187.91722342362482,225.50083513543723,225.50083513543723,6,TCGA-97-A4M0-01,TCGA-97-A4M0,Female,Stage IB,60,0:LIVING,21.42,0,I,matched
TCGA-97-A4M0,TCGA-97-A4M0-01Z-00-DX1.BDDFB04C-2475-485A-9A85-C4B9EB15155E,6,TCGA-97-A4M0-01,6,19,1,0,3.6993556875,0.9140893442373013,0.4830030736508499,32.569256411707585,67.43074358829243,stroma-high,0.6743074358829243,0.6544185318284493,True,7.015273326120022,True,12.47600584545417,True,,False,,,,7,TCGA-97-A4M0-01,TCGA-97-A4M0,Female,Stage IB,60,0:LIVING,21.42,0,I,matched
TCGA-97-A4M1,TCGA-97-A4M1-01Z-00-DX1.1C4B8247-BA3F-4841-BC9D-554F03F7894C,1,TCGA-97-A4M1-01,1,1,1,0,0.406802,0.7812499994864764,0.20622322557956638,17.096605438058962,82.90339456194104,stroma-high,0.8290339456194104,0.8293995721283361,True,1.12307380928057,True,0.6751353204794216,True,,False,,,,2,TCGA-97-A4M1-01,TCGA-97-A4M1,Female,Stage IA,52,0:LIVING,19.74,0,I,matched
TCGA-97-A4M1,TCGA-97-A4M1-01Z-00-DX1.1C4B8247-BA3F-4841-BC9D-554F03F7894C,2,TCGA-97-A4M1-01,2,2;3;4,3,2,139.99073825,0.9412459135477452,0.5543900180298662,35.66608197423551,64.33391802576449,stroma-high,0.6433391802576449,0.6181878714971657,True,4.693566600591493,True,11.219145534112947,True,0.00687712657100769,True,112.75,112.75,112.75,3,TCGA-97-A4M1-01,TCGA-97-A4M1,Female,Stage IA,52,0:LIVING,19.74,0,I,matched
TCGA-97-A4M3,TCGA-97-A4M3-01Z-00-DX1.16330A66-2501-48D2-AF6A-713698BF6918,1,TCGA-97-A4M3-01,1,1;2;3;4;6;7;9;12;13,9,8,149.7412736875,0.9886238222033312,0.7964996410772943,44.33619817478299,55.66380182521701,stroma-high,0.5566380182521701,0.5519024562759427,True,11.863445398857708,True,4.824021903326478,True,5.696572099028069,True,276.3207546673951,169.125,676.5002783789373,2,TCGA-97-A4M3-01,TCGA-97-A4M3,Female,Stage IA,69,0:LIVING,17.74,0,I,matched
TCGA-97-A4M3,TCGA-97-A4M3-01Z-00-DX1.16330A66-2501-48D2-AF6A-713698BF6918,2,TCGA-97-A4M3-01,2,5,1,0,0.1144130625,1.000000001261166,0.2607514242456802,20.682223254412765,79.31777674558724,stroma-high,0.7931777674558723,0.7597248331672589,True,4.349589063210722,True,20.648145353072508,True,,False,,,,3,TCGA-97-A4M3-01,TCGA-97-A4M3,Female,Stage IA,69,0:LIVING,17.74,0,I,matched
TCGA-97-A4M3,TCGA-97-A4M3-01Z-00-DX1.16330A66-2501-48D2-AF6A-713698BF6918,3,TCGA-97-A4M3-01,3,8;10;11,3,3,1.7289085,0.9926470597840094,0.16699765145567047,14.310024638641186,85.6899753613588,stroma-high,0.856899753613588,0.8597440503120176,True,8.543717899236066,True,6.956581767300564,True,10.620877059280453,True,575.1671579719728,563.7503340546945,657.4792545648786,4,TCGA-97-A4M3-01,TCGA-97-A4M3,Female,Stage IA,69,0:LIVING,17.74,0,I,matched
TCGA-97-A4M3,TCGA-97-A4M3-01Z-00-DX1.16330A66-2501-48D2-AF6A-713698BF6918,4,TCGA-97-A4M3-01,4,14;16,2,1,1.5636451875,0.9268292698223644,0.20230512174191093,16.82643765575991,83.1735623442401,stroma-high,0.8317356234424009,0.8282674832605254,True,3.7273723079462937,True,6.592744565274729,True,0.0,True,478.39837928271714,478.39837928271714,478.39837928271714,5,TCGA-97-A4M3-01,TCGA-97-A4M3,Female,Stage IA,69,0:LIVING,17.74,0,I,matched
TCGA-97-A4M3,TCGA-97-A4M3-01Z-00-DX1.16330A66-2501-48D2-AF6A-713698BF6918,5,TCGA-97-A4M3-01,5,15,1,0,0.483077375,0.973684206160071,0.21216794782480508,17.50318082618282,82.49681917381719,stroma-high,0.8249681917381718,0.8257912193775876,True,1.6529480969778687,True,0.8158209953381252,True,,False,,,,6,TCGA-97-A4M3-01,TCGA-97-A4M3,Female,Stage IA,69,0:LIVING,17.74,0,I,matched
TCGA-97-A4M6,TCGA-97-A4M6-01Z-00-DX1.01D83621-3D8E-4339-9F9B-CBD3083D5AE0,1,TCGA-97-A4M6-01,1,1;2,2,1,1.398381875,0.7909090929847231,0.5007745448472902,33.36773978254316,66.63226021745685,stroma-high,0.6663226021745685,0.6730800317142704,True,5.913648279855513,True,1.282708015838798,True,14.223424465523607,True,338.25055675753094,338.25055675753094,338.25055675753094,2,TCGA-97-A4M6-01,TCGA-97-A4M6,Female,Stage IA,45,0:LIVING,18.66,0,I,matched
TCGA-97-A4M6,TCGA-97-A4M6-01Z-00-DX1.01D83621-3D8E-4339-9F9B-CBD3083D5AE0,2,TCGA-97-A4M6-01,2,3,1,0,0.228826125,0.8888888863511964,0.45219221593474174,31.138592465438624,68.86140753456137,stroma-high,0.6886140753456137,0.694972525923384,True,8.420490974219238,True,2.33664961499236,True,,False,,,,3,TCGA-97-A4M6-01,TCGA-97-A4M6,Female,Stage IA,45,0:LIVING,18.66,0,I,matched
TCGA-97-A4M6,TCGA-97-A4M6-01Z-00-DX1.01D83621-3D8E-4339-9F9B-CBD3083D5AE0,3,TCGA-97-A4M6-01,3,4,1,0,0.635628125,0.8000000035587437,0.5117340975076854,33.850800769219525,66.14919923078048,stroma-high,0.6614919923078048,0.6621676642037082,True,3.538406594923824,True,2.024296941924706,True,,False,,,,4,TCGA-97-A4M6-01,TCGA-97-A4M6,Female,Stage IA,45,0:LIVING,18.66,0,I,matched
TCGA-97-A4M6,TCGA-97-A4M6-01Z-00-DX1.01D83621-3D8E-4339-9F9B-CBD3083D5AE0,4,TCGA-97-A4M6-01,4,5;6,2,1,1.5890703125,0.8559999977946426,0.6354498537075703,38.85474398783939,61.14525601216061,stroma-high,0.6114525601216061,0.624890354003549,True,11.234550609666774,True,1.9381785848410018,True,1.7945257615156942,True,909.0516421659547,909.0516421659547,909.0516421659547,5,TCGA-97-A4M6-01,TCGA-97-A4M6,Female,Stage IA,45,0:LIVING,18.66,0,I,matched
TCGA-97-A4M6,TCGA-97-A4M6-01Z-00-DX1.01D83621-3D8E-4339-9F9B-CBD3083D5AE0,5,TCGA-97-A4M6-01,5,7,1,0,0.35595175,0.821428572676658,0.3180883817157427,24.132553334677766,75.86744666532222,stroma-high,0.7586744666532222,0.7548249170792748,True,4.127617601225748,True,5.23636270267358,True,,False,,,,6,TCGA-97-A4M6-01,TCGA-97-A4M6,Female,Stage IA,45,0:LIVING,18.66,0,I,matched
TCGA-97-A4M6,TCGA-97-A4M6-01Z-00-DX1.01D83621-3D8E-4339-9F9B-CBD3083D5AE0,6,TCGA-97-A4M6-01,6,8;9;10,3,2,82.301129625,0.8991350014774175,0.7056477543879657,41.3712475259097,58.6287524740903,stroma-high,0.586287524740903,0.5650244408930849,True,8.80791147115734,True,10.941163714562874,True,5.479734771118694,True,455.02676879892505,455.02676879892505,797.3035375978501,7,TCGA-97-A4M6-01,TCGA-97-A4M6,Female,Stage IA,45,0:LIVING,18.66,0,I,matched
TCGA-97-A4M6,TCGA-97-A4M6-01Z-00-DX1.01D83621-3D8E-4339-9F9B-CBD3083D5AE0,7,TCGA-97-A4M6-01,7,11,1,0,0.6483406875,0.9411764696427534,0.19660571108685168,16.43028353159696,83.56971646840303,stroma-high,0.8356971646840303,0.8342391660115757,True,0.5460173994789453,True,2.127664164982199,True,,False,,,,8,TCGA-97-A4M6-01,TCGA-97-A4M6,Female,Stage IA,45,0:LIVING,18.66,0,I,matched
TCGA-97-A4M6,TCGA-97-A4M6-01Z-00-DX1.01D83621-3D8E-4339-9F9B-CBD3083D5AE0,8,TCGA-97-A4M6-01,8,12,1,0,0.2415386875,0.7368421038732585,0.5947668801665009,37.29491047020017,62.70508952979984,stroma-high,0.6270508952979984,0.6354582301059233,True,11.34341906256382,True,6.559661215061515,True,,False,,,,9,TCGA-97-A4M6-01,TCGA-97-A4M6,Female,Stage IA,45,0:LIVING,18.66,0,I,matched
TCGA-97-A4M6,TCGA-97-A4M6-01Z-00-DX1.01D83621-3D8E-4339-9F9B-CBD3083D5AE0,9,TCGA-97-A4M6-01,9,13,1,0,0.5085025,0.7249999989869137,0.6073484391134022,37.78573608149393,62.214263918506084,stroma-high,0.6221426391850609,0.619429353319637,True,25.38024933822601,True,18.489928673531832,True,,False,,,,10,TCGA-97-A4M6-01,TCGA-97-A4M6,Female,Stage IA,45,0:LIVING,18.66,0,I,matched
TCGA-99-7458,TCGA-99-7458-01Z-00-DX1.10ea0b2c-c763-40d1-83a4-3d4ae957fdb0,1,TCGA-99-7458-01,1,1;2;3,3,2,6.641019,0.9833024106553437,0.6577091268035464,39.675786069403166,60.32421393059683,stroma-high,0.6032421393059683,0.6044537061188922,True,12.539975133589621,True,5.301689900029818,True,16.89779158676664,True,333.0001696606597,333.0001696606597,555.0003393213194,2,TCGA-99-7458-01,TCGA-99-7458,Female,Stage IIIA,74,0:LIVING,24.54,0,III,matched
TCGA-99-7458,TCGA-99-7458-01Z-00-DX1.10ea0b2c-c763-40d1-83a4-3d4ae957fdb0,2,TCGA-99-7458-01,2,4,1,0,1.256742,0.8039215686386145,1.2013449061873596,54.573224886782526,45.426775113217474,stroma-low,0.45426775113217477,0.4594884438825921,True,27.88875289709235,True,17.89354548956783,True,,False,,,,3,TCGA-99-7458-01,TCGA-99-7458,Female,Stage IIIA,74,0:LIVING,24.54,0,III,matched
TCGA-99-8025,TCGA-99-8025-01Z-00-DX1.76d4e012-91a7-4f1d-ba0f-4cecd812ec49,1,TCGA-99-8025-01,1,1,1,0,1.071927,0.9885057454853321,0.27014209997569166,21.26865175013581,78.7313482498642,stroma-high,0.787313482498642,0.7880523365859579,True,1.0014064431177763,True,0.19282803422501374,True,,False,,,,2,TCGA-99-8025-01,TCGA-99-8025,Female,Stage IIIA,72,0:LIVING,34.82,0,III,matched
TCGA-99-8025,TCGA-99-8025-01Z-00-DX1.76d4e012-91a7-4f1d-ba0f-4cecd812ec49,2,TCGA-99-8025-01,2,2;7;12,3,2,25.048593,0.917363502358119,0.6156829683080194,38.10666946330299,61.89333053669701,stroma-high,0.6189333053669701,0.619849382350966,True,5.0622648200563765,True,1.331267284382752,True,25.124216593134967,True,281.1190773491918,281.1190773491918,313.9960526568474,3,TCGA-99-8025-01,TCGA-99-8025,Female,Stage IIIA,72,0:LIVING,34.82,0,III,matched
TCGA-99-8025,TCGA-99-8025-01Z-00-DX1.76d4e012-91a7-4f1d-ba0f-4cecd812ec49,3,TCGA-99-8025-01,3,3;5;6,3,2,16.966017,0.9055918663548238,0.622054190123612,38.34977856542555,61.65022143457445,stroma-high,0.6165022143457445,0.6151792836933634,True,6.529646803877616,True,2.5080131966973673,True,0.868498335144344,True,166.5004241509685,166.5004241509685,222.00084830193703,4,TCGA-99-8025-01,TCGA-99-8025,Female,Stage IIIA,72,0:LIVING,34.82,0,III,matched
TCGA-99-8025,TCGA-99-8025-01Z-00-DX1.76d4e012-91a7-4f1d-ba0f-4cecd812ec49,4,TCGA-99-8025-01,4,4,1,0,0.381951,0.8709677426729374,0.21490940790157853,17.68933605286466,82.31066394713534,stroma-high,0.8231066394713533,0.821061464968387,True,5.9116933968626295,True,6.0540460559111775,True,,False,,,,5,TCGA-99-8025-01,TCGA-99-8025,Female,Stage IIIA,72,0:LIVING,34.82,0,III,matched
TCGA-99-8025,TCGA-99-8025-01Z-00-DX1.76d4e012-91a7-4f1d-ba0f-4cecd812ec49,5,TCGA-99-8025-01,5,8;9;11;13,4,4,8.612379,0.8912732472223286,0.638406164414762,38.96507339148107,61.03492660851894,stroma-high,0.6103492660851894,0.6104576793522399,True,4.632166382286275,True,1.801674202665016,True,0.9752854011107935,True,377.5740693996004,422.1280221146962,555.0402333690089,6,TCGA-99-8025-01,TCGA-99-8025,Female,Stage IIIA,72,0:LIVING,34.82,0,III,matched
TCGA-99-8025,TCGA-99-8025-01Z-00-DX1.76d4e012-91a7-4f1d-ba0f-4cecd812ec49,6,TCGA-99-8025-01,6,10,1,0,0.209457,0.9999999952886034,0.32687490890689164,24.634945367696968,75.36505463230303,stroma-high,0.7536505463230303,0.7604599050876085,True,5.236647254438834,True,0.2490949667687636,True,,False,,,,7,TCGA-99-8025-01,TCGA-99-8025,Female,Stage IIIA,72,0:LIVING,34.82,0,III,matched
TCGA-99-8028,TCGA-99-8028-01Z-00-DX1.23de89b1-67f8-41fb-980a-010ea190d687,1,TCGA-99-8028-01,1,1;2;5;6;7;9;11;13;16;18,10,14,7.51581,0.9672131155445031,0.29490824416857137,22.774451046755416,77.22554895324458,stroma-high,0.7722554895324458,0.774202672480343,True,18.770588191632744,True,16.239850994088457,True,19.16984623515131,True,541.1942484718317,555.0402333690104,888.0002120758642,2,TCGA-99-8028-01,TCGA-99-8028,Female,Stage IA,50,0:LIVING,36.73,0,I,matched
TCGA-99-8028,TCGA-99-8028-01Z-00-DX1.23de89b1-67f8-41fb-980a-010ea190d687,2,TCGA-99-8028-01,2,3;4;8;10;12;14;15;17;19;20;21,11,16,8.464527,0.9461426485719407,0.3196712200399565,24.22355016806971,75.77644983193028,stroma-high,0.7577644983193028,0.7616095522443428,True,20.23596888594942,True,16.7067506552811,True,17.432383916779244,True,491.22095112388064,499.5,992.8527382994562,3,TCGA-99-8028-01,TCGA-99-8028,Female,Stage IA,50,0:LIVING,36.73,0,I,matched
TCGA-99-8028,TCGA-99-8028-01Z-00-DX1.23de89b1-67f8-41fb-980a-010ea190d687,3,TCGA-99-8028-01,3,22,1,0,0.308025,0.6799999996667612,0.6565330876894717,39.632959496462725,60.36704050353726,stroma-high,0.6036704050353726,0.7891393689603065,True,83.29028675716414,True,40.71881571147114,True,,False,,,,4,TCGA-99-8028-01,TCGA-99-8028,Female,Stage IA,50,0:LIVING,36.73,0,I,matched
TCGA-99-8033,TCGA-99-8033-01Z-00-DX1.06f8ca81-c0a7-4ab5-b2fe-d5fc6671e29d,1,TCGA-99-8033-01,1,1;2,2,1,1.552446,1.0000000007087708,0.25370557504466534,20.23645583897373,79.76354416102626,stroma-high,0.7976354416102627,0.8006654820115768,True,5.267398212814496,True,2.78716000053484,True,1.6782700715413248,True,941.9068743505015,941.9068743505015,941.9068743505015,2,TCGA-99-8033-01,TCGA-99-8033,Female,Stage IV,74,1:DECEASED,21.55,1,IV,matched
TCGA-99-8033,TCGA-99-8033-01Z-00-DX1.06f8ca81-c0a7-4ab5-b2fe-d5fc6671e29d,2,TCGA-99-8033-01,2,3;5,2,1,3.314349,0.9628252784671067,0.41667852027855096,29.412355330736755,70.58764466926326,stroma-high,0.7058764466926325,0.7089316767516628,True,8.99053736610385,True,5.029701511695019,True,0.0,True,866.9781889359434,866.9781889359434,866.9781889359434,3,TCGA-99-8033-01,TCGA-99-8033,Female,Stage IV,74,1:DECEASED,21.55,1,IV,matched
TCGA-99-8033,TCGA-99-8033-01Z-00-DX1.06f8ca81-c0a7-4ab5-b2fe-d5fc6671e29d,3,TCGA-99-8033-01,3,4,1,0,2.069928,0.8988095224424234,0.5110999445268086,33.823040387104,66.176959612896,stroma-high,0.66176959612896,0.6641536938237047,True,14.369755095601747,True,6.9732932022900345,True,,False,,,,4,TCGA-99-8033-01,TCGA-99-8033,Female,Stage IV,74,1:DECEASED,21.55,1,IV,matched
TCGA-99-AA5R,TCGA-99-AA5R-01Z-00-DX1.4DE7FC30-D338-49CE-B8D9-EB0F34A3DD0B,1,TCGA-99-AA5R-01,1,1;2;3;4;5;7;8;9;10;11;13;14;15;17;18;20,16,22,17.150832,0.9748563214027582,0.4422012166008972,30.661547883249934,69.33845211675006,stroma-high,0.6933845211675006,0.7066497549313848,True,33.2688332325296,True,23.888580916529236,True,30.397856227333886,True,386.11039060022796,333.0002827676125,999.0,2,TCGA-99-AA5R-01,TCGA-99-AA5R,Female,Stage IA,70,0:LIVING,21.62,0,I,matched
TCGA-99-AA5R,TCGA-99-AA5R-01Z-00-DX1.4DE7FC30-D338-49CE-B8D9-EB0F34A3DD0B,2,TCGA-99-AA5R-01,2,6,1,0,0.381951,1.0000000016901345,0.2088386472583217,17.275973739917507,82.7240262600825,stroma-high,0.827240262600825,0.8098046874884397,True,24.086435528908826,True,34.52982283602821,True,,False,,,,3,TCGA-99-AA5R-01,TCGA-99-AA5R,Female,Stage IA,70,0:LIVING,21.62,0,I,matched
TCGA-99-AA5R,TCGA-99-AA5R-01Z-00-DX1.4DE7FC30-D338-49CE-B8D9-EB0F34A3DD0B,3,TCGA-99-AA5R-01,3,12;16;19,3,2,1.429236,0.999999998215885,0.1520364314748987,13.197189543758917,86.80281045624109,stroma-high,0.8680281045624109,0.8546287160454615,True,27.452758650978538,True,36.06224664405663,True,47.35697205500859,True,568.6825737462332,568.6825737462332,915.3642991905294,4,TCGA-99-AA5R-01,TCGA-99-AA5R,Female,Stage IA,70,0:LIVING,21.62,0,I,matched
TCGA-J2-8194,TCGA-J2-8194-01Z-00-DX1.7700924D-B6AF-46A7-A7D7-B5C17A66C5F7,1,TCGA-J2-8194-01,1,1,1,0,56.623572,0.9664907044365197,3.927505194293609,79.70575452344384,20.29424547655615,stroma-low,0.2029424547655615,0.1952947076831201,True,2.7233472050206076,True,5.226196783465353,True,,False,,,,2,TCGA-J2-8194-01,TCGA-J2-8194,Female,Stage IIB,69,0:LIVING,23.78,0,II,matched
TCGA-J2-8194,TCGA-J2-8194-01Z-00-DX1.7700924D-B6AF-46A7-A7D7-B5C17A66C5F7,2,TCGA-J2-8194-01,2,2,1,0,58.02714,0.9527435606639043,3.8931738397873072,79.56336658491848,20.436633415081513,stroma-low,0.20436633415081512,0.19693620388610683,True,2.1987495355968494,True,4.960279411417829,True,,False,,,,3,TCGA-J2-8194-01,TCGA-J2-8194,Female,Stage IIB,69,0:LIVING,23.78,0,II,matched
TCGA-J2-8194,TCGA-J2-8194-01Z-00-DX1.7700924D-B6AF-46A7-A7D7-B5C17A66C5F7,3,TCGA-J2-8194-01,3,3,1,0,53.452548,0.9452954048320709,4.325620759416485,81.22284621502851,18.777153784971492,stroma-low,0.18777153784971493,0.18054140417323877,True,5.525079940202584,True,5.544536578090957,True,,False,,,,4,TCGA-J2-8194-01,TCGA-J2-8194,Female,Stage IIB,69,0:LIVING,23.78,0,II,matched
TCGA-J2-8194,TCGA-J2-8194-01Z-00-DX1.7700924D-B6AF-46A7-A7D7-B5C17A66C5F7,4,TCGA-J2-8194-01,4,4;12,2,1,76.273524,0.9517805419074888,1.8269634871888643,64.6263559988742,35.37364400112578,stroma-low,0.3537364400112578,0.3398025666406357,True,9.697173928916252,True,7.982795697627824,True,,False,114.0,114.0,114.0,5,TCGA-J2-8194-01,TCGA-J2-8194,Female,Stage IIB,69,0:LIVING,23.78,0,II,matched
TCGA-J2-8194,TCGA-J2-8194-01Z-00-DX1.7700924D-B6AF-46A7-A7D7-B5C17A66C5F7,5,TCGA-J2-8194-01,5,5,1,0,0.207936,1.0000000069267116,0.20964910466068204,17.331398324763825,82.66860167523618,stroma-high,0.8266860167523618,0.8382973515404805,True,14.378519441363899,True,2.957270799459033,True,,False,,,,6,TCGA-J2-8194-01,TCGA-J2-8194,Female,Stage IIB,69,0:LIVING,23.78,0,II,matched
TCGA-J2-8194,TCGA-J2-8194-01Z-00-DX1.7700924D-B6AF-46A7-A7D7-B5C17A66C5F7,6,TCGA-J2-8194-01,6,6;8,2,1,74.103192,0.9538758334959518,1.8551767847228555,64.97589902836552,35.02410097163449,stroma-low,0.3502410097163449,0.33819367187527977,True,10.63611088999982,True,7.564171885762433,True,0.0,True,114.0,114.0,114.0,7,TCGA-J2-8194-01,TCGA-J2-8194,Female,Stage IIB,69,0:LIVING,23.78,0,II,matched
TCGA-J2-8194,TCGA-J2-8194-01Z-00-DX1.7700924D-B6AF-46A7-A7D7-B5C17A66C5F7,7,TCGA-J2-8194-01,7,7,1,0,0.3249,1.000000005585607,0.20233773192171303,16.828693515116907,83.17130648488309,stroma-high,0.8317130648488309,0.8221605241918646,True,5.2429704083101685,True,12.163715253595733,True,,False,,,,8,TCGA-J2-8194-01,TCGA-J2-8194,Female,Stage IIB,69,0:LIVING,23.78,0,II,matched
TCGA-J2-8194,TCGA-J2-8194-01Z-00-DX1.7700924D-B6AF-46A7-A7D7-B5C17A66C5F7,8,TCGA-J2-8194-01,8,9;10;11,3,2,74.545056,0.9513598325087007,1.782632909828319,64.06281272430945,35.93718727569054,stroma-low,0.3593718727569054,0.3478607420872227,True,9.17535874741369,True,7.089521392207711,True,37.888509526554536,True,319.5363490268498,319.5363490268498,411.07269805369964,9,TCGA-J2-8194-01,TCGA-J2-8194,Female,Stage IIB,69,0:LIVING,23.78,0,II,matched
TCGA-J2-8194,TCGA-J2-8194-01Z-00-DX1.7700924D-B6AF-46A7-A7D7-B5C17A66C5F7,9,TCGA-J2-8194-01,9,13,1,0,0.233928,0.6111111114393376,0.42124055950468775,29.638934569352077,70.36106543064793,stroma-high,0.7036106543064793,0.662479914160688,True,3.3617358201805128,True,21.57312370527865,True,,False,,,,10,TCGA-J2-8194-01,TCGA-J2-8194,Female,Stage IIB,69,0:LIVING,23.78,0,II,matched
TCGA-J2-A4AE,TCGA-J2-A4AE-01Z-00-DX1.42C5DE4A-7787-4E59-8969-D12503262C96,1,TCGA-J2-A4AE-01,1,1;2;4;9;10;11,6,7,44.5066813125,0.9882890602321704,0.748430170960704,42.805837109838166,57.19416289016183,stroma-high,0.5719416289016183,0.5533411571776036,True,19.07720217314121,True,15.583660972613977,True,15.985753713467288,True,460.9240225054527,451.0,963.37342137277,2,TCGA-J2-A4AE-01,TCGA-J2-A4AE,Female,Stage IA,77,0:LIVING,35.45,0,I,matched
TCGA-J2-A4AE,TCGA-J2-A4AE-01Z-00-DX1.42C5DE4A-7787-4E59-8969-D12503262C96,2,TCGA-J2-A4AE-01,2,3,1,0,0.406802,0.8124999979884251,0.21423908115852416,17.64389604015342,82.35610395984658,stroma-high,0.8235610395984658,0.7946762875136681,True,10.48653477735235,True,26.704025437020984,True,,False,,,,3,TCGA-J2-A4AE-01,TCGA-J2-A4AE,Female,Stage IA,77,0:LIVING,35.45,0,I,matched
TCGA-J2-A4AE,TCGA-J2-A4AE-01Z-00-DX1.42C5DE4A-7787-4E59-8969-D12503262C96,3,TCGA-J2-A4AE-01,3,5,1,0,0.3051015,0.6666666684353307,0.4297022334025672,30.05536561133525,69.94463438866475,stroma-high,0.6994463438866475,0.668015841736956,True,3.0082808020008334,True,15.686864294961314,True,,False,,,,4,TCGA-J2-A4AE-01,TCGA-J2-A4AE,Female,Stage IA,77,0:LIVING,35.45,0,I,matched
TCGA-J2-A4AE,TCGA-J2-A4AE-01Z-00-DX1.42C5DE4A-7787-4E59-8969-D12503262C96,4,TCGA-J2-A4AE-01,4,6;7,2,1,13.424466,0.942234848506263,0.6233660101049407,38.39959727040508,61.600402729594904,stroma-high,0.616004027295949,0.5861929840534739,True,15.087030001875453,True,18.144897257820737,True,0.0,True,112.75,112.75,112.75,5,TCGA-J2-A4AE-01,TCGA-J2-A4AE,Female,Stage IA,77,0:LIVING,35.45,0,I,matched
TCGA-J2-A4AE,TCGA-J2-A4AE-01Z-00-DX1.42C5DE4A-7787-4E59-8969-D12503262C96,5,TCGA-J2-A4AE-01,5,8,1,0,0.4449396875,0.9999999933443696,0.27343888421337914,21.472477996640265,78.52752200335973,stroma-high,0.7852752200335973,0.802946508763135,True,24.956970729605867,True,11.955992586686074,True,,False,,,,6,TCGA-J2-A4AE-01,TCGA-J2-A4AE,Female,Stage IA,77,0:LIVING,35.45,0,I,matched
TCGA-J2-A4AE,TCGA-J2-A4AE-01Z-00-DX1.42C5DE4A-7787-4E59-8969-D12503262C96,6,TCGA-J2-A4AE-01,6,12,1,0,0.177975875,0.35714285169212545,0.6612782728077582,39.80538863547039,60.19461136452961,stroma-high,0.601946113645296,0.5624567678327403,True,,False,14.993442335022317,True,,False,,,,7,TCGA-J2-A4AE-01,TCGA-J2-A4AE,Female,Stage IA,77,0:LIVING,35.45,0,I,matched
TCGA-J2-A4AE,TCGA-J2-A4AE-01Z-00-DX1.42C5DE4A-7787-4E59-8969-D12503262C96,7,TCGA-J2-A4AE-01,7,13,1,0,4.3349838125,0.9002932553488566,1.3404745387610357,57.27362193269726,42.72637806730273,stroma-low,0.42726378067302734,0.42875521221231144,True,40.99965227381714,True,12.254952282424673,True,,False,,,,8,TCGA-J2-A4AE-01,TCGA-J2-A4AE,Female,Stage IA,77,0:LIVING,35.45,0,I,matched
TCGA-J2-A4AG,TCGA-J2-A4AG-01Z-00-DX1.487780B8-18E7-494A-8054-5637239870EB,1,TCGA-J2-A4AG-01,1,1;2;3;4;6,5,4,96.547284,0.990308251572116,0.8053895138367819,44.6102908909215,55.3897091090785,stroma-high,0.553897091090785,0.5029580105836036,True,21.92105005986101,True,23.84414646618897,True,36.41519812256133,True,458.36726560748883,460.7344132178836,798.000235994188,2,TCGA-J2-A4AG-01,TCGA-J2-A4AG,Female,Stage IA,66,0:LIVING,32.46,0,I,matched
TCGA-J2-A4AG,TCGA-J2-A4AG-01Z-00-DX1.487780B8-18E7-494A-8054-5637239870EB,2,TCGA-J2-A4AG-01,2,5,1,0,0.311904,1.000000001538562,0.14755159041123186,12.857948317456986,87.14205168254301,stroma-high,0.8714205168254301,0.8408336907056623,True,13.611907943228255,True,34.707817122725224,True,,False,,,,3,TCGA-J2-A4AG-01,TCGA-J2-A4AG,Female,Stage IA,66,0:LIVING,32.46,0,I,matched
TCGA-L4-A4E5,TCGA-L4-A4E5-01Z-00-DX1.C2A5EF71-1F40-4E34-AC30-58D7121C1338,1,TCGA-L4-A4E5-01,1,1,1,0,3.8988,0.999999999999321,1.406227279714787,58.44116603488382,41.55883396511618,stroma-low,0.41558833965116176,0.420631915000955,True,21.848594705542457,True,11.901163704198723,True,,False,,,,2,TCGA-L4-A4E5-01,TCGA-L4-A4E5,Female,Stage I,48,0:LIVING,18.99,0,I,matched
TCGA-L4-A4E5,TCGA-L4-A4E5-01Z-00-DX1.C2A5EF71-1F40-4E34-AC30-58D7121C1338,2,TCGA-L4-A4E5-01,2,2,1,0,0.3249,0.9599999962048605,0.31115801997832293,23.731542288355694,76.2684577116443,stroma-high,0.762684577116443,0.7605985102244279,True,5.280522548534861,True,6.762927727492856,True,,False,,,,3,TCGA-L4-A4E5-01,TCGA-L4-A4E5,Female,Stage I,48,0:LIVING,18.99,0,I,matched
TCGA-L4-A4E5,TCGA-L4-A4E5-01Z-00-DX1.C2A5EF71-1F40-4E34-AC30-58D7121C1338,3,TCGA-L4-A4E5-01,3,3;4;8,3,2,177.52536,0.9920204977622196,1.2160809979228233,54.875295580923265,45.124704419076735,stroma-low,0.45124704419076733,0.4440764320856781,True,32.69370490728155,True,12.11095521176997,True,1.9431867972773817,True,355.47515298264005,355.47515298264005,455.99999999999994,4,TCGA-L4-A4E5-01,TCGA-L4-A4E5,Female,Stage I,48,0:LIVING,18.99,0,I,matched
TCGA-L4-A4E5,TCGA-L4-A4E5-01Z-00-DX1.C2A5EF71-1F40-4E34-AC30-58D7121C1338,4,TCGA-L4-A4E5-01,4,5;6;7,3,2,1.49454,1.0000000022428457,0.2744164928136194,21.53271668728727,78.46728331271274,stroma-high,0.7846728331271273,0.7860874019148517,True,1.5865622538745665,True,0.43341232955407183,True,0.45423452673275583,True,285.0,285.0,456.0,5,TCGA-L4-A4E5-01,TCGA-L4-A4E5,Female,Stage I,48,0:LIVING,18.99,0,I,matched
TCGA-L9-A443,TCGA-L9-A443-01Z-00-DX1.9F68A13A-2865-41BF-88A7-B0DF75961C6F,1,TCGA-L9-A443-01,1,1;4,2,1,6.783912,0.8601532566537353,0.8730737816006913,46.61182010964779,53.38817989035222,stroma-high,0.5338817989035222,0.5286860519915325,True,1.711663764055249,True,2.641176290222886,True,0.0,True,114.0,114.0,114.0,2,TCGA-L9-A443-01,TCGA-L9-A443,Female,Stage IA,63,1:DECEASED,6.34,1,I,matched
TCGA-L9-A443,TCGA-L9-A443-01Z-00-DX1.9F68A13A-2865-41BF-88A7-B0DF75961C6F,2,TCGA-L9-A443-01,2,2,1,0,1.81944,0.7428571436896944,1.3101854647068951,56.713432091181694,43.28656790881831,stroma-low,0.43286567908818313,0.4350570211109675,True,9.457098385908514,True,3.857884840213473,True,,False,,,,3,TCGA-L9-A443-01,TCGA-L9-A443,Female,Stage IA,63,1:DECEASED,6.34,1,I,matched
TCGA-L9-A443,TCGA-L9-A443-01Z-00-DX1.9F68A13A-2865-41BF-88A7-B0DF75961C6F,3,TCGA-L9-A443-01,3,3;5;8;9,4,4,88.060896,0.9755017712144366,0.9827816247351888,49.565802530898715,50.43419746910129,stroma-high,0.5043419746910129,0.5001143166288692,True,6.0250530715269965,True,3.2619689640820573,True,0.0,True,328.8137846625923,218.24066701554236,764.7738046192843,4,TCGA-L9-A443-01,TCGA-L9-A443,Female,Stage IA,63,1:DECEASED,6.34,1,I,matched
TCGA-L9-A443,TCGA-L9-A443-01Z-00-DX1.9F68A13A-2865-41BF-88A7-B0DF75961C6F,4,TCGA-L9-A443-01,4,6;7,2,1,2.118348,0.901840490287392,0.818966041609526,45.0237125309309,54.9762874690691,stroma-high,0.549762874690691,0.560345236538562,True,14.58751258791916,True,4.507519002912037,True,17.119867345654264,True,322.4813340310847,322.4813340310847,322.4813340310847,5,TCGA-L9-A443-01,TCGA-L9-A443,Female,Stage IA,63,1:DECEASED,6.34,1,I,matched
TCGA-L9-A443,TCGA-L9-A443-01Z-00-DX1.9F68A13A-2865-41BF-88A7-B0DF75961C6F,5,TCGA-L9-A443-01,5,10,1,0,0.142956,0.8181818122605116,0.4469957838503696,30.891298291204443,69.10870170879555,stroma-high,0.6910870170879555,0.6910870170879555,True,0.0,True,0.0,True,,False,,,,6,TCGA-L9-A443-01,TCGA-L9-A443,Female,Stage IA,63,1:DECEASED,6.34,1,I,matched
TCGA-L9-A444,TCGA-L9-A444-01Z-00-DX1.88CF6F01-0C1F-4572-81E3-1A5790692861,1,TCGA-L9-A444-01,1,1,1,0,1.351584,1.0000000028199931,1.001664184420275,50.041570020416714,49.95842997958329,stroma-low,0.4995842997958329,0.5483952354493059,True,69.81921781841326,True,51.10821073915935,True,,False,,,,2,TCGA-L9-A444-01,TCGA-L9-A444,Female,Stage IA,60,0:LIVING,10.09,0,I,matched
TCGA-L9-A444,TCGA-L9-A444-01Z-00-DX1.88CF6F01-0C1F-4572-81E3-1A5790692861,2,TCGA-L9-A444-01,2,2,1,0,0.272916,0.9999999986827052,0.17658558734491053,15.008307873581431,84.99169212641857,stroma-high,0.8499169212641857,0.8408963038781446,True,5.745468493749984,True,12.861046206399662,True,,False,,,,3,TCGA-L9-A444-01,TCGA-L9-A444,Female,Stage IA,60,0:LIVING,10.09,0,I,matched
TCGA-L9-A444,TCGA-L9-A444-01Z-00-DX1.88CF6F01-0C1F-4572-81E3-1A5790692861,3,TCGA-L9-A444-01,3,3;4;5;9;11;15,6,5,68.995764,0.9941608588862318,1.4623547640958474,59.388467714675954,40.61153228532405,stroma-low,0.40611532285324053,0.3911775100604637,True,52.10445314113078,True,24.909444720816786,True,41.34069258629828,True,546.2871492867032,411.0726980536956,940.1029329379489,4,TCGA-L9-A444-01,TCGA-L9-A444,Female,Stage IA,60,0:LIVING,10.09,0,I,matched
TCGA-L9-A444,TCGA-L9-A444-01Z-00-DX1.88CF6F01-0C1F-4572-81E3-1A5790692861,4,TCGA-L9-A444-01,4,6;12;14,3,2,62.432784,1.0000000001978193,1.1550061143915342,53.59641936411165,46.40358063588835,stroma-low,0.46403580635888353,0.4610217453375478,True,54.7264963090353,True,13.836903846220544,True,71.8446826169361,True,114.0,114.0,114.0,5,TCGA-L9-A444-01,TCGA-L9-A444,Female,Stage IA,60,0:LIVING,10.09,0,I,matched
TCGA-L9-A444,TCGA-L9-A444-01Z-00-DX1.88CF6F01-0C1F-4572-81E3-1A5790692861,5,TCGA-L9-A444-01,5,7,1,0,0.350892,0.9999999988099767,0.19846253524460952,16.559761311529257,83.44023868847074,stroma-high,0.8344023868847075,0.8298560761098106,True,0.031672684499319606,True,3.796946123059386,True,,False,,,,6,TCGA-L9-A444-01,TCGA-L9-A444,Female,Stage IA,60,0:LIVING,10.09,0,I,matched
TCGA-L9-A444,TCGA-L9-A444-01Z-00-DX1.88CF6F01-0C1F-4572-81E3-1A5790692861,6,TCGA-L9-A444-01,6,8,1,0,0.792756,1.0000000029676663,1.4181211272642602,58.645578638513065,41.354421361486935,stroma-low,0.41354421361486937,0.5194249609133098,True,69.1134874600774,True,44.67373989326932,True,,False,,,,7,TCGA-L9-A444-01,TCGA-L9-A444,Female,Stage IA,60,0:LIVING,10.09,0,I,matched
TCGA-L9-A444,TCGA-L9-A444-01Z-00-DX1.88CF6F01-0C1F-4572-81E3-1A5790692861,7,TCGA-L9-A444-01,7,10,1,0,0.428868,0.9999999972591688,0.5296320979518115,34.62480283075864,65.37519716924136,stroma-high,0.6537519716924136,0.7128669903634025,True,52.34114803776795,True,30.0114541478659,True,,False,,,,8,TCGA-L9-A444-01,TCGA-L9-A444,Female,Stage IA,60,0:LIVING,10.09,0,I,matched
TCGA-L9-A444,TCGA-L9-A444-01Z-00-DX1.88CF6F01-0C1F-4572-81E3-1A5790692861,8,TCGA-L9-A444-01,8,13,1,0,0.363888,0.642857140628621,0.7696159332858522,43.49056305436946,56.50943694563054,stroma-high,0.5650943694563054,0.6123759138267769,True,38.69141660582145,True,20.002826982479043,True,,False,,,,9,TCGA-L9-A444-01,TCGA-L9-A444,Female,Stage IA,60,0:LIVING,10.09,0,I,matched
TCGA-L9-A8F4,TCGA-L9-A8F4-01Z-00-DX1.E2BBB8DE-94E2-4781-9B55-8A4CFBF8A69D,1,TCGA-L9-A8F4-01,1,1;2;3;4;5;6;7;8;10;11;12;13;14;15;16;17;18,17,21,30.5289850625,0.9497790279067917,0.6038283376715717,37.64918747776997,62.350812522230015,stroma-high,0.6235081252223001,0.6155906256394544,True,25.094906946037458,True,20.941156534291068,True,27.449349553968073,True,375.84085206527186,332.25,892.9342554360322,2,TCGA-L9-A8F4-01,TCGA-L9-A8F4,Female,Stage IB,64,0:LIVING,15.64,0,I,matched
TCGA-L9-A8F4,TCGA-L9-A8F4-01Z-00-DX1.E2BBB8DE-94E2-4781-9B55-8A4CFBF8A69D,2,TCGA-L9-A8F4-01,2,9,1,0,0.4906225,0.9749999993281563,0.8494745805172915,45.930589663995086,54.06941033600492,stroma-high,0.5406941033600492,0.6002507616599911,True,36.86783064625085,True,15.957685672916769,True,,False,,,,3,TCGA-L9-A8F4-01,TCGA-L9-A8F4,Female,Stage IB,64,0:LIVING,15.64,0,I,matched
TCGA-L9-A8F4,TCGA-L9-A8F4-01Z-00-DX1.E2BBB8DE-94E2-4781-9B55-8A4CFBF8A69D,3,TCGA-L9-A8F4-01,3,19;21;23;25;29;30;31;32;33;37;38;39;41;42;43;45;46;50;52;53;54;55;58;61;68;71;73;74,28,37,116.5105781875,0.9772607639352385,0.698138378630691,41.11198400648839,58.88801599351161,stroma-high,0.5888801599351161,0.5913866060614844,True,20.993378941876365,True,9.435499449270887,True,13.705594817253411,True,476.93584670755405,443.00042510902813,996.75,4,TCGA-L9-A8F4-01,TCGA-L9-A8F4,Female,Stage IB,64,0:LIVING,15.64,0,I,matched
TCGA-L9-A8F4,TCGA-L9-A8F4-01Z-00-DX1.E2BBB8DE-94E2-4781-9B55-8A4CFBF8A69D,4,TCGA-L9-A8F4-01,4,20,1,0,0.2821079375,0.9999999988193967,0.23579912835325734,19.08070032930573,80.91929967069427,stroma-high,0.8091929967069427,0.8070758043406508,True,4.355102223455062,True,6.16091956058927,True,,False,,,,5,TCGA-L9-A8F4-01,TCGA-L9-A8F4,Female,Stage IB,64,0:LIVING,15.64,0,I,matched
TCGA-L9-A8F4,TCGA-L9-A8F4-01Z-00-DX1.E2BBB8DE-94E2-4781-9B55-8A4CFBF8A69D,5,TCGA-L9-A8F4-01,5,22,1,0,0.44156025,0.7777777744017335,0.5033660511597192,33.482600646157664,66.51739935384234,stroma-high,0.6651739935384233,0.6707544234717517,True,33.73106745652873,True,25.35291597336544,True,,False,,,,6,TCGA-L9-A8F4-01,TCGA-L9-A8F4,Female,Stage IB,64,0:LIVING,15.64,0,I,matched
TCGA-L9-A8F4,TCGA-L9-A8F4-01Z-00-DX1.E2BBB8DE-94E2-4781-9B55-8A4CFBF8A69D,6,TCGA-L9-A8F4-01,6,24,1,0,0.2575768125,1.0000000023567173,0.39378626915071535,28.25298812784715,71.74701187215285,stroma-high,0.7174701187215285,0.8109469605039332,True,50.16591788562986,True,15.034294162896414,True,,False,,,,7,TCGA-L9-A8F4-01,TCGA-L9-A8F4,Female,Stage IB,64,0:LIVING,15.64,0,I,matched
TCGA-L9-A8F4,TCGA-L9-A8F4-01Z-00-DX1.E2BBB8DE-94E2-4781-9B55-8A4CFBF8A69D,7,TCGA-L9-A8F4-01,7,26,1,0,0.269842375,0.8181818083976395,0.21900043289687868,17.96557466156413,82.03442533843588,stroma-high,0.8203442533843588,0.7975886386501986,True,30.733968334777384,True,37.05824306208107,True,,False,,,,8,TCGA-L9-A8F4-01,TCGA-L9-A8F4,Female,Stage IB,64,0:LIVING,15.64,0,I,matched
TCGA-L9-A8F4,TCGA-L9-A8F4-01Z-00-DX1.E2BBB8DE-94E2-4781-9B55-8A4CFBF8A69D,8,TCGA-L9-A8F4-01,8,27,1,0,0.2330456875,0.9473684228601327,25.517336293294154,96.22888215867714,3.7711178413228685,stroma-low,0.037711178413228685,0.5468287026706634,True,98.94668115030686,True,11.985262843816882,True,,False,,,,9,TCGA-L9-A8F4-01,TCGA-L9-A8F4,Female,Stage IB,64,0:LIVING,15.64,0,I,matched
TCGA-L9-A8F4,TCGA-L9-A8F4-01Z-00-DX1.E2BBB8DE-94E2-4781-9B55-8A4CFBF8A69D,9,TCGA-L9-A8F4-01,9,28;34;44;47;49,5,4,4.3052124375,0.9316239316564868,0.5295326128141673,34.620550642584014,65.379449357416,stroma-high,0.6537944935741599,0.6692625227968753,True,34.260751564957665,True,22.516320251196607,True,19.511668488840865,True,241.1276746093039,179.21654252395564,495.32761338930436,10,TCGA-L9-A8F4-01,TCGA-L9-A8F4,Female,Stage IB,64,0:LIVING,15.64,0,I,matched
TCGA-L9-A8F4,TCGA-L9-A8F4-01Z-00-DX1.E2BBB8DE-94E2-4781-9B55-8A4CFBF8A69D,10,TCGA-L9-A8F4-01,10,35;40,2,1,0.6991370625,0.8771929848246559,0.4250075396535466,29.824932698733374,70.17506730126662,stroma-high,0.7017506730126662,0.703935024633987,True,15.121368731017293,True,14.49267006670979,True,4.232568766590499,True,443.0,443.0,443.0,11,TCGA-L9-A8F4-01,TCGA-L9-A8F4,Female,Stage IB,64,0:LIVING,15.64,0,I,matched
TCGA-L9-A8F4,TCGA-L9-A8F4-01Z-00-DX1.E2BBB8DE-94E2-4781-9B55-8A4CFBF8A69D,11,TCGA-L9-A8F4-01,11,36,1,0,0.1594523125,0.5384615343282348,0.8505540711191021,45.96213017459895,54.03786982540105,stroma-high,0.5403786982540105,0.4536093129553698,True,1.9018299058110189,True,32.82056299675716,True,,False,,,,12,TCGA-L9-A8F4-01,TCGA-L9-A8F4,Female,Stage IB,64,0:LIVING,15.64,0,I,matched
TCGA-L9-A8F4,TCGA-L9-A8F4-01Z-00-DX1.E2BBB8DE-94E2-4781-9B55-8A4CFBF8A69D,12,TCGA-L9-A8F4-01,12,48,1,0,0.1839834375,0.9999999977725869,0.43951131033812924,30.5319803451139,69.46801965488609,stroma-high,0.6946801965488609,0.7039368690876768,True,13.412688859164302,True,7.91825735332325,True,,False,,,,13,TCGA-L9-A8F4-01,TCGA-L9-A8F4,Female,Stage IB,64,0:LIVING,15.64,0,I,matched
TCGA-L9-A8F4,TCGA-L9-A8F4-01Z-00-DX1.E2BBB8DE-94E2-4781-9B55-8A4CFBF8A69D,13,TCGA-L9-A8F4-01,13,51,1,0,0.4047635625,0.7878787907283175,0.4530136589279616,31.177522395914476,68.82247760408552,stroma-high,0.6882247760408552,0.7029281016013988,True,11.350011521292567,True,1.0901341011309758,True,,False,,,,14,TCGA-L9-A8F4-01,TCGA-L9-A8F4,Female,Stage IB,64,0:LIVING,15.64,0,I,matched
TCGA-L9-A8F4,TCGA-L9-A8F4-01Z-00-DX1.E2BBB8DE-94E2-4781-9B55-8A4CFBF8A69D,14,TCGA-L9-A8F4-01,14,56,1,0,1.03030725,0.9999999974328861,0.4364053146735881,30.381766916029395,69.61823308397061,stroma-high,0.696182330839706,0.7084818843999344,True,11.567981623577131,True,2.6188246570964973,True,,False,,,,15,TCGA-L9-A8F4-01,TCGA-L9-A8F4,Female,Stage IB,64,0:LIVING,15.64,0,I,matched
TCGA-L9-A8F4,TCGA-L9-A8F4-01Z-00-DX1.E2BBB8DE-94E2-4781-9B55-8A4CFBF8A69D,15,TCGA-L9-A8F4-01,15,57,1,0,1.1406973125,0.9999999987426285,0.309162264311109,23.615274648463267,76.38472535153673,stroma-high,0.7638472535153673,0.7663372925989838,True,2.705605312358546,True,0.3348282455801156,True,,False,,,,16,TCGA-L9-A8F4-01,TCGA-L9-A8F4,Female,Stage IB,64,0:LIVING,15.64,0,I,matched
TCGA-L9-A8F4,TCGA-L9-A8F4-01Z-00-DX1.E2BBB8DE-94E2-4781-9B55-8A4CFBF8A69D,16,TCGA-L9-A8F4-01,16,59,1,0,1.373743,1.0000000042325936,0.5539531490297291,35.647995525194,64.352004474806,stroma-high,0.6435200447480599,0.6572107248846536,True,42.01817973375165,True,31.018960300317318,True,,False,,,,17,TCGA-L9-A8F4-01,TCGA-L9-A8F4,Female,Stage IB,64,0:LIVING,15.64,0,I,matched
TCGA-L9-A8F4,TCGA-L9-A8F4-01Z-00-DX1.E2BBB8DE-94E2-4781-9B55-8A4CFBF8A69D,17,TCGA-L9-A8F4-01,17,60;62;63;65;66;67;69;70;72,9,11,22.8507429375,0.9785292537431137,0.48240732193104774,32.54215725962842,67.45784274037158,stroma-high,0.6745784274037158,0.6751799180349785,True,15.842028880566291,True,8.854889418885877,True,6.593894578257942,True,415.0557552255223,247.68308504791045,946.2854138847856,18,TCGA-L9-A8F4-01,TCGA-L9-A8F4,Female,Stage IB,64,0:LIVING,15.64,0,I,matched
TCGA-L9-A8F4,TCGA-L9-A8F4-01Z-00-DX1.E2BBB8DE-94E2-4781-9B55-8A4CFBF8A69D,18,TCGA-L9-A8F4-01,18,64,1,0,0.2821079375,1.0000000021410296,0.394495843158764,28.289495812706445,71.71050418729355,stroma-high,0.7171050418729356,0.7197628329173436,True,2.0619848524664497,True,0.04757341807872677,True,,False,,,,19,TCGA-L9-A8F4-01,TCGA-L9-A8F4,Female,Stage IB,64,0:LIVING,15.64,0,I,matched
TCGA-L9-A8F4,TCGA-L9-A8F4-01Z-00-DX1.E2BBB8DE-94E2-4781-9B55-8A4CFBF8A69D,19,TCGA-L9-A8F4-01,19,75,1,0,0.220780125,1.000000000763167,0.582254948188344,36.79906002853816,63.20093997146184,stroma-high,0.6320093997146184,0.6303310814282665,True,0.7107193272807039,True,0.8236970002056156,True,,False,,,,20,TCGA-L9-A8F4-01,TCGA-L9-A8F4,Female,Stage IB,64,0:LIVING,15.64,0,I,matched
TCGA-L9-A8F4,TCGA-L9-A8F4-01Z-00-DX1.E2BBB8DE-94E2-4781-9B55-8A4CFBF8A69D,20,TCGA-L9-A8F4-01,20,76,1,0,0.367966875,0.9666666635855412,0.8894741282400339,47.07522135106141,52.924778648938585,stroma-high,0.5292477864893859,0.6587766889859009,True,59.31146541864463,True,28.98187656866155,True,,False,,,,21,TCGA-L9-A8F4-01,TCGA-L9-A8F4,Female,Stage IB,64,0:LIVING,15.64,0,I,matched
TCGA-L9-A8F4,TCGA-L9-A8F4-01Z-00-DX1.E2BBB8DE-94E2-4781-9B55-8A4CFBF8A69D,21,TCGA-L9-A8F4-01,21,77;78,2,1,0.6500748125,1.0000000023027718,0.34284438901136377,25.531207622930502,74.46879237706952,stroma-high,0.7446879237706951,0.8060242112443167,True,57.527753445458465,True,46.693074646023035,True,54.30017499544043,True,673.6990222458205,673.6990222458205,673.6990222458205,22,TCGA-L9-A8F4-01,TCGA-L9-A8F4,Female,Stage IB,64,0:LIVING,15.64,0,I,matched
TCGA-MP-A4T6,TCGA-MP-A4T6-01Z-00-DX1.085C4F5A-DB1B-434A-9D62-E2187D133B0A,1,TCGA-MP-A4T6-01,1,1,1,0,0.271062,0.9090909032618749,0.2726209204600333,21.422005255224384,78.57799474477561,stroma-high,0.7857799474477561,0.7997571005122979,True,13.333454984565691,True,3.0667899015852553,True,,False,,,,2,TCGA-MP-A4T6-01,TCGA-MP-A4T6,Female,Stage IIIA,76,1:DECEASED,58.8,1,III,matched
TCGA-MP-A4T6,TCGA-MP-A4T6-01Z-00-DX1.085C4F5A-DB1B-434A-9D62-E2187D133B0A,2,TCGA-MP-A4T6-01,2,2,1,0,0.147852,0.5833333321934333,0.8171381344268487,44.968410433177425,55.03158956682257,stroma-high,0.5503158956682257,0.5697562851142906,True,24.506098882149104,True,3.951847509668089,True,,False,,,,3,TCGA-MP-A4T6-01,TCGA-MP-A4T6,Female,Stage IIIA,76,1:DECEASED,58.8,1,III,matched
TCGA-MP-A4T6,TCGA-MP-A4T6-01Z-00-DX1.085C4F5A-DB1B-434A-9D62-E2187D133B0A,3,TCGA-MP-A4T6-01,3,3,1,0,1.121211,0.7142857141469113,1.1178350085464424,52.78196856863079,47.21803143136921,stroma-low,0.4721803143136921,0.46586753275505455,True,0.1081703487510646,True,2.580828178882314,True,,False,,,,4,TCGA-MP-A4T6-01,TCGA-MP-A4T6,Female,Stage IIIA,76,1:DECEASED,58.8,1,III,matched
TCGA-MP-A4T6,TCGA-MP-A4T6-01Z-00-DX1.085C4F5A-DB1B-434A-9D62-E2187D133B0A,4,TCGA-MP-A4T6-01,4,4,1,0,0.505161,0.926829267335717,0.2185413490208884,17.934668298001444,82.06533170199856,stroma-high,0.8206533170199856,0.8111671110144104,True,10.45714792122102,True,15.863506339693078,True,,False,,,,5,TCGA-MP-A4T6-01,TCGA-MP-A4T6,Female,Stage IIIA,76,1:DECEASED,58.8,1,III,matched
TCGA-MP-A4T6,TCGA-MP-A4T6-01Z-00-DX1.085C4F5A-DB1B-434A-9D62-E2187D133B0A,5,TCGA-MP-A4T6-01,5,5,1,0,0.899433,0.8219178060414988,0.7259019611264349,42.05928131935516,57.940718680644856,stroma-high,0.5794071868064485,0.6056849949115249,True,25.719760763312017,True,6.014537900382767,True,,False,,,,6,TCGA-MP-A4T6-01,TCGA-MP-A4T6,Female,Stage IIIA,76,1:DECEASED,58.8,1,III,matched
TCGA-MP-A4T6,TCGA-MP-A4T6-01Z-00-DX1.085C4F5A-DB1B-434A-9D62-E2187D133B0A,6,TCGA-MP-A4T6-01,6,6;9;11;13,4,3,126.548991,0.9513192482168498,1.078737735358361,51.89388334129574,48.106116658704245,stroma-low,0.48106116658704245,0.47831427776400065,True,12.87988912695025,True,3.1974766259669862,True,20.503056115286665,True,368.23206439261554,333.000565535225,457.69957498577696,7,TCGA-MP-A4T6-01,TCGA-MP-A4T6,Female,Stage IIIA,76,1:DECEASED,58.8,1,III,matched
TCGA-MP-A4T6,TCGA-MP-A4T6-01Z-00-DX1.085C4F5A-DB1B-434A-9D62-E2187D133B0A,7,TCGA-MP-A4T6-01,7,7;8;10;12,4,3,204.393069,0.9892699980775546,1.4520231996853283,59.21735160873146,40.78264839126854,stroma-low,0.4078264839126854,0.4021572312491987,True,12.51635324721811,True,4.615013813927444,True,5.8204591975327045,True,475.540114473307,400.2560442293934,915.3642991905276,8,TCGA-MP-A4T6-01,TCGA-MP-A4T6,Female,Stage IIIA,76,1:DECEASED,58.8,1,III,matched
TCGA-MP-A4TH,TCGA-MP-A4TH-01Z-00-DX1.E89D2C19-F9B2-4BF2-AA5F-6104CBC076D1,1,TCGA-MP-A4TH-01,1,1,1,0,0.271062,0.6818181790386006,0.32515333836446614,24.537034994439033,75.46296500556096,stroma-high,0.7546296500556097,0.7523705598481955,True,0.428851324596591,True,1.6042914375259916,True,,False,,,,2,TCGA-MP-A4TH-01,TCGA-MP-A4TH,Female,Stage IA,70,0:LIVING,24.34,0,I,matched
TCGA-MP-A4TH,TCGA-MP-A4TH-01Z-00-DX1.E89D2C19-F9B2-4BF2-AA5F-6104CBC076D1,2,TCGA-MP-A4TH-01,2,2,1,0,0.271062,0.9545454626521942,0.7422258888875561,42.60216161530474,57.39783838469526,stroma-high,0.5739783838469527,0.6707940493023343,True,60.97647458886328,True,29.16914439251574,True,,False,,,,3,TCGA-MP-A4TH-01,TCGA-MP-A4TH,Female,Stage IA,70,0:LIVING,24.34,0,I,matched
TCGA-MP-A4TH,TCGA-MP-A4TH-01Z-00-DX1.E89D2C19-F9B2-4BF2-AA5F-6104CBC076D1,3,TCGA-MP-A4TH-01,3,3;5;6;8;12,5,4,69.453477,0.9292176688023174,1.0015132581477233,50.03780285095697,49.96219714904303,stroma-low,0.49962197149043025,0.479951749284227,True,25.6339855717999,True,15.560788967806127,True,46.98644278754912,True,249.75,166.5,555.0,4,TCGA-MP-A4TH-01,TCGA-MP-A4TH,Female,Stage IA,70,0:LIVING,24.34,0,I,matched
TCGA-MP-A4TH,TCGA-MP-A4TH-01Z-00-DX1.E89D2C19-F9B2-4BF2-AA5F-6104CBC076D1,4,TCGA-MP-A4TH-01,4,4;9,2,1,112.170384,0.9847319860059769,1.69667287883476,62.917267131336196,37.082732868663804,stroma-low,0.37082732868663804,0.3573770378185292,True,36.23091323834938,True,13.971398847303657,True,62.701129027804384,True,111.0,111.0,111.0,5,TCGA-MP-A4TH-01,TCGA-MP-A4TH,Female,Stage IA,70,0:LIVING,24.34,0,I,matched
TCGA-MP-A4TH,TCGA-MP-A4TH-01Z-00-DX1.E89D2C19-F9B2-4BF2-AA5F-6104CBC076D1,5,TCGA-MP-A4TH-01,5,7,1,0,0.431235,1.0000000004078693,0.4169336778515957,29.425066562308345,70.57493343769166,stroma-high,0.7057493343769166,0.7060715052797158,True,23.830777530453748,True,18.44859632372415,True,,False,,,,6,TCGA-MP-A4TH-01,TCGA-MP-A4TH,Female,Stage IA,70,0:LIVING,24.34,0,I,matched
TCGA-MP-A4TH,TCGA-MP-A4TH-01Z-00-DX1.E89D2C19-F9B2-4BF2-AA5F-6104CBC076D1,6,TCGA-MP-A4TH-01,6,10,1,0,0.418914,0.970588235383783,0.32673375668242366,24.626927221588208,75.37307277841178,stroma-high,0.7537307277841179,0.7953374433180352,True,32.182175836903646,True,6.0239184428364085,True,,False,,,,7,TCGA-MP-A4TH-01,TCGA-MP-A4TH,Female,Stage IA,70,0:LIVING,24.34,0,I,matched
TCGA-MP-A4TH,TCGA-MP-A4TH-01Z-00-DX1.E89D2C19-F9B2-4BF2-AA5F-6104CBC076D1,7,TCGA-MP-A4TH-01,7,11,1,0,0.320346,0.8461538476848756,0.33601118804710134,25.150327411423984,74.84967258857603,stroma-high,0.7484967258857602,0.7529442279065786,True,4.171813358633937,True,0.13120262157737705,True,,False,,,,8,TCGA-MP-A4TH-01,TCGA-MP-A4TH,Female,Stage IA,70,0:LIVING,24.34,0,I,matched
TCGA-MP-A4TH,TCGA-MP-A4TH-01Z-00-DX1.E89D2C19-F9B2-4BF2-AA5F-6104CBC076D1,8,TCGA-MP-A4TH-01,8,13,1,0,0.332667,1.0000000033178367,0.29810546206046945,22.9646566302317,77.0353433697683,stroma-high,0.7703534336976829,0.7848878857259443,True,28.07027849466033,True,20.341798119957925,True,,False,,,,9,TCGA-MP-A4TH-01,TCGA-MP-A4TH,Female,Stage IA,70,0:LIVING,24.34,0,I,matched
TCGA-MP-A4TH,TCGA-MP-A4TH-01Z-00-DX1.E89D2C19-F9B2-4BF2-AA5F-6104CBC076D1,9,TCGA-MP-A4TH-01,9,14,1,0,0.517482,0.8095238071741948,0.21391953136985847,17.622216781408817,82.37778321859118,stroma-high,0.8237778321859118,0.8177207856847671,True,19.223937407599006,True,21.364889733870914,True,,False,,,,10,TCGA-MP-A4TH-01,TCGA-MP-A4TH,Female,Stage IA,70,0:LIVING,24.34,0,I,matched
TCGA-MP-A4TH,TCGA-MP-A4TH-01Z-00-DX1.E89D2C19-F9B2-4BF2-AA5F-6104CBC076D1,10,TCGA-MP-A4TH-01,10,15,1,0,0.147852,0.9166666753978158,0.4827986307667476,32.559959305943984,67.44004069405601,stroma-high,0.6744004069405601,0.6755551014093246,True,3.0589131077920313,True,1.283942940779711,True,,False,,,,11,TCGA-MP-A4TH-01,TCGA-MP-A4TH,Female,Stage IA,70,0:LIVING,24.34,0,I,matched
TCGA-MP-A4TH,TCGA-MP-A4TH-01Z-00-DX1.E89D2C19-F9B2-4BF2-AA5F-6104CBC076D1,11,TCGA-MP-A4TH-01,11,16;17;18,3,3,4.275387,0.8270893367228588,0.5514618550315376,35.54466087858329,64.45533912141671,stroma-high,0.6445533912141671,0.6172613978182676,True,16.616647223314835,True,21.645675342692886,True,15.193379870851945,True,685.4956568882604,710.7871836031403,888.000212075864,12,TCGA-MP-A4TH-01,TCGA-MP-A4TH,Female,Stage IA,70,0:LIVING,24.34,0,I,matched
TCGA-MP-A4TH,TCGA-MP-A4TH-01Z-00-DX1.E89D2C19-F9B2-4BF2-AA5F-6104CBC076D1,12,TCGA-MP-A4TH-01,12,19,1,0,0.689976,0.9642857137765923,0.9904241646222435,49.7594523934155,50.2405476065845,stroma-high,0.502405476065845,0.59208200748835,True,45.35575637737737,True,5.625031493115063,True,,False,,,,13,TCGA-MP-A4TH-01,TCGA-MP-A4TH,Female,Stage IA,70,0:LIVING,24.34,0,I,matched
TCGA-MP-A4TH,TCGA-MP-A4TH-01Z-00-DX1.E89D2C19-F9B2-4BF2-AA5F-6104CBC076D1,13,TCGA-MP-A4TH-01,13,20,1,0,0.295704,0.958333340840909,0.25298141713783406,20.190356670709097,79.8096433292909,stroma-high,0.798096433292909,0.7694924589378686,True,16.469969812478574,True,27.261530605927348,True,,False,,,,14,TCGA-MP-A4TH-01,TCGA-MP-A4TH,Female,Stage IA,70,0:LIVING,24.34,0,I,matched
TCGA-MP-A4TH,TCGA-MP-A4TH-01Z-00-DX1.E89D2C19-F9B2-4BF2-AA5F-6104CBC076D1,14,TCGA-MP-A4TH-01,14,21,1,0,0.49284,1.0000000002177332,0.2547820191798798,20.3048828629537,79.6951171370463,stroma-high,0.796951171370463,0.8079087961123405,True,19.763686564625893,True,13.90539810447325,True,,False,,,,15,TCGA-MP-A4TH-01,TCGA-MP-A4TH,Female,Stage IA,70,0:LIVING,24.34,0,I,matched
TCGA-MP-A4TJ,TCGA-MP-A4TJ-01Z-00-DX1.14EDBE5C-5D0C-4002-BE95-AF5C9D9F3D43,1,TCGA-MP-A4TJ-01,1,1;2;3;4;6;8;9;10;11;13;14;16;17;18;19;20;21;22;23;24;25;27;29;30;31;33;35;36;37;38;39;40;42;43;44;45;48;50;53;58,40,74,68.492439,0.9922647957734608,0.6971745661360653,41.078541951245086,58.921458048754914,stroma-high,0.5892145804875492,0.5842382376737144,True,24.28367714655211,True,19.690666057074548,True,14.724495365064602,True,465.51319755076406,450.8499995686766,998.9999999999999,2,TCGA-MP-A4TJ-01,TCGA-MP-A4TJ,Female,Stage IA,62,1:DECEASED,11.14,1,I,matched
TCGA-MP-A4TJ,TCGA-MP-A4TJ-01Z-00-DX1.14EDBE5C-5D0C-4002-BE95-AF5C9D9F3D43,2,TCGA-MP-A4TJ-01,2,5;7,2,1,1.527804,0.9919354808949397,0.6268356276398787,38.53097491780755,61.46902508219244,stroma-high,0.6146902508219244,0.6117503447242864,True,33.78676730074625,True,27.545691523457837,True,41.84689273805636,True,222.0,222.0,222.0,3,TCGA-MP-A4TJ-01,TCGA-MP-A4TJ,Female,Stage IA,62,1:DECEASED,11.14,1,I,matched
TCGA-MP-A4TJ,TCGA-MP-A4TJ-01Z-00-DX1.14EDBE5C-5D0C-4002-BE95-AF5C9D9F3D43,3,TCGA-MP-A4TJ-01,3,12,1,0,0.579087,1.0000000003560576,0.23194294392051248,18.827409586224956,81.17259041377505,stroma-high,0.8117259041377505,0.755142655811121,True,20.106634063513916,True,41.976007067964424,True,,False,,,,4,TCGA-MP-A4TJ-01,TCGA-MP-A4TJ,Female,Stage IA,62,1:DECEASED,11.14,1,I,matched
TCGA-MP-A4TJ,TCGA-MP-A4TJ-01Z-00-DX1.14EDBE5C-5D0C-4002-BE95-AF5C9D9F3D43,4,TCGA-MP-A4TJ-01,4,15;26;28;32;34;41;46;47;52;56,10,11,102.301263,0.9993978078269391,0.6818666111943393,40.542252676633325,59.45774732336666,stroma-high,0.5945774732336666,0.5627728684805839,True,18.028716669033557,True,19.93414222964933,True,29.068500151359274,True,334.5614772586454,333.00056553522495,555.0402333690103,5,TCGA-MP-A4TJ-01,TCGA-MP-A4TJ,Female,Stage IA,62,1:DECEASED,11.14,1,I,matched
TCGA-MP-A4TJ,TCGA-MP-A4TJ-01Z-00-DX1.14EDBE5C-5D0C-4002-BE95-AF5C9D9F3D43,5,TCGA-MP-A4TJ-01,5,49;54;55;59;60;61;63;64;65;66;67;68;70,13,20,14.206113,0.9930615778048599,0.6786306552176126,40.42763386384344,59.57236613615655,stroma-high,0.5957236613615655,0.6227391598509046,True,45.456886785504565,True,31.212366908887052,True,41.00439569259163,True,490.62068047271777,450.8499995686768,999.000188511884,6,TCGA-MP-A4TJ-01,TCGA-MP-A4TJ,Female,Stage IA,62,1:DECEASED,11.14,1,I,matched
TCGA-MP-A4TJ,TCGA-MP-A4TJ-01Z-00-DX1.14EDBE5C-5D0C-4002-BE95-AF5C9D9F3D43,6,TCGA-MP-A4TJ-01,6,51,1,0,0.24642,1.0000000048406037,0.3091823863812143,23.616448678006048,76.38355132199395,stroma-high,0.7638355132199395,0.7271690201123912,True,1.2817478074748152,True,20.692344821027444,True,,False,,,,7,TCGA-MP-A4TJ-01,TCGA-MP-A4TJ,Female,Stage IA,62,1:DECEASED,11.14,1,I,matched
TCGA-MP-A4TJ,TCGA-MP-A4TJ-01Z-00-DX1.14EDBE5C-5D0C-4002-BE95-AF5C9D9F3D43,7,TCGA-MP-A4TJ-01,7,57,1,0,0.36963,1.0000000026358369,0.40406529453147,28.778241019503632,71.22175898049636,stroma-high,0.7122175898049636,0.7144311766960486,True,14.037717724074513,True,12.310822141272572,True,,False,,,,8,TCGA-MP-A4TJ-01,TCGA-MP-A4TJ,Female,Stage IA,62,1:DECEASED,11.14,1,I,matched
TCGA-MP-A4TJ,TCGA-MP-A4TJ-01Z-00-DX1.14EDBE5C-5D0C-4002-BE95-AF5C9D9F3D43,8,TCGA-MP-A4TJ-01,8,62,1,0,0.24642,0.999999993655365,0.36632337834543977,26.81088416923979,73.18911583076022,stroma-high,0.7318911583076021,0.7568566742967814,True,33.69648407858999,True,23.18744916107816,True,,False,,,,9,TCGA-MP-A4TJ-01,TCGA-MP-A4TJ,Female,Stage IA,62,1:DECEASED,11.14,1,I,matched
TCGA-MP-A4TJ,TCGA-MP-A4TJ-01Z-00-DX1.14EDBE5C-5D0C-4002-BE95-AF5C9D9F3D43,9,TCGA-MP-A4TJ-01,9,69,1,0,0.197136,1.0000000009658834,0.521771927792184,34.28713056556252,65.71286943443748,stroma-high,0.6571286943443748,0.7348404872066646,True,58.03017131448672,True,33.797655675759856,True,,False,,,,10,TCGA-MP-A4TJ-01,TCGA-MP-A4TJ,Female,Stage IA,62,1:DECEASED,11.14,1,I,matched
TCGA-MP-A5C7,TCGA-MP-A5C7-01Z-00-DX1.26E5FA5A-3E6D-4CD3-8FA2-F331B7012311,1,TCGA-MP-A5C7-01,1,1;2;4;5;6;8;10;11;13,9,10,93.713526,0.9663423612973822,2.0771584994551193,67.50248646024984,32.49751353975015,stroma-low,0.3249751353975015,0.3301562552802964,True,16.776629137155663,True,3.0268943798650834,True,8.416073973949887,True,425.3453634561997,378.9980263284224,800.4722357662174,2,TCGA-MP-A5C7-01,TCGA-MP-A5C7,Female,Stage IB,76,0:LIVING,73.85,0,I,matched
TCGA-MP-A5C7,TCGA-MP-A5C7-01Z-00-DX1.26E5FA5A-3E6D-4CD3-8FA2-F331B7012311,2,TCGA-MP-A5C7-01,2,3;9,2,1,0.61605,0.8999999976585967,0.39533551843696574,28.332649259857927,71.66735074014208,stroma-high,0.7166735074014208,0.7173975138402017,True,4.364105553914191,True,2.8398780324289086,True,0.0,True,710.7871836031414,710.7871836031414,710.7871836031414,3,TCGA-MP-A5C7-01,TCGA-MP-A5C7,Female,Stage IB,76,0:LIVING,73.85,0,I,matched
TCGA-MP-A5C7,TCGA-MP-A5C7-01Z-00-DX1.26E5FA5A-3E6D-4CD3-8FA2-F331B7012311,3,TCGA-MP-A5C7-01,3,7,1,0,3.018645,0.7428571434066559,0.596055054575332,37.34551968408925,62.654480315910746,stroma-high,0.6265448031591074,0.6268947396266562,True,1.0806677244930816,True,0.36883802389512266,True,,False,,,,4,TCGA-MP-A5C7-01,TCGA-MP-A5C7,Female,Stage IB,76,0:LIVING,73.85,0,I,matched
TCGA-MP-A5C7,TCGA-MP-A5C7-01Z-00-DX1.26E5FA5A-3E6D-4CD3-8FA2-F331B7012311,4,TCGA-MP-A5C7-01,4,12,1,0,1.10889,0.9777777785401365,1.486005550766869,59.77482835098555,40.22517164901445,stroma-low,0.40225171649014446,0.4466514402246732,True,29.24876029847749,True,3.9860479039943395,True,,False,,,,5,TCGA-MP-A5C7-01,TCGA-MP-A5C7,Female,Stage IB,76,0:LIVING,73.85,0,I,matched
TCGA-NJ-A4YF,TCGA-NJ-A4YF-01Z-00-DX1.4A3DE76A-9F1E-4766-A013-5E7E3A665071,1,TCGA-NJ-A4YF-01,1,1,1,0,0.53968475,1.0000000016441597,0.6204132995732227,38.28734926679659,61.71265073320341,stroma-high,0.6171265073320341,0.5812533803393329,True,10.51647612856119,True,25.049237028158522,True,,False,,,,2,TCGA-NJ-A4YF-01,TCGA-NJ-A4YF,Female,Stage IA,50,0:LIVING,70.99,0,I,matched
TCGA-NJ-A4YF,TCGA-NJ-A4YF-01Z-00-DX1.4A3DE76A-9F1E-4766-A013-5E7E3A665071,2,TCGA-NJ-A4YF-01,2,2,1,0,0.5274191875,0.9999999959878595,0.636572090918682,38.89667277420973,61.10332722579026,stroma-high,0.6110332722579026,0.5986501482751962,True,10.17405353771214,True,15.378372401429138,True,,False,,,,3,TCGA-NJ-A4YF-01,TCGA-NJ-A4YF,Female,Stage IA,50,0:LIVING,70.99,0,I,matched
TCGA-NJ-A4YF,TCGA-NJ-A4YF-01Z-00-DX1.4A3DE76A-9F1E-4766-A013-5E7E3A665071,3,TCGA-NJ-A4YF-01,3,3,1,0,0.613278125,1.0000000021565938,0.4679459672001996,31.87760160496294,68.12239839503707,stroma-high,0.6812239839503706,0.6106453135826105,True,15.129520826239212,True,40.30857456012741,True,,False,,,,4,TCGA-NJ-A4YF-01,TCGA-NJ-A4YF,Female,Stage IA,50,0:LIVING,70.99,0,I,matched
TCGA-NJ-A4YF,TCGA-NJ-A4YF-01Z-00-DX1.4A3DE76A-9F1E-4766-A013-5E7E3A665071,4,TCGA-NJ-A4YF-01,4,4;5;9;14,4,3,99.93980325,0.9888316147660462,1.3000428270628337,56.522548700668985,43.47745129933103,stroma-low,0.43477451299331027,0.43422356709400817,True,26.156345140651542,True,6.055134626208429,True,24.712225148424054,True,190.5862008250671,110.75,350.25860247520137,5,TCGA-NJ-A4YF-01,TCGA-NJ-A4YF,Female,Stage IA,50,0:LIVING,70.99,0,I,matched
TCGA-NJ-A4YF,TCGA-NJ-A4YF-01Z-00-DX1.4A3DE76A-9F1E-4766-A013-5E7E3A665071,5,TCGA-NJ-A4YF-01,5,6,1,0,0.4906225,0.9999999979016138,0.5307613199763048,34.67302923387957,65.32697076612044,stroma-high,0.6532697076612044,0.6944189587516376,True,39.05867272663162,True,25.18217385424353,True,,False,,,,6,TCGA-NJ-A4YF-01,TCGA-NJ-A4YF,Female,Stage IA,50,0:LIVING,70.99,0,I,matched
TCGA-NJ-A4YF,TCGA-NJ-A4YF-01Z-00-DX1.4A3DE76A-9F1E-4766-A013-5E7E3A665071,6,TCGA-NJ-A4YF-01,6,7;8,2,1,0.6255436875,1.0000000013508314,0.6310556631150462,38.69001392079008,61.309986079209935,stroma-high,0.6130998607920993,0.6198804962803597,True,42.77199543712541,True,37.606514552884384,True,24.058734051439544,True,221.5,221.5,221.5,7,TCGA-NJ-A4YF-01,TCGA-NJ-A4YF,Female,Stage IA,50,0:LIVING,70.99,0,I,matched
TCGA-NJ-A4YF,TCGA-NJ-A4YF-01Z-00-DX1.4A3DE76A-9F1E-4766-A013-5E7E3A665071,7,TCGA-NJ-A4YF-01,7,10,1,0,3.5938098125,0.59726962469635,1.3570705322140475,57.574455819924985,42.425544180075015,stroma-low,0.42425544180075014,0.43201477841221275,True,14.254188980761437,True,5.005171506310866,True,,False,,,,8,TCGA-NJ-A4YF-01,TCGA-NJ-A4YF,Female,Stage IA,50,0:LIVING,70.99,0,I,matched
TCGA-NJ-A4YF,TCGA-NJ-A4YF-01Z-00-DX1.4A3DE76A-9F1E-4766-A013-5E7E3A665071,8,TCGA-NJ-A4YF-01,8,11;15,2,1,98.3084834375,0.9900187145449848,1.2914451204738568,56.35941742330682,43.64058257669318,stroma-low,0.43640582576693177,0.43553408947144956,True,25.595105454524457,True,6.02805133162738,True,21.222224235471327,True,247.68308504790963,247.68308504790963,247.68308504790963,9,TCGA-NJ-A4YF-01,TCGA-NJ-A4YF,Female,Stage IA,50,0:LIVING,70.99,0,I,matched
TCGA-NJ-A4YF,TCGA-NJ-A4YF-01Z-00-DX1.4A3DE76A-9F1E-4766-A013-5E7E3A665071,9,TCGA-NJ-A4YF-01,9,12,1,0,0.5519503125,0.9999999981108381,0.5140648348606269,33.95263023250572,66.04736976749429,stroma-high,0.6604736976749429,0.7124396584597217,True,49.75843969337373,True,31.703642735797523,True,,False,,,,10,TCGA-NJ-A4YF-01,TCGA-NJ-A4YF,Female,Stage IA,50,0:LIVING,70.99,0,I,matched
TCGA-NJ-A4YF,TCGA-NJ-A4YF-01Z-00-DX1.4A3DE76A-9F1E-4766-A013-5E7E3A665071,10,TCGA-NJ-A4YF-01,10,13;19,2,1,97.68293975,0.9869412357134413,1.3376897230141525,57.22272335138524,42.77727664861475,stroma-low,0.42777276648614754,0.42694594833161476,True,26.25076524686846,True,6.0290071670352665,True,3.695862206039208,True,110.75,110.75,110.75,11,TCGA-NJ-A4YF-01,TCGA-NJ-A4YF,Female,Stage IA,50,0:LIVING,70.99,0,I,matched
TCGA-NJ-A4YF,TCGA-NJ-A4YF-01Z-00-DX1.4A3DE76A-9F1E-4766-A013-5E7E3A665071,11,TCGA-NJ-A4YF-01,11,16,1,0,0.2330456875,1.000000000813184,0.28017059948693,21.885411178730205,78.1145888212698,stroma-high,0.781145888212698,0.7717446769872357,True,13.358304990294897,True,17.942382909742356,True,,False,,,,12,TCGA-NJ-A4YF-01,TCGA-NJ-A4YF,Female,Stage IA,50,0:LIVING,70.99,0,I,matched
TCGA-NJ-A4YF,TCGA-NJ-A4YF-01Z-00-DX1.4A3DE76A-9F1E-4766-A013-5E7E3A665071,12,TCGA-NJ-A4YF-01,12,17,1,0,0.2575768125,1.000000000873808,0.19630364200605568,16.409182009751166,83.59081799024884,stroma-high,0.8359081799024883,0.805869826422725,True,10.56462923710745,True,33.359994455399104,True,,False,,,,13,TCGA-NJ-A4YF-01,TCGA-NJ-A4YF,Female,Stage IA,50,0:LIVING,70.99,0,I,matched
TCGA-NJ-A4YF,TCGA-NJ-A4YF-01Z-00-DX1.4A3DE76A-9F1E-4766-A013-5E7E3A665071,13,TCGA-NJ-A4YF-01,13,18,1,0,0.2943735,1.0000000029109894,0.802231671773139,44.51323791151986,55.48676208848015,stroma-high,0.5548676208848015,0.5731558951349838,True,23.94897726842096,True,4.44183317826838,True,,False,,,,14,TCGA-NJ-A4YF-01,TCGA-NJ-A4YF,Female,Stage IA,50,0:LIVING,70.99,0,I,matched
TCGA-NJ-A4YF,TCGA-NJ-A4YF-01Z-00-DX1.4A3DE76A-9F1E-4766-A013-5E7E3A665071,14,TCGA-NJ-A4YF-01,14,20,1,0,0.417029125,1.0000000016683344,0.416795902436324,29.418203547850556,70.58179645214945,stroma-high,0.7058179645214945,0.7077399489693277,True,12.358342573484109,True,10.061890160346955,True,,False,,,,15,TCGA-NJ-A4YF-01,TCGA-NJ-A4YF,Female,Stage IA,50,0:LIVING,70.99,0,I,matched
TCGA-NJ-A4YF,TCGA-NJ-A4YF-01Z-00-DX1.4A3DE76A-9F1E-4766-A013-5E7E3A665071,15,TCGA-NJ-A4YF-01,15,21,1,0,0.4292946875,0.9999999996806894,0.5095618840801592,33.75561409267147,66.24438590732854,stroma-high,0.6624438590732853,0.669290793825894,True,9.477999411908963,True,3.96985562913712,True,,False,,,,16,TCGA-NJ-A4YF-01,TCGA-NJ-A4YF,Female,Stage IA,50,0:LIVING,70.99,0,I,matched
TCGA-NJ-A4YF,TCGA-NJ-A4YF-01Z-00-DX1.4A3DE76A-9F1E-4766-A013-5E7E3A665071,16,TCGA-NJ-A4YF-01,16,22,1,0,0.1349211875,0.9999999991401141,0.49264725325729164,33.00493483522143,66.99506516477858,stroma-high,0.6699506516477858,0.6621337735013259,True,3.864231365822442,True,4.9852770212343165,True,,False,,,,17,TCGA-NJ-A4YF-01,TCGA-NJ-A4YF,Female,Stage IA,50,0:LIVING,70.99,0,I,matched
TCGA-NJ-A4YI,TCGA-NJ-A4YI-01Z-00-DX1.C4111D01-27BF-486F-8E0E-C8053DB16133,1,TCGA-NJ-A4YI-01,1,1;3;11;14;18;21;30,7,8,102.221197875,0.9350851932543982,0.9047227608055587,47.49892107253063,52.50107892746937,stroma-high,0.5250107892746937,0.5141739695394484,True,10.019972305688922,True,6.9900730860828295,True,0.8183260290891268,True,186.51457440060625,110.75000000000001,443.00042510902813,2,TCGA-NJ-A4YI-01,TCGA-NJ-A4YI,Female,Stage IIIA,87,1:DECEASED,0.13,1,III,matched
TCGA-NJ-A4YI,TCGA-NJ-A4YI-01Z-00-DX1.C4111D01-27BF-486F-8E0E-C8053DB16133,2,TCGA-NJ-A4YI-01,2,2;5;6;15;16;17;20;22;24;25,10,12,113.603639875,0.9655581948498958,0.8438900939065762,45.76683267052322,54.233167329476785,stroma-high,0.5423316732947678,0.5281495233040234,True,10.05286163619649,True,8.310562905615287,True,16.702671889922875,True,370.5830973342648,322.7697563437422,843.4846065827567,3,TCGA-NJ-A4YI-01,TCGA-NJ-A4YI,Female,Stage IIIA,87,1:DECEASED,0.13,1,III,matched
TCGA-NJ-A4YI,TCGA-NJ-A4YI-01Z-00-DX1.C4111D01-27BF-486F-8E0E-C8053DB16133,3,TCGA-NJ-A4YI-01,3,4,1,0,0.2330456875,1.0000000058085117,0.3754672156954241,27.297431113659158,72.70256888634083,stroma-high,0.7270256888634083,0.7683966154063971,True,36.220263566755925,True,17.552137045639757,True,,False,,,,4,TCGA-NJ-A4YI-01,TCGA-NJ-A4YI,Female,Stage IIIA,87,1:DECEASED,0.13,1,III,matched
TCGA-NJ-A4YI,TCGA-NJ-A4YI-01Z-00-DX1.C4111D01-27BF-486F-8E0E-C8053DB16133,4,TCGA-NJ-A4YI-01,4,7;26;28,3,2,130.2970704375,0.9646051020873097,0.8449100957917777,45.796816751071475,54.203183248928525,stroma-high,0.5420318324892852,0.5284713573645812,True,10.685982658366155,True,7.929533532903614,True,5.204964978613405,True,110.75,110.75,110.75,5,TCGA-NJ-A4YI-01,TCGA-NJ-A4YI,Female,Stage IIIA,87,1:DECEASED,0.13,1,III,matched
TCGA-NJ-A4YI,TCGA-NJ-A4YI-01Z-00-DX1.C4111D01-27BF-486F-8E0E-C8053DB16133,5,TCGA-NJ-A4YI-01,5,8;10,2,1,0.9935105625,0.6913580238123819,0.5343274834584701,34.82486556612168,65.17513443387833,stroma-high,0.6517513443387832,0.6524165122200463,True,1.0651976258803324,True,0.40418159598940806,True,0.0,True,110.75,110.75,110.75,6,TCGA-NJ-A4YI-01,TCGA-NJ-A4YI,Female,Stage IIIA,87,1:DECEASED,0.13,1,III,matched
TCGA-NJ-A4YI,TCGA-NJ-A4YI-01Z-00-DX1.C4111D01-27BF-486F-8E0E-C8053DB16133,6,TCGA-NJ-A4YI-01,6,9;12,2,1,2.2445979375,0.8688524587686233,0.40096739847011154,28.62075155410305,71.37924844589695,stroma-high,0.7137924844589695,0.7107839736153132,True,6.587262525694941,True,6.401271585428936,True,0.06447481404605736,True,443.0,443.0,443.0,7,TCGA-NJ-A4YI-01,TCGA-NJ-A4YI,Female,Stage IIIA,87,1:DECEASED,0.13,1,III,matched
TCGA-NJ-A4YI,TCGA-NJ-A4YI-01Z-00-DX1.C4111D01-27BF-486F-8E0E-C8053DB16133,7,TCGA-NJ-A4YI-01,7,13,1,0,0.564215875,0.9130434750088329,0.2540454158357687,20.25807140855884,79.74192859144115,stroma-high,0.7974192859144116,0.8002097373945739,True,2.588726181324458,True,0.0,True,,False,,,,8,TCGA-NJ-A4YI-01,TCGA-NJ-A4YI,Female,Stage IIIA,87,1:DECEASED,0.13,1,III,matched
TCGA-NJ-A4YI,TCGA-NJ-A4YI-01Z-00-DX1.C4111D01-27BF-486F-8E0E-C8053DB16133,8,TCGA-NJ-A4YI-01,8,19;27,2,1,1.1652284375,0.9789473700821538,0.3123445063774227,23.800496352868052,76.19950364713195,stroma-high,0.7619950364713195,0.7379504586865839,True,5.696990021997983,True,19.181991355289288,True,3.3318478241111773,True,798.669460128575,798.669460128575,798.669460128575,9,TCGA-NJ-A4YI-01,TCGA-NJ-A4YI,Female,Stage IIIA,87,1:DECEASED,0.13,1,III,matched
TCGA-NJ-A4YI,TCGA-NJ-A4YI-01Z-00-DX1.C4111D01-27BF-486F-8E0E-C8053DB16133,9,TCGA-NJ-A4YI-01,9,23,1,0,0.14718675,0.9999999977104986,0.4690055347185412,31.926737077161643,68.07326292283835,stroma-high,0.6807326292283835,0.6836601410812411,True,1.8663569916117493,True,0.0,True,,False,,,,10,TCGA-NJ-A4YI-01,TCGA-NJ-A4YI,Female,Stage IIIA,87,1:DECEASED,0.13,1,III,matched
TCGA-NJ-A4YI,TCGA-NJ-A4YI-01Z-00-DX1.C4111D01-27BF-486F-8E0E-C8053DB16133,10,TCGA-NJ-A4YI-01,10,29,1,0,27.2418143125,0.9045475009435573,1.2661514032567245,55.87232174501302,44.12767825498699,stroma-low,0.4412767825498699,0.4294267586662435,True,13.116870542699807,True,8.302123601663828,True,,False,,,,11,TCGA-NJ-A4YI-01,TCGA-NJ-A4YI,Female,Stage IIIA,87,1:DECEASED,0.13,1,III,matched
TCGA-NJ-A4YI,TCGA-NJ-A4YI-01Z-00-DX1.C4111D01-27BF-486F-8E0E-C8053DB16133,11,TCGA-NJ-A4YI-01,11,31,1,0,0.2085145625,0.6470588244881261,0.9667970629734302,49.15591349886467,50.84408650113533,stroma-high,0.5084408650113533,0.5090338686252387,True,2.8290789625647785,True,1.8886053014923494,True,,False,,,,12,TCGA-NJ-A4YI-01,TCGA-NJ-A4YI,Female,Stage IIIA,87,1:DECEASED,0.13,1,III,matched
TCGA-NJ-A55A,TCGA-NJ-A55A-01Z-00-DX1.42C356FE-52A3-4A60-886B-75F84ADBC534,1,TCGA-NJ-A55A-01,1,1,1,0,0.2943735,0.708333334500973,0.19669463286138653,16.4364932757386,83.56350672426139,stroma-high,0.8356350672426139,0.8093693260863637,True,1.7455552232438882,True,21.471096281199355,True,,False,,,,2,TCGA-NJ-A55A-01,TCGA-NJ-A55A,Female,Stage IB,76,0:LIVING,0.49,0,I,matched
TCGA-NJ-A55A,TCGA-NJ-A55A-01Z-00-DX1.42C356FE-52A3-4A60-886B-75F84ADBC534,2,TCGA-NJ-A55A-01,2,2,1,0,0.3066390625,0.6800000015363912,0.3224073844877582,24.38033757748899,75.619662422511,stroma-high,0.75619662422511,0.7551436212985242,True,3.932458398927088,True,4.459500682948753,True,,False,,,,3,TCGA-NJ-A55A-01,TCGA-NJ-A55A,Female,Stage IB,76,0:LIVING,0.49,0,I,matched
TCGA-NJ-A55A,TCGA-NJ-A55A-01Z-00-DX1.42C356FE-52A3-4A60-886B-75F84ADBC534,3,TCGA-NJ-A55A-01,3,3,1,0,0.4783569375,0.6923076911745085,0.2420171276718573,19.48581241592979,80.51418758407021,stroma-high,0.8051418758407022,0.7939204828401417,True,1.1288493066662706,True,9.311513302574124,True,,False,,,,4,TCGA-NJ-A55A-01,TCGA-NJ-A55A,Female,Stage IB,76,0:LIVING,0.49,0,I,matched
TCGA-NJ-A55A,TCGA-NJ-A55A-01Z-00-DX1.42C356FE-52A3-4A60-886B-75F84ADBC534,4,TCGA-NJ-A55A-01,4,4;7;10;11;12;15;16;18;19;21;22;23;24;27;28;30;36;38;40;41;43;44,22,36,36.0116915,0.9802452322698625,0.33150538138853536,24.89703654391777,75.10296345608222,stroma-high,0.7510296345608223,0.7451344282694863,True,9.792724360266343,True,9.520287807280338,True,12.396027791704915,True,505.332566169602,443.00021255451406,990.6166703221432,5,TCGA-NJ-A55A-01,TCGA-NJ-A55A,Female,Stage IB,76,0:LIVING,0.49,0,I,matched
TCGA-NJ-A55A,TCGA-NJ-A55A-01Z-00-DX1.42C356FE-52A3-4A60-886B-75F84ADBC534,5,TCGA-NJ-A55A-01,5,5;6;8;9;13;14;17;20;25;26;29;31;32;33;34;35;37;39;42,19,28,38.1091026875,0.9858384291377151,0.3450894712937967,25.655503121429284,74.34449687857072,stroma-high,0.7434449687857072,0.7311871677936981,True,10.345229204947302,True,12.732380254466575,True,10.798852136984328,True,529.1686615862432,505.2295159747638,952.7476121828555,6,TCGA-NJ-A55A-01,TCGA-NJ-A55A,Female,Stage IB,76,0:LIVING,0.49,0,I,matched
TCGA-NJ-A55A,TCGA-NJ-A55A-01Z-00-DX1.42C356FE-52A3-4A60-886B-75F84ADBC534,6,TCGA-NJ-A55A-01,6,45,1,0,0.63780925,0.9423076977932046,0.3170165829479905,24.070811791783612,75.92918820821637,stroma-high,0.7592918820821638,0.7355665726058727,True,24.300063059844103,True,32.88079966214894,True,,False,,,,7,TCGA-NJ-A55A-01,TCGA-NJ-A55A,Female,Stage IB,76,0:LIVING,0.49,0,I,matched
TCGA-NJ-A55O,TCGA-NJ-A55O-01Z-00-DX1.8E23C821-B8BB-4D89-9E38-E97424A685CE,1,TCGA-NJ-A55O-01,1,1;2,2,1,0.8708549375,0.9999999974752428,0.46616787733830506,31.79498640937289,68.20501359062712,stroma-high,0.6820501359062712,0.7414482702287277,True,40.142676043246766,True,11.439642578893192,True,34.61181999389386,True,886.0,886.0,886.0,2,TCGA-NJ-A55O-01,TCGA-NJ-A55O,Female,Stage IIA,56,0:LIVING,0.43,0,II,matched
TCGA-NJ-A55O,TCGA-NJ-A55O-01Z-00-DX1.8E23C821-B8BB-4D89-9E38-E97424A685CE,2,TCGA-NJ-A55O-01,2,3;4,2,1,0.760464875,0.9999999964454894,0.33839138093363635,25.283439937993396,74.7165600620066,stroma-high,0.747165600620066,0.8281502079922015,True,47.55108005944248,True,11.682210558318037,True,44.674428281690496,True,886.0002125545906,886.0002125545906,886.0002125545906,3,TCGA-NJ-A55O-01,TCGA-NJ-A55O,Female,Stage IIA,56,0:LIVING,0.43,0,II,matched
TCGA-NJ-A55O,TCGA-NJ-A55O-01Z-00-DX1.8E23C821-B8BB-4D89-9E38-E97424A685CE,3,TCGA-NJ-A55O-01,3,5;12;16;21;22;25;26,7,8,29.7685201875,0.9674495261673768,1.0148721325280838,50.36905896627355,49.63094103372646,stroma-low,0.4963094103372646,0.5010987404410342,True,20.82393276562031,True,7.497433404166788,True,24.132091360409788,True,393.95583568911604,391.6010218920684,775.25,4,TCGA-NJ-A55O-01,TCGA-NJ-A55O,Female,Stage IIA,56,0:LIVING,0.43,0,II,matched
TCGA-NJ-A55O,TCGA-NJ-A55O-01Z-00-DX1.8E23C821-B8BB-4D89-9E38-E97424A685CE,4,TCGA-NJ-A55O-01,4,6,1,0,0.73593375,1.0000000023729625,1.5474127576467769,60.74448488968981,39.25551511031019,stroma-low,0.3925551511031019,0.41913649129853797,True,37.04492725683742,True,11.108529455050643,True,,False,,,,5,TCGA-NJ-A55O-01,TCGA-NJ-A55O,Female,Stage IIA,56,0:LIVING,0.43,0,II,matched
TCGA-NJ-A55O,TCGA-NJ-A55O-01Z-00-DX1.8E23C821-B8BB-4D89-9E38-E97424A685CE,5,TCGA-NJ-A55O-01,5,7,1,0,0.171717875,1.0000000043676534,0.5983494540101458,37.43545896730714,62.564541032692865,stroma-high,0.6256454103269287,0.634610251358426,True,7.2913755023378615,True,2.4713321371000263,True,,False,,,,6,TCGA-NJ-A55O-01,TCGA-NJ-A55O,Female,Stage IIA,56,0:LIVING,0.43,0,II,matched
TCGA-NJ-A55O,TCGA-NJ-A55O-01Z-00-DX1.8E23C821-B8BB-4D89-9E38-E97424A685CE,6,TCGA-NJ-A55O-01,6,8;13;14;15;17;18;19;23;24;27,10,11,8.266989125,0.959940653183963,0.5827711680717259,36.819672977851255,63.18032702214875,stroma-high,0.6318032702214875,0.6502521169919167,True,22.149382841322442,True,11.186113186389582,True,30.026944375454946,True,487.71092401286836,443.00042510902813,996.75,7,TCGA-NJ-A55O-01,TCGA-NJ-A55O,Female,Stage IIA,56,0:LIVING,0.43,0,II,matched
TCGA-NJ-A55O,TCGA-NJ-A55O-01Z-00-DX1.8E23C821-B8BB-4D89-9E38-E97424A685CE,7,TCGA-NJ-A55O-01,7,9,1,0,0.73593375,0.9999999999929665,0.6206465965928809,38.2962329910592,61.703767008940815,stroma-high,0.6170376700894081,0.6612205591097188,True,31.021219217801594,True,10.984614148454884,True,,False,,,,8,TCGA-NJ-A55O-01,TCGA-NJ-A55O,Female,Stage IIA,56,0:LIVING,0.43,0,II,matched
TCGA-NJ-A55O,TCGA-NJ-A55O-01Z-00-DX1.8E23C821-B8BB-4D89-9E38-E97424A685CE,8,TCGA-NJ-A55O-01,8,10,1,0,0.269842375,0.9545454508137151,0.6591836930750752,39.729398006158455,60.270601993841545,stroma-high,0.6027060199384154,0.6222565453266561,True,11.939718341552963,True,0.4426090489122921,True,,False,,,,9,TCGA-NJ-A55O-01,TCGA-NJ-A55O,Female,Stage IIA,56,0:LIVING,0.43,0,II,matched
TCGA-NJ-A55O,TCGA-NJ-A55O-01Z-00-DX1.8E23C821-B8BB-4D89-9E38-E97424A685CE,9,TCGA-NJ-A55O-01,9,11,1,0,16.509447125,0.9561664193048695,0.9611224346136437,49.008793008020035,50.991206991979965,stroma-high,0.5099120699197996,0.5121941409250672,True,17.318790992788553,True,6.809886996514653,True,,False,,,,10,TCGA-NJ-A55O-01,TCGA-NJ-A55O,Female,Stage IIA,56,0:LIVING,0.43,0,II,matched
TCGA-NJ-A55O,TCGA-NJ-A55O-01Z-00-DX1.8E23C821-B8BB-4D89-9E38-E97424A685CE,10,TCGA-NJ-A55O-01,10,20,1,0,0.2330456875,0.6842105313270096,0.5162440796430636,34.04755781566459,65.9524421843354,stroma-high,0.659524421843354,0.6677157904409728,True,15.125471601648949,True,0.9476827092472063,True,,False,,,,11,TCGA-NJ-A55O-01,TCGA-NJ-A55O,Female,Stage IIA,56,0:LIVING,0.43,0,II,matched
TCGA-O1-A52J,TCGA-O1-A52J-01Z-00-DX1.26F6ECCA-D614-4950-98E6-4D76E82F71B4,1,TCGA-O1-A52J-01,1,1,1,0,0.2575768125,0.6190476221882342,111.62362190780594,99.11208680465046,0.8879131953495539,stroma-low,0.00887913195349554,0.010315152699061057,True,34.8087595954551,False,17.91302380103149,True,,False,,,,2,TCGA-O1-A52J-01,TCGA-O1-A52J,Female,Stage IA,74,1:DECEASED,59.07,1,I,matched
TCGA-O1-A52J,TCGA-O1-A52J-01Z-00-DX1.26F6ECCA-D614-4950-98E6-4D76E82F71B4,2,TCGA-O1-A52J-01,2,2;3;4;6,4,3,84.0558998125,0.9552021016584612,0.7455038667577542,42.709952178021574,57.290047821978426,stroma-high,0.5729004782197843,0.5160906756690415,True,27.354725558060554,True,26.15157483240962,True,11.145414997164766,True,458.37676097589696,399.3546564107065,865.0256265169843,3,TCGA-O1-A52J-01,TCGA-O1-A52J,Female,Stage IA,74,1:DECEASED,59.07,1,I,matched
TCGA-O1-A52J,TCGA-O1-A52J-01Z-00-DX1.26F6ECCA-D614-4950-98E6-4D76E82F71B4,3,TCGA-O1-A52J-01,3,5,1,0,0.2575768125,0.9999999972670117,0.29937658850611854,23.040017124697396,76.9599828753026,stroma-high,0.769599828753026,0.8439468698897008,True,56.18999250714142,True,20.97242076003952,True,,False,,,,4,TCGA-O1-A52J-01,TCGA-O1-A52J,Female,Stage IA,74,1:DECEASED,59.07,1,I,matched
TCGA-O1-A52J,TCGA-O1-A52J-01Z-00-DX1.26F6ECCA-D614-4950-98E6-4D76E82F71B4,4,TCGA-O1-A52J-01,4,7,1,0,10.9040850625,0.888638920460169,1.2158649905749015,54.87089672640425,45.129103273595746,stroma-low,0.45129103273595744,0.4353034960151381,True,39.90848620877558,True,17.905349514787453,True,,False,,,,5,TCGA-O1-A52J-01,TCGA-O1-A52J,Female,Stage IA,74,1:DECEASED,59.07,1,I,matched
TCGA-O1-A52J,TCGA-O1-A52J-01Z-00-DX1.26F6ECCA-D614-4950-98E6-4D76E82F71B4,5,TCGA-O1-A52J-01,5,8,1,0,0.3802324375,0.9999999971989911,0.298472312886329,22.98642103680018,77.01357896319982,stroma-high,0.7701357896319981,0.6970575632346702,True,20.57409777814736,True,49.997409790260484,True,,False,,,,6,TCGA-O1-A52J-01,TCGA-O1-A52J,Female,Stage IA,74,1:DECEASED,59.07,1,I,matched
TCGA-S2-AA1A,TCGA-S2-AA1A-01Z-00-DX1.4B5D5FAE-8305-4D2D-B245-584589352886,1,TCGA-S2-AA1A-01,1,1;3;5;6;7;8;9;10;11;12;13;14;15;16;17;19;20;21;22;27,20,28,113.039424,0.9878472217927718,0.9471440810924623,48.64273220916753,51.35726779083247,stroma-high,0.5135726779083247,0.5235039902034011,True,18.742547329943555,True,4.75274662514273,True,15.80778538112018,True,434.4366622710357,456.6687985804507,886.0002125545906,2,TCGA-S2-AA1A-01,TCGA-S2-AA1A,Female,Stage IA,68,0:LIVING,16.85,0,I,matched
TCGA-S2-AA1A,TCGA-S2-AA1A-01Z-00-DX1.4B5D5FAE-8305-4D2D-B245-584589352886,2,TCGA-S2-AA1A-01,2,2,1,0,0.3311701875,0.888888886135882,0.36265270566686914,26.613729540821655,73.38627045917833,stroma-high,0.7338627045917834,0.7452081920175707,True,13.375633317972882,True,8.051343695375584,True,,False,,,,3,TCGA-S2-AA1A-01,TCGA-S2-AA1A,Female,Stage IA,68,0:LIVING,16.85,0,I,matched
TCGA-S2-AA1A,TCGA-S2-AA1A-01Z-00-DX1.4B5D5FAE-8305-4D2D-B245-584589352886,3,TCGA-S2-AA1A-01,3,4,1,0,0.956713875,0.8461538452829701,0.9690559328256106,49.21424103148801,50.785758968512,stroma-high,0.50785758968512,0.5212846076488181,True,8.569138686838434,True,0.3700589484747121,True,,False,,,,4,TCGA-S2-AA1A-01,TCGA-S2-AA1A,Female,Stage IA,68,0:LIVING,16.85,0,I,matched
TCGA-S2-AA1A,TCGA-S2-AA1A-01Z-00-DX1.4B5D5FAE-8305-4D2D-B245-584589352886,4,TCGA-S2-AA1A-01,4,18;24,2,1,5.7280176875,0.9164882228286078,1.6718923862809882,62.57334295593013,37.42665704406987,stroma-low,0.37426657044069866,0.38548546642800846,True,15.033152997678304,True,2.8114670708463536,True,1.0135072269359102,True,553.75,553.75,553.75,5,TCGA-S2-AA1A-01,TCGA-S2-AA1A,Female,Stage IA,68,0:LIVING,16.85,0,I,matched
TCGA-S2-AA1A,TCGA-S2-AA1A-01Z-00-DX1.4B5D5FAE-8305-4D2D-B245-584589352886,5,TCGA-S2-AA1A-01,5,23,1,0,0.5274191875,0.8604651143368967,1.2281134658547541,55.11898225450662,44.88101774549339,stroma-low,0.4488101774549339,0.4918330560775748,True,31.62958298959712,True,6.482154343960778,True,,False,,,,6,TCGA-S2-AA1A-01,TCGA-S2-AA1A,Female,Stage IA,68,0:LIVING,16.85,0,I,matched
TCGA-S2-AA1A,TCGA-S2-AA1A-01Z-00-DX1.4B5D5FAE-8305-4D2D-B245-584589352886,6,TCGA-S2-AA1A-01,6,25,1,0,0.269842375,1.0000000040004537,0.4218094632119561,29.667087899321075,70.33291210067894,stroma-high,0.7033291210067893,0.7486483468798115,True,23.092075462097128,True,0.0,True,,False,,,,7,TCGA-S2-AA1A-01,TCGA-S2-AA1A,Female,Stage IA,68,0:LIVING,16.85,0,I,matched
TCGA-S2-AA1A,TCGA-S2-AA1A-01Z-00-DX1.4B5D5FAE-8305-4D2D-B245-584589352886,7,TCGA-S2-AA1A-01,7,26,1,0,0.2575768125,0.9999999961510184,1.025660515089392,50.63338636702063,49.36661363297937,stroma-low,0.4936661363297937,0.5299641930099573,True,22.982608526069008,True,7.522167337493838,True,,False,,,,8,TCGA-S2-AA1A-01,TCGA-S2-AA1A,Female,Stage IA,68,0:LIVING,16.85,0,I,matched
TCGA-S2-AA1A,TCGA-S2-AA1A-01Z-00-DX1.4B5D5FAE-8305-4D2D-B245-584589352886,8,TCGA-S2-AA1A-01,8,28;31,2,1,3.557013125,1.0000000006355425,0.843405531987955,45.75257681246156,54.24742318753842,stroma-high,0.5424742318753842,0.5663247332803648,True,22.32028562152064,True,4.347248480548436,True,15.503918415927734,True,700.4808531030706,700.4808531030706,700.4808531030706,9,TCGA-S2-AA1A-01,TCGA-S2-AA1A,Female,Stage IA,68,0:LIVING,16.85,0,I,matched
TCGA-S2-AA1A,TCGA-S2-AA1A-01Z-00-DX1.4B5D5FAE-8305-4D2D-B245-584589352886,9,TCGA-S2-AA1A-01,9,29;30;32,3,2,1.5822575625,0.9999999998813852,0.3589631041589578,26.414484915770743,73.58551508422924,stroma-high,0.7358551508422925,0.7500727049029734,True,19.296209778632054,True,12.110076731000822,True,15.82585952147714,True,583.8931320508091,583.8931320508091,946.2854138847856,10,TCGA-S2-AA1A-01,TCGA-S2-AA1A,Female,Stage IA,68,0:LIVING,16.85,0,I,matched
