patient_id,wsi_name,cluster_id,sample_id,n_roi_boxes,cluster_area_um2,cluster_area_mm2,til_area_total_um2,til_area_intratumoral_um2,til_fraction_intratumoral,til_area_extratumoral_um2,til_extratumoral_distance_aw_median_um,til_contact_area_um2,til_contact_fraction,immune_phenotype,til_pct_within_50um,til_pct_within_100um,til_pct_within_200um,source_row,clinical__sample_id,subject_id,SEX,AJCC_PATHOLOGIC_TUMOR_STAGE,AGE,OS_STATUS,OS_MONTHS,OS_Status,stage,clinical_match
TCGA-05-4249,TCGA-05-4249-01Z-00-DX1.9fce0297-cc19-4c04-872c-4466ee4024db,1,TCGA-05-4249-01,,60872490.57596758,60.87249057596758,1235282.93667936,25750.625,0.02084593272956707,1209532.31167936,54.60225499006428,10752.5274084632,0.008704505736449117,peritumoral,42.45638289045148,78.77397554470828,99.18385122473167,2,TCGA-05-4249-01,TCGA-05-4249,Male,Stage IB,67,0:LIVING,50.03,0,I,matched
TCGA-05-4249,TCGA-05-4249-01Z-00-DX1.9fce0297-cc19-4c04-872c-4466ee4024db,2,TCGA-05-4249-01,,284995.24930134625,0.28499524930134623,3600.59375,0.0,0.0,3600.59375,61.45488690901644,0.0,0.0,peritumoral,10.021784601498016,71.91175066612277,100.0,3,TCGA-05-4249-01,TCGA-05-4249,Male,Stage IB,67,0:LIVING,50.03,0,I,matched
TCGA-05-4384,TCGA-05-4384-01Z-00-DX1.CA68BF29-BBE3-4C8E-B48B-554431A9EE13,1,TCGA-05-4384-01,,2327047.2045159824,2.3270472045159822,52589.96875,23301.28125,0.4430746357878374,29288.6875,11.75,4430.9375,0.08425442352064527,immune-penetrated,78.80596287671307,90.96358086350831,97.1716920824373,2,TCGA-05-4384-01,TCGA-05-4384,Male,Stage IIIA,66,0:LIVING,13.99,0,III,matched
TCGA-05-4396,TCGA-05-4396-01Z-00-DX1.49DD5F68-7473-4945-B384-EA6D5AE383CB,1,TCGA-05-4396-01,,75927244.10542682,75.92724410542682,303476.18309524097,139876.1875,0.4609132290823039,163599.995595241,46.75501310020135,2400.65625,0.007910526043642093,immune-penetrated,51.903597998597306,57.053085708179964,63.17733071826276,2,TCGA-05-4396-01,TCGA-05-4396,Male,Stage IIIB,76,1:DECEASED,9.95,1,III,matched
TCGA-05-4396,TCGA-05-4396-01Z-00-DX1.49DD5F68-7473-4945-B384-EA6D5AE383CB,2,TCGA-05-4396-01,,22714782.118153587,22.714782118153586,65146.0,27656.65625,0.4245334517852209,37489.34375,31.049355870935553,170.4375,0.002616238909526295,immune-penetrated,57.168993491542075,71.43785689067633,76.22273431983545,3,TCGA-05-4396-01,TCGA-05-4396,Male,Stage IIIB,76,1:DECEASED,9.95,1,III,matched
TCGA-05-4403,TCGA-05-4403-01Z-00-DX1.fee8e988-956c-42a2-a6c5-06b6d6736295,1,TCGA-05-4403-01,,11503898.617147582,11.503898617147582,526932.1378414624,14938.0625,0.02834912017549858,511994.0753414623,53.32755502552128,8539.1875,0.01620547863142327,peritumoral,48.00285545983519,75.79234800381354,98.46805462237234,2,TCGA-05-4403-01,TCGA-05-4403,Male,Stage IB,76,0:LIVING,18.99,0,I,matched
TCGA-05-4403,TCGA-05-4403-01Z-00-DX1.fee8e988-956c-42a2-a6c5-06b6d6736295,2,TCGA-05-4403-01,,29693670.685077414,29.693670685077414,1379645.3874775958,13704.46875,0.009933326979808824,1365940.9187275958,40.49228321544736,60907.28176312246,0.04414705569702891,margin-localized,56.354315659427655,91.978284520985,98.15330979194319,3,TCGA-05-4403-01,TCGA-05-4403,Male,Stage IB,76,0:LIVING,18.99,0,I,matched
TCGA-05-4410,TCGA-05-4410-01Z-00-DX1.E5B66334-4949-4F45-9200-296B1A2F1AD5,1,TCGA-05-4410-01,,4126002.2215579436,4.126002221557943,188026.75,43179.3125,0.2296445186655622,144847.4375,10.746547410680325,17606.78125,0.09363976801173238,margin-localized,91.12724319810877,97.34726907208682,100.0,2,TCGA-05-4410-01,TCGA-05-4410,Male,Stage IB,62,0:LIVING,0,0,I,matched
TCGA-05-4420,TCGA-05-4420-01Z-00-DX1.2df0552e-87dc-491e-9be2-be8fbce2660d,1,TCGA-05-4420-01,,57418463.864356264,57.41846386435626,316744.5274305159,22666.34375,0.07156033265633076,294078.1836805159,44.62609417426087,12923.5625,0.04080121795580205,margin-localized,51.97894026233989,94.73995450366387,99.84806367330037,2,TCGA-05-4420-01,TCGA-05-4420,Male,Stage IB,41,0:LIVING,29.96,0,I,matched
TCGA-05-4422,TCGA-05-4422-01Z-00-DX1.4802093f-71ea-43d5-bd92-b4bd7fc8c5bf,1,TCGA-05-4422-01,,20078087.85632519,20.07808785632519,497044.64455134823,362227.39455134823,0.7287622923254886,134817.25,25.330703331135517,21842.125,0.04394399022187544,immune-penetrated,17.945256724476273,34.089285662245125,58.601618636141914,2,TCGA-05-4422-01,TCGA-05-4422,Male,Stage IB,68,0:LIVING,11.99,0,I,matched
TCGA-05-4422,TCGA-05-4422-01Z-00-DX1.4802093f-71ea-43d5-bd92-b4bd7fc8c5bf,2,TCGA-05-4422-01,,40317576.31178873,40.31757631178873,1909230.1155313703,616583.9375,0.32294899000605515,1292646.1780313703,38.43648372640244,11352.634775674078,0.005946184633964069,immune-penetrated,50.06873372032121,71.4450709903541,82.22117555012544,3,TCGA-05-4422-01,TCGA-05-4422,Male,Stage IB,68,0:LIVING,11.99,0,I,matched
TCGA-05-4424,TCGA-05-4424-01Z-00-DX1.4892016C-1A96-4A72-ACB8-FFD282FC4E69,1,TCGA-05-4424-01,,48755786.42634151,48.75578642634151,827991.834667834,313730.0,0.3789047027569532,514261.834667834,48.332062662894906,7267.897427626806,0.008777740459895324,immune-penetrated,34.16189983215245,64.97850430414731,89.82700565715226,2,TCGA-05-4424-01,TCGA-05-4424,Male,Stage IIB,70,0:LIVING,29.99,0,II,matched
TCGA-05-4424,TCGA-05-4424-01Z-00-DX1.4892016C-1A96-4A72-ACB8-FFD282FC4E69,2,TCGA-05-4424-01,,175044.47361908594,0.17504447361908593,0.0,0.0,,0.0,,0.0,,immune-desert,,,,3,TCGA-05-4424-01,TCGA-05-4424,Male,Stage IIB,70,0:LIVING,29.99,0,II,matched
TCGA-05-4426,TCGA-05-4426-01Z-00-DX1.4c9da782-f4aa-4c4f-b3aa-fae2259f236f,1,TCGA-05-4426-01,,45429436.2274253,45.4294362274253,1638174.3219138663,90274.03125,0.055106486557873494,1547900.2906638663,18.052873732456003,197022.4375,0.1202695188567113,margin-localized,90.32693316866039,97.37804381667235,98.92774240154904,2,TCGA-05-4426-01,TCGA-05-4426,Male,Stage IB,71,0:LIVING,25.99,0,I,matched
TCGA-05-4426,TCGA-05-4426-01Z-00-DX1.4c9da782-f4aa-4c4f-b3aa-fae2259f236f,2,TCGA-05-4426-01,,348943.23235761485,0.3489432323576149,15613.82079521658,12.90625,0.0008265914006105369,15600.91454521658,12.1875,1722.25,0.11030291833038235,margin-localized,88.61345327759452,97.34670164699905,100.0,3,TCGA-05-4426-01,TCGA-05-4426,Male,Stage IB,71,0:LIVING,25.99,0,I,matched
TCGA-05-4426,TCGA-05-4426-01Z-00-DX1.4c9da782-f4aa-4c4f-b3aa-fae2259f236f,3,TCGA-05-4426-01,,15575440.147165084,15.575440147165084,209323.98057180262,31960.40625,0.15268392165434144,177363.57432180262,33.616402246522455,7868.0411861828725,0.0375878633909504,margin-localized,54.71171447845411,85.00425139755133,90.60508382924898,4,TCGA-05-4426-01,TCGA-05-4426,Male,Stage IB,71,0:LIVING,25.99,0,I,matched
TCGA-05-4426,TCGA-05-4426-01Z-00-DX1.4c9da782-f4aa-4c4f-b3aa-fae2259f236f,4,TCGA-05-4426-01,,8289116.089827301,8.289116089827301,299565.182688936,109327.91687735655,0.36495535260812006,190237.26581157945,20.558320243881795,19219.53125,0.06415809433353699,immune-penetrated,89.5773622544739,96.41195575303144,98.03287801990318,5,TCGA-05-4426-01,TCGA-05-4426,Male,Stage IB,71,0:LIVING,25.99,0,I,matched
TCGA-05-4433,TCGA-05-4433-01Z-00-DX1.5843D3CC-CB24-4A0A-BB65-78A5DAA11D84,1,TCGA-05-4433-01,,881747.7530199934,0.8817477530199934,45865.75203345547,15.6875,0.0003420308030392088,45850.06453345547,41.673020348902,807.7439866966374,0.017611048568601937,margin-localized,62.48540723561321,98.35577915711826,100.0,2,TCGA-05-4433-01,TCGA-05-4433,Male,Stage IB,82,0:LIVING,23.98,0,I,matched
TCGA-05-4433,TCGA-05-4433-01Z-00-DX1.5843D3CC-CB24-4A0A-BB65-78A5DAA11D84,2,TCGA-05-4433-01,,151771367.6859053,151.77136768590532,4109809.489379314,692170.270623872,0.16841906477966875,3417639.2187554426,35.48926994529473,80093.81370961615,0.019488449261844582,margin-localized,54.47208159318196,81.67795659098451,90.67096282753376,3,TCGA-05-4433-01,TCGA-05-4433,Male,Stage IB,82,0:LIVING,23.98,0,I,matched
TCGA-05-4433,TCGA-05-4433-01Z-00-DX1.5843D3CC-CB24-4A0A-BB65-78A5DAA11D84,3,TCGA-05-4433-01,,592138.1867110254,0.5921381867110255,101311.69103033192,564.1875,0.0055688291673177855,100747.50353033192,21.75,779.5166514417617,0.007694241834423439,margin-localized,68.2426734599769,97.13187928812147,100.0,4,TCGA-05-4433-01,TCGA-05-4433,Male,Stage IB,82,0:LIVING,23.98,0,I,matched
TCGA-05-4433,TCGA-05-4433-01Z-00-DX1.5843D3CC-CB24-4A0A-BB65-78A5DAA11D84,4,TCGA-05-4433-01,,4933501.8732427275,4.933501873242728,72764.326271979,284.21875,0.0039060177502042034,72480.107521979,44.06267730460781,360.88622624061776,0.004959658732930403,margin-localized,78.62066564159525,99.57598556077222,100.0,5,TCGA-05-4433-01,TCGA-05-4433,Male,Stage IB,82,0:LIVING,23.98,0,I,matched
TCGA-05-5420,TCGA-05-5420-01Z-00-DX1.8C253A99-44FD-48B6-AF31-D808CCB7DB1E,1,TCGA-05-5420-01,,591532.9189592005,0.5915329189592005,12073.4375,714.25,0.05915879383978258,11359.1875,11.483173831741816,1414.75,0.11717872395496312,margin-localized,100.0,100.0,100.0,2,TCGA-05-5420-01,TCGA-05-5420,Male,Stage IIIA,67,0:LIVING,15.01,0,III,matched
TCGA-05-5423,TCGA-05-5423-01Z-00-DX1.CCCF5FDB-ACAD-4D9D-80DF-556F0D6284AF,1,TCGA-05-5423-01,,3141906.3115002555,3.1419063115002555,186742.9756675568,42917.875,0.22982323617035627,143825.1006675568,9.168560410446124,41546.9579505165,0.2224820387594077,margin-localized,81.91356737274596,89.3523772827754,98.44003503232915,2,TCGA-05-5423-01,TCGA-05-5423,Male,Stage IIB,65,0:LIVING,4.96,0,II,matched
TCGA-05-5423,TCGA-05-5423-01Z-00-DX1.CCCF5FDB-ACAD-4D9D-80DF-556F0D6284AF,2,TCGA-05-5423-01,,299550.6245251129,0.29955062452511294,38671.051532180216,653.0625,0.016887632327674162,38017.989032180216,0.5625,28146.181871849196,0.7278359588548369,margin-localized,99.54351223667915,100.0,100.0,3,TCGA-05-5423-01,TCGA-05-5423,Male,Stage IIB,65,0:LIVING,4.96,0,II,matched
TCGA-05-5425,TCGA-05-5425-01Z-00-DX1.85865B2F-4888-43DD-A501-458BEFCF832B,1,TCGA-05-5425-01,,1911174.1738261327,1.9111741738261327,29803.34375,954.03125,0.03201087965171693,28849.3125,12.40022681244178,5094.0,0.17092041895466847,margin-localized,98.40569483080233,100.0,100.0,2,TCGA-05-5425-01,TCGA-05-5425,Male,Stage IIB,68,0:LIVING,28.98,0,II,matched
TCGA-05-5428,TCGA-05-5428-01Z-00-DX1.8018AD62-F1CE-4BFF-8EFD-3F2D4513FC11,1,TCGA-05-5428-01,,2630984.5959957503,2.6309845959957503,29138.65625,2928.6875,0.10050866707348594,26209.96875,11.565877884968351,6424.28125,0.22047280406075692,margin-localized,92.11957483454646,96.41369872709899,100.0,2,TCGA-05-5428-01,TCGA-05-5428,Male,Stage IIA,57,0:LIVING,22.01,0,II,matched
TCGA-05-5429,TCGA-05-5429-01Z-00-DX1.20729065-FADA-4E43-98D7-AFA5FB4A0447,1,TCGA-05-5429-01,,2561311.0074382126,2.5613110074382126,18467.96875,1137.5625,0.06159651423495072,17330.40625,9.625202919938882,3575.09375,0.1935834849189898,margin-localized,91.2761115106392,99.475273911756,100.0,2,TCGA-05-5429-01,TCGA-05-5429,Male,Stage IIIA,60,1:DECEASED,9.03,1,III,matched
TCGA-35-3615,TCGA-35-3615-01Z-00-DX1.585128eb-6652-4b05-9a83-dc8f242904a6,1,TCGA-35-3615-01,,82726509.16486776,82.72650916486776,3820399.279295993,1212688.2463510751,0.31742447783482575,2607711.0329449177,24.776816280547425,198514.02853748886,0.05196159197634185,immune-penetrated,59.26511423316628,76.57896697373597,88.43490994929599,2,TCGA-35-3615-01,TCGA-35-3615,Male,Stage IB,57,0:LIVING,0.46,0,I,matched
TCGA-35-3615,TCGA-35-3615-01Z-00-DX1.585128eb-6652-4b05-9a83-dc8f242904a6,2,TCGA-35-3615-01,,83072815.03162082,83.07281503162082,3781508.0891383863,1120422.0295968645,0.29628973499092837,2661086.059541521,29.138945159356748,180424.60790266417,0.04771234217927424,margin-localized,55.63956837989414,81.47785594462763,91.22116642377495,3,TCGA-35-3615-01,TCGA-35-3615,Male,Stage IB,57,0:LIVING,0.46,0,I,matched
TCGA-35-3615,TCGA-35-3615-01Z-00-DX1.585128eb-6652-4b05-9a83-dc8f242904a6,3,TCGA-35-3615-01,,1066281.4137020132,1.0662814137020131,11481.96875,1784.4375,0.1554121543833674,9697.53125,32.08606590094834,88.84375,0.007737675649047556,margin-localized,86.30651864472284,99.45076927682807,100.0,4,TCGA-35-3615-01,TCGA-35-3615,Male,Stage IB,57,0:LIVING,0.46,0,I,matched
TCGA-35-3615,TCGA-35-3615-01Z-00-DX1.585128eb-6652-4b05-9a83-dc8f242904a6,4,TCGA-35-3615-01,,248032.2955713789,0.2480322955713789,2111.03125,0.0,0.0,2111.03125,9.625,192.9375,0.09139490474146227,margin-localized,72.92792326025491,92.10693825588797,100.0,5,TCGA-35-3615-01,TCGA-35-3615,Male,Stage IB,57,0:LIVING,0.46,0,I,matched
TCGA-35-3615,TCGA-35-3615-01Z-00-DX1.585128eb-6652-4b05-9a83-dc8f242904a6,5,TCGA-35-3615-01,,300660.3143966634,0.3006603143966634,8859.986700344825,0.0,0.0,8859.986700344825,21.75035919243634,102.03125,0.01151595972441234,margin-localized,86.40940397852813,90.25040861555264,100.0,6,TCGA-35-3615-01,TCGA-35-3615,Male,Stage IB,57,0:LIVING,0.46,0,I,matched
TCGA-35-3615,TCGA-35-3615-01Z-00-DX1.585128eb-6652-4b05-9a83-dc8f242904a6,6,TCGA-35-3615-01,,320525.7278007499,0.3205257278007499,45070.737160610035,21.8125,0.0004839614653354999,45048.92466061004,15.42382997993689,4073.9197345635444,0.09038946312429037,margin-localized,71.81687154409066,100.0,100.0,7,TCGA-35-3615-01,TCGA-35-3615,Male,Stage IB,57,0:LIVING,0.46,0,I,matched
TCGA-35-3615,TCGA-35-3615-01Z-00-DX1.585128eb-6652-4b05-9a83-dc8f242904a6,7,TCGA-35-3615-01,,199185.83721404165,0.19918583721404165,5318.983954219173,0.0,0.0,5318.983954219173,39.38531610892567,353.3902042191728,0.06643941911854301,margin-localized,63.070954586319075,98.6569333426296,100.0,8,TCGA-35-3615-01,TCGA-35-3615,Male,Stage IB,57,0:LIVING,0.46,0,I,matched
TCGA-35-3615,TCGA-35-3615-01Z-00-DX1.585128eb-6652-4b05-9a83-dc8f242904a6,8,TCGA-35-3615-01,,300641.1600395816,0.3006411600395816,28631.90625,488.8125,0.017072300241972187,28143.09375,10.900831390311474,1516.15625,0.05295338133485262,margin-localized,98.46707290053382,99.94542801354696,100.0,9,TCGA-35-3615-01,TCGA-35-3615,Male,Stage IB,57,0:LIVING,0.46,0,I,matched
TCGA-35-3615,TCGA-35-3615-01Z-00-DX1.585128eb-6652-4b05-9a83-dc8f242904a6,9,TCGA-35-3615-01,,360991.71066398936,0.3609917106639894,35612.32865482813,372.34375,0.010455473260649007,35239.984904828125,21.88928105260655,2670.716284817379,0.07499414909660218,margin-localized,94.55823987590524,100.0,100.0,10,TCGA-35-3615-01,TCGA-35-3615,Male,Stage IB,57,0:LIVING,0.46,0,I,matched
TCGA-35-4122,TCGA-35-4122-01Z-00-DX1.2ac022e4-e796-49e5-9a24-f0ff3f76a527,1,TCGA-35-4122-01,,31060735.582319055,31.060735582319055,3467502.876055715,115114.91163165528,0.03319821662631135,3352387.96442406,43.09206169644242,98837.64180198243,0.02850398264540454,margin-localized,60.24769117949015,91.35896851623099,99.87599171680935,2,TCGA-35-4122-01,TCGA-35-4122,Male,Stage IA,69,0:LIVING,7.39,0,I,matched
TCGA-35-4122,TCGA-35-4122-01Z-00-DX1.2ac022e4-e796-49e5-9a24-f0ff3f76a527,2,TCGA-35-4122-01,,30524163.172260497,30.524163172260497,2929031.903350061,44065.33777672193,0.015044335203833898,2884966.565573339,46.871041499522924,60727.81995582591,0.02073306879531386,margin-localized,57.971625930576806,83.39092334466886,99.77076281543327,3,TCGA-35-4122-01,TCGA-35-4122,Male,Stage IA,69,0:LIVING,7.39,0,I,matched
TCGA-35-5375,TCGA-35-5375-01Z-00-DX1.10708170-750A-451B-BC10-0B4042540033,1,TCGA-35-5375-01,,50799232.662477516,50.799232662477515,1566373.640232731,148543.375,0.09483265753752694,1417830.2652327307,47.647468453213754,81113.63124830334,0.05178434389144312,peritumoral,47.34777090102837,82.80365281895821,96.14979366455673,2,TCGA-35-5375-01,TCGA-35-5375,Male,Stage IIIA,61,0:LIVING,8.67,0,III,matched
TCGA-35-5375,TCGA-35-5375-01Z-00-DX1.10708170-750A-451B-BC10-0B4042540033,2,TCGA-35-5375-01,,57751834.69391622,57.751834693916216,3568364.69457616,257829.40625,0.07225421959865687,3310535.2883261596,48.187662126834915,61981.87732890309,0.01736982697511671,peritumoral,49.098001258182975,79.22905736679876,98.88285856701731,3,TCGA-35-5375-01,TCGA-35-5375,Male,Stage IIIA,61,0:LIVING,8.67,0,III,matched
TCGA-38-4632,TCGA-38-4632-01Z-00-DX1.5E05F85C-53BC-4280-8E7F-8B9DECEF849F,1,TCGA-38-4632-01,,150408.50419699957,0.15040850419699955,22158.46633628149,0.0,0.0,22158.46633628149,35.70386008543054,219.65625,0.009912971713224692,margin-localized,51.011433265847806,100.0,100.0,2,TCGA-38-4632-01,TCGA-38-4632,Male,Stage IV,42,1:DECEASED,44.58,1,IV,matched
TCGA-38-4632,TCGA-38-4632-01Z-00-DX1.5E05F85C-53BC-4280-8E7F-8B9DECEF849F,2,TCGA-38-4632-01,,21910607.020304836,21.910607020304838,1647983.379952154,214528.6875,0.13017648728121786,1433454.6924521537,42.47094595132065,58058.71875,0.03523016036222745,margin-localized,52.03987893352827,73.68055743092903,95.37316289780038,3,TCGA-38-4632-01,TCGA-38-4632,Male,Stage IV,42,1:DECEASED,44.58,1,IV,matched
TCGA-38-4632,TCGA-38-4632-01Z-00-DX1.5E05F85C-53BC-4280-8E7F-8B9DECEF849F,3,TCGA-38-4632-01,,282605.87218719104,0.282605872187191,2253.625,0.0,0.0,2253.625,12.71517916704283,0.0,0.0,margin-localized,94.10949026568306,100.0,100.0,4,TCGA-38-4632-01,TCGA-38-4632,Male,Stage IV,42,1:DECEASED,44.58,1,IV,matched
TCGA-38-4632,TCGA-38-4632-01Z-00-DX1.5E05F85C-53BC-4280-8E7F-8B9DECEF849F,4,TCGA-38-4632-01,,21499340.499782592,21.49934049978259,1597492.62913593,154618.625,0.09678831825573549,1442874.00413593,37.750827805493216,156410.77280083133,0.0979101686906891,margin-localized,52.290385460462765,87.3102056450942,96.44660601487931,5,TCGA-38-4632-01,TCGA-38-4632,Male,Stage IV,42,1:DECEASED,44.58,1,IV,matched
TCGA-38-4632,TCGA-38-4632-01Z-00-DX1.5E05F85C-53BC-4280-8E7F-8B9DECEF849F,5,TCGA-38-4632-01,,21880180.317022245,21.880180317022244,1574320.1333611256,203961.6875,0.12955540819042186,1370358.4458611256,42.519480829379845,29012.8652658441,0.01842882184572112,peritumoral,49.053470622320255,77.71564365340737,95.62852595311078,6,TCGA-38-4632-01,TCGA-38-4632,Male,Stage IV,42,1:DECEASED,44.58,1,IV,matched
TCGA-38-4632,TCGA-38-4632-01Z-00-DX1.5E05F85C-53BC-4280-8E7F-8B9DECEF849F,6,TCGA-38-4632-01,,221674.18138092002,0.22167418138092002,2374.569046926056,0.0,0.0,2374.569046926056,16.744868616982338,399.28125,0.16814893233653508,margin-localized,81.73221155385892,93.35537325375937,100.0,7,TCGA-38-4632-01,TCGA-38-4632,Male,Stage IV,42,1:DECEASED,44.58,1,IV,matched
TCGA-38-A44F,TCGA-38-A44F-01Z-00-DX1.B9958072-D8BB-40DD-B28E-2E83CE2B550B,1,TCGA-38-A44F-01,,508897.13770145894,0.508897137701459,1479.9296875,0.0,0.0,1479.9296875,217.7465287467288,0.0,0.0,immune-excluded,0.0,28.297374769705065,32.24815368128765,2,TCGA-38-A44F-01,TCGA-38-A44F,Male,Stage IB,80,0:LIVING,4.37,0,I,matched
TCGA-38-A44F,TCGA-38-A44F-01Z-00-DX1.B9958072-D8BB-40DD-B28E-2E83CE2B550B,2,TCGA-38-A44F-01,,29085356.433319204,29.085356433319202,975176.7199515151,44893.375,0.04603614307182401,930283.3449515151,32.400147086857494,50111.05651737672,0.05138664151033896,margin-localized,67.17006879064623,94.88818155975952,99.90109532879347,3,TCGA-38-A44F-01,TCGA-38-A44F,Male,Stage IB,80,0:LIVING,4.37,0,I,matched
TCGA-38-A44F,TCGA-38-A44F-01Z-00-DX1.B9958072-D8BB-40DD-B28E-2E83CE2B550B,3,TCGA-38-A44F-01,,580688.5422983264,0.5806885422983263,1573.0859375,0.0,0.0,1573.0859375,79.1660635941942,26.71875,0.01698492711877033,peritumoral,2.5884631620769287,83.1407216110849,100.0,4,TCGA-38-A44F-01,TCGA-38-A44F,Male,Stage IB,80,0:LIVING,4.37,0,I,matched
TCGA-38-A44F,TCGA-38-A44F-01Z-00-DX1.B9958072-D8BB-40DD-B28E-2E83CE2B550B,4,TCGA-38-A44F-01,,29055862.469873257,29.055862469873258,1132159.2216138917,48105.875,0.042490379516959755,1084053.3466138917,29.466612462242754,66348.89041984548,0.05860385107782386,margin-localized,73.72802215740218,92.57710938328884,99.84297432594809,5,TCGA-38-A44F-01,TCGA-38-A44F,Male,Stage IB,80,0:LIVING,4.37,0,I,matched
TCGA-38-A44F,TCGA-38-A44F-01Z-00-DX1.B9958072-D8BB-40DD-B28E-2E83CE2B550B,5,TCGA-38-A44F-01,,555581.0052799467,0.5555810052799467,75288.04107758739,76.75,0.0010194182090739485,75211.29107758739,38.619336154315235,2651.7021112540724,0.035220761136836934,margin-localized,81.96969913987905,99.48932201505207,100.0,6,TCGA-38-A44F-01,TCGA-38-A44F,Male,Stage IB,80,0:LIVING,4.37,0,I,matched
TCGA-38-A44F,TCGA-38-A44F-01Z-00-DX1.B9958072-D8BB-40DD-B28E-2E83CE2B550B,6,TCGA-38-A44F-01,,206573.58548432126,0.20657358548432125,16373.714789796624,257.4375,0.01572260805229267,16116.277289796624,152.48854969135408,0.0625,3.8170934819841394e-06,immune-excluded,1.6900181391484779,21.588215063828624,98.1814302130222,7,TCGA-38-A44F-01,TCGA-38-A44F,Male,Stage IB,80,0:LIVING,4.37,0,I,matched
TCGA-38-A44F,TCGA-38-A44F-01Z-00-DX1.B9958072-D8BB-40DD-B28E-2E83CE2B550B,7,TCGA-38-A44F-01,,291531.3288717807,0.29153132887178074,35375.72788917624,21475.630805841625,0.6070724784270074,13900.097083334607,49.84076602986156,21475.630805841625,0.6070724784270074,immune-penetrated,84.79122691996075,100.0,100.0,8,TCGA-38-A44F-01,TCGA-38-A44F,Male,Stage IB,80,0:LIVING,4.37,0,I,matched
TCGA-38-A44F,TCGA-38-A44F-01Z-00-DX1.B9958072-D8BB-40DD-B28E-2E83CE2B550B,8,TCGA-38-A44F-01,,550783.203242318,0.550783203242318,63269.32662859698,172.90625,0.00273286060107756,63096.42037859699,23.28793947518758,11806.339690435318,0.18660447833972985,margin-localized,78.00652922655293,99.41010274337651,100.0,9,TCGA-38-A44F-01,TCGA-38-A44F,Male,Stage IB,80,0:LIVING,4.37,0,I,matched
TCGA-44-2666,TCGA-44-2666-01Z-00-DX1.f81a89cf-6033-47ea-9a43-290a5d6a28c1,1,TCGA-44-2666-01,,1107854.4486751633,1.1078544486751634,3756.5056197665194,72.8125,0.019383040349218367,3683.6931197665194,22.703678804325964,1207.3125,0.3213924381337779,margin-localized,80.54193993693666,91.36150314646171,100.0,2,TCGA-44-2666-01,TCGA-44-2666,Male,Stage IB,43,1:DECEASED,3.19,1,I,matched
TCGA-44-2666,TCGA-44-2666-01Z-00-DX1.f81a89cf-6033-47ea-9a43-290a5d6a28c1,2,TCGA-44-2666-01,,1867339.919161771,1.867339919161771,11603.073641508334,124.28125,0.010711062761456726,11478.792391508334,23.675541176496896,379.46875,0.03270415768477974,margin-localized,77.3088378956908,92.4963309128251,100.0,3,TCGA-44-2666-01,TCGA-44-2666,Male,Stage IB,43,1:DECEASED,3.19,1,I,matched
TCGA-44-2666,TCGA-44-2666-01Z-00-DX1.f81a89cf-6033-47ea-9a43-290a5d6a28c1,3,TCGA-44-2666-01,,23397299.912521884,23.397299912521884,868469.4604220283,50744.125,0.05842937180006439,817725.3354220283,34.162525155497505,12308.15625,0.014172238415866591,margin-localized,83.29911460051352,98.88721584012526,99.86750700480245,4,TCGA-44-2666-01,TCGA-44-2666,Male,Stage IB,43,1:DECEASED,3.19,1,I,matched
TCGA-44-2666,TCGA-44-2666-01Z-00-DX1.f81a89cf-6033-47ea-9a43-290a5d6a28c1,4,TCGA-44-2666-01,,23954577.657698423,23.954577657698422,890848.5922404949,44076.5625,0.049477052423854556,846772.0297404949,35.03792588039423,50829.51339359813,0.0570574100204405,margin-localized,76.46415855403023,98.45110686968964,100.0,5,TCGA-44-2666-01,TCGA-44-2666,Male,Stage IB,43,1:DECEASED,3.19,1,I,matched
TCGA-44-2666,TCGA-44-2666-01Z-00-DX1.f81a89cf-6033-47ea-9a43-290a5d6a28c1,5,TCGA-44-2666-01,,27347911.220445685,27.347911220445685,1045581.7612049377,74807.34375,0.07154614447730166,970774.4174549377,33.13826385388951,76042.21875,0.07272718554536402,margin-localized,67.08778923112119,98.53555757185877,100.0,6,TCGA-44-2666-01,TCGA-44-2666,Male,Stage IB,43,1:DECEASED,3.19,1,I,matched
TCGA-44-2666,TCGA-44-2666-01Z-00-DX1.f81a89cf-6033-47ea-9a43-290a5d6a28c1,6,TCGA-44-2666-01,,26567439.525082953,26.567439525082953,1055370.876962027,102535.21875,0.0971556265084329,952835.6582120272,33.910037230884896,61255.59375,0.05804177004232799,margin-localized,66.00836244963837,98.92960392660065,100.0,7,TCGA-44-2666-01,TCGA-44-2666,Male,Stage IB,43,1:DECEASED,3.19,1,I,matched
TCGA-44-5643,TCGA-44-5643-01Z-00-DX1.83fb7631-0ecb-4473-bfb2-c8daa2f87d35,1,TCGA-44-5643-01,,17543768.445737295,17.543768445737296,1744676.487689482,157428.75,0.09023377750019819,1587247.737689482,73.48801454148833,3915.375,0.0022441839662694298,peritumoral,28.71251253592687,55.68880383208879,92.22861899796247,2,TCGA-44-5643-01,TCGA-44-5643,Male,Stage IIIA,53,0:LIVING,33.28,0,III,matched
TCGA-44-5643,TCGA-44-5643-01Z-00-DX1.83fb7631-0ecb-4473-bfb2-c8daa2f87d35,2,TCGA-44-5643-01,,18014705.53251804,18.01470553251804,1981305.4142506956,197455.59375,0.099659341931731,1783849.8205006956,68.59584991090934,1443.375,0.0007284969745796944,peritumoral,38.51997192716038,74.63802444875458,92.83377794259354,3,TCGA-44-5643-01,TCGA-44-5643,Male,Stage IIIA,53,0:LIVING,33.28,0,III,matched
TCGA-44-5643,TCGA-44-5643-01Z-00-DX1.83fb7631-0ecb-4473-bfb2-c8daa2f87d35,3,TCGA-44-5643-01,,18094974.924606506,18.094974924606507,1877740.1545765446,109666.4375,0.058403414994728724,1768073.717076545,62.974449183776116,3917.84375,0.0020864674701934604,peritumoral,41.661656107508335,67.6666576250955,97.21144638881486,4,TCGA-44-5643-01,TCGA-44-5643,Male,Stage IIIA,53,0:LIVING,33.28,0,III,matched
TCGA-44-5643,TCGA-44-5643-01Z-00-DX1.83fb7631-0ecb-4473-bfb2-c8daa2f87d35,4,TCGA-44-5643-01,,16955002.760275126,16.955002760275125,1658203.2082304372,146068.90625,0.08808866460093176,1512134.3019804372,74.13366833800956,104616.75845547751,0.06309043302787962,peritumoral,26.493446592253445,63.54371988809455,93.68268037305492,5,TCGA-44-5643-01,TCGA-44-5643,Male,Stage IIIA,53,0:LIVING,33.28,0,III,matched
TCGA-44-6146,TCGA-44-6146-01Z-00-DX1.8db8c567-690e-4df3-98a9-f241b6a8d811,1,TCGA-44-6146-01,,15314040.160681209,15.314040160681209,23247.33122103241,8234.65625,0.35421942293960657,15012.674971032411,38.722772692564256,817.71875,0.035174736498793914,immune-penetrated,40.35805773296576,64.66186053803796,75.11179371520544,2,TCGA-44-6146-01,TCGA-44-6146,Male,Stage IIB,64,0:LIVING,23.92,0,II,matched
TCGA-44-6146,TCGA-44-6146-01Z-00-DX1.8db8c567-690e-4df3-98a9-f241b6a8d811,2,TCGA-44-6146-01,,18001028.690060258,18.00102869006026,25528.096763997557,8951.28125,0.3506442855005176,16576.815513997557,29.901422464859092,1633.8125,0.06400056044539038,immune-penetrated,54.28223612635505,74.14968373472031,82.5666351426698,3,TCGA-44-6146-01,TCGA-44-6146,Male,Stage IIB,64,0:LIVING,23.92,0,II,matched
TCGA-44-6146,TCGA-44-6146-01Z-00-DX1.8db8c567-690e-4df3-98a9-f241b6a8d811,3,TCGA-44-6146-01,,228777.6622988129,0.2287776622988129,1575.78125,0.0,0.0,1575.78125,56.4065876028678,0.0,0.0,peritumoral,32.89241447694596,92.0832920178483,100.0,4,TCGA-44-6146-01,TCGA-44-6146,Male,Stage IIB,64,0:LIVING,23.92,0,II,matched
TCGA-44-6146,TCGA-44-6146-01Z-00-DX1.8db8c567-690e-4df3-98a9-f241b6a8d811,4,TCGA-44-6146-01,,3559562.4006609134,3.5595624006609135,3643.0,516.34375,0.14173586329947846,3126.65625,19.98827781475933,386.09375,0.10598236343672797,margin-localized,82.71513862201483,97.54237578918475,100.0,5,TCGA-44-6146-01,TCGA-44-6146,Male,Stage IIB,64,0:LIVING,23.92,0,II,matched
TCGA-44-6148,TCGA-44-6148-01Z-00-DX1.94c29c83-1085-458f-a0c9-3ffa8592cb98,1,TCGA-44-6148-01,,8819011.139280962,8.819011139280962,212871.72393953812,5201.8125,0.024436371368315075,207669.91143953812,23.375,3978.175290761963,0.018688133948179433,margin-localized,87.56334017890495,99.76703889691075,100.0,2,TCGA-44-6148-01,TCGA-44-6148,Male,Stage IA,60,0:LIVING,23.13,0,I,matched
TCGA-44-6148,TCGA-44-6148-01Z-00-DX1.94c29c83-1085-458f-a0c9-3ffa8592cb98,2,TCGA-44-6148-01,,9512857.12534558,9.51285712534558,256273.57193061386,5083.209557283055,0.01983509075473196,251190.36237333078,44.67556658846085,4570.403110706047,0.017834078934770087,margin-localized,96.97373860537843,100.0,100.0,3,TCGA-44-6148-01,TCGA-44-6148,Male,Stage IA,60,0:LIVING,23.13,0,I,matched
TCGA-44-6148,TCGA-44-6148-01Z-00-DX1.94c29c83-1085-458f-a0c9-3ffa8592cb98,3,TCGA-44-6148-01,,9683710.432339182,9.683710432339183,162798.86600736203,1319.9718653729567,0.008107991767665418,161478.89414198906,15.625499992000256,2316.858483476461,0.014231416595811478,margin-localized,94.98564011454359,99.92990619443488,100.0,4,TCGA-44-6148-01,TCGA-44-6148,Male,Stage IA,60,0:LIVING,23.13,0,I,matched
TCGA-44-6778,TCGA-44-6778-01Z-00-DX1.5e932267-cc68-4a8e-a660-fe2cc0c59ff4,1,TCGA-44-6778-01,,32968664.505610745,32.96866450561075,2528551.4462418123,40399.5625,0.01597735437024463,2488151.8837418123,44.05483089287711,44448.35384302453,0.017578583939467853,margin-localized,54.57470484175424,82.3297550144928,99.4140800296577,2,TCGA-44-6778-01,TCGA-44-6778,Male,Stage IA,59,0:LIVING,61.24,0,I,matched
TCGA-44-6778,TCGA-44-6778-01Z-00-DX1.5e932267-cc68-4a8e-a660-fe2cc0c59ff4,2,TCGA-44-6778-01,,33692346.467456445,33.692346467456446,2748349.1408746606,58344.46875,0.021228914435315122,2690004.6721246606,53.47320027076421,74280.1492659465,0.02702718812585321,peritumoral,46.47774170196557,80.20293814843419,99.89342183983499,3,TCGA-44-6778-01,TCGA-44-6778,Male,Stage IA,59,0:LIVING,61.24,0,I,matched
TCGA-44-7659,TCGA-44-7659-01Z-00-DX1.818bf5b3-b4c1-4d23-a6ae-98d5015eb8c1,1,TCGA-44-7659-01,,25151300.529399343,25.151300529399343,1156594.3733582173,81905.75,0.07081631372819447,1074688.6233582175,50.70287220661173,16286.4375,0.014081373621688724,margin-localized,52.61616114107894,91.54238109700026,100.0,2,TCGA-44-7659-01,TCGA-44-7659,Male,Stage IA,70,0:LIVING,22.7,0,I,matched
TCGA-44-7659,TCGA-44-7659-01Z-00-DX1.818bf5b3-b4c1-4d23-a6ae-98d5015eb8c1,2,TCGA-44-7659-01,,24896910.011882793,24.89691001188279,1257018.4833065365,77138.28125,0.06136606762303993,1179880.2020565365,46.09450211250795,112422.46673298617,0.08943581039259137,margin-localized,54.96442690354192,89.96451901878892,100.0,3,TCGA-44-7659-01,TCGA-44-7659,Male,Stage IA,70,0:LIVING,22.7,0,I,matched
TCGA-44-7659,TCGA-44-7659-01Z-00-DX1.818bf5b3-b4c1-4d23-a6ae-98d5015eb8c1,3,TCGA-44-7659-01,,220066.1543665418,0.2200661543665418,4711.03125,115.28125,0.024470491466173146,4595.75,14.191216473579706,1332.125,0.2827671754459281,margin-localized,100.0,100.0,100.0,4,TCGA-44-7659-01,TCGA-44-7659,Male,Stage IA,70,0:LIVING,22.7,0,I,matched
TCGA-44-7669,TCGA-44-7669-01Z-00-DX1.34d0c9ac-d3dc-4a5e-b99c-a8c1c1e120d1,1,TCGA-44-7669-01,,195361.32258575663,0.19536132258575664,19029.186157838878,0.0625,3.2844284291293122e-06,19029.123657838878,28.482725027637365,106.28125,0.005585170543734396,margin-localized,60.57619151122502,63.97544590207779,99.56399212603309,2,TCGA-44-7669-01,TCGA-44-7669,Male,Stage IIA,59,1:DECEASED,18.86,1,II,matched
TCGA-44-7669,TCGA-44-7669-01Z-00-DX1.34d0c9ac-d3dc-4a5e-b99c-a8c1c1e120d1,2,TCGA-44-7669-01,,47421194.0085286,47.421194008528595,2106203.5301818214,77432.46875,0.03676400102857843,2028771.061431822,49.766015010245695,20287.125102219507,0.009632081995640843,margin-localized,50.0943398883282,90.9996048765613,98.02464813960093,3,TCGA-44-7669-01,TCGA-44-7669,Male,Stage IIA,59,1:DECEASED,18.86,1,II,matched
TCGA-44-7669,TCGA-44-7669-01Z-00-DX1.34d0c9ac-d3dc-4a5e-b99c-a8c1c1e120d1,3,TCGA-44-7669-01,,827015.6808937757,0.8270156808937756,8609.870827440442,0.0,0.0,8609.870827440442,34.13690268609617,153.125,0.017784819664422455,margin-localized,91.63565392596914,100.0,100.0,4,TCGA-44-7669-01,TCGA-44-7669,Male,Stage IIA,59,1:DECEASED,18.86,1,II,matched
TCGA-44-7669,TCGA-44-7669-01Z-00-DX1.34d0c9ac-d3dc-4a5e-b99c-a8c1c1e120d1,4,TCGA-44-7669-01,,238871.99181090633,0.23887199181090632,125.46560746585823,0.0,0.0,125.46560746585823,110.26766085870327,0.0,0.0,immune-desert,0.0,0.0,100.0,5,TCGA-44-7669-01,TCGA-44-7669,Male,Stage IIA,59,1:DECEASED,18.86,1,II,matched
TCGA-44-7669,TCGA-44-7669-01Z-00-DX1.34d0c9ac-d3dc-4a5e-b99c-a8c1c1e120d1,5,TCGA-44-7669-01,,3097518.856321066,3.097518856321066,12124.6875,34.28125,0.0028273924585685197,12090.40625,86.97287651906197,451.03125,0.03719941235598856,peritumoral,36.66821309827573,60.450527075440085,100.0,6,TCGA-44-7669-01,TCGA-44-7669,Male,Stage IIA,59,1:DECEASED,18.86,1,II,matched
TCGA-44-7671,TCGA-44-7671-01Z-00-DX1.00297baa-00e7-4894-a7b8-c9ac2a9d42d8,1,TCGA-44-7671-01,,293320.9342772006,0.29332093427720063,2009.004470853617,0.0,0.0,2009.004470853617,8.625,188.0625,0.09360979665719364,margin-localized,95.56972260913888,95.56972260913888,100.0,2,TCGA-44-7671-01,TCGA-44-7671,Male,Stage IB,64,0:LIVING,29.2,0,I,matched
TCGA-44-7671,TCGA-44-7671-01Z-00-DX1.00297baa-00e7-4894-a7b8-c9ac2a9d42d8,2,TCGA-44-7671-01,,293320.9342772007,0.29332093427720074,2104.9820406028384,11.4375,0.005433538044212698,2093.5445406028384,113.30351704630212,0.0,0.0,immune-excluded,19.49244659030402,19.49244659030402,100.0,3,TCGA-44-7671-01,TCGA-44-7671,Male,Stage IB,64,0:LIVING,29.2,0,I,matched
TCGA-44-7671,TCGA-44-7671-01Z-00-DX1.00297baa-00e7-4894-a7b8-c9ac2a9d42d8,3,TCGA-44-7671-01,,1102776.5349589926,1.1027765349589926,6767.401132364184,10.3125,0.0015238493770794608,6757.088632364184,73.0625,0.0,0.0,peritumoral,17.15762044083771,69.45141902569284,100.0,4,TCGA-44-7671-01,TCGA-44-7671,Male,Stage IB,64,0:LIVING,29.2,0,I,matched
TCGA-44-7671,TCGA-44-7671-01Z-00-DX1.00297baa-00e7-4894-a7b8-c9ac2a9d42d8,4,TCGA-44-7671-01,,1685665.9294483678,1.6856659294483678,1370.34375,0.0,0.0,1370.34375,96.68392446523879,116.46875,0.08499236049348932,peritumoral,39.02533579621901,71.3393081115596,97.70130669768078,5,TCGA-44-7671-01,TCGA-44-7671,Male,Stage IB,64,0:LIVING,29.2,0,I,matched
TCGA-44-8119,TCGA-44-8119-01Z-00-DX1.1EBEBFA7-22DB-4365-9DF8-C4E679C11312,1,TCGA-44-8119-01,,2581784.6504940246,2.5817846504940247,26978.10265045242,215.0625,0.00797174296452584,26763.04015045242,77.59067276419248,328.78125,0.01218696712144382,peritumoral,18.106582821227725,94.29868745930497,100.0,2,TCGA-44-8119-01,TCGA-44-8119,Male,Stage IIB,73,0:LIVING,9.36,0,II,matched
TCGA-44-8119,TCGA-44-8119-01Z-00-DX1.1EBEBFA7-22DB-4365-9DF8-C4E679C11312,2,TCGA-44-8119-01,,1630505.007859233,1.6305050078592331,42516.71698769089,0.0,0.0,42516.71698769089,57.8126351349772,1521.15625,0.0357778388778323,peritumoral,40.18398097276113,96.29322273293991,100.0,3,TCGA-44-8119-01,TCGA-44-8119,Male,Stage IIB,73,0:LIVING,9.36,0,II,matched
TCGA-44-A47B,TCGA-44-A47B-01Z-00-DX1.177D0531-E037-435B-BFD4-382B2150B10D,1,TCGA-44-A47B-01,,20725528.22322268,20.725528223222682,581242.7537471758,434894.051718044,0.7482141479000882,146348.70202913176,47.556709568682315,8318.34375,0.014311307446627102,immune-penetrated,16.537857542883977,41.356607621767495,49.482778820547715,2,TCGA-44-A47B-01,TCGA-44-A47B,Male,Stage IB,79,0:LIVING,9.43,0,I,matched
TCGA-44-A47B,TCGA-44-A47B-01Z-00-DX1.177D0531-E037-435B-BFD4-382B2150B10D,2,TCGA-44-A47B-01,,18099928.973979805,18.099928973979804,485391.75,357748.84375,0.7370311583375696,127642.90625,45.07944376320542,7506.4375,0.015464699389719746,immune-penetrated,26.789591860595074,32.03877975882367,46.00023460431703,3,TCGA-44-A47B-01,TCGA-44-A47B,Male,Stage IB,79,0:LIVING,9.43,0,I,matched
TCGA-44-A4SS,TCGA-44-A4SS-01Z-00-DX1.F3D85B63-D963-42D2-815F-CB9D791A0F7B,1,TCGA-44-A4SS-01,,1369308.6313050035,1.3693086313050036,67483.4626173513,8.03125,0.00011901063888110287,67475.4313673513,52.00341923751699,699.5,0.010365502493052944,peritumoral,48.43330125979071,79.78815219474001,83.39415458290883,2,TCGA-44-A4SS-01,TCGA-44-A4SS,Male,Stage IA,73,0:LIVING,13.63,0,I,matched
TCGA-44-A4SS,TCGA-44-A4SS-01Z-00-DX1.F3D85B63-D963-42D2-815F-CB9D791A0F7B,2,TCGA-44-A4SS-01,,11331974.19197096,11.331974191970959,586362.3955163243,26266.15625,0.04479508994923047,560096.2392663243,39.125,6874.4375,0.0117238717089739,margin-localized,66.14791381330446,97.7979595801002,99.91874692107763,3,TCGA-44-A4SS-01,TCGA-44-A4SS,Male,Stage IA,73,0:LIVING,13.63,0,I,matched
TCGA-44-A4SS,TCGA-44-A4SS-01Z-00-DX1.F3D85B63-D963-42D2-815F-CB9D791A0F7B,3,TCGA-44-A4SS-01,,11529395.00658688,11.52939500658688,730547.9199338447,71682.4375,0.09812147231422035,658865.4824338447,36.39904703422879,37939.84375,0.051933408767265626,margin-localized,75.38555711618542,91.88365326315868,98.96692909445738,4,TCGA-44-A4SS-01,TCGA-44-A4SS,Male,Stage IA,73,0:LIVING,13.63,0,I,matched
TCGA-44-A4SS,TCGA-44-A4SS-01Z-00-DX1.F3D85B63-D963-42D2-815F-CB9D791A0F7B,4,TCGA-44-A4SS-01,,1489219.8906341966,1.4892198906341967,100576.48670284035,991.1875,0.009855061878712533,99585.29920284035,30.80609720493656,3480.34375,0.03460395032770331,margin-localized,85.18015470812777,99.50062666384771,100.0,5,TCGA-44-A4SS-01,TCGA-44-A4SS,Male,Stage IA,73,0:LIVING,13.63,0,I,matched
TCGA-44-A4SS,TCGA-44-A4SS-01Z-00-DX1.F3D85B63-D963-42D2-815F-CB9D791A0F7B,5,TCGA-44-A4SS-01,,1322671.0658443568,1.3226710658443568,54168.24415224741,49.96875,0.0009224731349894941,54118.27540224741,57.0,132.9375,0.0024541592972140763,peritumoral,37.42541436944006,74.7806825032739,84.50876457879633,6,TCGA-44-A4SS-01,TCGA-44-A4SS,Male,Stage IA,73,0:LIVING,13.63,0,I,matched
TCGA-44-A4SS,TCGA-44-A4SS-01Z-00-DX1.F3D85B63-D963-42D2-815F-CB9D791A0F7B,6,TCGA-44-A4SS-01,,11388199.273920428,11.388199273920428,627736.2674004501,36152.0,0.057591064715299706,591584.2674004501,42.56630856675265,3453.6875,0.005501812909905998,margin-localized,54.6973225616336,92.62855256250857,100.0,7,TCGA-44-A4SS-01,TCGA-44-A4SS,Male,Stage IA,73,0:LIVING,13.63,0,I,matched
TCGA-44-A4SS,TCGA-44-A4SS-01Z-00-DX1.F3D85B63-D963-42D2-815F-CB9D791A0F7B,7,TCGA-44-A4SS-01,,963314.9059792288,0.9633149059792288,39304.0,0.0,0.0,39304.0,36.96646495473972,699.875,0.017806711785060044,margin-localized,53.75892084775087,100.0,100.0,8,TCGA-44-A4SS-01,TCGA-44-A4SS,Male,Stage IA,73,0:LIVING,13.63,0,I,matched
TCGA-44-A4SS,TCGA-44-A4SS-01Z-00-DX1.F3D85B63-D963-42D2-815F-CB9D791A0F7B,8,TCGA-44-A4SS-01,,10534143.078369932,10.534143078369933,479831.81505593366,21271.0,0.04433011595431715,458560.81505593366,36.70192433647043,10915.125,0.02274781424972338,margin-localized,64.87986695153002,93.39093244093463,98.80957638264688,9,TCGA-44-A4SS-01,TCGA-44-A4SS,Male,Stage IA,73,0:LIVING,13.63,0,I,matched
TCGA-49-4494,TCGA-49-4494-01Z-00-DX2.cac5ed0a-98c3-4d37-a4f4-9596a061836a,1,TCGA-49-4494-01,,24909442.4786542,24.9094424786542,639949.164736094,100601.625,0.15720252567481152,539347.539736094,54.00361677702708,9354.108332830405,0.01461695529626624,peritumoral,45.73228139749555,72.6167652947491,99.70597938648318,2,TCGA-49-4494-01,TCGA-49-4494,Male,Stage IIIA,77,1:DECEASED,35.51,1,III,matched
TCGA-49-4494,TCGA-49-4494-01Z-00-DX2.cac5ed0a-98c3-4d37-a4f4-9596a061836a,2,TCGA-49-4494-01,,626439.9273508642,0.6264399273508642,6158.702776419446,0.0,0.0,6158.702776419446,146.63144700233985,284.0,0.04611360708741854,immune-excluded,33.92455482670146,33.92455482670146,100.0,3,TCGA-49-4494-01,TCGA-49-4494,Male,Stage IIIA,77,1:DECEASED,35.51,1,III,matched
TCGA-49-4494,TCGA-49-4494-01Z-00-DX2.cac5ed0a-98c3-4d37-a4f4-9596a061836a,3,TCGA-49-4494-01,,91335366.28344212,91.33536628344213,2249597.6055724057,141860.07609611316,0.06306020051973568,2107737.5294762924,48.81037927531398,65026.70602945894,0.028905927828329556,margin-localized,52.66700655548292,82.64111821838974,99.9179425987154,4,TCGA-49-4494-01,TCGA-49-4494,Male,Stage IIIA,77,1:DECEASED,35.51,1,III,matched
TCGA-49-4494,TCGA-49-4494-01Z-00-DX2.cac5ed0a-98c3-4d37-a4f4-9596a061836a,4,TCGA-49-4494-01,,730963.3777494301,0.7309633777494301,1650.75,597.375,0.3618809631985461,1053.375,86.09025060946216,0.0,0.0,immune-penetrated,54.136377404210215,69.0898076631834,100.0,5,TCGA-49-4494-01,TCGA-49-4494,Male,Stage IIIA,77,1:DECEASED,35.51,1,III,matched
TCGA-49-4494,TCGA-49-4494-01Z-00-DX2.cac5ed0a-98c3-4d37-a4f4-9596a061836a,5,TCGA-49-4494-01,,324629.00520293426,0.32462900520293425,24673.884935646787,903.15625,0.03660373112525926,23770.728685646787,93.45737664839518,0.0,0.0,peritumoral,40.12244711777371,100.0,100.0,6,TCGA-49-4494-01,TCGA-49-4494,Male,Stage IIIA,77,1:DECEASED,35.51,1,III,matched
TCGA-49-4494,TCGA-49-4494-01Z-00-DX2.cac5ed0a-98c3-4d37-a4f4-9596a061836a,6,TCGA-49-4494-01,,19492122.090382464,19.492122090382463,1023448.4645425912,95682.58127668244,0.09349037552120004,927765.8832659088,57.01055275122317,18519.520223527994,0.01809521521125629,peritumoral,46.705230734852464,71.38437572912675,88.76754614342,7,TCGA-49-4494-01,TCGA-49-4494,Male,Stage IIIA,77,1:DECEASED,35.51,1,III,matched
TCGA-49-4494,TCGA-49-4494-01Z-00-DX2.cac5ed0a-98c3-4d37-a4f4-9596a061836a,7,TCGA-49-4494-01,,189306.83721404173,0.18930683721404173,784.875,784.875,1.0,0.0,,0.0,0.0,immune-desert,100.0,100.0,100.0,8,TCGA-49-4494-01,TCGA-49-4494,Male,Stage IIIA,77,1:DECEASED,35.51,1,III,matched
TCGA-49-4494,TCGA-49-4494-01Z-00-DX2.cac5ed0a-98c3-4d37-a4f4-9596a061836a,8,TCGA-49-4494-01,,5708197.207612672,5.708197207612672,31397.901802764667,11879.29372331756,0.37834673787888456,19518.60807944711,25.547137804458643,2612.615454568288,0.08320987405401212,immune-penetrated,73.78818041225243,94.83628599364755,99.5641642294682,9,TCGA-49-4494-01,TCGA-49-4494,Male,Stage IIIA,77,1:DECEASED,35.51,1,III,matched
TCGA-49-4494,TCGA-49-4494-01Z-00-DX2.cac5ed0a-98c3-4d37-a4f4-9596a061836a,9,TCGA-49-4494-01,,340325.3982791962,0.34032539827919617,1286.6875,0.0,0.0,1286.6875,14.059721947819595,0.0,0.0,margin-localized,100.0,100.0,100.0,10,TCGA-49-4494-01,TCGA-49-4494,Male,Stage IIIA,77,1:DECEASED,35.51,1,III,matched
TCGA-49-4494,TCGA-49-4494-01Z-00-DX2.cac5ed0a-98c3-4d37-a4f4-9596a061836a,10,TCGA-49-4494-01,,340495.340745491,0.340495340745491,586.8527461821928,0.0,0.0,586.8527461821928,7.125,169.9375,0.28957434570348184,immune-desert,100.0,100.0,100.0,11,TCGA-49-4494-01,TCGA-49-4494,Male,Stage IIIA,77,1:DECEASED,35.51,1,III,matched
TCGA-49-4494,TCGA-49-4494-01Z-00-DX2.cac5ed0a-98c3-4d37-a4f4-9596a061836a,11,TCGA-49-4494-01,,485025.2886450426,0.4850252886450426,5629.276149128235,0.0,0.0,5629.276149128235,50.36895124975306,40.582590006053564,0.007209202201305809,peritumoral,1.1695757568836183,100.0,100.0,12,TCGA-49-4494-01,TCGA-49-4494,Male,Stage IIIA,77,1:DECEASED,35.51,1,III,matched
TCGA-49-4494,TCGA-49-4494-01Z-00-DX2.cac5ed0a-98c3-4d37-a4f4-9596a061836a,12,TCGA-49-4494-01,,293323.92758118745,0.29332392758118747,11131.75,2938.0625,0.2639353650594022,8193.6875,26.819783393047754,339.03125,0.030456240034136592,margin-localized,100.0,100.0,100.0,13,TCGA-49-4494-01,TCGA-49-4494,Male,Stage IIIA,77,1:DECEASED,35.51,1,III,matched
TCGA-49-4494,TCGA-49-4494-01Z-00-DX2.cac5ed0a-98c3-4d37-a4f4-9596a061836a,13,TCGA-49-4494-01,,1612533.6840545824,1.6125336840545823,31558.9375,17541.46875,0.5558320444089729,14017.46875,45.388944138413265,566.3125,0.01794459968748948,immune-penetrated,46.52643961793708,99.5906468650917,100.0,14,TCGA-49-4494-01,TCGA-49-4494,Male,Stage IIIA,77,1:DECEASED,35.51,1,III,matched
TCGA-49-6742,TCGA-49-6742-01Z-00-DX5.74539ee6-0ac6-4663-89f1-c6a74a59a4cb,1,TCGA-49-6742-01,,14526593.721498538,14.526593721498537,1007656.9207310928,10808.65625,0.010726524105206279,996848.2644810928,42.34032504598896,39183.168325270075,0.03888542570306689,margin-localized,61.844682454336386,91.86927269480685,99.89222975522574,2,TCGA-49-6742-01,TCGA-49-6742,Male,Stage IIA,70,1:DECEASED,16.03,1,II,matched
TCGA-49-6742,TCGA-49-6742-01Z-00-DX5.74539ee6-0ac6-4663-89f1-c6a74a59a4cb,2,TCGA-49-6742-01,,15774415.743903706,15.774415743903706,917622.1807288306,41297.78325287295,0.045005214695302775,876324.3974759576,29.809617261045133,120486.55186045397,0.1313030072624839,margin-localized,74.12185025176802,92.29064253993575,97.84831338694632,3,TCGA-49-6742-01,TCGA-49-6742,Male,Stage IIA,70,1:DECEASED,16.03,1,II,matched
TCGA-49-6742,TCGA-49-6742-01Z-00-DX5.74539ee6-0ac6-4663-89f1-c6a74a59a4cb,3,TCGA-49-6742-01,,220066.15436654142,0.22006615436654142,99865.65775596874,304.90625,0.0030531641892858454,99560.75150596874,36.606812602135605,10.15625,0.00010169912488653272,margin-localized,95.93388182955228,96.75356921692449,100.0,4,TCGA-49-6742-01,TCGA-49-6742,Male,Stage IIA,70,1:DECEASED,16.03,1,II,matched
TCGA-49-6742,TCGA-49-6742-01Z-00-DX5.74539ee6-0ac6-4663-89f1-c6a74a59a4cb,4,TCGA-49-6742-01,,201800.77298432312,0.2018007729843231,14990.5,624.96875,0.04169098762549615,14365.53125,16.233164355725595,2096.21875,0.13983647977052133,margin-localized,92.46564490844202,97.08398652479903,100.0,5,TCGA-49-6742-01,TCGA-49-6742,Male,Stage IIA,70,1:DECEASED,16.03,1,II,matched
TCGA-49-6742,TCGA-49-6742-01Z-00-DX5.74539ee6-0ac6-4663-89f1-c6a74a59a4cb,5,TCGA-49-6742-01,,201800.77298432283,0.20180077298432283,9439.184630838761,223.71875,0.023701067279591974,9215.465880838761,22.678200573458202,22.625,0.002396923133178459,margin-localized,90.0206555243925,100.0,100.0,6,TCGA-49-6742-01,TCGA-49-6742,Male,Stage IIA,70,1:DECEASED,16.03,1,II,matched
TCGA-49-6742,TCGA-49-6742-01Z-00-DX5.74539ee6-0ac6-4663-89f1-c6a74a59a4cb,6,TCGA-49-6742-01,,265850.9702297851,0.2658509702297851,2664.1517688605213,0.0,0.0,2664.1517688605213,11.817624549798492,65.80801886052132,0.024701302542034953,margin-localized,97.30097020595959,100.0,100.0,7,TCGA-49-6742-01,TCGA-49-6742,Male,Stage IIA,70,1:DECEASED,16.03,1,II,matched
TCGA-49-6742,TCGA-49-6742-01Z-00-DX5.74539ee6-0ac6-4663-89f1-c6a74a59a4cb,7,TCGA-49-6742-01,,64988405.47493659,64.98840547493658,3557997.853550643,268120.36201810226,0.07535708931092697,3289877.491532541,40.625,72307.97595986808,0.020322658679433878,margin-localized,59.42712422813368,87.23264352615868,98.50165519875583,8,TCGA-49-6742-01,TCGA-49-6742,Male,Stage IIA,70,1:DECEASED,16.03,1,II,matched
TCGA-49-6742,TCGA-49-6742-01Z-00-DX5.74539ee6-0ac6-4663-89f1-c6a74a59a4cb,8,TCGA-49-6742-01,,68236052.1640249,68.2360521640249,3555044.931508636,203709.59375,0.057301552490801516,3351335.3377586366,42.82413163159295,86223.97621698675,0.02425397649767434,margin-localized,55.78005779868958,85.76394878397298,99.22997104632883,9,TCGA-49-6742-01,TCGA-49-6742,Male,Stage IIA,70,1:DECEASED,16.03,1,II,matched
TCGA-49-6742,TCGA-49-6742-01Z-00-DX5.74539ee6-0ac6-4663-89f1-c6a74a59a4cb,9,TCGA-49-6742-01,,294257.2483776952,0.29425724837769524,6608.332998954875,333.5625,0.0504760429071528,6274.770498954875,32.74546724357434,441.27049895487505,0.06677485820170732,margin-localized,57.315256352152524,92.82723797249677,92.82723797249677,10,TCGA-49-6742-01,TCGA-49-6742,Male,Stage IIA,70,1:DECEASED,16.03,1,II,matched
TCGA-49-6742,TCGA-49-6742-01Z-00-DX5.74539ee6-0ac6-4663-89f1-c6a74a59a4cb,10,TCGA-49-6742-01,,2053293.034789244,2.053293034789244,56032.954817566846,569.0625,0.010155853851590808,55463.892317566846,50.50015470273334,2801.09375,0.04999011312396168,peritumoral,42.68774523033523,88.07567725397043,99.33317076031396,11,TCGA-49-6742-01,TCGA-49-6742,Male,Stage IIA,70,1:DECEASED,16.03,1,II,matched
TCGA-49-6742,TCGA-49-6742-01Z-00-DX5.74539ee6-0ac6-4663-89f1-c6a74a59a4cb,11,TCGA-49-6742-01,,481499.0701437786,0.4814990701437786,2507.5785735717286,364.65625,0.1454216644867057,2142.9223235717286,19.036970609842314,121.90625,0.04861512667431991,margin-localized,96.1074071775667,99.89093767188187,100.0,12,TCGA-49-6742-01,TCGA-49-6742,Male,Stage IIA,70,1:DECEASED,16.03,1,II,matched
TCGA-49-AAR0,TCGA-49-AAR0-01Z-00-DX1.1635383C-0FB3-4CF9-BABC-08AC19CCE501,1,TCGA-49-AAR0-01,,115629099.49143806,115.62909949143805,7704348.182961507,2578566.113067888,0.3346897170055861,5125782.06989362,30.25025826336033,211822.42988114967,0.027493880708767026,immune-penetrated,55.0698807402774,74.53071272446581,88.70783832469665,2,TCGA-49-AAR0-01,TCGA-49-AAR0,Male,Stage IA,57,0:LIVING,156.54,0,I,matched
TCGA-49-AAR0,TCGA-49-AAR0-01Z-00-DX1.1635383C-0FB3-4CF9-BABC-08AC19CCE501,2,TCGA-49-AAR0-01,,321081.23677491635,0.32108123677491635,11501.39388568296,0.0,0.0,11501.39388568296,50.382598682481635,152.71875,0.013278281877651862,peritumoral,43.69714923211297,68.58288407548584,100.0,3,TCGA-49-AAR0-01,TCGA-49-AAR0,Male,Stage IA,57,0:LIVING,156.54,0,I,matched
TCGA-49-AAR0,TCGA-49-AAR0-01Z-00-DX1.1635383C-0FB3-4CF9-BABC-08AC19CCE501,3,TCGA-49-AAR0-01,,1875844.6143138253,1.8758446143138252,70215.0937725694,236.96875,0.0033748975792520478,69978.1250225694,27.625,663.34375,0.009447309892494161,margin-localized,78.01981676110972,94.26583404838674,100.0,4,TCGA-49-AAR0-01,TCGA-49-AAR0,Male,Stage IA,57,0:LIVING,156.54,0,I,matched
TCGA-49-AAR0,TCGA-49-AAR0-01Z-00-DX1.1635383C-0FB3-4CF9-BABC-08AC19CCE501,4,TCGA-49-AAR0-01,,158788.38807823317,0.15878838807823317,20290.90026483964,0.0,0.0,20290.90026483964,28.13499822285404,26.71875,0.0013167848469640663,margin-localized,90.55718955299325,100.0,100.0,5,TCGA-49-AAR0-01,TCGA-49-AAR0,Male,Stage IA,57,0:LIVING,156.54,0,I,matched
TCGA-49-AAR2,TCGA-49-AAR2-01Z-00-DX1.1F09F896-446E-4C55-8D01-6C34A98AB1D2,1,TCGA-49-AAR2-01,,273319940.9587406,273.3199409587406,7908216.885762712,2169532.6751019796,0.27433904588628866,5738684.210660733,55.170085021232296,103139.55762791602,0.013042074985778373,peritumoral,35.67206568543889,75.37707767904057,91.7946838579457,2,TCGA-49-AAR2-01,TCGA-49-AAR2,Male,Stage IB,64,0:LIVING,73.06,0,I,matched
TCGA-49-AAR2,TCGA-49-AAR2-01Z-00-DX1.1F09F896-446E-4C55-8D01-6C34A98AB1D2,2,TCGA-49-AAR2-01,,179716.18138092014,0.17971618138092013,3625.686495380884,1101.8396345600584,0.3038982096118347,2523.8468608208254,35.419638355720124,159.40213456005836,0.0439646766931273,immune-penetrated,100.0,100.0,100.0,3,TCGA-49-AAR2-01,TCGA-49-AAR2,Male,Stage IB,64,0:LIVING,73.06,0,I,matched
TCGA-49-AAR2,TCGA-49-AAR2-01Z-00-DX1.1F09F896-446E-4C55-8D01-6C34A98AB1D2,3,TCGA-49-AAR2-01,,264076.9930736636,0.2640769930736636,1458.4068244391779,0.0,0.0,1458.4068244391779,7.6986707456547325,503.9375,0.34553972976215763,margin-localized,100.0,100.0,100.0,4,TCGA-49-AAR2-01,TCGA-49-AAR2,Male,Stage IB,64,0:LIVING,73.06,0,I,matched
TCGA-49-AAR2,TCGA-49-AAR2-01Z-00-DX1.1F09F896-446E-4C55-8D01-6C34A98AB1D2,4,TCGA-49-AAR2-01,,12006614.147759277,12.006614147759278,110236.85886939638,4963.34375,0.04502435755975544,105273.51511939637,49.06261942660624,2004.3055449856022,0.018181809292663286,margin-localized,50.940197334702006,99.40330189308159,99.93647201968719,5,TCGA-49-AAR2-01,TCGA-49-AAR2,Male,Stage IB,64,0:LIVING,73.06,0,I,matched
TCGA-49-AAR2,TCGA-49-AAR2-01Z-00-DX1.1F09F896-446E-4C55-8D01-6C34A98AB1D2,5,TCGA-49-AAR2-01,,814712.947669229,0.814712947669229,20147.161717199768,1256.71875,0.06237696245457397,18890.442967199764,58.350135229063525,1070.3819550143978,0.053128176069615084,peritumoral,22.613944490802492,97.28125476090072,99.79168902007585,6,TCGA-49-AAR2-01,TCGA-49-AAR2,Male,Stage IB,64,0:LIVING,73.06,0,I,matched
TCGA-49-AAR2,TCGA-49-AAR2-01Z-00-DX1.1F09F896-446E-4C55-8D01-6C34A98AB1D2,6,TCGA-49-AAR2-01,,601414.9566074345,0.6014149566074346,209150.70189390655,42.0625,0.00020111096744650925,209108.63939390652,36.8512635468582,226.59375,0.00108339942418621,margin-localized,67.52427893766884,98.32800749678624,99.99774597211565,7,TCGA-49-AAR2-01,TCGA-49-AAR2,Male,Stage IB,64,0:LIVING,73.06,0,I,matched
TCGA-49-AAR3,TCGA-49-AAR3-01Z-00-DX1.B4D85F13-CEB4-46DA-BF39-0200B9E55835,1,TCGA-49-AAR3-01,,254200.0821780516,0.2542000821780516,14518.75,532.8125,0.036698235040895394,13985.9375,12.755513513771211,2400.25,0.16532070598364185,margin-localized,100.0,100.0,100.0,2,TCGA-49-AAR3-01,TCGA-49-AAR3,Male,Stage IIB,69,0:LIVING,62.19,0,II,matched
TCGA-49-AAR3,TCGA-49-AAR3-01Z-00-DX1.B4D85F13-CEB4-46DA-BF39-0200B9E55835,2,TCGA-49-AAR3-01,,268071.4501682429,0.2680714501682429,19788.95901722158,0.0,0.0,19788.95901722158,14.15207581946903,1589.0,0.08029730106657726,margin-localized,91.23422182798805,100.0,100.0,3,TCGA-49-AAR3-01,TCGA-49-AAR3,Male,Stage IIB,69,0:LIVING,62.19,0,II,matched
TCGA-49-AAR3,TCGA-49-AAR3-01Z-00-DX1.B4D85F13-CEB4-46DA-BF39-0200B9E55835,3,TCGA-49-AAR3-01,,20754866.84331679,20.75486684331679,3151850.400952813,272380.10232965683,0.086419108675753,2879470.298623156,33.59920013928903,177455.6435368145,0.05630205148162145,margin-localized,59.741667367436044,85.94766037527177,98.85338982176708,4,TCGA-49-AAR3-01,TCGA-49-AAR3,Male,Stage IIB,69,0:LIVING,62.19,0,II,matched
TCGA-49-AAR3,TCGA-49-AAR3-01Z-00-DX1.B4D85F13-CEB4-46DA-BF39-0200B9E55835,4,TCGA-49-AAR3-01,,221839.92758118673,0.22183992758118673,54239.044998655816,239.03125,0.0044069959197460765,54000.013748655816,44.01584409334893,269.90625,0.004976235293351661,margin-localized,98.68130052802788,100.0,100.0,5,TCGA-49-AAR3-01,TCGA-49-AAR3,Male,Stage IIB,69,0:LIVING,62.19,0,II,matched
TCGA-49-AAR3,TCGA-49-AAR3-01Z-00-DX1.B4D85F13-CEB4-46DA-BF39-0200B9E55835,5,TCGA-49-AAR3-01,,2595982.8518275567,2.5959828518275567,1504405.153141869,70517.05400305027,0.04687371208200079,1433888.0991388184,33.169150733619375,76114.22102913918,0.05059423046390046,margin-localized,78.14185310897676,96.50933041043068,99.96320597221808,6,TCGA-49-AAR3-01,TCGA-49-AAR3,Male,Stage IIB,69,0:LIVING,62.19,0,II,matched
TCGA-49-AAR3,TCGA-49-AAR3-01Z-00-DX1.B4D85F13-CEB4-46DA-BF39-0200B9E55835,6,TCGA-49-AAR3-01,,201800.77298432248,0.20180077298432247,12937.955141868533,0.0,0.0,12937.955141868533,29.19526128072842,34.3125,0.0026520806127207286,margin-localized,98.61130933794992,99.85918369788561,100.0,7,TCGA-49-AAR3-01,TCGA-49-AAR3,Male,Stage IIB,69,0:LIVING,62.19,0,II,matched
TCGA-49-AAR3,TCGA-49-AAR3-01Z-00-DX1.B4D85F13-CEB4-46DA-BF39-0200B9E55835,7,TCGA-49-AAR3-01,,374683.93427720165,0.37468393427720165,243102.5401594562,1429.375,0.005879720545340424,241673.1651594562,10.256857462205469,2754.71875,0.011331509527597369,margin-localized,99.69246516325596,100.0,100.0,8,TCGA-49-AAR3-01,TCGA-49-AAR3,Male,Stage IIB,69,0:LIVING,62.19,0,II,matched
TCGA-49-AAR4,TCGA-49-AAR4-01Z-00-DX1.EDB32358-AF23-4F81-A99F-15574A2DE28E,1,TCGA-49-AAR4-01,,4231996.015942146,4.231996015942146,955480.1066773413,5766.28125,0.006034956886807515,949713.8254273414,33.74768510579651,12459.04443935385,0.013039564457997846,margin-localized,68.19003737558779,99.16045676137077,100.0,2,TCGA-49-AAR4-01,TCGA-49-AAR4,Male,Stage IIIA,51,1:DECEASED,28.88,1,III,matched
TCGA-49-AAR4,TCGA-49-AAR4-01Z-00-DX1.EDB32358-AF23-4F81-A99F-15574A2DE28E,2,TCGA-49-AAR4-01,,246481.9275811868,0.2464819275811868,121.59375,90.375,0.7432536622976099,31.21875,4.8250647664046955,16.15625,0.13287072731945515,immune-desert,13.287072731945514,100.0,100.0,3,TCGA-49-AAR4-01,TCGA-49-AAR4,Male,Stage IIIA,51,1:DECEASED,28.88,1,III,matched
TCGA-49-AAR4,TCGA-49-AAR4-01Z-00-DX1.EDB32358-AF23-4F81-A99F-15574A2DE28E,3,TCGA-49-AAR4-01,,214614.95683775694,0.21461495683775694,41131.47168209141,201.71875,0.004904243435758903,40929.75293209141,23.799290955824713,940.0625,0.02285506600069703,margin-localized,99.56982453395403,99.99984804822817,100.0,4,TCGA-49-AAR4-01,TCGA-49-AAR4,Male,Stage IIIA,51,1:DECEASED,28.88,1,III,matched
TCGA-49-AAR4,TCGA-49-AAR4-01Z-00-DX1.EDB32358-AF23-4F81-A99F-15574A2DE28E,4,TCGA-49-AAR4-01,,305988.91395883716,0.30598891395883715,17842.333354619506,108.96875,0.00610731499262047,17733.364604619506,30.625,407.65625,0.02284769833058045,margin-localized,93.59809069084419,97.85727296760199,100.0,5,TCGA-49-AAR4-01,TCGA-49-AAR4,Male,Stage IIIA,51,1:DECEASED,28.88,1,III,matched
TCGA-49-AAR4,TCGA-49-AAR4-01Z-00-DX1.EDB32358-AF23-4F81-A99F-15574A2DE28E,5,TCGA-49-AAR4-01,,241879.08217805185,0.24187908217805185,13942.710466240324,287.40625,0.02061337002557004,13655.304216240324,12.385096891021886,2149.84375,0.154191235284233,margin-localized,89.33840901930526,98.3148738396171,100.0,6,TCGA-49-AAR4-01,TCGA-49-AAR4,Male,Stage IIIA,51,1:DECEASED,28.88,1,III,matched
TCGA-49-AAR4,TCGA-49-AAR4-01Z-00-DX1.EDB32358-AF23-4F81-A99F-15574A2DE28E,6,TCGA-49-AAR4-01,,188316.4771826214,0.1883164771826214,12776.73761125233,139.25,0.010898713289483544,12637.48761125233,30.911415771523632,245.40625,0.019207270076820975,margin-localized,93.81258240322552,100.0,100.0,7,TCGA-49-AAR4-01,TCGA-49-AAR4,Male,Stage IIIA,51,1:DECEASED,28.88,1,III,matched
TCGA-49-AAR4,TCGA-49-AAR4-01Z-00-DX1.EDB32358-AF23-4F81-A99F-15574A2DE28E,7,TCGA-49-AAR4-01,,2899416.655810519,2.899416655810519,181299.47667874495,7927.0625,0.0437235818062863,173372.41417874495,16.795007761175313,10071.650018470456,0.05555255979208918,margin-localized,89.37736334455839,99.43497694328278,99.9946738676929,8,TCGA-49-AAR4-01,TCGA-49-AAR4,Male,Stage IIIA,51,1:DECEASED,28.88,1,III,matched
TCGA-49-AAR4,TCGA-49-AAR4-01Z-00-DX1.EDB32358-AF23-4F81-A99F-15574A2DE28E,8,TCGA-49-AAR4-01,,241879.08217805205,0.24187908217805204,8956.249950779556,588.4375,0.0657013262508135,8367.812450779556,18.625,353.25,0.039441730851789474,margin-localized,99.75854849832415,100.0,100.0,9,TCGA-49-AAR4-01,TCGA-49-AAR4,Male,Stage IIIA,51,1:DECEASED,28.88,1,III,matched
TCGA-49-AAR4,TCGA-49-AAR4-01Z-00-DX1.EDB32358-AF23-4F81-A99F-15574A2DE28E,9,TCGA-49-AAR4-01,,206194.78637635065,0.20619478637635064,27495.999904235287,425.96875,0.015492026166845703,27070.031154235287,23.493682661515628,66.21875,0.0024083048527287834,margin-localized,97.46660045876062,98.71610039037459,100.0,10,TCGA-49-AAR4-01,TCGA-49-AAR4,Male,Stage IIIA,51,1:DECEASED,28.88,1,III,matched
TCGA-49-AAR4,TCGA-49-AAR4-01Z-00-DX1.EDB32358-AF23-4F81-A99F-15574A2DE28E,10,TCGA-49-AAR4-01,,369754.7593619725,0.3697547593619725,73844.73394484815,373.1875,0.005053677900427127,73471.54644484815,12.375631297028852,413.4364961426514,0.005598726869967891,margin-localized,84.6405418460795,97.50032809311686,100.0,11,TCGA-49-AAR4-01,TCGA-49-AAR4,Male,Stage IIIA,51,1:DECEASED,28.88,1,III,matched
TCGA-49-AAR4,TCGA-49-AAR4-01Z-00-DX1.EDB32358-AF23-4F81-A99F-15574A2DE28E,11,TCGA-49-AAR4-01,,228394.78637635085,0.22839478637635086,13076.9375,460.03125,0.03517882149394688,12616.90625,20.292008895129136,4622.9375,0.353518360090044,margin-localized,98.3205165582538,100.0,100.0,12,TCGA-49-AAR4-01,TCGA-49-AAR4,Male,Stage IIIA,51,1:DECEASED,28.88,1,III,matched
TCGA-49-AAR4,TCGA-49-AAR4-01Z-00-DX1.EDB32358-AF23-4F81-A99F-15574A2DE28E,12,TCGA-49-AAR4-01,,472045.5526646604,0.47204555266466036,2442.834033069785,178.59375,0.07310924425576727,2264.240283069785,17.02250348803019,546.375,0.22366439659979617,margin-localized,89.98345787361929,100.0,100.0,13,TCGA-49-AAR4-01,TCGA-49-AAR4,Male,Stage IIIA,51,1:DECEASED,28.88,1,III,matched
TCGA-49-AARR,TCGA-49-AARR-01Z-00-DX1.9BCAFE3D-447C-40D6-85DD-AFABF6978376,1,TCGA-49-AARR-01,,276400.08217805164,0.2764000821780516,37093.303472950916,0.0,0.0,37093.303472950916,29.06474104584254,108.71875,0.0029309535636069623,margin-localized,99.32435883940835,100.0,100.0,2,TCGA-49-AARR-01,TCGA-49-AARR,Male,Stage IA,68,0:LIVING,163.99,0,I,matched
TCGA-49-AARR,TCGA-49-AARR-01Z-00-DX1.9BCAFE3D-447C-40D6-85DD-AFABF6978376,2,TCGA-49-AARR-01,,9953543.099324116,9.953543099324117,966868.925954193,18953.78125,0.019603258250641065,947915.144704193,23.335193378243087,96107.1250225694,0.09940036590556704,margin-localized,82.11306423663494,97.38845316492232,100.0,3,TCGA-49-AARR-01,TCGA-49-AARR,Male,Stage IA,68,0:LIVING,163.99,0,I,matched
TCGA-49-AARR,TCGA-49-AARR-01Z-00-DX1.9BCAFE3D-447C-40D6-85DD-AFABF6978376,3,TCGA-49-AARR-01,,166443.7108943127,0.1664437108943127,5471.352803072411,0.0,0.0,5471.352803072411,19.5908341131765,0.0,0.0,margin-localized,100.0,100.0,100.0,4,TCGA-49-AARR-01,TCGA-49-AARR,Male,Stage IA,68,0:LIVING,163.99,0,I,matched
TCGA-49-AARR,TCGA-49-AARR-01Z-00-DX1.9BCAFE3D-447C-40D6-85DD-AFABF6978376,4,TCGA-49-AARR-01,,1366043.9055394218,1.3660439055394218,32342.155942802423,4295.3125,0.1328084778144142,28046.843442802423,40.153027594441745,394.4375,0.012195770148952609,margin-localized,61.79290052692852,99.79931378070532,100.0,5,TCGA-49-AARR-01,TCGA-49-AARR,Male,Stage IA,68,0:LIVING,163.99,0,I,matched
TCGA-49-AARR,TCGA-49-AARR-01Z-00-DX1.9BCAFE3D-447C-40D6-85DD-AFABF6978376,5,TCGA-49-AARR-01,,189595.1813809202,0.18959518138092019,1254.46875,0.0,0.0,1254.46875,136.10531308512537,0.0,0.0,immune-excluded,0.0,0.0,100.0,6,TCGA-49-AARR-01,TCGA-49-AARR,Male,Stage IA,68,0:LIVING,163.99,0,I,matched
TCGA-49-AARR,TCGA-49-AARR-01Z-00-DX1.9BCAFE3D-447C-40D6-85DD-AFABF6978376,6,TCGA-49-AARR-01,,437243.39806779486,0.43724339806779483,4057.21875,0.0,0.0,4057.21875,44.1450025484199,280.59375,0.0691591376481734,margin-localized,100.0,100.0,100.0,7,TCGA-49-AARR-01,TCGA-49-AARR,Male,Stage IA,68,0:LIVING,163.99,0,I,matched
TCGA-49-AARR,TCGA-49-AARR-01Z-00-DX1.9BCAFE3D-447C-40D6-85DD-AFABF6978376,7,TCGA-49-AARR-01,,33442369.881615877,33.442369881615875,1095497.505534388,117003.71875,0.10680418545811762,978493.786784388,26.625,54546.88110143943,0.04979188069883487,margin-localized,64.78142489613519,93.7689800711702,99.77624049215521,8,TCGA-49-AARR-01,TCGA-49-AARR,Male,Stage IA,68,0:LIVING,163.99,0,I,matched
TCGA-50-5939,TCGA-50-5939-01Z-00-DX1.745D7503-0744-46B1-BC89-EBB8FCE2D55C,1,TCGA-50-5939-01,,304036.02298432245,0.3040360229843225,1282.9375,10.3125,0.008038193598674916,1272.625,148.6196908219096,66.90625,0.05215082574170605,immune-excluded,5.215082574170605,5.215082574170605,100.0,2,TCGA-50-5939-01,TCGA-50-5939,Male,Stage IB,85,1:DECEASED,15.11,1,I,matched
TCGA-50-5939,TCGA-50-5939-01Z-00-DX1.745D7503-0744-46B1-BC89-EBB8FCE2D55C,2,TCGA-50-5939-01,,18491243.276760586,18.491243276760585,166305.53245623258,9728.375,0.05849700161093716,156577.15745623258,60.25,15663.085119692489,0.09418258604123478,peritumoral,46.979646009027846,83.62481234874714,99.91279228787042,3,TCGA-50-5939-01,TCGA-50-5939,Male,Stage IB,85,1:DECEASED,15.11,1,I,matched
TCGA-50-5939,TCGA-50-5939-01Z-00-DX1.745D7503-0744-46B1-BC89-EBB8FCE2D55C,3,TCGA-50-5939-01,,1654226.7098179883,1.6542267098179884,163621.11539651296,3545.359453837522,0.021668104665133456,160075.7559426754,49.02167887781894,952.0782038375218,0.005818797907166768,margin-localized,60.284865174206956,72.99194182974684,99.99992360399223,4,TCGA-50-5939-01,TCGA-50-5939,Male,Stage IB,85,1:DECEASED,15.11,1,I,matched
TCGA-50-5939,TCGA-50-5939-01Z-00-DX1.745D7503-0744-46B1-BC89-EBB8FCE2D55C,4,TCGA-50-5939-01,,718718.9247236516,0.7187189247236516,78729.99055436211,0.0,0.0,78729.99055436211,81.08454307079741,0.0,0.0,peritumoral,27.449743007276027,99.89447088685664,100.0,5,TCGA-50-5939-01,TCGA-50-5939,Male,Stage IB,85,1:DECEASED,15.11,1,I,matched
TCGA-50-5939,TCGA-50-5939-01Z-00-DX1.745D7503-0744-46B1-BC89-EBB8FCE2D55C,5,TCGA-50-5939-01,,2100904.1509850523,2.1009041509850523,246618.0186557087,136.5,0.0005534875381127805,246481.51865570876,52.99104434949362,911.75,0.0036970129148302393,peritumoral,10.804756666108803,89.7881217160856,99.74972682313954,6,TCGA-50-5939-01,TCGA-50-5939,Male,Stage IB,85,1:DECEASED,15.11,1,I,matched
TCGA-50-5939,TCGA-50-5939-01Z-00-DX1.745D7503-0744-46B1-BC89-EBB8FCE2D55C,6,TCGA-50-5939-01,,27716058.947654027,27.716058947654027,1109196.9114519171,23286.3125,0.020993849026787022,1085910.5989519171,75.38919849686691,13757.5625,0.012403174186620857,peritumoral,33.10086423812956,56.80712397001307,99.95439532557224,7,TCGA-50-5939-01,TCGA-50-5939,Male,Stage IB,85,1:DECEASED,15.11,1,I,matched
TCGA-50-5939,TCGA-50-5939-01Z-00-DX1.745D7503-0744-46B1-BC89-EBB8FCE2D55C,7,TCGA-50-5939-01,,821120.5427503268,0.8211205427503268,34649.17503226298,0.0,0.0,34649.17503226298,70.03090835481144,0.0,0.0,peritumoral,8.578641056604528,99.98810409683384,100.0,8,TCGA-50-5939-01,TCGA-50-5939,Male,Stage IB,85,1:DECEASED,15.11,1,I,matched
TCGA-50-5939,TCGA-50-5939-01Z-00-DX1.745D7503-0744-46B1-BC89-EBB8FCE2D55C,8,TCGA-50-5939-01,,1362742.6278770503,1.3627426278770502,40462.36238374114,2244.9375,0.05548211641004124,38217.42488374114,69.93501447772782,886.21875,0.021902298773244795,peritumoral,10.707172653223193,84.56313713981004,100.0,9,TCGA-50-5939-01,TCGA-50-5939,Male,Stage IB,85,1:DECEASED,15.11,1,I,matched
TCGA-50-5939,TCGA-50-5939-01Z-00-DX1.745D7503-0744-46B1-BC89-EBB8FCE2D55C,9,TCGA-50-5939-01,,988824.5902516233,0.9888245902516233,19646.125,0.0,0.0,19646.125,61.91450758909417,72.375,0.0036839325821249737,peritumoral,1.5483333227290368,100.0,100.0,10,TCGA-50-5939-01,TCGA-50-5939,Male,Stage IB,85,1:DECEASED,15.11,1,I,matched
TCGA-50-5946,TCGA-50-5946-01Z-00-DX1.5076CACA-E3C0-4114-BA69-5B4896FF0C4B,1,TCGA-50-5946-01,,8825380.685672155,8.825380685672155,1721782.5226107691,32415.625,0.01882678246196135,1689366.897610769,41.875,18924.19981236541,0.010991051171590655,margin-localized,58.335078813200134,90.801708851371,100.0,2,TCGA-50-5946-01,TCGA-50-5946,Male,Stage IA,62,0:LIVING,53.12,0,I,matched
TCGA-50-5946,TCGA-50-5946-01Z-00-DX1.5076CACA-E3C0-4114-BA69-5B4896FF0C4B,2,TCGA-50-5946-01,,37885865.76441796,37.885865764417964,4437469.252300952,190944.10253593937,0.04302995506660232,4246525.149765013,32.23206865840292,183624.39881869743,0.04138043294012304,margin-localized,69.82074690702042,92.88953376571402,99.22223250615383,3,TCGA-50-5946-01,TCGA-50-5946,Male,Stage IA,62,0:LIVING,53.12,0,I,matched
TCGA-50-5946,TCGA-50-5946-01Z-00-DX1.5076CACA-E3C0-4114-BA69-5B4896FF0C4B,3,TCGA-50-5946-01,,298712.497270663,0.29871249727066296,149921.76410360794,0.0,0.0,149921.76410360794,58.26679612995724,973.1875,0.006491302352388606,peritumoral,18.876118385358925,93.6929130611175,100.0,4,TCGA-50-5946-01,TCGA-50-5946,Male,Stage IA,62,0:LIVING,53.12,0,I,matched
TCGA-50-5946,TCGA-50-5946-01Z-00-DX1.5076CACA-E3C0-4114-BA69-5B4896FF0C4B,4,TCGA-50-5946-01,,287937.6689948267,0.28793766899482665,17793.06524669216,0.0,0.0,17793.06524669216,20.96313728906053,494.03149617680083,0.027765395637418026,margin-localized,71.44340404785171,93.79410610431341,100.0,5,TCGA-50-5946-01,TCGA-50-5946,Male,Stage IA,62,0:LIVING,53.12,0,I,matched
TCGA-50-5946,TCGA-50-5946-01Z-00-DX1.5076CACA-E3C0-4114-BA69-5B4896FF0C4B,5,TCGA-50-5946-01,,64955961.99264747,64.95596199264747,5952771.142728381,573439.8264085026,0.09633157611123505,5379331.316319878,38.76229643609883,145379.9446585842,0.024422229777164094,margin-localized,62.854205645429786,93.5684525041993,98.63555508473509,6,TCGA-50-5946-01,TCGA-50-5946,Male,Stage IA,62,0:LIVING,53.12,0,I,matched
TCGA-50-5946,TCGA-50-5946-01Z-00-DX1.5076CACA-E3C0-4114-BA69-5B4896FF0C4B,6,TCGA-50-5946-01,,462943.2837713579,0.4629432837713579,88987.55000378602,0.17179320804090448,1.9305308218239008e-06,88987.37821057798,55.793284766179525,469.2997413162542,0.005273768536118677,peritumoral,43.4250527945452,69.72097178087844,100.0,7,TCGA-50-5946-01,TCGA-50-5946,Male,Stage IA,62,0:LIVING,53.12,0,I,matched
TCGA-50-5946,TCGA-50-5946-01Z-00-DX1.5076CACA-E3C0-4114-BA69-5B4896FF0C4B,7,TCGA-50-5946-01,,3250071.075048498,3.250071075048498,956404.190442434,17229.46875,0.018014840296788768,939174.721692434,50.175473341065754,11742.624386903444,0.012277888892844863,peritumoral,49.09065328902415,91.42417931599385,99.97877107569111,8,TCGA-50-5946-01,TCGA-50-5946,Male,Stage IA,62,0:LIVING,53.12,0,I,matched
TCGA-50-5946,TCGA-50-5946-01Z-00-DX1.5076CACA-E3C0-4114-BA69-5B4896FF0C4B,8,TCGA-50-5946-01,,1157271.665924843,1.157271665924843,105711.68318390843,0.0,0.0,105711.68318390843,64.00012207019608,152.6875,0.001444376774650035,peritumoral,40.744757299027164,99.4480413453165,100.0,9,TCGA-50-5946-01,TCGA-50-5946,Male,Stage IA,62,0:LIVING,53.12,0,I,matched
TCGA-50-5946,TCGA-50-5946-01Z-00-DX1.5076CACA-E3C0-4114-BA69-5B4896FF0C4B,9,TCGA-50-5946-01,,213568.9545955653,0.2135689545955653,13416.653682757342,0.0,0.0,13416.653682757342,51.21050307310015,166.6875,0.01242392506666707,peritumoral,12.188977545572557,100.0,100.0,10,TCGA-50-5946-01,TCGA-50-5946,Male,Stage IA,62,0:LIVING,53.12,0,I,matched
TCGA-50-5946,TCGA-50-5946-01Z-00-DX1.5076CACA-E3C0-4114-BA69-5B4896FF0C4B,10,TCGA-50-5946-01,,178437.47718262166,0.17843747718262165,2890.6808563095638,0.0,0.0,2890.6808563095638,76.0897137019847,0.0,0.0,peritumoral,41.54946739894893,68.02463148804347,100.0,11,TCGA-50-5946-01,TCGA-50-5946,Male,Stage IA,62,0:LIVING,53.12,0,I,matched
TCGA-50-5946,TCGA-50-5946-01Z-00-DX1.5076CACA-E3C0-4114-BA69-5B4896FF0C4B,11,TCGA-50-5946-01,,639312.1878872314,0.6393121878872313,132063.4824931142,32.28125,0.0002444373674735039,132031.20124311422,45.53861685426996,1305.28125,0.009883740950629993,margin-localized,57.81122033862396,89.5773559468723,99.75179265121886,12,TCGA-50-5946-01,TCGA-50-5946,Male,Stage IA,62,0:LIVING,53.12,0,I,matched
TCGA-50-5946,TCGA-50-5946-01Z-00-DX1.5076CACA-E3C0-4114-BA69-5B4896FF0C4B,12,TCGA-50-5946-01,,315520.9342772017,0.31552093427720174,24810.013746985915,143.5,0.005783954876584191,24666.51374698592,21.259189189618684,676.75,0.027277292423194086,margin-localized,68.26029997033936,91.35732465738195,100.0,13,TCGA-50-5946-01,TCGA-50-5946,Male,Stage IA,62,0:LIVING,53.12,0,I,matched
TCGA-50-7109,TCGA-50-7109-01Z-00-DX1.08f6420c-baa2-4e79-908e-ebbdeec503a6,1,TCGA-50-7109-01,,667148.8085113091,0.6671488085113091,66996.57735479926,1283.75,0.01916142660843016,65712.82735479926,35.53717243957375,2261.96875,0.033762452341723474,margin-localized,71.11091210475303,96.98821395187218,100.0,2,TCGA-50-7109-01,TCGA-50-7109,Male,Stage IA,60,1:DECEASED,10.12,1,I,matched
TCGA-50-7109,TCGA-50-7109-01Z-00-DX1.08f6420c-baa2-4e79-908e-ebbdeec503a6,2,TCGA-50-7109-01,,97608629.1821021,97.60862918210209,5747925.644901888,214225.92584869426,0.037270128231164844,5533699.719053194,54.95481098138725,97874.61632466942,0.01702781531481346,peritumoral,45.4699315442565,90.60330589161985,99.46090955452196,3,TCGA-50-7109-01,TCGA-50-7109,Male,Stage IA,60,1:DECEASED,10.12,1,I,matched
TCGA-50-7109,TCGA-50-7109-01Z-00-DX1.08f6420c-baa2-4e79-908e-ebbdeec503a6,3,TCGA-50-7109-01,,365744.8248544495,0.3657448248544495,11545.591274548291,0.0,0.0,11545.591274548291,41.271821879461534,75.25,0.006517639349132778,margin-localized,83.66638437862265,100.0,100.0,4,TCGA-50-7109-01,TCGA-50-7109,Male,Stage IA,60,1:DECEASED,10.12,1,I,matched
TCGA-50-7109,TCGA-50-7109-01Z-00-DX1.08f6420c-baa2-4e79-908e-ebbdeec503a6,4,TCGA-50-7109-01,,362365.92758118775,0.36236592758118774,9798.270090006057,0.0,0.0,9798.270090006057,24.203886568070015,377.59375,0.038536777056710686,margin-localized,90.97077767933308,100.0,100.0,5,TCGA-50-7109-01,TCGA-50-7109,Male,Stage IA,60,1:DECEASED,10.12,1,I,matched
TCGA-50-7109,TCGA-50-7109-01Z-00-DX1.08f6420c-baa2-4e79-908e-ebbdeec503a6,5,TCGA-50-7109-01,,447240.7997683785,0.4472407997683785,2467.185052145909,0.0,0.0,2467.185052145909,56.61565182217723,175.0625,0.07095637185696066,peritumoral,46.32800248006336,100.0,100.0,6,TCGA-50-7109-01,TCGA-50-7109,Male,Stage IA,60,1:DECEASED,10.12,1,I,matched
TCGA-50-7109,TCGA-50-7109-01Z-00-DX1.08f6420c-baa2-4e79-908e-ebbdeec503a6,6,TCGA-50-7109-01,,167114.02678405555,0.16711402678405554,779.25,0.0,0.0,779.25,62.844674595386365,0.0,0.0,immune-desert,5.34167468719923,100.0,100.0,7,TCGA-50-7109-01,TCGA-50-7109,Male,Stage IA,60,1:DECEASED,10.12,1,I,matched
TCGA-50-7109,TCGA-50-7109-01Z-00-DX1.08f6420c-baa2-4e79-908e-ebbdeec503a6,7,TCGA-50-7109-01,,2026254.2596958592,2.0262542596958593,328817.8002748515,673.71875,0.0020489120401537067,328144.0815248515,41.15234653090878,5462.6875,0.016613113692244948,margin-localized,63.617986544692684,96.64557608296931,100.0,8,TCGA-50-7109-01,TCGA-50-7109,Male,Stage IA,60,1:DECEASED,10.12,1,I,matched
TCGA-50-7109,TCGA-50-7109-01Z-00-DX1.08f6420c-baa2-4e79-908e-ebbdeec503a6,8,TCGA-50-7109-01,,797833.4633299491,0.7978334633299491,11803.593053577157,0.0,0.0,11803.593053577157,179.8970625802434,0.0,0.0,immune-excluded,0.2626318940282785,1.42197167623577,100.0,9,TCGA-50-7109-01,TCGA-50-7109,Male,Stage IA,60,1:DECEASED,10.12,1,I,matched
TCGA-50-8459,TCGA-50-8459-01Z-00-DX1.24D876E7-5265-4C5D-A215-0BAE5450EEF3,1,TCGA-50-8459-01,,258901.5947610857,0.2589015947610857,11846.913586931238,0.0,0.0,11846.913586931238,21.06287091661533,179.93859608378045,0.015188647639185726,margin-localized,95.93907943643049,100.0,100.0,2,TCGA-50-8459-01,TCGA-50-8459,Male,Stage IIB,68,0:LIVING,36.76,0,II,matched
TCGA-50-8459,TCGA-50-8459-01Z-00-DX1.24D876E7-5265-4C5D-A215-0BAE5450EEF3,2,TCGA-50-8459-01,,1513591.125723441,1.513591125723441,9723.675761942333,12.0625,0.0012405288180434432,9711.613261942333,27.37756837266597,1137.5625,0.1169889379129985,margin-localized,66.65086745166128,100.0,100.0,3,TCGA-50-8459-01,TCGA-50-8459,Male,Stage IIB,68,0:LIVING,36.76,0,II,matched
TCGA-50-8459,TCGA-50-8459-01Z-00-DX1.24D876E7-5265-4C5D-A215-0BAE5450EEF3,3,TCGA-50-8459-01,,2251677.8860628335,2.2516778860628337,90477.4433403209,964.34375,0.01065838859275375,89513.0995903209,59.61674471153218,1222.6875,0.013513727343079271,peritumoral,47.40189189569441,73.07610591014793,96.93671464640207,4,TCGA-50-8459-01,TCGA-50-8459,Male,Stage IIB,68,0:LIVING,36.76,0,II,matched
TCGA-50-8459,TCGA-50-8459-01Z-00-DX1.24D876E7-5265-4C5D-A215-0BAE5450EEF3,4,TCGA-50-8459-01,,50936623.656099156,50.93662365609916,8381519.743019884,344487.7413222211,0.0411008685637363,8037032.001697663,40.79407126041724,217751.99532388593,0.025980013410483154,margin-localized,58.29053416685318,90.68095980928715,99.96706025707431,5,TCGA-50-8459-01,TCGA-50-8459,Male,Stage IIB,68,0:LIVING,36.76,0,II,matched
TCGA-50-8459,TCGA-50-8459-01Z-00-DX1.24D876E7-5265-4C5D-A215-0BAE5450EEF3,5,TCGA-50-8459-01,,287102.795968645,0.287102795968645,29637.081702475236,1633.875,0.05512941579074372,28003.206702475236,1.375,16012.375,0.5402817713547915,margin-localized,98.69028763610251,99.51824074668541,100.0,6,TCGA-50-8459-01,TCGA-50-8459,Male,Stage IIB,68,0:LIVING,36.76,0,II,matched
TCGA-50-8459,TCGA-50-8459-01Z-00-DX1.24D876E7-5265-4C5D-A215-0BAE5450EEF3,6,TCGA-50-8459-01,,83942270.65640034,83.94227065640034,5297834.027992149,794990.6881737362,0.15005956849030122,4502843.339818412,48.86289012379436,193907.74502451078,0.03660132499432052,peritumoral,45.867939740899175,81.46402685627112,93.87964945513427,7,TCGA-50-8459-01,TCGA-50-8459,Male,Stage IIB,68,0:LIVING,36.76,0,II,matched
TCGA-50-8459,TCGA-50-8459-01Z-00-DX1.24D876E7-5265-4C5D-A215-0BAE5450EEF3,7,TCGA-50-8459-01,,229807.0229843226,0.2298070229843226,78297.12168905737,16.0,0.00020434978521357476,78281.12168905737,123.9487297969689,25.948909192331712,0.0003314158762487213,immune-excluded,7.740281543503177,8.059218874292567,100.0,8,TCGA-50-8459-01,TCGA-50-8459,Male,Stage IIB,68,0:LIVING,36.76,0,II,matched
TCGA-50-8459,TCGA-50-8459-01Z-00-DX1.24D876E7-5265-4C5D-A215-0BAE5450EEF3,8,TCGA-50-8459-01,,119834785.28581384,119.83478528581384,8703573.077822912,502807.75549504743,0.05777026871598559,8200765.322327866,43.126132231513644,373555.2669085312,0.04291975991565653,margin-localized,58.87690739870596,92.35972589126021,99.43914218548167,9,TCGA-50-8459-01,TCGA-50-8459,Male,Stage IIB,68,0:LIVING,36.76,0,II,matched
TCGA-50-8459,TCGA-50-8459-01Z-00-DX1.24D876E7-5265-4C5D-A215-0BAE5450EEF3,9,TCGA-50-8459-01,,1250605.8230131539,1.2506058230131538,87882.98293892235,249.59375,0.0028400691653066076,87633.38918892235,60.01262887926174,758.5430379432796,0.008631284607970786,peritumoral,37.922152789938416,70.93497453869436,100.0,10,TCGA-50-8459-01,TCGA-50-8459,Male,Stage IIB,68,0:LIVING,36.76,0,II,matched
TCGA-50-8459,TCGA-50-8459-01Z-00-DX1.24D876E7-5265-4C5D-A215-0BAE5450EEF3,10,TCGA-50-8459-01,,218754.16273223123,0.21875416273223122,81373.31157433256,40.40625,0.0004965540816547679,81332.90532433256,140.78668482850216,155.50766087005653,0.001911040092401844,immune-excluded,9.19059238444601,13.95046610013892,100.0,11,TCGA-50-8459-01,TCGA-50-8459,Male,Stage IIB,68,0:LIVING,36.76,0,II,matched
TCGA-50-8459,TCGA-50-8459-01Z-00-DX1.24D876E7-5265-4C5D-A215-0BAE5450EEF3,11,TCGA-50-8459-01,,144031.03695403592,0.14403103695403593,19694.597423820942,0.0,0.0,19694.597423820942,59.36078777273765,0.0,0.0,peritumoral,7.106803047962243,98.59101970785204,100.0,12,TCGA-50-8459-01,TCGA-50-8459,Male,Stage IIB,68,0:LIVING,36.76,0,II,matched
TCGA-50-8459,TCGA-50-8459-01Z-00-DX1.24D876E7-5265-4C5D-A215-0BAE5450EEF3,12,TCGA-50-8459-01,,815803.7087964127,0.8158037087964127,605.5625,0.0,0.0,605.5625,9.25,151.59375,0.25033543193312,immune-desert,100.0,100.0,100.0,13,TCGA-50-8459-01,TCGA-50-8459,Male,Stage IIB,68,0:LIVING,36.76,0,II,matched
TCGA-50-8459,TCGA-50-8459-01Z-00-DX1.24D876E7-5265-4C5D-A215-0BAE5450EEF3,13,TCGA-50-8459-01,,221279.63915629484,0.22127963915629484,71959.48847904161,432.125,0.006005114949168344,71527.36347904161,39.625,28.6875,0.00039866181105991755,margin-localized,51.74944196848866,57.78483585705637,100.0,14,TCGA-50-8459-01,TCGA-50-8459,Male,Stage IIB,68,0:LIVING,36.76,0,II,matched
TCGA-50-8459,TCGA-50-8459-01Z-00-DX1.24D876E7-5265-4C5D-A215-0BAE5450EEF3,14,TCGA-50-8459-01,,279445.8913717817,0.2794458913717817,25964.897809575297,865.71875,0.03334188935959307,25099.179059575297,8.228651828143795,4521.376318289575,0.17413418498501418,margin-localized,98.3882821016788,100.0,100.0,15,TCGA-50-8459-01,TCGA-50-8459,Male,Stage IIB,68,0:LIVING,36.76,0,II,matched
TCGA-50-8459,TCGA-50-8459-01Z-00-DX1.24D876E7-5265-4C5D-A215-0BAE5450EEF3,15,TCGA-50-8459-01,,1555339.2862739293,1.5553392862739293,41431.37332714251,0.0,0.0,41431.37332714251,85.07765294864451,799.53125,0.019297725028009423,peritumoral,17.03967822325581,99.99984914813346,100.0,16,TCGA-50-8459-01,TCGA-50-8459,Male,Stage IIB,68,0:LIVING,36.76,0,II,matched
TCGA-50-8459,TCGA-50-8459-01Z-00-DX1.24D876E7-5265-4C5D-A215-0BAE5450EEF3,16,TCGA-50-8459-01,,259938.81514735043,0.2599388151473504,5697.28125,286.4375,0.050276173394107934,5410.84375,84.64576923863353,529.65625,0.09296649169285788,margin-localized,51.855325731023015,59.59037479499541,93.23964829715928,17,TCGA-50-8459-01,TCGA-50-8459,Male,Stage IIB,68,0:LIVING,36.76,0,II,matched
TCGA-50-8459,TCGA-50-8459-01Z-00-DX1.24D876E7-5265-4C5D-A215-0BAE5450EEF3,17,TCGA-50-8459-01,,239773.2454905372,0.2397732454905372,4168.525938296598,0.0,0.0,4168.525938296598,112.21739271831663,55.25,0.013254085693077644,immune-excluded,39.22774559172363,41.338053918986844,100.0,18,TCGA-50-8459-01,TCGA-50-8459,Male,Stage IIB,68,0:LIVING,36.76,0,II,matched
TCGA-50-8459,TCGA-50-8459-01Z-00-DX1.24D876E7-5265-4C5D-A215-0BAE5450EEF3,18,TCGA-50-8459-01,,359168.1791375773,0.3591681791375773,14469.752197381864,0.0,0.0,14469.752197381864,52.958894732141076,633.0,0.04374642988803458,peritumoral,28.989352704733818,63.27596267790025,100.0,19,TCGA-50-8459-01,TCGA-50-8459,Male,Stage IIB,68,0:LIVING,36.76,0,II,matched
TCGA-50-8459,TCGA-50-8459-01Z-00-DX1.24D876E7-5265-4C5D-A215-0BAE5450EEF3,19,TCGA-50-8459-01,,242582.9297629322,0.24258292976293222,1914.625,0.0,0.0,1914.625,57.20494952362077,136.28125,0.07117908206567866,peritumoral,46.11542730299667,86.73206241431089,100.0,20,TCGA-50-8459-01,TCGA-50-8459,Male,Stage IIB,68,0:LIVING,36.76,0,II,matched
TCGA-50-8459,TCGA-50-8459-01Z-00-DX1.24D876E7-5265-4C5D-A215-0BAE5450EEF3,20,TCGA-50-8459-01,,248185.33217805126,0.24818533217805128,12827.314629792822,0.0,0.0,12827.314629792822,74.375,26.28125,0.002048850500552856,peritumoral,47.475064606087564,59.860070883104534,100.0,21,TCGA-50-8459-01,TCGA-50-8459,Male,Stage IIB,68,0:LIVING,36.76,0,II,matched
TCGA-53-A4EZ,TCGA-53-A4EZ-01Z-00-DX1.5D155F0B-A677-4589-AF00-A4C451F5B6B6,1,TCGA-53-A4EZ-01,,893336.7688863886,0.8933367688863886,41070.55812107671,0.0,0.0,41070.55812107671,23.125337835370104,271.8125,0.006618183741226308,margin-localized,74.49527973716872,79.87267660938365,100.0,2,TCGA-53-A4EZ-01,TCGA-53-A4EZ,Male,Stage IIA,63,0:LIVING,35.18,0,II,matched
TCGA-53-A4EZ,TCGA-53-A4EZ-01Z-00-DX1.5D155F0B-A677-4589-AF00-A4C451F5B6B6,2,TCGA-53-A4EZ-01,,389409.08594992734,0.38940908594992735,11720.302939772664,0.0,0.0,11720.302939772664,150.92955828509633,243.6875,0.020791911373984225,immune-excluded,18.78815693322369,30.331752076368584,100.0,3,TCGA-53-A4EZ-01,TCGA-53-A4EZ,Male,Stage IIA,63,0:LIVING,35.18,0,II,matched
TCGA-53-A4EZ,TCGA-53-A4EZ-01Z-00-DX1.5D155F0B-A677-4589-AF00-A4C451F5B6B6,3,TCGA-53-A4EZ-01,,43514119.6359378,43.5141196359378,2232267.187891932,434613.73133303237,0.1946961070298511,1797653.4565589,56.39051892827375,441929.58498713095,0.19797342691959396,peritumoral,45.231171204853204,78.31479226246792,95.57902888127991,4,TCGA-53-A4EZ-01,TCGA-53-A4EZ,Male,Stage IIA,63,0:LIVING,35.18,0,II,matched
TCGA-53-A4EZ,TCGA-53-A4EZ-01Z-00-DX1.5D155F0B-A677-4589-AF00-A4C451F5B6B6,4,TCGA-53-A4EZ-01,,82542.75672129563,0.08254275672129563,1788.6836920313954,0.0,0.0,1788.6836920313954,8.606993975495698,32.1875,0.01799507657133324,margin-localized,100.0,100.0,100.0,5,TCGA-53-A4EZ-01,TCGA-53-A4EZ,Male,Stage IIA,63,0:LIVING,35.18,0,II,matched
TCGA-53-A4EZ,TCGA-53-A4EZ-01Z-00-DX1.5D155F0B-A677-4589-AF00-A4C451F5B6B6,5,TCGA-53-A4EZ-01,,160150777.76681745,160.15077776681744,3834187.4812579853,414316.9375,0.1080586016007918,3419870.5437579853,38.32656756415842,70670.69942973285,0.01843172765421111,margin-localized,60.421262100612225,87.0653776436172,92.88320126274911,6,TCGA-53-A4EZ-01,TCGA-53-A4EZ,Male,Stage IIA,63,0:LIVING,35.18,0,II,matched
TCGA-53-A4EZ,TCGA-53-A4EZ-01Z-00-DX1.5D155F0B-A677-4589-AF00-A4C451F5B6B6,6,TCGA-53-A4EZ-01,,356106.4505655098,0.35610645056550977,45626.77794236287,0.0,0.0,45626.77794236287,16.125,834.25,0.01828421899643779,margin-localized,83.50393774929555,94.09407301175885,100.0,7,TCGA-53-A4EZ-01,TCGA-53-A4EZ,Male,Stage IIA,63,0:LIVING,35.18,0,II,matched
TCGA-53-A4EZ,TCGA-53-A4EZ-01Z-00-DX1.5D155F0B-A677-4589-AF00-A4C451F5B6B6,7,TCGA-53-A4EZ-01,,14076138.38366681,14.076138383666809,650941.9782426456,8964.375,0.013771388694582595,641977.6032426455,61.079482029565376,3529.03125,0.005421422135852046,peritumoral,35.002114375870995,75.53381665065149,99.60923942540154,8,TCGA-53-A4EZ-01,TCGA-53-A4EZ,Male,Stage IIA,63,0:LIVING,35.18,0,II,matched
TCGA-53-A4EZ,TCGA-53-A4EZ-01Z-00-DX1.5D155F0B-A677-4589-AF00-A4C451F5B6B6,8,TCGA-53-A4EZ-01,,227646.17758118734,0.22764617758118733,1339.875,0.0,0.0,1339.875,5.398205720422296,82.90625,0.06187610784588114,margin-localized,100.0,100.0,100.0,9,TCGA-53-A4EZ-01,TCGA-53-A4EZ,Male,Stage IIA,63,0:LIVING,35.18,0,II,matched
TCGA-53-A4EZ,TCGA-53-A4EZ-01Z-00-DX1.5D155F0B-A677-4589-AF00-A4C451F5B6B6,9,TCGA-53-A4EZ-01,,207107.02298432312,0.20710702298432312,4027.0301330441835,0.0,0.0,4027.0301330441835,80.18611164035826,0.0,0.0,peritumoral,11.955122438585969,100.0,100.0,10,TCGA-53-A4EZ-01,TCGA-53-A4EZ,Male,Stage IIA,63,0:LIVING,35.18,0,II,matched
TCGA-53-A4EZ,TCGA-53-A4EZ-01Z-00-DX1.5D155F0B-A677-4589-AF00-A4C451F5B6B6,10,TCGA-53-A4EZ-01,,36882087.74009718,36.88208774009718,1274401.47979759,22351.978368645086,0.017539196809623285,1252049.501428945,55.809355936234674,19604.5188524875,0.015383314570225732,peritumoral,44.469773893172494,90.72735086291026,99.31607355388633,11,TCGA-53-A4EZ-01,TCGA-53-A4EZ,Male,Stage IIA,63,0:LIVING,35.18,0,II,matched
TCGA-53-A4EZ,TCGA-53-A4EZ-01Z-00-DX1.5D155F0B-A677-4589-AF00-A4C451F5B6B6,11,TCGA-53-A4EZ-01,,19321089.890157428,19.321089890157428,893918.7715349365,3866.34375,0.00432516227773263,890052.4277849365,52.474882384336986,8424.865730925965,0.009424643490213026,peritumoral,41.612389814276646,93.44141655877365,99.87674107519511,12,TCGA-53-A4EZ-01,TCGA-53-A4EZ,Male,Stage IIA,63,0:LIVING,35.18,0,II,matched
TCGA-53-A4EZ,TCGA-53-A4EZ-01Z-00-DX1.5D155F0B-A677-4589-AF00-A4C451F5B6B6,12,TCGA-53-A4EZ-01,,413546.8030458075,0.41354680304580754,76188.46199170515,0.5625,7.383007679840564e-06,76187.89949170515,108.87507175657797,657.125,0.008624993638427076,immune-excluded,18.82811840064784,18.86175210230045,100.0,13,TCGA-53-A4EZ-01,TCGA-53-A4EZ,Male,Stage IIA,63,0:LIVING,35.18,0,II,matched
TCGA-53-A4EZ,TCGA-53-A4EZ-01Z-00-DX1.5D155F0B-A677-4589-AF00-A4C451F5B6B6,13,TCGA-53-A4EZ-01,,313628.660550486,0.313628660550486,14150.5241540576,0.0,0.0,14150.5241540576,33.563605661489945,784.9375,0.05547056006225201,margin-localized,99.13408684607019,99.82421145867684,100.0,14,TCGA-53-A4EZ-01,TCGA-53-A4EZ,Male,Stage IIA,63,0:LIVING,35.18,0,II,matched
TCGA-53-A4EZ,TCGA-53-A4EZ-01Z-00-DX1.5D155F0B-A677-4589-AF00-A4C451F5B6B6,14,TCGA-53-A4EZ-01,,384470.6844538086,0.3844706844538086,0.0,0.0,,0.0,,0.0,,immune-desert,,,,15,TCGA-53-A4EZ-01,TCGA-53-A4EZ,Male,Stage IIA,63,0:LIVING,35.18,0,II,matched
TCGA-55-1596,TCGA-55-1596-01Z-00-DX1.de65522d-92ab-408e-9b7e-24210d386b97,1,TCGA-55-1596-01,,1110543.7961355872,1.110543796135587,145885.80134299482,335.875,0.002302314528953493,145549.92634299485,27.782438024315525,146.28125,0.0010027106726862023,margin-localized,64.09345307268711,84.35029587168378,100.0,2,TCGA-55-1596-01,TCGA-55-1596,Male,Stage IIB,55,0:LIVING,67.84,0,II,matched
TCGA-55-1596,TCGA-55-1596-01Z-00-DX1.de65522d-92ab-408e-9b7e-24210d386b97,2,TCGA-55-1596-01,,1161977.0616293647,1.1619770616293648,96567.25651507318,0.0,0.0,96567.25651507318,15.63094120698988,119.65700862849111,0.00123910539603881,margin-localized,64.74358830301514,99.99993527826899,100.0,3,TCGA-55-1596-01,TCGA-55-1596,Male,Stage IIB,55,0:LIVING,67.84,0,II,matched
TCGA-55-1596,TCGA-55-1596-01Z-00-DX1.de65522d-92ab-408e-9b7e-24210d386b97,3,TCGA-55-1596-01,,88578157.92916055,88.57815792916055,2013003.377837165,269651.26403989445,0.13395470022987063,1743352.1137972707,60.47029229299293,2972.154134315517,0.0014764774699528294,peritumoral,30.60572194029851,80.10151312363443,92.47530447948148,4,TCGA-55-1596-01,TCGA-55-1596,Male,Stage IIB,55,0:LIVING,67.84,0,II,matched
TCGA-55-1596,TCGA-55-1596-01Z-00-DX1.de65522d-92ab-408e-9b7e-24210d386b97,4,TCGA-55-1596-01,,87967612.09732668,87.96761209732668,1805227.633271168,564987.3757420259,0.3129729266985787,1240240.2575291418,55.87625837509165,2127.305569606091,0.0011784140295655128,immune-penetrated,30.618956394200588,75.94527881271492,92.71708190275353,5,TCGA-55-1596-01,TCGA-55-1596,Male,Stage IIB,55,0:LIVING,67.84,0,II,matched
TCGA-55-5899,TCGA-55-5899-01Z-00-DX1.faa65b08-150c-4c74-95aa-1e8743f0152c,1,TCGA-55-5899-01,,24599063.855155103,24.5990638551551,1355041.2070621557,79914.53125,0.058975720320167596,1275126.6758121555,43.39881370786534,40337.11367265695,0.029768182297652216,margin-localized,52.68046174524403,81.60120871459338,96.26606604387352,2,TCGA-55-5899-01,TCGA-55-5899,Male,[Discrepancy],58,0:LIVING,30.55,0,,matched
TCGA-55-6642,TCGA-55-6642-01Z-00-DX1.0487cfc6-8216-4da3-aae1-a35452e9e4f6,1,TCGA-55-6642-01,,42860511.73147688,42.86051173147688,1435427.4442280536,82627.97396963988,0.057563323246948,1352799.4702584138,49.20651633676174,43502.07010689618,0.030306004167483917,margin-localized,56.275583793389906,84.71471285409636,98.71651304230035,2,TCGA-55-6642-01,TCGA-55-6642,Male,Stage IB,63,0:LIVING,80.45,0,I,matched
TCGA-55-6968,TCGA-55-6968-01Z-00-DX1.810e0fee-99ab-465b-8ae9-fb416e4dca3c,1,TCGA-55-6968-01,,53986743.03498133,53.98674303498133,2724979.1135515794,4823.03125,0.001769933290869867,2720156.0823015794,71.60517286656041,7149.620024425086,0.0026237338806999835,peritumoral,28.297112307109725,70.50606570031205,80.45333480313333,2,TCGA-55-6968-01,TCGA-55-6968,Male,Stage IV,61,1:DECEASED,42.48,1,IV,matched
TCGA-55-6968,TCGA-55-6968-01Z-00-DX1.810e0fee-99ab-465b-8ae9-fb416e4dca3c,2,TCGA-55-6968-01,,341497.2806862707,0.34149728068627067,146.25,0.0,0.0,146.25,16.69171295134205,0.0,0.0,immune-desert,100.0,100.0,100.0,3,TCGA-55-6968-01,TCGA-55-6968,Male,Stage IV,61,1:DECEASED,42.48,1,IV,matched
TCGA-55-6968,TCGA-55-6968-01Z-00-DX1.810e0fee-99ab-465b-8ae9-fb416e4dca3c,3,TCGA-55-6968-01,,285070.6114611214,0.2850706114611214,31784.44059615655,0.0,0.0,31784.44059615655,64.32426482659505,83.65625,0.0026319874891904157,peritumoral,41.7487460738241,96.40282756583225,100.0,4,TCGA-55-6968-01,TCGA-55-6968,Male,Stage IV,61,1:DECEASED,42.48,1,IV,matched
TCGA-55-6969,TCGA-55-6969-01Z-00-DX1.713df9f6-1a91-4e0e-ad43-42e66dcca191,1,TCGA-55-6969-01,,70277455.81848225,70.27745581848225,3701949.868905632,55449.65625,0.014978500037438917,3646500.212655632,39.62519716039278,181934.40625,0.04914556185056697,margin-localized,62.25321552052978,91.06496395959965,98.01608096123816,2,TCGA-55-6969-01,TCGA-55-6969,Male,Stage IB,52,0:LIVING,40.7,0,I,matched
TCGA-55-6972,TCGA-55-6972-01Z-00-DX1.0b441ad0-c30f-4f63-849a-36c98d6e2d3b,1,TCGA-55-6972-01,,19881656.058094777,19.881656058094777,68509.6875,38801.71875,0.5663683511912093,29707.96875,12.844776418840462,5405.96875,0.07890809237744661,immune-penetrated,54.234209578025,66.25887762223408,87.51668331577194,2,TCGA-55-6972-01,TCGA-55-6972,Male,Stage IB,72,1:DECEASED,53.61,1,I,matched
TCGA-55-6978,TCGA-55-6978-01Z-00-DX1.2ef6d6aa-2a19-4bce-b845-cc83ac81a1c3,1,TCGA-55-6978-01,,36050553.02807209,36.05055302807209,8910336.249436848,1073232.251267218,0.12044800793404947,7837103.998169631,16.183517849960804,1824159.489234586,0.20472397877800366,margin-localized,93.16754473121168,97.28596687747272,99.88196263304107,2,TCGA-55-6978-01,TCGA-55-6978,Male,Stage IIA,81,1:DECEASED,5.78,1,II,matched
TCGA-55-6978,TCGA-55-6978-01Z-00-DX1.2ef6d6aa-2a19-4bce-b845-cc83ac81a1c3,2,TCGA-55-6978-01,,580495.5459686443,0.5804955459686443,23235.34375,6602.03125,0.2841374468583018,16633.3125,20.90725427333776,758.875,0.03266037327293684,margin-localized,75.00184928402447,97.78153163755108,100.0,3,TCGA-55-6978-01,TCGA-55-6978,Male,Stage IIA,81,1:DECEASED,5.78,1,II,matched
TCGA-55-6978,TCGA-55-6978-01Z-00-DX1.2ef6d6aa-2a19-4bce-b845-cc83ac81a1c3,3,TCGA-55-6978-01,,278842.0821780514,0.2788420821780514,3691.625,723.75,0.19605187417465209,2967.875,7.391929720986259,893.4375,0.24201740425964174,margin-localized,99.19920089391529,100.0,100.0,4,TCGA-55-6978-01,TCGA-55-6978,Male,Stage IIA,81,1:DECEASED,5.78,1,II,matched
TCGA-55-6978,TCGA-55-6978-01Z-00-DX1.2ef6d6aa-2a19-4bce-b845-cc83ac81a1c3,4,TCGA-55-6978-01,,1219811.0097592396,1.2198110097592396,40137.960808651886,19514.0625,0.4861747360068594,20623.898308651886,15.853331668769187,4384.71875,0.10924119366459836,immune-penetrated,68.27722499231854,87.5272375598093,100.0,5,TCGA-55-6978-01,TCGA-55-6978,Male,Stage IIA,81,1:DECEASED,5.78,1,II,matched
TCGA-55-6978,TCGA-55-6978-01Z-00-DX1.2ef6d6aa-2a19-4bce-b845-cc83ac81a1c3,5,TCGA-55-6978-01,,563290.5459686447,0.5632905459686447,12773.3125,21.46875,0.0016807503926643931,12751.84375,13.569842482505093,1494.125,0.11697239850665206,margin-localized,99.81822452085159,100.0,100.0,6,TCGA-55-6978-01,TCGA-55-6978,Male,Stage IIA,81,1:DECEASED,5.78,1,II,matched
TCGA-55-6978,TCGA-55-6978-01Z-00-DX1.2ef6d6aa-2a19-4bce-b845-cc83ac81a1c3,6,TCGA-55-6978-01,,151793.12598692402,0.15179312598692402,29162.861182042376,12.21875,0.00041898323774636843,29150.64243204238,14.062105930965519,1192.793041848847,0.040901097954796475,margin-localized,87.0167546766635,100.0,100.0,7,TCGA-55-6978-01,TCGA-55-6978,Male,Stage IIA,81,1:DECEASED,5.78,1,II,matched
TCGA-55-6978,TCGA-55-6978-01Z-00-DX1.2ef6d6aa-2a19-4bce-b845-cc83ac81a1c3,7,TCGA-55-6978-01,,240542.85060606967,0.24054285060606967,136474.45035429025,3162.59375,0.023173522529600574,133311.85660429022,32.03762054553414,5501.539727523463,0.04031186579789375,margin-localized,80.50151582033855,100.0,100.0,8,TCGA-55-6978-01,TCGA-55-6978,Male,Stage IIA,81,1:DECEASED,5.78,1,II,matched
TCGA-55-6983,TCGA-55-6983-01Z-00-DX1.8f940a64-1f1b-4e6e-99ea-418175be2b3f,1,TCGA-55-6983-01,,7489717.107439804,7.4897171074398035,493939.71967969224,9068.78125,0.01836009717113028,484870.9384296922,67.37233297133179,8392.214560667488,0.0169903618322285,peritumoral,42.71946976696791,73.69324137328536,98.60417774773067,2,TCGA-55-6983-01,TCGA-55-6983,Male,Stage IIB,81,0:LIVING,92.74,0,II,matched
TCGA-55-6983,TCGA-55-6983-01Z-00-DX1.8f940a64-1f1b-4e6e-99ea-418175be2b3f,2,TCGA-55-6983-01,,1618484.4889537294,1.6184844889537293,189053.2128420523,23351.59375,0.12351862948507245,165701.61909205228,60.127631179433635,848.3125,0.004487162567867794,peritumoral,28.162125300009944,92.17728844746586,99.25182106583776,3,TCGA-55-6983-01,TCGA-55-6983,Male,Stage IIB,81,0:LIVING,92.74,0,II,matched
TCGA-55-6983,TCGA-55-6983-01Z-00-DX1.8f940a64-1f1b-4e6e-99ea-418175be2b3f,3,TCGA-55-6983-01,,358041.2434709304,0.35804124347093036,18063.3353513107,12.84375,0.0007110397803176499,18050.4916013107,56.65603454178557,12.84375,0.0007110397803176499,peritumoral,6.834286005272128,98.60057211620288,99.11733945322777,4,TCGA-55-6983-01,TCGA-55-6983,Male,Stage IIB,81,0:LIVING,92.74,0,II,matched
TCGA-55-6987,TCGA-55-6987-01Z-00-DX1.0c52b721-2209-4818-af8f-b22d37e6e81e,1,TCGA-55-6987-01,,2331385.3569704196,2.3313853569704195,267696.93896405434,5576.5,0.020831392475312533,262120.4389640543,47.519897148457716,14644.5625,0.05470575254491959,margin-localized,51.05814908626334,99.90931909758125,100.0,2,TCGA-55-6987-01,TCGA-55-6987,Male,Stage IA,77,0:LIVING,70.2,0,I,matched
TCGA-55-6987,TCGA-55-6987-01Z-00-DX1.0c52b721-2209-4818-af8f-b22d37e6e81e,2,TCGA-55-6987-01,,266518.0888740651,0.2665180888740651,245431.693458989,0.0,0.0,245431.693458989,29.10712269105725,6.5,2.6483947156100004e-05,margin-localized,99.96798822169546,99.97457799975277,100.0,3,TCGA-55-6987-01,TCGA-55-6987,Male,Stage IA,77,0:LIVING,70.2,0,I,matched
TCGA-55-6987,TCGA-55-6987-01Z-00-DX1.0c52b721-2209-4818-af8f-b22d37e6e81e,3,TCGA-55-6987-01,,222837.4771826212,0.2228374771826212,103523.01467981884,458.4375,0.004428363117301775,103064.57717981884,28.658004989880226,2191.65625,0.021170715099231453,margin-localized,96.95594998766465,99.41281172898599,100.0,4,TCGA-55-6987-01,TCGA-55-6987,Male,Stage IA,77,0:LIVING,70.2,0,I,matched
TCGA-55-7227,TCGA-55-7227-01Z-00-DX1.e1a9e09c-4a50-4ee5-b1e4-2c7ae34dc913,1,TCGA-55-7227-01,,254306.90396927533,0.25430690396927536,1404.4375,0.0,0.0,1404.4375,33.28176349369126,105.21875,0.07491878421076054,margin-localized,58.21503270882471,100.0,100.0,2,TCGA-55-7227-01,TCGA-55-7227,Male,Stage IIIA,77,1:DECEASED,31.27,1,III,matched
TCGA-55-7227,TCGA-55-7227-01Z-00-DX1.e1a9e09c-4a50-4ee5-b1e4-2c7ae34dc913,2,TCGA-55-7227-01,,65787402.96980678,65.78740296980678,4367313.569215201,406549.0677853396,0.09308904921576214,3960764.5014298605,27.953994012484156,315800.0788874245,0.07230991635532441,margin-localized,69.21165781926098,92.80626506176627,99.38440345938265,3,TCGA-55-7227-01,TCGA-55-7227,Male,Stage IIIA,77,1:DECEASED,31.27,1,III,matched
TCGA-55-7284,TCGA-55-7284-01Z-00-DX1.68b95b9b-1aab-4f03-aad3-1132467b7499,1,TCGA-55-7284-01,,5791042.539700621,5.791042539700621,34958.57965581532,8.03125,0.00022973616431421607,34950.54840581532,50.9523367962648,512.84375,0.01467003965976887,peritumoral,49.898784280551354,69.59034385753719,100.0,2,TCGA-55-7284-01,TCGA-55-7284,Male,Stage IIB,74,1:DECEASED,7.98,1,II,matched
TCGA-55-7284,TCGA-55-7284-01Z-00-DX1.68b95b9b-1aab-4f03-aad3-1132467b7499,2,TCGA-55-7284-01,,10116601.62102687,10.11660162102687,78488.12926000163,206.09375,0.0026257951609126645,78282.03551000163,67.36676665834571,750.96875,0.009567927750097384,peritumoral,29.718004721503227,92.44723722694768,95.6270575112148,3,TCGA-55-7284-01,TCGA-55-7284,Male,Stage IIB,74,1:DECEASED,7.98,1,II,matched
TCGA-55-7284,TCGA-55-7284-01Z-00-DX1.68b95b9b-1aab-4f03-aad3-1132467b7499,3,TCGA-55-7284-01,,400954.61146112165,0.40095461146112166,252.6875,0.0,0.0,252.6875,42.535463145474274,0.0,0.0,immune-desert,100.0,100.0,100.0,4,TCGA-55-7284-01,TCGA-55-7284,Male,Stage IIB,74,1:DECEASED,7.98,1,II,matched
TCGA-55-7284,TCGA-55-7284-01Z-00-DX1.68b95b9b-1aab-4f03-aad3-1132467b7499,4,TCGA-55-7284-01,,3389548.3146292134,3.3895483146292134,5048.084450834644,0.0,0.0,5048.084450834644,25.29551899546637,122.53125,0.02427282094691202,margin-localized,69.56475340699545,98.42514520558673,100.0,5,TCGA-55-7284-01,TCGA-55-7284,Male,Stage IIB,74,1:DECEASED,7.98,1,II,matched
TCGA-55-7284,TCGA-55-7284-01Z-00-DX1.68b95b9b-1aab-4f03-aad3-1132467b7499,5,TCGA-55-7284-01,,5942549.003548389,5.94254900354839,72332.00808998474,267.78125,0.003702112758529617,72064.22683998474,41.83734314281919,2143.15625,0.02962943109962886,margin-localized,73.37615632541309,88.50970700590442,99.90256687694571,6,TCGA-55-7284-01,TCGA-55-7284,Male,Stage IIB,74,1:DECEASED,7.98,1,II,matched
TCGA-55-7284,TCGA-55-7284-01Z-00-DX1.68b95b9b-1aab-4f03-aad3-1132467b7499,6,TCGA-55-7284-01,,575669.2953410572,0.5756692953410573,12315.51231986071,0.0,0.0,12315.51231986071,35.031459076093306,0.0,0.0,margin-localized,71.88936159977362,84.54280305074784,100.0,7,TCGA-55-7284-01,TCGA-55-7284,Male,Stage IIB,74,1:DECEASED,7.98,1,II,matched
TCGA-55-7284,TCGA-55-7284-01Z-00-DX1.68b95b9b-1aab-4f03-aad3-1132467b7499,7,TCGA-55-7284-01,,8989945.105066339,8.989945105066338,75656.8913881012,4055.46875,0.05360342826136545,71601.4226381012,68.63820455839445,1674.15625,0.022128271718328887,peritumoral,35.066757462881114,94.6268060232254,100.0,8,TCGA-55-7284-01,TCGA-55-7284,Male,Stage IIB,74,1:DECEASED,7.98,1,II,matched
TCGA-55-7284,TCGA-55-7284-01Z-00-DX1.68b95b9b-1aab-4f03-aad3-1132467b7499,8,TCGA-55-7284-01,,6207699.370799907,6.207699370799906,23580.033729572115,1377.0625,0.05839951357970294,22202.971229572115,49.16426547808886,822.34375,0.03487457903712347,peritumoral,49.91762897793611,92.99340379069282,96.96724352390069,9,TCGA-55-7284-01,TCGA-55-7284,Male,Stage IIB,74,1:DECEASED,7.98,1,II,matched
TCGA-55-7570,TCGA-55-7570-01Z-00-DX1.9020ae67-cf60-4bac-8c60-403c8891c4a3,1,TCGA-55-7570-01,,1456954.3513077465,1.4569543513077465,36466.17821806953,0.0,0.0,36466.17821806953,23.934562482945037,2421.21875,0.06639628467565187,margin-localized,67.44003664551714,94.51890501821592,97.59289100431026,2,TCGA-55-7570-01,TCGA-55-7570,Male,Stage IA,60,0:LIVING,27.07,0,I,matched
TCGA-55-7570,TCGA-55-7570-01Z-00-DX1.9020ae67-cf60-4bac-8c60-403c8891c4a3,2,TCGA-55-7570-01,,7945011.431627157,7.945011431627157,517179.062598107,5431.46875,0.010502104866183887,511747.593848107,37.791574788568944,18342.412946013887,0.03546627130237779,margin-localized,64.0024990773336,96.3825963054982,100.0,3,TCGA-55-7570-01,TCGA-55-7570,Male,Stage IA,60,0:LIVING,27.07,0,I,matched
TCGA-55-7570,TCGA-55-7570-01Z-00-DX1.9020ae67-cf60-4bac-8c60-403c8891c4a3,3,TCGA-55-7570-01,,324477.700565511,0.324477700565511,2308.375,12.1875,0.005279688092272703,2296.1875,8.575036443071248,777.09375,0.33664103536037254,margin-localized,100.0,100.0,100.0,4,TCGA-55-7570-01,TCGA-55-7570,Male,Stage IA,60,0:LIVING,27.07,0,I,matched
TCGA-55-7570,TCGA-55-7570-01Z-00-DX1.9020ae67-cf60-4bac-8c60-403c8891c4a3,4,TCGA-55-7570-01,,294278.3913717819,0.29427839137178186,56.03125,0.0,0.0,56.03125,38.788287536316936,21.90625,0.3909648633575014,immune-desert,100.0,100.0,100.0,5,TCGA-55-7570-01,TCGA-55-7570,Male,Stage IA,60,0:LIVING,27.07,0,I,matched
TCGA-55-7570,TCGA-55-7570-01Z-00-DX1.9020ae67-cf60-4bac-8c60-403c8891c4a3,5,TCGA-55-7570-01,,250268.45686425778,0.2502684568642578,0.0,0.0,,0.0,,0.0,,immune-desert,,,,6,TCGA-55-7570-01,TCGA-55-7570,Male,Stage IA,60,0:LIVING,27.07,0,I,matched
TCGA-55-7576,TCGA-55-7576-01Z-00-DX1.3a6142e9-c90a-4938-a1d1-061c2ac261f0,1,TCGA-55-7576-01,,21943343.741518203,21.943343741518202,1543789.5783755076,199385.70279541195,0.12915341934437768,1344403.8755800957,37.25319826873929,51745.06334896269,0.03351821004220845,margin-localized,57.60044227090244,87.95585843236547,98.79888191771465,2,TCGA-55-7576-01,TCGA-55-7576,Male,Stage IB,54,0:LIVING,22.01,0,I,matched
TCGA-55-7576,TCGA-55-7576-01Z-00-DX1.3a6142e9-c90a-4938-a1d1-061c2ac261f0,2,TCGA-55-7576-01,,3445424.575585601,3.445424575585601,155664.9409037378,48981.96875,0.31466281659587136,106682.97215373779,15.41610359332085,6024.21875,0.03869990708906856,immune-penetrated,85.67211919848037,96.99225087369223,100.0,3,TCGA-55-7576-01,TCGA-55-7576,Male,Stage IB,54,0:LIVING,22.01,0,I,matched
TCGA-55-7727,TCGA-55-7727-01Z-00-DX1.0c7a4953-16dc-41e0-845b-b89167ec17d7,1,TCGA-55-7727-01,,17826110.034202043,17.826110034202042,1970021.66070636,23704.3125,0.012032513638200666,1946317.3482063597,24.782570109857453,147659.80296491977,0.0749533905693076,margin-localized,74.69557881232316,94.69517893470228,99.83296351094602,2,TCGA-55-7727-01,TCGA-55-7727,Male,Stage IIIA,70,0:LIVING,3.91,0,III,matched
TCGA-55-7727,TCGA-55-7727-01Z-00-DX1.0c7a4953-16dc-41e0-845b-b89167ec17d7,2,TCGA-55-7727-01,,17694886.95660242,17.69488695660242,625761.8152389019,65312.59375,0.10437292937899241,560449.2214889019,36.9581689210924,40628.035865446866,0.06492571914113358,margin-localized,65.42014231469707,92.21019701930194,96.95629498538058,3,TCGA-55-7727-01,TCGA-55-7727,Male,Stage IIIA,70,0:LIVING,3.91,0,III,matched
TCGA-55-7727,TCGA-55-7727-01Z-00-DX1.0c7a4953-16dc-41e0-845b-b89167ec17d7,3,TCGA-55-7727-01,,337832.1464077708,0.3378321464077708,10262.341457703684,108.21875,0.010545229901579906,10154.122707703684,23.75,84.65625,0.008249213919543738,margin-localized,84.51042928122466,99.84602288021962,100.0,4,TCGA-55-7727-01,TCGA-55-7727,Male,Stage IIIA,70,0:LIVING,3.91,0,III,matched
TCGA-55-7727,TCGA-55-7727-01Z-00-DX1.0c7a4953-16dc-41e0-845b-b89167ec17d7,4,TCGA-55-7727-01,,294814.6610360558,0.2948146610360558,42044.54960531955,0.0,0.0,42044.54960531955,15.51775696581178,4677.0,0.11123915094593516,margin-localized,77.78208964453309,83.39536509573132,100.0,5,TCGA-55-7727-01,TCGA-55-7727,Male,Stage IIIA,70,0:LIVING,3.91,0,III,matched
TCGA-55-7727,TCGA-55-7727-01Z-00-DX1.0c7a4953-16dc-41e0-845b-b89167ec17d7,5,TCGA-55-7727-01,,18133166.69619964,18.13316669619964,1339931.6412298942,209938.61015149008,0.1566785973938133,1129993.031078404,26.487393817625772,122785.84709650895,0.0916359038911914,margin-localized,71.5418280934364,88.38776275990652,94.90254312993856,6,TCGA-55-7727-01,TCGA-55-7727,Male,Stage IIIA,70,0:LIVING,3.91,0,III,matched
TCGA-55-7727,TCGA-55-7727-01Z-00-DX1.0c7a4953-16dc-41e0-845b-b89167ec17d7,6,TCGA-55-7727-01,,5895873.658421663,5.895873658421663,1435349.203122861,14758.75,0.01028234102745846,1420590.4531228612,82.27425173855191,35379.0898552702,0.024648419895518532,peritumoral,39.08967987585363,93.87393664029585,99.59738777536006,7,TCGA-55-7727-01,TCGA-55-7727,Male,Stage IIIA,70,0:LIVING,3.91,0,III,matched
TCGA-55-7727,TCGA-55-7727-01Z-00-DX1.0c7a4953-16dc-41e0-845b-b89167ec17d7,7,TCGA-55-7727-01,,406544.82359169197,0.406544823591692,60137.29271060039,11.65625,0.00019382731537473011,60125.63646060039,34.455870780608635,2112.009788565582,0.03511980159681013,margin-localized,73.30949618434572,99.89113452393833,100.0,8,TCGA-55-7727-01,TCGA-55-7727,Male,Stage IIIA,70,0:LIVING,3.91,0,III,matched
TCGA-55-7727,TCGA-55-7727-01Z-00-DX1.0c7a4953-16dc-41e0-845b-b89167ec17d7,8,TCGA-55-7727-01,,439407.2367749158,0.4394072367749158,70622.30249233234,1440.59375,0.02039856672977222,69181.70874233234,38.17987853568945,1339.8290162902704,0.01897175494151779,margin-localized,60.670121595381886,82.84747567524447,99.99951325574519,9,TCGA-55-7727-01,TCGA-55-7727,Male,Stage IIIA,70,0:LIVING,3.91,0,III,matched
TCGA-55-7727,TCGA-55-7727-01Z-00-DX1.0c7a4953-16dc-41e0-845b-b89167ec17d7,9,TCGA-55-7727-01,,1056551.9373404249,1.0565519373404249,82814.7064966973,6788.5,0.08197215551649308,76026.2064966973,38.40964437807255,3340.5551830015365,0.040337704790812244,margin-localized,64.61453992433722,92.79391046086464,100.0,10,TCGA-55-7727-01,TCGA-55-7727,Male,Stage IIIA,70,0:LIVING,3.91,0,III,matched
TCGA-55-7815,TCGA-55-7815-01Z-00-DX1.288408e6-f6b3-4de4-a1ce-cb2498d9d46d,1,TCGA-55-7815-01,,46315396.67343439,46.31539667343439,1177984.5909080459,264075.66859724425,0.22417582592797952,913908.9223108015,56.00850939812628,2780.062748062385,0.002360016225610712,peritumoral,39.06022681019677,73.35286422657875,94.64838027483901,2,TCGA-55-7815-01,TCGA-55-7815,Male,Stage IB,76,0:LIVING,25.39,0,I,matched
TCGA-55-7815,TCGA-55-7815-01Z-00-DX1.288408e6-f6b3-4de4-a1ce-cb2498d9d46d,2,TCGA-55-7815-01,,22338576.851752847,22.338576851752848,864893.8210240311,23713.78125,0.02741814159560415,841180.0397740311,42.75529937914129,9299.686600263121,0.01075240263510303,margin-localized,56.58430449269497,88.26134099150023,99.88309747701322,3,TCGA-55-7815-01,TCGA-55-7815,Male,Stage IB,76,0:LIVING,25.39,0,I,matched
TCGA-55-7994,TCGA-55-7994-01Z-00-DX1.a0858080-c471-4337-bc57-7af57e9d92d8,1,TCGA-55-7994-01,,643098.0955700795,0.6430980955700795,10234.505259832593,0.0,0.0,10234.505259832593,21.9375,803.625,0.07852113801279584,margin-localized,86.1320849033086,92.76039748684325,100.0,2,TCGA-55-7994-01,TCGA-55-7994,Male,Stage IIB,81,0:LIVING,19.81,0,II,matched
TCGA-55-7994,TCGA-55-7994-01Z-00-DX1.a0858080-c471-4337-bc57-7af57e9d92d8,2,TCGA-55-7994-01,,448002.4501682429,0.4480024501682429,4965.4375,0.0,0.0,4965.4375,28.513702846175555,405.90625,0.0817463214470024,margin-localized,98.80297556861807,100.0,100.0,3,TCGA-55-7994-01,TCGA-55-7994,Male,Stage IIB,81,0:LIVING,19.81,0,II,matched
TCGA-55-7994,TCGA-55-7994-01Z-00-DX1.a0858080-c471-4337-bc57-7af57e9d92d8,3,TCGA-55-7994-01,,364807.92758118693,0.3648079275811869,230.45702799882778,0.0,0.0,230.45702799882778,9.628246205825857,0.0,0.0,immune-desert,100.0,100.0,100.0,4,TCGA-55-7994-01,TCGA-55-7994,Male,Stage IIB,81,0:LIVING,19.81,0,II,matched
TCGA-55-7994,TCGA-55-7994-01Z-00-DX1.a0858080-c471-4337-bc57-7af57e9d92d8,4,TCGA-55-7994-01,,578724.7660579851,0.5787247660579852,9839.03125,0.0,0.0,9839.03125,81.08724082739528,846.65625,0.08605077354541384,peritumoral,44.08367185539735,97.38287242455908,100.0,5,TCGA-55-7994-01,TCGA-55-7994,Male,Stage IIB,81,0:LIVING,19.81,0,II,matched
TCGA-55-7994,TCGA-55-7994-01Z-00-DX1.a0858080-c471-4337-bc57-7af57e9d92d8,5,TCGA-55-7994-01,,305644.9275811868,0.30564492758118683,137.75,0.0,0.0,137.75,3.1868871959954905,82.0,0.5952813067150635,immune-desert,100.0,100.0,100.0,6,TCGA-55-7994-01,TCGA-55-7994,Male,Stage IIB,81,0:LIVING,19.81,0,II,matched
TCGA-55-7994,TCGA-55-7994-01Z-00-DX1.a0858080-c471-4337-bc57-7af57e9d92d8,6,TCGA-55-7994-01,,44213610.77222173,44.21361077222173,902415.6228176225,245815.75,0.27239748934364266,656599.8728176224,30.530978120590895,25313.833316939577,0.028051191354491304,margin-localized,57.11551859467333,74.28395393805425,83.15835617678403,7,TCGA-55-7994-01,TCGA-55-7994,Male,Stage IIB,81,0:LIVING,19.81,0,II,matched
TCGA-55-7994,TCGA-55-7994-01Z-00-DX1.a0858080-c471-4337-bc57-7af57e9d92d8,7,TCGA-55-7994-01,,160232.83847679888,0.16023283847679887,237.1875,0.0,0.0,237.1875,48.90184684651491,0.0,0.0,immune-desert,100.0,100.0,100.0,8,TCGA-55-7994-01,TCGA-55-7994,Male,Stage IIB,81,0:LIVING,19.81,0,II,matched
TCGA-55-8085,TCGA-55-8085-01Z-00-DX1.ff220eba-3515-4d2e-b317-76337dd3d206,1,TCGA-55-8085-01,,282947.7514032003,0.28294775140320033,15140.680775576568,0.0,0.0,15140.680775576568,38.92962400280794,50.53125,0.0033374490056954347,margin-localized,99.77651582463089,99.83405633886339,100.0,2,TCGA-55-8085-01,TCGA-55-8085,Male,Stage IA,64,0:LIVING,29.7,0,I,matched
TCGA-55-8085,TCGA-55-8085-01Z-00-DX1.ff220eba-3515-4d2e-b317-76337dd3d206,2,TCGA-55-8085-01,,19148205.72406773,19.14820572406773,739350.6575198558,60190.71875,0.08141024578500972,679159.9387698558,53.29769724153193,15274.4375,0.020659260047509724,peritumoral,32.96978987484581,84.98573356682287,98.30372690922194,3,TCGA-55-8085-01,TCGA-55-8085,Male,Stage IA,64,0:LIVING,29.7,0,I,matched
TCGA-55-8089,TCGA-55-8089-01Z-00-DX1.da4d99ff-4a7c-45a3-b79c-039c0c9e9712,1,TCGA-55-8089-01,,12074055.252715144,12.074055252715144,1824827.4383208202,45427.59603210431,0.024894187295816928,1779399.8422887162,28.56708114246186,11031.641135873591,0.006045306478964799,margin-localized,65.4727557219961,97.00688227890805,99.85984291192193,2,TCGA-55-8089-01,TCGA-55-8089,Male,Stage IA,56,1:DECEASED,23.06,1,I,matched
TCGA-55-8091,TCGA-55-8091-01Z-00-DX1.0996c58a-6e93-4092-8cb8-014d548fe60c,1,TCGA-55-8091-01,,32553369.400861032,32.55336940086103,4111252.812106684,288978.5,0.07028964483746304,3822274.3121066843,16.51183287827248,462918.52176388795,0.11259792158747828,margin-localized,85.5683681181951,97.79076290957983,100.0,2,TCGA-55-8091-01,TCGA-55-8091,Male,Stage IB,74,0:LIVING,19.71,0,I,matched
TCGA-55-8091,TCGA-55-8091-01Z-00-DX1.0996c58a-6e93-4092-8cb8-014d548fe60c,2,TCGA-55-8091-01,,221839.92758118676,0.22183992758118676,14628.709950724788,69.84375,0.004774429887205437,14558.866200724788,23.569710435217484,73.125,0.004998731962443276,margin-localized,68.03957788162214,96.08654859210662,100.0,3,TCGA-55-8091-01,TCGA-55-8091,Male,Stage IB,74,0:LIVING,19.71,0,I,matched
TCGA-55-8091,TCGA-55-8091-01Z-00-DX1.0996c58a-6e93-4092-8cb8-014d548fe60c,3,TCGA-55-8091-01,,303104.4215583028,0.3031044215583028,83876.07979391991,873.25,0.010411192346441792,83002.82979391993,6.625,39431.04088212643,0.47011067969565196,margin-localized,99.9639721478707,100.0,100.0,4,TCGA-55-8091-01,TCGA-55-8091,Male,Stage IB,74,0:LIVING,19.71,0,I,matched
TCGA-55-8091,TCGA-55-8091-01Z-00-DX1.0996c58a-6e93-4092-8cb8-014d548fe60c,4,TCGA-55-8091-01,,195708.30226739237,0.19570830226739236,33800.94893857359,0.0,0.0,33800.94893857359,31.934747924478753,125.95068935384961,0.0037262471412485964,margin-localized,93.9435871941932,100.0,100.0,5,TCGA-55-8091-01,TCGA-55-8091,Male,Stage IB,74,0:LIVING,19.71,0,I,matched
TCGA-55-8092,TCGA-55-8092-01Z-00-DX1.04e44341-c4bb-4b0b-965c-7ec83f3877a6,1,TCGA-55-8092-01,,12005505.513521094,12.005505513521094,1036141.5205641978,723.53125,0.0006982938485140757,1035417.9893141978,37.60194476353583,7428.025357798001,0.007168929350262218,margin-localized,68.78885301153795,99.5503946087678,100.0,2,TCGA-55-8092-01,TCGA-55-8092,Male,Stage IIB,75,1:DECEASED,5.06,1,II,matched
TCGA-55-8092,TCGA-55-8092-01Z-00-DX1.04e44341-c4bb-4b0b-965c-7ec83f3877a6,2,TCGA-55-8092-01,,6046620.063966741,6.046620063966741,474067.7178559832,1168.375,0.0024645740597653183,472899.3428559831,49.74575986956074,23666.34375,0.04992186318240211,margin-localized,64.73307769064539,99.77178234052869,100.0,3,TCGA-55-8092-01,TCGA-55-8092,Male,Stage IIB,75,1:DECEASED,5.06,1,II,matched
TCGA-55-8094,TCGA-55-8094-01Z-00-DX1.8dc29615-e124-4f17-81a1-c0b20c38d12c,1,TCGA-55-8094-01,,908667.7072615225,0.9086677072615226,74399.26186857387,0.0,0.0,74399.26186857387,58.94926314212927,686.469429439609,0.009226831183517059,peritumoral,42.73881297202639,58.0182376544598,99.99474961188875,2,TCGA-55-8094-01,TCGA-55-8094,Male,Stage IV,51,0:LIVING,17.77,0,IV,matched
TCGA-55-8094,TCGA-55-8094-01Z-00-DX1.8dc29615-e124-4f17-81a1-c0b20c38d12c,2,TCGA-55-8094-01,,317757.095570079,0.317757095570079,19477.149298265067,0.0,0.0,19477.149298265067,82.50236739027554,388.40625,0.0199416374569043,peritumoral,20.24471697380906,83.99847862690136,99.90517734542578,3,TCGA-55-8094-01,TCGA-55-8094,Male,Stage IV,51,0:LIVING,17.77,0,IV,matched
TCGA-55-8094,TCGA-55-8094-01Z-00-DX1.8dc29615-e124-4f17-81a1-c0b20c38d12c,3,TCGA-55-8094-01,,5639755.520485251,5.639755520485251,34414.5908294751,142.71875,0.004147041895897409,34271.8720794751,42.35180965732161,290.90625,0.008452991681390186,margin-localized,66.4293482124975,98.82362759445257,100.0,4,TCGA-55-8094-01,TCGA-55-8094,Male,Stage IV,51,0:LIVING,17.77,0,IV,matched
TCGA-55-8094,TCGA-55-8094-01Z-00-DX1.8dc29615-e124-4f17-81a1-c0b20c38d12c,4,TCGA-55-8094-01,,1624162.0850109519,1.624162085010952,52037.761731960985,11.9375,0.00022940071983665138,52025.824231960985,38.125,631.59375,0.012137219760781573,margin-localized,75.32226615132461,98.9826839418035,100.0,5,TCGA-55-8094-01,TCGA-55-8094,Male,Stage IV,51,0:LIVING,17.77,0,IV,matched
TCGA-55-8094,TCGA-55-8094-01Z-00-DX1.8dc29615-e124-4f17-81a1-c0b20c38d12c,5,TCGA-55-8094-01,,302032.44220947166,0.3020324422094717,26.125,0.0,0.0,26.125,90.07332082808982,0.0,0.0,immune-desert,0.0,100.0,100.0,6,TCGA-55-8094-01,TCGA-55-8094,Male,Stage IV,51,0:LIVING,17.77,0,IV,matched
TCGA-55-8094,TCGA-55-8094-01Z-00-DX1.8dc29615-e124-4f17-81a1-c0b20c38d12c,6,TCGA-55-8094-01,,783905.250166944,0.783905250166944,2789.34375,0.0,0.0,2789.34375,24.89391554677568,438.46875,0.1571942325143683,margin-localized,97.85231741337009,99.76024826628127,100.0,7,TCGA-55-8094-01,TCGA-55-8094,Male,Stage IV,51,0:LIVING,17.77,0,IV,matched
TCGA-55-8206,TCGA-55-8206-01Z-00-DX1.1216f330-c4e9-41b5-a2b7-9cafd960fa11,1,TCGA-55-8206-01,,3261996.512352666,3.261996512352666,56882.55879380451,4545.4375,0.07990916014303978,52337.12129380451,22.37080966348782,5251.625,0.09232399370493848,margin-localized,83.98938710401958,99.03886400050705,99.37804969132553,2,TCGA-55-8206-01,TCGA-55-8206,Male,Stage IA,56,0:LIVING,29.17,0,I,matched
TCGA-55-8206,TCGA-55-8206-01Z-00-DX1.1216f330-c4e9-41b5-a2b7-9cafd960fa11,2,TCGA-55-8206-01,,28244742.011506077,28.244742011506077,730541.301397989,198192.375,0.27129523631413066,532348.9263979889,34.44674331486215,9214.09375,0.012612693809874393,margin-localized,70.47511234259059,96.35768313360678,99.811523917093,3,TCGA-55-8206-01,TCGA-55-8206,Male,Stage IA,56,0:LIVING,29.17,0,I,matched
TCGA-55-8301,TCGA-55-8301-01Z-00-DX1.2A66E0FC-84F2-4DF8-B06E-D7CDD7AA82C7,1,TCGA-55-8301-01,,5814771.955130231,5.81477195513023,879477.8704876793,101846.40625,0.11580326198944056,777631.4642376793,32.589540116423855,20835.125,0.023690334571405094,margin-localized,82.81309104065842,99.13155497901825,100.0,2,TCGA-55-8301-01,TCGA-55-8301,Male,Stage IB,58,0:LIVING,17.54,0,I,matched
TCGA-55-8505,TCGA-55-8505-01Z-00-DX1.D364C30D-BFB8-486B-A0D3-948FF8E90C3E,1,TCGA-55-8505-01,,2891352.155040815,2.891352155040815,94065.85200396526,8600.03125,0.09142564561725836,85465.82075396526,18.53923204989894,5318.59375,0.05654117447185616,margin-localized,77.15843151354763,99.82885286804836,100.0,2,TCGA-55-8505-01,TCGA-55-8505,Male,Stage IIIA,62,0:LIVING,14.45,0,III,matched
TCGA-55-8505,TCGA-55-8505-01Z-00-DX1.D364C30D-BFB8-486B-A0D3-948FF8E90C3E,2,TCGA-55-8505-01,,892125.2501574828,0.8921252501574828,9139.46250798481,0.0,0.0,9139.46250798481,20.19794621366242,763.5625,0.08354566795726813,margin-localized,99.55071209095586,100.0,100.0,3,TCGA-55-8505-01,TCGA-55-8505,Male,Stage IIIA,62,0:LIVING,14.45,0,III,matched
TCGA-55-8505,TCGA-55-8505-01Z-00-DX1.D364C30D-BFB8-486B-A0D3-948FF8E90C3E,3,TCGA-55-8505-01,,218227.4422094718,0.2182274422094718,10539.083650999168,258.75,0.02455147037147475,10280.333650999168,30.000000000000004,1081.84375,0.10265064647223242,margin-localized,64.33639814026994,69.86670579604741,100.0,4,TCGA-55-8505-01,TCGA-55-8505,Male,Stage IIIA,62,0:LIVING,14.45,0,III,matched
TCGA-55-8505,TCGA-55-8505-01Z-00-DX1.D364C30D-BFB8-486B-A0D3-948FF8E90C3E,4,TCGA-55-8505-01,,1436435.5254199558,1.436435525419956,96322.11821134838,3557.875,0.03693725871137271,92764.24321134838,21.16047317523878,8060.875,0.08368664590943653,margin-localized,82.56527313863494,90.50584939674599,99.97777539035022,5,TCGA-55-8505-01,TCGA-55-8505,Male,Stage IIIA,62,0:LIVING,14.45,0,III,matched
TCGA-55-8507,TCGA-55-8507-01Z-00-DX1.3C6198CF-3E13-4C4C-B851-5BDFF8552621,1,TCGA-55-8507-01,,14392842.0941017,14.392842094101699,533169.8868287699,170404.84375,0.31960702950338665,362765.0430787698,54.95182549288058,14066.53125,0.026382831434209515,immune-penetrated,38.48725139901406,83.30900824602814,99.82008548800356,2,TCGA-55-8507-01,TCGA-55-8507,Male,Stage IA,53,0:LIVING,13.73,0,I,matched
TCGA-55-8507,TCGA-55-8507-01Z-00-DX1.3C6198CF-3E13-4C4C-B851-5BDFF8552621,2,TCGA-55-8507-01,,87827098.24960545,87.82709824960544,3333732.309177739,293567.375,0.0880596723953544,3040164.934177739,37.38022538722847,114196.43693514685,0.03425483102550404,margin-localized,57.9340458788831,86.98316334013975,97.94841315471524,3,TCGA-55-8507-01,TCGA-55-8507,Male,Stage IA,53,0:LIVING,13.73,0,I,matched
TCGA-55-8507,TCGA-55-8507-01Z-00-DX1.3C6198CF-3E13-4C4C-B851-5BDFF8552621,3,TCGA-55-8507-01,,2914299.0728967967,2.914299072896797,532136.1037214401,25363.242834544995,0.04766307464795138,506772.86088689504,50.62885787769659,15779.617834544995,0.029653349442354753,peritumoral,46.68525026080927,76.40717209386348,100.0,4,TCGA-55-8507-01,TCGA-55-8507,Male,Stage IA,53,0:LIVING,13.73,0,I,matched
TCGA-55-8507,TCGA-55-8507-01Z-00-DX1.3C6198CF-3E13-4C4C-B851-5BDFF8552621,4,TCGA-55-8507-01,,206800.18138092002,0.20680018138092002,31366.47380417273,0.0,0.0,31366.47380417273,73.42449352906699,689.25,0.021974098979156146,peritumoral,41.52663848775904,51.624626758093086,100.0,5,TCGA-55-8507-01,TCGA-55-8507,Male,Stage IA,53,0:LIVING,13.73,0,I,matched
TCGA-55-8507,TCGA-55-8507-01Z-00-DX1.3C6198CF-3E13-4C4C-B851-5BDFF8552621,5,TCGA-55-8507-01,,219513.33597778485,0.21951333597778486,45975.619949943306,0.0,0.0,45975.619949943306,76.15894440697312,284.0625,0.00617854637543284,peritumoral,31.701883819794762,74.25160317617929,100.0,6,TCGA-55-8507-01,TCGA-55-8507,Male,Stage IA,53,0:LIVING,13.73,0,I,matched
TCGA-55-8512,TCGA-55-8512-01Z-00-DX1.FD4B9CF5-1955-420E-A955-6D284772D2BE,1,TCGA-55-8512-01,,41981106.44489369,41.98110644489369,1100155.865571023,478590.40625,0.4350205468400546,621565.459321023,35.17123291839511,162887.72422368085,0.14805876996268696,immune-penetrated,40.758242430775034,58.98350106308256,65.15093264678615,2,TCGA-55-8512-01,TCGA-55-8512,Male,Stage IV,41,1:DECEASED,19.94,1,IV,matched
TCGA-55-8615,TCGA-55-8615-01Z-00-DX1.928CFCA6-059D-4901-8D6A-BC7D9486C29F,1,TCGA-55-8615-01,,1088076.090230342,1.088076090230342,164702.2682969232,21031.103580866413,0.12769164504129232,143671.16471605678,20.069410803508905,1848.53125,0.01122347171726555,margin-localized,94.4434492200676,98.37619069688564,99.7569587175787,2,TCGA-55-8615-01,TCGA-55-8615,Male,Stage IIIA,67,0:LIVING,14.65,0,III,matched
TCGA-55-8615,TCGA-55-8615-01Z-00-DX1.928CFCA6-059D-4901-8D6A-BC7D9486C29F,2,TCGA-55-8615-01,,385798.55266465875,0.38579855266465873,15744.630205341811,0.0,0.0,15744.630205341811,22.5,2130.15625,0.13529414296928258,margin-localized,84.82794208357554,99.94263917359623,100.0,3,TCGA-55-8615-01,TCGA-55-8615,Male,Stage IIIA,67,0:LIVING,14.65,0,III,matched
TCGA-55-8615,TCGA-55-8615-01Z-00-DX1.928CFCA6-059D-4901-8D6A-BC7D9486C29F,3,TCGA-55-8615-01,,812366.2091758561,0.8123662091758561,74863.660243654,595.1875,0.007950285867173487,74268.472743654,55.625,2447.46875,0.03269234688812141,peritumoral,36.05001307752045,65.32769472015632,100.0,4,TCGA-55-8615-01,TCGA-55-8615,Male,Stage IIIA,67,0:LIVING,14.65,0,III,matched
TCGA-55-8615,TCGA-55-8615-01Z-00-DX1.928CFCA6-059D-4901-8D6A-BC7D9486C29F,4,TCGA-55-8615-01,,55654184.57088213,55.65418457088213,2418872.451097749,60768.60767443587,0.025122700308921806,2358103.8434233135,44.619572499072646,45147.94733607499,0.018664873096382425,margin-localized,54.30002007192392,95.49677980518923,99.97324424858755,5,TCGA-55-8615-01,TCGA-55-8615,Male,Stage IIIA,67,0:LIVING,14.65,0,III,matched
TCGA-55-8615,TCGA-55-8615-01Z-00-DX1.928CFCA6-059D-4901-8D6A-BC7D9486C29F,5,TCGA-55-8615-01,,6421127.513861114,6.421127513861114,67444.09312837778,1512.28125,0.022422738298540374,65931.81187837778,36.75021258441915,5184.6875,0.07687385595253102,margin-localized,56.884569748127646,91.20956373244144,100.0,6,TCGA-55-8615-01,TCGA-55-8615,Male,Stage IIIA,67,0:LIVING,14.65,0,III,matched
TCGA-55-8615,TCGA-55-8615-01Z-00-DX1.928CFCA6-059D-4901-8D6A-BC7D9486C29F,6,TCGA-55-8615-01,,412539.4704866075,0.4125394704866075,5228.914710208994,450.71875,0.08619738033210056,4778.195960208994,30.441029056193223,119.15625,0.022787950579373183,margin-localized,72.53596511327308,99.5977893852631,100.0,7,TCGA-55-8615-01,TCGA-55-8615,Male,Stage IIIA,67,0:LIVING,14.65,0,III,matched
TCGA-55-8615,TCGA-55-8615-01Z-00-DX1.928CFCA6-059D-4901-8D6A-BC7D9486C29F,7,TCGA-55-8615-01,,272007.17692709784,0.27200717692709786,24455.190077312407,617.65625,0.025256653006881048,23837.533827312407,6.7650295638674045,541.21875,0.02213103837218178,margin-localized,97.71799768823296,100.0,100.0,8,TCGA-55-8615-01,TCGA-55-8615,Male,Stage IIIA,67,0:LIVING,14.65,0,III,matched
TCGA-55-8620,TCGA-55-8620-01Z-00-DX1.6591EEC4-D696-4826-80BD-99BE1D99EBB8,1,TCGA-55-8620-01,,4682224.370956976,4.682224370956976,829887.1030070334,6851.875,0.008256394122974978,823035.2280070332,59.97095651229852,7013.34375,0.008450961250738418,peritumoral,34.02804437655598,78.87652252040505,95.95972809688824,2,TCGA-55-8620-01,TCGA-55-8620,Male,Stage IV,60,1:DECEASED,12.32,1,IV,matched
TCGA-55-8620,TCGA-55-8620-01Z-00-DX1.6591EEC4-D696-4826-80BD-99BE1D99EBB8,2,TCGA-55-8620-01,,1520063.9190735507,1.5200639190735508,216319.89850212794,0.0,0.0,216319.89850212794,41.02000274256451,409.75,0.0018941854301765461,margin-localized,56.63479687505551,81.70399408087039,99.8693417056198,3,TCGA-55-8620-01,TCGA-55-8620,Male,Stage IV,60,1:DECEASED,12.32,1,IV,matched
TCGA-55-8620,TCGA-55-8620-01Z-00-DX1.6591EEC4-D696-4826-80BD-99BE1D99EBB8,3,TCGA-55-8620-01,,635263.850375747,0.635263850375747,26032.903184995354,13.5625,0.0005209753174135819,26019.340684995354,65.51872346894436,239.62702403532384,0.009204775292731785,peritumoral,17.874862980005183,78.71606032316262,98.8308751518193,4,TCGA-55-8620-01,TCGA-55-8620,Male,Stage IV,60,1:DECEASED,12.32,1,IV,matched
TCGA-55-8620,TCGA-55-8620-01Z-00-DX1.6591EEC4-D696-4826-80BD-99BE1D99EBB8,4,TCGA-55-8620-01,,21915330.701047424,21.915330701047424,1443033.7888679262,17536.75,0.012152695339003634,1425497.0388679265,45.85455947885662,50979.91331381683,0.03532828801868254,margin-localized,53.46549822281125,86.4938349945488,99.73637419370985,5,TCGA-55-8620-01,TCGA-55-8620,Male,Stage IV,60,1:DECEASED,12.32,1,IV,matched
TCGA-55-A48Y,TCGA-55-A48Y-01Z-00-DX1.D8735347-E060-439F-B5A1-1E47A958A392,1,TCGA-55-A48Y-01,,13695713.536288705,13.695713536288705,389878.75261602626,537.90625,0.0013796757232619938,389340.8463660263,51.84189455691217,5187.0625,0.01330429643881748,peritumoral,45.76484595747108,98.3548170762825,100.0,2,TCGA-55-A48Y-01,TCGA-55-A48Y,Male,Stage IIA,69,0:LIVING,20.7,0,II,matched
TCGA-55-A490,TCGA-55-A490-01Z-00-DX1.07D77502-7216-4C23-9BB8-8DE99AECC920,1,TCGA-55-A490-01,,247421.8181584343,0.2474218181584343,28249.053944752824,0.0,0.0,28249.053944752824,44.30646115410257,139.46875,0.004937112240033295,margin-localized,96.38973238980888,99.98264023352573,100.0,2,TCGA-55-A490-01,TCGA-55-A490,Male,Stage IIA,78,1:DECEASED,3.25,1,II,matched
TCGA-55-A490,TCGA-55-A490-01Z-00-DX1.07D77502-7216-4C23-9BB8-8DE99AECC920,2,TCGA-55-A490-01,,486871.3844454441,0.4868713844454441,27723.45354701767,0.0,0.0,27723.45354701767,21.780510209818317,156.61218779693448,0.0056490865227641135,margin-localized,95.29403417295265,100.0,100.0,3,TCGA-55-A490-01,TCGA-55-A490,Male,Stage IIA,78,1:DECEASED,3.25,1,II,matched
TCGA-55-A490,TCGA-55-A490-01Z-00-DX1.07D77502-7216-4C23-9BB8-8DE99AECC920,3,TCGA-55-A490-01,,5095019.5455415705,5.095019545541571,561981.1835713417,4251.445201137414,0.0075651024009733715,557729.7383702043,64.06359755157371,2571.297619119561,0.0045754158578392035,peritumoral,42.184602030100145,96.40896393561464,99.3899136299712,4,TCGA-55-A490-01,TCGA-55-A490,Male,Stage IIA,78,1:DECEASED,3.25,1,II,matched
TCGA-55-A490,TCGA-55-A490-01Z-00-DX1.07D77502-7216-4C23-9BB8-8DE99AECC920,4,TCGA-55-A490-01,,285949.75936197245,0.2859497593619725,41936.56948006902,1069.3125,0.0254983302939981,40867.25698006902,73.66724700468994,172.1875,0.004105903323394983,peritumoral,23.57429907667623,88.47735914064957,100.0,5,TCGA-55-A490-01,TCGA-55-A490,Male,Stage IIA,78,1:DECEASED,3.25,1,II,matched
TCGA-55-A490,TCGA-55-A490-01Z-00-DX1.07D77502-7216-4C23-9BB8-8DE99AECC920,5,TCGA-55-A490-01,,66279916.55762953,66.27991655762953,2302941.795041565,72972.5625,0.031686672523429084,2229969.2325415644,36.637796399346946,25536.250412042842,0.011088534876141734,margin-localized,67.00905938649012,97.85181600470631,99.08607791150796,6,TCGA-55-A490-01,TCGA-55-A490,Male,Stage IIA,78,1:DECEASED,3.25,1,II,matched
TCGA-55-A490,TCGA-55-A490-01Z-00-DX1.07D77502-7216-4C23-9BB8-8DE99AECC920,6,TCGA-55-A490-01,,442522.54596864525,0.44252254596864526,3504.7749166021326,0.0,0.0,3504.7749166021326,30.48821493626677,681.9311666021327,0.19457202896877118,margin-localized,91.97345031581283,100.0,100.0,7,TCGA-55-A490-01,TCGA-55-A490,Male,Stage IIA,78,1:DECEASED,3.25,1,II,matched
TCGA-55-A490,TCGA-55-A490-01Z-00-DX1.07D77502-7216-4C23-9BB8-8DE99AECC920,7,TCGA-55-A490-01,,306599.3913717809,0.3065993913717809,3289.8597258266727,0.0,0.0,3289.8597258266727,153.97634902683845,167.09375,0.05079053939237876,immune-excluded,31.87445932019191,43.25317395234649,100.0,8,TCGA-55-A490-01,TCGA-55-A490,Male,Stage IIA,78,1:DECEASED,3.25,1,II,matched
TCGA-55-A490,TCGA-55-A490-01Z-00-DX1.07D77502-7216-4C23-9BB8-8DE99AECC920,8,TCGA-55-A490-01,,1216039.1539058974,1.2160391539058975,113743.81643108751,117.6875,0.0010346716304468454,113626.12893108751,27.080031850055125,2190.501411839543,0.01925820216492097,margin-localized,80.01088691410658,99.8750481525419,100.0,9,TCGA-55-A490-01,TCGA-55-A490,Male,Stage IIA,78,1:DECEASED,3.25,1,II,matched
TCGA-62-A46P,TCGA-62-A46P-01Z-00-DX1.9136CC96-51B9-4FEB-8BCF-2C3676C708B1,1,TCGA-62-A46P-01,,113432442.5835285,113.4324425835285,1336768.3972918396,893736.5226507366,0.668579930870118,443031.874641103,23.072998965240735,60671.1875,0.045386461576226535,immune-penetrated,29.211062751054932,42.29729931234497,55.78293508453154,2,TCGA-62-A46P-01,TCGA-62-A46P,Male,Stage IB,65,1:DECEASED,19.51,1,I,matched
TCGA-62-A46S,TCGA-62-A46S-01Z-00-DX1.7A8A6F38-76EA-4F43-BC03-1C42E6787E33,1,TCGA-62-A46S-01,,550004.7785161415,0.5500047785161415,45305.80490467256,0.0,0.0,45305.80490467256,33.52453625704612,542.78125,0.011980390838261456,margin-localized,95.40416834567,96.95232812668664,100.0,2,TCGA-62-A46S-01,TCGA-62-A46S,Male,Stage IB,73,1:DECEASED,54.3,1,I,matched
TCGA-62-A46S,TCGA-62-A46S-01Z-00-DX1.7A8A6F38-76EA-4F43-BC03-1C42E6787E33,2,TCGA-62-A46S-01,,238827602.51142898,238.82760251142898,25756062.009219896,4222761.055727036,0.16395212335703394,21533300.95349286,22.257372374114606,1395706.0194371801,0.054189418356640054,margin-localized,76.93815605178335,91.6485904987193,96.98192648945088,3,TCGA-62-A46S-01,TCGA-62-A46S,Male,Stage IB,73,1:DECEASED,54.3,1,I,matched
TCGA-62-A46S,TCGA-62-A46S-01Z-00-DX1.7A8A6F38-76EA-4F43-BC03-1C42E6787E33,3,TCGA-62-A46S-01,,2244886.6822865023,2.244886682286502,110942.38548309209,6506.71875,0.05864952985882606,104435.66673309209,31.333388741085763,6570.191140990085,0.05922165015995081,margin-localized,90.49550508256705,99.96881827459418,100.0,4,TCGA-62-A46S-01,TCGA-62-A46S,Male,Stage IB,73,1:DECEASED,54.3,1,I,matched
TCGA-62-A46S,TCGA-62-A46S-01Z-00-DX1.7A8A6F38-76EA-4F43-BC03-1C42E6787E33,4,TCGA-62-A46S-01,,343994.73221880395,0.34399473221880394,91336.46990694248,647.0625,0.007084382620209157,90689.40740694247,16.086679271993955,8182.25,0.08958360234785105,margin-localized,85.28829198657965,99.32966665485336,100.0,5,TCGA-62-A46S-01,TCGA-62-A46S,Male,Stage IB,73,1:DECEASED,54.3,1,I,matched
TCGA-62-A46S,TCGA-62-A46S-01Z-00-DX1.7A8A6F38-76EA-4F43-BC03-1C42E6787E33,5,TCGA-62-A46S-01,,756886.1492522414,0.7568861492522414,224897.2364391967,250.71875,0.001114814721468507,224646.51768919674,148.28307160482797,3986.0109632491703,0.01772369917194082,immune-excluded,36.25039992765339,42.036238139201174,99.39896549283252,6,TCGA-62-A46S-01,TCGA-62-A46S,Male,Stage IB,73,1:DECEASED,54.3,1,I,matched
TCGA-62-A470,TCGA-62-A470-01Z-00-DX1.3983A979-E756-413C-941A-C8B83AD3BBA7,1,TCGA-62-A470-01,,286734.4404775787,0.28673444047757873,2988.6428013650952,389.40625,0.13029534671126788,2599.2365513650952,34.70635748677755,0.0,0.0,margin-localized,86.01058146497027,100.0,100.0,2,TCGA-62-A470-01,TCGA-62-A470,Male,Stage IB,84,1:DECEASED,39.22,1,I,matched
TCGA-62-A470,TCGA-62-A470-01Z-00-DX1.3983A979-E756-413C-941A-C8B83AD3BBA7,2,TCGA-62-A470-01,,156744699.3442583,156.74469934425832,3079557.694113098,1370041.3976320298,0.4448825233087887,1709516.2964810682,31.782463718220463,73394.18658658881,0.02383270387396528,immune-penetrated,37.691295931488774,54.39536729190474,69.84503831120334,3,TCGA-62-A470-01,TCGA-62-A470,Male,Stage IB,84,1:DECEASED,39.22,1,I,matched
TCGA-62-A470,TCGA-62-A470-01Z-00-DX1.3983A979-E756-413C-941A-C8B83AD3BBA7,3,TCGA-62-A470-01,,222417.74008118772,0.22241774008118773,29316.204482773443,0.0,0.0,29316.204482773443,23.90377846701228,873.1875,0.029785148364383104,margin-localized,98.4288765952951,100.0,100.0,4,TCGA-62-A470-01,TCGA-62-A470,Male,Stage IB,84,1:DECEASED,39.22,1,I,matched
TCGA-62-A470,TCGA-62-A470-01Z-00-DX1.3983A979-E756-413C-941A-C8B83AD3BBA7,4,TCGA-62-A470-01,,298805.7077940391,0.2988057077940391,31552.227839577194,37.40625,0.001185534352445309,31514.821589577194,30.8667081979377,1161.725322971585,0.03681912189776937,margin-localized,71.1424373182007,90.85355790192382,100.0,5,TCGA-62-A470-01,TCGA-62-A470,Male,Stage IB,84,1:DECEASED,39.22,1,I,matched
TCGA-62-A470,TCGA-62-A470-01Z-00-DX1.3983A979-E756-413C-941A-C8B83AD3BBA7,5,TCGA-62-A470-01,,380028.04290645156,0.38002804290645154,24265.2105912584,0.0,0.0,24265.2105912584,116.89104167984816,35.5,0.0014629998724506829,immune-excluded,7.979659779658165,24.059546479421748,100.0,6,TCGA-62-A470-01,TCGA-62-A470,Male,Stage IB,84,1:DECEASED,39.22,1,I,matched
TCGA-64-1676,TCGA-64-1676-01Z-00-DX1.3B8F1FAC-0FB2-45DE-AFA1-6ED451A4A61B,1,TCGA-64-1676-01,,48269101.00047883,48.26910100047883,676837.3945186766,34668.25,0.05122094358373009,642169.1445186766,31.375,26843.998435966227,0.03966092691296402,margin-localized,62.97183622405157,91.04050902159274,99.6721062507109,2,TCGA-64-1676-01,TCGA-64-1676,Male,Stage IA,58,0:LIVING,56.77,0,I,matched
TCGA-64-1680,TCGA-64-1680-01Z-00-DX1.9CB14F20-E7B0-49A1-A327-404B3160FD65,1,TCGA-64-1680-01,,84878647.10102315,84.87864710102315,847803.5426047719,43195.125,0.05094945093917431,804608.4176047719,28.81758360792938,43958.625,0.05185001334736411,margin-localized,68.74755124792496,97.39492695012942,99.99761147494881,2,TCGA-64-1680-01,TCGA-64-1680,Male,Stage IV,63,0:LIVING,36.99,0,IV,matched
TCGA-64-1680,TCGA-64-1680-01Z-00-DX1.9CB14F20-E7B0-49A1-A327-404B3160FD65,2,TCGA-64-1680-01,,2017003.262926472,2.017003262926472,20413.09375,212.21875,0.010396207091343026,20200.875,18.135772660683635,1020.71875,0.05000313830430529,margin-localized,98.2872512893838,99.0914226316136,100.0,3,TCGA-64-1680-01,TCGA-64-1680,Male,Stage IV,63,0:LIVING,36.99,0,IV,matched
TCGA-64-5774,TCGA-64-5774-01Z-00-DX1.5E3B95EB-BF45-4687-BCF7-AA2A41AA806C,1,TCGA-64-5774-01,,191013.25084231378,0.19101325084231377,427.59375,0.0,0.0,427.59375,33.47807118099846,0.0,0.0,immune-desert,95.30073814222028,95.30073814222028,100.0,2,TCGA-64-5774-01,TCGA-64-5774,Male,Stage IB,60,0:LIVING,87.91,0,I,matched
TCGA-64-5774,TCGA-64-5774-01Z-00-DX1.5E3B95EB-BF45-4687-BCF7-AA2A41AA806C,2,TCGA-64-5774-01,,530674.7538843951,0.5306747538843951,366.46875,0.0,0.0,366.46875,7.138419380367057,61.59375,0.16807367613200308,immune-desert,100.0,100.0,100.0,3,TCGA-64-5774-01,TCGA-64-5774,Male,Stage IB,60,0:LIVING,87.91,0,I,matched
TCGA-64-5774,TCGA-64-5774-01Z-00-DX1.5E3B95EB-BF45-4687-BCF7-AA2A41AA806C,3,TCGA-64-5774-01,,2876838.989437712,2.876838989437712,13218.712570955578,0.0,0.0,13218.712570955578,14.654883998176171,225.71875,0.017075698468242195,margin-localized,92.52475208669844,96.16145485215493,100.0,4,TCGA-64-5774-01,TCGA-64-5774,Male,Stage IB,60,0:LIVING,87.91,0,I,matched
TCGA-64-5774,TCGA-64-5774-01Z-00-DX1.5E3B95EB-BF45-4687-BCF7-AA2A41AA806C,4,TCGA-64-5774-01,,162825.881133498,0.16282588113349802,2999.350001630972,0.0,0.0,2999.350001630972,66.90127988312331,170.0625,0.05669978492257463,peritumoral,7.434944233875278,98.89225993588927,100.0,5,TCGA-64-5774-01,TCGA-64-5774,Male,Stage IB,60,0:LIVING,87.91,0,I,matched
TCGA-64-5774,TCGA-64-5774-01Z-00-DX1.5E3B95EB-BF45-4687-BCF7-AA2A41AA806C,5,TCGA-64-5774-01,,251356.61177491557,0.2513566117749156,122.6875,50.78125,0.4139072847682119,71.90625,10.73490946631596,0.0,0.0,immune-desert,80.13245033112582,100.0,100.0,6,TCGA-64-5774-01,TCGA-64-5774,Male,Stage IB,60,0:LIVING,87.91,0,I,matched
TCGA-64-5774,TCGA-64-5774-01Z-00-DX1.5E3B95EB-BF45-4687-BCF7-AA2A41AA806C,6,TCGA-64-5774-01,,36785363.50625494,36.78536350625494,578048.8491331574,1496.65625,0.0025891518549762483,576552.1928831574,37.35205190146855,14587.714406935145,0.025236127411741922,margin-localized,61.996751232215786,94.51491094376165,100.0,7,TCGA-64-5774-01,TCGA-64-5774,Male,Stage IB,60,0:LIVING,87.91,0,I,matched
TCGA-64-5774,TCGA-64-5774-01Z-00-DX1.5E3B95EB-BF45-4687-BCF7-AA2A41AA806C,7,TCGA-64-5774-01,,428989.4183146416,0.4289894183146416,16386.59375,0.0,0.0,16386.59375,101.79861016364615,0.0,0.0,immune-excluded,25.543365289079677,25.973595030999046,100.0,8,TCGA-64-5774-01,TCGA-64-5774,Male,Stage IB,60,0:LIVING,87.91,0,I,matched
TCGA-64-5774,TCGA-64-5774-01Z-00-DX1.5E3B95EB-BF45-4687-BCF7-AA2A41AA806C,8,TCGA-64-5774-01,,2713631.8784704297,2.7136318784704296,24747.69403562569,7684.25,0.3105036771885935,17063.44403562569,52.28994436074684,545.34375,0.022036144022750045,immune-penetrated,31.799679956731097,94.29477031842578,100.0,9,TCGA-64-5774-01,TCGA-64-5774,Male,Stage IB,60,0:LIVING,87.91,0,I,matched
TCGA-64-5774,TCGA-64-5774-01Z-00-DX1.5E3B95EB-BF45-4687-BCF7-AA2A41AA806C,9,TCGA-64-5774-01,,371946.6855426306,0.3719466855426306,8507.793701757757,0.0,0.0,8507.793701757757,54.29376115171982,0.0,0.0,peritumoral,44.889869049935974,91.57537165185477,100.0,10,TCGA-64-5774-01,TCGA-64-5774,Male,Stage IB,60,0:LIVING,87.91,0,I,matched
TCGA-64-5774,TCGA-64-5774-01Z-00-DX1.5E3B95EB-BF45-4687-BCF7-AA2A41AA806C,10,TCGA-64-5774-01,,410463.44349798706,0.4104634434979871,1273.3125,0.0,0.0,1273.3125,62.76008385112308,40.9375,0.03215039513081039,peritumoral,43.96014332695234,76.56947921268346,100.0,11,TCGA-64-5774-01,TCGA-64-5774,Male,Stage IB,60,0:LIVING,87.91,0,I,matched
TCGA-64-5774,TCGA-64-5774-01Z-00-DX1.5E3B95EB-BF45-4687-BCF7-AA2A41AA806C,11,TCGA-64-5774-01,,197043.87211488583,0.19704387211488583,0.0,0.0,,0.0,,0.0,,immune-desert,,,,12,TCGA-64-5774-01,TCGA-64-5774,Male,Stage IB,60,0:LIVING,87.91,0,I,matched
TCGA-64-5778,TCGA-64-5778-01Z-00-DX1.96C39819-8A65-4651-BE83-39959F6FAD05,1,TCGA-64-5778-01,,194188.12409979908,0.19418812409979908,11642.055091402002,332.5625,0.028565618130909475,11309.492591402002,9.391651878130919,469.5625,0.04033329994691277,margin-localized,87.54519577220412,99.5211326560276,100.0,2,TCGA-64-5778-01,TCGA-64-5778,Male,Stage IB,60,0:LIVING,42.87,0,I,matched
TCGA-64-5778,TCGA-64-5778-01Z-00-DX1.96C39819-8A65-4651-BE83-39959F6FAD05,2,TCGA-64-5778-01,,57383664.63296815,57.38366463296815,3231687.8667594497,49459.15625,0.015304434799761398,3182228.7105094497,22.744848317805946,140324.0439254176,0.04342128624758753,margin-localized,84.74189735796895,96.79768566795396,99.8503531736346,3,TCGA-64-5778-01,TCGA-64-5778,Male,Stage IB,60,0:LIVING,42.87,0,I,matched
TCGA-64-5778,TCGA-64-5778-01Z-00-DX1.96C39819-8A65-4651-BE83-39959F6FAD05,3,TCGA-64-5778-01,,221262.74008118725,0.22126274008118724,27978.335726733858,0.0,0.0,27978.335726733858,46.80181787334761,2140.46875,0.0765045058757637,margin-localized,79.77554420298816,94.85597834995161,100.0,4,TCGA-64-5778-01,TCGA-64-5778,Male,Stage IB,60,0:LIVING,42.87,0,I,matched
TCGA-64-5779,TCGA-64-5779-01Z-00-DX1.B3268447-DCE0-4927-B5A9-EC4D61E9B17D,1,TCGA-64-5779-01,,179412.62999517485,0.17941262999517485,126.84878552626094,0.0,0.0,126.84878552626094,49.11645122817812,14.3125,0.11283119456462551,immune-desert,99.08760390417004,100.0,100.0,2,TCGA-64-5779-01,TCGA-64-5779,Male,Stage IIIA,61,0:LIVING,28.38,0,III,matched
TCGA-64-5779,TCGA-64-5779-01Z-00-DX1.B3268447-DCE0-4927-B5A9-EC4D61E9B17D,2,TCGA-64-5779-01,,169898155.67707515,169.89815567707515,9219277.798427783,17589.46875,0.001907900936990925,9201688.329677781,65.875,31098.319909395213,0.0033731839509921905,peritumoral,30.36046906265301,85.08718448727089,98.14192646343265,3,TCGA-64-5779-01,TCGA-64-5779,Male,Stage IIIA,61,0:LIVING,28.38,0,III,matched
TCGA-64-5779,TCGA-64-5779-01Z-00-DX1.B3268447-DCE0-4927-B5A9-EC4D61E9B17D,3,TCGA-64-5779-01,,251415.8159632388,0.2514158159632388,3967.5,0.0,0.0,3967.5,55.7071023299543,0.0,0.0,peritumoral,33.71928166351607,100.0,100.0,4,TCGA-64-5779-01,TCGA-64-5779,Male,Stage IIIA,61,0:LIVING,28.38,0,III,matched
TCGA-64-5779,TCGA-64-5779-01Z-00-DX1.B3268447-DCE0-4927-B5A9-EC4D61E9B17D,4,TCGA-64-5779-01,,1170312.0253049615,1.1703120253049615,174080.63092408996,0.0,0.0,174080.63092408996,124.32940433079376,49.9375,0.00028686419468330096,immune-excluded,6.124503590834488,38.88444780031333,100.0,5,TCGA-64-5779-01,TCGA-64-5779,Male,Stage IIIA,61,0:LIVING,28.38,0,III,matched
TCGA-64-5779,TCGA-64-5779-01Z-00-DX1.B3268447-DCE0-4927-B5A9-EC4D61E9B17D,5,TCGA-64-5779-01,,1751427.6149047893,1.7514276149047892,8570.800972645393,0.0,0.0,8570.800972645393,91.7470197063643,36.96875,0.004313336655230897,peritumoral,5.438523207897216,55.03070959875118,100.0,6,TCGA-64-5779-01,TCGA-64-5779,Male,Stage IIIA,61,0:LIVING,28.38,0,III,matched
TCGA-67-4679,TCGA-67-4679-01Z-00-DX1.a3d84341-fed7-4235-a053-638ed5294954,1,TCGA-67-4679-01,,340509.9139588336,0.3405099139588336,0.0,0.0,,0.0,,0.0,,immune-desert,,,,2,TCGA-67-4679-01,TCGA-67-4679,Male,[Discrepancy],69,0:LIVING,14.72,0,,matched
TCGA-67-4679,TCGA-67-4679-01Z-00-DX1.a3d84341-fed7-4235-a053-638ed5294954,2,TCGA-67-4679-01,,8412335.964328336,8.412335964328335,98.84375,0.0,0.0,98.84375,96.08079689121027,0.0,0.0,immune-desert,0.0,100.0,100.0,3,TCGA-67-4679-01,TCGA-67-4679,Male,[Discrepancy],69,0:LIVING,14.72,0,,matched
TCGA-67-4679,TCGA-67-4679-01Z-00-DX1.a3d84341-fed7-4235-a053-638ed5294954,3,TCGA-67-4679-01,,154563.08335272092,0.15456308335272093,0.0,0.0,,0.0,,0.0,,immune-desert,,,,4,TCGA-67-4679-01,TCGA-67-4679,Male,[Discrepancy],69,0:LIVING,14.72,0,,matched
TCGA-67-4679,TCGA-67-4679-01Z-00-DX1.a3d84341-fed7-4235-a053-638ed5294954,4,TCGA-67-4679-01,,289100.9647965283,0.2891009647965283,0.0,0.0,,0.0,,0.0,,immune-desert,,,,5,TCGA-67-4679-01,TCGA-67-4679,Male,[Discrepancy],69,0:LIVING,14.72,0,,matched
TCGA-67-4679,TCGA-67-4679-01Z-00-DX1.a3d84341-fed7-4235-a053-638ed5294954,5,TCGA-67-4679-01,,11619936.736543763,11.619936736543764,49.9375,0.0,0.0,49.9375,9.438120840506334,0.0,0.0,immune-desert,100.0,100.0,100.0,6,TCGA-67-4679-01,TCGA-67-4679,Male,[Discrepancy],69,0:LIVING,14.72,0,,matched
TCGA-67-4679,TCGA-67-4679-01Z-00-DX1.a3d84341-fed7-4235-a053-638ed5294954,6,TCGA-67-4679-01,,17180405.591301043,17.180405591301042,138.81326383587225,0.0,0.0,138.81326383587225,32.83528970482825,0.0,0.0,immune-desert,74.8763201467297,100.0,100.0,7,TCGA-67-4679-01,TCGA-67-4679,Male,[Discrepancy],69,0:LIVING,14.72,0,,matched
TCGA-67-4679,TCGA-67-4679-01Z-00-DX1.a3d84341-fed7-4235-a053-638ed5294954,7,TCGA-67-4679-01,,280392.4501682412,0.2803924501682412,0.0,0.0,,0.0,,0.0,,immune-desert,,,,8,TCGA-67-4679-01,TCGA-67-4679,Male,[Discrepancy],69,0:LIVING,14.72,0,,matched
TCGA-67-4679,TCGA-67-4679-01Z-00-DX1.a3d84341-fed7-4235-a053-638ed5294954,8,TCGA-67-4679-01,,15562208.809842441,15.562208809842442,20374.10905375038,171.5625,0.00842061361050875,20202.546553750384,21.92672456159378,1165.96875,0.05722796255404225,margin-localized,89.49385263517492,99.76149263817231,100.0,9,TCGA-67-4679-01,TCGA-67-4679,Male,[Discrepancy],69,0:LIVING,14.72,0,,matched
TCGA-67-4679,TCGA-67-4679-01Z-00-DX1.a3d84341-fed7-4235-a053-638ed5294954,9,TCGA-67-4679-01,,695158.5104229077,0.6951585104229077,0.0,0.0,,0.0,,0.0,,immune-desert,,,,10,TCGA-67-4679-01,TCGA-67-4679,Male,[Discrepancy],69,0:LIVING,14.72,0,,matched
TCGA-67-4679,TCGA-67-4679-01Z-00-DX1.a3d84341-fed7-4235-a053-638ed5294954,10,TCGA-67-4679-01,,924375.9745368466,0.9243759745368466,0.0,0.0,,0.0,,0.0,,immune-desert,,,,11,TCGA-67-4679-01,TCGA-67-4679,Male,[Discrepancy],69,0:LIVING,14.72,0,,matched
TCGA-69-7760,TCGA-69-7760-01Z-00-DX1.7fc295e3-5bfc-4017-801c-491489d0eb34,1,TCGA-69-7760-01,,143975047.8591002,143.9750478591002,3321454.432048646,907939.0748570209,0.2733558726852717,2413515.357191625,27.591325629624976,112697.44888106945,0.03393015053696178,margin-localized,62.07173180520036,87.89036102923771,94.54143906795512,2,TCGA-69-7760-01,TCGA-69-7760,Male,Stage IIB,73,0:LIVING,6.64,0,II,matched
TCGA-69-7761,TCGA-69-7761-01Z-00-DX1.aa7ef5ef-8162-4961-a923-3a29646efba3,1,TCGA-69-7761-01,,352275.102266092,0.35227510226609204,56929.7122200264,141.40493408009695,0.0024838512011721423,56788.30728594631,63.5625,717.311184080097,0.012599943967884058,peritumoral,35.20776699388236,99.11783837232869,100.0,2,TCGA-69-7761-01,TCGA-69-7761,Male,Stage IB,84,0:LIVING,6.11,0,I,matched
TCGA-69-7761,TCGA-69-7761-01Z-00-DX1.aa7ef5ef-8162-4961-a923-3a29646efba3,2,TCGA-69-7761-01,,122803203.99747382,122.80320399747382,5056425.236359105,54526.29799824276,0.010783566541469242,5001898.938360862,55.945425416203605,62796.97998045842,0.012419244237787955,peritumoral,45.449939278702495,86.0392009660999,99.7804473238082,3,TCGA-69-7761-01,TCGA-69-7761,Male,Stage IB,84,0:LIVING,6.11,0,I,matched
TCGA-69-7761,TCGA-69-7761-01Z-00-DX1.aa7ef5ef-8162-4961-a923-3a29646efba3,3,TCGA-69-7761-01,,121442.81487434784,0.12144281487434784,2945.926910996168,0.0,0.0,2945.926910996168,29.480727284956863,0.0,0.0,margin-localized,72.90998944959209,72.90998944959209,100.0,4,TCGA-69-7761-01,TCGA-69-7761,Male,Stage IB,84,0:LIVING,6.11,0,I,matched
TCGA-69-7761,TCGA-69-7761-01Z-00-DX1.aa7ef5ef-8162-4961-a923-3a29646efba3,4,TCGA-69-7761-01,,124326622.21903975,124.32662221903975,6469038.031560248,131472.09541166548,0.020323283735581333,6337565.936148583,53.090613871474496,149532.81041215948,0.023115154012488332,peritumoral,47.88480987107444,91.13251982661104,99.90107095204303,5,TCGA-69-7761-01,TCGA-69-7761,Male,Stage IB,84,0:LIVING,6.11,0,I,matched
TCGA-69-7761,TCGA-69-7761-01Z-00-DX1.aa7ef5ef-8162-4961-a923-3a29646efba3,5,TCGA-69-7761-01,,288778.83155046275,0.28877883155046274,107618.11671868149,9.65625,8.972699294898335e-05,107608.46046868149,1.8582585934148133,55857.65700307494,0.5190358157733732,margin-localized,69.66590049763477,84.55131917207966,100.0,6,TCGA-69-7761-01,TCGA-69-7761,Male,Stage IB,84,0:LIVING,6.11,0,I,matched
TCGA-69-7763,TCGA-69-7763-01Z-00-DX1.33203e8a-43e9-4e3e-98ba-1ac08b80a44f,1,TCGA-69-7763-01,,45214463.65407521,45.21446365407521,1029046.2774547207,58321.78125,0.056675567005844626,970724.4962047206,45.90428220765466,25771.875,0.025044427607031496,margin-localized,53.870205672056706,82.63112058316283,98.62897387630335,2,TCGA-69-7763-01,TCGA-69-7763,Male,Stage IA,69,0:LIVING,22.67,0,I,matched
TCGA-69-7764,TCGA-69-7764-01Z-00-DX1.be9fec48-68eb-4c27-a028-5315d7e368e0,1,TCGA-69-7764-01,,75017168.81050776,75.01716881050775,1306270.5331604802,256017.34528266,0.19599105911333248,1050253.18787782,43.43709532185595,34687.970282660004,0.026554966526523078,margin-localized,53.63639416551612,88.07964132522905,92.89505426755287,2,TCGA-69-7764-01,TCGA-69-7764,Male,Stage IA,75,0:LIVING,13.6,0,I,matched
TCGA-69-7764,TCGA-69-7764-01Z-00-DX1.be9fec48-68eb-4c27-a028-5315d7e368e0,2,TCGA-69-7764-01,,647376.7005655105,0.6473767005655106,2385.8125,0.0,0.0,2385.8125,11.179815796783059,38.25,0.016032274120451627,margin-localized,100.0,100.0,100.0,3,TCGA-69-7764-01,TCGA-69-7764,Male,Stage IA,75,0:LIVING,13.6,0,I,matched
TCGA-69-7764,TCGA-69-7764-01Z-00-DX1.be9fec48-68eb-4c27-a028-5315d7e368e0,3,TCGA-69-7764-01,,1303173.589649677,1.303173589649677,37225.476109757656,229.0,0.00615170103734345,36996.476109757656,53.808834079544965,2718.15625,0.07301871014317285,peritumoral,45.69763703748503,99.14843090062774,100.0,4,TCGA-69-7764-01,TCGA-69-7764,Male,Stage IA,75,0:LIVING,13.6,0,I,matched
TCGA-69-7764,TCGA-69-7764-01Z-00-DX1.be9fec48-68eb-4c27-a028-5315d7e368e0,4,TCGA-69-7764-01,,123995700.25254606,123.99570025254606,6540162.439016696,947402.875,0.14485922694336636,5592759.564016694,44.08691699359346,120896.16712715871,0.018485193334943417,margin-localized,51.157560711156044,87.12488695917003,96.77543373374698,5,TCGA-69-7764-01,TCGA-69-7764,Male,Stage IA,75,0:LIVING,13.6,0,I,matched
TCGA-69-7764,TCGA-69-7764-01Z-00-DX1.be9fec48-68eb-4c27-a028-5315d7e368e0,5,TCGA-69-7764-01,,226558.18138091973,0.22655818138091974,48086.35832223114,0.0,0.0,48086.35832223114,81.67561600624754,0.0,0.0,peritumoral,17.476906485412808,100.0,100.0,6,TCGA-69-7764-01,TCGA-69-7764,Male,Stage IA,75,0:LIVING,13.6,0,I,matched
TCGA-69-7764,TCGA-69-7764-01Z-00-DX1.be9fec48-68eb-4c27-a028-5315d7e368e0,6,TCGA-69-7764-01,,272164.7751240316,0.2721647751240316,6108.837322255718,25.875,0.004235666892901566,6082.962322255718,29.169168195078345,0.0,0.0,margin-localized,99.9839409223923,100.0,100.0,7,TCGA-69-7764-01,TCGA-69-7764,Male,Stage IA,75,0:LIVING,13.6,0,I,matched
TCGA-69-7764,TCGA-69-7764-01Z-00-DX1.be9fec48-68eb-4c27-a028-5315d7e368e0,7,TCGA-69-7764-01,,2042309.7262982074,2.0423097262982073,318880.36040132947,11459.375,0.03593628339348874,307420.98540132947,88.67704167942607,1206.59375,0.0037838446635014827,peritumoral,47.21067639147492,99.93641203568058,99.93641203568058,8,TCGA-69-7764-01,TCGA-69-7764,Male,Stage IA,75,0:LIVING,13.6,0,I,matched
TCGA-69-7765,TCGA-69-7765-01Z-00-DX1.ac389366-febb-488c-9190-fe00bc07cd20,1,TCGA-69-7765-01,,72073697.01731919,72.07369701731919,4457616.267054395,1039382.8492662243,0.2331701041536829,3418233.417788171,27.117582511167917,379991.030121648,0.08524534355505373,margin-localized,62.75024364795701,85.85955639851495,93.13331902690145,2,TCGA-69-7765-01,TCGA-69-7765,Male,[Discrepancy],56,0:LIVING,5.42,0,,matched
TCGA-69-7765,TCGA-69-7765-01Z-00-DX1.ac389366-febb-488c-9190-fe00bc07cd20,2,TCGA-69-7765-01,,7865886.352592866,7.865886352592866,459265.80376045464,62906.62957949184,0.1369721609238359,396359.1741809628,38.1841753871941,38399.07337031646,0.08360969411592589,margin-localized,57.844493284825816,81.7956428124075,99.97779063906678,3,TCGA-69-7765-01,TCGA-69-7765,Male,[Discrepancy],56,0:LIVING,5.42,0,,matched
TCGA-69-7765,TCGA-69-7765-01Z-00-DX1.ac389366-febb-488c-9190-fe00bc07cd20,3,TCGA-69-7765-01,,225279.47718262122,0.22527947718262123,30741.03245056664,151.25,0.004920134033989222,30589.782450566643,40.90327768040112,1279.3125,0.04161579485195263,margin-localized,54.85020877279718,72.35264079853486,87.05370386057571,4,TCGA-69-7765-01,TCGA-69-7765,Male,[Discrepancy],56,0:LIVING,5.42,0,,matched
TCGA-69-7765,TCGA-69-7765-01Z-00-DX1.ac389366-febb-488c-9190-fe00bc07cd20,4,TCGA-69-7765-01,,15964511.844651932,15.964511844651932,954171.9214919775,186531.6875,0.19549064827681403,767640.2339919776,27.34987431415362,66819.59375,0.0700288828930519,margin-localized,79.82501336208696,97.68054418471579,99.98147684641717,5,TCGA-69-7765-01,TCGA-69-7765,Male,[Discrepancy],56,0:LIVING,5.42,0,,matched
TCGA-69-7765,TCGA-69-7765-01Z-00-DX1.ac389366-febb-488c-9190-fe00bc07cd20,5,TCGA-69-7765-01,,272078.3913717817,0.2720783913717817,8235.823979592507,0.0,0.0,8235.823979592507,10.520255759723716,3124.96875,0.3794360780103289,margin-localized,94.5605900429325,100.0,100.0,6,TCGA-69-7765-01,TCGA-69-7765,Male,[Discrepancy],56,0:LIVING,5.42,0,,matched
TCGA-69-7765,TCGA-69-7765-01Z-00-DX1.ac389366-febb-488c-9190-fe00bc07cd20,6,TCGA-69-7765-01,,2328776.317459887,2.328776317459887,109221.7533932218,29441.125,0.2695536748435599,79780.6283932218,9.375,17551.40435874627,0.16069513456314363,margin-localized,83.64700675075817,95.54229711688353,99.97247572112144,7,TCGA-69-7765-01,TCGA-69-7765,Male,[Discrepancy],56,0:LIVING,5.42,0,,matched
TCGA-69-8254,TCGA-69-8254-01Z-00-DX1.83a81d08-8c70-4f07-b4da-cbd17c4fe4d4,1,TCGA-69-8254-01,,6207002.156598867,6.207002156598867,869404.311665003,36785.01266963136,0.04231059378942358,832619.2989953717,65.54952443632405,7530.562539129345,0.008661749703894965,peritumoral,39.012197532778146,64.08080084985556,99.96245479024006,2,TCGA-69-8254-01,TCGA-69-8254,Male,[Not Available],85,0:LIVING,13.44,0,,matched
TCGA-69-8254,TCGA-69-8254-01Z-00-DX1.83a81d08-8c70-4f07-b4da-cbd17c4fe4d4,2,TCGA-69-8254-01,,8685830.573876072,8.685830573876071,1844740.09133254,18031.289505766683,0.009774433585785985,1826708.8018267732,28.875,184724.2323686718,0.10013564145789072,margin-localized,80.9476033305726,89.42524028237989,99.999461306227,3,TCGA-69-8254-01,TCGA-69-8254,Male,[Not Available],85,0:LIVING,13.44,0,,matched
TCGA-69-8254,TCGA-69-8254-01Z-00-DX1.83a81d08-8c70-4f07-b4da-cbd17c4fe4d4,3,TCGA-69-8254-01,,3586238.6910793483,3.5862386910793482,605637.3302808364,1236.75,0.0020420636875644934,604400.5802808364,46.541522120038145,9100.231624733682,0.01502587632851804,margin-localized,54.72036148069409,99.348117301381,99.90378484872528,4,TCGA-69-8254-01,TCGA-69-8254,Male,[Not Available],85,0:LIVING,13.44,0,,matched
TCGA-69-8254,TCGA-69-8254-01Z-00-DX1.83a81d08-8c70-4f07-b4da-cbd17c4fe4d4,4,TCGA-69-8254-01,,4587674.814437516,4.587674814437516,560933.4512998627,214744.76469776753,0.38283465569781056,346188.6866020952,66.12121917357544,217485.40376175795,0.3877205099067893,immune-penetrated,56.61897599562693,80.90816573558537,90.56821359461948,5,TCGA-69-8254-01,TCGA-69-8254,Male,[Not Available],85,0:LIVING,13.44,0,,matched
TCGA-69-8254,TCGA-69-8254-01Z-00-DX1.83a81d08-8c70-4f07-b4da-cbd17c4fe4d4,5,TCGA-69-8254-01,,448854.9037389526,0.4488549037389526,147307.64967627678,1762.9375,0.01196772539562087,145544.71217627678,36.951964528505606,473.84375,0.003216694795153672,margin-localized,67.45866110366036,100.0,100.0,6,TCGA-69-8254-01,TCGA-69-8254,Male,[Not Available],85,0:LIVING,13.44,0,,matched
TCGA-69-8254,TCGA-69-8254-01Z-00-DX1.83a81d08-8c70-4f07-b4da-cbd17c4fe4d4,6,TCGA-69-8254-01,,5246609.147833321,5.246609147833321,731182.8832226796,3296.0,0.004507764166295743,727886.8832226797,39.978509852169324,10199.40625,0.013949186289818824,margin-localized,94.91380007499218,99.52948616845921,99.99417040510957,7,TCGA-69-8254-01,TCGA-69-8254,Male,[Not Available],85,0:LIVING,13.44,0,,matched
TCGA-69-8254,TCGA-69-8254-01Z-00-DX1.83a81d08-8c70-4f07-b4da-cbd17c4fe4d4,7,TCGA-69-8254-01,,1801916.1169672478,1.8019161169672477,89773.0900135695,1354.5625,0.015088736499938383,88418.5275135695,66.98895081466793,1144.996241000108,0.012754336971435852,peritumoral,48.75225137839642,99.43642632784109,100.0,8,TCGA-69-8254-01,TCGA-69-8254,Male,[Not Available],85,0:LIVING,13.44,0,,matched
TCGA-69-8254,TCGA-69-8254-01Z-00-DX1.83a81d08-8c70-4f07-b4da-cbd17c4fe4d4,8,TCGA-69-8254-01,,252426.30896340654,0.25242630896340656,30048.73169666353,0.0,0.0,30048.73169666353,50.87131436281158,0.0,0.0,peritumoral,1.2407969619609562,99.7808767748846,100.0,9,TCGA-69-8254-01,TCGA-69-8254,Male,[Not Available],85,0:LIVING,13.44,0,,matched
TCGA-69-8254,TCGA-69-8254-01Z-00-DX1.83a81d08-8c70-4f07-b4da-cbd17c4fe4d4,9,TCGA-69-8254-01,,95659825.39774543,95.65982539774544,6318112.168955408,683146.9555786154,0.10812517051142542,5634965.213376793,37.026436923501024,135990.09270862216,0.021523849066311496,margin-localized,66.27217974070166,93.3377311262084,99.91007442063157,10,TCGA-69-8254-01,TCGA-69-8254,Male,[Not Available],85,0:LIVING,13.44,0,,matched
TCGA-69-8254,TCGA-69-8254-01Z-00-DX1.83a81d08-8c70-4f07-b4da-cbd17c4fe4d4,10,TCGA-69-8254-01,,4390003.371683351,4.390003371683351,586066.4645696229,20377.9375,0.03477069365326083,565688.5270696229,50.125,5648.277081979847,0.009637604987563402,peritumoral,43.65553250602844,98.43055231941115,99.96273746695752,11,TCGA-69-8254-01,TCGA-69-8254,Male,[Not Available],85,0:LIVING,13.44,0,,matched
TCGA-69-8254,TCGA-69-8254-01Z-00-DX1.83a81d08-8c70-4f07-b4da-cbd17c4fe4d4,11,TCGA-69-8254-01,,4737120.026493038,4.737120026493038,729278.3121647334,1020.78125,0.0013997142558236674,728257.5309147334,42.125,11852.65625,0.016252582933417407,margin-localized,70.59790904434,99.70845021872834,100.0,12,TCGA-69-8254-01,TCGA-69-8254,Male,[Not Available],85,0:LIVING,13.44,0,,matched
TCGA-69-8254,TCGA-69-8254-01Z-00-DX1.83a81d08-8c70-4f07-b4da-cbd17c4fe4d4,12,TCGA-69-8254-01,,617171.404763809,0.617171404763809,24452.70538045678,39.5,0.0016153631831498448,24413.20538045678,43.38837149801776,1577.21875,0.06450078735502833,margin-localized,90.52403846540118,98.1078569618615,100.0,13,TCGA-69-8254-01,TCGA-69-8254,Male,[Not Available],85,0:LIVING,13.44,0,,matched
TCGA-69-8254,TCGA-69-8254-01Z-00-DX1.83a81d08-8c70-4f07-b4da-cbd17c4fe4d4,13,TCGA-69-8254-01,,1272463.254327984,1.2724632543279841,90560.95194022512,0.0,0.0,90560.95194022512,45.62230300247895,924.4665097990955,0.010208224295271223,margin-localized,55.55163171417,99.25074633662435,100.0,14,TCGA-69-8254-01,TCGA-69-8254,Male,[Not Available],85,0:LIVING,13.44,0,,matched
TCGA-69-8254,TCGA-69-8254-01Z-00-DX1.83a81d08-8c70-4f07-b4da-cbd17c4fe4d4,14,TCGA-69-8254-01,,237596.48485806983,0.23759648485806983,9751.415659178223,0.0,0.0,9751.415659178223,76.90266270585174,52.84375,0.00541908496642356,peritumoral,36.082581473062945,89.19281880691531,100.0,15,TCGA-69-8254-01,TCGA-69-8254,Male,[Not Available],85,0:LIVING,13.44,0,,matched
TCGA-69-8254,TCGA-69-8254-01Z-00-DX1.83a81d08-8c70-4f07-b4da-cbd17c4fe4d4,15,TCGA-69-8254-01,,305034.45016824396,0.30503445016824393,3574.8125,26.8125,0.007500393377275032,3548.0,22.194101130705878,108.0,0.030211374722450477,margin-localized,100.0,100.0,100.0,16,TCGA-69-8254-01,TCGA-69-8254,Male,[Not Available],85,0:LIVING,13.44,0,,matched
TCGA-69-8255,TCGA-69-8255-01Z-00-DX1.75d1666c-c088-405c-80da-52d84b990361,1,TCGA-69-8255-01,,42765265.7259425,42.7652657259425,3249706.662928822,68101.1875,0.020956102985191686,3181605.4754288225,40.282837924480944,45798.68742165112,0.01409317583771537,margin-localized,57.076603797558114,92.48563672167975,99.79921832940286,2,TCGA-69-8255-01,TCGA-69-8255,Male,Stage IA,71,0:LIVING,4.24,0,I,matched
TCGA-69-8255,TCGA-69-8255-01Z-00-DX1.75d1666c-c088-405c-80da-52d84b990361,2,TCGA-69-8255-01,,2699917.7185520725,2.6999177185520726,1833945.835205756,111805.43659349927,0.060964415877067316,1722140.3986122566,17.015617825985633,3249.75,0.0017719988985582013,margin-localized,99.59216497831012,100.0,100.0,3,TCGA-69-8255-01,TCGA-69-8255,Male,Stage IA,71,0:LIVING,4.24,0,I,matched
TCGA-69-8255,TCGA-69-8255-01Z-00-DX1.75d1666c-c088-405c-80da-52d84b990361,3,TCGA-69-8255-01,,354991.759361973,0.35499175936197297,757.8652579441887,0.0,0.0,757.8652579441887,13.125,317.375,0.41877496912963436,immune-desert,78.5553558181239,100.0,100.0,4,TCGA-69-8255-01,TCGA-69-8255,Male,Stage IA,71,0:LIVING,4.24,0,I,matched
TCGA-69-8255,TCGA-69-8255-01Z-00-DX1.75d1666c-c088-405c-80da-52d84b990361,4,TCGA-69-8255-01,,2605870.1567388,2.6058701567388,858817.0225051937,396863.2766810537,0.46210457673905,461953.7458241401,21.45999184529202,397946.05581076717,0.4633653565109215,immune-penetrated,89.0137474870777,95.46230146343568,100.0,5,TCGA-69-8255-01,TCGA-69-8255,Male,Stage IA,71,0:LIVING,4.24,0,I,matched
TCGA-69-8255,TCGA-69-8255-01Z-00-DX1.75d1666c-c088-405c-80da-52d84b990361,5,TCGA-69-8255-01,,1292028.157429766,1.2920281574297658,184967.7858619922,6529.875,0.035302768909566004,178437.9108619922,41.86467592077283,2453.84375,0.013266330342683872,margin-localized,97.61923264505405,100.0,100.0,6,TCGA-69-8255-01,TCGA-69-8255,Male,Stage IA,71,0:LIVING,4.24,0,I,matched
TCGA-69-8255,TCGA-69-8255-01Z-00-DX1.75d1666c-c088-405c-80da-52d84b990361,6,TCGA-69-8255-01,,180598.3225857569,0.1805983225857569,5194.037946906696,0.0,0.0,5194.037946906696,78.71556786938655,0.0,0.0,peritumoral,49.22952096495211,53.284651138297065,100.0,7,TCGA-69-8255-01,TCGA-69-8255,Male,Stage IA,71,0:LIVING,4.24,0,I,matched
TCGA-69-8255,TCGA-69-8255-01Z-00-DX1.75d1666c-c088-405c-80da-52d84b990361,7,TCGA-69-8255-01,,226621.01316170566,0.22662101316170566,105347.79177038546,573.875,0.005447432645297489,104773.91677038546,83.17385782203445,210.66261421789238,0.0019996870430568645,peritumoral,4.996605775823767,97.22858519141295,100.0,8,TCGA-69-8255-01,TCGA-69-8255,Male,Stage IA,71,0:LIVING,4.24,0,I,matched
TCGA-69-8255,TCGA-69-8255-01Z-00-DX1.75d1666c-c088-405c-80da-52d84b990361,8,TCGA-69-8255-01,,234157.93427720113,0.23415793427720114,0.0,0.0,,0.0,,0.0,,immune-desert,,,,9,TCGA-69-8255-01,TCGA-69-8255,Male,Stage IA,71,0:LIVING,4.24,0,I,matched
TCGA-69-8453,TCGA-69-8453-01Z-00-DX1.C472096B-95BA-42CD-ADEB-326C38F9DC95,1,TCGA-69-8453-01,,894191.1662654886,0.8941911662654886,76530.5061381434,677.884192383738,0.008857699061340393,75852.62194575967,18.41237695138789,824.727942383738,0.01077646005496215,margin-localized,74.73283612777001,99.31542453603913,100.0,2,TCGA-69-8453-01,TCGA-69-8453,Male,Stage IIB,77,0:LIVING,26.71,0,II,matched
TCGA-69-8453,TCGA-69-8453-01Z-00-DX1.C472096B-95BA-42CD-ADEB-326C38F9DC95,2,TCGA-69-8453-01,,98660033.1862659,98.6600331862659,6858342.311053919,334234.2060089619,0.0487339638137135,6524108.105044957,31.08079189789089,516651.8800324432,0.0753318887568109,margin-localized,68.52213308417228,91.90992028390232,99.92890677728074,3,TCGA-69-8453-01,TCGA-69-8453,Male,Stage IIB,77,0:LIVING,26.71,0,II,matched
TCGA-69-8453,TCGA-69-8453-01Z-00-DX1.C472096B-95BA-42CD-ADEB-326C38F9DC95,3,TCGA-69-8453-01,,3563245.5756149185,3.5632455756149186,9732.5625,895.75,0.09203639843052638,8836.8125,28.187430709449202,2121.53125,0.21798280257640268,margin-localized,86.77827653303024,100.0,100.0,4,TCGA-69-8453-01,TCGA-69-8453,Male,Stage IIB,77,0:LIVING,26.71,0,II,matched
TCGA-69-8453,TCGA-69-8453-01Z-00-DX1.C472096B-95BA-42CD-ADEB-326C38F9DC95,4,TCGA-69-8453-01,,4563459.203021783,4.563459203021783,107796.69880154188,7648.25,0.07095068851858571,100148.44880154188,46.6875,1855.4375,0.01721237775023089,margin-localized,51.746752050732084,62.60780898208564,84.33141473559618,5,TCGA-69-8453-01,TCGA-69-8453,Male,Stage IIB,77,0:LIVING,26.71,0,II,matched
TCGA-69-8453,TCGA-69-8453-01Z-00-DX1.C472096B-95BA-42CD-ADEB-326C38F9DC95,5,TCGA-69-8453-01,,13540960.050690645,13.540960050690645,564446.4708054117,55973.56796887963,0.09916541401881855,508472.9028365321,29.7729034736285,36083.31259097929,0.06392689910788496,margin-localized,69.82801062637742,97.74473304554199,99.98469477078895,6,TCGA-69-8453-01,TCGA-69-8453,Male,Stage IIB,77,0:LIVING,26.71,0,II,matched
TCGA-69-8453,TCGA-69-8453-01Z-00-DX1.C472096B-95BA-42CD-ADEB-326C38F9DC95,6,TCGA-69-8453-01,,136739.6828475,0.1367396828475,23997.842679065794,0.0,0.0,23997.842679065794,32.59649137560667,1750.7427606950473,0.07295417276079924,margin-localized,70.98580341943033,100.0,100.0,7,TCGA-69-8453-01,TCGA-69-8453,Male,Stage IIB,77,0:LIVING,26.71,0,II,matched
TCGA-69-8453,TCGA-69-8453-01Z-00-DX1.C472096B-95BA-42CD-ADEB-326C38F9DC95,7,TCGA-69-8453-01,,543312.1340481767,0.5433121340481767,1859.0625,1859.0625,1.0,0.0,,0.0,0.0,immune-penetrated,2.3516557404605813,100.0,100.0,8,TCGA-69-8453-01,TCGA-69-8453,Male,Stage IIB,77,0:LIVING,26.71,0,II,matched
TCGA-73-4659,TCGA-73-4659-01Z-00-DX1.578400cd-d284-451b-8fdf-9f82c1458276,1,TCGA-73-4659-01,,2046347.8946194835,2.0463478946194833,170120.86794409895,0.0,0.0,170120.86794409895,69.650382491771,762.0990005465951,0.004479750249081834,peritumoral,33.52760841828255,66.97190671936275,97.03134278732493,2,TCGA-73-4659-01,TCGA-73-4659,Male,Stage IIIA,66,1:DECEASED,23.36,1,III,matched
TCGA-73-4659,TCGA-73-4659-01Z-00-DX1.578400cd-d284-451b-8fdf-9f82c1458276,2,TCGA-73-4659-01,,92485337.22974733,92.48533722974733,2122437.91924259,16043.90625,0.007559187528898561,2106394.01299259,49.62751882776329,12537.630697705565,0.005907183707959629,margin-localized,51.685591156600985,87.4189881657761,99.11622993496982,3,TCGA-73-4659-01,TCGA-73-4659,Male,Stage IIIA,66,1:DECEASED,23.36,1,III,matched
TCGA-73-4659,TCGA-73-4659-01Z-00-DX1.578400cd-d284-451b-8fdf-9f82c1458276,3,TCGA-73-4659-01,,308760.23677491583,0.3087602367749158,63385.47495438669,0.0,0.0,63385.47495438669,31.953885229342614,207.46875,0.0032731276392469755,margin-localized,85.68253634740064,99.56502049793094,100.0,4,TCGA-73-4659-01,TCGA-73-4659,Male,Stage IIIA,66,1:DECEASED,23.36,1,III,matched
TCGA-73-4659,TCGA-73-4659-01Z-00-DX1.578400cd-d284-451b-8fdf-9f82c1458276,4,TCGA-73-4659-01,,286560.2367749141,0.2865602367749141,37353.910515951065,0.0,0.0,37353.910515951065,32.23721888206239,1132.625,0.03032145722778718,margin-localized,91.29906255197896,93.47261343001433,99.83147247119636,5,TCGA-73-4659-01,TCGA-73-4659,Male,Stage IIIA,66,1:DECEASED,23.36,1,III,matched
TCGA-73-4659,TCGA-73-4659-01Z-00-DX1.578400cd-d284-451b-8fdf-9f82c1458276,5,TCGA-73-4659-01,,414762.24347093026,0.41476224347093027,70379.36342828308,0.0,0.0,70379.36342828308,82.62963300172645,261.6044669831308,0.0037170621363989327,peritumoral,28.06422225514811,99.216661964555,100.0,6,TCGA-73-4659-01,TCGA-73-4659,Male,Stage IIIA,66,1:DECEASED,23.36,1,III,matched
TCGA-73-4659,TCGA-73-4659-01Z-00-DX1.578400cd-d284-451b-8fdf-9f82c1458276,6,TCGA-73-4659-01,,74987588.33240719,74.98758833240719,2217710.662451782,29141.3125,0.013140268022061512,2188569.349951782,47.45083804581327,15344.173650037425,0.006918924957087833,margin-localized,51.41796735422391,89.22197266059287,99.50316679846819,7,TCGA-73-4659-01,TCGA-73-4659,Male,Stage IIIA,66,1:DECEASED,23.36,1,III,matched
TCGA-73-4659,TCGA-73-4659-01Z-00-DX1.578400cd-d284-451b-8fdf-9f82c1458276,7,TCGA-73-4659-01,,1402099.371288736,1.402099371288736,171428.2147627558,0.0,0.0,171428.2147627558,60.168773047154616,468.9375,0.002735474441292966,peritumoral,17.829808019867563,74.70168441425373,98.62879149136681,8,TCGA-73-4659-01,TCGA-73-4659,Male,Stage IIIA,66,1:DECEASED,23.36,1,III,matched
TCGA-73-4659,TCGA-73-4659-01Z-00-DX1.578400cd-d284-451b-8fdf-9f82c1458276,8,TCGA-73-4659-01,,222550.63869636177,0.22255063869636177,269.3125,0.0,0.0,269.3125,10.835416466384668,0.0,0.0,immune-desert,100.0,100.0,100.0,9,TCGA-73-4659-01,TCGA-73-4659,Male,Stage IIIA,66,1:DECEASED,23.36,1,III,matched
TCGA-73-4677,TCGA-73-4677-01Z-00-DX1.b557785c-9ccc-42a7-bb54-7bb47638ddfc,1,TCGA-73-4677-01,,4647597.199480855,4.647597199480855,370376.51848711114,3684.25,0.009947309875499598,366692.26848711114,53.34103134548487,1079.75,0.002915276606655545,peritumoral,34.57558433754646,91.24564905445939,99.75323133989782,2,TCGA-73-4677-01,TCGA-73-4677,Male,[Discrepancy],74,1:DECEASED,1.25,1,,matched
TCGA-73-4677,TCGA-73-4677-01Z-00-DX1.b557785c-9ccc-42a7-bb54-7bb47638ddfc,2,TCGA-73-4677-01,,202582.30100463555,0.20258230100463556,19552.773813133084,7.34375,0.00037558609689779135,19545.430063133084,48.81358033375548,605.6246972998565,0.03097385072255448,margin-localized,51.9385606313581,99.0372210009735,100.0,3,TCGA-73-4677-01,TCGA-73-4677,Male,[Discrepancy],74,1:DECEASED,1.25,1,,matched
TCGA-73-4677,TCGA-73-4677-01Z-00-DX1.b557785c-9ccc-42a7-bb54-7bb47638ddfc,3,TCGA-73-4677-01,,27649380.645543005,27.649380645543005,2764749.4606318846,33162.0,0.011994576894653164,2731587.4606318846,60.37399714488018,24181.356566301347,0.00874631025726819,peritumoral,31.60292715916545,84.38138630231822,99.89171881223598,4,TCGA-73-4677-01,TCGA-73-4677,Male,[Discrepancy],74,1:DECEASED,1.25,1,,matched
TCGA-73-4677,TCGA-73-4677-01Z-00-DX1.b557785c-9ccc-42a7-bb54-7bb47638ddfc,4,TCGA-73-4677-01,,48746790.6479633,48.7467906479633,5068872.295026386,296910.0794174492,0.058575174543020046,4771962.215608938,62.19993594249113,16335.20587360285,0.003222650901982887,peritumoral,39.60809330323139,80.06634508275299,95.57211622062407,5,TCGA-73-4677-01,TCGA-73-4677,Male,[Discrepancy],74,1:DECEASED,1.25,1,,matched
TCGA-73-4677,TCGA-73-4677-01Z-00-DX1.b557785c-9ccc-42a7-bb54-7bb47638ddfc,5,TCGA-73-4677-01,,321686.63177948585,0.32168663177948587,85269.0361531805,8.15625,9.565312765290095e-05,85260.8799031805,77.875,420.25,0.004928518240138743,peritumoral,19.5020923346487,100.0,100.0,6,TCGA-73-4677-01,TCGA-73-4677,Male,[Discrepancy],74,1:DECEASED,1.25,1,,matched
TCGA-73-4677,TCGA-73-4677-01Z-00-DX1.b557785c-9ccc-42a7-bb54-7bb47638ddfc,6,TCGA-73-4677-01,,332235.947669229,0.332235947669229,5003.96875,9.0625,0.0018110624691651002,4994.90625,123.17944544951483,0.0,0.0,immune-excluded,24.804686280265038,29.271141031806003,100.0,7,TCGA-73-4677-01,TCGA-73-4677,Male,[Discrepancy],74,1:DECEASED,1.25,1,,matched
TCGA-73-4677,TCGA-73-4677-01Z-00-DX1.b557785c-9ccc-42a7-bb54-7bb47638ddfc,7,TCGA-73-4677-01,,852524.7948933551,0.8525247948933551,178036.63007492345,0.0,0.0,178036.63007492345,56.81659088681756,429.34375,0.0024115472743969518,peritumoral,18.684865858411406,83.238407763487,99.98172777703874,8,TCGA-73-4677-01,TCGA-73-4677,Male,[Discrepancy],74,1:DECEASED,1.25,1,,matched
TCGA-73-4677,TCGA-73-4677-01Z-00-DX1.b557785c-9ccc-42a7-bb54-7bb47638ddfc,8,TCGA-73-4677-01,,441076.0064656914,0.4410760064656914,151401.9113732201,458.71875,0.003029808182997206,150943.1926232201,51.79304520155192,539.625,0.0035641888210365662,peritumoral,16.547531574356917,98.41482137094228,100.0,9,TCGA-73-4677-01,TCGA-73-4677,Male,[Discrepancy],74,1:DECEASED,1.25,1,,matched
TCGA-73-4677,TCGA-73-4677-01Z-00-DX1.b557785c-9ccc-42a7-bb54-7bb47638ddfc,9,TCGA-73-4677-01,,2384459.15870703,2.3844591587070303,295197.10376178287,64.125,0.00021722774100028897,295132.97876178287,76.69389235786642,1343.5023566194498,0.004551204396990373,peritumoral,39.795959690247486,75.63961153588127,97.41062416089709,10,TCGA-73-4677-01,TCGA-73-4677,Male,[Discrepancy],74,1:DECEASED,1.25,1,,matched
TCGA-73-4677,TCGA-73-4677-01Z-00-DX1.b557785c-9ccc-42a7-bb54-7bb47638ddfc,10,TCGA-73-4677-01,,993746.3290514486,0.9937463290514487,205125.2760094467,2799.59375,0.013648214420299277,202325.68225944668,68.33671231483119,41.6875,0.00020322946450577914,peritumoral,22.69439738366458,97.82201144079276,100.0,11,TCGA-73-4677-01,TCGA-73-4677,Male,[Discrepancy],74,1:DECEASED,1.25,1,,matched
TCGA-73-4677,TCGA-73-4677-01Z-00-DX1.b557785c-9ccc-42a7-bb54-7bb47638ddfc,11,TCGA-73-4677-01,,7588101.0895999875,7.588101089599988,376131.28575689497,3050.0625,0.008109036965277459,373081.22325689497,50.21519140921007,9133.40625,0.024282495489894442,peritumoral,49.6634797866008,73.07477860513923,99.26456478033575,12,TCGA-73-4677-01,TCGA-73-4677,Male,[Discrepancy],74,1:DECEASED,1.25,1,,matched
TCGA-73-A9RS,TCGA-73-A9RS-01Z-00-DX1.EDCEFE41-61E2-48C9-B8D5-28B55372E0CA,1,TCGA-73-A9RS-01,,572384.5988046707,0.5723845988046707,0.0,0.0,,0.0,,0.0,,immune-desert,,,,2,TCGA-73-A9RS-01,TCGA-73-A9RS,Male,Stage IIB,41,1:DECEASED,11.17,1,II,matched
TCGA-73-A9RS,TCGA-73-A9RS-01Z-00-DX1.EDCEFE41-61E2-48C9-B8D5-28B55372E0CA,2,TCGA-73-A9RS-01,,143780.74584713887,0.14378074584713887,601.8125,0.0,0.0,601.8125,7.772145778354907,102.3125,0.17000726970609617,immune-desert,100.0,100.0,100.0,3,TCGA-73-A9RS-01,TCGA-73-A9RS,Male,Stage IIB,41,1:DECEASED,11.17,1,II,matched
TCGA-73-A9RS,TCGA-73-A9RS-01Z-00-DX1.EDCEFE41-61E2-48C9-B8D5-28B55372E0CA,3,TCGA-73-A9RS-01,,4088329.6962168366,4.088329696216837,49611.45658360493,181.3125,0.0036546498023990338,49430.14408360493,17.724012666436458,6124.837026649097,0.1234561016431267,margin-localized,81.76570998322691,100.0,100.0,4,TCGA-73-A9RS-01,TCGA-73-A9RS,Male,Stage IIB,41,1:DECEASED,11.17,1,II,matched
TCGA-73-A9RS,TCGA-73-A9RS-01Z-00-DX1.EDCEFE41-61E2-48C9-B8D5-28B55372E0CA,4,TCGA-73-A9RS-01,,231139556.51072663,231.13955651072663,2200712.3966067503,107432.22307595322,0.04881702090723057,2093280.173530797,26.034232272145072,162270.24513757456,0.07373532560991473,margin-localized,77.47109270198955,96.65426653101649,99.51298170041336,5,TCGA-73-A9RS-01,TCGA-73-A9RS,Male,Stage IIB,41,1:DECEASED,11.17,1,II,matched
TCGA-73-A9RS,TCGA-73-A9RS-01Z-00-DX1.EDCEFE41-61E2-48C9-B8D5-28B55372E0CA,5,TCGA-73-A9RS-01,,824765.7453880885,0.8247657453880886,6074.809801151628,17.71875,0.002916757985845249,6057.091051151628,12.689808903210482,500.3125,0.08235854559679442,margin-localized,74.63061639953801,99.0087138203309,100.0,6,TCGA-73-A9RS-01,TCGA-73-A9RS,Male,Stage IIB,41,1:DECEASED,11.17,1,II,matched
TCGA-73-A9RS,TCGA-73-A9RS-01Z-00-DX1.EDCEFE41-61E2-48C9-B8D5-28B55372E0CA,6,TCGA-73-A9RS-01,,235533.53043917828,0.2355335304391783,1002.375,10.6875,0.010662177328843996,991.6875,10.217937658842903,8.09375,0.008074572889387704,margin-localized,86.96221473999252,100.0,100.0,7,TCGA-73-A9RS-01,TCGA-73-A9RS,Male,Stage IIB,41,1:DECEASED,11.17,1,II,matched
TCGA-73-A9RS,TCGA-73-A9RS-01Z-00-DX1.EDCEFE41-61E2-48C9-B8D5-28B55372E0CA,7,TCGA-73-A9RS-01,,201559.81770575308,0.2015598177057531,4208.40625,0.0625,1.4851227825260453e-05,4208.34375,12.26083704320386,146.65625,0.034848406091973656,margin-localized,100.0,100.0,100.0,8,TCGA-73-A9RS-01,TCGA-73-A9RS,Male,Stage IIB,41,1:DECEASED,11.17,1,II,matched
TCGA-73-A9RS,TCGA-73-A9RS-01Z-00-DX1.EDCEFE41-61E2-48C9-B8D5-28B55372E0CA,8,TCGA-73-A9RS-01,,241251.894678052,0.241251894678052,11788.522279575864,75.90625,0.006438996186274418,11712.616029575864,17.973613472254264,1614.09375,0.1369207871623137,margin-localized,83.26221955248661,99.08146884374472,100.0,9,TCGA-73-A9RS-01,TCGA-73-A9RS,Male,Stage IIB,41,1:DECEASED,11.17,1,II,matched
TCGA-75-5125,TCGA-75-5125-01Z-00-DX1.2E419CAF-E248-4959-951E-498D8054433E,1,TCGA-75-5125-01,,27684360.981397554,27.684360981397553,755488.623343513,77626.8125,0.10275047181577991,677861.810843513,17.411382771049517,85045.65587884786,0.11257039914442028,margin-localized,79.59621104680167,96.0500843773126,98.522748271098,2,TCGA-75-5125-01,TCGA-75-5125,Male,Stage IIB,,1:DECEASED,66.59,1,II,matched
TCGA-75-5146,TCGA-75-5146-01Z-00-DX1.4958A631-7E6F-4FBB-A1C3-B8F8368D46C5,1,TCGA-75-5146-01,,12109402.392556662,12.109402392556662,638306.433678491,167521.8125,0.2624473194396458,470784.62117849104,16.904603662907924,62325.34375,0.09764172889630107,margin-localized,91.10363619981894,98.54898258715262,99.83165413298322,2,TCGA-75-5146-01,TCGA-75-5146,Male,Stage IB,,0:LIVING,77.79,0,I,matched
TCGA-75-6206,TCGA-75-6206-01Z-00-DX1.63230D94-7015-4247-936D-E7ACD6692AB3,1,TCGA-75-6206-01,,9765114.752186619,9.76511475218662,246675.83161179605,167556.875,0.6792593903714539,79118.95661179603,12.291543078474728,11780.152626637482,0.04775560114529742,immune-penetrated,42.73322995326438,60.13034116176586,76.63952083449898,2,TCGA-75-6206-01,TCGA-75-6206,Male,Stage IB,,0:LIVING,85.09,0,I,matched
TCGA-75-7025,TCGA-75-7025-01Z-00-DX1.284477D7-4F47-4084-A15C-0A7E9571E3DF,1,TCGA-75-7025-01,,4637732.062846712,4.637732062846712,887533.635724203,40410.980221142665,0.04553177321349452,847122.6555030602,8.588691693150942,325532.79647799116,0.366783616276543,margin-localized,93.07195639134957,99.78875825366764,100.0,2,TCGA-75-7025-01,TCGA-75-7025,Male,Stage IB,,0:LIVING,108.57,0,I,matched
TCGA-75-7025,TCGA-75-7025-01Z-00-DX1.284477D7-4F47-4084-A15C-0A7E9571E3DF,2,TCGA-75-7025-01,,819731.221207943,0.8197312212079431,12132.622068575081,979.5,0.08073275459037171,11153.122068575081,12.985117683332716,1560.9658185750804,0.12865857106174647,margin-localized,98.43783768315913,98.92722076675314,100.0,3,TCGA-75-7025-01,TCGA-75-7025,Male,Stage IB,,0:LIVING,108.57,0,I,matched
TCGA-75-7027,TCGA-75-7027-01Z-00-DX1.AC91B34F-DF67-4F95-B145-079A71A54E83,1,TCGA-75-7027-01,,19002049.229180824,19.002049229180823,1137291.548365085,32782.0625,0.028824677847229148,1104509.485865085,32.08777025597136,17858.952222498672,0.015703055428638184,margin-localized,85.90793547303159,99.36286010917875,100.0,2,TCGA-75-7027-01,TCGA-75-7027,Male,Stage IB,,0:LIVING,100.49,0,I,matched
TCGA-78-7149,TCGA-78-7149-01Z-00-DX1.1b83dbcb-0c9f-4e50-bb98-bf9a157052cf,1,TCGA-78-7149-01,,390107874.99038154,390.10787499038156,4224915.076863384,2580772.332598357,0.6108459662849238,1644142.7442650264,41.88861718892139,54337.72773205963,0.012861259159888361,immune-penetrated,27.422609733060966,52.57928902670265,70.823874061069,2,TCGA-78-7149-01,TCGA-78-7149,Male,Stage IIIB,71,0:LIVING,129.43,0,III,matched
TCGA-78-7150,TCGA-78-7150-01Z-00-DX1.46e6e65c-521c-49de-b106-419dc840b235,1,TCGA-78-7150-01,,63716289.443429485,63.71628944342949,2510706.9543718966,93899.375,0.037399575779440496,2416807.579371896,59.91374007688053,8756.044063435813,0.0034874815032431023,peritumoral,39.43965385478957,83.82650729366236,99.23630438942999,2,TCGA-78-7150-01,TCGA-78-7150,Male,Stage IIB,59,1:DECEASED,21.88,1,II,matched
TCGA-78-7150,TCGA-78-7150-01Z-00-DX1.46e6e65c-521c-49de-b106-419dc840b235,2,TCGA-78-7150-01,,137310.67910276775,0.13731067910276776,384.15625,0.0,0.0,384.15625,136.74858603016705,0.0,0.0,immune-desert,21.735947287073945,21.735947287073945,100.0,3,TCGA-78-7150-01,TCGA-78-7150,Male,Stage IIB,59,1:DECEASED,21.88,1,II,matched
TCGA-78-7150,TCGA-78-7150-01Z-00-DX1.46e6e65c-521c-49de-b106-419dc840b235,3,TCGA-78-7150-01,,32288703.134245355,32.28870313424535,525393.1080292057,1242.96875,0.0023657880756420306,524150.1392792057,54.64330356960494,7195.3300322071045,0.013695135932021263,peritumoral,46.31409744462734,95.60033263033368,99.54022164762925,4,TCGA-78-7150-01,TCGA-78-7150,Male,Stage IIB,59,1:DECEASED,21.88,1,II,matched
TCGA-78-7150,TCGA-78-7150-01Z-00-DX1.46e6e65c-521c-49de-b106-419dc840b235,4,TCGA-78-7150-01,,216283.522587056,0.21628352258705602,23792.460390468157,0.0,0.0,23792.460390468157,64.5,11.84375,0.0004977942510201634,peritumoral,19.430525150110526,100.0,100.0,5,TCGA-78-7150-01,TCGA-78-7150,Male,Stage IIB,59,1:DECEASED,21.88,1,II,matched
TCGA-78-7150,TCGA-78-7150-01Z-00-DX1.46e6e65c-521c-49de-b106-419dc840b235,5,TCGA-78-7150-01,,4442308.962972872,4.442308962972872,186723.50617709983,518.0625,0.0027744899965012346,186205.44367709983,41.23143521634919,4088.4025876293786,0.021895489600284663,margin-localized,76.57604252821184,99.32940237318383,100.0,6,TCGA-78-7150-01,TCGA-78-7150,Male,Stage IIB,59,1:DECEASED,21.88,1,II,matched
TCGA-78-7150,TCGA-78-7150-01Z-00-DX1.46e6e65c-521c-49de-b106-419dc840b235,6,TCGA-78-7150-01,,2203868.938552991,2.203868938552991,116740.04584440927,0.0,0.0,116740.04584440927,54.20591526761632,442.40625,0.003789670003981646,peritumoral,45.276723040311765,82.95443187867369,98.6171101722782,7,TCGA-78-7150-01,TCGA-78-7150,Male,Stage IIB,59,1:DECEASED,21.88,1,II,matched
TCGA-78-7150,TCGA-78-7150-01Z-00-DX1.46e6e65c-521c-49de-b106-419dc840b235,7,TCGA-78-7150-01,,129225543.2756578,129.2255432756578,2897770.2977800276,58787.90625,0.020287289953602336,2838982.391530028,52.625,40437.057712172216,0.013954542133015483,peritumoral,45.98521980119796,86.22679195851629,99.46829737851198,8,TCGA-78-7150-01,TCGA-78-7150,Male,Stage IIB,59,1:DECEASED,21.88,1,II,matched
TCGA-78-7150,TCGA-78-7150-01Z-00-DX1.46e6e65c-521c-49de-b106-419dc840b235,8,TCGA-78-7150-01,,201800.77298432274,0.20180077298432275,0.0,0.0,,0.0,,0.0,,immune-desert,,,,9,TCGA-78-7150-01,TCGA-78-7150,Male,Stage IIB,59,1:DECEASED,21.88,1,II,matched
TCGA-78-7150,TCGA-78-7150-01Z-00-DX1.46e6e65c-521c-49de-b106-419dc840b235,9,TCGA-78-7150-01,,709041.539042309,0.709041539042309,852.0491070734427,0.0,0.0,852.0491070734427,9.391651878130919,179.70535707344263,0.21090962431811205,immune-desert,100.0,100.0,100.0,10,TCGA-78-7150-01,TCGA-78-7150,Male,Stage IIB,59,1:DECEASED,21.88,1,II,matched
TCGA-78-7150,TCGA-78-7150-01Z-00-DX1.46e6e65c-521c-49de-b106-419dc840b235,10,TCGA-78-7150-01,,599090.250166944,0.599090250166944,8919.549190211359,0.0,0.0,8919.549190211359,50.06640122127813,90.21875,0.010114720831295977,peritumoral,39.21637871620361,99.86721582282433,100.0,11,TCGA-78-7150-01,TCGA-78-7150,Male,Stage IIB,59,1:DECEASED,21.88,1,II,matched
TCGA-78-7150,TCGA-78-7150-01Z-00-DX1.46e6e65c-521c-49de-b106-419dc840b235,11,TCGA-78-7150-01,,1115487.6346123912,1.1154876346123912,27250.74375827779,0.0,0.0,27250.74375827779,26.049532145510792,285.25,0.010467604206705419,margin-localized,74.28946320824093,97.01980611170178,100.0,12,TCGA-78-7150-01,TCGA-78-7150,Male,Stage IIB,59,1:DECEASED,21.88,1,II,matched
TCGA-78-7150,TCGA-78-7150-01Z-00-DX1.46e6e65c-521c-49de-b106-419dc840b235,12,TCGA-78-7150-01,,7604835.111801149,7.604835111801149,164568.08584895264,136.15625,0.000827355129626833,164431.92959895264,31.762054798139243,1475.125,0.008963615225821672,margin-localized,68.02105771800223,94.59780242343487,100.0,13,TCGA-78-7150-01,TCGA-78-7150,Male,Stage IIB,59,1:DECEASED,21.88,1,II,matched
TCGA-78-7150,TCGA-78-7150-01Z-00-DX1.46e6e65c-521c-49de-b106-419dc840b235,13,TCGA-78-7150-01,,266521.08217805193,0.2665210821780519,6789.5625,0.0,0.0,6789.5625,55.26572881316232,0.0,0.0,peritumoral,18.349396592195742,99.00858855044046,100.0,14,TCGA-78-7150-01,TCGA-78-7150,Male,Stage IIB,59,1:DECEASED,21.88,1,II,matched
TCGA-78-7150,TCGA-78-7150-01Z-00-DX1.46e6e65c-521c-49de-b106-419dc840b235,14,TCGA-78-7150-01,,981780.1460078262,0.9817801460078261,339.0,0.0,0.0,339.0,31.998535122720853,40.125,0.11836283185840708,immune-desert,62.73967551622419,100.0,100.0,15,TCGA-78-7150-01,TCGA-78-7150,Male,Stage IIB,59,1:DECEASED,21.88,1,II,matched
TCGA-78-7150,TCGA-78-7150-01Z-00-DX1.46e6e65c-521c-49de-b106-419dc840b235,15,TCGA-78-7150-01,,7723613.4035559865,7.723613403555986,122886.26686226843,0.0,0.0,122886.26686226843,39.33529744389891,2303.875,0.018748026600744535,margin-localized,61.684832758965605,96.81521335945368,99.80340967051016,16,TCGA-78-7150-01,TCGA-78-7150,Male,Stage IIB,59,1:DECEASED,21.88,1,II,matched
TCGA-78-7150,TCGA-78-7150-01Z-00-DX1.46e6e65c-521c-49de-b106-419dc840b235,16,TCGA-78-7150-01,,198188.28761260756,0.19818828761260757,122.99143108179182,0.0,0.0,122.99143108179182,20.533962788418833,20.0,0.1626129546106313,immune-desert,100.0,100.0,100.0,17,TCGA-78-7150-01,TCGA-78-7150,Male,Stage IIB,59,1:DECEASED,21.88,1,II,matched
TCGA-78-7150,TCGA-78-7150-01Z-00-DX1.46e6e65c-521c-49de-b106-419dc840b235,17,TCGA-78-7150-01,,1644141.4011310195,1.6441414011310194,7149.0,0.0,0.0,7149.0,54.07420393542562,64.90625,0.009079067002377955,peritumoral,46.66561756889075,100.0,100.0,18,TCGA-78-7150-01,TCGA-78-7150,Male,Stage IIB,59,1:DECEASED,21.88,1,II,matched
TCGA-78-7150,TCGA-78-7150-01Z-00-DX1.46e6e65c-521c-49de-b106-419dc840b235,18,TCGA-78-7150-01,,1357291.2337887574,1.3572912337887573,1535.53125,0.0,0.0,1535.53125,32.456942631739054,168.90625,0.1099985754116043,margin-localized,71.50416183324175,99.57262348128701,100.0,19,TCGA-78-7150-01,TCGA-78-7150,Male,Stage IIB,59,1:DECEASED,21.88,1,II,matched
TCGA-78-7150,TCGA-78-7150-01Z-00-DX1.46e6e65c-521c-49de-b106-419dc840b235,19,TCGA-78-7150-01,,1474612.4946173073,1.4746124946173074,17729.21875,9.28125,0.0005235002247349449,17719.9375,43.82529235498606,0.0,0.0,margin-localized,51.3707069015661,99.90658076797659,100.0,20,TCGA-78-7150-01,TCGA-78-7150,Male,Stage IIB,59,1:DECEASED,21.88,1,II,matched
TCGA-78-7150,TCGA-78-7150-01Z-00-DX1.46e6e65c-521c-49de-b106-419dc840b235,20,TCGA-78-7150-01,,2226967.6680735354,2.2269676680735353,28318.203947301503,0.0,0.0,28318.203947301503,33.622230641565196,238.05864811993126,0.008406558853906988,margin-localized,57.20075635659809,98.90408392220942,100.0,21,TCGA-78-7150-01,TCGA-78-7150,Male,Stage IIB,59,1:DECEASED,21.88,1,II,matched
TCGA-78-7150,TCGA-78-7150-01Z-00-DX1.46e6e65c-521c-49de-b106-419dc840b235,21,TCGA-78-7150-01,,964134.1574297668,0.9641341574297668,21643.236357048052,0.0,0.0,21643.236357048052,17.857946410491884,105.59375,0.004878833657685105,margin-localized,89.3780326468996,100.0,100.0,22,TCGA-78-7150-01,TCGA-78-7150,Male,Stage IIB,59,1:DECEASED,21.88,1,II,matched
TCGA-78-7152,TCGA-78-7152-01Z-00-DX1.a04f9d84-3304-402c-9c0c-f64545c14781,1,TCGA-78-7152-01,,201800.77298432268,0.2018007729843227,23071.263974518373,0.0,0.0,23071.263974518373,148.62343617764327,72.1875,0.0031288922912818848,immune-excluded,15.51371568210789,34.130895715000584,78.23689923192504,2,TCGA-78-7152-01,TCGA-78-7152,Male,Stage IB,65,1:DECEASED,39.91,1,I,matched
TCGA-78-7152,TCGA-78-7152-01Z-00-DX1.a04f9d84-3304-402c-9c0c-f64545c14781,2,TCGA-78-7152-01,,99171716.60319515,99.17171660319515,5385714.10696068,482628.3181794266,0.08961268804737729,4903085.788781254,53.866298601259025,50733.92555695232,0.009420092591135142,peritumoral,46.32057831539102,89.93381405636221,99.30682308369924,3,TCGA-78-7152-01,TCGA-78-7152,Male,Stage IB,65,1:DECEASED,39.91,1,I,matched
TCGA-78-7152,TCGA-78-7152-01Z-00-DX1.a04f9d84-3304-402c-9c0c-f64545c14781,3,TCGA-78-7152-01,,254200.08217805158,0.25420008217805157,568.625,0.0,0.0,568.625,56.45531972276838,0.0,0.0,immune-desert,17.514838426027698,96.92789624093207,100.0,4,TCGA-78-7152-01,TCGA-78-7152,Male,Stage IB,65,1:DECEASED,39.91,1,I,matched
TCGA-78-7152,TCGA-78-7152-01Z-00-DX1.a04f9d84-3304-402c-9c0c-f64545c14781,4,TCGA-78-7152-01,,1056811.2486738649,1.0568112486738648,95510.98426308316,0.0,0.0,95510.98426308316,37.18057380197803,339.53125,0.003554892168891986,margin-localized,75.32903721376356,98.54837447487388,100.0,5,TCGA-78-7152-01,TCGA-78-7152,Male,Stage IB,65,1:DECEASED,39.91,1,I,matched
TCGA-78-7152,TCGA-78-7152-01Z-00-DX1.a04f9d84-3304-402c-9c0c-f64545c14781,5,TCGA-78-7152-01,,244039.92758118734,0.24403992758118734,3748.65625,856.875,0.22858190851721866,2891.78125,31.879901583913334,248.21875,0.06621539384946272,margin-localized,83.88922697299866,100.0,100.0,6,TCGA-78-7152-01,TCGA-78-7152,Male,Stage IB,65,1:DECEASED,39.91,1,I,matched
TCGA-78-7152,TCGA-78-7152-01Z-00-DX1.a04f9d84-3304-402c-9c0c-f64545c14781,6,TCGA-78-7152-01,,10142790.136437958,10.142790136437958,904750.8491322494,1005.59375,0.0011114593050279749,903745.2553822494,43.375,20619.278731311977,0.022790007603848087,margin-localized,58.84627989293719,90.5315124070512,99.3273462691393,7,TCGA-78-7152-01,TCGA-78-7152,Male,Stage IB,65,1:DECEASED,39.91,1,I,matched
TCGA-78-7152,TCGA-78-7152-01Z-00-DX1.a04f9d84-3304-402c-9c0c-f64545c14781,7,TCGA-78-7152-01,,246597.33597778445,0.24659733597778444,32213.398572278347,0.0,0.0,32213.398572278347,92.02865682819412,40.5,0.0012572408312997063,peritumoral,10.515766512853048,100.0,100.0,8,TCGA-78-7152-01,TCGA-78-7152,Male,Stage IB,65,1:DECEASED,39.91,1,I,matched
TCGA-78-7154,TCGA-78-7154-01Z-00-DX1.596c20c2-e811-4b5e-961c-98343afcccde,1,TCGA-78-7154-01,,1325447.3353239999,1.325447335324,12636.90625,40.15625,0.003177696281477122,12596.75,17.625,559.59375,0.04428249596296562,margin-localized,87.84858833624726,94.75296811670182,100.0,2,TCGA-78-7154-01,TCGA-78-7154,Male,Stage IIIA,72,1:DECEASED,19.48,1,III,matched
TCGA-78-7154,TCGA-78-7154-01Z-00-DX1.596c20c2-e811-4b5e-961c-98343afcccde,2,TCGA-78-7154-01,,1203958.624622827,1.2039586246228269,10164.54895109048,0.0,0.0,10164.54895109048,67.19665635282756,16.78125,0.001650958648607783,peritumoral,41.19526129637826,87.30110482735004,100.0,3,TCGA-78-7154-01,TCGA-78-7154,Male,Stage IIIA,72,1:DECEASED,19.48,1,III,matched
TCGA-78-7154,TCGA-78-7154-01Z-00-DX1.596c20c2-e811-4b5e-961c-98343afcccde,3,TCGA-78-7154-01,,7854383.894538578,7.854383894538578,72270.34375,11555.5625,0.15989355938271707,60714.78125,29.107827555487546,3405.0625,0.0471156261796527,margin-localized,72.96967852045121,90.47063305271742,97.03184786636635,4,TCGA-78-7154-01,TCGA-78-7154,Male,Stage IIIA,72,1:DECEASED,19.48,1,III,matched
TCGA-78-7154,TCGA-78-7154-01Z-00-DX1.596c20c2-e811-4b5e-961c-98343afcccde,4,TCGA-78-7154-01,,322906561.4803338,322.9065614803338,3950089.608208744,2435827.405509637,0.6166511768360154,1514262.2026991067,31.056651863972718,61057.06703693356,0.015457134671084397,immune-penetrated,32.94560148136526,54.69731865725844,65.05331731256638,5,TCGA-78-7154-01,TCGA-78-7154,Male,Stage IIIA,72,1:DECEASED,19.48,1,III,matched
TCGA-78-7154,TCGA-78-7154-01Z-00-DX1.596c20c2-e811-4b5e-961c-98343afcccde,5,TCGA-78-7154-01,,2053969.5083311703,2.0539695083311704,14079.765979178384,0.0,0.0,14079.765979178384,50.337183386141106,395.15625,0.02806554104552376,peritumoral,49.624611736686134,84.55607321019627,100.0,6,TCGA-78-7154-01,TCGA-78-7154,Male,Stage IIIA,72,1:DECEASED,19.48,1,III,matched
TCGA-78-7156,TCGA-78-7156-01Z-00-DX1.9f7c8eb9-73de-49be-a487-e1fd4411b7b5,1,TCGA-78-7156-01,,217913915.87733096,217.91391587733096,683150.8762023808,340180.90625,0.4979586766265418,342969.9699523808,23.068512088992648,19995.71875,0.029269842792496614,immune-penetrated,50.78571255897153,60.87914999014491,72.51410610145015,2,TCGA-78-7156-01,TCGA-78-7156,Male,Stage IV,62,1:DECEASED,32.06,1,IV,matched
TCGA-78-7160,TCGA-78-7160-01Z-00-DX1.f40f6c04-74b1-4cef-aabc-cbafadbdf39f,1,TCGA-78-7160-01,,166165563.7992757,166.1655637992757,6606796.159308344,163320.1922533551,0.02472002893917842,6443475.967054988,25.75,426985.4063145234,0.0646282095010517,margin-localized,78.07502728342378,95.69401452640368,99.8756208592046,2,TCGA-78-7160-01,TCGA-78-7160,Male,Stage IV,61,1:DECEASED,22.9,1,IV,matched
TCGA-78-7160,TCGA-78-7160-01Z-00-DX1.f40f6c04-74b1-4cef-aabc-cbafadbdf39f,2,TCGA-78-7160-01,,19627700.635451436,19.627700635451436,51235.890224621166,71.59375,0.0013973359238246624,51164.296474621166,71.72835583818996,2149.65625,0.04195606323176547,peritumoral,39.92952969160841,74.43672230156103,99.99975603039304,3,TCGA-78-7160-01,TCGA-78-7160,Male,Stage IV,61,1:DECEASED,22.9,1,IV,matched
TCGA-78-7160,TCGA-78-7160-01Z-00-DX1.f40f6c04-74b1-4cef-aabc-cbafadbdf39f,3,TCGA-78-7160-01,,683893.0757128118,0.6838930757128118,26168.945796340675,201.75,0.007709519579814776,25967.195796340675,12.792820252000729,2676.375,0.10227293910992204,margin-localized,95.14465061035177,99.94232190277184,100.0,4,TCGA-78-7160-01,TCGA-78-7160,Male,Stage IV,61,1:DECEASED,22.9,1,IV,matched
TCGA-78-7160,TCGA-78-7160-01Z-00-DX1.f40f6c04-74b1-4cef-aabc-cbafadbdf39f,4,TCGA-78-7160-01,,241098.66229881303,0.24109866229881302,659.2738788432075,0.0,0.0,659.2738788432075,5.875,21.875,0.03318044397327388,immune-desert,91.93715211449445,100.0,100.0,5,TCGA-78-7160-01,TCGA-78-7160,Male,Stage IV,61,1:DECEASED,22.9,1,IV,matched
TCGA-78-7160,TCGA-78-7160-01Z-00-DX1.f40f6c04-74b1-4cef-aabc-cbafadbdf39f,5,TCGA-78-7160-01,,172498.4002075034,0.1724984002075034,3282.026652485807,0.0,0.0,3282.026652485807,12.105734829016734,720.75,0.21960516361258187,margin-localized,100.0,100.0,100.0,6,TCGA-78-7160-01,TCGA-78-7160,Male,Stage IV,61,1:DECEASED,22.9,1,IV,matched
TCGA-78-7160,TCGA-78-7160-01Z-00-DX1.f40f6c04-74b1-4cef-aabc-cbafadbdf39f,6,TCGA-78-7160-01,,792524.3969350695,0.7925243969350695,35758.375821745634,44.15625,0.0012348505485852463,35714.219571745634,42.24098461506313,164.375,0.004596825113629437,margin-localized,59.38529605633956,82.22345856923225,100.0,7,TCGA-78-7160-01,TCGA-78-7160,Male,Stage IV,61,1:DECEASED,22.9,1,IV,matched
TCGA-78-7163,TCGA-78-7163-01Z-00-DX1.42880bdf-271d-41dd-aada-e7ec1156ff31,1,TCGA-78-7163-01,,295203.61838745815,0.2952036183874581,446.90625,31.53125,0.07055450667785469,415.375,11.787838012120798,159.96875,0.35794699671351654,immune-desert,100.0,100.0,100.0,2,TCGA-78-7163-01,TCGA-78-7163,Male,Stage IB,60,0:LIVING,238.11,0,I,matched
TCGA-78-7163,TCGA-78-7163-01Z-00-DX1.42880bdf-271d-41dd-aada-e7ec1156ff31,2,TCGA-78-7163-01,,249814.36649711186,0.24981436649711186,950.252653110151,0.0,0.0,950.252653110151,30.088671040775463,106.75,0.11233854454455894,immune-desert,100.0,100.0,100.0,3,TCGA-78-7163-01,TCGA-78-7163,Male,Stage IB,60,0:LIVING,238.11,0,I,matched
TCGA-78-7163,TCGA-78-7163-01Z-00-DX1.42880bdf-271d-41dd-aada-e7ec1156ff31,3,TCGA-78-7163-01,,375351.5595815351,0.3753515595815351,91.4375,0.0,0.0,91.4375,1.286953767623375,91.4375,1.0,immune-desert,100.0,100.0,100.0,4,TCGA-78-7163-01,TCGA-78-7163,Male,Stage IB,60,0:LIVING,238.11,0,I,matched
TCGA-78-7163,TCGA-78-7163-01Z-00-DX1.42880bdf-271d-41dd-aada-e7ec1156ff31,4,TCGA-78-7163-01,,503747.52002672554,0.5037475200267255,2285.2346977996312,0.0,0.0,2285.2346977996312,59.62791528512464,0.0,0.0,peritumoral,41.992404584263824,68.2212618817993,100.0,5,TCGA-78-7163-01,TCGA-78-7163,Male,Stage IB,60,0:LIVING,238.11,0,I,matched
TCGA-78-7163,TCGA-78-7163-01Z-00-DX1.42880bdf-271d-41dd-aada-e7ec1156ff31,5,TCGA-78-7163-01,,153022.2468733966,0.1530222468733966,0.0,0.0,,0.0,,0.0,,immune-desert,,,,6,TCGA-78-7163-01,TCGA-78-7163,Male,Stage IB,60,0:LIVING,238.11,0,I,matched
TCGA-78-7163,TCGA-78-7163-01Z-00-DX1.42880bdf-271d-41dd-aada-e7ec1156ff31,6,TCGA-78-7163-01,,201800.77298432268,0.2018007729843227,14903.382902068719,148.9375,0.009993536432545538,14754.44540206872,26.11909323177204,73.59375,0.0049380567139414066,margin-localized,90.20510533855088,99.66555412064814,100.0,7,TCGA-78-7163-01,TCGA-78-7163,Male,Stage IB,60,0:LIVING,238.11,0,I,matched
TCGA-78-7163,TCGA-78-7163-01Z-00-DX1.42880bdf-271d-41dd-aada-e7ec1156ff31,7,TCGA-78-7163-01,,446567.6945161251,0.4465676945161251,4009.0661698987474,46.34375,0.011559736865398372,3962.722419898747,10.088669386990537,457.9375,0.11422547810218997,margin-localized,64.20701945023187,93.55490646206714,100.0,8,TCGA-78-7163-01,TCGA-78-7163,Male,Stage IB,60,0:LIVING,238.11,0,I,matched
TCGA-78-7163,TCGA-78-7163-01Z-00-DX1.42880bdf-271d-41dd-aada-e7ec1156ff31,8,TCGA-78-7163-01,,438236.7514032008,0.4382367514032008,5281.974193631726,0.0,0.0,5281.974193631726,6.095592670118305,289.78125,0.054862299469273845,margin-localized,86.07340424876348,97.62813589375263,100.0,9,TCGA-78-7163-01,TCGA-78-7163,Male,Stage IB,60,0:LIVING,238.11,0,I,matched
TCGA-78-7163,TCGA-78-7163-01Z-00-DX1.42880bdf-271d-41dd-aada-e7ec1156ff31,9,TCGA-78-7163-01,,10881946.39210934,10.88194639210934,505329.66399576684,134035.03125,0.26524275299841255,371294.63274576684,33.36803532199641,8528.875,0.01687784353002369,margin-localized,69.60559011594702,98.41773541379668,99.98627211661459,10,TCGA-78-7163-01,TCGA-78-7163,Male,Stage IB,60,0:LIVING,238.11,0,I,matched
TCGA-78-7163,TCGA-78-7163-01Z-00-DX1.42880bdf-271d-41dd-aada-e7ec1156ff31,10,TCGA-78-7163-01,,627664.9836218127,0.6276649836218127,58966.64023188626,1216.0,0.02062182948219673,57750.64023188626,67.6776597186989,254.21875,0.004311230027695066,peritumoral,40.51162741495462,100.0,100.0,11,TCGA-78-7163-01,TCGA-78-7163,Male,Stage IB,60,0:LIVING,238.11,0,I,matched
TCGA-78-7163,TCGA-78-7163-01Z-00-DX1.42880bdf-271d-41dd-aada-e7ec1156ff31,11,TCGA-78-7163-01,,338791.71066399006,0.33879171066399005,4895.389566453261,0.0,0.0,4895.389566453261,17.303020870645682,582.0625,0.11890013901829426,margin-localized,99.4044141001607,100.0,100.0,12,TCGA-78-7163-01,TCGA-78-7163,Male,Stage IB,60,0:LIVING,238.11,0,I,matched
TCGA-78-7163,TCGA-78-7163-01Z-00-DX1.42880bdf-271d-41dd-aada-e7ec1156ff31,12,TCGA-78-7163-01,,32905340.13812527,32.90534013812527,456707.46053979325,13050.21875,0.028574568794159046,443657.24178979325,30.052558127387424,11122.15625,0.024352911241814316,margin-localized,79.90669776700716,99.12425478110806,99.98868942277865,13,TCGA-78-7163-01,TCGA-78-7163,Male,Stage IB,60,0:LIVING,238.11,0,I,matched
TCGA-78-7163,TCGA-78-7163-01Z-00-DX1.42880bdf-271d-41dd-aada-e7ec1156ff31,13,TCGA-78-7163-01,,957735.0034795315,0.9577350034795316,44612.056465713875,0.0,0.0,44612.056465713875,36.73766799893537,676.65592027726,0.015167557245366994,margin-localized,88.9656370049131,100.0,100.0,14,TCGA-78-7163-01,TCGA-78-7163,Male,Stage IB,60,0:LIVING,238.11,0,I,matched
TCGA-78-7163,TCGA-78-7163-01Z-00-DX1.42880bdf-271d-41dd-aada-e7ec1156ff31,14,TCGA-78-7163-01,,323523.23677491635,0.32352323677491635,4284.260838622114,820.8125,0.19158789133482973,3463.4483386221136,11.925058962118385,0.0,0.0,margin-localized,83.32705390949693,93.27772022180085,98.39528911544726,15,TCGA-78-7163-01,TCGA-78-7163,Male,Stage IB,60,0:LIVING,238.11,0,I,matched
TCGA-78-7163,TCGA-78-7163-01Z-00-DX1.42880bdf-271d-41dd-aada-e7ec1156ff31,15,TCGA-78-7163-01,,243279.78286194077,0.24327978286194077,32.09375,0.0,0.0,32.09375,33.375,0.0,0.0,immune-desert,100.0,100.0,100.0,16,TCGA-78-7163-01,TCGA-78-7163,Male,Stage IB,60,0:LIVING,238.11,0,I,matched
TCGA-78-7163,TCGA-78-7163-01Z-00-DX1.42880bdf-271d-41dd-aada-e7ec1156ff31,16,TCGA-78-7163-01,,313478.49057464866,0.31347849057464866,4341.125,0.0,0.0,4341.125,48.96124104840481,0.0,0.0,margin-localized,99.67750295142388,99.67750295142388,100.0,17,TCGA-78-7163-01,TCGA-78-7163,Male,Stage IB,60,0:LIVING,238.11,0,I,matched
TCGA-78-7163,TCGA-78-7163-01Z-00-DX1.42880bdf-271d-41dd-aada-e7ec1156ff31,17,TCGA-78-7163-01,,234160.92758118728,0.23416092758118728,12716.100341518404,36.1875,0.0028458017024171204,12679.912841518404,29.629219108845916,226.75,0.017831724656941817,margin-localized,94.27902654584865,100.0,100.0,18,TCGA-78-7163-01,TCGA-78-7163,Male,Stage IB,60,0:LIVING,238.11,0,I,matched
TCGA-78-7163,TCGA-78-7163-01Z-00-DX1.42880bdf-271d-41dd-aada-e7ec1156ff31,18,TCGA-78-7163-01,,234829.15436654194,0.23482915436654195,0.0,0.0,,0.0,,0.0,,immune-desert,,,,19,TCGA-78-7163-01,TCGA-78-7163,Male,Stage IB,60,0:LIVING,238.11,0,I,matched
TCGA-78-7163,TCGA-78-7163-01Z-00-DX1.42880bdf-271d-41dd-aada-e7ec1156ff31,19,TCGA-78-7163-01,,4702412.0395621825,4.702412039562183,496607.6441723426,45913.9375,0.09245515657843163,450693.7066723426,34.279412553309605,2011.375,0.004050229640246885,margin-localized,53.637785274041505,96.33286328478667,99.57681002806501,20,TCGA-78-7163-01,TCGA-78-7163,Male,Stage IB,60,0:LIVING,238.11,0,I,matched
TCGA-78-7163,TCGA-78-7163-01Z-00-DX1.42880bdf-271d-41dd-aada-e7ec1156ff31,20,TCGA-78-7163-01,,310418.22211067064,0.31041822211067066,2726.625,48.96875,0.017959473708339065,2677.65625,14.388580541526673,422.5625,0.154976390226012,margin-localized,94.76344381790676,100.0,100.0,21,TCGA-78-7163-01,TCGA-78-7163,Male,Stage IB,60,0:LIVING,238.11,0,I,matched
TCGA-78-7163,TCGA-78-7163-01Z-00-DX1.42880bdf-271d-41dd-aada-e7ec1156ff31,21,TCGA-78-7163-01,,161837.87218719095,0.16183787218719095,19448.306783046824,34.71875,0.0017851811156261938,19413.588033046824,25.164769520104887,19.375,0.000996230685587975,margin-localized,99.2579688216056,99.2579688216056,100.0,22,TCGA-78-7163-01,TCGA-78-7163,Male,Stage IB,60,0:LIVING,238.11,0,I,matched
TCGA-78-7163,TCGA-78-7163-01Z-00-DX1.42880bdf-271d-41dd-aada-e7ec1156ff31,22,TCGA-78-7163-01,,204851.16129287842,0.20485116129287842,36484.26448947715,0.0,0.0,36484.26448947715,19.125,455.9375,0.012496825861228536,margin-localized,99.4189275761304,99.64154067012171,100.0,23,TCGA-78-7163-01,TCGA-78-7163,Male,Stage IB,60,0:LIVING,238.11,0,I,matched
TCGA-78-7163,TCGA-78-7163-01Z-00-DX1.42880bdf-271d-41dd-aada-e7ec1156ff31,23,TCGA-78-7163-01,,233267.20646699035,0.23326720646699034,13.447845118900204,0.0,0.0,13.447845118900204,5.875,0.0,0.0,immune-desert,100.0,100.0,100.0,24,TCGA-78-7163-01,TCGA-78-7163,Male,Stage IB,60,0:LIVING,238.11,0,I,matched
TCGA-78-7163,TCGA-78-7163-01Z-00-DX1.42880bdf-271d-41dd-aada-e7ec1156ff31,24,TCGA-78-7163-01,,442800.7072615239,0.4428007072615239,4435.393076427628,6.34375,0.0014302565501385974,4429.049326427628,12.523103648856381,428.15706855142747,0.09653193328611935,margin-localized,79.76716082001019,92.87196772524523,100.0,25,TCGA-78-7163-01,TCGA-78-7163,Male,Stage IB,60,0:LIVING,238.11,0,I,matched
TCGA-78-7163,TCGA-78-7163-01Z-00-DX1.42880bdf-271d-41dd-aada-e7ec1156ff31,25,TCGA-78-7163-01,,46514629.9417872,46.5146299417872,1394858.3240153473,27062.875,0.019401880846288896,1367795.4490153473,41.16833772755466,41213.16682151517,0.02954648949785506,margin-localized,68.66827899230611,98.80974661169797,100.0,26,TCGA-78-7163-01,TCGA-78-7163,Male,Stage IB,60,0:LIVING,238.11,0,I,matched
TCGA-78-7163,TCGA-78-7163-01Z-00-DX1.42880bdf-271d-41dd-aada-e7ec1156ff31,26,TCGA-78-7163-01,,260963.7729843227,0.2609637729843227,10646.917694284102,75.09375,0.007053097634098814,10571.823944284102,24.5,502.90625,0.04723491478383363,margin-localized,96.69417234070517,99.73172986943129,100.0,27,TCGA-78-7163-01,TCGA-78-7163,Male,Stage IB,60,0:LIVING,238.11,0,I,matched
TCGA-78-7163,TCGA-78-7163-01Z-00-DX1.42880bdf-271d-41dd-aada-e7ec1156ff31,27,TCGA-78-7163-01,,235829.69727196233,0.23582969727196232,5647.86507243483,27.90625,0.00494102632447794,5619.95882243483,22.041597747214244,463.9375,0.08214387101142161,margin-localized,60.55938759396534,90.74003954189072,100.0,28,TCGA-78-7163-01,TCGA-78-7163,Male,Stage IB,60,0:LIVING,238.11,0,I,matched
TCGA-78-7163,TCGA-78-7163-01Z-00-DX1.42880bdf-271d-41dd-aada-e7ec1156ff31,28,TCGA-78-7163-01,,1016285.2149634726,1.0162852149634725,940.5,442.28125,0.4702618288144604,498.21875,26.554557636119643,227.0,0.24136097820308347,immune-desert,100.0,100.0,100.0,29,TCGA-78-7163-01,TCGA-78-7163,Male,Stage IB,60,0:LIVING,238.11,0,I,matched
TCGA-78-7163,TCGA-78-7163-01Z-00-DX1.42880bdf-271d-41dd-aada-e7ec1156ff31,29,TCGA-78-7163-01,,497241.19477294775,0.49724119477294776,195.40625,0.0,0.0,195.40625,16.04388512798568,30.3125,0.15512553974092436,immune-desert,100.0,100.0,100.0,30,TCGA-78-7163-01,TCGA-78-7163,Male,Stage IB,60,0:LIVING,238.11,0,I,matched
TCGA-78-7163,TCGA-78-7163-01Z-00-DX1.42880bdf-271d-41dd-aada-e7ec1156ff31,30,TCGA-78-7163-01,,547686.4737612342,0.5476864737612342,2246.637299632687,0.0,0.0,2246.637299632687,13.258252147247767,438.375,0.19512495411327496,margin-localized,86.43389166333925,92.76140389787936,100.0,31,TCGA-78-7163-01,TCGA-78-7163,Male,Stage IB,60,0:LIVING,238.11,0,I,matched
TCGA-78-7163,TCGA-78-7163-01Z-00-DX1.42880bdf-271d-41dd-aada-e7ec1156ff31,31,TCGA-78-7163-01,,1238339.075021394,1.238339075021394,145200.01691471168,2577.34375,0.01775029924076313,142622.67316471168,63.21157429616826,7513.53125,0.051746076960950606,peritumoral,32.48985510921738,99.61209310937122,100.0,32,TCGA-78-7163-01,TCGA-78-7163,Male,Stage IB,60,0:LIVING,238.11,0,I,matched
TCGA-78-7163,TCGA-78-7163-01Z-00-DX1.42880bdf-271d-41dd-aada-e7ec1156ff31,32,TCGA-78-7163-01,,451452.97819801705,0.45145297819801705,40055.21093585565,9.28125,0.0002317114248845919,40045.92968585565,12.3125,2293.6875,0.05726314869925682,margin-localized,94.92899073632066,97.87092801494015,100.0,33,TCGA-78-7163-01,TCGA-78-7163,Male,Stage IB,60,0:LIVING,238.11,0,I,matched
TCGA-78-7163,TCGA-78-7163-01Z-00-DX1.42880bdf-271d-41dd-aada-e7ec1156ff31,33,TCGA-78-7163-01,,262069.54141234016,0.2620695414123402,0.0,0.0,,0.0,,0.0,,immune-desert,,,,34,TCGA-78-7163-01,TCGA-78-7163,Male,Stage IB,60,0:LIVING,238.11,0,I,matched
TCGA-78-7163,TCGA-78-7163-01Z-00-DX1.42880bdf-271d-41dd-aada-e7ec1156ff31,34,TCGA-78-7163-01,,234160.92758118772,0.23416092758118773,5647.5499459983375,0.0,0.0,5647.5499459983375,19.673109820259736,100.875,0.017861727822606793,margin-localized,97.7409461232169,100.0,100.0,35,TCGA-78-7163-01,TCGA-78-7163,Male,Stage IB,60,0:LIVING,238.11,0,I,matched
TCGA-78-7163,TCGA-78-7163-01Z-00-DX1.42880bdf-271d-41dd-aada-e7ec1156ff31,35,TCGA-78-7163-01,,179990.83847679925,0.17999083847679925,780.1653166434199,0.0,0.0,780.1653166434199,22.708065747658914,206.2926833826637,0.26442175649414473,immune-desert,100.0,100.0,100.0,36,TCGA-78-7163-01,TCGA-78-7163,Male,Stage IB,60,0:LIVING,238.11,0,I,matched
TCGA-78-7163,TCGA-78-7163-01Z-00-DX1.42880bdf-271d-41dd-aada-e7ec1156ff31,36,TCGA-78-7163-01,,436354.759361973,0.436354759361973,22155.778701539588,0.0,0.0,22155.778701539588,10.874999999999998,8024.15625,0.36216990420844053,margin-localized,86.12548173865142,97.80078931210782,100.0,37,TCGA-78-7163-01,TCGA-78-7163,Male,Stage IB,60,0:LIVING,238.11,0,I,matched
TCGA-78-7163,TCGA-78-7163-01Z-00-DX1.42880bdf-271d-41dd-aada-e7ec1156ff31,37,TCGA-78-7163-01,,325681.0888740663,0.3256810888740663,35696.5529312365,91.1875,0.002554518364158512,35605.3654312365,35.031960853626224,682.25,0.019112489693731537,margin-localized,81.37192367536075,89.8550632408157,100.0,38,TCGA-78-7163-01,TCGA-78-7163,Male,Stage IB,60,0:LIVING,238.11,0,I,matched
TCGA-78-7163,TCGA-78-7163-01Z-00-DX1.42880bdf-271d-41dd-aada-e7ec1156ff31,38,TCGA-78-7163-01,,1784403.178115004,1.784403178115004,70257.9520398655,941.28125,0.013397504804380034,69316.6707898655,31.93670498032006,2562.03125,0.036466067905683644,margin-localized,84.52185770835297,87.63574010384127,100.0,39,TCGA-78-7163-01,TCGA-78-7163,Male,Stage IB,60,0:LIVING,238.11,0,I,matched
TCGA-78-7163,TCGA-78-7163-01Z-00-DX1.42880bdf-271d-41dd-aada-e7ec1156ff31,39,TCGA-78-7163-01,,718920.5390423086,0.7189205390423086,863.6158987208684,0.0,0.0,863.6158987208684,20.957173592829736,33.15625,0.03839235712208272,immune-desert,66.6167101430295,73.78753675849508,100.0,40,TCGA-78-7163-01,TCGA-78-7163,Male,Stage IB,60,0:LIVING,238.11,0,I,matched
TCGA-78-7163,TCGA-78-7163-01Z-00-DX1.42880bdf-271d-41dd-aada-e7ec1156ff31,40,TCGA-78-7163-01,,397833.31565942056,0.39783331565942054,42134.875188912716,22.625,0.0005369661093941841,42112.250188912716,35.37853339244011,757.8439389127177,0.017986144150538154,margin-localized,99.44931307151218,100.0,100.0,41,TCGA-78-7163-01,TCGA-78-7163,Male,Stage IB,60,0:LIVING,238.11,0,I,matched
TCGA-78-7163,TCGA-78-7163-01Z-00-DX1.42880bdf-271d-41dd-aada-e7ec1156ff31,41,TCGA-78-7163-01,,371800.4183672382,0.3718004183672382,226.0625,0.0,0.0,226.0625,19.625099522040646,0.0,0.0,immune-desert,100.0,100.0,100.0,42,TCGA-78-7163-01,TCGA-78-7163,Male,Stage IB,60,0:LIVING,238.11,0,I,matched
TCGA-78-7163,TCGA-78-7163-01Z-00-DX1.42880bdf-271d-41dd-aada-e7ec1156ff31,42,TCGA-78-7163-01,,9912356.367038643,9.912356367038644,634092.964194342,31136.15625,0.04910345644594968,602956.807944342,47.64205731284072,11654.97465094622,0.018380545612510703,margin-localized,51.2173794183758,93.80519441505581,99.99598836425628,43,TCGA-78-7163-01,TCGA-78-7163,Male,Stage IB,60,0:LIVING,238.11,0,I,matched
TCGA-78-7163,TCGA-78-7163-01Z-00-DX1.42880bdf-271d-41dd-aada-e7ec1156ff31,43,TCGA-78-7163-01,,221839.9275811877,0.22183992758118767,10057.411147460682,0.0,0.0,10057.411147460682,53.04232537559039,267.71875,0.026619051968218902,peritumoral,40.04447507365607,76.94417239426696,99.6802730888841,44,TCGA-78-7163-01,TCGA-78-7163,Male,Stage IB,60,0:LIVING,238.11,0,I,matched
TCGA-78-7166,TCGA-78-7166-01Z-00-DX1.d19ad2d9-b006-4a13-ba54-2fec234c2373,1,TCGA-78-7166-01,,201800.77298432245,0.20180077298432245,1339.78125,0.0,0.0,1339.78125,16.875,39.6875,0.02962237305530287,margin-localized,100.0,100.0,100.0,2,TCGA-78-7166-01,TCGA-78-7166,Male,Stage IIB,84,1:DECEASED,8.48,1,II,matched
TCGA-78-7166,TCGA-78-7166-01Z-00-DX1.d19ad2d9-b006-4a13-ba54-2fec234c2373,2,TCGA-78-7166-01,,327844.9275811868,0.32784492758118683,53.90625,0.0,0.0,53.90625,15.357841034793921,0.0,0.0,immune-desert,100.0,100.0,100.0,3,TCGA-78-7166-01,TCGA-78-7166,Male,Stage IIB,84,1:DECEASED,8.48,1,II,matched
TCGA-78-7166,TCGA-78-7166-01Z-00-DX1.d19ad2d9-b006-4a13-ba54-2fec234c2373,3,TCGA-78-7166-01,,259192.99307366356,0.25919299307366356,313.53502779598244,0.0,0.0,313.53502779598244,12.706420621087592,0.0,0.0,immune-desert,99.59014856967796,100.0,100.0,4,TCGA-78-7166-01,TCGA-78-7166,Male,Stage IIB,84,1:DECEASED,8.48,1,II,matched
TCGA-78-7166,TCGA-78-7166-01Z-00-DX1.d19ad2d9-b006-4a13-ba54-2fec234c2373,4,TCGA-78-7166-01,,234547.99976967738,0.23454799976967738,968.46875,0.0,0.0,968.46875,2.125,716.40625,0.7397308896131135,immune-desert,100.0,100.0,100.0,5,TCGA-78-7166-01,TCGA-78-7166,Male,Stage IIB,84,1:DECEASED,8.48,1,II,matched
TCGA-78-7166,TCGA-78-7166-01Z-00-DX1.d19ad2d9-b006-4a13-ba54-2fec234c2373,5,TCGA-78-7166-01,,311202.23677491595,0.31120223677491593,0.0,0.0,,0.0,,0.0,,immune-desert,,,,6,TCGA-78-7166-01,TCGA-78-7166,Male,Stage IIB,84,1:DECEASED,8.48,1,II,matched
TCGA-78-7166,TCGA-78-7166-01Z-00-DX1.d19ad2d9-b006-4a13-ba54-2fec234c2373,6,TCGA-78-7166-01,,206194.78637635047,0.20619478637635047,197.90625,0.0,0.0,197.90625,76.1262571735272,36.34375,0.18364124427601453,immune-desert,18.364124427601453,85.42554871309017,100.0,7,TCGA-78-7166-01,TCGA-78-7166,Male,Stage IIB,84,1:DECEASED,8.48,1,II,matched
TCGA-78-7166,TCGA-78-7166-01Z-00-DX1.d19ad2d9-b006-4a13-ba54-2fec234c2373,7,TCGA-78-7166-01,,268071.45016824326,0.26807145016824324,382.59375,0.0,0.0,382.59375,35.62149105526045,0.0,0.0,immune-desert,100.0,100.0,100.0,8,TCGA-78-7166-01,TCGA-78-7166,Male,Stage IIB,84,1:DECEASED,8.48,1,II,matched
TCGA-78-7166,TCGA-78-7166-01Z-00-DX1.d19ad2d9-b006-4a13-ba54-2fec234c2373,8,TCGA-78-7166-01,,241046414.3849018,241.0464143849018,3502190.846394451,342881.9507940118,0.09790498743008624,3159308.895600439,64.93325900491982,83429.91744062553,0.023822207612277234,peritumoral,35.53711295903988,78.92309194609611,99.33751894395574,9,TCGA-78-7166-01,TCGA-78-7166,Male,Stage IIB,84,1:DECEASED,8.48,1,II,matched
TCGA-78-7166,TCGA-78-7166-01Z-00-DX1.d19ad2d9-b006-4a13-ba54-2fec234c2373,9,TCGA-78-7166-01,,4617516.911426088,4.617516911426088,59119.08741561584,566.28125,0.009578653439268437,58552.80616561584,55.011504478608835,6227.6875,0.10534140109806577,peritumoral,46.32636531192357,94.5508722768142,100.0,10,TCGA-78-7166-01,TCGA-78-7166,Male,Stage IIB,84,1:DECEASED,8.48,1,II,matched
TCGA-78-7166,TCGA-78-7166-01Z-00-DX1.d19ad2d9-b006-4a13-ba54-2fec234c2373,10,TCGA-78-7166-01,,1001148.3189529681,1.0011483189529682,2232.4913718539196,0.0,0.0,2232.4913718539196,32.33540049233966,1.65625,0.0007418841662194674,margin-localized,82.44012824433119,100.0,100.0,11,TCGA-78-7166-01,TCGA-78-7166,Male,Stage IIB,84,1:DECEASED,8.48,1,II,matched
TCGA-78-7166,TCGA-78-7166-01Z-00-DX1.d19ad2d9-b006-4a13-ba54-2fec234c2373,11,TCGA-78-7166-01,,2948497.861484269,2.948497861484269,89961.47930786278,5562.625,0.06183340961928599,84398.85430786278,47.3125,7816.9375,0.08689205157742205,margin-localized,54.241869400081754,99.53910829035938,99.99993052582006,12,TCGA-78-7166-01,TCGA-78-7166,Male,Stage IIB,84,1:DECEASED,8.48,1,II,matched
TCGA-78-7166,TCGA-78-7166-01Z-00-DX1.d19ad2d9-b006-4a13-ba54-2fec234c2373,12,TCGA-78-7166-01,,736454.8618583889,0.7364548618583888,1178.5,0.0,0.0,1178.5,4.738885021816841,666.4375,0.5654963937208316,margin-localized,86.19007212558337,94.62770470937633,100.0,13,TCGA-78-7166-01,TCGA-78-7166,Male,Stage IIB,84,1:DECEASED,8.48,1,II,matched
TCGA-78-7166,TCGA-78-7166-01Z-00-DX1.d19ad2d9-b006-4a13-ba54-2fec234c2373,13,TCGA-78-7166-01,,597479.2298485803,0.5974792298485804,8763.125636366574,0.0,0.0,8763.125636366574,45.30073123030135,0.0625,7.132158386572461e-06,margin-localized,91.29874442360479,95.66041588491318,100.0,14,TCGA-78-7166-01,TCGA-78-7166,Male,Stage IIB,84,1:DECEASED,8.48,1,II,matched
TCGA-78-7166,TCGA-78-7166-01Z-00-DX1.d19ad2d9-b006-4a13-ba54-2fec234c2373,14,TCGA-78-7166-01,,660637.5911427567,0.6606375911427568,463.03125,0.0,0.0,463.03125,13.958084574897804,0.0,0.0,immune-desert,67.43605318215563,100.0,100.0,15,TCGA-78-7166-01,TCGA-78-7166,Male,Stage IIB,84,1:DECEASED,8.48,1,II,matched
TCGA-78-7166,TCGA-78-7166-01Z-00-DX1.d19ad2d9-b006-4a13-ba54-2fec234c2373,15,TCGA-78-7166-01,,855025.8313201409,0.8550258313201409,24046.36979870744,43.78125,0.0018207010191764316,24002.58854870744,40.564955626747576,415.46875,0.017277815881477986,margin-localized,80.95673655923903,87.54959761590139,99.32201393148132,16,TCGA-78-7166-01,TCGA-78-7166,Male,Stage IIB,84,1:DECEASED,8.48,1,II,matched
TCGA-78-7166,TCGA-78-7166-01Z-00-DX1.d19ad2d9-b006-4a13-ba54-2fec234c2373,16,TCGA-78-7166-01,,564632.0819477302,0.5646320819477302,2756.884490265047,0.0,0.0,2756.884490265047,19.43790192510498,0.0,0.0,margin-localized,83.49778556658684,96.36783874628638,100.0,17,TCGA-78-7166-01,TCGA-78-7166,Male,Stage IIB,84,1:DECEASED,8.48,1,II,matched
TCGA-78-7166,TCGA-78-7166-01Z-00-DX1.d19ad2d9-b006-4a13-ba54-2fec234c2373,17,TCGA-78-7166-01,,5352331.44481428,5.35233144481428,24614.296758765,124.46875,0.005056766448372223,24489.828008765,25.84630050897033,884.53125,0.035935670178552793,margin-localized,81.19068240959855,98.74793294717934,100.0,18,TCGA-78-7166-01,TCGA-78-7166,Male,Stage IIB,84,1:DECEASED,8.48,1,II,matched
TCGA-78-7166,TCGA-78-7166-01Z-00-DX1.d19ad2d9-b006-4a13-ba54-2fec234c2373,18,TCGA-78-7166-01,,2295302.3187226453,2.295302318722645,4179.21875,264.1875,0.06321456611956482,3915.03125,27.40951021087389,213.65625,0.05112349048491419,margin-localized,89.3169327401204,100.0,100.0,19,TCGA-78-7166-01,TCGA-78-7166,Male,Stage IIB,84,1:DECEASED,8.48,1,II,matched
TCGA-78-7166,TCGA-78-7166-01Z-00-DX1.d19ad2d9-b006-4a13-ba54-2fec234c2373,19,TCGA-78-7166-01,,1393929.7894395776,1.3939297894395777,404.8125,0.0,0.0,404.8125,5.745922467280602,117.125,0.2893314806237456,immune-desert,100.0,100.0,100.0,20,TCGA-78-7166-01,TCGA-78-7166,Male,Stage IIB,84,1:DECEASED,8.48,1,II,matched
TCGA-78-7166,TCGA-78-7166-01Z-00-DX1.d19ad2d9-b006-4a13-ba54-2fec234c2373,20,TCGA-78-7166-01,,404998.6518675281,0.4049986518675281,1181.875,0.0,0.0,1181.875,60.45582064615449,0.0,0.0,peritumoral,49.8995240613432,93.85774722369116,100.0,21,TCGA-78-7166-01,TCGA-78-7166,Male,Stage IIB,84,1:DECEASED,8.48,1,II,matched
TCGA-78-7167,TCGA-78-7167-01Z-00-DX1.f79e1a9b-a3eb-4c91-a1fd-7bb58b1620b1,1,TCGA-78-7167-01,,3021135.8549320493,3.0211358549320493,1165.40625,18.59375,0.01595473681387928,1146.8125,5.5971532943095275,277.21875,0.2378730592872657,margin-localized,100.0,100.0,100.0,2,TCGA-78-7167-01,TCGA-78-7167,Male,Stage IV,77,1:DECEASED,88.07,1,IV,matched
TCGA-78-7167,TCGA-78-7167-01Z-00-DX1.f79e1a9b-a3eb-4c91-a1fd-7bb58b1620b1,2,TCGA-78-7167-01,,5073590.778650131,5.073590778650131,21615.03125,566.84375,0.026224516793145972,21048.1875,119.59939642406228,1789.59375,0.08279394692061803,immune-excluded,28.89222054675493,38.29062819421091,100.0,3,TCGA-78-7167-01,TCGA-78-7167,Male,Stage IV,77,1:DECEASED,88.07,1,IV,matched
TCGA-78-7167,TCGA-78-7167-01Z-00-DX1.f79e1a9b-a3eb-4c91-a1fd-7bb58b1620b1,3,TCGA-78-7167-01,,562281.3359777844,0.5622813359777844,106.0,0.0,0.0,106.0,18.58258593414813,0.0,0.0,immune-desert,100.0,100.0,100.0,4,TCGA-78-7167-01,TCGA-78-7167,Male,Stage IV,77,1:DECEASED,88.07,1,IV,matched
TCGA-78-7167,TCGA-78-7167-01Z-00-DX1.f79e1a9b-a3eb-4c91-a1fd-7bb58b1620b1,4,TCGA-78-7167-01,,5501674.565026481,5.501674565026481,24253.11404674512,15.46875,0.0006378046946955243,24237.64529674512,138.1795522387445,1223.875,0.050462592046576785,immune-excluded,18.074740800504795,19.26440761790354,100.0,5,TCGA-78-7167-01,TCGA-78-7167,Male,Stage IV,77,1:DECEASED,88.07,1,IV,matched
TCGA-78-7167,TCGA-78-7167-01Z-00-DX1.f79e1a9b-a3eb-4c91-a1fd-7bb58b1620b1,5,TCGA-78-7167-01,,231435249.74886245,231.43524974886245,573418.0792808787,102171.61209586696,0.1781799629059481,471246.4671850117,71.23359040451832,7840.339872054249,0.013672990363133977,peritumoral,31.14394866592899,57.957722595027086,89.73879156006623,6,TCGA-78-7167-01,TCGA-78-7167,Male,Stage IV,77,1:DECEASED,88.07,1,IV,matched
TCGA-78-7167,TCGA-78-7167-01Z-00-DX1.f79e1a9b-a3eb-4c91-a1fd-7bb58b1620b1,6,TCGA-78-7167-01,,13296880.533453189,13.296880533453189,32916.49196099528,366.875,0.011145628775834684,32549.616960995274,88.23282410758482,599.53125,0.018213704264428313,peritumoral,15.327802871516708,83.785697858327,95.73826852004072,7,TCGA-78-7167-01,TCGA-78-7167,Male,Stage IV,77,1:DECEASED,88.07,1,IV,matched
TCGA-78-7167,TCGA-78-7167-01Z-00-DX1.f79e1a9b-a3eb-4c91-a1fd-7bb58b1620b1,7,TCGA-78-7167-01,,248032.29557137887,0.24803229557137887,2152.09375,0.0,0.0,2152.09375,91.1943323348551,57.34375,0.02664556318701265,peritumoral,15.129162007928326,50.14593346595612,100.0,8,TCGA-78-7167-01,TCGA-78-7167,Male,Stage IV,77,1:DECEASED,88.07,1,IV,matched
TCGA-78-7535,TCGA-78-7535-01Z-00-DX1.c4ca06f3-22d1-4e39-85c8-98d1fa2b0e60,1,TCGA-78-7535-01,,2015666.3685875377,2.015666368587538,29909.80832555508,0.0,0.0,29909.80832555508,19.70802501520637,674.1875,0.02254068273062021,margin-localized,92.00915933191239,99.47174519381656,100.0,2,TCGA-78-7535-01,TCGA-78-7535,Male,Stage IB,45,1:DECEASED,31.18,1,I,matched
TCGA-78-7535,TCGA-78-7535-01Z-00-DX1.c4ca06f3-22d1-4e39-85c8-98d1fa2b0e60,2,TCGA-78-7535-01,,357010633.4036298,357.01063340362975,20828847.369760696,8232535.536890273,0.3952468127853422,12596311.832870426,24.76546234173713,1038032.7924389418,0.049836305101834726,immune-penetrated,48.95853802127368,67.10395067844847,77.2116976210068,3,TCGA-78-7535-01,TCGA-78-7535,Male,Stage IB,45,1:DECEASED,31.18,1,I,matched
TCGA-78-7535,TCGA-78-7535-01Z-00-DX1.c4ca06f3-22d1-4e39-85c8-98d1fa2b0e60,3,TCGA-78-7535-01,,122647.60021826353,0.12264760021826353,707.84375,7.6875,0.010860447662354862,700.15625,4.121684273449387,457.8125,0.6467705620060924,immune-desert,100.0,100.0,100.0,4,TCGA-78-7535-01,TCGA-78-7535,Male,Stage IB,45,1:DECEASED,31.18,1,I,matched
TCGA-78-7536,TCGA-78-7536-01Z-00-DX1.6b066140-8b82-40a5-bd48-430eeb4463fe,1,TCGA-78-7536-01,,410434468.4663591,410.4344684663591,10944737.147813141,2122098.8741569286,0.19389217351656027,8822638.273656214,39.72129466671498,198813.927840703,0.0181652537795691,margin-localized,53.73378880185553,87.98541242378471,98.26321494411297,2,TCGA-78-7536-01,TCGA-78-7536,Male,Stage IIIA,69,1:DECEASED,8.02,1,III,matched
TCGA-78-7537,TCGA-78-7537-01Z-00-DX1.e5597e41-ebba-4d6f-8a1f-15cd81d8f026,1,TCGA-78-7537-01,,302843233.72839206,302.8432337283921,8026793.437444307,554157.4250045898,0.06903845593179123,7472636.012439716,50.56817798774245,235292.44692907928,0.029313380089172357,peritumoral,48.56884974538534,90.0517046646169,99.24199637930795,2,TCGA-78-7537-01,TCGA-78-7537,Male,Stage IB,72,1:DECEASED,53.29,1,I,matched
TCGA-78-7537,TCGA-78-7537-01Z-00-DX1.e5597e41-ebba-4d6f-8a1f-15cd81d8f026,2,TCGA-78-7537-01,,294426.70270521875,0.29442670270521876,4225.521930962271,0.0,0.0,4225.521930962271,22.745992996420597,0.0,0.0,margin-localized,100.0,100.0,100.0,3,TCGA-78-7537-01,TCGA-78-7537,Male,Stage IB,72,1:DECEASED,53.29,1,I,matched
TCGA-78-7537,TCGA-78-7537-01Z-00-DX1.e5597e41-ebba-4d6f-8a1f-15cd81d8f026,3,TCGA-78-7537-01,,193096.35980109777,0.19309635980109777,0.0,0.0,,0.0,,0.0,,immune-desert,,,,4,TCGA-78-7537-01,TCGA-78-7537,Male,Stage IB,72,1:DECEASED,53.29,1,I,matched
TCGA-78-7537,TCGA-78-7537-01Z-00-DX1.e5597e41-ebba-4d6f-8a1f-15cd81d8f026,4,TCGA-78-7537-01,,733788.3670253616,0.7337883670253617,6535.957588041627,0.0,0.0,6535.957588041627,72.61736190471257,194.90625,0.029820611191940107,peritumoral,3.117370289745863,100.0,100.0,5,TCGA-78-7537-01,TCGA-78-7537,Male,Stage IB,72,1:DECEASED,53.29,1,I,matched
TCGA-78-7537,TCGA-78-7537-01Z-00-DX1.e5597e41-ebba-4d6f-8a1f-15cd81d8f026,5,TCGA-78-7537-01,,201800.7729843231,0.20180077298432308,2622.260160477701,0.0,0.0,2622.260160477701,77.22339752303054,31.875,0.012155544472823507,peritumoral,10.23449175809885,100.0,100.0,6,TCGA-78-7537-01,TCGA-78-7537,Male,Stage IB,72,1:DECEASED,53.29,1,I,matched
TCGA-78-7537,TCGA-78-7537-01Z-00-DX1.e5597e41-ebba-4d6f-8a1f-15cd81d8f026,6,TCGA-78-7537-01,,2100648.9178895527,2.1006489178895524,22400.36905156677,0.0,0.0,22400.36905156677,38.91436913275095,2255.1618581143466,0.10067520998974844,margin-localized,62.641013082473776,89.30100916825101,100.0,7,TCGA-78-7537-01,TCGA-78-7537,Male,Stage IB,72,1:DECEASED,53.29,1,I,matched
TCGA-78-7537,TCGA-78-7537-01Z-00-DX1.e5597e41-ebba-4d6f-8a1f-15cd81d8f026,7,TCGA-78-7537-01,,291987.6960092048,0.29198769600920477,18689.518899995834,0.0,0.0,18689.518899995834,78.25089855714118,0.0,0.0,peritumoral,0.0,100.0,100.0,8,TCGA-78-7537-01,TCGA-78-7537,Male,Stage IB,72,1:DECEASED,53.29,1,I,matched
TCGA-78-7542,TCGA-78-7542-01Z-00-DX1.2ee042a6-11ee-4668-b254-44144fca4234,1,TCGA-78-7542-01,,293323.92758118716,0.29332392758118714,1474.34375,0.0,0.0,1474.34375,35.625,46.875,0.03179380656648085,margin-localized,100.0,100.0,100.0,2,TCGA-78-7542-01,TCGA-78-7542,Male,Stage IB,56,1:DECEASED,10.55,1,I,matched
TCGA-78-7542,TCGA-78-7542-01Z-00-DX1.2ee042a6-11ee-4668-b254-44144fca4234,2,TCGA-78-7542-01,,71995872.97992831,71.99587297992831,3517001.1060341853,551151.6523630498,0.15671068496891527,2965849.453671136,47.3125,101339.50063361909,0.02881417934721402,peritumoral,48.62182773714228,73.92063314577797,91.08668362784478,3,TCGA-78-7542-01,TCGA-78-7542,Male,Stage IB,56,1:DECEASED,10.55,1,I,matched
TCGA-78-7542,TCGA-78-7542-01Z-00-DX1.2ee042a6-11ee-4668-b254-44144fca4234,3,TCGA-78-7542-01,,40430991.1901157,40.4309911901157,6917617.097476706,991477.3885390025,0.1433264337369377,5926139.708937703,26.91711815926809,814776.8029513317,0.11778287110579343,margin-localized,78.50852386487904,97.0224172327178,99.17365692268729,4,TCGA-78-7542-01,TCGA-78-7542,Male,Stage IB,56,1:DECEASED,10.55,1,I,matched
TCGA-78-7542,TCGA-78-7542-01Z-00-DX1.2ee042a6-11ee-4668-b254-44144fca4234,4,TCGA-78-7542-01,,461274.92065485095,0.46127492065485093,12894.285136378247,0.0,0.0,12894.285136378247,25.82301541261206,329.0,0.02551517951714923,margin-localized,71.60248737117281,99.59429701261676,100.0,5,TCGA-78-7542-01,TCGA-78-7542,Male,Stage IB,56,1:DECEASED,10.55,1,I,matched
TCGA-78-7542,TCGA-78-7542-01Z-00-DX1.2ee042a6-11ee-4668-b254-44144fca4234,5,TCGA-78-7542-01,,819593.5568256966,0.8195935568256966,11708.625456861253,240.84375,0.020569771480636576,11467.781706861253,25.16973629182475,187.28125,0.01599515252153302,margin-localized,70.57484447945113,100.0,100.0,6,TCGA-78-7542-01,TCGA-78-7542,Male,Stage IB,56,1:DECEASED,10.55,1,I,matched
TCGA-78-7542,TCGA-78-7542-01Z-00-DX1.2ee042a6-11ee-4668-b254-44144fca4234,6,TCGA-78-7542-01,,418204.7863763502,0.4182047863763502,28815.513659802637,1583.0,0.054935685641039594,27232.513659802637,16.75,1245.125,0.04321023094365093,margin-localized,100.0,100.0,100.0,7,TCGA-78-7542-01,TCGA-78-7542,Male,Stage IB,56,1:DECEASED,10.55,1,I,matched
TCGA-78-7542,TCGA-78-7542-01Z-00-DX1.2ee042a6-11ee-4668-b254-44144fca4234,7,TCGA-78-7542-01,,146682.71759032653,0.14668271759032653,43833.99455076167,198.67328746517472,0.004532402066051781,43635.3212632965,43.531463118645576,3793.9063701583996,0.0865516914221653,margin-localized,96.86215525036967,100.0,100.0,8,TCGA-78-7542-01,TCGA-78-7542,Male,Stage IB,56,1:DECEASED,10.55,1,I,matched
TCGA-78-7542,TCGA-78-7542-01Z-00-DX1.2ee042a6-11ee-4668-b254-44144fca4234,8,TCGA-78-7542-01,,636069.4408321549,0.6360694408321549,66695.11569589177,0.0,0.0,66695.11569589177,22.439153838770302,543.96875,0.008156050774097494,margin-localized,69.86234748570543,87.90225193793997,100.0,9,TCGA-78-7542-01,TCGA-78-7542,Male,Stage IB,56,1:DECEASED,10.55,1,I,matched
TCGA-78-7542,TCGA-78-7542-01Z-00-DX1.2ee042a6-11ee-4668-b254-44144fca4234,9,TCGA-78-7542-01,,263749.7593619725,0.26374975936197254,31106.406663004167,0.0,0.0,31106.406663004167,51.98707772129532,860.875,0.027675167026729123,peritumoral,38.615827035200354,99.99578061196776,100.0,10,TCGA-78-7542-01,TCGA-78-7542,Male,Stage IB,56,1:DECEASED,10.55,1,I,matched
TCGA-78-7542,TCGA-78-7542-01Z-00-DX1.2ee042a6-11ee-4668-b254-44144fca4234,10,TCGA-78-7542-01,,212350.9930736636,0.2123509930736636,12236.31440838334,0.0,0.0,12236.31440838334,57.74364142483569,904.46875,0.07391676282691222,peritumoral,30.44319454106086,62.95115298628051,100.0,11,TCGA-78-7542-01,TCGA-78-7542,Male,Stage IB,56,1:DECEASED,10.55,1,I,matched
TCGA-78-7542,TCGA-78-7542-01Z-00-DX1.2ee042a6-11ee-4668-b254-44144fca4234,11,TCGA-78-7542-01,,779611.6508232645,0.7796116508232644,278445.8001481096,1806.84375,0.006489032152896226,276638.9563981096,53.805494607892975,1028.0,0.0036919213701668008,peritumoral,16.293563798721085,91.01295115205654,100.0,12,TCGA-78-7542-01,TCGA-78-7542,Male,Stage IB,56,1:DECEASED,10.55,1,I,matched
TCGA-78-7633,TCGA-78-7633-01Z-00-DX1.f0cd4825-eb92-4098-954a-fbb1e4851660,1,TCGA-78-7633-01,,2881724.357179588,2.8817243571795883,8429.198217621008,1080.75,0.12821504158494243,7348.448217621009,34.790275670796284,353.125,0.04189307107072199,margin-localized,73.74116690211815,95.82922965003876,100.0,2,TCGA-78-7633-01,TCGA-78-7633,Male,Stage IB,67,1:DECEASED,50.2,1,I,matched
TCGA-78-7633,TCGA-78-7633-01Z-00-DX1.f0cd4825-eb92-4098-954a-fbb1e4851660,2,TCGA-78-7633-01,,72918277.15880895,72.91827715880895,1280800.1440585135,36413.40625,0.028430201557141963,1244386.7378085135,30.682344271583943,70677.46875,0.055182277327079296,margin-localized,65.90150039390949,99.28683012398699,99.98075177839856,3,TCGA-78-7633-01,TCGA-78-7633,Male,Stage IB,67,1:DECEASED,50.2,1,I,matched
TCGA-78-7633,TCGA-78-7633-01Z-00-DX1.f0cd4825-eb92-4098-954a-fbb1e4851660,3,TCGA-78-7633-01,,539914.9781885563,0.5399149781885563,7042.527105932809,0.0,0.0,7042.527105932809,31.377240955826565,113.0625,0.0160542513077093,margin-localized,87.90307796641467,94.77339231128099,100.0,4,TCGA-78-7633-01,TCGA-78-7633,Male,Stage IB,67,1:DECEASED,50.2,1,I,matched
TCGA-78-7633,TCGA-78-7633-01Z-00-DX1.f0cd4825-eb92-4098-954a-fbb1e4851660,4,TCGA-78-7633-01,,194469.69057594836,0.19446969057594837,77.84375,0.0,0.0,77.84375,51.43032301084643,0.0,0.0,immune-desert,0.0,100.0,100.0,5,TCGA-78-7633-01,TCGA-78-7633,Male,Stage IB,67,1:DECEASED,50.2,1,I,matched
TCGA-78-7633,TCGA-78-7633-01Z-00-DX1.f0cd4825-eb92-4098-954a-fbb1e4851660,5,TCGA-78-7633-01,,262905.60350235045,0.2629056035023504,0.0,0.0,,0.0,,0.0,,immune-desert,,,,6,TCGA-78-7633-01,TCGA-78-7633,Male,Stage IB,67,1:DECEASED,50.2,1,I,matched
TCGA-78-7633,TCGA-78-7633-01Z-00-DX1.f0cd4825-eb92-4098-954a-fbb1e4851660,6,TCGA-78-7633-01,,243544.85856484078,0.2435448585648408,2993.4999652461006,0.0,0.0,2993.4999652461006,127.30192948262803,45.0,0.01503257074409235,immune-excluded,30.245741122818586,44.63107618209585,99.92546682984141,7,TCGA-78-7633-01,TCGA-78-7633,Male,Stage IB,67,1:DECEASED,50.2,1,I,matched
TCGA-78-7633,TCGA-78-7633-01Z-00-DX1.f0cd4825-eb92-4098-954a-fbb1e4851660,7,TCGA-78-7633-01,,555409.6384754999,0.5554096384755,803.1875,466.78125,0.5811609991440355,336.40625,27.92987871438041,0.0,0.0,immune-desert,100.0,100.0,100.0,8,TCGA-78-7633-01,TCGA-78-7633,Male,Stage IB,67,1:DECEASED,50.2,1,I,matched
TCGA-78-7633,TCGA-78-7633-01Z-00-DX1.f0cd4825-eb92-4098-954a-fbb1e4851660,8,TCGA-78-7633-01,,216579.260265424,0.216579260265424,2699.2339711508084,0.0,0.0,2699.2339711508084,31.86151675611191,0.0,0.0,margin-localized,88.68197409838648,100.0,100.0,9,TCGA-78-7633-01,TCGA-78-7633,Male,Stage IB,67,1:DECEASED,50.2,1,I,matched
TCGA-78-7633,TCGA-78-7633-01Z-00-DX1.f0cd4825-eb92-4098-954a-fbb1e4851660,9,TCGA-78-7633-01,,137697120.96629375,137.69712096629374,4664717.254808513,427085.4819723156,0.09155656359065807,4237631.772836197,39.52254103672991,41820.90836046098,0.008965368333386313,margin-localized,57.73628361488128,90.35939187791591,97.96652042078766,10,TCGA-78-7633-01,TCGA-78-7633,Male,Stage IB,67,1:DECEASED,50.2,1,I,matched
TCGA-78-7633,TCGA-78-7633-01Z-00-DX1.f0cd4825-eb92-4098-954a-fbb1e4851660,10,TCGA-78-7633-01,,242810.20521369402,0.242810205213694,1252.96875,0.0,0.0,1252.96875,4.94501011121312,715.59375,0.5711185933408156,margin-localized,100.0,100.0,100.0,11,TCGA-78-7633-01,TCGA-78-7633,Male,Stage IB,67,1:DECEASED,50.2,1,I,matched
TCGA-78-7633,TCGA-78-7633-01Z-00-DX1.f0cd4825-eb92-4098-954a-fbb1e4851660,11,TCGA-78-7633-01,,353441.39137178037,0.3534413913717804,8366.765556361004,0.0625,7.4700312299874474e-06,8366.703056361004,83.08460014497271,101.84375,0.012172415889264545,peritumoral,21.37512086304758,51.22816209034402,84.09000330108957,12,TCGA-78-7633-01,TCGA-78-7633,Male,Stage IB,67,1:DECEASED,50.2,1,I,matched
TCGA-78-7633,TCGA-78-7633-01Z-00-DX1.f0cd4825-eb92-4098-954a-fbb1e4851660,12,TCGA-78-7633-01,,1216110.387667879,1.216110387667879,5332.781294121773,0.0,0.0,5332.781294121773,30.502305240751888,0.0,0.0,margin-localized,60.769766680140904,78.67464125755622,100.0,13,TCGA-78-7633-01,TCGA-78-7633,Male,Stage IB,67,1:DECEASED,50.2,1,I,matched
TCGA-86-6562,TCGA-86-6562-01Z-00-DX1.5dea3015-e606-4837-9f99-ac14f0aa091b,1,TCGA-86-6562-01,,276779.9647965281,0.2767799647965281,6745.312693501732,0.0,0.0,6745.312693501732,98.15206633077064,0.0,0.0,peritumoral,13.500115433896395,78.20940243559437,100.0,2,TCGA-86-6562-01,TCGA-86-6562,Male,Stage IIA,52,1:DECEASED,12.35,1,II,matched
TCGA-86-6562,TCGA-86-6562-01Z-00-DX1.5dea3015-e606-4837-9f99-ac14f0aa091b,2,TCGA-86-6562-01,,311199.2434709301,0.3111992434709301,379.5625,0.0,0.0,379.5625,7.780183159797717,51.625,0.13601185575498106,immune-desert,75.98386300016466,100.0,100.0,3,TCGA-86-6562-01,TCGA-86-6562,Male,Stage IIA,52,1:DECEASED,12.35,1,II,matched
TCGA-86-6562,TCGA-86-6562-01Z-00-DX1.5dea3015-e606-4837-9f99-ac14f0aa091b,3,TCGA-86-6562-01,,131785496.96723717,131.78549696723718,3389522.975282983,753303.1875,0.2222446028521487,2636219.7877829825,38.487670509528115,172632.98251873563,0.05093135045185021,margin-localized,51.39645331412292,79.73730140756729,89.6435572236442,4,TCGA-86-6562-01,TCGA-86-6562,Male,Stage IIA,52,1:DECEASED,12.35,1,II,matched
TCGA-86-6562,TCGA-86-6562-01Z-00-DX1.5dea3015-e606-4837-9f99-ac14f0aa091b,4,TCGA-86-6562-01,,636000.8955498593,0.6360008955498593,131.21875,0.0,0.0,131.21875,79.76185256750247,0.0,0.0,immune-desert,0.0,100.0,100.0,5,TCGA-86-6562-01,TCGA-86-6562,Male,Stage IIA,52,1:DECEASED,12.35,1,II,matched
TCGA-86-6562,TCGA-86-6562-01Z-00-DX1.5dea3015-e606-4837-9f99-ac14f0aa091b,5,TCGA-86-6562-01,,893086.3020370693,0.8930863020370693,26.59375,0.0,0.0,26.59375,14.72932873555343,0.0,0.0,immune-desert,100.0,100.0,100.0,6,TCGA-86-6562-01,TCGA-86-6562,Male,Stage IIA,52,1:DECEASED,12.35,1,II,matched
TCGA-86-6562,TCGA-86-6562-01Z-00-DX1.5dea3015-e606-4837-9f99-ac14f0aa091b,6,TCGA-86-6562-01,,2825405.324958013,2.825405324958013,117983.1213192074,4981.53125,0.04222240600434952,113001.59006920742,36.96308335691166,3173.6875,0.026899504475843446,margin-localized,60.207259016993554,90.03391093872348,99.01405388584966,7,TCGA-86-6562-01,TCGA-86-6562,Male,Stage IIA,52,1:DECEASED,12.35,1,II,matched
TCGA-86-6562,TCGA-86-6562-01Z-00-DX1.5dea3015-e606-4837-9f99-ac14f0aa091b,7,TCGA-86-6562-01,,228510.19477294778,0.2285101947729478,10782.272485145351,324.59375,0.030104391300367354,10457.678735145351,16.523657282817265,1109.5542398063203,0.10290541639853232,margin-localized,70.5225104474237,100.0,100.0,8,TCGA-86-6562-01,TCGA-86-6562,Male,Stage IIA,52,1:DECEASED,12.35,1,II,matched
TCGA-86-6562,TCGA-86-6562-01Z-00-DX1.5dea3015-e606-4837-9f99-ac14f0aa091b,8,TCGA-86-6562-01,,1080524.53551844,1.0805245355184399,17869.944052768,146.84375,0.008217359246698612,17723.100302767998,54.03268686637747,560.125,0.03134453014212086,peritumoral,45.52519546413266,99.66196732445482,100.0,9,TCGA-86-6562-01,TCGA-86-6562,Male,Stage IIA,52,1:DECEASED,12.35,1,II,matched
TCGA-86-6562,TCGA-86-6562-01Z-00-DX1.5dea3015-e606-4837-9f99-ac14f0aa091b,9,TCGA-86-6562-01,,278560.9275811872,0.2785609275811872,22.0625,0.0,0.0,22.0625,1.5103807466993215,22.0625,1.0,immune-desert,100.0,100.0,100.0,10,TCGA-86-6562-01,TCGA-86-6562,Male,Stage IIA,52,1:DECEASED,12.35,1,II,matched
TCGA-86-7701,TCGA-86-7701-01Z-00-DX1.a8a6e71e-9fa9-42c6-a186-0ac7526e9960,1,TCGA-86-7701-01,,705052.1643561029,0.705052164356103,509.25,0.0,0.0,509.25,102.35675966930567,0.0,0.0,immune-desert,10.456553755522828,41.157339224349535,100.0,2,TCGA-86-7701-01,TCGA-86-7701,Male,Stage IV,66,0:LIVING,31.11,0,IV,matched
TCGA-86-7701,TCGA-86-7701-01Z-00-DX1.a8a6e71e-9fa9-42c6-a186-0ac7526e9960,2,TCGA-86-7701-01,,260963.77298432225,0.2609637729843223,23302.28748557414,0.0,0.0,23302.28748557414,67.9228652590569,54.28125,0.0023294386885237836,peritumoral,36.915367237338224,98.39068205679723,100.0,3,TCGA-86-7701-01,TCGA-86-7701,Male,Stage IV,66,0:LIVING,31.11,0,IV,matched
TCGA-86-7701,TCGA-86-7701-01Z-00-DX1.a8a6e71e-9fa9-42c6-a186-0ac7526e9960,3,TCGA-86-7701-01,,2753953.2631868743,2.753953263186874,54356.71952698551,1294.53125,0.0238154778519577,53062.18827698551,51.278955235066945,367.701727255084,0.00676460482631844,peritumoral,34.829242214009746,86.24502702998474,100.0,4,TCGA-86-7701-01,TCGA-86-7701,Male,Stage IV,66,0:LIVING,31.11,0,IV,matched
TCGA-86-7701,TCGA-86-7701-01Z-00-DX1.a8a6e71e-9fa9-42c6-a186-0ac7526e9960,4,TCGA-86-7701-01,,248642.77298432268,0.2486427729843227,1860.1054764865714,0.0,0.0,1860.1054764865714,176.40197348669318,0.0,0.0,immune-excluded,28.701329400330604,46.55481965655358,100.0,5,TCGA-86-7701-01,TCGA-86-7701,Male,Stage IV,66,0:LIVING,31.11,0,IV,matched
TCGA-86-7701,TCGA-86-7701-01Z-00-DX1.a8a6e71e-9fa9-42c6-a186-0ac7526e9960,5,TCGA-86-7701-01,,281002.9275811873,0.2810029275811873,8218.138901351807,0.0,0.0,8218.138901351807,25.086413155331712,1935.4670968045975,0.235511606707722,margin-localized,68.93400275666724,75.25348404353832,100.0,6,TCGA-86-7701-01,TCGA-86-7701,Male,Stage IV,66,0:LIVING,31.11,0,IV,matched
TCGA-86-7711,TCGA-86-7711-01Z-00-DX1.f64dd9d8-b9ca-4d1f-9783-d1042979132d,1,TCGA-86-7711-01,,260963.77298432274,0.2609637729843227,81.75,0.0,0.0,81.75,7.625000000000001,0.0,0.0,immune-desert,100.0,100.0,100.0,2,TCGA-86-7711-01,TCGA-86-7711,Male,Stage IIA,70,1:DECEASED,34.36,1,II,matched
TCGA-86-7711,TCGA-86-7711-01Z-00-DX1.f64dd9d8-b9ca-4d1f-9783-d1042979132d,2,TCGA-86-7711-01,,1394338.5707748998,1.3943385707748999,22038.82333149754,0.0,0.0,22038.82333149754,28.151723415272464,173.34375,0.007865381349659436,margin-localized,86.88471773804966,97.63797507621008,100.0,3,TCGA-86-7711-01,TCGA-86-7711,Male,Stage IIA,70,1:DECEASED,34.36,1,II,matched
TCGA-86-7711,TCGA-86-7711-01Z-00-DX1.f64dd9d8-b9ca-4d1f-9783-d1042979132d,3,TCGA-86-7711-01,,1144362.5012687144,1.1443625012687144,174490.8435118482,0.0,0.0,174490.8435118482,30.594992934935682,1591.46875,0.009120643341333478,margin-localized,82.79513521323676,99.10492708118669,100.0,4,TCGA-86-7711-01,TCGA-86-7711,Male,Stage IIA,70,1:DECEASED,34.36,1,II,matched
TCGA-86-7713,TCGA-86-7713-01Z-00-DX1.23f9e213-b566-47bb-beb8-7d12b2f0508b,1,TCGA-86-7713-01,,155686783.24976075,155.68678324976074,13661696.906818733,2312775.158147684,0.169289011015414,11348921.748671047,26.125,864941.0229959704,0.06331139015126788,margin-localized,70.31739971352656,85.82787485263135,89.82396616424205,2,TCGA-86-7713-01,TCGA-86-7713,Male,Stage IIA,70,0:LIVING,38.01,0,II,matched
TCGA-86-7713,TCGA-86-7713-01Z-00-DX1.23f9e213-b566-47bb-beb8-7d12b2f0508b,2,TCGA-86-7713-01,,44862466.293649875,44.862466293649874,7239990.011520628,662057.2151523737,0.09144449289279069,6577932.796368254,27.978228142611176,575193.7413217139,0.07944675896050096,margin-localized,75.124213722563,95.43693577180059,99.23782880327842,3,TCGA-86-7713-01,TCGA-86-7713,Male,Stage IIA,70,0:LIVING,38.01,0,II,matched
TCGA-86-7713,TCGA-86-7713-01Z-00-DX1.23f9e213-b566-47bb-beb8-7d12b2f0508b,3,TCGA-86-7713-01,,1189287.8860980072,1.1892878860980072,153747.93284598584,0.0,0.0,153747.93284598584,37.77937598743526,2240.15625,0.014570317847746515,margin-localized,83.70335832458557,99.70915054716733,100.0,4,TCGA-86-7713-01,TCGA-86-7713,Male,Stage IIA,70,0:LIVING,38.01,0,II,matched
TCGA-86-8054,TCGA-86-8054-01Z-00-DX1.2c4c08f6-be1c-46d1-a719-5983cade0c54,1,TCGA-86-8054-01,,2878895.7319829343,2.8788957319829342,102598.94259912208,729.65625,0.007111732650607683,101869.28634912208,29.43477959829154,2049.8457985265873,0.0199792097910386,margin-localized,97.85185518668139,98.55454629533662,99.76382553868342,2,TCGA-86-8054-01,TCGA-86-8054,Male,Stage IIB,61,0:LIVING,37.71,0,II,matched
TCGA-86-8054,TCGA-86-8054-01Z-00-DX1.2c4c08f6-be1c-46d1-a719-5983cade0c54,2,TCGA-86-8054-01,,1183015.8549320502,1.1830158549320502,6351.125,0.0,0.0,6351.125,12.654668111017372,107.8125,0.01697533901474148,margin-localized,81.93479501663091,100.0,100.0,3,TCGA-86-8054-01,TCGA-86-8054,Male,Stage IIB,61,0:LIVING,37.71,0,II,matched
TCGA-86-8054,TCGA-86-8054-01Z-00-DX1.2c4c08f6-be1c-46d1-a719-5983cade0c54,3,TCGA-86-8054-01,,170719.32258575663,0.17071932258575662,0.0,0.0,,0.0,,0.0,,immune-desert,,,,4,TCGA-86-8054-01,TCGA-86-8054,Male,Stage IIB,61,0:LIVING,37.71,0,II,matched
TCGA-86-8054,TCGA-86-8054-01Z-00-DX1.2c4c08f6-be1c-46d1-a719-5983cade0c54,4,TCGA-86-8054-01,,212670.13301574293,0.21267013301574295,0.0,0.0,,0.0,,0.0,,immune-desert,,,,5,TCGA-86-8054-01,TCGA-86-8054,Male,Stage IIB,61,0:LIVING,37.71,0,II,matched
TCGA-86-8054,TCGA-86-8054-01Z-00-DX1.2c4c08f6-be1c-46d1-a719-5983cade0c54,5,TCGA-86-8054-01,,270842.77298432274,0.27084277298432274,205.0,0.0,0.0,205.0,36.66257671318261,7.5625,0.03689024390243902,immune-desert,100.0,100.0,100.0,6,TCGA-86-8054-01,TCGA-86-8054,Male,Stage IIB,61,0:LIVING,37.71,0,II,matched
TCGA-86-8054,TCGA-86-8054-01Z-00-DX1.2c4c08f6-be1c-46d1-a719-5983cade0c54,6,TCGA-86-8054-01,,69424178.29915537,69.42417829915537,676335.4333906439,188413.13381019433,0.2785794215536375,487922.2995804496,27.911131292013227,12742.836289062174,0.01884100057449164,margin-localized,62.81015106260851,77.14919749426323,87.60656109206306,7,TCGA-86-8054-01,TCGA-86-8054,Male,Stage IIB,61,0:LIVING,37.71,0,II,matched
TCGA-86-8054,TCGA-86-8054-01Z-00-DX1.2c4c08f6-be1c-46d1-a719-5983cade0c54,7,TCGA-86-8054-01,,202798.32258575666,0.20279832258575667,100.25,0.0,0.0,100.25,37.428473452707095,0.0,0.0,immune-desert,100.0,100.0,100.0,8,TCGA-86-8054-01,TCGA-86-8054,Male,Stage IIB,61,0:LIVING,37.71,0,II,matched
TCGA-86-8054,TCGA-86-8054-01Z-00-DX1.2c4c08f6-be1c-46d1-a719-5983cade0c54,8,TCGA-86-8054-01,,282946.35436784115,0.28294635436784116,0.0,0.0,,0.0,,0.0,,immune-desert,,,,9,TCGA-86-8054-01,TCGA-86-8054,Male,Stage IIB,61,0:LIVING,37.71,0,II,matched
TCGA-86-8054,TCGA-86-8054-01Z-00-DX1.2c4c08f6-be1c-46d1-a719-5983cade0c54,9,TCGA-86-8054-01,,498851.39137178083,0.4988513913717808,175.5,0.0,0.0,175.5,16.371659964707305,0.0,0.0,immune-desert,100.0,100.0,100.0,10,TCGA-86-8054-01,TCGA-86-8054,Male,Stage IIB,61,0:LIVING,37.71,0,II,matched
TCGA-86-8054,TCGA-86-8054-01Z-00-DX1.2c4c08f6-be1c-46d1-a719-5983cade0c54,10,TCGA-86-8054-01,,8812682.810585553,8.812682810585553,268038.5824107103,10773.8125,0.04019500626775998,257264.76991071028,44.47106678785657,2232.3125,0.008328325272887287,margin-localized,50.82498529259304,89.21817822396692,98.64310049560386,11,TCGA-86-8054-01,TCGA-86-8054,Male,Stage IIB,61,0:LIVING,37.71,0,II,matched
TCGA-86-8054,TCGA-86-8054-01Z-00-DX1.2c4c08f6-be1c-46d1-a719-5983cade0c54,11,TCGA-86-8054-01,,486854.6317794859,0.4868546317794859,736.1875,327.15625,0.44439256303591135,409.03125,9.988274375486489,0.0,0.0,immune-desert,55.56074369640886,100.0,100.0,12,TCGA-86-8054-01,TCGA-86-8054,Male,Stage IIB,61,0:LIVING,37.71,0,II,matched
TCGA-86-8054,TCGA-86-8054-01Z-00-DX1.2c4c08f6-be1c-46d1-a719-5983cade0c54,12,TCGA-86-8054-01,,718959.4285871211,0.718959428587121,2616.8125,0.0,0.0,2616.8125,20.412637782756054,121.84375,0.04656189543576393,margin-localized,100.0,100.0,100.0,13,TCGA-86-8054-01,TCGA-86-8054,Male,Stage IIB,61,0:LIVING,37.71,0,II,matched
TCGA-86-8054,TCGA-86-8054-01Z-00-DX1.2c4c08f6-be1c-46d1-a719-5983cade0c54,13,TCGA-86-8054-01,,236321.77298432315,0.23632177298432314,0.0,0.0,,0.0,,0.0,,immune-desert,,,,14,TCGA-86-8054-01,TCGA-86-8054,Male,Stage IIB,61,0:LIVING,37.71,0,II,matched
TCGA-86-8076,TCGA-86-8076-01Z-00-DX1.e7378b2f-e20e-4d2f-a86c-3a8ead08a385,1,TCGA-86-8076-01,,242876.63177948576,0.24287663177948576,34695.684193729074,0.0,0.0,34695.684193729074,81.3552875774395,442.46875,0.012752846939965293,peritumoral,3.49070793138848,100.0,100.0,2,TCGA-86-8076-01,TCGA-86-8076,Male,Stage IA,42,0:LIVING,32.62,0,I,matched
TCGA-86-8076,TCGA-86-8076-01Z-00-DX1.e7378b2f-e20e-4d2f-a86c-3a8ead08a385,2,TCGA-86-8076-01,,4059953.384168804,4.0599533841688045,1651101.0769495103,42288.21875,0.025612132013219654,1608812.8581995105,90.2001610271806,8927.46875,0.005406978939468645,peritumoral,12.808813311487627,98.90721315114386,99.98771701793923,3,TCGA-86-8076-01,TCGA-86-8076,Male,Stage IA,42,0:LIVING,32.62,0,I,matched
TCGA-86-8076,TCGA-86-8076-01Z-00-DX1.e7378b2f-e20e-4d2f-a86c-3a8ead08a385,3,TCGA-86-8076-01,,66166488.35121014,66.16648835121013,17078470.75275059,2566561.9454371603,0.15028054810023317,14511908.807313427,58.4534693006549,656198.5434126221,0.03842255860683178,peritumoral,36.36058804199184,77.31405755774664,95.78540940667386,4,TCGA-86-8076-01,TCGA-86-8076,Male,Stage IA,42,0:LIVING,32.62,0,I,matched
TCGA-86-8076,TCGA-86-8076-01Z-00-DX1.e7378b2f-e20e-4d2f-a86c-3a8ead08a385,4,TCGA-86-8076-01,,1962027.8346136892,1.9620278346136892,28105.0,116.25,0.00413627468421989,27988.75,21.22682559875593,3113.4375,0.11077877601850204,margin-localized,64.79240793453123,100.0,100.0,5,TCGA-86-8076-01,TCGA-86-8076,Male,Stage IA,42,0:LIVING,32.62,0,I,matched
TCGA-86-8076,TCGA-86-8076-01Z-00-DX1.e7378b2f-e20e-4d2f-a86c-3a8ead08a385,5,TCGA-86-8076-01,,360313.301004635,0.360313301004635,32740.66485379824,0.0,0.0,32740.66485379824,47.97229281025108,10.224107448110487,0.0003122754987953273,margin-localized,62.35618884123895,88.97850271728082,100.0,6,TCGA-86-8076-01,TCGA-86-8076,Male,Stage IA,42,0:LIVING,32.62,0,I,matched
TCGA-86-8076,TCGA-86-8076-01Z-00-DX1.e7378b2f-e20e-4d2f-a86c-3a8ead08a385,6,TCGA-86-8076-01,,338790.806464392,0.33879080646439197,214264.64037142548,0.0,0.0,214264.64037142548,86.03433181003965,157.77371040808657,0.0007363497315030027,peritumoral,16.89828861244129,83.96439514707083,100.0,7,TCGA-86-8076-01,TCGA-86-8076,Male,Stage IA,42,0:LIVING,32.62,0,I,matched
TCGA-86-8076,TCGA-86-8076-01Z-00-DX1.e7378b2f-e20e-4d2f-a86c-3a8ead08a385,7,TCGA-86-8076-01,,278231.604765108,0.278231604765108,17430.47808880853,0.0,0.0,17430.47808880853,42.042575147105346,14.375,0.000824704860461037,margin-localized,79.39422242476198,79.39422242476198,100.0,8,TCGA-86-8076-01,TCGA-86-8076,Male,Stage IA,42,0:LIVING,32.62,0,I,matched
TCGA-86-8279,TCGA-86-8279-01Z-00-DX1.fd12b60e-d181-454b-a655-298a973a849d,1,TCGA-86-8279-01,,13900119.551143209,13.90011955114321,540495.2286897562,5458.375,0.010098840304718217,535036.8536897562,27.76154039314101,44196.65559643344,0.08177066743692252,margin-localized,69.75037111321603,88.81806415771794,99.11756465650008,2,TCGA-86-8279-01,TCGA-86-8279,Male,Stage IIA,46,0:LIVING,31.18,0,II,matched
TCGA-86-8279,TCGA-86-8279-01Z-00-DX1.fd12b60e-d181-454b-a655-298a973a849d,2,TCGA-86-8279-01,,1941577.519755919,1.941577519755919,50943.670788214244,388.5,0.007626070010052731,50555.170788214244,31.056903419368776,5237.2814317209395,0.10280534069666174,margin-localized,64.00816388707916,90.847550484959,100.0,3,TCGA-86-8279-01,TCGA-86-8279,Male,Stage IIA,46,0:LIVING,31.18,0,II,matched
TCGA-86-8279,TCGA-86-8279-01Z-00-DX1.fd12b60e-d181-454b-a655-298a973a849d,3,TCGA-86-8279-01,,2737035.9235825934,2.7370359235825936,5098.196303963044,0.0,0.0,5098.196303963044,39.67465343263883,277.75,0.054480052049799096,margin-localized,54.336006007588225,92.55873898193074,95.94474041670898,4,TCGA-86-8279-01,TCGA-86-8279,Male,Stage IIA,46,0:LIVING,31.18,0,II,matched
TCGA-86-8279,TCGA-86-8279-01Z-00-DX1.fd12b60e-d181-454b-a655-298a973a849d,4,TCGA-86-8279-01,,2221730.9894431843,2.2217309894431843,4056.3993470559944,0.0,0.0,4056.3993470559944,21.746048491622563,534.5868470559943,0.1317885152121377,margin-localized,65.83330728997703,95.52867002279655,100.0,5,TCGA-86-8279-01,TCGA-86-8279,Male,Stage IIA,46,0:LIVING,31.18,0,II,matched
TCGA-86-8279,TCGA-86-8279-01Z-00-DX1.fd12b60e-d181-454b-a655-298a973a849d,5,TCGA-86-8279-01,,126182338.24619743,126.18233824619743,3060608.87874694,154300.53125,0.05041497864084254,2906308.3474969403,30.763462500180307,126494.6811916506,0.04132990728414781,margin-localized,67.10186021723145,91.35279685386887,99.91023053537766,6,TCGA-86-8279-01,TCGA-86-8279,Male,Stage IIA,46,0:LIVING,31.18,0,II,matched
TCGA-86-8279,TCGA-86-8279-01Z-00-DX1.fd12b60e-d181-454b-a655-298a973a849d,6,TCGA-86-8279-01,,837962.2419778515,0.8379622419778515,6450.4966131283145,158.625,0.02459112987938943,6291.8716131283145,100.61327571449009,0.0,0.0,immune-excluded,9.533180728262906,35.17849300752529,99.76842868238084,7,TCGA-86-8279-01,TCGA-86-8279,Male,Stage IIA,46,0:LIVING,31.18,0,II,matched
TCGA-86-8279,TCGA-86-8279-01Z-00-DX1.fd12b60e-d181-454b-a655-298a973a849d,7,TCGA-86-8279-01,,385340.2660314862,0.3853402660314862,51343.345920291875,0.0,0.0,51343.345920291875,68.05386194037779,1738.96875,0.033869408368898804,peritumoral,39.30486261168568,99.20837405122565,100.0,8,TCGA-86-8279-01,TCGA-86-8279,Male,Stage IIA,46,0:LIVING,31.18,0,II,matched
TCGA-86-8281,TCGA-86-8281-01Z-00-DX1.02237263-003b-4de1-8a2f-0f3ad14768c7,1,TCGA-86-8281-01,,69068453.30359268,69.06845330359268,6609898.721103929,2046034.7075880417,0.30954100719508915,4563864.013515888,37.083362593621416,114676.13236873399,0.01734915120599333,immune-penetrated,49.30649371509155,72.92765985153733,91.41231263214881,2,TCGA-86-8281-01,TCGA-86-8281,Male,Stage IA,75,0:LIVING,0,0,I,matched
TCGA-86-8281,TCGA-86-8281-01Z-00-DX1.02237263-003b-4de1-8a2f-0f3ad14768c7,2,TCGA-86-8281-01,,158396.23348136872,0.15839623348136872,929.0909797062446,246.90625,0.2657503467293005,682.1847297062446,3.175047930107335,382.15347970624464,0.41131976098516426,immune-desert,91.45333969068278,100.0,100.0,3,TCGA-86-8281-01,TCGA-86-8281,Male,Stage IA,75,0:LIVING,0,0,I,matched
TCGA-86-8281,TCGA-86-8281-01Z-00-DX1.02237263-003b-4de1-8a2f-0f3ad14768c7,3,TCGA-86-8281-01,,586148.5898800003,0.5861485898800003,112854.41239150202,1115.165318056564,0.009881450750795247,111739.24707344547,35.817680689849254,1968.727818056564,0.017444845764885752,margin-localized,83.11210048487108,96.7395764263984,100.0,4,TCGA-86-8281-01,TCGA-86-8281,Male,Stage IA,75,0:LIVING,0,0,I,matched
TCGA-86-8358,TCGA-86-8358-01Z-00-DX1.C50100F8-9414-4A06-BEDF-93E7B01B24D6,1,TCGA-86-8358-01,,254200.08217805167,0.2542000821780517,1213.77598861671,19.46875,0.016039821336544746,1194.30723861671,13.834964763236659,155.625,0.1282155862857028,margin-localized,100.0,100.0,100.0,2,TCGA-86-8358-01,TCGA-86-8358,Male,Stage IB,44,0:LIVING,21.45,0,I,matched
TCGA-86-8358,TCGA-86-8358-01Z-00-DX1.C50100F8-9414-4A06-BEDF-93E7B01B24D6,2,TCGA-86-8358-01,,37926296.67312635,37.926296673126345,2780021.789659695,181701.34375,0.06535968330386441,2598320.445909695,36.68659496328325,54366.54896948962,0.01955615929763798,margin-localized,57.19147725235857,91.87842555053582,98.70128011668994,3,TCGA-86-8358-01,TCGA-86-8358,Male,Stage IB,44,0:LIVING,21.45,0,I,matched
TCGA-86-8358,TCGA-86-8358-01Z-00-DX1.C50100F8-9414-4A06-BEDF-93E7B01B24D6,3,TCGA-86-8358-01,,55991289.84089048,55.99128984089048,1881203.0468052174,112782.875,0.059952526225988886,1768420.1718052174,32.94929817158478,54036.55384348415,0.028724466471204465,margin-localized,63.76467035488904,93.21152314924036,99.12367347357356,4,TCGA-86-8358-01,TCGA-86-8358,Male,Stage IB,44,0:LIVING,21.45,0,I,matched
TCGA-86-8358,TCGA-86-8358-01Z-00-DX1.C50100F8-9414-4A06-BEDF-93E7B01B24D6,4,TCGA-86-8358-01,,305644.9275811872,0.3056449275811872,621.84375,481.875,0.7749133122267451,139.96875,5.125,0.0,0.0,immune-desert,97.60289461781998,100.0,100.0,5,TCGA-86-8358-01,TCGA-86-8358,Male,Stage IB,44,0:LIVING,21.45,0,I,matched
TCGA-86-8358,TCGA-86-8358-01Z-00-DX1.C50100F8-9414-4A06-BEDF-93E7B01B24D6,5,TCGA-86-8358-01,,3306739.9564802,3.3067399564802,288048.7578482481,1689.59375,0.005865651921644889,286359.1640982481,55.58794411785706,2133.21875,0.007405755768347515,peritumoral,42.58525334581337,82.68713697673924,99.84378133015174,6,TCGA-86-8358-01,TCGA-86-8358,Male,Stage IB,44,0:LIVING,21.45,0,I,matched
TCGA-86-8358,TCGA-86-8358-01Z-00-DX1.C50100F8-9414-4A06-BEDF-93E7B01B24D6,6,TCGA-86-8358-01,,841350.1191630695,0.8413501191630696,1464.15625,0.0,0.0,1464.15625,10.99094087191811,97.5625,0.06663394019593195,margin-localized,79.40580112266024,89.03592085885641,100.0,7,TCGA-86-8358-01,TCGA-86-8358,Male,Stage IB,44,0:LIVING,21.45,0,I,matched
TCGA-86-8358,TCGA-86-8358-01Z-00-DX1.C50100F8-9414-4A06-BEDF-93E7B01B24D6,7,TCGA-86-8358-01,,1430709.6806634502,1.43070968066345,108575.07352094851,0.0,0.0,108575.07352094851,43.89707421913219,1032.4649438517285,0.009509226292649246,margin-localized,59.16382532586005,98.99942492945094,100.0,8,TCGA-86-8358-01,TCGA-86-8358,Male,Stage IB,44,0:LIVING,21.45,0,I,matched
TCGA-86-8359,TCGA-86-8359-01Z-00-DX1.11B8FDC3-4B84-4A22-B89D-46EA76345F13,1,TCGA-86-8359-01,,19446725.35617961,19.44672535617961,8277145.4141244525,726772.384272411,0.08780471381259262,7550373.029852042,28.278193895650407,156967.39212200884,0.01896395245807249,margin-localized,67.06167940124391,87.34715628390181,99.15807321558826,2,TCGA-86-8359-01,TCGA-86-8359,Male,Stage IIIA,52,1:DECEASED,14.59,1,III,matched
TCGA-86-8359,TCGA-86-8359-01Z-00-DX1.11B8FDC3-4B84-4A22-B89D-46EA76345F13,2,TCGA-86-8359-01,,524749.7448803383,0.5247497448803383,105095.21971002247,7.90625,7.522939693941204e-05,105087.31346002246,37.75610444980212,1300.53125,0.012374789772440754,margin-localized,68.14698146834833,99.96758080645084,100.0,3,TCGA-86-8359-01,TCGA-86-8359,Male,Stage IIIA,52,1:DECEASED,14.59,1,III,matched
TCGA-86-8359,TCGA-86-8359-01Z-00-DX1.11B8FDC3-4B84-4A22-B89D-46EA76345F13,3,TCGA-86-8359-01,,348514021.83428997,348.51402183428996,36323479.251367524,1942888.677196201,0.0534885070824556,34380590.574171335,31.511220719769014,4416199.199590375,0.12157974099973122,margin-localized,62.549068934116825,92.68912762064726,98.8243887373337,4,TCGA-86-8359-01,TCGA-86-8359,Male,Stage IIIA,52,1:DECEASED,14.59,1,III,matched
TCGA-86-8359,TCGA-86-8359-01Z-00-DX1.11B8FDC3-4B84-4A22-B89D-46EA76345F13,4,TCGA-86-8359-01,,139311.54267509768,0.13931154267509768,29324.184566735843,0.0,0.0,29324.184566735843,46.646610273416435,396.0625,0.01350634317208865,margin-localized,70.60570800225726,89.93493950502153,100.0,5,TCGA-86-8359-01,TCGA-86-8359,Male,Stage IIIA,52,1:DECEASED,14.59,1,III,matched
TCGA-86-8359,TCGA-86-8359-01Z-00-DX1.11B8FDC3-4B84-4A22-B89D-46EA76345F13,5,TCGA-86-8359-01,,544199.2670733811,0.5441992670733811,43083.273525156976,0.0,0.0,43083.273525156976,34.876400061502906,324.96875,0.007542805441890246,margin-localized,58.356600145436325,94.16609335383698,100.0,6,TCGA-86-8359-01,TCGA-86-8359,Male,Stage IIIA,52,1:DECEASED,14.59,1,III,matched
TCGA-86-8359,TCGA-86-8359-01Z-00-DX1.11B8FDC3-4B84-4A22-B89D-46EA76345F13,6,TCGA-86-8359-01,,660712.7245588017,0.6607127245588017,126839.52259668864,0.0,0.0,126839.52259668864,46.97160877860157,168.1875,0.001325986542339689,margin-localized,52.86565853895503,84.78653401433071,99.70144360980913,7,TCGA-86-8359-01,TCGA-86-8359,Male,Stage IIIA,52,1:DECEASED,14.59,1,III,matched
TCGA-86-8359,TCGA-86-8359-01Z-00-DX1.11B8FDC3-4B84-4A22-B89D-46EA76345F13,7,TCGA-86-8359-01,,495848.4972706633,0.4958484972706633,123204.19115783853,14.84375,0.00012048088511034072,123189.34740783852,33.7094664004045,274.34375,0.00222674040080775,margin-localized,99.29093686405417,100.0,100.0,8,TCGA-86-8359-01,TCGA-86-8359,Male,Stage IIIA,52,1:DECEASED,14.59,1,III,matched
TCGA-86-8359,TCGA-86-8359-01Z-00-DX1.11B8FDC3-4B84-4A22-B89D-46EA76345F13,8,TCGA-86-8359-01,,273392.99181090604,0.27339299181090604,62026.21890763034,0.0,0.0,62026.21890763034,27.753659668591457,0.0,0.0,margin-localized,65.84591364269279,81.4043442633231,100.0,9,TCGA-86-8359-01,TCGA-86-8359,Male,Stage IIIA,52,1:DECEASED,14.59,1,III,matched
TCGA-86-8359,TCGA-86-8359-01Z-00-DX1.11B8FDC3-4B84-4A22-B89D-46EA76345F13,9,TCGA-86-8359-01,,357835.40476380865,0.35783540476380865,9205.768249302766,0.0,0.0,9205.768249302766,81.9056240437737,41.8125,0.004541989203689418,peritumoral,13.89617862796936,50.83906507677764,98.4413523745477,10,TCGA-86-8359-01,TCGA-86-8359,Male,Stage IIIA,52,1:DECEASED,14.59,1,III,matched
TCGA-86-8359,TCGA-86-8359-01Z-00-DX1.11B8FDC3-4B84-4A22-B89D-46EA76345F13,10,TCGA-86-8359-01,,372360.335977785,0.372360335977785,2928.1875,0.0,0.0,2928.1875,21.12943740377391,97.21875,0.03320099891144266,margin-localized,71.0112911143839,75.76572538473032,100.0,11,TCGA-86-8359-01,TCGA-86-8359,Male,Stage IIIA,52,1:DECEASED,14.59,1,III,matched
TCGA-86-8359,TCGA-86-8359-01Z-00-DX1.11B8FDC3-4B84-4A22-B89D-46EA76345F13,11,TCGA-86-8359-01,,437361.7997683784,0.43736179976837836,41980.23286555473,0.0,0.0,41980.23286555473,27.727750089035354,1089.84375,0.025960879099701933,margin-localized,59.92877580759964,79.34321175954699,93.63352607576209,12,TCGA-86-8359-01,TCGA-86-8359,Male,Stage IIIA,52,1:DECEASED,14.59,1,III,matched
TCGA-86-8669,TCGA-86-8669-01Z-00-DX1.845b8b4e-6445-4da1-8275-42b765c024cc,1,TCGA-86-8669-01,,233270256.97809753,233.27025697809754,14464940.003090482,5725932.478522873,0.395849030642333,8739007.52456761,41.26879306752258,93942.39156600929,0.006494488850001327,immune-penetrated,40.37848848128285,66.12730147219463,83.70638609937782,2,TCGA-86-8669-01,TCGA-86-8669,Male,Stage IA,64,0:LIVING,30.81,0,I,matched
TCGA-86-8669,TCGA-86-8669-01Z-00-DX1.845b8b4e-6445-4da1-8275-42b765c024cc,2,TCGA-86-8669-01,,755713.5965760151,0.7557135965760151,222091.68645569286,632.46875,0.0028477821934418833,221459.21770569286,51.625,454.2579223402314,0.002045362118634979,peritumoral,40.23155232900692,79.92216417096742,99.95512832938937,3,TCGA-86-8669-01,TCGA-86-8669,Male,Stage IA,64,0:LIVING,30.81,0,I,matched
TCGA-86-8669,TCGA-86-8669-01Z-00-DX1.845b8b4e-6445-4da1-8275-42b765c024cc,3,TCGA-86-8669-01,,177555.33597778465,0.17755533597778464,11728.408273074343,0.0,0.0,11728.408273074343,44.34276998564704,236.125,0.020132740479548897,margin-localized,62.92786990493623,97.740167847504,100.0,4,TCGA-86-8669-01,TCGA-86-8669,Male,Stage IA,64,0:LIVING,30.81,0,I,matched
TCGA-86-8672,TCGA-86-8672-01Z-00-DX1.94ca1954-921d-4ef6-a078-4e0fcb09157f,1,TCGA-86-8672-01,,11438192.784388809,11.438192784388809,209567.00708371395,0.0625,2.9823396759697795e-07,209566.94458371395,55.88059256128195,1843.9375,0.00879879674601364,peritumoral,44.638898466073854,94.45244468579614,100.0,2,TCGA-86-8672-01,TCGA-86-8672,Male,Stage IIB,59,1:DECEASED,0.62,1,II,matched
TCGA-86-8672,TCGA-86-8672-01Z-00-DX1.94ca1954-921d-4ef6-a078-4e0fcb09157f,2,TCGA-86-8672-01,,437735.1848858688,0.4377351848858688,32796.25223959704,0.0,0.0,32796.25223959704,73.43470739371132,18.40625,0.0005612302852634163,peritumoral,20.88532878223956,98.65002692458252,100.0,3,TCGA-86-8672-01,TCGA-86-8672,Male,Stage IIB,59,1:DECEASED,0.62,1,II,matched
TCGA-86-8672,TCGA-86-8672-01Z-00-DX1.94ca1954-921d-4ef6-a078-4e0fcb09157f,3,TCGA-86-8672-01,,528873.3744558826,0.5288733744558826,22860.18269496008,0.0,0.0,22860.18269496008,29.929604908852372,142.65625,0.006240381011104125,margin-localized,99.96432115128371,100.0,100.0,4,TCGA-86-8672-01,TCGA-86-8672,Male,Stage IIB,59,1:DECEASED,0.62,1,II,matched
TCGA-86-8672,TCGA-86-8672-01Z-00-DX1.94ca1954-921d-4ef6-a078-4e0fcb09157f,4,TCGA-86-8672-01,,427250.0978122709,0.4272500978122709,16145.485713678034,0.0,0.0,16145.485713678034,24.154774372781876,2063.7283233685957,0.12782076426603003,margin-localized,95.70506882049055,98.22763926044308,100.0,5,TCGA-86-8672-01,TCGA-86-8672,Male,Stage IIB,59,1:DECEASED,0.62,1,II,matched
TCGA-86-8672,TCGA-86-8672-01Z-00-DX1.94ca1954-921d-4ef6-a078-4e0fcb09157f,5,TCGA-86-8672-01,,219224.99181090618,0.21922499181090618,12113.25,0.0,0.0,12113.25,75.49141093528455,80.25,0.006624976781623429,peritumoral,16.170825335892513,99.18297112665883,100.0,6,TCGA-86-8672-01,TCGA-86-8672,Male,Stage IIB,59,1:DECEASED,0.62,1,II,matched
TCGA-86-8672,TCGA-86-8672-01Z-00-DX1.94ca1954-921d-4ef6-a078-4e0fcb09157f,6,TCGA-86-8672-01,,147689938.0982818,147.6899380982818,3472087.8955919584,153616.53125,0.04424327259831935,3318471.3643419584,41.11150994551283,83172.42067996542,0.02395458386452665,margin-localized,59.48585439450852,95.52062681004311,98.56192796664534,7,TCGA-86-8672-01,TCGA-86-8672,Male,Stage IIB,59,1:DECEASED,0.62,1,II,matched
TCGA-86-8672,TCGA-86-8672-01Z-00-DX1.94ca1954-921d-4ef6-a078-4e0fcb09157f,7,TCGA-86-8672-01,,949560.0767145187,0.9495600767145187,18104.090321117725,0.0,0.0,18104.090321117725,24.905210925627593,85.875,0.0047434032020835706,margin-localized,62.035036738861606,96.62459572209023,97.99619548916392,8,TCGA-86-8672-01,TCGA-86-8672,Male,Stage IIB,59,1:DECEASED,0.62,1,II,matched
TCGA-86-8672,TCGA-86-8672-01Z-00-DX1.94ca1954-921d-4ef6-a078-4e0fcb09157f,8,TCGA-86-8672-01,,217518.23677491592,0.2175182367749159,1298.90625,0.0,0.0,1298.90625,65.81531926535037,0.0,0.0,peritumoral,7.19836400817996,100.0,100.0,9,TCGA-86-8672-01,TCGA-86-8672,Male,Stage IIB,59,1:DECEASED,0.62,1,II,matched
TCGA-86-8672,TCGA-86-8672-01Z-00-DX1.94ca1954-921d-4ef6-a078-4e0fcb09157f,9,TCGA-86-8672-01,,201800.77298432248,0.20180077298432247,3288.8125,0.0,0.0,3288.8125,23.125,7.3125,0.0022234469128294787,margin-localized,100.0,100.0,100.0,10,TCGA-86-8672-01,TCGA-86-8672,Male,Stage IIB,59,1:DECEASED,0.62,1,II,matched
TCGA-86-8672,TCGA-86-8672-01Z-00-DX1.94ca1954-921d-4ef6-a078-4e0fcb09157f,10,TCGA-86-8672-01,,2248943.0378736574,2.2489430378736572,155442.68012266434,0.0,0.0,155442.68012266434,45.895601641115896,736.1875,0.004736070552946289,margin-localized,62.63423493571258,96.6941230301263,100.0,11,TCGA-86-8672-01,TCGA-86-8672,Male,Stage IIB,59,1:DECEASED,0.62,1,II,matched
TCGA-86-8672,TCGA-86-8672-01Z-00-DX1.94ca1954-921d-4ef6-a078-4e0fcb09157f,11,TCGA-86-8672-01,,3897891.0824208357,3.897891082420836,203610.8850813364,0.0,0.0,203610.8850813364,69.79268966911935,792.125,0.003890386310552945,peritumoral,33.45207410489216,76.60534116956208,78.96146637243277,12,TCGA-86-8672-01,TCGA-86-8672,Male,Stage IIB,59,1:DECEASED,0.62,1,II,matched
TCGA-86-8672,TCGA-86-8672-01Z-00-DX1.94ca1954-921d-4ef6-a078-4e0fcb09157f,12,TCGA-86-8672-01,,692999.3830707439,0.6929993830707438,30739.045047465916,259.65625,0.008447115048598613,30479.388797465916,41.39331165780288,283.78125,0.009231947497451438,margin-localized,91.33112030986192,100.0,100.0,13,TCGA-86-8672-01,TCGA-86-8672,Male,Stage IIB,59,1:DECEASED,0.62,1,II,matched
TCGA-86-8673,TCGA-86-8673-01Z-00-DX1.21191041-c10e-4166-ad00-1243656feaa7,1,TCGA-86-8673-01,,111560245.56038179,111.56024556038179,1173745.832005254,133630.96875,0.1138500049211692,1040114.8632552542,27.665694009006895,61888.40258826711,0.052727260792513796,margin-localized,72.79125243644326,95.94991831915073,98.60016808562978,2,TCGA-86-8673-01,TCGA-86-8673,Male,Stage IB,61,0:LIVING,28.32,0,I,matched
TCGA-86-8673,TCGA-86-8673-01Z-00-DX1.21191041-c10e-4166-ad00-1243656feaa7,2,TCGA-86-8673-01,,33142542.813590653,33.14254281359065,262424.0166835085,53873.6875,0.2052925192627218,208550.32918350853,22.345651142895793,9594.90625,0.036562607231074254,margin-localized,73.55875828071544,88.06426677789584,96.81089831038855,3,TCGA-86-8673-01,TCGA-86-8673,Male,Stage IB,61,0:LIVING,28.32,0,I,matched
TCGA-86-8673,TCGA-86-8673-01Z-00-DX1.21191041-c10e-4166-ad00-1243656feaa7,3,TCGA-86-8673-01,,278842.0821780514,0.2788420821780514,3643.0729508488594,61.6875,0.016932820405264302,3581.3854508488594,52.39170378027422,9.15625,0.0025133314988563527,peritumoral,43.43259856027089,75.11458699204039,100.0,4,TCGA-86-8673-01,TCGA-86-8673,Male,Stage IB,61,0:LIVING,28.32,0,I,matched
TCGA-86-8673,TCGA-86-8673-01Z-00-DX1.21191041-c10e-4166-ad00-1243656feaa7,4,TCGA-86-8673-01,,294105.4556014998,0.2941054556014998,0.0,0.0,,0.0,,0.0,,immune-desert,,,,5,TCGA-86-8673-01,TCGA-86-8673,Male,Stage IB,61,0:LIVING,28.32,0,I,matched
TCGA-86-8673,TCGA-86-8673-01Z-00-DX1.21191041-c10e-4166-ad00-1243656feaa7,5,TCGA-86-8673-01,,1662906.4284568506,1.6629064284568507,48782.90258509555,0.0,0.0,48782.90258509555,68.21469754507572,51.21875,0.0010499324002022107,peritumoral,28.41454901518128,74.62935546784253,99.77972722694956,6,TCGA-86-8673-01,TCGA-86-8673,Male,Stage IB,61,0:LIVING,28.32,0,I,matched
TCGA-86-8673,TCGA-86-8673-01Z-00-DX1.21191041-c10e-4166-ad00-1243656feaa7,6,TCGA-86-8673-01,,288721.082178052,0.288721082178052,473.0625,0.0,0.0,473.0625,30.62372446323275,0.0,0.0,immune-desert,100.0,100.0,100.0,7,TCGA-86-8673-01,TCGA-86-8673,Male,Stage IB,61,0:LIVING,28.32,0,I,matched
TCGA-86-8673,TCGA-86-8673-01Z-00-DX1.21191041-c10e-4166-ad00-1243656feaa7,7,TCGA-86-8673-01,,244039.92758118725,0.24403992758118725,506.71875,0.0,0.0,506.71875,25.75910033366849,40.3125,0.07955596669750231,immune-desert,100.0,100.0,100.0,8,TCGA-86-8673-01,TCGA-86-8673,Male,Stage IB,61,0:LIVING,28.32,0,I,matched
TCGA-86-8673,TCGA-86-8673-01Z-00-DX1.21191041-c10e-4166-ad00-1243656feaa7,8,TCGA-86-8673-01,,1062822.648234738,1.062822648234738,9975.53125,2594.5625,0.26009266423780686,7380.96875,24.187419250511205,35.4375,0.0035524423824545687,margin-localized,94.46301418784088,99.48843576626558,100.0,9,TCGA-86-8673-01,TCGA-86-8673,Male,Stage IB,61,0:LIVING,28.32,0,I,matched
TCGA-86-8673,TCGA-86-8673-01Z-00-DX1.21191041-c10e-4166-ad00-1243656feaa7,9,TCGA-86-8673-01,,263466.51566071925,0.26346651566071927,1524.59375,140.21875,0.09197122184188411,1384.375,27.52101469786316,8.90625,0.0058417201303625965,margin-localized,87.18511078770985,100.0,100.0,10,TCGA-86-8673-01,TCGA-86-8673,Male,Stage IB,61,0:LIVING,28.32,0,I,matched
TCGA-86-8673,TCGA-86-8673-01Z-00-DX1.21191041-c10e-4166-ad00-1243656feaa7,10,TCGA-86-8673-01,,210905.85060606943,0.21090585060606942,386.2354034530153,0.0,0.0,386.2354034530153,20.854691826252314,0.0,0.0,immune-desert,100.0,100.0,100.0,11,TCGA-86-8673-01,TCGA-86-8673,Male,Stage IB,61,0:LIVING,28.32,0,I,matched
TCGA-86-8673,TCGA-86-8673-01Z-00-DX1.21191041-c10e-4166-ad00-1243656feaa7,11,TCGA-86-8673-01,,196032.54267509773,0.19603254267509773,1384.25,721.21875,0.5210176991150443,663.03125,29.625,87.15625,0.06296279573776413,immune-penetrated,34.2197941123352,100.0,100.0,12,TCGA-86-8673-01,TCGA-86-8673,Male,Stage IB,61,0:LIVING,28.32,0,I,matched
TCGA-86-8673,TCGA-86-8673-01Z-00-DX1.21191041-c10e-4166-ad00-1243656feaa7,12,TCGA-86-8673-01,,163001.1679888923,0.1630011679888923,1600.625,0.0,0.0,1600.625,14.325049083685542,129.6875,0.08102303787582975,margin-localized,72.37797735259664,100.0,100.0,13,TCGA-86-8673-01,TCGA-86-8673,Male,Stage IB,61,0:LIVING,28.32,0,I,matched
TCGA-86-8673,TCGA-86-8673-01Z-00-DX1.21191041-c10e-4166-ad00-1243656feaa7,13,TCGA-86-8673-01,,382405.08217805205,0.382405082178052,3919.03125,36.96875,0.009433134782990056,3882.0625,19.423427381644053,318.96875,0.08138969292475022,margin-localized,100.0,100.0,100.0,14,TCGA-86-8673-01,TCGA-86-8673,Male,Stage IB,61,0:LIVING,28.32,0,I,matched
TCGA-86-8674,TCGA-86-8674-01Z-00-DX1.9fcaae4e-4062-45ab-a49d-7dba43040919,1,TCGA-86-8674-01,,89048766.25160411,89.0487662516041,727302.6995942178,11078.9375,0.015232911284642893,716223.7620942177,60.75835847848426,28045.4375,0.03856088739344336,peritumoral,36.185647821981966,71.60493394725309,99.70508108254899,2,TCGA-86-8674-01,TCGA-86-8674,Male,Stage IIA,50,0:LIVING,26.48,0,II,matched
TCGA-86-8674,TCGA-86-8674-01Z-00-DX1.9fcaae4e-4062-45ab-a49d-7dba43040919,2,TCGA-86-8674-01,,2360642.076812403,2.360642076812403,27429.791792804084,34.78125,0.0012680099893840424,27395.010542804088,39.70090226684125,256.9375,0.009367096255809162,margin-localized,54.21324500889049,86.54608284255528,100.0,3,TCGA-86-8674-01,TCGA-86-8674,Male,Stage IIA,50,0:LIVING,26.48,0,II,matched
TCGA-86-8674,TCGA-86-8674-01Z-00-DX1.9fcaae4e-4062-45ab-a49d-7dba43040919,3,TCGA-86-8674-01,,296439.2367749169,0.2964392367749169,23993.143532449125,0.0,0.0,23993.143532449125,56.403852095845366,82.8125,0.003451506881038811,peritumoral,30.677123404215635,99.86037677824628,100.0,4,TCGA-86-8674-01,TCGA-86-8674,Male,Stage IIA,50,0:LIVING,26.48,0,II,matched
TCGA-86-A4D0,TCGA-86-A4D0-01Z-00-DX1.165461AD-A8DA-4B7B-87CE-F5DBDBD2C0A7,1,TCGA-86-A4D0-01,,4398101.680619466,4.398101680619466,2402.25,27.96875,0.011642730773233427,2374.28125,13.139872526017898,15.84375,0.006595379331876366,margin-localized,92.730773233427,96.28993651784785,100.0,2,TCGA-86-A4D0-01,TCGA-86-A4D0,Male,Stage IIA,48,1:DECEASED,3.81,1,II,matched
TCGA-86-A4D0,TCGA-86-A4D0-01Z-00-DX1.165461AD-A8DA-4B7B-87CE-F5DBDBD2C0A7,2,TCGA-86-A4D0-01,,343474.94234596594,0.34347494234596593,0.0,0.0,,0.0,,0.0,,immune-desert,,,,3,TCGA-86-A4D0-01,TCGA-86-A4D0,Male,Stage IIA,48,1:DECEASED,3.81,1,II,matched
TCGA-86-A4D0,TCGA-86-A4D0-01Z-00-DX1.165461AD-A8DA-4B7B-87CE-F5DBDBD2C0A7,3,TCGA-86-A4D0-01,,10422178.93959676,10.422178939596758,25744.919755217714,0.0,0.0,25744.919755217714,38.96492814057277,153.0,0.005942920057810301,margin-localized,75.26630567987232,88.40117862627045,98.18107318083563,4,TCGA-86-A4D0-01,TCGA-86-A4D0,Male,Stage IIA,48,1:DECEASED,3.81,1,II,matched
TCGA-86-A4D0,TCGA-86-A4D0-01Z-00-DX1.165461AD-A8DA-4B7B-87CE-F5DBDBD2C0A7,4,TCGA-86-A4D0-01,,185730015.66900632,185.73001566900632,1490885.7713318341,7669.78125,0.005144445937765206,1483215.9900818341,50.47926554537021,24007.89130404422,0.016103105795018457,peritumoral,48.84114349144572,85.19879252903675,99.54028369873106,5,TCGA-86-A4D0-01,TCGA-86-A4D0,Male,Stage IIA,48,1:DECEASED,3.81,1,II,matched
TCGA-86-A4D0,TCGA-86-A4D0-01Z-00-DX1.165461AD-A8DA-4B7B-87CE-F5DBDBD2C0A7,5,TCGA-86-A4D0-01,,105296.44891173037,0.10529644891173037,0.0,0.0,,0.0,,0.0,,immune-desert,,,,6,TCGA-86-A4D0-01,TCGA-86-A4D0,Male,Stage IIA,48,1:DECEASED,3.81,1,II,matched
TCGA-86-A4D0,TCGA-86-A4D0-01Z-00-DX1.165461AD-A8DA-4B7B-87CE-F5DBDBD2C0A7,6,TCGA-86-A4D0-01,,305104.0481503904,0.3051040481503904,7285.63280792092,0.0,0.0,7285.63280792092,39.98534887930828,92.40625,0.012683352625119425,margin-localized,94.25538918808846,96.70198517637662,100.0,7,TCGA-86-A4D0-01,TCGA-86-A4D0,Male,Stage IIA,48,1:DECEASED,3.81,1,II,matched
TCGA-86-A4D0,TCGA-86-A4D0-01Z-00-DX1.165461AD-A8DA-4B7B-87CE-F5DBDBD2C0A7,7,TCGA-86-A4D0-01,,1698337.4522850804,1.6983374522850805,29867.984168500934,0.0,0.0,29867.984168500934,65.94055087728643,287.875,0.009638246705098892,peritumoral,28.558035449459474,99.4215168689482,100.0,8,TCGA-86-A4D0-01,TCGA-86-A4D0,Male,Stage IIA,48,1:DECEASED,3.81,1,II,matched
TCGA-86-A4D0,TCGA-86-A4D0-01Z-00-DX1.165461AD-A8DA-4B7B-87CE-F5DBDBD2C0A7,8,TCGA-86-A4D0-01,,956911.2949253815,0.9569112949253815,21524.006111802617,0.0,0.0,21524.006111802617,76.98670745654732,42.96875,0.00199631749669678,peritumoral,40.08571725935288,98.14748645364423,99.90119692946973,9,TCGA-86-A4D0-01,TCGA-86-A4D0,Male,Stage IIA,48,1:DECEASED,3.81,1,II,matched
TCGA-86-A4D0,TCGA-86-A4D0-01Z-00-DX1.165461AD-A8DA-4B7B-87CE-F5DBDBD2C0A7,9,TCGA-86-A4D0-01,,153188.59307541806,0.15318859307541807,126.5625,0.0,0.0,126.5625,8.705242673240075,0.0,0.0,immune-desert,100.0,100.0,100.0,10,TCGA-86-A4D0-01,TCGA-86-A4D0,Male,Stage IIA,48,1:DECEASED,3.81,1,II,matched
TCGA-91-A4BD,TCGA-91-A4BD-01Z-00-DX1.2E575CAC-6AEB-4049-972A-EA43457A9C9D,1,TCGA-91-A4BD-01,,37076108.253210306,37.07610825321031,1095058.0132014796,470994.53125,0.43010920478360243,624063.4819514796,40.325627707451744,32706.53125,0.029867395933097774,immune-penetrated,41.35088960656336,80.12189503882023,91.1289288942789,2,TCGA-91-A4BD-01,TCGA-91-A4BD,Male,Stage IIA,78,0:LIVING,19.81,0,II,matched
TCGA-91-A4BD,TCGA-91-A4BD-01Z-00-DX1.2E575CAC-6AEB-4049-972A-EA43457A9C9D,2,TCGA-91-A4BD-01,,3569343.5088138836,3.569343508813884,47126.625,21210.5,0.4500746658603284,25916.125,11.90719320410986,2629.125,0.0557885271860652,immune-penetrated,59.310952142233816,72.16004487908904,100.0,3,TCGA-91-A4BD-01,TCGA-91-A4BD,Male,Stage IIA,78,0:LIVING,19.81,0,II,matched
TCGA-91-A4BD,TCGA-91-A4BD-01Z-00-DX1.2E575CAC-6AEB-4049-972A-EA43457A9C9D,3,TCGA-91-A4BD-01,,36219360.74477937,36.21936074477937,1064093.236918675,470177.40625,0.4418573391289527,593915.830668675,36.25474106927258,20374.625,0.01914740578466543,immune-penetrated,56.36707609648476,73.989595006983,88.00854609606432,4,TCGA-91-A4BD-01,TCGA-91-A4BD,Male,Stage IIA,78,0:LIVING,19.81,0,II,matched
TCGA-91-A4BD,TCGA-91-A4BD-01Z-00-DX1.2E575CAC-6AEB-4049-972A-EA43457A9C9D,4,TCGA-91-A4BD-01,,3697548.494049103,3.697548494049103,62451.375,14663.71875,0.23480217609300036,47787.65625,17.99522506110996,12331.59375,0.19745912319784792,margin-localized,86.57280364123288,99.85603799756211,100.0,5,TCGA-91-A4BD-01,TCGA-91-A4BD,Male,Stage IIA,78,0:LIVING,19.81,0,II,matched
TCGA-93-8067,TCGA-93-8067-01Z-00-DX1.325d0cd5-9bb5-4f51-a197-75d3c3d19aaf,1,TCGA-93-8067-01,,86654699.19928047,86.65469919928047,2037108.359080579,74341.3125,0.03649354840090732,1962767.0465805787,109.75,42502.78827341097,0.020864274639074195,immune-excluded,23.007347570308234,49.32528440108797,82.81634501412286,2,TCGA-93-8067-01,TCGA-93-8067,Male,Stage IB,77,0:LIVING,6.11,0,I,matched
TCGA-93-8067,TCGA-93-8067-01Z-00-DX1.325d0cd5-9bb5-4f51-a197-75d3c3d19aaf,2,TCGA-93-8067-01,,91169568.26591846,91.16956826591846,2280249.454821815,192731.9428097397,0.08452230627758239,2087517.512012075,37.025540171616676,82689.5990597397,0.03626340042966979,margin-localized,56.51669493051751,83.37012321818166,95.00839195587301,3,TCGA-93-8067-01,TCGA-93-8067,Male,Stage IB,77,0:LIVING,6.11,0,I,matched
TCGA-93-8067,TCGA-93-8067-01Z-00-DX1.325d0cd5-9bb5-4f51-a197-75d3c3d19aaf,3,TCGA-93-8067-01,,200637.4771826216,0.2006374771826216,27432.650790716354,0.0,0.0,27432.650790716354,116.82513424212289,0.0,0.0,immune-excluded,0.0,3.7240066874825075,98.84753228456245,4,TCGA-93-8067-01,TCGA-93-8067,Male,Stage IB,77,0:LIVING,6.11,0,I,matched
TCGA-93-8067,TCGA-93-8067-01Z-00-DX1.325d0cd5-9bb5-4f51-a197-75d3c3d19aaf,4,TCGA-93-8067-01,,1373425.0035374057,1.3734250035374058,2709.359803093146,19.3125,0.007128067663051561,2690.047303093146,121.18537259607696,0.0,0.0,immune-excluded,1.1637896880289684,33.84622640544946,100.0,5,TCGA-93-8067-01,TCGA-93-8067,Male,Stage IB,77,0:LIVING,6.11,0,I,matched
TCGA-93-8067,TCGA-93-8067-01Z-00-DX1.325d0cd5-9bb5-4f51-a197-75d3c3d19aaf,5,TCGA-93-8067-01,,145404.01339202767,0.14540401339202766,283.75,0.0,0.0,283.75,69.76859071244021,0.0,0.0,immune-desert,0.0,100.0,100.0,6,TCGA-93-8067-01,TCGA-93-8067,Male,Stage IB,77,0:LIVING,6.11,0,I,matched
TCGA-93-8067,TCGA-93-8067-01Z-00-DX1.325d0cd5-9bb5-4f51-a197-75d3c3d19aaf,6,TCGA-93-8067-01,,4578033.578406687,4.578033578406687,28240.752695667572,350.0,0.012393437376536132,27890.752695667572,108.55940554023866,0.0,0.0,immune-excluded,7.78296801677383,31.211775021208275,99.45745514770395,7,TCGA-93-8067-01,TCGA-93-8067,Male,Stage IB,77,0:LIVING,6.11,0,I,matched
TCGA-93-8067,TCGA-93-8067-01Z-00-DX1.325d0cd5-9bb5-4f51-a197-75d3c3d19aaf,7,TCGA-93-8067-01,,615098.5058198683,0.6150985058198682,57121.76112910997,79.5,0.0013917638116988274,57042.26112910997,41.474766424899855,1483.71875,0.025974667458981377,margin-localized,69.78382319524478,82.61240914737677,100.0,8,TCGA-93-8067-01,TCGA-93-8067,Male,Stage IB,77,0:LIVING,6.11,0,I,matched
TCGA-93-8067,TCGA-93-8067-01Z-00-DX1.325d0cd5-9bb5-4f51-a197-75d3c3d19aaf,8,TCGA-93-8067-01,,307984.0131617048,0.3079840131617048,57869.38271054489,0.0,0.0,57869.38271054489,39.62519716039278,1944.3125,0.03359829341407006,margin-localized,91.29446017601308,95.4469350996143,100.0,9,TCGA-93-8067-01,TCGA-93-8067,Male,Stage IB,77,0:LIVING,6.11,0,I,matched
TCGA-93-A4JN,TCGA-93-A4JN-01Z-00-DX1.ED4C9365-6CCF-4AEE-B4C9-3CC5EC57286C,1,TCGA-93-A4JN-01,,19338625.67683552,19.33862567683552,3214950.9451174005,42813.75,0.013317077221667084,3172137.195117401,32.03788041131935,134566.68293351852,0.04185652758960045,margin-localized,74.05526586328854,95.69043607859538,99.9361109441383,2,TCGA-93-A4JN-01,TCGA-93-A4JN,Male,Stage IV,71,0:LIVING,23.59,0,IV,matched
TCGA-93-A4JN,TCGA-93-A4JN-01Z-00-DX1.ED4C9365-6CCF-4AEE-B4C9-3CC5EC57286C,2,TCGA-93-A4JN-01,,104181.20113977487,0.10418120113977487,8344.14889520371,60.03125,0.0071944126062403425,8284.11764520371,19.733379082154176,369.5075612878082,0.04428343332897671,margin-localized,88.21966533326136,100.0,100.0,3,TCGA-93-A4JN-01,TCGA-93-A4JN,Male,Stage IV,71,0:LIVING,23.59,0,IV,matched
TCGA-93-A4JN,TCGA-93-A4JN-01Z-00-DX1.ED4C9365-6CCF-4AEE-B4C9-3CC5EC57286C,3,TCGA-93-A4JN-01,,338908.52009920863,0.33890852009920863,14880.070579957435,23.8125,0.0016002948287136495,14856.258079957435,15.809905913698538,619.3206648701278,0.04162081500502529,margin-localized,97.66592168945886,100.0,100.0,4,TCGA-93-A4JN-01,TCGA-93-A4JN,Male,Stage IV,71,0:LIVING,23.59,0,IV,matched
TCGA-93-A4JN,TCGA-93-A4JN-01Z-00-DX1.ED4C9365-6CCF-4AEE-B4C9-3CC5EC57286C,4,TCGA-93-A4JN-01,,1532653.713839342,1.532653713839342,83428.98113690392,7610.6875,0.09122354601827318,75818.29363690392,32.625,3009.7821995855484,0.0360759793368039,margin-localized,72.02118206764509,90.82070381405747,100.0,5,TCGA-93-A4JN-01,TCGA-93-A4JN,Male,Stage IV,71,0:LIVING,23.59,0,IV,matched
TCGA-93-A4JN,TCGA-93-A4JN-01Z-00-DX1.ED4C9365-6CCF-4AEE-B4C9-3CC5EC57286C,5,TCGA-93-A4JN-01,,219994.36880861493,0.21999436880861492,4620.877072350328,0.0,0.0,4620.877072350328,7.302610834489265,1350.59375,0.29228082220179996,margin-localized,84.08991781956695,85.25159925157647,100.0,6,TCGA-93-A4JN-01,TCGA-93-A4JN,Male,Stage IV,71,0:LIVING,23.59,0,IV,matched
TCGA-93-A4JN,TCGA-93-A4JN-01Z-00-DX1.ED4C9365-6CCF-4AEE-B4C9-3CC5EC57286C,6,TCGA-93-A4JN-01,,69188636.69567257,69.18863669567257,5014902.263649971,221084.90625,0.0440855862441253,4793817.357399971,40.534900086221995,125580.46111499086,0.025041457343096905,margin-localized,58.56405972371637,91.00208387129061,99.85190239810198,7,TCGA-93-A4JN-01,TCGA-93-A4JN,Male,Stage IV,71,0:LIVING,23.59,0,IV,matched
TCGA-93-A4JN,TCGA-93-A4JN-01Z-00-DX1.ED4C9365-6CCF-4AEE-B4C9-3CC5EC57286C,7,TCGA-93-A4JN-01,,1504445.6478247494,1.5044456478247494,5488.875,131.90625,0.024031563845050216,5356.96875,17.665733072816423,1178.375,0.21468424768281297,margin-localized,86.96795791487327,100.0,100.0,8,TCGA-93-A4JN-01,TCGA-93-A4JN,Male,Stage IV,71,0:LIVING,23.59,0,IV,matched
TCGA-93-A4JN,TCGA-93-A4JN-01Z-00-DX1.ED4C9365-6CCF-4AEE-B4C9-3CC5EC57286C,8,TCGA-93-A4JN-01,,88411813.7632479,88.4118137632479,8530245.353624487,670767.28125,0.07863399626190026,7859478.072374487,45.89815491934289,277717.1748143536,0.03255676282468851,margin-localized,50.85971205736617,83.96990888460655,98.82944497479228,9,TCGA-93-A4JN-01,TCGA-93-A4JN,Male,Stage IV,71,0:LIVING,23.59,0,IV,matched
TCGA-93-A4JN,TCGA-93-A4JN-01Z-00-DX1.ED4C9365-6CCF-4AEE-B4C9-3CC5EC57286C,9,TCGA-93-A4JN-01,,111789.04844885823,0.11178904844885823,21813.95903013368,6.53125,0.00029940690687911206,21807.42778013368,55.91780379494531,0.0,0.0,peritumoral,4.278167933931648,98.39350445490265,99.94225801421804,10,TCGA-93-A4JN-01,TCGA-93-A4JN,Male,Stage IV,71,0:LIVING,23.59,0,IV,matched
TCGA-93-A4JN,TCGA-93-A4JN-01Z-00-DX1.ED4C9365-6CCF-4AEE-B4C9-3CC5EC57286C,10,TCGA-93-A4JN-01,,38787076.267730296,38.7870762677303,3480875.303674981,255252.90625,0.07333009199741033,3225622.397424981,32.625,100210.95025681544,0.02878900894582934,margin-localized,64.54878661972833,90.92574545625648,98.73366492822586,11,TCGA-93-A4JN-01,TCGA-93-A4JN,Male,Stage IV,71,0:LIVING,23.59,0,IV,matched
TCGA-93-A4JN,TCGA-93-A4JN-01Z-00-DX1.ED4C9365-6CCF-4AEE-B4C9-3CC5EC57286C,11,TCGA-93-A4JN-01,,312340.9203807092,0.3123409203807092,269.89487452251154,22.96875,0.08510257944184935,246.92612452251154,43.570651299247466,0.0,0.0,immune-desert,91.48974205581506,100.0,100.0,12,TCGA-93-A4JN-01,TCGA-93-A4JN,Male,Stage IV,71,0:LIVING,23.59,0,IV,matched
TCGA-93-A4JN,TCGA-93-A4JN-01Z-00-DX1.ED4C9365-6CCF-4AEE-B4C9-3CC5EC57286C,12,TCGA-93-A4JN-01,,317292.3473026179,0.3172923473026179,1691.40625,9.65625,0.005709006928406466,1681.75,29.966908832911013,489.5,0.2894041570438799,margin-localized,94.02124711316398,94.03787528868361,100.0,13,TCGA-93-A4JN-01,TCGA-93-A4JN,Male,Stage IV,71,0:LIVING,23.59,0,IV,matched
TCGA-93-A4JN,TCGA-93-A4JN-01Z-00-DX1.ED4C9365-6CCF-4AEE-B4C9-3CC5EC57286C,13,TCGA-93-A4JN-01,,4641802.220807783,4.641802220807783,626939.7598058917,42758.53125,0.06820197727328471,584181.2285558917,17.125,15302.514990825941,0.024408270095301964,margin-localized,82.75592833706928,99.7819762673571,100.0,14,TCGA-93-A4JN-01,TCGA-93-A4JN,Male,Stage IV,71,0:LIVING,23.59,0,IV,matched
TCGA-93-A4JO,TCGA-93-A4JO-01Z-00-DX1.314C53B6-603C-402B-8CF7-E3CE851A0A0F,1,TCGA-93-A4JO-01,,2422655.8156088125,2.4226558156088127,52463.026904314356,0.0,0.0,52463.026904314356,28.295869839960744,556.845432514545,0.01061405460897553,margin-localized,87.01674341992913,95.95214331317185,100.0,2,TCGA-93-A4JO-01,TCGA-93-A4JO,Male,Stage IA,70,1:DECEASED,1.08,1,I,matched
TCGA-93-A4JO,TCGA-93-A4JO-01Z-00-DX1.314C53B6-603C-402B-8CF7-E3CE851A0A0F,2,TCGA-93-A4JO-01,,69395922.25855413,69.39592225855414,9024522.439379007,129422.65625,0.01434121939630368,8895099.783129005,60.51562298282981,140035.28259188397,0.015517195899567184,peritumoral,44.98381374735757,69.26008259866353,92.45335278126961,3,TCGA-93-A4JO-01,TCGA-93-A4JO,Male,Stage IA,70,1:DECEASED,1.08,1,I,matched
TCGA-93-A4JO,TCGA-93-A4JO-01Z-00-DX1.314C53B6-603C-402B-8CF7-E3CE851A0A0F,3,TCGA-93-A4JO-01,,992468.5505159205,0.9924685505159205,33818.9562365578,0.0,0.0,33818.9562365578,52.81205621115315,1015.466145234846,0.030026537132956863,peritumoral,45.52729391284851,89.92640225083878,100.0,4,TCGA-93-A4JO-01,TCGA-93-A4JO,Male,Stage IA,70,1:DECEASED,1.08,1,I,matched
TCGA-93-A4JO,TCGA-93-A4JO-01Z-00-DX1.314C53B6-603C-402B-8CF7-E3CE851A0A0F,4,TCGA-93-A4JO-01,,5790484.667017203,5.7904846670172025,90872.0843995553,502.09375,0.00552528043477406,90369.99064955532,20.375,4303.859099692436,0.04736172971194108,margin-localized,83.84989159278355,95.6429006210941,99.26796538160708,5,TCGA-93-A4JO-01,TCGA-93-A4JO,Male,Stage IA,70,1:DECEASED,1.08,1,I,matched
TCGA-93-A4JO,TCGA-93-A4JO-01Z-00-DX1.314C53B6-603C-402B-8CF7-E3CE851A0A0F,5,TCGA-93-A4JO-01,,223423.58548432268,0.22342358548432267,2728.28125,0.0,0.0,2728.28125,4.328773642730698,2507.03125,0.9189049882595498,margin-localized,100.0,100.0,100.0,6,TCGA-93-A4JO-01,TCGA-93-A4JO,Male,Stage IA,70,1:DECEASED,1.08,1,I,matched
TCGA-93-A4JO,TCGA-93-A4JO-01Z-00-DX1.314C53B6-603C-402B-8CF7-E3CE851A0A0F,6,TCGA-93-A4JO-01,,4715540.960563325,4.715540960563326,67263.56583738168,334.125,0.004967399450808037,66929.44083738168,27.5096573951767,1050.3125,0.015614879867345503,margin-localized,67.68994828729859,96.5644012159764,99.74642661613812,7,TCGA-93-A4JO-01,TCGA-93-A4JO,Male,Stage IA,70,1:DECEASED,1.08,1,I,matched
TCGA-93-A4JO,TCGA-93-A4JO-01Z-00-DX1.314C53B6-603C-402B-8CF7-E3CE851A0A0F,7,TCGA-93-A4JO-01,,636217.3373838061,0.6362173373838061,16254.198424955013,0.0,0.0,16254.198424955013,105.66057093353226,23.21875,0.0014284770859172198,immune-excluded,0.241476072666491,31.984428663171,100.0,8,TCGA-93-A4JO-01,TCGA-93-A4JO,Male,Stage IA,70,1:DECEASED,1.08,1,I,matched
TCGA-93-A4JO,TCGA-93-A4JO-01Z-00-DX1.314C53B6-603C-402B-8CF7-E3CE851A0A0F,8,TCGA-93-A4JO-01,,275667.45717805176,0.27566745717805174,0.0,0.0,,0.0,,0.0,,immune-desert,,,,9,TCGA-93-A4JO-01,TCGA-93-A4JO,Male,Stage IA,70,1:DECEASED,1.08,1,I,matched
TCGA-93-A4JO,TCGA-93-A4JO-01Z-00-DX1.314C53B6-603C-402B-8CF7-E3CE851A0A0F,9,TCGA-93-A4JO-01,,209309.434614886,0.20930943461488602,0.0,0.0,,0.0,,0.0,,immune-desert,,,,10,TCGA-93-A4JO-01,TCGA-93-A4JO,Male,Stage IA,70,1:DECEASED,1.08,1,I,matched
TCGA-95-7562,TCGA-95-7562-01Z-00-DX1.C722891A-C5C6-4F0D-A73F-259FA8DB2394,1,TCGA-95-7562-01,,598779.7959686446,0.5987797959686445,26853.46875,0.0,0.0,26853.46875,24.280666820538517,38.3125,0.0014267244338778393,margin-localized,94.27494818523212,100.0,100.0,2,TCGA-95-7562-01,TCGA-95-7562,Male,Stage IIA,71,1:DECEASED,2.86,1,II,matched
TCGA-95-7562,TCGA-95-7562-01Z-00-DX1.C722891A-C5C6-4F0D-A73F-259FA8DB2394,2,TCGA-95-7562-01,,191165.61838745806,0.19116561838745805,6580.3153369462925,0.0,0.0,6580.3153369462925,16.313338101075452,255.75,0.03886591856229874,margin-localized,93.38415064160088,96.34610975784058,100.0,3,TCGA-95-7562-01,TCGA-95-7562,Male,Stage IIA,71,1:DECEASED,2.86,1,II,matched
TCGA-95-7562,TCGA-95-7562-01Z-00-DX1.C722891A-C5C6-4F0D-A73F-259FA8DB2394,3,TCGA-95-7562-01,,282513.4816449966,0.2825134816449966,46668.2169879853,0.0,0.0,46668.2169879853,60.721958548782005,1593.84375,0.03415266005149359,peritumoral,43.62530476897297,59.762157076698365,100.0,4,TCGA-95-7562-01,TCGA-95-7562,Male,Stage IIA,71,1:DECEASED,2.86,1,II,matched
TCGA-95-7562,TCGA-95-7562-01Z-00-DX1.C722891A-C5C6-4F0D-A73F-259FA8DB2394,4,TCGA-95-7562-01,,250646.56786132362,0.2506465678613236,12513.509056450781,188.125,0.01503375265493739,12325.384056450781,15.975078247069716,1114.375,0.08905375742110754,margin-localized,90.27343928101973,99.63414538804844,100.0,5,TCGA-95-7562-01,TCGA-95-7562,Male,Stage IIA,71,1:DECEASED,2.86,1,II,matched
TCGA-95-7562,TCGA-95-7562-01Z-00-DX1.C722891A-C5C6-4F0D-A73F-259FA8DB2394,5,TCGA-95-7562-01,,211543.92758118687,0.21154392758118687,10555.820177444773,0.0,0.0,10555.820177444773,20.030055541610462,349.53125,0.03311265672627348,margin-localized,90.35486245728292,97.99371700809235,100.0,6,TCGA-95-7562-01,TCGA-95-7562,Male,Stage IIA,71,1:DECEASED,2.86,1,II,matched
TCGA-95-7562,TCGA-95-7562-01Z-00-DX1.C722891A-C5C6-4F0D-A73F-259FA8DB2394,6,TCGA-95-7562-01,,182085.1439138105,0.1820851439138105,4568.5293400547425,0.0,0.0,4568.5293400547425,18.736661922551733,45.748090054742825,0.010013745485586539,margin-localized,100.0,100.0,100.0,7,TCGA-95-7562-01,TCGA-95-7562,Male,Stage IIA,71,1:DECEASED,2.86,1,II,matched
TCGA-95-7562,TCGA-95-7562-01Z-00-DX1.C722891A-C5C6-4F0D-A73F-259FA8DB2394,7,TCGA-95-7562-01,,174335.57885566232,0.1743355788556623,40296.668971955405,0.0,0.0,40296.668971955405,86.2078928013555,19.40625,0.0004815844707537946,peritumoral,2.4638421224687317,94.93282860686216,100.0,8,TCGA-95-7562-01,TCGA-95-7562,Male,Stage IIA,71,1:DECEASED,2.86,1,II,matched
TCGA-95-7562,TCGA-95-7562-01Z-00-DX1.C722891A-C5C6-4F0D-A73F-259FA8DB2394,8,TCGA-95-7562-01,,204839.6742587979,0.2048396742587979,3580.0108464695522,0.0,0.0,3580.0108464695522,15.291439598677425,447.96875,0.12513055664112496,margin-localized,54.99015497128676,77.3446915447244,100.0,9,TCGA-95-7562-01,TCGA-95-7562,Male,Stage IIA,71,1:DECEASED,2.86,1,II,matched
TCGA-95-7562,TCGA-95-7562-01Z-00-DX1.C722891A-C5C6-4F0D-A73F-259FA8DB2394,9,TCGA-95-7562-01,,122931751.05389144,122.93175105389143,9908700.329610266,712577.2603403211,0.07191430123392868,9196123.069269946,49.429123816329174,267277.7845328225,0.026974050646593247,margin-localized,54.33472681299219,95.35276843916026,99.33351849331007,10,TCGA-95-7562-01,TCGA-95-7562,Male,Stage IIA,71,1:DECEASED,2.86,1,II,matched
TCGA-95-7562,TCGA-95-7562-01Z-00-DX1.C722891A-C5C6-4F0D-A73F-259FA8DB2394,10,TCGA-95-7562-01,,249335.33217805208,0.24933533217805207,3957.34375,0.0,0.0,3957.34375,7.837460127490282,1737.90625,0.4391597899474869,margin-localized,100.0,100.0,100.0,11,TCGA-95-7562-01,TCGA-95-7562,Male,Stage IIA,71,1:DECEASED,2.86,1,II,matched
TCGA-95-7562,TCGA-95-7562-01Z-00-DX1.C722891A-C5C6-4F0D-A73F-259FA8DB2394,11,TCGA-95-7562-01,,530312.7224581885,0.5303127224581885,790.1875,0.0,0.0,790.1875,44.23746291323678,0.0,0.0,immune-desert,90.41366764217354,90.41366764217354,100.0,12,TCGA-95-7562-01,TCGA-95-7562,Male,Stage IIA,71,1:DECEASED,2.86,1,II,matched
TCGA-95-7562,TCGA-95-7562-01Z-00-DX1.C722891A-C5C6-4F0D-A73F-259FA8DB2394,12,TCGA-95-7562-01,,3939628.779839293,3.939628779839293,152206.6946661901,212.84375,0.0013983862567070074,151993.8509161901,39.077247216251045,2972.5625,0.019529774997868735,margin-localized,78.21021360298676,92.03342787088454,98.69560599528543,13,TCGA-95-7562-01,TCGA-95-7562,Male,Stage IIA,71,1:DECEASED,2.86,1,II,matched
TCGA-95-7562,TCGA-95-7562-01Z-00-DX1.C722891A-C5C6-4F0D-A73F-259FA8DB2394,13,TCGA-95-7562-01,,246370.1183874584,0.2463701183874584,518.71875,0.0,0.0,518.71875,6.920305267833204,0.0,0.0,immune-desert,100.0,100.0,100.0,14,TCGA-95-7562-01,TCGA-95-7562,Male,Stage IIA,71,1:DECEASED,2.86,1,II,matched
TCGA-95-7562,TCGA-95-7562-01Z-00-DX1.C722891A-C5C6-4F0D-A73F-259FA8DB2394,14,TCGA-95-7562-01,,264587.5821780517,0.2645875821780517,0.0,0.0,,0.0,,0.0,,immune-desert,,,,15,TCGA-95-7562-01,TCGA-95-7562,Male,Stage IIA,71,1:DECEASED,2.86,1,II,matched
TCGA-95-7562,TCGA-95-7562-01Z-00-DX1.C722891A-C5C6-4F0D-A73F-259FA8DB2394,15,TCGA-95-7562-01,,851585.1051623743,0.8515851051623743,21466.03125,21272.875,0.9910017716945232,193.15625,5.55090082779363,20.28125,0.0009448066931329004,immune-penetrated,0.8998228305476821,18.458815017331162,100.0,16,TCGA-95-7562-01,TCGA-95-7562,Male,Stage IIA,71,1:DECEASED,2.86,1,II,matched
TCGA-95-7562,TCGA-95-7562-01Z-00-DX1.C722891A-C5C6-4F0D-A73F-259FA8DB2394,16,TCGA-95-7562-01,,249335.33217805234,0.24933533217805234,4431.90625,0.0,0.0,4431.90625,47.54635895628602,53.4375,0.012057452704465487,margin-localized,91.69022923262422,100.0,100.0,17,TCGA-95-7562-01,TCGA-95-7562,Male,Stage IIA,71,1:DECEASED,2.86,1,II,matched
TCGA-95-7562,TCGA-95-7562-01Z-00-DX1.C722891A-C5C6-4F0D-A73F-259FA8DB2394,17,TCGA-95-7562-01,,441764.436248783,0.44176443624878303,40752.76009609146,0.0,0.0,40752.76009609146,28.823276184361834,5307.84375,0.13024501254601079,margin-localized,68.99409114991887,98.17515878812704,100.0,18,TCGA-95-7562-01,TCGA-95-7562,Male,Stage IIA,71,1:DECEASED,2.86,1,II,matched
TCGA-95-7562,TCGA-95-7562-01Z-00-DX1.C722891A-C5C6-4F0D-A73F-259FA8DB2394,18,TCGA-95-7562-01,,452740.2367749163,0.4527402367749163,1080.2543875018805,977.46875,0.9048505253104546,102.78563750188039,220.6806443478846,0.0,0.0,immune-penetrated,0.5785674256277085,91.06361995667316,91.06361995667316,19,TCGA-95-7562-01,TCGA-95-7562,Male,Stage IIA,71,1:DECEASED,2.86,1,II,matched
TCGA-95-7562,TCGA-95-7562-01Z-00-DX1.C722891A-C5C6-4F0D-A73F-259FA8DB2394,19,TCGA-95-7562-01,,256400.92425879787,0.25640092425879785,1369.7131895403602,0.0,0.0,1369.7131895403602,4.375,754.15625,0.5505942818971284,margin-localized,100.0,100.0,100.0,20,TCGA-95-7562-01,TCGA-95-7562,Male,Stage IIA,71,1:DECEASED,2.86,1,II,matched
TCGA-95-7562,TCGA-95-7562-01Z-00-DX1.C722891A-C5C6-4F0D-A73F-259FA8DB2394,20,TCGA-95-7562-01,,406812.31786132423,0.4068123178613242,3696.8301831379295,0.0,0.0,3696.8301831379295,13.723269471958933,353.15625,0.09552947593071079,margin-localized,92.07550337383189,99.07691188641415,100.0,21,TCGA-95-7562-01,TCGA-95-7562,Male,Stage IIA,71,1:DECEASED,2.86,1,II,matched
TCGA-95-7562,TCGA-95-7562-01Z-00-DX1.C722891A-C5C6-4F0D-A73F-259FA8DB2394,21,TCGA-95-7562-01,,692430.3239043154,0.6924303239043154,7150.28681045964,8.9375,0.0012499498603225222,7141.34931045964,22.9375,311.0,0.043494758775978117,margin-localized,77.2967245441825,99.95665473928813,100.0,22,TCGA-95-7562-01,TCGA-95-7562,Male,Stage IIA,71,1:DECEASED,2.86,1,II,matched
TCGA-95-7562,TCGA-95-7562-01Z-00-DX1.C722891A-C5C6-4F0D-A73F-259FA8DB2394,22,TCGA-95-7562-01,,331281.475178791,0.331281475178791,2109.3782822753383,0.0,0.0,2109.3782822753383,15.637495003996005,131.0,0.062103607067905,margin-localized,96.64593114499674,100.0,100.0,23,TCGA-95-7562-01,TCGA-95-7562,Male,Stage IIA,71,1:DECEASED,2.86,1,II,matched
TCGA-95-7562,TCGA-95-7562-01Z-00-DX1.C722891A-C5C6-4F0D-A73F-259FA8DB2394,23,TCGA-95-7562-01,,266748.4275811878,0.26674842758118783,3807.625,0.0,0.0,3807.625,15.624999999999998,89.375,0.02347263714257575,margin-localized,77.7403893503168,100.0,100.0,24,TCGA-95-7562-01,TCGA-95-7562,Male,Stage IIA,71,1:DECEASED,2.86,1,II,matched
TCGA-95-7562,TCGA-95-7562-01Z-00-DX1.C722891A-C5C6-4F0D-A73F-259FA8DB2394,24,TCGA-95-7562-01,,681454.5233781824,0.6814545233781825,25467.262817398157,0.0,0.0,25467.262817398157,39.766702465756445,1014.78125,0.03984649851364255,margin-localized,72.22156813347422,98.7017646836623,100.0,25,TCGA-95-7562-01,TCGA-95-7562,Male,Stage IIA,71,1:DECEASED,2.86,1,II,matched
TCGA-95-7562,TCGA-95-7562-01Z-00-DX1.C722891A-C5C6-4F0D-A73F-259FA8DB2394,25,TCGA-95-7562-01,,3633763.007375237,3.633763007375237,5077.502777416405,0.0,0.0,5077.502777416405,27.244265451650556,450.71875,0.08876779979416183,margin-localized,91.67769480509435,91.94726629722388,99.88916249457439,26,TCGA-95-7562-01,TCGA-95-7562,Male,Stage IIA,71,1:DECEASED,2.86,1,II,matched
TCGA-95-7562,TCGA-95-7562-01Z-00-DX1.C722891A-C5C6-4F0D-A73F-259FA8DB2394,26,TCGA-95-7562-01,,172174.73345252735,0.17217473345252735,3333.0,0.0,0.0,3333.0,102.61953776571984,0.0,0.0,immune-excluded,4.227610261026102,11.173304830483048,99.37462496249626,27,TCGA-95-7562-01,TCGA-95-7562,Male,Stage IIA,71,1:DECEASED,2.86,1,II,matched
TCGA-95-7562,TCGA-95-7562-01Z-00-DX1.C722891A-C5C6-4F0D-A73F-259FA8DB2394,27,TCGA-95-7562-01,,2593773.698297803,2.593773698297803,133590.43014166708,804.40625,0.0060214361848147414,132786.02389166708,29.0,1161.4901532960603,0.008694411359139636,margin-localized,61.98597931292934,99.95632640007362,100.0,28,TCGA-95-7562-01,TCGA-95-7562,Male,Stage IIA,71,1:DECEASED,2.86,1,II,matched
TCGA-95-7562,TCGA-95-7562-01Z-00-DX1.C722891A-C5C6-4F0D-A73F-259FA8DB2394,28,TCGA-95-7562-01,,5118273.96204363,5.11827396204363,9257.59375,0.0,0.0,9257.59375,17.344397510435467,280.5,0.030299450113589182,margin-localized,93.621452658797,100.0,100.0,29,TCGA-95-7562-01,TCGA-95-7562,Male,Stage IIA,71,1:DECEASED,2.86,1,II,matched
TCGA-95-7944,TCGA-95-7944-01Z-00-DX1.E66A3565-7B0D-412B-9C0C-81D7397E8B87,1,TCGA-95-7944-01,,57290041.94196474,57.29004194196474,10051295.164077058,2163691.666084828,0.21526496145668655,7887603.497992232,29.088765013317428,290902.6313330269,0.02894180566626893,margin-localized,71.84723671109717,82.61389513993285,92.82082730165405,2,TCGA-95-7944-01,TCGA-95-7944,Male,Stage IA,71,0:LIVING,12.39,0,I,matched
TCGA-95-7944,TCGA-95-7944-01Z-00-DX1.E66A3565-7B0D-412B-9C0C-81D7397E8B87,2,TCGA-95-7944-01,,8350006.589894272,8.350006589894273,4534887.157373142,207500.6720671837,0.045756523782474794,4327386.485305958,29.191180174840483,49531.921277634894,0.010922415389565399,margin-localized,85.85592313718439,99.28022102430182,100.0,3,TCGA-95-7944-01,TCGA-95-7944,Male,Stage IA,71,0:LIVING,12.39,0,I,matched
TCGA-95-7944,TCGA-95-7944-01Z-00-DX1.E66A3565-7B0D-412B-9C0C-81D7397E8B87,3,TCGA-95-7944-01,,29090376.84848454,29.09037684848454,7472644.918951999,376549.1922306188,0.05039034991153145,7096095.726721382,18.083573347101506,253505.91655417983,0.03392452328508776,margin-localized,83.00385368500794,95.63664045546932,99.61129175748152,4,TCGA-95-7944-01,TCGA-95-7944,Male,Stage IA,71,0:LIVING,12.39,0,I,matched
TCGA-95-7944,TCGA-95-7944-01Z-00-DX1.E66A3565-7B0D-412B-9C0C-81D7397E8B87,4,TCGA-95-7944-01,,211543.9275811874,0.2115439275811874,0.0,0.0,,0.0,,0.0,,immune-desert,,,,5,TCGA-95-7944-01,TCGA-95-7944,Male,Stage IA,71,0:LIVING,12.39,0,I,matched
TCGA-95-7944,TCGA-95-7944-01Z-00-DX1.E66A3565-7B0D-412B-9C0C-81D7397E8B87,5,TCGA-95-7944-01,,5305671.415841605,5.305671415841605,858724.0236610217,21247.3125,0.024742888185910705,837476.7111610217,86.78601557854813,19546.96875,0.02276280645633375,peritumoral,17.361011920705828,93.48835518399683,99.92069993021776,6,TCGA-95-7944-01,TCGA-95-7944,Male,Stage IA,71,0:LIVING,12.39,0,I,matched
TCGA-95-7944,TCGA-95-7944-01Z-00-DX1.E66A3565-7B0D-412B-9C0C-81D7397E8B87,6,TCGA-95-7944-01,,568929.9193074509,0.5689299193074508,300185.30091998854,844.65625,0.0028137828448340143,299340.64466998854,30.85936318976101,1902.78125,0.006338688950353261,margin-localized,99.9999583590537,100.0,100.0,7,TCGA-95-7944-01,TCGA-95-7944,Male,Stage IA,71,0:LIVING,12.39,0,I,matched
TCGA-95-8039,TCGA-95-8039-01Z-00-DX1.38b07435-987d-495d-9940-ba5f20e6ef97,1,TCGA-95-8039-01,,22246906.69108118,22.246906691081183,1883161.5578501492,282604.1639511374,0.15006899581879918,1600557.393899012,22.978930566934572,68798.46860034141,0.03653349247362662,margin-localized,78.66950813555476,94.26584783416241,96.46101626426132,2,TCGA-95-8039-01,TCGA-95-8039,Male,Stage IA,72,0:LIVING,27.27,0,I,matched
TCGA-97-7552,TCGA-97-7552-01Z-00-DX1.a5ab8959-ff7a-4287-b014-87439957fb67,1,TCGA-97-7552-01,,7569410.43752066,7.56941043752066,642293.1726153847,41224.0625,0.06418262603062982,601069.1101153847,48.06278445949631,25936.09001332964,0.04038045415883719,margin-localized,57.184221257337555,79.14082739821112,94.61463450192666,2,TCGA-97-7552-01,TCGA-97-7552,Male,Stage IB,70,0:LIVING,63.47,0,I,matched
TCGA-97-7552,TCGA-97-7552-01Z-00-DX1.a5ab8959-ff7a-4287-b014-87439957fb67,2,TCGA-97-7552-01,,19523595.21739003,19.52359521739003,2727793.549372361,674037.9733265429,0.24710006865498765,2053755.5760458182,43.28773642730698,135737.05402040048,0.04976075042469114,margin-localized,62.774949725216004,95.99619560603524,99.61382249758513,3,TCGA-97-7552-01,TCGA-97-7552,Male,Stage IB,70,0:LIVING,63.47,0,I,matched
TCGA-97-7552,TCGA-97-7552-01Z-00-DX1.a5ab8959-ff7a-4287-b014-87439957fb67,3,TCGA-97-7552-01,,287773.1158884437,0.28777311588844373,138835.00441911732,309.34375,0.0022281394472113687,138525.6606691173,12.440228099134815,494.8839683469786,0.003564547503113948,margin-localized,100.0,100.0,100.0,4,TCGA-97-7552-01,TCGA-97-7552,Male,Stage IB,70,0:LIVING,63.47,0,I,matched
TCGA-97-8171,TCGA-97-8171-01Z-00-DX1.a55cbfd1-6674-4206-b3e0-2a4f12a74e5d,1,TCGA-97-8171-01,,959885.2348904614,0.9598852348904614,52618.71125287676,576.875,0.010963305376819946,52041.83625287676,16.810060231896852,2912.78125,0.05535637762015224,margin-localized,94.59572631792685,98.2876227116145,100.0,2,TCGA-97-8171-01,TCGA-97-8171,Male,Stage IV,81,0:LIVING,18.66,0,IV,matched
TCGA-97-8171,TCGA-97-8171-01Z-00-DX1.a55cbfd1-6674-4206-b3e0-2a4f12a74e5d,2,TCGA-97-8171-01,,248647346.70442015,248.64734670442016,13557423.721124373,5070717.847527875,0.3740178039598322,8486705.8735965,16.262014789072108,840842.9589524845,0.06202085117708115,immune-penetrated,57.853502146323756,75.1288372724821,85.93177059130494,3,TCGA-97-8171-01,TCGA-97-8171,Male,Stage IV,81,0:LIVING,18.66,0,IV,matched
TCGA-97-8171,TCGA-97-8171-01Z-00-DX1.a55cbfd1-6674-4206-b3e0-2a4f12a74e5d,3,TCGA-97-8171-01,,433224.99327585014,0.4332249932758501,8473.532359829984,0.0,0.0,8473.532359829984,87.55605347433152,0.0,0.0,peritumoral,43.54035711824467,90.37848296071957,100.0,4,TCGA-97-8171-01,TCGA-97-8171,Male,Stage IV,81,0:LIVING,18.66,0,IV,matched
TCGA-97-8171,TCGA-97-8171-01Z-00-DX1.a55cbfd1-6674-4206-b3e0-2a4f12a74e5d,4,TCGA-97-8171-01,,866140.7345820452,0.8661407345820452,113574.90491116559,204.71875,0.0018024998582224128,113370.18616116558,125.62655471674769,1154.6875,0.010166748551567418,immune-excluded,14.034719539354757,23.00984787007444,100.0,5,TCGA-97-8171-01,TCGA-97-8171,Male,Stage IV,81,0:LIVING,18.66,0,IV,matched
TCGA-97-8179,TCGA-97-8179-01Z-00-DX1.5501338a-dd89-4c41-8267-5baaaea71643,1,TCGA-97-8179-01,,2148091.388945031,2.148091388945031,599509.5352757697,828.25,0.0013815459992959271,598681.2852757697,35.00736529646297,34757.55918155055,0.05797665781172662,margin-localized,64.09539944065283,93.67203212432003,99.98768785220972,2,TCGA-97-8179-01,TCGA-97-8179,Male,Stage IA,72,0:LIVING,14.29,0,I,matched
TCGA-97-8179,TCGA-97-8179-01Z-00-DX1.5501338a-dd89-4c41-8267-5baaaea71643,2,TCGA-97-8179-01,,686169.1236305126,0.6861691236305126,230170.9113466253,503.4375,0.002187233378251909,229667.4738466253,16.06870016522805,32266.82674942539,0.14018637959352406,margin-localized,84.62843387693583,99.20945517736224,100.0,3,TCGA-97-8179-01,TCGA-97-8179,Male,Stage IA,72,0:LIVING,14.29,0,I,matched
TCGA-97-8179,TCGA-97-8179-01Z-00-DX1.5501338a-dd89-4c41-8267-5baaaea71643,3,TCGA-97-8179-01,,804571.1618967346,0.8045711618967346,226312.3248134084,183.0625,0.0008088931972703329,226129.26231340837,58.12513440844675,1923.03125,0.008497244909597896,peritumoral,31.682025984111604,96.33302121841054,100.0,4,TCGA-97-8179-01,TCGA-97-8179,Male,Stage IA,72,0:LIVING,14.29,0,I,matched
TCGA-97-8179,TCGA-97-8179-01Z-00-DX1.5501338a-dd89-4c41-8267-5baaaea71643,4,TCGA-97-8179-01,,34860401.5603417,34.8604015603417,2267852.211197148,174439.5625,0.07691839954946504,2093412.6486971476,29.041793698909164,99664.83145708483,0.043946792901674143,margin-localized,66.66653086386927,96.26339550039611,99.12156024913084,5,TCGA-97-8179-01,TCGA-97-8179,Male,Stage IA,72,0:LIVING,14.29,0,I,matched
TCGA-97-8179,TCGA-97-8179-01Z-00-DX1.5501338a-dd89-4c41-8267-5baaaea71643,5,TCGA-97-8179-01,,35597198.855497025,35.59719885549703,2197686.144231732,127202.96875,0.05788040711994736,2070483.1754817322,30.109435813379168,95318.12321150232,0.04337203629448356,margin-localized,74.4832500598892,86.25449687630994,99.52062578693425,6,TCGA-97-8179-01,TCGA-97-8179,Male,Stage IA,72,0:LIVING,14.29,0,I,matched
TCGA-97-A4M2,TCGA-97-A4M2-01Z-00-DX1.5C72522C-1538-4D68-B517-5FB05A9D401A,1,TCGA-97-A4M2-01,,24656903.66160709,24.65690366160709,5347386.493712557,252748.5426120851,0.047265807868809594,5094637.951100472,42.65596382687889,49141.38669614435,0.009189795193207872,margin-localized,62.95818139541066,94.13767447699747,99.97150866302107,2,TCGA-97-A4M2-01,TCGA-97-A4M2,Male,Stage IA,66,0:LIVING,20.5,0,I,matched
TCGA-97-A4M2,TCGA-97-A4M2-01Z-00-DX1.5C72522C-1538-4D68-B517-5FB05A9D401A,2,TCGA-97-A4M2-01,,761737.512551267,0.7617375125512671,225306.48945779479,4772.53125,0.021182395862121884,220533.95820779476,31.394976210374807,5156.834948426467,0.022888088846604055,margin-localized,99.86024592511394,99.93134352216295,100.0,3,TCGA-97-A4M2-01,TCGA-97-A4M2,Male,Stage IA,66,0:LIVING,20.5,0,I,matched
TCGA-97-A4M2,TCGA-97-A4M2-01Z-00-DX1.5C72522C-1538-4D68-B517-5FB05A9D401A,3,TCGA-97-A4M2-01,,872817.3807854523,0.8728173807854523,537063.198205162,373290.2631991972,0.6950583552302865,163772.9350059648,30.98033650559658,372682.2631991972,0.6939262724474186,immune-penetrated,91.14046699741908,99.83424101309615,100.0,4,TCGA-97-A4M2-01,TCGA-97-A4M2,Male,Stage IA,66,0:LIVING,20.5,0,I,matched
TCGA-97-A4M5,TCGA-97-A4M5-01Z-00-DX1.283AFBA6-A349-425F-A18E-5CA186084C23,1,TCGA-97-A4M5-01,,112497502.48347932,112.49750248347932,3151955.6658591256,95815.3125,0.030398686611565556,3056140.353359125,74.85371149782755,54540.0565817362,0.017303560824949063,peritumoral,33.24786555352473,68.61223415430143,97.67662750282886,2,TCGA-97-A4M5-01,TCGA-97-A4M5,Male,Stage IA,83,0:LIVING,20.83,0,I,matched
TCGA-97-A4M5,TCGA-97-A4M5-01Z-00-DX1.283AFBA6-A349-425F-A18E-5CA186084C23,2,TCGA-97-A4M5-01,,262260.2579287695,0.2622602579287695,2553.78125,0.0,0.0,2553.78125,53.546307354009016,0.0,0.0,peritumoral,0.0,100.0,100.0,3,TCGA-97-A4M5-01,TCGA-97-A4M5,Male,Stage IA,83,0:LIVING,20.83,0,I,matched
TCGA-97-A4M5,TCGA-97-A4M5-01Z-00-DX1.283AFBA6-A349-425F-A18E-5CA186084C23,3,TCGA-97-A4M5-01,,1151162.2623233737,1.1511622623233737,1732.4215785474712,65.5,0.03780834919807321,1666.9215785474712,182.2149314683075,0.0,0.0,immune-excluded,6.858174792513089,7.996393702054319,100.0,4,TCGA-97-A4M5-01,TCGA-97-A4M5,Male,Stage IA,83,0:LIVING,20.83,0,I,matched
TCGA-97-A4M5,TCGA-97-A4M5-01Z-00-DX1.283AFBA6-A349-425F-A18E-5CA186084C23,4,TCGA-97-A4M5-01,,39341902.674292564,39.34190267429256,1237940.3471107946,11985.28125,0.009681630684363927,1225955.0658607946,85.0122233858167,5792.059134005573,0.0046787869443980475,peritumoral,17.4680310212519,60.818166311864644,78.57643998907696,5,TCGA-97-A4M5-01,TCGA-97-A4M5,Male,Stage IA,83,0:LIVING,20.83,0,I,matched
TCGA-97-A4M5,TCGA-97-A4M5-01Z-00-DX1.283AFBA6-A349-425F-A18E-5CA186084C23,5,TCGA-97-A4M5-01,,318833.48746112455,0.31883348746112455,19309.121156465913,990.0625,0.05127434293758443,18319.058656465913,79.77323818957082,109.09375,0.005649855791777894,peritumoral,24.577924658216837,89.41434910525975,96.08383775049886,6,TCGA-97-A4M5-01,TCGA-97-A4M5,Male,Stage IA,83,0:LIVING,20.83,0,I,matched
TCGA-97-A4M5,TCGA-97-A4M5-01Z-00-DX1.283AFBA6-A349-425F-A18E-5CA186084C23,6,TCGA-97-A4M5-01,,16174289.27996811,16.17428927996811,653701.0869136397,12731.40625,0.019475883557283948,640969.6806636397,62.217015608674124,6996.71875,0.010703238666825614,peritumoral,45.126106725628446,64.31762707066821,99.96711991087322,7,TCGA-97-A4M5-01,TCGA-97-A4M5,Male,Stage IA,83,0:LIVING,20.83,0,I,matched
TCGA-97-A4M5,TCGA-97-A4M5-01Z-00-DX1.283AFBA6-A349-425F-A18E-5CA186084C23,7,TCGA-97-A4M5-01,,205508.5854843226,0.2055085854843226,5734.430159709215,0.0,0.0,5734.430159709215,19.107017689843698,62.9375,0.010975371265693725,margin-localized,57.233236931887674,100.0,100.0,8,TCGA-97-A4M5-01,TCGA-97-A4M5,Male,Stage IA,83,0:LIVING,20.83,0,I,matched
TCGA-97-A4M5,TCGA-97-A4M5-01Z-00-DX1.283AFBA6-A349-425F-A18E-5CA186084C23,8,TCGA-97-A4M5-01,,261645.5367840067,0.2616455367840067,2013.46875,0.0,0.0,2013.46875,7.923461995870239,20.375,0.010119352485604756,margin-localized,100.0,100.0,100.0,9,TCGA-97-A4M5-01,TCGA-97-A4M5,Male,Stage IA,83,0:LIVING,20.83,0,I,matched
TCGA-97-A4M7,TCGA-97-A4M7-01Z-00-DX2.9D0A8A7E-5A84-439B-B3D1-DFA22BC6ED87,1,TCGA-97-A4M7-01,,59370161.785187416,59.37016178518741,10767462.208380789,1259462.1427820385,0.11696926521847867,9508000.065598752,47.937662972343574,306893.897687833,0.028501971193264464,peritumoral,48.72535736414028,83.20154683432968,98.99534574551798,2,TCGA-97-A4M7-01,TCGA-97-A4M7,Male,Stage IA,74,0:LIVING,20.66,0,I,matched
TCGA-97-A4M7,TCGA-97-A4M7-01Z-00-DX2.9D0A8A7E-5A84-439B-B3D1-DFA22BC6ED87,2,TCGA-97-A4M7-01,,32267706.2501816,32.267706250181604,7080166.33927345,852069.6503772972,0.12034599323618922,6228096.688896152,49.61181342432465,154874.42347289305,0.021874404646937417,margin-localized,52.93284886692141,96.16508830326731,99.94615222306157,3,TCGA-97-A4M7-01,TCGA-97-A4M7,Male,Stage IA,74,0:LIVING,20.66,0,I,matched
TCGA-97-A4M7,TCGA-97-A4M7-01Z-00-DX2.9D0A8A7E-5A84-439B-B3D1-DFA22BC6ED87,3,TCGA-97-A4M7-01,,6469822.373238858,6.469822373238858,1710440.8086258268,53563.78125,0.031315776015092445,1656877.0273758268,39.08386470835372,231678.49424550225,0.1354495829830168,margin-localized,57.38246982696551,89.41155877725822,99.8867906874328,4,TCGA-97-A4M7-01,TCGA-97-A4M7,Male,Stage IA,74,0:LIVING,20.66,0,I,matched
TCGA-97-A4M7,TCGA-97-A4M7-01Z-00-DX2.9D0A8A7E-5A84-439B-B3D1-DFA22BC6ED87,4,TCGA-97-A4M7-01,,152778.4796308062,0.15277847963080618,37433.64299893532,152.40625,0.004071371039263656,37281.23674893531,43.14967591129741,2543.3217514541766,0.06794213834668758,margin-localized,95.05137864129894,100.0,100.0,5,TCGA-97-A4M7-01,TCGA-97-A4M7,Male,Stage IA,74,0:LIVING,20.66,0,I,matched
TCGA-97-A4M7,TCGA-97-A4M7-01Z-00-DX2.9D0A8A7E-5A84-439B-B3D1-DFA22BC6ED87,5,TCGA-97-A4M7-01,,194821.9235332892,0.1948219235332892,65531.62022219902,137.68988357202747,0.0021011213076246303,65393.93033862698,54.14116386816966,4349.213501151662,0.06636816679344598,peritumoral,49.253315353461325,100.0,100.0,6,TCGA-97-A4M7-01,TCGA-97-A4M7,Male,Stage IA,74,0:LIVING,20.66,0,I,matched
TCGA-97-A4M7,TCGA-97-A4M7-01Z-00-DX2.9D0A8A7E-5A84-439B-B3D1-DFA22BC6ED87,6,TCGA-97-A4M7-01,,9700059.92056384,9.70005992056384,2322534.4037172226,103900.2802662703,0.044735733558985226,2218634.1234509526,50.93243839882398,65485.86260399899,0.028195863320340353,peritumoral,49.764096775615556,76.4819807205616,99.06472589946347,7,TCGA-97-A4M7-01,TCGA-97-A4M7,Male,Stage IA,74,0:LIVING,20.66,0,I,matched
TCGA-L4-A4E6,TCGA-L4-A4E6-01Z-00-DX1.1B537DE0-2CE3-4B90-9ED3-71F1F8747EE9,1,TCGA-L4-A4E6-01,,1103265.3516474213,1.1032653516474213,124227.45770762705,655.3970266237936,0.005275782332809947,123572.06068100326,23.315515890711062,5044.316513484884,0.040605487760659406,margin-localized,93.62341093307501,99.66783830618402,100.0,2,TCGA-L4-A4E6-01,TCGA-L4-A4E6,Male,Stage IA,67,0:LIVING,14.29,0,I,matched
TCGA-L4-A4E6,TCGA-L4-A4E6-01Z-00-DX1.1B537DE0-2CE3-4B90-9ED3-71F1F8747EE9,2,TCGA-L4-A4E6-01,,296161.7187717787,0.2961617187717787,12392.11873093235,7.6875,0.0006203539658485512,12384.43123093235,16.57982584347616,1264.8825836230158,0.10207153523034793,margin-localized,92.16967032781977,100.0,100.0,3,TCGA-L4-A4E6-01,TCGA-L4-A4E6,Male,Stage IA,67,0:LIVING,14.29,0,I,matched
TCGA-L4-A4E6,TCGA-L4-A4E6-01Z-00-DX1.1B537DE0-2CE3-4B90-9ED3-71F1F8747EE9,3,TCGA-L4-A4E6-01,,2266989.3180129123,2.266989318012912,211835.41440097155,2619.1875,0.012364256974720406,209216.22690097155,47.21679554194672,8413.84375,0.03971877777751505,margin-localized,68.1803225692441,98.77794192070544,100.0,4,TCGA-L4-A4E6-01,TCGA-L4-A4E6,Male,Stage IA,67,0:LIVING,14.29,0,I,matched
TCGA-L4-A4E6,TCGA-L4-A4E6-01Z-00-DX1.1B537DE0-2CE3-4B90-9ED3-71F1F8747EE9,4,TCGA-L4-A4E6-01,,7098038.401015992,7.098038401015993,616002.2883889389,59046.46526286429,0.09585429530999214,556955.8231260746,45.26143308190981,67653.01434323518,0.10982591399160453,margin-localized,59.598668515617334,94.74965923002317,99.30109557713203,5,TCGA-L4-A4E6-01,TCGA-L4-A4E6,Male,Stage IA,67,0:LIVING,14.29,0,I,matched
TCGA-L4-A4E6,TCGA-L4-A4E6-01Z-00-DX1.1B537DE0-2CE3-4B90-9ED3-71F1F8747EE9,5,TCGA-L4-A4E6-01,,314563.5459686449,0.3145635459686449,10595.192352847736,2468.53125,0.2329859777709951,8126.661102847736,15.375,2987.15625,0.2819350655013944,margin-localized,68.54966392420319,100.0,100.0,6,TCGA-L4-A4E6-01,TCGA-L4-A4E6,Male,Stage IA,67,0:LIVING,14.29,0,I,matched
TCGA-L4-A4E6,TCGA-L4-A4E6-01Z-00-DX1.1B537DE0-2CE3-4B90-9ED3-71F1F8747EE9,6,TCGA-L4-A4E6-01,,210443.01794502517,0.21044301794502518,2959.25,0.0,0.0,2959.25,11.525108459359505,981.71875,0.33174579707696206,margin-localized,84.20419025090817,91.35232744783308,96.53100447748585,7,TCGA-L4-A4E6-01,TCGA-L4-A4E6,Male,Stage IA,67,0:LIVING,14.29,0,I,matched
TCGA-L4-A4E6,TCGA-L4-A4E6-01Z-00-DX1.1B537DE0-2CE3-4B90-9ED3-71F1F8747EE9,7,TCGA-L4-A4E6-01,,4279164.254442954,4.2791642544429545,205015.09598473462,1454.46875,0.007094447084561516,203560.6272347346,34.17830086472995,12018.024045494392,0.058620190809701406,margin-localized,63.92378514531766,95.43306633856498,99.94918057155763,8,TCGA-L4-A4E6-01,TCGA-L4-A4E6,Male,Stage IA,67,0:LIVING,14.29,0,I,matched
TCGA-L4-A4E6,TCGA-L4-A4E6-01Z-00-DX1.1B537DE0-2CE3-4B90-9ED3-71F1F8747EE9,8,TCGA-L4-A4E6-01,,22739360.333988637,22.739360333988635,1055615.533426723,19380.46875,0.018359400876839526,1036235.064676723,19.268254331931576,89383.57651931218,0.08467436646101312,margin-localized,81.63340939110913,93.61610066759756,99.86870219733308,9,TCGA-L4-A4E6-01,TCGA-L4-A4E6,Male,Stage IA,67,0:LIVING,14.29,0,I,matched
TCGA-L4-A4E6,TCGA-L4-A4E6-01Z-00-DX1.1B537DE0-2CE3-4B90-9ED3-71F1F8747EE9,9,TCGA-L4-A4E6-01,,1404669.606628609,1.4046696066286088,18821.572299844087,489.34375,0.025999089884964265,18332.228549844087,24.359690705138274,1632.65625,0.08674388217893594,margin-localized,89.88738284176262,97.59385139144963,100.0,10,TCGA-L4-A4E6-01,TCGA-L4-A4E6,Male,Stage IA,67,0:LIVING,14.29,0,I,matched
TCGA-L4-A4E6,TCGA-L4-A4E6-01Z-00-DX1.1B537DE0-2CE3-4B90-9ED3-71F1F8747EE9,10,TCGA-L4-A4E6-01,,928702.6917440493,0.9287026917440493,40423.634344476275,241.0,0.0059618587964229315,40182.634344476275,13.325095269693016,8826.630252737803,0.21835320836123498,margin-localized,85.06858279906236,93.56519549779138,95.07585363671303,11,TCGA-L4-A4E6-01,TCGA-L4-A4E6,Male,Stage IA,67,0:LIVING,14.29,0,I,matched
TCGA-L4-A4E6,TCGA-L4-A4E6-01Z-00-DX1.1B537DE0-2CE3-4B90-9ED3-71F1F8747EE9,11,TCGA-L4-A4E6-01,,453045.3271387545,0.4530453271387545,25162.697146186438,321.0,0.012756979036670937,24841.697146186438,14.835030333639361,1915.4739691097263,0.0761235553558307,margin-localized,85.16053917871301,100.0,100.0,12,TCGA-L4-A4E6-01,TCGA-L4-A4E6,Male,Stage IA,67,0:LIVING,14.29,0,I,matched
TCGA-L9-A50W,TCGA-L9-A50W-01Z-00-DX1.21FAAB58-58EF-4A6A-8F0A-16D9AB9B1056,1,TCGA-L9-A50W-01,,720977.8709505481,0.7209778709505481,53688.36557614282,479.875,0.008938156243915146,53208.49057614282,28.549573114146558,1620.8100521459114,0.03018922320977007,margin-localized,91.98921910498572,99.69306922327306,100.0,2,TCGA-L9-A50W-01,TCGA-L9-A50W,Male,Stage IIA,75,1:DECEASED,14.52,1,II,matched
TCGA-L9-A50W,TCGA-L9-A50W-01Z-00-DX1.21FAAB58-58EF-4A6A-8F0A-16D9AB9B1056,2,TCGA-L9-A50W-01,,48749856.90508579,48.749856905085785,1838286.972805087,281712.8663557089,0.15324749101922666,1556574.1064493782,37.19648000819432,30147.333802572142,0.016399688540777498,margin-localized,73.98320505185958,97.31006369350584,99.89361609044315,3,TCGA-L9-A50W-01,TCGA-L9-A50W,Male,Stage IIA,75,1:DECEASED,14.52,1,II,matched
TCGA-L9-A50W,TCGA-L9-A50W-01Z-00-DX1.21FAAB58-58EF-4A6A-8F0A-16D9AB9B1056,3,TCGA-L9-A50W-01,,474493.5033035079,0.4744935033035079,8.3125,0.0,0.0,8.3125,1.1267347735824966,8.3125,1.0,immune-desert,100.0,100.0,100.0,4,TCGA-L9-A50W-01,TCGA-L9-A50W,Male,Stage IIA,75,1:DECEASED,14.52,1,II,matched
TCGA-L9-A50W,TCGA-L9-A50W-01Z-00-DX1.21FAAB58-58EF-4A6A-8F0A-16D9AB9B1056,4,TCGA-L9-A50W-01,,201138842.7846406,201.13884278464062,6414659.422117303,1916424.3844260266,0.29875699679679446,4498235.037691277,28.31277593684519,351708.99834403105,0.05482894339352806,margin-localized,63.39425225012094,82.64698385361217,90.76542874553233,5,TCGA-L9-A50W-01,TCGA-L9-A50W,Male,Stage IIA,75,1:DECEASED,14.52,1,II,matched
TCGA-L9-A50W,TCGA-L9-A50W-01Z-00-DX1.21FAAB58-58EF-4A6A-8F0A-16D9AB9B1056,5,TCGA-L9-A50W-01,,260289.2367749166,0.2602892367749166,2743.1299868627957,0.0,0.0,2743.1299868627957,118.43756596304232,153.3125,0.05588962270626379,immune-excluded,16.38069475934299,35.14643623153004,100.0,6,TCGA-L9-A50W-01,TCGA-L9-A50W,Male,Stage IIA,75,1:DECEASED,14.52,1,II,matched
TCGA-L9-A743,TCGA-L9-A743-01Z-00-DX1.27ED2955-E8B5-4A3C-ADAA-82568ECCFB83,1,TCGA-L9-A743-01,,1670423.8442579296,1.6704238442579296,192960.02964209,1743.4801764109886,0.009035447287424581,191216.549465679,42.10941848327996,17314.181782219468,0.08972936941569976,margin-localized,50.90021206627804,94.31070148040713,100.0,2,TCGA-L9-A743-01,TCGA-L9-A743,Male,Stage IIA,56,0:LIVING,21.81,0,II,matched
TCGA-L9-A743,TCGA-L9-A743-01Z-00-DX1.27ED2955-E8B5-4A3C-ADAA-82568ECCFB83,2,TCGA-L9-A743-01,,6682494.133578091,6.682494133578091,1165097.4117500195,212364.76519663451,0.18227211137449423,952732.646553385,40.36280775664646,43790.91243491134,0.03758562330778485,margin-localized,65.50079288170355,90.20588967363055,98.01700375236653,3,TCGA-L9-A743-01,TCGA-L9-A743,Male,Stage IIA,56,0:LIVING,21.81,0,II,matched
TCGA-L9-A743,TCGA-L9-A743-01Z-00-DX1.27ED2955-E8B5-4A3C-ADAA-82568ECCFB83,3,TCGA-L9-A743-01,,74003996.56055792,74.00399656055792,7043940.3677811315,517543.96875,0.07347364425701809,6526396.399031132,53.80244534405476,146737.2691060779,0.020831702349050508,peritumoral,45.659900116294544,84.84415771457391,97.2736004835772,4,TCGA-L9-A743-01,TCGA-L9-A743,Male,Stage IIA,56,0:LIVING,21.81,0,II,matched
TCGA-L9-A743,TCGA-L9-A743-01Z-00-DX1.27ED2955-E8B5-4A3C-ADAA-82568ECCFB83,4,TCGA-L9-A743-01,,293423.35166605766,0.29342335166605765,30868.66541768569,0.0625,2.0247069043740276e-06,30868.60291768569,22.868168378774893,1035.875,0.033557492233095135,margin-localized,69.16137215897035,79.54043796664567,100.0,5,TCGA-L9-A743-01,TCGA-L9-A743,Male,Stage IIA,56,0:LIVING,21.81,0,II,matched
TCGA-L9-A743,TCGA-L9-A743-01Z-00-DX1.27ED2955-E8B5-4A3C-ADAA-82568ECCFB83,5,TCGA-L9-A743-01,,168259.82122260254,0.16825982122260252,1461.9588576983388,0.0,0.0,1461.9588576983388,6.156805178012376,2.5213576983387203,0.001724643402283061,margin-localized,100.0,100.0,100.0,6,TCGA-L9-A743-01,TCGA-L9-A743,Male,Stage IIA,56,0:LIVING,21.81,0,II,matched
TCGA-L9-A743,TCGA-L9-A743-01Z-00-DX1.27ED2955-E8B5-4A3C-ADAA-82568ECCFB83,6,TCGA-L9-A743-01,,277828.3025811874,0.2778283025811874,937.59375,0.0,0.0,937.59375,61.8896447315704,110.59375,0.11795487117954871,immune-desert,43.668966436689665,100.0,100.0,7,TCGA-L9-A743-01,TCGA-L9-A743,Male,Stage IIA,56,0:LIVING,21.81,0,II,matched
TCGA-L9-A7SV,TCGA-L9-A7SV-01Z-00-DX1.153B8E2D-54CE-4747-A22E-7A6ADCA03DB5,1,TCGA-L9-A7SV-01,,108676425.80145025,108.67642580145025,6003189.363368629,2243791.760552151,0.37376661383426196,3759397.6028164765,48.595588791576546,255890.840563821,0.04262581522503073,immune-penetrated,35.11900966788598,53.90943268525707,72.83482719202688,2,TCGA-L9-A7SV-01,TCGA-L9-A7SV,Male,Stage IIA,69,0:LIVING,18.56,0,II,matched
TCGA-L9-A7SV,TCGA-L9-A7SV-01Z-00-DX1.153B8E2D-54CE-4747-A22E-7A6ADCA03DB5,2,TCGA-L9-A7SV-01,,8220541.53562762,8.22054153562762,176056.11734680578,60414.78125,0.3431563876362863,115641.33609680578,27.589909840374613,11143.998242328955,0.06329798935856824,immune-penetrated,61.50197904660568,83.21478021022814,95.21262374916681,3,TCGA-L9-A7SV-01,TCGA-L9-A7SV,Male,Stage IIA,69,0:LIVING,18.56,0,II,matched
TCGA-L9-A7SV,TCGA-L9-A7SV-01Z-00-DX1.153B8E2D-54CE-4747-A22E-7A6ADCA03DB5,3,TCGA-L9-A7SV-01,,7976784.331065543,7.976784331065543,513691.2119692444,66331.8125,0.12912779302903746,447359.3994692444,84.18759279876103,11345.96875,0.02208713812039927,peritumoral,18.245333987647836,80.0116103072219,95.17785453151122,4,TCGA-L9-A7SV-01,TCGA-L9-A7SV,Male,Stage IIA,69,0:LIVING,18.56,0,II,matched
TCGA-L9-A7SV,TCGA-L9-A7SV-01Z-00-DX1.153B8E2D-54CE-4747-A22E-7A6ADCA03DB5,4,TCGA-L9-A7SV-01,,286560.23677491624,0.2865602367749162,0.0,0.0,,0.0,,0.0,,immune-desert,,,,5,TCGA-L9-A7SV-01,TCGA-L9-A7SV,Male,Stage IIA,69,0:LIVING,18.56,0,II,matched
TCGA-L9-A7SV,TCGA-L9-A7SV-01Z-00-DX1.153B8E2D-54CE-4747-A22E-7A6ADCA03DB5,5,TCGA-L9-A7SV-01,,2442432.803772738,2.4424328037727383,38906.75,829.53125,0.021321011135599865,38077.21875,22.823028392393503,2148.4375,0.05522017387728351,margin-localized,99.70723267813426,99.88980061300417,100.0,6,TCGA-L9-A7SV-01,TCGA-L9-A7SV,Male,Stage IIA,69,0:LIVING,18.56,0,II,matched
TCGA-L9-A7SV,TCGA-L9-A7SV-01Z-00-DX1.153B8E2D-54CE-4747-A22E-7A6ADCA03DB5,6,TCGA-L9-A7SV-01,,221839.9275811872,0.2218399275811872,33081.657331180555,0.0,0.0,33081.657331180555,8.525009164217948,77.59375,0.00234552184684125,margin-localized,89.64692513524149,100.0,100.0,7,TCGA-L9-A7SV-01,TCGA-L9-A7SV,Male,Stage IIA,69,0:LIVING,18.56,0,II,matched
TCGA-L9-A7SV,TCGA-L9-A7SV-01Z-00-DX1.153B8E2D-54CE-4747-A22E-7A6ADCA03DB5,7,TCGA-L9-A7SV-01,,931276.8266549169,0.9312768266549168,3562.3785004634783,0.0,0.0,3562.3785004634783,93.96683257937345,50.21875,0.014096972007176205,peritumoral,9.74594642188722,99.49910572395162,100.0,8,TCGA-L9-A7SV-01,TCGA-L9-A7SV,Male,Stage IIA,69,0:LIVING,18.56,0,II,matched
TCGA-MN-A4N5,TCGA-MN-A4N5-01Z-00-DX1.D0FBA0D2-6245-4EFD-AF2B-849215600DBE,1,TCGA-MN-A4N5-01,,51465440.413600765,51.46544041360077,5312503.183089888,1003276.074335902,0.18885185377947783,4309227.108753986,34.99268896855456,104401.21595639053,0.01965198181691594,margin-localized,65.39725254330196,88.05433790430146,94.83472479434855,2,TCGA-MN-A4N5-01,TCGA-MN-A4N5,Male,Stage IA,63,0:LIVING,2.76,0,I,matched
TCGA-MN-A4N5,TCGA-MN-A4N5-01Z-00-DX1.D0FBA0D2-6245-4EFD-AF2B-849215600DBE,2,TCGA-MN-A4N5-01,,135114.96579212399,0.13511496579212398,34822.01915840734,4202.40625,0.12068244035140568,30619.61290840734,43.27185141636535,352.19171055912483,0.010114051943885987,margin-localized,86.68056875766256,91.02085758452111,100.0,3,TCGA-MN-A4N5-01,TCGA-MN-A4N5,Male,Stage IA,63,0:LIVING,2.76,0,I,matched
TCGA-MN-A4N5,TCGA-MN-A4N5-01Z-00-DX1.D0FBA0D2-6245-4EFD-AF2B-849215600DBE,3,TCGA-MN-A4N5-01,,4040815.415695388,4.040815415695388,311728.14058579126,18652.59375,0.05983609216334637,293075.54683579126,42.29232347601631,14126.560980392023,0.045316925683532336,margin-localized,68.87832496261547,98.46099021548507,99.9270899157282,4,TCGA-MN-A4N5-01,TCGA-MN-A4N5,Male,Stage IA,63,0:LIVING,2.76,0,I,matched
TCGA-MN-A4N5,TCGA-MN-A4N5-01Z-00-DX1.D0FBA0D2-6245-4EFD-AF2B-849215600DBE,4,TCGA-MN-A4N5-01,,463911.49263293756,0.46391149263293757,106147.0411570743,9685.375,0.0912448891125262,96461.66615707432,29.616688096270963,15659.4375,0.1475258973712463,margin-localized,99.41267484063164,99.94318598195608,100.0,5,TCGA-MN-A4N5-01,TCGA-MN-A4N5,Male,Stage IA,63,0:LIVING,2.76,0,I,matched
TCGA-MP-A4T8,TCGA-MP-A4T8-01Z-00-DX1.3ECB340F-66C7-4F64-8E00-463BF82AAD83,1,TCGA-MP-A4T8-01,,23563262.51428369,23.56326251428369,451118.61627765687,7688.4375,0.017043050813198717,443430.17877765687,23.63326574978583,36663.25611980362,0.0812718757260018,margin-localized,84.75056472188771,98.83667755137952,100.0,2,TCGA-MP-A4T8-01,TCGA-MP-A4T8,Male,Stage IIIA,68,1:DECEASED,5.29,1,III,matched
TCGA-MP-A4T8,TCGA-MP-A4T8-01Z-00-DX1.3ECB340F-66C7-4F64-8E00-463BF82AAD83,2,TCGA-MP-A4T8-01,,151302123.08632863,151.30212308632863,5019796.934665781,1669174.5,0.33251833126415775,3350622.434665781,28.557302590580925,142411.14065584244,0.028369900716974757,immune-penetrated,55.70644469074734,76.30004179824836,87.7805543674831,3,TCGA-MP-A4T8-01,TCGA-MP-A4T8,Male,Stage IIIA,68,1:DECEASED,5.29,1,III,matched
TCGA-MP-A4T8,TCGA-MP-A4T8-01Z-00-DX1.3ECB340F-66C7-4F64-8E00-463BF82AAD83,3,TCGA-MP-A4T8-01,,80517363.57919165,80.51736357919165,1513591.6978233217,368861.53125,0.2436994942430349,1144730.1665733217,30.472643981938948,51954.013171225124,0.034324985559804254,margin-localized,61.36330292465742,91.69091391575293,99.58130546554335,4,TCGA-MP-A4T8-01,TCGA-MP-A4T8,Male,Stage IIIA,68,1:DECEASED,5.29,1,III,matched
TCGA-MP-A4T8,TCGA-MP-A4T8-01Z-00-DX1.3ECB340F-66C7-4F64-8E00-463BF82AAD83,4,TCGA-MP-A4T8-01,,1809004.3040583993,1.8090043040583992,7626.228616116383,198.65625,0.026049081400495,7427.572366116383,25.524268476295262,405.5732169831206,0.053181360984383474,margin-localized,99.05302143909795,100.0,100.0,5,TCGA-MP-A4T8-01,TCGA-MP-A4T8,Male,Stage IIIA,68,1:DECEASED,5.29,1,III,matched
TCGA-MP-A4T8,TCGA-MP-A4T8-01Z-00-DX1.3ECB340F-66C7-4F64-8E00-463BF82AAD83,5,TCGA-MP-A4T8-01,,219506.14640777104,0.21950614640777105,0.0,0.0,,0.0,,0.0,,immune-desert,,,,6,TCGA-MP-A4T8-01,TCGA-MP-A4T8,Male,Stage IIIA,68,1:DECEASED,5.29,1,III,matched
TCGA-MP-A4T8,TCGA-MP-A4T8-01Z-00-DX1.3ECB340F-66C7-4F64-8E00-463BF82AAD83,6,TCGA-MP-A4T8-01,,332517.10226609354,0.33251710226609354,903.28125,0.0,0.0,903.28125,43.4045288535655,0.0,0.0,immune-desert,100.0,100.0,100.0,7,TCGA-MP-A4T8-01,TCGA-MP-A4T8,Male,Stage IIIA,68,1:DECEASED,5.29,1,III,matched
TCGA-MP-A4TC,TCGA-MP-A4TC-01Z-00-DX1.C7DB4A7F-F6B8-4FA0-84C1-9B87D41C7749,1,TCGA-MP-A4TC-01,,23554895.385189243,23.554895385189244,582368.7597764055,46061.10428588371,0.07909267712706361,536307.6554905218,32.38229888766392,62792.40397486599,0.10782241135148542,margin-localized,69.2867446775649,96.29211729158393,99.98390195242685,2,TCGA-MP-A4TC-01,TCGA-MP-A4TC,Male,Stage IIIA,77,1:DECEASED,2.43,1,III,matched
TCGA-MP-A4TC,TCGA-MP-A4TC-01Z-00-DX1.C7DB4A7F-F6B8-4FA0-84C1-9B87D41C7749,2,TCGA-MP-A4TC-01,,27817778.767830912,27.817778767830912,1067145.3963286455,27101.65625,0.025396404597948136,1040043.7400786455,57.97224551455636,9621.4375,0.009016051170816199,peritumoral,46.875457293013824,93.297649023677,99.97345408925263,3,TCGA-MP-A4TC-01,TCGA-MP-A4TC,Male,Stage IIIA,77,1:DECEASED,2.43,1,III,matched
TCGA-MP-A4TC,TCGA-MP-A4TC-01Z-00-DX1.C7DB4A7F-F6B8-4FA0-84C1-9B87D41C7749,3,TCGA-MP-A4TC-01,,8041142.686122317,8.041142686122317,78557.63943120086,2575.65625,0.03278683357403714,75981.98318120086,40.580023179515315,2621.0625,0.03336483273909308,margin-localized,54.842334955508754,61.66664307764508,99.47920405582158,4,TCGA-MP-A4TC-01,TCGA-MP-A4TC,Male,Stage IIIA,77,1:DECEASED,2.43,1,III,matched
TCGA-MP-A4TC,TCGA-MP-A4TC-01Z-00-DX1.C7DB4A7F-F6B8-4FA0-84C1-9B87D41C7749,4,TCGA-MP-A4TC-01,,207189.34267379847,0.20718934267379846,34141.565793482674,0.0,0.0,34141.565793482674,46.33202186393337,28.15625,0.000824691233270115,margin-localized,52.211833539874775,94.43938733380224,100.0,5,TCGA-MP-A4TC-01,TCGA-MP-A4TC,Male,Stage IIIA,77,1:DECEASED,2.43,1,III,matched
TCGA-MP-A4TC,TCGA-MP-A4TC-01Z-00-DX1.C7DB4A7F-F6B8-4FA0-84C1-9B87D41C7749,5,TCGA-MP-A4TC-01,,2349001.27285757,2.34900127285757,1037.951877663449,0.0,0.0,1037.951877663449,29.893822522387463,221.15625,0.2130698491512425,margin-localized,96.18539637028934,100.0,100.0,6,TCGA-MP-A4TC-01,TCGA-MP-A4TC,Male,Stage IIIA,77,1:DECEASED,2.43,1,III,matched
TCGA-MP-A4TC,TCGA-MP-A4TC-01Z-00-DX1.C7DB4A7F-F6B8-4FA0-84C1-9B87D41C7749,6,TCGA-MP-A4TC-01,,1420194.2307089637,1.4201942307089637,184788.88479631854,89.0625,0.0004819689241491345,184699.8222963185,61.125,1617.3073629869536,0.008752189639380162,peritumoral,18.383662455400692,99.44107098028645,100.0,7,TCGA-MP-A4TC-01,TCGA-MP-A4TC,Male,Stage IIIA,77,1:DECEASED,2.43,1,III,matched
TCGA-MP-A4TE,TCGA-MP-A4TE-01Z-00-DX1.B4680570-FD2E-47A5-8D50-A508CEB6A62C,1,TCGA-MP-A4TE-01,,245148.08783217028,0.24514808783217026,7.1875,0.0,0.0,7.1875,137.67461923408396,0.0,0.0,immune-desert,0.0,0.0,100.0,2,TCGA-MP-A4TE-01,TCGA-MP-A4TE,Male,Stage IIA,56,1:DECEASED,29.43,1,II,matched
TCGA-MP-A4TE,TCGA-MP-A4TE-01Z-00-DX1.B4680570-FD2E-47A5-8D50-A508CEB6A62C,2,TCGA-MP-A4TE-01,,591824.9928433404,0.5918249928433403,387.3125,48.0,0.12393093432305954,339.3125,58.897421420636064,0.0,0.0,immune-desert,34.064870098434724,97.19218976924319,100.0,3,TCGA-MP-A4TE-01,TCGA-MP-A4TE,Male,Stage IIA,56,1:DECEASED,29.43,1,II,matched
TCGA-MP-A4TE,TCGA-MP-A4TE-01Z-00-DX1.B4680570-FD2E-47A5-8D50-A508CEB6A62C,3,TCGA-MP-A4TE-01,,39933046.504420064,39.93304650442006,1132824.5668911526,6930.3125,0.0061177279364792395,1125894.2543911526,70.68535210547255,6588.15625,0.005815689774525364,peritumoral,16.264657814621494,85.71083271191443,96.13359847827998,4,TCGA-MP-A4TE-01,TCGA-MP-A4TE,Male,Stage IIA,56,1:DECEASED,29.43,1,II,matched
TCGA-MP-A4TE,TCGA-MP-A4TE-01Z-00-DX1.B4680570-FD2E-47A5-8D50-A508CEB6A62C,4,TCGA-MP-A4TE-01,,73019229.87919307,73.01922987919306,868367.7262569489,116547.35373129432,0.13421428527021065,751820.3725256546,49.888782556803285,5460.9474812943245,0.00628874993412461,peritumoral,45.328167048106266,86.11910899699713,96.42131017075542,5,TCGA-MP-A4TE-01,TCGA-MP-A4TE,Male,Stage IIA,56,1:DECEASED,29.43,1,II,matched
TCGA-MP-A4TE,TCGA-MP-A4TE-01Z-00-DX1.B4680570-FD2E-47A5-8D50-A508CEB6A62C,5,TCGA-MP-A4TE-01,,51720209.77428701,51.72020977428701,2355828.8694946063,120661.33605590306,0.051218209275866636,2235167.533438703,66.31576924080727,18276.966836814572,0.007758189516004833,peritumoral,32.8691626496435,74.31551702157171,98.58771350270091,6,TCGA-MP-A4TE-01,TCGA-MP-A4TE,Male,Stage IIA,56,1:DECEASED,29.43,1,II,matched
TCGA-MP-A4TE,TCGA-MP-A4TE-01Z-00-DX1.B4680570-FD2E-47A5-8D50-A508CEB6A62C,6,TCGA-MP-A4TE-01,,192919.3225857568,0.1929193225857568,72.25,0.0,0.0,72.25,54.65248879282626,0.0,0.0,immune-desert,0.0,100.0,100.0,7,TCGA-MP-A4TE-01,TCGA-MP-A4TE,Male,Stage IIA,56,1:DECEASED,29.43,1,II,matched
TCGA-MP-A4TE,TCGA-MP-A4TE-01Z-00-DX1.B4680570-FD2E-47A5-8D50-A508CEB6A62C,7,TCGA-MP-A4TE-01,,64989303.67494008,64.98930367494007,1342157.451594783,134861.53125,0.10048115523983744,1207295.9203447832,52.703474743132446,7492.96875,0.005582779234356356,peritumoral,37.2924446370766,87.86900274741943,93.53762715045548,8,TCGA-MP-A4TE-01,TCGA-MP-A4TE,Male,Stage IIA,56,1:DECEASED,29.43,1,II,matched
TCGA-MP-A4TE,TCGA-MP-A4TE-01Z-00-DX1.B4680570-FD2E-47A5-8D50-A508CEB6A62C,8,TCGA-MP-A4TE-01,,373197.30226739275,0.3731973022673927,676.5625,23.5,0.03473441108545035,653.0625,55.689884909649436,0.0,0.0,immune-desert,40.124711316397224,91.19168591224019,100.0,9,TCGA-MP-A4TE-01,TCGA-MP-A4TE,Male,Stage IIA,56,1:DECEASED,29.43,1,II,matched
TCGA-MP-A4TI,TCGA-MP-A4TI-01Z-00-DX1.08AB4C0B-F953-41B5-A9BB-7452A8E34A54,1,TCGA-MP-A4TI-01,,549085.3607050685,0.5490853607050684,169870.4834273243,4067.75,0.02394618486937023,165802.73342732427,35.4375,495.125,0.002914720615437757,margin-localized,59.0249971392432,99.87172212287649,100.0,2,TCGA-MP-A4TI-01,TCGA-MP-A4TI,Male,Stage IIA,72,1:DECEASED,14.09,1,II,matched
TCGA-MP-A4TI,TCGA-MP-A4TI-01Z-00-DX1.08AB4C0B-F953-41B5-A9BB-7452A8E34A54,2,TCGA-MP-A4TI-01,,612849.7139575373,0.6128497139575373,126077.23438752016,1679.0,0.01331723374292383,124398.23438752015,51.21664310797809,6317.3379133384315,0.05010688840081154,peritumoral,35.63803100543274,97.4477303961745,100.0,3,TCGA-MP-A4TI-01,TCGA-MP-A4TI,Male,Stage IIA,72,1:DECEASED,14.09,1,II,matched
TCGA-MP-A4TI,TCGA-MP-A4TI-01Z-00-DX1.08AB4C0B-F953-41B5-A9BB-7452A8E34A54,3,TCGA-MP-A4TI-01,,216066.59680633657,0.21606659680633658,19713.14052021287,573.8125,0.02910812203725943,19139.32802021287,26.534941707914417,671.8125,0.03407942531080509,margin-localized,91.8442726142418,99.86462075906863,100.0,4,TCGA-MP-A4TI-01,TCGA-MP-A4TI,Male,Stage IIA,72,1:DECEASED,14.09,1,II,matched
TCGA-MP-A4TI,TCGA-MP-A4TI-01Z-00-DX1.08AB4C0B-F953-41B5-A9BB-7452A8E34A54,4,TCGA-MP-A4TI-01,,379633.75936197204,0.379633759361972,59208.51369542915,11032.3125,0.18632983352277066,48176.201195429145,30.21994609716336,10772.40625,0.18194015653582638,margin-localized,74.11730927641759,99.03017043107492,100.0,5,TCGA-MP-A4TI-01,TCGA-MP-A4TI,Male,Stage IIA,72,1:DECEASED,14.09,1,II,matched
TCGA-MP-A4TI,TCGA-MP-A4TI-01Z-00-DX1.08AB4C0B-F953-41B5-A9BB-7452A8E34A54,5,TCGA-MP-A4TI-01,,240045.47048660708,0.24004547048660707,64700.57519476817,49.34375,0.0007626477794279337,64651.23144476817,64.43371109132238,181.34375,0.002802815113375744,peritumoral,41.728330086748116,99.77574581128033,100.0,6,TCGA-MP-A4TI-01,TCGA-MP-A4TI,Male,Stage IIA,72,1:DECEASED,14.09,1,II,matched
TCGA-MP-A4TI,TCGA-MP-A4TI-01Z-00-DX1.08AB4C0B-F953-41B5-A9BB-7452A8E34A54,6,TCGA-MP-A4TI-01,,4904060.996536504,4.904060996536503,350917.94445043535,7916.75,0.022560117329987906,343001.19445043535,50.996163271747065,16343.897044324747,0.046574697312559935,peritumoral,38.01003817393648,95.89997474117234,99.8423132896305,7,TCGA-MP-A4TI-01,TCGA-MP-A4TI,Male,Stage IIA,72,1:DECEASED,14.09,1,II,matched
TCGA-MP-A4TI,TCGA-MP-A4TI-01Z-00-DX1.08AB4C0B-F953-41B5-A9BB-7452A8E34A54,7,TCGA-MP-A4TI-01,,88173244.08129416,88.17324408129416,9313261.066973202,1857008.7689205313,0.19939404206179487,7456252.298052672,26.76671498802197,713278.4907014304,0.07658740430147148,margin-localized,67.39289445565342,84.51523576495981,91.55024486208359,8,TCGA-MP-A4TI-01,TCGA-MP-A4TI,Male,Stage IIA,72,1:DECEASED,14.09,1,II,matched
TCGA-MP-A4TI,TCGA-MP-A4TI-01Z-00-DX1.08AB4C0B-F953-41B5-A9BB-7452A8E34A54,8,TCGA-MP-A4TI-01,,551147.7861460274,0.5511477861460273,17021.580112173833,679.75,0.03993460040257031,16341.830112173835,16.761656391896356,869.03125,0.051054675551447125,margin-localized,99.91830223805101,100.0,100.0,9,TCGA-MP-A4TI-01,TCGA-MP-A4TI,Male,Stage IIA,72,1:DECEASED,14.09,1,II,matched
TCGA-MP-A4TI,TCGA-MP-A4TI-01Z-00-DX1.08AB4C0B-F953-41B5-A9BB-7452A8E34A54,9,TCGA-MP-A4TI-01,,340878.5955591141,0.34087859555911415,43284.16929365204,4190.0625,0.09680357896147739,39094.10679365204,28.679805613009304,1697.7830416781267,0.03922411055552173,margin-localized,76.45956612711443,94.42478037725928,100.0,10,TCGA-MP-A4TI-01,TCGA-MP-A4TI,Male,Stage IIA,72,1:DECEASED,14.09,1,II,matched
TCGA-NJ-A4YP,TCGA-NJ-A4YP-01Z-00-DX1.148BFF66-4DC7-468C-8783-97F27C2E1245,1,TCGA-NJ-A4YP-01,,1105274.7358897894,1.1052747358897894,6684.342803028574,0.0,0.0,6684.342803028574,110.5131496700732,106.65530302857375,0.01595598941757593,immune-excluded,18.209049698604613,27.91409878295252,100.0,2,TCGA-NJ-A4YP-01,TCGA-NJ-A4YP,Male,Stage IB,52,0:LIVING,1.64,0,I,matched
TCGA-NJ-A4YP,TCGA-NJ-A4YP-01Z-00-DX1.148BFF66-4DC7-468C-8783-97F27C2E1245,2,TCGA-NJ-A4YP-01,,71643398.70413233,71.64339870413234,2645430.9880420356,264592.1185396711,0.10001852996191893,2380838.8695023647,31.26524628081474,52932.765893911484,0.020009127485532574,margin-localized,85.21570777270858,98.30066986526037,99.99324897338816,3,TCGA-NJ-A4YP-01,TCGA-NJ-A4YP,Male,Stage IB,52,0:LIVING,1.64,0,I,matched
TCGA-NJ-A4YP,TCGA-NJ-A4YP-01Z-00-DX1.148BFF66-4DC7-468C-8783-97F27C2E1245,3,TCGA-NJ-A4YP-01,,67504031.76475759,67.50403176475758,2538220.5627349103,13701.0,0.0053978760558291644,2524519.5627349103,25.378694312355787,30758.18210267647,0.012118009976853548,margin-localized,70.80784461123474,98.43798060543845,99.94393484396923,4,TCGA-NJ-A4YP-01,TCGA-NJ-A4YP,Male,Stage IB,52,0:LIVING,1.64,0,I,matched
TCGA-NJ-A4YP,TCGA-NJ-A4YP-01Z-00-DX1.148BFF66-4DC7-468C-8783-97F27C2E1245,4,TCGA-NJ-A4YP-01,,937352.8129485145,0.9373528129485145,48081.25833532191,0.0,0.0,48081.25833532191,99.33759122935285,308.3125,0.006412321779305525,peritumoral,4.504678797910873,99.81021561968409,100.0,5,TCGA-NJ-A4YP-01,TCGA-NJ-A4YP,Male,Stage IB,52,0:LIVING,1.64,0,I,matched
TCGA-NJ-A4YP,TCGA-NJ-A4YP-01Z-00-DX1.148BFF66-4DC7-468C-8783-97F27C2E1245,5,TCGA-NJ-A4YP-01,,1520538.934978156,1.520538934978156,29144.83526833941,195.8125,0.006718600335089725,28949.02276833941,36.01323541421959,2810.03125,0.09641609650999093,margin-localized,76.44731717625635,98.50729346640996,100.0,6,TCGA-NJ-A4YP-01,TCGA-NJ-A4YP,Male,Stage IB,52,0:LIVING,1.64,0,I,matched
TCGA-NJ-A4YP,TCGA-NJ-A4YP-01Z-00-DX1.148BFF66-4DC7-468C-8783-97F27C2E1245,6,TCGA-NJ-A4YP-01,,1101164.4467633716,1.1011644467633717,10619.4421754769,0.0,0.0,10619.4421754769,101.53426220556547,83.59375,0.007871764695234188,immune-excluded,19.703836279009003,39.16639876744667,100.0,7,TCGA-NJ-A4YP-01,TCGA-NJ-A4YP,Male,Stage IB,52,0:LIVING,1.64,0,I,matched
TCGA-NJ-A4YP,TCGA-NJ-A4YP-01Z-00-DX1.148BFF66-4DC7-468C-8783-97F27C2E1245,7,TCGA-NJ-A4YP-01,,452094.7464252635,0.45209474642526354,15688.982721864551,0.0,0.0,15688.982721864551,78.125,342.03125,0.02180072832404467,peritumoral,24.9872797331636,100.0,100.0,8,TCGA-NJ-A4YP-01,TCGA-NJ-A4YP,Male,Stage IB,52,0:LIVING,1.64,0,I,matched
TCGA-NJ-A4YP,TCGA-NJ-A4YP-01Z-00-DX1.148BFF66-4DC7-468C-8783-97F27C2E1245,8,TCGA-NJ-A4YP-01,,269942.3445029349,0.2699423445029349,29362.239280143665,21.75,0.0007407473180939755,29340.489280143665,57.85586211655652,1471.5,0.05011538752070275,peritumoral,6.722281911702827,83.73172185843232,100.0,9,TCGA-NJ-A4YP-01,TCGA-NJ-A4YP,Male,Stage IB,52,0:LIVING,1.64,0,I,matched
TCGA-NJ-A55R,TCGA-NJ-A55R-01Z-00-DX1.2E2B3642-4E1C-47DB-AF7B-988D586C0986,1,TCGA-NJ-A55R-01,,86249908.03085758,86.24990803085758,931401.8448903861,7441.3125,0.007989368435141704,923960.5323903861,69.97957291238637,20542.8125,0.022055799666595703,peritumoral,37.95773978574915,64.58130238040752,97.07332009334742,2,TCGA-NJ-A55R-01,TCGA-NJ-A55R,Male,Stage IA,67,0:LIVING,19.81,0,I,matched
TCGA-NJ-A55R,TCGA-NJ-A55R-01Z-00-DX1.2E2B3642-4E1C-47DB-AF7B-988D586C0986,2,TCGA-NJ-A55R-01,,89327132.53429952,89.32713253429952,1068916.0894454939,15035.15625,0.01406579655639721,1053880.933195494,83.36911992008791,29059.084734025342,0.027185562104411677,peritumoral,32.351132783104134,62.84229916722409,99.06015552773184,3,TCGA-NJ-A55R-01,TCGA-NJ-A55R,Male,Stage IA,67,0:LIVING,19.81,0,I,matched
TCGA-NJ-A55R,TCGA-NJ-A55R-01Z-00-DX1.2E2B3642-4E1C-47DB-AF7B-988D586C0986,3,TCGA-NJ-A55R-01,,216941.04927491638,0.2169410492749164,101.125,0.0,0.0,101.125,131.73558981915252,0.0,0.0,immune-desert,0.0,0.0,100.0,4,TCGA-NJ-A55R-01,TCGA-NJ-A55R,Male,Stage IA,67,0:LIVING,19.81,0,I,matched
TCGA-NJ-A55R,TCGA-NJ-A55R-01Z-00-DX1.2E2B3642-4E1C-47DB-AF7B-988D586C0986,4,TCGA-NJ-A55R-01,,781868.9996779235,0.7818689996779236,28292.526764915398,0.0,0.0,28292.526764915398,79.36911887661347,0.0,0.0,peritumoral,0.6057253260692018,89.00108660929386,100.0,5,TCGA-NJ-A55R-01,TCGA-NJ-A55R,Male,Stage IA,67,0:LIVING,19.81,0,I,matched
TCGA-NJ-A55R,TCGA-NJ-A55R-01Z-00-DX1.2E2B3642-4E1C-47DB-AF7B-988D586C0986,5,TCGA-NJ-A55R-01,,341729.36679062335,0.3417293667906233,0.0,0.0,,0.0,,0.0,,immune-desert,,,,6,TCGA-NJ-A55R-01,TCGA-NJ-A55R,Male,Stage IA,67,0:LIVING,19.81,0,I,matched
TCGA-NJ-A55R,TCGA-NJ-A55R-01Z-00-DX1.2E2B3642-4E1C-47DB-AF7B-988D586C0986,6,TCGA-NJ-A55R-01,,315737.1818799137,0.31573718187991373,73.46875,0.0,0.0,73.46875,5.198031478357937,0.0,0.0,immune-desert,100.0,100.0,100.0,7,TCGA-NJ-A55R-01,TCGA-NJ-A55R,Male,Stage IA,67,0:LIVING,19.81,0,I,matched
TCGA-NJ-A55R,TCGA-NJ-A55R-01Z-00-DX1.2E2B3642-4E1C-47DB-AF7B-988D586C0986,7,TCGA-NJ-A55R-01,,267943.86508118775,0.2679438650811877,19.03125,0.0,0.0,19.03125,2.9633173977824243,19.03125,1.0,immune-desert,100.0,100.0,100.0,8,TCGA-NJ-A55R-01,TCGA-NJ-A55R,Male,Stage IA,67,0:LIVING,19.81,0,I,matched
TCGA-NJ-A55R,TCGA-NJ-A55R-01Z-00-DX1.2E2B3642-4E1C-47DB-AF7B-988D586C0986,8,TCGA-NJ-A55R-01,,2332389.74300029,2.33238974300029,1390.625,0.0,0.0,1390.625,96.35069813576858,0.0,0.0,peritumoral,30.341573033707864,100.0,100.0,9,TCGA-NJ-A55R-01,TCGA-NJ-A55R,Male,Stage IA,67,0:LIVING,19.81,0,I,matched
TCGA-NJ-A55R,TCGA-NJ-A55R-01Z-00-DX1.2E2B3642-4E1C-47DB-AF7B-988D586C0986,9,TCGA-NJ-A55R-01,,187739.65171175037,0.18773965171175036,8743.4417556214,0.0,0.0,8743.4417556214,40.706888621583445,1.2002618106439114,0.00013727566834561801,margin-localized,55.69589820750031,59.070927838255,100.0,10,TCGA-NJ-A55R-01,TCGA-NJ-A55R,Male,Stage IA,67,0:LIVING,19.81,0,I,matched
TCGA-NJ-A55R,TCGA-NJ-A55R-01Z-00-DX1.2E2B3642-4E1C-47DB-AF7B-988D586C0986,10,TCGA-NJ-A55R-01,,205567.96090547973,0.20556796090547974,7593.070250230792,60.8125,0.008008947368576182,7532.257750230792,32.212672195892104,215.6875,0.028405834911568763,margin-localized,73.04738159194834,90.30448190601658,100.0,11,TCGA-NJ-A55R-01,TCGA-NJ-A55R,Male,Stage IA,67,0:LIVING,19.81,0,I,matched
