patient_id,wsi_name,cluster_id,sample_id,master_roi_id,focus_ids,n_foci,n_intertumor_edges,master_area_mm2,tissue_fraction,tumor_stroma_ratio,tumor_pct_TS_compartment,stroma_pct_TS_compartment,TSR_category,TSR_stroma_fraction,TSR_compartment_stroma_fraction,TSR_reliable,sTIL_pct,sTILs_reliable,intratumoral_TIL_pct,iTILs_reliable,inter_tumor_sTILs_pct,inter_tumor_sTILs_reliable,mean_focus_gap_um,median_focus_gap_um,max_focus_gap_um,source_row,clinical__sample_id,subject_id,SEX,AJCC_PATHOLOGIC_TUMOR_STAGE,AGE,OS_STATUS,OS_MONTHS,OS_Status,stage,clinical_match
TCGA-05-4244,TCGA-05-4244-01Z-00-DX1.d4ff32cd-38cf-40ea-8213-45c2b100ac01,1,TCGA-05-4244-01,1,1;2,2,1,30.6958085,0.9219489116795756,4.089605049930859,80.35211003231804,19.647889967681966,stroma-low,0.19647889967681967,0.22102635863299758,True,62.47181485241491,True,7.435005925426845,True,100.0,True,120.5,120.5,120.5,2,TCGA-05-4244-01,TCGA-05-4244,MALE,Stage IV,70,0:LIVING,0,0,IV,matched
TCGA-05-4382,TCGA-05-4382-01Z-00-DX1.76b49a4c-dbbb-48b0-b677-6d3037e5ce88,1,TCGA-05-4382-01,1,1;2;3;4;5;6;7,7,7,32.0316715,0.9514959196902052,0.7930585811686578,44.229373735897006,55.770626264102994,stroma-high,0.55770626264103,0.5696727854588954,True,23.91360954752644,True,8.321217220210118,True,27.856756933194116,True,357.78944373135954,361.50052094952736,648.9497151748773,2,TCGA-05-4382-01,TCGA-05-4382,Male,Stage IB,68,0:LIVING,19.94,0,I,matched
TCGA-05-4395,TCGA-05-4395-01Z-00-DX1.20205276-ca16-46b2-914a-fe5e576a5cf9,1,TCGA-05-4395-01,1,1,1,0,40.17753175,0.9331405858219782,2.0880078951584573,67.61666310608035,32.38333689391964,stroma-low,0.3238333689391964,0.320401421600605,True,3.5529156258810803,True,1.9504981608044232,True,,False,,,,2,TCGA-05-4395-01,TCGA-05-4395,Male,Stage IIIB,76,1:DECEASED,0,1,III,matched
TCGA-05-4397,TCGA-05-4397-01Z-00-DX1.00e9cdb3-b50e-439c-86b0-d7b73b802c0d,1,TCGA-05-4397-01,1,1,1,0,25.729883,0.9006772012215493,96.02112078788973,98.9692965903927,1.0307034096073038,stroma-low,0.010307034096073038,0.013071809348848034,True,71.11388437494762,True,0.16867669564334312,True,,False,,,,2,TCGA-05-4397-01,TCGA-05-4397,Male,Stage IIB,65,1:DECEASED,24.01,1,II,matched
TCGA-05-4397,TCGA-05-4397-01Z-00-DX1.00e9cdb3-b50e-439c-86b0-d7b73b802c0d,2,TCGA-05-4397-01,2,2,1,0,72.58672975,0.8869773955976246,40.81341202238105,97.60842286808659,2.391577131913415,stroma-low,0.023915771319134152,0.03072074213511859,True,70.0185556870709,True,0.6631136886818111,True,,False,,,,3,TCGA-05-4397-01,TCGA-05-4397,Male,Stage IIB,65,1:DECEASED,24.01,1,II,matched
TCGA-05-4397,TCGA-05-4397-01Z-00-DX1.00e9cdb3-b50e-439c-86b0-d7b73b802c0d,3,TCGA-05-4397-01,3,3,1,0,0.6098505,1.0000000011364352,,100.0,0.0,stroma-low,0.0,0.0,True,,False,0.0,True,,False,,,,4,TCGA-05-4397-01,TCGA-05-4397,Male,Stage IIB,65,1:DECEASED,24.01,1,II,matched
TCGA-05-4397,TCGA-05-4397-01Z-00-DX1.00e9cdb3-b50e-439c-86b0-d7b73b802c0d,4,TCGA-05-4397-01,4,4,1,0,0.88573525,1.0000000001543456,,100.0,0.0,stroma-low,0.0,0.08497081980946261,True,100.0,True,0.0,True,,False,,,,5,TCGA-05-4397-01,TCGA-05-4397,Male,Stage IIB,65,1:DECEASED,24.01,1,II,matched
TCGA-05-4397,TCGA-05-4397-01Z-00-DX1.00e9cdb3-b50e-439c-86b0-d7b73b802c0d,5,TCGA-05-4397-01,5,5,1,0,0.464648,1.0000000021368578,19.8757627784259,95.20975587520351,4.7902441247964935,stroma-low,0.04790244124796494,0.05442321046486116,True,31.724584945563805,True,0.0400704276249243,True,,False,,,,6,TCGA-05-4397-01,TCGA-05-4397,Male,Stage IIB,65,1:DECEASED,24.01,1,II,matched
TCGA-05-4397,TCGA-05-4397-01Z-00-DX1.00e9cdb3-b50e-439c-86b0-d7b73b802c0d,6,TCGA-05-4397-01,6,6,1,0,0.3194455,0.9999999997407114,,100.0,0.0,stroma-low,0.0,0.000845143859967574,True,100.0,False,0.0,True,,False,,,,7,TCGA-05-4397-01,TCGA-05-4397,Male,Stage IIB,65,1:DECEASED,24.01,1,II,matched
TCGA-05-4415,TCGA-05-4415-01Z-00-DX1.55E0C429-B308-4962-8DA9-41D7D3F7764E,1,TCGA-05-4415-01,1,1,1,0,4.007589,0.8152173911521325,6.6378084041311505,86.90723899987962,13.092761000120381,stroma-low,0.13092761000120381,0.21144680872518365,True,82.09904151018594,True,12.100339357956148,True,,False,,,,2,TCGA-05-4415-01,TCGA-05-4415,Male,Stage IIIB,57,1:DECEASED,2.99,1,III,matched
TCGA-05-4415,TCGA-05-4415-01Z-00-DX1.55E0C429-B308-4962-8DA9-41D7D3F7764E,2,TCGA-05-4415-01,2,2,1,0,35.67625425,0.8835978838879358,17.43273448740435,94.57486896106853,5.425131038931475,stroma-low,0.05425131038931475,0.07327323273726508,True,88.91349094570661,True,2.488874003965334,True,,False,,,,3,TCGA-05-4415-01,TCGA-05-4415,Male,Stage IIIB,57,1:DECEASED,2.99,1,III,matched
TCGA-05-4415,TCGA-05-4415-01Z-00-DX1.55E0C429-B308-4962-8DA9-41D7D3F7764E,3,TCGA-05-4415-01,3,3,1,0,1.17614025,0.629629630082356,9.8466041038169,90.78052457314173,9.219475426858272,stroma-low,0.09219475426858273,0.16176570847433128,True,80.46330154838581,True,16.036074803409093,True,,False,,,,4,TCGA-05-4415-01,TCGA-05-4415,Male,Stage IIIB,57,1:DECEASED,2.99,1,III,matched
TCGA-05-4415,TCGA-05-4415-01Z-00-DX1.55E0C429-B308-4962-8DA9-41D7D3F7764E,4,TCGA-05-4415-01,4,4,1,0,7.7538135,0.83707865116817,4.13081112561311,80.5099042720949,19.490095727905096,stroma-low,0.19490095727905096,0.20209061733452535,True,25.997523568263738,True,2.751559818149703,True,,False,,,,5,TCGA-05-4415-01,TCGA-05-4415,Male,Stage IIIB,57,1:DECEASED,2.99,1,III,matched
TCGA-05-4415,TCGA-05-4415-01Z-00-DX1.55E0C429-B308-4962-8DA9-41D7D3F7764E,5,TCGA-05-4415-01,5,5,1,0,3.8623865,0.8270676682468957,4.318944023648079,81.19927572928029,18.800724270719712,stroma-low,0.18800724270719713,0.21224317394380207,True,32.86413017032502,True,8.39563821409848,True,,False,,,,6,TCGA-05-4415-01,TCGA-05-4415,Male,Stage IIIB,57,1:DECEASED,2.99,1,III,matched
TCGA-05-4418,TCGA-05-4418-01Z-00-DX1.f3863ea5-564f-482f-9878-cc104cf69401,1,TCGA-05-4418-01,1,1,1,0,10.90470775,0.8748335553161392,1.9695313986750564,66.32465309354266,33.67534690645734,stroma-low,0.33675346906457343,0.35150752835310994,True,41.664246405266034,True,12.324854508847109,True,,False,,,,2,TCGA-05-4418-01,TCGA-05-4418,Male,Stage IIIA,69,1:DECEASED,9,1,III,matched
TCGA-05-4418,TCGA-05-4418-01Z-00-DX1.f3863ea5-564f-482f-9878-cc104cf69401,2,TCGA-05-4418-01,2,2;3;4;5;7;8;9,7,6,73.76287,0.91397637815607,2.299442168951289,69.69184641542468,30.308153584575326,stroma-low,0.30308153584575326,0.2942839547333977,True,26.955080270056264,True,13.207007208777405,True,11.410199989642104,True,515.046509806646,371.29540481184483,993.7033060584347,3,TCGA-05-4418-01,TCGA-05-4418,Male,Stage IIIA,69,1:DECEASED,9,1,III,matched
TCGA-05-4418,TCGA-05-4418-01Z-00-DX1.f3863ea5-564f-482f-9878-cc104cf69401,3,TCGA-05-4418-01,3,6,1,0,0.36300625,0.9599999978940469,1.1053876641526772,52.502809006318806,47.49719099368118,stroma-low,0.4749719099368118,0.6612390641009114,True,76.90452102222821,True,49.59805078683025,True,,False,,,,4,TCGA-05-4418-01,TCGA-05-4418,Male,Stage IIIA,69,1:DECEASED,9,1,III,matched
TCGA-05-4432,TCGA-05-4432-01Z-00-DX1.90d00d62-402b-404a-85e2-0edf869193ab,1,TCGA-05-4432-01,1,1,1,0,0.348486,0.6249999960461233,1.0421115176839906,51.0310778162534,48.968922183746606,stroma-low,0.48968922183746605,0.5489504124820453,True,67.67251412647332,True,37.31661996261171,True,,False,,,,2,TCGA-05-4432-01,TCGA-05-4432,Male,Stage IIB,66,0:LIVING,25,0,II,matched
TCGA-05-4432,TCGA-05-4432-01Z-00-DX1.90d00d62-402b-404a-85e2-0edf869193ab,2,TCGA-05-4432-01,2,2,1,0,81.255319,0.9419228017609911,1.6591624405222432,62.39417401655214,37.605825983447865,stroma-low,0.37605825983447866,0.3594236281521779,True,29.69194679131248,True,12.403716818572018,True,,False,,,,3,TCGA-05-4432-01,TCGA-05-4432,Male,Stage IIB,66,0:LIVING,25,0,II,matched
TCGA-05-4432,TCGA-05-4432-01Z-00-DX1.90d00d62-402b-404a-85e2-0edf869193ab,3,TCGA-05-4432-01,3,3,1,0,0.24684425,1.000000000523869,0.2890538226690679,22.423720219111065,77.57627978088894,stroma-high,0.7757627978088893,0.7825879673742556,True,30.515589737948645,True,26.11404221975962,True,,False,,,,4,TCGA-05-4432-01,TCGA-05-4432,Male,Stage IIB,66,0:LIVING,25,0,II,matched
TCGA-35-4123,TCGA-35-4123-01Z-00-DX1.990553a8-657e-49ec-9782-e6d30a4c4909,1,TCGA-35-4123-01,1,1;3;4;6;9,5,4,56.886057,0.9523500106063354,2.1871987574503517,68.62448576002944,31.375514239970563,stroma-low,0.31375514239970564,0.31426875659415987,True,21.68916775429521,True,6.513767273427932,True,34.106873737255476,True,111.0,111.0,111.00000000000001,2,TCGA-35-4123-01,TCGA-35-4123,Male,Stage IA,38,0:LIVING,5.98,0,I,matched
TCGA-35-4123,TCGA-35-4123-01Z-00-DX1.990553a8-657e-49ec-9782-e6d30a4c4909,2,TCGA-35-4123-01,2,2;5;7;8,4,4,57.391218,0.9478316873586821,2.1589518890117265,68.34393067275082,31.65606932724919,stroma-low,0.3165606932724919,0.31631520973846194,True,20.465095780948474,True,7.0665586501300055,True,19.871813552930025,True,429.7268034179549,333.0001696606597,941.9068743505003,3,TCGA-35-4123-01,TCGA-35-4123,Male,Stage IA,38,0:LIVING,5.98,0,I,matched
TCGA-38-4629,TCGA-38-4629-01Z-00-DX1.d00cc280-5370-4b9f-9655-6c35deb94647,1,TCGA-38-4629-01,1,1,1,0,51.193755,0.9302045723720053,4.935807930745432,83.15309370405424,16.846906295945764,stroma-low,0.16846906295945763,0.16188675998192834,True,6.361082316882816,True,5.737756063159802,True,,False,,,,2,TCGA-38-4629-01,TCGA-38-4629,Male,Stage IIB,68,1:DECEASED,28.38,1,II,matched
TCGA-38-4629,TCGA-38-4629-01Z-00-DX1.d00cc280-5370-4b9f-9655-6c35deb94647,2,TCGA-38-4629-01,2,2,1,0,50.232717,0.9430954131260582,4.836808866207652,82.86735058621632,17.132649413783696,stroma-low,0.17132649413783696,0.16443994510109747,True,5.637893873946859,True,5.700401805941127,True,,False,,,,3,TCGA-38-4629-01,TCGA-38-4629,Male,Stage IIB,68,1:DECEASED,28.38,1,II,matched
TCGA-44-2656,TCGA-44-2656-01Z-00-DX1.5f247f31-4bb5-460d-a1f7-7dcdba33c835,1,TCGA-44-2656-01,1,1;2,2,1,20.526786,0.9831932774796471,2.2322426815692973,69.06172900623643,30.938270993763584,stroma-low,0.30938270993763584,0.3180915894986961,True,43.00775545848587,True,9.86635406813404,True,51.75115024301857,True,111.0,111.0,111.0,2,TCGA-44-2656-01,TCGA-44-2656,Male,Stage IB,59,0:LIVING,46.94,0,I,matched
TCGA-44-2656,TCGA-44-2656-01Z-00-DX1.5f247f31-4bb5-460d-a1f7-7dcdba33c835,2,TCGA-44-2656-01,2,3,1,0,1.589409,0.8914728661818729,1.051110617419206,51.24592542657488,48.754074573425115,stroma-low,0.48754074573425116,0.47979186771552707,True,40.55745358612025,True,24.717191184757148,True,,False,,,,3,TCGA-44-2656-01,TCGA-44-2656,Male,Stage IB,59,0:LIVING,46.94,0,I,matched
TCGA-44-2656,TCGA-44-2656-01Z-00-DX1.5f247f31-4bb5-460d-a1f7-7dcdba33c835,3,TCGA-44-2656-01,3,4,1,0,0.24642,1.0000000064512278,0.5768076012730472,36.58072175751546,63.41927824248453,stroma-high,0.6341927824248453,0.6662914363297168,True,44.80619389908989,True,32.066780813361596,True,,False,,,,4,TCGA-44-2656-01,TCGA-44-2656,Male,Stage IB,59,0:LIVING,46.94,0,I,matched
TCGA-44-2656,TCGA-44-2656-01Z-00-DX1.5f247f31-4bb5-460d-a1f7-7dcdba33c835,4,TCGA-44-2656-01,4,5,1,0,1.84815,0.7866666666371748,1.0869800702254695,52.08387400211427,47.916125997885736,stroma-low,0.47916125997885733,0.4603903723241405,True,37.02391944486654,True,26.380084433107548,True,,False,,,,5,TCGA-44-2656-01,TCGA-44-2656,Male,Stage IB,59,0:LIVING,46.94,0,I,matched
TCGA-44-2656,TCGA-44-2656-01Z-00-DX1.5f247f31-4bb5-460d-a1f7-7dcdba33c835,5,TCGA-44-2656-01,5,6;8,2,1,20.526786,0.9711884757893466,2.316497207636922,69.84770565471024,30.15229434528975,stroma-low,0.3015229434528975,0.31584533291217937,True,38.13986841142898,True,8.42995908986855,True,5.528897024343156,True,248.2421020415337,248.2421020415337,248.2421020415337,6,TCGA-44-2656-01,TCGA-44-2656,Male,Stage IB,59,0:LIVING,46.94,0,I,matched
TCGA-44-2656,TCGA-44-2656-01Z-00-DX1.5f247f31-4bb5-460d-a1f7-7dcdba33c835,6,TCGA-44-2656-01,6,7,1,0,0.332667,0.7037037033520325,1.6883294732551257,62.80217845511458,37.19782154488542,stroma-low,0.37197821544885423,0.4214778102987714,True,28.83984046151294,True,12.238458325857497,True,,False,,,,7,TCGA-44-2656-01,TCGA-44-2656,Male,Stage IB,59,0:LIVING,46.94,0,I,matched
TCGA-44-2656,TCGA-44-2656-01Z-00-DX1.5f247f31-4bb5-460d-a1f7-7dcdba33c835,7,TCGA-44-2656-01,7,9,1,0,0.394272,0.9062500002842171,0.30445182254603403,23.339445526765704,76.6605544732343,stroma-high,0.766605544732343,0.7896940053141938,True,34.45250507832164,True,16.806193379730324,True,,False,,,,8,TCGA-44-2656-01,TCGA-44-2656,Male,Stage IB,59,0:LIVING,46.94,0,I,matched
TCGA-44-2656,TCGA-44-2656-01Z-00-DX1.5f247f31-4bb5-460d-a1f7-7dcdba33c835,8,TCGA-44-2656-01,8,10,1,0,0.332667,0.7407407395313149,1.1682134247558817,53.87907903427037,46.12092096572963,stroma-low,0.46120920965729634,0.47299628615624606,True,26.006911263302214,True,20.733730892809593,True,,False,,,,9,TCGA-44-2656-01,TCGA-44-2656,Male,Stage IB,59,0:LIVING,46.94,0,I,matched
TCGA-44-2656,TCGA-44-2656-01Z-00-DX1.5f247f31-4bb5-460d-a1f7-7dcdba33c835,9,TCGA-44-2656-01,9,11,1,0,0.258741,0.9047618977035329,0.42005630319160686,29.580256941046727,70.41974305895327,stroma-high,0.7041974305895328,0.7290214808212506,True,35.64259871824408,True,27.10448608700265,True,,False,,,,10,TCGA-44-2656-01,TCGA-44-2656,Male,Stage IB,59,0:LIVING,46.94,0,I,matched
TCGA-44-2662,TCGA-44-2662-01Z-00-DX1.398f3f84-fd48-4454-b789-a3e90cd36d73,1,TCGA-44-2662-01,1,1,1,0,0.295704,0.9999999970632418,0.8159446855226219,44.93224336774312,55.06775663225688,stroma-high,0.5506775663225688,0.5715220176788541,True,10.470192238098672,True,0.007466742488334627,True,,False,,,,2,TCGA-44-2662-01,TCGA-44-2662,Male,Stage IB,65,0:LIVING,42.05,0,I,matched
TCGA-44-2662,TCGA-44-2662-01Z-00-DX1.398f3f84-fd48-4454-b789-a3e90cd36d73,2,TCGA-44-2662-01,2,2;4;9;11;15;16;17;19;26;31;33;36,12,14,19.380933,0.982835345783695,0.614446358738484,38.059261332077185,61.940738667922815,stroma-high,0.6194073866792281,0.6380424659948634,True,17.43858804355131,True,6.2454592483345905,True,20.491124087315168,True,365.0585056890939,342.024585944591,915.3642991905276,3,TCGA-44-2662-01,TCGA-44-2662,Male,Stage IB,65,0:LIVING,42.05,0,I,matched
TCGA-44-2662,TCGA-44-2662-01Z-00-DX1.398f3f84-fd48-4454-b789-a3e90cd36d73,3,TCGA-44-2662-01,3,3;7;8;10;13;14;18;21;23;25,10,13,16.448535,0.9865168530211942,0.6170671011448687,38.159647222307036,61.84035277769298,stroma-high,0.6184035277769298,0.6399907266666641,True,18.518654588661683,True,6.042954934114594,True,35.435278399986395,True,440.52980730689694,400.25604422939443,894.9498198729641,4,TCGA-44-2662-01,TCGA-44-2662,Male,Stage IB,65,0:LIVING,42.05,0,I,matched
TCGA-44-2662,TCGA-44-2662-01Z-00-DX1.398f3f84-fd48-4454-b789-a3e90cd36d73,4,TCGA-44-2662-01,4,5;6,2,1,2.267064,0.9619565225867202,0.5099891912875248,33.77436038814765,66.22563961185234,stroma-high,0.6622563961185235,0.6653216326804149,True,2.2836886604635755,True,0.38189734958822735,True,0.0,True,496.44564737767917,496.44564737767917,496.44564737767917,5,TCGA-44-2662-01,TCGA-44-2662,Male,Stage IB,65,0:LIVING,42.05,0,I,matched
TCGA-44-2662,TCGA-44-2662-01Z-00-DX1.398f3f84-fd48-4454-b789-a3e90cd36d73,5,TCGA-44-2662-01,5,12;20;28;29;32;34;35;37;39;40;41;43;44;45;46;47;50;52;54,19,30,21.216762,0.9831591176773492,0.572968669940167,36.42594292497649,63.57405707502352,stroma-high,0.6357405707502352,0.656960367384382,True,16.525673853276615,True,4.896276642959984,True,25.29588858833715,True,403.99988752766524,342.024585944591,948.4214148207795,6,TCGA-44-2662-01,TCGA-44-2662,Male,Stage IB,65,0:LIVING,42.05,0,I,matched
TCGA-44-2662,TCGA-44-2662-01Z-00-DX1.398f3f84-fd48-4454-b789-a3e90cd36d73,6,TCGA-44-2662-01,6,22,1,0,0.184815,1.00000000693423,4.861309534985492,82.93896621512455,17.061033784875434,stroma-low,0.17061033784875435,0.46842128841497793,True,93.74485714376813,True,14.92166450130625,True,,False,,,,7,TCGA-44-2662-01,TCGA-44-2662,Male,Stage IB,65,0:LIVING,42.05,0,I,matched
TCGA-44-2662,TCGA-44-2662-01Z-00-DX1.398f3f84-fd48-4454-b789-a3e90cd36d73,7,TCGA-44-2662-01,7,24,1,0,0.394272,1.000000003395371,2.080507487009847,67.53781627810069,32.462183721899315,stroma-low,0.3246218372189931,0.5457979505356572,True,79.36441853758764,True,9.931036093486417,True,,False,,,,8,TCGA-44-2662-01,TCGA-44-2662,Male,Stage IB,65,0:LIVING,42.05,0,I,matched
TCGA-44-2662,TCGA-44-2662-01Z-00-DX1.398f3f84-fd48-4454-b789-a3e90cd36d73,8,TCGA-44-2662-01,8,27,1,0,0.357309,0.9999999992887123,0.4669203324506445,31.829972093345045,68.17002790665495,stroma-high,0.6817002790665495,0.757340008737498,True,46.795908077822936,True,17.457732785190554,True,,False,,,,9,TCGA-44-2662-01,TCGA-44-2662,Male,Stage IB,65,0:LIVING,42.05,0,I,matched
TCGA-44-2662,TCGA-44-2662-01Z-00-DX1.398f3f84-fd48-4454-b789-a3e90cd36d73,9,TCGA-44-2662-01,9,30,1,0,0.197136,1.0000000042205102,7.577673193552937,88.34182677008947,11.658173229910528,stroma-low,0.11658173229910528,0.5874387142970392,True,97.2904006140352,True,38.0544638367996,True,,False,,,,10,TCGA-44-2662-01,TCGA-44-2662,Male,Stage IB,65,0:LIVING,42.05,0,I,matched
TCGA-44-2662,TCGA-44-2662-01Z-00-DX1.398f3f84-fd48-4454-b789-a3e90cd36d73,10,TCGA-44-2662-01,10,38;51;57,3,2,1.934397,0.8407643271243006,0.5084874014517919,33.70842878518015,66.29157121481984,stroma-high,0.6629157121481984,0.6604039596207831,True,3.5243538862308577,True,3.7697771496674415,True,3.30974938945848,True,573.0309959663127,573.0309959663127,702.0619919326255,11,TCGA-44-2662-01,TCGA-44-2662,Male,Stage IB,65,0:LIVING,42.05,0,I,matched
TCGA-44-2662,TCGA-44-2662-01Z-00-DX1.398f3f84-fd48-4454-b789-a3e90cd36d73,11,TCGA-44-2662-01,11,42;48;49,3,2,3.659337,0.9663299657970699,0.5763658577804333,36.56294983399173,63.43705016600827,stroma-high,0.6343705016600827,0.6384322946927109,True,5.799479316481469,True,2.8804724067580567,True,0.0,True,333.00016966065976,333.00016966065976,555.0003393213195,12,TCGA-44-2662-01,TCGA-44-2662,Male,Stage IB,65,0:LIVING,42.05,0,I,matched
TCGA-44-2662,TCGA-44-2662-01Z-00-DX1.398f3f84-fd48-4454-b789-a3e90cd36d73,12,TCGA-44-2662-01,12,53;55;56;58;59;60;61;62;63;64;65;66;67,13,20,18.838809,0.9718770439570668,0.610127404247063,37.893113466531815,62.106886533468185,stroma-high,0.6210688653346819,0.6421479680333955,True,20.473854426152876,True,6.971977186833728,True,32.17034008289747,True,433.0277524500252,351.04917188918375,999.0001885118841,13,TCGA-44-2662-01,TCGA-44-2662,Male,Stage IB,65,0:LIVING,42.05,0,I,matched
TCGA-44-2668,TCGA-44-2668-01Z-00-DX1.f66fa464-dad1-4a9f-8486-3d7579ca42b6,1,TCGA-44-2668-01,1,1;5;6,3,2,13.663989,0.9639314700458228,1.0670632796117092,51.62218738712989,48.3778126128701,stroma-low,0.483778126128701,0.49241027506382795,True,22.312377230612903,True,8.698118843639746,True,34.86494828304376,True,333.0,333.0,555.0,2,TCGA-44-2668-01,TCGA-44-2668,Male,Stage IB,51,1:DECEASED,25,1,I,matched
TCGA-44-2668,TCGA-44-2668-01Z-00-DX1.f66fa464-dad1-4a9f-8486-3d7579ca42b6,2,TCGA-44-2668-01,2,2;3,2,1,13.663989,0.9486023446924081,1.0952299146836528,52.27254092775855,47.72745907224146,stroma-low,0.47727459072241457,0.4797119127917184,True,19.26633441868854,True,8.59946701013779,True,0.09859138484069885,True,313.99605265684613,313.99605265684613,313.99605265684613,3,TCGA-44-2668-01,TCGA-44-2668,Male,Stage IB,51,1:DECEASED,25,1,I,matched
TCGA-44-2668,TCGA-44-2668-01Z-00-DX1.f66fa464-dad1-4a9f-8486-3d7579ca42b6,3,TCGA-44-2668-01,3,4;8;9;10,4,6,14.144508,0.9608013933231494,1.0904647072135467,52.163746340738996,47.836253659261,stroma-low,0.47836253659260997,0.48907979679783764,True,22.16207687008038,True,8.70877805112765,True,23.75991373180537,True,336.00825186841683,231.02458594459074,777.0,4,TCGA-44-2668-01,TCGA-44-2668,Male,Stage IB,51,1:DECEASED,25,1,I,matched
TCGA-44-2668,TCGA-44-2668-01Z-00-DX1.f66fa464-dad1-4a9f-8486-3d7579ca42b6,4,TCGA-44-2668-01,4,7,1,0,0.36963,0.8333333351169737,0.27232157917498984,21.40351807532582,78.59648192467418,stroma-high,0.7859648192467418,0.7840178009420543,True,27.142150134910427,True,24.832730418241336,True,,False,,,,5,TCGA-44-2668-01,TCGA-44-2668,Male,Stage IB,51,1:DECEASED,25,1,I,matched
TCGA-44-7660,TCGA-44-7660-01Z-00-DX1.f96c114b-f0fc-498a-97cc-e262344de357,1,TCGA-44-7660-01,1,1;6;9;13;14,5,4,19.738242,0.9531835204383701,0.5784676856654544,36.64742021130338,63.352579788696616,stroma-high,0.6335257978869662,0.6378956458814216,True,7.444890363548976,True,3.01640754971601,True,5.144492268631506,True,337.51257573972833,286.5250100955604,666.0002827677926,2,TCGA-44-7660-01,TCGA-44-7660,Male,Stage IB,72,0:LIVING,19.45,0,I,matched
TCGA-44-7660,TCGA-44-7660-01Z-00-DX1.f96c114b-f0fc-498a-97cc-e262344de357,2,TCGA-44-7660-01,2,2;3;4;10;11,5,5,20.157156,0.9480440097123538,0.5251052969664615,34.43075688025816,65.56924311974186,stroma-high,0.6556924311974185,0.6562196943853407,True,3.9263197325791395,True,2.15186373626221,True,1.4657137965048175,True,512.4440415442241,666.0002827677926,888.0002120758642,3,TCGA-44-7660-01,TCGA-44-7660,Male,Stage IB,72,0:LIVING,19.45,0,I,matched
TCGA-44-7660,TCGA-44-7660-01Z-00-DX1.f96c114b-f0fc-498a-97cc-e262344de357,3,TCGA-44-7660-01,3,5,1,0,0.258741,0.9047619072495893,0.28662496346999977,22.27727361180514,77.72272638819486,stroma-high,0.7772272638819486,0.7796839892734597,True,1.9764577766641378,True,0.0,True,,False,,,,4,TCGA-44-7660-01,TCGA-44-7660,Male,Stage IB,72,0:LIVING,19.45,0,I,matched
TCGA-44-7660,TCGA-44-7660-01Z-00-DX1.f96c114b-f0fc-498a-97cc-e262344de357,4,TCGA-44-7660-01,4,7;12;15,3,2,1.022643,0.8674698789018074,0.24689728780627634,19.800932299777,80.199067700223,stroma-high,0.80199067700223,0.8082447136227281,True,6.96025736071077,True,1.3667864978059407,True,0.04705370447154218,True,632.8937614622301,632.8937614622301,710.7871836031409,5,TCGA-44-7660-01,TCGA-44-7660,Male,Stage IB,72,0:LIVING,19.45,0,I,matched
TCGA-44-7660,TCGA-44-7660-01Z-00-DX1.f96c114b-f0fc-498a-97cc-e262344de357,5,TCGA-44-7660-01,5,8,1,0,0.850149,0.9565217394685032,0.33304311418565985,24.98367161883672,75.01632838116328,stroma-high,0.7501632838116328,0.753011502763261,True,2.9094268023119754,True,0.5747403995315903,True,,False,,,,6,TCGA-44-7660-01,TCGA-44-7660,Male,Stage IB,72,0:LIVING,19.45,0,I,matched
TCGA-44-7660,TCGA-44-7660-01Z-00-DX1.f96c114b-f0fc-498a-97cc-e262344de357,6,TCGA-44-7660-01,6,16;19;20;21;26;27,6,6,19.775205,0.9489096572056143,0.5270184448920872,34.512906288393324,65.48709371160668,stroma-high,0.6548709371160667,0.6570705663796587,True,4.801434893635903,True,2.075842889475346,True,0.33377520103228003,True,356.14722818763016,286.5245859445916,845.3885498589191,7,TCGA-44-7660-01,TCGA-44-7660,Male,Stage IB,72,0:LIVING,19.45,0,I,matched
TCGA-44-7660,TCGA-44-7660-01Z-00-DX1.f96c114b-f0fc-498a-97cc-e262344de357,7,TCGA-44-7660-01,7,17;18;22;23;24;25;28;29,8,8,20.69928,0.9446428572632384,0.5127688830912004,33.8960490807694,66.1039509192306,stroma-high,0.661039509192306,0.6635557914219778,True,5.698890502334386,True,2.6318612965622052,True,6.376273009255233,True,421.84849893889157,444.0001413838963,777.0002423724073,8,TCGA-44-7660-01,TCGA-44-7660,Male,Stage IB,72,0:LIVING,19.45,0,I,matched
TCGA-44-7662,TCGA-44-7662-01Z-00-DX1.2f0b6cea-795a-40ad-93a9-319858e6fb3b,1,TCGA-44-7662-01,1,1,1,0,10.22643,0.8746987957592448,1.42368409213666,58.740497441709714,41.259502558290286,stroma-low,0.4125950255829029,0.4010214624179985,True,24.342535000363046,True,9.991965397302847,True,,False,,,,2,TCGA-44-7662-01,TCGA-44-7662,Male,Stage IB,61,0:LIVING,7.16,0,I,matched
TCGA-44-7662,TCGA-44-7662-01Z-00-DX1.2f0b6cea-795a-40ad-93a9-319858e6fb3b,2,TCGA-44-7662-01,2,2,1,0,7.712946,0.8178913736706765,1.6154218020823918,61.76524952098347,38.234750479016526,stroma-low,0.38234750479016527,0.3780041606994723,True,29.19227001974376,True,7.947596993014444,True,,False,,,,3,TCGA-44-7662-01,TCGA-44-7662,Male,Stage IB,61,0:LIVING,7.16,0,I,matched
TCGA-44-7662,TCGA-44-7662-01Z-00-DX1.2f0b6cea-795a-40ad-93a9-319858e6fb3b,3,TCGA-44-7662-01,3,3,1,0,0.209457,0.7058823526081944,3.1551804727678863,75.93365663528277,24.066343364717223,stroma-low,0.24066343364717224,0.2540143102907742,True,38.36061672678206,True,14.276126660926167,True,,False,,,,4,TCGA-44-7662-01,TCGA-44-7662,Male,Stage IB,61,0:LIVING,7.16,0,I,matched
TCGA-49-6745,TCGA-49-6745-01Z-00-DX6.3174fffa-c17c-44d1-8d21-1921a9ec1bee,1,TCGA-49-6745-01,1,1;3;4;6,4,3,53.694918,0.9446994032783714,1.87714105363323,65.24327513462684,34.75672486537315,stroma-low,0.3475672486537315,0.3228167450207371,True,27.88161945820562,True,16.08585555721863,True,50.03510942105307,True,308.0206639775421,111.0,702.0619919326263,2,TCGA-49-6745-01,TCGA-49-6745,Male,Stage IIIA,82,0:LIVING,17.15,0,III,matched
TCGA-49-6745,TCGA-49-6745-01Z-00-DX6.3174fffa-c17c-44d1-8d21-1921a9ec1bee,2,TCGA-49-6745-01,2,2,1,0,0.234099,0.7894736893733926,3.0811154753338355,75.49689524729266,24.503104752707344,stroma-low,0.24503104752707344,0.41868162865155895,True,82.64678926571999,True,21.535981620774848,True,,False,,,,3,TCGA-49-6745-01,TCGA-49-6745,Male,Stage IIIA,82,0:LIVING,17.15,0,III,matched
TCGA-49-6745,TCGA-49-6745-01Z-00-DX6.3174fffa-c17c-44d1-8d21-1921a9ec1bee,3,TCGA-49-6745-01,3,5;7;8,3,2,52.043904,0.955965909379618,2.6064457635233538,72.2718691595395,27.72813084046049,stroma-low,0.2772813084046049,0.2680243392907251,True,14.058098878958072,True,9.285144565669244,True,6.571067105711519,True,447.7585953957997,447.7585953957997,647.2750887500641,4,TCGA-49-6745-01,TCGA-49-6745,Male,Stage IIIA,82,0:LIVING,17.15,0,III,matched
TCGA-49-AAR9,TCGA-49-AAR9-01Z-00-DX1.B6A9966E-89B8-404B-8ABC-1F8F8553D4DA,1,TCGA-49-AAR9-01,1,1;2,2,1,0.924075,1.0000000004156027,0.1466891738601037,12.79240941695677,87.20759058304323,stroma-high,0.8720759058304323,0.8719859698020751,True,0.0013239504754340126,True,0.11078017614265526,True,0.0,True,496.4456473776806,496.4456473776806,496.4456473776806,2,TCGA-49-AAR9-01,TCGA-49-AAR9,Male,Stage IIB,61,1:DECEASED,8.54,1,II,matched
TCGA-49-AAR9,TCGA-49-AAR9-01Z-00-DX1.B6A9966E-89B8-404B-8ABC-1F8F8553D4DA,2,TCGA-49-AAR9-01,2,3,1,0,0.271062,0.9999999955213174,0.27900429278954947,21.814179542824842,78.18582045717515,stroma-high,0.7818582045717516,0.7818136470821075,True,0.0,True,0.0310792034373115,True,,False,,,,3,TCGA-49-AAR9-01,TCGA-49-AAR9,Male,Stage IIB,61,1:DECEASED,8.54,1,II,matched
TCGA-50-5066,TCGA-50-5066-02Z-00-DX1.A2CA045A-7956-4E04-9EC9-5856FC789110,1,TCGA-50-5066-02,1,1,1,0,4.053609,0.936170213205495,1.6077633382931182,61.65296193424751,38.34703806575249,stroma-low,0.3834703806575249,0.4270090037023654,True,48.2758816968728,True,14.322483930892629,True,,False,,,,2,TCGA-50-5066-02,TCGA-50-5066,Male,Stage IB,72,0:LIVING,47.37,0,I,matched
TCGA-50-5066,TCGA-50-5066-02Z-00-DX1.A2CA045A-7956-4E04-9EC9-5856FC789110,2,TCGA-50-5066-02,2,2;6;7;10;11;12;13;14;15;16;17;18;19;20;21,15,15,141.112413,0.9415000440313737,1.6562834273195628,62.35341493625577,37.64658506374424,stroma-low,0.37646585063744237,0.3862566982541945,True,44.71287585712905,True,20.94034267410819,True,32.926395257332175,True,405.43587395773307,351.0491718891815,845.3885498589187,3,TCGA-50-5066-02,TCGA-50-5066,Male,Stage IB,72,0:LIVING,47.37,0,I,matched
TCGA-50-5066,TCGA-50-5066-02Z-00-DX1.A2CA045A-7956-4E04-9EC9-5856FC789110,3,TCGA-50-5066-02,3,3,1,0,0.566766,0.5869565221782187,2.3675210516126155,70.30456574217622,29.69543425782377,stroma-low,0.2969543425782377,0.32043382888889205,True,40.85578406435811,True,33.00297723569905,True,,False,,,,4,TCGA-50-5066-02,TCGA-50-5066,Male,Stage IB,72,0:LIVING,47.37,0,I,matched
TCGA-50-5066,TCGA-50-5066-02Z-00-DX1.A2CA045A-7956-4E04-9EC9-5856FC789110,4,TCGA-50-5066-02,4,4,1,0,0.628371,0.6862745125172831,20.943713800126492,95.44288624474207,4.557113755257944,stroma-low,0.045571137552579445,0.15242604227449857,True,95.67629254519086,True,41.859124721788724,True,,False,,,,5,TCGA-50-5066-02,TCGA-50-5066,Male,Stage IB,72,0:LIVING,47.37,0,I,matched
TCGA-50-5066,TCGA-50-5066-02Z-00-DX1.A2CA045A-7956-4E04-9EC9-5856FC789110,5,TCGA-50-5066-02,5,5,1,0,0.271062,0.8181818161576964,3.370157552703392,77.11752979291565,22.882470207084346,stroma-low,0.22882470207084346,0.3874648319139383,True,66.1560279355219,True,29.33070969244812,True,,False,,,,6,TCGA-50-5066-02,TCGA-50-5066,Male,Stage IB,72,0:LIVING,47.37,0,I,matched
TCGA-50-5066,TCGA-50-5066-02Z-00-DX1.A2CA045A-7956-4E04-9EC9-5856FC789110,6,TCGA-50-5066-02,6,8;9,2,1,2.451879,0.8844221101007586,0.9147977973698906,47.77516449133322,52.22483550866678,stroma-high,0.5222483550866678,0.5712613006983831,True,45.34793422363587,True,26.777274220033796,True,42.19740847989027,True,333.000565535225,333.000565535225,333.000565535225,7,TCGA-50-5066-02,TCGA-50-5066,Male,Stage IB,72,0:LIVING,47.37,0,I,matched
TCGA-55-1592,TCGA-55-1592-01Z-00-DX1.ee15e261-2f9c-4a93-a19f-27cb1c3bae15,1,TCGA-55-1592-01,1,1;3;6,3,2,24.062913,0.89912954381896,1.3157255014048774,56.8169889136976,43.1830110863024,stroma-low,0.431830110863024,0.44030834136619273,True,24.549728759203678,True,3.963384225652332,True,0.004300724563142247,True,166.5,166.5,222.0,2,TCGA-55-1592-01,TCGA-55-1592,Male,Stage IA,65,1:DECEASED,23.03,1,I,matched
TCGA-55-1592,TCGA-55-1592-01Z-00-DX1.ee15e261-2f9c-4a93-a19f-27cb1c3bae15,2,TCGA-55-1592-01,2,2;4,2,1,29.890746,0.9101401481417061,1.6598126855177995,62.40336752114839,37.596632478851596,stroma-low,0.375966324788516,0.386662208711789,True,35.58496967021313,True,6.003452727118339,True,52.2939367816226,True,222.000848301937,222.000848301937,222.000848301937,3,TCGA-55-1592-01,TCGA-55-1592,Male,Stage IA,65,1:DECEASED,23.03,1,I,matched
TCGA-55-1592,TCGA-55-1592-01Z-00-DX1.ee15e261-2f9c-4a93-a19f-27cb1c3bae15,3,TCGA-55-1592-01,3,5,1,0,5.840154,0.7953586504540469,2.590641255334561,72.14982146951286,27.850178530487142,stroma-low,0.2785017853048714,0.3035042966079572,True,40.386773114239304,True,3.740998846853963,True,,False,,,,4,TCGA-55-1592-01,TCGA-55-1592,Male,Stage IA,65,1:DECEASED,23.03,1,I,matched
TCGA-55-1592,TCGA-55-1592-01Z-00-DX1.ee15e261-2f9c-4a93-a19f-27cb1c3bae15,4,TCGA-55-1592-01,4,7,1,0,3.067929,0.8112449788290887,2.7337616630092016,73.21735851789597,26.782641482104037,stroma-low,0.26782641482104036,0.3187593187538392,True,60.404672689255904,True,6.044354498695721,True,,False,,,,5,TCGA-55-1592-01,TCGA-55-1592,Male,Stage IA,65,1:DECEASED,23.03,1,I,matched
TCGA-55-1592,TCGA-55-1592-01Z-00-DX1.ee15e261-2f9c-4a93-a19f-27cb1c3bae15,5,TCGA-55-1592-01,5,8,1,0,7.035291,0.8476357271067135,2.6997894206188207,72.97143468687628,27.028565313123732,stroma-low,0.2702856531312373,0.28216107548709934,True,37.738196231955186,True,6.463528050260589,True,,False,,,,6,TCGA-55-1592-01,TCGA-55-1592,Male,Stage IA,65,1:DECEASED,23.03,1,I,matched
TCGA-55-1592,TCGA-55-1592-01Z-00-DX1.ee15e261-2f9c-4a93-a19f-27cb1c3bae15,6,TCGA-55-1592-01,6,9,1,0,2.722941,0.8099547528161658,4.71264078995576,82.4949609686951,17.505039031304896,stroma-low,0.17505039031304895,0.2534156958123673,True,67.91300637295554,True,8.871203808772547,True,,False,,,,7,TCGA-55-1592-01,TCGA-55-1592,Male,Stage IA,65,1:DECEASED,23.03,1,I,matched
TCGA-55-1592,TCGA-55-1592-01Z-00-DX1.ee15e261-2f9c-4a93-a19f-27cb1c3bae15,7,TCGA-55-1592-01,7,10,1,0,5.445882,0.8076923069295832,3.0590235985259664,75.36353323091915,24.63646676908087,stroma-low,0.24636466769080867,0.26179631322109836,True,41.89172729754358,True,2.912706859563485,True,,False,,,,8,TCGA-55-1592-01,TCGA-55-1592,Male,Stage IA,65,1:DECEASED,23.03,1,I,matched
TCGA-55-1594,TCGA-55-1594-01Z-00-DX1.bd90c500-7c0b-4c45-a3f7-2d9177384b1d,1,TCGA-55-1594-01,1,1,1,0,0.172494,0.9999999988857391,0.2805333644527194,21.90754042340905,78.09245957659095,stroma-high,0.7809245957659096,0.7346603757539459,True,21.98012118782595,True,38.7023199263662,True,,False,,,,2,TCGA-55-1594-01,TCGA-55-1594,Male,Stage IIIA,68,0:LIVING,38.7,0,III,matched
TCGA-55-1594,TCGA-55-1594-01Z-00-DX1.bd90c500-7c0b-4c45-a3f7-2d9177384b1d,2,TCGA-55-1594-01,2,2,1,0,174.847311,0.9767458249045727,2.2657950419987545,69.37958484412503,30.62041515587497,stroma-low,0.3062041515587497,0.30961758882916907,True,20.72101292416748,True,2.2794032090594745,True,,False,,,,3,TCGA-55-1594-01,TCGA-55-1594,Male,Stage IIIA,68,0:LIVING,38.7,0,III,matched
TCGA-55-6975,TCGA-55-6975-01Z-00-DX1.2762a872-b1c3-47fd-8ed5-b715a5b20163,1,TCGA-55-6975-01,1,1;2;3;4;5;6;7;8;9;10;11;12,12,17,22.485825,0.9463013693787549,0.5874316044387206,37.00515995751659,62.99484004248341,stroma-high,0.6299484004248341,0.6307453822450292,True,1.1863099587700532,True,0.529795861609731,True,0.49537651356006196,True,560.2769839407415,470.9737580802616,954.898193499565,2,TCGA-55-6975-01,TCGA-55-6975,Male,Stage IIB,61,1:DECEASED,3.88,1,II,matched
TCGA-55-6980,TCGA-55-6980-01Z-00-DX1.2f1d1858-42b9-4e3b-966d-2f3f429570a6,1,TCGA-55-6980-01,1,1,1,0,0.850149,0.7971014498804266,0.9083652175040272,47.599128781653675,52.400871218346325,stroma-high,0.5240087121834632,0.5516463114528917,True,37.544814579371824,True,8.06226403466758,True,,False,,,,2,TCGA-55-6980-01,TCGA-55-6980,Male,Stage IA,56,0:LIVING,69.28,0,I,matched
TCGA-55-6980,TCGA-55-6980-01Z-00-DX1.2f1d1858-42b9-4e3b-966d-2f3f429570a6,2,TCGA-55-6980-01,2,2,1,0,0.480519,0.8974358947497633,0.5727376293533073,36.41660367653382,63.58339632346618,stroma-high,0.6358339632346618,0.6554780941294808,True,20.11817237103298,True,8.322157639352122,True,,False,,,,3,TCGA-55-6980-01,TCGA-55-6980,Male,Stage IA,56,0:LIVING,69.28,0,I,matched
TCGA-55-6980,TCGA-55-6980-01Z-00-DX1.2f1d1858-42b9-4e3b-966d-2f3f429570a6,3,TCGA-55-6980-01,3,3;6;10;12;13;14;15;16;17;19,10,9,52.339608,0.961393597211331,0.5437330659526408,35.221961487046464,64.77803851295353,stroma-high,0.6477803851295353,0.6424035847084154,True,8.178947645055404,True,5.751607680540067,True,5.627888888803505,True,329.8593594701171,222.00084830193705,888.000212075864,4,TCGA-55-6980-01,TCGA-55-6980,Male,Stage IA,56,0:LIVING,69.28,0,I,matched
TCGA-55-6980,TCGA-55-6980-01Z-00-DX1.2f1d1858-42b9-4e3b-966d-2f3f429570a6,4,TCGA-55-6980-01,4,4,1,0,0.443556,0.8333333346597808,0.44649744789344037,30.867489503260614,69.13251049673939,stroma-high,0.6913251049673939,0.6960819648775058,True,12.685140280082813,True,7.655824294476432,True,,False,,,,5,TCGA-55-6980-01,TCGA-55-6980,Male,Stage IA,56,0:LIVING,69.28,0,I,matched
TCGA-55-6980,TCGA-55-6980-01Z-00-DX1.2f1d1858-42b9-4e3b-966d-2f3f429570a6,5,TCGA-55-6980-01,5,5,1,0,0.443556,1.0000000008010628,0.38802471656027665,27.95517341520094,72.04482658479905,stroma-high,0.7204482658479906,0.7029458835861635,True,2.7488572380390446,True,10.706026766208888,True,,False,,,,6,TCGA-55-6980-01,TCGA-55-6980,Male,Stage IA,56,0:LIVING,69.28,0,I,matched
TCGA-55-6980,TCGA-55-6980-01Z-00-DX1.2f1d1858-42b9-4e3b-966d-2f3f429570a6,6,TCGA-55-6980-01,6,7;8;9;11;18;21;22,7,7,73.322271,0.9818517901814406,0.5301465537185354,34.64678284770714,65.35321715229287,stroma-high,0.6535321715229286,0.6349024590510483,True,11.527884522278898,True,10.883811729652836,True,5.495231543696639,True,298.57667288249,313.9960526568448,555.0402333690089,7,TCGA-55-6980-01,TCGA-55-6980,Male,Stage IA,56,0:LIVING,69.28,0,I,matched
TCGA-55-6980,TCGA-55-6980-01Z-00-DX1.2f1d1858-42b9-4e3b-966d-2f3f429570a6,7,TCGA-55-6980-01,7,20,1,0,0.800865,1.0000000042057273,0.23232403005806473,18.85251154658715,81.14748845341285,stroma-high,0.8114748845341285,0.7946087172488735,True,2.205150650641363,True,14.634118850701693,True,,False,,,,8,TCGA-55-6980-01,TCGA-55-6980,Male,Stage IA,56,0:LIVING,69.28,0,I,matched
TCGA-55-7903,TCGA-55-7903-01Z-00-DX1.40fc5dcb-b5bb-46b4-90bd-2eeb3ea880f5,1,TCGA-55-7903-01,1,1,1,0,18.641673,0.9153998672975519,3.4513747853642966,77.53503022733771,22.46496977266229,stroma-low,0.22464969772662288,0.2243563808014768,True,7.566129682984527,True,2.4104390429294376,True,,False,,,,2,TCGA-55-7903-01,TCGA-55-7903,Male,Stage IA,64,0:LIVING,18.63,0,I,matched
TCGA-55-7907,TCGA-55-7907-01Z-00-DX1.f5a264f5-3926-4d09-82f3-cd38d554f3db,1,TCGA-55-7907-01,1,1;2;3,3,2,1.207458,0.8367346920139407,0.45869600018975976,31.4456199324663,68.5543800675337,stroma-high,0.685543800675337,0.7353678583388915,True,45.41314749116388,True,27.752635615673015,True,2.53323037713825,True,691.3558452339342,691.3558452339342,784.9210409438689,2,TCGA-55-7907-01,TCGA-55-7907,Male,Stage IIA,77,1:DECEASED,11.27,1,II,matched
TCGA-55-7907,TCGA-55-7907-01Z-00-DX1.f5a264f5-3926-4d09-82f3-cd38d554f3db,2,TCGA-55-7907-01,2,4;5;6;7;8;10;12;13;15;16;17,11,15,30.876426,0.9832402235290821,0.64825371995814,39.329728919077056,60.670271080922944,stroma-high,0.6067027108092294,0.6190822917831031,True,30.186309954349472,True,14.29695217553256,True,20.15533981405851,True,501.6178342932796,555.040233369011,992.8527382994578,3,TCGA-55-7907-01,TCGA-55-7907,Male,Stage IIA,77,1:DECEASED,11.27,1,II,matched
TCGA-55-7907,TCGA-55-7907-01Z-00-DX1.f5a264f5-3926-4d09-82f3-cd38d554f3db,3,TCGA-55-7907-01,3,9;14,2,1,3.610053,1.000000001697887,0.8263570291933537,45.246193158537594,54.753806841462406,stroma-high,0.547538068414624,0.596220186133415,True,41.4288289327034,True,14.6103761144794,True,68.29529931740878,True,313.99605265684613,313.99605265684613,313.99605265684613,4,TCGA-55-7907-01,TCGA-55-7907,Male,Stage IIA,77,1:DECEASED,11.27,1,II,matched
TCGA-55-7907,TCGA-55-7907-01Z-00-DX1.f5a264f5-3926-4d09-82f3-cd38d554f3db,4,TCGA-55-7907-01,4,11,1,0,0.221778,0.999999990770852,0.4771390555868122,32.30156658455305,67.69843341544696,stroma-high,0.6769843341544696,0.6696236724281223,True,5.028684442967932,True,7.245070076410479,True,,False,,,,5,TCGA-55-7907-01,TCGA-55-7907,Male,Stage IIA,77,1:DECEASED,11.27,1,II,matched
TCGA-55-7907,TCGA-55-7907-01Z-00-DX1.f5a264f5-3926-4d09-82f3-cd38d554f3db,5,TCGA-55-7907-01,5,18,1,0,0.36963,1.00000000227786,0.27978446632647574,21.861842653050463,78.13815734694953,stroma-high,0.7813815734694953,0.7368316521139525,True,35.256565268677825,True,49.732000168145746,True,,False,,,,6,TCGA-55-7907-01,TCGA-55-7907,Male,Stage IIA,77,1:DECEASED,11.27,1,II,matched
TCGA-55-7907,TCGA-55-7907-01Z-00-DX1.f5a264f5-3926-4d09-82f3-cd38d554f3db,6,TCGA-55-7907-01,6,19,1,0,1.663335,0.911111108019085,0.7459220191688865,42.72367327860203,57.27632672139797,stroma-high,0.5727632672139797,0.6308690574391139,True,46.307840414767476,True,17.946380060647893,True,,False,,,,7,TCGA-55-7907-01,TCGA-55-7907,Male,Stage IIA,77,1:DECEASED,11.27,1,II,matched
TCGA-55-8090,TCGA-55-8090-01Z-00-DX1.83f86d5f-7cb9-443a-a812-b19ba4aea836,1,TCGA-55-8090-01,1,1;2;4,3,2,17.335647,0.9203980096277796,1.5512661278553128,60.80377546341524,39.19622453658476,stroma-low,0.39196224536584756,0.3961261457547893,True,21.747737037911836,True,7.8195355962328374,True,8.78622366906754,True,231.0245859445921,231.0245859445921,351.0491718891842,2,TCGA-55-8090-01,TCGA-55-8090,Male,Stage IA,80,1:DECEASED,19.65,1,I,matched
TCGA-55-8090,TCGA-55-8090-01Z-00-DX1.83f86d5f-7cb9-443a-a812-b19ba4aea836,2,TCGA-55-8090-01,2,3,1,0,0.184815,0.6000000008808759,0.5620405249636747,35.98117436657061,64.01882563342939,stroma-high,0.6401882563342939,0.6397376521788197,True,0.0,True,0.20346873430626103,True,,False,,,,3,TCGA-55-8090-01,TCGA-55-8090,Male,Stage IA,80,1:DECEASED,19.65,1,I,matched
TCGA-55-8302,TCGA-55-8302-01Z-00-DX1.E0C2B152-BBA9-4AA7-9E6B-BD57B68163CB,1,TCGA-55-8302-01,1,1;2,2,1,7.264764,0.8765652943748982,0.4852522384038492,32.671368933625274,67.32863106637474,stroma-high,0.6732863106637473,0.6748497025976259,True,9.758130347420144,True,5.767801374703022,True,0.9134819701348234,True,114.0,114.0,114.0,2,TCGA-55-8302-01,TCGA-55-8302,Male,Stage IB,54,0:LIVING,15.7,0,I,matched
TCGA-55-8302,TCGA-55-8302-01Z-00-DX1.E0C2B152-BBA9-4AA7-9E6B-BD57B68163CB,2,TCGA-55-8302-01,2,3;4;5;6,4,4,7.08282,0.9137614676596576,1.156856790346745,53.636235633463826,46.363764366536174,stroma-low,0.46363764366536175,0.47489993307697476,True,17.40518967438272,True,5.8564197972496155,True,2.7148214030537443,True,462.10137356963185,421.99827815753423,890.408937963459,3,TCGA-55-8302-01,TCGA-55-8302,Male,Stage IB,54,0:LIVING,15.7,0,I,matched
TCGA-55-8614,TCGA-55-8614-01Z-00-DX1.043DE2B5-A453-4570-8830-99170450658C,1,TCGA-55-8614-01,1,1;3;5;8;9;10,6,5,13.171149,0.9672591206079868,0.41751818886408076,29.454168006031466,70.54583199396853,stroma-high,0.7054583199396853,0.708718020294344,True,3.7589862536457783,True,0.9707649965128863,True,8.554800874692802,True,620.6933038337147,808.1277252851114,894.9498198729641,2,TCGA-55-8614-01,TCGA-55-8614,Male,Stage IB,76,0:LIVING,17.61,0,I,matched
TCGA-55-8614,TCGA-55-8614-01Z-00-DX1.043DE2B5-A453-4570-8830-99170450658C,2,TCGA-55-8614-01,2,2;4,2,1,0.591408,0.9999999980476181,0.34206994750463576,25.488235403874445,74.51176459612554,stroma-high,0.7451176459612555,0.7451176459612555,True,0.0,True,0.0,True,0.0,True,777.0000000000001,777.0000000000001,777.0000000000001,3,TCGA-55-8614-01,TCGA-55-8614,Male,Stage IB,76,0:LIVING,17.61,0,I,matched
TCGA-55-8614,TCGA-55-8614-01Z-00-DX1.043DE2B5-A453-4570-8830-99170450658C,3,TCGA-55-8614-01,3,6;7;12;13,4,4,14.329323,0.9888220116442432,0.4387049202687508,30.493043715093464,69.50695628490652,stroma-high,0.6950695628490653,0.6955148615022025,True,0.8602589679696351,True,0.25218322713900954,True,0.05514291594484697,True,331.0054001699518,323.49830909603554,566.0249824877362,4,TCGA-55-8614-01,TCGA-55-8614,Male,Stage IB,76,0:LIVING,17.61,0,I,matched
TCGA-55-8614,TCGA-55-8614-01Z-00-DX1.043DE2B5-A453-4570-8830-99170450658C,4,TCGA-55-8614-01,4,11;14;16;17;18,5,4,6.616377,0.9813780257021353,0.537023114835285,34.93916972698456,65.06083027301544,stroma-high,0.6506083027301545,0.656698524885169,True,7.678404452251041,True,2.5019845001909298,True,0.10507739472552328,True,615.0189312395406,718.0395943943928,866.9781889359446,5,TCGA-55-8614-01,TCGA-55-8614,Male,Stage IB,76,0:LIVING,17.61,0,I,matched
TCGA-55-8614,TCGA-55-8614-01Z-00-DX1.043DE2B5-A453-4570-8830-99170450658C,5,TCGA-55-8614-01,5,15,1,0,0.147852,1.0000000012417634,0.7142290942463866,41.66473994891434,58.33526005108567,stroma-high,0.5833526005108567,0.5833526005108567,True,0.0,True,0.0,True,,False,,,,6,TCGA-55-8614-01,TCGA-55-8614,Male,Stage IB,76,0:LIVING,17.61,0,I,matched
TCGA-55-A4DF,TCGA-55-A4DF-01Z-00-DX1.C945E1AD-BEF4-403F-BB11-BAC831D24CDA,1,TCGA-55-A4DF-01,1,1,1,0,0.394272,0.8437500030086085,0.37647712881035034,27.350772557748833,72.64922744225117,stroma-high,0.7264922744225117,0.7337290046152783,True,6.352134998828833,True,1.0394495076799266,True,,False,,,,2,TCGA-55-A4DF-01,TCGA-55-A4DF,Male,Stage IA,88,1:DECEASED,20.17,1,I,matched
TCGA-55-A4DF,TCGA-55-A4DF-01Z-00-DX1.C945E1AD-BEF4-403F-BB11-BAC831D24CDA,2,TCGA-55-A4DF-01,2,2;4,2,1,0.98568,0.8999999990237938,0.3866520259331387,27.883853966386674,72.11614603361332,stroma-high,0.7211614603361332,0.6942265153789735,True,4.8003001827825384,True,17.39388260184464,True,0.0,True,444.0004241515763,444.0004241515763,444.0004241515763,3,TCGA-55-A4DF-01,TCGA-55-A4DF,Male,Stage IA,88,1:DECEASED,20.17,1,I,matched
TCGA-55-A4DF,TCGA-55-A4DF-01Z-00-DX1.C945E1AD-BEF4-403F-BB11-BAC831D24CDA,3,TCGA-55-A4DF-01,3,3,1,0,0.320346,0.8461538456971399,0.4728306006270082,32.103529110932136,67.89647088906786,stroma-high,0.6789647088906786,0.6730924881664071,True,2.098047776102296,True,5.63093504723984,True,,False,,,,4,TCGA-55-A4DF-01,TCGA-55-A4DF,Male,Stage IA,88,1:DECEASED,20.17,1,I,matched
TCGA-55-A4DF,TCGA-55-A4DF-01Z-00-DX1.C945E1AD-BEF4-403F-BB11-BAC831D24CDA,4,TCGA-55-A4DF-01,4,5,1,0,16.054263,0.9424405210472943,1.027822070177443,50.686008663842195,49.313991336157805,stroma-low,0.49313991336157803,0.49278899050322983,True,13.676715718181304,True,4.744378691190819,True,,False,,,,5,TCGA-55-A4DF-01,TCGA-55-A4DF,Male,Stage IA,88,1:DECEASED,20.17,1,I,matched
TCGA-55-A4DG,TCGA-55-A4DG-01Z-00-DX1.9CE9B7BE-48EF-44F1-9C25-F15700A3E5DE,1,TCGA-55-A4DG-01,1,1;2;3;4;5;6;7;8;10,9,10,12.370284,0.9601593632731844,0.293450388034125,22.68740964082365,77.31259035917634,stroma-high,0.7731259035917635,0.7720727920120755,True,3.213066563683601,True,3.072412553436972,True,0.2832809638964224,True,553.5754140448068,499.5203287602933,954.8981934995649,2,TCGA-55-A4DG-01,TCGA-55-A4DG,Male,Stage IA,71,0:LIVING,19.97,0,I,matched
TCGA-55-A4DG,TCGA-55-A4DG-01Z-00-DX1.9CE9B7BE-48EF-44F1-9C25-F15700A3E5DE,2,TCGA-55-A4DG-01,2,9,1,0,0.554445,0.8222222208134351,0.36378792828733575,26.674816570944852,73.32518342905514,stroma-high,0.7332518342905514,0.733114014050674,True,0.6785164419366857,True,0.59495524986324,True,,False,,,,3,TCGA-55-A4DG-01,TCGA-55-A4DG,Male,Stage IA,71,0:LIVING,19.97,0,I,matched
TCGA-62-A471,TCGA-62-A471-01Z-00-DX1.51A235BB-7F67-4C0D-8B15-2E26116D8822,1,TCGA-62-A471-01,1,1,1,0,0.44555625,0.722222221389984,0.86047967594417,46.25042063453272,53.74957936546727,stroma-high,0.5374957936546727,0.5622532954729317,True,12.933120652524337,True,0.9904510174809599,True,,False,,,,2,TCGA-62-A471-01,TCGA-62-A471,Male,Stage IIB,64,0:LIVING,40.93,0,II,matched
TCGA-62-A471,TCGA-62-A471-01Z-00-DX1.51A235BB-7F67-4C0D-8B15-2E26116D8822,2,TCGA-62-A471-01,2,2,1,0,3.0570109375,0.8785425111042126,2.4337821491371074,70.87759337757362,29.12240662242639,stroma-low,0.2912240662242639,0.38708243513275553,True,46.643387975400685,True,8.407524263175393,True,,False,,,,3,TCGA-62-A471-01,TCGA-62-A471,Male,Stage IIB,64,0:LIVING,40.93,0,II,matched
TCGA-62-A471,TCGA-62-A471-01Z-00-DX1.51A235BB-7F67-4C0D-8B15-2E26116D8822,3,TCGA-62-A471-01,3,3;5;6;7;8;10;11;12;13;14;15;16;17;18;19;20;21;22;23;24;25;26;27;28;29;30;31;32;33;34;35;36,32,47,121.3274421875,0.9647046822195376,2.5354770580087127,71.71527396183332,28.284726038166685,stroma-low,0.28284726038166685,0.32331965490147613,True,36.58761410278345,True,9.862277125205841,True,23.103312562644003,True,440.3210476102431,444.99999999999994,944.0281946940587,4,TCGA-62-A471-01,TCGA-62-A471,Male,Stage IIB,64,0:LIVING,40.93,0,II,matched
TCGA-62-A471,TCGA-62-A471-01Z-00-DX1.51A235BB-7F67-4C0D-8B15-2E26116D8822,4,TCGA-62-A471-01,4,4,1,0,0.5074390625,1.0000000001320322,0.6615225723194667,39.81423926104047,60.18576073895952,stroma-high,0.6018576073895953,0.6088350633624919,True,4.711098659023205,True,1.5132989126784029,True,,False,,,,5,TCGA-62-A471-01,TCGA-62-A471,Male,Stage IIB,64,0:LIVING,40.93,0,II,matched
TCGA-62-A471,TCGA-62-A471-01Z-00-DX1.51A235BB-7F67-4C0D-8B15-2E26116D8822,5,TCGA-62-A471-01,5,9,1,0,0.14851875,1.000000011694889,0.2215320864016144,18.13559290564384,81.86440709435617,stroma-high,0.8186440709435616,0.8162135975110738,True,8.330682495835209,True,7.4960246864967175,True,,False,,,,6,TCGA-62-A471-01,TCGA-62-A471,Male,Stage IIB,64,0:LIVING,40.93,0,II,matched
TCGA-62-A472,TCGA-62-A472-01Z-00-DX1.C2F76C9A-C51A-4521-9B95-2A20063E9931,1,TCGA-62-A472-01,1,1;6;11;17;18;19,6,5,181.316640625,0.9810238908409125,1.0833242035875683,51.99978964973575,48.00021035026424,stroma-low,0.4800021035026424,0.4390599222115536,True,29.25324136733635,True,19.90475020693653,True,19.654716596483635,True,330.9903292057043,222.49999999999997,712.3879646624666,2,TCGA-62-A472-01,TCGA-62-A472,Male,Stage IIB,70,0:LIVING,29.89,0,II,matched
TCGA-62-A472,TCGA-62-A472-01Z-00-DX1.C2F76C9A-C51A-4521-9B95-2A20063E9931,2,TCGA-62-A472-01,2,2;3,2,1,2.7847265625,0.9644444450939935,0.5421735527323454,35.15645510660908,64.84354489339091,stroma-high,0.6484354489339091,0.6586615731469714,True,26.100370244297842,True,15.45619324484381,True,1.0315436533183078,True,599.1369407253001,599.1369407253001,599.1369407253001,3,TCGA-62-A472-01,TCGA-62-A472,Male,Stage IIB,70,0:LIVING,29.89,0,II,matched
TCGA-62-A472,TCGA-62-A472-01Z-00-DX1.C2F76C9A-C51A-4521-9B95-2A20063E9931,3,TCGA-62-A472-01,3,4,1,0,0.8911125,0.8749999993640105,0.6346533468254504,38.82495013746907,61.175049862530926,stroma-high,0.6117504986253093,0.6014952774360396,True,13.598470213125866,True,10.739053395876853,True,,False,,,,4,TCGA-62-A472-01,TCGA-62-A472,Male,Stage IIB,70,0:LIVING,29.89,0,II,matched
TCGA-62-A472,TCGA-62-A472-01Z-00-DX1.C2F76C9A-C51A-4521-9B95-2A20063E9931,4,TCGA-62-A472-01,4,5;7;8;9;10;12;13;14;15;16,10,16,10.2354171875,0.920193471220228,0.35572525607375816,26.238742287943694,73.7612577120563,stroma-high,0.737612577120563,0.7351695843277073,True,15.147139950685231,True,13.516302835811869,True,15.610402425286033,True,357.44334689077755,281.75213923659624,995.0888062767682,5,TCGA-62-A472-01,TCGA-62-A472,Male,Stage IIB,70,0:LIVING,29.89,0,II,matched
TCGA-64-5775,TCGA-64-5775-01Z-00-DX1.9A338C1A-CDB6-41AF-B6D5-EDE608B5E3E1,1,TCGA-64-5775-01,1,1;2;3;4;5;6;7;8;9;16,10,11,91.084067125,0.9419606789231816,2.032730593253909,67.02641499959053,32.973585000409464,stroma-low,0.32973585000409467,0.32143044579742397,True,2.6306072425825016,True,4.659168233486535,True,0.8589872623427683,True,382.8062332116467,350.25860247520455,709.1864025438169,2,TCGA-64-5775-01,TCGA-64-5775,Male,Stage IIIA,71,1:DECEASED,2.04,1,III,matched
TCGA-64-5775,TCGA-64-5775-01Z-00-DX1.9A338C1A-CDB6-41AF-B6D5-EDE608B5E3E1,2,TCGA-64-5775-01,2,10,1,0,0.269842375,0.5909090906494716,0.4478200492918539,30.930642900745024,69.06935709925499,stroma-high,0.6906935709925498,0.6457983415291326,True,0.11338756898309947,True,19.898874454528414,True,,False,,,,3,TCGA-64-5775-01,TCGA-64-5775,Male,Stage IIIA,71,1:DECEASED,2.04,1,III,matched
TCGA-64-5775,TCGA-64-5775-01Z-00-DX1.9A338C1A-CDB6-41AF-B6D5-EDE608B5E3E1,3,TCGA-64-5775-01,3,11;12;13;14;15,5,4,14.129928,0.8888888889954117,0.9805378911131418,49.508666080710036,50.49133391928997,stroma-high,0.5049133391928997,0.5022520687877512,True,0.8983506435329938,True,1.5772503002450855,True,0.18656294020940198,True,328.07709903230125,356.3218011431828,443.0,4,TCGA-64-5775-01,TCGA-64-5775,Male,Stage IIIA,71,1:DECEASED,2.04,1,III,matched
TCGA-64-5815,TCGA-64-5815-01Z-00-DX1.1E3600B5-7E83-47BE-AC70-E0C2D623740B,1,TCGA-64-5815-01,1,1;2;3;4;5;6;7;8;9;10;11;12;13;14;15;16;17;18;19;20;21;22;23;24;26;27;28;29;30;31;32;33;35;36;37;38;39;40;41;42;43;44;45;46;47;49,46,69,45.9835938125,0.977594025466279,0.28378269918807386,22.105197349018,77.894802650982,stroma-high,0.77894802650982,0.7777305077166027,True,3.9331224242062075,True,4.101932112108269,True,3.1650140228341366,True,540.9727493048092,553.75,996.7499999999999,2,TCGA-64-5815-01,TCGA-64-5815,Male,Stage IIB,74,0:LIVING,28.45,0,II,matched
TCGA-64-5815,TCGA-64-5815-01Z-00-DX1.1E3600B5-7E83-47BE-AC70-E0C2D623740B,2,TCGA-64-5815-01,2,25;34,2,1,4.66091375,0.9973684216601213,0.45991249445831894,31.50274391130294,68.49725608869706,stroma-high,0.6849725608869706,0.6845310041847635,True,2.91625179010371,True,2.0427965297655293,True,0.0,True,110.75,110.75,110.75,3,TCGA-64-5815-01,TCGA-64-5815,Male,Stage IIB,74,0:LIVING,28.45,0,II,matched
TCGA-64-5815,TCGA-64-5815-01Z-00-DX1.1E3600B5-7E83-47BE-AC70-E0C2D623740B,3,TCGA-64-5815-01,3,48,1,0,0.1594523125,0.9999999994985186,0.2089131610877155,17.281072604069145,82.71892739593085,stroma-high,0.8271892739593085,0.8240655123064661,True,0.0,True,2.350739257333458,True,,False,,,,4,TCGA-64-5815-01,TCGA-64-5815,Male,Stage IIB,74,0:LIVING,28.45,0,II,matched
TCGA-69-7978,TCGA-69-7978-01Z-00-DX1.90a2bf2f-18e2-4bfe-b858-d2de619e2493,1,TCGA-69-7978-01,1,1;3;4;5;16;17;18,7,6,131.95791,0.9736694677620196,1.2758624402489327,56.060613228863666,43.93938677113633,stroma-low,0.4393938677113633,0.4308404143116209,True,15.978109141810585,True,8.06065822342096,True,3.9911030434950123,True,437.5909597163261,323.49830909603486,948.4214148207778,2,TCGA-69-7978-01,TCGA-69-7978,Male,Stage IIB,59,0:LIVING,4.4,0,II,matched
TCGA-69-7978,TCGA-69-7978-01Z-00-DX1.90a2bf2f-18e2-4bfe-b858-d2de619e2493,2,TCGA-69-7978-01,2,2,1,0,54.655956,0.9826420201392424,1.3262364631356987,57.012108792584684,42.987891207415316,stroma-low,0.42987891207415313,0.4173832555369241,True,27.46763129173423,True,9.648551220531793,True,,False,,,,3,TCGA-69-7978-01,TCGA-69-7978,Male,Stage IIB,59,0:LIVING,4.4,0,II,matched
TCGA-69-7978,TCGA-69-7978-01Z-00-DX1.90a2bf2f-18e2-4bfe-b858-d2de619e2493,3,TCGA-69-7978-01,3,6;8;10;11,4,4,2.057607,0.9999999995952585,0.25982493638441373,20.623892167914086,79.3761078320859,stroma-high,0.7937610783208591,0.7929808297766687,True,5.762985175976204,True,5.85193545526671,True,3.803657112152506,True,249.7602704177362,166.5004241509685,555.0402333690078,4,TCGA-69-7978-01,TCGA-69-7978,Male,Stage IIB,59,0:LIVING,4.4,0,II,matched
TCGA-69-7978,TCGA-69-7978-01Z-00-DX1.90a2bf2f-18e2-4bfe-b858-d2de619e2493,4,TCGA-69-7978-01,4,7,1,0,0.24642,1.0000000037121937,0.1621927838056041,13.955755539498643,86.04424446050135,stroma-high,0.8604424446050135,0.8613825925968558,True,1.1897453712671018,True,0.27320504478594637,True,,False,,,,5,TCGA-69-7978-01,TCGA-69-7978,Male,Stage IIB,59,0:LIVING,4.4,0,II,matched
TCGA-69-7978,TCGA-69-7978-01Z-00-DX1.90a2bf2f-18e2-4bfe-b858-d2de619e2493,5,TCGA-69-7978-01,5,9;12;13;14;19;20,6,8,43.912044,0.9879349042414042,1.1100999398314468,52.60887974434618,47.39112025565383,stroma-low,0.4739112025565383,0.47634821084165796,True,13.094871460647365,True,4.691820839579455,True,3.4485263065341316,True,421.4478680139449,397.5245859445916,845.3885498589202,6,TCGA-69-7978-01,TCGA-69-7978,Male,Stage IIB,59,0:LIVING,4.4,0,II,matched
TCGA-69-7978,TCGA-69-7978-01Z-00-DX1.90a2bf2f-18e2-4bfe-b858-d2de619e2493,6,TCGA-69-7978-01,6,15,1,0,0.234099,0.5789473688744596,,100.0,0.0,stroma-low,0.0,0.21759368965497664,True,100.0,True,4.608122753647461,True,,False,,,,7,TCGA-69-7978-01,TCGA-69-7978,Male,Stage IIB,59,0:LIVING,4.4,0,II,matched
TCGA-73-4675,TCGA-73-4675-01Z-00-DX1.1027587f-8ec4-4b8c-8768-ff7b669683e0,1,TCGA-73-4675-01,1,1;2,2,1,1.330668,0.7685185190933865,0.6578339566056772,39.68032829732572,60.31967170267427,stroma-high,0.6031967170267427,0.6416410593333671,True,24.188505957963116,True,6.334566342482452,True,46.6221364625307,True,457.6995749857773,457.6995749857773,457.6995749857773,2,TCGA-73-4675-01,TCGA-73-4675,Male,Stage IIIA,59,1:DECEASED,30.29,1,III,matched
TCGA-73-4675,TCGA-73-4675-01Z-00-DX1.1027587f-8ec4-4b8c-8768-ff7b669683e0,2,TCGA-73-4675-01,2,3;4;5;6;7;10,6,7,2.575089,0.8995215305637546,1.229855851970017,55.15405181386378,44.84594818613621,stroma-low,0.44845948186136214,0.6579106042053556,True,72.91748971779727,True,32.322535265777184,True,80.49951555457105,True,538.1895109593685,470.97375808025936,845.388549858919,3,TCGA-73-4675-01,TCGA-73-4675,Male,Stage IIIA,59,1:DECEASED,30.29,1,III,matched
TCGA-73-4675,TCGA-73-4675-01Z-00-DX1.1027587f-8ec4-4b8c-8768-ff7b669683e0,3,TCGA-73-4675-01,3,8,1,0,0.505161,0.8780487808569267,0.7707418486442518,43.52649423372252,56.473505766277476,stroma-high,0.5647350576627748,0.5720610860053521,True,31.90491865493997,True,24.818031861414738,True,,False,,,,4,TCGA-73-4675-01,TCGA-73-4675,Male,Stage IIIA,59,1:DECEASED,30.29,1,III,matched
TCGA-73-4675,TCGA-73-4675-01Z-00-DX1.1027587f-8ec4-4b8c-8768-ff7b669683e0,4,TCGA-73-4675-01,4,9;11;12;13;14;17;19,7,8,7.183143,0.9725557461667821,0.939046946027092,48.428272866270866,51.57172713372914,stroma-high,0.5157172713372914,0.5678759525851514,True,53.958216417554326,True,41.22658818525139,True,50.536973055508824,True,554.031579629388,555.0202863451639,948.4214148207784,5,TCGA-73-4675-01,TCGA-73-4675,Male,Stage IIIA,59,1:DECEASED,30.29,1,III,matched
TCGA-73-4675,TCGA-73-4675-01Z-00-DX1.1027587f-8ec4-4b8c-8768-ff7b669683e0,5,TCGA-73-4675-01,5,15;16;18;20,4,4,8.526132,1.0000000006680738,1.2155131644451538,54.86373017104428,45.13626982895572,stroma-low,0.45136269828955716,0.4975629981727135,True,57.07573439702246,True,36.7921876016321,True,55.990461766471036,True,573.8330223181715,589.1942749294595,894.9426911118302,6,TCGA-73-4675-01,TCGA-73-4675,Male,Stage IIIA,59,1:DECEASED,30.29,1,III,matched
TCGA-73-4675,TCGA-73-4675-01Z-00-DX1.1027587f-8ec4-4b8c-8768-ff7b669683e0,6,TCGA-73-4675-01,6,21;22;24;27,4,4,1.651014,0.9999999982138339,0.447825933788673,30.930923624002332,69.06907637599767,stroma-high,0.6906907637599766,0.7674923061019041,True,60.45746245726691,True,45.0725037038071,True,59.64100279937856,True,524.2465264747043,444.02011668450444,894.9498198729622,7,TCGA-73-4675-01,TCGA-73-4675,Male,Stage IIIA,59,1:DECEASED,30.29,1,III,matched
TCGA-73-4675,TCGA-73-4675-01Z-00-DX1.1027587f-8ec4-4b8c-8768-ff7b669683e0,7,TCGA-73-4675-01,7,23;26;28;29;33;38,6,5,8.587737,0.9999999985435845,0.9635560017389756,49.07198984320416,50.92801015679586,stroma-high,0.5092801015679586,0.5794790072113777,True,51.93202991194895,True,30.84304747093703,True,61.5489969302124,True,456.56727109846435,351.0491718891815,999.0,8,TCGA-73-4675-01,TCGA-73-4675,Male,Stage IIIA,59,1:DECEASED,30.29,1,III,matched
TCGA-73-4675,TCGA-73-4675-01Z-00-DX1.1027587f-8ec4-4b8c-8768-ff7b669683e0,8,TCGA-73-4675-01,8,25;34;37,3,2,184.580901,0.963153327601029,2.054979305306597,67.26655403972892,32.73344596027109,stroma-low,0.3273344596027109,0.3222987971198495,True,41.79492052535295,True,14.307252655489883,True,34.94590969308356,True,332.52261227301346,332.52261227301346,351.04917188918205,9,TCGA-73-4675-01,TCGA-73-4675,Male,Stage IIIA,59,1:DECEASED,30.29,1,III,matched
TCGA-73-4675,TCGA-73-4675-01Z-00-DX1.1027587f-8ec4-4b8c-8768-ff7b669683e0,9,TCGA-73-4675-01,9,30;31;32,3,2,1.10889,0.9999999998293384,0.5021233093459163,33.42756924293789,66.57243075706211,stroma-high,0.6657243075706211,0.7244983778560649,True,52.97275439391566,True,38.00598699278074,True,40.28963188570031,True,568.6821495952636,568.6821495952636,915.3642991905272,10,TCGA-73-4675-01,TCGA-73-4675,Male,Stage IIIA,59,1:DECEASED,30.29,1,III,matched
TCGA-73-4675,TCGA-73-4675-01Z-00-DX1.1027587f-8ec4-4b8c-8768-ff7b669683e0,10,TCGA-73-4675-01,10,35,1,0,0.517482,0.5714285718518762,2.393909825191192,70.53545758412524,29.464542415874774,stroma-low,0.2946454241587477,0.3135273844616893,True,15.775230181013416,True,0.8901753094438424,True,,False,,,,11,TCGA-73-4675-01,TCGA-73-4675,Male,Stage IIIA,59,1:DECEASED,30.29,1,III,matched
TCGA-73-4675,TCGA-73-4675-01Z-00-DX1.1027587f-8ec4-4b8c-8768-ff7b669683e0,11,TCGA-73-4675-01,11,36,1,0,0.344988,1.0000000012270382,1.0940623118266763,52.24592915156915,47.75407084843085,stroma-low,0.4775407084843085,0.5918361865827906,True,63.34315026339401,True,44.79214707728282,True,,False,,,,12,TCGA-73-4675-01,TCGA-73-4675,Male,Stage IIIA,59,1:DECEASED,30.29,1,III,matched
TCGA-73-4675,TCGA-73-4675-01Z-00-DX1.1027587f-8ec4-4b8c-8768-ff7b669683e0,12,TCGA-73-4675-01,12,39;40;42;43;45;47;48,7,11,2.747583,0.9955156944487837,0.48843022394816415,32.815124020565044,67.18487597943495,stroma-high,0.6718487597943495,0.7071539233746224,True,54.13050819408639,True,48.66748799310462,True,51.79533059453883,True,505.3657433681819,457.69957498577696,915.3642991905272,13,TCGA-73-4675-01,TCGA-73-4675,Male,Stage IIIA,59,1:DECEASED,30.29,1,III,matched
TCGA-73-4675,TCGA-73-4675-01Z-00-DX1.1027587f-8ec4-4b8c-8768-ff7b669683e0,13,TCGA-73-4675-01,13,41,1,0,0.110889,1.0000000037786474,2.0152485460621823,66.83523813299014,33.164761867009865,stroma-low,0.3316476186700987,0.4663849880359834,True,54.62110179050191,True,18.74328506021342,True,,False,,,,14,TCGA-73-4675-01,TCGA-73-4675,Male,Stage IIIA,59,1:DECEASED,30.29,1,III,matched
TCGA-73-4675,TCGA-73-4675-01Z-00-DX1.1027587f-8ec4-4b8c-8768-ff7b669683e0,14,TCGA-73-4675-01,14,44;46,2,1,1.416915,0.9999999999354339,1.0511622116466408,51.2471517697659,48.75284823023411,stroma-low,0.4875284823023411,0.5485353356862728,True,56.963959662024465,True,46.95344038184523,True,88.5911392174591,True,111.0,111.0,111.0,15,TCGA-73-4675-01,TCGA-73-4675,Male,Stage IIIA,59,1:DECEASED,30.29,1,III,matched
TCGA-73-4675,TCGA-73-4675-01Z-00-DX1.1027587f-8ec4-4b8c-8768-ff7b669683e0,15,TCGA-73-4675-01,15,49,1,0,0.221778,1.000000004865999,0.8612745736837146,46.27337556001399,53.726624439986004,stroma-high,0.53726624439986,0.6745662249876851,True,59.92248902166324,True,27.124200394453997,True,,False,,,,16,TCGA-73-4675-01,TCGA-73-4675,Male,Stage IIIA,59,1:DECEASED,30.29,1,III,matched
TCGA-73-4676,TCGA-73-4676-01Z-00-DX1.4d781bbc-a45e-4f9d-b6b6-2265282dff99,1,TCGA-73-4676-01,1,1,1,0,5.211783,0.9976359318903422,3.0803697579625107,75.49241712595823,24.507582874041773,stroma-low,0.24507582874041775,0.34640437856739237,True,72.36804359787176,True,6.574211321008951,True,,False,,,,2,TCGA-73-4676-01,TCGA-73-4676,Male,Stage IIA,45,1:DECEASED,9.23,1,II,matched
TCGA-73-4676,TCGA-73-4676-01Z-00-DX1.4d781bbc-a45e-4f9d-b6b6-2265282dff99,2,TCGA-73-4676-01,2,2;5;6;7;11;19;23;24;28;31;32,11,12,172.185975,0.9894812162229164,1.8483251913680347,64.89164920387108,35.108350796128924,stroma-low,0.35108350796128923,0.38320848781912586,True,61.44474324936715,True,5.144641419596728,True,92.00382130177908,True,406.24853616064985,397.5247980203825,888.0,3,TCGA-73-4676-01,TCGA-73-4676,Male,Stage IIA,45,1:DECEASED,9.23,1,II,matched
TCGA-73-4676,TCGA-73-4676-01Z-00-DX1.4d781bbc-a45e-4f9d-b6b6-2265282dff99,3,TCGA-73-4676-01,3,3,1,0,0.209457,1.0000000043382897,1.3256428752079987,57.00113673254486,42.99886326745515,stroma-low,0.4299886326745515,0.718121298141826,True,85.70717191422335,True,44.66942103105519,True,,False,,,,4,TCGA-73-4676-01,TCGA-73-4676,Male,Stage IIA,45,1:DECEASED,9.23,1,II,matched
TCGA-73-4676,TCGA-73-4676-01Z-00-DX1.4d781bbc-a45e-4f9d-b6b6-2265282dff99,4,TCGA-73-4676-01,4,4;8;12;13;14;18;20;21;25;26;27;29;30,13,13,167.651847,0.9704563829152762,1.9842277193392648,66.4904928829825,33.50950711701749,stroma-low,0.33509507117017495,0.3714000634014223,True,69.84125683654506,True,5.433982321268553,True,95.4912022971682,True,461.29165384810926,444.0004241515763,999.0,5,TCGA-73-4676-01,TCGA-73-4676,Male,Stage IIA,45,1:DECEASED,9.23,1,II,matched
TCGA-73-4676,TCGA-73-4676-01Z-00-DX1.4d781bbc-a45e-4f9d-b6b6-2265282dff99,5,TCGA-73-4676-01,5,9,1,0,0.283383,1.0000000009699168,3.62513813595282,78.37902413710307,21.620975862896927,stroma-low,0.21620975862896927,0.6511092679887868,True,91.69586439862375,True,44.612675183512785,True,,False,,,,6,TCGA-73-4676-01,TCGA-73-4676,Male,Stage IIA,45,1:DECEASED,9.23,1,II,matched
TCGA-73-4676,TCGA-73-4676-01Z-00-DX1.4d781bbc-a45e-4f9d-b6b6-2265282dff99,6,TCGA-73-4676-01,6,10,1,0,6.135858,0.9899598391380259,1.736630093023542,63.458707753404894,36.541292246595106,stroma-low,0.3654129224659511,0.4425784543329616,True,60.51698254501643,True,4.932829420567012,True,,False,,,,7,TCGA-73-4676-01,TCGA-73-4676,Male,Stage IIA,45,1:DECEASED,9.23,1,II,matched
TCGA-73-4676,TCGA-73-4676-01Z-00-DX1.4d781bbc-a45e-4f9d-b6b6-2265282dff99,7,TCGA-73-4676-01,7,15,1,0,0.234099,0.6315789466117214,0.9389768878397708,48.42640950124436,51.57359049875565,stroma-high,0.5157359049875565,0.6367451756761116,True,48.96918747746737,True,13.741603193035685,True,,False,,,,8,TCGA-73-4676-01,TCGA-73-4676,Male,Stage IIA,45,1:DECEASED,9.23,1,II,matched
TCGA-73-4676,TCGA-73-4676-01Z-00-DX1.4d781bbc-a45e-4f9d-b6b6-2265282dff99,8,TCGA-73-4676-01,8,16,1,0,0.788544,0.9687499997326371,3.810056126091401,79.21022179812715,20.789778201872856,stroma-low,0.20789778201872855,0.5024615850790619,True,86.14239144329709,True,27.218377449345855,True,,False,,,,9,TCGA-73-4676-01,TCGA-73-4676,Male,Stage IIA,45,1:DECEASED,9.23,1,II,matched
TCGA-73-4676,TCGA-73-4676-01Z-00-DX1.4d781bbc-a45e-4f9d-b6b6-2265282dff99,9,TCGA-73-4676-01,9,17,1,0,0.197136,1.0000000084546627,6.6758167037675955,86.9720703529937,13.027929647006294,stroma-low,0.13027929647006295,0.5832053564428338,True,92.48615184847624,True,19.144579735481564,True,,False,,,,10,TCGA-73-4676-01,TCGA-73-4676,Male,Stage IIA,45,1:DECEASED,9.23,1,II,matched
TCGA-73-4676,TCGA-73-4676-01Z-00-DX1.4d781bbc-a45e-4f9d-b6b6-2265282dff99,10,TCGA-73-4676-01,10,22,1,0,0.726939,0.8813559315847483,9.603376941375423,90.56904224447683,9.430957755523162,stroma-low,0.09430957755523162,0.4457787947796174,True,93.96240421024399,True,23.464316738672842,True,,False,,,,11,TCGA-73-4676-01,TCGA-73-4676,Male,Stage IIA,45,1:DECEASED,9.23,1,II,matched
TCGA-73-4676,TCGA-73-4676-01Z-00-DX1.4d781bbc-a45e-4f9d-b6b6-2265282dff99,11,TCGA-73-4676-01,11,33,1,0,0.468198,1.0000000007314251,1.2949814005612499,56.42666211780868,43.57333788219132,stroma-low,0.4357333788219132,0.6889799095275786,True,86.16182200020752,True,28.302013104544493,True,,False,,,,12,TCGA-73-4676-01,TCGA-73-4676,Male,Stage IIA,45,1:DECEASED,9.23,1,II,matched
TCGA-73-4676,TCGA-73-4676-01Z-00-DX1.4d781bbc-a45e-4f9d-b6b6-2265282dff99,12,TCGA-73-4676-01,12,34,1,0,0.258741,0.7142857179016919,7.134828126401563,87.70717728190837,12.292822718091644,stroma-low,0.12292822718091644,0.6049318440670649,True,94.31890469432648,True,39.06201693459988,True,,False,,,,13,TCGA-73-4676-01,TCGA-73-4676,Male,Stage IIA,45,1:DECEASED,9.23,1,II,matched
TCGA-78-7148,TCGA-78-7148-01Z-00-DX1.aac94f79-77f2-45e6-b0c3-0b103fecbb22,1,TCGA-78-7148-01,1,1,1,0,22.707603,0.9999999998058566,0.5633301549127018,36.033985088975584,63.96601491102443,stroma-high,0.6396601491102443,0.6428352531300375,True,8.261526223098919,True,1.8177128994186844,True,,False,,,,2,TCGA-78-7148-01,TCGA-78-7148,Male,Stage IIB,71,1:DECEASED,20.57,1,II,matched
TCGA-78-7148,TCGA-78-7148-01Z-00-DX1.aac94f79-77f2-45e6-b0c3-0b103fecbb22,2,TCGA-78-7148-01,2,2;3;4;7;9;12;14;15;16;17;18;19;20;22;23;24;25;26;27;28;30;31;32;34;35;36;41;42;43;44;48;50;51,33,47,36.433197,0.9425092994333122,0.3281597939512306,24.70785484139422,75.29214515860578,stroma-high,0.7529214515860578,0.7567613268178495,True,23.077689810596475,True,18.06543686068526,True,21.416512950743307,True,501.5841727270116,457.69957498577696,954.8981934995619,3,TCGA-78-7148-01,TCGA-78-7148,Male,Stage IIB,71,1:DECEASED,20.57,1,II,matched
TCGA-78-7148,TCGA-78-7148-01Z-00-DX1.aac94f79-77f2-45e6-b0c3-0b103fecbb22,3,TCGA-78-7148-01,3,5;11,2,1,1.798866,0.6849315057454002,0.29044265175987566,22.507211100297773,77.49278889970223,stroma-high,0.7749278889970224,0.7800161197901088,True,7.5987205440729,True,3.5313691363786472,True,0.3731077075044273,True,647.2750887500641,647.2750887500641,647.2750887500641,4,TCGA-78-7148-01,TCGA-78-7148,Male,Stage IIB,71,1:DECEASED,20.57,1,II,matched
TCGA-78-7148,TCGA-78-7148-01Z-00-DX1.aac94f79-77f2-45e6-b0c3-0b103fecbb22,4,TCGA-78-7148-01,4,6;10,2,1,0.86247,0.6999999983426407,0.2163096531977978,17.78409409389282,82.21590590610718,stroma-high,0.8221590590610718,0.8221151419688648,True,13.21175098177002,True,12.194405759098089,True,4.01222974933714,True,248.2421020415337,248.2421020415337,248.2421020415337,5,TCGA-78-7148-01,TCGA-78-7148,Male,Stage IIB,71,1:DECEASED,20.57,1,II,matched
TCGA-78-7148,TCGA-78-7148-01Z-00-DX1.aac94f79-77f2-45e6-b0c3-0b103fecbb22,5,TCGA-78-7148-01,5,8,1,0,0.702297,0.7368421028398812,0.36806409029137044,26.904009315307743,73.09599068469225,stroma-high,0.7309599068469225,0.7216573334262789,True,15.99018047937638,True,16.988845940053523,True,,False,,,,6,TCGA-78-7148-01,TCGA-78-7148,Male,Stage IIB,71,1:DECEASED,20.57,1,II,matched
TCGA-78-7148,TCGA-78-7148-01Z-00-DX1.aac94f79-77f2-45e6-b0c3-0b103fecbb22,6,TCGA-78-7148-01,6,13,1,0,0.308025,0.6399999982351438,0.2642032576172116,20.898795824588024,79.10120417541198,stroma-high,0.7910120417541198,0.7694130689144763,True,3.2965440328719593,True,16.56058542549873,True,,False,,,,7,TCGA-78-7148-01,TCGA-78-7148,Male,Stage IIB,71,1:DECEASED,20.57,1,II,matched
TCGA-78-7148,TCGA-78-7148-01Z-00-DX1.aac94f79-77f2-45e6-b0c3-0b103fecbb22,7,TCGA-78-7148-01,7,21;33;38;39;40;46;47;49;52;53,10,13,37.024605,0.9883527459387782,0.5691390573633748,36.27078522407692,63.72921477592307,stroma-high,0.6372921477592307,0.6374762389885229,True,7.119154684398878,True,3.4811966959152527,True,7.4919672689499865,True,445.52130586907066,444.0,845.3885498589202,8,TCGA-78-7148-01,TCGA-78-7148,Male,Stage IIB,71,1:DECEASED,20.57,1,II,matched
TCGA-78-7148,TCGA-78-7148-01Z-00-DX1.aac94f79-77f2-45e6-b0c3-0b103fecbb22,8,TCGA-78-7148-01,8,29,1,0,0.394272,0.781249999198053,0.25935491454014503,20.5942670763983,79.4057329236017,stroma-high,0.794057329236017,0.7897755093549694,True,0.7355441216408399,True,3.545126164367841,True,,False,,,,9,TCGA-78-7148-01,TCGA-78-7148,Male,Stage IIB,71,1:DECEASED,20.57,1,II,matched
TCGA-78-7148,TCGA-78-7148-01Z-00-DX1.aac94f79-77f2-45e6-b0c3-0b103fecbb22,9,TCGA-78-7148-01,9,37,1,0,0.271062,1.0000000047941946,,100.0,0.0,stroma-low,0.0,0.02549177637557299,True,100.0,True,0.8149198456361048,True,,False,,,,10,TCGA-78-7148-01,TCGA-78-7148,Male,Stage IIB,71,1:DECEASED,20.57,1,II,matched
TCGA-78-7148,TCGA-78-7148-01Z-00-DX1.aac94f79-77f2-45e6-b0c3-0b103fecbb22,10,TCGA-78-7148-01,10,45,1,0,0.36963,0.6666666642932493,0.2804732580274243,21.90387470172511,78.09612529827488,stroma-high,0.7809612529827489,0.7645309270261202,True,0.29817127705036295,True,9.190391270190789,True,,False,,,,11,TCGA-78-7148-01,TCGA-78-7148,Male,Stage IIB,71,1:DECEASED,20.57,1,II,matched
TCGA-78-7148,TCGA-78-7148-01Z-00-DX1.aac94f79-77f2-45e6-b0c3-0b103fecbb22,11,TCGA-78-7148-01,11,54,1,0,0.455877,0.8648648630934641,0.20187610845396342,16.796748602786295,83.2032513972137,stroma-high,0.8320325139721371,0.8275664635916324,True,0.09779979239780401,True,4.091436690844292,True,,False,,,,12,TCGA-78-7148-01,TCGA-78-7148,Male,Stage IIB,71,1:DECEASED,20.57,1,II,matched
TCGA-78-7155,TCGA-78-7155-01Z-00-DX1.32258467-7550-4a1b-8df9-a869fb83e559,1,TCGA-78-7155-01,1,1,1,0,148.911606,0.9732748633034061,4.170004657353219,80.65765765650298,19.342342343497027,stroma-low,0.19342342343497027,0.18225671725105072,True,37.93401967256049,True,12.702332144079994,True,,False,,,,2,TCGA-78-7155-01,TCGA-78-7155,Male,Stage IB,68,1:DECEASED,38.47,1,I,matched
TCGA-78-8640,TCGA-78-8640-01Z-00-DX1.6F929E56-34D5-45A6-8A9E-ACB4B88A68B1,1,TCGA-78-8640-01,1,1;3,2,1,1.23462,0.9578947379136241,0.5164547905560274,34.05672188662233,65.94327811337767,stroma-high,0.6594327811337767,0.663081094693937,True,2.161144839579725,True,0.0425570818420706,True,0.0,True,228.0,228.0,228.0,2,TCGA-78-8640-01,TCGA-78-8640,Male,Stage IIA,59,0:LIVING,232,0,II,matched
TCGA-78-8640,TCGA-78-8640-01Z-00-DX1.6F929E56-34D5-45A6-8A9E-ACB4B88A68B1,2,TCGA-78-8640-01,2,2;4,2,1,0.818748,0.9999999997594315,0.26411959280478364,20.89356057038594,79.10643942961406,stroma-high,0.7910643942961405,0.786983728007709,True,5.4014930037767765,True,7.848104640988613,True,0.8123647643989025,True,470.0688918500619,470.0688918500619,470.0688918500619,3,TCGA-78-8640-01,TCGA-78-8640,Male,Stage IIA,59,0:LIVING,232,0,II,matched
TCGA-78-8640,TCGA-78-8640-01Z-00-DX1.6F929E56-34D5-45A6-8A9E-ACB4B88A68B1,3,TCGA-78-8640-01,3,5;6;7;9;10;11;12;14;15;16;17;18;19;21;22;23;24;25;26;27;28;30;33;34;35;37;39;40;42;43;44;45,32,44,29.513916,0.9995596656376253,0.33457947643919955,25.070030099061114,74.92996990093889,stroma-high,0.7492996990093889,0.7545731559657591,True,7.9362687952696005,True,3.705252203475428,True,5.114945867617701,True,502.88362221020907,570.000165195908,967.3627184732147,4,TCGA-78-8640-01,TCGA-78-8640,Male,Stage IIA,59,0:LIVING,232,0,II,matched
TCGA-78-8640,TCGA-78-8640-01Z-00-DX1.6F929E56-34D5-45A6-8A9E-ACB4B88A68B1,4,TCGA-78-8640-01,4,8;13,2,1,0.948708,0.9999999999007281,0.42743194535589585,29.944120751012477,70.05587924898752,stroma-high,0.7005587924898753,0.7148280406551429,True,24.875513648780228,True,17.395202677060194,True,18.692531510291328,True,411.0726980536971,411.0726980536971,411.0726980536971,5,TCGA-78-8640-01,TCGA-78-8640,Male,Stage IIA,59,0:LIVING,232,0,II,matched
TCGA-78-8640,TCGA-78-8640-01Z-00-DX1.6F929E56-34D5-45A6-8A9E-ACB4B88A68B1,5,TCGA-78-8640-01,5,20,1,0,0.207936,1.000000004276444,0.40288988989200303,28.71856820659091,71.28143179340908,stroma-high,0.7128143179340909,0.7398354492068574,True,21.50682288913061,True,8.856751733378166,True,,False,,,,6,TCGA-78-8640-01,TCGA-78-8640,Male,Stage IIA,59,0:LIVING,232,0,II,matched
TCGA-78-8640,TCGA-78-8640-01Z-00-DX1.6F929E56-34D5-45A6-8A9E-ACB4B88A68B1,6,TCGA-78-8640-01,6,29;31,2,1,1.013688,0.974358968120307,0.27188474878581,21.37652401645366,78.62347598354634,stroma-high,0.7862347598354634,0.8251565122656856,True,38.24684092518762,True,18.982124421509116,True,49.41122734319097,True,798.0,798.0,798.0,7,TCGA-78-8640-01,TCGA-78-8640,Male,Stage IIA,59,0:LIVING,232,0,II,matched
TCGA-78-8640,TCGA-78-8640-01Z-00-DX1.6F929E56-34D5-45A6-8A9E-ACB4B88A68B1,7,TCGA-78-8640-01,7,32,1,0,0.246924,0.9999999963389488,0.29037009707464423,22.502853850452112,77.49714614954787,stroma-high,0.7749714614954788,0.775164296177526,True,0.16054356520340246,True,0.0,True,,False,,,,8,TCGA-78-8640-01,TCGA-78-8640,Male,Stage IIA,59,0:LIVING,232,0,II,matched
TCGA-78-8640,TCGA-78-8640-01Z-00-DX1.6F929E56-34D5-45A6-8A9E-ACB4B88A68B1,8,TCGA-78-8640-01,8,36,1,0,1.533528,0.9830508488691476,0.9645147173717503,49.0968435534114,50.903156446588596,stroma-high,0.5090315644658859,0.534090309452392,True,19.318331369020193,True,7.166420643020588,True,,False,,,,9,TCGA-78-8640-01,TCGA-78-8640,Male,Stage IIA,59,0:LIVING,232,0,II,matched
TCGA-78-8640,TCGA-78-8640-01Z-00-DX1.6F929E56-34D5-45A6-8A9E-ACB4B88A68B1,9,TCGA-78-8640-01,9,38,1,0,0.428868,1.000000001355533,0.33257362102554044,24.957241819749807,75.04275818025019,stroma-high,0.7504275818025019,0.7621882043656105,True,19.036622492892395,True,6.353386586363009,True,,False,,,,10,TCGA-78-8640-01,TCGA-78-8640,Male,Stage IIA,59,0:LIVING,232,0,II,matched
TCGA-78-8640,TCGA-78-8640-01Z-00-DX1.6F929E56-34D5-45A6-8A9E-ACB4B88A68B1,10,TCGA-78-8640-01,10,41;46;47,3,2,236.475216,0.9924159156019127,1.4649118660145224,59.430598156968415,40.56940184303159,stroma-low,0.40569401843031594,0.40918979394325494,True,25.384967565613813,True,6.638147857500959,True,37.64249416472026,True,184.4751529826405,184.4751529826405,254.95030596528102,11,TCGA-78-8640-01,TCGA-78-8640,Male,Stage IIA,59,0:LIVING,232,0,II,matched
TCGA-78-8640,TCGA-78-8640-01Z-00-DX1.6F929E56-34D5-45A6-8A9E-ACB4B88A68B1,11,TCGA-78-8640-01,11,48,1,0,0.3249,0.9600000049045775,0.4101460444665422,29.085359355221986,70.91464064477802,stroma-high,0.7091464064477802,0.7399690225821344,True,17.056063875403336,True,2.3263996784916237,True,,False,,,,12,TCGA-78-8640-01,TCGA-78-8640,Male,Stage IIA,59,0:LIVING,232,0,II,matched
TCGA-78-8640,TCGA-78-8640-01Z-00-DX1.6F929E56-34D5-45A6-8A9E-ACB4B88A68B1,12,TCGA-78-8640-01,12,49,1,0,0.350892,1.0000000006489076,0.533796600382453,34.80230691927147,65.19769308072854,stroma-high,0.6519769308072854,0.6989494321183143,True,39.81428590594705,True,14.146845704242288,True,,False,,,,13,TCGA-78-8640-01,TCGA-78-8640,Male,Stage IIA,59,0:LIVING,232,0,II,matched
TCGA-78-8640,TCGA-78-8640-01Z-00-DX1.6F929E56-34D5-45A6-8A9E-ACB4B88A68B1,13,TCGA-78-8640-01,13,50;51;58,3,2,2.313288,0.9269662901969945,0.6711228252522914,40.159993934076695,59.840006065923305,stroma-high,0.598400060659233,0.6551600019577439,True,28.221461065254434,True,5.543132539943737,True,10.076617001916754,True,689.3599742795227,689.3599742795227,764.7738046192851,14,TCGA-78-8640-01,TCGA-78-8640,Male,Stage IIA,59,0:LIVING,232,0,II,matched
TCGA-78-8640,TCGA-78-8640-01Z-00-DX1.6F929E56-34D5-45A6-8A9E-ACB4B88A68B1,14,TCGA-78-8640-01,14,52,1,0,0.506844,0.8205128171233437,0.4147786450353294,29.31756472935536,70.68243527064465,stroma-high,0.7068243527064464,0.7126502219822245,True,17.48345185938621,True,14.142429752751806,True,,False,,,,15,TCGA-78-8640-01,TCGA-78-8640,Male,Stage IIA,59,0:LIVING,232,0,II,matched
TCGA-78-8640,TCGA-78-8640-01Z-00-DX1.6F929E56-34D5-45A6-8A9E-ACB4B88A68B1,15,TCGA-78-8640-01,15,53,1,0,0.45486,0.8857142903567624,2.7462438645701037,73.30659625612083,26.693403743879173,stroma-low,0.26693403743879174,0.2702567337507676,True,1.7869692034266793,True,0.0,True,,False,,,,16,TCGA-78-8640-01,TCGA-78-8640,Male,Stage IIA,59,0:LIVING,232,0,II,matched
TCGA-78-8640,TCGA-78-8640-01Z-00-DX1.6F929E56-34D5-45A6-8A9E-ACB4B88A68B1,16,TCGA-78-8640-01,16,54;56;59;61;62,5,4,2.638188,0.9999999970749306,0.4160780545009617,29.382423742707548,70.61757625729244,stroma-high,0.7061757625729245,0.7483124267023429,True,38.96561382190757,True,24.60691746284186,True,27.070099925240154,True,763.7651453987767,752.1775409516081,980.7051693000747,17,TCGA-78-8640-01,TCGA-78-8640,Male,Stage IIA,59,0:LIVING,232,0,II,matched
TCGA-78-8640,TCGA-78-8640-01Z-00-DX1.6F929E56-34D5-45A6-8A9E-ACB4B88A68B1,17,TCGA-78-8640-01,17,55,1,0,0.441864,0.7058823512766942,1.0581698884363635,51.41314594007,48.58685405993,stroma-low,0.48586854059929996,0.49519145516969526,True,3.6843007110965553,True,0.0009737288834887008,True,,False,,,,18,TCGA-78-8640-01,TCGA-78-8640,Male,Stage IIA,59,0:LIVING,232,0,II,matched
TCGA-78-8640,TCGA-78-8640-01Z-00-DX1.6F929E56-34D5-45A6-8A9E-ACB4B88A68B1,18,TCGA-78-8640-01,18,57,1,0,0.467856,0.8333333327997631,0.7349500409050665,42.36145269760432,57.63854730239568,stroma-high,0.5763854730239568,0.598620841383533,True,17.31807366558441,True,7.6930675736279746,True,,False,,,,19,TCGA-78-8640-01,TCGA-78-8640,Male,Stage IIA,59,0:LIVING,232,0,II,matched
TCGA-78-8640,TCGA-78-8640-01Z-00-DX1.6F929E56-34D5-45A6-8A9E-ACB4B88A68B1,19,TCGA-78-8640-01,19,60,1,0,0.19494,0.9999999952812989,0.28984860041404276,22.471521101081247,77.52847889891875,stroma-high,0.7752847889891875,0.7928115218424047,True,38.11898215265403,True,23.350333437007567,True,,False,,,,20,TCGA-78-8640-01,TCGA-78-8640,Male,Stage IIA,59,0:LIVING,232,0,II,matched
TCGA-78-8660,TCGA-78-8660-01Z-00-DX1.11E923ED-C01B-439D-8796-08C9E3DC2D93,1,TCGA-78-8660-01,1,1;2;3,3,2,14.321592,0.9999999992434954,0.9305204946541997,48.200498115969346,51.79950188403064,stroma-high,0.5179950188403064,0.5216264149098591,True,14.038214333933011,True,6.567939286990011,True,43.66584096445747,True,420.9734849590226,420.9734849590226,613.9461439397613,2,TCGA-78-8660-01,TCGA-78-8660,Male,Stage IIB,69,1:DECEASED,10.55,1,II,matched
TCGA-78-8660,TCGA-78-8660-01Z-00-DX1.11E923ED-C01B-439D-8796-08C9E3DC2D93,2,TCGA-78-8660-01,2,4,1,0,1.260612,0.9999999991558014,1.7063847224358148,63.05033827193739,36.94966172806262,stroma-low,0.3694966172806262,0.5453076189976392,True,66.39636491945173,True,11.534129296876241,True,,False,,,,3,TCGA-78-8660-01,TCGA-78-8660,Male,Stage IIB,69,1:DECEASED,10.55,1,II,matched
TCGA-78-8660,TCGA-78-8660-01Z-00-DX1.11E923ED-C01B-439D-8796-08C9E3DC2D93,3,TCGA-78-8660-01,3,5,1,0,0.311904,1.000000002141557,4.3185849338562665,81.19800637883309,18.80199362116692,stroma-low,0.18801993621166918,0.1875176635254985,True,0.0,True,0.34907620902934605,True,,False,,,,4,TCGA-78-8660-01,TCGA-78-8660,Male,Stage IIB,69,1:DECEASED,10.55,1,II,matched
TCGA-78-8660,TCGA-78-8660-01Z-00-DX1.11E923ED-C01B-439D-8796-08C9E3DC2D93,4,TCGA-78-8660-01,4,6;18,2,1,33.126804,0.9976461359084476,1.2378251611059616,55.31375652663646,44.68624347336355,stroma-low,0.44686243473363546,0.45760579895311937,True,13.687503642971107,True,1.995053533568689,True,0.0,True,114.0,114.0,114.0,5,TCGA-78-8660-01,TCGA-78-8660,Male,Stage IIB,69,1:DECEASED,10.55,1,II,matched
TCGA-78-8660,TCGA-78-8660-01Z-00-DX1.11E923ED-C01B-439D-8796-08C9E3DC2D93,5,TCGA-78-8660-01,5,7,1,0,0.6498,0.9999999980372377,1.261398729135866,55.77958070304021,44.2204192969598,stroma-low,0.44220419296959795,0.4030076294195895,True,0.0,True,15.71763641498649,True,,False,,,,6,TCGA-78-8660-01,TCGA-78-8660,Male,Stage IIB,69,1:DECEASED,10.55,1,II,matched
TCGA-78-8660,TCGA-78-8660-01Z-00-DX1.11E923ED-C01B-439D-8796-08C9E3DC2D93,6,TCGA-78-8660-01,6,8,1,0,1.728468,1.0000000025556117,0.9111805342903974,47.676319318975786,52.32368068102421,stroma-high,0.5232368068102421,0.5108456789758712,True,4.897468395769974,True,7.801025346932573,True,,False,,,,7,TCGA-78-8660-01,TCGA-78-8660,Male,Stage IIB,69,1:DECEASED,10.55,1,II,matched
TCGA-78-8660,TCGA-78-8660-01Z-00-DX1.11E923ED-C01B-439D-8796-08C9E3DC2D93,7,TCGA-78-8660-01,7,9;10;11;13;15;16;20;23;25,9,10,12.619116,1.0000000000218054,0.39736806478638614,28.43689324237786,71.56310675762214,stroma-high,0.7156310675762213,0.7131505491635236,True,1.7803885074741927,True,2.6805340900970576,True,0.9407536827721115,True,426.92424313673894,412.4751529826405,693.4680004574842,8,TCGA-78-8660-01,TCGA-78-8660,Male,Stage IIB,69,1:DECEASED,10.55,1,II,matched
TCGA-78-8660,TCGA-78-8660-01Z-00-DX1.11E923ED-C01B-439D-8796-08C9E3DC2D93,8,TCGA-78-8660-01,8,12,1,0,1.325592,1.0000000014275678,1.964458906492966,66.26703113307694,33.73296886692306,stroma-low,0.3373296886692306,0.3227691993014992,True,4.177003272414581,True,7.916278548890246,True,,False,,,,9,TCGA-78-8660-01,TCGA-78-8660,Male,Stage IIB,69,1:DECEASED,10.55,1,II,matched
TCGA-78-8660,TCGA-78-8660-01Z-00-DX1.11E923ED-C01B-439D-8796-08C9E3DC2D93,9,TCGA-78-8660-01,9,14,1,0,0.545832,0.999999999665306,5.4407659832242805,84.47389638740772,15.526103612592285,stroma-low,0.15526103612592285,0.1504953954715961,True,0.0,False,3.810405339157618,True,,False,,,,10,TCGA-78-8660-01,TCGA-78-8660,Male,Stage IIB,69,1:DECEASED,10.55,1,II,matched
TCGA-78-8660,TCGA-78-8660-01Z-00-DX1.11E923ED-C01B-439D-8796-08C9E3DC2D93,10,TCGA-78-8660-01,10,17,1,0,0.493848,0.9999999973691669,0.3728454034889106,27.158586286654838,72.84141371334516,stroma-high,0.7284141371334516,0.7283197699951458,True,2.0990919451601417,True,1.5194507580134544,True,,False,,,,11,TCGA-78-8660-01,TCGA-78-8660,Male,Stage IIB,69,1:DECEASED,10.55,1,II,matched
TCGA-78-8660,TCGA-78-8660-01Z-00-DX1.11E923ED-C01B-439D-8796-08C9E3DC2D93,11,TCGA-78-8660-01,11,19,1,0,1.572516,1.0000000031008809,2.516785789552625,71.56494424622856,28.435055753771437,stroma-low,0.2843505575377144,0.28317423937824954,True,1.4506909733016127,True,1.158648995236246,True,,False,,,,12,TCGA-78-8660-01,TCGA-78-8660,Male,Stage IIB,69,1:DECEASED,10.55,1,II,matched
TCGA-78-8660,TCGA-78-8660-01Z-00-DX1.11E923ED-C01B-439D-8796-08C9E3DC2D93,12,TCGA-78-8660-01,12,21,1,0,0.805752,0.9999999980471096,0.3901540211771955,28.065524771622748,71.93447522837727,stroma-high,0.7193447522837726,0.7063349980202754,True,10.504221109919692,True,14.711981196072493,True,,False,,,,13,TCGA-78-8660-01,TCGA-78-8660,Male,Stage IIB,69,1:DECEASED,10.55,1,II,matched
TCGA-78-8660,TCGA-78-8660-01Z-00-DX1.11E923ED-C01B-439D-8796-08C9E3DC2D93,13,TCGA-78-8660-01,13,22,1,0,2.677176,1.0000000005328402,2.281901487459397,69.52985932633446,30.47014067366554,stroma-low,0.3047014067366554,0.27858495363542424,True,6.608246775795925,True,13.111096954407595,True,,False,,,,14,TCGA-78-8660-01,TCGA-78-8660,Male,Stage IIB,69,1:DECEASED,10.55,1,II,matched
TCGA-78-8660,TCGA-78-8660-01Z-00-DX1.11E923ED-C01B-439D-8796-08C9E3DC2D93,14,TCGA-78-8660-01,14,24,1,0,0.246924,1.0000000028452825,0.9251162768210114,48.05508570883194,51.94491429116807,stroma-high,0.5194491429116807,0.5194274595050389,True,0.0,True,0.00962924222405289,True,,False,,,,15,TCGA-78-8660-01,TCGA-78-8660,Male,Stage IIB,69,1:DECEASED,10.55,1,II,matched
TCGA-78-8660,TCGA-78-8660-01Z-00-DX1.11E923ED-C01B-439D-8796-08C9E3DC2D93,15,TCGA-78-8660-01,15,26;27,2,1,1.806444,1.0000000016196204,0.48413808748197035,32.620824946509686,67.37917505349031,stroma-high,0.6737917505349031,0.6734415304495799,True,0.30380376572877393,True,0.4112266426035719,True,0.0,True,114.0,114.0,114.0,16,TCGA-78-8660-01,TCGA-78-8660,Male,Stage IIB,69,1:DECEASED,10.55,1,II,matched
TCGA-78-8660,TCGA-78-8660-01Z-00-DX1.11E923ED-C01B-439D-8796-08C9E3DC2D93,16,TCGA-78-8660-01,16,28,1,0,0.376884,1.000000001715558,1.7685188906820768,63.87960351776284,36.120396482237155,stroma-low,0.36120396482237155,0.4302378576298255,True,42.55245247517879,True,0.4577128905393163,True,,False,,,,17,TCGA-78-8660-01,TCGA-78-8660,Male,Stage IIB,69,1:DECEASED,10.55,1,II,matched
TCGA-78-8660,TCGA-78-8660-01Z-00-DX1.11E923ED-C01B-439D-8796-08C9E3DC2D93,17,TCGA-78-8660-01,17,29,1,0,0.233928,0.9999999996876391,1.8843552383173041,65.33020667095822,34.66979332904179,stroma-low,0.34669793329041787,0.41155786882462037,True,58.493717692224045,True,2.5605524790183476,True,,False,,,,18,TCGA-78-8660-01,TCGA-78-8660,Male,Stage IIB,69,1:DECEASED,10.55,1,II,matched
TCGA-78-8660,TCGA-78-8660-01Z-00-DX1.11E923ED-C01B-439D-8796-08C9E3DC2D93,18,TCGA-78-8660-01,18,30,1,0,0.350892,1.0000000030447187,0.3571613681005604,26.31679448704261,73.68320551295739,stroma-high,0.7368320551295738,0.7706316927136823,True,18.047585964158912,True,0.0,True,,False,,,,19,TCGA-78-8660-01,TCGA-78-8660,Male,Stage IIB,69,1:DECEASED,10.55,1,II,matched
TCGA-78-8660,TCGA-78-8660-01Z-00-DX1.11E923ED-C01B-439D-8796-08C9E3DC2D93,19,TCGA-78-8660-01,19,31;33;36,3,2,178.552044,0.9973797219721275,1.388372649164842,58.130486867295325,41.869513132704675,stroma-low,0.4186951313270467,0.42401403348090844,True,20.475922886494097,True,3.266885772937074,True,50.78770993298004,True,228.00027532637168,228.00027532637168,342.00055065274336,20,TCGA-78-8660-01,TCGA-78-8660,Male,Stage IIB,69,1:DECEASED,10.55,1,II,matched
TCGA-78-8660,TCGA-78-8660-01Z-00-DX1.11E923ED-C01B-439D-8796-08C9E3DC2D93,20,TCGA-78-8660-01,20,32,1,0,0.298908,1.0000000014273531,0.44645084471206936,30.86526212378409,69.13473787621591,stroma-high,0.6913473787621591,0.7160165958824328,True,15.496197810053852,True,2.841482086026227,True,,False,,,,21,TCGA-78-8660-01,TCGA-78-8660,Male,Stage IIB,69,1:DECEASED,10.55,1,II,matched
TCGA-78-8660,TCGA-78-8660-01Z-00-DX1.11E923ED-C01B-439D-8796-08C9E3DC2D93,21,TCGA-78-8660-01,21,34,1,0,0.402876,0.999999998847993,0.4389148090680066,30.503182419277085,69.49681758072292,stroma-high,0.6949681758072291,0.6949335170524628,True,0.0,True,0.019999810276544735,True,,False,,,,22,TCGA-78-8660-01,TCGA-78-8660,Male,Stage IIB,69,1:DECEASED,10.55,1,II,matched
TCGA-78-8660,TCGA-78-8660-01Z-00-DX1.11E923ED-C01B-439D-8796-08C9E3DC2D93,22,TCGA-78-8660-01,22,35,1,0,0.207936,0.9999999956980901,0.5180459305607376,34.12584034063983,65.87415965936016,stroma-high,0.6587415965936017,0.7291910308748779,True,54.68781529985072,True,32.715578801162096,True,,False,,,,23,TCGA-78-8660-01,TCGA-78-8660,Male,Stage IIB,69,1:DECEASED,10.55,1,II,matched
TCGA-80-5611,TCGA-80-5611-01Z-00-DX1.31920706-8AF4-46D2-B1D4-7DD5AF4AAC77,1,TCGA-80-5611-01,1,1,1,0,34.050688,0.935623503672454,2.182250220139495,68.57569547261545,31.42430452738455,stroma-low,0.3142430452738455,0.3097288015226195,True,44.00259719917082,True,15.52582264790748,True,,False,,,,2,TCGA-80-5611-01,TCGA-80-5611,Male,Stage IB,,0:LIVING,85.25,0,I,matched
TCGA-80-5611,TCGA-80-5611-01Z-00-DX1.31920706-8AF4-46D2-B1D4-7DD5AF4AAC77,2,TCGA-80-5611-01,2,2;3;5,3,2,33.784128,0.9349299174886135,2.249022636887613,69.2215133053691,30.778486694630903,stroma-low,0.307784866946309,0.3057513303452269,True,44.34068295220782,True,15.797419504328841,True,74.77786825570752,True,56.0,56.0,56.0,3,TCGA-80-5611-01,TCGA-80-5611,Male,Stage IB,,0:LIVING,85.25,0,I,matched
TCGA-80-5611,TCGA-80-5611-01Z-00-DX1.31920706-8AF4-46D2-B1D4-7DD5AF4AAC77,3,TCGA-80-5611-01,3,4,1,0,0.58016,0.7891891893608428,3.6444501277173873,78.46892586848658,21.53107413151341,stroma-low,0.2153107413151341,0.36846599166692046,True,77.51190567362555,True,16.066119162302677,True,,False,,,,4,TCGA-80-5611-01,TCGA-80-5611,Male,Stage IB,,0:LIVING,85.25,0,I,matched
TCGA-86-7955,TCGA-86-7955-01Z-00-DX1.ef4f4d94-5efb-4a07-97cf-b0ed69085827,1,TCGA-86-7955-01,1,1,1,0,0.640692,0.7115384609708669,3.5115278816632594,77.83456012619541,22.165439873804598,stroma-low,0.221654398738046,0.26103586615414137,True,28.47292594831023,True,1.908824905833734,True,,False,,,,2,TCGA-86-7955-01,TCGA-86-7955,Male,Stage IB,62,0:LIVING,35.22,0,I,matched
TCGA-86-7955,TCGA-86-7955-01Z-00-DX1.ef4f4d94-5efb-4a07-97cf-b0ed69085827,2,TCGA-86-7955-01,2,2,1,0,0.357309,0.7586206872234971,0.9227656165441677,47.991580908476834,52.00841909152316,stroma-high,0.5200841909152316,0.5217780524900395,True,9.009038183594981,True,6.744335440388961,True,,False,,,,3,TCGA-86-7955-01,TCGA-86-7955,Male,Stage IB,62,0:LIVING,35.22,0,I,matched
TCGA-86-7955,TCGA-86-7955-01Z-00-DX1.ef4f4d94-5efb-4a07-97cf-b0ed69085827,3,TCGA-86-7955-01,3,3,1,0,0.332667,0.6296296301529597,2.4944107977618173,71.38287231024745,28.617127689752554,stroma-low,0.28617127689752553,0.49335447248968733,True,76.16944046581075,True,28.32972993672532,True,,False,,,,4,TCGA-86-7955-01,TCGA-86-7955,Male,Stage IB,62,0:LIVING,35.22,0,I,matched
TCGA-86-7955,TCGA-86-7955-01Z-00-DX1.ef4f4d94-5efb-4a07-97cf-b0ed69085827,4,TCGA-86-7955-01,4,4,1,0,0.381951,0.9354838672164577,0.5533962861297738,35.624926560661414,64.37507343933858,stroma-high,0.6437507343933858,0.6439725933788767,True,1.5708974955676163,True,1.4181998631613526,True,,False,,,,5,TCGA-86-7955-01,TCGA-86-7955,Male,Stage IB,62,0:LIVING,35.22,0,I,matched
TCGA-86-7955,TCGA-86-7955-01Z-00-DX1.ef4f4d94-5efb-4a07-97cf-b0ed69085827,5,TCGA-86-7955-01,5,5,1,0,0.924075,0.4533333333923171,4.465279395472117,81.70267377677925,18.297326223220743,stroma-low,0.18297326223220745,0.18219364282153913,True,0.0,True,0.5344193311510884,True,,False,,,,6,TCGA-86-7955-01,TCGA-86-7955,Male,Stage IB,62,0:LIVING,35.22,0,I,matched
TCGA-86-7955,TCGA-86-7955-01Z-00-DX1.ef4f4d94-5efb-4a07-97cf-b0ed69085827,6,TCGA-86-7955-01,6,6,1,0,0.554445,0.8000000069926804,1.0691740229647546,51.67153710120622,48.328462898793774,stroma-low,0.4832846289879377,0.48313019253188694,True,0.05116285897680597,True,0.11481311780708704,True,,False,,,,7,TCGA-86-7955-01,TCGA-86-7955,Male,Stage IB,62,0:LIVING,35.22,0,I,matched
TCGA-86-7955,TCGA-86-7955-01Z-00-DX1.ef4f4d94-5efb-4a07-97cf-b0ed69085827,7,TCGA-86-7955-01,7,7,1,0,2.562768,0.841346153745305,0.9110333668827449,47.672289907151736,52.32771009284826,stroma-high,0.5232771009284826,0.5239965505243206,True,0.5776871517415149,True,0.02379731975429467,True,,False,,,,8,TCGA-86-7955-01,TCGA-86-7955,Male,Stage IB,62,0:LIVING,35.22,0,I,matched
TCGA-86-7955,TCGA-86-7955-01Z-00-DX1.ef4f4d94-5efb-4a07-97cf-b0ed69085827,8,TCGA-86-7955-01,8,8,1,0,0.283383,0.9130434786358186,0.30984672502171584,23.655189504449762,76.34481049555023,stroma-high,0.7634481049555024,0.763507230526817,True,0.04229626765660691,True,0.0,True,,False,,,,9,TCGA-86-7955-01,TCGA-86-7955,Male,Stage IB,62,0:LIVING,35.22,0,I,matched
TCGA-86-7955,TCGA-86-7955-01Z-00-DX1.ef4f4d94-5efb-4a07-97cf-b0ed69085827,9,TCGA-86-7955-01,9,9,1,0,0.221778,0.6666666662527455,1.2349015888092258,55.255300501495086,44.744699498504914,stroma-low,0.44744699498504914,0.45263256499533433,True,8.587488652120868,True,0.0,True,,False,,,,10,TCGA-86-7955-01,TCGA-86-7955,Male,Stage IB,62,0:LIVING,35.22,0,I,matched
TCGA-86-7955,TCGA-86-7955-01Z-00-DX1.ef4f4d94-5efb-4a07-97cf-b0ed69085827,10,TCGA-86-7955-01,10,10,1,0,0.566766,0.7826086989428048,1.3776012420511525,57.94080259071106,42.05919740928894,stroma-low,0.4205919740928894,0.4206330595840741,True,0.04235587814458554,True,0.0,True,,False,,,,11,TCGA-86-7955-01,TCGA-86-7955,Male,Stage IB,62,0:LIVING,35.22,0,I,matched
TCGA-86-7955,TCGA-86-7955-01Z-00-DX1.ef4f4d94-5efb-4a07-97cf-b0ed69085827,11,TCGA-86-7955-01,11,11,1,0,0.344988,0.4285714287439727,1.5063374769862294,60.10114323461101,39.89885676538899,stroma-low,0.3989885676538899,0.3989885676538899,True,0.0,True,0.0,True,,False,,,,12,TCGA-86-7955-01,TCGA-86-7955,Male,Stage IB,62,0:LIVING,35.22,0,I,matched
TCGA-86-7955,TCGA-86-7955-01Z-00-DX1.ef4f4d94-5efb-4a07-97cf-b0ed69085827,12,TCGA-86-7955-01,12,12;13;17;19;20;21;22;23;24;25;27,11,13,80.998254,0.7850623666013493,3.0189358598980673,75.117791503511,24.882208496488996,stroma-low,0.24882208496488994,0.2660623496048417,True,28.702039748311964,True,7.1494557391529945,True,21.37345677070076,True,465.67713771315226,496.44564737768036,866.9781889359434,13,TCGA-86-7955-01,TCGA-86-7955,Male,Stage IB,62,0:LIVING,35.22,0,I,matched
TCGA-86-7955,TCGA-86-7955-01Z-00-DX1.ef4f4d94-5efb-4a07-97cf-b0ed69085827,13,TCGA-86-7955-01,13,14,1,0,0.234099,0.842105259328922,4.752282367866911,82.61559610518869,17.384403894811317,stroma-low,0.17384403894811318,0.17368440353442532,True,0.05445296791874553,True,0.15951206300486778,True,,False,,,,14,TCGA-86-7955-01,TCGA-86-7955,Male,Stage IB,62,0:LIVING,35.22,0,I,matched
TCGA-86-7955,TCGA-86-7955-01Z-00-DX1.ef4f4d94-5efb-4a07-97cf-b0ed69085827,14,TCGA-86-7955-01,14,15;18,2,1,0.936396,0.9342105281887741,0.5677268994413477,36.21337999900713,63.78662000099287,stroma-high,0.6378662000099287,0.6378662000099287,True,0.0,True,0.0,True,0.0,True,597.790649523998,597.790649523998,597.790649523998,15,TCGA-86-7955-01,TCGA-86-7955,Male,Stage IB,62,0:LIVING,35.22,0,I,matched
TCGA-86-7955,TCGA-86-7955-01Z-00-DX1.ef4f4d94-5efb-4a07-97cf-b0ed69085827,15,TCGA-86-7955-01,15,16,1,0,0.258741,0.6190476197925385,0.70216021337826,41.25112359339488,58.74887640660512,stroma-high,0.5874887640660512,0.6583808910720882,True,52.13695724517374,True,17.42543864439306,True,,False,,,,16,TCGA-86-7955-01,TCGA-86-7955,Male,Stage IB,62,0:LIVING,35.22,0,I,matched
TCGA-86-7955,TCGA-86-7955-01Z-00-DX1.ef4f4d94-5efb-4a07-97cf-b0ed69085827,16,TCGA-86-7955-01,16,26,1,0,0.320346,1.0000000051524975,1.5014152473125988,60.02263114553442,39.97736885446558,stroma-low,0.3997736885446558,0.3997736885446558,True,0.0,True,0.0,True,,False,,,,17,TCGA-86-7955-01,TCGA-86-7955,Male,Stage IB,62,0:LIVING,35.22,0,I,matched
TCGA-86-7955,TCGA-86-7955-01Z-00-DX1.ef4f4d94-5efb-4a07-97cf-b0ed69085827,17,TCGA-86-7955-01,17,28,1,0,0.36963,0.8999999977754973,1.1246047841325373,52.93242265721935,47.06757734278065,stroma-low,0.47067577342780653,0.47067577342780653,True,0.0,True,0.0,True,,False,,,,18,TCGA-86-7955-01,TCGA-86-7955,Male,Stage IB,62,0:LIVING,35.22,0,I,matched
TCGA-86-7955,TCGA-86-7955-01Z-00-DX1.ef4f4d94-5efb-4a07-97cf-b0ed69085827,18,TCGA-86-7955-01,18,29,1,0,0.394272,1.0000000009222276,1.4046058704691542,58.413143198186845,41.58685680181316,stroma-low,0.4158685680181316,0.4158685680181316,True,0.0,True,0.0,True,,False,,,,19,TCGA-86-7955-01,TCGA-86-7955,Male,Stage IB,62,0:LIVING,35.22,0,I,matched
TCGA-86-7955,TCGA-86-7955-01Z-00-DX1.ef4f4d94-5efb-4a07-97cf-b0ed69085827,19,TCGA-86-7955-01,19,30,1,0,0.936396,0.9605263157982814,0.7847321467009364,43.96918317135194,56.03081682864806,stroma-high,0.5603081682864806,0.560252649314757,True,0.2012117009190989,True,0.17793599798460608,True,,False,,,,20,TCGA-86-7955-01,TCGA-86-7955,Male,Stage IB,62,0:LIVING,35.22,0,I,matched
TCGA-86-7955,TCGA-86-7955-01Z-00-DX1.ef4f4d94-5efb-4a07-97cf-b0ed69085827,20,TCGA-86-7955-01,20,31,1,0,0.320346,0.7307692290856861,0.9792957292648683,49.47697884583368,50.52302115416632,stroma-high,0.5052302115416633,0.5052302115416633,True,0.0,True,0.0,True,,False,,,,21,TCGA-86-7955-01,TCGA-86-7955,Male,Stage IB,62,0:LIVING,35.22,0,I,matched
TCGA-86-7955,TCGA-86-7955-01Z-00-DX1.ef4f4d94-5efb-4a07-97cf-b0ed69085827,21,TCGA-86-7955-01,21,32,1,0,0.689976,0.5892857129427804,2.1994114021070916,68.74425091623375,31.255749083766244,stroma-low,0.31255749083766243,0.3154754727153607,True,2.4573353628897623,True,0.008105188656751963,True,,False,,,,22,TCGA-86-7955-01,TCGA-86-7955,Male,Stage IB,62,0:LIVING,35.22,0,I,matched
TCGA-86-7955,TCGA-86-7955-01Z-00-DX1.ef4f4d94-5efb-4a07-97cf-b0ed69085827,22,TCGA-86-7955-01,22,33,1,0,0.49284,0.9999999943967851,3.6890246603839487,78.67360330926225,21.326396690737763,stroma-low,0.21326396690737762,0.48792255344878704,True,80.35600604782014,True,24.36227536255482,True,,False,,,,23,TCGA-86-7955-01,TCGA-86-7955,Male,Stage IB,62,0:LIVING,35.22,0,I,matched
TCGA-86-7955,TCGA-86-7955-01Z-00-DX1.ef4f4d94-5efb-4a07-97cf-b0ed69085827,23,TCGA-86-7955-01,23,34,1,0,1.367631,0.7297297302208242,1.5303836524217203,60.48030111785842,39.51969888214158,stroma-low,0.39519698882141585,0.3943457620988446,True,1.03590630350897,True,0.6872256124922551,True,,False,,,,24,TCGA-86-7955-01,TCGA-86-7955,Male,Stage IB,62,0:LIVING,35.22,0,I,matched
TCGA-86-7955,TCGA-86-7955-01Z-00-DX1.ef4f4d94-5efb-4a07-97cf-b0ed69085827,24,TCGA-86-7955-01,24,35,1,0,0.283383,0.5217391347522726,5.250269233377429,84.00068920775698,15.99931079224302,stroma-low,0.1599931079224302,0.1599931079224302,True,0.0,True,0.0,True,,False,,,,25,TCGA-86-7955-01,TCGA-86-7955,Male,Stage IB,62,0:LIVING,35.22,0,I,matched
TCGA-86-7955,TCGA-86-7955-01Z-00-DX1.ef4f4d94-5efb-4a07-97cf-b0ed69085827,25,TCGA-86-7955-01,25,36,1,0,0.197136,0.4375000019208528,121.76461278566934,99.18543301908518,0.8145669809148234,stroma-low,0.008145669809148234,0.008145669809148234,True,,False,0.0,True,,False,,,,26,TCGA-86-7955-01,TCGA-86-7955,Male,Stage IB,62,0:LIVING,35.22,0,I,matched
TCGA-86-7955,TCGA-86-7955-01Z-00-DX1.ef4f4d94-5efb-4a07-97cf-b0ed69085827,26,TCGA-86-7955-01,26,37;38,2,1,2.304027,0.8556149738404415,1.5687238825788785,61.07016379681701,38.92983620318299,stroma-low,0.3892983620318299,0.4851935027292598,True,50.166315886142364,True,15.269693552679604,True,99.52148244395656,True,313.99605265684613,313.99605265684613,313.99605265684613,27,TCGA-86-7955-01,TCGA-86-7955,Male,Stage IB,62,0:LIVING,35.22,0,I,matched
TCGA-86-7955,TCGA-86-7955-01Z-00-DX1.ef4f4d94-5efb-4a07-97cf-b0ed69085827,27,TCGA-86-7955-01,27,39,1,0,0.283383,1.000000001281755,0.8881775365334105,47.03887846076462,52.96112153923538,stroma-high,0.5296112153923538,0.7108806566593183,True,59.77911644917896,True,3.7617285711203396,True,,False,,,,28,TCGA-86-7955-01,TCGA-86-7955,Male,Stage IB,62,0:LIVING,35.22,0,I,matched
TCGA-86-8055,TCGA-86-8055-01Z-00-DX1.546dc42e-3742-4da5-8f9b-80732180ce76,1,TCGA-86-8055-01,1,1,1,0,0.332667,0.7407407395636525,0.29367377938908257,22.70075996498634,77.29924003501367,stroma-high,0.7729924003501366,0.7688049231137914,True,17.11782846991395,True,17.67158953583257,True,,False,,,,2,TCGA-86-8055-01,TCGA-86-8055,Male,Stage IIA,79,1:DECEASED,4.07,1,II,matched
TCGA-86-8055,TCGA-86-8055-01Z-00-DX1.546dc42e-3742-4da5-8f9b-80732180ce76,2,TCGA-86-8055-01,2,2;3;4,3,2,1.318347,0.8598130818905004,0.18871427560794835,15.875495018467204,84.1245049815328,stroma-high,0.841245049815328,0.8470675788863261,True,7.451668954505742,True,2.723582009397481,True,0.7520122041642892,True,640.7109901780013,640.7109901780013,948.4214148207778,3,TCGA-86-8055-01,TCGA-86-8055,Male,Stage IIA,79,1:DECEASED,4.07,1,II,matched
TCGA-86-8055,TCGA-86-8055-01Z-00-DX1.546dc42e-3742-4da5-8f9b-80732180ce76,3,TCGA-86-8055-01,3,5,1,0,0.603729,0.8163265283981265,0.5253191851264544,34.439951339293195,65.5600486607068,stroma-high,0.655600486607068,0.6583359385348482,True,1.7831637461085241,True,0.01197975775076424,True,,False,,,,4,TCGA-86-8055-01,TCGA-86-8055,Male,Stage IIA,79,1:DECEASED,4.07,1,II,matched
TCGA-86-8055,TCGA-86-8055-01Z-00-DX1.546dc42e-3742-4da5-8f9b-80732180ce76,4,TCGA-86-8055-01,4,6;9,2,1,1.281384,0.6826923064451106,0.3022196247048444,23.208037950844446,76.79196204915554,stroma-high,0.7679196204915555,0.7675851734689116,True,0.22725754212192242,True,0.41895368459216686,True,0.010813193720531957,True,555.0,555.0,555.0,5,TCGA-86-8055-01,TCGA-86-8055,Male,Stage IIA,79,1:DECEASED,4.07,1,II,matched
TCGA-86-8055,TCGA-86-8055-01Z-00-DX1.546dc42e-3742-4da5-8f9b-80732180ce76,5,TCGA-86-8055-01,5,7,1,0,0.431235,0.714285713265625,0.26652503627502067,21.04380321283644,78.95619678716356,stroma-high,0.7895619678716357,0.7920905821236844,True,1.8538630221880785,True,0.0,True,,False,,,,6,TCGA-86-8055-01,TCGA-86-8055,Male,Stage IIA,79,1:DECEASED,4.07,1,II,matched
TCGA-86-8055,TCGA-86-8055-01Z-00-DX1.546dc42e-3742-4da5-8f9b-80732180ce76,6,TCGA-86-8055-01,6,8,1,0,0.209457,0.9999999963363413,0.3291118215043313,24.761785741385705,75.2382142586143,stroma-high,0.752382142586143,0.8100770458871527,True,42.81735177206137,True,7.58856989338635,True,,False,,,,7,TCGA-86-8055-01,TCGA-86-8055,Male,Stage IIA,79,1:DECEASED,4.07,1,II,matched
TCGA-86-8055,TCGA-86-8055-01Z-00-DX1.546dc42e-3742-4da5-8f9b-80732180ce76,7,TCGA-86-8055-01,7,10,1,0,0.283383,0.7391304379451986,1.3853505465559908,58.077440590699894,41.922559409300106,stroma-low,0.41922559409300103,0.4332801767058006,True,13.260012999417206,True,5.475680747937316,True,,False,,,,8,TCGA-86-8055-01,TCGA-86-8055,Male,Stage IIA,79,1:DECEASED,4.07,1,II,matched
TCGA-86-8055,TCGA-86-8055-01Z-00-DX1.546dc42e-3742-4da5-8f9b-80732180ce76,8,TCGA-86-8055-01,8,11,1,0,1.429236,0.9224137953628369,0.4787899796188805,32.37714524832499,67.622854751675,stroma-high,0.6762285475167501,0.7012049592049632,True,23.77752161944095,True,7.966425019169641,True,,False,,,,9,TCGA-86-8055-01,TCGA-86-8055,Male,Stage IIA,79,1:DECEASED,4.07,1,II,matched
TCGA-86-8055,TCGA-86-8055-01Z-00-DX1.546dc42e-3742-4da5-8f9b-80732180ce76,9,TCGA-86-8055-01,9,12,1,0,0.234099,0.8947368398137194,0.19816618453087054,16.53912346128016,83.46087653871984,stroma-high,0.8346087653871984,0.8346500337926026,True,0.03662957629119387,True,0.0,True,,False,,,,10,TCGA-86-8055-01,TCGA-86-8055,Male,Stage IIA,79,1:DECEASED,4.07,1,II,matched
TCGA-86-8055,TCGA-86-8055-01Z-00-DX1.546dc42e-3742-4da5-8f9b-80732180ce76,10,TCGA-86-8055-01,10,13,1,0,0.320346,0.4615384582956232,0.3256671695220614,24.566284585554996,75.433715414445,stroma-high,0.75433715414445,0.7464254461910722,True,9.188456317343967,True,10.93227830466131,True,,False,,,,11,TCGA-86-8055-01,TCGA-86-8055,Male,Stage IIA,79,1:DECEASED,4.07,1,II,matched
TCGA-86-8055,TCGA-86-8055-01Z-00-DX1.546dc42e-3742-4da5-8f9b-80732180ce76,11,TCGA-86-8055-01,11,14,1,0,0.271062,0.9999999941402082,11.91210163158022,92.2553273778901,7.744672622109908,stroma-low,0.07744672622109908,0.07748786598539184,True,0.24459575664275163,True,0.2014128766624723,True,,False,,,,12,TCGA-86-8055-01,TCGA-86-8055,Male,Stage IIA,79,1:DECEASED,4.07,1,II,matched
TCGA-86-8073,TCGA-86-8073-01Z-00-DX1.33c016fc-5c9e-4ad6-8de2-a7f8521d205c,1,TCGA-86-8073-01,1,1;3,2,1,0.640692,0.846153849084378,0.3497161756801798,25.910349300210676,74.08965069978932,stroma-high,0.7408965069978932,0.7479149845462174,True,5.74422945622073,True,1.2457645208533292,True,3.578111065675829,True,222.00084830193705,222.00084830193705,222.00084830193705,2,TCGA-86-8073-01,TCGA-86-8073,Male,Stage IB,58,0:LIVING,24.31,0,I,matched
TCGA-86-8073,TCGA-86-8073-01Z-00-DX1.33c016fc-5c9e-4ad6-8de2-a7f8521d205c,2,TCGA-86-8073-01,2,2;5;7;8,4,3,2.944719,0.8661087866534155,0.29532321487053537,22.799191080664162,77.20080891933584,stroma-high,0.7720080891933584,0.7757320797401382,True,5.80500288368783,True,2.7849270874178726,True,1.725831032348762,True,670.0859234377025,710.7871836031428,948.4214148207801,3,TCGA-86-8073-01,TCGA-86-8073,Male,Stage IB,58,0:LIVING,24.31,0,I,matched
TCGA-86-8073,TCGA-86-8073-01Z-00-DX1.33c016fc-5c9e-4ad6-8de2-a7f8521d205c,3,TCGA-86-8073-01,3,4,1,0,0.517482,0.83333333324325,0.4389320940474348,30.504017240508176,69.49598275949182,stroma-high,0.6949598275949183,0.6923216713929835,True,0.28065706084593944,True,1.7992922528128674,True,,False,,,,4,TCGA-86-8073-01,TCGA-86-8073,Male,Stage IB,58,0:LIVING,24.31,0,I,matched
TCGA-86-8073,TCGA-86-8073-01Z-00-DX1.33c016fc-5c9e-4ad6-8de2-a7f8521d205c,4,TCGA-86-8073-01,4,6,1,0,0.234099,0.7894736779279283,0.2171284588484635,17.839403661129634,82.16059633887036,stroma-high,0.8216059633887036,0.8239592150531161,True,2.312354329497181,True,0.00820839321702174,True,,False,,,,5,TCGA-86-8073-01,TCGA-86-8073,Male,Stage IB,58,0:LIVING,24.31,0,I,matched
TCGA-86-8073,TCGA-86-8073-01Z-00-DX1.33c016fc-5c9e-4ad6-8de2-a7f8521d205c,5,TCGA-86-8073-01,5,9,1,0,4.287708,0.8247126437886698,0.750873321923213,42.88564526749603,57.114354732503955,stroma-high,0.5711435473250396,0.5659616853256592,True,5.759343231597891,True,4.617107023506621,True,,False,,,,6,TCGA-86-8073-01,TCGA-86-8073,Male,Stage IB,58,0:LIVING,24.31,0,I,matched
TCGA-86-8073,TCGA-86-8073-01Z-00-DX1.33c016fc-5c9e-4ad6-8de2-a7f8521d205c,6,TCGA-86-8073-01,6,10;11,2,1,0.98568,0.9000000000527507,0.3910767171130177,28.11323863752403,71.88676136247597,stroma-high,0.7188676136247597,0.7196622874429899,True,2.756124533182808,True,1.7137337459606432,True,0.0,True,313.9960526568448,313.9960526568448,313.9960526568448,7,TCGA-86-8073-01,TCGA-86-8073,Male,Stage IB,58,0:LIVING,24.31,0,I,matched
TCGA-86-8073,TCGA-86-8073-01Z-00-DX1.33c016fc-5c9e-4ad6-8de2-a7f8521d205c,7,TCGA-86-8073-01,7,12,1,0,0.948717,0.7792207803184568,0.8743032678699418,46.646841141324295,53.3531588586757,stroma-high,0.533531588586757,0.5263031924511927,True,5.723522265384215,True,5.471335696200473,True,,False,,,,8,TCGA-86-8073-01,TCGA-86-8073,Male,Stage IB,58,0:LIVING,24.31,0,I,matched
TCGA-86-8073,TCGA-86-8073-01Z-00-DX1.33c016fc-5c9e-4ad6-8de2-a7f8521d205c,8,TCGA-86-8073-01,8,13,1,0,2.291706,0.7741935509652011,1.1241029315047528,52.9213022039576,47.0786977960424,stroma-low,0.47078697796042396,0.46663941679256205,True,8.39856150100031,True,5.168867642481914,True,,False,,,,9,TCGA-86-8073-01,TCGA-86-8073,Male,Stage IB,58,0:LIVING,24.31,0,I,matched
TCGA-86-8585,TCGA-86-8585-01Z-00-DX1.bc0b1c69-f71d-46fc-8195-2d205002e6e5,1,TCGA-86-8585-01,1,1,1,0,0.554445,0.9555555529497924,0.7544960382475505,43.00357605829458,56.99642394170542,stroma-high,0.5699642394170542,0.5980919357714016,True,22.872778746785254,True,1.915573474143046,True,,False,,,,2,TCGA-86-8585-01,TCGA-86-8585,Male,Stage IB,57,0:LIVING,11.6,0,I,matched
TCGA-86-8585,TCGA-86-8585-01Z-00-DX1.bc0b1c69-f71d-46fc-8195-2d205002e6e5,2,TCGA-86-8585-01,2,2,1,0,0.308025,0.9999999996431871,0.4459219567505245,30.839974084954203,69.1600259150458,stroma-high,0.691600259150458,0.702084490873134,True,6.924724123215233,True,0.0,True,,False,,,,3,TCGA-86-8585-01,TCGA-86-8585,Male,Stage IB,57,0:LIVING,11.6,0,I,matched
TCGA-86-8585,TCGA-86-8585-01Z-00-DX1.bc0b1c69-f71d-46fc-8195-2d205002e6e5,3,TCGA-86-8585-01,3,3;8,2,1,3.154176,0.9999999996909706,0.38309538865721415,27.69840690663747,72.30159309336253,stroma-high,0.7230159309336253,0.727930531889566,True,5.878486615636587,True,1.4048884502181398,True,7.797245166062816,True,400.2560442293929,400.2560442293929,400.2560442293929,4,TCGA-86-8585-01,TCGA-86-8585,Male,Stage IB,57,0:LIVING,11.6,0,I,matched
TCGA-86-8585,TCGA-86-8585-01Z-00-DX1.bc0b1c69-f71d-46fc-8195-2d205002e6e5,4,TCGA-86-8585-01,4,4,1,0,0.234099,0.9999999944488273,0.34855773809507806,25.84670483500674,74.15329516499327,stroma-high,0.7415329516499326,0.8146434557677281,True,63.18886541852523,True,34.875369262214114,True,,False,,,,5,TCGA-86-8585-01,TCGA-86-8585,Male,Stage IB,57,0:LIVING,11.6,0,I,matched
TCGA-86-8585,TCGA-86-8585-01Z-00-DX1.bc0b1c69-f71d-46fc-8195-2d205002e6e5,5,TCGA-86-8585-01,5,5,1,0,0.381951,0.9999999962902004,0.41099926596396064,29.128240947962215,70.87175905203779,stroma-high,0.7087175905203779,0.7146534003298831,True,3.960561504514607,True,0.030246941365368974,True,,False,,,,6,TCGA-86-8585-01,TCGA-86-8585,Male,Stage IB,57,0:LIVING,11.6,0,I,matched
TCGA-86-8585,TCGA-86-8585-01Z-00-DX1.bc0b1c69-f71d-46fc-8195-2d205002e6e5,6,TCGA-86-8585-01,6,6,1,0,1.626372,0.9469696989564468,0.5776446469247996,36.614369912183,63.385630087817,stroma-high,0.63385630087817,0.648075849158744,True,19.230572586582262,True,9.122582327763192,True,,False,,,,7,TCGA-86-8585-01,TCGA-86-8585,Male,Stage IB,57,0:LIVING,11.6,0,I,matched
TCGA-86-8585,TCGA-86-8585-01Z-00-DX1.bc0b1c69-f71d-46fc-8195-2d205002e6e5,7,TCGA-86-8585-01,7,7;9;11;14,4,3,176.843313,0.9924057689211264,1.0330435081800922,50.81266111736269,49.1873388826373,stroma-low,0.491873388826373,0.4955567648406026,True,31.008115771141533,True,10.873043880955366,True,49.046239845684056,True,156.7473673471779,111.0,248.2421020415337,8,TCGA-86-8585-01,TCGA-86-8585,Male,Stage IB,57,0:LIVING,11.6,0,I,matched
TCGA-86-8585,TCGA-86-8585-01Z-00-DX1.bc0b1c69-f71d-46fc-8195-2d205002e6e5,8,TCGA-86-8585-01,8,10,1,0,5.224104,0.9646226434125087,0.9672615595197148,49.16791846204025,50.83208153795975,stroma-high,0.5083208153795975,0.5240573884893486,True,19.14238271701576,True,5.298556209962205,True,,False,,,,9,TCGA-86-8585-01,TCGA-86-8585,Male,Stage IB,57,0:LIVING,11.6,0,I,matched
TCGA-86-8585,TCGA-86-8585-01Z-00-DX1.bc0b1c69-f71d-46fc-8195-2d205002e6e5,9,TCGA-86-8585-01,9,12,1,0,0.24642,0.8000000031970558,0.39278843767640365,28.201586619407514,71.79841338059248,stroma-high,0.7179841338059249,0.7003831336412351,True,0.8402367788195593,True,9.218616581077042,True,,False,,,,10,TCGA-86-8585-01,TCGA-86-8585,Male,Stage IB,57,0:LIVING,11.6,0,I,matched
TCGA-86-8585,TCGA-86-8585-01Z-00-DX1.bc0b1c69-f71d-46fc-8195-2d205002e6e5,10,TCGA-86-8585-01,10,13,1,0,0.271062,1.000000000876753,0.21873972419959892,17.948026133574594,82.05197386642541,stroma-high,0.8205197386642541,0.8137013566823661,True,36.21478098217366,True,33.85287944945056,True,,False,,,,11,TCGA-86-8585-01,TCGA-86-8585,Male,Stage IB,57,0:LIVING,11.6,0,I,matched
TCGA-86-A4JF,TCGA-86-A4JF-01Z-00-DX1.22828B15-D68E-4300-A3A8-FBC11B319BC5,1,TCGA-86-A4JF-01,1,1;2;4;7;8;11;12;13;15;16;17;18;21;22;23;25;27;28;29;30;31;32;34;35;36;39;40;41;42;43;44,31,37,145.60807175,0.9900026540314345,0.9409490000768217,48.47881114030196,51.52118885969804,stroma-high,0.5152118885969804,0.5157580355721991,True,15.284069112755269,True,6.658990179690965,True,18.77615005448994,True,447.9638188469231,409.269922416304,969.7814241807874,2,TCGA-86-A4JF-01,TCGA-86-A4JF,Male,Stage IIB,56,1:DECEASED,24.21,1,II,matched
TCGA-86-A4JF,TCGA-86-A4JF-01Z-00-DX1.22828B15-D68E-4300-A3A8-FBC11B319BC5,2,TCGA-86-A4JF-01,2,3,1,0,2.318805,0.7111111107167138,1.2567551313596856,55.68859083982656,44.31140916017344,stroma-low,0.44311409160173443,0.4369893829011387,True,9.941534449995764,True,3.7474039080590127,True,,False,,,,3,TCGA-86-A4JF-01,TCGA-86-A4JF,Male,Stage IIB,56,1:DECEASED,24.21,1,II,matched
TCGA-86-A4JF,TCGA-86-A4JF-01Z-00-DX1.22828B15-D68E-4300-A3A8-FBC11B319BC5,3,TCGA-86-A4JF-01,3,5,1,0,0.4895255,0.999999996523624,0.2346313175522855,19.00416053089056,80.99583946910944,stroma-high,0.8099583946910944,0.7948385524728661,True,10.886355908788905,True,18.86757240609676,True,,False,,,,4,TCGA-86-A4JF-01,TCGA-86-A4JF,Male,Stage IIB,56,1:DECEASED,24.21,1,II,matched
TCGA-86-A4JF,TCGA-86-A4JF-01Z-00-DX1.22828B15-D68E-4300-A3A8-FBC11B319BC5,4,TCGA-86-A4JF-01,4,6,1,0,0.360703,1.000000000942756,1.3358132705790944,57.18835865025802,42.811641349741976,stroma-low,0.42811641349741975,0.4231887630476576,True,1.6037182545955293,True,2.5504020825245544,True,,False,,,,5,TCGA-86-A4JF-01,TCGA-86-A4JF,Male,Stage IIB,56,1:DECEASED,24.21,1,II,matched
TCGA-86-A4JF,TCGA-86-A4JF-01Z-00-DX1.22828B15-D68E-4300-A3A8-FBC11B319BC5,5,TCGA-86-A4JF-01,5,9,1,0,0.50240775,0.9999999975138614,2.0578824056468417,67.2976306036704,32.702369396329594,stroma-low,0.32702369396329595,0.36254956076887485,True,28.472561482773738,True,12.098009824933305,True,,False,,,,6,TCGA-86-A4JF-01,TCGA-86-A4JF,Male,Stage IIB,56,1:DECEASED,24.21,1,II,matched
TCGA-86-A4JF,TCGA-86-A4JF-01Z-00-DX1.22828B15-D68E-4300-A3A8-FBC11B319BC5,6,TCGA-86-A4JF-01,6,10,1,0,0.27052725,1.0000000074949293,1.2803394157676156,56.14687914064861,43.8531208593514,stroma-low,0.43853120859351397,0.44166965600300945,True,2.1363235585498295,True,0.4741269954262586,True,,False,,,,7,TCGA-86-A4JF-01,TCGA-86-A4JF,Male,Stage IIB,56,1:DECEASED,24.21,1,II,matched
TCGA-86-A4JF,TCGA-86-A4JF-01Z-00-DX1.22828B15-D68E-4300-A3A8-FBC11B319BC5,7,TCGA-86-A4JF-01,7,14,1,0,0.60546575,0.9999999971874167,4.05949059540144,80.23516436795242,19.764835632047575,stroma-low,0.19764835632047575,0.48901146002399787,True,84.11180973251517,True,25.111016937173936,True,,False,,,,8,TCGA-86-A4JF-01,TCGA-86-A4JF,Male,Stage IIB,56,1:DECEASED,24.21,1,II,matched
TCGA-86-A4JF,TCGA-86-A4JF-01Z-00-DX1.22828B15-D68E-4300-A3A8-FBC11B319BC5,8,TCGA-86-A4JF-01,8,19,1,0,0.19323375,1.0000000013188888,0.2803618556470881,21.897079674042203,78.1029203259578,stroma-high,0.781029203259578,0.7821940813621157,True,5.1899244809248914,True,4.300165182744033,True,,False,,,,9,TCGA-86-A4JF-01,TCGA-86-A4JF,Male,Stage IIB,56,1:DECEASED,24.21,1,II,matched
TCGA-86-A4JF,TCGA-86-A4JF-01Z-00-DX1.22828B15-D68E-4300-A3A8-FBC11B319BC5,9,TCGA-86-A4JF-01,9,20,1,0,0.4895255,0.9999999956551043,0.32234885151877324,24.376990319047962,75.62300968095205,stroma-high,0.7562300968095205,0.7521569538745496,True,8.247551085162264,True,7.72564324156556,True,,False,,,,10,TCGA-86-A4JF-01,TCGA-86-A4JF,Male,Stage IIB,56,1:DECEASED,24.21,1,II,matched
TCGA-86-A4JF,TCGA-86-A4JF-01Z-00-DX1.22828B15-D68E-4300-A3A8-FBC11B319BC5,10,TCGA-86-A4JF-01,10,24;26;38,3,2,5.11425325,0.9748110824944309,1.153512776697735,53.56424114030882,46.43575885969118,stroma-low,0.4643575885969118,0.49022933075184427,True,35.98086207999698,True,10.789736935047364,True,29.51666861358572,True,415.686690114142,415.686690114142,717.873380228284,11,TCGA-86-A4JF-01,TCGA-86-A4JF,Male,Stage IIB,56,1:DECEASED,24.21,1,II,matched
TCGA-86-A4JF,TCGA-86-A4JF-01Z-00-DX1.22828B15-D68E-4300-A3A8-FBC11B319BC5,11,TCGA-86-A4JF-01,11,33,1,0,0.42511425,0.9999999967692542,0.5104398899489838,33.79412139110179,66.20587860889822,stroma-high,0.6620587860889822,0.661368715212695,True,5.715753353475141,True,4.694968126734585,True,,False,,,,12,TCGA-86-A4JF-01,TCGA-86-A4JF,Male,Stage IIB,56,1:DECEASED,24.21,1,II,matched
TCGA-86-A4JF,TCGA-86-A4JF-01Z-00-DX1.22828B15-D68E-4300-A3A8-FBC11B319BC5,12,TCGA-86-A4JF-01,12,37,1,0,0.42511425,0.9999999943746926,0.890637875134062,47.10779821180237,52.892201788197625,stroma-high,0.5289220178819762,0.5226087282520488,True,3.2812367707951053,True,6.9453959221058055,True,,False,,,,13,TCGA-86-A4JF-01,TCGA-86-A4JF,Male,Stage IIB,56,1:DECEASED,24.21,1,II,matched
TCGA-91-A4BC,TCGA-91-A4BC-01Z-00-DX1.8D8783B1-D1BA-4970-B77B-3AED8506C487,1,TCGA-91-A4BC-01,1,1;2;3,3,3,18.090432,0.9152298850680388,1.2444919658735805,55.44648788213464,44.55351211786536,stroma-low,0.44553512117865357,0.4211305869524112,True,34.48979920283583,True,27.301888965637445,True,38.0647364264068,True,183.49377801036158,114.0,322.4813340310847,2,TCGA-91-A4BC-01,TCGA-91-A4BC,Male,Stage IIA,59,0:LIVING,1.45,0,II,matched
TCGA-91-A4BC,TCGA-91-A4BC-01Z-00-DX1.8D8783B1-D1BA-4970-B77B-3AED8506C487,2,TCGA-91-A4BC-01,2,4,1,0,0.233928,0.999999997733135,0.5751547737214693,36.514175198327045,63.485824801672955,stroma-high,0.6348582480167295,0.6674711659248763,True,24.809020320263425,True,10.422490262050871,True,,False,,,,3,TCGA-91-A4BC-01,TCGA-91-A4BC,Male,Stage IIA,59,0:LIVING,1.45,0,II,matched
TCGA-93-A4JP,TCGA-93-A4JP-01Z-00-DX1.994E229B-5251-4F61-8C41-863047F3A136,1,TCGA-93-A4JP-01,1,1;5;7,3,2,101.632450875,0.9633116097074005,3.1046407377435408,75.63733189107961,24.362668108920385,stroma-low,0.24362668108920385,0.23918977184180468,True,12.630789290410313,True,6.147801873606044,True,0.8236160808751206,True,322.76947293782916,322.76947293782916,332.25,2,TCGA-93-A4JP-01,TCGA-93-A4JP,Male,Stage IV,64,0:LIVING,18.99,0,IV,matched
TCGA-93-A4JP,TCGA-93-A4JP-01Z-00-DX1.994E229B-5251-4F61-8C41-863047F3A136,2,TCGA-93-A4JP-01,2,2,1,0,2.0238178125,0.9393939379793057,3.3603750487057984,77.0661929574886,22.933807042511393,stroma-low,0.22933807042511392,0.228421613819606,True,6.324093094368882,True,1.4662364907133127,True,,False,,,,3,TCGA-93-A4JP-01,TCGA-93-A4JP,Male,Stage IV,64,0:LIVING,18.99,0,IV,matched
TCGA-93-A4JP,TCGA-93-A4JP-01Z-00-DX1.994E229B-5251-4F61-8C41-863047F3A136,3,TCGA-93-A4JP-01,3,3,1,0,0.6500748125,1.0000000005568166,0.3000824429486183,23.081801048556898,76.91819895144309,stroma-high,0.769181989514431,0.7691717430700006,True,0.001866737395530715,True,0.008478340857928137,True,,False,,,,4,TCGA-93-A4JP-01,TCGA-93-A4JP,Male,Stage IV,64,0:LIVING,18.99,0,IV,matched
TCGA-93-A4JP,TCGA-93-A4JP-01Z-00-DX1.994E229B-5251-4F61-8C41-863047F3A136,4,TCGA-93-A4JP-01,4,4,1,0,0.5274191875,0.8837209312976398,1.3783506896148812,57.95405596127934,42.04594403872067,stroma-low,0.4204594403872067,0.4189442124615946,True,0.13809908593546766,True,0.7968457623430496,True,,False,,,,5,TCGA-93-A4JP-01,TCGA-93-A4JP,Male,Stage IV,64,0:LIVING,18.99,0,IV,matched
TCGA-93-A4JP,TCGA-93-A4JP-01Z-00-DX1.994E229B-5251-4F61-8C41-863047F3A136,5,TCGA-93-A4JP-01,5,6,1,0,0.4906225,0.8750000005392394,1.2806386071153795,56.15263212329681,43.84736787670319,stroma-low,0.4384736787670319,0.43812239859181784,True,0.23445578587062368,True,0.24826428196152578,True,,False,,,,6,TCGA-93-A4JP-01,TCGA-93-A4JP,Male,Stage IV,64,0:LIVING,18.99,0,IV,matched
TCGA-93-A4JP,TCGA-93-A4JP-01Z-00-DX1.994E229B-5251-4F61-8C41-863047F3A136,6,TCGA-93-A4JP-01,6,8,1,0,0.2085145625,1.0000000019632247,4.433042517124656,81.59410685912997,18.405893140870038,stroma-low,0.1840589314087004,0.18404133154681018,True,0.0,False,0.012743174717157711,True,,False,,,,7,TCGA-93-A4JP-01,TCGA-93-A4JP,Male,Stage IV,64,0:LIVING,18.99,0,IV,matched
TCGA-93-A4JQ,TCGA-93-A4JQ-01Z-00-DX1.24573112-917C-43E9-B0FD-763C290AA88A,1,TCGA-93-A4JQ-01,1,1;3,2,1,0.7972615625,0.9999999961233698,0.3961048471109151,28.372141815180314,71.62785818481969,stroma-high,0.7162785818481969,0.7428569398838736,True,44.675715473293145,True,29.581309964183767,True,35.43026774565382,True,350.25860247520194,350.25860247520194,350.25860247520194,2,TCGA-93-A4JQ-01,TCGA-93-A4JQ,Male,Stage IA,49,0:LIVING,17.28,0,I,matched
TCGA-93-A4JQ,TCGA-93-A4JQ-01Z-00-DX1.24573112-917C-43E9-B0FD-763C290AA88A,2,TCGA-93-A4JQ-01,2,2,1,0,1.8030376875,1.0000000007020309,0.562988411741064,36.01999909352704,63.98000090647295,stroma-high,0.6398000090647296,0.6102085558190363,True,26.658342059072748,True,27.78472286776999,True,,False,,,,3,TCGA-93-A4JQ-01,TCGA-93-A4JQ,Male,Stage IA,49,0:LIVING,17.28,0,I,matched
TCGA-93-A4JQ,TCGA-93-A4JQ-01Z-00-DX1.24573112-917C-43E9-B0FD-763C290AA88A,3,TCGA-93-A4JQ-01,3,4;7;8;9;11;12;13;16;17;18;19;22;23;32;33;34;35;36;37,19,25,118.6938483125,0.9912162858802643,0.6084701272488056,37.82912202973631,62.170877970263696,stroma-high,0.6217087797026369,0.6151703792166755,True,16.361352440715674,True,10.79190210471193,True,8.31034872556941,True,572.0412456689161,564.7502276103514,996.7501889374186,4,TCGA-93-A4JQ-01,TCGA-93-A4JQ,Male,Stage IA,49,0:LIVING,17.28,0,I,matched
TCGA-93-A4JQ,TCGA-93-A4JQ-01Z-00-DX1.24573112-917C-43E9-B0FD-763C290AA88A,4,TCGA-93-A4JQ-01,4,5;6;10,3,3,1.103900625,0.9999999987505565,0.27683221984501255,21.681174358101305,78.3188256418987,stroma-high,0.7831882564189869,0.803289974919136,True,30.53331705361192,True,25.00522904279184,True,33.50211084044686,True,406.08356950504077,443.00042510902813,664.5002834060944,5,TCGA-93-A4JQ-01,TCGA-93-A4JQ,Male,Stage IA,49,0:LIVING,17.28,0,I,matched
TCGA-93-A4JQ,TCGA-93-A4JQ-01Z-00-DX1.24573112-917C-43E9-B0FD-763C290AA88A,5,TCGA-93-A4JQ-01,5,14,1,0,0.53968475,0.7045454554195616,1.0027753817393532,50.06928839261402,49.93071160738597,stroma-low,0.49930711607385975,0.5122754032093932,True,19.976333648216997,True,3.602554237960402,True,,False,,,,6,TCGA-93-A4JQ-01,TCGA-93-A4JQ,Male,Stage IA,49,0:LIVING,17.28,0,I,matched
TCGA-93-A4JQ,TCGA-93-A4JQ-01Z-00-DX1.24573112-917C-43E9-B0FD-763C290AA88A,6,TCGA-93-A4JQ-01,6,15,1,0,0.4783569375,0.9999999969101899,0.4150005069135342,29.32864722562912,70.67135277437089,stroma-high,0.7067135277437089,0.7551121861768427,True,48.97069775214767,True,39.40542771185493,True,,False,,,,7,TCGA-93-A4JQ-01,TCGA-93-A4JQ,Male,Stage IA,49,0:LIVING,17.28,0,I,matched
TCGA-93-A4JQ,TCGA-93-A4JQ-01Z-00-DX1.24573112-917C-43E9-B0FD-763C290AA88A,7,TCGA-93-A4JQ-01,7,20,1,0,0.3557013125,0.9655172344127064,0.3099202407845037,23.659474152326577,76.34052584767342,stroma-high,0.7634052584767342,0.7510151980565617,True,7.383240119728978,True,14.438426257972273,True,,False,,,,8,TCGA-93-A4JQ-01,TCGA-93-A4JQ,Male,Stage IA,49,0:LIVING,17.28,0,I,matched
TCGA-93-A4JQ,TCGA-93-A4JQ-01Z-00-DX1.24573112-917C-43E9-B0FD-763C290AA88A,8,TCGA-93-A4JQ-01,8,21;26;28,3,3,1.9747555625,1.000000001751506,0.21093881044569382,17.419444205282055,82.58055579471795,stroma-high,0.8258055579471795,0.8205604394417896,True,5.149396392055076,True,10.403070946614143,True,3.7348906240685085,True,510.60586456534844,645.8173507765223,775.2502429195231,9,TCGA-93-A4JQ-01,TCGA-93-A4JQ,Male,Stage IA,49,0:LIVING,17.28,0,I,matched
TCGA-93-A4JQ,TCGA-93-A4JQ-01Z-00-DX1.24573112-917C-43E9-B0FD-763C290AA88A,9,TCGA-93-A4JQ-01,9,24,1,0,0.613278125,0.9800000006215487,0.367259281239262,26.860982863936684,73.13901713606332,stroma-high,0.7313901713606332,0.7387988291750303,True,9.871192338453513,True,3.013960393739708,True,,False,,,,10,TCGA-93-A4JQ-01,TCGA-93-A4JQ,Male,Stage IA,49,0:LIVING,17.28,0,I,matched
TCGA-93-A4JQ,TCGA-93-A4JQ-01Z-00-DX1.24573112-917C-43E9-B0FD-763C290AA88A,10,TCGA-93-A4JQ-01,10,25;27;29;31,4,5,2.2200668125,1.0000000003529441,0.2067093231897364,17.13000133647219,82.86999866352781,stroma-high,0.8286999866352781,0.8287075619140363,True,1.86244638734436,True,1.7582470855712142,True,0.03587478730433456,True,508.6913646890319,456.6687985804507,775.25,11,TCGA-93-A4JQ-01,TCGA-93-A4JQ,Male,Stage IA,49,0:LIVING,17.28,0,I,matched
TCGA-93-A4JQ,TCGA-93-A4JQ-01Z-00-DX1.24573112-917C-43E9-B0FD-763C290AA88A,11,TCGA-93-A4JQ-01,11,30,1,0,0.4292946875,1.000000005208754,0.24002264406480317,19.356311371702635,80.64368862829737,stroma-high,0.8064368862829737,0.8125437929374846,True,6.966772253880993,True,0.4625013652538103,True,,False,,,,12,TCGA-93-A4JQ-01,TCGA-93-A4JQ,Male,Stage IA,49,0:LIVING,17.28,0,I,matched
TCGA-95-7567,TCGA-95-7567-01Z-00-DX1.982FF122-A440-4949-926C-B58AF8381090,1,TCGA-95-7567-01,1,1,1,0,0.3965585,0.8076923076993039,1.6338729951548507,62.033097197945644,37.966902802054356,stroma-low,0.37966902802054353,0.6229669433105623,True,70.55443567420353,True,16.446891110941895,True,,False,,,,2,TCGA-95-7567-01,TCGA-95-7567,Male,Stage IIB,61,0:LIVING,18.66,0,II,matched
TCGA-95-7567,TCGA-95-7567-01Z-00-DX1.982FF122-A440-4949-926C-B58AF8381090,2,TCGA-95-7567-01,2,2;3;4;10;11;13;14;15;16;17;19;20;21,13,19,134.63161075,0.9858389033249433,1.35956357890927,57.61928142397167,42.380718576028336,stroma-low,0.42380718576028337,0.4141088723817465,True,28.830909346461787,True,19.133795587028594,True,0.9610301153344762,True,373.9254098839741,370.5,964.6063098839849,3,TCGA-95-7567-01,TCGA-95-7567,Male,Stage IIB,61,0:LIVING,18.66,0,II,matched
TCGA-95-7567,TCGA-95-7567-01Z-00-DX1.982FF122-A440-4949-926C-B58AF8381090,3,TCGA-95-7567-01,3,5;7;9;12,4,4,1.44896375,0.936842107810777,0.4057219005951658,28.862173977896198,71.1378260221038,stroma-high,0.711378260221038,0.7426869276687476,True,48.36873564122004,True,40.115201443345555,True,58.40037384886257,True,326.08724983891307,333.3852971601425,390.5776425936703,4,TCGA-95-7567-01,TCGA-95-7567,Male,Stage IIB,61,0:LIVING,18.66,0,II,matched
TCGA-95-7567,TCGA-95-7567-01Z-00-DX1.982FF122-A440-4949-926C-B58AF8381090,4,TCGA-95-7567-01,4,6,1,0,9.99022375,0.8229007635323186,3.5277924196064383,77.91418185008311,22.085818149916893,stroma-low,0.22085818149916894,0.25032216186212447,True,54.478959149926155,True,15.795541268869695,True,,False,,,,5,TCGA-95-7567-01,TCGA-95-7567,Male,Stage IIB,61,0:LIVING,18.66,0,II,matched
TCGA-95-7567,TCGA-95-7567-01Z-00-DX1.982FF122-A440-4949-926C-B58AF8381090,5,TCGA-95-7567-01,5,8,1,0,0.19827925,0.6923076907886961,0.7325965017467652,42.283157157952104,57.71684284204789,stroma-high,0.5771684284204789,0.5937370894784492,True,10.301632010314895,True,2.5309167773879513,True,,False,,,,6,TCGA-95-7567-01,TCGA-95-7567,Male,Stage IIB,61,0:LIVING,18.66,0,II,matched
TCGA-95-7567,TCGA-95-7567-01Z-00-DX1.982FF122-A440-4949-926C-B58AF8381090,6,TCGA-95-7567-01,6,18,1,0,0.2135315,1.0000000019873758,0.9735725078406816,49.3304656389789,50.66953436102109,stroma-high,0.506695343610211,0.5147131594000539,True,5.057217865669073,True,1.3057728305342953,True,,False,,,,7,TCGA-95-7567-01,TCGA-95-7567,Male,Stage IIB,61,0:LIVING,18.66,0,II,matched
TCGA-95-7567,TCGA-95-7567-01Z-00-DX1.982FF122-A440-4949-926C-B58AF8381090,7,TCGA-95-7567-01,7,22,1,0,0.976144,0.8124999982415204,0.4883739691090719,32.81258468941166,67.18741531058835,stroma-high,0.6718741531058835,0.6868815883735326,True,11.28735075249825,True,1.6375208247841948,True,,False,,,,8,TCGA-95-7567-01,TCGA-95-7567,Male,Stage IIB,61,0:LIVING,18.66,0,II,matched
TCGA-95-7567,TCGA-95-7567-01Z-00-DX1.982FF122-A440-4949-926C-B58AF8381090,8,TCGA-95-7567-01,8,23;24;25;30,4,3,18.6382495,0.9067103117055301,2.6081933942083944,72.28529929673043,27.714700703269568,stroma-low,0.2771470070326957,0.27075794198258724,True,24.787650182044956,True,19.29909145466343,True,2.233487120340368,True,438.83779304806876,349.3513917161722,720.1619874280342,9,TCGA-95-7567-01,TCGA-95-7567,Male,Stage IIB,61,0:LIVING,18.66,0,II,matched
TCGA-95-7567,TCGA-95-7567-01Z-00-DX1.982FF122-A440-4949-926C-B58AF8381090,9,TCGA-95-7567-01,9,26,1,0,0.38130625,0.999999997256964,0.7747152722214784,43.652933197094654,56.34706680290535,stroma-high,0.5634706680290535,0.7272474884779682,True,62.07015739810576,True,15.037051204704058,True,,False,,,,10,TCGA-95-7567-01,TCGA-95-7567,Male,Stage IIB,61,0:LIVING,18.66,0,II,matched
TCGA-95-7567,TCGA-95-7567-01Z-00-DX1.982FF122-A440-4949-926C-B58AF8381090,10,TCGA-95-7567-01,10,27;31;32;34;35;37;38,7,6,23.56472625,0.9080906154133269,1.8740250967633776,65.20559263291878,34.79440736708123,stroma-low,0.34794407367081226,0.3492458237120312,True,22.39730960105395,True,10.559987860433543,True,8.392862260853985,True,496.67519960824194,450.84936925725407,864.4999999999999,11,TCGA-95-7567-01,TCGA-95-7567,Male,Stage IIB,61,0:LIVING,18.66,0,II,matched
TCGA-95-7567,TCGA-95-7567-01Z-00-DX1.982FF122-A440-4949-926C-B58AF8381090,11,TCGA-95-7567-01,11,28,1,0,0.2135315,1.0000000047397666,0.6467274191985725,39.27349551957549,60.7265044804245,stroma-high,0.607265044804245,0.7762108742928622,True,77.62167627991133,True,36.349686281441414,True,,False,,,,12,TCGA-95-7567-01,TCGA-95-7567,Male,Stage IIB,61,0:LIVING,18.66,0,II,matched
TCGA-95-7567,TCGA-95-7567-01Z-00-DX1.982FF122-A440-4949-926C-B58AF8381090,12,TCGA-95-7567-01,12,29,1,0,1.08290975,0.9999999982705765,0.7850824961592104,43.98018006721799,56.01981993278201,stroma-high,0.5601981993278201,0.615696935028865,True,42.612098425019354,True,20.236687574102767,True,,False,,,,13,TCGA-95-7567-01,TCGA-95-7567,Male,Stage IIB,61,0:LIVING,18.66,0,II,matched
TCGA-95-7567,TCGA-95-7567-01Z-00-DX1.982FF122-A440-4949-926C-B58AF8381090,13,TCGA-95-7567-01,13,33,1,0,0.366054,0.7916666602586702,1.1414689800129842,53.303082634709156,46.696917365290844,stroma-low,0.46696917365290846,0.4684327875990848,True,1.6451181078877781,True,0.8272953553899511,True,,False,,,,14,TCGA-95-7567-01,TCGA-95-7567,Male,Stage IIB,61,0:LIVING,18.66,0,II,matched
TCGA-95-7567,TCGA-95-7567-01Z-00-DX1.982FF122-A440-4949-926C-B58AF8381090,14,TCGA-95-7567-01,14,36,1,0,1.037153,0.9999999987776393,0.710651066794594,41.54272490685122,58.45727509314877,stroma-high,0.5845727509314878,0.6051516483054754,True,32.424191008348,True,19.604614634546387,True,,False,,,,15,TCGA-95-7567-01,TCGA-95-7567,Male,Stage IIB,61,0:LIVING,18.66,0,II,matched
TCGA-95-7567,TCGA-95-7567-01Z-00-DX1.982FF122-A440-4949-926C-B58AF8381090,15,TCGA-95-7567-01,15,39,1,0,0.80836925,0.7735849046011078,1.0332067077146136,50.81660924067919,49.183390759320794,stroma-low,0.49183390759320794,0.5226651671870789,True,16.206589661313952,True,2.622441831326869,True,,False,,,,16,TCGA-95-7567-01,TCGA-95-7567,Male,Stage IIB,61,0:LIVING,18.66,0,II,matched
TCGA-95-7947,TCGA-95-7947-01Z-00-DX1.44291078-2D8E-4E79-8FAB-439E52BAAD60,1,TCGA-95-7947-01,1,1,1,0,0.4575675,0.7666666691104184,3.509726182731331,77.82570472173664,22.17429527826336,stroma-low,0.22174295278263362,0.3459483865470481,True,54.17077693008442,True,13.0945807324753,True,,False,,,,2,TCGA-95-7947-01,TCGA-95-7947,Male,Stage IA,67,0:LIVING,15.67,0,I,matched
TCGA-95-7947,TCGA-95-7947-01Z-00-DX1.44291078-2D8E-4E79-8FAB-439E52BAAD60,2,TCGA-95-7947-01,2,2;3;5;7;8;9;10;11;12;14;15;17;18;20;22;23;24;25,18,25,32.50254475,0.9694978888839408,1.2858691056165006,56.25296314898577,43.747036851014236,stroma-low,0.43747036851014237,0.46762599658479054,True,35.412010377736266,True,6.533095886531928,True,38.276660654592156,True,572.0979540154558,494.0003812212898,988.0000000000001,3,TCGA-95-7947-01,TCGA-95-7947,Male,Stage IA,67,0:LIVING,15.67,0,I,matched
TCGA-95-7947,TCGA-95-7947-01Z-00-DX1.44291078-2D8E-4E79-8FAB-439E52BAAD60,3,TCGA-95-7947-01,3,4,1,0,0.28979275,0.9473684196372663,0.14088634819707227,12.34885038459029,87.65114961540971,stroma-high,0.8765114961540971,0.8723570512744994,True,2.256660029111528,True,5.651990363409678,True,,False,,,,4,TCGA-95-7947-01,TCGA-95-7947,Male,Stage IA,67,0:LIVING,15.67,0,I,matched
TCGA-95-7947,TCGA-95-7947-01Z-00-DX1.44291078-2D8E-4E79-8FAB-439E52BAAD60,4,TCGA-95-7947-01,4,6,1,0,1.02190075,0.9850746269337888,1.0138071047758468,50.342811005659435,49.65718899434055,stroma-low,0.4965718899434055,0.5163581394739619,True,41.65452531455616,True,17.988537311334653,True,,False,,,,5,TCGA-95-7947-01,TCGA-95-7947,Male,Stage IA,67,0:LIVING,15.67,0,I,matched
TCGA-95-7947,TCGA-95-7947-01Z-00-DX1.44291078-2D8E-4E79-8FAB-439E52BAAD60,5,TCGA-95-7947-01,5,13;16,2,1,1.5557295,0.8529411741413188,0.3905163840838063,28.084270602903583,71.91572939709641,stroma-high,0.7191572939709642,0.7256156278668,True,7.139192761153823,True,2.752283139160222,True,7.809111536169458,True,720.1619874280342,720.1619874280342,720.1619874280342,6,TCGA-95-7947-01,TCGA-95-7947,Male,Stage IA,67,0:LIVING,15.67,0,I,matched
TCGA-95-7947,TCGA-95-7947-01Z-00-DX1.44291078-2D8E-4E79-8FAB-439E52BAAD60,6,TCGA-95-7947-01,6,19;21,2,1,0.83887375,0.9999999988079997,1.010873059495695,50.27035668523059,49.72964331476941,stroma-low,0.4972964331476941,0.565519193244899,True,32.88917774492137,True,4.07108067791794,True,14.733775256344424,True,370.5,370.5,370.5,7,TCGA-95-7947-01,TCGA-95-7947,Male,Stage IA,67,0:LIVING,15.67,0,I,matched
TCGA-95-7947,TCGA-95-7947-01Z-00-DX1.44291078-2D8E-4E79-8FAB-439E52BAAD60,7,TCGA-95-7947-01,7,26,1,0,0.2745405,1.0000000002825495,0.9569714383672466,48.900633887926,51.09936611207401,stroma-high,0.5109936611207401,0.5592243895631696,True,21.86971118169076,True,0.3901086005186579,True,,False,,,,8,TCGA-95-7947-01,TCGA-95-7947,Male,Stage IA,67,0:LIVING,15.67,0,I,matched
TCGA-95-7947,TCGA-95-7947-01Z-00-DX1.44291078-2D8E-4E79-8FAB-439E52BAAD60,8,TCGA-95-7947-01,8,27,1,0,0.25928825,1.000000009778887,1.187885524946918,54.29376955065956,45.70623044934044,stroma-low,0.45706230449340435,0.5694549660928074,True,60.002806700652535,True,38.88717202878329,True,,False,,,,9,TCGA-95-7947-01,TCGA-95-7947,Male,Stage IA,67,0:LIVING,15.67,0,I,matched
TCGA-95-8494,TCGA-95-8494-01Z-00-DX1.716299EF-71BB-4095-8F4D-F0C2252CE594,1,TCGA-95-8494-01,1,1;4,2,1,158.63865225,0.9852898757933716,2.3206469638263796,69.88538646554284,30.11461353445717,stroma-low,0.3011461353445717,0.30106648942761277,True,16.026973785881697,True,3.4423685463669993,True,49.99951424513947,True,995.7280417202276,995.7280417202276,995.7280417202276,2,TCGA-95-8494-01,TCGA-95-8494,Male,Stage IIA,67,0:LIVING,2.76,0,II,matched
TCGA-95-8494,TCGA-95-8494-01Z-00-DX1.716299EF-71BB-4095-8F4D-F0C2252CE594,2,TCGA-95-8494-01,2,2,1,0,0.22878375,1.0000000055760514,0.6356830116983123,38.86345992175399,61.13654007824601,stroma-high,0.61136540078246,0.6300007355231974,True,39.57496274246678,True,27.61030628383573,True,,False,,,,3,TCGA-95-8494-01,TCGA-95-8494,Male,Stage IIA,67,0:LIVING,2.76,0,II,matched
TCGA-95-8494,TCGA-95-8494-01Z-00-DX1.716299EF-71BB-4095-8F4D-F0C2252CE594,3,TCGA-95-8494-01,3,3,1,0,1.35745025,1.000000002052842,1.3192685982400856,56.8829586724529,43.1170413275471,stroma-low,0.431170413275471,0.4222029678053023,True,0.011762807194883998,True,3.711864391164975,True,,False,,,,4,TCGA-95-8494-01,TCGA-95-8494,Male,Stage IIA,67,0:LIVING,2.76,0,II,matched
TCGA-95-8494,TCGA-95-8494-01Z-00-DX1.716299EF-71BB-4095-8F4D-F0C2252CE594,4,TCGA-95-8494-01,4,5,1,0,0.35080175,0.9999999977374935,0.9383618823651984,48.41004617879736,51.58995382120264,stroma-high,0.5158995382120264,0.5089617793961919,True,0.15381381496456054,True,3.0761608708265853,True,,False,,,,5,TCGA-95-8494-01,TCGA-95-8494,Male,Stage IIA,67,0:LIVING,2.76,0,II,matched
TCGA-95-8494,TCGA-95-8494-01Z-00-DX1.716299EF-71BB-4095-8F4D-F0C2252CE594,5,TCGA-95-8494-01,5,6,1,0,0.2745405,1.0000000017638133,0.21419173405782013,17.640684584632517,82.35931541536749,stroma-high,0.8235931541536748,0.813585373405949,True,9.355858086045252,True,16.482239870186525,True,,False,,,,6,TCGA-95-8494-01,TCGA-95-8494,Male,Stage IIA,67,0:LIVING,2.76,0,II,matched
TCGA-95-8494,TCGA-95-8494-01Z-00-DX1.716299EF-71BB-4095-8F4D-F0C2252CE594,6,TCGA-95-8494-01,6,7,1,0,0.44231525,1.0000000001788882,0.6112401254180828,37.936004433819505,62.063995566180495,stroma-high,0.620639955661805,0.6609223780179028,True,21.61086220482379,True,4.892572429611093,True,,False,,,,7,TCGA-95-8494-01,TCGA-95-8494,Male,Stage IIA,67,0:LIVING,2.76,0,II,matched
TCGA-95-8494,TCGA-95-8494-01Z-00-DX1.716299EF-71BB-4095-8F4D-F0C2252CE594,7,TCGA-95-8494-01,7,8,1,0,0.427063,0.9999999921316365,0.22914153394911685,18.642404281377306,81.3575957186227,stroma-high,0.813575957186227,0.8317803407797137,True,23.84963522727549,True,13.752307223321186,True,,False,,,,8,TCGA-95-8494-01,TCGA-95-8494,Male,Stage IIA,67,0:LIVING,2.76,0,II,matched
TCGA-97-7937,TCGA-97-7937-01Z-00-DX1.6db4b2ff-722c-4bb8-b12f-15f1a38b4ab1,1,TCGA-97-7937-01,1,1,1,0,0.623808,0.9583333333669467,0.8224064988521919,45.12750033377125,54.87249966622875,stroma-high,0.5487249966622875,0.5821769006595944,True,35.30455983685113,True,20.99106002261038,True,,False,,,,2,TCGA-97-7937-01,TCGA-97-7937,Male,Stage IB,65,0:LIVING,18.53,0,I,matched
TCGA-97-7937,TCGA-97-7937-01Z-00-DX1.6db4b2ff-722c-4bb8-b12f-15f1a38b4ab1,2,TCGA-97-7937-01,2,2,1,0,0.272916,0.9999999984921444,0.2313033950666969,18.785247892065442,81.21475210793456,stroma-high,0.8121475210793456,0.8095945208975794,True,0.0,True,2.0453536290076855,True,,False,,,,3,TCGA-97-7937-01,TCGA-97-7937,Male,Stage IB,65,0:LIVING,18.53,0,I,matched
TCGA-97-7937,TCGA-97-7937-01Z-00-DX1.6db4b2ff-722c-4bb8-b12f-15f1a38b4ab1,3,TCGA-97-7937-01,3,3;4;5;6;8;9;10;11;12;13;14;15;16;17,14,17,216.526356,0.9922573674245543,0.787172404297158,44.04568929133223,55.95431070866778,stroma-high,0.5595431070866778,0.5401376793509426,True,8.49690761613449,True,9.277574274502099,True,0.7797705803162015,True,487.5249157741443,509.8620552383,868.2358691729651,4,TCGA-97-7937-01,TCGA-97-7937,Male,Stage IB,65,0:LIVING,18.53,0,I,matched
TCGA-97-7937,TCGA-97-7937-01Z-00-DX1.6db4b2ff-722c-4bb8-b12f-15f1a38b4ab1,4,TCGA-97-7937-01,4,7,1,0,0.571824,1.0000000028508524,0.5000284816166748,33.33459915892815,66.66540084107184,stroma-high,0.6666540084107184,0.6629285643531038,True,0.7377287359801221,True,2.2908702747196292,True,,False,,,,5,TCGA-97-7937-01,TCGA-97-7937,Male,Stage IB,65,0:LIVING,18.53,0,I,matched
TCGA-97-A4LX,TCGA-97-A4LX-01Z-00-DX1.B2334672-A626-4E74-B4D1-A79F70F65909,1,TCGA-97-A4LX-01,1,1;3;4;5;6;7;8;9;10;11;12;13;14;15;16;17;18;19;20;21;22;23;24;25;26;27;28;29;30;31;32;33;34;35;36;37;38;39;41;42;44;45;47;48;49;50;52;53;54;55;56;57;59;60;61;63;64;65;66;67;69;70;71;72;73;74;75;76;77;78;80;81;82;83;84;85;86;87;88;89;90;91;92;93;94;95;96;97;98;99;100;101;103;104;105;106;107,97,160,117.00642525,0.9388309431341549,0.33807159912351237,25.265583646268407,74.73441635373158,stroma-high,0.7473441635373158,0.7322096936175752,True,8.836189296464454,True,14.7607886785109,True,8.23247050821789,True,489.3800443591487,464.915009823195,963.3734213727693,2,TCGA-97-A4LX-01,TCGA-97-A4LX,Male,Stage IB,81,0:LIVING,20.17,0,I,matched
TCGA-97-A4LX,TCGA-97-A4LX-01Z-00-DX1.B2334672-A626-4E74-B4D1-A79F70F65909,2,TCGA-97-A4LX-01,2,2,1,0,0.127125625,1.0000000026193447,0.24402295206619992,19.615631018776767,80.38436898122323,stroma-high,0.8038436898122323,0.7781273515739149,True,0.6225534931681533,True,15.811760821977803,True,,False,,,,3,TCGA-97-A4LX-01,TCGA-97-A4LX,Male,Stage IB,81,0:LIVING,20.17,0,I,matched
TCGA-97-A4LX,TCGA-97-A4LX-01Z-00-DX1.B2334672-A626-4E74-B4D1-A79F70F65909,3,TCGA-97-A4LX-01,3,40;51;58;62;68,5,7,2.6315004375,0.9516908219434057,0.27720230949486824,21.7038684814547,78.2961315185453,stroma-high,0.782961315185453,0.776196547730952,True,19.198875789107387,True,21.013025498368332,True,23.907834714752806,True,435.9070483363904,451.0,909.0587709314922,4,TCGA-97-A4LX-01,TCGA-97-A4LX,Male,Stage IB,81,0:LIVING,20.17,0,I,matched
TCGA-97-A4LX,TCGA-97-A4LX-01Z-00-DX1.B2334672-A626-4E74-B4D1-A79F70F65909,4,TCGA-97-A4LX-01,4,43,1,0,0.3686643125,0.8620689637318719,0.2954726397207311,22.808095722069982,77.19190427793002,stroma-high,0.7719190427793002,0.7528332435335912,True,4.104532414067257,True,14.097475446470826,True,,False,,,,5,TCGA-97-A4LX-01,TCGA-97-A4LX,Male,Stage IB,81,0:LIVING,20.17,0,I,matched
TCGA-97-A4LX,TCGA-97-A4LX-01Z-00-DX1.B2334672-A626-4E74-B4D1-A79F70F65909,5,TCGA-97-A4LX-01,5,46,1,0,0.35595175,1.000000003655909,0.5413051864930327,35.11992246809192,64.88007753190807,stroma-high,0.6488007753190806,0.6523216138949615,True,1.981563637343658,True,0.3114820779943463,True,,False,,,,6,TCGA-97-A4LX-01,TCGA-97-A4LX,Male,Stage IB,81,0:LIVING,20.17,0,I,matched
TCGA-97-A4LX,TCGA-97-A4LX-01Z-00-DX1.B2334672-A626-4E74-B4D1-A79F70F65909,6,TCGA-97-A4LX-01,6,79,1,0,0.2923889375,0.9130434824220847,0.16764573485469683,14.357585511632848,85.64241448836715,stroma-high,0.8564241448836716,0.8499290007333258,True,23.1682594416893,True,32.29238464461498,True,,False,,,,7,TCGA-97-A4LX-01,TCGA-97-A4LX,Male,Stage IB,81,0:LIVING,20.17,0,I,matched
TCGA-97-A4LX,TCGA-97-A4LX-01Z-00-DX1.B2334672-A626-4E74-B4D1-A79F70F65909,7,TCGA-97-A4LX-01,7,102,1,0,0.381376875,0.7333333319208276,0.3070159387954384,23.48983892869646,76.51016107130353,stroma-high,0.7651016107130353,0.7618341240362668,True,17.613658241190713,True,19.148134160054518,True,,False,,,,8,TCGA-97-A4LX-01,TCGA-97-A4LX,Male,Stage IB,81,0:LIVING,20.17,0,I,matched
TCGA-99-8032,TCGA-99-8032-01Z-00-DX1.7380b78f-ea25-43e0-ac90-194b5c6b1432,1,TCGA-99-8032-01,1,1,1,0,0.234099,0.5789473665507486,4.003489863191572,80.01394971624603,19.986050283753965,stroma-low,0.19986050283753964,0.24926038124697475,True,41.98329504244117,True,20.066369603397984,True,,False,,,,2,TCGA-99-8032-01,TCGA-99-8032,Male,Stage IA,61,0:LIVING,1.45,0,I,matched
TCGA-99-8032,TCGA-99-8032-01Z-00-DX1.7380b78f-ea25-43e0-ac90-194b5c6b1432,2,TCGA-99-8032-01,2,2;3;4;5;7;8,6,9,4.361634,0.932203389270789,0.3033306639114765,23.273500141640113,76.72649985835987,stroma-high,0.7672649985835988,0.7699259332519113,True,8.784873253941207,True,7.022894184239437,True,11.226296384146742,True,547.9287214745693,555.0402333690106,999.0,3,TCGA-99-8032-01,TCGA-99-8032,Male,Stage IA,61,0:LIVING,1.45,0,I,matched
TCGA-99-8032,TCGA-99-8032-01Z-00-DX1.7380b78f-ea25-43e0-ac90-194b5c6b1432,3,TCGA-99-8032-01,3,6;9;10,3,2,2.83383,0.9217391301067239,0.3564059172198412,26.275756592860418,73.7242434071396,stroma-high,0.7372424340713959,0.743565357821163,True,5.901599227527321,True,1.8980633268083933,True,15.543667566040678,True,604.4693718843382,604.4693718843382,894.9426911118302,4,TCGA-99-8032-01,TCGA-99-8032,Male,Stage IA,61,0:LIVING,1.45,0,I,matched
TCGA-MN-A4N1,TCGA-MN-A4N1-01Z-00-DX2.9B0852C4-16BF-4962-B86F-E2570E48A89E,1,TCGA-MN-A4N1-01,1,1;2;3;4;7;8;9;10;12;13;15;16;17;18;19;20;21;22;26;27;28;29;30;31;32;33;34;35;36;37;38;40;41;42;43;44;47,37,60,60.665472125,0.9923170239246896,0.29317981664899606,22.671233565082233,77.32876643491777,stroma-high,0.7732876643491776,0.7646812642736153,True,5.045413846005821,True,8.999067376259916,True,4.501101757033065,True,531.2583614991187,553.7501700436407,996.75,2,TCGA-MN-A4N1-01,TCGA-MN-A4N1,Male,Stage IIA,60,0:LIVING,27.17,0,II,matched
TCGA-MN-A4N1,TCGA-MN-A4N1-01Z-00-DX2.9B0852C4-16BF-4962-B86F-E2570E48A89E,2,TCGA-MN-A4N1-01,2,5,1,0,0.318904625,0.9999999906687942,0.38013269083459894,27.54319880682804,72.45680119317196,stroma-high,0.7245680119317196,0.7100143498705833,True,46.163774909242214,True,42.84592998999813,True,,False,,,,3,TCGA-MN-A4N1-01,TCGA-MN-A4N1,Male,Stage IIA,60,0:LIVING,27.17,0,II,matched
TCGA-MN-A4N1,TCGA-MN-A4N1-01Z-00-DX2.9B0852C4-16BF-4962-B86F-E2570E48A89E,3,TCGA-MN-A4N1-01,3,6,1,0,0.3066390625,1.0000000000977887,0.3963996372726551,28.38726297916216,71.61273702083784,stroma-high,0.7161273702083785,0.6992911013185539,True,8.70005569224374,True,15.696684352538998,True,,False,,,,4,TCGA-MN-A4N1-01,TCGA-MN-A4N1,Male,Stage IIA,60,0:LIVING,27.17,0,II,matched
TCGA-MN-A4N1,TCGA-MN-A4N1-01Z-00-DX2.9B0852C4-16BF-4962-B86F-E2570E48A89E,4,TCGA-MN-A4N1-01,4,11;14;25,3,2,6.0223911875,0.9246435853615136,0.3492202973952466,25.883119166635577,74.11688083336442,stroma-high,0.7411688083336442,0.7391085816067664,True,1.7159269049626804,True,2.2761715626678884,True,0.0,True,392.22451112291026,392.22451112291026,673.6990222458205,5,TCGA-MN-A4N1-01,TCGA-MN-A4N1,Male,Stage IIA,60,0:LIVING,27.17,0,II,matched
TCGA-MN-A4N1,TCGA-MN-A4N1-01Z-00-DX2.9B0852C4-16BF-4962-B86F-E2570E48A89E,5,TCGA-MN-A4N1-01,5,23,1,0,0.269842375,0.9545454525928522,0.24530783699805717,19.698570081225615,80.30142991877437,stroma-high,0.8030142991877438,0.8037253296407645,True,8.572678131074563,True,7.106330059774564,True,,False,,,,6,TCGA-MN-A4N1-01,TCGA-MN-A4N1,Male,Stage IIA,60,0:LIVING,27.17,0,II,matched
TCGA-MN-A4N1,TCGA-MN-A4N1-01Z-00-DX2.9B0852C4-16BF-4962-B86F-E2570E48A89E,6,TCGA-MN-A4N1-01,6,24,1,0,90.985942625,0.9842275542250517,0.7862721686156756,44.01748974373936,55.98251025626065,stroma-high,0.5598251025626065,0.5578085984435431,True,12.991522867091518,True,4.919207544711346,True,,False,,,,7,TCGA-MN-A4N1-01,TCGA-MN-A4N1,Male,Stage IIA,60,0:LIVING,27.17,0,II,matched
TCGA-MN-A4N1,TCGA-MN-A4N1-01Z-00-DX2.9B0852C4-16BF-4962-B86F-E2570E48A89E,7,TCGA-MN-A4N1-01,7,39,1,0,0.4538258125,0.648648645680058,0.5349088830695905,34.84955289331911,65.15044710668089,stroma-high,0.6515044710668089,0.6360510028454759,True,40.566308325563035,True,34.64395245563316,True,,False,,,,8,TCGA-MN-A4N1-01,TCGA-MN-A4N1,Male,Stage IIA,60,0:LIVING,27.17,0,II,matched
TCGA-MN-A4N1,TCGA-MN-A4N1-01Z-00-DX2.9B0852C4-16BF-4962-B86F-E2570E48A89E,8,TCGA-MN-A4N1-01,8,45;46,2,1,1.3369463125,0.9999999989398463,0.22324832897414368,18.250450353066665,81.74954964693335,stroma-high,0.8174954964693334,0.8181623264497561,True,0.9005352222196907,True,0.13795087139894635,True,0.0,True,110.75,110.75,110.75,9,TCGA-MN-A4N1-01,TCGA-MN-A4N1,Male,Stage IIA,60,0:LIVING,27.17,0,II,matched
TCGA-MN-A4N1,TCGA-MN-A4N1-01Z-00-DX2.9B0852C4-16BF-4962-B86F-E2570E48A89E,9,TCGA-MN-A4N1-01,9,48,1,0,0.3557013125,0.9310344799979593,0.21767905603889093,17.87655416748324,82.12344583251675,stroma-high,0.8212344583251675,0.8291873490138945,True,8.899823300458454,True,1.5284617101683364,True,,False,,,,10,TCGA-MN-A4N1-01,TCGA-MN-A4N1,Male,Stage IIA,60,0:LIVING,27.17,0,II,matched
TCGA-MN-A4N4,TCGA-MN-A4N4-01Z-00-DX1.7D8352EF-7A4B-4084-9612-CF92D9D16041,1,TCGA-MN-A4N4-01,1,1,1,0,0.24531125,0.99999999699794,0.15392813768684824,13.33949079319713,86.66050920680287,stroma-high,0.8666050920680287,0.8455988800324217,True,19.285910672812243,True,38.92318180828453,True,,False,,,,2,TCGA-MN-A4N4-01,TCGA-MN-A4N4,Male,Stage IA,57,0:LIVING,38.6,0,I,matched
TCGA-MN-A4N4,TCGA-MN-A4N4-01Z-00-DX1.7D8352EF-7A4B-4084-9612-CF92D9D16041,2,TCGA-MN-A4N4-01,2,2;3;4;5;6;7;8;9;10;11;12;13;14;15;16;17;18;19;20;21;22;23;24;25;26;27;28;29;30,29,48,102.0862766875,0.9899074851755507,0.6248047126107056,38.45414207389768,61.54585792610233,stroma-high,0.6154585792610233,0.6136233565556872,True,7.855485763051417,True,5.098522886157262,True,6.611380550415389,True,487.42862282599566,463.29094824446463,990.6166703221432,3,TCGA-MN-A4N4-01,TCGA-MN-A4N4,Male,Stage IA,57,0:LIVING,38.6,0,I,matched
TCGA-MP-A4SV,TCGA-MP-A4SV-01Z-00-DX1.5430F2CF-BE4B-42D6-9CD4-92E6FB3F6E99,1,TCGA-MP-A4SV-01,1,1,1,0,2.34099,0.9631578954897793,0.4443115523933531,30.762860800849325,69.23713919915069,stroma-high,0.6923713919915069,0.707731250641569,True,24.31575873966749,True,7.861501776282447,True,,False,,,,2,TCGA-MP-A4SV-01,TCGA-MP-A4SV,Male,Stage IB,67,1:DECEASED,86.07,1,I,matched
TCGA-MP-A4SV,TCGA-MP-A4SV-01Z-00-DX1.5430F2CF-BE4B-42D6-9CD4-92E6FB3F6E99,2,TCGA-MP-A4SV-01,2,2,1,0,0.394272,1.0000000038153303,0.42699506017384037,29.922672621012623,70.07732737898738,stroma-high,0.7007732737898738,0.6899073120501763,True,50.448760411282336,True,52.16094660049657,True,,False,,,,3,TCGA-MP-A4SV-01,TCGA-MP-A4SV,Male,Stage IB,67,1:DECEASED,86.07,1,I,matched
TCGA-MP-A4SV,TCGA-MP-A4SV-01Z-00-DX1.5430F2CF-BE4B-42D6-9CD4-92E6FB3F6E99,3,TCGA-MP-A4SV-01,3,3;4;5;6;7;8;9;10;11;12;13;14;15;16;17;18;19;20;22;23;24;26;27;28;30,25,41,115.521696,0.9899744026630739,0.7341286291926891,42.334150814086804,57.665849185913196,stroma-high,0.576658491859132,0.5636799973488917,True,13.319597745844014,True,11.779777919136794,True,9.734185244168138,True,500.5039779573762,555.0003393213194,915.364299190529,4,TCGA-MP-A4SV-01,TCGA-MP-A4SV,Male,Stage IB,67,1:DECEASED,86.07,1,I,matched
TCGA-MP-A4SV,TCGA-MP-A4SV-01Z-00-DX1.5430F2CF-BE4B-42D6-9CD4-92E6FB3F6E99,4,TCGA-MP-A4SV-01,4,21;25;29;32,4,4,1.72494,0.9214285731394608,0.23657573212588423,19.131519888326633,80.86848011167336,stroma-high,0.8086848011167337,0.8090915205408866,True,2.4143178508259946,True,2.1401290027401774,True,1.5600011183477287,True,509.1599804756489,466.39359180157015,992.8527382994554,5,TCGA-MP-A4SV-01,TCGA-MP-A4SV,Male,Stage IB,67,1:DECEASED,86.07,1,I,matched
TCGA-MP-A4SV,TCGA-MP-A4SV-01Z-00-DX1.5430F2CF-BE4B-42D6-9CD4-92E6FB3F6E99,5,TCGA-MP-A4SV-01,5,31,1,0,0.258741,0.9999999952013328,0.29710357634775547,22.90515435816681,77.09484564183319,stroma-high,0.7709484564183319,0.7709484564183319,True,0.0,True,0.0,True,,False,,,,6,TCGA-MP-A4SV-01,TCGA-MP-A4SV,Male,Stage IB,67,1:DECEASED,86.07,1,I,matched
TCGA-MP-A4SV,TCGA-MP-A4SV-01Z-00-DX1.5430F2CF-BE4B-42D6-9CD4-92E6FB3F6E99,6,TCGA-MP-A4SV-01,6,33,1,0,0.320346,0.9999999976537836,0.5535055925407689,35.62945606365708,64.37054393634291,stroma-high,0.6437054393634292,0.6437054393634292,True,0.0,True,0.0,True,,False,,,,7,TCGA-MP-A4SV-01,TCGA-MP-A4SV,Male,Stage IB,67,1:DECEASED,86.07,1,I,matched
TCGA-MP-A4SV,TCGA-MP-A4SV-01Z-00-DX1.5430F2CF-BE4B-42D6-9CD4-92E6FB3F6E99,7,TCGA-MP-A4SV-01,7,34,1,0,2.784546,0.9601769911983962,0.6115766180155318,37.94896321892637,62.05103678107362,stroma-high,0.6205103678107362,0.6179987397041737,True,1.1524816790265682,True,2.00878248650347,True,,False,,,,8,TCGA-MP-A4SV-01,TCGA-MP-A4SV,Male,Stage IB,67,1:DECEASED,86.07,1,I,matched
TCGA-MP-A4SV,TCGA-MP-A4SV-01Z-00-DX1.5430F2CF-BE4B-42D6-9CD4-92E6FB3F6E99,8,TCGA-MP-A4SV-01,8,35,1,0,0.172494,0.7142857110344006,0.6738700537371713,40.25820596005366,59.74179403994634,stroma-high,0.5974179403994634,0.6042573992903215,True,3.469567003668809,True,0.0,True,,False,,,,9,TCGA-MP-A4SV-01,TCGA-MP-A4SV,Male,Stage IB,67,1:DECEASED,86.07,1,I,matched
TCGA-MP-A4SW,TCGA-MP-A4SW-01Z-00-DX1.A6651B25-A35A-4BDE-9EBF-D264A02003C8,1,TCGA-MP-A4SW-01,1,1;7;8;9;10;11,6,5,101.488077,0.9840961519021059,0.9806186564667884,49.51072500832175,50.48927499167826,stroma-high,0.5048927499167826,0.49347689759487795,True,23.700934539931257,True,10.82149975266672,True,34.05760201737521,True,192.05208985499297,157.01834723343126,333.0,2,TCGA-MP-A4SW-01,TCGA-MP-A4SW,Male,Stage IIB,53,1:DECEASED,58.41,1,II,matched
TCGA-MP-A4SW,TCGA-MP-A4SW-01Z-00-DX1.A6651B25-A35A-4BDE-9EBF-D264A02003C8,2,TCGA-MP-A4SW-01,2,2;3;4;5;6,5,7,2.821509,0.9781659368991831,0.6125243999035709,37.98543451126693,62.014565488733076,stroma-high,0.6201456548873308,0.6740855022626425,True,52.79492404176644,True,34.91877197131835,True,65.75271463247495,True,478.7658987523755,351.0491718891846,941.9068743505019,3,TCGA-MP-A4SW-01,TCGA-MP-A4SW,Male,Stage IIB,53,1:DECEASED,58.41,1,II,matched
TCGA-MP-A4SY,TCGA-MP-A4SY-01Z-00-DX1.9535274F-C850-409E-80A1-B933B2F1A110,1,TCGA-MP-A4SY-01,1,1,1,0,0.320346,0.7307692303421881,0.39168542926267014,28.144681335795063,71.85531866420493,stroma-high,0.7185531866420494,0.7007049694558449,True,0.24993325155338603,True,9.116001605717058,True,,False,,,,2,TCGA-MP-A4SY-01,TCGA-MP-A4SY,Male,Stage IIB,61,1:DECEASED,49.31,1,II,matched
TCGA-MP-A4SY,TCGA-MP-A4SY-01Z-00-DX1.9535274F-C850-409E-80A1-B933B2F1A110,2,TCGA-MP-A4SY-01,2,2;4;7,3,3,1.158174,0.9148936171296999,0.33633586650558805,25.16851301649784,74.83148698350217,stroma-high,0.7483148698350217,0.7575646074712729,True,29.826136340884002,True,25.67481577502778,True,35.30795292757155,True,572.2456678253691,710.7871836031431,894.9498198729641,3,TCGA-MP-A4SY-01,TCGA-MP-A4SY,Male,Stage IIB,61,1:DECEASED,49.31,1,II,matched
TCGA-MP-A4SY,TCGA-MP-A4SY-01Z-00-DX1.9535274F-C850-409E-80A1-B933B2F1A110,3,TCGA-MP-A4SY-01,3,3,1,0,0.455877,1.0000000032918792,0.31567372299876006,23.993313652206886,76.00668634779312,stroma-high,0.7600668634779312,0.7440431350738093,True,21.136569088746008,True,27.994285778451715,True,,False,,,,4,TCGA-MP-A4SY-01,TCGA-MP-A4SY,Male,Stage IIB,61,1:DECEASED,49.31,1,II,matched
TCGA-MP-A4SY,TCGA-MP-A4SY-01Z-00-DX1.9535274F-C850-409E-80A1-B933B2F1A110,4,TCGA-MP-A4SY-01,4,5;8;9;12;13;14;16;18;24;26;29;30;32,13,20,46.339281,0.9582557830508357,1.0080415781266303,50.20023435306883,49.799765646931164,stroma-low,0.4979976564693116,0.5006440085582565,True,22.767500721391162,True,10.503834909516794,True,19.032832044122376,True,572.0699421467787,684.0309959663118,948.4214148207778,5,TCGA-MP-A4SY-01,TCGA-MP-A4SY,Male,Stage IIB,61,1:DECEASED,49.31,1,II,matched
TCGA-MP-A4SY,TCGA-MP-A4SY-01Z-00-DX1.9535274F-C850-409E-80A1-B933B2F1A110,5,TCGA-MP-A4SY-01,5,6;10;11;17;19;20;21;22;23;25;28;31;34,13,13,105.825069,0.9795086739618075,0.9514788043504578,48.75680956561318,51.24319043438682,stroma-high,0.5124319043438682,0.5110702815739927,True,17.60659096167718,True,9.307851410362362,True,23.1644990165916,True,562.9102853598663,566.0249824877362,948.4214148207795,6,TCGA-MP-A4SY-01,TCGA-MP-A4SY,Male,Stage IIB,61,1:DECEASED,49.31,1,II,matched
TCGA-MP-A4SY,TCGA-MP-A4SY-01Z-00-DX1.9535274F-C850-409E-80A1-B933B2F1A110,6,TCGA-MP-A4SY-01,6,15,1,0,0.418914,0.7941176454612159,0.4945008233983412,33.08802615938994,66.91197384061006,stroma-high,0.6691197384061006,0.6433107485236332,True,9.517440457202097,True,20.973475303970552,True,,False,,,,7,TCGA-MP-A4SY-01,TCGA-MP-A4SY,Male,Stage IIB,61,1:DECEASED,49.31,1,II,matched
TCGA-MP-A4SY,TCGA-MP-A4SY-01Z-00-DX1.9535274F-C850-409E-80A1-B933B2F1A110,7,TCGA-MP-A4SY-01,7,27,1,0,0.308025,0.9999999975337415,0.2621481570531219,20.769998798333507,79.23000120166648,stroma-high,0.7923000120166649,0.7996758305460525,True,8.7188641182715,True,2.4718033421965235,True,,False,,,,8,TCGA-MP-A4SY-01,TCGA-MP-A4SY,Male,Stage IIB,61,1:DECEASED,49.31,1,II,matched
TCGA-MP-A4SY,TCGA-MP-A4SY-01Z-00-DX1.9535274F-C850-409E-80A1-B933B2F1A110,8,TCGA-MP-A4SY-01,8,33,1,0,0.258741,0.8571428533683676,0.24058502293837156,19.39286856523038,80.60713143476961,stroma-high,0.8060713143476962,0.7690647793827438,True,1.1957939246139784,True,23.26218366498013,True,,False,,,,9,TCGA-MP-A4SY-01,TCGA-MP-A4SY,Male,Stage IIB,61,1:DECEASED,49.31,1,II,matched
TCGA-MP-A4SY,TCGA-MP-A4SY-01Z-00-DX1.9535274F-C850-409E-80A1-B933B2F1A110,9,TCGA-MP-A4SY-01,9,35,1,0,0.308025,0.6000000032992102,0.6325310737484688,38.74542322163024,61.25457677836975,stroma-high,0.6125457677836975,0.5980787457468142,True,18.62980432314544,True,21.53401338891534,True,,False,,,,10,TCGA-MP-A4SY-01,TCGA-MP-A4SY,Male,Stage IIB,61,1:DECEASED,49.31,1,II,matched
TCGA-MP-A4SY,TCGA-MP-A4SY-01Z-00-DX1.9535274F-C850-409E-80A1-B933B2F1A110,10,TCGA-MP-A4SY-01,10,36,1,0,0.899433,0.7260273964409811,1.834037854572621,64.71465621439971,35.28534378560029,stroma-low,0.35285343785600287,0.3570097347616862,True,10.774651750967294,True,8.17943713591697,True,,False,,,,11,TCGA-MP-A4SY-01,TCGA-MP-A4SY,Male,Stage IIB,61,1:DECEASED,49.31,1,II,matched
TCGA-MP-A4SY,TCGA-MP-A4SY-01Z-00-DX1.9535274F-C850-409E-80A1-B933B2F1A110,11,TCGA-MP-A4SY-01,11,37,1,0,0.455877,0.7567567545983538,0.758428666943104,43.131045415767424,56.86895458423257,stroma-high,0.5686895458423257,0.5462193687962136,True,18.095768350687894,True,23.399002161409843,True,,False,,,,12,TCGA-MP-A4SY-01,TCGA-MP-A4SY,Male,Stage IIB,61,1:DECEASED,49.31,1,II,matched
TCGA-MP-A4SY,TCGA-MP-A4SY-01Z-00-DX1.9535274F-C850-409E-80A1-B933B2F1A110,12,TCGA-MP-A4SY-01,12,38,1,0,0.258741,0.6190476167297069,0.5212124629875555,34.262962976514835,65.73703702348517,stroma-high,0.6573703702348517,0.6635899227487494,True,4.292788125602129,True,1.0836878495574485,True,,False,,,,13,TCGA-MP-A4SY-01,TCGA-MP-A4SY,Male,Stage IIB,61,1:DECEASED,49.31,1,II,matched
TCGA-MP-A4TD,TCGA-MP-A4TD-01Z-00-DX1.937DEBC9-F5D5-4682-AA9A-13D8226EE06C,1,TCGA-MP-A4TD-01,1,1;8;12;14;15;16;17;18;19;20;21;23;24;26;28;29;30;31;32;33,20,32,92.03787,0.9840696116474821,0.7275167036342676,42.11343960401382,57.88656039598619,stroma-high,0.5788656039598619,0.5776630510979386,True,6.970725541037686,True,3.5446030555890835,True,4.342618572975293,True,408.9805550786896,375.65260805928745,941.9068743505003,2,TCGA-MP-A4TD-01,TCGA-MP-A4TD,Male,Stage IIIA,71,1:DECEASED,10.09,1,III,matched
TCGA-MP-A4TD,TCGA-MP-A4TD-01Z-00-DX1.937DEBC9-F5D5-4682-AA9A-13D8226EE06C,2,TCGA-MP-A4TD-01,2,2;7;9;10;11,5,5,62.34426,0.985177865593274,0.6484877047865366,39.33834040154455,60.661659598455444,stroma-high,0.6066165959845544,0.6058892319053365,True,3.890985339231385,True,1.915104388180576,True,1.8460105870896224,True,297.5576063810157,222.00084830193703,710.7871836031414,3,TCGA-MP-A4TD-01,TCGA-MP-A4TD,Male,Stage IIIA,71,1:DECEASED,10.09,1,III,matched
TCGA-MP-A4TD,TCGA-MP-A4TD-01Z-00-DX1.937DEBC9-F5D5-4682-AA9A-13D8226EE06C,3,TCGA-MP-A4TD-01,3,3;5,2,1,2.267064,0.9782608689665127,0.5017624713727036,33.41157346368242,66.58842653631758,stroma-high,0.6658842653631758,0.6773525505010284,True,12.332401021063049,True,4.265162131616195,True,0.6884297051082516,True,333.000565535225,333.000565535225,333.000565535225,4,TCGA-MP-A4TD-01,TCGA-MP-A4TD,Male,Stage IIIA,71,1:DECEASED,10.09,1,III,matched
TCGA-MP-A4TD,TCGA-MP-A4TD-01Z-00-DX1.937DEBC9-F5D5-4682-AA9A-13D8226EE06C,4,TCGA-MP-A4TD-01,4,4,1,0,0.505161,1.0000000008550582,0.31624584244251847,24.02635071998939,75.97364928001062,stroma-high,0.7597364928001061,0.7694211154982044,True,6.82762451032385,True,0.043676052016020026,True,,False,,,,5,TCGA-MP-A4TD-01,TCGA-MP-A4TD,Male,Stage IIIA,71,1:DECEASED,10.09,1,III,matched
TCGA-MP-A4TD,TCGA-MP-A4TD-01Z-00-DX1.937DEBC9-F5D5-4682-AA9A-13D8226EE06C,5,TCGA-MP-A4TD-01,5,6,1,0,0.197136,0.9999999981228029,0.1598121346635962,13.77913973196614,86.22086026803386,stroma-high,0.8622086026803386,0.8677761185328621,True,5.98772559766462,True,0.0,True,,False,,,,6,TCGA-MP-A4TD-01,TCGA-MP-A4TD,Male,Stage IIIA,71,1:DECEASED,10.09,1,III,matched
TCGA-MP-A4TD,TCGA-MP-A4TD-01Z-00-DX1.937DEBC9-F5D5-4682-AA9A-13D8226EE06C,6,TCGA-MP-A4TD-01,6,13;27,2,1,28.030275,0.9881318681909571,0.5658245455516385,36.135884263603685,63.86411573639631,stroma-high,0.6386411573639631,0.6386243480882151,True,2.26354321064101,True,0.962472269118013,True,0.5096966911990191,True,496.4456473776779,496.4456473776779,496.4456473776779,7,TCGA-MP-A4TD-01,TCGA-MP-A4TD,Male,Stage IIIA,71,1:DECEASED,10.09,1,III,matched
TCGA-MP-A4TD,TCGA-MP-A4TD-01Z-00-DX1.937DEBC9-F5D5-4682-AA9A-13D8226EE06C,7,TCGA-MP-A4TD-01,7,22;25,2,1,1.306026,0.9999999997112441,0.3746982840564409,27.256765240936094,72.7432347590639,stroma-high,0.727432347590639,0.7283511516420934,True,1.166295058202687,True,0.4702072795537344,True,0.13977829686937523,True,111.0,111.0,111.0,8,TCGA-MP-A4TD-01,TCGA-MP-A4TD,Male,Stage IIIA,71,1:DECEASED,10.09,1,III,matched
TCGA-NJ-A4YG,TCGA-NJ-A4YG-01Z-00-DX1.507BAE41-5EE9-4657-AAD1-AD456750BA2F,1,TCGA-NJ-A4YG-01,1,1;2;5;7;10;11;15;16;17;18;21;23;26;32;39;41;43;48;49;50;52;53;54;58;60;69;70;73;74;80;84;87;109;114;116;122,36,46,39.078082125,0.9902699305341901,0.24592657809595936,19.738448671011373,80.26155132898863,stroma-high,0.8026155132898863,0.8024366017878953,True,1.9009561600590592,True,1.6199997945078422,True,1.9242956828598772,True,509.6209220242314,449.83461184473964,996.75,2,TCGA-NJ-A4YG-01,TCGA-NJ-A4YG,Male,Stage IB,65,0:LIVING,74.28,0,I,matched
TCGA-NJ-A4YG,TCGA-NJ-A4YG-01Z-00-DX1.507BAE41-5EE9-4657-AAD1-AD456750BA2F,2,TCGA-NJ-A4YG-01,2,3;4;6;9;12;13;14;19;20;22;24;25;29;30;33;34;35;36;38;45;55;61;62;66;67;68;75;76;82;83;92;93;94;95;97;100;104;105;113;115;119;123;128;133;135;136;137;139;142;155;156,51,76,56.0904173125,0.9927837306142102,0.2464680129015823,19.773312299273798,80.2266877007262,stroma-high,0.8022668770072621,0.7980771734659161,True,2.157335756301305,True,4.637248140812635,True,0.8401711774389234,True,481.75393749139727,449.83439929022643,996.75,3,TCGA-NJ-A4YG-01,TCGA-NJ-A4YG,Male,Stage IB,65,0:LIVING,74.28,0,I,matched
TCGA-NJ-A4YG,TCGA-NJ-A4YG-01Z-00-DX1.507BAE41-5EE9-4657-AAD1-AD456750BA2F,3,TCGA-NJ-A4YG-01,3,8;27;28;31;37;40;42;44;46;47;51;56;57;59;63;64;65;71;72;77;78;85;86;88;89;96;98;101;102;106;107;108;111;112;120;124;126;132;145;146;147;149,42,67,37.017467625,0.9927104043299815,0.2265101351993507,18.467856783143084,81.53214321685691,stroma-high,0.8153214321685691,0.8152293986887382,True,1.3267531511008603,True,1.182074627006053,True,1.367736670679288,True,490.32162861160043,469.9130979084811,996.75,4,TCGA-NJ-A4YG-01,TCGA-NJ-A4YG,Male,Stage IB,65,0:LIVING,74.28,0,I,matched
TCGA-NJ-A4YG,TCGA-NJ-A4YG-01Z-00-DX1.507BAE41-5EE9-4657-AAD1-AD456750BA2F,4,TCGA-NJ-A4YG-01,4,79,1,0,2.6493615,0.9398148151054069,0.4107059395184596,29.113504665518942,70.88649533448105,stroma-high,0.7088649533448106,0.7118829577284319,True,8.273981121887578,True,3.336991575895153,True,,False,,,,5,TCGA-NJ-A4YG-01,TCGA-NJ-A4YG,Male,Stage IB,65,0:LIVING,74.28,0,I,matched
TCGA-NJ-A4YG,TCGA-NJ-A4YG-01Z-00-DX1.507BAE41-5EE9-4657-AAD1-AD456750BA2F,5,TCGA-NJ-A4YG-01,5,81;90;91;99;103;110;121;125;129;130;134;151;152;154,14,14,17.858659,0.9979395601953337,0.29765522131592265,22.937928074151873,77.06207192584812,stroma-high,0.7706207192584812,0.7636248353105828,True,5.4717031923877775,True,8.208101232843,True,0.060436086483481526,True,508.6666444461168,495.3276133893038,946.285413884785,6,TCGA-NJ-A4YG-01,TCGA-NJ-A4YG,Male,Stage IB,65,0:LIVING,74.28,0,I,matched
TCGA-NJ-A4YG,TCGA-NJ-A4YG-01Z-00-DX1.507BAE41-5EE9-4657-AAD1-AD456750BA2F,6,TCGA-NJ-A4YG-01,6,117;118;127;131;138;140;143;144;148;150;153;159;160;161,14,17,17.0859285625,0.9978463749764165,0.3007456113344594,23.121016800965315,76.87898319903468,stroma-high,0.7687898319903468,0.7616374635254315,True,5.362293555591958,True,8.264030854441975,True,0.398645737771638,True,570.7134674396361,626.5372499412988,990.6166703221432,7,TCGA-NJ-A4YG-01,TCGA-NJ-A4YG,Male,Stage IB,65,0:LIVING,74.28,0,I,matched
TCGA-NJ-A4YG,TCGA-NJ-A4YG-01Z-00-DX1.507BAE41-5EE9-4657-AAD1-AD456750BA2F,7,TCGA-NJ-A4YG-01,7,141,1,0,0.2821079375,1.0000000066524397,0.23192420693660257,18.826174989557444,81.17382501044256,stroma-high,0.8117382501044256,0.8114315770850384,True,0.8169704452981523,True,1.007249246911398,True,,False,,,,8,TCGA-NJ-A4YG-01,TCGA-NJ-A4YG,Male,Stage IB,65,0:LIVING,74.28,0,I,matched
TCGA-NJ-A4YG,TCGA-NJ-A4YG-01Z-00-DX1.507BAE41-5EE9-4657-AAD1-AD456750BA2F,8,TCGA-NJ-A4YG-01,8,157;158,2,1,0.5519503125,0.9999999983236195,0.22048742184493367,18.065521847954546,81.93447815204546,stroma-high,0.8193447815204545,0.8188259443960241,True,0.0,True,0.40187961583447224,True,0.0,True,564.7502276103583,564.7502276103583,564.7502276103583,9,TCGA-NJ-A4YG-01,TCGA-NJ-A4YG,Male,Stage IB,65,0:LIVING,74.28,0,I,matched
TCGA-NJ-A7XG,TCGA-NJ-A7XG-01Z-00-DX1.4A876254-653C-410B-A36C-55FC41C1DD93,1,TCGA-NJ-A7XG-01,1,1;2;3;4,4,3,2.328669,0.9576719574648719,1.8344936709875244,64.72033046905324,35.27966953094676,stroma-low,0.3527966953094676,0.6059347454577034,True,79.75090260260195,True,25.02936937725807,True,32.99633001828345,True,454.3760498122285,444.0004241515763,808.1277252851092,2,TCGA-NJ-A7XG-01,TCGA-NJ-A7XG,Male,Stage IIIA,49,0:LIVING,20.27,0,III,matched
TCGA-NJ-A7XG,TCGA-NJ-A7XG-01Z-00-DX1.4A876254-653C-410B-A36C-55FC41C1DD93,2,TCGA-NJ-A7XG-01,2,5,1,0,0.234099,0.9999999957843485,0.27041751230431477,21.28571982716334,78.71428017283665,stroma-high,0.7871428017283666,0.816242795673603,True,49.466913809499225,True,34.58771611541977,True,,False,,,,3,TCGA-NJ-A7XG-01,TCGA-NJ-A7XG,Male,Stage IIIA,49,0:LIVING,20.27,0,III,matched
TCGA-NJ-A7XG,TCGA-NJ-A7XG-01Z-00-DX1.4A876254-653C-410B-A36C-55FC41C1DD93,3,TCGA-NJ-A7XG-01,3,6,1,0,0.813186,0.9999999988415793,0.6711607689220379,40.161352600142834,59.83864739985716,stroma-high,0.5983864739985716,0.6728813531869601,True,47.629984213866024,True,22.03621482814703,True,,False,,,,4,TCGA-NJ-A7XG-01,TCGA-NJ-A7XG,Male,Stage IIIA,49,0:LIVING,20.27,0,III,matched
TCGA-NJ-A7XG,TCGA-NJ-A7XG-01Z-00-DX1.4A876254-653C-410B-A36C-55FC41C1DD93,4,TCGA-NJ-A7XG-01,4,7,1,0,0.271062,1.0000000038221102,2.7110788000730963,73.0536576054299,26.946342394570095,stroma-low,0.26946342394570094,0.7737963693484486,True,97.6613533987486,True,23.773355596314445,True,,False,,,,5,TCGA-NJ-A7XG-01,TCGA-NJ-A7XG,Male,Stage IIIA,49,0:LIVING,20.27,0,III,matched
TCGA-NJ-A7XG,TCGA-NJ-A7XG-01Z-00-DX1.4A876254-653C-410B-A36C-55FC41C1DD93,5,TCGA-NJ-A7XG-01,5,8,1,0,0.357309,1.000000000347239,0.37548670158777353,27.29846105777219,72.7015389422278,stroma-high,0.7270153894222781,0.761341297685035,True,50.75776734471701,True,38.86192952441994,True,,False,,,,6,TCGA-NJ-A7XG-01,TCGA-NJ-A7XG,Male,Stage IIIA,49,0:LIVING,20.27,0,III,matched
TCGA-NJ-A7XG,TCGA-NJ-A7XG-01Z-00-DX1.4A876254-653C-410B-A36C-55FC41C1DD93,6,TCGA-NJ-A7XG-01,6,9,1,0,1.269063,1.0000000011596852,1.5765659468864492,61.188651072237796,38.811348927762204,stroma-low,0.38811348927762207,0.5850044600291874,True,92.8811612504617,True,50.086994816359855,True,,False,,,,7,TCGA-NJ-A7XG-01,TCGA-NJ-A7XG,Male,Stage IIIA,49,0:LIVING,20.27,0,III,matched
TCGA-NJ-A7XG,TCGA-NJ-A7XG-01Z-00-DX1.4A876254-653C-410B-A36C-55FC41C1DD93,7,TCGA-NJ-A7XG-01,7,10,1,0,0.640692,0.9999999973733792,0.7904307248525574,44.147517906209394,55.85248209379061,stroma-high,0.5585248209379061,0.763387411896884,True,87.77613737643118,True,45.58809204029776,True,,False,,,,8,TCGA-NJ-A7XG-01,TCGA-NJ-A7XG,Male,Stage IIIA,49,0:LIVING,20.27,0,III,matched
TCGA-NJ-A7XG,TCGA-NJ-A7XG-01Z-00-DX1.4A876254-653C-410B-A36C-55FC41C1DD93,8,TCGA-NJ-A7XG-01,8,11,1,0,1.35531,0.9181818205381701,1.3375445263588268,57.220066239435816,42.77993376056419,stroma-low,0.4277993376056419,0.5985254377991739,True,72.2545191024999,True,26.974299158313507,True,,False,,,,9,TCGA-NJ-A7XG-01,TCGA-NJ-A7XG,Male,Stage IIIA,49,0:LIVING,20.27,0,III,matched
TCGA-NJ-A7XG,TCGA-NJ-A7XG-01Z-00-DX1.4A876254-653C-410B-A36C-55FC41C1DD93,9,TCGA-NJ-A7XG-01,9,12,1,0,0.406593,0.9999999999712819,1.1805094881455342,54.139158511505784,45.860841488494216,stroma-low,0.45860841488494214,0.7531847342807224,True,88.04167110626649,True,40.267422505252576,True,,False,,,,10,TCGA-NJ-A7XG-01,TCGA-NJ-A7XG,Male,Stage IIIA,49,0:LIVING,20.27,0,III,matched
TCGA-NJ-A7XG,TCGA-NJ-A7XG-01Z-00-DX1.4A876254-653C-410B-A36C-55FC41C1DD93,10,TCGA-NJ-A7XG-01,10,13;14;15,3,2,1.182816,0.999999996052035,0.7285968223530793,42.14961018852653,57.85038981147348,stroma-high,0.5785038981147348,0.8076480529563734,True,85.48554211415316,True,51.75013678094389,True,88.45823911530287,True,622.9959315005058,622.9959315005058,894.94269111183,11,TCGA-NJ-A7XG-01,TCGA-NJ-A7XG,Male,Stage IIIA,49,0:LIVING,20.27,0,III,matched
TCGA-NJ-A7XG,TCGA-NJ-A7XG-01Z-00-DX1.4A876254-653C-410B-A36C-55FC41C1DD93,11,TCGA-NJ-A7XG-01,11,16,1,0,0.234099,0.9999999963643188,0.21379118998901758,17.61350648713738,82.38649351286263,stroma-high,0.8238649351286264,0.8580916087012537,True,54.32448193199231,True,33.879136509586836,True,,False,,,,12,TCGA-NJ-A7XG-01,TCGA-NJ-A7XG,Male,Stage IIIA,49,0:LIVING,20.27,0,III,matched
