patient_id,wsi_name,cluster_id,sample_id,master_roi_id,focus_ids,n_foci,n_intertumor_edges,master_area_mm2,tissue_fraction,tumor_stroma_ratio,tumor_pct_TS_compartment,stroma_pct_TS_compartment,TSR_category,TSR_stroma_fraction,TSR_compartment_stroma_fraction,TSR_reliable,sTIL_pct,sTILs_reliable,intratumoral_TIL_pct,iTILs_reliable,inter_tumor_sTILs_pct,inter_tumor_sTILs_reliable,mean_focus_gap_um,median_focus_gap_um,max_focus_gap_um,source_row,clinical__sample_id,subject_id,SEX,AJCC_PATHOLOGIC_TUMOR_STAGE,AGE,OS_STATUS,OS_MONTHS,OS_Status,stage,clinical_match
TCGA-05-4249,TCGA-05-4249-01Z-00-DX1.9fce0297-cc19-4c04-872c-4466ee4024db,1,TCGA-05-4249-01,1,1,1,0,63.192128,0.9248621321302436,1.2870441251448799,56.27543915722868,43.72456084277132,stroma-low,0.4372456084277132,0.4354071702355375,True,13.743755534204402,True,3.686149028835545,True,,False,,,,2,TCGA-05-4249-01,TCGA-05-4249,Male,Stage IB,67,0:LIVING,50.03,0,I,matched
TCGA-05-4249,TCGA-05-4249-01Z-00-DX1.9fce0297-cc19-4c04-872c-4466ee4024db,2,TCGA-05-4249-01,2,2,1,0,0.33396575,0.9130434808136235,0.19214057957006217,16.11727533336349,83.8827246666365,stroma-high,0.8388272466663651,0.8525611837970352,True,17.01887654887984,True,4.920368646892224,True,,False,,,,3,TCGA-05-4249-01,TCGA-05-4249,Male,Stage IB,67,0:LIVING,50.03,0,I,matched
TCGA-05-4384,TCGA-05-4384-01Z-00-DX1.CA68BF29-BBE3-4C8E-B48B-554431A9EE13,1,TCGA-05-4384-01,1,1,1,0,2.264192,0.6038781167150655,3.389236746071689,77.21699562241689,22.783004377583126,stroma-low,0.22783004377583127,0.22443321766340318,True,27.02259455734423,True,5.298455985377734,True,,False,,,,2,TCGA-05-4384-01,TCGA-05-4384,Male,Stage IIIA,66,0:LIVING,13.99,0,III,matched
TCGA-05-4396,TCGA-05-4396-01Z-00-DX1.49DD5F68-7473-4945-B384-EA6D5AE383CB,1,TCGA-05-4396-01,1,1,1,0,77.20416925,0.9082189204152055,4.217265580486193,80.83287146162854,19.167128538371447,stroma-low,0.19167128538371447,0.19247733899762393,True,11.231452885686238,True,0.49498411129118636,True,,False,,,,2,TCGA-05-4396-01,TCGA-05-4396,Male,Stage IIIB,76,1:DECEASED,9.95,1,III,matched
TCGA-05-4396,TCGA-05-4396-01Z-00-DX1.49DD5F68-7473-4945-B384-EA6D5AE383CB,2,TCGA-05-4396-01,2,2,1,0,23.000076,0.8724747469433236,4.004398734716348,80.01757947337744,19.982420526622576,stroma-low,0.19982420526622577,0.20046338553657583,True,12.683218237975144,True,0.43835327231232435,True,,False,,,,3,TCGA-05-4396-01,TCGA-05-4396,Male,Stage IIIB,76,1:DECEASED,9.95,1,III,matched
TCGA-05-4403,TCGA-05-4403-01Z-00-DX1.fee8e988-956c-42a2-a6c5-06b6d6736295,1,TCGA-05-4403-01,1,1,1,0,12.06632775,0.957882068831794,1.149148990216812,53.46995464008676,46.530045359913245,stroma-low,0.46530045359913247,0.484770065467638,True,25.15778753891535,True,3.8951205419944466,True,,False,,,,2,TCGA-05-4403-01,TCGA-05-4403,Male,Stage IB,76,0:LIVING,18.99,0,I,matched
TCGA-05-4403,TCGA-05-4403-01Z-00-DX1.fee8e988-956c-42a2-a6c5-06b6d6736295,2,TCGA-05-4403-01,2,2;3;4;5;6;7;8;9;10;11;12;13,12,14,31.5670235,0.9365225401582149,0.8522813962784714,46.01252261081068,53.98747738918932,stroma-high,0.5398747738918932,0.5570212810323344,True,18.927386308217717,True,4.2535543691468565,True,23.059518768617888,True,529.7195693040477,518.504546954952,993.7033060584365,3,TCGA-05-4403-01,TCGA-05-4403,Male,Stage IB,76,0:LIVING,18.99,0,I,matched
TCGA-05-4410,TCGA-05-4410-01Z-00-DX1.E5B66334-4949-4F45-9200-296B1A2F1AD5,1,TCGA-05-4410-01,1,1,1,0,3.973312,0.7924230470878054,0.8824628949691492,46.87810300683836,53.12189699316164,stroma-high,0.5312189699316164,0.5025767176937407,True,12.739483817361469,True,11.881444408820045,True,,False,,,,2,TCGA-05-4410-01,TCGA-05-4410,Male,Stage IB,62,0:LIVING,0,0,I,matched
TCGA-05-4420,TCGA-05-4420-01Z-00-DX1.2df0552e-87dc-491e-9be2-be8fbce2660d,1,TCGA-05-4420-01,1,1,1,0,59.25714025,0.8272482234091526,4.281099706809019,81.06454989458575,18.93545010541425,stroma-low,0.1893545010541425,0.18866427839043112,True,11.615923573174431,True,1.451894310909203,True,,False,,,,2,TCGA-05-4420-01,TCGA-05-4420,Male,Stage IB,41,0:LIVING,29.96,0,I,matched
TCGA-05-4422,TCGA-05-4422-01Z-00-DX1.4802093f-71ea-43d5-bd92-b4bd7fc8c5bf,1,TCGA-05-4422-01,1,1,1,0,20.63327525,0.8085855036290249,11.245881855592888,91.83398948485458,8.166010515145418,stroma-low,0.08166010515145418,0.08001398645244565,True,99.24330879992237,True,3.7479373962019134,True,,False,,,,2,TCGA-05-4422-01,TCGA-05-4422,Male,Stage IB,68,0:LIVING,11.99,0,I,matched
TCGA-05-4422,TCGA-05-4422-01Z-00-DX1.4802093f-71ea-43d5-bd92-b4bd7fc8c5bf,2,TCGA-05-4422-01,2,2;3,2,1,41.0923075,0.8777385158121316,6.221715517965392,86.15287465267345,13.847125347326541,stroma-low,0.13847125347326542,0.13780121023761532,True,33.993104833471186,True,6.611847617141704,True,63.83425973126041,True,241.0,241.0,241.0,3,TCGA-05-4422-01,TCGA-05-4422,Male,Stage IB,68,0:LIVING,11.99,0,I,matched
TCGA-05-4424,TCGA-05-4424-01Z-00-DX1.4892016C-1A96-4A72-ACB8-FFD282FC4E69,1,TCGA-05-4424-01,1,1,1,0,49.49953225,0.934291581248124,2.975589383009283,74.84649686726299,25.153503132737008,stroma-low,0.2515350313273701,0.24724837182396492,True,12.248376141174933,True,3.263839575262967,True,,False,,,,2,TCGA-05-4424-01,TCGA-05-4424,Male,Stage IIB,70,0:LIVING,29.99,0,II,matched
TCGA-05-4424,TCGA-05-4424-01Z-00-DX1.4892016C-1A96-4A72-ACB8-FFD282FC4E69,2,TCGA-05-4424-01,2,2,1,0,0.1452025,1.0000000021769666,3.9728573571894064,79.89083683338976,20.10916316661025,stroma-low,0.2010916316661025,0.2010916316661025,True,,False,0.0,True,,False,,,,3,TCGA-05-4424-01,TCGA-05-4424,Male,Stage IIB,70,0:LIVING,29.99,0,II,matched
TCGA-05-4426,TCGA-05-4426-01Z-00-DX1.4c9da782-f4aa-4c4f-b3aa-fae2259f236f,1,TCGA-05-4426-01,1,1,1,0,46.3195975,0.8915360501893054,6.420741585385553,86.52425787242875,13.475742127571255,stroma-low,0.13475742127571255,0.13479050205169638,True,53.87484071113311,True,8.259506095456407,True,,False,,,,2,TCGA-05-4426-01,TCGA-05-4426,Male,Stage IB,71,0:LIVING,25.99,0,I,matched
TCGA-05-4426,TCGA-05-4426-01Z-00-DX1.4c9da782-f4aa-4c4f-b3aa-fae2259f236f,2,TCGA-05-4426-01,2,2,1,0,0.42108725,0.7586206920783172,19.051256482463288,95.01278136422727,4.987218635772747,stroma-low,0.04987218635772747,0.227979340488029,True,86.63895081971407,True,23.234503481374688,True,,False,,,,3,TCGA-05-4426-01,TCGA-05-4426,Male,Stage IB,71,0:LIVING,25.99,0,I,matched
TCGA-05-4426,TCGA-05-4426-01Z-00-DX1.4c9da782-f4aa-4c4f-b3aa-fae2259f236f,3,TCGA-05-4426-01,3,3,1,0,16.21911925,0.81557744023728,6.834522097445832,87.2359795841789,12.764020415821081,stroma-low,0.1276402041582108,0.13262197851207225,True,46.67675646560479,True,2.4975931431558425,True,,False,,,,4,TCGA-05-4426-01,TCGA-05-4426,Male,Stage IB,71,0:LIVING,25.99,0,I,matched
TCGA-05-4426,TCGA-05-4426-01Z-00-DX1.4c9da782-f4aa-4c4f-b3aa-fae2259f236f,4,TCGA-05-4426-01,4,4,1,0,8.66858925,0.8174204356356851,5.973103404543802,85.65918297800687,14.34081702199313,stroma-low,0.1434081702199313,0.16633756430279295,True,46.57279447414228,True,3.3739895812548575,True,,False,,,,5,TCGA-05-4426-01,TCGA-05-4426,Male,Stage IB,71,0:LIVING,25.99,0,I,matched
TCGA-05-4433,TCGA-05-4433-01Z-00-DX1.5843D3CC-CB24-4A0A-BB65-78A5DAA11D84,1,TCGA-05-4433-01,1,1,1,0,0.987377,0.7794117641957627,2.4903118019788466,71.34926457192032,28.650735428079688,stroma-low,0.2865073542807969,0.38059582634778305,True,50.48189757027705,True,8.63871388781115,True,,False,,,,2,TCGA-05-4433-01,TCGA-05-4433,Male,Stage IB,82,0:LIVING,23.98,0,I,matched
TCGA-05-4433,TCGA-05-4433-01Z-00-DX1.5843D3CC-CB24-4A0A-BB65-78A5DAA11D84,2,TCGA-05-4433-01,2,2,1,0,154.97462825,0.8997470252099911,6.3520930329856276,86.39843109284067,13.601568907159322,stroma-low,0.13601568907159323,0.14156800308726025,True,46.92759683568453,True,5.709970734852395,True,,False,,,,3,TCGA-05-4433-01,TCGA-05-4433,Male,Stage IB,82,0:LIVING,23.98,0,I,matched
TCGA-05-4433,TCGA-05-4433-01Z-00-DX1.5843D3CC-CB24-4A0A-BB65-78A5DAA11D84,3,TCGA-05-4433-01,3,3,1,0,0.62437075,0.8604651161351581,2.989231310092502,74.9325140041375,25.067485995862498,stroma-low,0.250674859958625,0.38872807029584466,True,76.38838730287443,True,25.827198386422367,True,,False,,,,4,TCGA-05-4433-01,TCGA-05-4433,Male,Stage IB,82,0:LIVING,23.98,0,I,matched
TCGA-05-4433,TCGA-05-4433-01Z-00-DX1.5843D3CC-CB24-4A0A-BB65-78A5DAA11D84,4,TCGA-05-4433-01,4,4,1,0,5.35797225,0.6829268290482688,2.330416800244517,69.97372821544197,30.02627178455804,stroma-low,0.3002627178455804,0.2940812716792436,True,26.075886784693054,True,7.653773150363408,True,,False,,,,5,TCGA-05-4433-01,TCGA-05-4433,Male,Stage IB,82,0:LIVING,23.98,0,I,matched
TCGA-05-5420,TCGA-05-5420-01Z-00-DX1.8C253A99-44FD-48B6-AF31-D808CCB7DB1E,1,TCGA-05-5420-01,1,1,1,0,0.58016,0.46486486493717216,2.909079523739281,74.41853014431804,25.58146985568196,stroma-low,0.2558146985568196,0.26971481479470993,True,25.44746148892531,True,4.71086203490062,True,,False,,,,2,TCGA-05-5420-01,TCGA-05-5420,Male,Stage IIIA,67,0:LIVING,15.01,0,III,matched
TCGA-05-5423,TCGA-05-5423-01Z-00-DX1.CCCF5FDB-ACAD-4D9D-80DF-556F0D6284AF,1,TCGA-05-5423-01,1,1,1,0,3.067008,0.7382413082116287,4.090483256427483,80.35549967211162,19.64450032788838,stroma-low,0.1964450032788838,0.2303673401142323,True,65.56923780326181,True,7.741910830650534,True,,False,,,,2,TCGA-05-5423-01,TCGA-05-5423,Male,Stage IIB,65,0:LIVING,4.96,0,II,matched
TCGA-05-5423,TCGA-05-5423-01Z-00-DX1.CCCF5FDB-ACAD-4D9D-80DF-556F0D6284AF,2,TCGA-05-5423-01,2,2,1,0,0.26656,0.6588235280994388,2.3729364580151318,70.3522431433983,29.64775685660171,stroma-low,0.2964775685660171,0.3700073248314358,True,71.14063539947618,True,11.996247047553716,True,,False,,,,3,TCGA-05-5423-01,TCGA-05-5423,Male,Stage IIB,65,0:LIVING,4.96,0,II,matched
TCGA-05-5425,TCGA-05-5425-01Z-00-DX1.85865B2F-4888-43DD-A501-458BEFCF832B,1,TCGA-05-5425-01,1,1,1,0,1.705984,0.7426470589208787,1.5817371282735841,61.266389631670094,38.73361036832992,stroma-low,0.3873361036832992,0.38308763690044656,True,20.51803955075738,True,3.4304906018514583,True,,False,,,,2,TCGA-05-5425-01,TCGA-05-5425,Male,Stage IIB,68,0:LIVING,28.98,0,II,matched
TCGA-05-5428,TCGA-05-5428-01Z-00-DX1.8018AD62-F1CE-4BFF-8EFD-3F2D4513FC11,1,TCGA-05-5428-01,1,1,1,0,2.417856,0.8054474714131618,4.6320176448898165,82.24437380967112,17.75562619032888,stroma-low,0.1775562619032888,0.17912078364306108,True,14.156118926287828,True,1.467258303055736,True,,False,,,,2,TCGA-05-5428-01,TCGA-05-5428,Male,Stage IIA,57,0:LIVING,22.01,0,II,matched
TCGA-05-5429,TCGA-05-5429-01Z-00-DX1.20729065-FADA-4E43-98D7-AFA5FB4A0447,1,TCGA-05-5429-01,1,1;2,2,1,2.424128,0.7761966364089482,1.6023732318409387,61.57353650257953,38.426463497420485,stroma-low,0.3842646349742048,0.38101439616146465,True,1.0069960892349492,True,1.6308926425089822,True,0.0,True,56.0,56.0,56.0,2,TCGA-05-5429-01,TCGA-05-5429,Male,Stage IIIA,60,1:DECEASED,9.03,1,III,matched
TCGA-35-3615,TCGA-35-3615-01Z-00-DX1.585128eb-6652-4b05-9a83-dc8f242904a6,1,TCGA-35-3615-01,1,1;2;3;6;11,5,5,84.497418,0.9607757362364072,2.301076253948596,69.70684943118638,30.293150568813605,stroma-low,0.30293150568813604,0.3044435428642101,True,28.20460940668933,True,8.033692101930582,True,13.7793760300092,True,552.9272690907976,555.0003393213194,915.3642991905294,2,TCGA-35-3615-01,TCGA-35-3615,Male,Stage IB,57,0:LIVING,0.46,0,I,matched
TCGA-35-3615,TCGA-35-3615-01Z-00-DX1.585128eb-6652-4b05-9a83-dc8f242904a6,2,TCGA-35-3615-01,2,4;5;7;8;10;14,6,7,84.694554,0.9569391914278116,2.311107352432498,69.7986234343821,30.20137656561791,stroma-low,0.3020137656561791,0.3047094437245436,True,27.923267873039197,True,7.664006930403948,True,8.053947937539558,True,525.4993732019174,597.790649523999,992.8527382994557,3,TCGA-35-3615-01,TCGA-35-3615,Male,Stage IB,57,0:LIVING,0.46,0,I,matched
TCGA-35-3615,TCGA-35-3615-01Z-00-DX1.585128eb-6652-4b05-9a83-dc8f242904a6,3,TCGA-35-3615-01,3,9,1,0,1.059606,0.8023255815560967,1.0739684033078032,51.78325771959279,48.21674228040722,stroma-low,0.4821674228040722,0.48133870715165095,True,3.32937426572995,True,2.338218241834956,True,,False,,,,4,TCGA-35-3615-01,TCGA-35-3615,Male,Stage IB,57,0:LIVING,0.46,0,I,matched
TCGA-35-3615,TCGA-35-3615-01Z-00-DX1.585128eb-6652-4b05-9a83-dc8f242904a6,4,TCGA-35-3615-01,4,12,1,0,0.283383,1.0000000025360667,1.9538754388802884,66.14616896712933,33.85383103287068,stroma-low,0.3385383103287068,0.344329085511156,True,7.518132287115688,True,3.693100027183707,True,,False,,,,5,TCGA-35-3615-01,TCGA-35-3615,Male,Stage IB,57,0:LIVING,0.46,0,I,matched
TCGA-35-3615,TCGA-35-3615-01Z-00-DX1.585128eb-6652-4b05-9a83-dc8f242904a6,5,TCGA-35-3615-01,5,13,1,0,0.320346,0.9999999948128019,30.764040198166242,96.85178587559611,3.1482141244038933,stroma-low,0.03148214124403893,0.13759811911909908,True,87.63410204794617,True,8.10945652239486,True,,False,,,,6,TCGA-35-3615-01,TCGA-35-3615,Male,Stage IB,57,0:LIVING,0.46,0,I,matched
TCGA-35-3615,TCGA-35-3615-01Z-00-DX1.585128eb-6652-4b05-9a83-dc8f242904a6,6,TCGA-35-3615-01,6,15,1,0,0.332667,0.99999999931606,0.5539042414332205,35.64597010960824,64.35402989039176,stroma-high,0.6435402989039176,0.6337266412896737,True,33.60688679481142,True,34.84896897417028,True,,False,,,,7,TCGA-35-3615-01,TCGA-35-3615,Male,Stage IB,57,0:LIVING,0.46,0,I,matched
TCGA-35-3615,TCGA-35-3615-01Z-00-DX1.585128eb-6652-4b05-9a83-dc8f242904a6,7,TCGA-35-3615-01,7,16,1,0,0.209457,0.9411764704838039,76.78232518142076,98.7143608812573,1.2856391187427012,stroma-low,0.012856391187427011,0.09385726789006553,True,90.44979349391873,True,3.7057077964680474,True,,False,,,,8,TCGA-35-3615-01,TCGA-35-3615,Male,Stage IB,57,0:LIVING,0.46,0,I,matched
TCGA-35-3615,TCGA-35-3615-01Z-00-DX1.585128eb-6652-4b05-9a83-dc8f242904a6,8,TCGA-35-3615-01,8,17,1,0,0.308025,1.0000000008172356,12.29657874926676,92.47926839785652,7.520731602143484,stroma-low,0.07520731602143484,0.13575944161296927,True,75.64329386708106,True,23.701436413661266,True,,False,,,,9,TCGA-35-3615-01,TCGA-35-3615,Male,Stage IB,57,0:LIVING,0.46,0,I,matched
TCGA-35-3615,TCGA-35-3615-01Z-00-DX1.585128eb-6652-4b05-9a83-dc8f242904a6,9,TCGA-35-3615-01,9,18,1,0,0.36963,0.9666666677185276,0.8571900407794508,46.15521416535777,53.84478583464223,stroma-high,0.5384478583464223,0.5678351475942329,True,31.084286422093278,True,17.152524704926552,True,,False,,,,10,TCGA-35-3615-01,TCGA-35-3615,Male,Stage IB,57,0:LIVING,0.46,0,I,matched
TCGA-35-4122,TCGA-35-4122-01Z-00-DX1.2ac022e4-e796-49e5-9a24-f0ff3f76a527,1,TCGA-35-4122-01,1,1;3;5;6;7;10,6,6,31.837464,0.9794891644734562,0.8226225081083806,45.13400358268066,54.86599641731934,stroma-high,0.5486599641731934,0.553374756899819,True,28.645416777483256,True,12.053879564026742,True,32.280046152142496,True,483.8344960047377,366.62802211469796,992.8527382994619,2,TCGA-35-4122-01,TCGA-35-4122,Male,Stage IA,69,0:LIVING,7.39,0,I,matched
TCGA-35-4122,TCGA-35-4122-01Z-00-DX1.2ac022e4-e796-49e5-9a24-f0ff3f76a527,2,TCGA-35-4122-01,2,2;4;8;9,4,4,31.689612,0.9723950237236365,0.7922711410773755,44.204870731842675,55.795129268157325,stroma-high,0.5579512926815733,0.5664132028626927,True,26.56566601116686,True,9.792587963255373,True,30.424438516271934,True,183.31401105734795,111.0,400.2560442293919,3,TCGA-35-4122-01,TCGA-35-4122,Male,Stage IA,69,0:LIVING,7.39,0,I,matched
TCGA-35-5375,TCGA-35-5375-01Z-00-DX1.10708170-750A-451B-BC10-0B4042540033,1,TCGA-35-5375-01,1,1;2;3;4;5,5,4,52.093188,0.9649952693791871,1.2059348601884392,54.667745723254214,45.33225427674579,stroma-low,0.4533225427674579,0.44674017422571843,True,7.8701299830411005,True,5.243351439307365,True,0.0,True,470.5033730038087,427.82459641235357,915.3642991905276,2,TCGA-35-5375-01,TCGA-35-5375,Male,Stage IIIA,61,0:LIVING,8.67,0,III,matched
TCGA-35-5375,TCGA-35-5375-01Z-00-DX1.10708170-750A-451B-BC10-0B4042540033,2,TCGA-35-5375-01,2,6;7;8,3,2,58.955985,0.9839080456314195,1.6380859910949768,62.093729947561904,37.9062700524381,stroma-low,0.379062700524381,0.3712868612036196,True,18.74207082404241,True,8.740811575392893,True,0.0,True,212.49802632842338,212.49802632842338,313.99605265684676,3,TCGA-35-5375-01,TCGA-35-5375,Male,Stage IIIA,61,0:LIVING,8.67,0,III,matched
TCGA-38-4632,TCGA-38-4632-01Z-00-DX1.5E05F85C-53BC-4280-8E7F-8B9DECEF849F,1,TCGA-38-4632-01,1,1,1,0,0.147852,0.9166666615686457,0.38413820048121444,27.752879036765517,72.24712096323448,stroma-high,0.7224712096323448,0.7194764009337022,True,40.7618376989776,True,32.25221176491452,True,,False,,,,2,TCGA-38-4632-01,TCGA-38-4632,Male,Stage IV,42,1:DECEASED,44.58,1,IV,matched
TCGA-38-4632,TCGA-38-4632-01Z-00-DX1.5E05F85C-53BC-4280-8E7F-8B9DECEF849F,2,TCGA-38-4632-01,2,2;4;5;11,4,5,22.54743,0.9256830603403481,2.3013052545304555,69.7089507664377,30.29104923356232,stroma-low,0.30291049233562317,0.32335499170017806,True,25.966717136505647,True,8.063665048054347,True,45.06598125951407,True,368.8518838738719,111.00000000000001,800.4722357662179,3,TCGA-38-4632-01,TCGA-38-4632,Male,Stage IV,42,1:DECEASED,44.58,1,IV,matched
TCGA-38-4632,TCGA-38-4632-01Z-00-DX1.5E05F85C-53BC-4280-8E7F-8B9DECEF849F,3,TCGA-38-4632-01,3,3,1,0,0.283383,1.0000000049856126,8.346574400850361,89.3008929570066,10.699107042993408,stroma-low,0.10699107042993408,0.10645060105265833,True,7.376027159396116,True,2.519217929367726,True,,False,,,,4,TCGA-38-4632-01,TCGA-38-4632,Male,Stage IV,42,1:DECEASED,44.58,1,IV,matched
TCGA-38-4632,TCGA-38-4632-01Z-00-DX1.5E05F85C-53BC-4280-8E7F-8B9DECEF849F,4,TCGA-38-4632-01,4,6;8,2,1,22.202442,0.9328523855899776,2.3220732938961985,69.89831615583716,30.101683844162835,stroma-low,0.30101683844162835,0.3201354417930924,True,25.423570323268706,True,7.456893910951014,True,15.870769085425598,True,111.00000000000001,111.00000000000001,111.00000000000001,5,TCGA-38-4632-01,TCGA-38-4632,Male,Stage IV,42,1:DECEASED,44.58,1,IV,matched
TCGA-38-4632,TCGA-38-4632-01Z-00-DX1.5E05F85C-53BC-4280-8E7F-8B9DECEF849F,5,TCGA-38-4632-01,5,7;9;10;13;14;15,6,9,22.485825,0.9336986297680864,2.140662868594825,68.1595879010276,31.840412098972397,stroma-low,0.318404120989724,0.33260003578135233,True,21.359200816696507,True,7.751055053020549,True,17.910751889741192,True,354.8764426389474,248.2421020415345,888.0002120758642,6,TCGA-38-4632-01,TCGA-38-4632,Male,Stage IV,42,1:DECEASED,44.58,1,IV,matched
TCGA-38-4632,TCGA-38-4632-01Z-00-DX1.5E05F85C-53BC-4280-8E7F-8B9DECEF849F,6,TCGA-38-4632-01,6,12,1,0,0.234099,0.5789473687136227,0.5476264354231783,35.38492383489411,64.61507616510589,stroma-high,0.6461507616510589,0.593729522415301,True,2.014241846850228,True,21.46731358208615,True,,False,,,,7,TCGA-38-4632-01,TCGA-38-4632,Male,Stage IV,42,1:DECEASED,44.58,1,IV,matched
TCGA-38-A44F,TCGA-38-A44F-01Z-00-DX1.B9958072-D8BB-40DD-B28E-2E83CE2B550B,1,TCGA-38-A44F-01,1,1;3,2,1,0.5771503125,0.9111111091997979,0.1922486294607858,16.124877371235346,83.87512262876466,stroma-high,0.8387512262876465,0.8389386035605942,True,0.20363603989038445,True,0.03994112940476766,True,0.0,True,226.5,226.5,226.5,2,TCGA-38-A44F-01,TCGA-38-A44F,Male,Stage IB,80,0:LIVING,4.37,0,I,matched
TCGA-38-A44F,TCGA-38-A44F-01Z-00-DX1.B9958072-D8BB-40DD-B28E-2E83CE2B550B,2,TCGA-38-A44F-01,2,2;4;5;7;14;18,6,6,30.21702525,0.9779286928446701,0.7729159252380758,43.59574609463135,56.40425390536864,stroma-high,0.5640425390536864,0.5625201597131895,True,9.304176161671434,True,4.927579694887693,True,0.7116633785933942,True,558.8706403732712,663.0164425195253,800.8309435130462,3,TCGA-38-A44F-01,TCGA-38-A44F,Male,Stage IB,80,0:LIVING,4.37,0,I,matched
TCGA-38-A44F,TCGA-38-A44F-01Z-00-DX1.B9958072-D8BB-40DD-B28E-2E83CE2B550B,3,TCGA-38-A44F-01,3,6;8,2,1,0.6541036875,0.8627450985116537,0.2514004524141829,20.08952865001646,79.91047134998354,stroma-high,0.7991047134998354,0.7995609419644387,True,0.5021205715160398,True,0.11559538641977775,True,0.0,True,226.5,226.5,226.5,4,TCGA-38-A44F-01,TCGA-38-A44F,Male,Stage IB,80,0:LIVING,4.37,0,I,matched
TCGA-38-A44F,TCGA-38-A44F-01Z-00-DX1.B9958072-D8BB-40DD-B28E-2E83CE2B550B,4,TCGA-38-A44F-01,4,9;10;13;17;19,5,4,30.2298508125,0.9821807384138026,0.8053970093099571,44.610520852573515,55.38947914742648,stroma-high,0.5538947914742648,0.5574715001661102,True,11.56008429009562,True,4.2982450474669625,True,9.908568007301028,True,313.2081927596479,113.25,913.0827710385915,5,TCGA-38-A44F-01,TCGA-38-A44F,Male,Stage IB,80,0:LIVING,4.37,0,I,matched
TCGA-38-A44F,TCGA-38-A44F-01Z-00-DX1.B9958072-D8BB-40DD-B28E-2E83CE2B550B,5,TCGA-38-A44F-01,5,11,1,0,0.615627,1.000000001512793,0.2798848899441108,21.8679736078713,78.1320263921287,stroma-high,0.781320263921287,0.7870465266029683,True,19.38347134895968,True,16.788252180075318,True,,False,,,,6,TCGA-38-A44F-01,TCGA-38-A44F,Male,Stage IB,80,0:LIVING,4.37,0,I,matched
TCGA-38-A44F,TCGA-38-A44F-01Z-00-DX1.B9958072-D8BB-40DD-B28E-2E83CE2B550B,6,TCGA-38-A44F-01,6,12,1,0,0.2436856875,1.0000000051322306,0.12944758563790695,11.46114147163328,88.53885852836672,stroma-high,0.8853885852836672,0.906126386534205,True,25.859536039852827,True,1.328565092440893,True,,False,,,,7,TCGA-38-A44F-01,TCGA-38-A44F,Male,Stage IB,80,0:LIVING,4.37,0,I,matched
TCGA-38-A44F,TCGA-38-A44F-01Z-00-DX1.B9958072-D8BB-40DD-B28E-2E83CE2B550B,7,TCGA-38-A44F-01,7,15,1,0,0.3462901875,0.9999999976023025,0.11334438263952688,10.180532134253824,89.81946786574618,stroma-high,0.8981946786574617,0.9057595313435365,True,30.94054360844542,True,19.54891428483868,True,,False,,,,8,TCGA-38-A44F-01,TCGA-38-A44F,Male,Stage IB,80,0:LIVING,4.37,0,I,matched
TCGA-38-A44F,TCGA-38-A44F-01Z-00-DX1.B9958072-D8BB-40DD-B28E-2E83CE2B550B,8,TCGA-38-A44F-01,8,16,1,0,0.589975875,1.0000000015447172,0.26980973764061245,21.248044462309462,78.75195553769055,stroma-high,0.7875195553769054,0.7653773290829438,True,16.398338000610845,True,26.141964990049704,True,,False,,,,9,TCGA-38-A44F-01,TCGA-38-A44F,Male,Stage IB,80,0:LIVING,4.37,0,I,matched
TCGA-44-2666,TCGA-44-2666-01Z-00-DX1.f81a89cf-6033-47ea-9a43-290a5d6a28c1,1,TCGA-44-2666-01,1,1,1,0,1.022643,0.9156626530751832,1.0362423526246243,50.88993219736122,49.11006780263878,stroma-low,0.4911006780263878,0.49465299914576266,True,4.6017788825180945,True,0.3533213052606384,True,,False,,,,2,TCGA-44-2666-01,TCGA-44-2666,Male,Stage IB,43,1:DECEASED,3.19,1,I,matched
TCGA-44-2666,TCGA-44-2666-01Z-00-DX1.f81a89cf-6033-47ea-9a43-290a5d6a28c1,2,TCGA-44-2666-01,2,2,1,0,1.946718,0.835443037388612,1.1436738701206048,53.35111306162727,46.64888693837273,stroma-low,0.4664888693837273,0.46331000540388945,True,1.848954733137852,True,1.7680025869112377,True,,False,,,,3,TCGA-44-2666-01,TCGA-44-2666,Male,Stage IB,43,1:DECEASED,3.19,1,I,matched
TCGA-44-2666,TCGA-44-2666-01Z-00-DX1.f81a89cf-6033-47ea-9a43-290a5d6a28c1,3,TCGA-44-2666-01,3,3,1,0,23.841135,0.9162790698806131,1.0483485435454916,51.18018351168413,48.81981648831587,stroma-low,0.48819816488315876,0.4840003273564486,True,15.58478470467575,True,5.684778116887931,True,,False,,,,4,TCGA-44-2666-01,TCGA-44-2666,Male,Stage IB,43,1:DECEASED,3.19,1,I,matched
TCGA-44-2666,TCGA-44-2666-01Z-00-DX1.f81a89cf-6033-47ea-9a43-290a5d6a28c1,4,TCGA-44-2666-01,4,4,1,0,24.506469,0.9165409755846793,1.0172626670287985,50.427873556353084,49.572126443646916,stroma-low,0.49572126443646913,0.49549047714062794,True,16.39828953194194,True,4.95099799277071,True,,False,,,,5,TCGA-44-2666-01,TCGA-44-2666,Male,Stage IB,43,1:DECEASED,3.19,1,I,matched
TCGA-44-2666,TCGA-44-2666-01Z-00-DX1.f81a89cf-6033-47ea-9a43-290a5d6a28c1,5,TCGA-44-2666-01,5,5,1,0,28.21509,0.9104803492840269,1.0445330659865262,51.08907668766507,48.91092331233494,stroma-low,0.48910923312334936,0.4845846057907132,True,17.05548949823892,True,6.224225293420176,True,,False,,,,6,TCGA-44-2666-01,TCGA-44-2666,Male,Stage IB,43,1:DECEASED,3.19,1,I,matched
TCGA-44-2666,TCGA-44-2666-01Z-00-DX1.f81a89cf-6033-47ea-9a43-290a5d6a28c1,6,TCGA-44-2666-01,6,6,1,0,27.167805,0.9156462579994076,1.0307308789510607,50.75664577885708,49.24335422114293,stroma-low,0.4924335422114293,0.48478506643799124,True,13.972767269182091,True,6.722956125021266,True,,False,,,,7,TCGA-44-2666-01,TCGA-44-2666,Male,Stage IB,43,1:DECEASED,3.19,1,I,matched
TCGA-44-5643,TCGA-44-5643-01Z-00-DX1.83fb7631-0ecb-4473-bfb2-c8daa2f87d35,1,TCGA-44-5643-01,1,1;3;4;7;9;11;12;14,8,9,18.074907,0.914792092308979,1.9231352470874725,65.79015627154538,34.209843728454615,stroma-low,0.34209843728454614,0.37910143752147607,True,27.014876381243752,True,6.140267046932616,True,19.39257726046687,True,474.16332886689025,332.99999999999994,894.949819872963,2,TCGA-44-5643-01,TCGA-44-5643,Male,Stage IIIA,53,0:LIVING,33.28,0,III,matched
TCGA-44-5643,TCGA-44-5643-01Z-00-DX1.83fb7631-0ecb-4473-bfb2-c8daa2f87d35,2,TCGA-44-5643-01,2,2;5;6;8;10;13;15,7,7,18.629352,0.915343915970088,2.0005513828722727,66.6727920172208,33.327207982779214,stroma-low,0.3332720798277921,0.37403141851364585,True,29.93393964548886,True,6.930902065139663,True,20.964368719540836,True,472.1298746780955,248.24210204153616,894.9498198729641,3,TCGA-44-5643-01,TCGA-44-5643,Male,Stage IIIA,53,0:LIVING,33.28,0,III,matched
TCGA-44-5643,TCGA-44-5643-01Z-00-DX1.83fb7631-0ecb-4473-bfb2-c8daa2f87d35,3,TCGA-44-5643-01,3,16;20;21;23;24;27,6,7,18.444537,0.9245156975659459,2.002969248347056,66.69962569378836,33.300374306211644,stroma-low,0.33300374306211644,0.36904951624955534,True,28.466793549965264,True,6.713107457668406,True,15.761005608988857,True,372.18654117598606,248.2421020415349,710.7871836031409,4,TCGA-44-5643-01,TCGA-44-5643,Male,Stage IIIA,53,0:LIVING,33.28,0,III,matched
TCGA-44-5643,TCGA-44-5643-01Z-00-DX1.83fb7631-0ecb-4473-bfb2-c8daa2f87d35,4,TCGA-44-5643-01,4,17;18;19;22;25;26,6,5,17.692956,0.9094707516157015,2.016480321522189,66.84878091644981,33.151219083550195,stroma-low,0.33151219083550193,0.36978075625680895,True,28.286498818613108,True,6.054627873611033,True,20.63676792524835,True,336.2915735151681,248.2421020415337,675.2197128774623,5,TCGA-44-5643-01,TCGA-44-5643,Male,Stage IIIA,53,0:LIVING,33.28,0,III,matched
TCGA-44-6146,TCGA-44-6146-01Z-00-DX1.8db8c567-690e-4df3-98a9-f241b6a8d811,1,TCGA-44-6146-01,1,1;3,2,1,15.499818,0.8823529403472008,4.698855410991314,82.45261674701709,17.547383252982907,stroma-low,0.17547383252982907,0.17693807384036017,True,3.3514434227346874,True,0.15729047971294113,True,4.080739673264437,True,111.0,111.0,111.0,2,TCGA-44-6146-01,TCGA-44-6146,Male,Stage IIB,64,0:LIVING,23.92,0,II,matched
TCGA-44-6146,TCGA-44-6146-01Z-00-DX1.8db8c567-690e-4df3-98a9-f241b6a8d811,2,TCGA-44-6146-01,2,2,1,0,18.493821,0.8594270479460903,4.32801114994599,81.23127050869371,18.76872949130628,stroma-low,0.1876872949130628,0.1889757973946052,True,3.061957133882329,True,0.1931329917142758,True,,False,,,,3,TCGA-44-6146-01,TCGA-44-6146,Male,Stage IIB,64,0:LIVING,23.92,0,II,matched
TCGA-44-6146,TCGA-44-6146-01Z-00-DX1.8db8c567-690e-4df3-98a9-f241b6a8d811,3,TCGA-44-6146-01,3,4,1,0,0.24642,0.6499999970226782,1.888468216029227,65.3795740437574,34.6204259562426,stroma-low,0.34620425956242595,0.3614171980992977,True,10.268859462486652,True,0.03320171579201056,True,,False,,,,4,TCGA-44-6146-01,TCGA-44-6146,Male,Stage IIB,64,0:LIVING,23.92,0,II,matched
TCGA-44-6146,TCGA-44-6146-01Z-00-DX1.8db8c567-690e-4df3-98a9-f241b6a8d811,4,TCGA-44-6146-01,4,5;6,2,1,3.671658,0.7516778526050374,4.70809373544657,82.4810164943487,17.518983505651303,stroma-low,0.17518983505651303,0.17595171539023552,True,1.9086918777936275,True,0.18576009678933225,True,5.873118792406816,True,111.0,111.0,111.0,5,TCGA-44-6146-01,TCGA-44-6146,Male,Stage IIB,64,0:LIVING,23.92,0,II,matched
TCGA-44-6148,TCGA-44-6148-01Z-00-DX1.94c29c83-1085-458f-a0c9-3ffa8592cb98,1,TCGA-44-6148-01,1,1;4;5;9;12;13;23;24;25;29;31,11,16,9.129861,0.9851551948437329,0.32999968579327227,24.8120123123522,75.1879876876478,stroma-high,0.7518798768764781,0.7542081647513963,True,5.175577575526745,True,3.4408388958446965,True,5.121986716142987,True,557.8365235764611,555.0,894.9498198729641,2,TCGA-44-6148-01,TCGA-44-6148,Male,Stage IA,60,0:LIVING,23.13,0,I,matched
TCGA-44-6148,TCGA-44-6148-01Z-00-DX1.94c29c83-1085-458f-a0c9-3ffa8592cb98,2,TCGA-44-6148-01,2,2;6;7;8;14;16;17;19;26;27;33;35,12,20,9.967689,0.9938195309340472,0.3375758286349787,25.237883446165526,74.76211655383447,stroma-high,0.7476211655383447,0.7499451722365115,True,5.350233546680086,True,3.524077319888166,True,5.579707227736925,True,431.2247193911461,351.0491718891826,999.0,3,TCGA-44-6148-01,TCGA-44-6148,Male,Stage IA,60,0:LIVING,23.13,0,I,matched
TCGA-44-6148,TCGA-44-6148-01Z-00-DX1.94c29c83-1085-458f-a0c9-3ffa8592cb98,3,TCGA-44-6148-01,3,3;10;11;15;18;20;21;22;28;30;32;34;36,13,18,10.041615,0.9828220858197371,0.3343911718262059,25.059456243896506,74.9405437561035,stroma-high,0.749405437561035,0.7534109641390146,True,4.225017480459536,True,1.2654214134094213,True,7.177380737214185,True,448.0350433842913,464.33666653301924,894.9498198729649,4,TCGA-44-6148-01,TCGA-44-6148,Male,Stage IA,60,0:LIVING,23.13,0,I,matched
TCGA-44-6778,TCGA-44-6778-01Z-00-DX1.5e932267-cc68-4a8e-a660-fe2cc0c59ff4,1,TCGA-44-6778-01,1,1;3;5;7;8;11;12;13;14;19;22;23;26;27;29;31;32;34,18,26,33.944355,0.9680580760699902,0.6429375017592632,39.133412017852386,60.86658798214762,stroma-high,0.6086658798214762,0.6125706508366126,True,17.7731470634681,True,8.451360558408792,True,18.964190425627628,True,444.95254856178786,422.1280221146962,999.0,2,TCGA-44-6778-01,TCGA-44-6778,Male,Stage IA,59,0:LIVING,61.24,0,I,matched
TCGA-44-6778,TCGA-44-6778-01Z-00-DX1.5e932267-cc68-4a8e-a660-fe2cc0c59ff4,2,TCGA-44-6778-01,2,2;4;6;9;10;15;16;17;18;20;21;24;25;28;30;33;35,17,23,34.683615,0.9698046179239435,0.650350941672285,39.40682707238562,60.59317292761438,stroma-high,0.6059317292761438,0.6072501399462658,True,17.318914221513246,True,9.527381610759246,True,14.723827253264524,True,475.149082071864,457.69957498577963,894.9498198729639,3,TCGA-44-6778-01,TCGA-44-6778,Male,Stage IA,59,0:LIVING,61.24,0,I,matched
TCGA-44-7659,TCGA-44-7659-01Z-00-DX1.818bf5b3-b4c1-4d23-a6ae-98d5015eb8c1,1,TCGA-44-7659-01,1,1;3;5;7;10;11,6,5,26.021952,0.9616477278996145,0.4778107078753863,32.33233494175472,67.66766505824529,stroma-high,0.6766766505824529,0.6725913076863757,True,11.074826703430274,True,7.137670263039358,True,2.381566515405963,True,308.3891745059624,111.0,894.9498198729639,2,TCGA-44-7659-01,TCGA-44-7659,Male,Stage IA,70,0:LIVING,22.7,0,I,matched
TCGA-44-7659,TCGA-44-7659-01Z-00-DX1.818bf5b3-b4c1-4d23-a6ae-98d5015eb8c1,2,TCGA-44-7659-01,2,2;4;6;9,4,3,25.763211,0.9540889525746797,0.49081198341193777,32.92246030171047,67.07753969828953,stroma-high,0.6707753969828952,0.6670888594711456,True,12.463222780137245,True,7.370532197175635,True,0.09333304627688087,True,399.99301241262674,222.00084830193703,866.9781889359431,3,TCGA-44-7659-01,TCGA-44-7659,Male,Stage IA,70,0:LIVING,22.7,0,I,matched
TCGA-44-7659,TCGA-44-7659-01Z-00-DX1.818bf5b3-b4c1-4d23-a6ae-98d5015eb8c1,3,TCGA-44-7659-01,3,8,1,0,0.24642,0.9999999965861207,0.17813463035011168,15.12005722955233,84.87994277044767,stroma-high,0.8487994277044767,0.8441186232887422,True,1.7907350633721346,True,7.056017947040598,True,,False,,,,4,TCGA-44-7659-01,TCGA-44-7659,Male,Stage IA,70,0:LIVING,22.7,0,I,matched
TCGA-44-7669,TCGA-44-7669-01Z-00-DX1.34d0c9ac-d3dc-4a5e-b99c-a8c1c1e120d1,1,TCGA-44-7669-01,1,1,1,0,0.209457,0.9411764622046201,1.7946331965275972,64.2171287007352,35.7828712992648,stroma-low,0.357828712992648,0.43908923698595254,True,55.851834702413306,True,19.594584732400694,True,,False,,,,2,TCGA-44-7669-01,TCGA-44-7669,Male,Stage IIA,59,1:DECEASED,18.86,1,II,matched
TCGA-44-7669,TCGA-44-7669-01Z-00-DX1.34d0c9ac-d3dc-4a5e-b99c-a8c1c1e120d1,2,TCGA-44-7669-01,2,2;3;4;5,4,3,48.926691,0.9581969277816258,2.043276717034598,67.14068114796964,32.85931885203035,stroma-low,0.3285931885203035,0.33094412582578947,True,17.22811201308316,True,5.521272899787733,True,0.0,True,222.00018851174164,222.0,333.00056553522495,3,TCGA-44-7669-01,TCGA-44-7669,Male,Stage IIA,59,1:DECEASED,18.86,1,II,matched
TCGA-44-7669,TCGA-44-7669-01Z-00-DX1.34d0c9ac-d3dc-4a5e-b99c-a8c1c1e120d1,3,TCGA-44-7669-01,3,6,1,0,0.86247,0.9714285711836315,0.3468269860836372,25.751413482748514,74.2485865172515,stroma-high,0.7424858651725149,0.7446001468364629,True,2.958221745436419,True,1.1112243467573695,True,,False,,,,4,TCGA-44-7669-01,TCGA-44-7669,Male,Stage IIA,59,1:DECEASED,18.86,1,II,matched
TCGA-44-7669,TCGA-44-7669-01Z-00-DX1.34d0c9ac-d3dc-4a5e-b99c-a8c1c1e120d1,4,TCGA-44-7669-01,4,7,1,0,0.24642,0.9999999998422027,14.76059038675671,93.65506002338417,6.344939976615843,stroma-low,0.06344939976615843,0.06344939976615843,True,0.0,True,0.0,True,,False,,,,5,TCGA-44-7669-01,TCGA-44-7669,Male,Stage IIA,59,1:DECEASED,18.86,1,II,matched
TCGA-44-7669,TCGA-44-7669-01Z-00-DX1.34d0c9ac-d3dc-4a5e-b99c-a8c1c1e120d1,5,TCGA-44-7669-01,5,8;9;10;11,4,4,3.314349,1.0000000011307217,0.5046134145278969,33.53774528763122,66.46225471236879,stroma-high,0.6646225471236878,0.6648606498876327,True,0.9271315525915933,True,0.6216136854541161,True,0.162563523239961,True,312.0035999725697,323.49802632842307,444.00000000000006,6,TCGA-44-7669-01,TCGA-44-7669,Male,Stage IIA,59,1:DECEASED,18.86,1,II,matched
TCGA-44-7671,TCGA-44-7671-01Z-00-DX1.00297baa-00e7-4894-a7b8-c9ac2a9d42d8,1,TCGA-44-7671-01,1,1,1,0,0.332667,0.925925927305663,0.21985494686703463,18.023040151756586,81.97695984824341,stroma-high,0.8197695984824341,0.8182090135157505,True,1.7150690742450272,True,2.749045069201247,True,,False,,,,2,TCGA-44-7671-01,TCGA-44-7671,Male,Stage IB,64,0:LIVING,29.2,0,I,matched
TCGA-44-7671,TCGA-44-7671-01Z-00-DX1.00297baa-00e7-4894-a7b8-c9ac2a9d42d8,2,TCGA-44-7671-01,2,2,1,0,0.332667,0.888888891822582,0.2315646593638105,18.80247680080637,81.19752319919364,stroma-high,0.8119752319919363,0.8122658275993395,True,0.2435546245502282,True,0.0010628119200169694,True,,False,,,,3,TCGA-44-7671-01,TCGA-44-7671,Male,Stage IB,64,0:LIVING,29.2,0,I,matched
TCGA-44-7671,TCGA-44-7671-01Z-00-DX1.00297baa-00e7-4894-a7b8-c9ac2a9d42d8,3,TCGA-44-7671-01,3,3;6,2,1,1.133532,0.9565217409608125,0.33403940226571244,25.03969535670273,74.96030464329728,stroma-high,0.7496030464329727,0.7511576384291194,True,1.1022065862330475,True,0.012221671569263536,True,2.581729931994681,True,496.44564737767877,496.44564737767877,496.44564737767877,4,TCGA-44-7671-01,TCGA-44-7671,Male,Stage IB,64,0:LIVING,29.2,0,I,matched
TCGA-44-7671,TCGA-44-7671-01Z-00-DX1.00297baa-00e7-4894-a7b8-c9ac2a9d42d8,4,TCGA-44-7671-01,4,4;5;7,3,2,1.811187,0.9455782308053248,0.2210932452639962,18.106172163469513,81.89382783653049,stroma-high,0.8189382783653049,0.8189038245527072,True,0.09619287476250087,True,0.11407314445028478,True,0.022492995173130637,True,734.9868790401305,734.9868790401305,999.0,5,TCGA-44-7671-01,TCGA-44-7671,Male,Stage IB,64,0:LIVING,29.2,0,I,matched
TCGA-44-8119,TCGA-44-8119-01Z-00-DX1.1EBEBFA7-22DB-4365-9DF8-C4E679C11312,1,TCGA-44-8119-01,1,1;3;5;6,4,4,2.672445375,0.8785046726615945,0.5993649736217616,37.47518443301279,62.5248155669872,stroma-high,0.625248155669872,0.6295273326908561,True,2.8923065477166787,True,0.3120803910370006,True,0.024897086270984536,True,320.6420979564842,134.91450370260713,900.9893844207223,2,TCGA-44-8119-01,TCGA-44-8119,Male,Stage IIB,73,0:LIVING,9.36,0,II,matched
TCGA-44-8119,TCGA-44-8119-01Z-00-DX1.1EBEBFA7-22DB-4365-9DF8-C4E679C11312,2,TCGA-44-8119-01,2,2;4,2,1,1.7857929375,0.9790209802656894,0.45799184809371085,31.412510892466518,68.58748910753347,stroma-high,0.6858748910753347,0.6782249581810518,True,3.105941206452423,True,6.180885518760825,True,0.0,True,316.11737300040573,316.11737300040573,316.11737300040573,3,TCGA-44-8119-01,TCGA-44-8119,Male,Stage IIB,73,0:LIVING,9.36,0,II,matched
TCGA-44-A47B,TCGA-44-A47B-01Z-00-DX1.177D0531-E037-435B-BFD4-382B2150B10D,1,TCGA-44-A47B-01,1,1,1,0,20.5928150625,0.9187386296474461,4.9768379387311334,83.26874494086923,16.73125505913077,stroma-low,0.1673125505913077,0.16491025321464925,True,9.392495160453286,True,3.6067539009620333,True,,False,,,,2,TCGA-44-A47B-01,TCGA-44-A47B,Male,Stage IB,79,0:LIVING,9.43,0,I,matched
TCGA-44-A47B,TCGA-44-A47B-01Z-00-DX1.177D0531-E037-435B-BFD4-382B2150B10D,2,TCGA-44-A47B-01,2,2,1,0,17.83295325,0.9229691872411431,5.117573978672499,83.65365088372829,16.346349116271707,stroma-low,0.16346349116271708,0.15975944839546524,True,6.2540211753226425,True,3.751962193902822,True,,False,,,,3,TCGA-44-A47B-01,TCGA-44-A47B,Male,Stage IB,79,0:LIVING,9.43,0,I,matched
TCGA-44-A4SS,TCGA-44-A4SS-01Z-00-DX1.F3D85B63-D963-42D2-815F-CB9D791A0F7B,1,TCGA-44-A4SS-01,1,1;3,2,1,1.45569425,0.9292035413343477,0.49521926567599206,33.120176889380986,66.87982311061901,stroma-high,0.6687982311061901,0.6750804267286149,True,13.539698061396289,True,7.539114891684502,True,1.7040752704941269,True,818.4999921426648,818.4999921426648,818.4999921426648,2,TCGA-44-A4SS-01,TCGA-44-A4SS,Male,Stage IA,73,0:LIVING,13.63,0,I,matched
TCGA-44-A4SS,TCGA-44-A4SS-01Z-00-DX1.F3D85B63-D963-42D2-815F-CB9D791A0F7B,2,TCGA-44-A4SS-01,2,2;4,2,1,11.8774345,0.9132321042237429,0.7504016172662117,42.87025388140315,57.12974611859685,stroma-high,0.5712974611859685,0.5676482341215442,True,14.704633941218265,True,7.818991355528791,True,5.543826283516405,True,227.0,227.0,227.0,3,TCGA-44-A4SS-01,TCGA-44-A4SS,Male,Stage IA,73,0:LIVING,13.63,0,I,matched
TCGA-44-A4SS,TCGA-44-A4SS-01Z-00-DX1.F3D85B63-D963-42D2-815F-CB9D791A0F7B,3,TCGA-44-A4SS-01,3,5;6;7;8,4,4,12.006257,0.9109442057134839,0.7683735164598792,43.45086087910274,56.54913912089725,stroma-high,0.5654913912089725,0.5492957897218631,True,13.598119070540246,True,11.45441521467174,True,15.768276395182315,True,420.77690759412354,444.30367691853235,681.0002765394296,4,TCGA-44-A4SS-01,TCGA-44-A4SS,Male,Stage IA,73,0:LIVING,13.63,0,I,matched
TCGA-44-A4SS,TCGA-44-A4SS-01Z-00-DX1.F3D85B63-D963-42D2-815F-CB9D791A0F7B,4,TCGA-44-A4SS-01,4,9,1,0,1.61028125,0.9199999991725781,0.6466208147906952,39.26956400541361,60.730435994586394,stroma-high,0.607304359945864,0.6213134861842972,True,21.341052356464534,True,7.149744619794774,True,,False,,,,5,TCGA-44-A4SS-01,TCGA-44-A4SS,Male,Stage IA,73,0:LIVING,13.63,0,I,matched
TCGA-44-A4SS,TCGA-44-A4SS-01Z-00-DX1.F3D85B63-D963-42D2-815F-CB9D791A0F7B,5,TCGA-44-A4SS-01,5,10;12,2,1,1.391283,0.9259259274505085,0.4902244395117567,32.896013950245596,67.10398604975441,stroma-high,0.671039860497544,0.665174605130767,True,8.31294548426907,True,8.882505752919492,True,1.5417857980863325,True,726.7949941964112,726.7949941964112,726.7949941964112,6,TCGA-44-A4SS-01,TCGA-44-A4SS,Male,Stage IA,73,0:LIVING,13.63,0,I,matched
TCGA-44-A4SS,TCGA-44-A4SS-01Z-00-DX1.F3D85B63-D963-42D2-815F-CB9D791A0F7B,6,TCGA-44-A4SS-01,6,11;13,2,1,11.954728,0.9062499997952108,0.7313276130510754,42.24085652756818,57.75914347243184,stroma-high,0.5775914347243184,0.5689153071088981,True,14.825510972773762,True,9.034052127239901,True,0.0,True,160.5538811393653,160.5538811393653,160.5538811393653,7,TCGA-44-A4SS-01,TCGA-44-A4SS,Male,Stage IA,73,0:LIVING,13.63,0,I,matched
TCGA-44-A4SS,TCGA-44-A4SS-01Z-00-DX1.F3D85B63-D963-42D2-815F-CB9D791A0F7B,7,TCGA-44-A4SS-01,7,14,1,0,1.0563445,0.9146341474273114,0.693523606448191,40.951516932362736,59.04848306763727,stroma-high,0.5904848306763727,0.5735790479833631,True,7.518545984663833,True,10.661096664240779,True,,False,,,,8,TCGA-44-A4SS-01,TCGA-44-A4SS,Male,Stage IA,73,0:LIVING,13.63,0,I,matched
TCGA-44-A4SS,TCGA-44-A4SS-01Z-00-DX1.F3D85B63-D963-42D2-815F-CB9D791A0F7B,8,TCGA-44-A4SS-01,8,15;16,2,1,10.80820775,0.9261025028163625,0.7074156277592226,41.43195225919423,58.56804774080576,stroma-high,0.5856804774080576,0.5827078881431446,True,12.784035239624844,True,7.02116794381982,True,0.0,True,226.99999999999997,226.99999999999997,226.99999999999997,9,TCGA-44-A4SS-01,TCGA-44-A4SS,Male,Stage IA,73,0:LIVING,13.63,0,I,matched
TCGA-49-4494,TCGA-49-4494-01Z-00-DX2.cac5ed0a-98c3-4d37-a4f4-9596a061836a,1,TCGA-49-4494-01,1,1;2;4;5;6;7;8;9;10;11;12;15;16;17;20;23;26;29;31;32;38,21,32,25.837137,0.9728183119981797,0.3039963994146698,23.31267168767689,76.6873283123231,stroma-high,0.766873283123231,0.7643090809656525,True,3.572214936107572,True,4.412339667012197,True,1.8809655424895348,True,505.5021289542068,444.0004241515763,999.000188511884,2,TCGA-49-4494-01,TCGA-49-4494,Male,Stage IIIA,77,1:DECEASED,35.51,1,III,matched
TCGA-49-4494,TCGA-49-4494-01Z-00-DX2.cac5ed0a-98c3-4d37-a4f4-9596a061836a,2,TCGA-49-4494-01,2,3,1,0,0.689976,0.7678571463468091,0.2909870248197902,22.53988763832923,77.46011236167078,stroma-high,0.7746011236167077,0.766218185851847,True,0.316986623961522,True,5.158313206032732,True,,False,,,,3,TCGA-49-4494-01,TCGA-49-4494,Male,Stage IIIA,77,1:DECEASED,35.51,1,III,matched
TCGA-49-4494,TCGA-49-4494-01Z-00-DX2.cac5ed0a-98c3-4d37-a4f4-9596a061836a,3,TCGA-49-4494-01,3,13;18;19;22;24;25;27;28;30;33;34;39;40;41;43;44;45;48;49;50;51;52;53;55;56;57;59;61;62;65;66;69;70;72;73;76;78;83;87;88;89;95,42,60,94.514391,0.9912658061182603,0.4929440213160088,33.01825214327096,66.98174785672904,stroma-high,0.6698174785672905,0.6650357791418919,True,4.441398261532399,True,4.829097354279814,True,0.8579390860793799,True,504.2273979128179,525.7228236888393,954.8981934995624,4,TCGA-49-4494-01,TCGA-49-4494,Male,Stage IIIA,77,1:DECEASED,35.51,1,III,matched
TCGA-49-4494,TCGA-49-4494-01Z-00-DX2.cac5ed0a-98c3-4d37-a4f4-9596a061836a,4,TCGA-49-4494-01,4,14;21,2,1,0.813186,0.9999999968121385,0.16756379493277995,14.351575105360908,85.64842489463909,stroma-high,0.8564842489463909,0.8553901130838855,True,0.1804820166232878,True,1.234841796429588,True,0.0,True,444.0,444.0,444.0,5,TCGA-49-4494-01,TCGA-49-4494,Male,Stage IIIA,77,1:DECEASED,35.51,1,III,matched
TCGA-49-4494,TCGA-49-4494-01Z-00-DX2.cac5ed0a-98c3-4d37-a4f4-9596a061836a,5,TCGA-49-4494-01,5,35,1,0,0.332667,1.000000001957839,0.4766714961783832,32.280131187742576,67.71986881225742,stroma-high,0.6771986881225742,0.678311868908225,True,11.369377140097809,True,8.484756800747322,True,,False,,,,6,TCGA-49-4494-01,TCGA-49-4494,Male,Stage IIIA,77,1:DECEASED,35.51,1,III,matched
TCGA-49-4494,TCGA-49-4494-01Z-00-DX2.cac5ed0a-98c3-4d37-a4f4-9596a061836a,6,TCGA-49-4494-01,6,36;37;46;68;75;79;80;81;82;84;85;86;90;91;92;93;94;96;97;99,20,22,20.502144,0.9999999997669804,0.31958969042733176,24.218868391116093,75.7811316088839,stroma-high,0.757811316088839,0.7527952402724108,True,6.568608053466997,True,8.114950869405078,True,3.2512659736819765,True,564.8958051932833,555.0,999.0,7,TCGA-49-4494-01,TCGA-49-4494,Male,Stage IIIA,77,1:DECEASED,35.51,1,III,matched
TCGA-49-4494,TCGA-49-4494-01Z-00-DX2.cac5ed0a-98c3-4d37-a4f4-9596a061836a,7,TCGA-49-4494-01,7,42,1,0,0.197136,0.9999999912324711,0.1929201183703033,16.172090268194932,83.82790973180508,stroma-high,0.8382790973180507,0.8347922906003183,True,0.0,True,2.897870882969262,True,,False,,,,8,TCGA-49-4494-01,TCGA-49-4494,Male,Stage IIIA,77,1:DECEASED,35.51,1,III,matched
TCGA-49-4494,TCGA-49-4494-01Z-00-DX2.cac5ed0a-98c3-4d37-a4f4-9596a061836a,8,TCGA-49-4494-01,8,47;54;60;63;64;74;77,7,7,6.012648,0.9979508189281681,0.18854468776768862,15.86349168930376,84.13650831069624,stroma-high,0.8413650831069625,0.8382372824969946,True,0.5234356659647247,True,3.151557345703546,True,0.6951003916697307,True,506.8685696922443,457.6995749857788,894.94269111183,9,TCGA-49-4494-01,TCGA-49-4494,Male,Stage IIIA,77,1:DECEASED,35.51,1,III,matched
TCGA-49-4494,TCGA-49-4494-01Z-00-DX2.cac5ed0a-98c3-4d37-a4f4-9596a061836a,9,TCGA-49-4494-01,9,58,1,0,0.357309,0.9999999982510104,0.3171371618202943,24.077762818718753,75.92223718128125,stroma-high,0.7592223718128125,0.7592588060297425,True,0.20667673570899073,True,0.17408608272830803,True,,False,,,,10,TCGA-49-4494-01,TCGA-49-4494,Male,Stage IIIA,77,1:DECEASED,35.51,1,III,matched
TCGA-49-4494,TCGA-49-4494-01Z-00-DX2.cac5ed0a-98c3-4d37-a4f4-9596a061836a,10,TCGA-49-4494-01,10,67,1,0,0.381951,1.00000000233259,0.09881051786026276,8.99249836565804,91.00750163434196,stroma-high,0.9100750163434196,0.9103031773520402,True,0.3465678469194781,True,0.0,True,,False,,,,11,TCGA-49-4494-01,TCGA-49-4494,Male,Stage IIIA,77,1:DECEASED,35.51,1,III,matched
TCGA-49-4494,TCGA-49-4494-01Z-00-DX2.cac5ed0a-98c3-4d37-a4f4-9596a061836a,11,TCGA-49-4494-01,11,71,1,0,0.542124,0.613636364861453,0.8615958153946015,46.28264676303913,53.71735323696086,stroma-high,0.5371735323696086,0.5580376964745936,True,16.280781695970546,True,11.070546809591363,True,,False,,,,12,TCGA-49-4494-01,TCGA-49-4494,Male,Stage IIIA,77,1:DECEASED,35.51,1,III,matched
TCGA-49-4494,TCGA-49-4494-01Z-00-DX2.cac5ed0a-98c3-4d37-a4f4-9596a061836a,12,TCGA-49-4494-01,12,98,1,0,0.332667,1.0000000023628,0.2652990121380955,20.967297816015414,79.03270218398458,stroma-high,0.7903270218398458,0.7629398231899179,True,0.15505825202579088,True,15.248888619189835,True,,False,,,,13,TCGA-49-4494-01,TCGA-49-4494,Male,Stage IIIA,77,1:DECEASED,35.51,1,III,matched
TCGA-49-4494,TCGA-49-4494-01Z-00-DX2.cac5ed0a-98c3-4d37-a4f4-9596a061836a,13,TCGA-49-4494-01,13,100;101;102;103,4,6,1.700298,0.9999999999305225,0.14935483554694348,12.994667175682956,87.00533282431705,stroma-high,0.8700533282431705,0.8586026829560548,True,0.8263922970809492,True,12.850417949282376,True,0.0038617639747692434,True,459.2676650169987,401.9868790401292,915.3642991905272,14,TCGA-49-4494-01,TCGA-49-4494,Male,Stage IIIA,77,1:DECEASED,35.51,1,III,matched
TCGA-49-6742,TCGA-49-6742-01Z-00-DX5.74539ee6-0ac6-4663-89f1-c6a74a59a4cb,1,TCGA-49-6742-01,1,1;2;5,3,2,15.130188,0.9128664497587847,0.8982226448686744,47.31914073919483,52.68085926080517,stroma-high,0.5268085926080517,0.5518606719103599,True,23.63161361099485,True,5.176271348225883,True,36.18171705457918,True,675.4730117158019,675.4730117158019,784.9210409438678,2,TCGA-49-6742-01,TCGA-49-6742,Male,Stage IIA,70,1:DECEASED,16.03,1,II,matched
TCGA-49-6742,TCGA-49-6742-01Z-00-DX5.74539ee6-0ac6-4663-89f1-c6a74a59a4cb,2,TCGA-49-6742-01,2,3;4;7;8;9;10;11,7,7,16.276041,0.9000757001224695,0.8410267585197077,45.68248422396326,54.31751577603674,stroma-high,0.5431751577603674,0.5554028953889651,True,17.95823549701698,True,6.265016021057349,True,11.410792056818764,True,307.98449955718405,222.00000000000003,894.9498198729676,3,TCGA-49-6742-01,TCGA-49-6742,Male,Stage IIA,70,1:DECEASED,16.03,1,II,matched
TCGA-49-6742,TCGA-49-6742-01Z-00-DX5.74539ee6-0ac6-4663-89f1-c6a74a59a4cb,3,TCGA-49-6742-01,3,6,1,0,0.24642,1.0000000014197212,0.30748493938270416,23.517283459331882,76.48271654066811,stroma-high,0.764827165406681,0.8370122013280504,True,52.43292626376805,True,17.67024311336091,True,,False,,,,4,TCGA-49-6742-01,TCGA-49-6742,Male,Stage IIA,70,1:DECEASED,16.03,1,II,matched
TCGA-49-6742,TCGA-49-6742-01Z-00-DX5.74539ee6-0ac6-4663-89f1-c6a74a59a4cb,4,TCGA-49-6742-01,4,12,1,0,0.234099,0.9999999990012791,0.12293913542219255,10.947978527435595,89.0520214725644,stroma-high,0.890520214725644,0.8681262857790767,True,7.962468288869099,True,28.572252634029155,True,,False,,,,5,TCGA-49-6742-01,TCGA-49-6742,Male,Stage IIA,70,1:DECEASED,16.03,1,II,matched
TCGA-49-6742,TCGA-49-6742-01Z-00-DX5.74539ee6-0ac6-4663-89f1-c6a74a59a4cb,5,TCGA-49-6742-01,5,13,1,0,0.234099,1.0000000060076433,0.11884077770727623,10.621777474968711,89.37822252503129,stroma-high,0.8937822252503129,0.8814371305989102,True,3.4656727566518892,True,16.83916425424032,True,,False,,,,6,TCGA-49-6742-01,TCGA-49-6742,Male,Stage IIA,70,1:DECEASED,16.03,1,II,matched
TCGA-49-6742,TCGA-49-6742-01Z-00-DX5.74539ee6-0ac6-4663-89f1-c6a74a59a4cb,6,TCGA-49-6742-01,6,14,1,0,0.283383,1.0000000060732102,0.21821994330249594,17.91301681623429,82.08698318376571,stroma-high,0.820869831837657,0.8150538683784482,True,2.0436082974827925,True,7.147090364691308,True,,False,,,,7,TCGA-49-6742-01,TCGA-49-6742,Male,Stage IIA,70,1:DECEASED,16.03,1,II,matched
TCGA-49-6742,TCGA-49-6742-01Z-00-DX5.74539ee6-0ac6-4663-89f1-c6a74a59a4cb,7,TCGA-49-6742-01,7,15;16;19;21;23;24;29;30;31;37;39;47,12,17,67.284981,0.981322102431843,0.8746423974620533,46.65649292079227,53.34350707920773,stroma-high,0.5334350707920773,0.5397099826767832,True,16.368205926962332,True,6.34998167697706,True,13.182754526796614,True,427.0839194919,333.0,948.4214148207778,8,TCGA-49-6742-01,TCGA-49-6742,Male,Stage IIA,70,1:DECEASED,16.03,1,II,matched
TCGA-49-6742,TCGA-49-6742-01Z-00-DX5.74539ee6-0ac6-4663-89f1-c6a74a59a4cb,8,TCGA-49-6742-01,8,17;18;20;22;25;26;27;28;32;33;34;35;38;40;42;43;44;49;50;52,20,26,70.414515,0.9776027999967979,0.8207144884329753,45.0765067036587,54.923493296341306,stroma-high,0.5492349329634131,0.5527771633325606,True,14.921607261159565,True,6.838035652257638,True,10.093553325653485,True,440.44217454205346,375.65260805928665,992.8527382994554,9,TCGA-49-6742-01,TCGA-49-6742,Male,Stage IIA,70,1:DECEASED,16.03,1,II,matched
TCGA-49-6742,TCGA-49-6742-01Z-00-DX5.74539ee6-0ac6-4663-89f1-c6a74a59a4cb,9,TCGA-49-6742-01,9,36;45,2,1,0.221778,1.0000000012676336,0.5193696851209101,34.183233363615464,65.81676663638454,stroma-high,0.6581676663638454,0.6509991091253342,True,3.0695502295082724,True,4.805407374613606,True,,False,777.0,777.0,777.0,10,TCGA-49-6742-01,TCGA-49-6742,Male,Stage IIA,70,1:DECEASED,16.03,1,II,matched
TCGA-49-6742,TCGA-49-6742-01Z-00-DX5.74539ee6-0ac6-4663-89f1-c6a74a59a4cb,10,TCGA-49-6742-01,10,41;48;51,3,3,2.008323,0.9509202456998995,0.20513119935872023,17.021482762032512,82.97851723796748,stroma-high,0.8297851723796749,0.8298655496245614,True,2.6858265512850497,True,2.714987733843197,True,1.1940920529309607,True,668.7946914154159,555.0402333690078,954.8981934995619,11,TCGA-49-6742-01,TCGA-49-6742,Male,Stage IIA,70,1:DECEASED,16.03,1,II,matched
TCGA-49-6742,TCGA-49-6742-01Z-00-DX5.74539ee6-0ac6-4663-89f1-c6a74a59a4cb,11,TCGA-49-6742-01,11,46,1,0,0.529803,0.8837209308596441,0.4290169718713917,30.021824814968134,69.97817518503186,stroma-high,0.6997817518503187,0.6984521401303425,True,0.7646972708871397,True,1.1455288014954677,True,,False,,,,12,TCGA-49-6742-01,TCGA-49-6742,Male,Stage IIA,70,1:DECEASED,16.03,1,II,matched
TCGA-49-AAR0,TCGA-49-AAR0-01Z-00-DX1.1635383C-0FB3-4CF9-BABC-08AC19CCE501,1,TCGA-49-AAR0-01,1,1;3;4;5;9,5,4,118.256958,0.9952073348305432,0.9627703803226633,49.051605321473815,50.948394678526185,stroma-high,0.5094839467852619,0.48623841887850344,True,16.915493395723036,True,12.499618248153824,True,0.0,True,178.00458680835783,134.00917361671563,332.99999999999994,2,TCGA-49-AAR0-01,TCGA-49-AAR0,Male,Stage IA,57,0:LIVING,156.54,0,I,matched
TCGA-49-AAR0,TCGA-49-AAR0-01Z-00-DX1.1635383C-0FB3-4CF9-BABC-08AC19CCE501,2,TCGA-49-AAR0-01,2,2,1,0,0.36963,1.000000000485185,0.461970516147794,31.599167770158527,68.40083222984147,stroma-high,0.6840083222984147,0.7086488930492452,True,20.684490088636107,True,8.437557727207903,True,,False,,,,3,TCGA-49-AAR0-01,TCGA-49-AAR0,Male,Stage IA,57,0:LIVING,156.54,0,I,matched
TCGA-49-AAR0,TCGA-49-AAR0-01Z-00-DX1.1635383C-0FB3-4CF9-BABC-08AC19CCE501,3,TCGA-49-AAR0-01,3,6;7;8,3,2,2.045286,0.9939759043164343,0.2707099404688746,21.30383432500625,78.69616567499375,stroma-high,0.7869616567499375,0.7817845857344614,True,5.8129863081493625,True,9.159839401852171,True,17.939344594259275,True,166.5004241509685,166.5004241509685,222.000848301937,4,TCGA-49-AAR0-01,TCGA-49-AAR0,Male,Stage IA,57,0:LIVING,156.54,0,I,matched
TCGA-49-AAR0,TCGA-49-AAR0-01Z-00-DX1.1635383C-0FB3-4CF9-BABC-08AC19CCE501,4,TCGA-49-AAR0-01,4,10,1,0,0.160173,0.9999999995488907,0.23596868353519512,19.0918011660508,80.9081988339492,stroma-high,0.809081988339492,0.7905412873664134,True,20.527964053115845,True,30.078914615897773,True,,False,,,,5,TCGA-49-AAR0-01,TCGA-49-AAR0,Male,Stage IA,57,0:LIVING,156.54,0,I,matched
TCGA-49-AAR2,TCGA-49-AAR2-01Z-00-DX1.1F09F896-446E-4C55-8D01-6C34A98AB1D2,1,TCGA-49-AAR2-01,1,1;4;5;7;9;10,6,5,276.261462,0.947105521243551,4.109595259238148,80.42897824065417,19.57102175934581,stroma-low,0.1957102175934581,0.19581384613583677,True,18.532326970650587,True,4.066976647839948,True,10.868621429873542,True,686.7048837730421,784.9210409438667,948.4214148207784,2,TCGA-49-AAR2-01,TCGA-49-AAR2,Male,Stage IB,64,0:LIVING,73.06,0,I,matched
TCGA-49-AAR2,TCGA-49-AAR2-01Z-00-DX1.1F09F896-446E-4C55-8D01-6C34A98AB1D2,2,TCGA-49-AAR2-01,2,2,1,0,0.184815,0.6000000033120159,0.9292226512907753,48.165651106629134,51.834348893370866,stroma-high,0.5183434889337086,0.5149530431281427,True,10.848231518510797,True,8.014941617633074,True,,False,,,,3,TCGA-49-AAR2-01,TCGA-49-AAR2,Male,Stage IB,64,0:LIVING,73.06,0,I,matched
TCGA-49-AAR2,TCGA-49-AAR2-01Z-00-DX1.1F09F896-446E-4C55-8D01-6C34A98AB1D2,3,TCGA-49-AAR2-01,3,3,1,0,0.283383,0.8695652210416207,0.561904784824359,35.97561069559992,64.02438930440007,stroma-high,0.6402438930440008,0.6331708424391536,True,0.2617899515658629,True,3.429542226117594,True,,False,,,,4,TCGA-49-AAR2-01,TCGA-49-AAR2,Male,Stage IB,64,0:LIVING,73.06,0,I,matched
TCGA-49-AAR2,TCGA-49-AAR2-01Z-00-DX1.1F09F896-446E-4C55-8D01-6C34A98AB1D2,4,TCGA-49-AAR2-01,4,6,1,0,12.296358,0.8146292581465634,3.831038320591044,79.3005160870333,20.699483912966706,stroma-low,0.20699483912966707,0.21447097293363,True,23.677731627829772,True,0.8754731857572812,True,,False,,,,5,TCGA-49-AAR2-01,TCGA-49-AAR2,Male,Stage IB,64,0:LIVING,73.06,0,I,matched
TCGA-49-AAR2,TCGA-49-AAR2-01Z-00-DX1.1F09F896-446E-4C55-8D01-6C34A98AB1D2,5,TCGA-49-AAR2-01,5,8,1,0,0.850149,0.7101449270056143,2.8959574400566948,74.33236847717085,25.667631522829154,stroma-low,0.25667631522829154,0.2788849359930225,True,19.3754627344977,True,1.458158543295129,True,,False,,,,6,TCGA-49-AAR2-01,TCGA-49-AAR2,Male,Stage IB,64,0:LIVING,73.06,0,I,matched
TCGA-49-AAR2,TCGA-49-AAR2-01Z-00-DX1.1F09F896-446E-4C55-8D01-6C34A98AB1D2,6,TCGA-49-AAR2-01,6,11,1,0,0.640692,0.9999999980455658,0.7961491101981738,44.32533500018451,55.67466499981549,stroma-high,0.5567466499981549,0.621038707191447,True,49.98693595353123,True,31.11020295878108,True,,False,,,,7,TCGA-49-AAR2-01,TCGA-49-AAR2,Male,Stage IB,64,0:LIVING,73.06,0,I,matched
TCGA-49-AAR3,TCGA-49-AAR3-01Z-00-DX1.B4D85F13-CEB4-46DA-BF39-0200B9E55835,1,TCGA-49-AAR3-01,1,1,1,0,0.295704,0.9999999989086064,0.15122029623423694,13.135652379383378,86.86434762061663,stroma-high,0.8686434762061662,0.8362217306207735,True,5.337852936415911,True,31.430598887901027,True,,False,,,,2,TCGA-49-AAR3-01,TCGA-49-AAR3,Male,Stage IIB,69,0:LIVING,62.19,0,II,matched
TCGA-49-AAR3,TCGA-49-AAR3-01Z-00-DX1.B4D85F13-CEB4-46DA-BF39-0200B9E55835,2,TCGA-49-AAR3-01,2,2,1,0,0.308025,0.7200000004582399,0.46451877560885374,31.718185068384418,68.28181493161559,stroma-high,0.6828181493161558,0.628475073573763,True,22.385587851408022,True,40.34508479635669,True,,False,,,,3,TCGA-49-AAR3-01,TCGA-49-AAR3,Male,Stage IIB,69,0:LIVING,62.19,0,II,matched
TCGA-49-AAR3,TCGA-49-AAR3-01Z-00-DX1.B4D85F13-CEB4-46DA-BF39-0200B9E55835,3,TCGA-49-AAR3-01,3,3;5;6;7;11;12;13;14;15;18;19;20,12,14,21.709602,0.9494892168161637,0.6515728813109418,39.45165779143537,60.548342208564634,stroma-high,0.6054834220856463,0.6042865418654478,True,26.055833488866238,True,19.828916556926742,True,25.695145227170396,True,560.8945114446375,513.0069957246337,992.8527382994562,4,TCGA-49-AAR3-01,TCGA-49-AAR3,Male,Stage IIB,69,0:LIVING,62.19,0,II,matched
TCGA-49-AAR3,TCGA-49-AAR3-01Z-00-DX1.B4D85F13-CEB4-46DA-BF39-0200B9E55835,4,TCGA-49-AAR3-01,4,4,1,0,0.258741,0.9999999935389496,0.25970284674823885,20.616199083667105,79.38380091633289,stroma-high,0.7938380091633289,0.7981559851456264,True,41.375482993840954,True,42.43607108443512,True,,False,,,,5,TCGA-49-AAR3-01,TCGA-49-AAR3,Male,Stage IIB,69,0:LIVING,62.19,0,II,matched
TCGA-49-AAR3,TCGA-49-AAR3-01Z-00-DX1.B4D85F13-CEB4-46DA-BF39-0200B9E55835,5,TCGA-49-AAR3-01,5,8;9;10,3,3,2.698299,0.990867580187546,0.9352188634912497,48.32625813723514,51.67374186276484,stroma-high,0.5167374186276484,0.6755068068252922,True,69.95106796700605,True,35.388214269711746,True,67.06897994718378,True,699.0660803782424,675.2197128774635,866.9781889359439,6,TCGA-49-AAR3-01,TCGA-49-AAR3,Male,Stage IIB,69,0:LIVING,62.19,0,II,matched
TCGA-49-AAR3,TCGA-49-AAR3-01Z-00-DX1.B4D85F13-CEB4-46DA-BF39-0200B9E55835,6,TCGA-49-AAR3-01,6,16,1,0,0.234099,0.5789473735793237,0.37937164070568685,27.50322172142094,72.49677827857907,stroma-high,0.7249677827857907,0.7513935109944799,True,23.640923658244084,True,2.020977306113413,True,,False,,,,7,TCGA-49-AAR3-01,TCGA-49-AAR3,Male,Stage IIB,69,0:LIVING,62.19,0,II,matched
TCGA-49-AAR3,TCGA-49-AAR3-01Z-00-DX1.B4D85F13-CEB4-46DA-BF39-0200B9E55835,7,TCGA-49-AAR3-01,7,17,1,0,0.418914,0.8235294135295537,5.232179204620583,83.95424831079002,16.045751689209975,stroma-low,0.16045751689209975,0.5777134616698713,True,94.34949503371065,True,64.87306747550645,True,,False,,,,8,TCGA-49-AAR3-01,TCGA-49-AAR3,Male,Stage IIB,69,0:LIVING,62.19,0,II,matched
TCGA-49-AAR4,TCGA-49-AAR4-01Z-00-DX1.EDB32358-AF23-4F81-A99F-15574A2DE28E,1,TCGA-49-AAR4-01,1,1;3;6;8;10,5,5,4.521807,0.899182560259842,0.6465531343545603,39.267067722536964,60.732932277463036,stroma-high,0.6073293227746304,0.6137170504620016,True,49.77376136759041,True,44.30382764175845,True,41.5484804391269,True,502.54220537470553,555.0402333690108,744.6491928247075,2,TCGA-49-AAR4-01,TCGA-49-AAR4,Male,Stage IIIA,51,1:DECEASED,28.88,1,III,matched
TCGA-49-AAR4,TCGA-49-AAR4-01Z-00-DX1.EDB32358-AF23-4F81-A99F-15574A2DE28E,2,TCGA-49-AAR4-01,2,2,1,0,0.221778,0.7222222213545643,0.8076644123687223,44.67999739566579,55.32000260433422,stroma-high,0.5532000260433422,0.5530703676756348,True,0.3249091020406338,True,0.32582479266242287,True,,False,,,,3,TCGA-49-AAR4-01,TCGA-49-AAR4,Male,Stage IIIA,51,1:DECEASED,28.88,1,III,matched
TCGA-49-AAR4,TCGA-49-AAR4-01Z-00-DX1.EDB32358-AF23-4F81-A99F-15574A2DE28E,3,TCGA-49-AAR4-01,3,4,1,0,0.234099,0.736842105765582,0.27726648578263935,21.707802472617573,78.29219752738243,stroma-high,0.7829219752738242,0.815228501568774,True,32.05560855356285,True,8.035540565404759,True,,False,,,,4,TCGA-49-AAR4-01,TCGA-49-AAR4,Male,Stage IIIA,51,1:DECEASED,28.88,1,III,matched
TCGA-49-AAR4,TCGA-49-AAR4-01Z-00-DX1.EDB32358-AF23-4F81-A99F-15574A2DE28E,4,TCGA-49-AAR4-01,4,5,1,0,0.357309,0.8275862048160043,0.5234593737955027,34.35991683134753,65.64008316865247,stroma-high,0.6564008316865246,0.6547210740855198,True,19.01411820763765,True,19.999721201987114,True,,False,,,,5,TCGA-49-AAR4-01,TCGA-49-AAR4,Male,Stage IIIA,51,1:DECEASED,28.88,1,III,matched
TCGA-49-AAR4,TCGA-49-AAR4-01Z-00-DX1.EDB32358-AF23-4F81-A99F-15574A2DE28E,5,TCGA-49-AAR4-01,5,7,1,0,0.283383,0.7826086937743442,0.46036302764250286,31.52387583967237,68.47612416032763,stroma-high,0.6847612416032763,0.6712394994584255,True,15.16293276213955,True,21.172482907857663,True,,False,,,,6,TCGA-49-AAR4-01,TCGA-49-AAR4,Male,Stage IIIA,51,1:DECEASED,28.88,1,III,matched
TCGA-49-AAR4,TCGA-49-AAR4-01Z-00-DX1.EDB32358-AF23-4F81-A99F-15574A2DE28E,6,TCGA-49-AAR4-01,6,9,1,0,0.209457,0.6470588249982993,1.8977628788702903,65.49062011623754,34.50937988376246,stroma-low,0.34509379883762464,0.486274370386724,True,80.05202966658985,True,16.252718233744382,True,,False,,,,7,TCGA-49-AAR4-01,TCGA-49-AAR4,Male,Stage IIIA,51,1:DECEASED,28.88,1,III,matched
TCGA-49-AAR4,TCGA-49-AAR4-01Z-00-DX1.EDB32358-AF23-4F81-A99F-15574A2DE28E,7,TCGA-49-AAR4-01,7,11;15,2,1,3.055608,0.8427419347854083,0.9544202775810895,48.8339324212466,51.16606757875339,stroma-high,0.5116606757875339,0.5203765553828289,True,30.919013019676996,True,20.806865230960213,True,11.870066459450172,True,710.7871836031403,710.7871836031403,710.7871836031403,8,TCGA-49-AAR4-01,TCGA-49-AAR4,Male,Stage IIIA,51,1:DECEASED,28.88,1,III,matched
TCGA-49-AAR4,TCGA-49-AAR4-01Z-00-DX1.EDB32358-AF23-4F81-A99F-15574A2DE28E,8,TCGA-49-AAR4-01,8,12,1,0,0.283383,0.9565217349024708,0.7324735005762079,42.27905941029358,57.720940589706416,stroma-high,0.5772094058970642,0.603772816041725,True,26.60046155789459,True,16.082406279531288,True,,False,,,,9,TCGA-49-AAR4-01,TCGA-49-AAR4,Male,Stage IIIA,51,1:DECEASED,28.88,1,III,matched
TCGA-49-AAR4,TCGA-49-AAR4-01Z-00-DX1.EDB32358-AF23-4F81-A99F-15574A2DE28E,9,TCGA-49-AAR4-01,9,13,1,0,0.234099,0.9999999985723805,0.46921292310354773,31.936346034337078,68.06365396566292,stroma-high,0.6806365396566292,0.7099902225713761,True,37.29204544928453,True,22.88497685069698,True,,False,,,,10,TCGA-49-AAR4-01,TCGA-49-AAR4,Male,Stage IIIA,51,1:DECEASED,28.88,1,III,matched
TCGA-49-AAR4,TCGA-49-AAR4-01Z-00-DX1.EDB32358-AF23-4F81-A99F-15574A2DE28E,10,TCGA-49-AAR4-01,10,14,1,0,0.418914,1.0000000032903378,1.0086852198796432,50.216191660935394,49.783808339064606,stroma-low,0.49783808339064606,0.6370475710988327,True,75.05575343672952,True,34.31203682828459,True,,False,,,,11,TCGA-49-AAR4-01,TCGA-49-AAR4,Male,Stage IIIA,51,1:DECEASED,28.88,1,III,matched
TCGA-49-AAR4,TCGA-49-AAR4-01Z-00-DX1.EDB32358-AF23-4F81-A99F-15574A2DE28E,11,TCGA-49-AAR4-01,11,16,1,0,0.258741,0.8571428526820022,1.2948729744755814,56.424603404093965,43.575396595906035,stroma-low,0.43575396595906035,0.44321281543150975,True,25.91694208146997,True,21.342330352957877,True,,False,,,,12,TCGA-49-AAR4-01,TCGA-49-AAR4,Male,Stage IIIA,51,1:DECEASED,28.88,1,III,matched
TCGA-49-AAR4,TCGA-49-AAR4-01Z-00-DX1.EDB32358-AF23-4F81-A99F-15574A2DE28E,12,TCGA-49-AAR4-01,12,17,1,0,0.529803,0.5813953491175875,1.6274032408612313,61.939606968277474,38.060393031722526,stroma-low,0.3806039303172253,0.4381272162671923,True,27.935785111066043,True,1.5641416052079335,True,,False,,,,13,TCGA-49-AAR4-01,TCGA-49-AAR4,Male,Stage IIIA,51,1:DECEASED,28.88,1,III,matched
TCGA-49-AARR,TCGA-49-AARR-01Z-00-DX1.9BCAFE3D-447C-40D6-85DD-AFABF6978376,1,TCGA-49-AARR-01,1,1,1,0,0.320346,0.5384615375604391,1.7718255941329915,63.922694049847195,36.0773059501528,stroma-low,0.360773059501528,0.5784277385481192,True,78.35414365781885,True,31.84575218725842,True,,False,,,,2,TCGA-49-AARR-01,TCGA-49-AARR,Male,Stage IA,68,0:LIVING,163.99,0,I,matched
TCGA-49-AARR,TCGA-49-AARR-01Z-00-DX1.9BCAFE3D-447C-40D6-85DD-AFABF6978376,2,TCGA-49-AARR-01,2,2;4;5;7;8,5,4,10.398924,0.8708530815561966,0.5728896747730411,36.42275004797814,63.577249952021866,stroma-high,0.6357724995202186,0.6211016268478261,True,18.771252290605535,True,16.806075031246962,True,19.136426444551795,True,145.31052551038363,111.0,248.2421020415345,3,TCGA-49-AARR-01,TCGA-49-AARR,Male,Stage IA,68,0:LIVING,163.99,0,I,matched
TCGA-49-AARR,TCGA-49-AARR-01Z-00-DX1.9BCAFE3D-447C-40D6-85DD-AFABF6978376,3,TCGA-49-AARR-01,3,3,1,0,0.160173,0.46153846186979747,1.1846359127775226,54.225782238990526,45.77421776100947,stroma-low,0.45774217761009467,0.38836757548556655,True,,False,24.779302267406113,True,,False,,,,4,TCGA-49-AARR-01,TCGA-49-AARR,Male,Stage IA,68,0:LIVING,163.99,0,I,matched
TCGA-49-AARR,TCGA-49-AARR-01Z-00-DX1.9BCAFE3D-447C-40D6-85DD-AFABF6978376,4,TCGA-49-AARR-01,4,6;9,2,1,1.466199,0.7310924346429067,0.4950819354982238,33.11403366887995,66.88596633112004,stroma-high,0.6688596633112005,0.6680632220341424,True,8.718002485912036,True,5.460651568253022,True,0.0,True,111.00000000000001,111.00000000000001,111.00000000000001,5,TCGA-49-AARR-01,TCGA-49-AARR,Male,Stage IA,68,0:LIVING,163.99,0,I,matched
TCGA-49-AARR,TCGA-49-AARR-01Z-00-DX1.9BCAFE3D-447C-40D6-85DD-AFABF6978376,5,TCGA-49-AARR-01,5,10,1,0,0.197136,0.3749999978172127,0.7685849493955327,43.4576212840791,56.54237871592089,stroma-high,0.5654237871592089,0.553641913472621,True,,False,4.668279819884136,True,,False,,,,6,TCGA-49-AARR-01,TCGA-49-AARR,Male,Stage IA,68,0:LIVING,163.99,0,I,matched
TCGA-49-AARR,TCGA-49-AARR-01Z-00-DX1.9BCAFE3D-447C-40D6-85DD-AFABF6978376,6,TCGA-49-AARR-01,6,11,1,0,0.49284,0.4000000030955561,1.1801283944196854,54.13114188321997,45.86885811678003,stroma-low,0.4586885811678003,0.4612646091824107,True,6.044283111718078,True,1.3946804006842384,True,,False,,,,7,TCGA-49-AARR-01,TCGA-49-AARR,Male,Stage IA,68,0:LIVING,163.99,0,I,matched
TCGA-49-AARR,TCGA-49-AARR-01Z-00-DX1.9BCAFE3D-447C-40D6-85DD-AFABF6978376,7,TCGA-49-AARR-01,7,12,1,0,34.178454,0.9325883200759273,1.5471113494478008,60.7398396533864,39.260160346613596,stroma-low,0.392601603466136,0.38786787513430215,True,21.363689712721264,True,5.222861867332869,True,,False,,,,8,TCGA-49-AARR-01,TCGA-49-AARR,Male,Stage IA,68,0:LIVING,163.99,0,I,matched
TCGA-50-5939,TCGA-50-5939-01Z-00-DX1.745D7503-0744-46B1-BC89-EBB8FCE2D55C,1,TCGA-50-5939-01,1,1,1,0,0.34782075,0.9999999974903334,0.6472011852077973,39.29096160322103,60.70903839677897,stroma-high,0.6070903839677897,0.6078464827567749,True,0.5006479504474195,True,0.16700341767770205,True,,False,,,,2,TCGA-50-5939-01,TCGA-50-5939,Male,Stage IB,85,1:DECEASED,15.11,1,I,matched
TCGA-50-5939,TCGA-50-5939-01Z-00-DX1.745D7503-0744-46B1-BC89-EBB8FCE2D55C,2,TCGA-50-5939-01,2,2;6;7;8,4,3,19.15590575,0.9811701417735582,1.034512232646632,50.848169701140996,49.151830298859,stroma-low,0.49151830298858995,0.4952729085019204,True,5.576357420649551,True,1.0798754232530037,True,0.7489322384952096,True,264.8336098723138,227.00082961694136,454.0,3,TCGA-50-5939-01,TCGA-50-5939,Male,Stage IB,85,1:DECEASED,15.11,1,I,matched
TCGA-50-5939,TCGA-50-5939-01Z-00-DX1.745D7503-0744-46B1-BC89-EBB8FCE2D55C,3,TCGA-50-5939-01,3,3;4;5,3,3,1.76486825,0.9927007291783804,0.326315896477512,24.603180686000684,75.39681931399933,stroma-high,0.7539681931399933,0.7651298491950792,True,19.24163240329963,True,12.166596664164011,True,2.559477702973251,True,287.7569173444156,227.00082961694136,409.26992241630546,4,TCGA-50-5939-01,TCGA-50-5939,Male,Stage IB,85,1:DECEASED,15.11,1,I,matched
TCGA-50-5939,TCGA-50-5939-01Z-00-DX1.745D7503-0744-46B1-BC89-EBB8FCE2D55C,4,TCGA-50-5939-01,4,9,1,0,0.78581725,0.9999999987652343,0.27715155251384954,21.700756810601305,78.2992431893987,stroma-high,0.7829924318939869,0.809042726395232,True,24.59990861518467,True,1.8382119959827203,True,,False,,,,5,TCGA-50-5939-01,TCGA-50-5939,Male,Stage IB,85,1:DECEASED,15.11,1,I,matched
TCGA-50-5939,TCGA-50-5939-01Z-00-DX1.745D7503-0744-46B1-BC89-EBB8FCE2D55C,5,TCGA-50-5939-01,5,10,1,0,2.25439375,1.0000000001959104,0.5427088418770982,35.17895452111072,64.82104547888929,stroma-high,0.6482104547888928,0.6750414842907765,True,22.53826693784383,True,3.164115083213552,True,,False,,,,6,TCGA-50-5939-01,TCGA-50-5939,Male,Stage IB,85,1:DECEASED,15.11,1,I,matched
TCGA-50-5939,TCGA-50-5939-01Z-00-DX1.745D7503-0744-46B1-BC89-EBB8FCE2D55C,6,TCGA-50-5939-01,6,11;12;13;14;15;17;19;20;21,9,14,28.71453525,0.9878869450342742,0.6967413926657695,41.06349946299779,58.93650053700221,stroma-high,0.5893650053700221,0.5942817689087656,True,10.467809477574534,True,2.8450758504001,True,2.578497678904421,True,294.4470805861338,170.25,794.5002370338095,7,TCGA-50-5939-01,TCGA-50-5939,Male,Stage IB,85,1:DECEASED,15.11,1,I,matched
TCGA-50-5939,TCGA-50-5939-01Z-00-DX1.745D7503-0744-46B1-BC89-EBB8FCE2D55C,7,TCGA-50-5939-01,7,16;18,2,1,0.875993,0.9999999970234913,0.21827354190390783,17.91662827732364,82.08337172267636,stroma-high,0.8208337172267636,0.8365097130635445,True,20.393220900554482,True,4.748815984400302,True,0.0,True,113.5,113.5,113.5,8,TCGA-50-5939-01,TCGA-50-5939,Male,Stage IB,85,1:DECEASED,15.11,1,I,matched
TCGA-50-5939,TCGA-50-5939-01Z-00-DX1.745D7503-0744-46B1-BC89-EBB8FCE2D55C,8,TCGA-50-5939-01,8,22;23,2,1,1.442812,0.928571430460449,0.4815834695116736,32.50464650975097,67.49535349024903,stroma-high,0.6749535349024903,0.6859297755811241,True,9.47040164927787,True,1.358755787967124,True,2.675620990378136,True,227.0008296169414,227.0008296169414,227.0008296169414,9,TCGA-50-5939-01,TCGA-50-5939,Male,Stage IB,85,1:DECEASED,15.11,1,I,matched
TCGA-50-5939,TCGA-50-5939-01Z-00-DX1.745D7503-0744-46B1-BC89-EBB8FCE2D55C,9,TCGA-50-5939-01,9,24,1,0,1.082109,1.0000000000859257,0.2906768864287284,22.521274649383727,77.47872535061627,stroma-high,0.7747872535061627,0.7619430586384669,True,0.044679356505900256,True,8.143027315769505,True,,False,,,,10,TCGA-50-5939-01,TCGA-50-5939,Male,Stage IB,85,1:DECEASED,15.11,1,I,matched
TCGA-50-5946,TCGA-50-5946-01Z-00-DX1.5076CACA-E3C0-4114-BA69-5B4896FF0C4B,1,TCGA-50-5946-01,1,1;2;3;4;6;8,6,7,9.105219,0.9783491209178731,0.538943957572331,35.02037581813634,64.97962418186364,stroma-high,0.6497962418186365,0.6655082780347511,True,36.92161367857229,True,20.617059124407973,True,41.79863338720191,True,494.4245056037909,555.0003393213194,866.978188935943,2,TCGA-50-5946-01,TCGA-50-5946,Male,Stage IA,62,0:LIVING,53.12,0,I,matched
TCGA-50-5946,TCGA-50-5946-01Z-00-DX1.5076CACA-E3C0-4114-BA69-5B4896FF0C4B,2,TCGA-50-5946-01,2,5;12;14;15;17;19;20;22;30;31,10,9,39.18078,0.9867924526989015,0.9062075128193825,47.53981435520907,52.46018564479093,stroma-high,0.5246018564479094,0.5359832122463432,True,30.1307930530134,True,11.970610771334487,True,53.41023963760328,True,429.83942941224433,333.0,915.3642991905275,3,TCGA-50-5946-01,TCGA-50-5946,Male,Stage IA,62,0:LIVING,53.12,0,I,matched
TCGA-50-5946,TCGA-50-5946-01Z-00-DX1.5076CACA-E3C0-4114-BA69-5B4896FF0C4B,3,TCGA-50-5946-01,3,7,1,0,0.320346,0.9999999994291172,0.44516713688751397,30.803851369487926,69.19614863051207,stroma-high,0.6919614863051207,0.714179816303122,True,61.43478734144499,True,52.82027345688463,True,,False,,,,4,TCGA-50-5946-01,TCGA-50-5946,Male,Stage IA,62,0:LIVING,53.12,0,I,matched
TCGA-50-5946,TCGA-50-5946-01Z-00-DX1.5076CACA-E3C0-4114-BA69-5B4896FF0C4B,4,TCGA-50-5946-01,4,9,1,0,0.308025,0.7999999997043051,0.2918221119253237,22.589961050472642,77.41003894952736,stroma-high,0.7741003894952736,0.7376482740494813,True,10.543703978940963,True,25.072032354992647,True,,False,,,,5,TCGA-50-5946-01,TCGA-50-5946,Male,Stage IA,62,0:LIVING,53.12,0,I,matched
TCGA-50-5946,TCGA-50-5946-01Z-00-DX1.5076CACA-E3C0-4114-BA69-5B4896FF0C4B,5,TCGA-50-5946-01,5,10;26;34;35;36;37,6,7,66.28698,0.9812267654342021,1.5621723793443176,60.97061977321335,39.02938022678664,stroma-low,0.3902938022678664,0.37617355895109555,True,24.39831136236613,True,14.152974271503247,True,9.639969962008761,True,431.0607960464741,444.0004241515763,845.3885498589202,6,TCGA-50-5946-01,TCGA-50-5946,Male,Stage IA,62,0:LIVING,53.12,0,I,matched
TCGA-50-5946,TCGA-50-5946-01Z-00-DX1.5076CACA-E3C0-4114-BA69-5B4896FF0C4B,6,TCGA-50-5946-01,6,11;13,2,1,0.480519,0.999999999660362,0.300665734037145,23.11629546077966,76.88370453922035,stroma-high,0.7688370453922034,0.7804866496834688,True,27.7602272022842,True,23.445253778581538,True,5.409163726109035,True,313.99605265684613,313.99605265684613,313.99605265684613,7,TCGA-50-5946-01,TCGA-50-5946,Male,Stage IA,62,0:LIVING,53.12,0,I,matched
TCGA-50-5946,TCGA-50-5946-01Z-00-DX1.5076CACA-E3C0-4114-BA69-5B4896FF0C4B,7,TCGA-50-5946-01,7,16;18;21,3,2,3.486843,0.9858657262808497,0.713449525894054,41.63819914810657,58.36180085189343,stroma-high,0.5836180085189343,0.6279483096888868,True,45.41557752311805,True,29.501953838676364,True,51.835376246525165,True,332.5226122730141,332.5226122730141,351.04917188918205,8,TCGA-50-5946-01,TCGA-50-5946,Male,Stage IA,62,0:LIVING,53.12,0,I,matched
TCGA-50-5946,TCGA-50-5946-01Z-00-DX1.5076CACA-E3C0-4114-BA69-5B4896FF0C4B,8,TCGA-50-5946-01,8,23;25;28,3,2,1.2321,0.999999999255524,0.45573623294764887,31.3062368465509,68.6937631534491,stroma-high,0.686937631534491,0.7198131731638205,True,21.648693130684656,True,7.259882197319594,True,17.64221556274549,True,443.99999999999994,443.99999999999994,776.9999999999999,9,TCGA-50-5946-01,TCGA-50-5946,Male,Stage IA,62,0:LIVING,53.12,0,I,matched
TCGA-50-5946,TCGA-50-5946-01Z-00-DX1.5076CACA-E3C0-4114-BA69-5B4896FF0C4B,9,TCGA-50-5946-01,9,24,1,0,0.234099,1.0000000047751345,1.2118298596386128,54.788565872630535,45.211434127369465,stroma-low,0.45211434127369465,0.5654973693735587,True,38.70834763902479,True,0.6846168183080071,True,,False,,,,10,TCGA-50-5946-01,TCGA-50-5946,Male,Stage IA,62,0:LIVING,53.12,0,I,matched
TCGA-50-5946,TCGA-50-5946-01Z-00-DX1.5076CACA-E3C0-4114-BA69-5B4896FF0C4B,10,TCGA-50-5946-01,10,27,1,0,0.197136,1.0000000018117134,0.41436731288804535,29.29700857141095,70.70299142858906,stroma-high,0.7070299142858906,0.7229537544698683,True,14.008406918024011,True,2.5624533337712463,True,,False,,,,11,TCGA-50-5946-01,TCGA-50-5946,Male,Stage IA,62,0:LIVING,53.12,0,I,matched
TCGA-50-5946,TCGA-50-5946-01Z-00-DX1.5076CACA-E3C0-4114-BA69-5B4896FF0C4B,11,TCGA-50-5946-01,11,29;33,2,1,0.653013,0.8867924512874111,1.1130930774595242,52.67600794933962,47.32399205066038,stroma-low,0.4732399205066038,0.5420748960286956,True,48.17629912665801,True,30.193825147918936,True,88.26892705260269,True,333.00056553522495,333.00056553522495,333.00056553522495,12,TCGA-50-5946-01,TCGA-50-5946,Male,Stage IA,62,0:LIVING,53.12,0,I,matched
TCGA-50-5946,TCGA-50-5946-01Z-00-DX1.5076CACA-E3C0-4114-BA69-5B4896FF0C4B,12,TCGA-50-5946-01,12,32,1,0,0.357309,0.7931034493130624,0.3261633709311643,24.594509098992003,75.405490901008,stroma-high,0.75405490901008,0.6987514713440838,True,15.751236468150973,True,35.8378074185617,True,,False,,,,13,TCGA-50-5946-01,TCGA-50-5946,Male,Stage IA,62,0:LIVING,53.12,0,I,matched
TCGA-50-7109,TCGA-50-7109-01Z-00-DX1.08f6420c-baa2-4e79-908e-ebbdeec503a6,1,TCGA-50-7109-01,1,1;3,2,1,0.689976,0.9999999976293371,0.288999769842308,22.420467140786478,77.57953285921351,stroma-high,0.7757953285921352,0.7781976863342784,True,12.438547881714799,True,11.792029223315975,True,0.0,True,313.9960526568448,313.9960526568448,313.9960526568448,2,TCGA-50-7109-01,TCGA-50-7109,Male,Stage IA,60,1:DECEASED,10.12,1,I,matched
TCGA-50-7109,TCGA-50-7109-01Z-00-DX1.08f6420c-baa2-4e79-908e-ebbdeec503a6,2,TCGA-50-7109-01,2,2;5;7;8;10;11;12;13;14;16;17;19;20,13,18,99.738495,0.9922174183183999,0.8584106796797458,46.19058042798555,53.80941957201446,stroma-high,0.5380941957201446,0.53675631473252,True,20.48366243987264,True,7.131172388112331,True,21.479616586285,True,453.88796711411146,351.0491718891815,992.852738299457,3,TCGA-50-7109-01,TCGA-50-7109,Male,Stage IA,60,1:DECEASED,10.12,1,I,matched
TCGA-50-7109,TCGA-50-7109-01Z-00-DX1.08f6420c-baa2-4e79-908e-ebbdeec503a6,3,TCGA-50-7109-01,3,4,1,0,0.406593,1.0000000010495018,0.18633760630525917,15.706962783181993,84.293037216818,stroma-high,0.8429303721681801,0.8391571374962502,True,3.080221671405501,True,7.630629991672774,True,,False,,,,4,TCGA-50-7109-01,TCGA-50-7109,Male,Stage IA,60,1:DECEASED,10.12,1,I,matched
TCGA-50-7109,TCGA-50-7109-01Z-00-DX1.08f6420c-baa2-4e79-908e-ebbdeec503a6,4,TCGA-50-7109-01,4,6,1,0,0.406593,0.7575757566514905,0.9108369505270699,47.66691110279357,52.33308889720644,stroma-high,0.5233308889720644,0.5295465743811091,True,19.742513141314614,True,16.907462016212982,True,,False,,,,5,TCGA-50-7109-01,TCGA-50-7109,Male,Stage IA,60,1:DECEASED,10.12,1,I,matched
TCGA-50-7109,TCGA-50-7109-01Z-00-DX1.08f6420c-baa2-4e79-908e-ebbdeec503a6,5,TCGA-50-7109-01,5,9,1,0,0.480519,0.8717948696098458,0.21561150755142228,17.73687614933191,82.2631238506681,stroma-high,0.822631238506681,0.8117069764983461,True,3.093778181738305,True,11.30442640464913,True,,False,,,,6,TCGA-50-7109-01,TCGA-50-7109,Male,Stage IA,60,1:DECEASED,10.12,1,I,matched
TCGA-50-7109,TCGA-50-7109-01Z-00-DX1.08f6420c-baa2-4e79-908e-ebbdeec503a6,6,TCGA-50-7109-01,6,15,1,0,0.172494,0.71428571477944,0.19185055629196754,16.096863426304424,83.90313657369558,stroma-high,0.8390313657369558,0.8406173091956421,True,2.3725315573579318,True,0.24093669145917848,True,,False,,,,7,TCGA-50-7109-01,TCGA-50-7109,Male,Stage IA,60,1:DECEASED,10.12,1,I,matched
TCGA-50-7109,TCGA-50-7109-01Z-00-DX1.08f6420c-baa2-4e79-908e-ebbdeec503a6,7,TCGA-50-7109-01,7,18,1,0,2.180817,0.9999999979091074,0.5437982441391215,35.224696374905086,64.77530362509492,stroma-high,0.6477530362509492,0.6729878047049128,True,35.635798665042465,True,15.568397911940918,True,,False,,,,8,TCGA-50-7109-01,TCGA-50-7109,Male,Stage IA,60,1:DECEASED,10.12,1,I,matched
TCGA-50-7109,TCGA-50-7109-01Z-00-DX1.08f6420c-baa2-4e79-908e-ebbdeec503a6,8,TCGA-50-7109-01,8,21,1,0,0.86247,1.000000000710497,0.22213944061885005,18.17627622805186,81.82372377194814,stroma-high,0.8182372377194814,0.8194597442853182,True,1.218461261102059,True,0.010003583814622241,True,,False,,,,9,TCGA-50-7109-01,TCGA-50-7109,Male,Stage IA,60,1:DECEASED,10.12,1,I,matched
TCGA-50-8459,TCGA-50-8459-01Z-00-DX1.24D876E7-5265-4C5D-A215-0BAE5450EEF3,1,TCGA-50-8459-01,1,1,1,0,0.309174,0.833333331492516,0.19257756990292968,16.14801206755923,83.85198793244078,stroma-high,0.8385198793244077,0.8480319851015156,True,11.041473942925261,True,3.45972483422425,True,,False,,,,2,TCGA-50-8459-01,TCGA-50-8459,Male,Stage IIB,68,0:LIVING,36.76,0,II,matched
TCGA-50-8459,TCGA-50-8459-01Z-00-DX1.24D876E7-5265-4C5D-A215-0BAE5450EEF3,2,TCGA-50-8459-01,2,2,1,0,1.58451675,0.7886178875814653,0.7366366937896672,42.41743229449953,57.582567705500466,stroma-high,0.5758256770550046,0.5763949740527347,True,2.4507172287994323,True,1.209105136934948,True,,False,,,,3,TCGA-50-8459-01,TCGA-50-8459,Male,Stage IIB,68,0:LIVING,36.76,0,II,matched
TCGA-50-8459,TCGA-50-8459-01Z-00-DX1.24D876E7-5265-4C5D-A215-0BAE5450EEF3,3,TCGA-50-8459-01,3,3;5;6;9,4,5,2.20286475,0.9941520457207935,0.3424856937252646,25.511310498579746,74.48868950142025,stroma-high,0.7448868950142025,0.7477788088817772,True,6.6291195330276835,True,3.721952061547788,True,3.243614238335534,True,331.48096725671917,227.0,976.4040066666544,4,TCGA-50-8459-01,TCGA-50-8459,Male,Stage IIB,68,0:LIVING,36.76,0,II,matched
TCGA-50-8459,TCGA-50-8459-01Z-00-DX1.24D876E7-5265-4C5D-A215-0BAE5450EEF3,4,TCGA-50-8459-01,4,4;7;8;10;11;12;13;15;16;17;18;19;20;21;23;25;27;29,18,23,53.01045875,0.9941676795969993,0.742241491434464,42.602675638458365,57.39732436154165,stroma-high,0.5739732436154165,0.5624790687387204,True,29.286647816671763,True,21.633452394512823,True,21.47185703915803,True,430.5623183167087,409.2699224163045,976.404006666655,5,TCGA-50-8459-01,TCGA-50-8459,Male,Stage IIB,68,0:LIVING,36.76,0,II,matched
TCGA-50-8459,TCGA-50-8459-01Z-00-DX1.24D876E7-5265-4C5D-A215-0BAE5450EEF3,5,TCGA-50-8459-01,5,14,1,0,0.34782075,0.9999999948011935,0.09577420111372181,8.740322688413265,91.25967731158674,stroma-high,0.9125967731158674,0.8916379644393413,True,9.009158900601658,True,32.17143528388461,True,,False,,,,6,TCGA-50-8459-01,TCGA-50-8459,Male,Stage IIB,68,0:LIVING,36.76,0,II,matched
TCGA-50-8459,TCGA-50-8459-01Z-00-DX1.24D876E7-5265-4C5D-A215-0BAE5450EEF3,6,TCGA-50-8459-01,6,22;26;36;43;49;51;52;54;55;59,10,11,86.5944845,0.9430229098948587,2.2134635966687117,68.88092956656905,31.119070433430956,stroma-low,0.31119070433430956,0.3271123859400091,True,29.211176387250383,True,6.87697270061445,True,14.248825819889415,True,407.8372636395806,454.0,826.3280000030013,7,TCGA-50-8459-01,TCGA-50-8459,Male,Stage IIB,68,0:LIVING,36.76,0,II,matched
TCGA-50-8459,TCGA-50-8459-01Z-00-DX1.24D876E7-5265-4C5D-A215-0BAE5450EEF3,7,TCGA-50-8459-01,7,24,1,0,0.27052725,0.8571428605687937,0.5170701653555567,34.08347070317414,65.91652929682586,stroma-high,0.6591652929682585,0.7425792260571825,True,67.49426373570111,True,51.116487703339864,True,,False,,,,8,TCGA-50-8459-01,TCGA-50-8459,Male,Stage IIB,68,0:LIVING,36.76,0,II,matched
TCGA-50-8459,TCGA-50-8459-01Z-00-DX1.24D876E7-5265-4C5D-A215-0BAE5450EEF3,8,TCGA-50-8459-01,8,28;31;32;33;34;37;38;40;41;42;46;47;50;53;56,15,16,123.86283375,0.947269890954819,1.535826645940325,60.56512768327727,39.43487231672274,stroma-low,0.3943487231672274,0.4011876969064449,True,27.55492735052565,True,10.129789135012853,True,21.51419814558963,True,477.86528797213566,374.884961208152,915.1054642423005,9,TCGA-50-8459-01,TCGA-50-8459,Male,Stage IIB,68,0:LIVING,36.76,0,II,matched
TCGA-50-8459,TCGA-50-8459-01Z-00-DX1.24D876E7-5265-4C5D-A215-0BAE5450EEF3,9,TCGA-50-8459-01,9,30;35,2,1,1.35263625,0.952380954319233,0.2920680690916302,22.604696770887962,77.39530322911203,stroma-high,0.7739530322911203,0.770202677703794,True,15.37265516751928,True,14.343797204421291,True,0.0,True,113.5,113.5,113.5,10,TCGA-50-8459-01,TCGA-50-8459,Male,Stage IIB,68,0:LIVING,36.76,0,II,matched
TCGA-50-8459,TCGA-50-8459-01Z-00-DX1.24D876E7-5265-4C5D-A215-0BAE5450EEF3,10,TCGA-50-8459-01,10,39,1,0,0.21899825,1.0000000050418105,0.9742677381282919,49.348308707710956,50.651691292289044,stroma-high,0.5065169129228905,0.684383063952068,True,65.81806888422356,True,5.823843153612955,True,,False,,,,11,TCGA-50-8459-01,TCGA-50-8459,Male,Stage IIB,68,0:LIVING,36.76,0,II,matched
TCGA-50-8459,TCGA-50-8459-01Z-00-DX1.24D876E7-5265-4C5D-A215-0BAE5450EEF3,11,TCGA-50-8459-01,11,44,1,0,0.14170475,0.9999999979045242,0.33005433716897714,24.815101755278533,75.18489824472147,stroma-high,0.7518489824472147,0.7688872482905919,True,20.604524851467765,True,5.964113033554091,True,,False,,,,12,TCGA-50-8459-01,TCGA-50-8459,Male,Stage IIB,68,0:LIVING,36.76,0,II,matched
TCGA-50-8459,TCGA-50-8459-01Z-00-DX1.24D876E7-5265-4C5D-A215-0BAE5450EEF3,12,TCGA-50-8459-01,12,45,1,0,0.88887525,0.811594203841789,2.83752400223164,73.9415310648619,26.058468935138094,stroma-low,0.26058468935138096,0.2631654435178754,True,2.3813806852555346,True,0.13095059091252856,True,,False,,,,13,TCGA-50-8459-01,TCGA-50-8459,Male,Stage IIB,68,0:LIVING,36.76,0,II,matched
TCGA-50-8459,TCGA-50-8459-01Z-00-DX1.24D876E7-5265-4C5D-A215-0BAE5450EEF3,13,TCGA-50-8459-01,13,48,1,0,0.24476275,0.9999999995106919,0.35329061104931614,26.106041685708675,73.89395831429132,stroma-high,0.7389395831429132,0.7870969765753453,True,41.241046315941375,True,16.807328536283958,True,,False,,,,14,TCGA-50-8459-01,TCGA-50-8459,Male,Stage IIB,68,0:LIVING,36.76,0,II,matched
TCGA-50-8459,TCGA-50-8459-01Z-00-DX1.24D876E7-5265-4C5D-A215-0BAE5450EEF3,14,TCGA-50-8459-01,14,57,1,0,0.3349385,0.6153846167447997,0.6975815855393576,41.09266921140177,58.90733078859823,stroma-high,0.5890733078859823,0.632780777297062,True,36.50923230725244,True,21.094838337100835,True,,False,,,,15,TCGA-50-8459-01,TCGA-50-8459,Male,Stage IIB,68,0:LIVING,36.76,0,II,matched
TCGA-50-8459,TCGA-50-8459-01Z-00-DX1.24D876E7-5265-4C5D-A215-0BAE5450EEF3,15,TCGA-50-8459-01,15,58,1,0,1.68757475,0.8091603035060129,1.8821200737846404,65.30331927889266,34.69668072110734,stroma-low,0.3469668072110734,0.3997870249803532,True,32.41137944726012,True,3.730131883099081,True,,False,,,,16,TCGA-50-8459-01,TCGA-50-8459,Male,Stage IIB,68,0:LIVING,36.76,0,II,matched
TCGA-50-8459,TCGA-50-8459-01Z-00-DX1.24D876E7-5265-4C5D-A215-0BAE5450EEF3,16,TCGA-50-8459-01,16,60,1,0,0.2834095,0.9999999993554163,0.40650431413905924,28.90174669587744,71.09825330412255,stroma-high,0.7109825330412255,0.7213101010000945,True,9.779460437361392,True,4.718414589062945,True,,False,,,,17,TCGA-50-8459-01,TCGA-50-8459,Male,Stage IIB,68,0:LIVING,36.76,0,II,matched
TCGA-50-8459,TCGA-50-8459-01Z-00-DX1.24D876E7-5265-4C5D-A215-0BAE5450EEF3,17,TCGA-50-8459-01,17,61,1,0,0.27052725,0.6666666645878216,0.7998191964160978,44.438863526333265,55.561136473666735,stroma-high,0.5556113647366674,0.5728455726524357,True,8.813585285898766,True,0.8141091134792106,True,,False,,,,18,TCGA-50-8459-01,TCGA-50-8459,Male,Stage IIB,68,0:LIVING,36.76,0,II,matched
TCGA-50-8459,TCGA-50-8459-01Z-00-DX1.24D876E7-5265-4C5D-A215-0BAE5450EEF3,18,TCGA-50-8459-01,18,62,1,0,0.3864675,0.6999999985098839,7.111827757257388,87.6723220718619,12.327677928138115,stroma-low,0.12327677928138114,0.24885451029626224,True,71.94904041022826,True,2.7613080071372442,True,,False,,,,19,TCGA-50-8459-01,TCGA-50-8459,Male,Stage IIB,68,0:LIVING,36.76,0,II,matched
TCGA-50-8459,TCGA-50-8459-01Z-00-DX1.24D876E7-5265-4C5D-A215-0BAE5450EEF3,19,TCGA-50-8459-01,19,63,1,0,0.27052725,0.6666666656327878,1.4364226979891663,58.956218852117814,41.043781147882186,stroma-low,0.41043781147882186,0.4377253603490929,True,19.802041990042827,True,1.0757369822744551,True,,False,,,,20,TCGA-50-8459-01,TCGA-50-8459,Male,Stage IIB,68,0:LIVING,36.76,0,II,matched
TCGA-50-8459,TCGA-50-8459-01Z-00-DX1.24D876E7-5265-4C5D-A215-0BAE5450EEF3,20,TCGA-50-8459-01,20,64,1,0,0.24476275,0.7894736867042651,0.6866812190715809,40.71197398222994,59.28802601777006,stroma-high,0.5928802601777006,0.6763219624633141,True,44.249664995480984,True,4.047897906906715,True,,False,,,,21,TCGA-50-8459-01,TCGA-50-8459,Male,Stage IIB,68,0:LIVING,36.76,0,II,matched
TCGA-53-A4EZ,TCGA-53-A4EZ-01Z-00-DX1.5D155F0B-A677-4589-AF00-A4C451F5B6B6,1,TCGA-53-A4EZ-01,1,1;2,2,1,0.979051,0.7236842132538425,0.4582861605063681,31.426353271242398,68.57364672875761,stroma-high,0.6857364672875761,0.70041687164806,True,17.71346379413957,True,10.555243120815534,True,3.7394419066262023,True,717.873380228286,717.873380228286,717.873380228286,2,TCGA-53-A4EZ-01,TCGA-53-A4EZ,Male,Stage IIA,63,0:LIVING,35.18,0,II,matched
TCGA-53-A4EZ,TCGA-53-A4EZ-01Z-00-DX1.5D155F0B-A677-4589-AF00-A4C451F5B6B6,2,TCGA-53-A4EZ-01,2,3,1,0,0.45087875,0.6571428573200787,0.5913224573596776,37.15918509318343,62.84081490681657,stroma-high,0.6284081490681657,0.6581261265420058,True,17.063115177747846,True,1.4871930685327974,True,,False,,,,3,TCGA-53-A4EZ-01,TCGA-53-A4EZ,Male,Stage IIA,63,0:LIVING,35.18,0,II,matched
TCGA-53-A4EZ,TCGA-53-A4EZ-01Z-00-DX1.5D155F0B-A677-4589-AF00-A4C451F5B6B6,3,TCGA-53-A4EZ-01,3,4;6;7;11;12;13;14;15;16;17;21,11,17,44.86887675,0.9598047658043558,2.177910043911367,68.53277826677557,31.467221733224438,stroma-low,0.3146722173322444,0.34475103063150847,True,25.94968023040683,True,2.610234821319841,True,25.751457085019645,True,397.7317675959409,340.5005530785224,818.4999921426638,4,TCGA-53-A4EZ-01,TCGA-53-A4EZ,Male,Stage IIA,63,0:LIVING,35.18,0,II,matched
TCGA-53-A4EZ,TCGA-53-A4EZ-01Z-00-DX1.5D155F0B-A677-4589-AF00-A4C451F5B6B6,4,TCGA-53-A4EZ-01,4,5,1,0,0.09017575,0.4285714310327811,1.3999535151363853,58.33252628881974,41.667473711180264,stroma-low,0.41667473711180264,0.34568348350354877,True,,False,26.038729627879032,True,,False,,,,5,TCGA-53-A4EZ-01,TCGA-53-A4EZ,Male,Stage IIA,63,0:LIVING,35.18,0,II,matched
TCGA-53-A4EZ,TCGA-53-A4EZ-01Z-00-DX1.5D155F0B-A677-4589-AF00-A4C451F5B6B6,5,TCGA-53-A4EZ-01,5,8;9;18;25;26;34,6,6,163.501517,0.9806965017692275,1.8547091960928086,64.97016223688624,35.02983776311376,stroma-low,0.35029837763113764,0.34764597158835375,True,10.84988021008033,True,3.666079648528415,True,4.484580251782782,True,285.32117233385765,170.25,690.4266191941065,6,TCGA-53-A4EZ-01,TCGA-53-A4EZ,Male,Stage IIA,63,0:LIVING,35.18,0,II,matched
TCGA-53-A4EZ,TCGA-53-A4EZ-01Z-00-DX1.5D155F0B-A677-4589-AF00-A4C451F5B6B6,6,TCGA-53-A4EZ-01,6,10,1,0,0.42511425,0.7878787852696957,0.23737210969301958,19.183567160884966,80.81643283911504,stroma-high,0.8081643283911504,0.7883021542065903,True,30.22822193106559,True,39.25527896746561,True,,False,,,,7,TCGA-53-A4EZ-01,TCGA-53-A4EZ,Male,Stage IIA,63,0:LIVING,35.18,0,II,matched
TCGA-53-A4EZ,TCGA-53-A4EZ-01Z-00-DX1.5D155F0B-A677-4589-AF00-A4C451F5B6B6,7,TCGA-53-A4EZ-01,7,19;20,2,1,14.51829575,0.9778172131338227,2.4142272997791854,70.71079596649366,29.28920403350635,stroma-low,0.2928920403350635,0.3184765349474817,True,22.785272648923044,True,2.6354551797778507,True,0.12757654802531992,True,454.00041480903917,454.00041480903917,454.00041480903917,8,TCGA-53-A4EZ-01,TCGA-53-A4EZ,Male,Stage IIA,63,0:LIVING,35.18,0,II,matched
TCGA-53-A4EZ,TCGA-53-A4EZ-01Z-00-DX1.5D155F0B-A677-4589-AF00-A4C451F5B6B6,8,TCGA-53-A4EZ-01,8,22,1,0,0.27052725,0.8095238119879339,2.7984803806961676,73.67368263682529,26.326317363174713,stroma-low,0.2632631736317471,0.2675343401486108,True,8.336271886579578,True,5.432067678640227,True,,False,,,,9,TCGA-53-A4EZ-01,TCGA-53-A4EZ,Male,Stage IIA,63,0:LIVING,35.18,0,II,matched
TCGA-53-A4EZ,TCGA-53-A4EZ-01Z-00-DX1.5D155F0B-A677-4589-AF00-A4C451F5B6B6,9,TCGA-53-A4EZ-01,9,23,1,0,0.24476275,0.7894736812652953,0.6547877580321991,39.56928946651406,60.43071053348594,stroma-high,0.6043071053348594,0.6167643676918289,True,5.377532338596123,True,0.2380061560101518,True,,False,,,,10,TCGA-53-A4EZ-01,TCGA-53-A4EZ,Male,Stage IIA,63,0:LIVING,35.18,0,II,matched
TCGA-53-A4EZ,TCGA-53-A4EZ-01Z-00-DX1.5D155F0B-A677-4589-AF00-A4C451F5B6B6,10,TCGA-53-A4EZ-01,10,24;33;36;38;39;40;41;45;47,9,12,37.86093275,0.9880911871454957,1.4707939782568988,59.527179975342094,40.47282002465791,stroma-low,0.40472820024657913,0.41295090386470407,True,11.62395426004125,True,2.8241902996382935,True,2.0288350616170967,True,439.414072588157,374.884961208152,864.4279826206104,11,TCGA-53-A4EZ-01,TCGA-53-A4EZ,Male,Stage IIA,63,0:LIVING,35.18,0,II,matched
TCGA-53-A4EZ,TCGA-53-A4EZ-01Z-00-DX1.5D155F0B-A677-4589-AF00-A4C451F5B6B6,11,TCGA-53-A4EZ-01,11,27;29;31;35;37;42;43;44;46;48;49;50;51;52,14,18,20.52142425,0.9748901439861452,0.47777934895035773,32.330899013422844,67.66910098657716,stroma-high,0.6766910098657716,0.6760228266347911,True,9.47013079799583,True,6.975270671866831,True,4.525750753010339,True,406.980956241069,287.44969622333326,976.4040066666537,12,TCGA-53-A4EZ-01,TCGA-53-A4EZ,Male,Stage IIA,63,0:LIVING,35.18,0,II,matched
TCGA-53-A4EZ,TCGA-53-A4EZ-01Z-00-DX1.5D155F0B-A677-4589-AF00-A4C451F5B6B6,12,TCGA-53-A4EZ-01,12,28,1,0,0.42511425,0.8787878810706004,1.3412302198414923,57.287412765938804,42.71258723406119,stroma-low,0.4271258723406119,0.4589228023172272,True,32.38646083008883,True,22.801502856471846,True,,False,,,,13,TCGA-53-A4EZ-01,TCGA-53-A4EZ,Male,Stage IIA,63,0:LIVING,35.18,0,II,matched
TCGA-53-A4EZ,TCGA-53-A4EZ-01Z-00-DX1.5D155F0B-A677-4589-AF00-A4C451F5B6B6,13,TCGA-53-A4EZ-01,13,30,1,0,0.3349385,0.9615384627387847,0.3928346521915968,28.20396890423996,71.79603109576004,stroma-high,0.7179603109576004,0.6995692547226813,True,5.004910232718938,True,13.31837474227602,True,,False,,,,14,TCGA-53-A4EZ-01,TCGA-53-A4EZ,Male,Stage IIA,63,0:LIVING,35.18,0,II,matched
TCGA-53-A4EZ,TCGA-53-A4EZ-01Z-00-DX1.5D155F0B-A677-4589-AF00-A4C451F5B6B6,14,TCGA-53-A4EZ-01,14,32,1,0,0.39934975,0.9999999986555907,0.2355642940732683,19.065320615302554,80.93467938469745,stroma-high,0.8093467938469745,0.8093467938469745,True,0.0,True,0.0,True,,False,,,,15,TCGA-53-A4EZ-01,TCGA-53-A4EZ,Male,Stage IIA,63,0:LIVING,35.18,0,II,matched
TCGA-55-1596,TCGA-55-1596-01Z-00-DX1.de65522d-92ab-408e-9b7e-24210d386b97,1,TCGA-55-1596-01,1,1,1,0,1.219779,0.8989898992338825,2.430879883834817,70.85295802072021,29.1470419792798,stroma-low,0.291470419792798,0.43973587047660495,True,67.98366897578983,True,4.403624748448822,True,,False,,,,2,TCGA-55-1596-01,TCGA-55-1596,Male,Stage IIB,55,0:LIVING,67.84,0,II,matched
TCGA-55-1596,TCGA-55-1596-01Z-00-DX1.de65522d-92ab-408e-9b7e-24210d386b97,2,TCGA-55-1596-01,2,2,1,0,1.256742,0.7941176465638802,1.9856096253330864,66.50600294442593,33.49399705557407,stroma-low,0.3349399705557407,0.4276434499482532,True,54.46456463515945,True,0.7331626669673,True,,False,,,,3,TCGA-55-1596-01,TCGA-55-1596,Male,Stage IIB,55,0:LIVING,67.84,0,II,matched
TCGA-55-1596,TCGA-55-1596-01Z-00-DX1.de65522d-92ab-408e-9b7e-24210d386b97,3,TCGA-55-1596-01,3,3,1,0,90.275967,0.9333970247014682,4.6603576730305125,82.33327189261158,17.666728107388444,stroma-low,0.17666728107388444,0.1750928574179114,True,22.643134823404264,True,3.373602362142003,True,,False,,,,4,TCGA-55-1596-01,TCGA-55-1596,Male,Stage IIB,55,0:LIVING,67.84,0,II,matched
TCGA-55-1596,TCGA-55-1596-01Z-00-DX1.de65522d-92ab-408e-9b7e-24210d386b97,4,TCGA-55-1596-01,4,4;5,2,1,89.585991,0.9346719842967854,4.768787657598124,82.66533526012367,17.334664739876338,stroma-low,0.17334664739876338,0.17210626470454593,True,28.16938687774449,True,3.0879123258692514,True,21.398233051466377,True,111.0,111.0,111.0,5,TCGA-55-1596-01,TCGA-55-1596,Male,Stage IIB,55,0:LIVING,67.84,0,II,matched
TCGA-55-5899,TCGA-55-5899-01Z-00-DX1.faa65b08-150c-4c74-95aa-1e8743f0152c,1,TCGA-55-5899-01,1,1;2;3,3,2,25.25805,0.9385365851927311,3.0557633645901614,75.34372915513894,24.656270844861066,stroma-low,0.24656270844861064,0.2667861462185484,True,27.865487217306534,True,5.0840614881182935,True,3.5713075394749154,True,414.7231064564529,414.7231064564529,496.44564737768076,2,TCGA-55-5899-01,TCGA-55-5899,Male,[Discrepancy],58,0:LIVING,30.55,0,,matched
TCGA-55-6642,TCGA-55-6642-01Z-00-DX1.0487cfc6-8216-4da3-aae1-a35452e9e4f6,1,TCGA-55-6642-01,1,1;2;3;4;5;6;7;8;9,9,17,44.047575,0.8998601396666781,0.9788721301534155,49.466163843417554,50.53383615658246,stroma-high,0.5053383615658246,0.507304843459366,True,10.6151228830444,True,4.181118916598266,True,6.916889919666345,True,526.6674265041793,496.44564737768036,954.8981934995637,2,TCGA-55-6642-01,TCGA-55-6642,Male,Stage IB,63,0:LIVING,80.45,0,I,matched
TCGA-55-6968,TCGA-55-6968-01Z-00-DX1.810e0fee-99ab-465b-8ae9-fb416e4dca3c,1,TCGA-55-6968-01,1,1;3;4;5;6;7;8;9;10;11;12;13;15;16;17,15,16,56.220723,0.998904230033329,0.47304977504748763,32.11363139661982,67.88636860338018,stroma-high,0.6788636860338018,0.6868864102333541,True,12.80066981650712,True,3.826573689863367,True,12.926212779437304,True,497.304519061179,470.2228236888402,888.0002120758642,2,TCGA-55-6968-01,TCGA-55-6968,Male,Stage IV,61,1:DECEASED,42.48,1,IV,matched
TCGA-55-6968,TCGA-55-6968-01Z-00-DX1.810e0fee-99ab-465b-8ae9-fb416e4dca3c,2,TCGA-55-6968-01,2,2,1,0,0.381951,0.9999999988197106,0.9010625712271513,47.397838706882126,52.602161293117874,stroma-high,0.5260216129311788,0.5253081596283274,True,0.0,True,0.3698219998889282,True,,False,,,,3,TCGA-55-6968-01,TCGA-55-6968,Male,Stage IV,61,1:DECEASED,42.48,1,IV,matched
TCGA-55-6968,TCGA-55-6968-01Z-00-DX1.810e0fee-99ab-465b-8ae9-fb416e4dca3c,3,TCGA-55-6968-01,3,14,1,0,0.320346,0.8846153854694702,0.7125897472968347,41.608899529008156,58.391100470991844,stroma-high,0.5839110047099184,0.6978924403789118,True,52.92729034292834,True,13.727787049633488,True,,False,,,,4,TCGA-55-6968-01,TCGA-55-6968,Male,Stage IV,61,1:DECEASED,42.48,1,IV,matched
TCGA-55-6969,TCGA-55-6969-01Z-00-DX1.713df9f6-1a91-4e0e-ad43-42e66dcca191,1,TCGA-55-6969-01,1,1;2;3;4;5;6;7;8;9;10;11;12;13;14;15;16;17;18;19;20;21;22;23;24;25;26,26,44,72.607653,0.9743763785658427,0.6323732760879456,38.73950188669199,61.260498113308,stroma-high,0.61260498113308,0.613330895233936,True,11.1032602943936,True,6.029945531550891,True,2.4866762700898857,True,402.9151430523701,323.4980263284237,888.0002120758642,2,TCGA-55-6969-01,TCGA-55-6969,Male,Stage IB,52,0:LIVING,40.7,0,I,matched
TCGA-55-6972,TCGA-55-6972-01Z-00-DX1.0b441ad0-c30f-4f63-849a-36c98d6e2d3b,1,TCGA-55-6972-01,1,1,1,0,19.886094,0.8754646842831234,4.733427437811706,82.55842581341409,17.441574186585903,stroma-low,0.17441574186585904,0.17335943564058653,True,1.2168853713710006,True,0.9401138500371417,True,,False,,,,2,TCGA-55-6972-01,TCGA-55-6972,Male,Stage IB,72,1:DECEASED,53.61,1,I,matched
TCGA-55-6978,TCGA-55-6978-01Z-00-DX1.2ef6d6aa-2a19-4bce-b845-cc83ac81a1c3,1,TCGA-55-6978-01,1,1;2;3;4;5;6;11;12,8,12,36.765864,0.9346514747720948,3.2015568802280665,76.19929877170392,23.800701228296084,stroma-low,0.23800701228296084,0.23237161147732083,True,39.8651018669208,True,35.42663944101508,True,10.424758115640708,True,571.2055120762087,651.5855881905695,992.8527382994587,2,TCGA-55-6978-01,TCGA-55-6978,Male,Stage IIA,81,1:DECEASED,5.78,1,II,matched
TCGA-55-6978,TCGA-55-6978-01Z-00-DX1.2ef6d6aa-2a19-4bce-b845-cc83ac81a1c3,2,TCGA-55-6978-01,2,7,1,0,0.640692,0.8653846138486188,14.586276401312722,93.58409940737495,6.415900592625041,stroma-low,0.06415900592625041,0.09876543664794797,True,89.72586267043339,True,9.803129705355648,True,,False,,,,3,TCGA-55-6978-01,TCGA-55-6978,Male,Stage IIA,81,1:DECEASED,5.78,1,II,matched
TCGA-55-6978,TCGA-55-6978-01Z-00-DX1.2ef6d6aa-2a19-4bce-b845-cc83ac81a1c3,3,TCGA-55-6978-01,3,8,1,0,0.320346,0.4999999998511227,4.904000251052938,83.06233134353853,16.93766865646147,stroma-low,0.1693766865646147,0.15326466566531244,True,,False,11.463537601668932,True,,False,,,,4,TCGA-55-6978-01,TCGA-55-6978,Male,Stage IIA,81,1:DECEASED,5.78,1,II,matched
TCGA-55-6978,TCGA-55-6978-01Z-00-DX1.2ef6d6aa-2a19-4bce-b845-cc83ac81a1c3,4,TCGA-55-6978-01,4,9,1,0,1.306026,0.9622641518151042,10.005693384842099,90.91379375172056,9.086206248279442,stroma-low,0.09086206248279442,0.09263340396949094,True,21.760860999604198,True,7.96804534709125,True,,False,,,,5,TCGA-55-6978-01,TCGA-55-6978,Male,Stage IIA,81,1:DECEASED,5.78,1,II,matched
TCGA-55-6978,TCGA-55-6978-01Z-00-DX1.2ef6d6aa-2a19-4bce-b845-cc83ac81a1c3,5,TCGA-55-6978-01,5,10,1,0,0.566766,0.8043478278929758,5.420936616782801,84.42594811812599,15.574051881874023,stroma-low,0.15574051881874024,0.14383306337465096,True,25.991769035609863,True,11.731564006935587,True,,False,,,,6,TCGA-55-6978-01,TCGA-55-6978,Male,Stage IIA,81,1:DECEASED,5.78,1,II,matched
TCGA-55-6978,TCGA-55-6978-01Z-00-DX1.2ef6d6aa-2a19-4bce-b845-cc83ac81a1c3,6,TCGA-55-6978-01,6,13,1,0,0.12321,1.0000000018510036,0.6227494014277594,38.37619048756633,61.62380951243367,stroma-high,0.6162380951243367,0.59184123746659,True,23.874853094772973,True,24.527929775848524,True,,False,,,,7,TCGA-55-6978-01,TCGA-55-6978,Male,Stage IIA,81,1:DECEASED,5.78,1,II,matched
TCGA-55-6978,TCGA-55-6978-01Z-00-DX1.2ef6d6aa-2a19-4bce-b845-cc83ac81a1c3,7,TCGA-55-6978-01,7,14,1,0,0.24642,0.8999999947054675,5.764709772455683,85.21739980521018,14.782600194789822,stroma-low,0.14782600194789822,0.48589497045817803,True,90.1475748389585,True,45.10936365952836,True,,False,,,,8,TCGA-55-6978-01,TCGA-55-6978,Male,Stage IIA,81,1:DECEASED,5.78,1,II,matched
TCGA-55-6983,TCGA-55-6983-01Z-00-DX1.8f940a64-1f1b-4e6e-99ea-418175be2b3f,1,TCGA-55-6983-01,1,1;2;3,3,2,7.873119,0.9859154937299545,0.6046029302766184,37.67928618779168,62.320713812208325,stroma-high,0.6232071381220833,0.6328629035143919,True,16.789046056562853,True,7.421536968602625,True,11.8826338442059,True,622.5328691370337,622.5328691370337,647.2750887500674,2,TCGA-55-6983-01,TCGA-55-6983,Male,Stage IIB,81,0:LIVING,92.74,0,II,matched
TCGA-55-6983,TCGA-55-6983-01Z-00-DX1.8f940a64-1f1b-4e6e-99ea-418175be2b3f,2,TCGA-55-6983-01,2,4,1,0,1.737261,0.9787234023574295,0.6729988750130556,40.22709668635035,59.772903313649635,stroma-high,0.5977290331364964,0.6201087919109498,True,23.006894636775403,True,9.49400663412606,True,,False,,,,3,TCGA-55-6983-01,TCGA-55-6983,Male,Stage IIB,81,0:LIVING,92.74,0,II,matched
TCGA-55-6983,TCGA-55-6983-01Z-00-DX1.8f940a64-1f1b-4e6e-99ea-418175be2b3f,3,TCGA-55-6983-01,3,5,1,0,0.406593,1.0000000027746203,0.2398354780010201,19.34413736794381,80.65586263205618,stroma-high,0.8065586263205619,0.8031080820795136,True,6.389731549680226,True,8.578636002143146,True,,False,,,,4,TCGA-55-6983-01,TCGA-55-6983,Male,Stage IIB,81,0:LIVING,92.74,0,II,matched
TCGA-55-6987,TCGA-55-6987-01Z-00-DX1.0c52b721-2209-4818-af8f-b22d37e6e81e,1,TCGA-55-6987-01,1,1,1,0,2.365632,0.8125000004926999,1.129466967250859,53.03989141982326,46.96010858017674,stroma-low,0.46960108580176735,0.48116816669846285,True,43.04783387331948,True,13.09124372034195,True,,False,,,,2,TCGA-55-6987-01,TCGA-55-6987,Male,Stage IA,77,0:LIVING,70.2,0,I,matched
TCGA-55-6987,TCGA-55-6987-01Z-00-DX1.0c52b721-2209-4818-af8f-b22d37e6e81e,2,TCGA-55-6987-01,2,2,1,0,0.308025,0.9999999947566539,0.4159801658264994,29.3775418516328,70.6224581483672,stroma-high,0.706224581483672,0.7810897319579488,True,66.90569693887987,True,51.47410472418284,True,,False,,,,3,TCGA-55-6987-01,TCGA-55-6987,Male,Stage IA,77,0:LIVING,70.2,0,I,matched
TCGA-55-6987,TCGA-55-6987-01Z-00-DX1.0c52b721-2209-4818-af8f-b22d37e6e81e,3,TCGA-55-6987-01,3,3,1,0,0.24642,1.0000000013504178,0.5384455228482247,34.99932333329329,65.00067666670671,stroma-high,0.6500067666670671,0.7269015117345181,True,60.68177641761222,True,46.55868499183503,True,,False,,,,4,TCGA-55-6987-01,TCGA-55-6987,Male,Stage IA,77,0:LIVING,70.2,0,I,matched
TCGA-55-7227,TCGA-55-7227-01Z-00-DX1.e1a9e09c-4a50-4ee5-b1e4-2c7ae34dc913,1,TCGA-55-7227-01,1,1,1,0,0.258741,0.6190476212941576,1.8057266354116217,64.3586090184694,35.64139098153061,stroma-low,0.35641390981530613,0.34917895380382946,True,2.8672931041011704,True,5.116248824941213,True,,False,,,,2,TCGA-55-7227-01,TCGA-55-7227,Male,Stage IIIA,77,1:DECEASED,31.27,1,III,matched
TCGA-55-7227,TCGA-55-7227-01Z-00-DX1.e1a9e09c-4a50-4ee5-b1e4-2c7ae34dc913,2,TCGA-55-7227-01,2,2;3;4,3,2,67.383549,0.9402084477318543,1.3281288337676955,57.04705059721014,42.95294940278987,stroma-low,0.4295294940278987,0.4170313493707089,True,23.26087493069337,True,10.613299664228675,True,54.64274962655582,True,166.5,166.5,222.00000000000003,3,TCGA-55-7227-01,TCGA-55-7227,Male,Stage IIIA,77,1:DECEASED,31.27,1,III,matched
TCGA-55-7284,TCGA-55-7284-01Z-00-DX1.68b95b9b-1aab-4f03-aad3-1132467b7499,1,TCGA-55-7284-01,1,1,1,0,5.988006,0.7839506164551876,6.5546078968171715,86.76304563177516,13.23695436822485,stroma-low,0.1323695436822485,0.14755080075057173,True,38.48072730268962,True,0.5596066394917516,True,,False,,,,2,TCGA-55-7284-01,TCGA-55-7284,Male,Stage IIB,74,1:DECEASED,7.98,1,II,matched
TCGA-55-7284,TCGA-55-7284-01Z-00-DX1.68b95b9b-1aab-4f03-aad3-1132467b7499,2,TCGA-55-7284-01,2,2;4;5;6;7;8;10,7,7,10.657665,0.7572254342243016,0.8683130876270241,46.47578039127709,53.5242196087229,stroma-high,0.535242196087229,0.5409108223553071,True,4.939530103711754,True,0.8850106496582499,True,6.2511730887345,True,640.5944029784083,647.275088750065,777.0002423724072,3,TCGA-55-7284-01,TCGA-55-7284,Male,Stage IIB,74,1:DECEASED,7.98,1,II,matched
TCGA-55-7284,TCGA-55-7284-01Z-00-DX1.68b95b9b-1aab-4f03-aad3-1132467b7499,3,TCGA-55-7284-01,3,3,1,0,0.443556,0.5833333330212755,1.9635688979816448,66.25690056738497,33.74309943261503,stroma-low,0.3374309943261503,0.33951548784012076,True,1.7688314326507086,True,0.0,True,,False,,,,4,TCGA-55-7284-01,TCGA-55-7284,Male,Stage IIB,74,1:DECEASED,7.98,1,II,matched
TCGA-55-7284,TCGA-55-7284-01Z-00-DX1.68b95b9b-1aab-4f03-aad3-1132467b7499,4,TCGA-55-7284-01,4,9,1,0,3.610053,0.737201364007338,1.6639389182578108,62.46160176022393,37.538398239776086,stroma-low,0.37538398239776083,0.3782582406824795,True,3.8488287834233486,True,0.15772014359616335,True,,False,,,,5,TCGA-55-7284-01,TCGA-55-7284,Male,Stage IIB,74,1:DECEASED,7.98,1,II,matched
TCGA-55-7284,TCGA-55-7284-01Z-00-DX1.68b95b9b-1aab-4f03-aad3-1132467b7499,5,TCGA-55-7284-01,5,11;13;16,3,2,6.332994,0.8715953307254943,1.0072560949539509,50.18074661654265,49.81925338345735,stroma-low,0.4981925338345735,0.5052339261901666,True,9.528060224898487,True,2.1231408223977386,True,2.384717010319371,True,520.8953247619995,520.8953247619995,597.790649523999,6,TCGA-55-7284-01,TCGA-55-7284,Male,Stage IIB,74,1:DECEASED,7.98,1,II,matched
TCGA-55-7284,TCGA-55-7284-01Z-00-DX1.68b95b9b-1aab-4f03-aad3-1132467b7499,6,TCGA-55-7284-01,6,12,1,0,0.628371,0.8431372558869258,0.8012089844447612,44.48173373350905,55.51826626649095,stroma-high,0.5551826626649095,0.5892146376872444,True,18.104024709149385,True,0.5617339711641323,True,,False,,,,7,TCGA-55-7284-01,TCGA-55-7284,Male,Stage IIB,74,1:DECEASED,7.98,1,II,matched
TCGA-55-7284,TCGA-55-7284-01Z-00-DX1.68b95b9b-1aab-4f03-aad3-1132467b7499,7,TCGA-55-7284-01,7,14,1,0,9.228429,0.8251001336622565,1.2843257303980702,56.22340602774989,43.77659397225012,stroma-low,0.43776593972250116,0.44119231765443656,True,7.555189837478715,True,1.0705515627100202,True,,False,,,,8,TCGA-55-7284-01,TCGA-55-7284,Male,Stage IIB,74,1:DECEASED,7.98,1,II,matched
TCGA-55-7284,TCGA-55-7284-01Z-00-DX1.68b95b9b-1aab-4f03-aad3-1132467b7499,8,TCGA-55-7284-01,8,15;17;18,3,2,6.579414,0.7434456933105128,1.8252609049850277,64.60503883957934,35.39496116042067,stroma-low,0.3539496116042067,0.3603333610016076,True,8.532115627568823,True,0.31666949355919544,True,1.513956370348352,True,166.5,166.5,222.0,9,TCGA-55-7284-01,TCGA-55-7284,Male,Stage IIB,74,1:DECEASED,7.98,1,II,matched
TCGA-55-7570,TCGA-55-7570-01Z-00-DX1.9020ae67-cf60-4bac-8c60-403c8891c4a3,1,TCGA-55-7570-01,1,1;2;3,3,2,1.589409,0.8139534893722834,1.06693165505881,51.61910663313407,48.38089336686593,stroma-low,0.4838089336686593,0.4994461921373054,True,16.20876537144475,True,7.357465005194548,True,48.2624786144466,True,333.0,333.0,443.99999999999994,2,TCGA-55-7570-01,TCGA-55-7570,Male,Stage IA,60,0:LIVING,27.07,0,I,matched
TCGA-55-7570,TCGA-55-7570-01Z-00-DX1.9020ae67-cf60-4bac-8c60-403c8891c4a3,2,TCGA-55-7570-01,2,4,1,0,8.25507,0.8955223880268075,2.2840613271386627,69.54989872642602,30.450101273573964,stroma-low,0.30450101273573965,0.35402135430104414,True,41.07752806957702,True,4.321005178711065,True,,False,,,,3,TCGA-55-7570-01,TCGA-55-7570,Male,Stage IA,60,0:LIVING,27.07,0,I,matched
TCGA-55-7570,TCGA-55-7570-01Z-00-DX1.9020ae67-cf60-4bac-8c60-403c8891c4a3,3,TCGA-55-7570-01,3,5,1,0,0.381951,0.6129032261486563,1.5279171807451966,60.441742015250156,39.55825798474985,stroma-low,0.3955825798474985,0.40108321133338476,True,5.172640863049505,True,1.9945058371679358,True,,False,,,,4,TCGA-55-7570-01,TCGA-55-7570,Male,Stage IA,60,0:LIVING,27.07,0,I,matched
TCGA-55-7570,TCGA-55-7570-01Z-00-DX1.9020ae67-cf60-4bac-8c60-403c8891c4a3,4,TCGA-55-7570-01,4,6,1,0,0.344988,0.6785714327130076,3.808052694518897,79.20155906069864,20.79844093930135,stroma-low,0.20798440939301352,0.2099067710440687,True,1.9615383319037127,True,0.36605800900916124,True,,False,,,,5,TCGA-55-7570-01,TCGA-55-7570,Male,Stage IA,60,0:LIVING,27.07,0,I,matched
TCGA-55-7570,TCGA-55-7570-01Z-00-DX1.9020ae67-cf60-4bac-8c60-403c8891c4a3,5,TCGA-55-7570-01,5,7,1,0,0.283383,0.5652173929635034,2.2038173257694416,68.78723415481137,31.212765845188628,stroma-low,0.3121276584518863,0.3119257612896463,True,0.0,True,0.09882849162482694,True,,False,,,,6,TCGA-55-7570-01,TCGA-55-7570,Male,Stage IA,60,0:LIVING,27.07,0,I,matched
TCGA-55-7576,TCGA-55-7576-01Z-00-DX1.3a6142e9-c90a-4938-a1d1-061c2ac261f0,1,TCGA-55-7576-01,1,1;2;4;5;6;7;8;9,8,11,22.621356,0.9482570810401068,0.7811000725498954,43.85492340313258,56.145076596867426,stroma-high,0.5614507659686743,0.5646537485890456,True,18.989309175023735,True,9.600941852352493,True,16.2325223506163,True,507.4985497261442,496.44564737768036,954.8981934995647,2,TCGA-55-7576-01,TCGA-55-7576,Male,Stage IB,54,0:LIVING,22.01,0,I,matched
TCGA-55-7576,TCGA-55-7576-01Z-00-DX1.3a6142e9-c90a-4938-a1d1-061c2ac261f0,2,TCGA-55-7576-01,2,3,1,0,3.523806,0.8636363638308431,0.7850997881076002,43.98072272138306,56.01927727861693,stroma-high,0.5601927727861693,0.5405906622623134,True,9.56957571606431,True,11.48398077145932,True,,False,,,,3,TCGA-55-7576-01,TCGA-55-7576,Male,Stage IB,54,0:LIVING,22.01,0,I,matched
TCGA-55-7727,TCGA-55-7727-01Z-00-DX1.0c7a4953-16dc-41e0-845b-b89167ec17d7,1,TCGA-55-7727-01,1,1;2;3;4;5;6;8;9,8,8,18.567747,0.9263437295303858,1.4175049109431197,58.63503749368273,41.36496250631726,stroma-low,0.4136496250631726,0.4254653496199894,True,39.73629608051659,True,19.062392561742346,True,34.22276412625139,True,432.91235272230256,448.3508458035358,915.3642991905276,2,TCGA-55-7727-01,TCGA-55-7727,Male,Stage IIIA,70,0:LIVING,3.91,0,III,matched
TCGA-55-7727,TCGA-55-7727-01Z-00-DX1.0c7a4953-16dc-41e0-845b-b89167ec17d7,2,TCGA-55-7727-01,2,7,1,0,18.23508,0.9648648648479423,2.2309574895198496,69.0494225552745,30.950577444725504,stroma-low,0.309505774447255,0.3225920159111877,True,28.603529986021343,True,5.067775073990758,True,,False,,,,3,TCGA-55-7727-01,TCGA-55-7727,Male,Stage IIIA,70,0:LIVING,3.91,0,III,matched
TCGA-55-7727,TCGA-55-7727-01Z-00-DX1.0c7a4953-16dc-41e0-845b-b89167ec17d7,3,TCGA-55-7727-01,3,10,1,0,0.357309,0.9655172396094963,0.6129216134961428,38.00070681473378,61.99929318526621,stroma-high,0.6199929318526621,0.6533294727402426,True,26.427130620508827,True,4.231043537386689,True,,False,,,,4,TCGA-55-7727-01,TCGA-55-7727,Male,Stage IIIA,70,0:LIVING,3.91,0,III,matched
TCGA-55-7727,TCGA-55-7727-01Z-00-DX1.0c7a4953-16dc-41e0-845b-b89167ec17d7,4,TCGA-55-7727-01,4,11,1,0,0.308025,0.8400000020404695,0.5671355561989768,36.18931074313322,63.81068925686678,stroma-high,0.6381068925686678,0.6213516256705494,True,27.480910205575444,True,29.297572672262756,True,,False,,,,5,TCGA-55-7727-01,TCGA-55-7727,Male,Stage IIIA,70,0:LIVING,3.91,0,III,matched
TCGA-55-7727,TCGA-55-7727-01Z-00-DX1.0c7a4953-16dc-41e0-845b-b89167ec17d7,5,TCGA-55-7727-01,5,12,1,0,18.60471,0.95496688774037,1.7104383822515332,63.10559920682239,36.89440079317761,stroma-low,0.36894400793177606,0.37490336478498415,True,36.09897759019842,True,10.617573410059103,True,,False,,,,6,TCGA-55-7727-01,TCGA-55-7727,Male,Stage IIIA,70,0:LIVING,3.91,0,III,matched
TCGA-55-7727,TCGA-55-7727-01Z-00-DX1.0c7a4953-16dc-41e0-845b-b89167ec17d7,6,TCGA-55-7727-01,6,13;14;15;17;18,5,6,6.259068,0.9625984268168072,0.6004781378202555,37.518671678831346,62.48132832116865,stroma-high,0.6248132832116865,0.6464759366065873,True,48.74783327501481,True,33.7237063359362,True,59.12158618991581,True,469.2670116942564,444.0,744.6491928247048,7,TCGA-55-7727-01,TCGA-55-7727,Male,Stage IIIA,70,0:LIVING,3.91,0,III,matched
TCGA-55-7727,TCGA-55-7727-01Z-00-DX1.0c7a4953-16dc-41e0-845b-b89167ec17d7,7,TCGA-55-7727-01,7,16,1,0,0.431235,0.9714285737496018,0.3377481684587731,25.24751492262513,74.75248507737487,stroma-high,0.7475248507737488,0.7345207391415769,True,19.402601621749362,True,21.631658507881134,True,,False,,,,8,TCGA-55-7727-01,TCGA-55-7727,Male,Stage IIIA,70,0:LIVING,3.91,0,III,matched
TCGA-55-7727,TCGA-55-7727-01Z-00-DX1.0c7a4953-16dc-41e0-845b-b89167ec17d7,8,TCGA-55-7727-01,8,19,1,0,0.49284,0.9999999962408765,0.37330715743427434,27.18307812009933,72.81692187990066,stroma-high,0.7281692187990066,0.7081621494934138,True,23.543544819502486,True,29.086027758231918,True,,False,,,,9,TCGA-55-7727-01,TCGA-55-7727,Male,Stage IIIA,70,0:LIVING,3.91,0,III,matched
TCGA-55-7727,TCGA-55-7727-01Z-00-DX1.0c7a4953-16dc-41e0-845b-b89167ec17d7,9,TCGA-55-7727-01,9,20,1,0,1.158174,0.8404255306164834,0.8092782565324186,44.729341858307905,55.270658141692095,stroma-high,0.552706581416921,0.5614025090044008,True,21.532222687517365,True,9.887734956118017,True,,False,,,,10,TCGA-55-7727-01,TCGA-55-7727,Male,Stage IIIA,70,0:LIVING,3.91,0,III,matched
TCGA-55-7815,TCGA-55-7815-01Z-00-DX1.288408e6-f6b3-4de4-a1ce-cb2498d9d46d,1,TCGA-55-7815-01,1,1;3,2,1,47.386566,0.9630785227220824,1.3361477930352332,57.194489022428115,42.80551097757188,stroma-low,0.42805510977571876,0.425411900392048,True,9.094062668801016,True,3.8754016195869068,True,0.2833878922250478,True,111.0,111.0,111.0,2,TCGA-55-7815-01,TCGA-55-7815,Male,Stage IB,76,0:LIVING,25.39,0,I,matched
TCGA-55-7815,TCGA-55-7815-01Z-00-DX1.288408e6-f6b3-4de4-a1ce-cb2498d9d46d,2,TCGA-55-7815-01,2,2;4;5,3,2,23.471505,0.9511811024695135,0.7390462819836459,42.49721756344814,57.50278243655186,stroma-high,0.5750278243655186,0.5801956554809542,True,7.9361470824982865,True,3.5755908106206484,True,21.5404045689802,True,111.0,111.0,111.00000000000001,3,TCGA-55-7815-01,TCGA-55-7815,Male,Stage IB,76,0:LIVING,25.39,0,I,matched
TCGA-55-7994,TCGA-55-7994-01Z-00-DX1.a0858080-c471-4337-bc57-7af57e9d92d8,1,TCGA-55-7994-01,1,1,1,0,0.689976,0.9464285731958495,0.7883539909353197,44.08265896636079,55.91734103363921,stroma-high,0.5591734103363921,0.5592722293845922,True,6.7818769386325055,True,3.321297820553503,True,,False,,,,2,TCGA-55-7994-01,TCGA-55-7994,Male,Stage IIB,81,0:LIVING,19.81,0,II,matched
TCGA-55-7994,TCGA-55-7994-01Z-00-DX1.a0858080-c471-4337-bc57-7af57e9d92d8,2,TCGA-55-7994-01,2,2,1,0,0.49284,0.8500000027168426,1.3613572776364984,57.651474028491435,42.34852597150856,stroma-low,0.4234852597150856,0.4256349551339984,True,10.252510689065671,True,3.7257962050066173,True,,False,,,,3,TCGA-55-7994-01,TCGA-55-7994,Male,Stage IIB,81,0:LIVING,19.81,0,II,matched
TCGA-55-7994,TCGA-55-7994-01Z-00-DX1.a0858080-c471-4337-bc57-7af57e9d92d8,3,TCGA-55-7994-01,3,3,1,0,0.406593,0.9999999984601428,5.9731179420190355,85.6592128755755,14.340787124424493,stroma-low,0.14340787124424492,0.15163583944821002,True,82.40820938302443,True,0.17063716230122455,True,,False,,,,4,TCGA-55-7994-01,TCGA-55-7994,Male,Stage IIB,81,0:LIVING,19.81,0,II,matched
TCGA-55-7994,TCGA-55-7994-01Z-00-DX1.a0858080-c471-4337-bc57-7af57e9d92d8,4,TCGA-55-7994-01,4,4,1,0,0.628371,0.9999999999771735,3.391884825660012,77.23073259668826,22.769267403311744,stroma-low,0.22769267403311744,0.24431136827386654,True,83.6104768135383,True,1.4813908232313509,True,,False,,,,5,TCGA-55-7994-01,TCGA-55-7994,Male,Stage IIB,81,0:LIVING,19.81,0,II,matched
TCGA-55-7994,TCGA-55-7994-01Z-00-DX1.a0858080-c471-4337-bc57-7af57e9d92d8,5,TCGA-55-7994-01,5,5,1,0,0.344988,0.9999999990146274,1.9180309725646787,65.73031577107994,34.26968422892005,stroma-low,0.3426968422892005,0.34277357224211313,True,0.3866608922025875,True,0.12852642115845775,True,,False,,,,6,TCGA-55-7994-01,TCGA-55-7994,Male,Stage IIB,81,0:LIVING,19.81,0,II,matched
TCGA-55-7994,TCGA-55-7994-01Z-00-DX1.a0858080-c471-4337-bc57-7af57e9d92d8,6,TCGA-55-7994-01,6,6,1,0,45.168786,0.9634478994904553,2.7210993586206293,73.12622148389262,26.87377851610737,stroma-low,0.2687377851610737,0.2665546007994239,True,9.775951029073976,True,3.3520307824240945,True,,False,,,,7,TCGA-55-7994-01,TCGA-55-7994,Male,Stage IIB,81,0:LIVING,19.81,0,II,matched
TCGA-55-7994,TCGA-55-7994-01Z-00-DX1.a0858080-c471-4337-bc57-7af57e9d92d8,7,TCGA-55-7994-01,7,7,1,0,0.172494,0.9999999991144121,0.5623620993665719,35.99435109150242,64.00564890849758,stroma-high,0.6400564890849757,0.6376781795710261,True,0.5710934296282181,True,1.224021906765014,True,,False,,,,8,TCGA-55-7994-01,TCGA-55-7994,Male,Stage IIB,81,0:LIVING,19.81,0,II,matched
TCGA-55-8085,TCGA-55-8085-01Z-00-DX1.ff220eba-3515-4d2e-b317-76337dd3d206,1,TCGA-55-8085-01,1,1,1,0,0.320346,0.7307692292200115,0.4378940116052778,30.453844864157197,69.5461551358428,stroma-high,0.695461551358428,0.6956708489788558,True,14.139318944445382,True,12.873706329169474,True,,False,,,,2,TCGA-55-8085-01,TCGA-55-8085,Male,Stage IA,64,0:LIVING,29.7,0,I,matched
TCGA-55-8085,TCGA-55-8085-01Z-00-DX1.ff220eba-3515-4d2e-b317-76337dd3d206,2,TCGA-55-8085-01,2,2,1,0,19.602711,0.9421747327952965,1.1577564914287406,53.65556753172559,46.34443246827441,stroma-low,0.46344432468274416,0.45977418534368575,True,10.951551949901209,True,5.353060809687574,True,,False,,,,3,TCGA-55-8085-01,TCGA-55-8085,Male,Stage IA,64,0:LIVING,29.7,0,I,matched
TCGA-55-8089,TCGA-55-8089-01Z-00-DX1.da4d99ff-4a7c-45a3-b79c-039c0c9e9712,1,TCGA-55-8089-01,1,1;2;3,3,2,12.259395,0.9788944729876731,1.2112503692320253,54.7767175569855,45.223282443014504,stroma-low,0.45223282443014506,0.47789654947028887,True,44.925075408034466,True,12.07671899054885,True,40.676344190792165,True,166.5004241509685,166.5004241509685,222.00084830193705,2,TCGA-55-8089-01,TCGA-55-8089,Male,Stage IA,56,1:DECEASED,23.06,1,I,matched
TCGA-55-8091,TCGA-55-8091-01Z-00-DX1.0996c58a-6e93-4092-8cb8-014d548fe60c,1,TCGA-55-8091-01,1,1;2;3;6;8,5,6,33.550083,0.9702533968051307,1.2978927054476856,56.48186716336803,43.51813283663196,stroma-low,0.4351813283663196,0.4326369299804192,True,29.959004630211382,True,15.877334262997516,True,13.56093492154063,True,367.86645230274115,290.62133378838075,941.9068743505015,2,TCGA-55-8091-01,TCGA-55-8091,Male,Stage IB,74,0:LIVING,19.71,0,I,matched
TCGA-55-8091,TCGA-55-8091-01Z-00-DX1.0996c58a-6e93-4092-8cb8-014d548fe60c,2,TCGA-55-8091-01,2,4,1,0,0.258741,0.9523809499694922,0.5659306454203685,36.140211386465744,63.85978861353426,stroma-high,0.6385978861353426,0.6803955886474797,True,29.043009626971333,True,17.16164087058571,True,,False,,,,3,TCGA-55-8091-01,TCGA-55-8091,Male,Stage IB,74,0:LIVING,19.71,0,I,matched
TCGA-55-8091,TCGA-55-8091-01Z-00-DX1.0996c58a-6e93-4092-8cb8-014d548fe60c,3,TCGA-55-8091-01,3,5,1,0,0.295704,0.9166666690689452,1.4594973372071445,59.34128551911591,40.65871448088409,stroma-low,0.40658714480884095,0.5505609177681595,True,60.048103598044186,True,28.308068435857702,True,,False,,,,4,TCGA-55-8091-01,TCGA-55-8091,Male,Stage IB,74,0:LIVING,19.71,0,I,matched
TCGA-55-8091,TCGA-55-8091-01Z-00-DX1.0996c58a-6e93-4092-8cb8-014d548fe60c,4,TCGA-55-8091-01,4,7,1,0,0.221778,1.0000000010226762,0.41979480877845293,29.56728720114361,70.43271279885639,stroma-high,0.7043271279885639,0.7294412975842376,True,33.778695030856774,True,22.71888712058642,True,,False,,,,5,TCGA-55-8091-01,TCGA-55-8091,Male,Stage IB,74,0:LIVING,19.71,0,I,matched
TCGA-55-8092,TCGA-55-8092-01Z-00-DX1.04e44341-c4bb-4b0b-965c-7ec83f3877a6,1,TCGA-55-8092-01,1,1,1,0,12.370284,0.9372509967701792,0.5550327066763158,35.69267091896912,64.30732908103087,stroma-high,0.6430732908103087,0.6191527292892832,True,17.513692388376036,True,16.789162817164286,True,,False,,,,2,TCGA-55-8092-01,TCGA-55-8092,Male,Stage IIB,75,1:DECEASED,5.06,1,II,matched
TCGA-55-8092,TCGA-55-8092-01Z-00-DX1.04e44341-c4bb-4b0b-965c-7ec83f3877a6,2,TCGA-55-8092-01,2,2,1,0,6.135858,0.9156626501805537,0.5540658611300636,35.652662798162616,64.34733720183739,stroma-high,0.6434733720183738,0.6312016951844556,True,16.599102855560837,True,12.407467251787796,True,,False,,,,3,TCGA-55-8092-01,TCGA-55-8092,Male,Stage IIB,75,1:DECEASED,5.06,1,II,matched
TCGA-55-8094,TCGA-55-8094-01Z-00-DX1.8dc29615-e124-4f17-81a1-c0b20c38d12c,1,TCGA-55-8094-01,1,1,1,0,0.98568,0.9749999998890416,1.3886614574651113,58.13554922675325,41.86445077324676,stroma-low,0.4186445077324676,0.4929334613804085,True,33.05611121162974,True,1.9618941744119192,True,,False,,,,2,TCGA-55-8094-01,TCGA-55-8094,Male,Stage IV,51,0:LIVING,17.77,0,IV,matched
TCGA-55-8094,TCGA-55-8094-01Z-00-DX1.8dc29615-e124-4f17-81a1-c0b20c38d12c,2,TCGA-55-8094-01,2,2,1,0,0.357309,0.7241379322327577,0.7454391030927863,42.70782645879335,57.29217354120665,stroma-high,0.5729217354120665,0.6189038632565611,True,24.502844115088198,True,3.984697370037894,True,,False,,,,3,TCGA-55-8094-01,TCGA-55-8094,Male,Stage IV,51,0:LIVING,17.77,0,IV,matched
TCGA-55-8094,TCGA-55-8094-01Z-00-DX1.8dc29615-e124-4f17-81a1-c0b20c38d12c,3,TCGA-55-8094-01,3,3;5;6,3,2,5.951043,0.9026915123604774,1.8438646057000578,64.83658195275314,35.163418047246864,stroma-low,0.35163418047246864,0.3556749499055063,True,4.665062857827372,True,0.7757422042804885,True,4.97842155455839,True,995.9264634056713,995.9264634056713,999.000188511884,4,TCGA-55-8094-01,TCGA-55-8094,Male,Stage IV,51,0:LIVING,17.77,0,IV,matched
TCGA-55-8094,TCGA-55-8094-01Z-00-DX1.8dc29615-e124-4f17-81a1-c0b20c38d12c,4,TCGA-55-8094-01,4,4,1,0,1.761903,0.9370629379935599,0.6795406001802633,40.45990910296119,59.54009089703881,stroma-high,0.5954009089703881,0.6085673553925942,True,13.665784738311789,True,3.3836978654010412,True,,False,,,,5,TCGA-55-8094-01,TCGA-55-8094,Male,Stage IV,51,0:LIVING,17.77,0,IV,matched
TCGA-55-8094,TCGA-55-8094-01Z-00-DX1.8dc29615-e124-4f17-81a1-c0b20c38d12c,5,TCGA-55-8094-01,5,7,1,0,0.332667,0.9999999937685466,2.6575057615814264,72.65896309709102,27.341036902908982,stroma-low,0.27341036902908983,0.27404922038542107,True,2.1253933013753348,True,0.0,True,,False,,,,6,TCGA-55-8094-01,TCGA-55-8094,Male,Stage IV,51,0:LIVING,17.77,0,IV,matched
TCGA-55-8094,TCGA-55-8094-01Z-00-DX1.8dc29615-e124-4f17-81a1-c0b20c38d12c,6,TCGA-55-8094-01,6,8,1,0,0.837828,0.8235294078180606,2.6640456930032417,72.70776393674424,27.292236063255753,stroma-low,0.27292236063255754,0.2751234360674745,True,8.00473692609152,True,0.9793521342231721,True,,False,,,,7,TCGA-55-8094-01,TCGA-55-8094,Male,Stage IV,51,0:LIVING,17.77,0,IV,matched
TCGA-55-8206,TCGA-55-8206-01Z-00-DX1.1216f330-c4e9-41b5-a2b7-9cafd960fa11,1,TCGA-55-8206-01,1,1;2,2,1,3.412917,0.9422382665026673,0.27557288708493916,21.603852659074985,78.39614734092501,stroma-high,0.7839614734092502,0.7788135336149087,True,3.1728247002707226,True,5.398498503305235,True,0.0,True,555.0402333690092,555.0402333690092,555.0402333690092,2,TCGA-55-8206-01,TCGA-55-8206,Male,Stage IA,56,0:LIVING,29.17,0,I,matched
TCGA-55-8206,TCGA-55-8206-01Z-00-DX1.1216f330-c4e9-41b5-a2b7-9cafd960fa11,2,TCGA-55-8206-01,2,3;4,2,1,29.139165,0.9712473565128978,0.49829506657901373,33.25747228926991,66.74252771073009,stroma-high,0.6674252771073008,0.6544731610286749,True,5.5212189505707565,True,7.463623768984642,True,2.5389530059919045,True,222.0,222.0,222.0,3,TCGA-55-8206-01,TCGA-55-8206,Male,Stage IA,56,0:LIVING,29.17,0,I,matched
TCGA-55-8301,TCGA-55-8301-01Z-00-DX1.2A66E0FC-84F2-4DF8-B06E-D7CDD7AA82C7,1,TCGA-55-8301-01,1,1,1,0,5.71824,0.9068181817614004,1.0763357485165062,51.838232293863044,48.16176770613697,stroma-low,0.4816176770613697,0.39596528527136265,True,32.1180035671382,True,35.547139331685514,True,,False,,,,2,TCGA-55-8301-01,TCGA-55-8301,Male,Stage IB,58,0:LIVING,17.54,0,I,matched
TCGA-55-8505,TCGA-55-8505-01Z-00-DX1.D364C30D-BFB8-486B-A0D3-948FF8E90C3E,1,TCGA-55-8505-01,1,1,1,0,3.018645,0.8612244903607629,2.020368405567424,66.8914560834133,33.10854391658669,stroma-low,0.3310854391658669,0.3461595174409756,True,20.240208889831592,True,5.5916797111424055,True,,False,,,,2,TCGA-55-8505-01,TCGA-55-8505,Male,Stage IIIA,62,0:LIVING,14.45,0,III,matched
TCGA-55-8505,TCGA-55-8505-01Z-00-DX1.D364C30D-BFB8-486B-A0D3-948FF8E90C3E,2,TCGA-55-8505-01,2,2,1,0,0.936396,0.8289473692699942,0.9105481107789948,47.658999301919366,52.341000698080634,stroma-high,0.5234100069808063,0.5315486017525687,True,9.008622957647487,True,2.0198678745795244,True,,False,,,,3,TCGA-55-8505-01,TCGA-55-8505,Male,Stage IIIA,62,0:LIVING,14.45,0,III,matched
TCGA-55-8505,TCGA-55-8505-01Z-00-DX1.D364C30D-BFB8-486B-A0D3-948FF8E90C3E,3,TCGA-55-8505-01,3,3,1,0,0.24642,0.5999999988343916,1.1179581977888648,52.78471496538535,47.215285034614645,stroma-low,0.47215285034614646,0.501091218573098,True,19.476493946584228,True,5.8906310473005465,True,,False,,,,4,TCGA-55-8505-01,TCGA-55-8505,Male,Stage IIIA,62,0:LIVING,14.45,0,III,matched
TCGA-55-8505,TCGA-55-8505-01Z-00-DX1.D364C30D-BFB8-486B-A0D3-948FF8E90C3E,4,TCGA-55-8505-01,4,4,1,0,1.453878,0.8559322022638761,0.8601788023645428,46.24172693889089,53.75827306110911,stroma-high,0.5375827306110911,0.5192665453554767,True,16.321919275688902,True,17.313673742565587,True,,False,,,,5,TCGA-55-8505-01,TCGA-55-8505,Male,Stage IIIA,62,0:LIVING,14.45,0,III,matched
TCGA-55-8507,TCGA-55-8507-01Z-00-DX1.3C6198CF-3E13-4C4C-B851-5BDFF8552621,1,TCGA-55-8507-01,1,1,1,0,14.809842,0.9999999995360986,0.6667235960974914,40.00204938950734,59.99795061049266,stroma-high,0.5999795061049266,0.5938474270166781,True,8.645008434958417,True,5.30942497428227,True,,False,,,,2,TCGA-55-8507-01,TCGA-55-8507,Male,Stage IA,53,0:LIVING,13.73,0,I,matched
TCGA-55-8507,TCGA-55-8507-01Z-00-DX1.3C6198CF-3E13-4C4C-B851-5BDFF8552621,2,TCGA-55-8507-01,2,2;4;5;7;9;10;11;12,8,11,90.325251,0.9770836175110481,0.9293670715923965,48.16953110044252,51.83046889955748,stroma-high,0.5183046889955748,0.5097751025619215,True,18.36136960518881,True,6.621021533815593,True,,False,606.3032176211221,647.2750887500641,999.000188511884,3,TCGA-55-8507-01,TCGA-55-8507,Male,Stage IA,53,0:LIVING,13.73,0,I,matched
TCGA-55-8507,TCGA-55-8507-01Z-00-DX1.3C6198CF-3E13-4C4C-B851-5BDFF8552621,3,TCGA-55-8507-01,3,3;6,2,1,3.092571,0.9960159342525046,0.6160802447552979,38.121884526135204,61.878115473864796,stroma-high,0.6187811547386479,0.6418753720097918,True,45.26207003717509,True,26.99444428774625,True,79.94973544362271,True,222.000848301937,222.000848301937,222.000848301937,4,TCGA-55-8507-01,TCGA-55-8507,Male,Stage IA,53,0:LIVING,13.73,0,I,matched
TCGA-55-8507,TCGA-55-8507-01Z-00-DX1.3C6198CF-3E13-4C4C-B851-5BDFF8552621,4,TCGA-55-8507-01,4,8,1,0,0.209457,1.0000000025474411,0.5200655347149743,34.21336270297657,65.78663729702343,stroma-high,0.6578663729702343,0.6607045661421338,True,38.17524202186122,True,27.001189656690617,True,,False,,,,5,TCGA-55-8507-01,TCGA-55-8507,Male,Stage IA,53,0:LIVING,13.73,0,I,matched
TCGA-55-8507,TCGA-55-8507-01Z-00-DX1.3C6198CF-3E13-4C4C-B851-5BDFF8552621,5,TCGA-55-8507-01,5,13,1,0,0.234099,1.0000000056405904,0.7046121027507724,41.33562712676528,58.66437287323472,stroma-high,0.5866437287323472,0.7371244025894991,True,72.41002837603855,True,11.6819290899717,True,,False,,,,6,TCGA-55-8507-01,TCGA-55-8507,Male,Stage IA,53,0:LIVING,13.73,0,I,matched
TCGA-55-8512,TCGA-55-8512-01Z-00-DX1.FD4B9CF5-1955-420E-A955-6D284772D2BE,1,TCGA-55-8512-01,1,1,1,0,42.692265,0.9870129868479482,4.489026618563993,81.78183365666362,18.21816634333637,stroma-low,0.18218166343336373,0.18492746116827918,True,20.675351208635227,True,4.722267316185561,True,,False,,,,2,TCGA-55-8512-01,TCGA-55-8512,Male,Stage IV,41,1:DECEASED,19.94,1,IV,matched
TCGA-55-8615,TCGA-55-8615-01Z-00-DX1.928CFCA6-059D-4901-8D6A-BC7D9486C29F,1,TCGA-55-8615-01,1,1;3,2,1,1.121211,0.8351648359738256,0.691117037362423,40.86748711610962,59.13251288389038,stroma-high,0.5913251288389038,0.6746353012273589,True,40.87562163691868,True,7.920757830250187,True,52.27156249545105,True,784.921040943867,784.921040943867,784.921040943867,2,TCGA-55-8615-01,TCGA-55-8615,Male,Stage IIIA,67,0:LIVING,14.65,0,III,matched
TCGA-55-8615,TCGA-55-8615-01Z-00-DX1.928CFCA6-059D-4901-8D6A-BC7D9486C29F,2,TCGA-55-8615-01,2,2,1,0,0.443556,0.9166666704122691,0.2886824115066726,22.401361959240017,77.59863804075998,stroma-high,0.7759863804075998,0.797428027036426,True,27.706189660695735,True,15.927521187993015,True,,False,,,,3,TCGA-55-8615-01,TCGA-55-8615,Male,Stage IIIA,67,0:LIVING,14.65,0,III,matched
TCGA-55-8615,TCGA-55-8615-01Z-00-DX1.928CFCA6-059D-4901-8D6A-BC7D9486C29F,3,TCGA-55-8615-01,3,4;5,2,1,0.837828,0.9705882339517836,0.35755656834475275,26.3382445109242,73.6617554890758,stroma-high,0.736617554890758,0.7428958550278396,True,10.57204247679183,True,6.30117349938601,True,0.0,True,555.0003393213194,555.0003393213194,555.0003393213194,4,TCGA-55-8615-01,TCGA-55-8615,Male,Stage IIIA,67,0:LIVING,14.65,0,III,matched
TCGA-55-8615,TCGA-55-8615-01Z-00-DX1.928CFCA6-059D-4901-8D6A-BC7D9486C29F,4,TCGA-55-8615-01,4,6;7;10;11;13;14;15,7,7,57.083193,0.9738830130793853,1.1699061863187394,53.91505834192276,46.08494165807725,stroma-low,0.4608494165807725,0.46754877921997423,True,17.184533934936038,True,4.614263512198451,True,31.825412398886645,True,481.5256654811093,496.44564737768076,888.0002120758642,5,TCGA-55-8615-01,TCGA-55-8615,Male,Stage IIIA,67,0:LIVING,14.65,0,III,matched
TCGA-55-8615,TCGA-55-8615-01Z-00-DX1.928CFCA6-059D-4901-8D6A-BC7D9486C29F,5,TCGA-55-8615-01,5,8;12,2,1,6.65334,0.9314814808124302,1.11389094243936,52.693869871733625,47.306130128266375,stroma-low,0.4730613012826637,0.47691335625009684,True,6.12157710940649,True,2.0392136025162797,True,6.3150293654573755,True,111.0,111.0,111.0,6,TCGA-55-8615-01,TCGA-55-8615,Male,Stage IIIA,67,0:LIVING,14.65,0,III,matched
TCGA-55-8615,TCGA-55-8615-01Z-00-DX1.928CFCA6-059D-4901-8D6A-BC7D9486C29F,6,TCGA-55-8615-01,6,9,1,0,0.431235,0.59999999984866,1.8115095869025055,64.43191925581448,35.56808074418553,stroma-low,0.35568080744185526,0.358816733405982,True,35.54790836924833,True,3.6643684778645462,True,,False,,,,7,TCGA-55-8615-01,TCGA-55-8615,Male,Stage IIIA,67,0:LIVING,14.65,0,III,matched
TCGA-55-8615,TCGA-55-8615-01Z-00-DX1.928CFCA6-059D-4901-8D6A-BC7D9486C29F,7,TCGA-55-8615-01,7,16,1,0,0.283383,0.7391304366248496,1.0027726663179175,50.06922069500317,49.93077930499683,stroma-low,0.4993077930499683,0.5896556696752843,True,43.425792515580916,True,3.562027322370085,True,,False,,,,8,TCGA-55-8615-01,TCGA-55-8615,Male,Stage IIIA,67,0:LIVING,14.65,0,III,matched
TCGA-55-8620,TCGA-55-8620-01Z-00-DX1.6591EEC4-D696-4826-80BD-99BE1D99EBB8,1,TCGA-55-8620-01,1,1;2;3;4,4,4,4.965363,0.9652605445668948,0.650892330632967,39.426697826102874,60.57330217389713,stroma-high,0.6057330217389714,0.6453046464142262,True,30.670718044140017,True,10.976806945945812,True,14.272668274157052,True,411.5690690933309,388.5005938116282,647.2750887500671,2,TCGA-55-8620-01,TCGA-55-8620,Male,Stage IV,60,1:DECEASED,12.32,1,IV,matched
TCGA-55-8620,TCGA-55-8620-01Z-00-DX1.6591EEC4-D696-4826-80BD-99BE1D99EBB8,2,TCGA-55-8620-01,2,5;6;7,3,3,1.527804,1.0000000005904086,0.18012024423505935,15.262872161964417,84.73712783803559,stroma-high,0.8473712783803559,0.8533607047807887,True,13.007083192762387,True,9.656928285043875,True,9.002536343916088,True,659.123476421928,800.4722357662192,954.8981934995647,3,TCGA-55-8620-01,TCGA-55-8620,Male,Stage IV,60,1:DECEASED,12.32,1,IV,matched
TCGA-55-8620,TCGA-55-8620-01Z-00-DX1.6591EEC4-D696-4826-80BD-99BE1D99EBB8,3,TCGA-55-8620-01,3,8,1,0,0.665334,1.000000002307826,0.31543441251439275,23.97948613123586,76.02051386876414,stroma-high,0.7602051386876414,0.7641856407544692,True,5.487304237123072,True,1.7222067905221965,True,,False,,,,4,TCGA-55-8620-01,TCGA-55-8620,Male,Stage IV,60,1:DECEASED,12.32,1,IV,matched
TCGA-55-8620,TCGA-55-8620-01Z-00-DX1.6591EEC4-D696-4826-80BD-99BE1D99EBB8,4,TCGA-55-8620-01,4,9;10,2,1,22.535109,0.9917987969633836,1.352621884415751,57.49423200454758,42.50576799545242,stroma-low,0.4250576799545242,0.4433980767433562,True,26.413536279692135,True,5.053636890489925,True,75.76794690466411,True,111.0,111.0,111.0,5,TCGA-55-8620-01,TCGA-55-8620,Male,Stage IV,60,1:DECEASED,12.32,1,IV,matched
TCGA-55-A48Y,TCGA-55-A48Y-01Z-00-DX1.D8735347-E060-439F-B5A1-1E47A958A392,1,TCGA-55-A48Y-01,1,1,1,0,13.92273,0.9796460183050284,1.0568248853565176,51.381373926411534,48.618626073588466,stroma-low,0.48618626073588467,0.5005796895424041,True,26.199058371975703,True,1.9517417596504054,True,,False,,,,2,TCGA-55-A48Y-01,TCGA-55-A48Y,Male,Stage IIA,69,0:LIVING,20.7,0,II,matched
TCGA-55-A490,TCGA-55-A490-01Z-00-DX1.07D77502-7216-4C23-9BB8-8DE99AECC920,1,TCGA-55-A490-01,1,1,1,0,0.283383,0.5217391282285857,1.103842782016204,52.467931133064205,47.532068866935795,stroma-low,0.47532068866935795,0.5145480261207843,True,64.36968592207718,True,59.0942475805243,True,,False,,,,2,TCGA-55-A490-01,TCGA-55-A490,Male,Stage IIA,78,1:DECEASED,3.25,1,II,matched
TCGA-55-A490,TCGA-55-A490-01Z-00-DX1.07D77502-7216-4C23-9BB8-8DE99AECC920,2,TCGA-55-A490-01,2,2,1,0,0.554445,0.9999999984969489,0.18617851755249076,15.695657508335541,84.30434249166446,stroma-high,0.8430434249166445,0.8370130758527119,True,9.530190149021356,True,18.496274625704643,True,,False,,,,3,TCGA-55-A490-01,TCGA-55-A490,Male,Stage IIA,78,1:DECEASED,3.25,1,II,matched
TCGA-55-A490,TCGA-55-A490-01Z-00-DX1.07D77502-7216-4C23-9BB8-8DE99AECC920,3,TCGA-55-A490-01,3,3;4;6;7;8;9;10;11;12,9,10,5.150178,1.0000000014449564,0.1655208220596602,14.20144702066829,85.7985529793317,stroma-high,0.857985529793317,0.8639408804760143,True,15.539180966647745,True,11.64070338924066,True,18.297265660581104,True,678.7268378762496,646.9758731357335,954.8981934995629,4,TCGA-55-A490-01,TCGA-55-A490,Male,Stage IIA,78,1:DECEASED,3.25,1,II,matched
TCGA-55-A490,TCGA-55-A490-01Z-00-DX1.07D77502-7216-4C23-9BB8-8DE99AECC920,4,TCGA-55-A490-01,4,5,1,0,0.332667,1.0000000015095591,0.20743468152410222,17.17978493563434,82.82021506436566,stroma-high,0.8282021506436565,0.8324560635203543,True,17.899901517345175,True,15.528893143059424,True,,False,,,,5,TCGA-55-A490-01,TCGA-55-A490,Male,Stage IIA,78,1:DECEASED,3.25,1,II,matched
TCGA-55-A490,TCGA-55-A490-01Z-00-DX1.07D77502-7216-4C23-9BB8-8DE99AECC920,5,TCGA-55-A490-01,5,13;14;15;16;17,5,4,67.777821,0.9638247594722948,1.5688491001934168,61.07206141751546,38.927938582484536,stroma-low,0.38927938582484534,0.40030490806991664,True,18.696004432075146,True,2.0697841042069167,True,24.190149095671728,True,235.11141184441968,166.5,496.4456473776787,6,TCGA-55-A490-01,TCGA-55-A490,Male,Stage IIA,78,1:DECEASED,3.25,1,II,matched
TCGA-55-A490,TCGA-55-A490-01Z-00-DX1.07D77502-7216-4C23-9BB8-8DE99AECC920,6,TCGA-55-A490-01,6,18,1,0,0.443556,0.6944444440786255,0.4380540455470613,30.461584312738243,69.53841568726176,stroma-high,0.6953841568726176,0.6757181605712427,True,1.1592453369245856,True,10.013893957398947,True,,False,,,,7,TCGA-55-A490-01,TCGA-55-A490,Male,Stage IIA,78,1:DECEASED,3.25,1,II,matched
TCGA-55-A490,TCGA-55-A490-01Z-00-DX1.07D77502-7216-4C23-9BB8-8DE99AECC920,7,TCGA-55-A490-01,7,19,1,0,0.357309,0.586206894108006,0.301000129172871,23.13605682454744,76.86394317545256,stroma-high,0.7686394317545256,0.7674032051713702,True,1.2516023037573794,True,1.741769747659938,True,,False,,,,8,TCGA-55-A490-01,TCGA-55-A490,Male,Stage IIA,78,1:DECEASED,3.25,1,II,matched
TCGA-55-A490,TCGA-55-A490-01Z-00-DX1.07D77502-7216-4C23-9BB8-8DE99AECC920,8,TCGA-55-A490-01,8,20,1,0,1.207458,0.9795918409942473,0.5312479751418692,34.69379119294178,65.30620880705823,stroma-high,0.6530620880705822,0.6585440114813531,True,20.066283064070674,True,13.255822487072102,True,,False,,,,9,TCGA-55-A490-01,TCGA-55-A490,Male,Stage IIA,78,1:DECEASED,3.25,1,II,matched
TCGA-62-A46P,TCGA-62-A46P-01Z-00-DX1.9136CC96-51B9-4FEB-8BCF-2C3676C708B1,1,TCGA-62-A46P-01,1,1,1,0,115.1391609375,0.9392669032855391,3.6691831521693166,78.58297763420575,21.41702236579426,stroma-low,0.2141702236579426,0.21200773750955784,True,13.988989133312735,True,2.2578123634485197,True,,False,,,,2,TCGA-62-A46P-01,TCGA-62-A46P,Male,Stage IB,65,1:DECEASED,19.51,1,I,matched
TCGA-62-A46S,TCGA-62-A46S-01Z-00-DX1.7A8A6F38-76EA-4F43-BC03-1C42E6787E33,1,TCGA-62-A46S-01,1,1,1,0,0.4950625,0.7999999992590802,1.182637140343228,54.1838640277721,45.8161359722279,stroma-low,0.458161359722279,0.5066064580956102,True,53.56491204419422,True,20.05365100863095,True,,False,,,,2,TCGA-62-A46S-01,TCGA-62-A46S,Male,Stage IB,73,1:DECEASED,54.3,1,I,matched
TCGA-62-A46S,TCGA-62-A46S-01Z-00-DX1.7A8A6F38-76EA-4F43-BC03-1C42E6787E33,2,TCGA-62-A46S-01,2,2;4;5;7,4,3,242.357846875,0.9513839241372108,2.4486484336594123,71.00313298856953,28.99686701143048,stroma-low,0.2899686701143048,0.2611164337509852,True,33.436207653514785,True,19.012921237998746,True,18.874175212756185,True,148.33333333333334,111.25,222.5,3,TCGA-62-A46S-01,TCGA-62-A46S,Male,Stage IB,73,1:DECEASED,54.3,1,I,matched
TCGA-62-A46S,TCGA-62-A46S-01Z-00-DX1.7A8A6F38-76EA-4F43-BC03-1C42E6787E33,3,TCGA-62-A46S-01,3,3,1,0,2.2154046875,0.8212290503428112,1.7652807789069227,63.837306951690955,36.162693048309045,stroma-low,0.36162693048309047,0.3860936264414557,True,28.035124675763385,True,7.4938850276229,True,,False,,,,4,TCGA-62-A46S-01,TCGA-62-A46S,Male,Stage IB,73,1:DECEASED,54.3,1,I,matched
TCGA-62-A46S,TCGA-62-A46S-01Z-00-DX1.7A8A6F38-76EA-4F43-BC03-1C42E6787E33,4,TCGA-62-A46S-01,4,6,1,0,0.371296875,0.9333333351809414,0.961711669598083,49.024109123799995,50.97589087620001,stroma-high,0.5097589087620001,0.6219015952754575,True,55.94308031045874,True,27.063317972665768,True,,False,,,,5,TCGA-62-A46S-01,TCGA-62-A46S,Male,Stage IB,73,1:DECEASED,54.3,1,I,matched
TCGA-62-A46S,TCGA-62-A46S-01Z-00-DX1.7A8A6F38-76EA-4F43-BC03-1C42E6787E33,5,TCGA-62-A46S-01,5,8;9,2,1,0.7797234375,1.0000000018189605,0.492311953753309,32.98988207627077,67.01011792372923,stroma-high,0.6701011792372923,0.7090389791479631,True,49.84861350174569,True,35.59494309895963,True,34.47927464226567,True,351.8397413031668,351.8397413031668,351.8397413031668,6,TCGA-62-A46S-01,TCGA-62-A46S,Male,Stage IB,73,1:DECEASED,54.3,1,I,matched
TCGA-62-A470,TCGA-62-A470-01Z-00-DX1.3983A979-E756-413C-941A-C8B83AD3BBA7,1,TCGA-62-A470-01,1,1,1,0,0.3341671875,0.9259259274641174,0.300611645921294,23.11309812302614,76.88690187697385,stroma-high,0.7688690187697386,0.7740272611733451,True,4.3596640310830335,True,1.1332503316056477,True,,False,,,,2,TCGA-62-A470-01,TCGA-62-A470,Male,Stage IB,84,1:DECEASED,39.22,1,I,matched
TCGA-62-A470,TCGA-62-A470-01Z-00-DX1.3983A979-E756-413C-941A-C8B83AD3BBA7,2,TCGA-62-A470-01,2,2;6;7;8;9,5,4,158.840803125,0.9590930342709818,6.271724089130861,86.24810309435814,13.751896905641853,stroma-low,0.13751896905641853,0.142109097957812,True,18.55034451374402,True,2.344175711893182,True,3.4496941658096323,True,201.456265015514,189.93595031201227,314.7031594380314,3,TCGA-62-A470-01,TCGA-62-A470,Male,Stage IB,84,1:DECEASED,39.22,1,I,matched
TCGA-62-A470,TCGA-62-A470-01Z-00-DX1.3983A979-E756-413C-941A-C8B83AD3BBA7,3,TCGA-62-A470-01,3,3,1,0,0.2599078125,0.7619047592684399,0.2854181647241575,22.204304603506703,77.79569539649329,stroma-high,0.7779569539649329,0.7699497888635687,True,28.32450504568757,True,32.70065370481526,True,,False,,,,4,TCGA-62-A470-01,TCGA-62-A470,Male,Stage IB,84,1:DECEASED,39.22,1,I,matched
TCGA-62-A470,TCGA-62-A470-01Z-00-DX1.3983A979-E756-413C-941A-C8B83AD3BBA7,4,TCGA-62-A470-01,4,4,1,0,0.321790625,0.923076924164119,0.3344937808336155,25.065218409985242,74.93478159001475,stroma-high,0.7493478159001475,0.7561964909165869,True,28.604889308546788,True,24.00965593980891,True,,False,,,,5,TCGA-62-A470-01,TCGA-62-A470,Male,Stage IB,84,1:DECEASED,39.22,1,I,matched
TCGA-62-A470,TCGA-62-A470-01Z-00-DX1.3983A979-E756-413C-941A-C8B83AD3BBA7,5,TCGA-62-A470-01,5,5,1,0,0.420803125,0.7647058842322783,1.0140273458441893,50.3482411962562,49.6517588037438,stroma-low,0.49651758803743806,0.5611600810661396,True,32.5325823106093,True,4.692902336608446,True,,False,,,,6,TCGA-62-A470-01,TCGA-62-A470,Male,Stage IB,84,1:DECEASED,39.22,1,I,matched
TCGA-64-1676,TCGA-64-1676-01Z-00-DX1.3B8F1FAC-0FB2-45DE-AFA1-6ED451A4A61B,1,TCGA-64-1676-01,1,1;2;3;4,4,5,49.06225,0.9617500001649365,0.9559340076981468,48.8735306986734,51.126469301326594,stroma-high,0.5112646930132659,0.5094408948688786,True,7.295444687221078,True,2.5114491448944234,True,24.337178733206127,True,306.3159492113124,313.2889458756596,553.7902333690764,2,TCGA-64-1676-01,TCGA-64-1676,Male,Stage IA,58,0:LIVING,56.77,0,I,matched
TCGA-64-1680,TCGA-64-1680-01Z-00-DX1.9CB14F20-E7B0-49A1-A327-404B3160FD65,1,TCGA-64-1680-01,1,1,1,0,85.8957341875,0.9400257032983459,1.8211725739563644,64.55374587036988,35.44625412963012,stroma-low,0.35446254129630117,0.35050290564932857,True,6.322649206319997,True,2.5027040874091586,True,,False,,,,2,TCGA-64-1680-01,TCGA-64-1680,Male,Stage IV,63,0:LIVING,36.99,0,IV,matched
TCGA-64-1680,TCGA-64-1680-01Z-00-DX1.9CB14F20-E7B0-49A1-A327-404B3160FD65,2,TCGA-64-1680-01,2,2,1,0,2.0974111875,0.7660818725683688,1.139864368422655,53.2680662028536,46.73193379714639,stroma-low,0.4673193379714639,0.4573889338666757,True,0.5060207260522044,True,4.197693688492236,True,,False,,,,3,TCGA-64-1680-01,TCGA-64-1680,Male,Stage IV,63,0:LIVING,36.99,0,IV,matched
TCGA-64-5774,TCGA-64-5774-01Z-00-DX1.5E3B95EB-BF45-4687-BCF7-AA2A41AA806C,1,TCGA-64-5774-01,1,1,1,0,0.196249,0.8750000006921256,0.8156588053032372,44.92357280568539,55.07642719431461,stroma-high,0.5507642719431461,0.543557107363067,True,0.0,True,3.160038847905518,True,,False,,,,2,TCGA-64-5774-01,TCGA-64-5774,Male,Stage IB,60,0:LIVING,87.91,0,I,matched
TCGA-64-5774,TCGA-64-5774-01Z-00-DX1.5E3B95EB-BF45-4687-BCF7-AA2A41AA806C,2,TCGA-64-5774-01,2,2,1,0,0.564215875,0.82608695296949,0.9196285049640711,47.90658726862797,52.093412731372034,stroma-high,0.5209341273137204,0.5198054694684086,True,0.07143827973585334,True,0.5209955565548965,True,,False,,,,3,TCGA-64-5774-01,TCGA-64-5774,Male,Stage IB,60,0:LIVING,87.91,0,I,matched
TCGA-64-5774,TCGA-64-5774-01Z-00-DX1.5E3B95EB-BF45-4687-BCF7-AA2A41AA806C,3,TCGA-64-5774-01,3,3;5;6;7;8;11,6,9,2.968266125,0.9876033044037519,0.25856182099864494,20.54422887176738,79.45577112823261,stroma-high,0.7945577112823261,0.7941192133791966,True,1.1305518706682076,True,1.5111514000436845,True,0.021150472906449735,True,514.2117430118475,399.35465641070806,996.75,4,TCGA-64-5774-01,TCGA-64-5774,Male,Stage IB,60,0:LIVING,87.91,0,I,matched
TCGA-64-5774,TCGA-64-5774-01Z-00-DX1.5E3B95EB-BF45-4687-BCF7-AA2A41AA806C,4,TCGA-64-5774-01,4,4,1,0,0.1594523125,0.6153846184203688,0.8464762851546292,45.84279213116148,54.15720786883852,stroma-high,0.5415720786883852,0.5522490813203803,True,7.575225989969302,True,1.2796767912991767,True,,False,,,,5,TCGA-64-5774-01,TCGA-64-5774,Male,Stage IB,60,0:LIVING,87.91,0,I,matched
TCGA-64-5774,TCGA-64-5774-01Z-00-DX1.5E3B95EB-BF45-4687-BCF7-AA2A41AA806C,5,TCGA-64-5774-01,5,9,1,0,0.2943735,0.7916666641516106,1.702780676238882,63.0010674269148,36.99893257308519,stroma-low,0.3699893257308519,0.3710846683159874,True,0.7644646194558451,True,0.23405391365062062,True,,False,,,,6,TCGA-64-5774-01,TCGA-64-5774,Male,Stage IB,60,0:LIVING,87.91,0,I,matched
TCGA-64-5774,TCGA-64-5774-01Z-00-DX1.5E3B95EB-BF45-4687-BCF7-AA2A41AA806C,6,TCGA-64-5774-01,6,10;13;14;15;16;18;20;22;24;27;28,11,13,38.51386625,0.9509554136790227,0.7858352256240161,44.00379241872246,55.99620758127754,stroma-high,0.5599620758127754,0.5550650366337473,True,3.8204100846705447,True,4.273631537104236,True,1.3058619426886922,True,445.51693783525997,399.3546564107065,798.6694601285755,7,TCGA-64-5774-01,TCGA-64-5774,Male,Stage IB,60,0:LIVING,87.91,0,I,matched
TCGA-64-5774,TCGA-64-5774-01Z-00-DX1.5E3B95EB-BF45-4687-BCF7-AA2A41AA806C,7,TCGA-64-5774-01,7,12,1,0,0.4538258125,0.9999999971661621,0.3281321585699511,24.70628818469866,75.29371181530134,stroma-high,0.7529371181530133,0.7447702338730762,True,4.133597263824002,True,7.659396276076678,True,,False,,,,8,TCGA-64-5774-01,TCGA-64-5774,Male,Stage IB,60,0:LIVING,87.91,0,I,matched
TCGA-64-5774,TCGA-64-5774-01Z-00-DX1.5E3B95EB-BF45-4687-BCF7-AA2A41AA806C,8,TCGA-64-5774-01,8,17;23;25,3,2,2.8456105,0.9181034490860259,0.6108250743130256,37.92001279676667,62.07998720323332,stroma-high,0.6207998720323332,0.6186893732318274,True,2.9248514578660063,True,3.317370933669625,True,0.025899770377798278,True,524.799524639436,524.799524639436,892.9342554360326,9,TCGA-64-5774-01,TCGA-64-5774,Male,Stage IB,60,0:LIVING,87.91,0,I,matched
TCGA-64-5774,TCGA-64-5774-01Z-00-DX1.5E3B95EB-BF45-4687-BCF7-AA2A41AA806C,9,TCGA-64-5774-01,9,19,1,0,0.367966875,1.0000000000504468,0.9790844631527347,49.47158554279319,50.52841445720681,stroma-high,0.505284144572068,0.5077738132646805,True,3.3070915563052807,True,0.7818855681153307,True,,False,,,,10,TCGA-64-5774-01,TCGA-64-5774,Male,Stage IB,60,0:LIVING,87.91,0,I,matched
TCGA-64-5774,TCGA-64-5774-01Z-00-DX1.5E3B95EB-BF45-4687-BCF7-AA2A41AA806C,10,TCGA-64-5774-01,10,21,1,0,0.4538258125,0.6216216198219038,1.7866965900990845,64.11521786932522,35.88478213067479,stroma-low,0.3588478213067479,0.36128210612205564,True,2.9518719531507807,True,0.5134122171860999,True,,False,,,,11,TCGA-64-5774-01,TCGA-64-5774,Male,Stage IB,60,0:LIVING,87.91,0,I,matched
TCGA-64-5774,TCGA-64-5774-01Z-00-DX1.5E3B95EB-BF45-4687-BCF7-AA2A41AA806C,11,TCGA-64-5774-01,11,26,1,0,0.2085145625,0.5294117677463767,7.168823664626753,87.75833533620913,12.241664663790875,stroma-low,0.12241664663790874,0.12241664663790874,True,0.0,True,0.0,True,,False,,,,12,TCGA-64-5774-01,TCGA-64-5774,Male,Stage IB,60,0:LIVING,87.91,0,I,matched
TCGA-64-5778,TCGA-64-5778-01Z-00-DX1.96C39819-8A65-4651-BE83-39959F6FAD05,1,TCGA-64-5778-01,1,1,1,0,0.2085145625,0.8235294130076106,6.583736407322363,86.81388768952381,13.186112310476206,stroma-low,0.13186112310476206,0.317549231844678,True,82.90567887560778,True,17.87245745421478,True,,False,,,,2,TCGA-64-5778-01,TCGA-64-5778,Male,Stage IB,60,0:LIVING,42.87,0,I,matched
TCGA-64-5778,TCGA-64-5778-01Z-00-DX1.96C39819-8A65-4651-BE83-39959F6FAD05,2,TCGA-64-5778-01,2,2;3;4;6,4,3,58.3718119375,0.9428451353840092,0.9335907619661931,48.28274836278494,51.71725163721504,stroma-high,0.5171725163721504,0.4846646093244928,True,18.220975417413182,True,15.666365125255426,True,2.9477250815875293,True,561.5566000719526,553.7503400872813,798.6694601285767,3,TCGA-64-5778-01,TCGA-64-5778,Male,Stage IB,60,0:LIVING,42.87,0,I,matched
TCGA-64-5778,TCGA-64-5778-01Z-00-DX1.96C39819-8A65-4651-BE83-39959F6FAD05,3,TCGA-64-5778-01,3,5,1,0,0.2575768125,0.9523809567638506,0.1826026249166616,15.44074239895499,84.55925760104502,stroma-high,0.8455925760104501,0.8520131924895967,True,28.529551063156806,True,22.823271081174887,True,,False,,,,4,TCGA-64-5778-01,TCGA-64-5778,Male,Stage IB,60,0:LIVING,42.87,0,I,matched
TCGA-64-5779,TCGA-64-5779-01Z-00-DX1.B3268447-DCE0-4927-B5A9-EC4D61E9B17D,1,TCGA-64-5779-01,1,1,1,0,0.196249,0.6249999908905011,1.0355167981753375,50.87242704671303,49.12757295328697,stroma-low,0.4912757295328697,0.4924052846875816,True,0.960629272008654,True,0.24343684682077743,True,,False,,,,2,TCGA-64-5779-01,TCGA-64-5779,Male,Stage IIIA,61,0:LIVING,28.38,0,III,matched
TCGA-64-5779,TCGA-64-5779-01Z-00-DX1.B3268447-DCE0-4927-B5A9-EC4D61E9B17D,2,TCGA-64-5779-01,2,2;5;6;7;8;9;10;12,8,10,174.7474689375,0.9697480172069178,1.4160799227936998,58.61064070911588,41.389359290884116,stroma-low,0.41389359290884115,0.40786919927625914,True,21.328177291575248,True,8.16276267309268,True,45.176611804164715,True,293.8090498964134,276.875,664.5,3,TCGA-64-5779-01,TCGA-64-5779,Male,Stage IIIA,61,0:LIVING,28.38,0,III,matched
TCGA-64-5779,TCGA-64-5779-01Z-00-DX1.B3268447-DCE0-4927-B5A9-EC4D61E9B17D,3,TCGA-64-5779-01,3,3,1,0,0.2821079375,0.6956521712652276,0.24362092333408453,19.58964494429293,80.41035505570709,stroma-high,0.8041035505570708,0.7965734460099597,True,4.963858269947633,True,12.171189543367463,True,,False,,,,4,TCGA-64-5779-01,TCGA-64-5779,Male,Stage IIIA,61,0:LIVING,28.38,0,III,matched
TCGA-64-5779,TCGA-64-5779-01Z-00-DX1.B3268447-DCE0-4927-B5A9-EC4D61E9B17D,4,TCGA-64-5779-01,4,4,1,0,1.22655625,0.9199999984810712,1.066779439524963,51.615543445223935,48.384456554776065,stroma-low,0.4838445655477607,0.5485545295407025,True,42.698942240000136,True,6.508907719112714,True,,False,,,,5,TCGA-64-5779-01,TCGA-64-5779,Male,Stage IIIA,61,0:LIVING,28.38,0,III,matched
TCGA-64-5779,TCGA-64-5779-01Z-00-DX1.B3268447-DCE0-4927-B5A9-EC4D61E9B17D,5,TCGA-64-5779-01,5,11,1,0,1.8275688125,0.9664429534864182,0.4685541923776969,31.905815584447268,68.09418441555273,stroma-high,0.6809418441555274,0.6780225200235555,True,0.31425252686267363,True,1.5664576137029158,True,,False,,,,6,TCGA-64-5779-01,TCGA-64-5779,Male,Stage IIIA,61,0:LIVING,28.38,0,III,matched
TCGA-67-4679,TCGA-67-4679-01Z-00-DX1.a3d84341-fed7-4235-a053-638ed5294954,1,TCGA-67-4679-01,1,1,1,0,0.394272,0.906249998181579,0.8008939940171469,44.47202315504647,55.52797684495352,stroma-high,0.5552797684495352,0.5552797684495352,True,0.0,True,0.0,True,,False,,,,2,TCGA-67-4679-01,TCGA-67-4679,Male,[Discrepancy],69,0:LIVING,14.72,0,,matched
TCGA-67-4679,TCGA-67-4679-01Z-00-DX1.a3d84341-fed7-4235-a053-638ed5294954,2,TCGA-67-4679-01,2,2;3;7;8;9;10;12;13;20;27;33;37;44,13,19,8.74791,0.9732394360713544,0.26550834790362904,20.980371116749676,79.01962888325032,stroma-high,0.7901962888325031,0.7902074583747478,True,0.008530868929937109,True,0.0,True,0.0,True,456.03369058181363,566.0249824877432,777.0002423724073,3,TCGA-67-4679-01,TCGA-67-4679,Male,[Discrepancy],69,0:LIVING,14.72,0,,matched
TCGA-67-4679,TCGA-67-4679-01Z-00-DX1.a3d84341-fed7-4235-a053-638ed5294954,3,TCGA-67-4679-01,3,4,1,0,0.160173,0.9999999951385409,0.5184105425433897,34.141658531627044,65.85834146837296,stroma-high,0.6585834146837296,0.6585834146837296,True,0.0,True,0.0,True,,False,,,,4,TCGA-67-4679-01,TCGA-67-4679,Male,[Discrepancy],69,0:LIVING,14.72,0,,matched
TCGA-67-4679,TCGA-67-4679-01Z-00-DX1.a3d84341-fed7-4235-a053-638ed5294954,4,TCGA-67-4679-01,4,5,1,0,0.320346,0.846153848258277,0.866867131039089,46.43432393373357,53.565676066266434,stroma-high,0.5356567606626643,0.5356567606626643,True,0.0,True,0.0,True,,False,,,,5,TCGA-67-4679-01,TCGA-67-4679,Male,[Discrepancy],69,0:LIVING,14.72,0,,matched
TCGA-67-4679,TCGA-67-4679-01Z-00-DX1.a3d84341-fed7-4235-a053-638ed5294954,5,TCGA-67-4679-01,5,6;11;16;19;23;24;26;28;30;31;35;42;46;47;55;59;60;62,18,29,12.148506,0.9543610550465136,0.2934981514476055,22.690264467648447,77.30973553235157,stroma-high,0.7730973553235156,0.7730973553235156,True,0.0,True,0.0,True,0.0,True,404.57224531944183,400.2560442293929,784.9291689270867,6,TCGA-67-4679-01,TCGA-67-4679,Male,[Discrepancy],69,0:LIVING,14.72,0,,matched
TCGA-67-4679,TCGA-67-4679-01Z-00-DX1.a3d84341-fed7-4235-a053-638ed5294954,6,TCGA-67-4679-01,6,14;15;17;22;25;36;38;41;48;50;51;54;58;61;63;65;66;67;68;70;71;72;73,23,38,17.655993,0.9427773900298049,0.3015988164282721,23.17141139202107,76.82858860797892,stroma-high,0.7682858860797892,0.7682966889089468,True,0.008205139659224292,True,0.00031576902868482955,True,0.0004073957706341278,True,463.27318457694645,444.0002120757881,992.852738299457,7,TCGA-67-4679-01,TCGA-67-4679,Male,[Discrepancy],69,0:LIVING,14.72,0,,matched
TCGA-67-4679,TCGA-67-4679-01Z-00-DX1.a3d84341-fed7-4235-a053-638ed5294954,7,TCGA-67-4679-01,7,18,1,0,0.320346,0.9999999987138347,0.7281334567102331,42.13409872269626,57.865901277303735,stroma-high,0.5786590127730373,0.5786590127730373,True,0.0,True,0.0,True,,False,,,,8,TCGA-67-4679-01,TCGA-67-4679,Male,[Discrepancy],69,0:LIVING,14.72,0,,matched
TCGA-67-4679,TCGA-67-4679-01Z-00-DX1.a3d84341-fed7-4235-a053-638ed5294954,8,TCGA-67-4679-01,8,21;32;39;40;43;45;49;52;53;56;57;64;69,13,20,16.202115,0.937642584929549,0.31290871436185314,23.833242245935146,76.16675775406486,stroma-high,0.7616675775406486,0.7602123052421941,True,0.02975247573540226,True,0.9388576489453616,True,0.0,True,526.6116864363642,555.0402333690089,915.3642991905276,9,TCGA-67-4679-01,TCGA-67-4679,Male,[Discrepancy],69,0:LIVING,14.72,0,,matched
TCGA-67-4679,TCGA-67-4679-01Z-00-DX1.a3d84341-fed7-4235-a053-638ed5294954,9,TCGA-67-4679-01,9,29,1,0,0.726939,1.0000000023559303,0.6991764559538961,41.14796044307166,58.85203955692834,stroma-high,0.5885203955692834,0.5885203955692834,True,0.0,True,0.0,True,,False,,,,10,TCGA-67-4679-01,TCGA-67-4679,Male,[Discrepancy],69,0:LIVING,14.72,0,,matched
TCGA-67-4679,TCGA-67-4679-01Z-00-DX1.a3d84341-fed7-4235-a053-638ed5294954,10,TCGA-67-4679-01,10,34,1,0,1.010322,0.890243898402709,0.28000802992851426,21.87549010486693,78.12450989513306,stroma-high,0.7812450989513307,0.7812450989513307,True,0.0,True,0.0,True,,False,,,,11,TCGA-67-4679-01,TCGA-67-4679,Male,[Discrepancy],69,0:LIVING,14.72,0,,matched
TCGA-69-7760,TCGA-69-7760-01Z-00-DX1.7fc295e3-5bfc-4017-801c-491489d0eb34,1,TCGA-69-7760-01,1,1,1,0,145.400121,0.9783069229177253,1.4356447511667874,58.9431094365895,41.056890563410505,stroma-low,0.4105689056341051,0.40210117795675965,True,8.29319201897043,True,4.6295259374589355,True,,False,,,,2,TCGA-69-7760-01,TCGA-69-7760,Male,Stage IIB,73,0:LIVING,6.64,0,II,matched
TCGA-69-7761,TCGA-69-7761-01Z-00-DX1.aa7ef5ef-8162-4961-a923-3a29646efba3,1,TCGA-69-7761-01,1,1,1,0,0.394272,0.9687499970865474,0.6455490069699528,39.23000799341981,60.76999200658019,stroma-high,0.6076999200658019,0.7243511183127798,True,50.178779471185294,True,13.172267961648418,True,,False,,,,2,TCGA-69-7761-01,TCGA-69-7761,Male,Stage IB,84,0:LIVING,6.11,0,I,matched
TCGA-69-7761,TCGA-69-7761-01Z-00-DX1.aa7ef5ef-8162-4961-a923-3a29646efba3,2,TCGA-69-7761-01,2,2;5;8,3,2,124.922619,0.9781043495401502,1.082242431280068,51.97485244860535,48.025147551394646,stroma-low,0.4802514755139465,0.475048081747995,True,23.050984325550615,True,5.3345945880680565,True,40.51605729405121,True,231.02458594459074,231.02458594459074,351.0491718891815,3,TCGA-69-7761-01,TCGA-69-7761,Male,Stage IB,84,0:LIVING,6.11,0,I,matched
TCGA-69-7761,TCGA-69-7761-01Z-00-DX1.aa7ef5ef-8162-4961-a923-3a29646efba3,3,TCGA-69-7761-01,3,3,1,0,0.110889,0.9999999908096571,0.2534840623849448,20.222360219136146,79.77763978086385,stroma-high,0.7977763978086385,0.7977763978086385,True,0.0,True,0.0,True,,False,,,,4,TCGA-69-7761-01,TCGA-69-7761,Male,Stage IB,84,0:LIVING,6.11,0,I,matched
TCGA-69-7761,TCGA-69-7761-01Z-00-DX1.aa7ef5ef-8162-4961-a923-3a29646efba3,4,TCGA-69-7761-01,4,4;6;7;9;11,5,5,126.499707,0.9781825266904626,1.0889154618671495,52.128268555867585,47.87173144413241,stroma-low,0.4787173144413241,0.4733510227011417,True,30.432501424384895,True,6.578536377843854,True,40.111134970490895,True,133.2,111.0,222.0,5,TCGA-69-7761-01,TCGA-69-7761,Male,Stage IB,84,0:LIVING,6.11,0,I,matched
TCGA-69-7761,TCGA-69-7761-01Z-00-DX1.aa7ef5ef-8162-4961-a923-3a29646efba3,5,TCGA-69-7761-01,5,10,1,0,0.320346,1.0000000015951138,0.35983288342235614,26.46155184280789,73.53844815719211,stroma-high,0.735384481571921,0.7418747268511551,True,44.103212980591174,True,49.86039277837735,True,,False,,,,6,TCGA-69-7761-01,TCGA-69-7761,Male,Stage IB,84,0:LIVING,6.11,0,I,matched
TCGA-69-7763,TCGA-69-7763-01Z-00-DX1.33203e8a-43e9-4e3e-98ba-1ac08b80a44f,1,TCGA-69-7763-01,1,1,1,0,46.031256,0.9890256958649564,1.9443813597513648,66.03700819229327,33.96299180770673,stroma-low,0.33962991807706727,0.3546552398170136,True,25.028784341249633,True,1.525368305929468,True,,False,,,,2,TCGA-69-7763-01,TCGA-69-7763,Male,Stage IA,69,0:LIVING,22.67,0,I,matched
TCGA-69-7764,TCGA-69-7764-01Z-00-DX1.be9fec48-68eb-4c27-a028-5315d7e368e0,1,TCGA-69-7764-01,1,1;2;3;4,4,3,76.414842,0.9561431794528393,1.0759300384287764,51.82881978253578,48.17118021746422,stroma-low,0.48171180217464216,0.47520189807915186,True,4.461618765828231,True,3.8530246469591454,True,0.0,True,607.7889129316208,845.388549858919,866.9781889359432,2,TCGA-69-7764-01,TCGA-69-7764,Male,Stage IA,75,0:LIVING,13.6,0,I,matched
TCGA-69-7764,TCGA-69-7764-01Z-00-DX1.be9fec48-68eb-4c27-a028-5315d7e368e0,2,TCGA-69-7764-01,2,5,1,0,0.714618,0.6896551750506378,0.5395671145790035,35.04667704769394,64.95332295230605,stroma-high,0.6495332295230606,0.6447434959065553,True,0.3084416277678403,True,2.3260109450355264,True,,False,,,,3,TCGA-69-7764-01,TCGA-69-7764,Male,Stage IA,75,0:LIVING,13.6,0,I,matched
TCGA-69-7764,TCGA-69-7764-01Z-00-DX1.be9fec48-68eb-4c27-a028-5315d7e368e0,3,TCGA-69-7764-01,3,6,1,0,1.379952,0.9017857168261765,0.8045513877156834,44.58456507210559,55.4154349278944,stroma-high,0.554154349278944,0.5679671811919855,True,15.026342121813006,True,2.597959182382837,True,,False,,,,4,TCGA-69-7764-01,TCGA-69-7764,Male,Stage IA,75,0:LIVING,13.6,0,I,matched
TCGA-69-7764,TCGA-69-7764-01Z-00-DX1.be9fec48-68eb-4c27-a028-5315d7e368e0,4,TCGA-69-7764-01,4,7,1,0,125.957583,0.9023769929192759,1.2945447923408957,56.41837094059081,43.58162905940918,stroma-low,0.4358162905940918,0.41618289040359596,True,26.936611852562862,True,10.780326008269933,True,,False,,,,5,TCGA-69-7764-01,TCGA-69-7764,Male,Stage IA,75,0:LIVING,13.6,0,I,matched
TCGA-69-7764,TCGA-69-7764-01Z-00-DX1.be9fec48-68eb-4c27-a028-5315d7e368e0,5,TCGA-69-7764-01,5,8,1,0,0.234099,0.5789473623368203,0.6259855069095792,38.49883681308792,61.50116318691209,stroma-high,0.6150116318691209,0.6412704316773429,True,63.32465670537083,True,22.02741332743761,True,,False,,,,6,TCGA-69-7764-01,TCGA-69-7764,Male,Stage IA,75,0:LIVING,13.6,0,I,matched
TCGA-69-7764,TCGA-69-7764-01Z-00-DX1.be9fec48-68eb-4c27-a028-5315d7e368e0,6,TCGA-69-7764-01,6,9,1,0,0.234099,0.9473684200715262,0.4977850324955108,33.23474475279902,66.76525524720098,stroma-high,0.6676525524720098,0.6699010100441224,True,3.4005111275934135,True,0.43238558575006286,True,,False,,,,7,TCGA-69-7764-01,TCGA-69-7764,Male,Stage IA,75,0:LIVING,13.6,0,I,matched
TCGA-69-7764,TCGA-69-7764-01Z-00-DX1.be9fec48-68eb-4c27-a028-5315d7e368e0,7,TCGA-69-7764-01,7,10,1,0,2.069928,0.7916666694293543,1.277653152345239,56.09515878349052,43.90484121650948,stroma-low,0.4390484121650948,0.4268295475654088,True,38.594927925048964,True,16.139942090078232,True,,False,,,,8,TCGA-69-7764-01,TCGA-69-7764,Male,Stage IA,75,0:LIVING,13.6,0,I,matched
TCGA-69-7765,TCGA-69-7765-01Z-00-DX1.ac389366-febb-488c-9190-fe00bc07cd20,1,TCGA-69-7765-01,1,1;2;5;6;7;8;9;10;11;12;13;14;15;16;17;18;19;20;21;23;24,21,39,74.394198,0.9161974163645372,0.8610384652406614,46.26655930667804,53.73344069332195,stroma-high,0.5373344069332195,0.5137098402522902,True,10.49796865417341,True,14.202857433880414,True,3.677293240903711,True,381.18620422495366,313.99605265684613,941.9068743505003,2,TCGA-69-7765-01,TCGA-69-7765,Male,[Discrepancy],56,0:LIVING,5.42,0,,matched
TCGA-69-7765,TCGA-69-7765-01Z-00-DX1.ac389366-febb-488c-9190-fe00bc07cd20,2,TCGA-69-7765-01,2,3,1,0,8.045613,0.9295558949635424,0.8294104217399754,45.337580451253395,54.66241954874661,stroma-high,0.5466241954874661,0.5299502684726636,True,13.777612323520435,True,12.598060351186243,True,,False,,,,3,TCGA-69-7765-01,TCGA-69-7765,Male,[Discrepancy],56,0:LIVING,5.42,0,,matched
TCGA-69-7765,TCGA-69-7765-01Z-00-DX1.ac389366-febb-488c-9190-fe00bc07cd20,3,TCGA-69-7765-01,3,4,1,0,0.24642,0.6499999993604433,14.446550636010409,93.52606272063933,6.473937279360667,stroma-low,0.06473937279360667,0.2754757482816119,True,97.37340614863024,True,33.611031121424375,True,,False,,,,4,TCGA-69-7765-01,TCGA-69-7765,Male,[Discrepancy],56,0:LIVING,5.42,0,,matched
TCGA-69-7765,TCGA-69-7765-01Z-00-DX1.ac389366-febb-488c-9190-fe00bc07cd20,4,TCGA-69-7765-01,4,22;26;27;28,4,3,16.731918,0.9005891016287052,0.6801653130413969,40.48204707965177,59.517952920348215,stroma-high,0.5951795292034822,0.5672462224845959,True,9.424740895848062,True,15.67999036896175,True,0.013653385493563298,True,222.00014138385873,111.0,444.0004241515763,5,TCGA-69-7765-01,TCGA-69-7765,Male,[Discrepancy],56,0:LIVING,5.42,0,,matched
TCGA-69-7765,TCGA-69-7765-01Z-00-DX1.ac389366-febb-488c-9190-fe00bc07cd20,5,TCGA-69-7765-01,5,25,1,0,0.320346,0.6538461488922062,0.3459115191545261,25.700910812608296,74.29908918739171,stroma-high,0.7429908918739171,0.724163978946468,True,8.009662857496666,True,16.45617219019759,True,,False,,,,6,TCGA-69-7765-01,TCGA-69-7765,Male,[Discrepancy],56,0:LIVING,5.42,0,,matched
TCGA-69-7765,TCGA-69-7765-01Z-00-DX1.ac389366-febb-488c-9190-fe00bc07cd20,6,TCGA-69-7765-01,6,29,1,0,2.377953,0.8601036279093504,2.177038910189702,68.52415005706399,31.47584994293601,stroma-low,0.3147584994293601,0.30936879426945557,True,12.042193734066144,True,8.401840897355305,True,,False,,,,7,TCGA-69-7765-01,TCGA-69-7765,Male,[Discrepancy],56,0:LIVING,5.42,0,,matched
TCGA-69-8254,TCGA-69-8254-01Z-00-DX1.83a81d08-8c70-4f07-b4da-cbd17c4fe4d4,1,TCGA-69-8254-01,1,1;4;5;8;10;11,6,6,6.567093,0.9737335830217536,0.5665947354948229,36.1672819815687,63.8327180184313,stroma-high,0.638327180184313,0.6456916178499048,True,25.945346381600604,True,18.938387818732206,True,29.81918018568998,True,307.88452383805947,290.621051020767,597.7906495239981,2,TCGA-69-8254-01,TCGA-69-8254,Male,[Not Available],85,0:LIVING,13.44,0,,matched
TCGA-69-8254,TCGA-69-8254-01Z-00-DX1.83a81d08-8c70-4f07-b4da-cbd17c4fe4d4,2,TCGA-69-8254-01,2,2;7;9,3,2,9.24075,0.9893333333392754,0.8304373553372899,45.36824780787253,54.63175219212747,stroma-high,0.5463175219212747,0.5639692491789935,True,40.556703613527624,True,25.342390702422772,True,72.02198954674932,True,166.5004241509685,166.5004241509685,222.000848301937,3,TCGA-69-8254-01,TCGA-69-8254,Male,[Not Available],85,0:LIVING,13.44,0,,matched
TCGA-69-8254,TCGA-69-8254-01Z-00-DX1.83a81d08-8c70-4f07-b4da-cbd17c4fe4d4,3,TCGA-69-8254-01,3,3;6;12,3,2,3.782547,0.895765471082972,0.571780340469873,36.3778783681022,63.62212163189781,stroma-high,0.6362212163189781,0.6739651071077147,True,36.66599048072382,True,17.561392975758398,True,56.29189943628693,True,669.4713455559165,669.4713455559165,894.9426911118329,4,TCGA-69-8254-01,TCGA-69-8254,Male,[Not Available],85,0:LIVING,13.44,0,,matched
TCGA-69-8254,TCGA-69-8254-01Z-00-DX1.83a81d08-8c70-4f07-b4da-cbd17c4fe4d4,4,TCGA-69-8254-01,4,13;16;18;22;23;26;28,7,7,4.768227,0.9819121437053735,0.5954826814338571,37.32304263551755,62.676957364482455,stroma-high,0.6267695736448246,0.6622647362904698,True,29.353145266010994,True,11.564242385240311,True,27.136748143312094,True,565.2066281869313,566.0249824877383,948.421414820781,5,TCGA-69-8254-01,TCGA-69-8254,Male,[Not Available],85,0:LIVING,13.44,0,,matched
TCGA-69-8254,TCGA-69-8254-01Z-00-DX1.83a81d08-8c70-4f07-b4da-cbd17c4fe4d4,5,TCGA-69-8254-01,5,14,1,0,0.468198,0.86842105589992,1.163643679543194,53.78166888315326,46.21833111684675,stroma-low,0.4621833111684675,0.5446315960450856,True,65.55008093883747,True,43.70906102515989,True,,False,,,,6,TCGA-69-8254-01,TCGA-69-8254,Male,[Not Available],85,0:LIVING,13.44,0,,matched
TCGA-69-8254,TCGA-69-8254-01Z-00-DX1.83a81d08-8c70-4f07-b4da-cbd17c4fe4d4,6,TCGA-69-8254-01,6,15,1,0,5.532129,0.9643652570943119,1.2465383482488752,55.48707188642131,44.512928113578695,stroma-low,0.445129281135787,0.486554499380038,True,52.68615107256407,True,22.03304322412785,True,,False,,,,7,TCGA-69-8254-01,TCGA-69-8254,Male,[Not Available],85,0:LIVING,13.44,0,,matched
TCGA-69-8254,TCGA-69-8254-01Z-00-DX1.83a81d08-8c70-4f07-b4da-cbd17c4fe4d4,7,TCGA-69-8254-01,7,17;20;24,3,2,1.823508,0.8445945945975688,0.7012425241311001,41.21943310165349,58.78056689834651,stroma-high,0.5878056689834651,0.5677440673239291,True,8.736020412573668,True,14.761129950968655,True,11.179674826496093,True,529.7107074103898,529.7107074103898,948.4214148207795,8,TCGA-69-8254-01,TCGA-69-8254,Male,[Not Available],85,0:LIVING,13.44,0,,matched
TCGA-69-8254,TCGA-69-8254-01Z-00-DX1.83a81d08-8c70-4f07-b4da-cbd17c4fe4d4,8,TCGA-69-8254-01,8,19,1,0,0.283383,0.826086952997803,1.045732904719765,51.117763335923605,48.882236664076395,stroma-low,0.48882236664076395,0.5785109408652404,True,55.498328424967106,True,15.62409808916651,True,,False,,,,9,TCGA-69-8254-01,TCGA-69-8254,Male,[Not Available],85,0:LIVING,13.44,0,,matched
TCGA-69-8254,TCGA-69-8254-01Z-00-DX1.83a81d08-8c70-4f07-b4da-cbd17c4fe4d4,9,TCGA-69-8254-01,9,21;31;34;36;38;39;40;42;43;44;45;46;47;48;49;50;51;52;53;54;55;56,22,25,99.602964,0.8875556654342703,1.1183471255943063,52.79338367551786,47.206616324482134,stroma-low,0.47206616324482137,0.4631854805465345,True,14.474151133594896,True,11.136824598789403,True,6.507640876421513,True,407.0052664629832,313.9960526568448,954.8981934995619,10,TCGA-69-8254-01,TCGA-69-8254,Male,[Not Available],85,0:LIVING,13.44,0,,matched
TCGA-69-8254,TCGA-69-8254-01Z-00-DX1.83a81d08-8c70-4f07-b4da-cbd17c4fe4d4,10,TCGA-69-8254-01,10,25;30,2,1,4.632696,0.9069148931407943,0.9980142875287019,49.95030785105761,50.04969214894239,stroma-high,0.5004969214894239,0.5002811359909348,True,37.86346366037204,True,20.523444683070537,True,86.11908939490505,True,111.0,111.0,111.0,11,TCGA-69-8254-01,TCGA-69-8254,Male,[Not Available],85,0:LIVING,13.44,0,,matched
TCGA-69-8254,TCGA-69-8254-01Z-00-DX1.83a81d08-8c70-4f07-b4da-cbd17c4fe4d4,11,TCGA-69-8254-01,11,27;29;32,3,2,5.014647,0.9606879600714573,0.7606687363140621,43.20339883506494,56.79660116493507,stroma-high,0.5679660116493507,0.5491671291194923,True,34.02439843486432,True,29.96701543658157,True,57.102803070615124,True,299.6456369653576,299.6456369653576,351.0491718891815,12,TCGA-69-8254-01,TCGA-69-8254,Male,[Not Available],85,0:LIVING,13.44,0,,matched
TCGA-69-8254,TCGA-69-8254-01Z-00-DX1.83a81d08-8c70-4f07-b4da-cbd17c4fe4d4,12,TCGA-69-8254-01,12,33,1,0,0.677655,0.7818181779494889,1.0587431316560625,51.42667462377419,48.5733253762258,stroma-low,0.485733253762258,0.5188883381520197,True,23.38892913649034,True,7.655111372303717,True,,False,,,,13,TCGA-69-8254-01,TCGA-69-8254,Male,[Not Available],85,0:LIVING,13.44,0,,matched
TCGA-69-8254,TCGA-69-8254-01Z-00-DX1.83a81d08-8c70-4f07-b4da-cbd17c4fe4d4,13,TCGA-69-8254-01,13,35,1,0,1.293705,0.9999999994169012,0.6761384739528926,40.33905816613904,59.66094183386096,stroma-high,0.5966094183386096,0.5852618442165558,True,10.64783634508302,True,10.77924470026745,True,,False,,,,14,TCGA-69-8254-01,TCGA-69-8254,Male,[Not Available],85,0:LIVING,13.44,0,,matched
TCGA-69-8254,TCGA-69-8254-01Z-00-DX1.83a81d08-8c70-4f07-b4da-cbd17c4fe4d4,14,TCGA-69-8254-01,14,37,1,0,0.24642,0.5999999996362021,0.34058312566926213,25.40559545677051,74.59440454322949,stroma-high,0.7459440454322949,0.7574330750364564,True,12.90435689742224,True,5.071653460931173,True,,False,,,,15,TCGA-69-8254-01,TCGA-69-8254,Male,[Not Available],85,0:LIVING,13.44,0,,matched
TCGA-69-8254,TCGA-69-8254-01Z-00-DX1.83a81d08-8c70-4f07-b4da-cbd17c4fe4d4,15,TCGA-69-8254-01,15,41,1,0,0.344988,0.9285714309844478,0.339355471710235,25.337222184705677,74.66277781529433,stroma-high,0.7466277781529433,0.7405492300476471,True,1.6714923130476331,True,5.408362815135946,True,,False,,,,16,TCGA-69-8254-01,TCGA-69-8254,Male,[Not Available],85,0:LIVING,13.44,0,,matched
TCGA-69-8255,TCGA-69-8255-01Z-00-DX1.75d1666c-c088-405c-80da-52d84b990361,1,TCGA-69-8255-01,1,1;2;3,3,2,43.838118,0.9946599214320907,1.258525231480232,55.72331953340179,44.276680466598215,stroma-low,0.44276680466598217,0.4550590686291054,True,30.644635507442736,True,8.122136122416194,True,27.87901179357731,True,549.4626107919672,549.4626107919672,941.9068743505019,2,TCGA-69-8255-01,TCGA-69-8255,Male,Stage IA,71,0:LIVING,4.24,0,I,matched
TCGA-69-8255,TCGA-69-8255-01Z-00-DX1.75d1666c-c088-405c-80da-52d84b990361,2,TCGA-69-8255-01,2,4;5;6;7,4,5,2.821509,0.8864628816019561,4.265031135494515,81.0067599931472,18.99324000685279,stroma-low,0.1899324000685279,0.5010388625489798,True,90.47392415247508,True,50.78449948249711,True,93.89401063534321,True,312.6519892492946,111.0,675.2197128774641,3,TCGA-69-8255-01,TCGA-69-8255,Male,Stage IA,71,0:LIVING,4.24,0,I,matched
TCGA-69-8255,TCGA-69-8255-01Z-00-DX1.75d1666c-c088-405c-80da-52d84b990361,3,TCGA-69-8255-01,3,8,1,0,0.406593,0.8181818195233503,0.48739235574256706,32.76824395801341,67.23175604198659,stroma-high,0.6723175604198659,0.6779529848506413,True,3.444014031748678,True,0.8617860067760383,True,,False,,,,4,TCGA-69-8255-01,TCGA-69-8255,Male,Stage IA,71,0:LIVING,4.24,0,I,matched
TCGA-69-8255,TCGA-69-8255-01Z-00-DX1.75d1666c-c088-405c-80da-52d84b990361,4,TCGA-69-8255-01,4,9;11,2,1,2.796867,0.9207048458053142,1.1895682678007573,54.32889603371818,45.671103966281834,stroma-low,0.45671103966281834,0.5317193587248807,True,62.9923250131882,True,39.9096031573718,True,99.28203637226653,True,111.0,111.0,111.0,5,TCGA-69-8255-01,TCGA-69-8255,Male,Stage IA,71,0:LIVING,4.24,0,I,matched
TCGA-69-8255,TCGA-69-8255-01Z-00-DX1.75d1666c-c088-405c-80da-52d84b990361,5,TCGA-69-8255-01,5,10,1,0,1.404594,0.8947368420121437,1.511124779326982,60.17720790967566,39.82279209032434,stroma-low,0.39822792090324344,0.4809014760068581,True,46.28160950567345,True,13.868127262043387,True,,False,,,,6,TCGA-69-8255-01,TCGA-69-8255,Male,Stage IA,71,0:LIVING,4.24,0,I,matched
TCGA-69-8255,TCGA-69-8255-01Z-00-DX1.75d1666c-c088-405c-80da-52d84b990361,6,TCGA-69-8255-01,6,12,1,0,0.197136,1.0000000001425633,0.1727590456290324,14.730992378436076,85.26900762156393,stroma-high,0.8526900762156393,0.8562122407254285,True,4.133166915574728,True,0.5166452147106421,True,,False,,,,7,TCGA-69-8255-01,TCGA-69-8255,Male,Stage IA,71,0:LIVING,4.24,0,I,matched
TCGA-69-8255,TCGA-69-8255-01Z-00-DX1.75d1666c-c088-405c-80da-52d84b990361,7,TCGA-69-8255-01,7,13,1,0,0.24642,0.8500000063611878,0.5001784754456144,33.34126463166597,66.65873536833404,stroma-high,0.6665873536833403,0.653645128848562,True,44.86436893426145,True,52.130507856064455,True,,False,,,,8,TCGA-69-8255-01,TCGA-69-8255,Male,Stage IA,71,0:LIVING,4.24,0,I,matched
TCGA-69-8255,TCGA-69-8255-01Z-00-DX1.75d1666c-c088-405c-80da-52d84b990361,8,TCGA-69-8255-01,8,14,1,0,0.271062,0.6818181775032082,2.2120621599185166,68.86735218021535,31.132647819784655,stroma-low,0.31132647819784653,0.31132647819784653,True,0.0,True,0.0,True,,False,,,,9,TCGA-69-8255-01,TCGA-69-8255,Male,Stage IA,71,0:LIVING,4.24,0,I,matched
TCGA-69-8453,TCGA-69-8453-01Z-00-DX1.C472096B-95BA-42CD-ADEB-326C38F9DC95,1,TCGA-69-8453-01,1,1,1,0,0.936396,0.9210526318773093,0.38341162063925993,27.71493421907859,72.28506578092141,stroma-high,0.7228506578092141,0.7121844614957338,True,11.690700133240766,True,14.684935375011394,True,,False,,,,2,TCGA-69-8453-01,TCGA-69-8453,Male,Stage IIB,77,0:LIVING,26.71,0,II,matched
TCGA-69-8453,TCGA-69-8453-01Z-00-DX1.C472096B-95BA-42CD-ADEB-326C38F9DC95,2,TCGA-69-8453-01,2,2;6;8;9;10;11;12;13;15;16;17;18;19;20;21;22;24;25;26;27;28;29;30;31;32;33;34;35;36;37;38;39;40;41;42;43;44;45;46;47;48;49;51;52;55;56;59;60;62;66;67;69;71;72;78,55,87,102.14109,0.9735826295503169,0.44429639365606866,30.76213411648726,69.23786588351274,stroma-high,0.6923786588351274,0.6826083343682182,True,12.120110713117151,True,13.476695728396873,True,11.296427904584567,True,516.8580930174364,496.4456473776779,999.0,3,TCGA-69-8453-01,TCGA-69-8453,Male,Stage IIB,77,0:LIVING,26.71,0,II,matched
TCGA-69-8453,TCGA-69-8453-01Z-00-DX1.C472096B-95BA-42CD-ADEB-326C38F9DC95,3,TCGA-69-8453-01,3,3;5;7,3,2,3.6963,0.8400000000542787,0.6635746673884123,39.88848113623508,60.11151886376492,stroma-high,0.6011151886376492,0.5996252944947185,True,0.8712164600694242,True,1.3917201768545193,True,0.4397156975035556,True,705.3245964123528,705.3245964123528,744.6491928247056,4,TCGA-69-8453-01,TCGA-69-8453,Male,Stage IIB,77,0:LIVING,26.71,0,II,matched
TCGA-69-8453,TCGA-69-8453-01Z-00-DX1.C472096B-95BA-42CD-ADEB-326C38F9DC95,4,TCGA-69-8453-01,4,4;14;23,3,2,4.891437,0.944584382788367,0.6100459549265957,37.889971591177876,62.11002840882212,stroma-high,0.6211002840882212,0.6248384498167676,True,5.407533158285798,True,2.8987054886072445,True,11.460663200173416,True,393.10985643873204,393.10985643873204,675.2197128774641,5,TCGA-69-8453-01,TCGA-69-8453,Male,Stage IIB,77,0:LIVING,26.71,0,II,matched
TCGA-69-8453,TCGA-69-8453-01Z-00-DX1.C472096B-95BA-42CD-ADEB-326C38F9DC95,5,TCGA-69-8453-01,5,50;53;54;57;61;63;64;65;68;70;73;74;75;76,14,21,13.774878,0.9982110903752115,0.3307918216583299,24.85676694692357,75.14323305307641,stroma-high,0.7514323305307642,0.7418822639987207,True,6.156074611561291,True,10.5852794112879,True,4.259083524377428,True,467.35274317940076,444.0,999.000188511884,6,TCGA-69-8453-01,TCGA-69-8453,Male,Stage IIB,77,0:LIVING,26.71,0,II,matched
TCGA-69-8453,TCGA-69-8453-01Z-00-DX1.C472096B-95BA-42CD-ADEB-326C38F9DC95,6,TCGA-69-8453-01,6,58,1,0,0.110889,1.000000007618736,0.5693779122155425,36.28048462920782,63.71951537079218,stroma-high,0.6371951537079218,0.5524676282680652,True,4.635824291184312,True,35.49839119680953,True,,False,,,,7,TCGA-69-8453-01,TCGA-69-8453,Male,Stage IIB,77,0:LIVING,26.71,0,II,matched
TCGA-69-8453,TCGA-69-8453-01Z-00-DX1.C472096B-95BA-42CD-ADEB-326C38F9DC95,7,TCGA-69-8453-01,7,77,1,0,0.517482,0.9999999995987828,0.40278761969670385,28.713371435641154,71.28662856435885,stroma-high,0.7128662856435884,0.7092763764334752,True,0.0,True,1.8366347902208646,True,,False,,,,8,TCGA-69-8453-01,TCGA-69-8453,Male,Stage IIB,77,0:LIVING,26.71,0,II,matched
TCGA-73-4659,TCGA-73-4659-01Z-00-DX1.578400cd-d284-451b-8fdf-9f82c1458276,1,TCGA-73-4659-01,1,1;2;3;4;9,5,8,2.09457,0.9294117658257058,0.4200621120677849,29.580544998565085,70.41945500143491,stroma-high,0.704194550014349,0.7244877870928811,True,19.472704594454452,True,11.075511331412088,True,19.656700754783532,True,491.10418768970044,453.0245859445922,999.000188511884,2,TCGA-73-4659-01,TCGA-73-4659,Male,Stage IIIA,66,1:DECEASED,23.36,1,III,matched
TCGA-73-4659,TCGA-73-4659-01Z-00-DX1.578400cd-d284-451b-8fdf-9f82c1458276,2,TCGA-73-4659-01,2,5;7;8;11;13;14;15;22;23;28;29;31;32,13,18,94.243329,0.9762060400353757,1.4903097047950435,59.84435196656387,40.15564803343613,stroma-low,0.4015564803343613,0.4115339112297872,True,18.78786100986983,True,2.169070654632298,True,17.665138094139994,True,353.343137628308,281.1190773491903,894.9426911118309,3,TCGA-73-4659-01,TCGA-73-4659,Male,Stage IIIA,66,1:DECEASED,23.36,1,III,matched
TCGA-73-4659,TCGA-73-4659-01Z-00-DX1.578400cd-d284-451b-8fdf-9f82c1458276,3,TCGA-73-4659-01,3,6,1,0,0.357309,0.6551724223140024,1.1173401759924222,52.770933488224756,47.229066511775244,stroma-low,0.4722906651177524,0.6411839577932399,True,61.02508894796578,True,20.497195859957767,True,,False,,,,4,TCGA-73-4659-01,TCGA-73-4659,Male,Stage IIIA,66,1:DECEASED,23.36,1,III,matched
TCGA-73-4659,TCGA-73-4659-01Z-00-DX1.578400cd-d284-451b-8fdf-9f82c1458276,4,TCGA-73-4659-01,4,10,1,0,0.332667,0.6296296279165458,1.5947501826743247,61.46064439354495,38.53935560645505,stroma-low,0.3853935560645505,0.6171013736380143,True,65.0034048526021,True,0.9338383393052844,True,,False,,,,5,TCGA-73-4659-01,TCGA-73-4659,Male,Stage IIIA,66,1:DECEASED,23.36,1,III,matched
TCGA-73-4659,TCGA-73-4659-01Z-00-DX1.578400cd-d284-451b-8fdf-9f82c1458276,5,TCGA-73-4659-01,5,12,1,0,0.468198,1.0000000021927917,0.4537156042029052,31.210754214314463,68.78924578568554,stroma-high,0.6878924578568554,0.724158992456893,True,27.472325015645506,True,12.948982752285337,True,,False,,,,6,TCGA-73-4659-01,TCGA-73-4659,Male,Stage IIIA,66,1:DECEASED,23.36,1,III,matched
TCGA-73-4659,TCGA-73-4659-01Z-00-DX1.578400cd-d284-451b-8fdf-9f82c1458276,6,TCGA-73-4659-01,6,16;18;19;21;24;25;27,7,6,75.724866,0.9847054996685134,1.5752581641645056,61.1689416651386,38.8310583348614,stroma-low,0.388310583348614,0.3995287043441161,True,23.504369539305404,True,2.9713333491489258,True,26.47537175915224,True,444.75806241410737,422.1280221146972,555.0402333690096,7,TCGA-73-4659-01,TCGA-73-4659,Male,Stage IIIA,66,1:DECEASED,23.36,1,III,matched
TCGA-73-4659,TCGA-73-4659-01Z-00-DX1.578400cd-d284-451b-8fdf-9f82c1458276,7,TCGA-73-4659-01,7,17;20;26,3,2,1.503162,0.9754098356040872,0.5108971477927782,33.81415793517988,66.18584206482012,stroma-high,0.6618584206482012,0.7184819959799453,True,30.960643061646554,True,6.638581111443015,True,19.817701921687757,True,444.0002120757881,444.0002120757881,444.0004241515763,8,TCGA-73-4659-01,TCGA-73-4659,Male,Stage IIIA,66,1:DECEASED,23.36,1,III,matched
TCGA-73-4659,TCGA-73-4659-01Z-00-DX1.578400cd-d284-451b-8fdf-9f82c1458276,8,TCGA-73-4659-01,8,30,1,0,0.221778,1.000000002057277,0.38454634160200674,27.774176280518176,72.22582371948182,stroma-high,0.7222582371948182,0.7227968486582202,True,0.33380603371917655,True,0.0,True,,False,,,,9,TCGA-73-4659-01,TCGA-73-4659,Male,Stage IIIA,66,1:DECEASED,23.36,1,III,matched
TCGA-73-4677,TCGA-73-4677-01Z-00-DX1.b557785c-9ccc-42a7-bb54-7bb47638ddfc,1,TCGA-73-4677-01,1,1;3,2,1,4.953042,0.9999999992182372,0.38409035827157834,27.750381756233168,72.24961824376683,stroma-high,0.7224961824376683,0.7267424086861016,True,17.737424115676664,True,10.009903577083586,True,32.69165552363948,True,222.00084830193703,222.00084830193703,222.00084830193703,2,TCGA-73-4677-01,TCGA-73-4677,Male,[Discrepancy],74,1:DECEASED,1.25,1,,matched
TCGA-73-4677,TCGA-73-4677-01Z-00-DX1.b557785c-9ccc-42a7-bb54-7bb47638ddfc,2,TCGA-73-4677-01,2,2,1,0,0.221778,1.000000002799627,0.20528745721071795,17.032240398966334,82.96775960103366,stroma-high,0.8296775960103366,0.8405105568871138,True,10.388279129802767,True,1.350784242552366,True,,False,,,,3,TCGA-73-4677-01,TCGA-73-4677,Male,[Discrepancy],74,1:DECEASED,1.25,1,,matched
TCGA-73-4677,TCGA-73-4677-01Z-00-DX1.b557785c-9ccc-42a7-bb54-7bb47638ddfc,3,TCGA-73-4677-01,3,4;20;21;25;26;28;29;30;32;34;35,11,15,28.720251,0.9734019730758756,0.6118526402044734,37.95958916733581,62.04041083266421,stroma-high,0.6204041083266421,0.6334038986282354,True,20.458741506690213,True,9.488522402563069,True,6.911739275431891,True,452.36193614535307,351.0491718891832,992.8527382994562,4,TCGA-73-4677-01,TCGA-73-4677,Male,[Discrepancy],74,1:DECEASED,1.25,1,,matched
TCGA-73-4677,TCGA-73-4677-01Z-00-DX1.b557785c-9ccc-42a7-bb54-7bb47638ddfc,4,TCGA-73-4677-01,4,5;7;8;9;10;12;13;14;15;16;17;19;23;27;31,15,20,50.947335,0.998548972131399,0.600204156383924,37.5079738413029,62.49202615869709,stroma-high,0.6249202615869709,0.6377449733736731,True,24.13387167780022,True,10.243024173239565,True,25.047792399987767,True,424.64531346562126,333.00056553522495,948.4214148207784,5,TCGA-73-4677-01,TCGA-73-4677,Male,[Discrepancy],74,1:DECEASED,1.25,1,,matched
TCGA-73-4677,TCGA-73-4677-01Z-00-DX1.b557785c-9ccc-42a7-bb54-7bb47638ddfc,5,TCGA-73-4677-01,5,6,1,0,0.344988,0.9999999942374416,0.4751312718283295,32.209423046088304,67.7905769539117,stroma-high,0.677905769539117,0.7567205400600777,True,51.3597117212167,True,10.342360733421282,True,,False,,,,6,TCGA-73-4677-01,TCGA-73-4677,Male,[Discrepancy],74,1:DECEASED,1.25,1,,matched
TCGA-73-4677,TCGA-73-4677-01Z-00-DX1.b557785c-9ccc-42a7-bb54-7bb47638ddfc,6,TCGA-73-4677-01,6,11,1,0,0.36963,0.9999999946274329,0.1806563893333658,15.301351939946716,84.69864806005329,stroma-high,0.8469864806005328,0.8492824893817581,True,2.2262634417294045,True,0.06183798726670676,True,,False,,,,7,TCGA-73-4677-01,TCGA-73-4677,Male,[Discrepancy],74,1:DECEASED,1.25,1,,matched
TCGA-73-4677,TCGA-73-4677-01Z-00-DX1.b557785c-9ccc-42a7-bb54-7bb47638ddfc,7,TCGA-73-4677-01,7,18;22,2,1,0.887112,0.9999999985167151,0.7933661819201157,44.238939594069784,55.761060405930216,stroma-high,0.5576106040593022,0.6725774524585167,True,50.96290728210436,True,17.329987337840844,True,30.19236331873527,True,555.0,555.0,555.0,8,TCGA-73-4677-01,TCGA-73-4677,Male,[Discrepancy],74,1:DECEASED,1.25,1,,matched
TCGA-73-4677,TCGA-73-4677-01Z-00-DX1.b557785c-9ccc-42a7-bb54-7bb47638ddfc,8,TCGA-73-4677-01,8,24,1,0,0.468198,1.0000000002102847,0.6671454259307734,40.01723038398427,59.982769616015744,stroma-high,0.5998276961601574,0.6606733519500921,True,46.878488907885554,True,22.946153355853742,True,,False,,,,9,TCGA-73-4677-01,TCGA-73-4677,Male,[Discrepancy],74,1:DECEASED,1.25,1,,matched
TCGA-73-4677,TCGA-73-4677-01Z-00-DX1.b557785c-9ccc-42a7-bb54-7bb47638ddfc,9,TCGA-73-4677-01,9,33;36;38,3,3,2.525805,0.9999999996845342,0.43985356835831624,30.548493126271577,69.45150687372842,stroma-high,0.6945150687372842,0.7166234118777969,True,20.85115553371437,True,6.425332414586078,True,17.778656941576486,True,339.01653201358596,351.0491718891815,444.0004241515763,10,TCGA-73-4677-01,TCGA-73-4677,Male,[Discrepancy],74,1:DECEASED,1.25,1,,matched
TCGA-73-4677,TCGA-73-4677-01Z-00-DX1.b557785c-9ccc-42a7-bb54-7bb47638ddfc,10,TCGA-73-4677-01,10,37,1,0,1.034964,0.9999999984147941,0.5405595376130585,35.08851974981771,64.91148025018228,stroma-high,0.6491148025018229,0.6739019571830539,True,37.394480277658424,True,18.172442534249367,True,,False,,,,11,TCGA-73-4677-01,TCGA-73-4677,Male,[Discrepancy],74,1:DECEASED,1.25,1,,matched
TCGA-73-4677,TCGA-73-4677-01Z-00-DX1.b557785c-9ccc-42a7-bb54-7bb47638ddfc,11,TCGA-73-4677-01,11,39,1,0,7.922403,0.9284603426505732,1.3720610901075807,57.84256973100778,42.15743026899222,stroma-low,0.4215743026899222,0.4447230750486096,True,20.718652620430188,True,3.735650962815932,True,,False,,,,12,TCGA-73-4677-01,TCGA-73-4677,Male,[Discrepancy],74,1:DECEASED,1.25,1,,matched
TCGA-73-A9RS,TCGA-73-A9RS-01Z-00-DX1.EDCEFE41-61E2-48C9-B8D5-28B55372E0CA,1,TCGA-73-A9RS-01,1,1;2,2,1,0.588747,1.0000000017280402,0.1953977571466453,16.345836018050594,83.65416398194941,stroma-high,0.8365416398194941,0.8365248601673761,True,0.0,True,0.013861242486660994,True,0.0,True,221.5,221.5,221.5,2,TCGA-73-A9RS-01,TCGA-73-A9RS,Male,Stage IIB,41,1:DECEASED,11.17,1,II,matched
TCGA-73-A9RS,TCGA-73-A9RS-01Z-00-DX1.EDCEFE41-61E2-48C9-B8D5-28B55372E0CA,2,TCGA-73-A9RS-01,2,3,1,0,0.122655625,0.9999999925385055,0.4476133547218462,30.92078097109387,69.07921902890614,stroma-high,0.6907921902890614,0.676380892980678,True,0.5872363822915643,True,7.224880217639959,True,,False,,,,3,TCGA-73-A9RS-01,TCGA-73-A9RS,Male,Stage IIB,41,1:DECEASED,11.17,1,II,matched
TCGA-73-A9RS,TCGA-73-A9RS-01Z-00-DX1.EDCEFE41-61E2-48C9-B8D5-28B55372E0CA,3,TCGA-73-A9RS-01,3,4;5;7;9,4,3,4.2070879375,0.967930030438121,0.301487855978618,23.164861246586316,76.83513875341369,stroma-high,0.7683513875341369,0.7667039174356095,True,3.9030821803945654,True,4.134546946033441,True,0.20432206378062234,True,308.6172945427871,247.68308504791045,456.6687985804507,4,TCGA-73-A9RS-01,TCGA-73-A9RS,Male,Stage IIB,41,1:DECEASED,11.17,1,II,matched
TCGA-73-A9RS,TCGA-73-A9RS-01Z-00-DX1.EDCEFE41-61E2-48C9-B8D5-28B55372E0CA,4,TCGA-73-A9RS-01,4,6;8;14;15,4,3,234.0269325,0.986897274832022,1.300846153139932,56.537728581491024,43.462271418508976,stroma-low,0.43462271418508974,0.4320685608445989,True,5.0294340169847604,True,1.7785328093066062,True,11.568941769104002,True,479.9166666666667,553.75,775.25,5,TCGA-73-A9RS-01,TCGA-73-A9RS,Male,Stage IIB,41,1:DECEASED,11.17,1,II,matched
TCGA-73-A9RS,TCGA-73-A9RS-01Z-00-DX1.EDCEFE41-61E2-48C9-B8D5-28B55372E0CA,5,TCGA-73-A9RS-01,5,10;11,2,1,0.7972615625,0.9538461535275788,0.1574427151716939,13.602635630078591,86.3973643699214,stroma-high,0.863973643699214,0.8652808226927657,True,2.3034532910929557,True,1.2298033198126068,True,1.0663675241214465,True,996.75,996.75,996.75,6,TCGA-73-A9RS-01,TCGA-73-A9RS,Male,Stage IIB,41,1:DECEASED,11.17,1,II,matched
TCGA-73-A9RS,TCGA-73-A9RS-01Z-00-DX1.EDCEFE41-61E2-48C9-B8D5-28B55372E0CA,6,TCGA-73-A9RS-01,6,12,1,0,0.24531125,1.0000000033574907,0.23755326055218617,19.19539692749804,80.80460307250196,stroma-high,0.8080460307250196,0.805667929874771,True,0.4101515698723713,True,2.193763138677889,True,,False,,,,7,TCGA-73-A9RS-01,TCGA-73-A9RS,Male,Stage IIB,41,1:DECEASED,11.17,1,II,matched
TCGA-73-A9RS,TCGA-73-A9RS-01Z-00-DX1.EDCEFE41-61E2-48C9-B8D5-28B55372E0CA,7,TCGA-73-A9RS-01,7,13,1,0,0.220780125,0.9444444462391806,0.2632581464508006,20.839615971639695,79.16038402836031,stroma-high,0.7916038402836031,0.7784800353798855,True,1.3879392333524714,True,9.650991617542044,True,,False,,,,8,TCGA-73-A9RS-01,TCGA-73-A9RS,Male,Stage IIB,41,1:DECEASED,11.17,1,II,matched
TCGA-73-A9RS,TCGA-73-A9RS-01Z-00-DX1.EDCEFE41-61E2-48C9-B8D5-28B55372E0CA,8,TCGA-73-A9RS-01,8,16,1,0,0.2821079375,0.782608692602915,0.8660336181983641,46.41039742009099,53.589602579909,stroma-high,0.53589602579909,0.6291298154082656,True,40.021503411924044,True,13.405154341279834,True,,False,,,,9,TCGA-73-A9RS-01,TCGA-73-A9RS,Male,Stage IIB,41,1:DECEASED,11.17,1,II,matched
TCGA-75-5125,TCGA-75-5125-01Z-00-DX1.2E419CAF-E248-4959-951E-498D8054433E,1,TCGA-75-5125-01,1,1,1,0,27.465088,0.9511303950099222,2.481344083566266,71.27546212049208,28.72453787950792,stroma-low,0.2872453787950792,0.28859623616900837,True,20.653177256889283,True,3.244271766528383,True,,False,,,,2,TCGA-75-5125-01,TCGA-75-5125,Male,Stage IIB,,1:DECEASED,66.59,1,II,matched
TCGA-75-5146,TCGA-75-5146-01Z-00-DX1.4958A631-7E6F-4FBB-A1C3-B8F8368D46C5,1,TCGA-75-5146-01,1,1,1,0,11.904256,0.9236037935218014,0.7830968436729192,43.91779652639921,56.08220347360079,stroma-high,0.5608220347360079,0.5288160007974362,True,6.3365130795808575,True,13.597243757466796,True,,False,,,,2,TCGA-75-5146-01,TCGA-75-5146,Male,Stage IB,,0:LIVING,77.79,0,I,matched
TCGA-75-6206,TCGA-75-6206-01Z-00-DX1.63230D94-7015-4247-936D-E7ACD6692AB3,1,TCGA-75-6206-01,1,1;2;3,3,2,9.731008,0.8501450208311441,1.3943051364705534,58.234229014180684,41.765770985819316,stroma-low,0.41765770985819317,0.3997157654469047,True,1.547817124629886,True,7.859136542199884,True,0.0,True,56.0,56.0,56.0,2,TCGA-75-6206-01,TCGA-75-6206,Male,Stage IB,,0:LIVING,85.09,0,I,matched
TCGA-75-7025,TCGA-75-7025-01Z-00-DX1.284477D7-4F47-4084-A15C-0A7E9571E3DF,1,TCGA-75-7025-01,1,1;2;4;5;6,5,6,4.744768,0.9722405811022514,0.38175390461532555,27.628212472582387,72.37178752741761,stroma-high,0.7237178752741761,0.6919798359702407,True,25.746428643647985,True,33.18896751673533,True,12.983118256534345,True,145.88811955235096,56.0,595.3287173141057,2,TCGA-75-7025-01,TCGA-75-7025,Male,Stage IB,,0:LIVING,108.57,0,I,matched
TCGA-75-7025,TCGA-75-7025-01Z-00-DX1.284477D7-4F47-4084-A15C-0A7E9571E3DF,2,TCGA-75-7025-01,2,3,1,0,0.849856,0.6974169727237257,0.7537091127724751,42.978000586478146,57.021999413521854,stroma-high,0.5702199941352185,0.5607567456582688,True,6.343486984805545,True,5.7145445181488075,True,,False,,,,3,TCGA-75-7025-01,TCGA-75-7025,Male,Stage IB,,0:LIVING,108.57,0,I,matched
TCGA-75-7027,TCGA-75-7027-01Z-00-DX1.AC91B34F-DF67-4F95-B145-079A71A54E83,1,TCGA-75-7027-01,1,1,1,0,19.25504,0.9666123774616837,0.9985595254447487,49.963962180337596,50.036037819662404,stroma-high,0.500360378196624,0.5028359821687888,True,19.779750076086252,True,6.70403149469701,True,,False,,,,2,TCGA-75-7027-01,TCGA-75-7027,Male,Stage IB,,0:LIVING,100.49,0,I,matched
TCGA-78-7149,TCGA-78-7149-01Z-00-DX1.1b83dbcb-0c9f-4e50-bb98-bf9a157052cf,1,TCGA-78-7149-01,1,1,1,0,390.686589,0.9750544009637554,2.3984710472345707,70.5750031087148,29.4249968912852,stroma-low,0.294249968912852,0.2892707490615072,True,6.610274778843156,True,2.805255695165142,True,,False,,,,2,TCGA-78-7149-01,TCGA-78-7149,Male,Stage IIIB,71,0:LIVING,129.43,0,III,matched
TCGA-78-7150,TCGA-78-7150-01Z-00-DX1.46e6e65c-521c-49de-b106-419dc840b235,1,TCGA-78-7150-01,1,1;2;3;4;5;6;7;8;9;11;12;13;14;15;17;18;21,17,23,65.658609,0.9908050289680361,0.8658563187421839,46.40530516979342,53.59469483020657,stroma-high,0.5359469483020657,0.542019758862539,True,9.987662913631095,True,3.710770072887357,True,5.508154317839694,True,441.9554285102255,351.04917188918205,948.4214148207784,2,TCGA-78-7150-01,TCGA-78-7150,Male,Stage IIB,59,1:DECEASED,21.88,1,II,matched
TCGA-78-7150,TCGA-78-7150-01Z-00-DX1.46e6e65c-521c-49de-b106-419dc840b235,2,TCGA-78-7150-01,2,10,1,0,0.110889,1.000000002671085,0.46952228479748376,31.95067469576952,68.04932530423048,stroma-high,0.6804932530423048,0.6804932530423048,True,0.0,True,0.0,True,,False,,,,3,TCGA-78-7150-01,TCGA-78-7150,Male,Stage IIB,59,1:DECEASED,21.88,1,II,matched
TCGA-78-7150,TCGA-78-7150-01Z-00-DX1.46e6e65c-521c-49de-b106-419dc840b235,3,TCGA-78-7150-01,3,16;20;22;24;28;32;33,7,9,33.340626,0.9611973394183088,1.0027698714559077,50.06915101668405,49.93084898331593,stroma-low,0.49930848983315934,0.500559814929075,True,5.511282535865718,True,2.115422072608566,True,4.7344847158612895,True,493.0630179562785,333.0,915.364299190529,4,TCGA-78-7150-01,TCGA-78-7150,Male,Stage IIB,59,1:DECEASED,21.88,1,II,matched
TCGA-78-7150,TCGA-78-7150-01Z-00-DX1.46e6e65c-521c-49de-b106-419dc840b235,4,TCGA-78-7150-01,4,19,1,0,0.221778,0.9999999947322067,0.47529117140700455,32.21677053443715,67.78322946556284,stroma-high,0.6778322946556284,0.7138628942905848,True,28.161778335643717,True,8.437550872839644,True,,False,,,,5,TCGA-78-7150-01,TCGA-78-7150,Male,Stage IIB,59,1:DECEASED,21.88,1,II,matched
TCGA-78-7150,TCGA-78-7150-01Z-00-DX1.46e6e65c-521c-49de-b106-419dc840b235,5,TCGA-78-7150-01,5,23,1,0,4.68198,1.000000001205655,0.5618719740039055,35.97426571164664,64.02573428835335,stroma-high,0.6402573428835335,0.6508721277995048,True,21.21669739666594,True,5.993856971053511,True,,False,,,,6,TCGA-78-7150-01,TCGA-78-7150,Male,Stage IIB,59,1:DECEASED,21.88,1,II,matched
TCGA-78-7150,TCGA-78-7150-01Z-00-DX1.46e6e65c-521c-49de-b106-419dc840b235,6,TCGA-78-7150-01,6,25;34;35,3,2,2.304027,1.0000000010652563,0.43035207505223355,30.087143057873917,69.91285694212608,stroma-high,0.6991285694212609,0.7040165590934712,True,11.181837944684474,True,6.483891534177631,True,5.0591056428771,True,488.989094467971,488.989094467971,866.978188935942,7,TCGA-78-7150-01,TCGA-78-7150,Male,Stage IIB,59,1:DECEASED,21.88,1,II,matched
TCGA-78-7150,TCGA-78-7150-01Z-00-DX1.46e6e65c-521c-49de-b106-419dc840b235,7,TCGA-78-7150-01,7,26,1,0,133.793739,0.9903306011749989,1.5454623531199692,60.714406214874806,39.28559378512519,stroma-low,0.39285593785125184,0.3918643970263297,True,11.488093719633778,True,3.675514390659098,True,,False,,,,8,TCGA-78-7150-01,TCGA-78-7150,Male,Stage IIB,59,1:DECEASED,21.88,1,II,matched
TCGA-78-7150,TCGA-78-7150-01Z-00-DX1.46e6e65c-521c-49de-b106-419dc840b235,8,TCGA-78-7150-01,8,27,1,0,0.234099,1.0000000010921595,1.3232021827333709,56.95596330649764,43.04403669350236,stroma-low,0.43044036693502363,0.43044036693502363,True,0.0,True,0.0,True,,False,,,,9,TCGA-78-7150-01,TCGA-78-7150,Male,Stage IIB,59,1:DECEASED,21.88,1,II,matched
TCGA-78-7150,TCGA-78-7150-01Z-00-DX1.46e6e65c-521c-49de-b106-419dc840b235,9,TCGA-78-7150-01,9,29,1,0,0.788544,1.000000000587022,1.1522336651152265,53.5366435248813,46.463356475118694,stroma-low,0.46463356475118694,0.4649172648284737,True,1.4910851239017036,True,0.3792102451350457,True,,False,,,,10,TCGA-78-7150-01,TCGA-78-7150,Male,Stage IIB,59,1:DECEASED,21.88,1,II,matched
TCGA-78-7150,TCGA-78-7150-01Z-00-DX1.46e6e65c-521c-49de-b106-419dc840b235,10,TCGA-78-7150-01,10,30,1,0,0.653013,1.00000000128757,2.654904206511605,72.63950178999514,27.360498210004863,stroma-low,0.27360498210004863,0.2774409946119875,True,16.083927855781354,True,2.4696899081666017,True,,False,,,,11,TCGA-78-7150-01,TCGA-78-7150,Male,Stage IIB,59,1:DECEASED,21.88,1,II,matched
TCGA-78-7150,TCGA-78-7150-01Z-00-DX1.46e6e65c-521c-49de-b106-419dc840b235,11,TCGA-78-7150-01,11,31,1,0,1.2321,0.9999999987002229,0.35862438705021604,26.396139394262246,73.60386060573776,stroma-high,0.7360386060573776,0.7384002810629604,True,7.104527902793829,True,3.399340922182344,True,,False,,,,12,TCGA-78-7150-01,TCGA-78-7150,Male,Stage IIB,59,1:DECEASED,21.88,1,II,matched
TCGA-78-7150,TCGA-78-7150-01Z-00-DX1.46e6e65c-521c-49de-b106-419dc840b235,12,TCGA-78-7150-01,12,36;38;39;40;41;44,6,7,8.205786,1.0000000001877247,0.45403445348121235,31.22583872714808,68.77416127285191,stroma-high,0.6877416127285192,0.6894831638207294,True,4.768311291958481,True,2.9111412784906214,True,28.159826161646293,True,190.28571428571428,111.0,555.0,13,TCGA-78-7150-01,TCGA-78-7150,Male,Stage IIB,59,1:DECEASED,21.88,1,II,matched
TCGA-78-7150,TCGA-78-7150-01Z-00-DX1.46e6e65c-521c-49de-b106-419dc840b235,13,TCGA-78-7150-01,13,37,1,0,0.308025,0.9999999998224667,1.0026281960749128,50.065618672504066,49.93438132749594,stroma-low,0.4993438132749594,0.5446990623377399,True,24.54005786363867,True,0.0,True,,False,,,,14,TCGA-78-7150-01,TCGA-78-7150,Male,Stage IIB,59,1:DECEASED,21.88,1,II,matched
TCGA-78-7150,TCGA-78-7150-01Z-00-DX1.46e6e65c-521c-49de-b106-419dc840b235,14,TCGA-78-7150-01,14,42;43,2,1,1.084248,0.9999999973135801,0.34712222013675453,25.767685733928143,74.23231426607187,stroma-high,0.7423231426607186,0.7448536651183535,True,1.9681893082744446,True,0.027600467174064787,True,0.5061663351381079,True,222.0,222.0,222.0,15,TCGA-78-7150-01,TCGA-78-7150,Male,Stage IIB,59,1:DECEASED,21.88,1,II,matched
TCGA-78-7150,TCGA-78-7150-01Z-00-DX1.46e6e65c-521c-49de-b106-419dc840b235,15,TCGA-78-7150-01,15,45;48;49;51,4,3,8.230428,0.9865269456453147,0.532419524670269,34.74371842037381,65.25628157962619,stroma-high,0.6525628157962619,0.6527371382978402,True,4.172149734912145,True,2.806743031903751,True,1.2138677413955796,True,558.0867901326827,555.0402333690092,675.2197128774626,16,TCGA-78-7150-01,TCGA-78-7150,Male,Stage IIB,59,1:DECEASED,21.88,1,II,matched
TCGA-78-7150,TCGA-78-7150-01Z-00-DX1.46e6e65c-521c-49de-b106-419dc840b235,16,TCGA-78-7150-01,16,46,1,0,0.221778,0.7777777770986884,0.37894889458709863,27.480996291785566,72.51900370821444,stroma-high,0.7251900370821444,0.7276854951740319,True,1.693811224411104,True,0.02568054419012754,True,,False,,,,17,TCGA-78-7150-01,TCGA-78-7150,Male,Stage IIB,59,1:DECEASED,21.88,1,II,matched
TCGA-78-7150,TCGA-78-7150-01Z-00-DX1.46e6e65c-521c-49de-b106-419dc840b235,17,TCGA-78-7150-01,17,47,1,0,1.774224,0.9930555543481255,1.954383369702705,66.15198926940113,33.848010730598865,stroma-low,0.33848010730598865,0.3352919804358974,True,0.0,True,1.4374864238974792,True,,False,,,,18,TCGA-78-7150-01,TCGA-78-7150,Male,Stage IIB,59,1:DECEASED,21.88,1,II,matched
TCGA-78-7150,TCGA-78-7150-01Z-00-DX1.46e6e65c-521c-49de-b106-419dc840b235,18,TCGA-78-7150-01,18,50,1,0,1.429236,0.9396551722254963,2.398296638198466,70.57349294468511,29.426507055314882,stroma-low,0.2942650705531488,0.2939192912074433,True,3.136825002824656,True,0.4841814053065872,True,,False,,,,19,TCGA-78-7150-01,TCGA-78-7150,Male,Stage IIB,59,1:DECEASED,21.88,1,II,matched
TCGA-78-7150,TCGA-78-7150-01Z-00-DX1.46e6e65c-521c-49de-b106-419dc840b235,19,TCGA-78-7150-01,19,52,1,0,1.564767,0.9606299216957125,3.0335975664097106,75.20823573656368,24.79176426343633,stroma-low,0.2479176426343633,0.2683762567536722,True,52.435258394284205,True,0.8447536633906034,True,,False,,,,20,TCGA-78-7150-01,TCGA-78-7150,Male,Stage IIB,59,1:DECEASED,21.88,1,II,matched
TCGA-78-7150,TCGA-78-7150-01Z-00-DX1.46e6e65c-521c-49de-b106-419dc840b235,20,TCGA-78-7150-01,20,53,1,0,2.291706,0.8763440852862425,0.8079260742556519,44.68800388247546,55.311996117524544,stroma-high,0.5531199611752454,0.5559469389449645,True,4.688273061177595,True,1.1513037971942992,True,,False,,,,21,TCGA-78-7150-01,TCGA-78-7150,Male,Stage IIB,59,1:DECEASED,21.88,1,II,matched
TCGA-78-7150,TCGA-78-7150-01Z-00-DX1.46e6e65c-521c-49de-b106-419dc840b235,21,TCGA-78-7150-01,21,54,1,0,1.022643,0.9999999980526513,1.9226416058750735,65.78437814647519,34.2156218535248,stroma-low,0.342156218535248,0.35795560754849226,True,22.313995730993096,True,3.038692008184349,True,,False,,,,22,TCGA-78-7150-01,TCGA-78-7150,Male,Stage IIB,59,1:DECEASED,21.88,1,II,matched
TCGA-78-7152,TCGA-78-7152-01Z-00-DX1.a04f9d84-3304-402c-9c0c-f64545c14781,1,TCGA-78-7152-01,1,1,1,0,0.234099,0.8947368425169292,0.4891701285883318,32.84850529818535,67.15149470181466,stroma-high,0.6715149470181465,0.6901259775879294,True,37.579504531300124,True,30.679948832117937,True,,False,,,,2,TCGA-78-7152-01,TCGA-78-7152,Male,Stage IB,65,1:DECEASED,39.91,1,I,matched
TCGA-78-7152,TCGA-78-7152-01Z-00-DX1.a04f9d84-3304-402c-9c0c-f64545c14781,2,TCGA-78-7152-01,2,2;4;5;6;7;8;11;12;13;15;16,11,16,102.079485,0.9792395896458301,0.8144537846302744,44.8869952780987,55.113004721901305,stroma-high,0.551130047219013,0.5468681364703525,True,21.519945114942107,True,8.703031307393431,True,29.248264422625397,True,435.946816182769,323.49802632842307,992.852738299457,3,TCGA-78-7152-01,TCGA-78-7152,Male,Stage IB,65,1:DECEASED,39.91,1,I,matched
TCGA-78-7152,TCGA-78-7152-01Z-00-DX1.a04f9d84-3304-402c-9c0c-f64545c14781,3,TCGA-78-7152-01,3,3,1,0,0.295704,0.999999993036302,0.25214834126123165,20.137257939203447,79.86274206079655,stroma-high,0.7986274206079655,0.7998593093625926,True,0.8795246626074396,True,0.0,True,,False,,,,4,TCGA-78-7152-01,TCGA-78-7152,Male,Stage IB,65,1:DECEASED,39.91,1,I,matched
TCGA-78-7152,TCGA-78-7152-01Z-00-DX1.a04f9d84-3304-402c-9c0c-f64545c14781,4,TCGA-78-7152-01,4,9,1,0,1.121211,0.9780219806572339,1.0551384886806905,51.34147866395337,48.658521336046626,stroma-low,0.48658521336046623,0.5406519070181329,True,33.80791206136846,True,5.478417741613314,True,,False,,,,5,TCGA-78-7152-01,TCGA-78-7152,Male,Stage IB,65,1:DECEASED,39.91,1,I,matched
TCGA-78-7152,TCGA-78-7152-01Z-00-DX1.a04f9d84-3304-402c-9c0c-f64545c14781,5,TCGA-78-7152-01,5,10,1,0,0.283383,0.8695652149193768,0.5505211557276196,35.5055559025426,64.49444409745739,stroma-high,0.6449444409745739,0.6716410002951657,True,22.65282492379061,True,10.032523617012483,True,,False,,,,6,TCGA-78-7152-01,TCGA-78-7152,Male,Stage IB,65,1:DECEASED,39.91,1,I,matched
TCGA-78-7152,TCGA-78-7152-01Z-00-DX1.a04f9d84-3304-402c-9c0c-f64545c14781,6,TCGA-78-7152-01,6,14;18;19,3,2,10.657665,0.965317920036151,0.5355134091905015,34.87520239063336,65.12479760936665,stroma-high,0.6512479760936665,0.6611844233763151,True,25.091913159831858,True,12.572570740501126,True,0.8311160000320105,True,555.0,555.0,888.0,7,TCGA-78-7152-01,TCGA-78-7152,Male,Stage IB,65,1:DECEASED,39.91,1,I,matched
TCGA-78-7152,TCGA-78-7152-01Z-00-DX1.a04f9d84-3304-402c-9c0c-f64545c14781,7,TCGA-78-7152-01,7,17,1,0,0.258741,1.0000000027787228,0.325164942821749,24.537695822933316,75.46230417706668,stroma-high,0.7546230417706669,0.7868571075246272,True,23.249970581453834,True,1.1104434722544478,True,,False,,,,8,TCGA-78-7152-01,TCGA-78-7152,Male,Stage IB,65,1:DECEASED,39.91,1,I,matched
TCGA-78-7154,TCGA-78-7154-01Z-00-DX1.596c20c2-e811-4b5e-961c-98343afcccde,1,TCGA-78-7154-01,1,1;2,2,1,1.416915,0.8347826076530708,1.0265662481480193,50.65544978290981,49.3445502170902,stroma-low,0.493445502170902,0.4857709560159135,True,4.456880916068536,True,6.014200922571991,True,0.575937701078724,True,555.0003393213194,555.0003393213194,555.0003393213194,2,TCGA-78-7154-01,TCGA-78-7154,Male,Stage IIIA,72,1:DECEASED,19.48,1,III,matched
TCGA-78-7154,TCGA-78-7154-01Z-00-DX1.596c20c2-e811-4b5e-961c-98343afcccde,2,TCGA-78-7154-01,2,3,1,0,1.293705,0.9714285730471256,0.43434032204003914,30.28153886256812,69.71846113743189,stroma-high,0.6971846113743189,0.7038997176167066,True,4.802001786359851,True,0.17975997898520638,True,,False,,,,3,TCGA-78-7154-01,TCGA-78-7154,Male,Stage IIIA,72,1:DECEASED,19.48,1,III,matched
TCGA-78-7154,TCGA-78-7154-01Z-00-DX1.596c20c2-e811-4b5e-961c-98343afcccde,3,TCGA-78-7154-01,3,4,1,0,8.057934,0.799694189908732,9.545646629161729,90.51741410304122,9.48258589695879,stroma-low,0.0948258589695879,0.09678213965109228,True,71.48787020369251,True,2.112186610956245,True,,False,,,,4,TCGA-78-7154-01,TCGA-78-7154,Male,Stage IIIA,72,1:DECEASED,19.48,1,III,matched
TCGA-78-7154,TCGA-78-7154-01Z-00-DX1.596c20c2-e811-4b5e-961c-98343afcccde,4,TCGA-78-7154-01,4,5,1,0,325.607067,0.9576191017860566,5.80507465641519,85.3050840660904,14.694915933909602,stroma-low,0.14694915933909602,0.1462397373334212,True,11.437995692664337,True,1.9099188180097753,True,,False,,,,5,TCGA-78-7154-01,TCGA-78-7154,Male,Stage IIIA,72,1:DECEASED,19.48,1,III,matched
TCGA-78-7154,TCGA-78-7154-01Z-00-DX1.596c20c2-e811-4b5e-961c-98343afcccde,5,TCGA-78-7154-01,5,6;7,2,1,2.180817,0.7627118633010396,0.5344879780381754,34.83168233885494,65.16831766114505,stroma-high,0.6516831766114506,0.6575243966718918,True,9.141289685366385,True,3.307622581249329,True,0.0,True,444.0004241515763,444.0004241515763,444.0004241515763,6,TCGA-78-7154-01,TCGA-78-7154,Male,Stage IIIA,72,1:DECEASED,19.48,1,III,matched
TCGA-78-7156,TCGA-78-7156-01Z-00-DX1.9f7c8eb9-73de-49be-a487-e1fd4411b7b5,1,TCGA-78-7156-01,1,1,1,0,220.398048,0.9150268336537796,7.266705919018883,87.90328324490969,12.096716755090315,stroma-low,0.12096716755090314,0.12077831822938118,True,3.422867311866814,True,0.5560088153012425,True,,False,,,,2,TCGA-78-7156-01,TCGA-78-7156,Male,Stage IV,62,1:DECEASED,32.06,1,IV,matched
TCGA-78-7160,TCGA-78-7160-01Z-00-DX1.f40f6c04-74b1-4cef-aabc-cbafadbdf39f,1,TCGA-78-7160-01,1,1;10;11;18;19;20;22;23;25,9,10,169.894269,0.9719341504539353,0.873980402445049,46.637649001277474,53.36235099872253,stroma-high,0.5336235099872253,0.525552178856438,True,19.503610024217306,True,7.614137998210565,True,13.790771904406576,True,442.7348041394331,401.9871618077423,954.8981934995634,2,TCGA-78-7160-01,TCGA-78-7160,Male,Stage IV,61,1:DECEASED,22.9,1,IV,matched
TCGA-78-7160,TCGA-78-7160-01Z-00-DX1.f40f6c04-74b1-4cef-aabc-cbafadbdf39f,2,TCGA-78-7160-01,2,2;3;4;5;6;7;8;9;12,9,9,20.600712,0.9055023920558951,0.41188639028833407,29.172771486537176,70.82722851346283,stroma-high,0.7082722851346283,0.7084375109294885,True,0.6669718991443914,True,0.37208197580410934,True,0.11335233893694276,True,496.9752960453409,313.9960526568455,999.000188511884,3,TCGA-78-7160-01,TCGA-78-7160,Male,Stage IV,61,1:DECEASED,22.9,1,IV,matched
TCGA-78-7160,TCGA-78-7160-01Z-00-DX1.f40f6c04-74b1-4cef-aabc-cbafadbdf39f,3,TCGA-78-7160-01,3,13;15;16,3,2,0.726939,1.0000000011592205,0.28427072700719913,22.13479767382455,77.86520232617545,stroma-high,0.7786520232617545,0.77587773454743,True,7.1335745254113805,True,9.118567658417234,True,0.0,True,284.3497874928885,284.3497874928885,457.69957498577696,4,TCGA-78-7160-01,TCGA-78-7160,Male,Stage IV,61,1:DECEASED,22.9,1,IV,matched
TCGA-78-7160,TCGA-78-7160-01Z-00-DX1.f40f6c04-74b1-4cef-aabc-cbafadbdf39f,4,TCGA-78-7160-01,4,14,1,0,0.258741,0.7142857140681285,11.421689480924314,91.9495653024037,8.050434697596295,stroma-low,0.08050434697596294,0.1600969144679924,True,60.63172684337697,True,0.2172236157136694,True,,False,,,,5,TCGA-78-7160-01,TCGA-78-7160,Male,Stage IV,61,1:DECEASED,22.9,1,IV,matched
TCGA-78-7160,TCGA-78-7160-01Z-00-DX1.f40f6c04-74b1-4cef-aabc-cbafadbdf39f,5,TCGA-78-7160-01,5,17,1,0,0.160173,0.6153846125906477,1.572296894219598,61.124238720375736,38.875761279624264,stroma-low,0.38875761279624266,0.3741568137535472,True,0.0,True,6.248466547312881,True,,False,,,,6,TCGA-78-7160-01,TCGA-78-7160,Male,Stage IV,61,1:DECEASED,22.9,1,IV,matched
TCGA-78-7160,TCGA-78-7160-01Z-00-DX1.f40f6c04-74b1-4cef-aabc-cbafadbdf39f,6,TCGA-78-7160-01,6,21;24,2,1,0.837828,0.9999999983871984,0.17576994021956013,14.949348015032374,85.05065198496763,stroma-high,0.8505065198496763,0.8594528052747455,True,13.614773582759558,True,5.006287453273313,True,7.72930361164826,True,555.0402333690089,555.0402333690089,555.0402333690089,7,TCGA-78-7160-01,TCGA-78-7160,Male,Stage IV,61,1:DECEASED,22.9,1,IV,matched
TCGA-78-7163,TCGA-78-7163-01Z-00-DX1.42880bdf-271d-41dd-aada-e7ec1156ff31,1,TCGA-78-7163-01,1,1,1,0,0.332667,1.0000000030195224,18.85796624801459,94.96423758852958,5.035762411470411,stroma-low,0.05035762411470411,0.05423087979529003,True,52.660012965845674,False,1.6517577921420834,True,,False,,,,2,TCGA-78-7163-01,TCGA-78-7163,Male,Stage IB,60,0:LIVING,238.11,0,I,matched
TCGA-78-7163,TCGA-78-7163-01Z-00-DX1.42880bdf-271d-41dd-aada-e7ec1156ff31,2,TCGA-78-7163-01,2,2,1,0,0.258741,0.8095238129150987,0.5162352838978145,34.04717522274767,65.95282477725233,stroma-high,0.6595282477725233,0.6731243287430142,True,10.12735149183971,True,1.0332251042013059,True,,False,,,,3,TCGA-78-7163-01,TCGA-78-7163,Male,Stage IB,60,0:LIVING,238.11,0,I,matched
TCGA-78-7163,TCGA-78-7163-01Z-00-DX1.42880bdf-271d-41dd-aada-e7ec1156ff31,3,TCGA-78-7163-01,3,3,1,0,0.406593,0.9999999962296758,8.994334713790066,89.99433150242395,10.005668497576051,stroma-low,0.10005668497576051,0.10111145662403949,True,20.03401471020837,True,0.10678002814380985,True,,False,,,,4,TCGA-78-7163-01,TCGA-78-7163,Male,Stage IB,60,0:LIVING,238.11,0,I,matched
TCGA-78-7163,TCGA-78-7163-01Z-00-DX1.42880bdf-271d-41dd-aada-e7ec1156ff31,4,TCGA-78-7163-01,4,4;8,2,1,0.480519,0.8461538424564005,0.28502727991200527,22.18064039321586,77.81935960678415,stroma-high,0.7781935960678414,0.7823645422817953,True,3.24527482269457,True,0.0,True,8.516205204698215,True,597.7906495240005,597.7906495240005,597.7906495240005,5,TCGA-78-7163-01,TCGA-78-7163,Male,Stage IB,60,0:LIVING,238.11,0,I,matched
TCGA-78-7163,TCGA-78-7163-01Z-00-DX1.42880bdf-271d-41dd-aada-e7ec1156ff31,5,TCGA-78-7163-01,5,5,1,0,0.147852,0.9166666617705534,0.6986427414488715,41.12946909913254,58.87053090086746,stroma-high,0.5887053090086746,0.5887613163724499,True,0.03230626150041272,True,0.0,True,,False,,,,6,TCGA-78-7163-01,TCGA-78-7163,Male,Stage IB,60,0:LIVING,238.11,0,I,matched
TCGA-78-7163,TCGA-78-7163-01Z-00-DX1.42880bdf-271d-41dd-aada-e7ec1156ff31,6,TCGA-78-7163-01,6,6,1,0,0.234099,1.0000000019131938,17.236462391499398,94.51648034288638,5.483519657113609,stroma-low,0.05483519657113609,0.31041159920850303,True,91.40290562673228,True,12.479476500228893,True,,False,,,,7,TCGA-78-7163-01,TCGA-78-7163,Male,Stage IB,60,0:LIVING,238.11,0,I,matched
TCGA-78-7163,TCGA-78-7163-01Z-00-DX1.42880bdf-271d-41dd-aada-e7ec1156ff31,7,TCGA-78-7163-01,7,7,1,0,0.455877,0.8108108123610814,9.543610916978224,90.51558324871687,9.484416751283135,stroma-low,0.09484416751283135,0.10568983529490257,True,30.266107070127234,True,2.6288036147119223,True,,False,,,,8,TCGA-78-7163-01,TCGA-78-7163,Male,Stage IB,60,0:LIVING,238.11,0,I,matched
TCGA-78-7163,TCGA-78-7163-01Z-00-DX1.42880bdf-271d-41dd-aada-e7ec1156ff31,8,TCGA-78-7163-01,8,9,1,0,0.480519,0.9999999980263499,6.469038278157686,86.6113954332731,13.388604566726897,stroma-low,0.13388604566726897,0.16034395339866672,True,28.596599475295054,True,2.2669053560955295,True,,False,,,,9,TCGA-78-7163-01,TCGA-78-7163,Male,Stage IB,60,0:LIVING,238.11,0,I,matched
TCGA-78-7163,TCGA-78-7163-01Z-00-DX1.42880bdf-271d-41dd-aada-e7ec1156ff31,9,TCGA-78-7163-01,9,10,1,0,11.470851,0.9914070885104096,4.411491012378548,81.5208045673079,18.479195432692098,stroma-low,0.18479195432692097,0.20224773311684566,True,53.67211648224875,True,10.497045080366027,True,,False,,,,10,TCGA-78-7163-01,TCGA-78-7163,Male,Stage IB,60,0:LIVING,238.11,0,I,matched
TCGA-78-7163,TCGA-78-7163-01Z-00-DX1.42880bdf-271d-41dd-aada-e7ec1156ff31,10,TCGA-78-7163-01,10,11,1,0,0.653013,0.9999999990453395,1.6332252014609492,62.02375704724433,37.97624295275567,stroma-low,0.3797624295275567,0.32542889385209295,True,51.93616852638813,True,30.87794171724972,True,,False,,,,11,TCGA-78-7163-01,TCGA-78-7163,Male,Stage IB,60,0:LIVING,238.11,0,I,matched
TCGA-78-7163,TCGA-78-7163-01Z-00-DX1.42880bdf-271d-41dd-aada-e7ec1156ff31,11,TCGA-78-7163-01,11,12,1,0,0.344988,0.9999999996663455,1.4360561982425406,58.95004389794306,41.04995610205693,stroma-low,0.41049956102056934,0.4168480185536719,True,14.486679726773843,True,6.642676501793036,True,,False,,,,12,TCGA-78-7163-01,TCGA-78-7163,Male,Stage IB,60,0:LIVING,238.11,0,I,matched
TCGA-78-7163,TCGA-78-7163-01Z-00-DX1.42880bdf-271d-41dd-aada-e7ec1156ff31,12,TCGA-78-7163-01,12,13,1,0,34.104528,0.9642341040131999,3.503585612760188,77.79547040991827,22.20452959008174,stroma-low,0.2220452959008174,0.2236182480779685,True,14.900397121219541,True,3.5251672860341157,True,,False,,,,13,TCGA-78-7163-01,TCGA-78-7163,Male,Stage IB,60,0:LIVING,238.11,0,I,matched
TCGA-78-7163,TCGA-78-7163-01Z-00-DX1.42880bdf-271d-41dd-aada-e7ec1156ff31,13,TCGA-78-7163-01,13,14,1,0,0.998001,1.000000002664797,1.0115552155977798,50.28722094000154,49.71277905999846,stroma-low,0.49712779059998463,0.5436983482896383,True,39.58872662226262,True,7.820156636237138,True,,False,,,,14,TCGA-78-7163-01,TCGA-78-7163,Male,Stage IB,60,0:LIVING,238.11,0,I,matched
TCGA-78-7163,TCGA-78-7163-01Z-00-DX1.42880bdf-271d-41dd-aada-e7ec1156ff31,14,TCGA-78-7163-01,14,15,1,0,0.36963,0.9999999993597157,5.93514257166351,85.5806857657703,14.419314234229697,stroma-low,0.14419314234229696,0.17452814178169673,True,41.119398084587544,True,3.856890035532838,True,,False,,,,15,TCGA-78-7163-01,TCGA-78-7163,Male,Stage IB,60,0:LIVING,238.11,0,I,matched
TCGA-78-7163,TCGA-78-7163-01Z-00-DX1.42880bdf-271d-41dd-aada-e7ec1156ff31,15,TCGA-78-7163-01,15,16,1,0,0.24642,1.0000000007174095,2.415014196293849,70.71754486159232,29.28245513840768,stroma-low,0.2928245513840768,0.2932863296519795,True,0.3606809483329848,True,0.0,True,,False,,,,16,TCGA-78-7163-01,TCGA-78-7163,Male,Stage IB,60,0:LIVING,238.11,0,I,matched
TCGA-78-7163,TCGA-78-7163-01Z-00-DX1.42880bdf-271d-41dd-aada-e7ec1156ff31,16,TCGA-78-7163-01,16,17,1,0,0.332667,0.8518518526666243,2.52564399271373,71.63638750632086,28.363612493679152,stroma-low,0.2836361249367915,0.28972590722117225,True,5.215787909060265,True,0.8393160511460859,True,,False,,,,17,TCGA-78-7163-01,TCGA-78-7163,Male,Stage IB,60,0:LIVING,238.11,0,I,matched
TCGA-78-7163,TCGA-78-7163-01Z-00-DX1.42880bdf-271d-41dd-aada-e7ec1156ff31,17,TCGA-78-7163-01,17,18,1,0,0.271062,0.9999999984892466,2.030875192759838,67.00622967290761,32.993770327092406,stroma-low,0.32993770327092403,0.36610331127213985,True,41.7246048172908,True,29.165417999546445,True,,False,,,,18,TCGA-78-7163-01,TCGA-78-7163,Male,Stage IB,60,0:LIVING,238.11,0,I,matched
TCGA-78-7163,TCGA-78-7163-01Z-00-DX1.42880bdf-271d-41dd-aada-e7ec1156ff31,18,TCGA-78-7163-01,18,19,1,0,0.258741,1.000000003003238,2.070623812958688,67.43332752843945,32.56667247156055,stroma-low,0.32566672471560554,0.32566672471560554,True,0.0,True,0.0,True,,False,,,,19,TCGA-78-7163-01,TCGA-78-7163,Male,Stage IB,60,0:LIVING,238.11,0,I,matched
TCGA-78-7163,TCGA-78-7163-01Z-00-DX1.42880bdf-271d-41dd-aada-e7ec1156ff31,19,TCGA-78-7163-01,19,20,1,0,4.891437,0.9999999991822153,2.8392969101508756,73.95356432694594,26.046435673054063,stroma-low,0.26046435673054064,0.32034712789313446,True,75.1335805219349,True,18.0804314806643,True,,False,,,,20,TCGA-78-7163-01,TCGA-78-7163,Male,Stage IB,60,0:LIVING,238.11,0,I,matched
TCGA-78-7163,TCGA-78-7163-01Z-00-DX1.42880bdf-271d-41dd-aada-e7ec1156ff31,20,TCGA-78-7163-01,20,21,1,0,0.332667,0.9259259300433095,2.004471274542644,66.71627355957247,33.283726440427536,stroma-low,0.33283726440427536,0.3668273665463638,True,19.132851102284256,True,0.5941723407192118,True,,False,,,,21,TCGA-78-7163-01,TCGA-78-7163,Male,Stage IB,60,0:LIVING,238.11,0,I,matched
TCGA-78-7163,TCGA-78-7163-01Z-00-DX1.42880bdf-271d-41dd-aada-e7ec1156ff31,21,TCGA-78-7163-01,21,22,1,0,0.160173,0.9999999979806419,2.591489497334097,72.15639915577412,27.84360084422587,stroma-low,0.2784360084422587,0.23101681193519027,True,23.48073037357695,True,32.33410887149689,True,,False,,,,22,TCGA-78-7163-01,TCGA-78-7163,Male,Stage IB,60,0:LIVING,238.11,0,I,matched
TCGA-78-7163,TCGA-78-7163-01Z-00-DX1.42880bdf-271d-41dd-aada-e7ec1156ff31,22,TCGA-78-7163-01,22,23,1,0,0.209457,1.0000000009535785,2.7639388871569754,73.4320872368007,26.56791276319931,stroma-low,0.2656791276319931,0.29337817197435034,True,91.18543297926261,True,43.72562570039833,True,,False,,,,23,TCGA-78-7163-01,TCGA-78-7163,Male,Stage IB,60,0:LIVING,238.11,0,I,matched
TCGA-78-7163,TCGA-78-7163-01Z-00-DX1.42880bdf-271d-41dd-aada-e7ec1156ff31,23,TCGA-78-7163-01,23,24,1,0,0.24642,0.5500000036869097,2.4720969313374717,71.19896074978546,28.801039250214544,stroma-low,0.28801039250214544,0.28754160255492056,True,0.9425070842358977,True,0.2834556693235904,True,,False,,,,24,TCGA-78-7163-01,TCGA-78-7163,Male,Stage IB,60,0:LIVING,238.11,0,I,matched
TCGA-78-7163,TCGA-78-7163-01Z-00-DX1.42880bdf-271d-41dd-aada-e7ec1156ff31,24,TCGA-78-7163-01,24,25,1,0,0.505161,0.9999999968145502,0.7534622166618434,42.96997160829895,57.03002839170106,stroma-high,0.5703002839170106,0.6132838524263439,True,19.021497084280632,True,0.4235176027648224,True,,False,,,,25,TCGA-78-7163-01,TCGA-78-7163,Male,Stage IB,60,0:LIVING,238.11,0,I,matched
TCGA-78-7163,TCGA-78-7163-01Z-00-DX1.42880bdf-271d-41dd-aada-e7ec1156ff31,25,TCGA-78-7163-01,25,26,1,0,48.79116,0.9868686869393657,2.460996148246823,71.10658442926749,28.89341557073251,stroma-low,0.2889341557073251,0.29313795752167104,True,21.330957355212664,True,7.002310389015418,True,,False,,,,26,TCGA-78-7163-01,TCGA-78-7163,Male,Stage IB,60,0:LIVING,238.11,0,I,matched
TCGA-78-7163,TCGA-78-7163-01Z-00-DX1.42880bdf-271d-41dd-aada-e7ec1156ff31,26,TCGA-78-7163-01,26,27,1,0,0.295704,1.000000001549779,2.181466082841444,68.56795031091842,31.43204968908158,stroma-low,0.3143204968908158,0.36778899859326947,True,32.682705443503856,True,2.0264687422599357,True,,False,,,,27,TCGA-78-7163-01,TCGA-78-7163,Male,Stage IB,60,0:LIVING,238.11,0,I,matched
TCGA-78-7163,TCGA-78-7163-01Z-00-DX1.42880bdf-271d-41dd-aada-e7ec1156ff31,27,TCGA-78-7163-01,27,28,1,0,0.24642,0.9999999977066182,5.838436794179514,85.37677498385095,14.623225016149052,stroma-low,0.14623225016149052,0.18137691656453012,True,29.738860043398425,True,1.9162550918047274,True,,False,,,,28,TCGA-78-7163-01,TCGA-78-7163,Male,Stage IB,60,0:LIVING,238.11,0,I,matched
TCGA-78-7163,TCGA-78-7163-01Z-00-DX1.42880bdf-271d-41dd-aada-e7ec1156ff31,28,TCGA-78-7163-01,28,29,1,0,1.096569,0.9999999988022875,8.024698556323647,88.91929748391102,11.080702516088978,stroma-low,0.11080702516088978,0.11706776811086422,True,15.759785814917427,True,0.28267315681825006,True,,False,,,,29,TCGA-78-7163-01,TCGA-78-7163,Male,Stage IB,60,0:LIVING,238.11,0,I,matched
TCGA-78-7163,TCGA-78-7163-01Z-00-DX1.42880bdf-271d-41dd-aada-e7ec1156ff31,29,TCGA-78-7163-01,29,30,1,0,0.517482,0.7857142840756361,5.605489742531463,84.86107708923997,15.138922910760039,stroma-low,0.1513892291076004,0.15598660844733425,True,9.118950187567213,True,0.06387719160607443,True,,False,,,,30,TCGA-78-7163-01,TCGA-78-7163,Male,Stage IB,60,0:LIVING,238.11,0,I,matched
TCGA-78-7163,TCGA-78-7163-01Z-00-DX1.42880bdf-271d-41dd-aada-e7ec1156ff31,30,TCGA-78-7163-01,30,31,1,0,0.603729,0.999999999050339,3.3404208770294885,76.96075960531313,23.03924039468687,stroma-low,0.23039240394686872,0.23152988598699578,True,1.9590205038710138,True,0.4439501092392934,True,,False,,,,31,TCGA-78-7163-01,TCGA-78-7163,Male,Stage IB,60,0:LIVING,238.11,0,I,matched
TCGA-78-7163,TCGA-78-7163-01Z-00-DX1.42880bdf-271d-41dd-aada-e7ec1156ff31,31,TCGA-78-7163-01,31,32,1,0,1.330668,1.0000000004806004,4.50680241579278,81.84064136508454,18.15935863491547,stroma-low,0.1815935863491547,0.3108319165201616,True,70.53788290056467,True,17.328696424140034,True,,False,,,,32,TCGA-78-7163-01,TCGA-78-7163,Male,Stage IB,60,0:LIVING,238.11,0,I,matched
TCGA-78-7163,TCGA-78-7163-01Z-00-DX1.42880bdf-271d-41dd-aada-e7ec1156ff31,32,TCGA-78-7163-01,32,33,1,0,0.49284,0.9999999998770364,1.196029315112545,54.46326726522999,45.53673273477001,stroma-low,0.45536732734770013,0.5368284355213939,True,37.74306310151861,True,5.107656757981947,True,,False,,,,33,TCGA-78-7163-01,TCGA-78-7163,Male,Stage IB,60,0:LIVING,238.11,0,I,matched
TCGA-78-7163,TCGA-78-7163-01Z-00-DX1.42880bdf-271d-41dd-aada-e7ec1156ff31,33,TCGA-78-7163-01,33,34,1,0,0.258741,0.9999999931275115,3.805591119552037,79.1909054448807,20.80909455511931,stroma-low,0.2080909455511931,0.20808951219273233,True,0.0,True,0.0009118636456041248,True,,False,,,,34,TCGA-78-7163-01,TCGA-78-7163,Male,Stage IB,60,0:LIVING,238.11,0,I,matched
TCGA-78-7163,TCGA-78-7163-01Z-00-DX1.42880bdf-271d-41dd-aada-e7ec1156ff31,34,TCGA-78-7163-01,34,35,1,0,0.271062,0.9999999946049601,2.3615057658658003,70.25142690057422,29.74857309942578,stroma-low,0.2974857309942578,0.29942830968467,True,26.7993356484025,True,13.231116311116287,True,,False,,,,35,TCGA-78-7163-01,TCGA-78-7163,Male,Stage IB,60,0:LIVING,238.11,0,I,matched
TCGA-78-7163,TCGA-78-7163-01Z-00-DX1.42880bdf-271d-41dd-aada-e7ec1156ff31,35,TCGA-78-7163-01,35,36,1,0,0.197136,1.0000000008781171,5.125273904122094,83.67419946188798,16.32580053811202,stroma-low,0.1632580053811202,0.1788613010175402,True,12.456519634357443,True,0.20142326311764855,True,,False,,,,36,TCGA-78-7163-01,TCGA-78-7163,Male,Stage IB,60,0:LIVING,238.11,0,I,matched
TCGA-78-7163,TCGA-78-7163-01Z-00-DX1.42880bdf-271d-41dd-aada-e7ec1156ff31,36,TCGA-78-7163-01,36,37,1,0,0.49284,0.9999999951231984,1.3911458279737114,58.17904586574658,41.82095413425342,stroma-low,0.4182095413425342,0.4978176795744142,True,40.46516297105127,True,12.613541924529647,True,,False,,,,37,TCGA-78-7163-01,TCGA-78-7163,Male,Stage IB,60,0:LIVING,238.11,0,I,matched
TCGA-78-7163,TCGA-78-7163-01Z-00-DX1.42880bdf-271d-41dd-aada-e7ec1156ff31,37,TCGA-78-7163-01,37,38,1,0,0.36963,1.0000000038116317,0.6288095217609764,38.605466959767234,61.394533040232766,stroma-high,0.6139453304023277,0.6704279376948845,True,49.95563328747409,True,27.01076111125244,True,,False,,,,38,TCGA-78-7163-01,TCGA-78-7163,Male,Stage IB,60,0:LIVING,238.11,0,I,matched
TCGA-78-7163,TCGA-78-7163-01Z-00-DX1.42880bdf-271d-41dd-aada-e7ec1156ff31,38,TCGA-78-7163-01,38,39;44,2,1,1.897434,0.9935064954928536,0.931240086598195,48.21979892922265,51.780201070777345,stroma-high,0.5178020107077734,0.5226017068189688,True,16.307303300814002,True,10.969887416742186,True,1.017192785923721,True,496.4456473776783,496.4456473776783,496.4456473776783,39,TCGA-78-7163-01,TCGA-78-7163,Male,Stage IB,60,0:LIVING,238.11,0,I,matched
TCGA-78-7163,TCGA-78-7163-01Z-00-DX1.42880bdf-271d-41dd-aada-e7ec1156ff31,39,TCGA-78-7163-01,39,40,1,0,0.800865,1.0000000006072067,1.1421987645754468,53.31899091080907,46.68100908919092,stroma-low,0.4668100908919092,0.47232059146484606,True,3.069134270821455,True,0.6230509751266321,True,,False,,,,40,TCGA-78-7163-01,TCGA-78-7163,Male,Stage IB,60,0:LIVING,238.11,0,I,matched
TCGA-78-7163,TCGA-78-7163-01Z-00-DX1.42880bdf-271d-41dd-aada-e7ec1156ff31,40,TCGA-78-7163-01,40,41,1,0,0.431235,0.9428571440861561,0.9202135311245411,47.92245842500826,52.07754157499175,stroma-high,0.5207754157499175,0.6016708944933319,True,57.67845287459651,True,19.558825575441432,True,,False,,,,41,TCGA-78-7163-01,TCGA-78-7163,Male,Stage IB,60,0:LIVING,238.11,0,I,matched
TCGA-78-7163,TCGA-78-7163-01Z-00-DX1.42880bdf-271d-41dd-aada-e7ec1156ff31,41,TCGA-78-7163-01,41,42,1,0,0.381951,1.0000000029484644,10.241206395285603,91.10415764255173,8.895842357448265,stroma-low,0.08895842357448265,0.10256398812716318,True,96.6056962611349,True,0.08850458566852468,True,,False,,,,42,TCGA-78-7163-01,TCGA-78-7163,Male,Stage IB,60,0:LIVING,238.11,0,I,matched
TCGA-78-7163,TCGA-78-7163-01Z-00-DX1.42880bdf-271d-41dd-aada-e7ec1156ff31,42,TCGA-78-7163-01,42,43;45;47;48;49;50;51;52,8,8,10.374282,0.9988123520467594,2.4121466265363742,70.6929358714257,29.307064128574307,stroma-low,0.29307064128574306,0.3592354581699705,True,41.15130971430535,True,8.119458133968816,True,51.24740397606079,True,438.9769215010481,388.5004948434006,954.8981934995627,43,TCGA-78-7163-01,TCGA-78-7163,Male,Stage IB,60,0:LIVING,238.11,0,I,matched
TCGA-78-7163,TCGA-78-7163-01Z-00-DX1.42880bdf-271d-41dd-aada-e7ec1156ff31,43,TCGA-78-7163-01,43,46,1,0,0.258741,1.0000000025458922,0.31952581358355964,24.215199906987305,75.78480009301269,stroma-high,0.7578480009301269,0.7693734236417029,True,15.902780925618845,True,9.547016870532797,True,,False,,,,44,TCGA-78-7163-01,TCGA-78-7163,Male,Stage IB,60,0:LIVING,238.11,0,I,matched
TCGA-78-7166,TCGA-78-7166-01Z-00-DX1.d19ad2d9-b006-4a13-ba54-2fec234c2373,1,TCGA-78-7166-01,1,1,1,0,0.172494,1.0000000014935202,1.2629257096501254,55.80941982604406,44.19058017395594,stroma-low,0.4419058017395594,0.43890417991356573,True,42.81546248706374,True,4.989610067878929,True,,False,,,,2,TCGA-78-7166-01,TCGA-78-7166,Male,Stage IIB,84,1:DECEASED,8.48,1,II,matched
TCGA-78-7166,TCGA-78-7166-01Z-00-DX1.d19ad2d9-b006-4a13-ba54-2fec234c2373,2,TCGA-78-7166-01,2,2,1,0,0.36963,0.8666666695624977,4.251029839134575,80.95611659740996,19.043883402590044,stroma-low,0.19043883402590045,0.19031519063106367,True,0.0,True,0.08439477756075456,True,,False,,,,3,TCGA-78-7166-01,TCGA-78-7166,Male,Stage IIB,84,1:DECEASED,8.48,1,II,matched
TCGA-78-7166,TCGA-78-7166-01Z-00-DX1.d19ad2d9-b006-4a13-ba54-2fec234c2373,3,TCGA-78-7166-01,3,3,1,0,0.283383,0.9130434760774495,1.989267102850148,66.54698407356976,33.45301592643025,stroma-low,0.33453015926430246,0.33952064263124154,True,10.319258079238624,True,0.0,True,,False,,,,4,TCGA-78-7166-01,TCGA-78-7166,Male,Stage IIB,84,1:DECEASED,8.48,1,II,matched
TCGA-78-7166,TCGA-78-7166-01Z-00-DX1.d19ad2d9-b006-4a13-ba54-2fec234c2373,4,TCGA-78-7166-01,4,4,1,0,0.258741,0.8095238058934531,0.5899871610989069,37.106410387058844,62.89358961294115,stroma-high,0.6289358961294115,0.6597011560177749,True,24.71290519691652,True,0.015295189909985999,True,,False,,,,5,TCGA-78-7166-01,TCGA-78-7166,Male,Stage IIB,84,1:DECEASED,8.48,1,II,matched
TCGA-78-7166,TCGA-78-7166-01Z-00-DX1.d19ad2d9-b006-4a13-ba54-2fec234c2373,5,TCGA-78-7166-01,5,5,1,0,0.357309,0.9999999996738365,1.2943967849841045,56.41555956909484,43.584440430905154,stroma-low,0.4358444043090515,0.43588048550346686,True,0.07543345496205743,True,0.017277297165313843,True,,False,,,,6,TCGA-78-7166-01,TCGA-78-7166,Male,Stage IIB,84,1:DECEASED,8.48,1,II,matched
TCGA-78-7166,TCGA-78-7166-01Z-00-DX1.d19ad2d9-b006-4a13-ba54-2fec234c2373,6,TCGA-78-7166-01,6,6,1,0,0.234099,1.0000000066908175,2.5148668015153746,71.54941975130133,28.450580248698675,stroma-low,0.28450580248698676,0.2885060787973389,True,3.189520056956379,True,0.28235335960234886,True,,False,,,,7,TCGA-78-7166-01,TCGA-78-7166,Male,Stage IIB,84,1:DECEASED,8.48,1,II,matched
TCGA-78-7166,TCGA-78-7166-01Z-00-DX1.d19ad2d9-b006-4a13-ba54-2fec234c2373,7,TCGA-78-7166-01,7,7,1,0,0.308025,1.0000000004656613,0.8360601359893086,45.535552981156656,54.464447018843344,stroma-high,0.5446444701884334,0.5470715810442922,True,1.5771061204137045,True,0.0,True,,False,,,,8,TCGA-78-7166-01,TCGA-78-7166,Male,Stage IIB,84,1:DECEASED,8.48,1,II,matched
TCGA-78-7166,TCGA-78-7166-01Z-00-DX1.d19ad2d9-b006-4a13-ba54-2fec234c2373,8,TCGA-78-7166-01,8,8,1,0,248.724027,0.9792936047336666,1.752524760004267,63.669718269911236,36.33028173008878,stroma-low,0.36330281730088776,0.3590554340881657,True,11.815336406665523,True,3.312820836701671,True,,False,,,,9,TCGA-78-7166-01,TCGA-78-7166,Male,Stage IIB,84,1:DECEASED,8.48,1,II,matched
TCGA-78-7166,TCGA-78-7166-01Z-00-DX1.d19ad2d9-b006-4a13-ba54-2fec234c2373,9,TCGA-78-7166-01,9,9,1,0,4.891437,0.9974811081988643,1.489804057406053,59.83619686756283,40.16380313243717,stroma-low,0.4016380313243717,0.4158498755927929,True,31.84142004900277,True,0.22768355167578458,True,,False,,,,10,TCGA-78-7166-01,TCGA-78-7166,Male,Stage IIB,84,1:DECEASED,8.48,1,II,matched
TCGA-78-7166,TCGA-78-7166-01Z-00-DX1.d19ad2d9-b006-4a13-ba54-2fec234c2373,10,TCGA-78-7166-01,10,10,1,0,1.096569,0.9999999997193237,1.2393467010271075,55.344118910156425,44.655881089843575,stroma-low,0.44655881089843574,0.4521087569278962,True,20.02876551664396,True,0.0,True,,False,,,,11,TCGA-78-7166-01,TCGA-78-7166,Male,Stage IIB,84,1:DECEASED,8.48,1,II,matched
TCGA-78-7166,TCGA-78-7166-01Z-00-DX1.d19ad2d9-b006-4a13-ba54-2fec234c2373,11,TCGA-78-7166-01,11,11,1,0,3.166497,0.9727626461994402,1.2377026646477831,55.31131030952224,44.68868969047776,stroma-low,0.4468868969047776,0.4440312210036393,True,18.19927869080034,True,7.070243070485126,True,,False,,,,12,TCGA-78-7166-01,TCGA-78-7166,Male,Stage IIB,84,1:DECEASED,8.48,1,II,matched
TCGA-78-7166,TCGA-78-7166-01Z-00-DX1.d19ad2d9-b006-4a13-ba54-2fec234c2373,12,TCGA-78-7166-01,12,12,1,0,0.813186,1.0000000002609974,1.2848486765643556,56.23342542300597,43.76657457699403,stroma-low,0.43766574576994033,0.4371663775093879,True,1.6121444825811633,True,0.610998950588836,True,,False,,,,13,TCGA-78-7166-01,TCGA-78-7166,Male,Stage IIB,84,1:DECEASED,8.48,1,II,matched
TCGA-78-7166,TCGA-78-7166-01Z-00-DX1.d19ad2d9-b006-4a13-ba54-2fec234c2373,13,TCGA-78-7166-01,13,13,1,0,0.665334,0.9259259259460021,0.6484959456157445,39.338643649106395,60.661356350893605,stroma-high,0.606613563508936,0.6148381824644648,True,11.931556724651621,True,2.1504417585188436,True,,False,,,,14,TCGA-78-7166-01,TCGA-78-7166,Male,Stage IIB,84,1:DECEASED,8.48,1,II,matched
TCGA-78-7166,TCGA-78-7166-01Z-00-DX1.d19ad2d9-b006-4a13-ba54-2fec234c2373,14,TCGA-78-7166-01,14,14,1,0,0.726939,0.898305082741668,1.2881197256212227,56.295993220874806,43.7040067791252,stroma-low,0.437040067791252,0.4383427945994268,True,4.278684206554791,True,0.0037055610197170735,True,,False,,,,15,TCGA-78-7166-01,TCGA-78-7166,Male,Stage IIB,84,1:DECEASED,8.48,1,II,matched
TCGA-78-7166,TCGA-78-7166-01Z-00-DX1.d19ad2d9-b006-4a13-ba54-2fec234c2373,15,TCGA-78-7166-01,15,15,1,0,0.911754,0.9999999997992228,0.9902316319623632,49.75459218211688,50.24540781788311,stroma-high,0.5024540781788311,0.5160337088176971,True,20.245956837093818,True,3.7081410285001746,True,,False,,,,16,TCGA-78-7166-01,TCGA-78-7166,Male,Stage IIB,84,1:DECEASED,8.48,1,II,matched
TCGA-78-7166,TCGA-78-7166-01Z-00-DX1.d19ad2d9-b006-4a13-ba54-2fec234c2373,16,TCGA-78-7166-01,16,16;17,2,1,0.628371,0.9999999995584848,0.49807460119948466,33.24765007034257,66.75234992965743,stroma-high,0.6675234992965743,0.6685172812110977,True,2.188476137378117,True,1.1061553728083995,True,0.0,True,111.0,111.0,111.0,17,TCGA-78-7166-01,TCGA-78-7166,Male,Stage IIB,84,1:DECEASED,8.48,1,II,matched
TCGA-78-7166,TCGA-78-7166-01Z-00-DX1.d19ad2d9-b006-4a13-ba54-2fec234c2373,17,TCGA-78-7166-01,17,18,1,0,5.741586,0.9613733901357862,1.5752063562565584,61.168160463317314,38.83183953668269,stroma-low,0.38831839536682694,0.39144289626061474,True,10.25378583523233,True,0.8097921431518761,True,,False,,,,18,TCGA-78-7166-01,TCGA-78-7166,Male,Stage IIB,84,1:DECEASED,8.48,1,II,matched
TCGA-78-7166,TCGA-78-7166-01Z-00-DX1.d19ad2d9-b006-4a13-ba54-2fec234c2373,18,TCGA-78-7166-01,18,19,1,0,2.414916,0.9438775509485673,1.446696864804846,59.12856985330864,40.87143014669135,stroma-low,0.4087143014669135,0.41005355935041476,True,4.542470705875434,True,0.09860600652310123,True,,False,,,,19,TCGA-78-7166-01,TCGA-78-7166,Male,Stage IIB,84,1:DECEASED,8.48,1,II,matched
TCGA-78-7166,TCGA-78-7166-01Z-00-DX1.d19ad2d9-b006-4a13-ba54-2fec234c2373,19,TCGA-78-7166-01,19,20,1,0,1.503162,0.9999999995969597,1.2101518152563562,54.75423936504518,45.245760634954834,stroma-low,0.45245760634954835,0.45249433050503385,True,0.5702284824528436,True,0.09407581367024793,True,,False,,,,20,TCGA-78-7166-01,TCGA-78-7166,Male,Stage IIB,84,1:DECEASED,8.48,1,II,matched
TCGA-78-7166,TCGA-78-7166-01Z-00-DX1.d19ad2d9-b006-4a13-ba54-2fec234c2373,20,TCGA-78-7166-01,20,21,1,0,0.431235,1.0000000005621197,1.0171035023094532,50.42396194072022,49.57603805927978,stroma-low,0.4957603805927978,0.4957603805927978,True,0.0,True,0.0,True,,False,,,,21,TCGA-78-7166-01,TCGA-78-7166,Male,Stage IIB,84,1:DECEASED,8.48,1,II,matched
TCGA-78-7167,TCGA-78-7167-01Z-00-DX1.f79e1a9b-a3eb-4c91-a1fd-7bb58b1620b1,1,TCGA-78-7167-01,1,1,1,0,2.698299,0.9863013704944357,1.2932299353861607,56.39338277556505,43.60661722443495,stroma-low,0.43606617224434946,0.4357562227933291,True,0.053425030658075384,True,0.15913626741367232,True,,False,,,,2,TCGA-78-7167-01,TCGA-78-7167,Male,Stage IV,77,1:DECEASED,88.07,1,IV,matched
TCGA-78-7167,TCGA-78-7167-01Z-00-DX1.f79e1a9b-a3eb-4c91-a1fd-7bb58b1620b1,2,TCGA-78-7167-01,2,2;3,2,1,5.162499,0.8949880678681956,0.9382689686189012,48.40757313921492,51.59242686078508,stroma-high,0.5159242686078508,0.5156267419484206,True,1.0592436257009685,True,0.686675680998393,True,0.0,True,222.0,222.0,222.0,3,TCGA-78-7167-01,TCGA-78-7167,Male,Stage IV,77,1:DECEASED,88.07,1,IV,matched
TCGA-78-7167,TCGA-78-7167-01Z-00-DX1.f79e1a9b-a3eb-4c91-a1fd-7bb58b1620b1,3,TCGA-78-7167-01,3,4,1,0,0.603729,0.6734693891991197,0.19676164275093067,16.44117222027984,83.55882777972016,stroma-high,0.8355882777972016,0.8349853542208883,True,0.0,True,0.4460202289353923,True,,False,,,,4,TCGA-78-7167-01,TCGA-78-7167,Male,Stage IV,77,1:DECEASED,88.07,1,IV,matched
TCGA-78-7167,TCGA-78-7167-01Z-00-DX1.f79e1a9b-a3eb-4c91-a1fd-7bb58b1620b1,4,TCGA-78-7167-01,4,5,1,0,5.803191,0.8598726113006413,0.9141751501763677,47.7581766795028,52.241823320497204,stroma-high,0.522418233204972,0.5223213008268721,True,0.9733677908637124,True,0.5820489547018992,True,,False,,,,5,TCGA-78-7167-01,TCGA-78-7167,Male,Stage IV,77,1:DECEASED,88.07,1,IV,matched
TCGA-78-7167,TCGA-78-7167-01Z-00-DX1.f79e1a9b-a3eb-4c91-a1fd-7bb58b1620b1,5,TCGA-78-7167-01,5,6;8,2,1,234.862902,0.9472248450486365,2.1556045695034647,68.31035137722118,31.68964862277881,stroma-low,0.3168964862277881,0.31678299937607235,True,2.989637514614809,True,0.4562203358982284,True,,False,111.0,111.0,111.0,6,TCGA-78-7167-01,TCGA-78-7167,Male,Stage IV,77,1:DECEASED,88.07,1,IV,matched
TCGA-78-7167,TCGA-78-7167-01Z-00-DX1.f79e1a9b-a3eb-4c91-a1fd-7bb58b1620b1,6,TCGA-78-7167-01,6,7;9;10;11,4,4,13.898088,0.8058510633955068,1.2979248070930056,56.48247510478587,43.51752489521413,stroma-low,0.43517524895214127,0.4353810195409429,True,0.8324314405669155,True,0.36528001803014953,True,0.0,True,278.0689513249963,277.50070691858105,400.2560442293919,7,TCGA-78-7167-01,TCGA-78-7167,Male,Stage IV,77,1:DECEASED,88.07,1,IV,matched
TCGA-78-7167,TCGA-78-7167-01Z-00-DX1.f79e1a9b-a3eb-4c91-a1fd-7bb58b1620b1,7,TCGA-78-7167-01,7,12,1,0,0.283383,0.7391304355608989,0.8235960526292493,45.16329432945381,54.83670567054618,stroma-high,0.5483670567054618,0.5753273744113528,True,17.867296911583573,True,1.5692359324382958,True,,False,,,,8,TCGA-78-7167-01,TCGA-78-7167,Male,Stage IV,77,1:DECEASED,88.07,1,IV,matched
TCGA-78-7535,TCGA-78-7535-01Z-00-DX1.c4ca06f3-22d1-4e39-85c8-98d1fa2b0e60,1,TCGA-78-7535-01,1,1;2;3;4,4,3,2.143854,0.9080459768748923,0.28377041858759466,22.10445220414092,77.89554779585909,stroma-high,0.7789554779585909,0.7775060955778169,True,7.452399662145985,True,8.477549890410733,True,2.4902850350231005,True,592.0,777.0,888.0,2,TCGA-78-7535-01,TCGA-78-7535,Male,Stage IB,45,1:DECEASED,31.18,1,I,matched
TCGA-78-7535,TCGA-78-7535-01Z-00-DX1.c4ca06f3-22d1-4e39-85c8-98d1fa2b0e60,2,TCGA-78-7535-01,2,5;6;7;8;9;10;11;12;13;14;15;16;17;18;20;21,16,24,362.015622,0.966408005088225,1.747279357706166,63.600352574448515,36.39964742555149,stroma-low,0.3639964742555149,0.3439618294774665,True,14.503033576631347,True,11.129063168811369,True,30.370905167119496,True,531.3746762397047,560.5326079283723,999.0,3,TCGA-78-7535-01,TCGA-78-7535,Male,Stage IB,45,1:DECEASED,31.18,1,I,matched
TCGA-78-7535,TCGA-78-7535-01Z-00-DX1.c4ca06f3-22d1-4e39-85c8-98d1fa2b0e60,3,TCGA-78-7535-01,3,19,1,0,0.110889,1.0000000055750005,0.3976151664535678,28.44954576891947,71.55045423108052,stroma-high,0.7155045423108053,0.717342868938789,True,1.6246731843721867,True,0.0,True,,False,,,,4,TCGA-78-7535-01,TCGA-78-7535,Male,Stage IB,45,1:DECEASED,31.18,1,I,matched
TCGA-78-7536,TCGA-78-7536-01Z-00-DX1.6b066140-8b82-40a5-bd48-430eeb4463fe,1,TCGA-78-7536-01,1,1,1,0,413.726859,0.9805831025147689,1.4776829487401668,59.639710944111215,40.360289055888785,stroma-low,0.4036028905588878,0.39074461345530276,True,7.07337497510455,True,5.5325700363124435,True,,False,,,,2,TCGA-78-7536-01,TCGA-78-7536,Male,Stage IIIA,69,1:DECEASED,8.02,1,III,matched
TCGA-78-7537,TCGA-78-7537-01Z-00-DX1.e5597e41-ebba-4d6f-8a1f-15cd81d8f026,1,TCGA-78-7537-01,1,1;3;4;7;11,5,4,309.429594,0.9486342280944242,1.2920888015110736,56.37167288890623,43.628327111093775,stroma-low,0.43628327111093773,0.42767302430648513,True,12.99695399108663,True,6.079097063895366,True,0.0,True,111.0,111.0,111.0,2,TCGA-78-7537-01,TCGA-78-7537,Male,Stage IB,72,1:DECEASED,53.29,1,I,matched
TCGA-78-7537,TCGA-78-7537-01Z-00-DX1.e5597e41-ebba-4d6f-8a1f-15cd81d8f026,2,TCGA-78-7537-01,2,2,1,0,0.295704,1.000000002134281,0.30746416272102134,23.516068087185204,76.4839319128148,stroma-high,0.764839319128148,0.7812584548306649,True,12.36542878973287,True,0.6313014458461544,True,,False,,,,3,TCGA-78-7537-01,TCGA-78-7537,Male,Stage IB,72,1:DECEASED,53.29,1,I,matched
TCGA-78-7537,TCGA-78-7537-01Z-00-DX1.e5597e41-ebba-4d6f-8a1f-15cd81d8f026,3,TCGA-78-7537-01,3,5,1,0,0.197136,1.000000000082764,1.1465469804177093,53.41355166587577,46.58644833412423,stroma-low,0.4658644833412423,0.4658644833412423,True,0.0,True,0.0,True,,False,,,,4,TCGA-78-7537-01,TCGA-78-7537,Male,Stage IB,72,1:DECEASED,53.29,1,I,matched
TCGA-78-7537,TCGA-78-7537-01Z-00-DX1.e5597e41-ebba-4d6f-8a1f-15cd81d8f026,4,TCGA-78-7537-01,4,6,1,0,0.776223,0.9999999971294615,0.4491594972110858,30.994483221170295,69.0055167788297,stroma-high,0.690055167788297,0.6964018455836087,True,4.091834894191375,True,0.0,True,,False,,,,5,TCGA-78-7537-01,TCGA-78-7537,Male,Stage IB,72,1:DECEASED,53.29,1,I,matched
TCGA-78-7537,TCGA-78-7537-01Z-00-DX1.e5597e41-ebba-4d6f-8a1f-15cd81d8f026,5,TCGA-78-7537-01,5,8,1,0,0.234099,0.9473684219686364,0.9795783545121817,49.48419203914637,50.51580796085363,stroma-high,0.5051580796085363,0.5904954012252728,True,83.19695651016762,True,0.6011994478521964,True,,False,,,,6,TCGA-78-7537-01,TCGA-78-7537,Male,Stage IB,72,1:DECEASED,53.29,1,I,matched
TCGA-78-7537,TCGA-78-7537-01Z-00-DX1.e5597e41-ebba-4d6f-8a1f-15cd81d8f026,6,TCGA-78-7537-01,6,9,1,0,2.156175,0.942857141334815,1.4272983239459047,58.801932579331094,41.1980674206689,stroma-low,0.411980674206689,0.4255958450884268,True,15.603814433626612,True,1.6734937147857658,True,,False,,,,7,TCGA-78-7537-01,TCGA-78-7537,Male,Stage IB,72,1:DECEASED,53.29,1,I,matched
TCGA-78-7537,TCGA-78-7537-01Z-00-DX1.e5597e41-ebba-4d6f-8a1f-15cd81d8f026,7,TCGA-78-7537-01,7,10,1,0,0.295704,0.999999995891964,0.3351645800618313,25.102866348230258,74.89713365176975,stroma-high,0.7489713365176974,0.7680037427739216,True,14.323806962944952,True,0.9122240082163342,True,,False,,,,8,TCGA-78-7537-01,TCGA-78-7537,Male,Stage IB,72,1:DECEASED,53.29,1,I,matched
TCGA-78-7542,TCGA-78-7542-01Z-00-DX1.2ee042a6-11ee-4668-b254-44144fca4234,1,TCGA-78-7542-01,1,1,1,0,0.332667,1.0000000008666474,1.7261328349143072,63.31800170583273,36.68199829416727,stroma-low,0.36681998294167273,0.3699509848233656,True,15.582845600984507,True,1.9083269434017665,True,,False,,,,2,TCGA-78-7542-01,TCGA-78-7542,Male,Stage IB,56,1:DECEASED,10.55,1,I,matched
TCGA-78-7542,TCGA-78-7542-01Z-00-DX1.2ee042a6-11ee-4668-b254-44144fca4234,2,TCGA-78-7542-01,2,2;5;6;18;19,5,4,74.098494,0.9871965413555079,1.9196441847414738,65.74925104825583,34.25074895174417,stroma-low,0.3425074895174417,0.3535860547962152,True,33.40224464453806,True,5.184582499176246,True,3.202329862518891,True,197.67489374644492,111.0,457.69957498577963,3,TCGA-78-7542-01,TCGA-78-7542,Male,Stage IB,56,1:DECEASED,10.55,1,I,matched
TCGA-78-7542,TCGA-78-7542-01Z-00-DX1.2ee042a6-11ee-4668-b254-44144fca4234,3,TCGA-78-7542-01,3,3;8;9;14;17,5,4,41.718906,0.9713526290104731,0.9376193211397437,48.39027516448476,51.60972483551524,stroma-high,0.5160972483551524,0.48724783444848124,True,38.625802432390884,True,25.848133020763246,True,32.69853719244571,True,183.31401105734824,111.0,400.2560442293929,4,TCGA-78-7542-01,TCGA-78-7542,Male,Stage IB,56,1:DECEASED,10.55,1,I,matched
TCGA-78-7542,TCGA-78-7542-01Z-00-DX1.2ee042a6-11ee-4668-b254-44144fca4234,4,TCGA-78-7542-01,4,4,1,0,0.517482,0.9999999984254482,1.6100031757957913,61.685870374655785,38.31412962534421,stroma-low,0.38314129625344207,0.42468553933243075,True,34.395629596975716,True,10.2484712338979,True,,False,,,,5,TCGA-78-7542-01,TCGA-78-7542,Male,Stage IB,56,1:DECEASED,10.55,1,I,matched
TCGA-78-7542,TCGA-78-7542-01Z-00-DX1.2ee042a6-11ee-4668-b254-44144fca4234,5,TCGA-78-7542-01,5,7,1,0,0.837828,1.0000000013466943,1.5162577515442863,60.25844334165383,39.74155665834617,stroma-low,0.3974155665834617,0.4005598401076701,True,4.810010457412893,True,1.856747519259051,True,,False,,,,6,TCGA-78-7542-01,TCGA-78-7542,Male,Stage IB,56,1:DECEASED,10.55,1,I,matched
TCGA-78-7542,TCGA-78-7542-01Z-00-DX1.2ee042a6-11ee-4668-b254-44144fca4234,6,TCGA-78-7542-01,6,10,1,0,0.455877,0.99999999805083,0.4273984152131358,29.942475111219576,70.05752488878043,stroma-high,0.7005752488878043,0.6875092849583428,True,7.673919852958298,True,13.208229705987112,True,,False,,,,7,TCGA-78-7542-01,TCGA-78-7542,Male,Stage IB,56,1:DECEASED,10.55,1,I,matched
TCGA-78-7542,TCGA-78-7542-01Z-00-DX1.2ee042a6-11ee-4668-b254-44144fca4234,7,TCGA-78-7542-01,7,11,1,0,0.135531,0.9999999940628186,0.35346678910124196,26.11566031376053,73.88433968623947,stroma-high,0.7388433968623948,0.6356564911954398,True,35.73533185358349,True,59.69605345473641,True,,False,,,,8,TCGA-78-7542-01,TCGA-78-7542,Male,Stage IB,56,1:DECEASED,10.55,1,I,matched
TCGA-78-7542,TCGA-78-7542-01Z-00-DX1.2ee042a6-11ee-4668-b254-44144fca4234,8,TCGA-78-7542-01,8,12;13,2,1,0.677655,0.9999999977520598,0.16871685383770627,14.43607605072966,85.56392394927033,stroma-high,0.8556392394927034,0.8541570366016049,True,16.553719883876578,True,18.600876309186273,True,3.5398780000959666,True,470.9737580802584,470.9737580802584,470.9737580802584,9,TCGA-78-7542-01,TCGA-78-7542,Male,Stage IB,56,1:DECEASED,10.55,1,I,matched
TCGA-78-7542,TCGA-78-7542-01Z-00-DX1.2ee042a6-11ee-4668-b254-44144fca4234,9,TCGA-78-7542-01,9,15,1,0,0.308025,0.7200000056064164,0.4595633952236295,31.48636069714647,68.51363930285352,stroma-high,0.6851363930285352,0.738519008954073,True,51.81671293814074,True,29.45126742727236,True,,False,,,,10,TCGA-78-7542-01,TCGA-78-7542,Male,Stage IB,56,1:DECEASED,10.55,1,I,matched
TCGA-78-7542,TCGA-78-7542-01Z-00-DX1.2ee042a6-11ee-4668-b254-44144fca4234,10,TCGA-78-7542-01,10,16,1,0,0.234099,0.7894736813679245,0.2624389514665811,20.78824890199281,79.21175109800718,stroma-high,0.7921175109800719,0.8109826055765761,True,37.947795591082624,True,21.76614067373149,True,,False,,,,11,TCGA-78-7542-01,TCGA-78-7542,Male,Stage IB,56,1:DECEASED,10.55,1,I,matched
TCGA-78-7542,TCGA-78-7542-01Z-00-DX1.2ee042a6-11ee-4668-b254-44144fca4234,11,TCGA-78-7542-01,11,20;21;22,3,2,0.850149,0.9999999974695485,0.2482798682904509,19.889759868552243,80.11024013144775,stroma-high,0.8011024013144775,0.8150399106608397,True,35.55618863803899,True,27.849647313378824,True,25.952748795414003,True,212.4980263284224,212.4980263284224,313.9960526568448,12,TCGA-78-7542-01,TCGA-78-7542,Male,Stage IB,56,1:DECEASED,10.55,1,I,matched
TCGA-78-7633,TCGA-78-7633-01Z-00-DX1.f0cd4825-eb92-4098-954a-fbb1e4851660,1,TCGA-78-7633-01,1,1;2,2,1,3.043287,0.9959514150347091,0.26295663851921625,20.820717869421554,79.17928213057844,stroma-high,0.7917928213057844,0.7917869513696071,True,0.5295410038409651,True,0.36131078542611234,True,0.0,True,157.01834723343256,157.01834723343256,157.01834723343256,2,TCGA-78-7633-01,TCGA-78-7633,Male,Stage IB,67,1:DECEASED,50.2,1,I,matched
TCGA-78-7633,TCGA-78-7633-01Z-00-DX1.f0cd4825-eb92-4098-954a-fbb1e4851660,2,TCGA-78-7633-01,2,3,1,0,73.950642,0.9553482171621658,3.145447943977578,75.87715456775234,24.122845432247665,stroma-low,0.24122845432247667,0.23662124464812387,True,5.593117603017586,True,3.9253929009910906,True,,False,,,,3,TCGA-78-7633-01,TCGA-78-7633,Male,Stage IB,67,1:DECEASED,50.2,1,I,matched
TCGA-78-7633,TCGA-78-7633-01Z-00-DX1.f0cd4825-eb92-4098-954a-fbb1e4851660,3,TCGA-78-7633-01,3,4,1,0,0.566766,0.8260869557820827,2.5057858391628125,71.47572481955139,28.524275180448605,stroma-low,0.28524275180448605,0.3002478166960093,True,16.944179485516372,True,1.1540752003183714,True,,False,,,,4,TCGA-78-7633-01,TCGA-78-7633,Male,Stage IB,67,1:DECEASED,50.2,1,I,matched
TCGA-78-7633,TCGA-78-7633-01Z-00-DX1.f0cd4825-eb92-4098-954a-fbb1e4851660,4,TCGA-78-7633-01,4,5,1,0,0.209457,1.0000000019747806,0.17587749002881742,14.957127040888176,85.04287295911183,stroma-high,0.8504287295911183,0.8505791702881339,True,0.15351133449245286,True,0.0,True,,False,,,,5,TCGA-78-7633-01,TCGA-78-7633,Male,Stage IB,67,1:DECEASED,50.2,1,I,matched
TCGA-78-7633,TCGA-78-7633-01Z-00-DX1.f0cd4825-eb92-4098-954a-fbb1e4851660,5,TCGA-78-7633-01,5,6,1,0,0.295704,1.0000000005687373,0.24352899540712783,19.583700605822795,80.4162993941772,stroma-high,0.804162993941772,0.804162993941772,True,0.0,True,0.0,True,,False,,,,6,TCGA-78-7633-01,TCGA-78-7633,Male,Stage IB,67,1:DECEASED,50.2,1,I,matched
TCGA-78-7633,TCGA-78-7633-01Z-00-DX1.f0cd4825-eb92-4098-954a-fbb1e4851660,6,TCGA-78-7633-01,6,7,1,0,0.258741,0.99999999857807,0.2495502628328034,19.971206461679934,80.02879353832006,stroma-high,0.8002879353832006,0.812677392147679,True,10.866088331584047,True,0.21093285829725228,True,,False,,,,7,TCGA-78-7633-01,TCGA-78-7633,Male,Stage IB,67,1:DECEASED,50.2,1,I,matched
TCGA-78-7633,TCGA-78-7633-01Z-00-DX1.f0cd4825-eb92-4098-954a-fbb1e4851660,7,TCGA-78-7633-01,7,8,1,0,0.591408,1.0000000015522044,0.1960025725178794,16.388139709870842,83.61186029012916,stroma-high,0.8361186029012916,0.8354093335674677,True,0.12741550139222196,True,0.7067513186978918,True,,False,,,,8,TCGA-78-7633-01,TCGA-78-7633,Male,Stage IB,67,1:DECEASED,50.2,1,I,matched
TCGA-78-7633,TCGA-78-7633-01Z-00-DX1.f0cd4825-eb92-4098-954a-fbb1e4851660,8,TCGA-78-7633-01,8,9,1,0,0.209457,0.9999999910634121,0.49363218265006475,33.04911265196776,66.95088734803224,stroma-high,0.6695088734803224,0.6736047013996461,True,3.2549488991564726,True,0.5528053213695819,True,,False,,,,9,TCGA-78-7633-01,TCGA-78-7633,Male,Stage IB,67,1:DECEASED,50.2,1,I,matched
TCGA-78-7633,TCGA-78-7633-01Z-00-DX1.f0cd4825-eb92-4098-954a-fbb1e4851660,9,TCGA-78-7633-01,9,10;11;12;13;15,5,5,141.186339,0.9853390347292885,0.9717123405225508,49.28266261522834,50.71733738477167,stroma-high,0.5071733738477167,0.49796815476388107,True,11.76545205090184,True,7.468058480044427,True,22.443248044078842,True,282.1533078987218,248.2421020415337,555.0402333690078,10,TCGA-78-7633-01,TCGA-78-7633,Male,Stage IB,67,1:DECEASED,50.2,1,I,matched
TCGA-78-7633,TCGA-78-7633-01Z-00-DX1.f0cd4825-eb92-4098-954a-fbb1e4851660,10,TCGA-78-7633-01,10,14,1,0,0.258741,0.4285714237180184,1.2245482069571905,55.0470519419387,44.95294805806131,stroma-low,0.4495294805806131,0.4343320349466623,True,,False,5.976553830858506,True,,False,,,,11,TCGA-78-7633-01,TCGA-78-7633,Male,Stage IB,67,1:DECEASED,50.2,1,I,matched
TCGA-78-7633,TCGA-78-7633-01Z-00-DX1.f0cd4825-eb92-4098-954a-fbb1e4851660,11,TCGA-78-7633-01,11,16,1,0,0.406593,0.9393939394323035,0.32344030196471507,24.43935714248322,75.56064285751678,stroma-high,0.7556064285751678,0.7744987546522809,True,14.440937236162801,True,1.6470529089112351,True,,False,,,,12,TCGA-78-7633-01,TCGA-78-7633,Male,Stage IB,67,1:DECEASED,50.2,1,I,matched
TCGA-78-7633,TCGA-78-7633-01Z-00-DX1.f0cd4825-eb92-4098-954a-fbb1e4851660,12,TCGA-78-7633-01,12,17;18,2,1,1.133532,0.8043478258493807,0.4785985863104676,32.36839198559698,67.63160801440303,stroma-high,0.6763160801440302,0.6792640183186566,True,2.311496241931938,True,0.1328442260198643,True,0.026639868830506917,True,313.9960526568448,313.9960526568448,313.9960526568448,13,TCGA-78-7633-01,TCGA-78-7633,Male,Stage IB,67,1:DECEASED,50.2,1,I,matched
TCGA-86-6562,TCGA-86-6562-01Z-00-DX1.5dea3015-e606-4837-9f99-ac14f0aa091b,1,TCGA-86-6562-01,1,1,1,0,0.308025,0.9599999978718552,0.1220701888709548,10.87901542004104,89.12098457995896,stroma-high,0.8912098457995895,0.8949209802758371,True,4.9237110991787105,True,0.0,True,,False,,,,2,TCGA-86-6562-01,TCGA-86-6562,Male,Stage IIA,52,1:DECEASED,12.35,1,II,matched
TCGA-86-6562,TCGA-86-6562-01Z-00-DX1.5dea3015-e606-4837-9f99-ac14f0aa091b,2,TCGA-86-6562-01,2,2,1,0,0.357309,0.9999999998193555,0.18853604289668324,15.862879718581011,84.13712028141899,stroma-high,0.8413712028141899,0.8415558008461,True,0.17515428900342997,True,0.007466084602406312,True,,False,,,,3,TCGA-86-6562-01,TCGA-86-6562,Male,Stage IIA,52,1:DECEASED,12.35,1,II,matched
TCGA-86-6562,TCGA-86-6562-01Z-00-DX1.5dea3015-e606-4837-9f99-ac14f0aa091b,3,TCGA-86-6562-01,3,3;4;5;8;10;12;13;14,8,9,135.099765,0.9845873235322906,1.0364674660193292,50.89536087926345,49.10463912073656,stroma-low,0.4910463912073656,0.48594921981380507,True,10.443283461969838,True,5.349939085741539,True,9.628920495502909,True,246.73195016990252,222.0,555.0402333690092,4,TCGA-86-6562-01,TCGA-86-6562,Male,Stage IIA,52,1:DECEASED,12.35,1,II,matched
TCGA-86-6562,TCGA-86-6562-01Z-00-DX1.5dea3015-e606-4837-9f99-ac14f0aa091b,4,TCGA-86-6562-01,4,6,1,0,0.665334,0.9999999965285599,0.17493183916971583,14.888679780210417,85.11132021978959,stroma-high,0.8511132021978959,0.8511556155335098,True,0.04763344760175843,True,0.0,True,,False,,,,5,TCGA-86-6562-01,TCGA-86-6562,Male,Stage IIA,52,1:DECEASED,12.35,1,II,matched
TCGA-86-6562,TCGA-86-6562-01Z-00-DX1.5dea3015-e606-4837-9f99-ac14f0aa091b,5,TCGA-86-6562-01,5,7,1,0,0.948717,0.99999999954341,0.24992173595223854,19.994990787310257,80.00500921268974,stroma-high,0.8000500921268974,0.8000700802876366,True,0.053422995100317235,True,0.021205962166816313,True,,False,,,,6,TCGA-86-6562-01,TCGA-86-6562,Male,Stage IIA,52,1:DECEASED,12.35,1,II,matched
TCGA-86-6562,TCGA-86-6562-01Z-00-DX1.5dea3015-e606-4837-9f99-ac14f0aa091b,6,TCGA-86-6562-01,6,9,1,0,2.981682,0.9669421459354476,2.933674702691444,74.57847749037829,25.421522509621695,stroma-low,0.25421522509621697,0.3191238362520916,True,48.227341912293284,True,5.9115843518623645,True,,False,,,,7,TCGA-86-6562-01,TCGA-86-6562,Male,Stage IIA,52,1:DECEASED,12.35,1,II,matched
TCGA-86-6562,TCGA-86-6562-01Z-00-DX1.5dea3015-e606-4837-9f99-ac14f0aa091b,7,TCGA-86-6562-01,7,11,1,0,0.234099,1.0000000011350494,0.48990406467861136,32.88158454580021,67.11841545419979,stroma-high,0.671184154541998,0.6699838350042862,True,7.515690587783347,True,6.5710866248328,True,,False,,,,8,TCGA-86-6562-01,TCGA-86-6562,Male,Stage IIA,52,1:DECEASED,12.35,1,II,matched
TCGA-86-6562,TCGA-86-6562-01Z-00-DX1.5dea3015-e606-4837-9f99-ac14f0aa091b,8,TCGA-86-6562-01,8,15,1,0,1.121211,1.000000002698301,0.47729774361151295,32.30883859909479,67.6911614009052,stroma-high,0.6769116140090521,0.672359211128455,True,3.1504701607906562,True,4.244233097671554,True,,False,,,,9,TCGA-86-6562-01,TCGA-86-6562,Male,Stage IIA,52,1:DECEASED,12.35,1,II,matched
TCGA-86-6562,TCGA-86-6562-01Z-00-DX1.5dea3015-e606-4837-9f99-ac14f0aa091b,9,TCGA-86-6562-01,9,16,1,0,0.283383,1.000000006259538,0.1855806304833247,15.65314291678915,84.34685708321085,stroma-high,0.8434685708321085,0.8434505655522548,True,0.02072384950311558,True,0.05108143123462906,True,,False,,,,10,TCGA-86-6562-01,TCGA-86-6562,Male,Stage IIA,52,1:DECEASED,12.35,1,II,matched
TCGA-86-7701,TCGA-86-7701-01Z-00-DX1.a8a6e71e-9fa9-42c6-a186-0ac7526e9960,1,TCGA-86-7701-01,1,1,1,0,0.788544,0.7812499985385841,0.42727561831281785,29.93644765107809,70.0635523489219,stroma-high,0.7006355234892191,0.7007588609160853,True,0.12175886637049672,True,0.03140666221009712,True,,False,,,,2,TCGA-86-7701-01,TCGA-86-7701,Male,Stage IV,66,0:LIVING,31.11,0,IV,matched
TCGA-86-7701,TCGA-86-7701-01Z-00-DX1.a8a6e71e-9fa9-42c6-a186-0ac7526e9960,2,TCGA-86-7701-01,2,2,1,0,0.295704,0.7916666644414363,0.7143641309018548,41.66933488780227,58.330665112197735,stroma-high,0.5833066511219773,0.6235577434032291,True,24.691877116344546,True,7.059935505334049,True,,False,,,,3,TCGA-86-7701-01,TCGA-86-7701,Male,Stage IV,66,0:LIVING,31.11,0,IV,matched
TCGA-86-7701,TCGA-86-7701-01Z-00-DX1.a8a6e71e-9fa9-42c6-a186-0ac7526e9960,3,TCGA-86-7701-01,3,3;4;5,3,2,2.920077,0.8818565386460511,0.8058498953716879,44.62441188700373,55.375588112996276,stroma-high,0.5537558811299628,0.5607649351002847,True,6.261850667668198,True,1.0771174473276086,True,1.5238671725507078,True,502.9713455559151,502.9713455559151,894.9426911118302,4,TCGA-86-7701-01,TCGA-86-7701,Male,Stage IV,66,0:LIVING,31.11,0,IV,matched
TCGA-86-7701,TCGA-86-7701-01Z-00-DX1.a8a6e71e-9fa9-42c6-a186-0ac7526e9960,4,TCGA-86-7701-01,4,6,1,0,0.283383,0.8260869575251886,0.18322213312070595,15.4850157034727,84.5149842965273,stroma-high,0.845149842965273,0.8433737856263174,True,0.24213006649497448,True,1.703584390871213,True,,False,,,,5,TCGA-86-7701-01,TCGA-86-7701,Male,Stage IV,66,0:LIVING,31.11,0,IV,matched
TCGA-86-7701,TCGA-86-7701-01Z-00-DX1.a8a6e71e-9fa9-42c6-a186-0ac7526e9960,5,TCGA-86-7701-01,5,7,1,0,0.320346,0.7692307676322273,4.151486676120532,80.58812799350812,19.41187200649187,stroma-low,0.19411872006491868,0.2511586952847712,True,33.14003332701721,True,1.3290256645636127,True,,False,,,,6,TCGA-86-7701-01,TCGA-86-7701,Male,Stage IV,66,0:LIVING,31.11,0,IV,matched
TCGA-86-7711,TCGA-86-7711-01Z-00-DX1.f64dd9d8-b9ca-4d1f-9783-d1042979132d,1,TCGA-86-7711-01,1,1,1,0,0.295704,0.7499999958278447,45.12278128572449,97.83187402813995,2.1681259718600514,stroma-low,0.021681259718600514,0.025630686828667617,True,54.94735353018324,True,0.0,True,,False,,,,2,TCGA-86-7711-01,TCGA-86-7711,Male,Stage IIA,70,1:DECEASED,34.36,1,II,matched
TCGA-86-7711,TCGA-86-7711-01Z-00-DX1.f64dd9d8-b9ca-4d1f-9783-d1042979132d,2,TCGA-86-7711-01,2,2;3,2,1,1.515483,0.7967479676549042,1.4403185297537828,59.02174294841356,40.97825705158643,stroma-low,0.4097825705158643,0.43573325749548747,True,20.01745446126278,True,0.98640102863953,True,6.328783402322394,True,222.0,222.0,222.0,3,TCGA-86-7711-01,TCGA-86-7711,Male,Stage IIA,70,1:DECEASED,34.36,1,II,matched
TCGA-86-7711,TCGA-86-7711-01Z-00-DX1.f64dd9d8-b9ca-4d1f-9783-d1042979132d,3,TCGA-86-7711-01,3,4;5,2,1,1.2321,0.7299999995419967,0.9916993912547236,49.79161994069679,50.2083800593032,stroma-high,0.502083800593032,0.6182869464342398,True,57.239432917948854,True,11.298150558468636,True,69.45978792362243,True,351.0491718891832,351.0491718891832,351.0491718891832,4,TCGA-86-7711-01,TCGA-86-7711,Male,Stage IIA,70,1:DECEASED,34.36,1,II,matched
TCGA-86-7713,TCGA-86-7713-01Z-00-DX1.23f9e213-b566-47bb-beb8-7d12b2f0508b,1,TCGA-86-7713-01,1,1;2;3;4;5;6;7;12;16,9,12,157.314528,0.976660401176665,3.749026959641951,78.94305489317765,21.05694510682235,stroma-low,0.2105694510682235,0.21757483066282232,True,42.80082058963705,True,10.49080379701373,True,46.14931584098467,True,485.50035385320126,512.9870487007894,999.000188511884,2,TCGA-86-7713-01,TCGA-86-7713,Male,Stage IIA,70,0:LIVING,38.01,0,II,matched
TCGA-86-7713,TCGA-86-7713-01Z-00-DX1.23f9e213-b566-47bb-beb8-7d12b2f0508b,2,TCGA-86-7713-01,2,8;9;11;13;14;15;17,7,8,46.351602,0.9332801703361484,2.547892716091005,71.8142548261217,28.185745173878292,stroma-low,0.2818574517387829,0.3070106868703917,True,47.948391914292586,True,20.67626796461378,True,33.71238976603602,True,499.59293786164346,506.34978749288973,777.0002423724073,3,TCGA-86-7713-01,TCGA-86-7713,Male,Stage IIA,70,0:LIVING,38.01,0,II,matched
TCGA-86-7713,TCGA-86-7713-01Z-00-DX1.23f9e213-b566-47bb-beb8-7d12b2f0508b,3,TCGA-86-7713-01,3,10,1,0,1.219779,0.7878787854629128,2.354025257333037,70.18507842737138,29.81492157262861,stroma-low,0.2981492157262861,0.3939775799108716,True,56.169791467563016,True,17.29214637394547,True,,False,,,,4,TCGA-86-7713-01,TCGA-86-7713,Male,Stage IIA,70,0:LIVING,38.01,0,II,matched
TCGA-86-8054,TCGA-86-8054-01Z-00-DX1.2c4c08f6-be1c-46d1-a719-5983cade0c54,1,TCGA-86-8054-01,1,1,1,0,3.129534,0.92519685129887,2.7027583640287416,72.99310671431549,27.00689328568452,stroma-low,0.2700689328568452,0.3075253425949951,True,38.78702950508464,True,5.191450819738152,True,,False,,,,2,TCGA-86-8054-01,TCGA-86-8054,Male,Stage IIB,61,0:LIVING,37.71,0,II,matched
TCGA-86-8054,TCGA-86-8054-01Z-00-DX1.2c4c08f6-be1c-46d1-a719-5983cade0c54,2,TCGA-86-8054-01,2,2,1,0,1.293705,1.0000000029749658,6.2011553603224225,86.11333945786129,13.886660542138701,stroma-low,0.138866605421387,0.15294207602143026,True,71.70441170524715,True,2.052874627208829,True,,False,,,,3,TCGA-86-8054-01,TCGA-86-8054,Male,Stage IIB,61,0:LIVING,37.71,0,II,matched
TCGA-86-8054,TCGA-86-8054-01Z-00-DX1.2c4c08f6-be1c-46d1-a719-5983cade0c54,3,TCGA-86-8054-01,3,3,1,0,0.184815,0.9999999975164732,2.031854920610432,67.01689143494173,32.983108565058274,stroma-low,0.3298310856505827,0.3298310856505827,True,0.0,True,0.0,True,,False,,,,4,TCGA-86-8054-01,TCGA-86-8054,Male,Stage IIB,61,0:LIVING,37.71,0,II,matched
TCGA-86-8054,TCGA-86-8054-01Z-00-DX1.2c4c08f6-be1c-46d1-a719-5983cade0c54,4,TCGA-86-8054-01,4,4,1,0,0.234099,0.9999999967373074,23.91451056099029,95.98627475521938,4.013725244780616,stroma-low,0.040137252447806165,0.040137252447806165,True,0.0,False,0.0,True,,False,,,,5,TCGA-86-8054-01,TCGA-86-8054,Male,Stage IIB,61,0:LIVING,37.71,0,II,matched
TCGA-86-8054,TCGA-86-8054-01Z-00-DX1.2c4c08f6-be1c-46d1-a719-5983cade0c54,5,TCGA-86-8054-01,5,5,1,0,0.308025,0.9999999957205727,1.6975890494167498,62.92986138062017,37.07013861937983,stroma-low,0.37070138619379833,0.3736338175510347,True,4.761117464596701,True,0.15651027690871186,True,,False,,,,6,TCGA-86-8054-01,TCGA-86-8054,Male,Stage IIB,61,0:LIVING,37.71,0,II,matched
TCGA-86-8054,TCGA-86-8054-01Z-00-DX1.2c4c08f6-be1c-46d1-a719-5983cade0c54,6,TCGA-86-8054-01,6,6,1,0,71.942319,0.9635211505185861,2.3749804464375583,70.37019870572749,29.62980129427251,stroma-low,0.2962980129427251,0.2974327502132667,True,9.748687809573607,True,1.5984067286375712,True,,False,,,,7,TCGA-86-8054-01,TCGA-86-8054,Male,Stage IIB,61,0:LIVING,37.71,0,II,matched
TCGA-86-8054,TCGA-86-8054-01Z-00-DX1.2c4c08f6-be1c-46d1-a719-5983cade0c54,7,TCGA-86-8054-01,7,7,1,0,0.221778,0.6111111048958264,1.698836483649713,62.94699563836962,37.05300436163038,stroma-low,0.37053004361630376,0.3714716806744833,True,1.0162421799241765,True,0.0,True,,False,,,,8,TCGA-86-8054-01,TCGA-86-8054,Male,Stage IIB,61,0:LIVING,37.71,0,II,matched
TCGA-86-8054,TCGA-86-8054-01Z-00-DX1.2c4c08f6-be1c-46d1-a719-5983cade0c54,8,TCGA-86-8054-01,8,8,1,0,0.308025,1.000000000819564,3.1841783459168083,76.10044512142116,23.89955487857884,stroma-low,0.2389955487857884,0.2389955487857884,True,0.0,True,0.0,True,,False,,,,9,TCGA-86-8054-01,TCGA-86-8054,Male,Stage IIB,61,0:LIVING,37.71,0,II,matched
TCGA-86-8054,TCGA-86-8054-01Z-00-DX1.2c4c08f6-be1c-46d1-a719-5983cade0c54,9,TCGA-86-8054-01,9,9,1,0,0.554445,0.9999999989807192,1.8759508482760154,65.22889114744612,34.77110885255388,stroma-low,0.3477110885255388,0.3477110885255388,True,0.0,True,0.0,True,,False,,,,10,TCGA-86-8054-01,TCGA-86-8054,Male,Stage IIB,61,0:LIVING,37.71,0,II,matched
TCGA-86-8054,TCGA-86-8054-01Z-00-DX1.2c4c08f6-be1c-46d1-a719-5983cade0c54,10,TCGA-86-8054-01,10,10,1,0,9.302355,0.9298013237965173,0.9117119580070616,47.690864420679304,52.30913557932069,stroma-high,0.5230913557932069,0.5312307115792004,True,12.29911809443885,True,3.280194515427031,True,,False,,,,11,TCGA-86-8054-01,TCGA-86-8054,Male,Stage IIB,61,0:LIVING,37.71,0,II,matched
TCGA-86-8054,TCGA-86-8054-01Z-00-DX1.2c4c08f6-be1c-46d1-a719-5983cade0c54,11,TCGA-86-8054-01,11,11,1,0,0.517482,1.0000000001436136,3.44849142370652,77.52046919387355,22.479530806126448,stroma-low,0.22479530806126446,0.22383896689155233,True,0.0,True,0.5589775522515282,True,,False,,,,12,TCGA-86-8054-01,TCGA-86-8054,Male,Stage IIB,61,0:LIVING,37.71,0,II,matched
TCGA-86-8054,TCGA-86-8054-01Z-00-DX1.2c4c08f6-be1c-46d1-a719-5983cade0c54,12,TCGA-86-8054-01,12,12,1,0,0.776223,1.000000001433017,1.3915474558351177,58.18606912607534,41.81393087392466,stroma-low,0.4181393087392466,0.4158824311200379,True,1.237330484489548,True,1.3173714261745268,True,,False,,,,13,TCGA-86-8054-01,TCGA-86-8054,Male,Stage IIB,61,0:LIVING,37.71,0,II,matched
TCGA-86-8054,TCGA-86-8054-01Z-00-DX1.2c4c08f6-be1c-46d1-a719-5983cade0c54,13,TCGA-86-8054-01,13,13,1,0,0.271062,0.6818181817546826,1.868421434085409,65.13761931503457,34.86238068496543,stroma-low,0.34862380684965427,0.34862380684965427,True,0.0,True,0.0,True,,False,,,,14,TCGA-86-8054-01,TCGA-86-8054,Male,Stage IIB,61,0:LIVING,37.71,0,II,matched
TCGA-86-8076,TCGA-86-8076-01Z-00-DX1.e7378b2f-e20e-4d2f-a86c-3a8ead08a385,1,TCGA-86-8076-01,1,1,1,0,0.271062,0.9999999949306418,0.5919130500959319,37.1824987589782,62.8175012410218,stroma-high,0.628175012410218,0.7536644574878337,True,62.211528488147074,True,3.686353158313006,True,,False,,,,2,TCGA-86-8076-01,TCGA-86-8076,Male,Stage IA,42,0:LIVING,32.62,0,I,matched
TCGA-86-8076,TCGA-86-8076-01Z-00-DX1.e7378b2f-e20e-4d2f-a86c-3a8ead08a385,2,TCGA-86-8076-01,2,2;5;9;13,4,3,4.250745,1.0000000010882462,0.9826372373758573,49.56212961461565,50.43787038538435,stroma-high,0.5043787038538435,0.6071719671067319,True,69.19494527505218,True,31.767638778755853,True,65.74308279317222,True,387.96895811683345,111.0,941.9068743505003,3,TCGA-86-8076-01,TCGA-86-8076,Male,Stage IA,42,0:LIVING,32.62,0,I,matched
TCGA-86-8076,TCGA-86-8076-01Z-00-DX1.e7378b2f-e20e-4d2f-a86c-3a8ead08a385,3,TCGA-86-8076-01,3,3;7;8;10;11;12;14;16;17;18;19;20;21;22;23;24;26;27;28;29;30,21,24,68.38155,0.9879279278616979,1.06232012021332,51.51092256731883,48.48907743268117,stroma-low,0.4848907743268117,0.525695621897139,True,54.847595134725104,True,24.333169194594497,True,60.520826662257534,True,492.1292486076425,470.9737580802598,948.4214148207801,4,TCGA-86-8076-01,TCGA-86-8076,Male,Stage IA,42,0:LIVING,32.62,0,I,matched
TCGA-86-8076,TCGA-86-8076-01Z-00-DX1.e7378b2f-e20e-4d2f-a86c-3a8ead08a385,4,TCGA-86-8076-01,4,4,1,0,2.082249,0.8106508878646046,3.476235138882174,77.65979737494924,22.340202625050757,stroma-low,0.2234020262505076,0.22221979132176056,True,41.72225849729535,True,4.278452659702529,True,,False,,,,5,TCGA-86-8076-01,TCGA-86-8076,Male,Stage IA,42,0:LIVING,32.62,0,I,matched
TCGA-86-8076,TCGA-86-8076-01Z-00-DX1.e7378b2f-e20e-4d2f-a86c-3a8ead08a385,5,TCGA-86-8076-01,5,6,1,0,0.381951,0.9999999977146453,0.36107963238187574,26.528913062198274,73.47108693780172,stroma-high,0.7347108693780171,0.763280193468524,True,21.821106554532317,True,1.5653810675191049,True,,False,,,,6,TCGA-86-8076-01,TCGA-86-8076,Male,Stage IA,42,0:LIVING,32.62,0,I,matched
TCGA-86-8076,TCGA-86-8076-01Z-00-DX1.e7378b2f-e20e-4d2f-a86c-3a8ead08a385,6,TCGA-86-8076-01,6,15,1,0,0.36963,1.000000004181978,0.6232648370803258,38.39575790980336,61.604242090196635,stroma-high,0.6160424209019664,0.7630879528475297,True,79.80761775662837,True,45.494859355151746,True,,False,,,,7,TCGA-86-8076-01,TCGA-86-8076,Male,Stage IA,42,0:LIVING,32.62,0,I,matched
TCGA-86-8076,TCGA-86-8076-01Z-00-DX1.e7378b2f-e20e-4d2f-a86c-3a8ead08a385,7,TCGA-86-8076-01,7,25,1,0,0.320346,1.0000000028903042,0.2909414696175191,22.537154198301447,77.46284580169855,stroma-high,0.7746284580169855,0.7846855121982352,True,11.760268914345257,True,8.700687749135994,True,,False,,,,8,TCGA-86-8076-01,TCGA-86-8076,Male,Stage IA,42,0:LIVING,32.62,0,I,matched
TCGA-86-8279,TCGA-86-8279-01Z-00-DX1.fd12b60e-d181-454b-a655-298a973a849d,1,TCGA-86-8279-01,1,1;4;5;9;15;19;21;22;23;24;25;26;28;29;30;31;32;33;34;37,20,30,14.41557,0.9897435898243591,0.22034538482641353,18.055985425614264,81.94401457438573,stroma-high,0.8194401457438574,0.8168034243274664,True,6.1612751669443595,True,8.401948749029424,True,4.253906979399036,True,570.1706766391176,610.5001696606597,999.0,2,TCGA-86-8279-01,TCGA-86-8279,Male,Stage IIA,46,0:LIVING,31.18,0,II,matched
TCGA-86-8279,TCGA-86-8279-01Z-00-DX1.fd12b60e-d181-454b-a655-298a973a849d,2,TCGA-86-8279-01,2,2;3;6,3,3,2.069928,0.9464285718449251,0.2311117820659221,18.772607445775122,81.22739255422488,stroma-high,0.8122739255422488,0.8093226753102123,True,5.028470136669456,True,6.518457514273041,True,0.05208170531565918,True,296.0136938903153,222.00084830193703,555.0402333690089,3,TCGA-86-8279-01,TCGA-86-8279,Male,Stage IIA,46,0:LIVING,31.18,0,II,matched
TCGA-86-8279,TCGA-86-8279-01Z-00-DX1.fd12b60e-d181-454b-a655-298a973a849d,3,TCGA-86-8279-01,3,7;8;11;13;14,5,6,2.809188,0.999999998930857,0.21337451406013216,17.585214753369858,82.41478524663015,stroma-high,0.8241478524663014,0.8241035927238798,True,0.4612670356820955,True,0.5058833398203518,True,0.08283231642238406,True,539.7728038102301,512.3916181299937,992.8527382994562,4,TCGA-86-8279-01,TCGA-86-8279,Male,Stage IIA,46,0:LIVING,31.18,0,II,matched
TCGA-86-8279,TCGA-86-8279-01Z-00-DX1.fd12b60e-d181-454b-a655-298a973a849d,4,TCGA-86-8279-01,4,10;17,2,1,2.328669,0.9365079355003704,0.31018633432330084,23.674978603979195,76.3250213960208,stroma-high,0.763250213960208,0.7609249179275189,True,0.24658258816262915,True,1.6221371713756858,True,0.0,True,666.0002827677926,666.0002827677926,666.0002827677926,5,TCGA-86-8279-01,TCGA-86-8279,Male,Stage IIA,46,0:LIVING,31.18,0,II,matched
TCGA-86-8279,TCGA-86-8279-01Z-00-DX1.fd12b60e-d181-454b-a655-298a973a849d,5,TCGA-86-8279-01,5,12;16;20;27;35;36,6,5,129.333537,0.9746594265480482,0.7652459158310831,43.350669103279195,56.649330896720805,stroma-high,0.5664933089672081,0.561608966063707,True,9.5882023022932,True,4.245923389045201,True,5.322290376893242,True,317.63425419372385,248.2421020415337,784.9291689270855,6,TCGA-86-8279-01,TCGA-86-8279,Male,Stage IIA,46,0:LIVING,31.18,0,II,matched
TCGA-86-8279,TCGA-86-8279-01Z-00-DX1.fd12b60e-d181-454b-a655-298a973a849d,6,TCGA-86-8279-01,6,18,1,0,0.899433,1.000000000973284,0.3106940129817542,23.70454201396274,76.29545798603726,stroma-high,0.7629545798603726,0.7638201280286504,True,0.8817091994477194,True,0.12503831458756015,True,,False,,,,7,TCGA-86-8279-01,TCGA-86-8279,Male,Stage IIA,46,0:LIVING,31.18,0,II,matched
TCGA-86-8279,TCGA-86-8279-01Z-00-DX1.fd12b60e-d181-454b-a655-298a973a849d,7,TCGA-86-8279-01,7,38,1,0,0.418914,0.617647063363085,1.7912905435270388,64.17427765379045,35.82572234620954,stroma-low,0.3582572234620954,0.4420004135599843,True,47.40696224203259,True,20.626628210988514,True,,False,,,,8,TCGA-86-8279-01,TCGA-86-8279,Male,Stage IIA,46,0:LIVING,31.18,0,II,matched
TCGA-86-8281,TCGA-86-8281-01Z-00-DX1.02237263-003b-4de1-8a2f-0f3ad14768c7,1,TCGA-86-8281-01,1,1;3,2,1,69.872391,0.9709046028274427,1.5430016944951144,60.67639269904068,39.32360730095932,stroma-low,0.3932360730095932,0.3783963851205573,True,34.269051500160614,True,14.805023459162895,True,40.0537801495225,True,222.0,222.0,222.0,2,TCGA-86-8281-01,TCGA-86-8281,Male,Stage IA,75,0:LIVING,0,0,I,matched
TCGA-86-8281,TCGA-86-8281-01Z-00-DX1.02237263-003b-4de1-8a2f-0f3ad14768c7,2,TCGA-86-8281-01,2,2,1,0,0.147852,0.9999999941125375,0.31512442862254175,23.961567572172797,76.03843242782719,stroma-high,0.760384324278272,0.718359931593662,True,0.7223390988840667,True,22.346663046672184,True,,False,,,,3,TCGA-86-8281-01,TCGA-86-8281,Male,Stage IA,75,0:LIVING,0,0,I,matched
TCGA-86-8281,TCGA-86-8281-01Z-00-DX1.02237263-003b-4de1-8a2f-0f3ad14768c7,3,TCGA-86-8281-01,3,4,1,0,0.640692,0.8076923072770185,0.7962491144456674,44.32843462758752,55.67156537241248,stroma-high,0.5567156537241248,0.6425968139273907,True,51.1839198952029,True,16.828275538274788,True,,False,,,,4,TCGA-86-8281-01,TCGA-86-8281,Male,Stage IA,75,0:LIVING,0,0,I,matched
TCGA-86-8358,TCGA-86-8358-01Z-00-DX1.C50100F8-9414-4A06-BEDF-93E7B01B24D6,1,TCGA-86-8358-01,1,1,1,0,0.295704,0.9583333307153529,214.15819141878575,99.53522568980253,0.4647743101974636,stroma-low,0.004647743101974636,0.02424854670360476,True,100.0,True,3.4521080617403963,True,,False,,,,2,TCGA-86-8358-01,TCGA-86-8358,Male,Stage IB,44,0:LIVING,21.45,0,I,matched
TCGA-86-8358,TCGA-86-8358-01Z-00-DX1.C50100F8-9414-4A06-BEDF-93E7B01B24D6,2,TCGA-86-8358-01,2,2;4;5;6;7;12;14;16;17;21,10,13,39.05757,0.9962145111790304,1.1932255284212976,54.40505378761442,45.59494621238558,stroma-low,0.4559494621238558,0.46085270904166126,True,18.46425302254645,True,7.684515158918277,True,7.729239586692427,True,389.2629303010089,333.0,948.4214148207801,3,TCGA-86-8358-01,TCGA-86-8358,Male,Stage IB,44,0:LIVING,21.45,0,I,matched
TCGA-86-8358,TCGA-86-8358-01Z-00-DX1.C50100F8-9414-4A06-BEDF-93E7B01B24D6,3,TCGA-86-8358-01,3,3;8;9;11;13;15;23,7,8,57.341934,0.9748603353327189,1.3305258006716068,57.09122809488649,42.90877190511351,stroma-low,0.4290877190511351,0.4260875823645286,True,8.109738435069074,True,5.0456375261180435,True,2.774842974767153,True,578.5604008302248,617.3497874928887,948.4214148207795,4,TCGA-86-8358-01,TCGA-86-8358,Male,Stage IB,44,0:LIVING,21.45,0,I,matched
TCGA-86-8358,TCGA-86-8358-01Z-00-DX1.C50100F8-9414-4A06-BEDF-93E7B01B24D6,4,TCGA-86-8358-01,4,10,1,0,0.344988,1.0000000036850125,0.5397489992504573,35.05434973578191,64.94565026421809,stroma-high,0.6494565026421809,0.6535380380578107,True,5.762884917205367,True,1.225157174976382,True,,False,,,,5,TCGA-86-8358-01,TCGA-86-8358,Male,Stage IB,44,0:LIVING,21.45,0,I,matched
TCGA-86-8358,TCGA-86-8358-01Z-00-DX1.C50100F8-9414-4A06-BEDF-93E7B01B24D6,5,TCGA-86-8358-01,5,18;20;22,3,2,3.44988,0.9678571425491879,1.1668453521088111,53.849959849382756,46.150040150617244,stroma-low,0.46150040150617244,0.5126684954691814,True,28.58524473334973,True,4.5941043847838365,True,26.837088355444454,True,433.90276541828575,433.90276541828575,710.7871836031403,6,TCGA-86-8358-01,TCGA-86-8358,Male,Stage IB,44,0:LIVING,21.45,0,I,matched
TCGA-86-8358,TCGA-86-8358-01Z-00-DX1.C50100F8-9414-4A06-BEDF-93E7B01B24D6,6,TCGA-86-8358-01,6,19,1,0,0.899433,0.9999999976583127,0.43472376231710447,30.300171624328424,69.69982837567159,stroma-high,0.6969982837567158,0.6975155078356956,True,0.39958923106497923,True,0.05361887584959313,True,,False,,,,7,TCGA-86-8358-01,TCGA-86-8358,Male,Stage IB,44,0:LIVING,21.45,0,I,matched
TCGA-86-8358,TCGA-86-8358-01Z-00-DX1.C50100F8-9414-4A06-BEDF-93E7B01B24D6,7,TCGA-86-8358-01,7,24,1,0,1.490841,0.9008264459632699,0.6103660212815699,37.90231619491233,62.09768380508767,stroma-high,0.6209768380508767,0.6259635629532297,True,19.426470175336934,True,12.70719252875637,True,,False,,,,8,TCGA-86-8358-01,TCGA-86-8358,Male,Stage IB,44,0:LIVING,21.45,0,I,matched
TCGA-86-8359,TCGA-86-8359-01Z-00-DX1.11B8FDC3-4B84-4A22-B89D-46EA76345F13,1,TCGA-86-8359-01,1,1;2;3;4;5;6;7;8;9;10;11;12;13;14;16;17;18;20;21;22;25;26;27;29;36;37;40;41;42;44,30,46,19.824489,0.9937849592614928,1.0261952092821518,50.64641376018829,49.353586239811705,stroma-low,0.49353586239811703,0.6770411015360729,True,69.33442441215249,True,30.14061133633238,True,73.81524018204067,True,519.807324168234,525.7228236888398,999.0,2,TCGA-86-8359-01,TCGA-86-8359,Male,Stage IIIA,52,1:DECEASED,14.59,1,III,matched
TCGA-86-8359,TCGA-86-8359-01Z-00-DX1.11B8FDC3-4B84-4A22-B89D-46EA76345F13,2,TCGA-86-8359-01,2,15,1,0,0.566766,0.9782608682876544,0.45754786829076527,31.391618638729284,68.60838136127072,stroma-high,0.6860838136127071,0.7214581346078366,True,36.596036352961306,True,21.692896636388056,True,,False,,,,3,TCGA-86-8359-01,TCGA-86-8359,Male,Stage IIIA,52,1:DECEASED,14.59,1,III,matched
TCGA-86-8359,TCGA-86-8359-01Z-00-DX1.11B8FDC3-4B84-4A22-B89D-46EA76345F13,3,TCGA-86-8359-01,3,19;23;24;28;30;31;32;33;34;38;39;46;47;48;49;52;54;55;57,19,34,353.994651,0.9512025337478158,3.7823704191134184,79.08986731760972,20.910132682390284,stroma-low,0.20910132682390284,0.24134170358043858,True,72.52071879000952,True,13.980202024359198,True,86.81855043851779,True,466.27610813868415,422.1280221146967,954.8981934995627,4,TCGA-86-8359-01,TCGA-86-8359,Male,Stage IIIA,52,1:DECEASED,14.59,1,III,matched
TCGA-86-8359,TCGA-86-8359-01Z-00-DX1.11B8FDC3-4B84-4A22-B89D-46EA76345F13,4,TCGA-86-8359-01,4,35,1,0,0.135531,1.0000000037464567,1.038136741060562,50.93557856772449,49.06442143227551,stroma-low,0.49064421432275507,0.6391356966906407,True,62.9016384617691,True,23.541598287515445,True,,False,,,,5,TCGA-86-8359-01,TCGA-86-8359,Male,Stage IIIA,52,1:DECEASED,14.59,1,III,matched
TCGA-86-8359,TCGA-86-8359-01Z-00-DX1.11B8FDC3-4B84-4A22-B89D-46EA76345F13,5,TCGA-86-8359-01,5,43,1,0,0.61605,0.7599999984548776,7.2353958817340045,87.85729290539649,12.142707094603505,stroma-low,0.12142707094603505,0.42439928009322964,True,84.12751566051361,True,11.016682621906236,True,,False,,,,6,TCGA-86-8359-01,TCGA-86-8359,Male,Stage IIIA,52,1:DECEASED,14.59,1,III,matched
TCGA-86-8359,TCGA-86-8359-01Z-00-DX1.11B8FDC3-4B84-4A22-B89D-46EA76345F13,6,TCGA-86-8359-01,6,45;50,2,1,0.702297,0.8245614004710915,2.1712038263341165,68.46623381014297,31.533766189857026,stroma-low,0.31533766189857027,0.5514521120367119,True,77.95594158340803,True,16.83335612597068,True,58.775247604214854,True,221.99999999999997,221.99999999999997,221.99999999999997,7,TCGA-86-8359-01,TCGA-86-8359,Male,Stage IIIA,52,1:DECEASED,14.59,1,III,matched
TCGA-86-8359,TCGA-86-8359-01Z-00-DX1.11B8FDC3-4B84-4A22-B89D-46EA76345F13,7,TCGA-86-8359-01,7,51,1,0,0.517482,0.6666666696543134,183.22924154786512,99.45719800418318,0.5428019958168189,stroma-low,0.005428019958168189,0.18170719410116698,True,99.56627323520655,True,34.10144155736561,True,,False,,,,8,TCGA-86-8359-01,TCGA-86-8359,Male,Stage IIIA,52,1:DECEASED,14.59,1,III,matched
TCGA-86-8359,TCGA-86-8359-01Z-00-DX1.11B8FDC3-4B84-4A22-B89D-46EA76345F13,8,TCGA-86-8359-01,8,53,1,0,0.283383,1.0000000050586095,1.2165944112194529,54.88574748098129,45.11425251901871,stroma-low,0.45114252519018716,0.5799835255681665,True,75.42542040330297,True,23.353260781463675,True,,False,,,,9,TCGA-86-8359-01,TCGA-86-8359,Male,Stage IIIA,52,1:DECEASED,14.59,1,III,matched
TCGA-86-8359,TCGA-86-8359-01Z-00-DX1.11B8FDC3-4B84-4A22-B89D-46EA76345F13,9,TCGA-86-8359-01,9,56,1,0,0.406593,0.8484848505985141,0.39785504946426153,28.461824394220447,71.53817560577956,stroma-high,0.7153817560577955,0.7394050632579272,True,15.251892402300674,True,1.0847809024915607,True,,False,,,,10,TCGA-86-8359-01,TCGA-86-8359,Male,Stage IIIA,52,1:DECEASED,14.59,1,III,matched
TCGA-86-8359,TCGA-86-8359-01Z-00-DX1.11B8FDC3-4B84-4A22-B89D-46EA76345F13,10,TCGA-86-8359-01,10,58,1,0,0.394272,0.6249999951264158,1.8151205027238746,64.47754193710668,35.52245806289332,stroma-low,0.3552245806289332,0.3493846742646119,True,5.772612110290115,True,3.9438580594598345,True,,False,,,,11,TCGA-86-8359-01,TCGA-86-8359,Male,Stage IIIA,52,1:DECEASED,14.59,1,III,matched
TCGA-86-8359,TCGA-86-8359-01Z-00-DX1.11B8FDC3-4B84-4A22-B89D-46EA76345F13,11,TCGA-86-8359-01,11,59,1,0,0.468198,0.7105263177555141,3.192338299159106,76.14696313509387,23.853036864906127,stroma-low,0.23853036864906127,0.3232705093926214,True,51.65427688645602,True,17.321975794800142,True,,False,,,,12,TCGA-86-8359-01,TCGA-86-8359,Male,Stage IIIA,52,1:DECEASED,14.59,1,III,matched
TCGA-86-8669,TCGA-86-8669-01Z-00-DX1.845b8b4e-6445-4da1-8275-42b765c024cc,1,TCGA-86-8669-01,1,1,1,0,236.07036,0.9597077245790017,4.210811214941394,80.80913011907596,19.190869880924037,stroma-low,0.19190869880924039,0.18357386230134126,True,28.024624825715446,True,8.506522837834686,True,,False,,,,2,TCGA-86-8669-01,TCGA-86-8669,Male,Stage IA,64,0:LIVING,30.81,0,I,matched
TCGA-86-8669,TCGA-86-8669-01Z-00-DX1.845b8b4e-6445-4da1-8275-42b765c024cc,2,TCGA-86-8669-01,2,2,1,0,0.813186,1.0000000083646503,1.504817472595617,60.07693131572777,39.92306868427224,stroma-low,0.3992306868427224,0.5335515375887159,True,67.6613956802655,True,29.147636891316424,True,,False,,,,3,TCGA-86-8669-01,TCGA-86-8669,Male,Stage IA,64,0:LIVING,30.81,0,I,matched
TCGA-86-8669,TCGA-86-8669-01Z-00-DX1.845b8b4e-6445-4da1-8275-42b765c024cc,3,TCGA-86-8669-01,3,3,1,0,0.184815,0.6000000003182019,1.1092093837651993,52.588870137924545,47.411129862075455,stroma-low,0.4741112986207545,0.4738455951490685,True,18.98467763583605,True,9.614542209377106,True,,False,,,,4,TCGA-86-8669-01,TCGA-86-8669,Male,Stage IA,64,0:LIVING,30.81,0,I,matched
TCGA-86-8672,TCGA-86-8672-01Z-00-DX1.94ca1954-921d-4ef6-a078-4e0fcb09157f,1,TCGA-86-8672-01,1,1;2;5;6;7;9;11,7,8,12.173148,0.9888663966633391,0.42856716571944836,29.99979111962967,70.00020888037032,stroma-high,0.7000020888037033,0.7011292501412173,True,5.445574963190417,True,3.332312279746562,True,3.166376617576939,True,363.59963274258683,333.0002827676125,800.4722357662192,2,TCGA-86-8672-01,TCGA-86-8672,Male,Stage IIB,59,1:DECEASED,0.62,1,II,matched
TCGA-86-8672,TCGA-86-8672-01Z-00-DX1.94ca1954-921d-4ef6-a078-4e0fcb09157f,2,TCGA-86-8672-01,2,3,1,0,0.468198,0.9999999994592816,0.3458152783148495,25.69559759700893,74.30440240299107,stroma-high,0.7430440240299108,0.7640119566312453,True,17.478686358463953,True,3.5913867156677384,True,,False,,,,3,TCGA-86-8672-01,TCGA-86-8672,Male,Stage IIB,59,1:DECEASED,0.62,1,II,matched
TCGA-86-8672,TCGA-86-8672-01Z-00-DX1.94ca1954-921d-4ef6-a078-4e0fcb09157f,3,TCGA-86-8672-01,3,4,1,0,0.554445,0.8444444419414746,1.3727468947977817,57.85475466462573,42.14524533537428,stroma-low,0.42145245335374276,0.4359100967749156,True,38.339880313405,True,11.295124906927276,True,,False,,,,4,TCGA-86-8672-01,TCGA-86-8672,Male,Stage IIB,59,1:DECEASED,0.62,1,II,matched
TCGA-86-8672,TCGA-86-8672-01Z-00-DX1.94ca1954-921d-4ef6-a078-4e0fcb09157f,4,TCGA-86-8672-01,4,8,1,0,0.468198,0.9473684221438814,0.2669177197270674,21.068275829670267,78.93172417032973,stroma-high,0.7893172417032973,0.7703946177367645,True,3.0637043245593376,True,15.34483966651345,True,,False,,,,5,TCGA-86-8672-01,TCGA-86-8672,Male,Stage IIB,59,1:DECEASED,0.62,1,II,matched
TCGA-86-8672,TCGA-86-8672-01Z-00-DX1.94ca1954-921d-4ef6-a078-4e0fcb09157f,5,TCGA-86-8672-01,5,10,1,0,0.234099,1.0000000030758154,0.21367135277061006,17.60537169167204,82.39462830832797,stroma-high,0.8239462830832797,0.8293219832694951,True,8.355108765901882,True,3.966577950258183,True,,False,,,,6,TCGA-86-8672-01,TCGA-86-8672,Male,Stage IIB,59,1:DECEASED,0.62,1,II,matched
TCGA-86-8672,TCGA-86-8672-01Z-00-DX1.94ca1954-921d-4ef6-a078-4e0fcb09157f,6,TCGA-86-8672-01,6,12;13;14;15;16;17;19;20;22;23;24;26;27;28;29;30;36,17,20,151.708473,0.9943961663358996,0.6979252454735972,41.10459205045432,58.895407949545685,stroma-high,0.5889540794954569,0.5786104647896201,True,5.1327624990627365,True,5.615603751802958,True,4.852651860587525,True,228.235515916702,111.00000000000001,744.6491928247056,7,TCGA-86-8672-01,TCGA-86-8672,Male,Stage IIB,59,1:DECEASED,0.62,1,II,matched
TCGA-86-8672,TCGA-86-8672-01Z-00-DX1.94ca1954-921d-4ef6-a078-4e0fcb09157f,7,TCGA-86-8672-01,7,18,1,0,1.034964,1.0000000052093907,0.28279491413288255,22.04521634886902,77.95478365113098,stroma-high,0.7795478365113098,0.7732037094083133,True,2.516922860785202,True,6.554845297365784,True,,False,,,,8,TCGA-86-8672-01,TCGA-86-8672,Male,Stage IIB,59,1:DECEASED,0.62,1,II,matched
TCGA-86-8672,TCGA-86-8672-01Z-00-DX1.94ca1954-921d-4ef6-a078-4e0fcb09157f,8,TCGA-86-8672-01,8,21,1,0,0.258741,1.0000000052774947,0.476893669410469,32.290318476402604,67.7096815235974,stroma-high,0.677096815235974,0.6686351929508026,True,1.2180708755661662,True,6.320937013438662,True,,False,,,,9,TCGA-86-8672-01,TCGA-86-8672,Male,Stage IIB,59,1:DECEASED,0.62,1,II,matched
TCGA-86-8672,TCGA-86-8672-01Z-00-DX1.94ca1954-921d-4ef6-a078-4e0fcb09157f,9,TCGA-86-8672-01,9,25,1,0,0.234099,0.7894736831872969,2.1232655308896704,67.98222917296604,32.01777082703396,stroma-low,0.32017770827033953,0.29871111375887915,True,0.0,False,11.114806138918961,True,,False,,,,10,TCGA-86-8672-01,TCGA-86-8672,Male,Stage IIB,59,1:DECEASED,0.62,1,II,matched
TCGA-86-8672,TCGA-86-8672-01Z-00-DX1.94ca1954-921d-4ef6-a078-4e0fcb09157f,10,TCGA-86-8672-01,10,31,1,0,2.439558,0.9898989899801096,0.4078839964268323,28.97142076066137,71.02857923933863,stroma-high,0.7102857923933863,0.7225538550424195,True,16.16200465120636,True,7.584390841203689,True,,False,,,,11,TCGA-86-8672-01,TCGA-86-8672,Male,Stage IIB,59,1:DECEASED,0.62,1,II,matched
TCGA-86-8672,TCGA-86-8672-01Z-00-DX1.94ca1954-921d-4ef6-a078-4e0fcb09157f,11,TCGA-86-8672-01,11,32;33;34;35,4,5,3.918078,0.9685534577866354,0.3578318286115223,26.35317725446385,73.64682274553614,stroma-high,0.7364682274553614,0.7384978842669601,True,11.720882415563382,True,7.151989154050723,True,21.933661290188358,True,650.4612866005632,800.4722357662174,999.0,12,TCGA-86-8672-01,TCGA-86-8672,Male,Stage IIB,59,1:DECEASED,0.62,1,II,matched
TCGA-86-8672,TCGA-86-8672-01Z-00-DX1.94ca1954-921d-4ef6-a078-4e0fcb09157f,12,TCGA-86-8672-01,12,37;38,2,1,0.677655,0.7090909089797854,0.9737212628455351,49.33428448968071,50.66571551031929,stroma-high,0.5066571551031929,0.4917653761560896,True,10.066927981027252,True,11.82425376288634,True,,False,443.99999999999994,443.99999999999994,443.99999999999994,13,TCGA-86-8672-01,TCGA-86-8672,Male,Stage IIB,59,1:DECEASED,0.62,1,II,matched
TCGA-86-8673,TCGA-86-8673-01Z-00-DX1.21191041-c10e-4166-ad00-1243656feaa7,1,TCGA-86-8673-01,1,1;2;12;29;30;31;32,7,7,113.981571,0.982488379762404,1.0924060802072515,52.20812970009384,47.791870299906165,stroma-low,0.47791870299906164,0.4765875901215501,True,4.943982695773122,True,1.969438236643297,True,0.4364843591656931,True,270.6055718571884,222.00084830193703,777.0,2,TCGA-86-8673-01,TCGA-86-8673,Male,Stage IB,61,0:LIVING,28.32,0,I,matched
TCGA-86-8673,TCGA-86-8673-01Z-00-DX1.21191041-c10e-4166-ad00-1243656feaa7,2,TCGA-86-8673-01,2,3;5;7;16;19;21;22;23;24;25;26;27;28,13,20,34.4988,0.984285714235043,0.5928099323435451,37.21787014922286,62.782129850777146,stroma-high,0.6278212985077715,0.6253787539927308,True,1.498416275581523,True,1.984235214603983,True,0.25404637573999045,True,418.8906795545343,333.0,992.8527382994554,3,TCGA-86-8673-01,TCGA-86-8673,Male,Stage IB,61,0:LIVING,28.32,0,I,matched
TCGA-86-8673,TCGA-86-8673-01Z-00-DX1.21191041-c10e-4166-ad00-1243656feaa7,3,TCGA-86-8673-01,3,4,1,0,0.320346,0.99999999571614,0.7077204451445306,41.442406288263044,58.557593711736956,stroma-high,0.5855759371173695,0.5964078729396193,True,6.073349938299169,True,0.2610589766625126,True,,False,,,,4,TCGA-86-8673-01,TCGA-86-8673,Male,Stage IB,61,0:LIVING,28.32,0,I,matched
TCGA-86-8673,TCGA-86-8673-01Z-00-DX1.21191041-c10e-4166-ad00-1243656feaa7,4,TCGA-86-8673-01,4,6,1,0,0.320346,0.9999999999238823,0.32817129410627377,24.708506768857717,75.29149323114228,stroma-high,0.7529149323114228,0.7529149323114228,True,0.0,True,0.0,True,,False,,,,5,TCGA-86-8673-01,TCGA-86-8673,Male,Stage IB,61,0:LIVING,28.32,0,I,matched
TCGA-86-8673,TCGA-86-8673-01Z-00-DX1.21191041-c10e-4166-ad00-1243656feaa7,5,TCGA-86-8673-01,5,8;9;11,3,2,1.749582,0.9999999996712754,0.25375815860042683,20.239801181728513,79.76019881827148,stroma-high,0.7976019881827148,0.7974684023302762,True,3.6465467853099933,True,3.347765589920852,True,0.0,True,333.0201166845046,333.0201166845046,555.0402333690092,6,TCGA-86-8673-01,TCGA-86-8673,Male,Stage IB,61,0:LIVING,28.32,0,I,matched
TCGA-86-8673,TCGA-86-8673-01Z-00-DX1.21191041-c10e-4166-ad00-1243656feaa7,6,TCGA-86-8673-01,6,10,1,0,0.332667,0.9999999973493957,0.1678466074320367,14.37231622405553,85.62768377594446,stroma-high,0.8562768377594446,0.8565193281664232,True,0.23587996408796089,True,0.0,True,,False,,,,7,TCGA-86-8673-01,TCGA-86-8673,Male,Stage IB,61,0:LIVING,28.32,0,I,matched
TCGA-86-8673,TCGA-86-8673-01Z-00-DX1.21191041-c10e-4166-ad00-1243656feaa7,7,TCGA-86-8673-01,7,13,1,0,0.283383,0.9999999952117872,0.19690190994782822,16.450964637228374,83.54903536277163,stroma-high,0.8354903536277163,0.8332719145161258,True,0.6522928513696011,True,2.7972691794973064,True,,False,,,,8,TCGA-86-8673-01,TCGA-86-8673,Male,Stage IB,61,0:LIVING,28.32,0,I,matched
TCGA-86-8673,TCGA-86-8673-01Z-00-DX1.21191041-c10e-4166-ad00-1243656feaa7,8,TCGA-86-8673-01,8,14,1,0,1.158174,0.7872340411704499,0.7441019680482113,42.66390278092057,57.33609721907943,stroma-high,0.5733609721907943,0.5658956692493373,True,1.5392587275219793,True,4.132429313356354,True,,False,,,,9,TCGA-86-8673-01,TCGA-86-8673,Male,Stage IB,61,0:LIVING,28.32,0,I,matched
TCGA-86-8673,TCGA-86-8673-01Z-00-DX1.21191041-c10e-4166-ad00-1243656feaa7,9,TCGA-86-8673-01,9,15,1,0,0.283383,1.0000000012520973,1.6516092769473933,62.2870530476033,37.71294695239669,stroma-low,0.3771294695239669,0.3820721341840134,True,5.091598526456423,True,1.3546685541125074,True,,False,,,,10,TCGA-86-8673-01,TCGA-86-8673,Male,Stage IB,61,0:LIVING,28.32,0,I,matched
TCGA-86-8673,TCGA-86-8673-01Z-00-DX1.21191041-c10e-4166-ad00-1243656feaa7,10,TCGA-86-8673-01,10,17,1,0,0.209457,1.0000000087053622,0.17148183538585077,14.638027684771554,85.36197231522844,stroma-high,0.8536197231522844,0.8486454543098709,True,0.013281166696295567,True,4.9707410424638825,True,,False,,,,11,TCGA-86-8673-01,TCGA-86-8673,Male,Stage IB,61,0:LIVING,28.32,0,I,matched
TCGA-86-8673,TCGA-86-8673-01Z-00-DX1.21191041-c10e-4166-ad00-1243656feaa7,11,TCGA-86-8673-01,11,18,1,0,0.197136,1.0000000037980499,0.38244870290287447,27.664585463446585,72.33541453655342,stroma-high,0.7233541453655342,0.7174646287365661,True,0.0,True,3.096604536318309,True,,False,,,,12,TCGA-86-8673-01,TCGA-86-8673,Male,Stage IB,61,0:LIVING,28.32,0,I,matched
TCGA-86-8673,TCGA-86-8673-01Z-00-DX1.21191041-c10e-4166-ad00-1243656feaa7,12,TCGA-86-8673-01,12,20,1,0,0.172494,0.9999999952560756,0.45269457951621245,31.16240577334379,68.83759422665621,stroma-high,0.6883759422665621,0.6802609056919001,True,0.0,True,4.294816717513365,True,,False,,,,13,TCGA-86-8673-01,TCGA-86-8673,Male,Stage IB,61,0:LIVING,28.32,0,I,matched
TCGA-86-8673,TCGA-86-8673-01Z-00-DX1.21191041-c10e-4166-ad00-1243656feaa7,13,TCGA-86-8673-01,13,33,1,0,0.431235,0.6285714290532008,0.8511778561846733,45.980339130621054,54.01966086937894,stroma-high,0.5401966086937894,0.520066647933947,True,2.1643690753018703,True,9.854884968527367,True,,False,,,,14,TCGA-86-8673-01,TCGA-86-8673,Male,Stage IB,61,0:LIVING,28.32,0,I,matched
TCGA-86-8674,TCGA-86-8674-01Z-00-DX1.9fcaae4e-4062-45ab-a49d-7dba43040919,1,TCGA-86-8674-01,1,1;2;3;5;6;7;8;9;10;11;12;14;15;16;17;18;19;20;21;22;23;24;25;26;27;28;29;30;31;32,30,50,91.581993,0.9496838423598047,0.776054951446911,43.69543582053454,56.30456417946546,stroma-high,0.5630456417946545,0.5661521247177771,True,3.4699846257303837,True,0.49684463013066565,True,2.3506292253626286,True,477.742837778631,464.3366665330184,999.000188511884,2,TCGA-86-8674-01,TCGA-86-8674,Male,Stage IIA,50,0:LIVING,26.48,0,II,matched
TCGA-86-8674,TCGA-86-8674-01Z-00-DX1.9fcaae4e-4062-45ab-a49d-7dba43040919,2,TCGA-86-8674-01,2,4,1,0,2.501163,0.9999999977124103,0.5926096966776914,37.20997667626422,62.79002332373577,stroma-high,0.6279002332373577,0.6278309144586569,True,2.173228107942735,True,1.4804297719320145,True,,False,,,,3,TCGA-86-8674-01,TCGA-86-8674,Male,Stage IIA,50,0:LIVING,26.48,0,II,matched
TCGA-86-8674,TCGA-86-8674-01Z-00-DX1.9fcaae4e-4062-45ab-a49d-7dba43040919,3,TCGA-86-8674-01,3,13,1,0,0.344988,0.9999999951772094,0.2990037169539065,23.01792620386445,76.98207379613554,stroma-high,0.7698207379613554,0.7745536488518839,True,19.911812291330868,True,16.28203839809854,True,,False,,,,4,TCGA-86-8674-01,TCGA-86-8674,Male,Stage IIA,50,0:LIVING,26.48,0,II,matched
TCGA-86-A4D0,TCGA-86-A4D0-01Z-00-DX1.165461AD-A8DA-4B7B-87CE-F5DBDBD2C0A7,1,TCGA-86-A4D0-01,1,1;2;3;4;5;7,6,6,4.63761,0.9138888895265053,0.4504021538099149,31.05360486585041,68.94639513414958,stroma-high,0.6894639513414959,0.6891637974059021,True,0.10278023796990227,True,0.21571599762856405,True,0.0,True,344.9256882621584,283.7502765392612,802.5987104651879,2,TCGA-86-A4D0-01,TCGA-86-A4D0,Male,Stage IIA,48,1:DECEASED,3.81,1,II,matched
TCGA-86-A4D0,TCGA-86-A4D0-01Z-00-DX1.165461AD-A8DA-4B7B-87CE-F5DBDBD2C0A7,2,TCGA-86-A4D0-01,2,6,1,0,0.37358525,0.8275862066439004,1.7641910432923273,63.82305042096742,36.17694957903258,stroma-low,0.3617694957903258,0.36156327163344715,True,0.02837130756587145,True,0.11679578905374867,True,,False,,,,3,TCGA-86-A4D0-01,TCGA-86-A4D0,Male,Stage IIA,48,1:DECEASED,3.81,1,II,matched
TCGA-86-A4D0,TCGA-86-A4D0-01Z-00-DX1.165461AD-A8DA-4B7B-87CE-F5DBDBD2C0A7,3,TCGA-86-A4D0-01,3,8;9;11;12;14,5,6,10.718032,0.9675480765992006,0.4708381632993691,32.01155470722828,67.98844529277173,stroma-high,0.6798844529277173,0.679801160014224,True,0.6955041413526863,True,0.43210869692256226,True,0.22544420187496345,True,450.7906048748892,413.48110253427274,969.7814241807899,4,TCGA-86-A4D0-01,TCGA-86-A4D0,Male,Stage IIA,48,1:DECEASED,3.81,1,II,matched
TCGA-86-A4D0,TCGA-86-A4D0-01Z-00-DX1.165461AD-A8DA-4B7B-87CE-F5DBDBD2C0A7,4,TCGA-86-A4D0-01,4,10;13;15;16;17;18;19;20;21;22;23;24;25;26;27;28;29;30;31;32;33;34;35;36;37;39;40;41;42;43;44;45;46;47;48;49;51;52;53;54;55;56;57;58;59;60;61;63,48,69,191.03088525,0.9867152200028059,0.6848229019144921,40.64658078521585,59.35341921478414,stroma-high,0.5935341921478414,0.592591036644352,True,2.822369525193963,True,1.3923613209953478,True,2.591769389437942,True,501.0486868284842,567.4999999999999,935.979827313357,5,TCGA-86-A4D0-01,TCGA-86-A4D0,Male,Stage IIA,48,1:DECEASED,3.81,1,II,matched
TCGA-86-A4D0,TCGA-86-A4D0-01Z-00-DX1.165461AD-A8DA-4B7B-87CE-F5DBDBD2C0A7,5,TCGA-86-A4D0-01,5,38,1,0,0.103058,0.9999999987358024,0.15024677873448794,13.062134275202302,86.9378657247977,stroma-high,0.869378657247977,0.869378657247977,True,0.0,True,0.0,True,,False,,,,6,TCGA-86-A4D0-01,TCGA-86-A4D0,Male,Stage IIA,48,1:DECEASED,3.81,1,II,matched
TCGA-86-A4D0,TCGA-86-A4D0-01Z-00-DX1.165461AD-A8DA-4B7B-87CE-F5DBDBD2C0A7,6,TCGA-86-A4D0-01,6,50,1,0,0.34782075,0.999999997048656,0.6564468186133868,39.62981553267729,60.37018446732271,stroma-high,0.6037018446732271,0.609884702575409,True,5.8353052700892425,True,1.9016001647524272,True,,False,,,,7,TCGA-86-A4D0-01,TCGA-86-A4D0,Male,Stage IIA,48,1:DECEASED,3.81,1,II,matched
TCGA-86-A4D0,TCGA-86-A4D0-01Z-00-DX1.165461AD-A8DA-4B7B-87CE-F5DBDBD2C0A7,7,TCGA-86-A4D0-01,7,62,1,0,1.700457,0.9772727279974152,1.4227290976077598,58.72423371695105,41.275766283048966,stroma-low,0.41275766283048965,0.4272651061426418,True,13.672574144726704,True,0.7763625584377594,True,,False,,,,8,TCGA-86-A4D0-01,TCGA-86-A4D0,Male,Stage IIA,48,1:DECEASED,3.81,1,II,matched
TCGA-86-A4D0,TCGA-86-A4D0-01Z-00-DX1.165461AD-A8DA-4B7B-87CE-F5DBDBD2C0A7,8,TCGA-86-A4D0-01,8,64;65,2,1,0.99193325,0.9610389625349733,0.5247992070809175,34.41759443760438,65.58240556239564,stroma-high,0.6558240556239563,0.661720386142449,True,3.4886316492319174,True,0.37286349938173985,True,12.67900340792326,True,908.0002074045906,908.0002074045906,908.0002074045906,9,TCGA-86-A4D0-01,TCGA-86-A4D0,Male,Stage IIA,48,1:DECEASED,3.81,1,II,matched
TCGA-86-A4D0,TCGA-86-A4D0-01Z-00-DX1.165461AD-A8DA-4B7B-87CE-F5DBDBD2C0A7,9,TCGA-86-A4D0-01,9,66,1,0,0.154587,0.5833333377692421,1.0054554307375239,50.13601475888989,49.86398524111011,stroma-low,0.4986398524111011,0.49301533151666227,True,0.0,True,2.2928617440704273,True,,False,,,,10,TCGA-86-A4D0-01,TCGA-86-A4D0,Male,Stage IIA,48,1:DECEASED,3.81,1,II,matched
TCGA-91-A4BD,TCGA-91-A4BD-01Z-00-DX1.2E575CAC-6AEB-4049-972A-EA43457A9C9D,1,TCGA-91-A4BD-01,1,1,1,0,37.667699,0.9233926131471686,1.6185817447692867,61.811388855912675,38.18861114408732,stroma-low,0.3818861114408732,0.3676519028877071,True,4.038482106868788,True,6.623863971169837,True,,False,,,,2,TCGA-91-A4BD-01,TCGA-91-A4BD,Male,Stage IIA,78,0:LIVING,19.81,0,II,matched
TCGA-91-A4BD,TCGA-91-A4BD-01Z-00-DX1.2E575CAC-6AEB-4049-972A-EA43457A9C9D,2,TCGA-91-A4BD-01,2,2,1,0,3.761617,0.8047945217311606,1.784793240293999,64.0906913471814,35.90930865281858,stroma-low,0.3590930865281858,0.3514352730193029,True,1.8688404625479917,True,3.6700753995998676,True,,False,,,,3,TCGA-91-A4BD-01,TCGA-91-A4BD,Male,Stage IIA,78,0:LIVING,19.81,0,II,matched
TCGA-91-A4BD,TCGA-91-A4BD-01Z-00-DX1.2E575CAC-6AEB-4049-972A-EA43457A9C9D,3,TCGA-91-A4BD-01,3,3,1,0,36.70153025,0.924534924204178,1.5968471534781563,61.491765171445564,38.50823482855444,stroma-low,0.38508234828554444,0.3706644283072206,True,4.164576504841981,True,6.528793057795848,True,,False,,,,4,TCGA-91-A4BD-01,TCGA-91-A4BD,Male,Stage IIA,78,0:LIVING,19.81,0,II,matched
TCGA-91-A4BD,TCGA-91-A4BD-01Z-00-DX1.2E575CAC-6AEB-4049-972A-EA43457A9C9D,4,TCGA-91-A4BD-01,4,4,1,0,3.90332175,0.7953795369883863,1.8106783421178598,64.42140016468426,35.578599835315735,stroma-low,0.3557859983531574,0.34668967770623343,True,4.710824403829658,True,4.614043001938997,True,,False,,,,5,TCGA-91-A4BD-01,TCGA-91-A4BD,Male,Stage IIA,78,0:LIVING,19.81,0,II,matched
TCGA-93-8067,TCGA-93-8067-01Z-00-DX1.325d0cd5-9bb5-4f51-a197-75d3c3d19aaf,1,TCGA-93-8067-01,1,1;2;3;4;5;6;7;8;10;11;12;13;15;16;17;18;19;21;22;24;25;26;27;28;30;31;32;34;35;36;37;38;39;40;41;42;43;48,38,49,90.06651,0.980574555603377,0.6157995227069165,38.11113408891716,61.888865911082824,stroma-high,0.6188886591108282,0.6240008861626664,True,5.607733374784151,True,1.5489983175113589,True,9.072055602259175,True,511.0773501448094,470.973758080259,999.0,2,TCGA-93-8067-01,TCGA-93-8067,Male,Stage IB,77,0:LIVING,6.11,0,I,matched
TCGA-93-8067,TCGA-93-8067-01Z-00-DX1.325d0cd5-9bb5-4f51-a197-75d3c3d19aaf,2,TCGA-93-8067-01,2,9;20;23;29;33,5,4,93.738168,0.9935594112184454,1.27569851900473,56.05744822309122,43.94255177690879,stroma-low,0.43942551776908795,0.4429987271424418,True,9.67461675710668,True,2.7161698330736646,True,21.91652082718312,True,295.1237048167155,286.5245859445916,496.4456473776787,3,TCGA-93-8067-01,TCGA-93-8067,Male,Stage IB,77,0:LIVING,6.11,0,I,matched
TCGA-93-8067,TCGA-93-8067-01Z-00-DX1.325d0cd5-9bb5-4f51-a197-75d3c3d19aaf,3,TCGA-93-8067-01,3,14,1,0,0.221778,0.9999999991236513,0.14902878729282598,12.969978554144484,87.03002144585551,stroma-high,0.8703002144585551,0.8838557275672129,True,14.418603784738046,True,0.0,True,,False,,,,4,TCGA-93-8067-01,TCGA-93-8067,Male,Stage IB,77,0:LIVING,6.11,0,I,matched
TCGA-93-8067,TCGA-93-8067-01Z-00-DX1.325d0cd5-9bb5-4f51-a197-75d3c3d19aaf,4,TCGA-93-8067-01,4,44;45;49,3,2,1.490841,0.9917355344816825,0.18479016433037757,15.596868533662898,84.4031314663371,stroma-high,0.844031314663371,0.8453488137574732,True,1.2303836757901532,True,0.02297014717940082,True,2.1334158324540065,True,394.01249124386794,394.01249124386794,566.0249824877359,5,TCGA-93-8067-01,TCGA-93-8067,Male,Stage IB,77,0:LIVING,6.11,0,I,matched
TCGA-93-8067,TCGA-93-8067-01Z-00-DX1.325d0cd5-9bb5-4f51-a197-75d3c3d19aaf,5,TCGA-93-8067-01,5,46,1,0,0.147852,1.0,0.18061995570189734,15.298738161215978,84.70126183878402,stroma-high,0.8470126183878403,0.8458220831808374,True,0.46642421352318075,True,1.260093944291168,True,,False,,,,6,TCGA-93-8067-01,TCGA-93-8067,Male,Stage IB,77,0:LIVING,6.11,0,I,matched
TCGA-93-8067,TCGA-93-8067-01Z-00-DX1.325d0cd5-9bb5-4f51-a197-75d3c3d19aaf,6,TCGA-93-8067-01,6,47;50,2,1,4.792869,0.9640102826944998,0.43587510244624317,30.35605963942547,69.64394036057453,stroma-high,0.6964394036057453,0.6977721251403218,True,1.3052354466330398,True,0.22410494786977986,True,0.08158156983467267,True,248.2421020415337,248.2421020415337,248.2421020415337,7,TCGA-93-8067-01,TCGA-93-8067,Male,Stage IB,77,0:LIVING,6.11,0,I,matched
TCGA-93-8067,TCGA-93-8067-01Z-00-DX1.325d0cd5-9bb5-4f51-a197-75d3c3d19aaf,7,TCGA-93-8067-01,7,51;52,2,1,0.653013,1.0000000036032466,0.20036114099382327,16.691738357002865,83.30826164299712,stroma-high,0.8330826164299713,0.8302948362845926,True,11.17970545358472,True,16.445034642495248,True,10.067504651718306,True,566.0249824877368,566.0249824877368,566.0249824877368,8,TCGA-93-8067-01,TCGA-93-8067,Male,Stage IB,77,0:LIVING,6.11,0,I,matched
TCGA-93-8067,TCGA-93-8067-01Z-00-DX1.325d0cd5-9bb5-4f51-a197-75d3c3d19aaf,8,TCGA-93-8067-01,8,53,1,0,0.332667,0.9999999939808967,0.1635612287003393,14.056950735891395,85.94304926410861,stroma-high,0.8594304926410861,0.8240142771625525,True,19.720986807799743,True,40.63250203823298,True,,False,,,,9,TCGA-93-8067-01,TCGA-93-8067,Male,Stage IB,77,0:LIVING,6.11,0,I,matched
TCGA-93-A4JN,TCGA-93-A4JN-01Z-00-DX1.ED4C9365-6CCF-4AEE-B4C9-3CC5EC57286C,1,TCGA-93-A4JN-01,1,1;3;5;6;9;11;13;15;16,9,12,20.06646025,1.0000000002880096,0.60779399180655,37.80297693012402,62.19702306987599,stroma-high,0.6219702306987599,0.630138336020575,True,31.1697550304408,True,21.59786198959538,True,25.570489390736924,True,388.6300585193297,247.68308504791045,952.747612182855,2,TCGA-93-A4JN-01,TCGA-93-A4JN,Male,Stage IV,71,0:LIVING,23.59,0,IV,matched
TCGA-93-A4JN,TCGA-93-A4JN-01Z-00-DX1.ED4C9365-6CCF-4AEE-B4C9-3CC5EC57286C,2,TCGA-93-A4JN-01,2,2,1,0,0.0858589375,1.000000000133046,1.2758809299874674,56.060970201744844,43.93902979825516,stroma-low,0.43939029798255164,0.4427365729513721,True,32.10207481507852,True,17.694280504921554,True,,False,,,,3,TCGA-93-A4JN-01,TCGA-93-A4JN,Male,Stage IV,71,0:LIVING,23.59,0,IV,matched
TCGA-93-A4JN,TCGA-93-A4JN-01Z-00-DX1.ED4C9365-6CCF-4AEE-B4C9-3CC5EC57286C,3,TCGA-93-A4JN-01,3,4,1,0,0.3802324375,0.6451612880111732,0.790784133118619,44.158540300526475,55.841459699473525,stroma-high,0.5584145969947353,0.5278512455556702,True,12.447072788561291,True,23.21621977499328,True,,False,,,,4,TCGA-93-A4JN-01,TCGA-93-A4JN,Male,Stage IV,71,0:LIVING,23.59,0,IV,matched
TCGA-93-A4JN,TCGA-93-A4JN-01Z-00-DX1.ED4C9365-6CCF-4AEE-B4C9-3CC5EC57286C,4,TCGA-93-A4JN-01,4,7;10;12,3,2,1.569992,0.9765624995971791,0.7294413139008719,42.17785871297174,57.82214128702826,stroma-high,0.5782214128702826,0.5771196052041654,True,18.494814174662952,True,13.450253432201562,True,2.6925153089726104,True,332.2701166845382,332.2701166845382,553.7902333690764,5,TCGA-93-A4JN-01,TCGA-93-A4JN,Male,Stage IV,71,0:LIVING,23.59,0,IV,matched
TCGA-93-A4JN,TCGA-93-A4JN-01Z-00-DX1.ED4C9365-6CCF-4AEE-B4C9-3CC5EC57286C,5,TCGA-93-A4JN-01,5,8,1,0,0.24531125,0.9999999964580638,0.6436833087780683,39.1610297032577,60.83897029674229,stroma-high,0.6083897029674229,0.6124701659551043,True,9.573621452410158,True,5.961016342014582,True,,False,,,,6,TCGA-93-A4JN-01,TCGA-93-A4JN,Male,Stage IV,71,0:LIVING,23.59,0,IV,matched
TCGA-93-A4JN,TCGA-93-A4JN-01Z-00-DX1.ED4C9365-6CCF-4AEE-B4C9-3CC5EC57286C,6,TCGA-93-A4JN-01,6,14;18,2,1,72.023383,0.9674727521711763,0.6063518827363945,37.74713929450401,62.25286070549599,stroma-high,0.6225286070549599,0.6133404691502166,True,18.974670253699973,True,11.75509892639065,True,25.829880698326875,True,332.25,332.25,332.25,7,TCGA-93-A4JN-01,TCGA-93-A4JN,Male,Stage IV,71,0:LIVING,23.59,0,IV,matched
TCGA-93-A4JN,TCGA-93-A4JN-01Z-00-DX1.ED4C9365-6CCF-4AEE-B4C9-3CC5EC57286C,7,TCGA-93-A4JN-01,7,17,1,0,1.6558509375,0.9185185172911184,0.3423275190251887,25.502533038567986,74.49746696143201,stroma-high,0.7449746696143201,0.7463954590096948,True,1.611100772856971,True,0.4266772069255127,True,,False,,,,8,TCGA-93-A4JN-01,TCGA-93-A4JN,Male,Stage IV,71,0:LIVING,23.59,0,IV,matched
TCGA-93-A4JN,TCGA-93-A4JN-01Z-00-DX1.ED4C9365-6CCF-4AEE-B4C9-3CC5EC57286C,8,TCGA-93-A4JN-01,8,19;20;21;23;25,5,6,91.2435194375,0.9604785590036198,0.9131189921751925,47.729336016730855,52.27066398326915,stroma-high,0.5227066398326915,0.5099639837249447,True,26.687105286450937,True,15.221377006920015,True,21.41595222495334,True,500.0123013333018,469.91309790847856,952.747612182854,9,TCGA-93-A4JN-01,TCGA-93-A4JN,Male,Stage IV,71,0:LIVING,23.59,0,IV,matched
TCGA-93-A4JN,TCGA-93-A4JN-01Z-00-DX1.ED4C9365-6CCF-4AEE-B4C9-3CC5EC57286C,9,TCGA-93-A4JN-01,9,22,1,0,0.0858589375,1.0000000026193447,0.30573074352385654,23.41453205725723,76.58546794274277,stroma-high,0.7658546794274277,0.7090192588928214,True,0.0,True,25.76242927322036,True,,False,,,,10,TCGA-93-A4JN-01,TCGA-93-A4JN,Male,Stage IV,71,0:LIVING,23.59,0,IV,matched
TCGA-93-A4JN,TCGA-93-A4JN-01Z-00-DX1.ED4C9365-6CCF-4AEE-B4C9-3CC5EC57286C,10,TCGA-93-A4JN-01,10,24;26;28;30;31;32;33;34;36;37;38,11,11,39.8262814375,0.9821373579185149,0.9076137570779728,47.57848666745983,52.42151333254018,stroma-high,0.5242151333254018,0.5264754975117402,True,27.026446192807413,True,11.011009775451118,True,21.65115055724308,True,537.1240614118276,469.91309790847987,892.9342554360317,11,TCGA-93-A4JN-01,TCGA-93-A4JN,Male,Stage IV,71,0:LIVING,23.59,0,IV,matched
TCGA-93-A4JN,TCGA-93-A4JN-01Z-00-DX1.ED4C9365-6CCF-4AEE-B4C9-3CC5EC57286C,11,TCGA-93-A4JN-01,11,27,1,0,0.2943735,1.0000000041206174,0.26105293241392996,20.70118753177298,79.29881246822703,stroma-high,0.7929881246822703,0.8018717281997896,True,8.669154136836259,True,0.19494437970967088,True,,False,,,,12,TCGA-93-A4JN-01,TCGA-93-A4JN,Male,Stage IV,71,0:LIVING,23.59,0,IV,matched
TCGA-93-A4JN,TCGA-93-A4JN-01Z-00-DX1.ED4C9365-6CCF-4AEE-B4C9-3CC5EC57286C,12,TCGA-93-A4JN-01,12,29,1,0,0.34343575,0.750000002296604,0.25776495346207456,20.493889001483215,79.50611099851679,stroma-high,0.7950611099851679,0.7965526281381349,True,3.7600623466133487,True,1.7427428319312135,True,,False,,,,13,TCGA-93-A4JN-01,TCGA-93-A4JN,Male,Stage IV,71,0:LIVING,23.59,0,IV,matched
TCGA-93-A4JN,TCGA-93-A4JN-01Z-00-DX1.ED4C9365-6CCF-4AEE-B4C9-3CC5EC57286C,13,TCGA-93-A4JN-01,13,35,1,0,4.8939594375,0.9223057642804752,1.2775287656265901,56.092760930513144,43.907239069486856,stroma-low,0.4390723906948686,0.39788499440726877,True,30.784906150535296,True,26.642733503416043,True,,False,,,,14,TCGA-93-A4JN-01,TCGA-93-A4JN,Male,Stage IV,71,0:LIVING,23.59,0,IV,matched
TCGA-93-A4JO,TCGA-93-A4JO-01Z-00-DX1.314C53B6-603C-402B-8CF7-E3CE851A0A0F,1,TCGA-93-A4JO-01,1,1;2;3;4;6;7,6,9,2.4653780625,0.950248755994672,0.2968367778697604,22.889293620848512,77.1107063791515,stroma-high,0.771107063791515,0.7785925840429532,True,8.206419427252898,True,3.1970648395966204,True,3.8052108875116417,True,502.5316863518049,456.6687985804531,996.7501889374186,2,TCGA-93-A4JO-01,TCGA-93-A4JO,Male,Stage IA,70,1:DECEASED,1.08,1,I,matched
TCGA-93-A4JO,TCGA-93-A4JO-01Z-00-DX1.314C53B6-603C-402B-8CF7-E3CE851A0A0F,2,TCGA-93-A4JO-01,2,5;8;9;10;11;12;13;14;15;16;17;18;19;20;21;22;23;24;25;26;27;28;30;31;32;33;34;36;41;42;43;46;51;53;57;58,36,56,71.704478375,0.9969209713991224,0.5667027511451597,36.17168290098017,63.82831709901984,stroma-high,0.6382831709901984,0.6543324814117626,True,27.07134185321524,True,10.311510322703437,True,35.8870543874825,True,502.93735391510734,449.83461184473964,996.75,3,TCGA-93-A4JO-01,TCGA-93-A4JO,Male,Stage IA,70,1:DECEASED,1.08,1,I,matched
TCGA-93-A4JO,TCGA-93-A4JO-01Z-00-DX1.314C53B6-603C-402B-8CF7-E3CE851A0A0F,3,TCGA-93-A4JO-01,3,29;35,2,1,1.0793695,1.000000002827061,0.1459753973459898,12.738091732515377,87.26190826748463,stroma-high,0.8726190826748462,0.8738745790259239,True,6.813536705442227,True,6.604302681357174,True,10.443807023098902,True,892.9271266755406,892.9271266755406,892.9271266755406,4,TCGA-93-A4JO-01,TCGA-93-A4JO,Male,Stage IA,70,1:DECEASED,1.08,1,I,matched
TCGA-93-A4JO,TCGA-93-A4JO-01Z-00-DX1.314C53B6-603C-402B-8CF7-E3CE851A0A0F,4,TCGA-93-A4JO-01,4,37;38;39;40;45;52;60;63,8,11,6.0469223125,0.9918864102662505,0.21405228325796344,17.63122447111953,82.36877552888046,stroma-high,0.8236877552888047,0.8239177232138115,True,3.3442359348735113,True,3.2553145662689333,True,1.5772638953699951,True,611.6289766304399,626.5372499413,996.7500000000001,5,TCGA-93-A4JO-01,TCGA-93-A4JO,Male,Stage IA,70,1:DECEASED,1.08,1,I,matched
TCGA-93-A4JO,TCGA-93-A4JO-01Z-00-DX1.314C53B6-603C-402B-8CF7-E3CE851A0A0F,5,TCGA-93-A4JO-01,5,44,1,0,0.2575768125,0.9523809481754489,0.26725484056516463,21.08927360229893,78.91072639770107,stroma-high,0.7891072639770107,0.7611662003414794,True,0.008906150096176011,True,17.167818464895525,True,,False,,,,6,TCGA-93-A4JO-01,TCGA-93-A4JO,Male,Stage IA,70,1:DECEASED,1.08,1,I,matched
TCGA-93-A4JO,TCGA-93-A4JO-01Z-00-DX1.314C53B6-603C-402B-8CF7-E3CE851A0A0F,6,TCGA-93-A4JO-01,6,47;49;54;56;59;61;62,7,7,4.8694283125,1.0000000003695986,0.230197180467647,18.71221818116506,81.28778181883493,stroma-high,0.8128778181883494,0.8152682573575094,True,3.6731865249444025,True,1.9549218928143235,True,0.8475891502378636,True,761.1268075815262,892.9342554360309,996.7501889374186,7,TCGA-93-A4JO-01,TCGA-93-A4JO,Male,Stage IA,70,1:DECEASED,1.08,1,I,matched
TCGA-93-A4JO,TCGA-93-A4JO-01Z-00-DX1.314C53B6-603C-402B-8CF7-E3CE851A0A0F,7,TCGA-93-A4JO-01,7,48,1,0,0.6991370625,0.9999999978020225,0.4531738636620362,31.185109710136555,68.81489028986346,stroma-high,0.6881489028986345,0.6920337346248625,True,2.491699812717104,True,0.0,True,,False,,,,8,TCGA-93-A4JO-01,TCGA-93-A4JO,Male,Stage IA,70,1:DECEASED,1.08,1,I,matched
TCGA-93-A4JO,TCGA-93-A4JO-01Z-00-DX1.314C53B6-603C-402B-8CF7-E3CE851A0A0F,8,TCGA-93-A4JO-01,8,50,1,0,0.318904625,0.8461538451450067,2.356399584167008,70.20616958966224,29.79383041033776,stroma-low,0.29793830410337757,0.31376548667444604,True,16.651755474899506,True,0.0,True,,False,,,,9,TCGA-93-A4JO-01,TCGA-93-A4JO,Male,Stage IA,70,1:DECEASED,1.08,1,I,matched
TCGA-93-A4JO,TCGA-93-A4JO-01Z-00-DX1.314C53B6-603C-402B-8CF7-E3CE851A0A0F,9,TCGA-93-A4JO-01,9,55,1,0,0.220780125,0.9999999982861077,0.5548758606341913,35.68618400235969,64.31381599764032,stroma-high,0.6431381599764032,0.6431784629289587,True,0.02766748569600447,True,0.0,True,,False,,,,10,TCGA-93-A4JO-01,TCGA-93-A4JO,Male,Stage IA,70,1:DECEASED,1.08,1,I,matched
TCGA-95-7562,TCGA-95-7562-01Z-00-DX1.C722891A-C5C6-4F0D-A73F-259FA8DB2394,1,TCGA-95-7562-01,1,1,1,0,0.71685575,0.9574468093085167,0.6222409258409461,38.35687510585923,61.64312489414077,stroma-high,0.6164312489414077,0.591433059467442,True,4.439980803707626,True,13.868256824515548,True,,False,,,,2,TCGA-95-7562-01,TCGA-95-7562,Male,Stage IIA,71,1:DECEASED,2.86,1,II,matched
TCGA-95-7562,TCGA-95-7562-01Z-00-DX1.C722891A-C5C6-4F0D-A73F-259FA8DB2394,2,TCGA-95-7562-01,2,2,1,0,0.244036,0.874999996205588,77.40161515978194,98.72451607283598,1.2754839271640093,stroma-low,0.012754839271640093,0.20497269514457764,True,98.42698380460418,True,8.561186092641048,True,,False,,,,3,TCGA-95-7562-01,TCGA-95-7562,Male,Stage IIA,71,1:DECEASED,2.86,1,II,matched
TCGA-95-7562,TCGA-95-7562-01Z-00-DX1.C722891A-C5C6-4F0D-A73F-259FA8DB2394,3,TCGA-95-7562-01,3,3,1,0,0.3355495,0.9999999994562876,0.6310221723132653,38.688755004372,61.311244995628,stroma-high,0.61311244995628,0.6603712920526589,True,27.489438021374042,True,9.931031048163604,True,,False,,,,4,TCGA-95-7562-01,TCGA-95-7562,Male,Stage IIA,71,1:DECEASED,2.86,1,II,matched
TCGA-95-7562,TCGA-95-7562-01Z-00-DX1.C722891A-C5C6-4F0D-A73F-259FA8DB2394,4,TCGA-95-7562-01,4,4,1,0,0.32029725,0.5238095203711142,152.48254019342832,99.34846009276382,0.6515399072361829,stroma-low,0.006515399072361829,0.23924403412949133,True,98.37041816195654,True,19.806865594848546,True,,False,,,,5,TCGA-95-7562-01,TCGA-95-7562,Male,Stage IIA,71,1:DECEASED,2.86,1,II,matched
TCGA-95-7562,TCGA-95-7562-01Z-00-DX1.C722891A-C5C6-4F0D-A73F-259FA8DB2394,5,TCGA-95-7562-01,5,5,1,0,0.2745405,0.7777777764368794,1.3768673584284001,57.92781635651699,42.07218364348301,stroma-low,0.4207218364348301,0.41715038326927295,True,21.13535632130537,True,27.430965216423598,True,,False,,,,6,TCGA-95-7562-01,TCGA-95-7562,Male,Stage IIA,71,1:DECEASED,2.86,1,II,matched
TCGA-95-7562,TCGA-95-7562-01Z-00-DX1.C722891A-C5C6-4F0D-A73F-259FA8DB2394,6,TCGA-95-7562-01,6,6,1,0,0.16777475,1.0000000050151192,1.2781399097686739,56.10453968555681,43.895460314443184,stroma-low,0.43895460314443185,0.41904402131986335,True,11.623583578262416,True,10.400753113179096,True,,False,,,,7,TCGA-95-7562-01,TCGA-95-7562,Male,Stage IIA,71,1:DECEASED,2.86,1,II,matched
TCGA-95-7562,TCGA-95-7562-01Z-00-DX1.C722891A-C5C6-4F0D-A73F-259FA8DB2394,7,TCGA-95-7562-01,7,7,1,0,0.19827925,1.0000000105663696,0.5571273358617409,35.7791763737432,64.2208236262568,stroma-high,0.642208236262568,0.7252620671735235,True,57.84099471510531,True,26.033545349115737,True,,False,,,,8,TCGA-95-7562-01,TCGA-95-7562,Male,Stage IIA,71,1:DECEASED,2.86,1,II,matched
TCGA-95-7562,TCGA-95-7562-01Z-00-DX1.C722891A-C5C6-4F0D-A73F-259FA8DB2394,8,TCGA-95-7562-01,8,8,1,0,0.244036,0.7500000023574103,0.3965751384729805,28.396262223785318,71.60373777621469,stroma-high,0.7160373777621468,0.7006372785420921,True,2.7166456642079453,True,9.656657957397789,True,,False,,,,9,TCGA-95-7562-01,TCGA-95-7562,Male,Stage IIA,71,1:DECEASED,2.86,1,II,matched
TCGA-95-7562,TCGA-95-7562-01Z-00-DX1.C722891A-C5C6-4F0D-A73F-259FA8DB2394,9,TCGA-95-7562-01,9,9;10;13,3,2,129.5526115,0.9885801741075496,1.1552629718932024,53.60194959775182,46.398050402248174,stroma-low,0.46398050402248175,0.4551843816626944,True,22.071373364165677,True,11.914589979417693,True,32.23346567904063,True,123.5,123.5,123.50000000000001,10,TCGA-95-7562-01,TCGA-95-7562,Male,Stage IIA,71,1:DECEASED,2.86,1,II,matched
TCGA-95-7562,TCGA-95-7562-01Z-00-DX1.C722891A-C5C6-4F0D-A73F-259FA8DB2394,10,TCGA-95-7562-01,10,11,1,0,0.32029725,0.9999999975597825,75.89642397525463,98.69954940905731,1.3004505909426962,stroma-low,0.013004505909426962,0.012430291926897517,True,4.548270941379156,True,11.143616750879039,True,,False,,,,11,TCGA-95-7562-01,TCGA-95-7562,Male,Stage IIA,71,1:DECEASED,2.86,1,II,matched
TCGA-95-7562,TCGA-95-7562-01Z-00-DX1.C722891A-C5C6-4F0D-A73F-259FA8DB2394,11,TCGA-95-7562-01,11,12,1,0,0.62534225,0.9999999973221814,1.3126708577413413,56.75995152303492,43.24004847696508,stroma-low,0.43240048476965076,0.4313566514645673,True,0.5155657347365129,True,0.5978921964209725,True,,False,,,,12,TCGA-95-7562-01,TCGA-95-7562,Male,Stage IIA,71,1:DECEASED,2.86,1,II,matched
TCGA-95-7562,TCGA-95-7562-01Z-00-DX1.C722891A-C5C6-4F0D-A73F-259FA8DB2394,12,TCGA-95-7562-01,12,14;15;19;21;23;26;29;30,8,12,4.331639,0.9999999992155286,0.3017806894471988,23.182145187247325,76.81785481275269,stroma-high,0.7681785481275268,0.7700855368596157,True,7.889985151020553,True,6.408700655334538,True,10.69262140550809,True,551.0012524761413,665.1052095914816,890.6110176487998,13,TCGA-95-7562-01,TCGA-95-7562,Male,Stage IIA,71,1:DECEASED,2.86,1,II,matched
TCGA-95-7562,TCGA-95-7562-01Z-00-DX1.C722891A-C5C6-4F0D-A73F-259FA8DB2394,13,TCGA-95-7562-01,13,16,1,0,0.305045,0.9999999970903445,0.561990966792268,35.97914320505851,64.0208567949415,stroma-high,0.6402085679494149,0.6370576797026108,True,0.0,True,1.5853197050733907,True,,False,,,,14,TCGA-95-7562-01,TCGA-95-7562,Male,Stage IIA,71,1:DECEASED,2.86,1,II,matched
TCGA-95-7562,TCGA-95-7562-01Z-00-DX1.C722891A-C5C6-4F0D-A73F-259FA8DB2394,14,TCGA-95-7562-01,14,17,1,0,0.3355495,0.999999998095022,2.785878946844164,73.58605454531025,26.413945454689745,stroma-low,0.26413945454689747,0.26413945454689747,True,0.0,True,0.0,True,,False,,,,15,TCGA-95-7562-01,TCGA-95-7562,Male,Stage IIA,71,1:DECEASED,2.86,1,II,matched
TCGA-95-7562,TCGA-95-7562-01Z-00-DX1.C722891A-C5C6-4F0D-A73F-259FA8DB2394,15,TCGA-95-7562-01,15,18,1,0,0.99139625,0.9999999997688483,6.178035173116658,86.06861103515872,13.931388964841283,stroma-low,0.13931388964841282,0.13095928394959971,True,4.492977808253259,True,7.3410665646341755,True,,False,,,,16,TCGA-95-7562-01,TCGA-95-7562,Male,Stage IIA,71,1:DECEASED,2.86,1,II,matched
TCGA-95-7562,TCGA-95-7562-01Z-00-DX1.C722891A-C5C6-4F0D-A73F-259FA8DB2394,16,TCGA-95-7562-01,16,20,1,0,0.32029725,0.9523809488386871,0.6708279341039721,40.149432530509024,59.85056746949097,stroma-high,0.5985056746949097,0.5905080246553234,True,9.781834579721435,True,9.79387351703315,True,,False,,,,17,TCGA-95-7562-01,TCGA-95-7562,Male,Stage IIA,71,1:DECEASED,2.86,1,II,matched
TCGA-95-7562,TCGA-95-7562-01Z-00-DX1.C722891A-C5C6-4F0D-A73F-259FA8DB2394,17,TCGA-95-7562-01,17,22,1,0,0.549081,0.9166666712055506,30.56027363609712,96.83145966498768,3.1685403350123313,stroma-low,0.03168540335012331,0.35817616830428606,True,96.66176521538536,True,29.9229206374673,True,,False,,,,18,TCGA-95-7562-01,TCGA-95-7562,Male,Stage IIA,71,1:DECEASED,2.86,1,II,matched
TCGA-95-7562,TCGA-95-7562-01Z-00-DX1.C722891A-C5C6-4F0D-A73F-259FA8DB2394,18,TCGA-95-7562-01,18,24,1,0,0.549081,1.0000000001810905,6.416201703704652,86.51600859911261,13.4839914008874,stroma-low,0.134839914008874,0.1337619963148266,True,0.0,True,0.9942645080662305,True,,False,,,,19,TCGA-95-7562-01,TCGA-95-7562,Male,Stage IIA,71,1:DECEASED,2.86,1,II,matched
TCGA-95-7562,TCGA-95-7562-01Z-00-DX1.C722891A-C5C6-4F0D-A73F-259FA8DB2394,19,TCGA-95-7562-01,19,25,1,0,0.28979275,0.9999999996882828,2.3622447540429645,70.25796534301853,29.742034656981474,stroma-low,0.29742034656981475,0.28932877611718566,True,100.0,False,4.029975065209623,True,,False,,,,20,TCGA-95-7562-01,TCGA-95-7562,Male,Stage IIA,71,1:DECEASED,2.86,1,II,matched
TCGA-95-7562,TCGA-95-7562-01Z-00-DX1.C722891A-C5C6-4F0D-A73F-259FA8DB2394,20,TCGA-95-7562-01,20,27,1,0,0.488072,0.7812499976624848,6.320428697952175,86.33959783967651,13.660402160323496,stroma-low,0.13660402160323495,0.15664367347172747,True,19.925493659486126,True,3.9289760190498644,True,,False,,,,21,TCGA-95-7562-01,TCGA-95-7562,Male,Stage IIA,71,1:DECEASED,2.86,1,II,matched
TCGA-95-7562,TCGA-95-7562-01Z-00-DX1.C722891A-C5C6-4F0D-A73F-259FA8DB2394,21,TCGA-95-7562-01,21,28,1,0,0.80836925,0.9811320753064103,1.023857918718447,50.589416838449665,49.410583161550335,stroma-low,0.49410583161550337,0.491820884016756,True,8.957913291952881,True,4.859769977137493,True,,False,,,,22,TCGA-95-7562-01,TCGA-95-7562,Male,Stage IIA,71,1:DECEASED,2.86,1,II,matched
TCGA-95-7562,TCGA-95-7562-01Z-00-DX1.C722891A-C5C6-4F0D-A73F-259FA8DB2394,22,TCGA-95-7562-01,22,31,1,0,0.3965585,0.7307692297904745,6.996070690998639,87.4938574376822,12.506142562317802,stroma-low,0.125061425623178,0.13557138470900057,True,12.190156586299306,True,4.091141641678735,True,,False,,,,23,TCGA-95-7562-01,TCGA-95-7562,Male,Stage IIA,71,1:DECEASED,2.86,1,II,matched
TCGA-95-7562,TCGA-95-7562-01Z-00-DX1.C722891A-C5C6-4F0D-A73F-259FA8DB2394,23,TCGA-95-7562-01,23,32,1,0,0.3355495,0.6818181816541421,144.6907740903976,99.3136147389954,0.6863852610046015,stroma-low,0.006863852610046016,0.039434659004930074,True,100.0,True,5.306343498265744,True,,False,,,,24,TCGA-95-7562-01,TCGA-95-7562,Male,Stage IIA,71,1:DECEASED,2.86,1,II,matched
TCGA-95-7562,TCGA-95-7562-01Z-00-DX1.C722891A-C5C6-4F0D-A73F-259FA8DB2394,24,TCGA-95-7562-01,24,33,1,0,0.80836925,0.9999999982900126,0.4457088533934761,30.82977961622597,69.17022038377402,stroma-high,0.6917022038377403,0.6989491488027552,True,8.231368695569916,True,4.765957472112591,True,,False,,,,25,TCGA-95-7562-01,TCGA-95-7562,Male,Stage IIA,71,1:DECEASED,2.86,1,II,matched
TCGA-95-7562,TCGA-95-7562-01Z-00-DX1.C722891A-C5C6-4F0D-A73F-259FA8DB2394,25,TCGA-95-7562-01,25,34;35;37,3,3,3.91982825,0.9961089485495551,0.550436392536587,35.502029956614166,64.49797004338585,stroma-high,0.6449797004338584,0.6443560808625411,True,0.33057041436422085,True,0.4769745616163936,True,0.46993028392143793,True,404.6172322310826,349.3513917161735,617.5003049770742,26,TCGA-95-7562-01,TCGA-95-7562,Male,Stage IIA,71,1:DECEASED,2.86,1,II,matched
TCGA-95-7562,TCGA-95-7562-01Z-00-DX1.C722891A-C5C6-4F0D-A73F-259FA8DB2394,26,TCGA-95-7562-01,26,36,1,0,0.19827925,1.0000000042200554,2.756641263849039,73.38047660756928,26.619523392430715,stroma-low,0.26619523392430716,0.26453501511110833,True,0.0,True,0.9232592983170709,True,,False,,,,27,TCGA-95-7562-01,TCGA-95-7562,Male,Stage IIA,71,1:DECEASED,2.86,1,II,matched
TCGA-95-7562,TCGA-95-7562-01Z-00-DX1.C722891A-C5C6-4F0D-A73F-259FA8DB2394,27,TCGA-95-7562-01,27,38,1,0,2.76065725,0.8674033147029185,0.5988928446408289,37.456721796473026,62.54327820352699,stroma-high,0.6254327820352699,0.6062074100957527,True,6.658882488360426,True,11.433168299399881,True,,False,,,,28,TCGA-95-7562-01,TCGA-95-7562,Male,Stage IIA,71,1:DECEASED,2.86,1,II,matched
TCGA-95-7562,TCGA-95-7562-01Z-00-DX1.C722891A-C5C6-4F0D-A73F-259FA8DB2394,28,TCGA-95-7562-01,28,39,1,0,5.35353975,0.8746438761942134,1.2932287941804086,56.393361075103876,43.606638924896124,stroma-low,0.43606638924896124,0.4349058941848661,True,0.0,True,0.4781305785115693,True,,False,,,,29,TCGA-95-7562-01,TCGA-95-7562,Male,Stage IIA,71,1:DECEASED,2.86,1,II,matched
TCGA-95-7944,TCGA-95-7944-01Z-00-DX1.E66A3565-7B0D-412B-9C0C-81D7397E8B87,1,TCGA-95-7944-01,1,1;2;5;7;8;12,6,6,59.666802,0.9815950922747165,1.1002161064578382,52.38585224991108,47.61414775008893,stroma-low,0.4761414775008893,0.4738269101807326,True,45.914989482647016,True,18.43162583906922,True,39.21765518170376,True,302.3466132715055,185.25,751.2542444643702,2,TCGA-95-7944-01,TCGA-95-7944,Male,Stage IA,71,0:LIVING,12.39,0,I,matched
TCGA-95-7944,TCGA-95-7944-01Z-00-DX1.E66A3565-7B0D-412B-9C0C-81D7397E8B87,2,TCGA-95-7944-01,2,3;4;6;9,4,3,9.10559325,0.9916247904487193,0.6114795241935442,37.94522455999283,62.054775440007184,stroma-high,0.6205477544000718,0.6121030692486228,True,55.8595952596876,True,49.82752718128317,True,43.80257232974827,True,420.37033921626704,246.99999999999997,890.6110176488013,3,TCGA-95-7944-01,TCGA-95-7944,Male,Stage IA,71,0:LIVING,12.39,0,I,matched
TCGA-95-7944,TCGA-95-7944-01Z-00-DX1.E66A3565-7B0D-412B-9C0C-81D7397E8B87,3,TCGA-95-7944-01,3,10,1,0,30.00117575,0.9999999994123795,1.2089167896126114,54.728942045147164,45.27105795485283,stroma-low,0.4527105795485283,0.42662943448758484,True,65.11987438457163,True,28.968507996194155,True,,False,,,,4,TCGA-95-7944-01,TCGA-95-7944,Male,Stage IA,71,0:LIVING,12.39,0,I,matched
TCGA-95-7944,TCGA-95-7944-01Z-00-DX1.E66A3565-7B0D-412B-9C0C-81D7397E8B87,4,TCGA-95-7944-01,4,11,1,0,0.2135315,0.9285714239491166,6.952051187737781,87.42462823249906,12.575371767500936,stroma-low,0.12575371767500937,0.1257881528523151,True,0.05039364470828782,True,0.021434435887169544,True,,False,,,,5,TCGA-95-7944-01,TCGA-95-7944,Male,Stage IA,71,0:LIVING,12.39,0,I,matched
TCGA-95-7944,TCGA-95-7944-01Z-00-DX1.E66A3565-7B0D-412B-9C0C-81D7397E8B87,5,TCGA-95-7944-01,5,13,1,0,5.65858475,0.9272237202770026,2.1297392017695165,68.04845594052654,31.951544059473463,stroma-low,0.31951544059473463,0.38367967798794783,True,59.92863157311392,True,7.039071606885317,True,,False,,,,6,TCGA-95-7944-01,TCGA-95-7944,Male,Stage IA,71,0:LIVING,12.39,0,I,matched
TCGA-95-7944,TCGA-95-7944-01Z-00-DX1.E66A3565-7B0D-412B-9C0C-81D7397E8B87,6,TCGA-95-7944-01,6,14,1,0,0.56433325,0.8918918936019387,0.8644085920621951,46.36368850382122,53.63631149617878,stroma-high,0.5363631149617878,0.6290630290502675,True,69.44924021306477,True,35.236442769422204,True,,False,,,,7,TCGA-95-7944-01,TCGA-95-7944,Male,Stage IA,71,0:LIVING,12.39,0,I,matched
TCGA-95-8039,TCGA-95-8039-01Z-00-DX1.38b07435-987d-495d-9940-ba5f20e6ef97,1,TCGA-95-8039-01,1,1;2;3;4,4,5,22.559751,0.9355543418222024,1.0684774441518703,51.6552620466197,48.344737953380296,stroma-low,0.48344737953380296,0.45520977698107834,True,18.906694060551306,True,17.019509569312117,True,8.204257102823615,True,355.88137941847117,222.00000000000003,845.3885498589212,2,TCGA-95-8039-01,TCGA-95-8039,Male,Stage IA,72,0:LIVING,27.27,0,I,matched
TCGA-97-7552,TCGA-97-7552-01Z-00-DX1.a5ab8959-ff7a-4287-b014-87439957fb67,1,TCGA-97-7552-01,1,1;2;3;4,4,3,7.959366,0.9736842104086081,1.043640621116154,51.06771759832017,48.93228240167982,stroma-low,0.4893228240167982,0.5142582006505306,True,24.01813309388488,True,8.794063446574492,True,25.819022621852078,True,712.1214330635098,666.0,915.3642991905294,2,TCGA-97-7552-01,TCGA-97-7552,Male,Stage IB,70,0:LIVING,63.47,0,I,matched
TCGA-97-7552,TCGA-97-7552-01Z-00-DX1.a5ab8959-ff7a-4287-b014-87439957fb67,2,TCGA-97-7552-01,2,5;6;7;8;9;10;11;12,8,12,20.070909,0.9441375075170221,2.6607232337915008,72.68299360166938,27.317006398330623,stroma-low,0.27317006398330623,0.351894184484042,True,58.03152555966429,True,11.55009717583924,True,63.686998916870444,True,537.2911406388329,499.0233468766957,915.3642991905276,3,TCGA-97-7552-01,TCGA-97-7552,Male,Stage IB,70,0:LIVING,63.47,0,I,matched
TCGA-97-7552,TCGA-97-7552-01Z-00-DX1.a5ab8959-ff7a-4287-b014-87439957fb67,3,TCGA-97-7552-01,3,13,1,0,0.308025,1.0000000006263143,2.8381027186172636,73.94546021008355,26.054539789916454,stroma-low,0.26054539789916453,0.5811245503818826,True,90.16110425171925,True,54.27672636670708,True,,False,,,,4,TCGA-97-7552-01,TCGA-97-7552,Male,Stage IB,70,0:LIVING,63.47,0,I,matched
TCGA-97-8171,TCGA-97-8171-01Z-00-DX1.a55cbfd1-6674-4206-b3e0-2a4f12a74e5d,1,TCGA-97-8171-01,1,1,1,0,1.042430125,0.9024390246570586,0.8830012290149645,46.89329010565119,53.106709894348825,stroma-high,0.5310670989434882,0.5747683105291584,True,34.455928748957234,True,14.05037516237955,True,,False,,,,2,TCGA-97-8171-01,TCGA-97-8171,Male,Stage IV,81,0:LIVING,18.66,0,IV,matched
TCGA-97-8171,TCGA-97-8171-01Z-00-DX1.a55cbfd1-6674-4206-b3e0-2a4f12a74e5d,2,TCGA-97-8171-01,2,2;4;7,3,2,251.5688993125,0.9674061346367016,3.426271711367189,77.40762282098765,22.592377179012345,stroma-low,0.22592377179012346,0.21723708508322573,True,21.06025261853731,True,8.52091712257141,True,3.42621140084709,True,692.3091258211525,692.3091258211525,820.8679175876106,3,TCGA-97-8171-01,TCGA-97-8171,Male,Stage IV,81,0:LIVING,18.66,0,IV,matched
TCGA-97-8171,TCGA-97-8171-01Z-00-DX1.a55cbfd1-6674-4206-b3e0-2a4f12a74e5d,3,TCGA-97-8171-01,3,3,1,0,0.4957899375,0.9999999936582566,0.6140147742871552,38.04269849749923,61.95730150250077,stroma-high,0.6195730150250077,0.6245600823361795,True,6.662585345566447,True,4.281595058487555,True,,False,,,,4,TCGA-97-8171-01,TCGA-97-8171,Male,Stage IV,81,0:LIVING,18.66,0,IV,matched
TCGA-97-8171,TCGA-97-8171-01Z-00-DX1.a55cbfd1-6674-4206-b3e0-2a4f12a74e5d,4,TCGA-97-8171-01,4,5;6,2,1,0.889879375,1.0000000004077134,0.16803803455561275,14.386349552353733,85.61365044764626,stroma-high,0.8561365044764626,0.8664128615963217,True,18.982090125453244,True,11.41031720911099,True,56.19385597940298,True,858.7161527920897,858.7161527920897,858.7161527920897,5,TCGA-97-8171-01,TCGA-97-8171,Male,Stage IV,81,0:LIVING,18.66,0,IV,matched
TCGA-97-8179,TCGA-97-8179-01Z-00-DX1.5501338a-dd89-4c41-8267-5baaaea71643,1,TCGA-97-8179-01,1,1;2;3;4,4,5,2.260113,1.0000000001697518,0.3389307077767799,25.313536078319952,74.68646392168003,stroma-high,0.7468646392168004,0.7763525727767738,True,41.510959174187455,True,28.380900125006697,True,45.96949581519154,True,507.53469620421566,479.4590394544982,791.0,2,TCGA-97-8179-01,TCGA-97-8179,Male,Stage IA,72,0:LIVING,14.29,0,I,matched
TCGA-97-8179,TCGA-97-8179-01Z-00-DX1.5501338a-dd89-4c41-8267-5baaaea71643,2,TCGA-97-8179-01,2,5,1,0,0.753371,1.0000000023950542,0.6833530117667279,40.59475386268083,59.40524613731917,stroma-high,0.5940524613731917,0.6426648632605318,True,55.60218364949899,True,32.35877176144035,True,,False,,,,3,TCGA-97-8179-01,TCGA-97-8179,Male,Stage IA,72,0:LIVING,14.29,0,I,matched
TCGA-97-8179,TCGA-97-8179-01Z-00-DX1.5501338a-dd89-4c41-8267-5baaaea71643,3,TCGA-97-8179-01,3,6,1,0,0.906599,1.0000000028517655,0.32817232571625926,24.70856524881151,75.29143475118848,stroma-high,0.7529143475118848,0.7708229966951168,True,42.36069962160948,True,33.63876109901878,True,,False,,,,4,TCGA-97-8179-01,TCGA-97-8179,Male,Stage IA,72,0:LIVING,14.29,0,I,matched
TCGA-97-8179,TCGA-97-8179-01Z-00-DX1.5501338a-dd89-4c41-8267-5baaaea71643,4,TCGA-97-8179-01,4,7;8;9;10;11;13;14;17;18;20;22;28;30;31;32,15,22,36.212884,0.9873060648168022,0.7216882257523728,41.91747465990814,58.08252534009187,stroma-high,0.5808252534009187,0.5725386069634855,True,12.974178542589026,True,10.519974369975579,True,6.371118513604604,True,394.74457013790374,348.18714136348075,965.5094223087747,5,TCGA-97-8179-01,TCGA-97-8179,Male,Stage IA,72,0:LIVING,14.29,0,I,matched
TCGA-97-8179,TCGA-97-8179-01Z-00-DX1.5501338a-dd89-4c41-8267-5baaaea71643,5,TCGA-97-8179-01,5,12;15;16;19;21;23;24;25;26;27;29;33;34;35,14,21,36.979024,0.9872237566458143,0.7094808371922873,41.50270782546846,58.49729217453154,stroma-high,0.5849729217453153,0.5785953632555497,True,12.734724271552436,True,9.703755711929169,True,7.054838053216468,True,415.6817390663028,339.0005555257685,903.9999999999999,6,TCGA-97-8179-01,TCGA-97-8179,Male,Stage IA,72,0:LIVING,14.29,0,I,matched
TCGA-97-A4M2,TCGA-97-A4M2-01Z-00-DX1.5C72522C-1538-4D68-B517-5FB05A9D401A,1,TCGA-97-A4M2-01,1,1;2;3;4;5;6;7;8;12;13;14;15;16,13,13,25.9971903125,0.9320293403628259,0.8819639250846354,46.86401866310863,53.135981336891355,stroma-high,0.5313598133689136,0.5560374743132923,True,45.891578480778925,True,26.365971175924596,True,29.77614038592985,True,462.47932818872056,318.94580012515195,963.373421372771,2,TCGA-97-A4M2-01,TCGA-97-A4M2,Male,Stage IA,66,0:LIVING,20.5,0,I,matched
TCGA-97-A4M2,TCGA-97-A4M2-01Z-00-DX1.5C72522C-1538-4D68-B517-5FB05A9D401A,2,TCGA-97-A4M2-01,2,9,1,0,0.8263165625,0.7846153878827374,1.3687603451276857,57.78382553317795,42.216174466822046,stroma-low,0.4221617446682205,0.5058274136708157,True,68.09121627191354,True,35.01192696564955,True,,False,,,,3,TCGA-97-A4M2-01,TCGA-97-A4M2,Male,Stage IA,66,0:LIVING,20.5,0,I,matched
TCGA-97-A4M2,TCGA-97-A4M2-01Z-00-DX1.5C72522C-1538-4D68-B517-5FB05A9D401A,3,TCGA-97-A4M2-01,3,10;11,2,1,0.889879375,0.9428571437907524,1.2485831043940352,55.52754985813667,44.472450141863334,stroma-low,0.44472450141863334,0.6244517064686644,True,70.70007682132253,True,37.59398059478299,True,80.87795005237507,True,713.1299637395616,713.1299637395616,713.1299637395616,4,TCGA-97-A4M2-01,TCGA-97-A4M2,Male,Stage IA,66,0:LIVING,20.5,0,I,matched
TCGA-97-A4M5,TCGA-97-A4M5-01Z-00-DX1.283AFBA6-A349-425F-A18E-5CA186084C23,1,TCGA-97-A4M5-01,1,1;2;3;4;5;6;7;8;9;10;11;12;13;14;15;16;17;18;19;20;21;22;24;25;27;28;30;36,28,38,117.1208383125,0.9845869965150995,0.5386610987821111,35.00843033001061,64.99156966998937,stroma-high,0.6499156966998938,0.6528615352627931,True,7.381138603435021,True,2.978970487244428,True,9.198054762256035,True,569.850006815889,622.5328231867202,956.7561167554178,2,TCGA-97-A4M5-01,TCGA-97-A4M5,Male,Stage IA,83,0:LIVING,20.83,0,I,matched
TCGA-97-A4M5,TCGA-97-A4M5-01Z-00-DX1.283AFBA6-A349-425F-A18E-5CA186084C23,2,TCGA-97-A4M5-01,2,23,1,0,0.2923889375,1.0000000002777518,0.13704730403691412,12.052911391667562,87.94708860833244,stroma-high,0.8794708860833244,0.8692953131198622,True,0.0,True,10.94359621228966,True,,False,,,,3,TCGA-97-A4M5-01,TCGA-97-A4M5,Male,Stage IA,83,0:LIVING,20.83,0,I,matched
TCGA-97-A4M5,TCGA-97-A4M5-01Z-00-DX1.283AFBA6-A349-425F-A18E-5CA186084C23,3,TCGA-97-A4M5-01,3,26;31,2,1,1.1822683125,0.9892473133595656,0.24010562078315462,19.361707322278125,80.63829267772188,stroma-high,0.8063829267772188,0.8061865358447,True,8.626190880446883e-05,True,0.13888849364499545,True,0.0,True,963.3734213727693,963.3734213727693,963.3734213727693,4,TCGA-97-A4M5-01,TCGA-97-A4M5,Male,Stage IA,83,0:LIVING,20.83,0,I,matched
TCGA-97-A4M5,TCGA-97-A4M5-01Z-00-DX1.283AFBA6-A349-425F-A18E-5CA186084C23,4,TCGA-97-A4M5-01,4,29;32;33;34;35;37;38;39;40;41;42;44;48;49;50;52;54;55;56;58;61;62;63;64;66,25,32,41.3031155625,0.9904586020640908,0.4199453719208467,29.57475549589355,70.42524450410646,stroma-high,0.7042524450410645,0.7126518604748119,True,7.14574597849082,True,1.5089294480654991,True,8.58248558086942,True,513.2540020251835,563.7902333685458,956.7561167554165,5,TCGA-97-A4M5-01,TCGA-97-A4M5,Male,Stage IA,83,0:LIVING,20.83,0,I,matched
TCGA-97-A4M5,TCGA-97-A4M5-01Z-00-DX1.283AFBA6-A349-425F-A18E-5CA186084C23,5,TCGA-97-A4M5-01,5,43,1,0,0.3432391875,1.0000000003267444,0.2812135718590099,21.949000388044265,78.05099961195573,stroma-high,0.7805099961195573,0.7891157400942855,True,11.742258388617866,True,5.20035392870163,True,,False,,,,6,TCGA-97-A4M5-01,TCGA-97-A4M5,Male,Stage IA,83,0:LIVING,20.83,0,I,matched
TCGA-97-A4M5,TCGA-97-A4M5-01Z-00-DX1.283AFBA6-A349-425F-A18E-5CA186084C23,6,TCGA-97-A4M5-01,6,45;46;47;51;53;57;59,7,9,17.0221211875,0.9626587008586717,0.6120385877297467,37.96674548539735,62.03325451460265,stroma-high,0.6203325451460265,0.6335182105948806,True,12.076650974511786,True,3.0616522296515596,True,10.738696702092316,True,544.2374125474538,563.7902333685458,956.7561167554165,7,TCGA-97-A4M5-01,TCGA-97-A4M5,Male,Stage IA,83,0:LIVING,20.83,0,I,matched
TCGA-97-A4M5,TCGA-97-A4M5-01Z-00-DX1.283AFBA6-A349-425F-A18E-5CA186084C23,7,TCGA-97-A4M5-01,7,60,1,0,0.2415386875,1.0000000036083962,0.32215794487746796,24.36607109805812,75.63392890194187,stroma-high,0.7563392890194187,0.7461338657808201,True,2.850092980868742,True,8.742164252285235,True,,False,,,,8,TCGA-97-A4M5-01,TCGA-97-A4M5,Male,Stage IA,83,0:LIVING,20.83,0,I,matched
TCGA-97-A4M5,TCGA-97-A4M5-01Z-00-DX1.283AFBA6-A349-425F-A18E-5CA186084C23,8,TCGA-97-A4M5-01,8,65,1,0,0.25425125,0.9999999997889972,0.8575427836353715,46.16543915920398,53.83456084079601,stroma-high,0.5383456084079601,0.5309822485801431,True,0.4084669945118906,True,3.7108765880557524,True,,False,,,,9,TCGA-97-A4M5-01,TCGA-97-A4M5,Male,Stage IA,83,0:LIVING,20.83,0,I,matched
TCGA-97-A4M7,TCGA-97-A4M7-01Z-00-DX2.9D0A8A7E-5A84-439B-B3D1-DFA22BC6ED87,1,TCGA-97-A4M7-01,1,1;2;3;4;5;6;7;8;9;10;11;12;13,13,18,61.37625175,0.9979287489766897,0.7671162985078445,43.41062889610596,56.589371103894024,stroma-high,0.5658937110389403,0.5519255932691476,True,37.49249385742123,True,22.864432970969904,True,29.363718803513862,True,346.6340605950892,285.550510561073,858.7161527920889,2,TCGA-97-A4M7-01,TCGA-97-A4M7,Male,Stage IA,74,0:LIVING,20.66,0,I,matched
TCGA-97-A4M7,TCGA-97-A4M7-01Z-00-DX2.9D0A8A7E-5A84-439B-B3D1-DFA22BC6ED87,2,TCGA-97-A4M7-01,2,14;18;23;24,4,4,33.4976021875,0.9901328275490049,0.824175508131473,45.18071339394787,54.81928660605213,stroma-high,0.5481928660605213,0.5333289821631431,True,48.820329599043994,True,27.782059683205436,True,35.7405216722911,True,260.5370948206793,225.49999999999997,478.39837928271714,3,TCGA-97-A4M7-01,TCGA-97-A4M7,Male,Stage IA,74,0:LIVING,20.66,0,I,matched
TCGA-97-A4M7,TCGA-97-A4M7-01Z-00-DX2.9D0A8A7E-5A84-439B-B3D1-DFA22BC6ED87,3,TCGA-97-A4M7-01,3,15;16;17;19;20,5,4,6.86478375,0.99999999971838,0.6865831068188246,40.70852506721915,59.291474932780865,stroma-high,0.5929147493278086,0.6403765917513707,True,44.494352715191724,True,21.347080589712462,True,36.62581418362005,True,483.01561036075134,356.5831577871739,880.6461258686575,4,TCGA-97-A4M7-01,TCGA-97-A4M7,Male,Stage IA,74,0:LIVING,20.66,0,I,matched
TCGA-97-A4M7,TCGA-97-A4M7-01Z-00-DX2.9D0A8A7E-5A84-439B-B3D1-DFA22BC6ED87,4,TCGA-97-A4M7-01,4,21,1,0,0.177975875,1.0000000031182676,0.4753844711669131,32.22105698258579,67.7789430174142,stroma-high,0.6777894301741421,0.7401873171865099,True,38.93858267618001,True,2.1390141365849957,True,,False,,,,5,TCGA-97-A4M7-01,TCGA-97-A4M7,Male,Stage IA,74,0:LIVING,20.66,0,I,matched
TCGA-97-A4M7,TCGA-97-A4M7-01Z-00-DX2.9D0A8A7E-5A84-439B-B3D1-DFA22BC6ED87,5,TCGA-97-A4M7-01,5,22,1,0,0.203401,1.0000000007044039,0.2720606320004242,21.387394999606705,78.6126050003933,stroma-high,0.786126050003933,0.8004994856852691,True,47.93928259216456,True,40.31428581051863,True,,False,,,,6,TCGA-97-A4M7-01,TCGA-97-A4M7,Male,Stage IA,74,0:LIVING,20.66,0,I,matched
TCGA-97-A4M7,TCGA-97-A4M7-01Z-00-DX2.9D0A8A7E-5A84-439B-B3D1-DFA22BC6ED87,6,TCGA-97-A4M7-01,6,25;26;27;28;29;30;31;32;33,9,11,10.2081876875,1.0000000011256802,0.4236442412219561,29.75773223079452,70.24226776920548,stroma-high,0.7024226776920548,0.7119378480983879,True,36.39672799165833,True,25.60251917203875,True,31.713321803642806,True,384.7811781836555,252.1552209969954,858.7161527920889,7,TCGA-97-A4M7-01,TCGA-97-A4M7,Male,Stage IA,74,0:LIVING,20.66,0,I,matched
TCGA-L4-A4E6,TCGA-L4-A4E6-01Z-00-DX1.1B537DE0-2CE3-4B90-9ED3-71F1F8747EE9,1,TCGA-L4-A4E6-01,1,1,1,0,1.23462,0.9052631569363018,0.3937814523364851,28.252740175037054,71.74725982496294,stroma-high,0.7174725982496294,0.7058130107774987,True,24.6220534983044,True,24.841084372730784,True,,False,,,,2,TCGA-L4-A4E6-01,TCGA-L4-A4E6,Male,Stage IA,67,0:LIVING,14.29,0,I,matched
TCGA-L4-A4E6,TCGA-L4-A4E6-01Z-00-DX1.1B537DE0-2CE3-4B90-9ED3-71F1F8747EE9,2,TCGA-L4-A4E6-01,2,2,1,0,0.311904,0.708333332928305,0.7140311040246826,41.65800155831946,58.34199844168053,stroma-high,0.5834199844168053,0.5492465355085698,True,18.00643643134623,True,21.072853203626117,True,,False,,,,3,TCGA-L4-A4E6-01,TCGA-L4-A4E6,Male,Stage IA,67,0:LIVING,14.29,0,I,matched
TCGA-L4-A4E6,TCGA-L4-A4E6-01Z-00-DX1.1B537DE0-2CE3-4B90-9ED3-71F1F8747EE9,3,TCGA-L4-A4E6-01,3,3,1,0,2.40426,0.9891891888487627,0.8203250512355996,45.06475646636735,54.93524353363265,stroma-high,0.5493524353363265,0.5252585333354456,True,16.182030870166237,True,17.402162620965722,True,,False,,,,4,TCGA-L4-A4E6-01,TCGA-L4-A4E6,Male,Stage IA,67,0:LIVING,14.29,0,I,matched
TCGA-L4-A4E6,TCGA-L4-A4E6-01Z-00-DX1.1B537DE0-2CE3-4B90-9ED3-71F1F8747EE9,4,TCGA-L4-A4E6-01,4,4;5;6;8;9;11;12;13,8,8,7.53768,0.958620689582438,0.2902389711041755,22.49497787652403,77.50502212347598,stroma-high,0.7750502212347598,0.7771207203414887,True,14.94684499088144,True,12.462604456331428,True,22.603684224841288,True,600.9224374774883,595.5522748687529,940.1029329379489,5,TCGA-L4-A4E6-01,TCGA-L4-A4E6,Male,Stage IA,67,0:LIVING,14.29,0,I,matched
TCGA-L4-A4E6,TCGA-L4-A4E6-01Z-00-DX1.1B537DE0-2CE3-4B90-9ED3-71F1F8747EE9,5,TCGA-L4-A4E6-01,5,7,1,0,0.376884,0.9310344893094915,0.15521523115331143,13.436044380955053,86.56395561904495,stroma-high,0.8656395561904495,0.8573905470135312,True,3.762288955703055,True,10.509487319539167,True,,False,,,,6,TCGA-L4-A4E6-01,TCGA-L4-A4E6,Male,Stage IA,67,0:LIVING,14.29,0,I,matched
TCGA-L4-A4E6,TCGA-L4-A4E6-01Z-00-DX1.1B537DE0-2CE3-4B90-9ED3-71F1F8747EE9,6,TCGA-L4-A4E6-01,6,10,1,0,0.233928,0.9999999948453883,0.8218452620239496,45.110596336317485,54.889403663682515,stroma-high,0.5488940366368251,0.5472533732424291,True,2.6193994795108146,True,3.201487599117562,True,,False,,,,7,TCGA-L4-A4E6-01,TCGA-L4-A4E6,Male,Stage IA,67,0:LIVING,14.29,0,I,matched
TCGA-L4-A4E6,TCGA-L4-A4E6-01Z-00-DX1.1B537DE0-2CE3-4B90-9ED3-71F1F8747EE9,7,TCGA-L4-A4E6-01,7,14;15;20;23;28;29,6,6,4.574592,0.9886363643659488,0.28864718572583287,22.399240763735637,77.60075923626437,stroma-high,0.7760075923626436,0.7764665783384657,True,7.478576540242862,True,6.433201508651154,True,3.7753968588107965,True,416.7902874665828,341.5086694441961,764.7738046192859,8,TCGA-L4-A4E6-01,TCGA-L4-A4E6,Male,Stage IA,67,0:LIVING,14.29,0,I,matched
TCGA-L4-A4E6,TCGA-L4-A4E6-01Z-00-DX1.1B537DE0-2CE3-4B90-9ED3-71F1F8747EE9,8,TCGA-L4-A4E6-01,8,16;17;18;19;22;24;25;30;31;32,10,15,23.808672,0.9765283846183451,0.6371593636897896,38.91859142250975,61.08140857749025,stroma-high,0.6108140857749025,0.6061947489226178,True,9.204885719093268,True,7.986289328736046,True,5.865834499185118,True,563.7617118522306,570.0,919.1365931161757,9,TCGA-L4-A4E6-01,TCGA-L4-A4E6,Male,Stage IA,67,0:LIVING,14.29,0,I,matched
TCGA-L4-A4E6,TCGA-L4-A4E6-01Z-00-DX1.1B537DE0-2CE3-4B90-9ED3-71F1F8747EE9,9,TCGA-L4-A4E6-01,9,21,1,0,1.520532,0.999999998248391,0.7842087778717202,43.95274743615809,56.0472525638419,stroma-high,0.560472525638419,0.5593603006696061,True,2.7262968229457063,True,2.474541657585157,True,,False,,,,10,TCGA-L4-A4E6-01,TCGA-L4-A4E6,Male,Stage IA,67,0:LIVING,14.29,0,I,matched
TCGA-L4-A4E6,TCGA-L4-A4E6-01Z-00-DX1.1B537DE0-2CE3-4B90-9ED3-71F1F8747EE9,10,TCGA-L4-A4E6-01,10,26;27,2,1,0.90972,0.9142857114860039,0.9109512299291361,47.67004074525319,52.32995925474682,stroma-high,0.5232995925474682,0.5129012450452098,True,10.961754217217926,True,12.45684836066359,True,9.941891492010905,True,570.0,570.0,570.0,11,TCGA-L4-A4E6-01,TCGA-L4-A4E6,Male,Stage IA,67,0:LIVING,14.29,0,I,matched
TCGA-L4-A4E6,TCGA-L4-A4E6-01Z-00-DX1.1B537DE0-2CE3-4B90-9ED3-71F1F8747EE9,11,TCGA-L4-A4E6-01,11,33,1,0,0.480852,0.9459459464149993,1.478686215534813,59.65604707313729,40.34395292686273,stroma-low,0.40343952926862725,0.4096406670572743,True,17.13142118074712,True,12.018667088641637,True,,False,,,,12,TCGA-L4-A4E6-01,TCGA-L4-A4E6,Male,Stage IA,67,0:LIVING,14.29,0,I,matched
TCGA-L9-A50W,TCGA-L9-A50W-01Z-00-DX1.21FAAB58-58EF-4A6A-8F0A-16D9AB9B1056,1,TCGA-L9-A50W-01,1,1;2,2,1,0.766764,0.8135593236711121,0.4000678188808914,28.574888550804307,71.4251114491957,stroma-high,0.714251114491957,0.6993362056751343,True,15.93440558904004,True,18.20587163438714,True,13.95846944453831,True,342.0005506527433,342.0005506527433,342.0005506527433,2,TCGA-L9-A50W-01,TCGA-L9-A50W,Male,Stage IIA,75,1:DECEASED,14.52,1,II,matched
TCGA-L9-A50W,TCGA-L9-A50W-01Z-00-DX1.21FAAB58-58EF-4A6A-8F0A-16D9AB9B1056,2,TCGA-L9-A50W-01,2,3;6;8,3,2,50.060592,0.9488577362352056,0.8055459539605343,44.61509008915216,55.38490991084784,stroma-high,0.5538490991084783,0.5353513341481378,True,13.075772598933156,True,9.58716155411463,True,4.652239572300642,True,114.0,114.0,114.0,3,TCGA-L9-A50W-01,TCGA-L9-A50W,Male,Stage IIA,75,1:DECEASED,14.52,1,II,matched
TCGA-L9-A50W,TCGA-L9-A50W-01Z-00-DX1.21FAAB58-58EF-4A6A-8F0A-16D9AB9B1056,3,TCGA-L9-A50W-01,3,4,1,0,0.493848,0.999999996677568,0.36129644284682716,26.540614628453866,73.45938537154613,stroma-high,0.7345938537154614,0.7346188038522528,True,0.01789863203895121,True,0.0,True,,False,,,,4,TCGA-L9-A50W-01,TCGA-L9-A50W,Male,Stage IIA,75,1:DECEASED,14.52,1,II,matched
TCGA-L9-A50W,TCGA-L9-A50W-01Z-00-DX1.21FAAB58-58EF-4A6A-8F0A-16D9AB9B1056,4,TCGA-L9-A50W-01,4,5;7;9;10,4,4,204.55704,0.9855781449170838,1.9206833888858388,65.76143775784362,34.23856224215637,stroma-low,0.34238562242156373,0.33743623499500525,True,12.21244442502679,True,4.973115080823042,True,3.9624665254429354,True,231.51742945708628,171.00041298914186,470.06889185006145,5,TCGA-L9-A50W-01,TCGA-L9-A50W,Male,Stage IIA,75,1:DECEASED,14.52,1,II,matched
TCGA-L9-A50W,TCGA-L9-A50W-01Z-00-DX1.21FAAB58-58EF-4A6A-8F0A-16D9AB9B1056,5,TCGA-L9-A50W-01,5,11,1,0,0.311904,0.958333332096269,0.23231362844984835,18.85182660375835,81.14817339624165,stroma-high,0.8114817339624165,0.8139876425557341,True,2.4487047687215857,True,0.35768910697419815,True,,False,,,,6,TCGA-L9-A50W-01,TCGA-L9-A50W,Male,Stage IIA,75,1:DECEASED,14.52,1,II,matched
TCGA-L9-A743,TCGA-L9-A743-01Z-00-DX1.27ED2955-E8B5-4A3C-ADAA-82568ECCFB83,1,TCGA-L9-A743-01,1,1;2,2,1,1.81530325,0.9324324322456419,0.4912732646241468,32.94320875174846,67.05679124825154,stroma-high,0.6705679124825155,0.6690584188568314,True,20.95311211360628,True,18.533310953107037,True,30.144810105760882,True,110.75,110.75,110.75,2,TCGA-L9-A743-01,TCGA-L9-A743,Male,Stage IIA,56,0:LIVING,21.81,0,II,matched
TCGA-L9-A743,TCGA-L9-A743-01Z-00-DX1.27ED2955-E8B5-4A3C-ADAA-82568ECCFB83,2,TCGA-L9-A743-01,2,3;5;6;7;8;10;13;23;25,9,12,6.9545739375,0.895943563453525,0.3953747099366037,28.33466216071573,71.66533783928428,stroma-high,0.7166533783928427,0.7303446028331508,True,33.941331115575814,True,25.222381726793753,True,37.8386716273846,True,559.9037447521856,559.2501138051764,996.7499999999999,3,TCGA-L9-A743-01,TCGA-L9-A743,Male,Stage IIA,56,0:LIVING,21.81,0,II,matched
TCGA-L9-A743,TCGA-L9-A743-01Z-00-DX1.27ED2955-E8B5-4A3C-ADAA-82568ECCFB83,3,TCGA-L9-A743-01,3,4;9;11;12;14;15;17;18;19;20;21;22;24;26;27;28;29;30;31;32;33;34;35;36;37;38;39;40;41;42;43;44;45;46;47;48;49;50;51;52;53;54;55;56;57;59;60;61;63;64,50,71,76.5984378125,0.9798238592781389,0.42638990079764627,29.89294165355534,70.10705834644466,stroma-high,0.7010705834644466,0.6945024442338616,True,15.477687179297206,True,13.79741227550496,True,15.025405414753926,True,472.74159308940386,443.00042510902813,996.7501889374186,4,TCGA-L9-A743-01,TCGA-L9-A743,Male,Stage IIA,56,0:LIVING,21.81,0,II,matched
TCGA-L9-A743,TCGA-L9-A743-01Z-00-DX1.27ED2955-E8B5-4A3C-ADAA-82568ECCFB83,4,TCGA-L9-A743-01,4,16,1,0,0.3311701875,0.666666670366087,0.3922948977479739,28.1761355573814,71.82386444261859,stroma-high,0.7182386444261859,0.6699045866511947,True,21.849261188567162,True,39.78955936816348,True,,False,,,,5,TCGA-L9-A743-01,TCGA-L9-A743,Male,Stage IIA,56,0:LIVING,21.81,0,II,matched
TCGA-L9-A743,TCGA-L9-A743-01Z-00-DX1.27ED2955-E8B5-4A3C-ADAA-82568ECCFB83,5,TCGA-L9-A743-01,5,58,1,0,0.171717875,1.000000004885286,0.2553791542081169,20.342790729961425,79.65720927003858,stroma-high,0.7965720927003858,0.7952363784674402,True,0.736578518715004,True,1.8766340872694762,True,,False,,,,6,TCGA-L9-A743-01,TCGA-L9-A743,Male,Stage IIA,56,0:LIVING,21.81,0,II,matched
TCGA-L9-A743,TCGA-L9-A743-01Z-00-DX1.27ED2955-E8B5-4A3C-ADAA-82568ECCFB83,6,TCGA-L9-A743-01,6,62,1,0,0.2821079375,0.9565217377897605,0.20870313980940658,17.266699567134058,82.73330043286595,stroma-high,0.8273330043286594,0.8284292130313073,True,0.9418770128555054,True,0.029466906639786135,True,,False,,,,7,TCGA-L9-A743-01,TCGA-L9-A743,Male,Stage IIA,56,0:LIVING,21.81,0,II,matched
TCGA-L9-A7SV,TCGA-L9-A7SV-01Z-00-DX1.153B8E2D-54CE-4747-A22E-7A6ADCA03DB5,1,TCGA-L9-A7SV-01,1,1;2;3;4;5;6;7;8;10;12;13;14;15;17;20;21;22;23;24;28;29;30;32;33;35;36;38;41;43;44;45;46;47;49;50;51,36,55,111.38184,0.9952433631343761,0.8484734902661665,45.901306928886086,54.0986930711139,stroma-high,0.540986930711139,0.526423094755576,True,6.74819515594575,True,9.295659129287246,True,5.754727568769074,True,468.88359588240985,400.2560442293949,999.0,2,TCGA-L9-A7SV-01,TCGA-L9-A7SV,Male,Stage IIA,69,0:LIVING,18.56,0,II,matched
TCGA-L9-A7SV,TCGA-L9-A7SV-01Z-00-DX1.153B8E2D-54CE-4747-A22E-7A6ADCA03DB5,2,TCGA-L9-A7SV-01,2,9;11;19;34;39,5,4,8.415243,0.9385065888827326,0.5789353697394669,36.666185382559036,63.333814617440964,stroma-high,0.6333381461744096,0.6261014160206214,True,3.352006199760603,True,5.218474433636698,True,0.008585692419475242,True,508.22630926352474,444.0,744.6491928247056,3,TCGA-L9-A7SV-01,TCGA-L9-A7SV,Male,Stage IIA,69,0:LIVING,18.56,0,II,matched
TCGA-L9-A7SV,TCGA-L9-A7SV-01Z-00-DX1.153B8E2D-54CE-4747-A22E-7A6ADCA03DB5,3,TCGA-L9-A7SV-01,3,16;18,2,1,8.020971,0.9708141320421676,1.2267179659145948,55.090855002408745,44.909144997591255,stroma-low,0.44909144997591255,0.46065078313934765,True,20.592938184566766,True,6.496605213575746,True,38.59314100720784,True,111.0,111.0,111.0,4,TCGA-L9-A7SV-01,TCGA-L9-A7SV,Male,Stage IIA,69,0:LIVING,18.56,0,II,matched
TCGA-L9-A7SV,TCGA-L9-A7SV-01Z-00-DX1.153B8E2D-54CE-4747-A22E-7A6ADCA03DB5,4,TCGA-L9-A7SV-01,4,25,1,0,0.332667,1.0000000023811244,0.1693032775747856,14.478987686234158,85.52101231376585,stroma-high,0.8552101231376585,0.8552101231376585,True,0.0,True,0.0,True,,False,,,,5,TCGA-L9-A7SV-01,TCGA-L9-A7SV,Male,Stage IIA,69,0:LIVING,18.56,0,II,matched
TCGA-L9-A7SV,TCGA-L9-A7SV-01Z-00-DX1.153B8E2D-54CE-4747-A22E-7A6ADCA03DB5,5,TCGA-L9-A7SV-01,5,26;27;31;40;42,5,4,2.661336,0.95370370314775,0.20965490017875343,17.331794394233615,82.66820560576637,stroma-high,0.8266820560576638,0.8216962828022367,True,1.4253118322190506,True,5.08114608411681,True,0.0,True,372.254671638688,356.009343277376,666.0000000000001,6,TCGA-L9-A7SV-01,TCGA-L9-A7SV,Male,Stage IIA,69,0:LIVING,18.56,0,II,matched
TCGA-L9-A7SV,TCGA-L9-A7SV-01Z-00-DX1.153B8E2D-54CE-4747-A22E-7A6ADCA03DB5,6,TCGA-L9-A7SV-01,6,37,1,0,0.258741,0.9999999994608861,0.1592310039706522,13.735916605512339,86.26408339448767,stroma-high,0.8626408339448767,0.8028738593298268,True,9.843707448106464,True,47.903393052312076,True,,False,,,,7,TCGA-L9-A7SV-01,TCGA-L9-A7SV,Male,Stage IIA,69,0:LIVING,18.56,0,II,matched
TCGA-L9-A7SV,TCGA-L9-A7SV-01Z-00-DX1.153B8E2D-54CE-4747-A22E-7A6ADCA03DB5,7,TCGA-L9-A7SV-01,7,48,1,0,1.022643,0.8072289144711029,0.5249707963089616,34.42497374897936,65.57502625102065,stroma-high,0.6557502625102064,0.663946980161355,True,5.641932396941287,True,0.16301040870125671,True,,False,,,,8,TCGA-L9-A7SV-01,TCGA-L9-A7SV,Male,Stage IIA,69,0:LIVING,18.56,0,II,matched
TCGA-MN-A4N5,TCGA-MN-A4N5-01Z-00-DX1.D0FBA0D2-6245-4EFD-AF2B-849215600DBE,1,TCGA-MN-A4N5-01,1,1;3;5,3,2,52.5334041875,0.9985991129852144,1.856685073242723,64.99439124856472,35.00560875143528,stroma-low,0.3500560875143528,0.3546905807856356,True,30.855747481529615,True,10.663552130100944,True,43.61597574862133,True,478.43474379586246,478.43474379586246,709.1864025438152,2,TCGA-MN-A4N5-01,TCGA-MN-A4N5,Male,Stage IA,63,0:LIVING,2.76,0,I,matched
TCGA-MN-A4N5,TCGA-MN-A4N5-01Z-00-DX1.D0FBA0D2-6245-4EFD-AF2B-849215600DBE,2,TCGA-MN-A4N5-01,2,2,1,0,0.14718675,1.0000000036364631,2.46972720175252,71.17929042101895,28.820709578981063,stroma-low,0.28820709578981063,0.4027624895943878,True,80.99330724207336,True,57.960254211073384,True,,False,,,,3,TCGA-MN-A4N5-01,TCGA-MN-A4N5,Male,Stage IA,63,0:LIVING,2.76,0,I,matched
TCGA-MN-A4N5,TCGA-MN-A4N5-01Z-00-DX1.D0FBA0D2-6245-4EFD-AF2B-849215600DBE,3,TCGA-MN-A4N5-01,3,4,1,0,4.2193535,0.9883720938008527,1.0971728241933525,52.316757662324,47.68324233767599,stroma-low,0.4768324233767599,0.49334008816904595,True,29.855399957928363,True,8.181629317275569,True,,False,,,,4,TCGA-MN-A4N5-01,TCGA-MN-A4N5,Male,Stage IA,63,0:LIVING,2.76,0,I,matched
TCGA-MN-A4N5,TCGA-MN-A4N5-01Z-00-DX1.D0FBA0D2-6245-4EFD-AF2B-849215600DBE,4,TCGA-MN-A4N5-01,4,6,1,0,0.4783569375,0.9999999965202268,0.2062331987351801,17.097290884667245,82.90270911533275,stroma-high,0.8290270911533275,0.7789655433417222,True,16.068094245360964,True,41.48920046316347,True,,False,,,,5,TCGA-MN-A4N5-01,TCGA-MN-A4N5,Male,Stage IA,63,0:LIVING,2.76,0,I,matched
TCGA-MP-A4T8,TCGA-MP-A4T8-01Z-00-DX1.3ECB340F-66C7-4F64-8E00-463BF82AAD83,1,TCGA-MP-A4T8-01,1,1;5;6;7;8;9;10;11;12;13;14;15;16;17;18;19;21;23;27,19,30,24.309333,0.9062341612087423,0.44828767557320714,30.95294416530767,69.04705583469233,stroma-high,0.6904705583469233,0.6882038856639142,True,8.353201506754331,True,6.075420528239681,True,12.420442121035755,True,396.7930662395423,375.6526080592904,888.0002120758642,2,TCGA-MP-A4T8-01,TCGA-MP-A4T8,Male,Stage IIIA,68,1:DECEASED,5.29,1,III,matched
TCGA-MP-A4T8,TCGA-MP-A4T8-01Z-00-DX1.3ECB340F-66C7-4F64-8E00-463BF82AAD83,2,TCGA-MP-A4T8-01,2,2;3;20;26;29;30;32,7,6,155.035143,0.9717078598241159,1.2260841618103724,55.07806860335659,44.92193139664341,stroma-low,0.4492193139664341,0.43973066076038736,True,6.854181809605894,True,6.117432472667418,True,5.891019530693906,True,326.3383556577688,235.12147517173577,710.7871836031414,3,TCGA-MP-A4T8-01,TCGA-MP-A4T8,Male,Stage IIIA,68,1:DECEASED,5.29,1,III,matched
TCGA-MP-A4T8,TCGA-MP-A4T8-01Z-00-DX1.3ECB340F-66C7-4F64-8E00-463BF82AAD83,3,TCGA-MP-A4T8-01,3,4;22;24;25;31;34,6,5,82.809441,0.9378068738553338,0.8455492417240373,45.815588260010855,54.184411739989145,stroma-high,0.5418441173998915,0.534274212367534,True,4.399930985960601,True,4.354388464974973,True,7.700139974279657,True,290.8049964975472,222.0,566.0249824877359,4,TCGA-MP-A4T8-01,TCGA-MP-A4T8,Male,Stage IIIA,68,1:DECEASED,5.29,1,III,matched
TCGA-MP-A4T8,TCGA-MP-A4T8-01Z-00-DX1.3ECB340F-66C7-4F64-8E00-463BF82AAD83,4,TCGA-MP-A4T8-01,4,28,1,0,1.897434,0.8766233762645632,0.8226884278092963,45.135987876879874,54.86401212312013,stroma-high,0.5486401212312013,0.5505918677741564,True,3.525908748400025,True,0.5435806245837722,True,,False,,,,5,TCGA-MP-A4T8-01,TCGA-MP-A4T8,Male,Stage IIIA,68,1:DECEASED,5.29,1,III,matched
TCGA-MP-A4T8,TCGA-MP-A4T8-01Z-00-DX1.3ECB340F-66C7-4F64-8E00-463BF82AAD83,5,TCGA-MP-A4T8-01,5,33,1,0,0.234099,0.999999996942566,0.30100265034229534,23.13620577660631,76.86379422339368,stroma-high,0.7686379422339369,0.7686379422339369,True,0.0,True,0.0,True,,False,,,,6,TCGA-MP-A4T8-01,TCGA-MP-A4T8,Male,Stage IIIA,68,1:DECEASED,5.29,1,III,matched
TCGA-MP-A4T8,TCGA-MP-A4T8-01Z-00-DX1.3ECB340F-66C7-4F64-8E00-463BF82AAD83,6,TCGA-MP-A4T8-01,6,35,1,0,0.36963,1.000000003641738,0.17614965047771844,14.976805919737465,85.02319408026253,stroma-high,0.8502319408026253,0.8499349245272368,True,0.0,True,0.2901233895512847,True,,False,,,,7,TCGA-MP-A4T8-01,TCGA-MP-A4T8,Male,Stage IIIA,68,1:DECEASED,5.29,1,III,matched
TCGA-MP-A4TC,TCGA-MP-A4TC-01Z-00-DX1.C7DB4A7F-F6B8-4FA0-84C1-9B87D41C7749,1,TCGA-MP-A4TC-01,1,1;2;3;4;5;6;8;9;10;11;12;13;14;16;17;20;21;23;24;28;31;35;39;47,24,30,24.481827,0.9753397071324943,0.3047188722212105,23.35513639826822,76.64486360173179,stroma-high,0.7664486360173178,0.7660438525719393,True,4.0092387947459684,True,3.4004607280785555,True,2.655786022213166,True,441.5672348672986,422.1280221146959,999.0,2,TCGA-MP-A4TC-01,TCGA-MP-A4TC,Male,Stage IIIA,77,1:DECEASED,2.43,1,III,matched
TCGA-MP-A4TC,TCGA-MP-A4TC-01Z-00-DX1.C7DB4A7F-F6B8-4FA0-84C1-9B87D41C7749,2,TCGA-MP-A4TC-01,2,7;15;18;19;22;30;32;34;36;40;44;48,12,17,29.102202,0.98729889894117,0.3613616273785698,26.544132000723845,73.45586799927617,stroma-high,0.7345586799927616,0.7321815568240044,True,6.416367556932082,True,5.244126983540324,True,0.11074644021665497,True,466.9071531464617,400.2560442293919,948.4214148207778,3,TCGA-MP-A4TC-01,TCGA-MP-A4TC,Male,Stage IIIA,77,1:DECEASED,2.43,1,III,matched
TCGA-MP-A4TC,TCGA-MP-A4TC-01Z-00-DX1.C7DB4A7F-F6B8-4FA0-84C1-9B87D41C7749,3,TCGA-MP-A4TC-01,3,25;26;27;33;37;38;41;42;43;45;46,11,19,8.292033,0.988112926341838,0.19685108402524343,16.447416612866732,83.55258338713327,stroma-high,0.8355258338713327,0.8359146221632711,True,1.6450551030108531,True,1.2236212134230806,True,0.23212459495806712,True,420.9934772073148,351.0491718891815,954.8981934995619,4,TCGA-MP-A4TC-01,TCGA-MP-A4TC,Male,Stage IIIA,77,1:DECEASED,2.43,1,III,matched
TCGA-MP-A4TC,TCGA-MP-A4TC-01Z-00-DX1.C7DB4A7F-F6B8-4FA0-84C1-9B87D41C7749,4,TCGA-MP-A4TC-01,4,29,1,0,0.221778,0.9999999990040023,0.1798992396666591,15.24700021990722,84.75299978009278,stroma-high,0.8475299978009279,0.8491664156125345,True,18.434954078239098,True,16.020539077852803,True,,False,,,,5,TCGA-MP-A4TC-01,TCGA-MP-A4TC,Male,Stage IIIA,77,1:DECEASED,2.43,1,III,matched
TCGA-MP-A4TC,TCGA-MP-A4TC-01Z-00-DX1.C7DB4A7F-F6B8-4FA0-84C1-9B87D41C7749,5,TCGA-MP-A4TC-01,5,49,1,0,2.525805,0.892682928065418,0.3927458071732706,28.19938894451896,71.80061105548103,stroma-high,0.7180061105548103,0.7180257650763335,True,0.15358615924855193,True,0.09202090198435442,True,,False,,,,6,TCGA-MP-A4TC-01,TCGA-MP-A4TC,Male,Stage IIIA,77,1:DECEASED,2.43,1,III,matched
TCGA-MP-A4TC,TCGA-MP-A4TC-01Z-00-DX1.C7DB4A7F-F6B8-4FA0-84C1-9B87D41C7749,6,TCGA-MP-A4TC-01,6,50;51;52,3,2,1.503162,0.8278688519590031,0.3507505843105205,25.96708736495259,74.03291263504741,stroma-high,0.7403291263504741,0.7528604530727714,True,19.536137772601876,True,11.099165666478395,True,0.2925903928121102,True,489.9980263284224,489.9980263284224,666.0,7,TCGA-MP-A4TC-01,TCGA-MP-A4TC,Male,Stage IIIA,77,1:DECEASED,2.43,1,III,matched
TCGA-MP-A4TE,TCGA-MP-A4TE-01Z-00-DX1.B4680570-FD2E-47A5-8D50-A508CEB6A62C,1,TCGA-MP-A4TE-01,1,1,1,0,0.24642,0.7499999966486939,2.0991717446284697,67.7333144981973,32.2666855018027,stroma-low,0.32266685501802694,0.3229715188070626,True,0.5528552686328485,True,0.0,True,,False,,,,2,TCGA-MP-A4TE-01,TCGA-MP-A4TE,Male,Stage IIA,56,1:DECEASED,29.43,1,II,matched
TCGA-MP-A4TE,TCGA-MP-A4TE-01Z-00-DX1.B4680570-FD2E-47A5-8D50-A508CEB6A62C,2,TCGA-MP-A4TE-01,2,2,1,0,0.640692,0.9038461568493055,0.37727635905569196,27.39293073427657,72.60706926572344,stroma-high,0.7260706926572343,0.7259935419901387,True,0.08891708695050804,True,0.12323040781631855,True,,False,,,,3,TCGA-MP-A4TE-01,TCGA-MP-A4TE,Male,Stage IIA,56,1:DECEASED,29.43,1,II,matched
TCGA-MP-A4TE,TCGA-MP-A4TE-01Z-00-DX1.B4680570-FD2E-47A5-8D50-A508CEB6A62C,3,TCGA-MP-A4TE-01,3,3;4;5;6;8;9;10,7,7,41.435523,0.9788878974869941,0.8089230428788224,44.718488498629355,55.28151150137064,stroma-high,0.5528151150137064,0.5620705597006264,True,12.138556358871217,True,1.7415262802825362,True,18.031954890540298,True,492.64535336562784,555.0,666.0002827677926,4,TCGA-MP-A4TE-01,TCGA-MP-A4TE,Male,Stage IIA,56,1:DECEASED,29.43,1,II,matched
TCGA-MP-A4TE,TCGA-MP-A4TE-01Z-00-DX1.B4680570-FD2E-47A5-8D50-A508CEB6A62C,4,TCGA-MP-A4TE-01,4,7;13,2,1,74.307951,0.9781130827036446,1.7806399251466423,64.03705524917027,35.96294475082973,stroma-low,0.3596294475082973,0.360201530578249,True,10.624013887425615,True,1.9283019508749226,True,0.0,True,111.0,111.0,111.0,5,TCGA-MP-A4TE-01,TCGA-MP-A4TE,Male,Stage IIA,56,1:DECEASED,29.43,1,II,matched
TCGA-MP-A4TE,TCGA-MP-A4TE-01Z-00-DX1.B4680570-FD2E-47A5-8D50-A508CEB6A62C,5,TCGA-MP-A4TE-01,5,11;12;14;15;16;17;19;21;23,9,9,53.386893,0.9822294026805904,1.1742267612084967,54.00663730934065,45.99336269065935,stroma-low,0.45993362690659356,0.47578901067268675,True,16.33130658144255,True,2.6857101774669556,True,26.783877276463876,True,584.6652853357791,555.0003393213194,992.8527382994554,6,TCGA-MP-A4TE-01,TCGA-MP-A4TE,Male,Stage IIA,56,1:DECEASED,29.43,1,II,matched
TCGA-MP-A4TE,TCGA-MP-A4TE-01Z-00-DX1.B4680570-FD2E-47A5-8D50-A508CEB6A62C,6,TCGA-MP-A4TE-01,6,18,1,0,0.209457,0.9999999966581955,0.19077948918181056,16.021395305766976,83.97860469423303,stroma-high,0.8397860469423303,0.839844689380758,True,0.05709960030829622,True,0.0,True,,False,,,,7,TCGA-MP-A4TE-01,TCGA-MP-A4TE,Male,Stage IIA,56,1:DECEASED,29.43,1,II,matched
TCGA-MP-A4TE,TCGA-MP-A4TE-01Z-00-DX1.B4680570-FD2E-47A5-8D50-A508CEB6A62C,7,TCGA-MP-A4TE-01,7,20;24;25;26,4,4,66.558042,0.9574231765402473,1.2223757062327476,55.003107836561696,44.99689216343831,stroma-low,0.4499689216343831,0.4437773627600343,True,7.314116149608172,True,3.998119121083422,True,0.3071077351122534,True,365.2623459912618,231.0245859445916,888.0002120758642,8,TCGA-MP-A4TE-01,TCGA-MP-A4TE,Male,Stage IIA,56,1:DECEASED,29.43,1,II,matched
TCGA-MP-A4TE,TCGA-MP-A4TE-01Z-00-DX1.B4680570-FD2E-47A5-8D50-A508CEB6A62C,8,TCGA-MP-A4TE-01,8,22,1,0,0.406593,0.9999999982824883,0.3641020652556084,26.691702514751505,73.3082974852485,stroma-high,0.733082974852485,0.7333578792555693,True,0.5319059163390691,True,0.27908036604873276,True,,False,,,,9,TCGA-MP-A4TE-01,TCGA-MP-A4TE,Male,Stage IIA,56,1:DECEASED,29.43,1,II,matched
TCGA-MP-A4TI,TCGA-MP-A4TI-01Z-00-DX1.08AB4C0B-F953-41B5-A9BB-7452A8E34A54,1,TCGA-MP-A4TI-01,1,1;2,2,1,0.579087,1.0000000057938296,0.29298027054653164,22.659299389208112,77.34070061079188,stroma-high,0.7734070061079189,0.7864533886956326,True,33.23580240937357,True,28.182117083449263,True,14.675002373612465,True,333.0,333.0,333.0,2,TCGA-MP-A4TI-01,TCGA-MP-A4TI,Male,Stage IIA,72,1:DECEASED,14.09,1,II,matched
TCGA-MP-A4TI,TCGA-MP-A4TI-01Z-00-DX1.08AB4C0B-F953-41B5-A9BB-7452A8E34A54,2,TCGA-MP-A4TI-01,2,3,1,0,0.677655,0.9999999989161468,1.1187905461325367,52.80326307735719,47.1967369226428,stroma-low,0.47196736922642796,0.6257130211475544,True,76.57866744804195,True,15.170032476008094,True,,False,,,,3,TCGA-MP-A4TI-01,TCGA-MP-A4TI,Male,Stage IIA,72,1:DECEASED,14.09,1,II,matched
TCGA-MP-A4TI,TCGA-MP-A4TI-01Z-00-DX1.08AB4C0B-F953-41B5-A9BB-7452A8E34A54,3,TCGA-MP-A4TI-01,3,4,1,0,0.24642,0.6999999990461219,0.4330196432585896,30.21728594549704,69.78271405450296,stroma-high,0.6978271405450296,0.7031400365966951,True,47.25073364946601,True,39.43420447607145,True,,False,,,,4,TCGA-MP-A4TI-01,TCGA-MP-A4TI,Male,Stage IIA,72,1:DECEASED,14.09,1,II,matched
TCGA-MP-A4TI,TCGA-MP-A4TI-01Z-00-DX1.08AB4C0B-F953-41B5-A9BB-7452A8E34A54,4,TCGA-MP-A4TI-01,4,5,1,0,0.431235,0.9999999999453264,0.2970264359396396,22.900569156437957,77.09943084356205,stroma-high,0.7709943084356204,0.7572860736151029,True,19.62637008156043,True,27.124593395919828,True,,False,,,,5,TCGA-MP-A4TI-01,TCGA-MP-A4TI,Male,Stage IIA,72,1:DECEASED,14.09,1,II,matched
TCGA-MP-A4TI,TCGA-MP-A4TI-01Z-00-DX1.08AB4C0B-F953-41B5-A9BB-7452A8E34A54,5,TCGA-MP-A4TI-01,5,6,1,0,0.258741,0.9999999984436381,0.24007234970481592,19.359543800969533,80.64045619903047,stroma-high,0.8064045619903046,0.8444140505094868,True,45.46032680438561,True,21.730292088234734,True,,False,,,,6,TCGA-MP-A4TI-01,TCGA-MP-A4TI,Male,Stage IIA,72,1:DECEASED,14.09,1,II,matched
TCGA-MP-A4TI,TCGA-MP-A4TI-01Z-00-DX1.08AB4C0B-F953-41B5-A9BB-7452A8E34A54,6,TCGA-MP-A4TI-01,6,7,1,0,5.162499,0.9928400947702664,0.4642391493323632,31.705145265651343,68.29485473434866,stroma-high,0.6829485473434866,0.6859045382154246,True,10.623783580596795,True,6.090762565454705,True,,False,,,,7,TCGA-MP-A4TI-01,TCGA-MP-A4TI,Male,Stage IIA,72,1:DECEASED,14.09,1,II,matched
TCGA-MP-A4TI,TCGA-MP-A4TI-01Z-00-DX1.08AB4C0B-F953-41B5-A9BB-7452A8E34A54,7,TCGA-MP-A4TI-01,7,8;9;10;11;12;14;15;17;18;19;20,11,11,90.941301,0.9897032927808666,1.2284335745383257,55.12542929590466,44.87457070409533,stroma-low,0.44874570704095335,0.45252580888719296,True,29.378276921190754,True,12.071393448799373,True,16.72335976120589,True,421.8592055502182,313.9960526568448,777.0,8,TCGA-MP-A4TI-01,TCGA-MP-A4TI,Male,Stage IIA,72,1:DECEASED,14.09,1,II,matched
TCGA-MP-A4TI,TCGA-MP-A4TI-01Z-00-DX1.08AB4C0B-F953-41B5-A9BB-7452A8E34A54,8,TCGA-MP-A4TI-01,8,13,1,0,0.603729,1.000000003226516,0.2647966605436808,20.935907628808597,79.0640923711914,stroma-high,0.7906409237119141,0.7859630905701579,True,4.231883708534136,True,7.524786814313165,True,,False,,,,9,TCGA-MP-A4TI-01,TCGA-MP-A4TI,Male,Stage IIA,72,1:DECEASED,14.09,1,II,matched
TCGA-MP-A4TI,TCGA-MP-A4TI-01Z-00-DX1.08AB4C0B-F953-41B5-A9BB-7452A8E34A54,9,TCGA-MP-A4TI-01,9,16,1,0,0.36963,1.000000000143579,0.418975237820548,29.526606712606647,70.47339328739336,stroma-high,0.7047339328739336,0.7028325579155345,True,13.710488638035814,True,12.372731296316923,True,,False,,,,10,TCGA-MP-A4TI-01,TCGA-MP-A4TI,Male,Stage IIA,72,1:DECEASED,14.09,1,II,matched
TCGA-NJ-A4YP,TCGA-NJ-A4YP-01Z-00-DX1.148BFF66-4DC7-468C-8783-97F27C2E1245,1,TCGA-NJ-A4YP-01,1,1;2;4,3,3,1.0793695,0.9318181803386407,0.15629967782314022,13.517229211495701,86.4827707885043,stroma-high,0.8648277078850429,0.8647274538452882,True,0.9456105560217664,True,1.0953926056791454,True,1.1865145060930942,True,402.65707189189135,399.35465641070743,495.3276133893059,2,TCGA-NJ-A4YP-01,TCGA-NJ-A4YP,Male,Stage IB,52,0:LIVING,1.64,0,I,matched
TCGA-NJ-A4YP,TCGA-NJ-A4YP-01Z-00-DX1.148BFF66-4DC7-468C-8783-97F27C2E1245,2,TCGA-NJ-A4YP-01,2,3;5;6;11;14;15;17,7,9,73.617906125,0.9693435522123406,0.7305292957270346,42.21421142830886,57.78578857169114,stroma-high,0.5778578857169114,0.5722175227284985,True,10.250015021966627,True,6.283892943216672,True,0.9618803649388764,True,417.77061272370224,456.66879858045104,865.0256265169829,3,TCGA-NJ-A4YP-01,TCGA-NJ-A4YP,Male,Stage IB,52,0:LIVING,1.64,0,I,matched
TCGA-NJ-A4YP,TCGA-NJ-A4YP-01Z-00-DX1.148BFF66-4DC7-468C-8783-97F27C2E1245,3,TCGA-NJ-A4YP-01,3,7;8;9;10,4,3,69.6070671875,0.974625550641973,0.6843173602206782,40.628766073575314,59.37123392642468,stroma-high,0.5937123392642468,0.5803816974549731,True,11.588419372520988,True,7.947831980882111,True,2.455654601457409,True,156.39436168263737,110.75,247.68308504791204,4,TCGA-NJ-A4YP-01,TCGA-NJ-A4YP,Male,Stage IB,52,0:LIVING,1.64,0,I,matched
TCGA-NJ-A4YP,TCGA-NJ-A4YP-01Z-00-DX1.148BFF66-4DC7-468C-8783-97F27C2E1245,4,TCGA-NJ-A4YP-01,4,12,1,0,0.93218275,0.9342105304293382,3.7781220699018663,79.07127558964733,20.928724410352668,stroma-low,0.20928724410352667,0.2465823399657603,True,42.11692250822136,True,0.8036582926024218,True,,False,,,,5,TCGA-NJ-A4YP-01,TCGA-NJ-A4YP,Male,Stage IB,52,0:LIVING,1.64,0,I,matched
TCGA-NJ-A4YP,TCGA-NJ-A4YP-01Z-00-DX1.148BFF66-4DC7-468C-8783-97F27C2E1245,5,TCGA-NJ-A4YP-01,5,13,1,0,1.5577264375,0.8740157458093069,2.31978160957459,69.87753660915833,30.122463390841663,stroma-low,0.30122463390841664,0.3136764029141644,True,13.518227158877652,True,2.9395160257685413,True,,False,,,,6,TCGA-NJ-A4YP-01,TCGA-NJ-A4YP,Male,Stage IB,52,0:LIVING,1.64,0,I,matched
TCGA-NJ-A4YP,TCGA-NJ-A4YP-01Z-00-DX1.148BFF66-4DC7-468C-8783-97F27C2E1245,6,TCGA-NJ-A4YP-01,6,16,1,0,1.1161661875,1.0000000008094103,0.40545674084422356,28.848752797661746,71.15124720233825,stroma-high,0.7115124720233825,0.7123150290140116,True,0.8826793448980333,True,0.25948199212638556,True,,False,,,,7,TCGA-NJ-A4YP-01,TCGA-NJ-A4YP,Male,Stage IB,52,0:LIVING,1.64,0,I,matched
TCGA-NJ-A4YP,TCGA-NJ-A4YP-01Z-00-DX1.148BFF66-4DC7-468C-8783-97F27C2E1245,7,TCGA-NJ-A4YP-01,7,18,1,0,0.4783569375,0.9999999971199801,0.2886538312348097,22.39964094610395,77.60035905389606,stroma-high,0.7760035905389605,0.7857344135256373,True,6.915566145857921,True,0.0,True,,False,,,,8,TCGA-NJ-A4YP-01,TCGA-NJ-A4YP,Male,Stage IB,52,0:LIVING,1.64,0,I,matched
TCGA-NJ-A4YP,TCGA-NJ-A4YP-01Z-00-DX1.148BFF66-4DC7-468C-8783-97F27C2E1245,8,TCGA-NJ-A4YP-01,8,19,1,0,0.2821079375,0.7391304388234541,2.2116735532781933,68.86358518662993,31.13641481337006,stroma-low,0.3113641481337006,0.318229985988159,True,24.25611991160494,True,20.14879342764457,True,,False,,,,9,TCGA-NJ-A4YP-01,TCGA-NJ-A4YP,Male,Stage IB,52,0:LIVING,1.64,0,I,matched
TCGA-NJ-A55R,TCGA-NJ-A55R-01Z-00-DX1.2E2B3642-4E1C-47DB-AF7B-988D586C0986,1,TCGA-NJ-A55R-01,1,1;3;4;5;8;9;17;18;20;22;23;31;32;36;37;41;42;44;46;47;49;50;53,23,36,88.9375936875,0.9795890223008615,0.6368149188740322,38.90573769403924,61.094262305960754,stroma-high,0.6109426230596076,0.613768500476084,True,4.091982273423316,True,0.8285521217130677,True,3.6273679648190393,True,529.3520152713526,443.00021255451406,996.75,2,TCGA-NJ-A55R-01,TCGA-NJ-A55R,Male,Stage IA,67,0:LIVING,19.81,0,I,matched
TCGA-NJ-A55R,TCGA-NJ-A55R-01Z-00-DX1.2E2B3642-4E1C-47DB-AF7B-988D586C0986,2,TCGA-NJ-A55R-01,2,2;6;7;10;11;14;16;19;21;24;26;27;29;33;34;35;38;39;40;43;45;48;51;52;54,25,35,92.2983578125,0.9881727572370405,0.6488363715077015,39.35116805522693,60.648831944773065,stroma-high,0.6064883194477306,0.609802764795899,True,4.437568957424749,True,0.8705444972196552,True,7.437492629366413,True,459.9545445880164,399.35465641070505,990.6166703221432,3,TCGA-NJ-A55R-01,TCGA-NJ-A55R,Male,Stage IA,67,0:LIVING,19.81,0,I,matched
TCGA-NJ-A55R,TCGA-NJ-A55R-01Z-00-DX1.2E2B3642-4E1C-47DB-AF7B-988D586C0986,3,TCGA-NJ-A55R-01,3,12,1,0,0.2575768125,0.9999999996854015,0.16671503135630122,14.289267462552163,85.71073253744783,stroma-high,0.8571073253744783,0.8571073253744783,True,0.0,True,0.0,True,,False,,,,4,TCGA-NJ-A55R-01,TCGA-NJ-A55R,Male,Stage IA,67,0:LIVING,19.81,0,I,matched
TCGA-NJ-A55R,TCGA-NJ-A55R-01Z-00-DX1.2E2B3642-4E1C-47DB-AF7B-988D586C0986,4,TCGA-NJ-A55R-01,4,13,1,0,0.83405825,0.9999999996647174,0.34127829793392744,25.444257053858564,74.55574294614144,stroma-high,0.7455574294614143,0.754021196077313,True,7.1259543677515165,True,0.8715047036489331,True,,False,,,,5,TCGA-NJ-A55R-01,TCGA-NJ-A55R,Male,Stage IA,67,0:LIVING,19.81,0,I,matched
TCGA-NJ-A55R,TCGA-NJ-A55R-01Z-00-DX1.2E2B3642-4E1C-47DB-AF7B-988D586C0986,5,TCGA-NJ-A55R-01,5,15,1,0,0.3557013125,0.8620689666091368,,100.0,0.0,stroma-low,0.0,0.0,True,,False,0.0,True,,False,,,,6,TCGA-NJ-A55R-01,TCGA-NJ-A55R,Male,Stage IA,67,0:LIVING,19.81,0,I,matched
TCGA-NJ-A55R,TCGA-NJ-A55R-01Z-00-DX1.2E2B3642-4E1C-47DB-AF7B-988D586C0986,6,TCGA-NJ-A55R-01,6,25,1,0,0.34343575,0.7499999960501944,1.3874323115756548,58.11399572874084,41.88600427125916,stroma-low,0.4188600427125916,0.4179334573999865,True,0.0,True,0.38664144339787854,True,,False,,,,7,TCGA-NJ-A55R-01,TCGA-NJ-A55R,Male,Stage IA,67,0:LIVING,19.81,0,I,matched
TCGA-NJ-A55R,TCGA-NJ-A55R-01Z-00-DX1.2E2B3642-4E1C-47DB-AF7B-988D586C0986,7,TCGA-NJ-A55R-01,7,28,1,0,0.3066390625,0.7200000002793968,1.5772671037021375,61.19920986988343,38.80079013011656,stroma-low,0.38800790130116564,0.38759869866330715,True,0.0,True,0.1749849372902843,True,,False,,,,8,TCGA-NJ-A55R-01,TCGA-NJ-A55R,Male,Stage IA,67,0:LIVING,19.81,0,I,matched
TCGA-NJ-A55R,TCGA-NJ-A55R-01Z-00-DX1.2E2B3642-4E1C-47DB-AF7B-988D586C0986,8,TCGA-NJ-A55R-01,8,30,1,0,2.4531125,1.0000000028357863,0.8987431047007772,47.333580960780374,52.666419039219626,stroma-high,0.5266641903921963,0.5269664271135919,True,0.23287897962083887,True,0.01889162673314485,True,,False,,,,9,TCGA-NJ-A55R-01,TCGA-NJ-A55R,Male,Stage IA,67,0:LIVING,19.81,0,I,matched
TCGA-NJ-A55R,TCGA-NJ-A55R-01Z-00-DX1.2E2B3642-4E1C-47DB-AF7B-988D586C0986,9,TCGA-NJ-A55R-01,9,55,1,0,0.2085145625,0.41176470733412046,11.866825598147898,92.22807527488409,7.771924725115914,stroma-low,0.07771924725115914,0.2212753844674111,True,100.0,True,10.277097993685997,True,,False,,,,10,TCGA-NJ-A55R-01,TCGA-NJ-A55R,Male,Stage IA,67,0:LIVING,19.81,0,I,matched
TCGA-NJ-A55R,TCGA-NJ-A55R-01Z-00-DX1.2E2B3642-4E1C-47DB-AF7B-988D586C0986,10,TCGA-NJ-A55R-01,10,56,1,0,0.2330456875,0.6842105195307674,36.60082014682045,97.34048354239273,2.65951645760727,stroma-low,0.026595164576072697,0.28578596828184055,True,96.55774099925763,True,6.863586444656426,True,,False,,,,11,TCGA-NJ-A55R-01,TCGA-NJ-A55R,Male,Stage IA,67,0:LIVING,19.81,0,I,matched
