wsi_name,sample_id,subject_id,n_clusters_with_tumor,wsi_tumor_n_islands,wsi_cluster_area_mm2,wsi_tumor_area_mm2,wsi_tumor_perimeter_mm,wsi_tumor_fraction_of_cluster,wsi_tumor_boundary_density_per_mm,wsi_tumor_patch_density_per_mm2,wsi_area_weighted_tumor_largest_patch_index,wsi_area_weighted_tumor_compactness_mean,wsi_area_weighted_tumor_solidity_mean,wsi_area_weighted_tumor_elongation_mean,wsi_area_weighted_tumor_boundary_fractal_dimension,wsi_area_weighted_tumor_island_nnd_median_um,wsi_area_weighted_tumor_island_gap_median_um,SEX,OS_MONTHS,OS_Status,stage,n_clusters_with_tumor__log1p_z,wsi_tumor_n_islands__cbrt_z,wsi_cluster_area_mm2__cbrt_z,wsi_tumor_area_mm2__log_z,wsi_tumor_perimeter_mm__cbrt_z,wsi_tumor_fraction_of_cluster__logit_z,wsi_tumor_boundary_density_per_mm__cbrt_z,wsi_tumor_patch_density_per_mm2__sqrt_z,wsi_area_weighted_tumor_largest_patch_index__sqrt_z,wsi_area_weighted_tumor_compactness_mean__sqrt_z,wsi_area_weighted_tumor_solidity_mean__none_z,wsi_area_weighted_tumor_elongation_mean__log_z,wsi_area_weighted_tumor_boundary_fractal_dimension__reflected_log_z,wsi_area_weighted_tumor_island_nnd_median_um__neg_reciprocal_z,wsi_area_weighted_tumor_island_gap_median_um__cbrt_z
TCGA-05-4390-01Z-00-DX1.858E64DF-DD3E-4F43-B7C1-CE35B33F1C90,TCGA-05-4390-01,TCGA-05-4390,1,29,3.135417296157519,1.698214029133565,67.54945512721044,0.5416229703187327,39.77676192068347,9.24916757828049,0.606389793213948,0.0476305171999269,0.7071935667327861,2.083808063745918,1.6154796387119692,112.94621576772724,3.2500000000000004,Female,36.99,0,I,-1.7747641579456195,-2.0863126054190424,-2.120402436383925,-2.180215082649031,-2.020251963775515,0.8504207822481231,-0.4453544091834157,-0.5965333577241064,1.3668358547661827,-0.7647226042419303,1.662512004233701,1.1784843280836554,-0.3689028106635009,-0.45621255041755115,-2.752013518907765
TCGA-05-4405-01Z-00-DX1.D57EC2B2-3A59-4954-86A7-61782938BCC5,TCGA-05-4405-01,TCGA-05-4405,1,1005,44.33226325859185,14.658397600751185,1267.2532039676248,0.3306485282569077,86.45236938467839,22.66972011191477,0.0856819047309335,0.0879908462223212,0.6127393024724941,1.7969011549968086,1.773970610230554,105.77009265383104,12.727922061357855,Female,20.04,0,I,-1.7747641579456195,0.05517346141236289,-0.534090701265571,-0.4250047842407626,-0.13950685329430634,-0.45674285951101573,0.8833267448159452,1.0643011443180417,-0.8902619969675315,0.16179828313066974,0.21898955944110177,0.06241842698476686,1.1742145268917639,-0.7938099044632491,0.161677673675519
TCGA-05-4417-01Z-00-DX1.6E534856-996F-4BD9-8AFC-7B1BF627E505,TCGA-05-4417-01,TCGA-05-4417,2,354,71.01403529361295,29.6122524735384,1006.5719165343548,0.4169915475314742,33.99173762393896,4.984930071025537,0.0955332710602764,0.069023000756816,0.6705022647546388,1.6452350600473398,1.7472777180354486,231.2658070313348,23.05967052162709,Female,14.95,0,I,-1.1141142216331366,-0.8522622952501077,-0.07409111547932377,0.1476030524643376,-0.36234911588895713,0.09799494761726098,-0.6749763822893753,-1.377256221158453,-0.8142358764186517,-0.23900786271775462,1.1017674116109544,-0.601949300093032,0.8500248584015404,2.089546358681989,1.9077377139563285
TCGA-05-4425-01Z-00-DX1.82B093EE-49BC-4FD9-91AC-4CC89944309D,TCGA-05-4425-01,TCGA-05-4425,1,2,1.5614304748528944,0.7416599375,16.093993500859927,0.474987487079675,21.6999634025128,1.280876755135975,0.997781491826742,0.0401068403500918,0.6057606741841985,1.6471048564376236,1.359772647036553,558.881755299142,17.55704986607944,Female,21.98,0,IV,-1.7747641579456195,-2.6452181721732533,-2.352358902260031,-2.8548298740945905,-2.451599832803437,0.45021961759448575,-1.268187925829309,-2.4403053746006,2.3894115878296343,-0.9772069300856591,0.11233681435954236,-0.5933916113846964,-1.8495640761792091,3.5140953803983566,1.0637076938135226
TCGA-05-4427-01Z-00-DX1.36CF4E93-3FBB-4346-A26B-85F0D9D0575D,TCGA-05-4427-01,TCGA-05-4427,3,289,115.77155403967564,81.30722301179877,1136.3399614114817,0.7023074336890586,13.975879624453334,2.496295419002132,0.6853773948296741,0.0156087348107999,0.678615122911103,1.9015468283417185,1.5954365602168217,186.0593583633896,15.399408032038892,Female,25.99,0,II,-0.6453756321888109,-0.9949047205277,0.4858958127672881,0.9701021023774308,-0.24714799058485964,1.8867492503653425,-1.769643539835678,-2.0075216345762192,1.595171174008506,-1.8676030075808576,1.225754326674969,0.4888844988840274,-0.5164727630731969,1.4990990216264548,0.6842742865349384
TCGA-05-4430-01Z-00-DX1.95659bbb-3091-4370-bc1d-6c6c1baa7b3d,TCGA-05-4430-01,TCGA-05-4430,3,581,88.14396856886266,51.133974995358784,1361.3799537314062,0.580118819535681,26.62378494640741,6.591489008644903,0.6974731194556386,0.0195084404121876,0.60709858740951,1.928523609270141,1.65000559926342,135.12018606116203,12.79967657016253,Female,25.0,0,I,-0.6453756321888109,-0.46052882054695954,0.1622940653908692,0.5924331052485537,-0.0666182894501838,1.0848101166527053,-1.0088734654720828,-1.0540807284200775,1.6289505371582687,-1.6934089469284792,0.13278382948423462,0.5950191836768702,-0.09567266389722714,0.3603609176899135,0.17662675295183652
TCGA-05-4434-01Z-00-DX1.f3f5c89c-306f-4876-98fa-f7bd231f2e10,TCGA-05-4434-01,TCGA-05-4434,3,473,82.1600037079056,47.52410428178179,1085.891551474336,0.5784335703140787,22.849279705217064,5.757059136482086,0.3636308835658711,0.0384176406040997,0.549060967607454,1.945059032403821,1.7247007329375457,149.9729308504609,13.297534689067652,Female,15.01,1,IV,-0.6453756321888109,-0.631017456595787,0.08351342918978202,0.5328151761227725,-0.29083569388414215,1.074446057892371,-1.2044018381548214,-1.2163012925389811,0.550872798866518,-1.0275908944450192,-0.7541915493693289,0.6593430163059137,0.6015157086765115,0.7722851377029873,0.2788406756370736
TCGA-38-4625-01Z-00-DX1.ffdbfc1d-7a21-4e67-a54f-89597bd14a7f,TCGA-38-4625-01,TCGA-38-4625,4,225,100.44500843223776,79.84736611417149,697.7419550611659,0.7949361283396988,8.738446726764717,2.2400316701828897,0.9293415385857312,0.0185758355641388,0.8230459267539727,1.160422900076541,1.4167081134365005,138.3154907139571,8.761041763866563,Female,97.67,0,I,-0.28179373570427474,-1.158125948171442,0.31368086112483445,0.9553483170960172,-0.6834873249867308,2.6311062272427663,-2.2296322449805954,-2.087948498863106,2.2274818862287855,-1.7333524470243018,3.4330565453665085,-3.2321270461125517,-1.5790754149707702,0.456447984904812,-0.7712653797916337
TCGA-38-4626-01Z-00-DX1.142bc018-bd79-4db9-84e2-f83a617ea92a,TCGA-38-4626-01,TCGA-38-4626,9,2849,196.44602016047463,74.9282584607751,4163.243597458522,0.3814190707430316,55.56306369562797,14.502711725453548,0.1975780935020881,0.0730035931565613,0.5853203168377408,2.014402514255065,1.7881613130343064,126.55157890505416,11.019023290678607,Female,120.7,0,,0.8475947900525345,1.3379399666256928,1.2038493128710717,0.9035692735774541,1.3278759350051574,-0.12441961400985951,0.08486206826854711,0.14406892278354122,-0.18534049739496467,-0.15072136899285982,-0.20004838963592483,0.9232681262958189,1.362525640468623,0.0787391939732831,-0.2122891779820798
TCGA-38-6178-01Z-00-DX1.5932337D-BA2B-455D-9E34-22961EFA2170,TCGA-38-6178-01,TCGA-38-6178,12,2848,147.25070915352157,61.87004725610612,3386.4555598379416,0.4201680766888617,54.73497613182643,19.34116322000673,0.0539585425445206,0.1261174439154305,0.6574728739177684,1.728732938104303,1.7325120633338906,115.80048981823974,9.904766284747549,Female,14.72,0,III,1.2750814742208807,1.3374284183098375,0.7968293816356788,0.7476315280988172,1.0296576693766868,0.11755788918679089,0.05975311116978517,0.7133938650901172,-1.1708920734569406,0.8532188508145548,0.9026422766867466,-0.22896551438549773,0.6851123065276408,-0.33356544276679617,-0.47747974168506674
TCGA-44-2655-01Z-00-DX1.ee255271-780c-461c-ab23-5cd3504b5e4a,TCGA-44-2655-01,TCGA-44-2655,2,28,3.310115390693388,0.916527220896233,36.55127287899966,0.2768867887425045,39.88018254739639,8.458919613111943,0.7641574566139565,0.1114172603609198,0.6277145093170453,1.9456499860684568,1.400862527815988,129.1145865355891,11.465627647401982,Female,43.5,0,I,-1.1141142216331366,-2.0973303404245094,-2.1000012378454587,-2.6824380162289665,-2.2303516948712634,-0.8384966623891356,-0.44145871718261726,-0.7247845650101239,1.810135080116004,0.6010124079749561,0.4478521456336144,0.6616317300110971,-1.6569189054743225,0.1668949643513045,-0.11102204552726772
TCGA-44-2657-01Z-00-DX1.b7f608bd-2381-40a2-a757-ca4648a7de8a,TCGA-44-2657-01,TCGA-44-2657,5,662,30.961796436275115,6.557662321114386,736.5910508835693,0.2117985089983787,112.32524866550244,21.38118830935776,0.1159595658825197,0.1183342283261778,0.5667122307676945,1.8513625012077264,1.5874182460538129,110.9792460481845,12.573674578927845,Female,44.38,0,I,0.015274304123671877,-0.3461100788561242,-0.8391297315131794,-1.080025154551909,-0.6384399231799402,-1.3693189126126808,1.4147386518676048,0.9317327857210891,-0.6682022189600232,0.721633861886097,-0.48443141995334565,0.2873763052651626,-0.5734709431533754,-0.5444042967198974,0.12935104779153198
TCGA-44-2659-01Z-00-DX1.b33f40e6-bc18-48b0-8dad-bdb0a6a200b5,TCGA-44-2659-01,TCGA-44-2659,4,177,7.494136216683844,1.6589131105335135,159.12444970187693,0.221361483507646,95.92090670179935,23.618465808768352,0.1363121404179087,0.1774356915121583,0.6510649050300064,1.8589196114015487,1.6441422949823163,118.90374145428942,15.578759801840318,Female,44.91,0,II,-0.28179373570427474,-1.302302453439559,-1.7433924106482799,-2.199281922688442,-1.645073718822598,-1.2848329627761756,1.0887512217291804,1.15951787297604,-0.535021203983852,1.6345077510602872,0.8047107858487422,0.31806767077082887,-0.14392317515229128,-0.20690097610176789,0.7171172597263518
TCGA-44-2661-01Z-00-DX1.20cfa0f8-e3ca-4c26-9dfe-b9d416cd94b1,TCGA-44-2661-01,TCGA-44-2661,4,1576,138.4721339969403,55.99679108928999,2677.192461259649,0.404390323691605,47.80974782984826,11.381351283535672,0.1084876376278085,0.108745151741812,0.5499920503704068,1.7162896368583147,1.774836831537755,149.56393376731782,14.10379505000654,Female,38.07,0,I,-0.28179373570427474,0.5549506636125339,0.7149795803602552,0.666410007553505,0.7143356986068999,0.019952766527468024,-0.16087072098446065,-0.2755906966790147,-0.7200032987562147,0.553415443335912,-0.739962029116247,-0.28339224161034493,1.1853659599028126,0.7620374902671202,0.4390920609402154
TCGA-44-2665-01Z-00-DX1.d429e37e-3915-4da6-b5bc-bf2f09f4fbf7,TCGA-44-2665-01,TCGA-44-2665,3,488,45.45793171808732,20.93071526300176,758.3716449695336,0.4604414339131406,36.23247631245892,10.73520025122104,0.5154999618010526,0.0706512116623689,0.6983135693851463,1.852782726671692,1.7383732980110216,135.36205856560463,13.261258492362256,Female,42.74,0,II,-0.6453756321888109,-0.6058824270730803,-0.511387619073349,-0.13494123229202226,-0.6138741917321778,0.3626408124643482,-0.5831554677786932,-0.3694111217556426,1.0848025315055325,-0.2025955167024589,1.5268010802071024,0.2931537539809025,0.7494581221690185,0.36779304326680023,0.2714799449324017
TCGA-44-3396-01Z-00-DX1.187b0a68-ad51-4fcd-819c-b74a8599dbe9,TCGA-44-3396-01,TCGA-44-3396,8,455,71.99930331666259,34.18290517921158,824.6419145664939,0.4747671658553496,24.12439522747183,6.3195055929756565,0.1199265700073914,0.1435624772740266,0.6880940726023863,1.8009765749398752,1.757141546494786,193.66080471104857,18.891125516054235,Female,37.12,0,III,0.675924240436155,-0.6618911262633963,-0.059521274860827186,0.2644881734671316,-0.5419072297893855,0.44889539140659496,-1.1360895453293263,-1.1057654732938806,-0.6413778304832809,1.1341266258065652,1.3706188993820325,0.07948683202395428,0.9656498371120333,1.6176613463239247,1.2829590665424024
TCGA-44-3398-01Z-00-DX1.74757c91-a0c6-4e7f-b2db-8748c68ffa44,TCGA-44-3398-01,TCGA-44-3398,2,561,44.99723486346813,17.660916286682028,769.7424504320148,0.3924889238254144,43.584513846117495,12.4674327589729,0.3339156491374465,0.0844115143598042,0.6574944987509838,1.6455838248597583,1.6751518265348189,128.7846388634454,12.855612072804115,Female,38.21,0,I,-1.1141142216331366,-0.49040062100338583,-0.5206333810220996,-0.27326422546173074,-0.6012359020875548,-0.0544740439553473,-0.30614985998433186,-0.12370472360227357,0.4340051835572025,0.08974686950624061,0.9029727639586096,-0.6003523348255118,0.12086562449169438,0.15574305018762447,0.18824145070893697
TCGA-44-3919-01Z-00-DX1.41144972-46a1-4b25-9faa-ed1b9d1996d2,TCGA-44-3919-01,TCGA-44-3919,5,234,14.5467686308054,3.698559795848849,256.43949095039096,0.2542530158908613,69.3349587691433,16.086046732362462,0.1659606279376656,0.1418173430206573,0.6445373939876342,1.7892441296483108,1.6131967377382328,130.87121570599723,17.996295860293085,Female,33.71,1,I,0.015274304123671877,-1.1334438288456221,-1.373335054214013,-1.5463774239156363,-1.3847019409654946,-1.0125081930837676,0.47010290867476273,0.33959882987957607,-0.3577124270301212,1.1068237758234785,0.7049523602012838,0.030244827353065936,-0.3860943561485444,0.22532072394836064,1.1370865646135224
TCGA-44-4112-01Z-00-DX1.5380b3b4-0e24-4c6c-aa8c-298c5fbe068f,TCGA-44-4112-01,TCGA-44-4112,2,599,72.38886517326247,40.103162593798814,1101.1267896896904,0.5539962879347817,27.457355442085724,8.274753286521287,0.4428001915098825,0.0638219000144894,0.6571088941324189,1.3729735490779715,1.69821999961607,142.51068079740833,10.67781291794114,Female,26.54,1,I,-1.1141142216331366,-0.4342248877763156,-0.05379722291142003,0.39455878538195704,-0.2775020758004337,0.9252905382810777,-0.968223770541362,-0.7555240701455603,0.840741523742926,-0.35829533147114606,0.8970796586967855,-1.9649181722402655,0.3347912438258977,0.576060639642446,-0.29151786025027115
TCGA-44-5644-01Z-00-DX1.7e4edaa7-25c6-49f4-81bc-f50d6c5fac38,TCGA-44-5644-01,TCGA-44-5644,5,215,49.533877308947815,22.033388025693828,494.1600856772465,0.4448145233668941,22.4277848282339,4.340463773086512,0.427143278866489,0.0800062675905842,0.5930710059409962,1.7025209506069638,1.6199981128218466,201.4145699804148,17.316203458107903,Female,28.35,0,I,0.015274304123671877,-1.1863351351195122,-0.43218611803025203,-0.0931331499755599,-0.9519903071864068,0.26809677658787506,-1.2275406029052953,-1.521435240743629,0.785612382281434,-0.0010610174089552438,-0.0815964195657704,-0.34407797432208576,-0.33457311617231444,1.7293795017498843,1.0229521253021077
TCGA-44-5645-01Z-00-DX1.8b0d89d7-7849-49a6-a2f5-a8faf2c5aab4,TCGA-44-5645-01,TCGA-44-5645,10,2072,81.60079042866997,27.837611166967328,2087.101790918387,0.3411438911403823,74.9741699602078,25.3919109008044,0.0634566329418543,0.1684705026993791,0.6084091710181937,1.6891792057143904,1.705083230541547,100.77247822421788,10.157483295792725,Female,27.99,0,I,1.0028896920268398,0.8976608721535503,0.07595811117762263,0.0972780567610809,0.40614170659587756,-0.38621983417228634,0.6130817535852314,1.3325076943388738,-1.0797889376904812,1.5070971727920197,0.15281317246549792,-0.4033519707001689,0.4016036772700008,-1.0573226620190583,-0.4156545589877869
TCGA-44-6145-01Z-00-DX1.175ad655-b054-407d-bb22-3a4f85849488,TCGA-44-6145-01,TCGA-44-6145,5,622,57.40347859303919,26.364614243635646,1022.1507375010132,0.4592860030408096,38.76979682142544,10.83558026874393,0.3268453645992132,0.0715886983265565,0.566597697096775,1.420775723397658,1.7117938397720438,148.6023362803538,12.138737682398352,Female,19.55,0,I,0.015274304123671877,-0.40137024588310294,-0.2907857474931376,0.05300743318709967,-0.3480144573363498,0.3556687751385177,-0.4836429901191947,-0.354654354738267,0.40544086070747465,-0.18182030479181296,-0.4861818112771423,-1.707066827962703,0.46845103040563923,0.7377219162878343,0.03675076166797791
TCGA-44-6147-01Z-00-DX1.a34a9f49-e86b-43ee-9e2d-7ef35da0aecf,TCGA-44-6147-01,TCGA-44-6147,5,549,59.49813511479774,25.58263497181749,887.6931193051925,0.4299737281253855,34.69904958121392,9.22717996019103,0.4299581787492913,0.0769208926476544,0.5825199974542811,1.5649575818175274,1.712779219957031,145.0396470686173,15.323640845077426,Female,27.76,0,I,0.015274304123671877,-0.5086658924108369,-0.25535291010452876,0.028489183512189906,-0.4769331995943261,0.177698019787177,-0.6455673811709012,-0.6000259340697459,0.7955974370724223,-0.0661591631850027,-0.24284501628130567,-0.9788439465085681,0.47839769034880936,0.6448232905005076,0.6703231357190286
TCGA-44-6774-01Z-00-DX1.f169485b-f863-4be0-9844-258d78170b64,TCGA-44-6774-01,TCGA-44-6774,6,372,49.344174085564944,23.10697872441186,649.6652791888484,0.4682818012992444,28.11554409328709,7.538883908664391,0.2730102199214459,0.0884902686494895,0.571416247463693,1.4876708388624045,1.6926219360789705,171.17814650504386,14.669986044539264,Female,21.62,0,III,0.26644175299632983,-0.8158974555186572,-0.4357738723793634,-0.05439137332947557,-0.7416129230229357,0.4098868694063959,-0.9367042664682659,-0.8819040265978969,0.17694194608557232,0.17173420336516804,-0.4125410322135133,-1.3604283992569701,0.2814106668513893,1.2365066027359173,0.5480103309579952
TCGA-44-6775-01Z-00-DX1.38d3bc6d-8bb5-4126-8d61-d39e6a1d7bcf,TCGA-44-6775-01,TCGA-44-6775,11,1147,104.06216804679104,40.5016151664511,1865.0598450675925,0.3892059518521636,46.04902390689066,11.022257382570167,0.3221433016512675,0.0894596908121216,0.5259385791721947,1.9527605860867705,1.6847241604448335,135.5832846616399,12.880499650900372,Female,23.16,0,I,1.1446628298804808,0.19429522728432602,0.35582476478110375,0.40260966546026655,0.27508400570559405,-0.07514134808718372,-0.22032677311623727,-0.3273917625342245,0.3862729065069633,0.19094097393175072,-1.1075656076493159,0.6891161099491313,0.20773152128030492,0.37456753904800244,0.1933983899098878
TCGA-44-6776-01Z-00-DX1.551e200f-5f40-4b95-8b2f-7c6000a21be0,TCGA-44-6776-01,TCGA-44-6776,3,1317,122.16283995857232,66.42549961665408,2386.5682593233923,0.5437455419273176,35.928495428659694,10.78069239751318,0.7533463843217876,0.021662537885239,0.5529943817662649,1.412471264504792,1.7144487388438867,108.72120191019162,7.618835955858016,Female,85.94,0,I,-0.6453756321888109,0.3464864047728258,0.5532176204801499,0.8054846118808325,0.5689199649063862,0.8632395915042745,-0.5953858264566276,-0.36271485581540025,1.7813140394663078,-1.6046509977900492,-0.6940781000997284,-1.7512335264105408,0.495328353449267,-0.6495811406170443,-1.091425335941137
TCGA-44-6779-01Z-00-DX1.40f10ad8-55f3-4043-a89b-37d33a26dd8c,TCGA-44-6779-01,TCGA-44-6779,2,944,71.21693386809729,48.22845646267733,1278.4261881391217,0.6772048983743459,26.50771519359033,13.255274395109549,0.8420465919975944,0.0223530818172664,0.6698830861299597,1.4187743834743425,1.56845824812822,88.163023985342,7.578873788645461,Female,16.43,1,II,-1.1141142216331366,-0.008631075038982984,-0.07107974626777092,0.5447955747749688,-0.1306699913336748,1.710857570493484,-1.0146006933897123,-0.01763113940859893,2.012021601874563,-1.57714103481248,1.0923046494047188,-1.7176871621437382,-0.7039583359779339,-1.8549712404161696,-1.1031897078966133
TCGA-44-7667-01Z-00-DX1.2be2e379-7368-4fa7-a619-ace84febecb3,TCGA-44-7667-01,TCGA-44-7667,15,169,38.30334343308702,13.774862035624928,448.1631930080255,0.3596255783699025,32.53485892265007,4.412147474677503,0.4349295631780016,0.1158265863609473,0.6289310635081191,1.851954033830999,1.442096357827039,282.84189070530005,31.6860399150224,Female,36.04,0,II,1.6134014193248065,-1.3287915041640093,-0.6627293048466766,-0.47562933677938507,-1.022586859839533,-0.26449927234143694,-0.7368622535026113,-1.504891605246992,0.8131524963810256,0.6783223459194327,0.46644445900214704,0.2897831864889806,-1.4498322797021688,2.53268224955478,2.993453199479126
TCGA-44-7672-01Z-00-DX1.71f4a0c6-a9cc-481c-ace8-c8c314952aa1,TCGA-44-7672-01,TCGA-44-7672,11,164,16.803574772868256,5.641739538849763,247.44428953269173,0.3357463882006313,43.85957342212587,9.759828025688984,0.3792605348044462,0.1120306789905506,0.6486321551491835,1.5644583661180491,1.5539531436334042,166.78039125515022,17.022137687498528,Female,23.62,0,I,1.1446628298804808,-1.3457743102921804,-1.2814528709798756,-1.2025325535892055,-1.4056501106215826,-0.4223519738058261,-0.29641341664658727,-0.5165559114873166,0.6104271751300024,0.6118581166202096,0.7675316380036339,-0.9812477100030446,-0.7999719128650596,1.149933801451305,0.9726751947902583
TCGA-44-A47A-01Z-00-DX1.62448803-3A7B-41EC-9794-67916DA0792E,TCGA-44-A47A-01,TCGA-44-A47A,5,732,85.01296287459908,35.542508767970894,1151.028356831964,0.4180834024147463,32.38455575395996,8.610451574070634,0.2035386405652956,0.1018662281592109,0.657666206248243,2.105247313417132,1.6802902323415003,166.53604840854317,16.302613747756524,Female,15.31,0,I,0.015274304123671877,-0.2545351351689937,0.12153434512367296,0.2962496163226482,-0.2346717593977994,0.10472393482166598,-0.7433512655286061,-0.6997421926798729,-0.15443286415043495,0.42812260616011727,0.9055969295076615,1.25560380241515,0.16717179310257815,1.1449896688726955,0.8471658513590048
TCGA-44-A47G-01Z-00-DX1.810F67EC-3A0C-4056-B736-3331A11412CC,TCGA-44-A47G-01,TCGA-44-A47G,3,551,29.88286439987519,8.200797332927653,680.642589391677,0.2744314341218877,82.99712354294826,18.43866078655771,0.111702116948239,0.1141631968349762,0.5755619108240563,1.8440526840156024,1.6829853347998949,124.50241482705448,14.19290752033384,Female,11.53,0,I,-0.6453756321888109,-0.5056033229952364,-0.8673364149061185,-0.8979459558012911,-0.7038456443838816,-0.8569276708981598,0.8046320797373605,0.6131344630547624,-0.6975061912466205,0.6493334770184059,-0.3491838280035763,0.2575698293296204,0.19175788896344662,0.0056463073300930845,0.45642557630518643
TCGA-44-A4SU-01Z-00-DX1.AE2607C1-B208-4557-ADB4-6AAF03C6D3A9,TCGA-44-A4SU-01,TCGA-44-A4SU,4,457,102.745023974846,64.68398232712994,1197.370742519948,0.6295582970807994,18.51108573470968,4.447903969654848,0.6429849993915412,0.0269029861366594,0.6850978160581731,1.7666994834037528,1.60545185776051,140.90622936526287,11.335789904156918,Female,13.44,1,I,-0.28179373570427474,-0.6584209519301926,0.3405933441675234,0.783850294204115,-0.1959913035529703,1.395156545371114,-1.457876450730256,-1.4966897252492446,1.474365311030623,-1.4056166640670302,1.3248278109033864,-0.06528987761173236,-0.4436709183874503,0.5311558475768888,-0.14018737744120802
TCGA-49-4487-01Z-00-DX1.3a3a0720-463c-430e-849b-e2f8991bdfa5,TCGA-49-4487-01,TCGA-49-4487,6,814,57.68048980713834,18.22744165566636,1130.9687370169636,0.3160070539728771,62.04758508528157,14.112224128500069,0.1440246116267665,0.0758115757443465,0.534260813069129,1.92685075322402,1.684891151399324,120.39150905530737,12.010365327846584,Female,28.09,1,I,0.26644175299632983,-0.1544080660352647,-0.28605094112310187,-0.24755281969701642,-0.2517371145324233,-0.5570581595368873,0.2733504933490058,0.09422678361436115,-0.48718048828980604,-0.08988281542030832,-0.9803788520790988,0.5884809741976891,0.20927020909138588,-0.14849094454281866,0.00899769157343345
TCGA-49-4488-01Z-00-DX6.3ce306b2-1b00-48f7-8288-c24069037a9c,TCGA-49-4488-01,TCGA-49-4488,4,252,54.89354435724751,30.84838266195061,606.1477577196956,0.5619674047860557,19.649255663161163,4.590703751245912,0.586660643440198,0.0387429646448144,0.6473100569820929,1.612316367349652,1.5548866968476216,159.24436076407827,14.122536967545988,Female,28.55,1,I,-0.28179373570427474,-1.0859165615407111,-0.3343976123923664,0.18090548836562573,-0.7967538325632778,0.9737319582971304,-1.3878390126502127,-1.4642583001083715,1.3075164416839073,-1.0178025768986099,0.7473263207174268,-0.7542257948205967,-0.7938871075580258,0.9904644164241473,0.44274365380714226
TCGA-49-4501-01Z-00-DX1.9c4bf212-5e32-449e-8710-cf7a3594156e,TCGA-49-4501-01,TCGA-49-4501,7,1922,129.0639353265028,49.40397549118077,2701.578772639317,0.3827868363551738,54.68342872774646,14.891844070442849,0.2500896334207608,0.0781890275678983,0.5426376886230762,1.8643696667631204,1.6900822553330173,118.9506187704068,12.618685923364325,Female,46.68,1,I,0.48401289356799765,0.8004047708414418,0.6233226340104803,0.5644057066171455,0.7260492574014563,-0.11573673889751329,0.05818176101492623,0.19307490551759018,0.07284433595904607,-0.03924765463664499,-0.8523570208356293,0.3401244061428097,0.2575132224032324,-0.20503827043597525,0.13881155140176454
TCGA-49-4510-01Z-00-DX2.e0552b15-6bd7-4660-8a60-9edd0d638e7e,TCGA-49-4510-01,TCGA-49-4510,6,560,191.00303429297463,148.38823750104228,1246.5799348536425,0.7768894250833385,8.400800197150978,2.93189059573279,0.8103864281584217,0.0199234871493286,0.7356474563810208,1.9455078168839512,1.470129787185567,138.34136444051796,13.04451659936836,Female,29.43,1,II,0.26644175299632983,-0.4919127208127011,1.1624311368850033,1.4599934700309345,-0.1559955669293538,2.4702687781940336,-2.265055795822235,-1.8797654774181245,1.931135447602432,-1.675939958588067,2.097366149470485,0.6610811842575103,-1.3001063564499669,0.4572079258245618,0.22721918741406502
TCGA-49-4512-01Z-00-DX4.5161fcf5-62a3-4f7d-8a55-9a24a7d70efb,TCGA-49-4512-01,TCGA-49-4512,17,4789,141.8870389983691,46.06677203768121,4510.838778299642,0.3246721642997337,97.91957584112718,33.75220198974655,0.0888656883581936,0.1057676417736635,0.5877375471913112,1.7526311839940147,1.7853587468778849,83.82380778507613,9.1340646683572,Female,29.73,1,III,1.805312766192963,2.164216954232691,0.7472195782896344,0.5074531389812745,1.4493220871076151,-0.497404181247801,1.1303658683484024,2.0766127853449023,-0.8652350595755812,0.4996843318379589,-0.1631064230985837,-0.12552511557342036,1.3243552389648754,-2.1849615211015925,-0.6727768813666762
TCGA-49-4514-01Z-00-DX2.f1565a36-257d-432e-a84d-47c1d7a0185f,TCGA-49-4514-01,TCGA-49-4514,2,866,47.78435443355927,8.195374517521788,1002.3278004034354,0.1715074863869275,122.30408729466224,18.123086735515304,0.0532080788082301,0.107168881322745,0.5000595199797419,2.0154520980845527,1.5720863437868624,123.66574575506236,10.367905642568411,Female,55.85,0,I,-1.1141142216331366,-0.09435640297469244,-0.46562849262528727,-0.8984846054057309,-0.36627989454283416,-1.7603035725970133,1.5977299532005163,0.5775002178173716,-1.1784205245705828,0.5250635592953836,-1.5030692208210352,0.9271927186298953,-0.6794382960973491,-0.024893777716180707,-0.36495424625084694
TCGA-49-6744-01Z-00-DX3.fa64d744-6caa-4f62-8689-33da9c312838,TCGA-49-6744-01,TCGA-49-6744,18,1482,168.8395556788424,70.56575178603516,3390.5383105646947,0.4179456141205535,48.04793011835631,8.777563966224724,0.2709359908782978,0.0224236530596622,0.5108961058977205,1.7526631094996197,1.7024996684969171,130.43008749652432,8.988859366036868,Female,55.29,0,II,1.8934079082274087,0.4821341820520638,0.9851417516703068,0.8547214564865458,1.0313387607061681,0.10387503420969173,-0.15294050347816698,-0.672379151218289,0.1677059752453233,-1.574353691732169,-1.3374562109687975,-0.12538787577025434,0.3762723891665356,0.21079671086638793,-0.7107905730015478
TCGA-49-AARN-01Z-00-DX1.E13AA041-978E-427D-AFA5-D3180224A03A,TCGA-49-AARN-01,TCGA-49-AARN,10,381,25.871456297536334,7.924334973823739,458.2092021377828,0.3062964404743752,57.823048072976974,14.726654565490444,0.2855928605363514,0.1024886132634267,0.6137665602113314,1.7931808699387892,1.6314598012697912,136.9617533705802,17.321101094611468,Female,37.29,1,I,1.0028896920268398,-0.7981538658850852,-0.9785973307760167,-0.9258713460502491,-1.0067696887621538,-0.6249668599127426,0.1521427772802326,0.1723506791213568,0.2322324705459097,0.439629443338655,0.2346888993725641,0.046803541970306034,-0.24562647907441224,0.4162866626531343,1.0237846460792808
TCGA-49-AARQ-01Z-00-DX1.3FA36419-1658-4602-9170-84A622787C3E,TCGA-49-AARQ-01,TCGA-49-AARQ,5,555,153.02337709143433,102.123178756167,1599.94100790438,0.6673697881804456,15.66677641051947,3.626896821577642,0.2774970480261258,0.053484074446075,0.6830714686635242,1.578765709615768,1.6850283451189771,192.1545990134001,12.194001021735469,Female,221.16,0,I,0.015274304123671877,-0.49950034559585177,0.8488939206981188,1.155721681439535,0.10417166364725798,1.6439456386336895,-1.6464576984512131,-1.6942138448834874,0.19680127368368222,-0.6108065739719021,1.2938596172698842,-0.9126588713386815,0.21053494954032054,1.5949137510155051,0.048638013577080065
TCGA-4B-A93V-01Z-00-DX1.C263DC1C-298D-47ED-AAF8-128043828530,TCGA-4B-A93V-01,TCGA-4B-A93V,7,1537,162.77177201109924,68.48905402661215,2017.5111337006567,0.4207673921614737,29.457424436271697,9.442669211066852,0.0414705728956497,0.1742807242075221,0.6794856244084133,2.0503880124141496,1.833045554453098,167.4302203349794,18.626494381512696,Female,9.86,1,I,0.48401289356799765,0.5251008273399582,0.9339203167734361,0.8303969772017634,0.36611138654084685,0.12124421134925749,-0.8739362867778301,-0.5659742851591572,-1.303934478280172,1.5900454789913396,1.2390579976043206,1.0566717062227295,2.0540381714110194,1.1630124848772934,1.2403083816351361
TCGA-50-5044-01Z-00-DX1.7E0E651F-411B-4784-B0FA-6EB612527430,TCGA-50-5044-01,TCGA-50-5044,4,1239,167.68939313036793,109.59971433302503,4136.329734786447,0.6535876377572559,37.74033317475601,7.388660528079767,0.8625890991843185,0.007093951919584,0.5656758451673319,1.2815796257724157,1.629836970739375,120.25198910075542,6.529762673800325,Female,20.5,1,III,-0.28179373570427474,0.2783917384204012,0.9755280014403808,1.2132573512121416,1.318194579315676,1.551819274488548,-0.523478712011677,-0.9084515829007197,2.0636928049943846,-2.3487719595890115,-0.5002702588591307,-2.4839145982481257,-0.2583869611954745,-0.15390710998401452,-1.4280637825870628
TCGA-50-5045-01Z-00-DX2.0FCA12EA-572E-4A7D-900D-6E200892170E,TCGA-50-5045-01,TCGA-50-5045,3,833,65.83510193616911,21.74136625571326,920.196322328254,0.3302397295107518,42.32467782867336,12.652824640685466,0.1924112629282059,0.144585343587265,0.6678176745586952,2.011370815889828,1.675218051681299,145.82133922228468,21.313787293293327,Female,71.42,1,,-0.6453756321888109,-0.13217738803350942,-0.15297866892167472,-0.10399795468094021,-0.44463581240533406,-0.4595121771222879,-0.3512763239310539,-0.09844914429836031,-0.2125117965224894,1.1500524028036088,1.0607394470900993,0.9119205387589993,0.12145775847590906,0.6655949721813363,1.6560692231197378
TCGA-50-5055-01Z-00-DX2.446EC3BB-2ED7-4253-8A39-AC68331F08E7,TCGA-50-5055-01,TCGA-50-5055,7,2617,125.20892130286192,20.29688563617135,2973.034899081958,0.1621041490092881,146.47739325010892,20.901066575518712,0.0671286460970409,0.1107774064478085,0.4893305849245183,1.861966693484887,1.7006433890654498,112.5796279819264,15.201847388448728,Female,60.12,1,II,0.48401289356799765,1.2158994531669745,0.5844785032211435,-0.15998171298785163,0.8519194218549515,-1.8617342348288637,2.0030973811698813,0.8813183391885036,-1.0464153353772603,0.5896674418077764,-1.6670370276979993,0.33040737184280716,0.35820739960539977,-0.47241535595126904,0.6478003858827479
TCGA-50-5068-01Z-00-DX1.13f1c31e-4d4c-4562-8447-c5bbfbf670a9,TCGA-50-5068-01,TCGA-50-5068,3,1523,169.6936637468877,66.96758155456918,2464.0008416606925,0.3946380794421231,36.79393498259867,8.974996274885562,0.1347335083738539,0.0945423654025968,0.5613324538841511,2.1245312348906737,1.7217032081619006,149.2300419076525,13.524742445216358,Female,49.24,1,II,-0.6453756321888109,0.5142624008139457,0.9922526876377633,0.8121030878028235,0.6087684900845522,-0.04097768617279525,-0.5607444120210368,-0.6403850327209275,-0.5449790307440076,0.2899810902049847,-0.5666492927004207,1.3243023446286288,0.5700645066707717,0.7536299992214596,0.3246411260697885
TCGA-50-5942-01Z-00-DX1.da1b1274-8740-4c79-adf9-25800913eafa,TCGA-50-5942-01,TCGA-50-5942,3,1796,263.3898911897742,184.06147626341937,4359.340634406721,0.6988175416755149,23.684155549028933,6.818788647837551,0.7047792385779933,0.0149047671383106,0.5824419840832885,1.8039300242976624,1.656174626308316,106.71311428549409,5.7496796096513085,Female,60.68,0,I,-0.6453756321888109,0.7147192384649801,1.660070610858382,1.6354282803878406,1.397185934155056,1.8618141769916414,-1.1593964906947614,-1.0116997316283618,1.6492123436690893,-1.9012870596167855,-0.2440372763968612,0.09183215331735688,-0.044025716470928115,-0.746854595944297,-1.69298583163984
TCGA-50-6591-01Z-00-DX1.12e1050b-75e9-4059-b945-291995b3e93c,TCGA-50-6591-01,TCGA-50-6591,2,184,258.7733321173407,220.19944341684243,1109.013385843625,0.8509356107722608,5.036404128162295,0.7110469942728304,0.9454951138107912,0.0119206415620865,0.769003662103597,1.5057971747118664,1.4173339389013686,229.3697820383813,12.43282490708792,Female,3.91,1,IV,-1.1141142216331366,-1.2797717741546077,1.6312788568778818,1.7814060681100354,-0.2706481317214335,3.2111743711078873,-2.6851364844949983,-2.718898240128499,2.2662249535869163,-2.0538003159282803,2.6071412454996885,-1.2691837308843823,-1.5759577201807815,2.06945819899426,0.0996005402673492
TCGA-50-6593-01Z-00-DX1.a63e298c-cbe7-44e8-8d8e-34ebb93530ca,TCGA-50-6593-01,TCGA-50-6593,4,1141,81.61595461353194,33.30224858075214,1579.7338380900685,0.4080360113221125,47.43625146690889,13.980109715102468,0.106489853090408,0.0870387901241953,0.5868570969927407,1.7983397762677262,1.7312589333794088,118.69487651115622,13.008950349191426,Female,11.04,1,III,-0.28179373570427474,0.18865670553800726,0.07616344329627898,0.24323386517045228,0.09039163645258233,0.04260678308845336,-0.17335939109432516,0.0772078165093356,-0.7341534105726502,0.14277887096508451,-0.17656213770408039,0.0684479823790657,0.6715382449886539,-0.21521826489475154,0.21990949444238245
TCGA-50-8457-01Z-00-DX1.F4B6ECCE-F22B-43FC-9A08-4366A24A67A4,TCGA-50-8457-01,TCGA-50-8457,11,3267,140.5469401072775,45.70253482390504,4209.971095223663,0.3251763061438474,92.11679639750764,23.244903072997143,0.0915173502604013,0.089744228690824,0.5538862935147794,1.8791143166569484,1.6941253773904617,123.36778491824433,10.718534068059483,Female,36.96,0,I,1.1446628298804808,1.5420629007399254,0.734630082953865,0.5009889638502341,1.3445859441790304,-0.49395936372144206,1.0079193802801283,1.1222593227612072,-0.8447312262708223,0.19655863087178674,-0.6804472213052379,0.3994753349486543,0.2956507033429279,-0.03586997034430255,-0.28197456205186217
TCGA-55-1595-01Z-00-DX1.6270c9cf-cd18-4fa5-b313-33350ad55f89,TCGA-55-1595-01,TCGA-55-1595,6,1195,103.5357501275466,38.85836350922802,2007.129485772988,0.3753134879629312,51.65244504690317,11.54190700823502,0.0876711005922658,0.0676333921290988,0.6447289783332999,1.656162458330275,1.6961201707682287,138.09624685449427,18.244592176768304,Female,48.59,0,I,0.26644175299632983,0.23871072862875592,0.3497527874067895,0.36888182104045825,0.3600610633997294,-0.1633272951058595,-0.03600477709516998,-0.25269436054374717,-0.874572029668559,-0.27042538116675513,0.7078802989789044,-0.5520737927453438,0.3146530702468876,0.44999711232299333,1.1780389704409728
TCGA-55-6543-01Z-00-DX1.08806fe0-84d3-4fd6-8746-6cf557241958,TCGA-55-6543-01,TCGA-55-6543,8,519,50.456144448513264,18.059838929944807,890.2742542900932,0.3579314100857137,49.2958025674271,10.286160499829723,0.4286237368806103,0.0718351331484883,0.5353491081160142,1.6286152076418017,1.6320753241487338,138.17098437425395,13.094565602589784,Female,14.29,0,I,0.675924240436155,-0.5555243548896543,-0.4148730742203678,-0.25507517274768426,-0.47433986728101796,-0.2755367720827151,-0.11181563786195804,-0.4362847457704772,0.7908679727554119,-0.17638178998896378,-0.9637466932344093,-0.6784453252518423,-0.2407718564536736,0.45219843484352656,0.23748295383479218
TCGA-55-6981-01Z-00-DX1.5fecd134-42a0-40a2-be75-1e8bd14c5b30,TCGA-55-6981-01,TCGA-55-6981,1,649,29.53998279369409,6.780903360853941,581.0179492691223,0.229550010513258,85.68444620864686,21.97022268200313,0.0327315499756195,0.1610391344626699,0.6334623301487465,1.8695379139093609,1.6786661372141658,109.3106953824739,15.892215075312818,Female,45.3,1,III,-1.7747641579456195,-0.3638193329498154,-0.8764423703430342,-1.0527649299470025,-0.8298070800668657,-1.214544480096066,0.8660207484758926,0.9928164034532679,-1.4094738921334538,1.3988912386970276,0.5356947480209715,0.36098116283746634,0.1524558528716918,-0.6217041543579616,0.773917218124073
TCGA-55-6982-01Z-00-DX1.055aeec1-2fc1-4796-b5df-c159335e0300,TCGA-55-6982-01,TCGA-55-6982,4,489,23.8706729061874,6.425373834509057,414.1304322809859,0.2691743906743227,64.45234829089571,20.48538815482025,0.1773918438162289,0.1684619705535533,0.6680904506756542,1.980850070580782,1.593043973342812,126.5457184927302,19.11059008620336,Female,32.69,1,II,-0.28179373570427474,-0.6042251777709712,-1.0384377997226926,-1.0966204421011663,-1.07799610427878,-0.8967381063725249,0.33990348724204184,0.8372009756364993,-0.2936378768986381,1.5069743226749919,1.064908220732214,0.7967196520249273,-0.5335978681198784,0.07853353063936093,1.318029103304287
TCGA-55-6984-01Z-00-DX1.d53e387a-9618-4486-98f3-a75604f25a7d,TCGA-55-6984-01,TCGA-55-6984,11,1115,81.72112877385811,26.75612991714504,1500.0936339656562,0.3274077379815158,56.0654189754256,13.643962298727804,0.1266706742127998,0.1065413487446203,0.6350501895824888,1.7129234674965883,1.6250676703705724,127.90523855102349,9.262192401533952,Female,24.97,1,II,1.1446628298804808,0.1639920282894231,0.0775868647759715,0.06501118026747467,0.034907984311471504,-0.47874496536589894,0.09997292172908863,0.03353917559685514,-0.5967738303495446,0.5137183417202609,0.5599616326315613,-0.2981836121257508,-0.2955671816168522,0.125739134132581,-0.6395671532611268
TCGA-55-6985-01Z-00-DX1.428ad69e-c0ea-445e-8d38-fa2dab6eb81f,TCGA-55-6985-01,TCGA-55-6985,1,435,18.748441885201004,3.862162528131706,354.073635632795,0.205999119915148,91.67755967123313,23.20192806759933,0.0318957909307739,0.1874565527773946,0.6383823791002124,2.2088977154540053,1.6506321243707929,108.71177489122326,18.501689112078388,Female,40.51,0,I,-1.7747641579456195,-0.6971656708835581,-1.20866890806041,-1.5111306778163665,-1.18369415451295,-1.4219187914876918,0.9984438381601197,1.11795392134315,-1.4202704434089415,1.773168144238481,0.6108867062299463,1.617702216630377,-0.09046911541830804,-0.6500293978153391,1.2200532088575804
TCGA-55-6986-01Z-00-DX1.ae52d41e-3cd6-4d36-b04b-2ea7d29bd8da,TCGA-55-6986-01,TCGA-55-6986,4,994,53.46149317236533,19.59989546985918,1597.070495710326,0.3666170603702952,81.48362312270028,18.59282150603692,0.1175937318309654,0.0738904623623106,0.5338019428266154,1.9708008138028872,1.698575363824273,102.99485618459074,5.974298690924381,Female,107.13,0,I,-0.28179373570427474,0.04386238175827444,-0.35987886722086043,-0.1884366055357119,0.10222125114970047,-0.2191866760031387,0.7694728743167334,0.6304312258263508,-0.6570974674889718,-0.1313817379888756,-0.9873916587480531,0.758399863916637,0.33821318291872093,-0.9369842795555284,-1.6143662448205955
TCGA-55-7281-01Z-00-DX1.a92dafa4-3a65-4f5c-97f0-83aff231274a,TCGA-55-7281-01,TCGA-55-7281,2,177,18.287206963692352,10.475547914453092,312.7674352026304,0.5728347655960462,29.856904646591875,9.678897403601216,0.5884712381319344,0.0288001454141042,0.6896625101818088,1.5068439947245584,1.6172734172077274,107.98778890062717,7.343787161022606,Female,28.65,0,I,-1.1141142216331366,-1.302302453439559,-1.2254570375449427,-0.6985908510280342,-1.2635498482729948,1.0400933118396878,-0.855619375371662,-0.5290889286616537,1.3130014980874867,-1.3384249489434596,1.3945889643323384,-1.2639478300100853,-0.3553228769763183,-0.6846889262789269,-1.173247260589805
TCGA-55-7283-01Z-00-DX1.0f716216-0a46-404e-a4d4-5bb6d7e3f0d1,TCGA-55-7283-01,TCGA-55-7283,2,141,11.530619704619046,4.449917805887635,309.3659552937971,0.3859218255290341,69.52172349891015,12.228310672974226,0.359194566505372,0.0454299506377384,0.4785110979287333,1.8238183630667355,1.734572369714554,116.46299489760538,7.015363184036136,Female,20.01,0,III,-1.1141142216331366,-1.4286900783416803,-1.5123855845536893,-1.3957757428331556,-1.2704323202178474,-0.09587929637227963,0.47496000699538,-0.15655881311376219,0.5337367404005698,-0.8250161736773447,-1.83238871871872,0.17444212830010672,0.7075686362695265,-0.3059574657608767,-1.2736692986879734
TCGA-55-7573-01Z-00-DX1.43a4bbd2-6a3b-4910-9356-2d750a736817,TCGA-55-7573-01,TCGA-55-7573,1,552,30.33939109735065,14.293226944383138,751.144085565828,0.4711111999090607,52.55244938659621,18.19416870393957,0.2248603534427653,0.0826232286006526,0.546088576339872,1.7496950415395078,1.6870797279609162,97.67489259323813,7.260764995573885,Female,16.0,0,I,-1.7747641579456195,-0.5040748168321942,-0.8553198477921526,-0.4455480713709111,-0.6219731947533652,0.4269124343707761,-0.007661399696476507,0.5855536100476993,-0.04742012013581319,0.053176573626606334,-0.799617910403026,-0.13815756059099918,0.22951190667957633,-1.234187769506942,-1.1983454513257166
TCGA-55-7574-01Z-00-DX1.09639e6a-d85f-4d84-abbc-0f5a6d679683,TCGA-55-7574-01,TCGA-55-7574,3,460,27.246466612352275,9.20380103877624,448.8322744904535,0.3377979673373011,48.76596882087004,16.88292307933453,0.2094914336963811,0.1247302243846753,0.6028903801749974,2.2901570394923008,1.6535956958960691,126.99675536579248,16.0715504712773,Female,32.69,1,I,-0.6453756321888109,-0.6532346233496968,-0.9392411060610244,-0.8039857481626055,-1.0215261041603274,-0.4085850035837359,-0.12919105407466322,0.43436333033750907,-0.12401391123247958,0.8300699400623875,0.06847078186345944,1.8898883186623832,-0.06572828957934511,0.09430658096619529,0.8060785860494183
TCGA-55-7725-01Z-00-DX1.4d678777-63b1-4f4a-932a-7fccabf504c7,TCGA-55-7725-01,TCGA-55-7725,2,163,18.339282673800497,8.526081173219794,344.63570126828654,0.4649081059969784,40.421348831486455,8.888024842588955,0.7206136239433028,0.0349895774092597,0.5434688604969131,1.798263247949511,1.6914158469309744,135.85337217099593,11.084518093020003,Female,14.52,0,I,-1.1141142216331366,-1.3492121560417938,-1.2235475384452397,-0.8662702491989597,-1.201369058887029,0.3895699238344446,-0.42118290588499097,-0.6544350274477366,1.6927679085536995,-1.1333667783906323,-0.8396544153496811,0.06812735806544666,0.2700372985402563,0.38280838220645436,-0.19726914486480207
TCGA-55-7728-01Z-00-DX1.1d47a5fe-cab5-4d5a-a62b-16f345334d25,TCGA-55-7728-01,TCGA-55-7728,1,138,22.43855951419523,11.759562125694044,433.1225423482172,0.5240783000466065,36.83151955138419,6.150127414048015,0.3240268814629826,0.0377421968193771,0.5444792568330299,1.5124489960058392,1.702165807655751,156.11805679116685,7.637417843940536,Female,23.13,0,I,-1.7747641579456195,-1.4401551970242212,-1.083356128280027,-0.604437025951994,-1.0467160104895814,0.7447688290787341,-0.5592523598509557,-1.1385158536330504,0.3939680028558064,-1.0480468238201277,-0.8242127642951408,-1.2359749137834828,0.37301501481478977,0.9197907330706678,-1.085969064784477
TCGA-55-7816-01Z-00-DX1.A58C6196-E1A0-48B3-9B77-2EDCD7A43CBA,TCGA-55-7816-01,TCGA-55-7816,16,2153,71.9087267472995,14.69187310806696,2167.5169665359645,0.2043127972449978,147.5316966456668,29.940733168117944,0.0589762581267536,0.1289726840846798,0.6273232957308078,2.028735457511968,1.6267098783231606,100.50712596549808,14.8772949183055,Female,15.37,1,IV,1.7121809486630295,0.948237233055665,-0.06085512438996376,-0.4231472397938879,0.4513054008407963,-1.437418539260211,2.0197258607992636,1.75038788314867,-1.1218462059732035,0.9004677136550652,0.44187331982977984,0.9766858561409757,-0.2828186159684786,-1.0720467267498024,0.5871888569423376
TCGA-55-7910-01Z-00-DX1.041e15d5-4852-49f6-85d9-74b510497651,TCGA-55-7910-01,TCGA-55-7910,10,876,187.6955629259894,108.34666945914898,1960.4897560324075,0.57724683402277,18.094601022983824,4.667132170542663,0.4288429255388855,0.0513674992184546,0.5975053330423435,1.5657482716140982,1.7348007493691076,187.2576023266164,16.82934628617065,Female,34.17,0,II,1.0028896920268398,-0.08308560445573701,1.136877421321181,1.2038936895764087,0.33261940903250803,1.0671545414432964,-1.4842217727463538,-1.4471076911238847,0.7916453153944002,-0.6654398315988509,-0.013827634869005508,-0.9750382805380569,0.710068586734502,1.5184275146580248,0.9393982803758909
TCGA-55-7911-01Z-00-DX1.081bc002-06ee-4218-a25f-26c0e6c4b333,TCGA-55-7911-01,TCGA-55-7911,5,476,24.689813287252,6.644586611513645,550.2928630527937,0.2691225945780812,82.81822410129382,19.27920614311698,0.1805132704134235,0.1127867900774433,0.6274050088611189,1.719616256847738,1.7063033056291317,117.41281879225856,14.042022490866074,Female,17.64,0,I,0.015274304123671877,-0.625948381561655,-1.0135488350494064,-1.0693019773648464,-0.8715414921627277,-0.8971327671479048,0.8004985696352969,0.7065868211229064,-0.27650318362953646,0.6251859616101375,0.4431221225022916,-0.2688031296712858,0.4136435030220267,-0.26691984461165125,0.42703361543864243
TCGA-55-7913-01Z-00-DX1.2295fcc5-70b0-412e-a1fd-b5366fce0739,TCGA-55-7913-01,TCGA-55-7913,8,69,10.027871073388962,3.604295252309448,148.4926890902134,0.3594277614791233,41.19881383054479,6.880822409365217,0.5539212790607896,0.115164114772499,0.6225691359510012,1.6733357492796568,1.5122346011245922,184.7738134535235,9.027811493219076,Female,18.43,1,I,0.675924240436155,-1.7689133587999917,-1.5909115455687155,-1.567400863912169,-1.6794842011631985,-0.26578686725107586,-0.392368063492971,-1.0002564438863193,1.2068337600540433,0.6668021677666819,0.36921660705957426,-0.4743515396052228,-1.0596420197177518,1.4780835551346976,-0.7005532490111145
TCGA-55-7914-01Z-00-DX1.875bffe1-8c56-4c29-ab11-6840ee3a643c,TCGA-55-7914-01,TCGA-55-7914,3,244,21.09141979286972,9.876536221335163,426.430082148938,0.4682727060733047,43.176076368531845,11.568685389424944,0.2882069042683213,0.0525240756782197,0.5486016404497887,1.862073384056916,1.7232449594205932,123.97955232698312,11.974345132154754,Female,6.14,1,II,-0.6453756321888109,-1.1067506224755592,-1.1273891358005743,-0.7465394401922958,-1.0576322276916945,0.4098321207804722,-0.3206834234376121,-0.24889111328273186,0.24356526007731777,-0.6354496115744899,-0.7612113389657581,0.33083906830146187,0.5861986198750828,-0.013390906101817202,0.0011749103456582832
TCGA-55-8087-01Z-00-DX1.548f2800-8caf-4c0e-a7b5-6d3d28315d9c,TCGA-55-8087-01,TCGA-55-8087,1,1634,49.39055314492282,19.03168177527666,1454.404144775276,0.3853304035578118,76.42015886712848,33.08324964908739,0.0522062379714142,0.1632025697341292,0.6141731283252445,1.6262213770330054,1.7756087883916658,91.22092723448483,10.003124511871276,Female,15.18,0,I,-1.7747641579456195,0.5984452329337011,-0.4348958822649548,-0.21239317058344814,0.0021857536170727817,-0.09962080171148584,0.6485815314359197,2.020743530303707,-1.1885539637527776,1.4306453984999723,0.24090238483419776,-0.6895276556495883,1.1953400763191095,-1.6412801069900083,-0.4532935729850252
TCGA-55-8097-01Z-00-DX1.2f847b65-a5dc-41be-9dd0-a1e11df3cd10,TCGA-55-8097-01,TCGA-55-8097,2,247,17.118234943442324,5.871659192613624,426.24071207478073,0.3430061108527399,72.59289037261888,14.429057716293412,0.2781482292173083,0.0579056654864473,0.5077613502696544,1.5698558552261448,1.7231885463916834,122.68896710993546,8.459208796551236,Female,15.64,0,I,-1.1141142216331366,-1.0988852239557454,-1.269309377490803,-1.170004785716423,-1.057942769614344,-0.37381811101169593,0.5536117280075918,0.13471949667959493,0.1996701124402504,-0.5000599985723809,-1.385363948575893,-0.9552989589752775,0.5856066864882191,-0.061075142761151606,-0.8530245225961387
TCGA-55-8203-01Z-00-DX1.f530d261-be19-4ff0-98d0-27b789dffb23,TCGA-55-8203-01,TCGA-55-8203,1,131,12.13710296710832,4.860332405952608,209.8546796396676,0.4004524324399456,43.17702208652472,10.793349974455303,0.1862985003008196,0.1041337653829812,0.6310091073715226,1.561259136133548,1.656724662689986,135.34175492064523,14.37228235180481,Female,17.97,0,I,-1.7747641579456195,-1.4675689480958551,-1.4826291000377572,-1.3239356364675272,-1.4991495517237405,-0.004590838823803901,-0.32064966600234734,-0.36085422358841557,-0.2451331109448969,0.46987834182570537,0.49820271768510116,-0.9966704904803959,-0.03937591593426058,0.36717018536388574,0.4910974934613067
TCGA-55-8205-01Z-00-DX1.6df6d499-f325-409d-acb1-9e13172f2bb4,TCGA-55-8205-01,TCGA-55-8205,4,255,29.84189208698072,14.44873446301972,433.7071426311482,0.4841762184819153,30.01696402831569,8.545034586169896,0.6013559673316239,0.0762889048616893,0.6906353171354932,1.4961721773173489,1.5647147992754311,157.668687533373,12.75184667335608,Female,19.68,0,II,-0.28179373570427474,-1.0782175276011623,-0.868420845811093,-0.4367363004710735,-1.0457678110734294,0.5054020376111831,-0.8483262014360498,-0.7105258362708172,1.3517935493487367,-0.07965360979478422,1.4094561456405739,-1.3174965792830666,-0.72904283367839,0.9551948301614936,0.1666682715265483
TCGA-55-8208-01Z-00-DX1.6eccb7e2-16e4-4d25-9a1e-b370e016020f,TCGA-55-8208-01,TCGA-55-8208,6,1266,85.34627305200013,26.1871998279546,1795.613379635231,0.306834720386667,68.56836131515024,14.833688159161284,0.0565322455549702,0.0998070745286628,0.5647125133011061,1.981442822297877,1.7581137261426278,141.0433279843266,14.15928365286568,Female,22.14,0,I,0.26644175299632983,0.3022782148785941,0.12592052110957966,0.0475091536921766,0.23196835649803832,-0.6211717225203756,0.45007449967364255,0.1857919952123838,-1.1454631551526209,0.3897996551250232,-0.5149926346202598,0.7989738550949189,0.9772990672586582,0.5350328320597312,0.4498938504549422
TCGA-55-8506-01Z-00-DX1.A908E3D2-91F7-4DE2-98C9-95D1038B9F49,TCGA-55-8506-01,TCGA-55-8506,1,281,36.17599153789608,16.875862232762294,651.8892228698872,0.4664934260359947,38.628498732605735,7.767582533450094,0.3029170412529705,0.0473456850152061,0.5730512946150706,1.7381704962010969,1.6870272810050448,150.09689578735464,12.5,Female,0.36,0,II,-1.7747641579456195,-1.0138939232048294,-0.7113359226281383,-0.31029105452071176,-0.738861996925077,0.3991192747179932,-0.48906851841662297,-0.8419910691357412,0.3064020654290248,-0.7724471133465639,-0.3875529887430393,-0.18794644963087034,0.2290251819519902,0.7753801187725315,0.11381725089771234
TCGA-55-8508-01Z-00-DX1.96B173E2-A298-4017-9AEC-113E547A3272,TCGA-55-8508-01,TCGA-55-8508,10,595,103.83158753415164,43.01308569222397,1568.6149630389798,0.4142581916902346,36.46831976350301,5.730433427152371,0.2486917911620682,0.0678514350434451,0.4917876399783263,2.172571368444538,1.7323371771349192,187.08508101525928,12.939408653479129,Female,20.27,0,II,1.0028896920268398,-0.44002418648851604,0.3531676558322801,0.45160109286817063,0.08275908451456203,0.0811273901017779,-0.5737135916520608,-1.2216649935922645,0.0663444387742543,-0.26547446550948206,-1.6294864295747764,1.4927687717250628,0.6832141036822532,1.515659885747326,0.2055784719463621
TCGA-55-8513-01Z-00-DX1.E21776FE-DF49-48D1-90D6-6F71D0764492,TCGA-55-8513-01,TCGA-55-8513,3,600,51.68189698895665,16.563686196593906,1109.5661378169527,0.3204929997080645,66.98787483942552,11.609480977995206,0.0711653883508611,0.0799787668157486,0.5607226161065714,1.6577704969923457,1.7504006765280822,142.78741529748643,8.50848807368183,Female,25.99,0,II,-0.6453756321888109,-0.43277909937313647,-0.3921864264770387,-0.32549568061725626,-0.2701689758849377,-0.5260687092890607,0.4083060401710862,-0.24310549813779928,-1.0107637705477677,-0.0016356549463870543,-0.5759693009235841,-0.544762072088749,0.8861369930834154,0.5837037420929239,-0.8395445917338473
TCGA-55-8514-01Z-00-DX1.499CF563-B404-4061-9D1A-57954BBE2CE7,TCGA-55-8514-01,TCGA-55-8514,5,503,49.733701353285376,25.728652118147323,817.6381378355486,0.5173283189880196,31.779283814826805,10.11386617752254,0.3389493147119373,0.0744249368179215,0.653909239838191,1.5600968449562134,1.6832632365511233,128.43749353760097,12.048704270738575,Female,17.08,0,I,0.015274304123671877,-0.5812573242149416,-0.4284168466178116,0.03312382441448097,-0.5493265722902025,0.704230814726888,-0.7696877140219355,-0.4623303944838688,0.4541575694100277,-0.11978266514078356,0.8481800899428882,-1.0022814669602313,0.1943049278292229,0.1439480172355647,0.017306888304664172
TCGA-55-8616-01Z-00-DX1.4F53B2AB-8221-4E67-80D2-7A8E3815B730,TCGA-55-8616-01,TCGA-55-8616,9,1814,71.67483346084083,22.955299907030632,1410.9065179268855,0.3202700138755416,61.46321431830914,25.30874384230093,0.0337607673371248,0.2654637794227003,0.7261338784347098,1.8720800668003907,1.8195721731893169,107.18001018460936,14.741197093953678,Female,1.58,0,I,0.8475947900525345,0.7272003665396326,-0.06430467443937107,-0.059754339474065145,-0.02960977854714751,-0.5276036538347946,0.2569188852074137,1.3245328831156156,-1.3963658627070479,2.745559823746184,1.951972361235165,0.37121902027686576,1.8286401635806997,-0.7239125474380901,0.5615096164660408
TCGA-55-8619-01Z-00-DX1.46C7678A-6032-4C95-B535-85C87B92B6ED,TCGA-55-8619-01,TCGA-55-8619,6,906,37.884182120029024,11.360673893667975,997.800911153268,0.2998790856213758,87.82937706797532,23.91499431423665,0.1107809131330707,0.119747267500822,0.6155600956267867,1.7807220359026896,1.6904855917523451,103.73338279902578,9.807482892830825,Female,13.67,0,II,0.26644175299632983,-0.04977956023339751,-0.6721614108591389,-0.6325383010548581,-0.37048481832597524,-0.6705044279799373,0.9141042342248835,1.1888838567577296,-0.703919929672311,0.7458375770426974,0.26209908194098225,-0.005725949768409358,0.2612953568869849,-0.8981356415818883,-0.5015596298398075
TCGA-55-8621-01Z-00-DX1.7C519007-D59D-432A-BF4D-23D14A1C8BB6,TCGA-55-8621-01,TCGA-55-8621,3,443,20.36976612668313,5.146484562722591,437.2158728529546,0.2526531002229336,84.95427655993178,21.747917832973915,0.0965674331285979,0.135081711687165,0.5814756161035194,2.009613115234394,1.704351411577364,103.11956145239384,13.08830576237009,Female,16.92,0,I,-0.6453756321888109,-0.6829286936692536,-1.1517526353063858,-1.2773509201167814,-1.0400946134274156,-1.02518154770486,0.849469404553235,0.9698604568134432,-0.8064871785073937,0.9998349450235271,-0.25880605237166965,0.905333664193852,0.39440588803065746,-0.9303853737513604,0.23620065378145316
TCGA-55-A48X-01Z-00-DX1.A46C6373-8458-4D55-88C3-4C70A05F9F47,TCGA-55-A48X-01,TCGA-55-A48X,2,231,15.573525354016573,4.795692743705406,259.16704921741854,0.307938802210159,54.041629242738416,14.83286505456664,0.0672938966207164,0.2093536680564995,0.7120630871748245,1.835466067329797,1.677268458292283,138.88339302789214,12.3025678295227,Female,22.63,0,II,-1.1141142216331366,-1.14159975785142,-1.330433877009216,-1.334838263297574,-1.3784469432989384,-0.6133989904481333,0.038534192591022184,0.18568881481686722,-1.044935171149682,2.0638043532528383,1.7369317470426429,0.22240580010564678,0.13985089677192442,0.47306282710429065,0.07188677021224338
TCGA-55-A48Z-01Z-00-DX1.0867DC6A-2A51-4CF1-AE3F-0526CE2DD740,TCGA-55-A48Z-01,TCGA-55-A48Z,7,521,44.13735951275915,14.946670516102635,716.175411094998,0.3386398887722741,47.915380908640095,11.80405909532015,0.2381211415641898,0.1148604087717177,0.6132974013463084,1.906108120096924,1.5887525457511713,147.48301318532995,15.160803145605176,Female,21.39,0,III,0.48401289356799765,-0.5523450986187193,-0.5380605328721854,-0.40914579619499847,-0.6619098364286642,-0.4029472314566513,-0.15735045235918618,-0.21564933082442925,0.01658800395299508,0.6615097375823448,0.22751885409046047,0.506935332481389,-0.5640633225667648,0.7090186349364963,0.6401831536387812
TCGA-55-A491-01Z-00-DX1.E5F3B4E5-18EA-4067-AE28-119DABCE739A,TCGA-55-A491-01,TCGA-55-A491,6,247,18.616700880214864,4.795430996132742,341.6795854891216,0.2575875836963759,71.2510691457489,13.267656905982864,0.1772990449720689,0.1111084832585868,0.5591988869913797,1.8361602423724648,1.696508609128314,142.43678266933185,15.169586231205148,Female,20.57,0,I,0.26644175299632983,-1.0988852239557454,-1.2134356887045297,-1.3348827097536895,-1.2069714096039863,-0.9862618892445849,0.5195264391457319,-0.015989515466213484,-0.29414958298788185,0.5955416966187153,-0.5992560968643353,0.22525470083239912,0.3183678337825359,0.5740146304064578,0.6418143254987323
TCGA-55-A492-01Z-00-DX1.31B23842-7F8B-4311-88DF-C51CB4F54AED,TCGA-55-A492-01,TCGA-55-A492,4,884,33.29918415807024,10.184493910178029,1076.8862105063688,0.3058481511688856,105.73782261582645,26.54719694643803,0.2103972997353401,0.0583806955008767,0.5178228765996445,1.892633193042529,1.7029037996610723,90.12886397069502,7.0534488100078265,Female,19.58,0,I,-0.28179373570427474,-0.07413056837867817,-0.7801974467949225,-0.721536222091125,-0.2987757474919477,-0.6281303627093882,1.2879167782362004,1.441965025903275,-0.11942298673202248,-0.4884174969571504,-1.231595993259573,0.45348439671270363,0.38022026285492877,-1.715930679230539,-1.2618653315343797
TCGA-62-A46R-01Z-00-DX1.AD823FBA-A63F-4D36-8B84-2C995DE5FC47,TCGA-62-A46R-01,TCGA-62-A46R,8,1699,137.88937627412196,46.904907421968765,3316.949804848224,0.3401633156184747,70.71647695641053,12.3214713555772,0.1265527880601705,0.0670175784457527,0.4922118881201507,1.7450329257382493,1.7427493691357516,135.6539024640294,10.75747311908626,Female,56.67,1,I,0.675924240436155,0.645982901257297,0.7094250034709523,0.522135612796076,1.0008287144114156,-0.3927632223047528,0.5058273789414431,-0.14372116901823195,-0.5975431624704088,-0.28445140155942394,-1.62300274437876,-0.15825944295492075,0.7984465139201979,0.3767253802334577,-0.27287149259996507
TCGA-62-A46U-01Z-00-DX1.5129535F-8B6A-4647-8A88-3EE125642874,TCGA-62-A46U-01,TCGA-62-A46U,7,2332,175.93703108873615,88.35031373186175,4074.026575507385,0.502170084291698,46.1121913824984,13.254742253913705,0.1734153208960878,0.0328578981141415,0.5782631361336923,1.6030347505340774,1.78653069221561,110.42162048813634,8.816089099712032,Female,67.9,0,II,0.48401289356799765,1.05566677484067,1.0435212599568335,1.0377514738473403,1.2956208572495251,0.6133117151096534,-0.21816776385347775,-0.01770170574794687,-0.31568638807106514,-1.2017732781021961,-0.3079016329281269,-0.7977231874370144,1.3402559194601071,-0.5699778166744821,-0.7565577386282435
TCGA-62-A46V-01Z-00-DX1.631E54D0-9E57-4932-B4EF-81820E56A95B,TCGA-62-A46V-01,TCGA-62-A46V,7,3364,177.2990683508239,79.82315333895174,5141.59714765305,0.4502175565920326,64.41235321561867,18.973590957306165,0.2849042589510674,0.042832245382751,0.5767311538908075,1.7809371172595256,1.7841606905170977,102.59232288038343,8.391525539013216,Female,72.24,0,I,0.48401289356799765,1.5869085583280795,1.0545441233110826,0.9551013473215081,1.6546488510358317,0.3008505888525083,0.3388102603993463,0.6728485747902866,0.22923852153337995,-0.8981028627666162,-0.3313145594904857,-0.004816000456616515,1.3081897801331013,-0.9583942043694454,-0.871624307340971
TCGA-64-1681-01Z-00-DX1.fb0244f6-51a8-4da2-b45c-38d8e02edab7,TCGA-64-1681-01,TCGA-64-1681,1,605,20.258028967854088,2.9347070233617205,581.1954667404611,0.1448663652331913,198.0420744264615,29.86470208725776,0.0309318558096119,0.1161820375420946,0.5587207134443726,2.137293116634254,1.7128875936600385,90.33859917001148,12.250000000000002,Female,38.34,1,I,-1.7747641579456195,-0.42557415175932367,-1.155576158152805,-1.7347583629854249,-0.8295702808157116,-2.0607637836533725,2.7378718822457935,1.7436751925165646,-1.432900003339976,0.6844899539461926,-0.6065639114242862,1.3694242318691583,0.4794937223094691,-1.7014537051518956,0.060646923448217115
TCGA-64-5781-01Z-00-DX1.81474D4D-6B48-473F-BAA9-ABD75C9223C3,TCGA-64-5781-01,TCGA-64-5781,3,1579,57.45295968026318,20.347449111750738,2448.391894027626,0.3541584145531967,120.32918134262194,27.483353491054945,0.0555124379117077,0.0577571687483967,0.5198472081063876,1.8334403954938057,1.779389076759191,97.1692973269201,6.566076555651173,Female,51.22,0,I,-0.6453756321888109,0.557226315816778,-0.2899388776953722,-0.15795561197963606,0.600803678167438,-0.3002015392935209,1.5623265843651357,1.5289252777094924,-1.1554684562707538,-0.503709292363185,-1.2006586079697812,0.21408626070829306,1.244684319764328,-1.2641265921347382,-1.416258157321092
TCGA-67-3770-01Z-00-DX1.4C14BE72-905C-4AAE-B07A-6437D98A23FA,TCGA-67-3770-01,TCGA-67-3770,2,1532,68.46921463750218,27.18704052904169,1952.5746833898072,0.3970695541489491,71.82005269400437,22.37501931504393,0.2273010230697112,0.0984548133534216,0.578373514757633,1.565446935229195,1.7958536389193065,95.64473148356456,9.024501542905591,Female,20.04,0,I,-1.1141142216331366,0.5212375451803173,-0.11235745110341978,0.07802137896080814,0.32791930962176075,-0.025739194786263773,0.5340317175259719,1.0343207526522809,-0.035500377518158814,0.3644172818862672,-0.3062147422161879,-0.9764884148213546,1.4699475023096127,-1.3563199840972253,-0.7014220177042634
TCGA-67-3772-01Z-00-DX1.CB05C5CC-2801-4BB9-94A0-83E9005BCA2E,TCGA-67-3772-01,TCGA-67-3772,8,2259,94.05004915353015,25.591052093358023,2046.707228915947,0.2721003585184992,79.97745545784558,24.019126202819308,0.0966480290596262,0.1626467588136579,0.6066979753907265,1.867860359103998,1.7207568933893858,107.25802577505208,15.148459412142188,Female,18.82,0,I,0.675924240436155,1.0125424339288331,0.23662600522382535,0.02875706386545592,0.38301608293925804,-0.8745208949058192,0.7340491004083859,1.199153073668705,-0.8058850416417647,1.4225075882689666,0.12666136963240596,0.3542176214115396,0.5602057239072914,-0.7200985400549164,0.6378896423017468
TCGA-67-3773-01Z-00-DX1.3E9DFC22-E962-4C18-BF5B-27EBEA089F5D,TCGA-67-3773-01,TCGA-67-3773,3,740,47.51884159894048,19.619643368305407,1352.3137440267735,0.4128813478639778,68.9265201533363,15.572770191782192,0.2049060665680381,0.0447271233085291,0.5927972434929225,1.4985751487050354,1.720427405037432,108.59150941766678,10.171635019237772,Female,14.03,0,I,-0.6453756321888109,-0.24444714557585412,-0.4707747968892809,-0.18761655161567758,-0.07348975304597243,0.0726185983085352,0.45945037030133434,0.2773123118855704,-0.14740633524894822,-0.8445794133478598,-0.0857802670757849,-1.3054057720969239,0.556780927746558,-0.6557548821684015,-0.4122229199583426
TCGA-67-3774-01Z-00-DX1.FE85FDCB-91D2-47C5-8D13-D622A51A7BE0,TCGA-67-3774-01,TCGA-67-3774,2,808,28.84206100837501,8.452357521790109,1226.330298411508,0.2930566411095155,145.0873670748118,28.01464152528409,0.1361363118202348,0.0570181903864684,0.4483542810002391,1.867089575133417,1.771101110437881,91.7218307398847,4.413905169108597,Female,12.65,0,I,-1.1141142216331366,-0.16150007464232705,-0.8951971951553372,-0.8733421439006922,-0.17232408852209072,-0.7195320665152289,1.9810514798039474,1.5776188986961799,-0.5361274466208872,-0.521939784057951,-2.293268303570702,0.35110794868744966,1.1375764866784015,-1.6076343273164306,-2.208853815242879
TCGA-67-6215-01Z-00-DX1.c014ffaf-6db8-42ef-a50c-9de98d6a5345,TCGA-67-6215-01,TCGA-67-6215,2,1715,81.26760847673458,35.82769099840176,2937.8258726354884,0.4408606537087722,81.99874987105761,21.103118845818784,0.2960246450389589,0.0302603488414821,0.5686089808504273,1.6217746245142648,1.80550872759452,85.36903951316677,4.252215261782335,Female,5.72,0,I,-1.1141142216331366,0.6574978906163056,0.07144019454649554,0.30275738084811066,0.8360381166048656,0.24407824182611526,0.7814879733056488,0.9026043567014533,0.27715460347735005,-1.2882037870259442,-0.45544383174830905,-0.7101574326546639,1.610657879166148,-2.0636032001678024,-2.2780792494249753
TCGA-67-6216-01Z-00-DX1.04da6a64-bd3a-48ed-bc99-d651e00a1aa4,TCGA-67-6216-01,TCGA-67-6216,3,1155,75.86357049942974,36.943675484610885,1708.8836386799528,0.4869751745324008,46.25645976648422,15.224698658345933,0.1848482972329427,0.0625132259368067,0.6387538212326568,1.7391530294435769,1.7550847806921237,89.71016970865558,7.347431645568067,Female,4.63,0,I,-0.6453756321888109,0.20178275107196994,-0.0036274767435596953,0.3277352649372521,0.17653174645080727,0.5221965280522987,-0.2132441796391508,0.234487680182836,-0.25295046568819274,-0.3890679183493141,0.6165633695264539,-0.1836888094660678,0.9411573847058521,-1.7450335048135337,-1.1721498508201473
TCGA-67-6217-01Z-00-DX1.3fa5c69b-60d1-41fb-a86f-48f77d81285f,TCGA-67-6217-01,TCGA-67-6217,5,1621,127.58085640044465,46.57282910859756,2521.6454485876834,0.3650455908715412,54.14413289576552,12.705667964103355,0.1418489442255449,0.095161738236086,0.5183569403481326,1.7560584562606227,1.7534033479177895,133.28918789342868,15.393758571424495,Female,13.86,0,II,0.015274304123671877,0.5887870644724265,0.60847150040098,0.516349883318954,0.637894764318652,-0.22933907828313194,0.041682562486996096,-0.09128433971102314,-0.5005437258142587,0.3018661975493361,-1.2234340218130737,-0.11080637744126663,0.9212868111591865,0.3032240437250288,0.6832356219054184
TCGA-69-7973-01Z-00-DX1.aefb015a-cb51-425f-a80f-cd51091a0ee3,TCGA-69-7973-01,TCGA-69-7973,3,236,85.95263626195138,63.06425205602863,863.040386938426,0.7337093403840744,13.68509668792502,2.7456982154771907,0.3553384468010659,0.0618022402574051,0.6849822245745317,1.371081815372523,1.7945417594760171,235.0349286754745,10.180755910114105,Female,7.56,0,I,-0.6453756321888109,-1.1280451973622478,0.13387072765720068,0.7631995819147945,-0.5019595462753045,2.1193872045925777,-1.7918149106131702,-1.9331252599138398,0.5187556312145123,-0.40592136720592603,1.323061253274994,-1.975306221240769,1.451344039223164,2.1285172233991108,-0.4100128895925034
TCGA-69-7979-01Z-00-DX1.c9bc265d-4889-4333-9852-b8b535887f1e,TCGA-69-7979-01,TCGA-69-7979,18,2130,128.3525503970683,45.80552164325394,2348.657997376804,0.3568727033592327,51.27456064508557,16.594917618782674,0.1503068136445122,0.1223149482897317,0.6129379484972067,1.7931397416150403,1.684829026410377,120.50868626650532,12.895608682503529,Female,13.4,0,I,1.8934079082274087,0.934006883266205,0.6162133041916631,0.5028218963308775,0.5490956619335323,-0.2824459689349671,-0.048003459711072866,0.4003771992301618,-0.44915092420824543,0.7894562429188492,0.2220254202091378,0.046630736022768855,0.2086976818784763,-0.14395181403001994,0.19652588291701018
TCGA-69-7980-01Z-00-DX1.8bbf8cc0-eca7-49e5-a022-c22e3e6ed6dc,TCGA-69-7980-01,TCGA-69-7980,12,844,56.81134919020538,14.26121279859661,1049.8132301842213,0.2510275323835352,73.61318038024994,14.856186519603211,0.1021219968846189,0.1226924822285361,0.5955163017395236,2.107124745399689,1.5832660589229928,128.78730387386256,14.607886810285782,Female,13.5,0,I,1.2750814742208807,-0.11946116196713302,-0.30095802239667613,-0.44737403627797756,-0.3229159828418329,-1.0381126261259341,0.5792493075794642,0.18861117275396913,-0.7655603544571935,0.7958308767025803,-0.044225535392620564,1.2623197037272231,-0.6025529166562227,0.15583335388195108,0.5362026435102693
TCGA-69-8253-01Z-00-DX1.631c741f-46bd-4d4b-8f6c-64787fb4c402,TCGA-69-8253-01,TCGA-69-8253,3,2369,86.29277423906782,31.8209086131926,2375.6975233729613,0.36875519293232,74.65838113711258,27.453051786663604,0.0339685377713779,0.1397033844504522,0.6090225867317468,1.6851367876787018,1.7792878424579277,97.86900390593216,9.738444143260509,Female,13.99,0,II,-0.6453756321888109,1.0771812459956318,0.1383140173047942,0.20618130822279718,0.5632569623776716,-0.20540272778806104,0.6052683642067687,1.5261339382028798,-1.3937440662087146,1.0735246306633908,0.16218786144790562,-0.4214038519801412,1.2433519208565855,-1.2227756461166541,-0.5187450832077238
TCGA-71-6725-01Z-00-DX1.b9e1d4aa-439d-481f-b24b-134c4e470f28,TCGA-71-6725-01,TCGA-71-6725,7,3717,190.5350684921385,71.74678836357901,6101.457069380879,0.3765542423836761,85.04153577525396,19.50821982229148,0.0950820561516455,0.055908579969392,0.5114017830108303,1.6173603243557,1.789859865739491,99.17448778990244,8.19257799831874,Female,8.41,0,I,0.48401289356799765,1.7431858396477942,1.1588336165940822,0.8682376411933231,1.9370518821962497,-0.15540060100668254,0.8514523567778147,0.7316937472305672,-0.8176298453789841,-0.5495370496289516,-1.3297280658362463,-0.730692677046112,1.385906147778595,-1.1471846439377178,-0.9268820837720916
TCGA-71-8520-01Z-00-DX1.EAE99132-A397-4B4D-8B09-CBB774A7B62F,TCGA-71-8520-01,TCGA-71-8520,2,1193,177.2109302115125,104.17081493646194,3297.556377467617,0.5878351567373833,31.65528060310301,6.732090388420617,0.2983842678402152,0.0213001464929495,0.5828951281383643,2.2535259523634785,1.7342747821500852,139.7201332307229,11.277407651562028,Female,6.9,1,I,-1.1141142216331366,0.23688406755739777,1.0538325398429835,1.171887751029827,0.992713124044665,1.1324154974787766,-0.7751245013058397,-1.02778041772309,0.28720547713600536,-1.619263506114687,-0.23711198171219092,1.7684046266744247,0.704314329258145,0.49729682408574344,-0.15337433640573392
TCGA-73-4658-01Z-00-DX1.d5beb44f-9d76-485a-8af4-407b0f1a610e,TCGA-73-4658-01,TCGA-73-4658,15,2068,111.79006719576871,29.638265024244586,2526.9825806258973,0.2651243153145399,85.26081329520417,18.49896016591959,0.1259278244090592,0.1177463728941965,0.5904082182265521,1.9899917204006488,1.6491500521276408,124.18181066052614,13.677117910610995,Female,52.56,1,I,1.6134014193248065,0.8951293757852411,0.4426957026148828,0.14831806686647492,0.6405689338141157,-0.9277442623014204,0.856429424614284,0.619908604093284,-0.601627711415433,0.7115220388426337,-0.12229118185755497,0.8314100716250107,-0.10276330973290063,-0.006007749238763057,0.355070271314526
TCGA-73-4662-01Z-00-DX1.76e23a15-0917-44ad-9181-50100d318003,TCGA-73-4662-01,TCGA-73-4662,2,1426,72.1667538683465,30.645385734551635,2165.044933358375,0.4246468642674143,70.64831724135749,19.759791365999995,0.1553071578171691,0.0694550246364771,0.5492466226692257,1.6643813617145038,1.664848588479804,105.1889744941392,8.405378847562647,Female,82.62,0,I,-1.1141142216331366,0.43727971256645365,-0.05705830572407425,0.17552918329805967,0.44993382146314076,0.14507219817265882,0.5040758122287247,0.7591044391017102,-0.41944583504287225,-0.22930485023958022,-0.7513542264516648,-0.5147769272224336,0.030182063233662106,-0.8231644299130884,-0.8678092126863934
TCGA-73-7498-01Z-00-DX1.5313bba9-7f6a-49b4-8d6e-a0f46a04f189,TCGA-73-7498-01,TCGA-73-7498,5,618,45.47456240417924,22.01260204098967,1127.5395506670272,0.4840640762046486,51.22245650775113,13.59001532564949,0.5244636604743494,0.033432270001417,0.6247284983818724,1.8112950232136744,1.5981288171917982,103.29912282593916,5.74127589276789,Female,39.06,0,I,0.015274304123671877,-0.40702521851982476,-0.5110550271290055,-0.09390172847101182,-0.25467458351047517,0.5047290366531091,-0.049662503393984356,0.026481081166902336,1.1136684405279753,-1.1831283191962552,0.4022176384033219,0.12252977568255766,-0.49708122884233924,-0.9209116885312978,-1.695966671302414
TCGA-75-5147-01Z-00-DX1.3156FA5C-9737-4EAA-989C-FD578FBF15A1,TCGA-75-5147-01,TCGA-75-5147,1,351,11.446199916696564,4.790189272819768,422.8092317069115,0.4184960342892773,88.2656629260962,30.665199153825416,0.1886326866028383,0.1018010721897232,0.5455222468807372,1.7712926145015304,1.818265706725966,76.92904604244096,3.758324094593227,Female,43.79,0,I,-1.7747641579456195,-0.8584421855994233,-1.5166096732144254,-1.3357732998991647,-1.0635859484905252,0.10726565013127186,0.9237884982744904,1.8139273983492445,-0.23261424849932036,0.42691595342024174,-0.8082729911641799,-0.045727618137485174,1.80768648209257,-2.7858657405445233,-2.5010600796679534
TCGA-75-6212-01Z-00-DX1.FCB36956-DF6C-485D-8E7A-922A2BDAE669,TCGA-75-6212-01,TCGA-75-6212,2,553,32.13175625881472,14.51567662392196,908.8199353607648,0.4517548467317241,62.6095468304262,17.210388238529454,0.2158711701853431,0.05795358984596,0.5862982754375882,1.5388121306811773,1.7451322055833314,101.37985572276578,6.305409272438291,Female,49.8,1,II,-1.1141142216331366,-0.5025481555781345,-0.8092743304095633,-0.4329722124752384,-0.4558523521586172,0.31015647467759255,0.28905496663327973,0.4726556101690099,-0.09188926665325278,-0.49888326078357276,-0.1851024769234256,-1.1057796254617929,0.8254730370689214,-1.023910174199406,-1.5019892414185778
TCGA-78-7145-01Z-00-DX1.ecde66bf-2de8-4e31-b3ab-4fed4f055dda,TCGA-78-7145-01,TCGA-78-7145,9,1416,148.81866725980436,86.9489614365092,2175.0637649814075,0.5842611215212379,25.015408223934404,9.514935364445767,0.3389638538694582,0.0378552654491184,0.6370638702209407,1.4368694276477991,1.7124373723882975,122.18222153728988,13.663815713579318,Female,27.14,1,IV,0.8475947900525345,0.4291469938886708,0.8111036988485374,1.024731790252909,0.45548621506199793,1.110334134912784,-1.0897717425527707,-0.554641942315906,0.45421555969425925,-1.0446098408363624,0.5907362431905845,-1.6222036879526749,0.47494313992747467,-0.08007367972325968,0.35242287420337504
TCGA-78-7146-01Z-00-DX1.830209b2-94c5-4277-a7b6-b2f2634de0dc,TCGA-78-7146-01,TCGA-78-7146,2,861,127.73070654467809,84.67625856332025,1684.2527839951736,0.6629279744389568,19.890496020625456,6.740744048877835,0.6358101446069967,0.0551352621948341,0.5379756224917533,1.683729793972565,1.7437131202553686,146.42682603575906,9.209784980038016,Female,5.68,1,III,-1.1141142216331366,-0.10002436053556749,0.6099772675895967,1.0031637387807946,0.16044705816998747,1.6140544948225448,-1.3733438395088413,-1.0261707134586684,1.4535291662754488,-0.568932600780816,-0.9236062879002295,-0.42769710447375264,0.8093472655859878,0.681531976152188,-0.6531135077633006
TCGA-78-7147-01Z-00-DX1.a9fd2c5d-b8f3-4524-bd64-6c3362ce373b,TCGA-78-7147-01,TCGA-78-7147,12,5183,224.5011415063628,61.87318054800001,4948.573150947508,0.2756029663494892,79.97929162714533,23.08674229994106,0.029842927716668,0.1873344734487519,0.6227381797604282,1.9578063111152988,1.7458947198027004,107.0097531481935,13.775176552173994,Female,19.25,1,II,1.2750814742208807,2.3030260120935053,1.4060111880056132,0.7476727666486496,1.5936897970737127,-0.8481209300617941,0.7340925551749444,1.1063944622605113,-1.4474063466908886,1.771501525401832,0.3718000640900452,0.708558555406705,0.8341749889119637,-0.732255343663967,0.37453308933226237
TCGA-78-7153-01Z-00-DX1.5190321a-f1aa-4c6e-b4b9-6767b779682b,TCGA-78-7153-01,TCGA-78-7153,5,1434,352.49640570677303,215.05488711305745,4257.091104765584,0.6100910069759763,19.7953702048518,4.068126587347062,0.2699362372229028,0.0391788823924451,0.563242372255576,1.821365203418421,1.81463798549859,166.76418396435724,11.407067903742515,Female,119.42,0,I,0.015274304123671877,0.4437585546903084,2.1598223787062154,1.7621552576010426,1.3613115748728797,1.271313065344538,-1.3790455000249897,-1.5855677191416553,0.16324172145949545,-1.004750928351612,-0.5374604566170013,0.16430130389459618,1.7502839249125057,1.1496063051677132,-0.12414886109972843
TCGA-78-7158-01Z-00-DX1.74db3dcd-2715-4ce7-8e48-30c8b7946ba0,TCGA-78-7158-01,TCGA-78-7158,7,2864,256.4600115488255,135.86739670182848,5139.684280054611,0.5297800459467018,37.82868005732123,11.16743301500922,0.2871074160202626,0.0565765376787943,0.5758822449319397,2.398541178275236,1.425336188726577,114.1958959996518,7.861544995574648,Female,5.88,1,III,0.48401289356799765,1.3455988678254216,1.6167226207305028,1.3882091662719314,1.6540522968578928,0.7790521004784037,-0.5200318657462827,-0.30634932062894304,0.23880488438925382,-0.5328917319745949,-0.3442882367014398,2.238271845867175,-1.5357948190806343,-0.4017597221751209,-1.0208441068859764
TCGA-78-7159-01Z-00-DX1.399d865f-f4f9-4602-b15b-908be0afe459,TCGA-78-7159-01,TCGA-78-7159,4,173,166.3520555081593,145.42558764482317,749.7458815088416,0.8742037313611088,5.155529323628839,1.0399631039816917,0.9797753658166488,0.0085320771798777,0.8195351399641447,1.2146470228246289,1.576746247942645,167.25638734490616,13.395702968312182,Female,64.85,0,I,-0.28179373570427474,-1.3154448914268793,0.964294294971403,1.443570685716668,-0.6235459743536509,3.505978783834529,-2.6674637683109594,-2.5484243369266886,2.3473618466443487,-2.252517151946058,3.3794020114003955,-2.8880478646428807,-0.647638118207531,1.1595238191211577,0.2986929081519714
TCGA-78-7161-01Z-00-DX1.646cf15a-5961-4728-b9fe-fe3fff11831f,TCGA-78-7161-01,TCGA-78-7161,10,2232,161.99205735242242,60.369289444776825,3717.826634076043,0.3726682062777942,61.58473403065225,13.778453317276934,0.1307140199689228,0.0806023506443993,0.5908055590703424,2.0924100823860763,1.6974345714368817,131.29008537438872,11.863429977236413,Female,9.56,1,II,1.0028896920268398,0.9963570835987093,0.9272465347240474,0.7276354225978403,1.1619311342235668,-0.18026207970554423,0.26034438255158304,0.05107464685737411,-0.5706000802943019,0.011370147856188331,-0.11621871460860696,1.2095216760918042,0.3272423260758538,0.23902154418341104,-0.02301235346452981
TCGA-78-7539-01Z-00-DX1.b838d859-2fb7-48d1-a442-d366ac404099,TCGA-78-7539-01,TCGA-78-7539,13,1387,129.53307747040367,56.68128708917143,2360.613577550475,0.4375815675507458,41.64714138965722,10.707689704329834,0.606388568543006,0.0550618346148281,0.6185527604744162,1.389622673680609,1.651574370761634,130.53537988433942,11.582815623945312,Female,25.99,0,II,1.3958302787531383,0.4053434285368637,0.627996791446067,0.6763037544405156,0.55537044178328,0.22412434721115415,-0.3759163933454,-0.3734674525331181,1.3668322027581497,-0.5707812857181448,0.3078352793601929,-1.8741055876266468,-0.0826257755214794,0.21427234996686179,-0.08488667519232616
TCGA-78-7540-01Z-00-DX1.25c29857-0d5f-4e52-be0c-32c6686b653f,TCGA-78-7540-01,TCGA-78-7540,6,1829,67.12565941428248,16.552569879471633,1845.089992363463,0.246590797377697,111.46849134597092,27.2474045835718,0.0719375009595195,0.1236027856165265,0.603670307701216,1.728481424818097,1.698550261107309,103.86728239643932,12.1954898948295,Female,39.32,1,I,0.26644175299632983,0.7375383851924595,-0.1329439359055681,-0.3260423738293776,0.26279700070984335,-1.0736924528441376,1.3985297551686062,1.5071492351953637,-1.004060896567092,0.8111610691493413,0.08039023196161016,-0.23006174370189747,0.33797132677894764,-0.891151296571084,0.04895777577031942
TCGA-78-8648-01Z-00-DX1.D3EAEF8E-E739-490F-BF48-A4796B0C0E7A,TCGA-78-8648-01,TCGA-78-8648,9,2642,181.22641275534207,73.95787041940895,4857.276658057343,0.4080965312669572,65.67626448019838,14.57844891277925,0.092651409296263,0.0584337194265256,0.5749481643478036,2.3436986077273283,1.3990236313302198,123.82583189346651,9.947120342595388,Female,39.72,1,II,0.8475947900525345,1.2293887873915177,1.0860150535281776,0.8929542413467905,1.5643042316829834,0.04298231147475707,0.3731416239200356,0.15365805663661683,-0.8360529640035395,-0.4871208778718336,-0.35856357195501537,2.064002723735093,-1.6658190772810426,-0.019018386682426325,-0.4670453903370017
TCGA-78-8655-01Z-00-DX1.DC81D146-A4A6-411E-A5DC-C0689A8D445F,TCGA-78-8655-01,TCGA-78-8655,16,4661,253.18985018376168,72.28092011640918,6584.248389015959,0.2854811125483454,91.09248164539076,18.409110778402496,0.043352458938063,0.104076091177007,0.543324540217431,1.9656068434796865,1.3943194783358204,120.47828642932076,10.659373238308458,Female,77.53,0,I,1.7121809486630295,2.117487828403784,1.5959955062236801,0.8742775211392944,2.067968889245869,-0.7747617764668634,0.9857749739875541,0.6098107177741374,-1.2827134618255738,0.4688219629070633,-0.8418600284503984,0.7385175724376276,-1.6884635938230128,-0.1451285738912346,-0.295847315512935
TCGA-78-8662-01Z-00-DX1.754A4C57-B5FA-4077-99E4-F6EFA6459410,TCGA-78-8662-01,TCGA-78-8662,8,1478,171.78861573029428,83.99119152337818,2860.025841925595,0.4889217551833771,34.051497425531025,8.603596889798794,0.430837304634314,0.0360651531096172,0.56695079774629,1.6500641211105431,1.4108818593540768,130.36822821890846,11.298194264543806,Female,110.41,1,I,0.675924240436155,0.47896814154387235,1.0095938928799904,0.9965487646237368,0.8004903223367341,0.5338735839005547,-0.6724759660257711,-0.7008702253078674,0.7987091832527045,-1.0996422671890003,-0.4807854565774634,-0.579867475999645,-1.607940755358351,0.20875215483089052,-0.14867400122687305
TCGA-80-5608-01Z-00-DX1.CB85BA53-AF00-4C7D-8489-C2FF0F4F49AB,TCGA-80-5608-01,TCGA-80-5608,2,115,11.203540739366431,5.880943982590351,250.54176039421344,0.5249183378185245,42.602303496837344,10.26461211462541,0.8302052057352635,0.0314139187235185,0.566579283271859,1.235077600205279,1.627168036550905,115.07126767226951,8.193720057448104,Female,93.04,0,I,-1.1141142216331366,-1.5341199870390452,-1.5288683827856002,-1.168718130834947,-1.3983802062325144,0.7498171946237906,-0.341255815458192,-0.43953020696730566,1.9819499375512262,-1.2493798438155066,-0.48646322545964465,-2.7623753715912676,-0.2792518972459791,-0.36432118965821975,-0.9265623371642682
TCGA-86-7714-01Z-00-DX1.8ee03c3b-013e-4dd5-aa0e-9c1a771cbdc5,TCGA-86-7714-01,TCGA-86-7714,5,810,140.89043053891106,102.77446963656702,1640.7414341297629,0.7294638056215097,15.964484564423277,5.7491484474972525,0.8589862276282826,0.0163393564849129,0.6382979258722893,1.6580056941012355,1.5857701831954334,124.11019471563525,9.762833755966488,Female,20.53,1,III,0.015274304123671877,-0.1591321825343414,0.7378645883473597,1.1608985060982844,0.13164530814771866,2.086981801873841,-1.6256999652472337,-1.2178935890417737,2.054675245151213,-1.8334375508979446,0.6095960272860469,-0.5436932299698414,-0.585048875658272,-0.00861923705557567,-0.5126646539790655
TCGA-86-7953-01Z-00-DX1.847865ce-df59-4677-bac2-ee88a258fe4e,TCGA-86-7953-01,TCGA-86-7953,25,214,25.98475588487626,8.351853480158773,300.2206698693294,0.3214135825312774,35.94659204481423,8.235597861612124,0.5598869953742855,0.1220967258797473,0.6373345919056487,2.649534139417013,1.4307316630730549,212.5082388491196,24.3310635965696,Female,32.75,0,I,2.4044699999776897,-1.1892037993083189,-0.9753024289618104,-0.8830829421599776,-1.2891903933112767,-0.5197377482290552,-0.5946558006758649,-0.7621035233035616,1.2253973499592834,0.7857670857488693,0.5948736194247704,2.9880983134910424,-1.5083982739436228,1.8750435131449033,2.083117703904664
TCGA-86-7954-01Z-00-DX1.0a063ee6-18b7-4b66-9726-04fb452156cb,TCGA-86-7954-01,TCGA-86-7954,9,157,12.75749603879248,3.379377652515136,180.79685205866667,0.2648934902459902,53.50004369121244,12.306490201729298,0.3968881884333847,0.1269922808679296,0.6400810149546252,2.42391761976407,1.396063568472525,151.10112117490408,19.35459440585792,Female,19.88,0,I,0.8475947900525345,-1.3701402822738027,-1.4531988172752182,-1.6198711876026477,-1.579412027832359,-0.9295204484758923,0.021833121457454176,-0.14578230553844382,0.6761404442303877,0.8677520789758234,0.636846560986923,2.317564506845461,-1.6800885984840925,0.8002649971060077,1.356706757566518
TCGA-86-8074-01Z-00-DX1.0c34b434-8701-4060-a4ea-08a72371ee1e,TCGA-86-8074-01,TCGA-86-8074,13,261,19.12858625949232,5.179941128936011,309.08745755575774,0.2707958162023359,59.67007150508795,13.644500250011005,0.397795007147008,0.1174399631781676,0.6167836152744299,1.960808877405608,1.4740590100671964,158.97439848558545,11.508861278362646,Female,0.79,0,II,1.3958302787531383,-1.0629987491891664,-1.1950381388720297,-1.2720742878284725,-1.2709980558124987,-0.8844077815872871,0.20583899973464861,0.033609487543465155,0.679481060258337,0.7062414139181936,0.2807978467542953,0.7201044306475636,-1.278489844584269,0.9844712607975754,-0.10135940079343504
TCGA-86-8075-01Z-00-DX1.171bd8bd-af24-4770-b24b-732e675efd75,TCGA-86-8075-01,TCGA-86-8075,6,386,24.85952540268535,6.410688867423273,454.00389461535593,0.2578765589278218,70.81982981929356,15.527247352771422,0.2297162946188678,0.1122541543380724,0.5952866478825695,1.834214925238624,1.408003694933277,127.75019798823575,11.081458616264882,Female,22.8,1,I,0.26644175299632983,-0.7884168177742155,-1.0084613535691598,-1.098483667118725,-1.0133624155238905,-0.9839978730524714,0.5084811923850423,0.2717388524331457,-0.023767509538018115,0.615801949122857,-0.047735281613637916,0.2172683794471389,-1.6220950323621002,0.12040653245574388,-0.19796946051758632
TCGA-86-8278-01Z-00-DX1.6500afef-f0f0-4e7c-a6c0-60da81993641,TCGA-86-8278-01,TCGA-86-8278,3,1725,173.85883624950418,89.48378524909,3161.912103598892,0.5146921903967663,35.33502851714743,9.92184255463702,0.2746173798455884,0.0580842220273152,0.5744785240790734,1.7353746062061626,1.7707400400793114,139.2368715747672,13.455996698625652,Female,31.01,0,II,-0.6453756321888109,0.6646584319213485,1.0265924299509779,1.0481321447625649,0.9350406091244785,0.6884102805338078,-0.6194636355563476,-0.491621313556571,0.1840740872201659,-0.49567817821390653,-0.36574097441746267,-0.20007514308946056,1.132998873827911,0.483335943497909,0.3108378645847082
TCGA-86-8280-01Z-00-DX1.52627b97-1cfa-4382-819b-949b58c0f995,TCGA-86-8280-01,TCGA-86-8280,19,2838,182.1653461243085,63.9685428579739,4311.889390454517,0.351156486230494,67.40640317582323,15.57925291709086,0.142103518279802,0.0805587232952179,0.532259887900774,1.8660991542858203,1.7167261134773637,120.24135098831424,11.556573080269692,Female,23.03,0,II,1.9769833158093426,1.3323063368442412,1.093471516874276,0.7747933221588572,1.3806081677691626,-0.3199104719962787,0.41943013980244775,0.2781053429536251,-0.4989748289548153,0.010461872578336804,-1.0109585237698453,0.34711028158855256,0.5185836147221715,-0.15432059729160985,-0.0907239396124999
TCGA-86-8668-01Z-00-DX1.d720d486-02c7-4f98-8feb-e0e50a12c158,TCGA-86-8668-01,TCGA-86-8668,3,1800,152.58226362778646,87.59842424930355,3207.209793882418,0.5741062045258004,36.61264253743602,11.79691503588498,0.6267417362811035,0.035534409348508,0.6490390136124945,1.2644009345879292,1.6886620414483815,106.18763378809686,7.500385065992539,Female,13.9,0,I,-0.6453756321888109,0.7175000044249046,0.8449621287435483,1.0307917105849977,0.9544803391099034,1.0478841402437709,-0.5679557628018388,-0.2166533819038732,1.4270251138607946,-1.1162198587962433,0.7737495608072544,-2.5855882374534076,0.24423477388667061,-0.772916646754973,-1.126416756654342
TCGA-86-8671-01Z-00-DX1.1fd0019c-df9d-48cc-9055-8de57759f273,TCGA-86-8671-01,TCGA-86-8671,4,86,7.647851681522545,1.0181480404357932,76.2657346382698,0.1331286330899527,74.90633150521622,11.244987949724331,0.2349873856359625,0.2445175955975939,0.6969107486309132,2.0306614702655583,1.311278662541346,173.73009592468833,48.940402123067,Female,27.56,0,II,-0.28179373570427474,-1.6725635896148694,-1.73323573584677,-2.5968134337768696,-1.9733972122701893,-2.2078405772745024,0.6114051169620085,-0.29516418102656355,0.0016259852550435565,2.500366788573991,1.5053620984881189,0.9838351716069657,-2.0616128382743986,1.2847338424625747,4.677821698499431
TCGA-86-A456-01Z-00-DX1.5C7CBF9B-0AE3-4776-9434-296AA0C605CC,TCGA-86-A456-01,TCGA-86-A456,2,1128,72.88507889979772,28.00293773094374,1516.5740631731144,0.3842067286425268,54.15767723174535,15.476418726949207,0.0964743667524414,0.098319709763562,0.5957498255174382,1.7393926478645303,1.654648829179619,118.88216475095884,13.642864719051152,Female,29.43,0,I,-1.1141142216331366,0.17637174408442854,-0.04653573665457908,0.10209995676658809,0.04654787975683518,-0.10673540770999639,0.0420982755303831,0.2655061312870464,-0.8071827954764378,0.36187179291261734,-0.04065664607404598,-0.18265082876109998,-0.05688539839211521,-0.2077588364368542,0.34824973048879787
TCGA-86-A4P7-01Z-00-DX1.37026DCF-5A81-4098-B444-C8A40CA168D0,TCGA-86-A4P7-01,TCGA-86-A4P7,4,574,47.61965519978954,12.345518076474658,1010.4664558799828,0.2592525717517001,81.84884989197052,12.053846202618804,0.3602794603738678,0.0483585310411055,0.407278298704861,2.010418987251924,1.327121419876469,121.97253649849716,14.31990035897528,Female,13.63,0,I,-0.28179373570427474,-0.47090483276204576,-0.468818524524852,-0.5648396942724551,-0.35875181500170084,-0.9732399369156429,0.7779968274598936,-0.1807324434380238,0.5379370649492795,-0.7450835460836157,-2.921022940692031,0.9083543346568673,-1.994025698881366,-0.08798121420335361,0.48100238129679046
TCGA-86-A4P8-01Z-00-DX1.D65E8855-F7A1-4584-A501-BBFBC61C2DEB,TCGA-86-A4P8-01,TCGA-86-A4P8,3,731,54.94675929362587,28.59863335631898,924.9109874664024,0.5204789822725101,32.34109042703748,13.303787327905251,0.3501408846089474,0.0778958987023816,0.6369611440763404,1.5949854307022795,1.2066020033126743,122.22586006201897,12.23461713547704,Female,26.45,0,III,-0.6453756321888109,-0.25580129332400303,-0.333459316009386,0.11924094788069692,-0.4400144846891295,0.7231469619474642,-0.7452315279453469,-0.011203861850692505,0.49843376796103717,-0.045448730389991504,0.5891663035318639,-0.835649942720941,-2.472529316206031,-0.07843141689276534,0.05735173979598604
TCGA-93-7347-01Z-00-DX1.a22b7163-07bd-4f6a-97c7-f1561c4d73cb,TCGA-93-7347-01,TCGA-93-7347,8,1074,53.26564963635546,13.089088611844486,1198.7033732380276,0.2457322627472616,91.58035435357245,20.16308835679649,0.1190222703777431,0.1238212139742184,0.5768286991693816,1.749974404480274,1.6383291985777897,107.94132096828876,12.33809627685745,Female,22.44,0,I,0.675924240436155,0.12430648134669911,-0.3633988500897128,-0.5172136088576701,-0.19489388367504645,-1.080626834096248,0.9963427644156819,0.8026852492449805,-0.6474530740963876,0.8148311606434547,-0.32982379779636883,-0.13695471866559925,-0.19098200019776795,-0.6869293733757769,0.07946520257328675
TCGA-95-7043-01Z-00-DX1.AE0FD8AA-9B88-45FE-B247-402BED1285EF,TCGA-95-7043-01,TCGA-95-7043,4,1196,54.24083717425415,18.90287400410877,1023.8972568227412,0.3484989352834174,54.16622131640852,22.04980716204157,0.0535350343892456,0.1633350516553238,0.6711248477791545,1.9646237549140069,1.2555326295499922,116.01936945095,16.783129181341845,Female,16.52,1,I,-0.28179373570427474,0.23962329494192533,-0.3459559267068724,-0.21792326697894707,-0.3464165213227566,-0.3374229877218754,0.04236048141299892,1.0010063129412863,-1.1751341098857881,1.4325830637640389,1.1112822024642144,0.7347484398948395,-2.287656828851945,-0.32440939232248334,0.9313832135912443
TCGA-95-A4VK-01Z-00-DX1.D09778E0-285E-4593-84C8-B6009DDF4E41,TCGA-95-A4VK-01,TCGA-95-A4VK,20,1583,192.54236292073097,74.99703583823819,2864.625432375534,0.3895092731832434,38.196515373677855,8.22156732672755,0.2705715701242236,0.0640464028501711,0.5228220227408956,1.7637133200778552,1.4426434447739378,142.71741876481516,13.506767318510626,Female,21.39,0,III,2.0564802150656214,0.5602560394362617,1.1742235427321532,0.9043164010430386,0.8026097389497071,-0.07322922702207667,-0.5057382088936732,-0.7644649390832505,0.16607966313799216,-0.3530481112964506,-1.155195211185746,-0.07803532134201016,-1.4469829454628815,0.5817733153045558,0.3210364765065781
TCGA-95-A4VN-01Z-00-DX1.B997A80F-C396-40AB-808A-B70EB83A2B74,TCGA-95-A4VN-01,TCGA-95-A4VN,11,1391,232.14554830727545,135.62664445103735,2694.7049674681466,0.584231080199382,19.86855148098104,5.991930537297346,0.2780361090184721,0.0471495050678361,0.6115370940617505,1.57792732172218,1.26327868180443,153.99417108717225,15.916437213772792,Female,18.17,0,II,1.1446628298804808,0.4086462832239841,1.458145912257697,1.3867649436689462,0.7227546982679018,1.1101487668470056,-1.3746575376735215,-1.1695140680521585,0.1991763960847182,-0.7777809380212263,0.20061648928045295,-0.9166608930972463,-2.257280365640182,0.8701409397589785,0.7782752152430322
TCGA-95-A4VP-01Z-00-DX1.1B145AC0-2471-4974-BBB6-C88BDF0BE8BD,TCGA-95-A4VP-01,TCGA-95-A4VP,18,1099,243.17108790361388,111.0295469347306,2981.76265384024,0.4565902463648951,26.85557796244172,4.519451755035995,0.2547819102831059,0.0684030425570997,0.6234275925595776,1.669597311082812,1.4672269550520205,240.79565973779447,23.18854458395865,Female,19.88,0,III,1.8934079082274087,0.14862264027180044,1.531361252593286,1.2238122028798242,0.8558367310252629,0.33939178321152674,-0.9974857279322792,-1.480376375011128,0.09453140703138804,-0.25298498394161334,0.3823361987695438,-0.4912026876681049,-1.315973498989142,2.185723049424319,1.925804216271276
TCGA-97-7546-01Z-00-DX1.dad9871f-cdfb-424d-a5b2-4e0905c29137,TCGA-97-7546-01,TCGA-97-7546,7,1433,48.92197808423818,6.477273164150892,1647.70512878851,0.132400066755227,254.38252904137136,29.29153840698212,0.0279913879692958,0.1372470845887567,0.5026465889319423,1.9050017106461683,1.621254060295768,87.03366679410766,11.922474981825312,Female,42.21,0,I,0.48401289356799765,0.442950019330904,-0.4437917715880377,-1.0900694172832706,0.13628877871965642,-2.2173247506841807,3.4064788341427286,1.6927937771062602,-1.4726934411742316,1.0345148649884777,-1.4635316506755938,0.5025608043602092,-0.3249583743888636,-1.9376894803769231,-0.01011773610878496
TCGA-97-7547-01Z-00-DX1.3563966f-21ee-4405-9106-9e0bf8df9f1a,TCGA-97-7547-01,TCGA-97-7547,9,2871,147.8447737799134,33.32029437996119,2886.010659072991,0.225373501734751,86.61420052785118,19.41901581366593,0.0508864997582493,0.190397710069628,0.5943238209777564,1.860751646651,1.689883790043984,116.77508432025073,15.431425652258431,Female,64.55,0,I,0.8475947900525345,1.3491638717697998,0.8022494729553763,0.24367500766598288,0.812434021768002,-1.250168483479125,0.886960701864891,0.7219318645954798,-1.2020524691047025,1.8131578415715328,-0.062449940167515046,0.32548924593211576,0.2556539958444765,-0.2930605866534829,0.6901559956950268
TCGA-97-7553-01Z-00-DX1.e31eec5e-0053-407a-b057-9b87555b122d,TCGA-97-7553-01,TCGA-97-7553,4,288,16.019042065598164,4.407604428875577,318.4548942477657,0.2751478153828666,72.25124200381264,17.978603141226337,0.2634199683223796,0.1002822921916551,0.569503109454972,1.8872401372361307,1.555032050924627,112.89131749603372,14.217506664165407,Female,61.43,0,I,-0.28179373570427474,-0.9972590496197382,-1.3124049032673086,-1.4035559777419426,-1.2521526076108425,-0.8515396645470241,0.5449732160978922,0.5610817982883506,0.13393943864214908,0.39867876878876113,-0.44177907326123395,0.43198507535723074,-0.7929385563532887,-0.4586322985802544,0.46119764035783195
TCGA-97-7554-01Z-00-DX1.4107ca63-4642-42b9-b6f2-13778ecaf9a7,TCGA-97-7554-01,TCGA-97-7554,3,2531,327.60024118253097,187.7538606142722,4195.113866357494,0.573118810708263,22.343688979988944,7.7258795380122685,0.6194195763548743,0.0368561923660195,0.6057671297842179,1.614116245670907,1.2618890631846045,134.6288930860712,13.984785877030076,Female,25.46,0,III,-0.6453756321888109,1.1688292569058263,2.0296034414050648,1.651602295655406,1.3392863843150256,1.0418333022532014,-1.2321918240321998,-0.8492249127391075,1.4054845541922445,-1.0751591997797254,0.11243547378583173,-0.7458198336285309,-2.2627532508350754,0.345182525603605,0.4158290136154311
TCGA-97-7941-01Z-00-DX1.6845ef95-2231-44a2-aeae-004a117f1964,TCGA-97-7941-01,TCGA-97-7941,12,3377,158.94446937524535,51.4023899129678,3399.716628953084,0.3233984177934122,66.1392716313255,21.2464140040468,0.101830242899335,0.1307273526867047,0.6025216904174868,2.013363741383884,1.4927907068624795,106.79323982226894,13.460451676570598,Female,15.9,0,I,1.2750814742208807,1.5928530068391038,0.9009540459151707,0.5966964818147343,1.0351130543751632,-0.506120139151158,0.38560791794946536,0.9176386678347338,-0.7676819163170755,0.9292450317617134,0.06283618246977793,0.9193819442775899,-1.1731665522678048,-0.7429031766318398,0.31173378956689834
TCGA-97-8177-01Z-00-DX1.4c2ddf48-40d3-4fa0-8b5f-0485e8270ac7,TCGA-97-8177-01,TCGA-97-8177,10,5091,330.16497402658706,155.79814239338955,7856.576309909477,0.4718796803104971,50.42792031545318,15.41956415882576,0.2104614400254471,0.0520433815975801,0.5068895305494194,1.7426572644523664,1.831891302501101,112.41788829976714,10.20236051113353,Female,16.39,0,I,1.0028896920268398,2.2712607795827595,2.0433167962385497,1.499674484293174,2.384799486074245,0.43153469767213753,-0.07510183393704215,0.258522356132542,-0.11909829907696629,-0.6478735813882716,-1.3986877655981071,-0.1685233681027773,2.034028549177567,-0.4795976813255115,-0.40478326469284803
TCGA-97-8552-01Z-00-DX1.69631717-0E05-49C1-B112-15C2E36BC2F8,TCGA-97-8552-01,TCGA-97-8552,2,2795,99.57421226296304,23.461943104211983,2938.324056039577,0.2356226835342862,125.23788174697587,28.069516559355296,0.0189732400686712,0.1092488719428899,0.5111753798079949,1.911022308572752,1.4043118953528737,98.22628491024976,10.57269274291141,Female,20.57,0,I,-1.1141142216331366,1.3101432229778935,0.303384482455344,-0.04197710946497619,0.8362637086702663,-1.1635487688199175,1.6496260658981625,1.5826218982056568,-1.6099916413614184,0.562432319476285,-1.333188133070111,0.5263344439142246,-1.640150206071908,-1.2018884202808515,-0.3162662218692012
TCGA-97-A4M0-01Z-00-DX1.BDDFB04C-2475-485A-9A85-C4B9EB15155E,TCGA-97-A4M0-01,TCGA-97-A4M0,6,916,37.31025980317225,8.61256468216001,854.8459275399891,0.2308363631771799,99.255675758315,24.55088774059189,0.0569235948619296,0.1686000661897783,0.6142020093968106,1.8844169159778243,1.588538759230136,98.87442482176635,12.771449977716928,Female,21.42,0,I,0.26644175299632983,-0.0388411473922961,-0.6851895262585393,-0.858051902596293,-0.5103836233931182,-1.2036643331456782,1.1578701793029456,1.251250350492147,-1.1416476256406352,1.5089623107910752,0.2413437675008436,0.4207058418309911,-0.5655726986165924,-1.1643824159488707,0.17075280764202513
TCGA-97-A4M1-01Z-00-DX1.1C4B8247-BA3F-4841-BC9D-554F03F7894C,TCGA-97-A4M1-01,TCGA-97-A4M1,2,4465,137.53512217161867,36.21793119750083,5015.262984653161,0.2633358710534134,138.47458479349123,32.4644347530989,0.0119302598424838,0.1130252128985183,0.5072119760697978,2.0949468131634874,1.7225383067252125,93.43218160061068,9.815895420832726,Female,19.74,0,I,-1.1141142216331366,2.044246366859415,0.7060407651732482,0.311579087769378,1.6149275548185018,-0.9415322351762858,1.8741979001538651,1.9685564946296186,-1.742435508941222,0.6293793309095047,-1.3937599060722907,1.2186502143807263,0.5787925154277074,-1.4954687156266107,-0.4994710618917626
TCGA-97-A4M3-01Z-00-DX1.16330A66-2501-48D2-AF6A-713698BF6918,TCGA-97-A4M3-01,TCGA-97-A4M3,5,2597,150.2509669041319,69.52233512295486,3932.626607134441,0.4627080714050501,56.56637683672924,17.284414559921096,0.137082704553884,0.0720627114382635,0.5667683581241668,1.8900622772397333,1.68541031007432,107.84927589281922,9.833273070711767,Female,17.74,0,I,0.015274304123671877,1.2050459993115235,0.824055648326564,0.8425906810087719,1.2435209603723263,0.376310651655453,0.1149521184112955,0.4812612921522694,-0.5301815190119733,-0.17136769495833193,-0.48357363868249287,0.44324313818087835,0.21405905364899785,-0.6913730179919497,-0.4951605096757295
TCGA-97-A4M6-01Z-00-DX1.01D83621-3D8E-4339-9F9B-CBD3083D5AE0,TCGA-97-A4M6-01,TCGA-97-A4M6,9,1501,84.86608067463398,22.1102028781042,2154.171205832547,0.2605305052659611,97.42883037793511,17.686689288205116,0.0476304672811771,0.0753751467758269,0.4716701043218486,1.9286771920673984,1.76088016938321,118.59430604856624,9.033696334058872,Female,18.66,0,I,0.8475947900525345,0.4970955796556065,0.11959781770711314,-0.09029913624375223,0.44388822984262444,-0.963281997962359,1.1202008080037225,0.5277075759165715,-1.236124307391436,-0.09926374629634366,-1.9369380251323238,0.5956191641465035,1.0107061980004435,-0.21923356822734497,-0.699009168351505
TCGA-99-7458-01Z-00-DX1.10ea0b2c-c763-40d1-83a4-3d4ae957fdb0,TCGA-99-7458-01,TCGA-99-7458,2,210,7.684610974890038,2.027104248337209,250.70768900557275,0.263787490994782,123.6777483009189,27.327343008798824,0.1741356248622648,0.0983572007482173,0.6298434577892879,1.873308018330947,1.700356599662426,92.55199796521865,8.284349170497839,Female,24.54,0,III,-1.1141142216331366,-1.2007686682274086,-1.7308270843606153,-2.036055435859817,-1.3979924591924906,-0.938044828629122,1.6221308878302219,1.5145373824844917,-0.3116739362323747,0.36257833640374615,0.4803883675560054,0.3761592961822785,0.35542640904610223,-1.5526738123630213,-0.9012827174665925
TCGA-99-8025-01Z-00-DX1.76d4e012-91a7-4f1d-ba0f-4cecd812ec49,TCGA-99-8025-01,TCGA-99-8025,6,1562,50.44349454914009,16.91825248723573,1195.9270441353767,0.3353901754517548,70.6885681625608,30.965340802833563,0.0855984301422012,0.1864367187180732,0.6677603257223936,1.841553750778696,1.6626889418382174,95.2372758506924,11.142081059839738,Female,34.82,0,III,0.26644175299632983,0.5442925957780835,-0.4151091084323768,-0.3082481449301863,-0.19718110679998507,-0.42474653677679,0.5051103155631712,1.8400312909091034,-0.8909243714296857,1.7592287201565515,1.0598629982285004,0.24735308440234724,0.011527746254121746,-1.3814594491517356,-0.18411690805694175
TCGA-99-8028-01Z-00-DX1.23de89b1-67f8-41fb-980a-010ea190d687,TCGA-99-8028-01,TCGA-99-8028,3,147,15.715111532871765,2.786212338969728,191.1188540202142,0.1772951043421948,68.59450421172322,9.35405387944691,0.1232694054567323,0.1206460214732576,0.6008604043610997,1.889907994664716,1.542027010141808,193.8207553597027,34.918373047045534,Female,36.73,0,I,-0.6453756321888109,-1.4062387534680973,-1.324667376007603,-1.777041442805912,-1.5499773445011982,-1.7000528305876816,0.45075997066910023,-0.5799297629420049,-0.6191165523723511,0.7611579434448843,0.03744713594661326,0.44262810962145854,-0.8766039039679788,1.620056248145794,3.3489275690370923
TCGA-99-8033-01Z-00-DX1.06f8ca81-c0a7-4ab5-b2fe-d5fc6671e29d,TCGA-99-8033-01,TCGA-99-8033,3,112,6.617311646159559,1.6996984658260086,103.5188354755549,0.2568563423807385,60.90423540227618,16.925302296288347,0.2602811757468994,0.1791999293843246,0.6954109368880229,1.6574402289643828,1.530962965913501,123.1831839917558,16.718172604746634,Female,21.55,1,IV,-0.6453756321888109,-1.5472753307931644,-1.8041578913130272,-2.1795035849700204,-1.8466974176395072,-0.9919983216322261,0.24110350727233817,0.43933975614486764,0.11969563965705299,1.6591985333356767,1.4824408261582707,-0.5462632154995328,-0.9459326440424363,-0.042696883945528216,0.9200933967177988
TCGA-99-AA5R-01Z-00-DX1.4DE7FC30-D338-49CE-B8D9-EB0F34A3DD0B,TCGA-99-AA5R-01,TCGA-99-AA5R,3,400,18.054594780697137,3.081710122595644,402.8265806674315,0.1706884125635663,130.71527322243443,22.15502507027493,0.0781531478383072,0.1330255824948523,0.6531389988938834,1.893700585704964,1.597182992913341,111.31655003533751,14.693014678804175,Female,21.62,0,I,-0.6453756321888109,-0.7615928721589753,-1.2340309505902902,-1.6949569062069625,-1.0970699757722742,-1.7689597022931478,1.7443871534888848,1.0118114630765205,-0.951361491941568,0.9666464150041711,0.8364086776121293,0.45773227551269347,-0.5039084857000982,-0.5290594099047577,0.552380576754119
TCGA-J2-8194-01Z-00-DX1.7700924D-B6AF-46A7-A7D7-B5C17A66C5F7,TCGA-J2-8194-01,TCGA-J2-8194,9,1225,388.32198259959074,287.02090048139826,3623.607951355832,0.7391312193040415,12.624892282332857,3.154598644659091,0.9109626788961735,0.0166041431397559,0.7222786927385318,2.2478406351286893,1.3632774581849567,182.58251178361263,8.316734160833835,Female,23.78,0,II,0.8475947900525345,0.2658693366749212,2.3368555198331413,1.997217685902512,1.1251499143098187,2.1612542111952378,-1.8754200384677746,-1.8181200438842104,2.182989858747623,-1.8212447502345612,1.8930544592763887,1.7493729373653155,-1.8336216260362022,1.4415790645011402,-0.892294138314314
TCGA-J2-A4AE-01Z-00-DX1.42C5DE4A-7787-4E59-8969-D12503262C96,TCGA-J2-A4AE-01,TCGA-J2-A4AE,7,1289,61.27587703847541,20.69546389751538,2001.257890597861,0.3377424346700187,96.7003156106167,21.036010617859144,0.2307808543943197,0.0448282848206342,0.4802546140400124,2.411727560161632,1.6980024593506442,96.2596750862919,6.623654057329809,Female,35.45,0,I,0.48401289356799765,0.3223594869480609,-0.22592779946912536,-0.14414560502965726,0.3566299139904617,-0.40895710944957603,1.1050475713917616,0.8955459149211398,-0.018615698797922877,-0.8417541547008596,-1.805742969485491,2.2795788963343453,0.33269845248116126,-1.318781773466546,-1.3976286377801046
TCGA-J2-A4AG-01Z-00-DX1.487780B8-18E7-494A-8054-5637239870EB,TCGA-J2-A4AG-01,TCGA-J2-A4AG,2,2053,94.00619279136107,33.460218928033804,2766.6394442914384,0.3559363264747459,82.68443940076791,21.83898676288766,0.1211291714603694,0.083721809776353,0.5163701728060296,1.921161610791256,1.3713687522922682,101.92492204639711,8.731255799294697,Female,32.46,0,I,-1.1141142216331366,0.885607086204285,0.23608568021872603,0.24708747706303946,0.7569590325616994,-0.2885644373140379,0.7974035534805666,0.9792786623592553,-0.6333339174598017,0.07568879418574483,-1.2537973258107398,0.5662029099076924,-1.7964787825005213,-0.99426452151807,-0.7792493440927741
TCGA-L4-A4E5-01Z-00-DX1.C2A5EF71-1F40-4E34-AC30-58D7121C1338,TCGA-L4-A4E5-01,TCGA-L4-A4E5,4,1646,178.9780637485569,95.50980251898976,2754.9008570396086,0.5336397127033946,28.84416870710066,9.196657766464812,0.146384839140522,0.0610943483157492,0.5883026944634617,1.770462731489528,1.2313426833222516,142.6448734238465,15.731422143871155,Female,18.99,0,I,-0.28179373570427474,0.6073151024240636,1.0680546916726656,1.1012024204967836,0.7514182321339513,0.8022853693107138,-0.9023802411413092,-0.6048810717662277,-0.47279730176601764,-0.42279806974527706,-0.15446940942480789,-0.049258353056443126,-2.3805236116585906,0.579770595932958,0.7448748244275413
TCGA-L9-A443-01Z-00-DX1.9F68A13A-2865-41BF-88A7-B0DF75961C6F,TCGA-L9-A443-01,TCGA-L9-A443,5,1124,95.89097339021612,45.99746180836506,1862.910778805019,0.4796850024786403,40.5002951372902,11.721645534100745,0.1530474786728047,0.0717452211764497,0.5928331105494082,1.7023943049970915,1.521202278264162,131.88349333788562,10.528179928799648,Female,6.34,1,I,0.015274304123671877,0.17257277764201256,0.2591569074034925,0.5062270261305057,0.2737659574169278,0.47844063566201794,-0.4182401888762419,-0.22725055276040693,-0.43280955855883557,-0.17836495464577412,-0.08523211923437975,-0.34463844206332095,-1.0057498812093726,0.2582823618450952,-0.32679528477408687
TCGA-L9-A444-01Z-00-DX1.88CF6F01-0C1F-4572-81E3-1A5790692861,TCGA-L9-A444-01,TCGA-L9-A444,8,1500,131.21272039211536,67.98346736813673,2456.77218607398,0.5181164384441942,36.13778880636276,11.431818466360642,0.2697519794979856,0.0508207289743109,0.5707609154115844,1.9192226070401968,1.3963458581682662,122.37649917834074,11.300294177384886,Female,10.09,0,I,0.675924240436155,0.49631129542713565,0.6446394632371911,0.8243633795447851,0.6050841026396969,0.708961740399316,-0.5869577625459672,-0.2683764295423672,0.16241804382531833,-0.679735179572702,-0.422556318801358,0.5585949047514962,-1.6787307899582444,-0.07277136575649107,-0.14819948296439642
TCGA-L9-A8F4-01Z-00-DX1.E2BBB8DE-94E2-4781-9B55-8A4CFBF8A69D,TCGA-L9-A8F4-01,TCGA-L9-A8F4,21,2888,175.70773361528634,53.6132398908241,3627.076749939905,0.3051273770806854,67.6526312777579,16.436385243709886,0.0684363496847076,0.129228717264071,0.6243383522242982,1.9344845893425129,1.724449704789235,126.93119910210577,15.09601979277924,Female,15.64,0,I,2.1322782177836483,1.3577976794981415,1.041659983750684,0.6309885339866416,1.126515302779567,-0.6332221895886754,0.42595315713779375,0.381543654302129,-1.034751440010361,0.9046789124670717,0.39625512586226935,0.6182711225849121,0.5988687165106619,0.09202099843559561,0.628132253265796
TCGA-MP-A4T6-01Z-00-DX1.085C4F5A-DB1B-434A-9D62-E2187D133B0A,TCGA-MP-A4T6-01,TCGA-MP-A4T6,7,3408,329.4707520746841,200.4063055278996,6417.9435741029865,0.6082673629326334,32.02465889083271,10.343862022773656,0.2415558947129881,0.0477482053074262,0.6340118686235733,1.5607658037912533,1.7639248352874026,133.1495706693333,8.615984278480184,Female,58.8,1,III,0.48401289356799765,1.6069669254183354,2.039611895207047,1.704708020712386,2.0236178900682824,1.2598324287229594,-0.7589710478911093,-0.4276108628193203,0.032874470838728166,-0.7615377053397512,0.544093216093344,-0.9990515486872427,1.0479228190787884,0.2988027636268688,-0.810319486030258
TCGA-MP-A4TH-01Z-00-DX1.E89D2C19-F9B2-4BF2-AA5F-6104CBC076D1,TCGA-MP-A4TH-01,TCGA-MP-A4TH,14,1696,186.06399916691893,108.15493412345712,3374.388034630923,0.5812781333718984,31.19957551616752,9.115143217353454,0.759026368171666,0.0191712174723854,0.6147793807058274,1.6459548930164365,1.6219446116955167,117.24684251053768,7.960656347074571,Female,24.34,0,I,1.508244726365017,0.6438158013437986,1.1241611925152184,1.2024513579580893,1.0246808980334448,1.0919464010075666,-0.7952272428080166,-0.6178871506683988,1.7964818004051715,-1.7077396885011649,0.250167598273039,-0.5986536159634576,-0.31965835501724704,-0.27369583971271044,-0.9924396468005914
TCGA-MP-A4TJ-01Z-00-DX1.14EDBE5C-5D0C-4002-BE95-AF5C9D9F3D43,TCGA-MP-A4TJ-01,TCGA-MP-A4TJ,9,1562,182.42635496642268,66.80672862840731,1958.93312926388,0.3662120456263226,29.32239266137197,8.562359316380032,0.117736826567902,0.1334596937285286,0.6441382492154624,1.8145731139814285,1.7232608868023769,172.88786685653182,28.71574281394424,Female,11.14,1,I,0.8475947900525345,0.5442925957780835,1.095539744657667,0.8101447823882028,0.33169605928679846,-0.22180149115400877,-0.8801651766925805,-0.7076659397714368,-0.6561287713947882,0.9736747636877645,0.6988523239364955,0.13615287351464794,0.5863657653272333,1.268974634971875,2.6447954550556796
TCGA-MP-A5C7-01Z-00-DX1.26E5FA5A-3E6D-4CD3-8FA2-F331B7012311,TCGA-MP-A5C7-01,TCGA-MP-A5C7,4,720,96.72945017995656,62.986700898417176,1443.0637517087505,0.6511636402485076,22.91061019430236,7.443441461318179,0.6750397575052893,0.0325749742346355,0.6250670338471368,1.7455999233582666,1.676704925906443,122.71200253242,7.316107001401015,Female,73.85,0,I,-0.28179373570427474,-0.26980586515486,0.2693234192891675,0.7621975854801195,-0.006041976936971791,1.5357988659986264,-1.2010587615085933,-0.8987396757140799,1.5660645786958103,-1.2110173085409808,0.4073913967962813,-0.1558118237239006,0.13478411976678267,-0.060215243945308444,-1.181594052298713
TCGA-NJ-A4YF-01Z-00-DX1.4A3DE76A-9F1E-4766-A013-5E7E3A665071,TCGA-NJ-A4YF-01,TCGA-NJ-A4YF,16,3783,299.03739045664224,154.85415204355235,6793.347647413004,0.5178421059890999,43.869328382634464,12.650591935086128,0.2118415411050667,0.0600168852035983,0.5552719180580784,1.8084567403188587,1.8015434138323567,123.08770520703897,9.667549209923074,Female,70.99,0,I,1.7121809486630295,1.7712936355443936,1.8718040127680522,1.4947254747006091,2.1226851698246705,0.707314916581774,-0.29606886304300023,-0.09875219660020924,-0.11212397004564793,-0.4486744326705506,-0.6592710452588534,0.11071450246014859,1.5520412843894371,-0.0462359160700024,-0.5364773235320437
TCGA-NJ-A4YI-01Z-00-DX1.C4111D01-27BF-486F-8E0E-C8053DB16133,TCGA-NJ-A4YI-01,TCGA-NJ-A4YI,11,6937,370.1858085441015,156.04546733568807,8605.75301870614,0.4215328187468803,55.1490098728294,18.73923807960772,0.2335850720606801,0.0759018805279252,0.5424537227296277,1.829817989441234,1.7860363766179348,100.62547371615304,9.579493671726135,Female,0.13,1,III,1.1446628298804808,2.8475836591221193,2.248662829034434,1.500966164867778,2.555572765591549,0.12595017750503684,0.0723387041262171,0.6467928271816777,-0.005101616518726054,-0.08794511129381333,-0.8551685285886027,0.19918590938431052,1.3335385421789046,-1.0654701644523186,-0.5586228974045342
TCGA-NJ-A55A-01Z-00-DX1.42C356FE-52A3-4A60-886B-75F84ADBC534,TCGA-NJ-A55A-01,TCGA-NJ-A55A,6,1496,73.24787491981539,17.600134373596973,1459.9065248912175,0.240281842891195,82.94860106757548,20.4238007128217,0.0387203807281536,0.1690495180549223,0.6157723157473974,1.8720922209950384,1.7078937344051892,111.62470268362097,15.744791170949306,Female,0.49,0,I,0.26644175299632983,0.4931706681497397,-0.041247488086852864,-0.2760716204254724,0.0061624593404613825,-1.1250369103525588,0.8035115450157654,0.8306265538535454,-1.33583275798798,1.515426869940066,0.26534239244408425,0.37126793472421377,0.429413330501435,-0.5151217592791262,0.7472970583753223
TCGA-NJ-A55O-01Z-00-DX1.8E23C821-B8BB-4D89-9E38-E97424A685CE,TCGA-NJ-A55O-01,TCGA-NJ-A55O,10,906,55.83756086399853,17.54143375101037,1313.4111036464185,0.3141511462818977,74.87478630820397,16.225637115609516,0.1651093541785708,0.073094925787453,0.5538985477843874,1.686132972455992,1.6995792974994424,125.23692004362002,12.290988579241652,Female,0.43,0,II,1.0028896920268398,-0.04977956023339751,-0.31784169299865456,-0.2787921029722941,-0.10332862983346501,-0.5699479344551706,0.6106251283214332,0.35636571640751685,-0.362571044788123,-0.1487243057310297,-0.6802599421668921,-0.4169512569521039,0.347902289554591,0.03212084920954066,0.06941369405204843
TCGA-O1-A52J-01Z-00-DX1.26F6ECCA-D614-4950-98E6-4D76E82F71B4,TCGA-O1-A52J-01,TCGA-O1-A52J,5,2461,93.46838138224214,24.937455086896875,3153.7038225807505,0.2668009728863743,126.46454145346335,26.329759471661934,0.0347745096045214,0.0895912377145296,0.4888316098511644,2.00168995703557,1.712520927329661,97.4092889427329,6.898743769079666,Female,59.07,1,I,0.015274304123671877,1.1297228176887169,0.2294459558924959,0.0076891380519869875,0.9314981485868407,-0.9148720050650002,1.6710843086439664,1.4215486902611805,-1.383648842026937,0.19353922495202777,-1.6746627471233655,0.8755704243242391,0.4757871274270265,-1.2498767400257205,-1.3100812711509433
TCGA-S2-AA1A-01Z-00-DX1.4B5D5FAE-8305-4D2D-B245-584589352886,TCGA-S2-AA1A-01,TCGA-S2-AA1A,9,2123,122.52728615631094,45.197831682242494,3342.489164810356,0.3688797254889214,73.95242294606726,17.326752812362457,0.0728021158519481,0.0849337635628393,0.5960522034079283,1.7105301699259228,1.7178734762713872,121.10277918616096,8.840275798217093,Female,16.85,0,I,0.8475947900525345,0.9296555854799958,0.5569849788238912,0.4919462496183438,1.0114680842584776,-0.204600930668417,0.5877211996482852,0.4861749011386012,-0.9965975437904182,0.10035357466290011,-0.03603547544559546,-0.3087177526713513,0.5303707549872377,-0.12107341463665423,-0.7501148523298776
