group_name,patient_id,wsi_name,sample_id,subject_id,wsi_n_clusters_scored,wsi_necrosis_area_um2,wsi_necrosis_perimeter_um,wsi_necrosis_fraction_of_cluster,wsi_dominant_necrosis_phenotype,clinical__sample_id,clinical__subject_id,SEX,AJCC_PATHOLOGIC_TUMOR_STAGE,AGE,OS_STATUS,OS_MONTHS,OS_Status,stage,clinical_match
female_psg_negative,TCGA-05-4390,TCGA-05-4390-01Z-00-DX1.858E64DF-DD3E-4F43-B7C1-CE35B33F1C90,TCGA-05-4390-01,TCGA-05-4390,1,5991.25,1278.48,0.0461,focal,TCGA-05-4390-01,TCGA-05-4390,Female,Stage IB,58,0:LIVING,36.99,0,I,matched
female_psg_negative,TCGA-05-4405,TCGA-05-4405-01Z-00-DX1.D57EC2B2-3A59-4954-86A7-61782938BCC5,TCGA-05-4405-01,TCGA-05-4405,9,10335.15,3059.16,0.0152,focal,TCGA-05-4405-01,TCGA-05-4405,Female,Stage IB,74,0:LIVING,20.04,0,I,matched
female_psg_negative,TCGA-05-4417,TCGA-05-4417-01Z-00-DX1.6E534856-996F-4BD9-8AFC-7B1BF627E505,TCGA-05-4417-01,TCGA-05-4417,19,20821.78,5042.93,0.0084,focal,TCGA-05-4417-01,TCGA-05-4417,Female,Stage IB,51,0:LIVING,14.95,0,I,matched
female_psg_negative,TCGA-05-4425,TCGA-05-4425-01Z-00-DX1.82B093EE-49BC-4FD9-91AC-4CC89944309D,TCGA-05-4425-01,TCGA-05-4425,1,284.91,114.18,0.0033,focal,TCGA-05-4425-01,TCGA-05-4425,Female,Stage IV,70,0:LIVING,21.98,0,IV,matched
female_psg_negative,TCGA-05-4427,TCGA-05-4427-01Z-00-DX1.36CF4E93-3FBB-4346-A26B-85F0D9D0575D,TCGA-05-4427-01,TCGA-05-4427,5,0.0,0.0,0.0,absent,TCGA-05-4427-01,TCGA-05-4427,Female,Stage IIB,65,0:LIVING,25.99,0,II,matched
female_psg_negative,TCGA-05-4430,TCGA-05-4430-01Z-00-DX1.95659bbb-3091-4370-bc1d-6c6c1baa7b3d,TCGA-05-4430-01,TCGA-05-4430,8,0.0,0.0,0.0,absent,TCGA-05-4430-01,TCGA-05-4430,Female,Stage IB,59,0:LIVING,25,0,I,matched
female_psg_negative,TCGA-05-4434,TCGA-05-4434-01Z-00-DX1.f3f5c89c-306f-4876-98fa-f7bd231f2e10,TCGA-05-4434-01,TCGA-05-4434,3,30837.47,1719.91,0.1158,present,TCGA-05-4434-01,TCGA-05-4434,Female,Stage IV,67,1:DECEASED,15.01,1,IV,matched
female_psg_negative,TCGA-38-4625,TCGA-38-4625-01Z-00-DX1.ffdbfc1d-7a21-4e67-a54f-89597bd14a7f,TCGA-38-4625-01,TCGA-38-4625,5,0.0,0.0,0.0,absent,TCGA-38-4625-01,TCGA-38-4625,Female,Stage IB,66,0:LIVING,97.67,0,I,matched
female_psg_negative,TCGA-38-4626,TCGA-38-4626-01Z-00-DX1.142bc018-bd79-4db9-84e2-f83a617ea92a,TCGA-38-4626-01,TCGA-38-4626,50,25540.41,6364.75,0.0053,focal,TCGA-38-4626-01,TCGA-38-4626,Female,[Discrepancy],57,0:LIVING,120.7,0,,matched
female_psg_negative,TCGA-38-6178,TCGA-38-6178-01Z-00-DX1.5932337D-BA2B-455D-9E34-22961EFA2170,TCGA-38-6178-01,TCGA-38-6178,29,4464.66,1715.42,0.0015,focal,TCGA-38-6178-01,TCGA-38-6178,Female,Stage IIIA,70,0:LIVING,14.72,0,III,matched
female_psg_negative,TCGA-44-2655,TCGA-44-2655-01Z-00-DX1.ee255271-780c-461c-ab23-5cd3504b5e4a,TCGA-44-2655-01,TCGA-44-2655,4,1533.47,462.72,0.0022,focal,TCGA-44-2655-01,TCGA-44-2655,Female,Stage IA,65,0:LIVING,43.5,0,I,matched
female_psg_negative,TCGA-44-2657,TCGA-44-2657-01Z-00-DX1.b7f608bd-2381-40a2-a757-ca4648a7de8a,TCGA-44-2657-01,TCGA-44-2657,20,12923.03,2978.52,0.0047,focal,TCGA-44-2657-01,TCGA-44-2657,Female,Stage IB,74,0:LIVING,44.38,0,I,matched
female_psg_negative,TCGA-44-2659,TCGA-44-2659-01Z-00-DX1.b33f40e6-bc18-48b0-8dad-bdb0a6a200b5,TCGA-44-2659-01,TCGA-44-2659,10,1036.38,322.6,0.0012,focal,TCGA-44-2659-01,TCGA-44-2659,Female,Stage IIB,65,0:LIVING,44.91,0,II,matched
female_psg_negative,TCGA-44-2661,TCGA-44-2661-01Z-00-DX1.20cfa0f8-e3ca-4c26-9dfe-b9d416cd94b1,TCGA-44-2661-01,TCGA-44-2661,8,4445.13,1147.54,0.0048,focal,TCGA-44-2661-01,TCGA-44-2661,Female,Stage IA,69,0:LIVING,38.07,0,I,matched
female_psg_negative,TCGA-44-2665,TCGA-44-2665-01Z-00-DX1.d429e37e-3915-4da6-b5bc-bf2f09f4fbf7,TCGA-44-2665-01,TCGA-44-2665,12,14616.62,3695.36,0.0101,focal,TCGA-44-2665-01,TCGA-44-2665,Female,Stage IIB,55,0:LIVING,42.74,0,II,matched
female_psg_negative,TCGA-44-3396,TCGA-44-3396-01Z-00-DX1.187b0a68-ad51-4fcd-819c-b74a8599dbe9,TCGA-44-3396-01,TCGA-44-3396,13,72518.82,9408.18,0.0748,present,TCGA-44-3396-01,TCGA-44-3396,Female,Stage IIIA,74,0:LIVING,37.12,0,III,matched
female_psg_negative,TCGA-44-3398,TCGA-44-3398-01Z-00-DX1.74757c91-a0c6-4e7f-b2db-8748c68ffa44,TCGA-44-3398-01,TCGA-44-3398,23,24634.23,2662.56,0.0075,focal,TCGA-44-3398-01,TCGA-44-3398,Female,Stage IA,77,0:LIVING,38.21,0,I,matched
female_psg_negative,TCGA-44-3919,TCGA-44-3919-01Z-00-DX1.41144972-46a1-4b25-9faa-ed1b9d1996d2,TCGA-44-3919-01,TCGA-44-3919,8,3990.72,892.92,0.0051,focal,TCGA-44-3919-01,TCGA-44-3919,Female,Stage IA,71,1:DECEASED,33.71,1,I,matched
female_psg_negative,TCGA-44-4112,TCGA-44-4112-01Z-00-DX1.5380b3b4-0e24-4c6c-aa8c-298c5fbe068f,TCGA-44-4112-01,TCGA-44-4112,6,13674.13,3347.59,0.0139,focal,TCGA-44-4112-01,TCGA-44-4112,Female,Stage IB,60,1:DECEASED,26.54,1,I,matched
female_psg_negative,TCGA-44-5644,TCGA-44-5644-01Z-00-DX1.7e4edaa7-25c6-49f4-81bc-f50d6c5fac38,TCGA-44-5644-01,TCGA-44-5644,14,76080.69,8910.22,0.0607,present,TCGA-44-5644-01,TCGA-44-5644,Female,Stage IB,51,0:LIVING,28.35,0,I,matched
female_psg_negative,TCGA-44-5645,TCGA-44-5645-01Z-00-DX1.8b0d89d7-7849-49a6-a2f5-a8faf2c5aab4,TCGA-44-5645-01,TCGA-44-5645,11,20754.35,4109.96,0.0188,focal,TCGA-44-5645-01,TCGA-44-5645,Female,Stage IA,61,0:LIVING,27.99,0,I,matched
female_psg_negative,TCGA-44-6145,TCGA-44-6145-01Z-00-DX1.175ad655-b054-407d-bb22-3a4f85849488,TCGA-44-6145-01,TCGA-44-6145,7,55262.93,7246.74,0.0611,present,TCGA-44-6145-01,TCGA-44-6145,Female,Stage IA,62,0:LIVING,19.55,0,I,matched
female_psg_negative,TCGA-44-6147,TCGA-44-6147-01Z-00-DX1.a34a9f49-e86b-43ee-9e2d-7ef35da0aecf,TCGA-44-6147-01,TCGA-44-6147,11,19678.81,2697.47,0.0178,focal,TCGA-44-6147-01,TCGA-44-6147,Female,Stage IA,67,0:LIVING,27.76,0,I,matched
female_psg_negative,TCGA-44-6774,TCGA-44-6774-01Z-00-DX1.f169485b-f863-4be0-9844-258d78170b64,TCGA-44-6774-01,TCGA-44-6774,8,39225.43,5738.01,0.0421,focal,TCGA-44-6774-01,TCGA-44-6774,Female,Stage IIIA,56,0:LIVING,21.62,0,III,matched
female_psg_negative,TCGA-44-6775,TCGA-44-6775-01Z-00-DX1.38d3bc6d-8bb5-4126-8d61-d39e6a1d7bcf,TCGA-44-6775-01,TCGA-44-6775,20,24032.26,5295.96,0.0123,focal,TCGA-44-6775-01,TCGA-44-6775,Female,Stage IB,72,0:LIVING,23.16,0,I,matched
female_psg_negative,TCGA-44-6776,TCGA-44-6776-01Z-00-DX1.551e200f-5f40-4b95-8b2f-7c6000a21be0,TCGA-44-6776-01,TCGA-44-6776,5,48883.96,7613.28,0.0919,present,TCGA-44-6776-01,TCGA-44-6776,Female,Stage IA,60,0:LIVING,85.94,0,I,matched
female_psg_negative,TCGA-44-6779,TCGA-44-6779-01Z-00-DX1.40f10ad8-55f3-4043-a89b-37d33a26dd8c,TCGA-44-6779-01,TCGA-44-6779,3,0.0,0.0,0.0,absent,TCGA-44-6779-01,TCGA-44-6779,Female,Stage IIB,50,1:DECEASED,16.43,1,II,matched
female_psg_negative,TCGA-44-7667,TCGA-44-7667-01Z-00-DX1.2be2e379-7368-4fa7-a619-ace84febecb3,TCGA-44-7667-01,TCGA-44-7667,23,319596.37,27485.5,0.1518,present,TCGA-44-7667-01,TCGA-44-7667,Female,Stage IIB,49,0:LIVING,36.04,0,II,matched
female_psg_negative,TCGA-44-7672,TCGA-44-7672-01Z-00-DX1.71f4a0c6-a9cc-481c-ace8-c8c314952aa1,TCGA-44-7672-01,TCGA-44-7672,14,43646.16,5826.95,0.0361,focal,TCGA-44-7672-01,TCGA-44-7672,Female,Stage IA,52,0:LIVING,23.62,0,I,matched
female_psg_negative,TCGA-44-A47A,TCGA-44-A47A-01Z-00-DX1.62448803-3A7B-41EC-9794-67916DA0792E,TCGA-44-A47A-01,TCGA-44-A47A,19,6523.6,1534.66,0.0029,focal,TCGA-44-A47A-01,TCGA-44-A47A,Female,Stage IB,78,0:LIVING,15.31,0,I,matched
female_psg_negative,TCGA-44-A47G,TCGA-44-A47G-01Z-00-DX1.810F67EC-3A0C-4056-B736-3331A11412CC,TCGA-44-A47G-01,TCGA-44-A47G,7,17546.57,4228.17,0.0194,focal,TCGA-44-A47G-01,TCGA-44-A47G,Female,Stage IA,73,0:LIVING,11.53,0,I,matched
female_psg_negative,TCGA-44-A4SU,TCGA-44-A4SU-01Z-00-DX1.AE2607C1-B208-4557-ADB4-6AAF03C6D3A9,TCGA-44-A4SU-01,TCGA-44-A4SU,4,7976.59,1311.74,0.0242,focal,TCGA-44-A4SU-01,TCGA-44-A4SU,Female,Stage IA,67,1:DECEASED,13.44,1,I,matched
female_psg_negative,TCGA-49-4487,TCGA-49-4487-01Z-00-DX1.3a3a0720-463c-430e-849b-e2f8991bdfa5,TCGA-49-4487-01,TCGA-49-4487,37,77813.14,10845.25,0.0223,focal,TCGA-49-4487-01,TCGA-49-4487,Female,Stage IA,72,1:DECEASED,28.09,1,I,matched
female_psg_negative,TCGA-49-4488,TCGA-49-4488-01Z-00-DX6.3ce306b2-1b00-48f7-8288-c24069037a9c,TCGA-49-4488-01,TCGA-49-4488,4,0.0,0.0,0.0,absent,TCGA-49-4488-01,TCGA-49-4488,Female,Stage IA,74,1:DECEASED,28.55,1,I,matched
female_psg_negative,TCGA-49-4501,TCGA-49-4501-01Z-00-DX1.9c4bf212-5e32-449e-8710-cf7a3594156e,TCGA-49-4501-01,TCGA-49-4501,37,50145.05,14485.68,0.0096,focal,TCGA-49-4501-01,TCGA-49-4501,Female,Stage IB,67,1:DECEASED,46.68,1,I,matched
female_psg_negative,TCGA-49-4510,TCGA-49-4510-01Z-00-DX2.e0552b15-6bd7-4660-8a60-9edd0d638e7e,TCGA-49-4510-01,TCGA-49-4510,19,61629.6,15211.49,0.0304,focal,TCGA-49-4510-01,TCGA-49-4510,Female,Stage IIB,51,1:DECEASED,29.43,1,II,matched
female_psg_negative,TCGA-49-4512,TCGA-49-4512-01Z-00-DX4.5161fcf5-62a3-4f7d-8a55-9a24a7d70efb,TCGA-49-4512-01,TCGA-49-4512,34,24378.33,6832.62,0.0069,focal,TCGA-49-4512-01,TCGA-49-4512,Female,Stage IIIA,69,1:DECEASED,29.73,1,III,matched
female_psg_negative,TCGA-49-4514,TCGA-49-4514-01Z-00-DX2.f1565a36-257d-432e-a84d-47c1d7a0185f,TCGA-49-4514-01,TCGA-49-4514,60,24180.23,5381.23,0.0043,focal,TCGA-49-4514-01,TCGA-49-4514,Female,Stage IA,79,0:LIVING,55.85,0,I,matched
female_psg_negative,TCGA-49-6744,TCGA-49-6744-01Z-00-DX3.fa64d744-6caa-4f62-8689-33da9c312838,TCGA-49-6744-01,TCGA-49-6744,30,45770.08,8303.34,0.021,focal,TCGA-49-6744-01,TCGA-49-6744,Female,Stage IIA,64,0:LIVING,55.29,0,II,matched
female_psg_negative,TCGA-49-AARN,TCGA-49-AARN-01Z-00-DX1.E13AA041-978E-427D-AFA5-D3180224A03A,TCGA-49-AARN-01,TCGA-49-AARN,20,4720.54,1699.09,0.0019,focal,TCGA-49-AARN-01,TCGA-49-AARN,Female,Stage IA,56,1:DECEASED,37.29,1,I,matched
female_psg_negative,TCGA-49-AARQ,TCGA-49-AARQ-01Z-00-DX1.3FA36419-1658-4602-9170-84A622787C3E,TCGA-49-AARQ-01,TCGA-49-AARQ,5,157674.97,6065.35,0.2849,present,TCGA-49-AARQ-01,TCGA-49-AARQ,Female,Stage I,41,0:LIVING,221.16,0,I,matched
female_psg_negative,TCGA-4B-A93V,TCGA-4B-A93V-01Z-00-DX1.C263DC1C-298D-47ED-AAF8-128043828530,TCGA-4B-A93V-01,TCGA-4B-A93V,30,104100.3,16420.11,0.0252,focal,TCGA-4B-A93V-01,TCGA-4B-A93V,Female,Stage IA,52,1:DECEASED,9.86,1,I,matched
female_psg_negative,TCGA-50-5044,TCGA-50-5044-01Z-00-DX1.7E0E651F-411B-4784-B0FA-6EB612527430,TCGA-50-5044-01,TCGA-50-5044,16,18856.15,5519.25,0.0107,focal,TCGA-50-5044-01,TCGA-50-5044,Female,Stage IIIB,72,1:DECEASED,20.5,1,III,matched
female_psg_negative,TCGA-50-5045,TCGA-50-5045-01Z-00-DX2.0FCA12EA-572E-4A7D-900D-6E200892170E,TCGA-50-5045-01,TCGA-50-5045,36,31307.09,5177.67,0.0077,focal,TCGA-50-5045-01,TCGA-50-5045,Female,[Discrepancy],57,1:DECEASED,71.42,1,,matched
female_psg_negative,TCGA-50-5055,TCGA-50-5055-01Z-00-DX2.446EC3BB-2ED7-4253-8A39-AC68331F08E7,TCGA-50-5055-01,TCGA-50-5055,126,212268.3,53264.18,0.0148,focal,TCGA-50-5055-01,TCGA-50-5055,Female,Stage IIA,79,1:DECEASED,60.12,1,II,matched
female_psg_negative,TCGA-50-5068,TCGA-50-5068-01Z-00-DX1.13f1c31e-4d4c-4562-8447-c5bbfbf670a9,TCGA-50-5068-01,TCGA-50-5068,53,131950.67,26082.59,0.0193,focal,TCGA-50-5068-01,TCGA-50-5068,Female,Stage IIB,59,1:DECEASED,49.24,1,II,matched
female_psg_negative,TCGA-50-5942,TCGA-50-5942-01Z-00-DX1.da1b1274-8740-4c79-adf9-25800913eafa,TCGA-50-5942-01,TCGA-50-5942,6,8462.85,1877.36,0.0185,focal,TCGA-50-5942-01,TCGA-50-5942,Female,Stage IA,67,0:LIVING,60.68,0,I,matched
female_psg_negative,TCGA-50-6591,TCGA-50-6591-01Z-00-DX1.12e1050b-75e9-4059-b945-291995b3e93c,TCGA-50-6591-01,TCGA-50-6591,2,0.0,0.0,0.0,absent,TCGA-50-6591-01,TCGA-50-6591,Female,Stage IV,63,1:DECEASED,3.91,1,IV,matched
female_psg_negative,TCGA-50-6593,TCGA-50-6593-01Z-00-DX1.a63e298c-cbe7-44e8-8d8e-34ebb93530ca,TCGA-50-6593-01,TCGA-50-6593,13,10659.45,3458.25,0.0063,focal,TCGA-50-6593-01,TCGA-50-6593,Female,Stage IIIA,49,1:DECEASED,11.04,1,III,matched
female_psg_negative,TCGA-50-8457,TCGA-50-8457-01Z-00-DX1.F4B6ECCE-F22B-43FC-9A08-4366A24A67A4,TCGA-50-8457-01,TCGA-50-8457,20,44188.6,10072.0,0.0186,focal,TCGA-50-8457-01,TCGA-50-8457,Female,Stage IA,63,0:LIVING,36.96,0,I,matched
female_psg_negative,TCGA-55-1595,TCGA-55-1595-01Z-00-DX1.6270c9cf-cd18-4fa5-b313-33350ad55f89,TCGA-55-1595-01,TCGA-55-1595,25,9293.25,3673.78,0.003,focal,TCGA-55-1595-01,TCGA-55-1595,Female,Stage IA,74,0:LIVING,48.59,0,I,matched
female_psg_negative,TCGA-55-6543,TCGA-55-6543-01Z-00-DX1.08806fe0-84d3-4fd6-8746-6cf557241958,TCGA-55-6543-01,TCGA-55-6543,23,127817.75,20451.48,0.0368,focal,TCGA-55-6543-01,TCGA-55-6543,Female,Stage IA,60,0:LIVING,14.29,0,I,matched
female_psg_negative,TCGA-55-6981,TCGA-55-6981-01Z-00-DX1.5fecd134-42a0-40a2-be75-1e8bd14c5b30,TCGA-55-6981-01,TCGA-55-6981,22,4773.53,1032.08,0.0015,focal,TCGA-55-6981-01,TCGA-55-6981,Female,Stage IIIA,53,1:DECEASED,45.3,1,III,matched
female_psg_negative,TCGA-55-6982,TCGA-55-6982-01Z-00-DX1.055aeec1-2fc1-4796-b5df-c159335e0300,TCGA-55-6982-01,TCGA-55-6982,13,7937.72,1397.78,0.0041,focal,TCGA-55-6982-01,TCGA-55-6982,Female,Stage IIB,79,1:DECEASED,32.69,1,II,matched
female_psg_negative,TCGA-55-6984,TCGA-55-6984-01Z-00-DX1.d53e387a-9618-4486-98f3-a75604f25a7d,TCGA-55-6984-01,TCGA-55-6984,38,171582.48,35099.65,0.0463,focal,TCGA-55-6984-01,TCGA-55-6984,Female,Stage IIB,71,1:DECEASED,24.97,1,II,matched
female_psg_negative,TCGA-55-6985,TCGA-55-6985-01Z-00-DX1.428ad69e-c0ea-445e-8d38-fa2dab6eb81f,TCGA-55-6985-01,TCGA-55-6985,20,87776.94,18466.06,0.0329,focal,TCGA-55-6985-01,TCGA-55-6985,Female,Stage IB,58,0:LIVING,40.51,0,I,matched
female_psg_negative,TCGA-55-6986,TCGA-55-6986-01Z-00-DX1.ae52d41e-3cd6-4d36-b04b-2ea7d29bd8da,TCGA-55-6986-01,TCGA-55-6986,13,72539.31,15604.77,0.046,focal,TCGA-55-6986-01,TCGA-55-6986,Female,Stage IB,74,0:LIVING,107.13,0,I,matched
female_psg_negative,TCGA-55-7281,TCGA-55-7281-01Z-00-DX1.a92dafa4-3a65-4f5c-97f0-83aff231274a,TCGA-55-7281-01,TCGA-55-7281,3,0.0,0.0,0.0,absent,TCGA-55-7281-01,TCGA-55-7281,Female,Stage IA,70,0:LIVING,28.65,0,I,matched
female_psg_negative,TCGA-55-7283,TCGA-55-7283-01Z-00-DX1.0f716216-0a46-404e-a4d4-5bb6d7e3f0d1,TCGA-55-7283-01,TCGA-55-7283,2,2931.71,681.29,0.0091,focal,TCGA-55-7283-01,TCGA-55-7283,Female,Stage IIIA,76,0:LIVING,20.01,0,III,matched
female_psg_negative,TCGA-55-7573,TCGA-55-7573-01Z-00-DX1.43a4bbd2-6a3b-4910-9356-2d750a736817,TCGA-55-7573-01,TCGA-55-7573,2,1082.16,480.06,0.0034,focal,TCGA-55-7573-01,TCGA-55-7573,Female,Stage IA,72,0:LIVING,16,0,I,matched
female_psg_negative,TCGA-55-7574,TCGA-55-7574-01Z-00-DX1.09639e6a-d85f-4d84-abbc-0f5a6d679683,TCGA-55-7574-01,TCGA-55-7574,17,14917.54,2756.28,0.0078,focal,TCGA-55-7574-01,TCGA-55-7574,Female,Stage IB,64,1:DECEASED,32.69,1,I,matched
female_psg_negative,TCGA-55-7725,TCGA-55-7725-01Z-00-DX1.4d678777-63b1-4f4a-932a-7fccabf504c7,TCGA-55-7725-01,TCGA-55-7725,6,14953.22,3271.25,0.0226,focal,TCGA-55-7725-01,TCGA-55-7725,Female,Stage IA,68,0:LIVING,14.52,0,I,matched
female_psg_negative,TCGA-55-7728,TCGA-55-7728-01Z-00-DX1.1d47a5fe-cab5-4d5a-a62b-16f345334d25,TCGA-55-7728-01,TCGA-55-7728,1,2924.38,492.89,0.0222,focal,TCGA-55-7728-01,TCGA-55-7728,Female,Stage IB,64,0:LIVING,23.13,0,I,matched
female_psg_negative,TCGA-55-7816,TCGA-55-7816-01Z-00-DX1.A58C6196-E1A0-48B3-9B77-2EDCD7A43CBA,TCGA-55-7816-01,TCGA-55-7816,64,62361.28,14519.57,0.0093,focal,TCGA-55-7816-01,TCGA-55-7816,Female,Stage IV,49,1:DECEASED,15.37,1,IV,matched
female_psg_negative,TCGA-55-7910,TCGA-55-7910-01Z-00-DX1.041e15d5-4852-49f6-85d9-74b510497651,TCGA-55-7910-01,TCGA-55-7910,37,326053.69,29765.69,0.0697,present,TCGA-55-7910-01,TCGA-55-7910,Female,Stage IIA,50,0:LIVING,34.17,0,II,matched
female_psg_negative,TCGA-55-7911,TCGA-55-7911-01Z-00-DX1.081bc002-06ee-4218-a25f-26c0e6c4b333,TCGA-55-7911-01,TCGA-55-7911,14,9626.55,1814.55,0.0082,focal,TCGA-55-7911-01,TCGA-55-7911,Female,Stage IA,70,0:LIVING,17.64,0,I,matched
female_psg_negative,TCGA-55-7913,TCGA-55-7913-01Z-00-DX1.2295fcc5-70b0-412e-a1fd-b5366fce0739,TCGA-55-7913-01,TCGA-55-7913,8,333728.7,18074.5,0.3666,present,TCGA-55-7913-01,TCGA-55-7913,Female,Stage IA,61,1:DECEASED,18.43,1,I,matched
female_psg_negative,TCGA-55-7914,TCGA-55-7914-01Z-00-DX1.875bffe1-8c56-4c29-ab11-6840ee3a643c,TCGA-55-7914-01,TCGA-55-7914,3,497.03,126.24,0.0021,focal,TCGA-55-7914-01,TCGA-55-7914,Female,Stage IIA,71,1:DECEASED,6.14,1,II,matched
female_psg_negative,TCGA-55-8087,TCGA-55-8087-01Z-00-DX1.548f2800-8caf-4c0e-a7b5-6d3d28315d9c,TCGA-55-8087-01,TCGA-55-8087,3,2812.04,1259.46,0.0094,focal,TCGA-55-8087-01,TCGA-55-8087,Female,Stage IB,59,0:LIVING,15.18,0,I,matched
female_psg_negative,TCGA-55-8097,TCGA-55-8097-01Z-00-DX1.2f847b65-a5dc-41be-9dd0-a1e11df3cd10,TCGA-55-8097-01,TCGA-55-8097,5,5498.28,1889.53,0.0133,focal,TCGA-55-8097-01,TCGA-55-8097,Female,Stage IA,60,0:LIVING,15.64,0,I,matched
female_psg_negative,TCGA-55-8203,TCGA-55-8203-01Z-00-DX1.f530d261-be19-4ff0-98d0-27b789dffb23,TCGA-55-8203-01,TCGA-55-8203,2,2090.71,581.99,0.0103,focal,TCGA-55-8203-01,TCGA-55-8203,Female,Stage IA,69,0:LIVING,17.97,0,I,matched
female_psg_negative,TCGA-55-8205,TCGA-55-8205-01Z-00-DX1.6df6d499-f325-409d-acb1-9e13172f2bb4,TCGA-55-8205-01,TCGA-55-8205,12,8144.25,1349.1,0.0085,focal,TCGA-55-8205-01,TCGA-55-8205,Female,Stage IIA,76,0:LIVING,19.68,0,II,matched
female_psg_negative,TCGA-55-8208,TCGA-55-8208-01Z-00-DX1.6eccb7e2-16e4-4d25-9a1e-b370e016020f,TCGA-55-8208-01,TCGA-55-8208,19,88099.04,14042.24,0.0393,focal,TCGA-55-8208-01,TCGA-55-8208,Female,Stage IA,73,0:LIVING,22.14,0,I,matched
female_psg_negative,TCGA-55-8506,TCGA-55-8506-01Z-00-DX1.A908E3D2-91F7-4DE2-98C9-95D1038B9F49,TCGA-55-8506-01,TCGA-55-8506,4,2391.88,904.81,0.0053,focal,TCGA-55-8506-01,TCGA-55-8506,Female,Stage IIB,62,0:LIVING,0.36,0,II,matched
female_psg_negative,TCGA-55-8508,TCGA-55-8508-01Z-00-DX1.96B173E2-A298-4017-9AEC-113E547A3272,TCGA-55-8508-01,TCGA-55-8508,16,423759.42,25640.9,0.1952,present,TCGA-55-8508-01,TCGA-55-8508,Female,Stage IIA,60,0:LIVING,20.27,0,II,matched
female_psg_negative,TCGA-55-8513,TCGA-55-8513-01Z-00-DX1.E21776FE-DF49-48D1-90D6-6F71D0764492,TCGA-55-8513-01,TCGA-55-8513,3,6518.88,2377.23,0.0244,focal,TCGA-55-8513-01,TCGA-55-8513,Female,Stage IIB,77,0:LIVING,25.99,0,II,matched
female_psg_negative,TCGA-55-8514,TCGA-55-8514-01Z-00-DX1.499CF563-B404-4061-9D1A-57954BBE2CE7,TCGA-55-8514-01,TCGA-55-8514,10,12699.93,3808.62,0.0091,focal,TCGA-55-8514-01,TCGA-55-8514,Female,Stage IB,70,0:LIVING,17.08,0,I,matched
female_psg_negative,TCGA-55-8616,TCGA-55-8616-01Z-00-DX1.4F53B2AB-8221-4E67-80D2-7A8E3815B730,TCGA-55-8616-01,TCGA-55-8616,14,28561.44,5736.13,0.018,focal,TCGA-55-8616-01,TCGA-55-8616,Female,Stage IB,58,0:LIVING,1.58,0,I,matched
female_psg_negative,TCGA-55-8619,TCGA-55-8619-01Z-00-DX1.46C7678A-6032-4C95-B535-85C87B92B6ED,TCGA-55-8619-01,TCGA-55-8619,11,40966.33,10132.82,0.0492,focal,TCGA-55-8619-01,TCGA-55-8619,Female,Stage IIB,72,0:LIVING,13.67,0,II,matched
female_psg_negative,TCGA-55-8621,TCGA-55-8621-01Z-00-DX1.7C519007-D59D-432A-BF4D-23D14A1C8BB6,TCGA-55-8621-01,TCGA-55-8621,15,0.0,0.0,0.0,absent,TCGA-55-8621-01,TCGA-55-8621,Female,Stage IA,75,0:LIVING,16.92,0,I,matched
female_psg_negative,TCGA-55-A48X,TCGA-55-A48X-01Z-00-DX1.A46C6373-8458-4D55-88C3-4C70A05F9F47,TCGA-55-A48X-01,TCGA-55-A48X,5,11341.78,2596.83,0.0215,focal,TCGA-55-A48X-01,TCGA-55-A48X,Female,Stage IIA,63,0:LIVING,22.63,0,II,matched
female_psg_negative,TCGA-55-A48Z,TCGA-55-A48Z-01Z-00-DX1.0867DC6A-2A51-4CF1-AE3F-0526CE2DD740,TCGA-55-A48Z-01,TCGA-55-A48Z,20,53493.81,6925.63,0.0224,focal,TCGA-55-A48Z-01,TCGA-55-A48Z,Female,Stage IIIB,60,0:LIVING,21.39,0,III,matched
female_psg_negative,TCGA-55-A491,TCGA-55-A491-01Z-00-DX1.E5F3B4E5-18EA-4067-AE28-119DABCE739A,TCGA-55-A491-01,TCGA-55-A491,10,28993.17,7321.74,0.044,focal,TCGA-55-A491-01,TCGA-55-A491,Female,Stage IA,81,0:LIVING,20.57,0,I,matched
female_psg_negative,TCGA-55-A492,TCGA-55-A492-01Z-00-DX1.31B23842-7F8B-4311-88DF-C51CB4F54AED,TCGA-55-A492-01,TCGA-55-A492,6,4063.22,1174.32,0.013,focal,TCGA-55-A492-01,TCGA-55-A492,Female,Stage IA,70,0:LIVING,19.58,0,I,matched
female_psg_negative,TCGA-62-A46R,TCGA-62-A46R-01Z-00-DX1.AD823FBA-A63F-4D36-8B84-2C995DE5FC47,TCGA-62-A46R-01,TCGA-62-A46R,15,19829.6,5957.22,0.011,focal,TCGA-62-A46R-01,TCGA-62-A46R,Female,Stage IB,54,1:DECEASED,56.67,1,I,matched
female_psg_negative,TCGA-62-A46U,TCGA-62-A46U-01Z-00-DX1.5129535F-8B6A-4647-8A88-3EE125642874,TCGA-62-A46U-01,TCGA-62-A46U,14,39080.61,9861.85,0.033,focal,TCGA-62-A46U-01,TCGA-62-A46U,Female,Stage IIB,71,0:LIVING,67.9,0,II,matched
female_psg_negative,TCGA-62-A46V,TCGA-62-A46V-01Z-00-DX1.631E54D0-9E57-4932-B4EF-81820E56A95B,TCGA-62-A46V-01,TCGA-62-A46V,14,35568.17,9515.85,0.023,focal,TCGA-62-A46V-01,TCGA-62-A46V,Female,Stage IB,78,0:LIVING,72.24,0,I,matched
female_psg_negative,TCGA-64-1681,TCGA-64-1681-01Z-00-DX1.fb0244f6-51a8-4da2-b45c-38d8e02edab7,TCGA-64-1681-01,TCGA-64-1681,24,73152.79,25612.85,0.0284,focal,TCGA-64-1681-01,TCGA-64-1681,Female,Stage IA,61,1:DECEASED,38.34,1,I,matched
female_psg_negative,TCGA-64-5781,TCGA-64-5781-01Z-00-DX1.81474D4D-6B48-473F-BAA9-ABD75C9223C3,TCGA-64-5781-01,TCGA-64-5781,3,28.81,58.36,0.0001,focal,TCGA-64-5781-01,TCGA-64-5781,Female,Stage IB,55,0:LIVING,51.22,0,I,matched
female_psg_negative,TCGA-67-3770,TCGA-67-3770-01Z-00-DX1.4C14BE72-905C-4AAE-B07A-6437D98A23FA,TCGA-67-3770-01,TCGA-67-3770,4,368.84,251.66,0.0008,focal,TCGA-67-3770-01,TCGA-67-3770,Female,Stage IA,70,0:LIVING,20.04,0,I,matched
female_psg_negative,TCGA-67-3772,TCGA-67-3772-01Z-00-DX1.CB05C5CC-2801-4BB9-94A0-83E9005BCA2E,TCGA-67-3772-01,TCGA-67-3772,36,23104.83,7689.94,0.005,focal,TCGA-67-3772-01,TCGA-67-3772,Female,Stage IB,82,0:LIVING,18.82,0,I,matched
female_psg_negative,TCGA-67-3773,TCGA-67-3773-01Z-00-DX1.3E9DFC22-E962-4C18-BF5B-27EBEA089F5D,TCGA-67-3773-01,TCGA-67-3773,10,8649.96,2102.52,0.0064,focal,TCGA-67-3773-01,TCGA-67-3773,Female,Stage IB,84,0:LIVING,14.03,0,I,matched
female_psg_negative,TCGA-67-3774,TCGA-67-3774-01Z-00-DX1.FE85FDCB-91D2-47C5-8D13-D622A51A7BE0,TCGA-67-3774-01,TCGA-67-3774,3,448.41,159.93,0.0014,focal,TCGA-67-3774-01,TCGA-67-3774,Female,Stage IB,73,0:LIVING,12.65,0,I,matched
female_psg_negative,TCGA-67-6215,TCGA-67-6215-01Z-00-DX1.c014ffaf-6db8-42ef-a50c-9de98d6a5345,TCGA-67-6215-01,TCGA-67-6215,2,265.31,156.51,0.0024,focal,TCGA-67-6215-01,TCGA-67-6215,Female,Stage IB,52,0:LIVING,5.72,0,I,matched
female_psg_negative,TCGA-67-6216,TCGA-67-6216-01Z-00-DX1.04da6a64-bd3a-48ed-bc99-d651e00a1aa4,TCGA-67-6216-01,TCGA-67-6216,3,0.0,0.0,0.0,absent,TCGA-67-6216-01,TCGA-67-6216,Female,Stage IA,57,0:LIVING,4.63,0,I,matched
female_psg_negative,TCGA-67-6217,TCGA-67-6217-01Z-00-DX1.3fa5c69b-60d1-41fb-a86f-48f77d81285f,TCGA-67-6217-01,TCGA-67-6217,26,40192.94,10283.77,0.011,focal,TCGA-67-6217-01,TCGA-67-6217,Female,Stage IIA,73,0:LIVING,13.86,0,II,matched
female_psg_negative,TCGA-69-7973,TCGA-69-7973-01Z-00-DX1.aefb015a-cb51-425f-a80f-cd51091a0ee3,TCGA-69-7973-01,TCGA-69-7973,5,10309.16,1348.93,0.0439,focal,TCGA-69-7973-01,TCGA-69-7973,Female,Stage IB,42,0:LIVING,7.56,0,I,matched
female_psg_negative,TCGA-69-7979,TCGA-69-7979-01Z-00-DX1.c9bc265d-4889-4333-9852-b8b535887f1e,TCGA-69-7979-01,TCGA-69-7979,36,116502.97,5502.34,0.0296,focal,TCGA-69-7979-01,TCGA-69-7979,Female,Stage IB,71,0:LIVING,13.4,0,I,matched
female_psg_negative,TCGA-69-7980,TCGA-69-7980-01Z-00-DX1.8bbf8cc0-eca7-49e5-a022-c22e3e6ed6dc,TCGA-69-7980-01,TCGA-69-7980,47,136311.18,31662.25,0.0201,focal,TCGA-69-7980-01,TCGA-69-7980,Female,Stage I,70,0:LIVING,13.5,0,I,matched
female_psg_negative,TCGA-69-8253,TCGA-69-8253-01Z-00-DX1.631c741f-46bd-4d4b-8f6c-64787fb4c402,TCGA-69-8253-01,TCGA-69-8253,10,36381.01,9391.97,0.0464,focal,TCGA-69-8253-01,TCGA-69-8253,Female,Stage IIA,59,0:LIVING,13.99,0,II,matched
female_psg_negative,TCGA-71-6725,TCGA-71-6725-01Z-00-DX1.b9e1d4aa-439d-481f-b24b-134c4e470f28,TCGA-71-6725-01,TCGA-71-6725,14,92386.95,21255.34,0.1272,present,TCGA-71-6725-01,TCGA-71-6725,Female,Stage IB,48,0:LIVING,8.41,0,I,matched
female_psg_negative,TCGA-71-8520,TCGA-71-8520-01Z-00-DX1.EAE99132-A397-4B4D-8B09-CBB774A7B62F,TCGA-71-8520-01,TCGA-71-8520,6,835.31,391.88,0.0016,focal,TCGA-71-8520-01,TCGA-71-8520,Female,Stage IB,60,1:DECEASED,6.9,1,I,matched
female_psg_negative,TCGA-73-4658,TCGA-73-4658-01Z-00-DX1.d5beb44f-9d76-485a-8af4-407b0f1a610e,TCGA-73-4658-01,TCGA-73-4658,54,110176.27,30270.3,0.015,focal,TCGA-73-4658-01,TCGA-73-4658,Female,Stage IB,80,1:DECEASED,52.56,1,I,matched
female_psg_negative,TCGA-73-4662,TCGA-73-4662-01Z-00-DX1.76e23a15-0917-44ad-9181-50100d318003,TCGA-73-4662-01,TCGA-73-4662,8,20195.98,5644.87,0.0234,focal,TCGA-73-4662-01,TCGA-73-4662,Female,Stage IA,65,0:LIVING,82.62,0,I,matched
female_psg_negative,TCGA-73-7498,TCGA-73-7498-01Z-00-DX1.5313bba9-7f6a-49b4-8d6e-a0f46a04f189,TCGA-73-7498-01,TCGA-73-7498,11,19605.29,4961.18,0.0167,focal,TCGA-73-7498-01,TCGA-73-7498,Female,Stage IA,58,0:LIVING,39.06,0,I,matched
female_psg_negative,TCGA-75-5147,TCGA-75-5147-01Z-00-DX1.3156FA5C-9737-4EAA-989C-FD578FBF15A1,TCGA-75-5147-01,TCGA-75-5147,1,654.78,155.0,0.0039,focal,TCGA-75-5147-01,TCGA-75-5147,Female,Stage IB,,0:LIVING,43.79,0,I,matched
female_psg_negative,TCGA-75-6212,TCGA-75-6212-01Z-00-DX1.FCB36956-DF6C-485D-8E7A-922A2BDAE669,TCGA-75-6212-01,TCGA-75-6212,3,2788.25,911.7,0.0102,focal,TCGA-75-6212-01,TCGA-75-6212,Female,Stage IIB,,1:DECEASED,49.8,1,II,matched
female_psg_negative,TCGA-78-7145,TCGA-78-7145-01Z-00-DX1.ecde66bf-2de8-4e31-b3ab-4fed4f055dda,TCGA-78-7145-01,TCGA-78-7145,10,57519.61,8118.31,0.0729,present,TCGA-78-7145-01,TCGA-78-7145,Female,Stage IV,52,1:DECEASED,27.14,1,IV,matched
female_psg_negative,TCGA-78-7146,TCGA-78-7146-01Z-00-DX1.830209b2-94c5-4277-a7b6-b2f2634de0dc,TCGA-78-7146-01,TCGA-78-7146,2,4930.47,1412.83,0.0319,focal,TCGA-78-7146-01,TCGA-78-7146,Female,Stage IIIA,71,1:DECEASED,5.68,1,III,matched
female_psg_negative,TCGA-78-7147,TCGA-78-7147-01Z-00-DX1.a9fd2c5d-b8f3-4524-bd64-6c3362ce373b,TCGA-78-7147-01,TCGA-78-7147,88,183208.87,58419.33,0.0168,focal,TCGA-78-7147-01,TCGA-78-7147,Female,Stage IIB,67,1:DECEASED,19.25,1,II,matched
female_psg_negative,TCGA-78-7153,TCGA-78-7153-01Z-00-DX1.5190321a-f1aa-4c6e-b4b9-6767b779682b,TCGA-78-7153-01,TCGA-78-7153,12,28904.93,10853.58,0.0208,focal,TCGA-78-7153-01,TCGA-78-7153,Female,Stage IB,65,0:LIVING,119.42,0,I,matched
female_psg_negative,TCGA-78-7158,TCGA-78-7158-01Z-00-DX1.74db3dcd-2715-4ce7-8e48-30c8b7946ba0,TCGA-78-7158-01,TCGA-78-7158,23,51089.3,18401.86,0.0219,focal,TCGA-78-7158-01,TCGA-78-7158,Female,Stage IIIB,59,1:DECEASED,5.88,1,III,matched
female_psg_negative,TCGA-78-7159,TCGA-78-7159-01Z-00-DX1.399d865f-f4f9-4602-b15b-908be0afe459,TCGA-78-7159-01,TCGA-78-7159,5,46251.19,7515.53,0.1103,present,TCGA-78-7159-01,TCGA-78-7159,Female,Stage IA,60,0:LIVING,64.85,0,I,matched
female_psg_negative,TCGA-78-7161,TCGA-78-7161-01Z-00-DX1.646cf15a-5961-4728-b9fe-fe3fff11831f,TCGA-78-7161-01,TCGA-78-7161,39,403879.74,45845.63,0.0788,present,TCGA-78-7161-01,TCGA-78-7161,Female,Stage IIB,69,1:DECEASED,9.56,1,II,matched
female_psg_negative,TCGA-78-7539,TCGA-78-7539-01Z-00-DX1.b838d859-2fb7-48d1-a442-d366ac404099,TCGA-78-7539-01,TCGA-78-7539,68,128075.41,40546.79,0.0142,focal,TCGA-78-7539-01,TCGA-78-7539,Female,Stage IIA,75,0:LIVING,25.99,0,II,matched
female_psg_negative,TCGA-78-7540,TCGA-78-7540-01Z-00-DX1.25c29857-0d5f-4e52-be0c-32c6686b653f,TCGA-78-7540-01,TCGA-78-7540,24,148617.03,34832.29,0.0633,present,TCGA-78-7540-01,TCGA-78-7540,Female,Stage IB,66,1:DECEASED,39.32,1,I,matched
female_psg_negative,TCGA-78-8648,TCGA-78-8648-01Z-00-DX1.D3EAEF8E-E739-490F-BF48-A4796B0C0E7A,TCGA-78-8648-01,TCGA-78-8648,24,146069.87,16413.12,0.0556,present,TCGA-78-8648-01,TCGA-78-8648,Female,Stage IIB,58,1:DECEASED,39.72,1,II,matched
female_psg_negative,TCGA-78-8655,TCGA-78-8655-01Z-00-DX1.DC81D146-A4A6-411E-A5DC-C0689A8D445F,TCGA-78-8655-01,TCGA-78-8655,63,466097.33,109232.43,0.0582,present,TCGA-78-8655-01,TCGA-78-8655,Female,Stage IA,77,0:LIVING,77.53,0,I,matched
female_psg_negative,TCGA-78-8662,TCGA-78-8662-01Z-00-DX1.754A4C57-B5FA-4077-99E4-F6EFA6459410,TCGA-78-8662-01,TCGA-78-8662,18,33716.46,6168.48,0.018,focal,TCGA-78-8662-01,TCGA-78-8662,Female,Stage IB,53,1:DECEASED,110.41,1,I,matched
female_psg_negative,TCGA-80-5608,TCGA-80-5608-01Z-00-DX1.CB85BA53-AF00-4C7D-8489-C2FF0F4F49AB,TCGA-80-5608-01,TCGA-80-5608,2,951.19,238.47,0.0056,focal,TCGA-80-5608-01,TCGA-80-5608,Female,Stage IA,,0:LIVING,93.04,0,I,matched
female_psg_negative,TCGA-86-7714,TCGA-86-7714-01Z-00-DX1.8ee03c3b-013e-4dd5-aa0e-9c1a771cbdc5,TCGA-86-7714-01,TCGA-86-7714,8,6217.07,1708.73,0.0074,focal,TCGA-86-7714-01,TCGA-86-7714,Female,Stage IIIA,61,1:DECEASED,20.53,1,III,matched
female_psg_negative,TCGA-86-7953,TCGA-86-7953-01Z-00-DX1.847865ce-df59-4677-bac2-ee88a258fe4e,TCGA-86-7953-01,TCGA-86-7953,34,163492.86,25918.64,0.051,present,TCGA-86-7953-01,TCGA-86-7953,Female,Stage IA,69,0:LIVING,32.75,0,I,matched
female_psg_negative,TCGA-86-7954,TCGA-86-7954-01Z-00-DX1.0a063ee6-18b7-4b66-9726-04fb452156cb,TCGA-86-7954-01,TCGA-86-7954,16,74771.74,12600.85,0.0519,present,TCGA-86-7954-01,TCGA-86-7954,Female,Stage IB,68,0:LIVING,19.88,0,I,matched
female_psg_negative,TCGA-86-8074,TCGA-86-8074-01Z-00-DX1.0c34b434-8701-4060-a4ea-08a72371ee1e,TCGA-86-8074-01,TCGA-86-8074,22,58225.65,9580.63,0.0283,focal,TCGA-86-8074-01,TCGA-86-8074,Female,Stage IIA,62,0:LIVING,0.79,0,II,matched
female_psg_negative,TCGA-86-8075,TCGA-86-8075-01Z-00-DX1.171bd8bd-af24-4770-b24b-732e675efd75,TCGA-86-8075-01,TCGA-86-8075,24,40630.3,7407.01,0.0188,focal,TCGA-86-8075-01,TCGA-86-8075,Female,Stage IB,66,1:DECEASED,22.8,1,I,matched
female_psg_negative,TCGA-86-8278,TCGA-86-8278-01Z-00-DX1.6500afef-f0f0-4e7c-a6c0-60da81993641,TCGA-86-8278-01,TCGA-86-8278,7,5257.94,1513.97,0.0079,focal,TCGA-86-8278-01,TCGA-86-8278,Female,Stage IIB,63,0:LIVING,31.01,0,II,matched
female_psg_negative,TCGA-86-8280,TCGA-86-8280-01Z-00-DX1.52627b97-1cfa-4382-819b-949b58c0f995,TCGA-86-8280-01,TCGA-86-8280,36,55279.3,14478.16,0.0115,focal,TCGA-86-8280-01,TCGA-86-8280,Female,Stage IIA,54,0:LIVING,23.03,0,II,matched
female_psg_negative,TCGA-86-8668,TCGA-86-8668-01Z-00-DX1.d720d486-02c7-4f98-8feb-e0e50a12c158,TCGA-86-8668-01,TCGA-86-8668,4,2257.03,509.17,0.0059,focal,TCGA-86-8668-01,TCGA-86-8668,Female,Stage IA,61,0:LIVING,13.9,0,I,matched
female_psg_negative,TCGA-86-8671,TCGA-86-8671-01Z-00-DX1.1fd0019c-df9d-48cc-9055-8de57759f273,TCGA-86-8671-01,TCGA-86-8671,14,10132.98,3865.15,0.006,focal,TCGA-86-8671-01,TCGA-86-8671,Female,Stage IIB,72,0:LIVING,27.56,0,II,matched
female_psg_negative,TCGA-86-A456,TCGA-86-A456-01Z-00-DX1.5C7CBF9B-0AE3-4776-9434-296AA0C605CC,TCGA-86-A456-01,TCGA-86-A456,18,32699.63,9989.62,0.0123,focal,TCGA-86-A456-01,TCGA-86-A456,Female,Stage IA,78,0:LIVING,29.43,0,I,matched
female_psg_negative,TCGA-86-A4P7,TCGA-86-A4P7-01Z-00-DX1.37026DCF-5A81-4098-B444-C8A40CA168D0,TCGA-86-A4P7-01,TCGA-86-A4P7,19,15932.46,4149.24,0.0175,focal,TCGA-86-A4P7-01,TCGA-86-A4P7,Female,Stage IB,63,0:LIVING,13.63,0,I,matched
female_psg_negative,TCGA-86-A4P8,TCGA-86-A4P8-01Z-00-DX1.D65E8855-F7A1-4584-A501-BBFBC61C2DEB,TCGA-86-A4P8-01,TCGA-86-A4P8,7,932.44,235.15,0.0011,focal,TCGA-86-A4P8-01,TCGA-86-A4P8,Female,Stage IIIA,59,0:LIVING,26.45,0,III,matched
female_psg_negative,TCGA-93-7347,TCGA-93-7347-01Z-00-DX1.a22b7163-07bd-4f6a-97c7-f1561c4d73cb,TCGA-93-7347-01,TCGA-93-7347,31,59000.6,10040.28,0.0189,focal,TCGA-93-7347-01,TCGA-93-7347,Female,Stage IA,76,0:LIVING,22.44,0,I,matched
female_psg_negative,TCGA-95-7043,TCGA-95-7043-01Z-00-DX1.AE0FD8AA-9B88-45FE-B247-402BED1285EF,TCGA-95-7043-01,TCGA-95-7043,13,12784.83,3039.64,0.0075,focal,TCGA-95-7043-01,TCGA-95-7043,Female,Stage IA,63,1:DECEASED,16.52,1,I,matched
female_psg_negative,TCGA-95-A4VK,TCGA-95-A4VK-01Z-00-DX1.D09778E0-285E-4593-84C8-B6009DDF4E41,TCGA-95-A4VK-01,TCGA-95-A4VK,52,963652.12,51013.93,0.1532,present,TCGA-95-A4VK-01,TCGA-95-A4VK,Female,Stage IIIA,74,0:LIVING,21.39,0,III,matched
female_psg_negative,TCGA-95-A4VN,TCGA-95-A4VN-01Z-00-DX1.B997A80F-C396-40AB-808A-B70EB83A2B74,TCGA-95-A4VN-01,TCGA-95-A4VN,22,24242.47,2286.2,0.0127,focal,TCGA-95-A4VN-01,TCGA-95-A4VN,Female,Stage IIA,62,0:LIVING,18.17,0,II,matched
female_psg_negative,TCGA-95-A4VP,TCGA-95-A4VP-01Z-00-DX1.1B145AC0-2471-4974-BBB6-C88BDF0BE8BD,TCGA-95-A4VP-01,TCGA-95-A4VP,58,236329.89,32371.13,0.0337,focal,TCGA-95-A4VP-01,TCGA-95-A4VP,Female,Stage IIIA,66,0:LIVING,19.88,0,III,matched
female_psg_negative,TCGA-97-7546,TCGA-97-7546-01Z-00-DX1.dad9871f-cdfb-424d-a5b2-4e0905c29137,TCGA-97-7546-01,TCGA-97-7546,40,3802.41,1128.81,0.0012,focal,TCGA-97-7546-01,TCGA-97-7546,Female,Stage IA,76,0:LIVING,42.21,0,I,matched
female_psg_negative,TCGA-97-7547,TCGA-97-7547-01Z-00-DX1.3563966f-21ee-4405-9106-9e0bf8df9f1a,TCGA-97-7547-01,TCGA-97-7547,91,473235.15,90153.88,0.0401,focal,TCGA-97-7547-01,TCGA-97-7547,Female,Stage IB,67,0:LIVING,64.55,0,I,matched
female_psg_negative,TCGA-97-7553,TCGA-97-7553-01Z-00-DX1.e31eec5e-0053-407a-b057-9b87555b122d,TCGA-97-7553-01,TCGA-97-7553,15,13659.05,4068.2,0.0083,focal,TCGA-97-7553-01,TCGA-97-7553,Female,Stage IA,58,0:LIVING,61.43,0,I,matched
female_psg_negative,TCGA-97-7554,TCGA-97-7554-01Z-00-DX1.4107ca63-4642-42b9-b6f2-13778ecaf9a7,TCGA-97-7554-01,TCGA-97-7554,59,71480.74,12710.31,0.0087,focal,TCGA-97-7554-01,TCGA-97-7554,Female,Stage IIIA,83,0:LIVING,25.46,0,III,matched
female_psg_negative,TCGA-97-7941,TCGA-97-7941-01Z-00-DX1.6845ef95-2231-44a2-aeae-004a117f1964,TCGA-97-7941-01,TCGA-97-7941,48,91654.15,22945.84,0.0187,focal,TCGA-97-7941-01,TCGA-97-7941,Female,Stage IA,72,0:LIVING,15.9,0,I,matched
female_psg_negative,TCGA-97-8177,TCGA-97-8177-01Z-00-DX1.4c2ddf48-40d3-4fa0-8b5f-0485e8270ac7,TCGA-97-8177-01,TCGA-97-8177,23,75022.54,17213.36,0.025,focal,TCGA-97-8177-01,TCGA-97-8177,Female,Stage IB,59,0:LIVING,16.39,0,I,matched
female_psg_negative,TCGA-97-8552,TCGA-97-8552-01Z-00-DX1.69631717-0E05-49C1-B112-15C2E36BC2F8,TCGA-97-8552-01,TCGA-97-8552,21,14978.28,4108.46,0.0056,focal,TCGA-97-8552-01,TCGA-97-8552,Female,Stage I,55,0:LIVING,20.57,0,I,matched
female_psg_negative,TCGA-97-A4M0,TCGA-97-A4M0-01Z-00-DX1.BDDFB04C-2475-485A-9A85-C4B9EB15155E,TCGA-97-A4M0-01,TCGA-97-A4M0,18,8877.37,2562.31,0.0045,focal,TCGA-97-A4M0-01,TCGA-97-A4M0,Female,Stage IB,60,0:LIVING,21.42,0,I,matched
female_psg_negative,TCGA-97-A4M1,TCGA-97-A4M1-01Z-00-DX1.1C4B8247-BA3F-4841-BC9D-554F03F7894C,TCGA-97-A4M1-01,TCGA-97-A4M1,4,0.0,0.0,0.0,absent,TCGA-97-A4M1-01,TCGA-97-A4M1,Female,Stage IA,52,0:LIVING,19.74,0,I,matched
female_psg_negative,TCGA-97-A4M3,TCGA-97-A4M3-01Z-00-DX1.16330A66-2501-48D2-AF6A-713698BF6918,TCGA-97-A4M3-01,TCGA-97-A4M3,15,25555.28,6057.53,0.0147,focal,TCGA-97-A4M3-01,TCGA-97-A4M3,Female,Stage IA,69,0:LIVING,17.74,0,I,matched
female_psg_negative,TCGA-97-A4M6,TCGA-97-A4M6-01Z-00-DX1.01D83621-3D8E-4339-9F9B-CBD3083D5AE0,TCGA-97-A4M6-01,TCGA-97-A4M6,13,17657.69,5883.3,0.0191,focal,TCGA-97-A4M6-01,TCGA-97-A4M6,Female,Stage IA,45,0:LIVING,18.66,0,I,matched
female_psg_negative,TCGA-99-7458,TCGA-99-7458-01Z-00-DX1.10ea0b2c-c763-40d1-83a4-3d4ae957fdb0,TCGA-99-7458-01,TCGA-99-7458,4,2222.78,548.84,0.0054,focal,TCGA-99-7458-01,TCGA-99-7458,Female,Stage IIIA,74,0:LIVING,24.54,0,III,matched
female_psg_negative,TCGA-99-8025,TCGA-99-8025-01Z-00-DX1.76d4e012-91a7-4f1d-ba0f-4cecd812ec49,TCGA-99-8025-01,TCGA-99-8025,13,1425.47,255.31,0.0008,focal,TCGA-99-8025-01,TCGA-99-8025,Female,Stage IIIA,72,0:LIVING,34.82,0,III,matched
female_psg_negative,TCGA-99-8028,TCGA-99-8028-01Z-00-DX1.23de89b1-67f8-41fb-980a-010ea190d687,TCGA-99-8028-01,TCGA-99-8028,22,32300.16,4406.96,0.0142,focal,TCGA-99-8028-01,TCGA-99-8028,Female,Stage IA,50,0:LIVING,36.73,0,I,matched
female_psg_negative,TCGA-99-8033,TCGA-99-8033-01Z-00-DX1.06f8ca81-c0a7-4ab5-b2fe-d5fc6671e29d,TCGA-99-8033-01,TCGA-99-8033,5,7114.03,1594.9,0.0076,focal,TCGA-99-8033-01,TCGA-99-8033,Female,Stage IV,74,1:DECEASED,21.55,1,IV,matched
female_psg_negative,TCGA-99-AA5R,TCGA-99-AA5R-01Z-00-DX1.4DE7FC30-D338-49CE-B8D9-EB0F34A3DD0B,TCGA-99-AA5R-01,TCGA-99-AA5R,20,31994.59,7839.17,0.0148,focal,TCGA-99-AA5R-01,TCGA-99-AA5R,Female,Stage IA,70,0:LIVING,21.62,0,I,matched
female_psg_negative,TCGA-J2-8194,TCGA-J2-8194-01Z-00-DX1.7700924D-B6AF-46A7-A7D7-B5C17A66C5F7,TCGA-J2-8194-01,TCGA-J2-8194,13,1864.03,478.09,0.0023,focal,TCGA-J2-8194-01,TCGA-J2-8194,Female,Stage IIB,69,0:LIVING,23.78,0,II,matched
female_psg_negative,TCGA-J2-A4AE,TCGA-J2-A4AE-01Z-00-DX1.42C5DE4A-7787-4E59-8969-D12503262C96,TCGA-J2-A4AE-01,TCGA-J2-A4AE,13,10237.37,2154.89,0.0071,focal,TCGA-J2-A4AE-01,TCGA-J2-A4AE,Female,Stage IA,77,0:LIVING,35.45,0,I,matched
female_psg_negative,TCGA-J2-A4AG,TCGA-J2-A4AG-01Z-00-DX1.487780B8-18E7-494A-8054-5637239870EB,TCGA-J2-A4AG-01,TCGA-J2-A4AG,6,9868.6,3642.73,0.0164,focal,TCGA-J2-A4AG-01,TCGA-J2-A4AG,Female,Stage IA,66,0:LIVING,32.46,0,I,matched
female_psg_negative,TCGA-L4-A4E5,TCGA-L4-A4E5-01Z-00-DX1.C2A5EF71-1F40-4E34-AC30-58D7121C1338,TCGA-L4-A4E5-01,TCGA-L4-A4E5,8,9637.56,1744.58,0.0085,focal,TCGA-L4-A4E5-01,TCGA-L4-A4E5,Female,Stage I,48,0:LIVING,18.99,0,I,matched
female_psg_negative,TCGA-L9-A443,TCGA-L9-A443-01Z-00-DX1.9F68A13A-2865-41BF-88A7-B0DF75961C6F,TCGA-L9-A443-01,TCGA-L9-A443,10,2573.65,922.76,0.0023,focal,TCGA-L9-A443-01,TCGA-L9-A443,Female,Stage IA,63,1:DECEASED,6.34,1,I,matched
female_psg_negative,TCGA-L9-A444,TCGA-L9-A444-01Z-00-DX1.88CF6F01-0C1F-4572-81E3-1A5790692861,TCGA-L9-A444-01,TCGA-L9-A444,15,6965.15,2017.59,0.005,focal,TCGA-L9-A444-01,TCGA-L9-A444,Female,Stage IA,60,0:LIVING,10.09,0,I,matched
female_psg_negative,TCGA-L9-A8F4,TCGA-L9-A8F4-01Z-00-DX1.E2BBB8DE-94E2-4781-9B55-8A4CFBF8A69D,TCGA-L9-A8F4-01,TCGA-L9-A8F4,77,276462.38,44785.15,0.0305,focal,TCGA-L9-A8F4-01,TCGA-L9-A8F4,Female,Stage IB,64,0:LIVING,15.64,0,I,matched
female_psg_negative,TCGA-MP-A4T6,TCGA-MP-A4T6-01Z-00-DX1.085C4F5A-DB1B-434A-9D62-E2187D133B0A,TCGA-MP-A4T6-01,TCGA-MP-A4T6,13,7303.63,2220.01,0.007,focal,TCGA-MP-A4T6-01,TCGA-MP-A4T6,Female,Stage IIIA,76,1:DECEASED,58.8,1,III,matched
female_psg_negative,TCGA-MP-A4TH,TCGA-MP-A4TH-01Z-00-DX1.E89D2C19-F9B2-4BF2-AA5F-6104CBC076D1,TCGA-MP-A4TH-01,TCGA-MP-A4TH,21,7603.78,2358.6,0.0044,focal,TCGA-MP-A4TH-01,TCGA-MP-A4TH,Female,Stage IA,70,0:LIVING,24.34,0,I,matched
female_psg_negative,TCGA-MP-A4TJ,TCGA-MP-A4TJ-01Z-00-DX1.14EDBE5C-5D0C-4002-BE95-AF5C9D9F3D43,TCGA-MP-A4TJ-01,TCGA-MP-A4TJ,70,83937.91,16702.28,0.0088,focal,TCGA-MP-A4TJ-01,TCGA-MP-A4TJ,Female,Stage IA,62,1:DECEASED,11.14,1,I,matched
female_psg_negative,TCGA-MP-A5C7,TCGA-MP-A5C7-01Z-00-DX1.26E5FA5A-3E6D-4CD3-8FA2-F331B7012311,TCGA-MP-A5C7-01,TCGA-MP-A5C7,13,20878.65,5681.23,0.0134,focal,TCGA-MP-A5C7-01,TCGA-MP-A5C7,Female,Stage IB,76,0:LIVING,73.85,0,I,matched
female_psg_negative,TCGA-NJ-A4YF,TCGA-NJ-A4YF-01Z-00-DX1.4A3DE76A-9F1E-4766-A013-5E7E3A665071,TCGA-NJ-A4YF-01,TCGA-NJ-A4YF,22,109431.72,17600.34,0.0325,focal,TCGA-NJ-A4YF-01,TCGA-NJ-A4YF,Female,Stage IA,50,0:LIVING,70.99,0,I,matched
female_psg_negative,TCGA-NJ-A4YI,TCGA-NJ-A4YI-01Z-00-DX1.C4111D01-27BF-486F-8E0E-C8053DB16133,TCGA-NJ-A4YI-01,TCGA-NJ-A4YI,31,67070.69,18416.62,0.0227,focal,TCGA-NJ-A4YI-01,TCGA-NJ-A4YI,Female,Stage IIIA,87,1:DECEASED,0.13,1,III,matched
female_psg_negative,TCGA-NJ-A55A,TCGA-NJ-A55A-01Z-00-DX1.42C356FE-52A3-4A60-886B-75F84ADBC534,TCGA-NJ-A55A-01,TCGA-NJ-A55A,45,120660.23,33489.8,0.0238,focal,TCGA-NJ-A55A-01,TCGA-NJ-A55A,Female,Stage IB,76,0:LIVING,0.49,0,I,matched
female_psg_negative,TCGA-NJ-A55O,TCGA-NJ-A55O-01Z-00-DX1.8E23C821-B8BB-4D89-9E38-E97424A685CE,TCGA-NJ-A55O-01,TCGA-NJ-A55O,27,48543.43,10227.59,0.0174,focal,TCGA-NJ-A55O-01,TCGA-NJ-A55O,Female,Stage IIA,56,0:LIVING,0.43,0,II,matched
female_psg_negative,TCGA-O1-A52J,TCGA-O1-A52J-01Z-00-DX1.26F6ECCA-D614-4950-98E6-4D76E82F71B4,TCGA-O1-A52J-01,TCGA-O1-A52J,8,21661.29,5666.26,0.0352,focal,TCGA-O1-A52J-01,TCGA-O1-A52J,Female,Stage IA,74,1:DECEASED,59.07,1,I,matched
female_psg_negative,TCGA-S2-AA1A,TCGA-S2-AA1A-01Z-00-DX1.4B5D5FAE-8305-4D2D-B245-584589352886,TCGA-S2-AA1A-01,TCGA-S2-AA1A,32,37319.41,13850.97,0.0108,focal,TCGA-S2-AA1A-01,TCGA-S2-AA1A,Female,Stage IA,68,0:LIVING,16.85,0,I,matched
female_psg_positive,TCGA-05-4250,TCGA-05-4250-01Z-00-DX1.90f67fdf-dff9-46ca-af71-0978d7c221ba,TCGA-05-4250-01,TCGA-05-4250,2,3241.59,697.47,0.0111,focal,TCGA-05-4250-01,TCGA-05-4250,Female,Stage IIIA,79,1:DECEASED,3.98,1,III,matched
female_psg_positive,TCGA-05-4398,TCGA-05-4398-01Z-00-DX1.269bc75f-492e-48b1-87ee-85924aa80e74,TCGA-05-4398-01,TCGA-05-4398,6,505.16,214.49,0.001,focal,TCGA-05-4398-01,TCGA-05-4398,Female,Stage IIIB,47,0:LIVING,47.01,0,III,matched
female_psg_positive,TCGA-05-4402,TCGA-05-4402-01Z-00-DX1.c653ddc2-88c1-45ac-88e7-4e512b8e8d53,TCGA-05-4402-01,TCGA-05-4402,2,962.03,302.91,0.0038,focal,TCGA-05-4402-01,TCGA-05-4402,Female,Stage IV,57,1:DECEASED,8.02,1,IV,matched
female_psg_positive,TCGA-38-4627,TCGA-38-4627-01Z-00-DX1.fe406eb9-b38b-410d-aa1a-84ab8ac091c7,TCGA-38-4627-01,TCGA-38-4627,63,137887.5,25473.08,0.0209,focal,TCGA-38-4627-01,TCGA-38-4627,Female,Stage IIA,64,1:DECEASED,37.68,1,II,matched
female_psg_positive,TCGA-38-4628,TCGA-38-4628-01Z-00-DX1.eee4f100-142f-4d9c-8e38-b16aab123413,TCGA-38-4628-01,TCGA-38-4628,7,6680.29,2639.39,0.0077,focal,TCGA-38-4628-01,TCGA-38-4628,Female,Stage IIB,65,1:DECEASED,49.01,1,II,matched
female_psg_positive,TCGA-38-4630,TCGA-38-4630-01Z-00-DX1.d08d0193-c5ed-4db8-b236-1a4c3c3177b8,TCGA-38-4630-01,TCGA-38-4630,7,20471.5,4994.32,0.0398,focal,TCGA-38-4630-01,TCGA-38-4630,Female,Stage IB,75,1:DECEASED,35.25,1,I,matched
female_psg_positive,TCGA-38-4631,TCGA-38-4631-01Z-00-DX1.5e0c873a-9c4c-4e0b-bf2e-e3cd8b760761,TCGA-38-4631-01,TCGA-38-4631,3,2376.28,869.7,0.0096,focal,TCGA-38-4631-01,TCGA-38-4631,Female,Stage IB,72,1:DECEASED,11.63,1,I,matched
female_psg_positive,TCGA-44-3918,TCGA-44-3918-01Z-00-DX1.6da70a8b-6307-423a-9d2d-380c16962855,TCGA-44-3918-01,TCGA-44-3918,9,108712.4,6223.63,0.0884,present,TCGA-44-3918-01,TCGA-44-3918,Female,Stage IA,60,0:LIVING,34.03,0,I,matched
female_psg_positive,TCGA-44-6777,TCGA-44-6777-01Z-00-DX1.aca7b23d-a601-4476-8bfd-eb46f0b6a96e,TCGA-44-6777-01,TCGA-44-6777,26,6042.37,1404.1,0.0021,focal,TCGA-44-6777-01,TCGA-44-6777,Female,Stage IB,85,1:DECEASED,32.42,1,I,matched
female_psg_positive,TCGA-44-7661,TCGA-44-7661-01Z-00-DX1.baf72abd-edb9-4f56-beb3-f5138aa50930,TCGA-44-7661-01,TCGA-44-7661,3,1341.47,337.46,0.0045,focal,TCGA-44-7661-01,TCGA-44-7661,Female,Stage IB,69,1:DECEASED,18.3,1,I,matched
female_psg_positive,TCGA-44-7670,TCGA-44-7670-01Z-00-DX1.2a981dd6-0063-438e-b20e-b180b16e2b23,TCGA-44-7670-01,TCGA-44-7670,6,25770.82,3945.7,0.0323,focal,TCGA-44-7670-01,TCGA-44-7670,Female,Stage IIA,47,0:LIVING,28.98,0,II,matched
female_psg_positive,TCGA-44-A479,TCGA-44-A479-01Z-00-DX1.CA5654C6-A623-452E-A8AC-DB6279CA97B1,TCGA-44-A479-01,TCGA-44-A479,41,23617.69,3573.12,0.005,focal,TCGA-44-A479-01,TCGA-44-A479,Female,Stage IB,73,0:LIVING,15.97,0,I,matched
female_psg_positive,TCGA-49-4490,TCGA-49-4490-01Z-00-DX1.bde106d9-1494-4775-b77d-11c86bb09b72,TCGA-49-4490-01,TCGA-49-4490,45,64628.36,12359.37,0.0122,focal,TCGA-49-4490-01,TCGA-49-4490,Female,Stage IIIA,45,1:DECEASED,12.65,1,III,matched
female_psg_positive,TCGA-49-4490,TCGA-49-4490-01Z-00-DX2.1b491bd7-60d2-40a6-96cd-01385bce2b0f,TCGA-49-4490-01,TCGA-49-4490,54,23051.47,6292.11,0.0042,focal,TCGA-49-4490-01,TCGA-49-4490,Female,Stage IIIA,45,1:DECEASED,12.65,1,III,matched
female_psg_positive,TCGA-49-4490,TCGA-49-4490-01Z-00-DX3.0949a10a-0a1f-49dc-9296-ab4d4f0bf988,TCGA-49-4490-01,TCGA-49-4490,40,24197.69,6220.72,0.0061,focal,TCGA-49-4490-01,TCGA-49-4490,Female,Stage IIIA,45,1:DECEASED,12.65,1,III,matched
female_psg_positive,TCGA-49-4490,TCGA-49-4490-01Z-00-DX4.4e94aeb6-f616-4bdd-82bc-2ca2f2b5a5c4,TCGA-49-4490-01,TCGA-49-4490,60,141948.81,29629.37,0.0207,focal,TCGA-49-4490-01,TCGA-49-4490,Female,Stage IIIA,45,1:DECEASED,12.65,1,III,matched
female_psg_positive,TCGA-49-4490,TCGA-49-4490-01Z-00-DX5.feea87ff-61c6-465e-8b36-4803f6af3d62,TCGA-49-4490-01,TCGA-49-4490,50,102553.62,18741.57,0.0192,focal,TCGA-49-4490-01,TCGA-49-4490,Female,Stage IIIA,45,1:DECEASED,12.65,1,III,matched
female_psg_positive,TCGA-49-4490,TCGA-49-4490-01Z-00-DX6.0a04ad8e-7f33-4496-bd9e-0110ec33f887,TCGA-49-4490-01,TCGA-49-4490,17,5593.94,1259.21,0.0033,focal,TCGA-49-4490-01,TCGA-49-4490,Female,Stage IIIA,45,1:DECEASED,12.65,1,III,matched
female_psg_positive,TCGA-49-4505,TCGA-49-4505-01Z-00-DX1.d49d603e-1f76-43a1-a803-9f2d6a6df715,TCGA-49-4505-01,TCGA-49-4505,16,17283.43,2456.28,0.0109,focal,TCGA-49-4505-01,TCGA-49-4505,Female,Stage IIB,61,1:DECEASED,14.06,1,II,matched
female_psg_positive,TCGA-49-4505,TCGA-49-4505-01Z-00-DX2.48df81e7-5a8e-4c5b-993a-6a54481a35e9,TCGA-49-4505-01,TCGA-49-4505,14,11058.75,2184.83,0.0086,focal,TCGA-49-4505-01,TCGA-49-4505,Female,Stage IIB,61,1:DECEASED,14.06,1,II,matched
female_psg_positive,TCGA-49-4505,TCGA-49-4505-01Z-00-DX3.d3f8d0c4-e4bc-4201-9b2f-e010f51dd8c3,TCGA-49-4505-01,TCGA-49-4505,20,19908.55,4559.63,0.0079,focal,TCGA-49-4505-01,TCGA-49-4505,Female,Stage IIB,61,1:DECEASED,14.06,1,II,matched
female_psg_positive,TCGA-49-4505,TCGA-49-4505-01Z-00-DX4.623c4278-fc3e-4c80-bb4d-000e24fbb1c2,TCGA-49-4505-01,TCGA-49-4505,22,17902.96,4592.07,0.0072,focal,TCGA-49-4505-01,TCGA-49-4505,Female,Stage IIB,61,1:DECEASED,14.06,1,II,matched
female_psg_positive,TCGA-49-4506,TCGA-49-4506-01Z-00-DX1.b13b8ef2-fd06-4309-a767-696a9afeaedd,TCGA-49-4506-01,TCGA-49-4506,7,32676.03,9429.62,0.0504,present,TCGA-49-4506-01,TCGA-49-4506,Female,Stage IIB,68,1:DECEASED,32.82,1,II,matched
female_psg_positive,TCGA-49-4506,TCGA-49-4506-01Z-00-DX2.81e180ae-bd9f-49cc-9a0f-297800cc7280,TCGA-49-4506-01,TCGA-49-4506,37,138645.51,39263.94,0.0212,focal,TCGA-49-4506-01,TCGA-49-4506,Female,Stage IIB,68,1:DECEASED,32.82,1,II,matched
female_psg_positive,TCGA-49-4506,TCGA-49-4506-01Z-00-DX3.a05a3969-bbef-48d8-86de-f51c8870afd6,TCGA-49-4506-01,TCGA-49-4506,15,64145.97,13621.33,0.044,focal,TCGA-49-4506-01,TCGA-49-4506,Female,Stage IIB,68,1:DECEASED,32.82,1,II,matched
female_psg_positive,TCGA-49-4506,TCGA-49-4506-01Z-00-DX4.9460a2c1-efe2-4095-9b0e-dfe0eda684ba,TCGA-49-4506-01,TCGA-49-4506,8,37144.59,6945.66,0.0227,focal,TCGA-49-4506-01,TCGA-49-4506,Female,Stage IIB,68,1:DECEASED,32.82,1,II,matched
female_psg_positive,TCGA-49-4507,TCGA-49-4507-01Z-00-DX2.a7bfbeee-00ea-4301-ace4-ce591807e2d3,TCGA-49-4507-01,TCGA-49-4507,4,1630.47,517.85,0.0036,focal,TCGA-49-4507-01,TCGA-49-4507,Female,Stage IIIA,73,1:DECEASED,8.8,1,III,matched
female_psg_positive,TCGA-49-6743,TCGA-49-6743-01Z-00-DX4.5ea81023-1372-48ed-88a8-374e2394d7f7,TCGA-49-6743-01,TCGA-49-6743,34,24185.06,4257.49,0.0063,focal,TCGA-49-6743-01,TCGA-49-6743,Female,Stage IIIA,81,0:LIVING,53.25,0,III,matched
female_psg_positive,TCGA-49-6761,TCGA-49-6761-01Z-00-DX1.10c577a2-f65c-4517-8a25-83d44e380f8f,TCGA-49-6761-01,TCGA-49-6761,24,23453.72,5844.62,0.0068,focal,TCGA-49-6761-01,TCGA-49-6761,Female,Stage IIIA,68,0:LIVING,11.63,0,III,matched
female_psg_positive,TCGA-49-6767,TCGA-49-6767-01Z-00-DX1.53459c0e-b8ec-4893-9910-87b63c503134,TCGA-49-6767-01,TCGA-49-6767,22,32388.38,4052.04,0.0148,focal,TCGA-49-6767-01,TCGA-49-6767,Female,Stage IIB,46,0:LIVING,22.24,0,II,matched
female_psg_positive,TCGA-49-AAQV,TCGA-49-AAQV-01Z-00-DX1.4CC37621-C952-4684-96E3-9B97CDAD8056,TCGA-49-AAQV-01,TCGA-49-AAQV,19,28838.65,6390.4,0.0121,focal,TCGA-49-AAQV-01,TCGA-49-AAQV,Female,Stage II,63,1:DECEASED,22.24,1,II,matched
female_psg_positive,TCGA-49-AARE,TCGA-49-AARE-01Z-00-DX1.3559B3A9-6699-472F-B731-1BD9F93EE82A,TCGA-49-AARE-01,TCGA-49-AARE,32,435852.09,29957.26,0.1412,present,TCGA-49-AARE-01,TCGA-49-AARE,Female,Stage IA,51,1:DECEASED,40.37,1,I,matched
female_psg_positive,TCGA-49-AARO,TCGA-49-AARO-01Z-00-DX1.FB8C82DC-F823-43CF-A8EA-1208C767AF54,TCGA-49-AARO-01,TCGA-49-AARO,21,78464.62,13478.52,0.0527,present,TCGA-49-AARO-01,TCGA-49-AARO,Female,Stage IA,39,0:LIVING,123.49,0,I,matched
female_psg_positive,TCGA-50-5931,TCGA-50-5931-01Z-00-DX1.34261ED6-7815-487C-A50C-2DAD587187B9,TCGA-50-5931-01,TCGA-50-5931,8,16612.01,2641.16,0.0308,focal,TCGA-50-5931-01,TCGA-50-5931,Female,Stage IB,75,1:DECEASED,14.26,1,I,matched
female_psg_positive,TCGA-50-6590,TCGA-50-6590-01Z-00-DX1.B08B2656-3DC7-4D35-A54D-9C57A7A773B3,TCGA-50-6590-01,TCGA-50-6590,18,62857.6,12001.82,0.0279,focal,TCGA-50-6590-01,TCGA-50-6590,Female,Stage IB,72,1:DECEASED,42.31,1,I,matched
female_psg_positive,TCGA-50-6594,TCGA-50-6594-01Z-00-DX1.43b2005a-4245-4025-ad85-4a957f308a5c,TCGA-50-6594-01,TCGA-50-6594,35,140020.12,22398.02,0.0416,focal,TCGA-50-6594-01,TCGA-50-6594,Female,Stage IIIA,79,1:DECEASED,12.16,1,III,matched
female_psg_positive,TCGA-50-6597,TCGA-50-6597-01Z-00-DX1.ec7fc0b2-78a1-4384-bddd-e89f02ee5eb6,TCGA-50-6597-01,TCGA-50-6597,3,12495.63,1948.98,0.0487,focal,TCGA-50-6597-01,TCGA-50-6597,Female,Stage IB,79,1:DECEASED,41.66,1,I,matched
female_psg_positive,TCGA-50-6673,TCGA-50-6673-01Z-00-DX1.e24fb432-3fff-4f00-a316-16d05275c1e7,TCGA-50-6673-01,TCGA-50-6673,3,19787.0,3181.38,0.0622,present,TCGA-50-6673-01,TCGA-50-6673,Female,Stage I,84,1:DECEASED,0.72,1,I,matched
female_psg_positive,TCGA-53-7624,TCGA-53-7624-01Z-00-DX1.51b4de19-3531-4bcb-b822-fa966480f2ad,TCGA-53-7624-01,TCGA-53-7624,4,3109.53,693.46,0.0077,focal,TCGA-53-7624-01,TCGA-53-7624,Female,Stage IV,40,1:DECEASED,34.26,1,IV,matched
female_psg_positive,TCGA-53-7626,TCGA-53-7626-01Z-00-DX1.FD4CAF75-07B5-4117-83DD-99233DAA3EBC,TCGA-53-7626-01,TCGA-53-7626,45,61777.57,18412.3,0.0118,focal,TCGA-53-7626-01,TCGA-53-7626,Female,Stage IIA,76,1:DECEASED,30.52,1,II,matched
female_psg_positive,TCGA-53-7813,TCGA-53-7813-01Z-00-DX1.97c5eff3-ceeb-499b-b2e1-bcd3cd60c5e7,TCGA-53-7813-01,TCGA-53-7813,7,31568.06,4933.7,0.0424,focal,TCGA-53-7813-01,TCGA-53-7813,Female,Stage IIIB,51,0:LIVING,13.93,0,III,matched
female_psg_positive,TCGA-55-6970,TCGA-55-6970-01Z-00-DX1.be042a9b-3eab-4b6c-9cd7-7486ffab037f,TCGA-55-6970-01,TCGA-55-6970,18,71081.22,12789.29,0.0335,focal,TCGA-55-6970-01,TCGA-55-6970,Female,Stage IIIA,67,1:DECEASED,15.24,1,III,matched
female_psg_positive,TCGA-55-6971,TCGA-55-6971-01Z-00-DX1.6c790768-8252-466a-95e1-97d2086a8132,TCGA-55-6971-01,TCGA-55-6971,3,598.53,160.19,0.0037,focal,TCGA-55-6971-01,TCGA-55-6971,Female,Stage IB,59,0:LIVING,45.99,0,I,matched
female_psg_positive,TCGA-55-6979,TCGA-55-6979-01Z-00-DX1.9238436e-3886-4a10-86fe-26658967dff2,TCGA-55-6979-01,TCGA-55-6979,13,6571.72,1476.16,0.0061,focal,TCGA-55-6979-01,TCGA-55-6979,Female,Stage IIB,59,1:DECEASED,7.79,1,II,matched
female_psg_positive,TCGA-55-7724,TCGA-55-7724-01Z-00-DX1.31a194ac-62e3-4225-8e32-8c2a83dcdd10,TCGA-55-7724-01,TCGA-55-7724,4,3317.03,950.3,0.013,focal,TCGA-55-7724-01,TCGA-55-7724,Female,Stage IB,76,0:LIVING,23.16,0,I,matched
female_psg_positive,TCGA-55-7726,TCGA-55-7726-01Z-00-DX1.37df197b-d4fb-41c4-ac6a-72dbaa31027b,TCGA-55-7726-01,TCGA-55-7726,7,4388.16,1314.64,0.005,focal,TCGA-55-7726-01,TCGA-55-7726,Female,Stage IA,72,0:LIVING,21.42,0,I,matched
female_psg_positive,TCGA-55-7995,TCGA-55-7995-01Z-00-DX1.fef24d04-35a0-4f57-8f51-7ad602a78871,TCGA-55-7995-01,TCGA-55-7995,2,6790.38,1006.05,0.0252,focal,TCGA-55-7995-01,TCGA-55-7995,Female,Stage IA,73,0:LIVING,29.2,0,I,matched
female_psg_positive,TCGA-55-8096,TCGA-55-8096-01Z-00-DX1.c833417d-10c1-4430-a241-d6f5496e1cd9,TCGA-55-8096-01,TCGA-55-8096,7,2662.66,755.55,0.0042,focal,TCGA-55-8096-01,TCGA-55-8096,Female,Stage IB,67,1:DECEASED,23.62,1,I,matched
female_psg_positive,TCGA-55-8204,TCGA-55-8204-01Z-00-DX1.30ba69f3-53f1-41cc-826c-20dce3cfe86b,TCGA-55-8204-01,TCGA-55-8204,3,6686.06,1620.07,0.0216,focal,TCGA-55-8204-01,TCGA-55-8204,Female,Stage IB,87,0:LIVING,16.92,0,I,matched
female_psg_positive,TCGA-55-8299,TCGA-55-8299-01Z-00-DX1.6F652EC5-EBB8-499C-A66D-E0951FBFCAA2,TCGA-55-8299-01,TCGA-55-8299,21,150920.44,24701.53,0.0775,present,TCGA-55-8299-01,TCGA-55-8299,Female,Stage IA,61,1:DECEASED,15.41,1,I,matched
female_psg_positive,TCGA-55-8510,TCGA-55-8510-01Z-00-DX1.BB1EAC72-6215-400B-BCBF-E3D51A60182D,TCGA-55-8510-01,TCGA-55-8510,5,6968.52,1141.4,0.0115,focal,TCGA-55-8510-01,TCGA-55-8510,Female,Stage IB,55,0:LIVING,17.71,0,I,matched
female_psg_positive,TCGA-55-8511,TCGA-55-8511-01Z-00-DX1.8EDFB05B-5B59-46EA-973C-1048B1E284D2,TCGA-55-8511-01,TCGA-55-8511,4,458.84,148.06,0.0015,focal,TCGA-55-8511-01,TCGA-55-8511,Female,Stage IB,73,0:LIVING,18.13,0,I,matched
female_psg_positive,TCGA-55-A493,TCGA-55-A493-01Z-00-DX1.1CF94B85-7A64-4213-9B04-16504512DE2E,TCGA-55-A493-01,TCGA-55-A493,2,1500.69,508.79,0.0078,focal,TCGA-55-A493-01,TCGA-55-A493,Female,Stage IB,54,0:LIVING,0.92,0,I,matched
female_psg_positive,TCGA-55-A494,TCGA-55-A494-01Z-00-DX1.8C7C4BE0-791A-47CA-B0A8-1935366350E0,TCGA-55-A494-01,TCGA-55-A494,4,0.0,0.0,0.0,absent,TCGA-55-A494-01,TCGA-55-A494,Female,Stage IB,61,0:LIVING,15.8,0,I,matched
female_psg_positive,TCGA-62-A46O,TCGA-62-A46O-01Z-00-DX1.39B361AD-ED1D-4C0C-8611-0E8CCBDBD252,TCGA-62-A46O-01,TCGA-62-A46O,7,161900.72,3940.93,0.1614,present,TCGA-62-A46O-01,TCGA-62-A46O,Female,Stage IB,65,1:DECEASED,47.77,1,I,matched
female_psg_positive,TCGA-64-1677,TCGA-64-1677-01Z-00-DX1.7720D42B-1F57-4C23-9BC5-87C456E7737B,TCGA-64-1677-01,TCGA-64-1677,48,429252.66,89073.3,0.0894,present,TCGA-64-1677-01,TCGA-64-1677,Female,Stage IIIA,77,1:DECEASED,20.63,1,III,matched
female_psg_positive,TCGA-64-1678,TCGA-64-1678-01Z-00-DX1.92C851BD-37AC-4C4C-9920-DF394411CC2C,TCGA-64-1678-01,TCGA-64-1678,29,245659.61,38033.44,0.0903,present,TCGA-64-1678-01,TCGA-64-1678,Female,[Discrepancy],70,0:LIVING,39.06,0,,matched
female_psg_positive,TCGA-64-1679,TCGA-64-1679-01Z-00-DX1.f9fd24ef-d51c-4530-9fb5-e8a8f09dba73,TCGA-64-1679-01,TCGA-64-1679,29,136852.01,35491.64,0.0403,focal,TCGA-64-1679-01,TCGA-64-1679,Female,Stage IIIA,58,0:LIVING,81.73,0,III,matched
female_psg_positive,TCGA-67-3771,TCGA-67-3771-01Z-00-DX1.7B54D132-6AB7-4F2D-8BFF-33AFE83CF204,TCGA-67-3771-01,TCGA-67-3771,15,23285.92,4722.51,0.0132,focal,TCGA-67-3771-01,TCGA-67-3771,Female,Stage IA,77,0:LIVING,20.04,0,I,matched
female_psg_positive,TCGA-69-7974,TCGA-69-7974-01Z-00-DX1.e4282067-fc3d-4fee-bae7-fe99000979d4,TCGA-69-7974-01,TCGA-69-7974,3,2017.72,745.6,0.0046,focal,TCGA-69-7974-01,TCGA-69-7974,Female,Stage IIIA,54,0:LIVING,6.04,0,III,matched
female_psg_positive,TCGA-69-A59K,TCGA-69-A59K-01Z-00-DX1.01EAF520-9AC1-4ECC-8EF3-B9122924A1E3,TCGA-69-A59K-01,TCGA-69-A59K,6,53674.96,4243.96,0.1033,present,TCGA-69-A59K-01,TCGA-69-A59K,Female,Stage IIB,60,0:LIVING,19.42,0,II,matched
female_psg_positive,TCGA-73-4666,TCGA-73-4666-01Z-00-DX1.dd9c8922-ddd1-4674-8124-9e334532e47e,TCGA-73-4666-01,TCGA-73-4666,10,21264.93,5134.37,0.0173,focal,TCGA-73-4666-01,TCGA-73-4666,Female,Stage IV,52,0:LIVING,26.28,0,IV,matched
female_psg_positive,TCGA-73-4668,TCGA-73-4668-01Z-00-DX1.3470b27e-210f-4ff3-9dde-69aa85faa9ee,TCGA-73-4668-01,TCGA-73-4668,21,41324.0,3654.4,0.0177,focal,TCGA-73-4668-01,TCGA-73-4668,Female,Stage IIB,66,0:LIVING,15.34,0,II,matched
female_psg_positive,TCGA-73-4670,TCGA-73-4670-01Z-00-DX1.a92a23d5-01aa-45a2-9f83-4784cd65fd58,TCGA-73-4670-01,TCGA-73-4670,15,54255.86,9068.4,0.0421,focal,TCGA-73-4670-01,TCGA-73-4670,Female,Stage IV,69,0:LIVING,4.3,0,IV,matched
female_psg_positive,TCGA-73-7499,TCGA-73-7499-01Z-00-DX1.81f5c1c1-3d40-4773-a1fb-e1f8eb9f6730,TCGA-73-7499-01,TCGA-73-7499,27,30937.94,8699.55,0.0109,focal,TCGA-73-7499-01,TCGA-73-7499,Female,Stage IB,81,1:DECEASED,50.3,1,I,matched
female_psg_positive,TCGA-75-6214,TCGA-75-6214-01Z-00-DX1.00424C13-65B8-4872-81EB-EE207AB3F78C,TCGA-75-6214-01,TCGA-75-6214,4,21639.41,4689.95,0.056,present,TCGA-75-6214-01,TCGA-75-6214,Female,Stage IIIA,,1:DECEASED,36.63,1,III,matched
female_psg_positive,TCGA-78-7220,TCGA-78-7220-01Z-00-DX1.3df84ce0-4395-4c9e-ba62-76b55676a440,TCGA-78-7220-01,TCGA-78-7220,21,19475.0,4058.62,0.0065,focal,TCGA-78-7220-01,TCGA-78-7220,Female,Stage IIIA,53,1:DECEASED,26.51,1,III,matched
female_psg_positive,TCGA-83-5908,TCGA-83-5908-01Z-00-DX1.381c8f82-61a0-4e9d-982d-1ad0af7bead9,TCGA-83-5908-01,TCGA-83-5908,16,9262.35,1954.43,0.0046,focal,TCGA-83-5908-01,TCGA-83-5908,Female,Stage IA,59,0:LIVING,27.07,0,I,matched
female_psg_positive,TCGA-86-6851,TCGA-86-6851-01Z-00-DX1.0b13e600-fd7b-44a2-9ec2-26e9938fb7bc,TCGA-86-6851-01,TCGA-86-6851,13,20097.22,4157.18,0.0151,focal,TCGA-86-6851-01,TCGA-86-6851,Female,Stage IIA,73,0:LIVING,5.88,0,II,matched
female_psg_positive,TCGA-86-8056,TCGA-86-8056-01Z-00-DX1.eee7e03a-842c-4a44-bff8-f7b906725605,TCGA-86-8056-01,TCGA-86-8056,14,23360.77,5349.75,0.0187,focal,TCGA-86-8056-01,TCGA-86-8056,Female,Stage IIIA,63,0:LIVING,4.57,0,III,matched
female_psg_positive,TCGA-95-7039,TCGA-95-7039-01Z-00-DX1.C191A46D-A667-4BF6-8E6B-3E5CBF9DF43F,TCGA-95-7039-01,TCGA-95-7039,49,40934.1,10091.53,0.0074,focal,TCGA-95-7039-01,TCGA-95-7039,Female,Stage IIB,54,0:LIVING,41.79,0,II,matched
female_psg_positive,TCGA-95-7948,TCGA-95-7948-01Z-00-DX1.FF1AEF38-19E5-4475-87C8-B318204FEF1D,TCGA-95-7948-01,TCGA-95-7948,18,10865.24,2973.53,0.0058,focal,TCGA-95-7948-01,TCGA-95-7948,Female,Stage IB,42,0:LIVING,15.64,0,I,matched
female_psg_positive,TCGA-97-7938,TCGA-97-7938-01Z-00-DX1.d774d0a2-ee34-43ba-9d9d-34bf9718292e,TCGA-97-7938-01,TCGA-97-7938,12,4644.02,1084.82,0.0032,focal,TCGA-97-7938-01,TCGA-97-7938,Female,Stage IA,76,1:DECEASED,0.59,1,I,matched
female_psg_positive,TCGA-97-8172,TCGA-97-8172-01Z-00-DX1.812ab977-692e-42f8-af57-7ce9084ab045,TCGA-97-8172-01,TCGA-97-8172,77,136070.25,32535.86,0.0133,focal,TCGA-97-8172-01,TCGA-97-8172,Female,Stage IB,75,0:LIVING,17.9,0,I,matched
female_psg_positive,TCGA-97-8175,TCGA-97-8175-01Z-00-DX1.f7148cec-5e4b-46ac-b167-d41b36eb3ee5,TCGA-97-8175-01,TCGA-97-8175,49,60555.26,10567.38,0.0094,focal,TCGA-97-8175-01,TCGA-97-8175,Female,Stage IB,55,0:LIVING,18.1,0,I,matched
female_psg_positive,TCGA-J2-8192,TCGA-J2-8192-01Z-00-DX1.A784F381-7906-480F-99A1-0B88005953A0,TCGA-J2-8192-01,TCGA-J2-8192,46,384637.49,54994.19,0.0555,present,TCGA-J2-8192-01,TCGA-J2-8192,Female,Stage IIA,65,0:LIVING,24.28,0,II,matched
female_psg_positive,TCGA-J2-A4AD,TCGA-J2-A4AD-01Z-00-DX1.C3C3B0C6-0666-4CCF-8422-345560B237DA,TCGA-J2-A4AD-01,TCGA-J2-A4AD,3,884.84,284.52,0.0023,focal,TCGA-J2-A4AD-01,TCGA-J2-A4AD,Female,Stage IA,61,1:DECEASED,18.07,1,I,matched
female_psg_positive,TCGA-L9-A5IP,TCGA-L9-A5IP-01Z-00-DX1.E699D989-8BB8-41DF-9B95-A880858653E6,TCGA-L9-A5IP-01,TCGA-L9-A5IP,20,1040087.65,31301.93,0.3738,present,TCGA-L9-A5IP-01,TCGA-L9-A5IP,Female,Stage IV,40,1:DECEASED,1.91,1,IV,matched
female_psg_positive,TCGA-MP-A4T4,TCGA-MP-A4T4-01Z-00-DX1.5F72FF0B-59C0-4E95-A8C1-BF22A948F7AC,TCGA-MP-A4T4-01,TCGA-MP-A4T4,18,10666.85,1395.92,0.0062,focal,TCGA-MP-A4T4-01,TCGA-MP-A4T4,Female,Stage IIB,68,1:DECEASED,85.97,1,II,matched
female_psg_positive,TCGA-MP-A4T7,TCGA-MP-A4T7-01Z-00-DX1.C74D7A5B-1D1A-423B-85CA-C11E0CCF5873,TCGA-MP-A4T7-01,TCGA-MP-A4T7,34,10738.28,2730.3,0.0026,focal,TCGA-MP-A4T7-01,TCGA-MP-A4T7,Female,Stage IV,75,1:DECEASED,5.49,1,IV,matched
female_psg_positive,TCGA-MP-A4T9,TCGA-MP-A4T9-01Z-00-DX1.F7B341C4-EBCD-455F-BE90-3B77AC6B76EC,TCGA-MP-A4T9-01,TCGA-MP-A4T9,1,0.0,0.0,0.0,absent,TCGA-MP-A4T9-01,TCGA-MP-A4T9,Female,Stage IIIA,54,1:DECEASED,41.56,1,III,matched
female_psg_positive,TCGA-MP-A4TA,TCGA-MP-A4TA-01Z-00-DX1.11DDADA4-B7A2-4216-9B18-7AD993AE12E4,TCGA-MP-A4TA-01,TCGA-MP-A4TA,23,49285.47,11879.43,0.0193,focal,TCGA-MP-A4TA-01,TCGA-MP-A4TA,Female,Stage IA,75,1:DECEASED,31.21,1,I,matched
female_psg_positive,TCGA-MP-A4TF,TCGA-MP-A4TF-01Z-00-DX1.F98B0438-6D32-4EA3-ABA8-E624457EA658,TCGA-MP-A4TF-01,TCGA-MP-A4TF,34,498172.81,28413.86,0.1482,present,TCGA-MP-A4TF-01,TCGA-MP-A4TF,Female,Stage IIA,58,1:DECEASED,11.04,1,II,matched
female_psg_positive,TCGA-MP-A4TK,TCGA-MP-A4TK-01Z-00-DX1.57494698-D9D9-4C04-AAB2-16616CCFDCC9,TCGA-MP-A4TK-01,TCGA-MP-A4TK,48,65919.98,12985.97,0.0099,focal,TCGA-MP-A4TK-01,TCGA-MP-A4TK,Female,Stage IIB,56,1:DECEASED,19.12,1,II,matched
female_psg_positive,TCGA-NJ-A4YQ,TCGA-NJ-A4YQ-01Z-00-DX1.56C29975-77E9-4822-A9E1-83AD70D6C5F7,TCGA-NJ-A4YQ-01,TCGA-NJ-A4YQ,102,110513.08,27556.26,0.0088,focal,TCGA-NJ-A4YQ-01,TCGA-NJ-A4YQ,Female,Stage IA,69,0:LIVING,47.04,0,I,matched
male_psg_negative,TCGA-05-4244,TCGA-05-4244-01Z-00-DX1.d4ff32cd-38cf-40ea-8213-45c2b100ac01,TCGA-05-4244-01,TCGA-05-4244,2,0.0,0.0,0.0,absent,TCGA-05-4244-01,TCGA-05-4244,MALE,Stage IV,70,0:LIVING,0,0,IV,matched
male_psg_negative,TCGA-05-4382,TCGA-05-4382-01Z-00-DX1.76b49a4c-dbbb-48b0-b677-6d3037e5ce88,TCGA-05-4382-01,TCGA-05-4382,7,8142.85,2557.28,0.0104,focal,TCGA-05-4382-01,TCGA-05-4382,Male,Stage IB,68,0:LIVING,19.94,0,I,matched
male_psg_negative,TCGA-05-4395,TCGA-05-4395-01Z-00-DX1.20205276-ca16-46b2-914a-fe5e576a5cf9,TCGA-05-4395-01,TCGA-05-4395,1,0.0,0.0,0.0,absent,TCGA-05-4395-01,TCGA-05-4395,Male,Stage IIIB,76,1:DECEASED,0,1,III,matched
male_psg_negative,TCGA-05-4397,TCGA-05-4397-01Z-00-DX1.00e9cdb3-b50e-439c-86b0-d7b73b802c0d,TCGA-05-4397-01,TCGA-05-4397,6,369830.62,9601.15,0.466,present,TCGA-05-4397-01,TCGA-05-4397,Male,Stage IIB,65,1:DECEASED,24.01,1,II,matched
male_psg_negative,TCGA-05-4415,TCGA-05-4415-01Z-00-DX1.55E0C429-B308-4962-8DA9-41D7D3F7764E,TCGA-05-4415-01,TCGA-05-4415,5,1608.16,424.72,0.0032,focal,TCGA-05-4415-01,TCGA-05-4415,Male,Stage IIIB,57,1:DECEASED,2.99,1,III,matched
male_psg_negative,TCGA-05-4418,TCGA-05-4418-01Z-00-DX1.f3863ea5-564f-482f-9878-cc104cf69401,TCGA-05-4418-01,TCGA-05-4418,9,520.16,137.65,0.0007,focal,TCGA-05-4418-01,TCGA-05-4418,Male,Stage IIIA,69,1:DECEASED,9,1,III,matched
male_psg_negative,TCGA-05-4432,TCGA-05-4432-01Z-00-DX1.90d00d62-402b-404a-85e2-0edf869193ab,TCGA-05-4432-01,TCGA-05-4432,3,4792.19,464.95,0.0226,focal,TCGA-05-4432-01,TCGA-05-4432,Male,Stage IIB,66,0:LIVING,25,0,II,matched
male_psg_negative,TCGA-35-4123,TCGA-35-4123-01Z-00-DX1.990553a8-657e-49ec-9782-e6d30a4c4909,TCGA-35-4123-01,TCGA-35-4123,9,5059.82,1745.34,0.006,focal,TCGA-35-4123-01,TCGA-35-4123,Male,Stage IA,38,0:LIVING,5.98,0,I,matched
male_psg_negative,TCGA-38-4629,TCGA-38-4629-01Z-00-DX1.d00cc280-5370-4b9f-9655-6c35deb94647,TCGA-38-4629-01,TCGA-38-4629,2,0.0,0.0,0.0,absent,TCGA-38-4629-01,TCGA-38-4629,Male,Stage IIB,68,1:DECEASED,28.38,1,II,matched
male_psg_negative,TCGA-44-2656,TCGA-44-2656-01Z-00-DX1.5f247f31-4bb5-460d-a1f7-7dcdba33c835,TCGA-44-2656-01,TCGA-44-2656,11,23636.81,4311.16,0.0289,focal,TCGA-44-2656-01,TCGA-44-2656,Male,Stage IB,59,0:LIVING,46.94,0,I,matched
male_psg_negative,TCGA-44-2662,TCGA-44-2662-01Z-00-DX1.398f3f84-fd48-4454-b789-a3e90cd36d73,TCGA-44-2662-01,TCGA-44-2662,67,920900.47,96487.77,0.1094,present,TCGA-44-2662-01,TCGA-44-2662,Male,Stage IB,65,0:LIVING,42.05,0,I,matched
male_psg_negative,TCGA-44-2668,TCGA-44-2668-01Z-00-DX1.f66fa464-dad1-4a9f-8486-3d7579ca42b6,TCGA-44-2668-01,TCGA-44-2668,10,19635.13,2821.92,0.0173,focal,TCGA-44-2668-01,TCGA-44-2668,Male,Stage IB,51,1:DECEASED,25,1,I,matched
male_psg_negative,TCGA-44-7660,TCGA-44-7660-01Z-00-DX1.f96c114b-f0fc-498a-97cc-e262344de357,TCGA-44-7660-01,TCGA-44-7660,29,28743.25,4182.56,0.0081,focal,TCGA-44-7660-01,TCGA-44-7660,Male,Stage IB,72,0:LIVING,19.45,0,I,matched
male_psg_negative,TCGA-44-7662,TCGA-44-7662-01Z-00-DX1.2f0b6cea-795a-40ad-93a9-319858e6fb3b,TCGA-44-7662-01,TCGA-44-7662,3,20792.9,2443.89,0.0734,present,TCGA-44-7662-01,TCGA-44-7662,Male,Stage IB,61,0:LIVING,7.16,0,I,matched
male_psg_negative,TCGA-49-6745,TCGA-49-6745-01Z-00-DX6.3174fffa-c17c-44d1-8d21-1921a9ec1bee,TCGA-49-6745-01,TCGA-49-6745,8,16426.07,2623.23,0.0202,focal,TCGA-49-6745-01,TCGA-49-6745,Male,Stage IIIA,82,0:LIVING,17.15,0,III,matched
male_psg_negative,TCGA-49-AAR9,TCGA-49-AAR9-01Z-00-DX1.B6A9966E-89B8-404B-8ABC-1F8F8553D4DA,TCGA-49-AAR9-01,TCGA-49-AAR9,3,65.19,54.99,0.0002,focal,TCGA-49-AAR9-01,TCGA-49-AAR9,Male,Stage IIB,61,1:DECEASED,8.54,1,II,matched
male_psg_negative,TCGA-50-5066,TCGA-50-5066-02Z-00-DX1.A2CA045A-7956-4E04-9EC9-5856FC789110,TCGA-50-5066-02,TCGA-50-5066,21,26237.14,3527.74,0.0125,focal,TCGA-50-5066-02,TCGA-50-5066,Male,Stage IB,72,0:LIVING,47.37,0,I,matched
male_psg_negative,TCGA-55-1592,TCGA-55-1592-01Z-00-DX1.ee15e261-2f9c-4a93-a19f-27cb1c3bae15,TCGA-55-1592-01,TCGA-55-1592,10,25358.93,7072.13,0.0277,focal,TCGA-55-1592-01,TCGA-55-1592,Male,Stage IA,65,1:DECEASED,23.03,1,I,matched
male_psg_negative,TCGA-55-1594,TCGA-55-1594-01Z-00-DX1.bd90c500-7c0b-4c45-a3f7-2d9177384b1d,TCGA-55-1594-01,TCGA-55-1594,2,0.0,0.0,0.0,absent,TCGA-55-1594-01,TCGA-55-1594,Male,Stage IIIA,68,0:LIVING,38.7,0,III,matched
male_psg_negative,TCGA-55-6975,TCGA-55-6975-01Z-00-DX1.2762a872-b1c3-47fd-8ed5-b715a5b20163,TCGA-55-6975-01,TCGA-55-6975,12,101079.35,14033.51,0.0748,present,TCGA-55-6975-01,TCGA-55-6975,Male,Stage IIB,61,1:DECEASED,3.88,1,II,matched
male_psg_negative,TCGA-55-6980,TCGA-55-6980-01Z-00-DX1.2f1d1858-42b9-4e3b-966d-2f3f429570a6,TCGA-55-6980-01,TCGA-55-6980,21,31487.64,9372.55,0.0117,focal,TCGA-55-6980-01,TCGA-55-6980,Male,Stage IA,56,0:LIVING,69.28,0,I,matched
male_psg_negative,TCGA-55-7903,TCGA-55-7903-01Z-00-DX1.40fc5dcb-b5bb-46b4-90bd-2eeb3ea880f5,TCGA-55-7903-01,TCGA-55-7903,1,0.0,0.0,0.0,absent,TCGA-55-7903-01,TCGA-55-7903,Male,Stage IA,64,0:LIVING,18.63,0,I,matched
male_psg_negative,TCGA-55-7907,TCGA-55-7907-01Z-00-DX1.f5a264f5-3926-4d09-82f3-cd38d554f3db,TCGA-55-7907-01,TCGA-55-7907,19,61757.51,17156.79,0.0272,focal,TCGA-55-7907-01,TCGA-55-7907,Male,Stage IIA,77,1:DECEASED,11.27,1,II,matched
male_psg_negative,TCGA-55-8090,TCGA-55-8090-01Z-00-DX1.83f86d5f-7cb9-443a-a812-b19ba4aea836,TCGA-55-8090-01,TCGA-55-8090,4,9854.22,1855.43,0.0354,focal,TCGA-55-8090-01,TCGA-55-8090,Male,Stage IA,80,1:DECEASED,19.65,1,I,matched
male_psg_negative,TCGA-55-8302,TCGA-55-8302-01Z-00-DX1.E0C2B152-BBA9-4AA7-9E6B-BD57B68163CB,TCGA-55-8302-01,TCGA-55-8302,6,5232.46,1519.24,0.0093,focal,TCGA-55-8302-01,TCGA-55-8302,Male,Stage IB,54,0:LIVING,15.7,0,I,matched
male_psg_negative,TCGA-55-8614,TCGA-55-8614-01Z-00-DX1.043DE2B5-A453-4570-8830-99170450658C,TCGA-55-8614-01,TCGA-55-8614,18,117999.42,8210.29,0.0473,focal,TCGA-55-8614-01,TCGA-55-8614,Male,Stage IB,76,0:LIVING,17.61,0,I,matched
male_psg_negative,TCGA-55-A4DF,TCGA-55-A4DF-01Z-00-DX1.C945E1AD-BEF4-403F-BB11-BAC831D24CDA,TCGA-55-A4DF-01,TCGA-55-A4DF,5,44541.03,4855.24,0.1289,present,TCGA-55-A4DF-01,TCGA-55-A4DF,Male,Stage IA,88,1:DECEASED,20.17,1,I,matched
male_psg_negative,TCGA-55-A4DG,TCGA-55-A4DG-01Z-00-DX1.9CE9B7BE-48EF-44F1-9C25-F15700A3E5DE,TCGA-55-A4DG-01,TCGA-55-A4DG,10,34799.58,4666.78,0.0295,focal,TCGA-55-A4DG-01,TCGA-55-A4DG,Male,Stage IA,71,0:LIVING,19.97,0,I,matched
male_psg_negative,TCGA-62-A471,TCGA-62-A471-01Z-00-DX1.51A235BB-7F67-4C0D-8B15-2E26116D8822,TCGA-62-A471-01,TCGA-62-A471,36,62057.57,11175.28,0.0121,focal,TCGA-62-A471-01,TCGA-62-A471,Male,Stage IIB,64,0:LIVING,40.93,0,II,matched
male_psg_negative,TCGA-62-A472,TCGA-62-A472-01Z-00-DX1.C2F76C9A-C51A-4521-9B95-2A20063E9931,TCGA-62-A472-01,TCGA-62-A472,19,14632.59,4313.11,0.0097,focal,TCGA-62-A472-01,TCGA-62-A472,Male,Stage IIB,70,0:LIVING,29.89,0,II,matched
male_psg_negative,TCGA-64-5775,TCGA-64-5775-01Z-00-DX1.9A338C1A-CDB6-41AF-B6D5-EDE608B5E3E1,TCGA-64-5775-01,TCGA-64-5775,16,660.16,432.48,0.0005,focal,TCGA-64-5775-01,TCGA-64-5775,Male,Stage IIIA,71,1:DECEASED,2.04,1,III,matched
male_psg_negative,TCGA-64-5815,TCGA-64-5815-01Z-00-DX1.1E3600B5-7E83-47BE-AC70-E0C2D623740B,TCGA-64-5815-01,TCGA-64-5815,49,82685.27,13788.63,0.0122,focal,TCGA-64-5815-01,TCGA-64-5815,Male,Stage IIB,74,0:LIVING,28.45,0,II,matched
male_psg_negative,TCGA-69-7978,TCGA-69-7978-01Z-00-DX1.90a2bf2f-18e2-4bfe-b858-d2de619e2493,TCGA-69-7978-01,TCGA-69-7978,20,42576.2,5592.75,0.0162,focal,TCGA-69-7978-01,TCGA-69-7978,Male,Stage IIB,59,0:LIVING,4.4,0,II,matched
male_psg_negative,TCGA-73-4675,TCGA-73-4675-01Z-00-DX1.1027587f-8ec4-4b8c-8768-ff7b669683e0,TCGA-73-4675-01,TCGA-73-4675,49,178462.54,41285.08,0.0463,focal,TCGA-73-4675-01,TCGA-73-4675,Male,Stage IIIA,59,1:DECEASED,30.29,1,III,matched
male_psg_negative,TCGA-73-4676,TCGA-73-4676-01Z-00-DX1.4d781bbc-a45e-4f9d-b6b6-2265282dff99,TCGA-73-4676-01,TCGA-73-4676,34,87379.35,18218.43,0.0229,focal,TCGA-73-4676-01,TCGA-73-4676,Male,Stage IIA,45,1:DECEASED,9.23,1,II,matched
male_psg_negative,TCGA-78-7148,TCGA-78-7148-01Z-00-DX1.aac94f79-77f2-45e6-b0c3-0b103fecbb22,TCGA-78-7148-01,TCGA-78-7148,54,282216.73,58913.74,0.0406,focal,TCGA-78-7148-01,TCGA-78-7148,Male,Stage IIB,71,1:DECEASED,20.57,1,II,matched
male_psg_negative,TCGA-78-7155,TCGA-78-7155-01Z-00-DX1.32258467-7550-4a1b-8df9-a869fb83e559,TCGA-78-7155-01,TCGA-78-7155,1,0.0,0.0,0.0,absent,TCGA-78-7155-01,TCGA-78-7155,Male,Stage IB,68,1:DECEASED,38.47,1,I,matched
male_psg_negative,TCGA-78-8640,TCGA-78-8640-01Z-00-DX1.6F929E56-34D5-45A6-8A9E-ACB4B88A68B1,TCGA-78-8640-01,TCGA-78-8640,62,352936.7,62087.75,0.0442,focal,TCGA-78-8640-01,TCGA-78-8640,Male,Stage IIA,59,0:LIVING,232,0,II,matched
male_psg_negative,TCGA-78-8660,TCGA-78-8660-01Z-00-DX1.11E923ED-C01B-439D-8796-08C9E3DC2D93,TCGA-78-8660-01,TCGA-78-8660,36,1585666.83,58764.41,0.3179,present,TCGA-78-8660-01,TCGA-78-8660,Male,Stage IIB,69,1:DECEASED,10.55,1,II,matched
male_psg_negative,TCGA-80-5611,TCGA-80-5611-01Z-00-DX1.31920706-8AF4-46D2-B1D4-7DD5AF4AAC77,TCGA-80-5611-01,TCGA-80-5611,5,0.0,0.0,0.0,absent,TCGA-80-5611-01,TCGA-80-5611,Male,Stage IB,,0:LIVING,85.25,0,I,matched
male_psg_negative,TCGA-86-7955,TCGA-86-7955-01Z-00-DX1.ef4f4d94-5efb-4a07-97cf-b0ed69085827,TCGA-86-7955-01,TCGA-86-7955,39,711070.58,47655.94,0.1933,present,TCGA-86-7955-01,TCGA-86-7955,Male,Stage IB,62,0:LIVING,35.22,0,I,matched
male_psg_negative,TCGA-86-8055,TCGA-86-8055-01Z-00-DX1.546dc42e-3742-4da5-8f9b-80732180ce76,TCGA-86-8055-01,TCGA-86-8055,14,71926.84,8433.12,0.0657,present,TCGA-86-8055-01,TCGA-86-8055,Male,Stage IIA,79,1:DECEASED,4.07,1,II,matched
male_psg_negative,TCGA-86-8073,TCGA-86-8073-01Z-00-DX1.33c016fc-5c9e-4ad6-8de2-a7f8521d205c,TCGA-86-8073-01,TCGA-86-8073,13,25361.08,5591.61,0.0246,focal,TCGA-86-8073-01,TCGA-86-8073,Male,Stage IB,58,0:LIVING,24.31,0,I,matched
male_psg_negative,TCGA-86-8585,TCGA-86-8585-01Z-00-DX1.bc0b1c69-f71d-46fc-8195-2d205002e6e5,TCGA-86-8585-01,TCGA-86-8585,14,20714.38,7035.66,0.0119,focal,TCGA-86-8585-01,TCGA-86-8585,Male,Stage IB,57,0:LIVING,11.6,0,I,matched
male_psg_negative,TCGA-86-A4JF,TCGA-86-A4JF-01Z-00-DX1.22828B15-D68E-4300-A3A8-FBC11B319BC5,TCGA-86-A4JF-01,TCGA-86-A4JF,44,682045.07,63891.16,0.142,present,TCGA-86-A4JF-01,TCGA-86-A4JF,Male,Stage IIB,56,1:DECEASED,24.21,1,II,matched
male_psg_negative,TCGA-91-A4BC,TCGA-91-A4BC-01Z-00-DX1.8D8783B1-D1BA-4970-B77B-3AED8506C487,TCGA-91-A4BC-01,TCGA-91-A4BC,4,5472.97,884.36,0.0291,focal,TCGA-91-A4BC-01,TCGA-91-A4BC,Male,Stage IIA,59,0:LIVING,1.45,0,II,matched
male_psg_negative,TCGA-93-A4JP,TCGA-93-A4JP-01Z-00-DX1.994E229B-5251-4F61-8C41-863047F3A136,TCGA-93-A4JP-01,TCGA-93-A4JP,8,216579.36,7110.33,0.3315,present,TCGA-93-A4JP-01,TCGA-93-A4JP,Male,Stage IV,64,0:LIVING,18.99,0,IV,matched
male_psg_negative,TCGA-93-A4JQ,TCGA-93-A4JQ-01Z-00-DX1.24573112-917C-43E9-B0FD-763C290AA88A,TCGA-93-A4JQ-01,TCGA-93-A4JQ,36,93501.72,9885.81,0.0217,focal,TCGA-93-A4JQ-01,TCGA-93-A4JQ,Male,Stage IA,49,0:LIVING,17.28,0,I,matched
male_psg_negative,TCGA-95-7567,TCGA-95-7567-01Z-00-DX1.982FF122-A440-4949-926C-B58AF8381090,TCGA-95-7567-01,TCGA-95-7567,38,64465.43,7501.39,0.0161,focal,TCGA-95-7567-01,TCGA-95-7567,Male,Stage IIB,61,0:LIVING,18.66,0,II,matched
male_psg_negative,TCGA-95-7947,TCGA-95-7947-01Z-00-DX1.44291078-2D8E-4E79-8FAB-439E52BAAD60,TCGA-95-7947-01,TCGA-95-7947,27,31471.85,7999.98,0.0175,focal,TCGA-95-7947-01,TCGA-95-7947,Male,Stage IA,67,0:LIVING,15.67,0,I,matched
male_psg_negative,TCGA-95-8494,TCGA-95-8494-01Z-00-DX1.716299EF-71BB-4095-8F4D-F0C2252CE594,TCGA-95-8494-01,TCGA-95-8494,8,9975.63,3346.11,0.0121,focal,TCGA-95-8494-01,TCGA-95-8494,Male,Stage IIA,67,0:LIVING,2.76,0,II,matched
male_psg_negative,TCGA-97-7937,TCGA-97-7937-01Z-00-DX1.6db4b2ff-722c-4bb8-b12f-15f1a38b4ab1,TCGA-97-7937-01,TCGA-97-7937,17,40101.31,7524.59,0.0158,focal,TCGA-97-7937-01,TCGA-97-7937,Male,Stage IB,65,0:LIVING,18.53,0,I,matched
male_psg_negative,TCGA-97-A4LX,TCGA-97-A4LX-01Z-00-DX1.B2334672-A626-4E74-B4D1-A79F70F65909,TCGA-97-A4LX-01,TCGA-97-A4LX,107,76102.28,16421.56,0.0061,focal,TCGA-97-A4LX-01,TCGA-97-A4LX,Male,Stage IB,81,0:LIVING,20.17,0,I,matched
male_psg_negative,TCGA-99-8032,TCGA-99-8032-01Z-00-DX1.7380b78f-ea25-43e0-ac90-194b5c6b1432,TCGA-99-8032-01,TCGA-99-8032,10,62485.94,10217.26,0.058,present,TCGA-99-8032-01,TCGA-99-8032,Male,Stage IA,61,0:LIVING,1.45,0,I,matched
male_psg_negative,TCGA-MN-A4N1,TCGA-MN-A4N1-01Z-00-DX2.9B0852C4-16BF-4962-B86F-E2570E48A89E,TCGA-MN-A4N1-01,TCGA-MN-A4N1,48,74913.06,13099.57,0.0117,focal,TCGA-MN-A4N1-01,TCGA-MN-A4N1,Male,Stage IIA,60,0:LIVING,27.17,0,II,matched
male_psg_negative,TCGA-MN-A4N4,TCGA-MN-A4N4-01Z-00-DX1.7D8352EF-7A4B-4084-9612-CF92D9D16041,TCGA-MN-A4N4-01,TCGA-MN-A4N4,30,105800.37,27905.41,0.024,focal,TCGA-MN-A4N4-01,TCGA-MN-A4N4,Male,Stage IA,57,0:LIVING,38.6,0,I,matched
male_psg_negative,TCGA-MP-A4SV,TCGA-MP-A4SV-01Z-00-DX1.5430F2CF-BE4B-42D6-9CD4-92E6FB3F6E99,TCGA-MP-A4SV-01,TCGA-MP-A4SV,35,162861.91,15933.53,0.0358,focal,TCGA-MP-A4SV-01,TCGA-MP-A4SV,Male,Stage IB,67,1:DECEASED,86.07,1,I,matched
male_psg_negative,TCGA-MP-A4SW,TCGA-MP-A4SW-01Z-00-DX1.A6651B25-A35A-4BDE-9EBF-D264A02003C8,TCGA-MP-A4SW-01,TCGA-MP-A4SW,11,16418.77,3776.65,0.0155,focal,TCGA-MP-A4SW-01,TCGA-MP-A4SW,Male,Stage IIB,53,1:DECEASED,58.41,1,II,matched
male_psg_negative,TCGA-MP-A4SY,TCGA-MP-A4SY-01Z-00-DX1.9535274F-C850-409E-80A1-B933B2F1A110,TCGA-MP-A4SY-01,TCGA-MP-A4SY,38,80353.37,9521.33,0.0176,focal,TCGA-MP-A4SY-01,TCGA-MP-A4SY,Male,Stage IIB,61,1:DECEASED,49.31,1,II,matched
male_psg_negative,TCGA-MP-A4TD,TCGA-MP-A4TD-01Z-00-DX1.937DEBC9-F5D5-4682-AA9A-13D8226EE06C,TCGA-MP-A4TD-01,TCGA-MP-A4TD,33,65292.7,13571.86,0.0152,focal,TCGA-MP-A4TD-01,TCGA-MP-A4TD,Male,Stage IIIA,71,1:DECEASED,10.09,1,III,matched
male_psg_negative,TCGA-NJ-A4YG,TCGA-NJ-A4YG-01Z-00-DX1.507BAE41-5EE9-4657-AAD1-AD456750BA2F,TCGA-NJ-A4YG-01,TCGA-NJ-A4YG,155,82782.58,23399.22,0.0043,focal,TCGA-NJ-A4YG-01,TCGA-NJ-A4YG,Male,Stage IB,65,0:LIVING,74.28,0,I,matched
male_psg_negative,TCGA-NJ-A7XG,TCGA-NJ-A7XG-01Z-00-DX1.4A876254-653C-410B-A36C-55FC41C1DD93,TCGA-NJ-A7XG-01,TCGA-NJ-A7XG,16,2181.44,592.96,0.0013,focal,TCGA-NJ-A7XG-01,TCGA-NJ-A7XG,Male,Stage IIIA,49,0:LIVING,20.27,0,III,matched
male_psg_positive,TCGA-05-4249,TCGA-05-4249-01Z-00-DX1.9fce0297-cc19-4c04-872c-4466ee4024db,TCGA-05-4249-01,TCGA-05-4249,2,0.0,0.0,0.0,absent,TCGA-05-4249-01,TCGA-05-4249,Male,Stage IB,67,0:LIVING,50.03,0,I,matched
male_psg_positive,TCGA-05-4384,TCGA-05-4384-01Z-00-DX1.CA68BF29-BBE3-4C8E-B48B-554431A9EE13,TCGA-05-4384-01,TCGA-05-4384,1,2940.56,423.18,0.0223,focal,TCGA-05-4384-01,TCGA-05-4384,Male,Stage IIIA,66,0:LIVING,13.99,0,III,matched
male_psg_positive,TCGA-05-4396,TCGA-05-4396-01Z-00-DX1.49DD5F68-7473-4945-B384-EA6D5AE383CB,TCGA-05-4396-01,TCGA-05-4396,2,0.0,0.0,0.0,absent,TCGA-05-4396-01,TCGA-05-4396,Male,Stage IIIB,76,1:DECEASED,9.95,1,III,matched
male_psg_positive,TCGA-05-4403,TCGA-05-4403-01Z-00-DX1.fee8e988-956c-42a2-a6c5-06b6d6736295,TCGA-05-4403-01,TCGA-05-4403,13,17263.47,4638.34,0.0111,focal,TCGA-05-4403-01,TCGA-05-4403,Male,Stage IB,76,0:LIVING,18.99,0,I,matched
male_psg_positive,TCGA-05-4410,TCGA-05-4410-01Z-00-DX1.E5B66334-4949-4F45-9200-296B1A2F1AD5,TCGA-05-4410-01,TCGA-05-4410,1,1479.22,459.22,0.0151,focal,TCGA-05-4410-01,TCGA-05-4410,Male,Stage IB,62,0:LIVING,0,0,I,matched
male_psg_positive,TCGA-05-4420,TCGA-05-4420-01Z-00-DX1.2df0552e-87dc-491e-9be2-be8fbce2660d,TCGA-05-4420-01,TCGA-05-4420,1,0.0,0.0,0.0,absent,TCGA-05-4420-01,TCGA-05-4420,Male,Stage IB,41,0:LIVING,29.96,0,I,matched
male_psg_positive,TCGA-05-4422,TCGA-05-4422-01Z-00-DX1.4802093f-71ea-43d5-bd92-b4bd7fc8c5bf,TCGA-05-4422-01,TCGA-05-4422,3,667.88,272.45,0.0023,focal,TCGA-05-4422-01,TCGA-05-4422,Male,Stage IB,68,0:LIVING,11.99,0,I,matched
male_psg_positive,TCGA-05-4424,TCGA-05-4424-01Z-00-DX1.4892016C-1A96-4A72-ACB8-FFD282FC4E69,TCGA-05-4424-01,TCGA-05-4424,2,53540.69,1874.03,0.3444,present,TCGA-05-4424-01,TCGA-05-4424,Male,Stage IIB,70,0:LIVING,29.99,0,II,matched
male_psg_positive,TCGA-05-4426,TCGA-05-4426-01Z-00-DX1.4c9da782-f4aa-4c4f-b3aa-fae2259f236f,TCGA-05-4426-01,TCGA-05-4426,4,2624.06,677.88,0.0072,focal,TCGA-05-4426-01,TCGA-05-4426,Male,Stage IB,71,0:LIVING,25.99,0,I,matched
male_psg_positive,TCGA-05-4433,TCGA-05-4433-01Z-00-DX1.5843D3CC-CB24-4A0A-BB65-78A5DAA11D84,TCGA-05-4433-01,TCGA-05-4433,4,0.0,0.0,0.0,absent,TCGA-05-4433-01,TCGA-05-4433,Male,Stage IB,82,0:LIVING,23.98,0,I,matched
male_psg_positive,TCGA-05-5420,TCGA-05-5420-01Z-00-DX1.8C253A99-44FD-48B6-AF31-D808CCB7DB1E,TCGA-05-5420-01,TCGA-05-5420,1,1744.5,588.55,0.0259,focal,TCGA-05-5420-01,TCGA-05-5420,Male,Stage IIIA,67,0:LIVING,15.01,0,III,matched
male_psg_positive,TCGA-05-5423,TCGA-05-5423-01Z-00-DX1.CCCF5FDB-ACAD-4D9D-80DF-556F0D6284AF,TCGA-05-5423-01,TCGA-05-5423,2,15734.4,2347.74,0.0636,present,TCGA-05-5423-01,TCGA-05-5423,Male,Stage IIB,65,0:LIVING,4.96,0,II,matched
male_psg_positive,TCGA-05-5425,TCGA-05-5425-01Z-00-DX1.85865B2F-4888-43DD-A501-458BEFCF832B,TCGA-05-5425-01,TCGA-05-5425,1,4808.62,724.84,0.0411,focal,TCGA-05-5425-01,TCGA-05-5425,Male,Stage IIB,68,0:LIVING,28.98,0,II,matched
male_psg_positive,TCGA-05-5428,TCGA-05-5428-01Z-00-DX1.8018AD62-F1CE-4BFF-8EFD-3F2D4513FC11,TCGA-05-5428-01,TCGA-05-5428,1,0.0,0.0,0.0,absent,TCGA-05-5428-01,TCGA-05-5428,Male,Stage IIA,57,0:LIVING,22.01,0,II,matched
male_psg_positive,TCGA-05-5429,TCGA-05-5429-01Z-00-DX1.20729065-FADA-4E43-98D7-AFA5FB4A0447,TCGA-05-5429-01,TCGA-05-5429,2,1004.88,301.62,0.0041,focal,TCGA-05-5429-01,TCGA-05-5429,Male,Stage IIIA,60,1:DECEASED,9.03,1,III,matched
male_psg_positive,TCGA-35-3615,TCGA-35-3615-01Z-00-DX1.585128eb-6652-4b05-9a83-dc8f242904a6,TCGA-35-3615-01,TCGA-35-3615,18,40652.17,10757.78,0.0298,focal,TCGA-35-3615-01,TCGA-35-3615,Male,Stage IB,57,0:LIVING,0.46,0,I,matched
male_psg_positive,TCGA-35-4122,TCGA-35-4122-01Z-00-DX1.2ac022e4-e796-49e5-9a24-f0ff3f76a527,TCGA-35-4122-01,TCGA-35-4122,10,5866.82,1204.82,0.0048,focal,TCGA-35-4122-01,TCGA-35-4122,Male,Stage IA,69,0:LIVING,7.39,0,I,matched
male_psg_positive,TCGA-35-5375,TCGA-35-5375-01Z-00-DX1.10708170-750A-451B-BC10-0B4042540033,TCGA-35-5375-01,TCGA-35-5375,8,9243.43,2049.58,0.0107,focal,TCGA-35-5375-01,TCGA-35-5375,Male,Stage IIIA,61,0:LIVING,8.67,0,III,matched
male_psg_positive,TCGA-38-4632,TCGA-38-4632-01Z-00-DX1.5E05F85C-53BC-4280-8E7F-8B9DECEF849F,TCGA-38-4632-01,TCGA-38-4632,15,129705.86,4827.75,0.0825,present,TCGA-38-4632-01,TCGA-38-4632,Male,Stage IV,42,1:DECEASED,44.58,1,IV,matched
male_psg_positive,TCGA-38-A44F,TCGA-38-A44F-01Z-00-DX1.B9958072-D8BB-40DD-B28E-2E83CE2B550B,TCGA-38-A44F-01,TCGA-38-A44F,19,21115.63,5175.36,0.0109,focal,TCGA-38-A44F-01,TCGA-38-A44F,Male,Stage IB,80,0:LIVING,4.37,0,I,matched
male_psg_positive,TCGA-44-2666,TCGA-44-2666-01Z-00-DX1.f81a89cf-6033-47ea-9a43-290a5d6a28c1,TCGA-44-2666-01,TCGA-44-2666,6,1037.78,330.87,0.0022,focal,TCGA-44-2666-01,TCGA-44-2666,Male,Stage IB,43,1:DECEASED,3.19,1,I,matched
male_psg_positive,TCGA-44-5643,TCGA-44-5643-01Z-00-DX1.83fb7631-0ecb-4473-bfb2-c8daa2f87d35,TCGA-44-5643-01,TCGA-44-5643,27,660.72,215.87,0.0002,focal,TCGA-44-5643-01,TCGA-44-5643,Male,Stage IIIA,53,0:LIVING,33.28,0,III,matched
male_psg_positive,TCGA-44-6146,TCGA-44-6146-01Z-00-DX1.8db8c567-690e-4df3-98a9-f241b6a8d811,TCGA-44-6146-01,TCGA-44-6146,6,1826.22,582.83,0.003,focal,TCGA-44-6146-01,TCGA-44-6146,Male,Stage IIB,64,0:LIVING,23.92,0,II,matched
male_psg_positive,TCGA-44-6148,TCGA-44-6148-01Z-00-DX1.94c29c83-1085-458f-a0c9-3ffa8592cb98,TCGA-44-6148-01,TCGA-44-6148,36,50878.47,17669.61,0.0098,focal,TCGA-44-6148-01,TCGA-44-6148,Male,Stage IA,60,0:LIVING,23.13,0,I,matched
male_psg_positive,TCGA-44-6778,TCGA-44-6778-01Z-00-DX1.5e932267-cc68-4a8e-a660-fe2cc0c59ff4,TCGA-44-6778-01,TCGA-44-6778,35,60253.73,12807.56,0.0172,focal,TCGA-44-6778-01,TCGA-44-6778,Male,Stage IA,59,0:LIVING,61.24,0,I,matched
male_psg_positive,TCGA-44-7659,TCGA-44-7659-01Z-00-DX1.818bf5b3-b4c1-4d23-a6ae-98d5015eb8c1,TCGA-44-7659-01,TCGA-44-7659,11,21703.25,4386.74,0.0158,focal,TCGA-44-7659-01,TCGA-44-7659,Male,Stage IA,70,0:LIVING,22.7,0,I,matched
male_psg_positive,TCGA-44-7669,TCGA-44-7669-01Z-00-DX1.34d0c9ac-d3dc-4a5e-b99c-a8c1c1e120d1,TCGA-44-7669-01,TCGA-44-7669,11,144927.75,10530.25,0.1251,present,TCGA-44-7669-01,TCGA-44-7669,Male,Stage IIA,59,1:DECEASED,18.86,1,II,matched
male_psg_positive,TCGA-44-7671,TCGA-44-7671-01Z-00-DX1.00297baa-00e7-4894-a7b8-c9ac2a9d42d8,TCGA-44-7671-01,TCGA-44-7671,7,13455.18,3190.84,0.0176,focal,TCGA-44-7671-01,TCGA-44-7671,Male,Stage IB,64,0:LIVING,29.2,0,I,matched
male_psg_positive,TCGA-44-8119,TCGA-44-8119-01Z-00-DX1.1EBEBFA7-22DB-4365-9DF8-C4E679C11312,TCGA-44-8119-01,TCGA-44-8119,6,882.47,472.85,0.0013,focal,TCGA-44-8119-01,TCGA-44-8119,Male,Stage IIB,73,0:LIVING,9.36,0,II,matched
male_psg_positive,TCGA-44-A47B,TCGA-44-A47B-01Z-00-DX1.177D0531-E037-435B-BFD4-382B2150B10D,TCGA-44-A47B-01,TCGA-44-A47B,2,0.0,0.0,0.0,absent,TCGA-44-A47B-01,TCGA-44-A47B,Male,Stage IB,79,0:LIVING,9.43,0,I,matched
male_psg_positive,TCGA-44-A4SS,TCGA-44-A4SS-01Z-00-DX1.F3D85B63-D963-42D2-815F-CB9D791A0F7B,TCGA-44-A4SS-01,TCGA-44-A4SS,16,61884.6,6124.53,0.035,focal,TCGA-44-A4SS-01,TCGA-44-A4SS,Male,Stage IA,73,0:LIVING,13.63,0,I,matched
male_psg_positive,TCGA-49-4494,TCGA-49-4494-01Z-00-DX2.cac5ed0a-98c3-4d37-a4f4-9596a061836a,TCGA-49-4494-01,TCGA-49-4494,103,519637.45,78492.39,0.0365,focal,TCGA-49-4494-01,TCGA-49-4494,Male,Stage IIIA,77,1:DECEASED,35.51,1,III,matched
male_psg_positive,TCGA-49-6742,TCGA-49-6742-01Z-00-DX5.74539ee6-0ac6-4663-89f1-c6a74a59a4cb,TCGA-49-6742-01,TCGA-49-6742,52,314299.46,50202.86,0.0437,focal,TCGA-49-6742-01,TCGA-49-6742,Male,Stage IIA,70,1:DECEASED,16.03,1,II,matched
male_psg_positive,TCGA-49-AAR0,TCGA-49-AAR0-01Z-00-DX1.1635383C-0FB3-4CF9-BABC-08AC19CCE501,TCGA-49-AAR0-01,TCGA-49-AAR0,10,4768.62,1060.18,0.0036,focal,TCGA-49-AAR0-01,TCGA-49-AAR0,Male,Stage IA,57,0:LIVING,156.54,0,I,matched
male_psg_positive,TCGA-49-AAR2,TCGA-49-AAR2-01Z-00-DX1.1F09F896-446E-4C55-8D01-6C34A98AB1D2,TCGA-49-AAR2-01,TCGA-49-AAR2,11,11985.18,2154.51,0.0111,focal,TCGA-49-AAR2-01,TCGA-49-AAR2,Male,Stage IB,64,0:LIVING,73.06,0,I,matched
male_psg_positive,TCGA-49-AAR3,TCGA-49-AAR3-01Z-00-DX1.B4D85F13-CEB4-46DA-BF39-0200B9E55835,TCGA-49-AAR3-01,TCGA-49-AAR3,20,6865.91,1072.9,0.0035,focal,TCGA-49-AAR3-01,TCGA-49-AAR3,Male,Stage IIB,69,0:LIVING,62.19,0,II,matched
male_psg_positive,TCGA-49-AAR4,TCGA-49-AAR4-01Z-00-DX1.EDB32358-AF23-4F81-A99F-15574A2DE28E,TCGA-49-AAR4-01,TCGA-49-AAR4,17,16497.57,3248.23,0.0175,focal,TCGA-49-AAR4-01,TCGA-49-AAR4,Male,Stage IIIA,51,1:DECEASED,28.88,1,III,matched
male_psg_positive,TCGA-49-AARR,TCGA-49-AARR-01Z-00-DX1.9BCAFE3D-447C-40D6-85DD-AFABF6978376,TCGA-49-AARR-01,TCGA-49-AARR,12,14173.43,2713.5,0.0197,focal,TCGA-49-AARR-01,TCGA-49-AARR,Male,Stage IA,68,0:LIVING,163.99,0,I,matched
male_psg_positive,TCGA-50-5939,TCGA-50-5939-01Z-00-DX1.745D7503-0744-46B1-BC89-EBB8FCE2D55C,TCGA-50-5939-01,TCGA-50-5939,24,22732.73,4025.88,0.0077,focal,TCGA-50-5939-01,TCGA-50-5939,Male,Stage IB,85,1:DECEASED,15.11,1,I,matched
male_psg_positive,TCGA-50-5946,TCGA-50-5946-01Z-00-DX1.5076CACA-E3C0-4114-BA69-5B4896FF0C4B,TCGA-50-5946-01,TCGA-50-5946,37,132446.16,19515.14,0.0419,focal,TCGA-50-5946-01,TCGA-50-5946,Male,Stage IA,62,0:LIVING,53.12,0,I,matched
male_psg_positive,TCGA-50-7109,TCGA-50-7109-01Z-00-DX1.08f6420c-baa2-4e79-908e-ebbdeec503a6,TCGA-50-7109-01,TCGA-50-7109,21,31997.19,8353.55,0.015,focal,TCGA-50-7109-01,TCGA-50-7109,Male,Stage IA,60,1:DECEASED,10.12,1,I,matched
male_psg_positive,TCGA-50-8459,TCGA-50-8459-01Z-00-DX1.24D876E7-5265-4C5D-A215-0BAE5450EEF3,TCGA-50-8459-01,TCGA-50-8459,64,246463.99,40915.6,0.0373,focal,TCGA-50-8459-01,TCGA-50-8459,Male,Stage IIB,68,0:LIVING,36.76,0,II,matched
male_psg_positive,TCGA-53-A4EZ,TCGA-53-A4EZ-01Z-00-DX1.5D155F0B-A677-4589-AF00-A4C451F5B6B6,TCGA-53-A4EZ-01,TCGA-53-A4EZ,52,185654.08,24652.93,0.0321,focal,TCGA-53-A4EZ-01,TCGA-53-A4EZ,Male,Stage IIA,63,0:LIVING,35.18,0,II,matched
male_psg_positive,TCGA-55-1596,TCGA-55-1596-01Z-00-DX1.de65522d-92ab-408e-9b7e-24210d386b97,TCGA-55-1596-01,TCGA-55-1596,5,192.38,139.26,0.0004,focal,TCGA-55-1596-01,TCGA-55-1596,Male,Stage IIB,55,0:LIVING,67.84,0,II,matched
male_psg_positive,TCGA-55-5899,TCGA-55-5899-01Z-00-DX1.faa65b08-150c-4c74-95aa-1e8743f0152c,TCGA-55-5899-01,TCGA-55-5899,3,2128.38,618.59,0.0087,focal,TCGA-55-5899-01,TCGA-55-5899,Male,[Discrepancy],58,0:LIVING,30.55,0,,matched
male_psg_positive,TCGA-55-6642,TCGA-55-6642-01Z-00-DX1.0487cfc6-8216-4da3-aae1-a35452e9e4f6,TCGA-55-6642-01,TCGA-55-6642,9,21113.38,5660.89,0.0198,focal,TCGA-55-6642-01,TCGA-55-6642,Male,Stage IB,63,0:LIVING,80.45,0,I,matched
male_psg_positive,TCGA-55-6968,TCGA-55-6968-01Z-00-DX1.810e0fee-99ab-465b-8ae9-fb416e4dca3c,TCGA-55-6968-01,TCGA-55-6968,17,244036.8,15918.14,0.0855,present,TCGA-55-6968-01,TCGA-55-6968,Male,Stage IV,61,1:DECEASED,42.48,1,IV,matched
male_psg_positive,TCGA-55-6969,TCGA-55-6969-01Z-00-DX1.713df9f6-1a91-4e0e-ad43-42e66dcca191,TCGA-55-6969-01,TCGA-55-6969,26,38604.38,4904.63,0.0105,focal,TCGA-55-6969-01,TCGA-55-6969,Male,Stage IB,52,0:LIVING,40.7,0,I,matched
male_psg_positive,TCGA-55-6972,TCGA-55-6972-01Z-00-DX1.0b441ad0-c30f-4f63-849a-36c98d6e2d3b,TCGA-55-6972-01,TCGA-55-6972,1,651.78,131.17,0.0052,focal,TCGA-55-6972-01,TCGA-55-6972,Male,Stage IB,72,1:DECEASED,53.61,1,I,matched
male_psg_positive,TCGA-55-6978,TCGA-55-6978-01Z-00-DX1.2ef6d6aa-2a19-4bce-b845-cc83ac81a1c3,TCGA-55-6978-01,TCGA-55-6978,14,21306.03,4798.76,0.0157,focal,TCGA-55-6978-01,TCGA-55-6978,Male,Stage IIA,81,1:DECEASED,5.78,1,II,matched
male_psg_positive,TCGA-55-6983,TCGA-55-6983-01Z-00-DX1.8f940a64-1f1b-4e6e-99ea-418175be2b3f,TCGA-55-6983-01,TCGA-55-6983,5,53864.87,7640.37,0.0732,present,TCGA-55-6983-01,TCGA-55-6983,Male,Stage IIB,81,0:LIVING,92.74,0,II,matched
male_psg_positive,TCGA-55-6987,TCGA-55-6987-01Z-00-DX1.0c52b721-2209-4818-af8f-b22d37e6e81e,TCGA-55-6987-01,TCGA-55-6987,3,6541.47,1134.61,0.0252,focal,TCGA-55-6987-01,TCGA-55-6987,Male,Stage IA,77,0:LIVING,70.2,0,I,matched
male_psg_positive,TCGA-55-7227,TCGA-55-7227-01Z-00-DX1.e1a9e09c-4a50-4ee5-b1e4-2c7ae34dc913,TCGA-55-7227-01,TCGA-55-7227,4,6384.59,1843.24,0.0257,focal,TCGA-55-7227-01,TCGA-55-7227,Male,Stage IIIA,77,1:DECEASED,31.27,1,III,matched
male_psg_positive,TCGA-55-7284,TCGA-55-7284-01Z-00-DX1.68b95b9b-1aab-4f03-aad3-1132467b7499,TCGA-55-7284-01,TCGA-55-7284,18,72518.8,20212.95,0.046,focal,TCGA-55-7284-01,TCGA-55-7284,Male,Stage IIB,74,1:DECEASED,7.98,1,II,matched
male_psg_positive,TCGA-55-7570,TCGA-55-7570-01Z-00-DX1.9020ae67-cf60-4bac-8c60-403c8891c4a3,TCGA-55-7570-01,TCGA-55-7570,7,10040.44,2658.98,0.0287,focal,TCGA-55-7570-01,TCGA-55-7570,Male,Stage IA,60,0:LIVING,27.07,0,I,matched
male_psg_positive,TCGA-55-7576,TCGA-55-7576-01Z-00-DX1.3a6142e9-c90a-4938-a1d1-061c2ac261f0,TCGA-55-7576-01,TCGA-55-7576,9,2113.65,889.05,0.002,focal,TCGA-55-7576-01,TCGA-55-7576,Male,Stage IB,54,0:LIVING,22.01,0,I,matched
male_psg_positive,TCGA-55-7727,TCGA-55-7727-01Z-00-DX1.0c7a4953-16dc-41e0-845b-b89167ec17d7,TCGA-55-7727-01,TCGA-55-7727,20,8094.6,2878.95,0.0048,focal,TCGA-55-7727-01,TCGA-55-7727,Male,Stage IIIA,70,0:LIVING,3.91,0,III,matched
male_psg_positive,TCGA-55-7815,TCGA-55-7815-01Z-00-DX1.288408e6-f6b3-4de4-a1ce-cb2498d9d46d,TCGA-55-7815-01,TCGA-55-7815,5,17214.62,3407.58,0.0299,focal,TCGA-55-7815-01,TCGA-55-7815,Male,Stage IB,76,0:LIVING,25.39,0,I,matched
male_psg_positive,TCGA-55-7994,TCGA-55-7994-01Z-00-DX1.a0858080-c471-4337-bc57-7af57e9d92d8,TCGA-55-7994-01,TCGA-55-7994,7,249979.53,8961.01,0.3313,present,TCGA-55-7994-01,TCGA-55-7994,Male,Stage IIB,81,0:LIVING,19.81,0,II,matched
male_psg_positive,TCGA-55-8085,TCGA-55-8085-01Z-00-DX1.ff220eba-3515-4d2e-b317-76337dd3d206,TCGA-55-8085-01,TCGA-55-8085,2,0.0,0.0,0.0,absent,TCGA-55-8085-01,TCGA-55-8085,Male,Stage IA,64,0:LIVING,29.7,0,I,matched
male_psg_positive,TCGA-55-8089,TCGA-55-8089-01Z-00-DX1.da4d99ff-4a7c-45a3-b79c-039c0c9e9712,TCGA-55-8089-01,TCGA-55-8089,3,6216.18,1630.72,0.0188,focal,TCGA-55-8089-01,TCGA-55-8089,Male,Stage IA,56,1:DECEASED,23.06,1,I,matched
male_psg_positive,TCGA-55-8091,TCGA-55-8091-01Z-00-DX1.0996c58a-6e93-4092-8cb8-014d548fe60c,TCGA-55-8091-01,TCGA-55-8091,8,29599.77,6767.52,0.0426,focal,TCGA-55-8091-01,TCGA-55-8091,Male,Stage IB,74,0:LIVING,19.71,0,I,matched
male_psg_positive,TCGA-55-8092,TCGA-55-8092-01Z-00-DX1.04e44341-c4bb-4b0b-965c-7ec83f3877a6,TCGA-55-8092-01,TCGA-55-8092,2,17480.09,2189.56,0.0562,present,TCGA-55-8092-01,TCGA-55-8092,Male,Stage IIB,75,1:DECEASED,5.06,1,II,matched
male_psg_positive,TCGA-55-8094,TCGA-55-8094-01Z-00-DX1.8dc29615-e124-4f17-81a1-c0b20c38d12c,TCGA-55-8094-01,TCGA-55-8094,8,60202.44,9138.18,0.0886,present,TCGA-55-8094-01,TCGA-55-8094,Male,Stage IV,51,0:LIVING,17.77,0,IV,matched
male_psg_positive,TCGA-55-8206,TCGA-55-8206-01Z-00-DX1.1216f330-c4e9-41b5-a2b7-9cafd960fa11,TCGA-55-8206-01,TCGA-55-8206,4,7897.6,2978.63,0.0118,focal,TCGA-55-8206-01,TCGA-55-8206,Male,Stage IA,56,0:LIVING,29.17,0,I,matched
male_psg_positive,TCGA-55-8301,TCGA-55-8301-01Z-00-DX1.2A66E0FC-84F2-4DF8-B06E-D7CDD7AA82C7,TCGA-55-8301-01,TCGA-55-8301,1,1933.47,484.4,0.0365,focal,TCGA-55-8301-01,TCGA-55-8301,Male,Stage IB,58,0:LIVING,17.54,0,I,matched
male_psg_positive,TCGA-55-8505,TCGA-55-8505-01Z-00-DX1.D364C30D-BFB8-486B-A0D3-948FF8E90C3E,TCGA-55-8505-01,TCGA-55-8505,4,21318.59,6481.43,0.0625,present,TCGA-55-8505-01,TCGA-55-8505,Male,Stage IIIA,62,0:LIVING,14.45,0,III,matched
male_psg_positive,TCGA-55-8507,TCGA-55-8507-01Z-00-DX1.3C6198CF-3E13-4C4C-B851-5BDFF8552621,TCGA-55-8507-01,TCGA-55-8507,13,25488.56,8253.97,0.0191,focal,TCGA-55-8507-01,TCGA-55-8507,Male,Stage IA,53,0:LIVING,13.73,0,I,matched
male_psg_positive,TCGA-55-8512,TCGA-55-8512-01Z-00-DX1.FD4B9CF5-1955-420E-A955-6D284772D2BE,TCGA-55-8512-01,TCGA-55-8512,1,0.0,0.0,0.0,absent,TCGA-55-8512-01,TCGA-55-8512,Male,Stage IV,41,1:DECEASED,19.94,1,IV,matched
male_psg_positive,TCGA-55-8615,TCGA-55-8615-01Z-00-DX1.928CFCA6-059D-4901-8D6A-BC7D9486C29F,TCGA-55-8615-01,TCGA-55-8615,16,104927.66,13041.72,0.0765,present,TCGA-55-8615-01,TCGA-55-8615,Male,Stage IIIA,67,0:LIVING,14.65,0,III,matched
male_psg_positive,TCGA-55-8620,TCGA-55-8620-01Z-00-DX1.6591EEC4-D696-4826-80BD-99BE1D99EBB8,TCGA-55-8620-01,TCGA-55-8620,10,25506.44,5003.1,0.02,focal,TCGA-55-8620-01,TCGA-55-8620,Male,Stage IV,60,1:DECEASED,12.32,1,IV,matched
male_psg_positive,TCGA-55-A48Y,TCGA-55-A48Y-01Z-00-DX1.D8735347-E060-439F-B5A1-1E47A958A392,TCGA-55-A48Y-01,TCGA-55-A48Y,1,3384.06,1002.15,0.0269,focal,TCGA-55-A48Y-01,TCGA-55-A48Y,Male,Stage IIA,69,0:LIVING,20.7,0,II,matched
male_psg_positive,TCGA-55-A490,TCGA-55-A490-01Z-00-DX1.07D77502-7216-4C23-9BB8-8DE99AECC920,TCGA-55-A490-01,TCGA-55-A490,20,32292.6,8322.85,0.0154,focal,TCGA-55-A490-01,TCGA-55-A490,Male,Stage IIA,78,1:DECEASED,3.25,1,II,matched
male_psg_positive,TCGA-62-A46P,TCGA-62-A46P-01Z-00-DX1.9136CC96-51B9-4FEB-8BCF-2C3676C708B1,TCGA-62-A46P-01,TCGA-62-A46P,1,0.0,0.0,0.0,absent,TCGA-62-A46P-01,TCGA-62-A46P,Male,Stage IB,65,1:DECEASED,19.51,1,I,matched
male_psg_positive,TCGA-62-A46S,TCGA-62-A46S-01Z-00-DX1.7A8A6F38-76EA-4F43-BC03-1C42E6787E33,TCGA-62-A46S-01,TCGA-62-A46S,9,52864.82,9248.31,0.065,present,TCGA-62-A46S-01,TCGA-62-A46S,Male,Stage IB,73,1:DECEASED,54.3,1,I,matched
male_psg_positive,TCGA-62-A470,TCGA-62-A470-01Z-00-DX1.3983A979-E756-413C-941A-C8B83AD3BBA7,TCGA-62-A470-01,TCGA-62-A470,9,1992.75,790.66,0.0026,focal,TCGA-62-A470-01,TCGA-62-A470,Male,Stage IB,84,1:DECEASED,39.22,1,I,matched
male_psg_positive,TCGA-64-1676,TCGA-64-1676-01Z-00-DX1.3B8F1FAC-0FB2-45DE-AFA1-6ED451A4A61B,TCGA-64-1676-01,TCGA-64-1676,4,0.0,0.0,0.0,absent,TCGA-64-1676-01,TCGA-64-1676,Male,Stage IA,58,0:LIVING,56.77,0,I,matched
male_psg_positive,TCGA-64-1680,TCGA-64-1680-01Z-00-DX1.9CB14F20-E7B0-49A1-A327-404B3160FD65,TCGA-64-1680-01,TCGA-64-1680,2,3726.97,1423.15,0.0198,focal,TCGA-64-1680-01,TCGA-64-1680,Male,Stage IV,63,0:LIVING,36.99,0,IV,matched
male_psg_positive,TCGA-64-5774,TCGA-64-5774-01Z-00-DX1.5E3B95EB-BF45-4687-BCF7-AA2A41AA806C,TCGA-64-5774-01,TCGA-64-5774,27,349778.02,34555.68,0.1363,present,TCGA-64-5774-01,TCGA-64-5774,Male,Stage IB,60,0:LIVING,87.91,0,I,matched
male_psg_positive,TCGA-64-5778,TCGA-64-5778-01Z-00-DX1.96C39819-8A65-4651-BE83-39959F6FAD05,TCGA-64-5778-01,TCGA-64-5778,6,1405.28,384.05,0.0037,focal,TCGA-64-5778-01,TCGA-64-5778,Male,Stage IB,60,0:LIVING,42.87,0,I,matched
male_psg_positive,TCGA-64-5779,TCGA-64-5779-01Z-00-DX1.B3268447-DCE0-4927-B5A9-EC4D61E9B17D,TCGA-64-5779-01,TCGA-64-5779,12,99160.72,11064.94,0.0692,present,TCGA-64-5779-01,TCGA-64-5779,Male,Stage IIIA,61,0:LIVING,28.38,0,III,matched
male_psg_positive,TCGA-67-4679,TCGA-67-4679-01Z-00-DX1.a3d84341-fed7-4235-a053-638ed5294954,TCGA-67-4679-01,TCGA-67-4679,73,3296.94,944.28,0.0004,focal,TCGA-67-4679-01,TCGA-67-4679,Male,[Discrepancy],69,0:LIVING,14.72,0,,matched
male_psg_positive,TCGA-69-7760,TCGA-69-7760-01Z-00-DX1.7fc295e3-5bfc-4017-801c-491489d0eb34,TCGA-69-7760-01,TCGA-69-7760,1,5511.22,1121.19,0.0616,present,TCGA-69-7760-01,TCGA-69-7760,Male,Stage IIB,73,0:LIVING,6.64,0,II,matched
male_psg_positive,TCGA-69-7761,TCGA-69-7761-01Z-00-DX1.aa7ef5ef-8162-4961-a923-3a29646efba3,TCGA-69-7761-01,TCGA-69-7761,11,88036.77,17744.71,0.0532,present,TCGA-69-7761-01,TCGA-69-7761,Male,Stage IB,84,0:LIVING,6.11,0,I,matched
male_psg_positive,TCGA-69-7763,TCGA-69-7763-01Z-00-DX1.33203e8a-43e9-4e3e-98ba-1ac08b80a44f,TCGA-69-7763-01,TCGA-69-7763,1,1691.09,506.4,0.0157,focal,TCGA-69-7763-01,TCGA-69-7763,Male,Stage IA,69,0:LIVING,22.67,0,I,matched
male_psg_positive,TCGA-69-7764,TCGA-69-7764-01Z-00-DX1.be9fec48-68eb-4c27-a028-5315d7e368e0,TCGA-69-7764-01,TCGA-69-7764,10,6075.25,1670.48,0.0052,focal,TCGA-69-7764-01,TCGA-69-7764,Male,Stage IA,75,0:LIVING,13.6,0,I,matched
male_psg_positive,TCGA-69-7765,TCGA-69-7765-01Z-00-DX1.ac389366-febb-488c-9190-fe00bc07cd20,TCGA-69-7765-01,TCGA-69-7765,29,13269.53,3422.39,0.0046,focal,TCGA-69-7765-01,TCGA-69-7765,Male,[Discrepancy],56,0:LIVING,5.42,0,,matched
male_psg_positive,TCGA-69-8254,TCGA-69-8254-01Z-00-DX1.83a81d08-8c70-4f07-b4da-cbd17c4fe4d4,TCGA-69-8254-01,TCGA-69-8254,56,347203.76,66331.26,0.0747,present,TCGA-69-8254-01,TCGA-69-8254,Male,[Not Available],85,0:LIVING,13.44,0,,matched
male_psg_positive,TCGA-69-8255,TCGA-69-8255-01Z-00-DX1.75d1666c-c088-405c-80da-52d84b990361,TCGA-69-8255-01,TCGA-69-8255,14,26993.94,4888.7,0.0236,focal,TCGA-69-8255-01,TCGA-69-8255,Male,Stage IA,71,0:LIVING,4.24,0,I,matched
male_psg_positive,TCGA-69-8453,TCGA-69-8453-01Z-00-DX1.C472096B-95BA-42CD-ADEB-326C38F9DC95,TCGA-69-8453-01,TCGA-69-8453,78,199986.26,43354.23,0.0192,focal,TCGA-69-8453-01,TCGA-69-8453,Male,Stage IIB,77,0:LIVING,26.71,0,II,matched
male_psg_positive,TCGA-73-4659,TCGA-73-4659-01Z-00-DX1.578400cd-d284-451b-8fdf-9f82c1458276,TCGA-73-4659-01,TCGA-73-4659,32,290151.55,69188.54,0.1051,present,TCGA-73-4659-01,TCGA-73-4659,Male,Stage IIIA,66,1:DECEASED,23.36,1,III,matched
male_psg_positive,TCGA-73-4677,TCGA-73-4677-01Z-00-DX1.b557785c-9ccc-42a7-bb54-7bb47638ddfc,TCGA-73-4677-01,TCGA-73-4677,39,251328.74,41936.08,0.0425,focal,TCGA-73-4677-01,TCGA-73-4677,Male,[Discrepancy],74,1:DECEASED,1.25,1,,matched
male_psg_positive,TCGA-73-A9RS,TCGA-73-A9RS-01Z-00-DX1.EDCEFE41-61E2-48C9-B8D5-28B55372E0CA,TCGA-73-A9RS-01,TCGA-73-A9RS,16,83242.69,10754.66,0.0472,focal,TCGA-73-A9RS-01,TCGA-73-A9RS,Male,Stage IIB,41,1:DECEASED,11.17,1,II,matched
male_psg_positive,TCGA-75-5125,TCGA-75-5125-01Z-00-DX1.2E419CAF-E248-4959-951E-498D8054433E,TCGA-75-5125-01,TCGA-75-5125,1,0.0,0.0,0.0,absent,TCGA-75-5125-01,TCGA-75-5125,Male,Stage IIB,,1:DECEASED,66.59,1,II,matched
male_psg_positive,TCGA-75-5146,TCGA-75-5146-01Z-00-DX1.4958A631-7E6F-4FBB-A1C3-B8F8368D46C5,TCGA-75-5146-01,TCGA-75-5146,1,0.0,0.0,0.0,absent,TCGA-75-5146-01,TCGA-75-5146,Male,Stage IB,,0:LIVING,77.79,0,I,matched
male_psg_positive,TCGA-75-6206,TCGA-75-6206-01Z-00-DX1.63230D94-7015-4247-936D-E7ACD6692AB3,TCGA-75-6206-01,TCGA-75-6206,3,0.0,0.0,0.0,absent,TCGA-75-6206-01,TCGA-75-6206,Male,Stage IB,,0:LIVING,85.09,0,I,matched
male_psg_positive,TCGA-75-7025,TCGA-75-7025-01Z-00-DX1.284477D7-4F47-4084-A15C-0A7E9571E3DF,TCGA-75-7025-01,TCGA-75-7025,6,1875.69,694.1,0.0022,focal,TCGA-75-7025-01,TCGA-75-7025,Male,Stage IB,,0:LIVING,108.57,0,I,matched
male_psg_positive,TCGA-75-7027,TCGA-75-7027-01Z-00-DX1.AC91B34F-DF67-4F95-B145-079A71A54E83,TCGA-75-7027-01,TCGA-75-7027,1,2060.25,330.76,0.0106,focal,TCGA-75-7027-01,TCGA-75-7027,Male,Stage IB,,0:LIVING,100.49,0,I,matched
male_psg_positive,TCGA-78-7149,TCGA-78-7149-01Z-00-DX1.1b83dbcb-0c9f-4e50-bb98-bf9a157052cf,TCGA-78-7149-01,TCGA-78-7149,1,0.0,0.0,0.0,absent,TCGA-78-7149-01,TCGA-78-7149,Male,Stage IIIB,71,0:LIVING,129.43,0,III,matched
male_psg_positive,TCGA-78-7150,TCGA-78-7150-01Z-00-DX1.46e6e65c-521c-49de-b106-419dc840b235,TCGA-78-7150-01,TCGA-78-7150,54,1038007.95,48605.49,0.1208,present,TCGA-78-7150-01,TCGA-78-7150,Male,Stage IIB,59,1:DECEASED,21.88,1,II,matched
male_psg_positive,TCGA-78-7152,TCGA-78-7152-01Z-00-DX1.a04f9d84-3304-402c-9c0c-f64545c14781,TCGA-78-7152-01,TCGA-78-7152,19,86148.04,20179.28,0.0443,focal,TCGA-78-7152-01,TCGA-78-7152,Male,Stage IB,65,1:DECEASED,39.91,1,I,matched
male_psg_positive,TCGA-78-7154,TCGA-78-7154-01Z-00-DX1.596c20c2-e811-4b5e-961c-98343afcccde,TCGA-78-7154-01,TCGA-78-7154,7,21855.03,4170.38,0.037,focal,TCGA-78-7154-01,TCGA-78-7154,Male,Stage IIIA,72,1:DECEASED,19.48,1,III,matched
male_psg_positive,TCGA-78-7156,TCGA-78-7156-01Z-00-DX1.9f7c8eb9-73de-49be-a487-e1fd4411b7b5,TCGA-78-7156-01,TCGA-78-7156,1,112.66,129.72,0.0012,focal,TCGA-78-7156-01,TCGA-78-7156,Male,Stage IV,62,1:DECEASED,32.06,1,IV,matched
male_psg_positive,TCGA-78-7160,TCGA-78-7160-01Z-00-DX1.f40f6c04-74b1-4cef-aabc-cbafadbdf39f,TCGA-78-7160-01,TCGA-78-7160,25,150739.45,28237.17,0.0592,present,TCGA-78-7160-01,TCGA-78-7160,Male,Stage IV,61,1:DECEASED,22.9,1,IV,matched
male_psg_positive,TCGA-78-7163,TCGA-78-7163-01Z-00-DX1.42880bdf-271d-41dd-aada-e7ec1156ff31,TCGA-78-7163-01,TCGA-78-7163,52,151608.38,27928.1,0.025,focal,TCGA-78-7163-01,TCGA-78-7163,Male,Stage IB,60,0:LIVING,238.11,0,I,matched
male_psg_positive,TCGA-78-7166,TCGA-78-7166-01Z-00-DX1.d19ad2d9-b006-4a13-ba54-2fec234c2373,TCGA-78-7166-01,TCGA-78-7166,21,870531.62,41590.34,0.3665,present,TCGA-78-7166-01,TCGA-78-7166,Male,Stage IIB,84,1:DECEASED,8.48,1,II,matched
male_psg_positive,TCGA-78-7167,TCGA-78-7167-01Z-00-DX1.f79e1a9b-a3eb-4c91-a1fd-7bb58b1620b1,TCGA-78-7167-01,TCGA-78-7167,12,22601.5,6958.76,0.0206,focal,TCGA-78-7167-01,TCGA-78-7167,Male,Stage IV,77,1:DECEASED,88.07,1,IV,matched
male_psg_positive,TCGA-78-7535,TCGA-78-7535-01Z-00-DX1.c4ca06f3-22d1-4e39-85c8-98d1fa2b0e60,TCGA-78-7535-01,TCGA-78-7535,21,66933.19,13901.28,0.0363,focal,TCGA-78-7535-01,TCGA-78-7535,Male,Stage IB,45,1:DECEASED,31.18,1,I,matched
male_psg_positive,TCGA-78-7536,TCGA-78-7536-01Z-00-DX1.6b066140-8b82-40a5-bd48-430eeb4463fe,TCGA-78-7536-01,TCGA-78-7536,1,670.28,189.4,0.0051,focal,TCGA-78-7536-01,TCGA-78-7536,Male,Stage IIIA,69,1:DECEASED,8.02,1,III,matched
male_psg_positive,TCGA-78-7537,TCGA-78-7537-01Z-00-DX1.e5597e41-ebba-4d6f-8a1f-15cd81d8f026,TCGA-78-7537-01,TCGA-78-7537,10,147571.16,19110.07,0.142,present,TCGA-78-7537-01,TCGA-78-7537,Male,Stage IB,72,1:DECEASED,53.29,1,I,matched
male_psg_positive,TCGA-78-7542,TCGA-78-7542-01Z-00-DX1.2ee042a6-11ee-4668-b254-44144fca4234,TCGA-78-7542-01,TCGA-78-7542,22,271262.22,16775.95,0.1147,present,TCGA-78-7542-01,TCGA-78-7542,Male,Stage IB,56,1:DECEASED,10.55,1,I,matched
male_psg_positive,TCGA-78-7633,TCGA-78-7633-01Z-00-DX1.f0cd4825-eb92-4098-954a-fbb1e4851660,TCGA-78-7633-01,TCGA-78-7633,17,90674.97,17537.51,0.044,focal,TCGA-78-7633-01,TCGA-78-7633,Male,Stage IB,67,1:DECEASED,50.2,1,I,matched
male_psg_positive,TCGA-86-6562,TCGA-86-6562-01Z-00-DX1.5dea3015-e606-4837-9f99-ac14f0aa091b,TCGA-86-6562-01,TCGA-86-6562,16,18026.27,6235.46,0.0099,focal,TCGA-86-6562-01,TCGA-86-6562,Male,Stage IIA,52,1:DECEASED,12.35,1,II,matched
male_psg_positive,TCGA-86-7701,TCGA-86-7701-01Z-00-DX1.a8a6e71e-9fa9-42c6-a186-0ac7526e9960,TCGA-86-7701-01,TCGA-86-7701,7,19708.53,3523.8,0.0254,focal,TCGA-86-7701-01,TCGA-86-7701,Male,Stage IV,66,0:LIVING,31.11,0,IV,matched
male_psg_positive,TCGA-86-7711,TCGA-86-7711-01Z-00-DX1.f64dd9d8-b9ca-4d1f-9783-d1042979132d,TCGA-86-7711-01,TCGA-86-7711,5,8838.53,1543.87,0.0183,focal,TCGA-86-7711-01,TCGA-86-7711,Male,Stage IIA,70,1:DECEASED,34.36,1,II,matched
male_psg_positive,TCGA-86-7713,TCGA-86-7713-01Z-00-DX1.23f9e213-b566-47bb-beb8-7d12b2f0508b,TCGA-86-7713-01,TCGA-86-7713,17,69253.14,15747.98,0.0465,focal,TCGA-86-7713-01,TCGA-86-7713,Male,Stage IIA,70,0:LIVING,38.01,0,II,matched
male_psg_positive,TCGA-86-8054,TCGA-86-8054-01Z-00-DX1.2c4c08f6-be1c-46d1-a719-5983cade0c54,TCGA-86-8054-01,TCGA-86-8054,13,738252.81,21897.19,0.4683,present,TCGA-86-8054-01,TCGA-86-8054,Male,Stage IIB,61,0:LIVING,37.71,0,II,matched
male_psg_positive,TCGA-86-8076,TCGA-86-8076-01Z-00-DX1.e7378b2f-e20e-4d2f-a86c-3a8ead08a385,TCGA-86-8076-01,TCGA-86-8076,30,228135.63,37082.81,0.064,present,TCGA-86-8076-01,TCGA-86-8076,Male,Stage IA,42,0:LIVING,32.62,0,I,matched
male_psg_positive,TCGA-86-8279,TCGA-86-8279-01Z-00-DX1.fd12b60e-d181-454b-a655-298a973a849d,TCGA-86-8279-01,TCGA-86-8279,38,25003.78,7475.88,0.0028,focal,TCGA-86-8279-01,TCGA-86-8279,Male,Stage IIA,46,0:LIVING,31.18,0,II,matched
male_psg_positive,TCGA-86-8281,TCGA-86-8281-01Z-00-DX1.02237263-003b-4de1-8a2f-0f3ad14768c7,TCGA-86-8281-01,TCGA-86-8281,4,5612.88,2154.0,0.0187,focal,TCGA-86-8281-01,TCGA-86-8281,Male,Stage IA,75,0:LIVING,0,0,I,matched
male_psg_positive,TCGA-86-8358,TCGA-86-8358-01Z-00-DX1.C50100F8-9414-4A06-BEDF-93E7B01B24D6,TCGA-86-8358-01,TCGA-86-8358,24,154508.5,9728.94,0.0475,focal,TCGA-86-8358-01,TCGA-86-8358,Male,Stage IB,44,0:LIVING,21.45,0,I,matched
male_psg_positive,TCGA-86-8359,TCGA-86-8359-01Z-00-DX1.11B8FDC3-4B84-4A22-B89D-46EA76345F13,TCGA-86-8359-01,TCGA-86-8359,59,485192.12,98541.72,0.098,present,TCGA-86-8359-01,TCGA-86-8359,Male,Stage IIIA,52,1:DECEASED,14.59,1,III,matched
male_psg_positive,TCGA-86-8669,TCGA-86-8669-01Z-00-DX1.845b8b4e-6445-4da1-8275-42b765c024cc,TCGA-86-8669-01,TCGA-86-8669,3,1068.16,306.84,0.0047,focal,TCGA-86-8669-01,TCGA-86-8669,Male,Stage IA,64,0:LIVING,30.81,0,I,matched
male_psg_positive,TCGA-86-8672,TCGA-86-8672-01Z-00-DX1.94ca1954-921d-4ef6-a078-4e0fcb09157f,TCGA-86-8672-01,TCGA-86-8672,38,518358.03,38083.24,0.1185,present,TCGA-86-8672-01,TCGA-86-8672,Male,Stage IIB,59,1:DECEASED,0.62,1,II,matched
male_psg_positive,TCGA-86-8673,TCGA-86-8673-01Z-00-DX1.21191041-c10e-4166-ad00-1243656feaa7,TCGA-86-8673-01,TCGA-86-8673,33,287871.79,16702.34,0.0754,present,TCGA-86-8673-01,TCGA-86-8673,Male,Stage IB,61,0:LIVING,28.32,0,I,matched
male_psg_positive,TCGA-86-8674,TCGA-86-8674-01Z-00-DX1.9fcaae4e-4062-45ab-a49d-7dba43040919,TCGA-86-8674-01,TCGA-86-8674,32,114175.46,30015.44,0.0294,focal,TCGA-86-8674-01,TCGA-86-8674,Male,Stage IIA,50,0:LIVING,26.48,0,II,matched
male_psg_positive,TCGA-86-A4D0,TCGA-86-A4D0-01Z-00-DX1.165461AD-A8DA-4B7B-87CE-F5DBDBD2C0A7,TCGA-86-A4D0-01,TCGA-86-A4D0,65,234898.99,39910.25,0.0299,focal,TCGA-86-A4D0-01,TCGA-86-A4D0,Male,Stage IIA,48,1:DECEASED,3.81,1,II,matched
male_psg_positive,TCGA-91-A4BD,TCGA-91-A4BD-01Z-00-DX1.2E575CAC-6AEB-4049-972A-EA43457A9C9D,TCGA-91-A4BD-01,TCGA-91-A4BD,4,7756.12,2115.46,0.0174,focal,TCGA-91-A4BD-01,TCGA-91-A4BD,Male,Stage IIA,78,0:LIVING,19.81,0,II,matched
male_psg_positive,TCGA-93-8067,TCGA-93-8067-01Z-00-DX1.325d0cd5-9bb5-4f51-a197-75d3c3d19aaf,TCGA-93-8067-01,TCGA-93-8067,52,143263.93,28408.16,0.0183,focal,TCGA-93-8067-01,TCGA-93-8067,Male,Stage IB,77,0:LIVING,6.11,0,I,matched
male_psg_positive,TCGA-93-A4JN,TCGA-93-A4JN-01Z-00-DX1.ED4C9365-6CCF-4AEE-B4C9-3CC5EC57286C,TCGA-93-A4JN-01,TCGA-93-A4JN,38,40159.59,9265.75,0.0102,focal,TCGA-93-A4JN-01,TCGA-93-A4JN,Male,Stage IV,71,0:LIVING,23.59,0,IV,matched
male_psg_positive,TCGA-93-A4JO,TCGA-93-A4JO-01Z-00-DX1.314C53B6-603C-402B-8CF7-E3CE851A0A0F,TCGA-93-A4JO-01,TCGA-93-A4JO,62,291890.57,51465.61,0.0345,focal,TCGA-93-A4JO-01,TCGA-93-A4JO,Male,Stage IA,70,1:DECEASED,1.08,1,I,matched
male_psg_positive,TCGA-95-7562,TCGA-95-7562-01Z-00-DX1.C722891A-C5C6-4F0D-A73F-259FA8DB2394,TCGA-95-7562-01,TCGA-95-7562,39,1523098.72,50064.28,0.3406,present,TCGA-95-7562-01,TCGA-95-7562,Male,Stage IIA,71,1:DECEASED,2.86,1,II,matched
male_psg_positive,TCGA-95-7944,TCGA-95-7944-01Z-00-DX1.E66A3565-7B0D-412B-9C0C-81D7397E8B87,TCGA-95-7944-01,TCGA-95-7944,14,21555.63,1727.98,0.0113,focal,TCGA-95-7944-01,TCGA-95-7944,Male,Stage IA,71,0:LIVING,12.39,0,I,matched
male_psg_positive,TCGA-95-8039,TCGA-95-8039-01Z-00-DX1.38b07435-987d-495d-9940-ba5f20e6ef97,TCGA-95-8039-01,TCGA-95-8039,4,5785.28,896.79,0.0166,focal,TCGA-95-8039-01,TCGA-95-8039,Male,Stage IA,72,0:LIVING,27.27,0,I,matched
male_psg_positive,TCGA-97-7552,TCGA-97-7552-01Z-00-DX1.a5ab8959-ff7a-4287-b014-87439957fb67,TCGA-97-7552-01,TCGA-97-7552,12,122143.97,20520.58,0.1004,present,TCGA-97-7552-01,TCGA-97-7552,Male,Stage IB,70,0:LIVING,63.47,0,I,matched
male_psg_positive,TCGA-97-8171,TCGA-97-8171-01Z-00-DX1.a55cbfd1-6674-4206-b3e0-2a4f12a74e5d,TCGA-97-8171-01,TCGA-97-8171,7,37075.0,3961.16,0.0677,present,TCGA-97-8171-01,TCGA-97-8171,Male,Stage IV,81,0:LIVING,18.66,0,IV,matched
male_psg_positive,TCGA-97-8179,TCGA-97-8179-01Z-00-DX1.5501338a-dd89-4c41-8267-5baaaea71643,TCGA-97-8179-01,TCGA-97-8179,34,29801.87,7718.97,0.0068,focal,TCGA-97-8179-01,TCGA-97-8179,Male,Stage IA,72,0:LIVING,14.29,0,I,matched
male_psg_positive,TCGA-97-A4M2,TCGA-97-A4M2-01Z-00-DX1.5C72522C-1538-4D68-B517-5FB05A9D401A,TCGA-97-A4M2-01,TCGA-97-A4M2,16,21321.15,4331.39,0.0162,focal,TCGA-97-A4M2-01,TCGA-97-A4M2,Male,Stage IA,66,0:LIVING,20.5,0,I,matched
male_psg_positive,TCGA-97-A4M5,TCGA-97-A4M5-01Z-00-DX1.283AFBA6-A349-425F-A18E-5CA186084C23,TCGA-97-A4M5-01,TCGA-97-A4M5,66,291286.53,46928.58,0.0267,focal,TCGA-97-A4M5-01,TCGA-97-A4M5,Male,Stage IA,83,0:LIVING,20.83,0,I,matched
male_psg_positive,TCGA-97-A4M7,TCGA-97-A4M7-01Z-00-DX2.9D0A8A7E-5A84-439B-B3D1-DFA22BC6ED87,TCGA-97-A4M7-01,TCGA-97-A4M7,33,44722.46,9011.43,0.0101,focal,TCGA-97-A4M7-01,TCGA-97-A4M7,Male,Stage IA,74,0:LIVING,20.66,0,I,matched
male_psg_positive,TCGA-L4-A4E6,TCGA-L4-A4E6-01Z-00-DX1.1B537DE0-2CE3-4B90-9ED3-71F1F8747EE9,TCGA-L4-A4E6-01,TCGA-L4-A4E6,33,70480.66,12791.7,0.02,focal,TCGA-L4-A4E6-01,TCGA-L4-A4E6,Male,Stage IA,67,0:LIVING,14.29,0,I,matched
male_psg_positive,TCGA-L9-A50W,TCGA-L9-A50W-01Z-00-DX1.21FAAB58-58EF-4A6A-8F0A-16D9AB9B1056,TCGA-L9-A50W-01,TCGA-L9-A50W,11,4115.41,1157.31,0.0042,focal,TCGA-L9-A50W-01,TCGA-L9-A50W,Male,Stage IIA,75,1:DECEASED,14.52,1,II,matched
male_psg_positive,TCGA-L9-A743,TCGA-L9-A743-01Z-00-DX1.27ED2955-E8B5-4A3C-ADAA-82568ECCFB83,TCGA-L9-A743-01,TCGA-L9-A743,64,184388.2,22232.22,0.0245,focal,TCGA-L9-A743-01,TCGA-L9-A743,Male,Stage IIA,56,0:LIVING,21.81,0,II,matched
male_psg_positive,TCGA-L9-A7SV,TCGA-L9-A7SV-01Z-00-DX1.153B8E2D-54CE-4747-A22E-7A6ADCA03DB5,TCGA-L9-A7SV-01,TCGA-L9-A7SV,51,18566.62,1759.41,0.0026,focal,TCGA-L9-A7SV-01,TCGA-L9-A7SV,Male,Stage IIA,69,0:LIVING,18.56,0,II,matched
male_psg_positive,TCGA-MN-A4N5,TCGA-MN-A4N5-01Z-00-DX1.D0FBA0D2-6245-4EFD-AF2B-849215600DBE,TCGA-MN-A4N5-01,TCGA-MN-A4N5,6,1209.59,384.36,0.0018,focal,TCGA-MN-A4N5-01,TCGA-MN-A4N5,Male,Stage IA,63,0:LIVING,2.76,0,I,matched
male_psg_positive,TCGA-MP-A4T8,TCGA-MP-A4T8-01Z-00-DX1.3ECB340F-66C7-4F64-8E00-463BF82AAD83,TCGA-MP-A4T8-01,TCGA-MP-A4T8,35,20051.3,7272.8,0.0065,focal,TCGA-MP-A4T8-01,TCGA-MP-A4T8,Male,Stage IIIA,68,1:DECEASED,5.29,1,III,matched
male_psg_positive,TCGA-MP-A4TC,TCGA-MP-A4TC-01Z-00-DX1.C7DB4A7F-F6B8-4FA0-84C1-9B87D41C7749,TCGA-MP-A4TC-01,TCGA-MP-A4TC,51,195359.7,21022.62,0.0288,focal,TCGA-MP-A4TC-01,TCGA-MP-A4TC,Male,Stage IIIA,77,1:DECEASED,2.43,1,III,matched
male_psg_positive,TCGA-MP-A4TE,TCGA-MP-A4TE-01Z-00-DX1.B4680570-FD2E-47A5-8D50-A508CEB6A62C,TCGA-MP-A4TE-01,TCGA-MP-A4TE,26,181391.04,17251.9,0.0523,present,TCGA-MP-A4TE-01,TCGA-MP-A4TE,Male,Stage IIA,56,1:DECEASED,29.43,1,II,matched
male_psg_positive,TCGA-MP-A4TI,TCGA-MP-A4TI-01Z-00-DX1.08AB4C0B-F953-41B5-A9BB-7452A8E34A54,TCGA-MP-A4TI-01,TCGA-MP-A4TI,20,30341.75,4347.62,0.0125,focal,TCGA-MP-A4TI-01,TCGA-MP-A4TI,Male,Stage IIA,72,1:DECEASED,14.09,1,II,matched
male_psg_positive,TCGA-NJ-A4YP,TCGA-NJ-A4YP-01Z-00-DX1.148BFF66-4DC7-468C-8783-97F27C2E1245,TCGA-NJ-A4YP-01,TCGA-NJ-A4YP,19,153187.22,20075.22,0.0721,present,TCGA-NJ-A4YP-01,TCGA-NJ-A4YP,Male,Stage IB,52,0:LIVING,1.64,0,I,matched
male_psg_positive,TCGA-NJ-A55R,TCGA-NJ-A55R-01Z-00-DX1.2E2B3642-4E1C-47DB-AF7B-988D586C0986,TCGA-NJ-A55R-01,TCGA-NJ-A55R,56,796208.49,44202.43,0.0952,present,TCGA-NJ-A55R-01,TCGA-NJ-A55R,Male,Stage IA,67,0:LIVING,19.81,0,I,matched
