group_name,patient_id,wsi_name,sample_id,subject_id,n_clusters,total_cluster_area_mm2,wsi_til_area_total_um2,wsi_til_area_total_mm2,wsi_til_area_intratumoral_um2,wsi_til_fraction_intratumoral,wsi_til_area_extratumoral_um2,wsi_til_contact_area_um2,wsi_til_contact_fraction,wsi_til_pct_within_50um,wsi_til_pct_within_100um,wsi_til_pct_within_200um,wsi_til_extratumoral_distance_aw_median_um,wsi_dominant_immune_phenotype,contact_tolerance_um_used,proximity_thresholds_um,clinical__sample_id,clinical__subject_id,SEX,AJCC_PATHOLOGIC_TUMOR_STAGE,AGE,OS_STATUS,OS_MONTHS,OS_Status,stage,clinical_match
female_psg_negative,TCGA-05-4390,TCGA-05-4390-01Z-00-DX1.858E64DF-DD3E-4F43-B7C1-CE35B33F1C90,TCGA-05-4390-01,TCGA-05-4390,1,3.135417296157519,47077.88205670008,0.047077882056700084,2115.3125,0.044932193369539034,44962.56955670009,6301.435277382961,0.13385129071425902,76.03364531214068,92.38304720389861,99.55572289817948,15.61899884755742,margin-localized,5.0,50;100;200,TCGA-05-4390-01,TCGA-05-4390,Female,Stage IB,58,0:LIVING,36.99,0,I,matched
female_psg_negative,TCGA-05-4405,TCGA-05-4405-01Z-00-DX1.D57EC2B2-3A59-4954-86A7-61782938BCC5,TCGA-05-4405-01,TCGA-05-4405,1,44.33226325859185,213624.18345759987,0.21362418345759987,12437.875,0.05822315993764194,201186.30845759987,8645.857921004477,0.04047228071778918,67.47986744513547,96.73727071084542,99.67184569104036,30.39145644749524,margin-localized,5.0,50;100;200,TCGA-05-4405-01,TCGA-05-4405,Female,Stage IB,74,0:LIVING,20.04,0,I,matched
female_psg_negative,TCGA-05-4417,TCGA-05-4417-01Z-00-DX1.6E534856-996F-4BD9-8AFC-7B1BF627E505,TCGA-05-4417-01,TCGA-05-4417,2,71.01403529361296,3107328.6192939864,3.107328619293986,10606.15625,0.003413271510500816,3096722.463043986,7680.278297446997,0.0024716659350925126,16.41697646453729,51.60432401634441,98.47576936917405,97.57849458460772,peritumoral,5.0,50;100;200,TCGA-05-4417-01,TCGA-05-4417,Female,Stage IB,51,0:LIVING,14.95,0,I,matched
female_psg_negative,TCGA-05-4425,TCGA-05-4425-01Z-00-DX1.82B093EE-49BC-4FD9-91AC-4CC89944309D,TCGA-05-4425-01,TCGA-05-4425,1,1.5614304748528944,12187.6875,0.0121876875,7153.1875,0.5869191756024267,5034.5,1096.125,0.08993707789110937,44.61982636164572,84.32203607123992,100.0,19.152757634346028,immune-penetrated,5.0,50;100;200,TCGA-05-4425-01,TCGA-05-4425,Female,Stage IV,70,0:LIVING,21.98,0,IV,matched
female_psg_negative,TCGA-05-4427,TCGA-05-4427-01Z-00-DX1.36CF4E93-3FBB-4346-A26B-85F0D9D0575D,TCGA-05-4427-01,TCGA-05-4427,3,115.77155403967564,4435942.537611819,4.435942537611819,1622578.2659762166,0.3657798206849102,2813364.2716356013,84757.875,0.019107072348514043,39.051924923362996,67.43002784583629,79.51685108780208,42.249630175896215,immune-penetrated,5.0,50;100;200,TCGA-05-4427-01,TCGA-05-4427,Female,Stage IIB,65,0:LIVING,25.99,0,II,matched
female_psg_negative,TCGA-05-4430,TCGA-05-4430-01Z-00-DX1.95659bbb-3091-4370-bc1d-6c6c1baa7b3d,TCGA-05-4430-01,TCGA-05-4430,3,88.14396856886266,2966762.496109131,2.966762496109131,1161655.5531818345,0.39155663950361047,1805106.9429272963,50834.54337379488,0.017134685853843607,39.306509766001355,71.58357154784939,84.1717300311533,28.811076429040273,immune-penetrated,5.0,50;100;200,TCGA-05-4430-01,TCGA-05-4430,Female,Stage IB,59,0:LIVING,25,0,I,matched
female_psg_negative,TCGA-05-4434,TCGA-05-4434-01Z-00-DX1.f3f5c89c-306f-4876-98fa-f7bd231f2e10,TCGA-05-4434-01,TCGA-05-4434,3,82.1600037079056,604623.6127649143,0.6046236127649143,99836.75,0.1651221485437054,504786.8627649143,10662.984050794612,0.017635738706983848,44.35756458505511,68.62759352532085,90.02779911716031,47.25186008243485,peritumoral,5.0,50;100;200,TCGA-05-4434-01,TCGA-05-4434,Female,Stage IV,67,1:DECEASED,15.01,1,IV,matched
female_psg_negative,TCGA-38-4625,TCGA-38-4625-01Z-00-DX1.ffdbfc1d-7a21-4e67-a54f-89597bd14a7f,TCGA-38-4625-01,TCGA-38-4625,4,100.44500843223777,3060603.632970341,3.060603632970341,1135728.257207971,0.3710798239188318,1924875.3757623697,77492.71285861984,0.025319421314093038,52.16859529593383,64.97488418927752,72.21078656625723,25.17912391744399,immune-penetrated,5.0,50;100;200,TCGA-38-4625-01,TCGA-38-4625,Female,Stage IB,66,0:LIVING,97.67,0,I,matched
female_psg_negative,TCGA-38-4626,TCGA-38-4626-01Z-00-DX1.142bc018-bd79-4db9-84e2-f83a617ea92a,TCGA-38-4626-01,TCGA-38-4626,9,196.44602016047466,6870793.439272297,6.870793439272297,550478.7658901187,0.08011866034913448,6320314.673382178,500705.2895655342,0.07287444950732869,74.06307467524583,93.42702791903706,98.76414958067873,25.63993467230367,margin-localized,5.0,50;100;200,TCGA-38-4626-01,TCGA-38-4626,Female,[Discrepancy],57,0:LIVING,120.7,0,,matched
female_psg_negative,TCGA-38-6178,TCGA-38-6178-01Z-00-DX1.5932337D-BA2B-455D-9E34-22961EFA2170,TCGA-38-6178-01,TCGA-38-6178,12,147.25070915352154,8167373.258297121,8.167373258297122,396930.0,0.048599468574154404,7770443.258297121,272108.02599637274,0.03331646753378658,63.5206669129322,92.58132126502392,99.79418540841267,36.236042571588854,margin-localized,5.0,50;100;200,TCGA-38-6178-01,TCGA-38-6178,Female,Stage IIIA,70,0:LIVING,14.72,0,III,matched
female_psg_negative,TCGA-44-2655,TCGA-44-2655-01Z-00-DX1.ee255271-780c-461c-ab23-5cd3504b5e4a,TCGA-44-2655-01,TCGA-44-2655,2,3.3101153906933876,300455.2994519728,0.3004552994519728,2820.125,0.009386171604041857,297635.1744519728,229.3125,0.0007632166928600144,75.25966304260446,87.39138500708852,100.0,34.91283789668208,margin-localized,5.0,50;100;200,TCGA-44-2655-01,TCGA-44-2655,Female,Stage IA,65,0:LIVING,43.5,0,I,matched
female_psg_negative,TCGA-44-2657,TCGA-44-2657-01Z-00-DX1.b7f608bd-2381-40a2-a757-ca4648a7de8a,TCGA-44-2657-01,TCGA-44-2657,5,30.96179643627511,1984619.3721729624,1.9846193721729624,18859.094714778883,0.009502625530723322,1965760.2774581835,34668.38027354548,0.017468528605355204,56.42581343164325,82.9093290939082,99.81258985536641,43.27261872420018,margin-localized,5.0,50;100;200,TCGA-44-2657-01,TCGA-44-2657,Female,Stage IB,74,0:LIVING,44.38,0,I,matched
female_psg_negative,TCGA-44-2659,TCGA-44-2659-01Z-00-DX1.b33f40e6-bc18-48b0-8dad-bdb0a6a200b5,TCGA-44-2659-01,TCGA-44-2659,4,7.494136216683843,246749.8996558999,0.2467498996558999,1766.5,0.007159070793801485,244983.3996558999,31307.373970029017,0.12687897346133914,94.8345726002062,98.98169645666837,100.0,17.625,margin-localized,5.0,50;100;200,TCGA-44-2659-01,TCGA-44-2659,Female,Stage IIB,65,0:LIVING,44.91,0,II,matched
female_psg_negative,TCGA-44-2661,TCGA-44-2661-01Z-00-DX1.20cfa0f8-e3ca-4c26-9dfe-b9d416cd94b1,TCGA-44-2661-01,TCGA-44-2661,4,138.47213399694027,22356866.46469691,22.35686646469691,5427395.732946321,0.24276191574148223,16929470.73175059,369114.12246342155,0.016510100959196545,54.53779710276482,94.50868681031622,99.98888414772293,36.94802092128887,margin-localized,5.0,50;100;200,TCGA-44-2661-01,TCGA-44-2661,Female,Stage IA,69,0:LIVING,38.07,0,I,matched
female_psg_negative,TCGA-44-2665,TCGA-44-2665-01Z-00-DX1.d429e37e-3915-4da6-b5bc-bf2f09f4fbf7,TCGA-44-2665-01,TCGA-44-2665,3,45.45793171808732,3027863.180024176,3.027863180024176,212752.40625,0.07026486786245781,2815110.773774176,150026.5179507633,0.049548645044643465,61.181023718228204,86.49845147662593,98.4827453426075,34.50045289557805,margin-localized,5.0,50;100;200,TCGA-44-2665-01,TCGA-44-2665,Female,Stage IIB,55,0:LIVING,42.74,0,II,matched
female_psg_negative,TCGA-44-3396,TCGA-44-3396-01Z-00-DX1.187b0a68-ad51-4fcd-819c-b74a8599dbe9,TCGA-44-3396-01,TCGA-44-3396,8,71.99930331666259,9037775.9145961,9.0377759145961,141852.8419994563,0.01569554759267294,8895923.072596641,113036.92772531029,0.0125071620267498,45.106766119099255,85.93944125390729,99.4626459855284,55.7675490877087,peritumoral,5.0,50;100;200,TCGA-44-3396-01,TCGA-44-3396,Female,Stage IIIA,74,0:LIVING,37.12,0,III,matched
female_psg_negative,TCGA-44-3398,TCGA-44-3398-01Z-00-DX1.74757c91-a0c6-4e7f-b2db-8748c68ffa44,TCGA-44-3398-01,TCGA-44-3398,2,44.99723486346813,4291304.64107573,4.2913046410757305,634630.6008054011,0.147887566576097,3656674.0402703295,414427.43646469334,0.09657376278949192,83.93870009237001,92.01648817176739,97.5132140442704,18.0,margin-localized,5.0,50;100;200,TCGA-44-3398-01,TCGA-44-3398,Female,Stage IA,77,0:LIVING,38.21,0,I,matched
female_psg_negative,TCGA-44-3919,TCGA-44-3919-01Z-00-DX1.41144972-46a1-4b25-9faa-ed1b9d1996d2,TCGA-44-3919-01,TCGA-44-3919,5,14.546768630805401,2962459.829280247,2.962459829280247,10817.5,0.003651526306983949,2951642.329280247,49153.595218485876,0.016592155860701792,64.19533885299728,92.1555303809569,99.99786718628248,40.01581718520815,margin-localized,5.0,50;100;200,TCGA-44-3919-01,TCGA-44-3919,Female,Stage IA,71,1:DECEASED,33.71,1,I,matched
female_psg_negative,TCGA-44-4112,TCGA-44-4112-01Z-00-DX1.5380b3b4-0e24-4c6c-aa8c-298c5fbe068f,TCGA-44-4112-01,TCGA-44-4112,2,72.38886517326247,1968950.28900057,1.9689502890005701,161616.65625,0.08208264939590519,1807333.63275057,45729.832750129135,0.02322548873153186,58.000870659182105,92.05298386990505,98.52461298694537,39.23108620724132,margin-localized,5.0,50;100;200,TCGA-44-4112-01,TCGA-44-4112,Female,Stage IB,60,1:DECEASED,26.54,1,I,matched
female_psg_negative,TCGA-44-5644,TCGA-44-5644-01Z-00-DX1.7e4edaa7-25c6-49f4-81bc-f50d6c5fac38,TCGA-44-5644-01,TCGA-44-5644,5,49.53387730894781,2088778.039197056,2.0887780391970563,72376.90625,0.03465035771719541,2016401.132947056,15013.65625,0.0071877700589821295,35.45922640413369,84.20118845872236,99.04078747685546,57.65756265443415,peritumoral,5.0,50;100;200,TCGA-44-5644-01,TCGA-44-5644,Female,Stage IB,51,0:LIVING,28.35,0,I,matched
female_psg_negative,TCGA-44-5645,TCGA-44-5645-01Z-00-DX1.8b0d89d7-7849-49a6-a2f5-a8faf2c5aab4,TCGA-44-5645-01,TCGA-44-5645,10,81.60079042866994,5642270.5353571,5.6422705353571,726109.1696420277,0.12869095253265309,4916161.365715072,649585.6813556545,0.11512841812264185,73.3717628182454,99.91872364563923,99.99930240523537,32.47932034387419,margin-localized,5.0,50;100;200,TCGA-44-5645-01,TCGA-44-5645,Female,Stage IA,61,0:LIVING,27.99,0,I,matched
female_psg_negative,TCGA-44-6145,TCGA-44-6145-01Z-00-DX1.175ad655-b054-407d-bb22-3a4f85849488,TCGA-44-6145-01,TCGA-44-6145,5,57.40347859303918,4097426.0635707956,4.097426063570795,451276.6875,0.11013662736032986,3646149.3760707956,218512.63884467434,0.053329245105217714,65.11297860965935,95.80080740978264,99.66051406727232,34.00206795181728,margin-localized,5.0,50;100;200,TCGA-44-6145-01,TCGA-44-6145,Female,Stage IA,62,0:LIVING,19.55,0,I,matched
female_psg_negative,TCGA-44-6147,TCGA-44-6147-01Z-00-DX1.a34a9f49-e86b-43ee-9e2d-7ef35da0aecf,TCGA-44-6147-01,TCGA-44-6147,5,59.49813511479774,2426322.315902744,2.426322315902744,114531.6875,0.047203822323740624,2311790.628402744,16028.244561602714,0.006605983243260573,57.27342668466739,92.6298129599123,99.42874190214917,42.875,margin-localized,5.0,50;100;200,TCGA-44-6147-01,TCGA-44-6147,Female,Stage IA,67,0:LIVING,27.76,0,I,matched
female_psg_negative,TCGA-44-6774,TCGA-44-6774-01Z-00-DX1.f169485b-f863-4be0-9844-258d78170b64,TCGA-44-6774-01,TCGA-44-6774,6,49.34417408556496,3029035.448680188,3.029035448680188,36145.27622975891,0.011932932724675816,2992890.1724504293,17230.265217447246,0.005688366976673984,28.058681283143862,92.78139529524336,99.97558895382514,63.125,peritumoral,5.0,50;100;200,TCGA-44-6774-01,TCGA-44-6774,Female,Stage IIIA,56,0:LIVING,21.62,0,III,matched
female_psg_negative,TCGA-44-6775,TCGA-44-6775-01Z-00-DX1.38d3bc6d-8bb5-4126-8d61-d39e6a1d7bcf,TCGA-44-6775-01,TCGA-44-6775,11,104.06216804679103,12900216.689709365,12.900216689709366,1404470.255782877,0.10887183444780717,11495746.43392649,347930.61671448266,0.026970912588780812,42.56601662457838,82.23249724830812,99.83746775279198,61.852268551767764,peritumoral,5.0,50;100;200,TCGA-44-6775-01,TCGA-44-6775,Female,Stage IB,72,0:LIVING,23.16,0,I,matched
female_psg_negative,TCGA-44-6776,TCGA-44-6776-01Z-00-DX1.551e200f-5f40-4b95-8b2f-7c6000a21be0,TCGA-44-6776-01,TCGA-44-6776,3,122.16283995857233,7668604.2902376875,7.668604290237687,403828.28125,0.052659945143353246,7264776.0089876875,226246.06861040636,0.02950290040371791,53.52348178856363,90.79153503142282,99.21333136646966,38.95871211937068,margin-localized,5.0,50;100;200,TCGA-44-6776-01,TCGA-44-6776,Female,Stage IA,60,0:LIVING,85.94,0,I,matched
female_psg_negative,TCGA-44-6779,TCGA-44-6779-01Z-00-DX1.40f10ad8-55f3-4043-a89b-37d33a26dd8c,TCGA-44-6779-01,TCGA-44-6779,2,71.21693386809727,689137.1094091123,0.6891371094091122,295676.0625,0.429052591223134,393461.04690911225,55209.663660861595,0.08011419339788578,61.82432854681481,66.56303540995275,75.07294391717042,14.375,immune-penetrated,5.0,50;100;200,TCGA-44-6779-01,TCGA-44-6779,Female,Stage IIB,50,1:DECEASED,16.43,1,II,matched
female_psg_negative,TCGA-44-7667,TCGA-44-7667-01Z-00-DX1.2be2e379-7368-4fa7-a619-ace84febecb3,TCGA-44-7667-01,TCGA-44-7667,15,38.30334343308703,1883641.043615205,1.883641043615205,28569.8125,0.015167333817045619,1855071.231115205,26216.25220298621,0.013917859929761507,39.979880980987495,87.95147021786428,98.17570368583479,61.1745709016418,peritumoral,5.0,50;100;200,TCGA-44-7667-01,TCGA-44-7667,Female,Stage IIB,49,0:LIVING,36.04,0,II,matched
female_psg_negative,TCGA-44-7672,TCGA-44-7672-01Z-00-DX1.71f4a0c6-a9cc-481c-ace8-c8c314952aa1,TCGA-44-7672-01,TCGA-44-7672,11,16.803574772868256,4646850.71106678,4.646850711066779,108865.46875,0.02342779562311519,4537985.24231678,90314.57140575774,0.019435651588863758,57.004599345106364,94.46013984046394,100.0,38.80258528758103,margin-localized,5.0,50;100;200,TCGA-44-7672-01,TCGA-44-7672,Female,Stage IA,52,0:LIVING,23.62,0,I,matched
female_psg_negative,TCGA-44-A47A,TCGA-44-A47A-01Z-00-DX1.62448803-3A7B-41EC-9794-67916DA0792E,TCGA-44-A47A-01,TCGA-44-A47A,5,85.01296287459908,9604564.41669809,9.604564416698091,454514.0,0.04732270827501569,9150050.41669809,698891.4486866051,0.07276659496098979,35.469761737932,72.50642381591607,99.44166052267006,79.10504257115743,peritumoral,5.0,50;100;200,TCGA-44-A47A-01,TCGA-44-A47A,Female,Stage IB,78,0:LIVING,15.31,0,I,matched
female_psg_negative,TCGA-44-A47G,TCGA-44-A47G-01Z-00-DX1.810F67EC-3A0C-4056-B736-3331A11412CC,TCGA-44-A47G-01,TCGA-44-A47G,3,29.882864399875185,4251369.168184342,4.2513691681843415,130625.359375,0.030725480241177685,4120743.808809342,251104.5459976967,0.05906439456654795,73.65723645646148,97.81473134977283,99.96761417115829,30.98039954955391,margin-localized,5.0,50;100;200,TCGA-44-A47G-01,TCGA-44-A47G,Female,Stage IA,73,0:LIVING,11.53,0,I,matched
female_psg_negative,TCGA-44-A4SU,TCGA-44-A4SU-01Z-00-DX1.AE2607C1-B208-4557-ADB4-6AAF03C6D3A9,TCGA-44-A4SU-01,TCGA-44-A4SU,4,102.74502397484599,1469131.2891375064,1.4691312891375063,326591.0,0.22230211990906146,1142540.2891375064,82146.65625,0.05591512266968763,68.60177644809002,85.59570506107308,93.28587278214536,32.750238548749536,margin-localized,5.0,50;100;200,TCGA-44-A4SU-01,TCGA-44-A4SU,Female,Stage IA,67,1:DECEASED,13.44,1,I,matched
female_psg_negative,TCGA-49-4487,TCGA-49-4487-01Z-00-DX1.3a3a0720-463c-430e-849b-e2f8991bdfa5,TCGA-49-4487-01,TCGA-49-4487,6,57.68048980713834,9986307.811603803,9.986307811603803,1058122.5874517285,0.105957337527912,8928185.224152073,470727.3723730157,0.04713727848705444,75.36009374997882,92.5457347694502,99.83595846098027,25.15567086950365,margin-localized,5.0,50;100;200,TCGA-49-4487-01,TCGA-49-4487,Female,Stage IA,72,1:DECEASED,28.09,1,I,matched
female_psg_negative,TCGA-49-4488,TCGA-49-4488-01Z-00-DX6.3ce306b2-1b00-48f7-8288-c24069037a9c,TCGA-49-4488-01,TCGA-49-4488,4,54.8935443572475,8817043.932831598,8.817043932831599,2134949.0625,0.24213887089188632,6682094.870331598,232387.65795776696,0.026356640584769723,54.35108356511571,86.42622525639483,92.94136654823123,40.85588237940774,peritumoral,5.0,50;100;200,TCGA-49-4488-01,TCGA-49-4488,Female,Stage IA,74,1:DECEASED,28.55,1,I,matched
female_psg_negative,TCGA-49-4501,TCGA-49-4501-01Z-00-DX1.9c4bf212-5e32-449e-8710-cf7a3594156e,TCGA-49-4501-01,TCGA-49-4501,7,129.0639353265028,8767014.587739855,8.767014587739855,2024483.0721597457,0.2309204635054291,6742531.515580108,386038.0110906441,0.0440330065870422,55.13254281079845,86.71051804805985,98.39865663674246,45.125,immune-penetrated,5.0,50;100;200,TCGA-49-4501-01,TCGA-49-4501,Female,Stage IB,67,1:DECEASED,46.68,1,I,matched
female_psg_negative,TCGA-49-4510,TCGA-49-4510-01Z-00-DX2.e0552b15-6bd7-4660-8a60-9edd0d638e7e,TCGA-49-4510-01,TCGA-49-4510,6,191.0030342929747,25228799.94407114,25.22879994407114,16637484.10493797,0.6594639515879089,8591315.839133171,581289.9020218282,0.023040727395297035,26.19532989573068,40.37782357678862,51.97535112318884,34.23197518402933,immune-penetrated,5.0,50;100;200,TCGA-49-4510-01,TCGA-49-4510,Female,Stage IIB,51,1:DECEASED,29.43,1,II,matched
female_psg_negative,TCGA-49-4512,TCGA-49-4512-01Z-00-DX4.5161fcf5-62a3-4f7d-8a55-9a24a7d70efb,TCGA-49-4512-01,TCGA-49-4512,17,141.88703899836906,5589306.652495209,5.5893066524952095,598458.2319740648,0.10707199822484204,4990848.420521144,998497.8127405685,0.17864430685598787,82.53992591248789,94.69284176863536,99.7150322874958,13.396011533288556,margin-localized,5.0,50;100;200,TCGA-49-4512-01,TCGA-49-4512,Female,Stage IIIA,69,1:DECEASED,29.73,1,III,matched
female_psg_negative,TCGA-49-4514,TCGA-49-4514-01Z-00-DX2.f1565a36-257d-432e-a84d-47c1d7a0185f,TCGA-49-4514-01,TCGA-49-4514,2,47.78435443355928,21443217.48596286,21.44321748596286,1514500.796157855,0.07062843051185189,19928716.689805005,741558.9304817059,0.03458244691903837,54.79723190234789,88.50143451061146,99.94267470245926,47.284544250738,margin-localized,5.0,50;100;200,TCGA-49-4514-01,TCGA-49-4514,Female,Stage IA,79,0:LIVING,55.85,0,I,matched
female_psg_negative,TCGA-49-6744,TCGA-49-6744-01Z-00-DX3.fa64d744-6caa-4f62-8689-33da9c312838,TCGA-49-6744-01,TCGA-49-6744,18,168.8395556788424,16899241.490127455,16.899241490127455,4924206.928797519,0.29138626912185633,11975034.561329935,886265.5916121457,0.0524441047919164,74.16978839790013,85.38036671181787,91.40991935801156,18.747187289030855,margin-localized,5.0,50;100;200,TCGA-49-6744-01,TCGA-49-6744,Female,Stage IIA,64,0:LIVING,55.29,0,II,matched
female_psg_negative,TCGA-49-AARN,TCGA-49-AARN-01Z-00-DX1.E13AA041-978E-427D-AFA5-D3180224A03A,TCGA-49-AARN-01,TCGA-49-AARN,10,25.871456297536337,3441567.9434689414,3.4415679434689412,65930.125,0.01915700229748929,3375637.8184689414,44968.934651164214,0.013066409087317802,64.96728845353633,91.02369807775618,99.39278172147493,38.38644983910338,margin-localized,5.0,50;100;200,TCGA-49-AARN-01,TCGA-49-AARN,Female,Stage IA,56,1:DECEASED,37.29,1,I,matched
female_psg_negative,TCGA-49-AARQ,TCGA-49-AARQ-01Z-00-DX1.3FA36419-1658-4602-9170-84A622787C3E,TCGA-49-AARQ-01,TCGA-49-AARQ,5,153.02337709143436,4751060.675805854,4.751060675805854,450566.0,0.09483482336785291,4300494.675805854,75268.59516292377,0.015842482405290906,54.33305226497045,88.90159535237466,97.20072957076911,41.24488604663613,margin-localized,5.0,50;100;200,TCGA-49-AARQ-01,TCGA-49-AARQ,Female,Stage I,41,0:LIVING,221.16,0,I,matched
female_psg_negative,TCGA-4B-A93V,TCGA-4B-A93V-01Z-00-DX1.C263DC1C-298D-47ED-AAF8-128043828530,TCGA-4B-A93V-01,TCGA-4B-A93V,7,162.77177201109922,12453801.50544043,12.453801505440431,249889.77822806977,0.02006534134327624,12203911.72721236,172897.48856147053,0.01388310938518977,50.38141068330951,89.40236577415051,98.81594845214357,47.5,margin-localized,5.0,50;100;200,TCGA-4B-A93V-01,TCGA-4B-A93V,Female,Stage IA,52,1:DECEASED,9.86,1,I,matched
female_psg_negative,TCGA-50-5044,TCGA-50-5044-01Z-00-DX1.7E0E651F-411B-4784-B0FA-6EB612527430,TCGA-50-5044-01,TCGA-50-5044,4,167.68939313036796,6262027.236477041,6.26202723647704,1694914.8158682168,0.27066551323749277,4567112.420608824,265646.09105101984,0.0424217399604397,55.84928686532549,75.43373281555566,86.15038817756147,26.497420275377753,margin-localized,5.0,50;100;200,TCGA-50-5044-01,TCGA-50-5044,Female,Stage IIIB,72,1:DECEASED,20.5,1,III,matched
female_psg_negative,TCGA-50-5045,TCGA-50-5045-01Z-00-DX2.0FCA12EA-572E-4A7D-900D-6E200892170E,TCGA-50-5045-01,TCGA-50-5045,3,65.83510193616911,8770617.236713395,8.770617236713395,322789.7094891535,0.036803533979110487,8447827.527224239,312482.07033530215,0.035628287257511,66.92271277612318,93.82485413933392,99.92564041905734,41.60322253143379,margin-localized,5.0,50;100;200,TCGA-50-5045-01,TCGA-50-5045,Female,[Discrepancy],57,1:DECEASED,71.42,1,,matched
female_psg_negative,TCGA-50-5055,TCGA-50-5055-01Z-00-DX2.446EC3BB-2ED7-4253-8A39-AC68331F08E7,TCGA-50-5055-01,TCGA-50-5055,7,125.2089213028619,24223129.515884325,24.223129515884324,569889.4691537594,0.02352666565152344,23653240.046730563,130433.53361512673,0.005384668959871386,46.994738182906744,85.0605591162595,98.97280688064572,54.50000000000001,peritumoral,5.0,50;100;200,TCGA-50-5055-01,TCGA-50-5055,Female,Stage IIA,79,1:DECEASED,60.12,1,II,matched
female_psg_negative,TCGA-50-5068,TCGA-50-5068-01Z-00-DX1.13f1c31e-4d4c-4562-8447-c5bbfbf670a9,TCGA-50-5068-01,TCGA-50-5068,3,169.6936637468877,17400195.98833157,17.40019598833157,1136277.0101099145,0.0653025408950504,16263918.978221657,126519.7213761853,0.00727116645473582,37.22759965925474,75.60847347756302,98.3236370564867,66.625,peritumoral,5.0,50;100;200,TCGA-50-5068-01,TCGA-50-5068,Female,Stage IIB,59,1:DECEASED,49.24,1,II,matched
female_psg_negative,TCGA-50-5942,TCGA-50-5942-01Z-00-DX1.da1b1274-8740-4c79-adf9-25800913eafa,TCGA-50-5942-01,TCGA-50-5942,3,263.38989118977423,6117048.327781153,6.117048327781153,3188693.219832494,0.521279716779536,2928355.107948659,73886.34579983471,0.01207875789770581,38.56223782433524,57.66084012462365,69.74626142141102,35.37588338119629,immune-penetrated,5.0,50;100;200,TCGA-50-5942-01,TCGA-50-5942,Female,Stage IA,67,0:LIVING,60.68,0,I,matched
female_psg_negative,TCGA-50-6591,TCGA-50-6591-01Z-00-DX1.12e1050b-75e9-4059-b945-291995b3e93c,TCGA-50-6591-01,TCGA-50-6591,2,258.7733321173408,1751305.6470268618,1.7513056470268618,841611.6203444283,0.4805623859965316,909694.0266824334,96094.08894452677,0.05486997036049234,46.662784195754206,55.95643438674558,62.39134314628877,16.87546295661248,immune-penetrated,5.0,50;100;200,TCGA-50-6591-01,TCGA-50-6591,Female,Stage IV,63,1:DECEASED,3.91,1,IV,matched
female_psg_negative,TCGA-50-6593,TCGA-50-6593-01Z-00-DX1.a63e298c-cbe7-44e8-8d8e-34ebb93530ca,TCGA-50-6593-01,TCGA-50-6593,4,81.61595461353194,5164215.441362268,5.164215441362268,260761.375,0.05049389940463324,4903454.066362269,109068.37973497878,0.02112002897117856,43.51334293855066,83.58992156038292,99.65226556004929,57.05288117176906,peritumoral,5.0,50;100;200,TCGA-50-6593-01,TCGA-50-6593,Female,Stage IIIA,49,1:DECEASED,11.04,1,III,matched
female_psg_negative,TCGA-50-8457,TCGA-50-8457-01Z-00-DX1.F4B6ECCE-F22B-43FC-9A08-4366A24A67A4,TCGA-50-8457-01,TCGA-50-8457,11,140.54694010727746,4278167.607958212,4.278167607958212,199037.75,0.0465240654970487,4079129.8579582116,194849.75605642502,0.04554514313416967,72.34213414128753,95.93434288901263,99.33155812276637,32.5185644094262,margin-localized,5.0,50;100;200,TCGA-50-8457-01,TCGA-50-8457,Female,Stage IA,63,0:LIVING,36.96,0,I,matched
female_psg_negative,TCGA-55-1595,TCGA-55-1595-01Z-00-DX1.6270c9cf-cd18-4fa5-b313-33350ad55f89,TCGA-55-1595-01,TCGA-55-1595,6,103.53575012754662,1090162.7968017792,1.090162796801779,30633.0,0.028099472931811944,1059529.7968017792,32600.21083925732,0.029903984005780482,67.00381169817592,91.28104544048969,99.50823496406458,44.460832482084726,margin-localized,5.0,50;100;200,TCGA-55-1595-01,TCGA-55-1595,Female,Stage IA,74,0:LIVING,48.59,0,I,matched
female_psg_negative,TCGA-55-6543,TCGA-55-6543-01Z-00-DX1.08806fe0-84d3-4fd6-8746-6cf557241958,TCGA-55-6543-01,TCGA-55-6543,8,50.45614444851326,849806.847018108,0.849806847018108,39346.875,0.04630096255174275,810459.972018108,44245.58839443158,0.05206546469904917,57.6072032921735,84.1730983399268,99.3821855220215,59.23588967003028,peritumoral,5.0,50;100;200,TCGA-55-6543-01,TCGA-55-6543,Female,Stage IA,60,0:LIVING,14.29,0,I,matched
female_psg_negative,TCGA-55-6981,TCGA-55-6981-01Z-00-DX1.5fecd134-42a0-40a2-be75-1e8bd14c5b30,TCGA-55-6981-01,TCGA-55-6981,1,29.53998279369409,100660.27318307193,0.10066027318307193,10010.4375,0.09944774818754872,90649.83568307193,6598.020329030229,0.06554741131121647,86.17408648619816,95.3291697096172,100.0,15.998535089188636,margin-localized,5.0,50;100;200,TCGA-55-6981-01,TCGA-55-6981,Female,Stage IIIA,53,1:DECEASED,45.3,1,III,matched
female_psg_negative,TCGA-55-6982,TCGA-55-6982-01Z-00-DX1.055aeec1-2fc1-4796-b5df-c159335e0300,TCGA-55-6982-01,TCGA-55-6982,4,23.870672906187398,130400.47185861037,0.13040047185861037,36403.5625,0.27916741389917193,93996.90935861037,5489.796228867843,0.042099511992719454,82.19723859828643,97.34506652952784,99.98969520600004,24.470007151613178,immune-penetrated,5.0,50;100;200,TCGA-55-6982-01,TCGA-55-6982,Female,Stage IIB,79,1:DECEASED,32.69,1,II,matched
female_psg_negative,TCGA-55-6984,TCGA-55-6984-01Z-00-DX1.d53e387a-9618-4486-98f3-a75604f25a7d,TCGA-55-6984-01,TCGA-55-6984,11,81.72112877385811,4728880.698116669,4.72888069811667,51413.5,0.01087223452697295,4677467.198116669,72219.36189136244,0.015271977979931831,36.51274608828835,81.98353413595476,99.6242377019029,61.9164318355798,peritumoral,5.0,50;100;200,TCGA-55-6984-01,TCGA-55-6984,Female,Stage IIB,71,1:DECEASED,24.97,1,II,matched
female_psg_negative,TCGA-55-6985,TCGA-55-6985-01Z-00-DX1.428ad69e-c0ea-445e-8d38-fa2dab6eb81f,TCGA-55-6985-01,TCGA-55-6985,1,18.748441885201004,1308031.007350899,1.308031007350899,8439.78125,0.006452279191066532,1299591.2261008988,4992.78125,0.0038170205613945445,36.64992906762058,92.5176956804726,99.97816859510526,71.1277750215302,peritumoral,5.0,50;100;200,TCGA-55-6985-01,TCGA-55-6985,Female,Stage IB,58,0:LIVING,40.51,0,I,matched
female_psg_negative,TCGA-55-6986,TCGA-55-6986-01Z-00-DX1.ae52d41e-3cd6-4d36-b04b-2ea7d29bd8da,TCGA-55-6986-01,TCGA-55-6986,4,53.46149317236532,2729447.484545678,2.7294474845456778,236318.24396744953,0.08658098216049215,2493129.240578228,83360.39839852747,0.0305411255832984,65.15235040562213,90.00099067998177,99.94870855711814,29.854333856242715,margin-localized,5.0,50;100;200,TCGA-55-6986-01,TCGA-55-6986,Female,Stage IB,74,0:LIVING,107.13,0,I,matched
female_psg_negative,TCGA-55-7281,TCGA-55-7281-01Z-00-DX1.a92dafa4-3a65-4f5c-97f0-83aff231274a,TCGA-55-7281-01,TCGA-55-7281,2,18.287206963692352,1327864.8941616635,1.3278648941616635,640375.96875,0.48225988318961927,687488.9254116633,42202.0457044557,0.031781882245708146,40.88107806006282,64.04490348368685,78.18632178908452,24.375,immune-penetrated,5.0,50;100;200,TCGA-55-7281-01,TCGA-55-7281,Female,Stage IA,70,0:LIVING,28.65,0,I,matched
female_psg_negative,TCGA-55-7283,TCGA-55-7283-01Z-00-DX1.0f716216-0a46-404e-a4d4-5bb6d7e3f0d1,TCGA-55-7283-01,TCGA-55-7283,2,11.530619704619046,347279.1994036175,0.34727919940361746,12107.03125,0.034862529258278076,335172.1681536175,15273.040696746015,0.0439791404811299,62.066279554729164,91.11677371261062,99.76351289430846,36.89618035786361,margin-localized,5.0,50;100;200,TCGA-55-7283-01,TCGA-55-7283,Female,Stage IIIA,76,0:LIVING,20.01,0,III,matched
female_psg_negative,TCGA-55-7573,TCGA-55-7573-01Z-00-DX1.43a4bbd2-6a3b-4910-9356-2d750a736817,TCGA-55-7573-01,TCGA-55-7573,1,30.339391097350646,1489989.449134713,1.489989449134713,397429.25,0.26673292903570595,1092560.1991347128,9236.15625,0.006198806478370533,42.04072194729471,80.2308201276203,99.8971765862101,49.94403117490618,peritumoral,5.0,50;100;200,TCGA-55-7573-01,TCGA-55-7573,Female,Stage IA,72,0:LIVING,16,0,I,matched
female_psg_negative,TCGA-55-7574,TCGA-55-7574-01Z-00-DX1.09639e6a-d85f-4d84-abbc-0f5a6d679683,TCGA-55-7574-01,TCGA-55-7574,3,27.24646661235228,786440.6265663503,0.7864406265663504,8553.71875,0.010876496535213444,777886.9078163503,9559.618468051754,0.012155550139607684,63.664462128507814,92.0929578342771,99.54910804644713,36.41471199941035,margin-localized,5.0,50;100;200,TCGA-55-7574-01,TCGA-55-7574,Female,Stage IB,64,1:DECEASED,32.69,1,I,matched
female_psg_negative,TCGA-55-7725,TCGA-55-7725-01Z-00-DX1.4d678777-63b1-4f4a-932a-7fccabf504c7,TCGA-55-7725-01,TCGA-55-7725,2,18.339282673800497,2010487.6508576083,2.010487650857608,214768.19419601388,0.1068239310519519,1795719.4566615946,22551.03125,0.011216697222875488,45.650957254854404,92.22556077246104,99.7267944035672,52.808172899656356,peritumoral,5.0,50;100;200,TCGA-55-7725-01,TCGA-55-7725,Female,Stage IA,68,0:LIVING,14.52,0,I,matched
female_psg_negative,TCGA-55-7728,TCGA-55-7728-01Z-00-DX1.1d47a5fe-cab5-4d5a-a62b-16f345334d25,TCGA-55-7728-01,TCGA-55-7728,1,22.43855951419523,1345430.4612385745,1.3454304612385746,107651.12518811604,0.08001240368009412,1237779.3360504585,49610.496650533314,0.036873326477879026,60.73082642363823,94.27665902808175,99.26069897058498,44.21909231316265,margin-localized,5.0,50;100;200,TCGA-55-7728-01,TCGA-55-7728,Female,Stage IB,64,0:LIVING,23.13,0,I,matched
female_psg_negative,TCGA-55-7816,TCGA-55-7816-01Z-00-DX1.A58C6196-E1A0-48B3-9B77-2EDCD7A43CBA,TCGA-55-7816-01,TCGA-55-7816,16,71.9087267472995,1261295.9376888664,1.2612959376888664,25040.1875,0.01985274569732013,1236255.7501888664,100296.50370900669,0.07951861312800612,63.969257224966924,84.78543220254208,99.89680270067817,26.6695636447243,margin-localized,5.0,50;100;200,TCGA-55-7816-01,TCGA-55-7816,Female,Stage IV,49,1:DECEASED,15.37,1,IV,matched
female_psg_negative,TCGA-55-7910,TCGA-55-7910-01Z-00-DX1.041e15d5-4852-49f6-85d9-74b510497651,TCGA-55-7910-01,TCGA-55-7910,10,187.69556292598938,4093662.109149456,4.093662109149456,476044.25,0.11628811497070728,3617617.859149456,52656.579349167034,0.012862952032967747,48.89265067788095,82.2911271256969,95.9435040130742,45.18244266305221,peritumoral,5.0,50;100;200,TCGA-55-7910-01,TCGA-55-7910,Female,Stage IIA,50,0:LIVING,34.17,0,II,matched
female_psg_negative,TCGA-55-7911,TCGA-55-7911-01Z-00-DX1.081bc002-06ee-4218-a25f-26c0e6c4b333,TCGA-55-7911-01,TCGA-55-7911,5,24.689813287252004,7943360.347660367,7.943360347660367,857135.7709899126,0.10790594074488548,7086224.576670454,1338652.047941706,0.16852465321379909,74.8942605274948,94.3647895927273,99.94719119335082,24.936481808787704,margin-localized,5.0,50;100;200,TCGA-55-7911-01,TCGA-55-7911,Female,Stage IA,70,0:LIVING,17.64,0,I,matched
female_psg_negative,TCGA-55-7913,TCGA-55-7913-01Z-00-DX1.2295fcc5-70b0-412e-a1fd-b5366fce0739,TCGA-55-7913-01,TCGA-55-7913,8,10.02787107338896,609404.1908791417,0.6094041908791417,66304.0,0.10880135219344028,543100.1908791416,2790.78125,0.004579524216881327,19.07621777866927,91.48400816627816,98.8127953321813,66.625,peritumoral,5.0,50;100;200,TCGA-55-7913-01,TCGA-55-7913,Female,Stage IA,61,1:DECEASED,18.43,1,I,matched
female_psg_negative,TCGA-55-7914,TCGA-55-7914-01Z-00-DX1.875bffe1-8c56-4c29-ab11-6840ee3a643c,TCGA-55-7914-01,TCGA-55-7914,3,21.091419792869722,1411633.4547762338,1.4116334547762337,68373.84375,0.04843597572631794,1343259.6110262338,43989.697873982645,0.031162266468780814,68.0272833486239,91.78300391774486,99.47450685953983,36.106180218904356,margin-localized,5.0,50;100;200,TCGA-55-7914-01,TCGA-55-7914,Female,Stage IIA,71,1:DECEASED,6.14,1,II,matched
female_psg_negative,TCGA-55-8087,TCGA-55-8087-01Z-00-DX1.548f2800-8caf-4c0e-a7b5-6d3d28315d9c,TCGA-55-8087-01,TCGA-55-8087,1,49.39055314492282,1810028.195388977,1.810028195388977,542004.90625,0.2994455598154495,1268023.289138977,17977.9375,0.00993240743199391,57.4972374390814,89.92678167735865,99.9830155523262,38.836596787051256,margin-localized,5.0,50;100;200,TCGA-55-8087-01,TCGA-55-8087,Female,Stage IB,59,0:LIVING,15.18,0,I,matched
female_psg_negative,TCGA-55-8097,TCGA-55-8097-01Z-00-DX1.2f847b65-a5dc-41be-9dd0-a1e11df3cd10,TCGA-55-8097-01,TCGA-55-8097,2,17.11823494344232,1162166.8830372356,1.1621668830372356,190207.25,0.1636660386526483,971959.6330372354,13148.203746476885,0.011313524708357758,42.191763134569186,74.45713702551463,99.90061247664272,56.891481128548584,peritumoral,5.0,50;100;200,TCGA-55-8097-01,TCGA-55-8097,Female,Stage IA,60,0:LIVING,15.64,0,I,matched
female_psg_negative,TCGA-55-8203,TCGA-55-8203-01Z-00-DX1.f530d261-be19-4ff0-98d0-27b789dffb23,TCGA-55-8203-01,TCGA-55-8203,1,12.137102967108321,1370308.5778805218,1.3703085778805217,86160.19173241218,0.06287648864146901,1284148.3861481098,64672.24210858669,0.047195385880614046,77.46078886052283,97.31660732450817,100.0,34.32382554436495,margin-localized,5.0,50;100;200,TCGA-55-8203-01,TCGA-55-8203,Female,Stage IA,69,0:LIVING,17.97,0,I,matched
female_psg_negative,TCGA-55-8205,TCGA-55-8205-01Z-00-DX1.6df6d499-f325-409d-acb1-9e13172f2bb4,TCGA-55-8205-01,TCGA-55-8205,4,29.841892086980724,2766579.6328500398,2.7665796328500396,204128.7931448995,0.07378381258977632,2562450.839705141,111160.21138066513,0.040179653627447375,55.127245859336426,81.71994165967152,96.5814417138714,38.94612665272376,margin-localized,5.0,50;100;200,TCGA-55-8205-01,TCGA-55-8205,Female,Stage IIA,76,0:LIVING,19.68,0,II,matched
female_psg_negative,TCGA-55-8208,TCGA-55-8208-01Z-00-DX1.6eccb7e2-16e4-4d25-9a1e-b370e016020f,TCGA-55-8208-01,TCGA-55-8208,6,85.34627305200013,7359200.565920339,7.3592005659203386,241783.52666332113,0.03285459126946403,7117417.039257018,320949.9963484694,0.04361207354977578,49.718711911052594,92.05942320684247,99.39062841077192,50.75,peritumoral,5.0,50;100;200,TCGA-55-8208-01,TCGA-55-8208,Female,Stage IA,73,0:LIVING,22.14,0,I,matched
female_psg_negative,TCGA-55-8506,TCGA-55-8506-01Z-00-DX1.A908E3D2-91F7-4DE2-98C9-95D1038B9F49,TCGA-55-8506-01,TCGA-55-8506,1,36.17599153789608,1727778.1569279754,1.7277781569279753,164970.78125,0.09548146015650609,1562807.3756779754,114708.83231759677,0.06639094947325379,67.4269720449956,90.5264640854559,99.17352128265185,31.062751508036115,margin-localized,5.0,50;100;200,TCGA-55-8506-01,TCGA-55-8506,Female,Stage IIB,62,0:LIVING,0.36,0,II,matched
female_psg_negative,TCGA-55-8508,TCGA-55-8508-01Z-00-DX1.96B173E2-A298-4017-9AEC-113E547A3272,TCGA-55-8508-01,TCGA-55-8508,10,103.83158753415168,3381669.253250708,3.381669253250708,143814.0625,0.042527536470858406,3237855.1907507083,31044.46548904073,0.009180219342621553,44.179819411716856,82.00163665669488,99.57049119671049,55.96120307856149,peritumoral,5.0,50;100;200,TCGA-55-8508-01,TCGA-55-8508,Female,Stage IIA,60,0:LIVING,20.27,0,II,matched
female_psg_negative,TCGA-55-8513,TCGA-55-8513-01Z-00-DX1.E21776FE-DF49-48D1-90D6-6F71D0764492,TCGA-55-8513-01,TCGA-55-8513,3,51.68189698895665,831443.7792853031,0.8314437792853031,6094.4375,0.007329945393588355,825349.3417853033,10457.176563690615,0.012577130076888002,53.22807406531573,94.7216700953084,100.0,47.88678869218524,margin-localized,5.0,50;100;200,TCGA-55-8513-01,TCGA-55-8513,Female,Stage IIB,77,0:LIVING,25.99,0,II,matched
female_psg_negative,TCGA-55-8514,TCGA-55-8514-01Z-00-DX1.499CF563-B404-4061-9D1A-57954BBE2CE7,TCGA-55-8514-01,TCGA-55-8514,5,49.73370135328538,2367840.7988804504,2.3678407988804504,1004229.65625,0.4241119828346629,1363611.1426304504,57095.4484812924,0.024112874695075767,46.59770771386517,83.17594510111446,96.76316968502209,35.65568853633316,immune-penetrated,5.0,50;100;200,TCGA-55-8514-01,TCGA-55-8514,Female,Stage IB,70,0:LIVING,17.08,0,I,matched
female_psg_negative,TCGA-55-8616,TCGA-55-8616-01Z-00-DX1.4F53B2AB-8221-4E67-80D2-7A8E3815B730,TCGA-55-8616-01,TCGA-55-8616,9,71.67483346084082,4238045.848596053,4.2380458485960535,760927.4558043856,0.17954677296765434,3477118.392791667,14385.287513668723,0.003394320879854136,63.98924595113373,87.46708234679613,99.87199581782559,42.214252444967485,margin-localized,5.0,50;100;200,TCGA-55-8616-01,TCGA-55-8616,Female,Stage IB,58,0:LIVING,1.58,0,I,matched
female_psg_negative,TCGA-55-8619,TCGA-55-8619-01Z-00-DX1.46C7678A-6032-4C95-B535-85C87B92B6ED,TCGA-55-8619-01,TCGA-55-8619,6,37.884182120029024,2968451.3640038343,2.968451364003834,47383.62558070421,0.01596240590473862,2921067.7384231305,126853.82201117143,0.04273400721650078,59.57363716873573,94.35781595726426,99.94358888423025,38.71409626996348,margin-localized,5.0,50;100;200,TCGA-55-8619-01,TCGA-55-8619,Female,Stage IIB,72,0:LIVING,13.67,0,II,matched
female_psg_negative,TCGA-55-8621,TCGA-55-8621-01Z-00-DX1.7C519007-D59D-432A-BF4D-23D14A1C8BB6,TCGA-55-8621-01,TCGA-55-8621,3,20.369766126683132,2568827.9058445254,2.5688279058445254,85082.25,0.033121039290496354,2483745.6558445254,250885.56956453418,0.09766538622292538,62.20431034472347,90.11386447678763,99.90174752665285,34.56560790728264,margin-localized,5.0,50;100;200,TCGA-55-8621-01,TCGA-55-8621,Female,Stage IA,75,0:LIVING,16.92,0,I,matched
female_psg_negative,TCGA-55-A48X,TCGA-55-A48X-01Z-00-DX1.A46C6373-8458-4D55-88C3-4C70A05F9F47,TCGA-55-A48X-01,TCGA-55-A48X,2,15.573525354016574,3782141.5712944316,3.7821415712944315,60356.5625,0.015958303348053433,3721785.0087944316,134890.7367724485,0.03566517387826981,60.07411193739064,95.29290104467151,99.98366599288187,45.83449335653226,margin-localized,5.0,50;100;200,TCGA-55-A48X-01,TCGA-55-A48X,Female,Stage IIA,63,0:LIVING,22.63,0,II,matched
female_psg_negative,TCGA-55-A48Z,TCGA-55-A48Z-01Z-00-DX1.0867DC6A-2A51-4CF1-AE3F-0526CE2DD740,TCGA-55-A48Z-01,TCGA-55-A48Z,7,44.137359512759154,1211352.067112243,1.211352067112243,35159.03125,0.029024618196934308,1176193.035862243,12106.64864710205,0.00999432698039905,45.74480472054511,74.92674453596112,99.82455227130156,48.749679486125856,peritumoral,5.0,50;100;200,TCGA-55-A48Z-01,TCGA-55-A48Z,Female,Stage IIIB,60,0:LIVING,21.39,0,III,matched
female_psg_negative,TCGA-55-A491,TCGA-55-A491-01Z-00-DX1.E5F3B4E5-18EA-4067-AE28-119DABCE739A,TCGA-55-A491-01,TCGA-55-A491,6,18.616700880214868,1363114.8102060838,1.3631148102060837,11303.589943851728,0.008292470934376236,1351811.2202622325,41749.886283463544,0.030628297756629574,56.73400814110741,98.02102692774369,100.0,49.233023723919295,margin-localized,5.0,50;100;200,TCGA-55-A491-01,TCGA-55-A491,Female,Stage IA,81,0:LIVING,20.57,0,I,matched
female_psg_negative,TCGA-55-A492,TCGA-55-A492-01Z-00-DX1.31B23842-7F8B-4311-88DF-C51CB4F54AED,TCGA-55-A492-01,TCGA-55-A492,4,33.29918415807024,1392072.9350791706,1.3920729350791705,56166.15625,0.04034713615548146,1335906.7788291706,175229.71163661208,0.1258768181041077,72.33327354039541,94.91055985810368,99.89372150174835,20.284307358152507,margin-localized,5.0,50;100;200,TCGA-55-A492-01,TCGA-55-A492,Female,Stage IA,70,0:LIVING,19.58,0,I,matched
female_psg_negative,TCGA-62-A46R,TCGA-62-A46R-01Z-00-DX1.AD823FBA-A63F-4D36-8B84-2C995DE5FC47,TCGA-62-A46R-01,TCGA-62-A46R,8,137.88937627412196,17851630.180914544,17.851630180914544,1245234.9163634907,0.06975468927732946,16606395.264551053,645463.2207324442,0.03615710241535919,54.10656137457776,88.82141270053692,99.58940470236993,45.87772471472403,margin-localized,5.0,50;100;200,TCGA-62-A46R-01,TCGA-62-A46R,Female,Stage IB,54,1:DECEASED,56.67,1,I,matched
female_psg_negative,TCGA-62-A46U,TCGA-62-A46U-01Z-00-DX1.5129535F-8B6A-4647-8A88-3EE125642874,TCGA-62-A46U-01,TCGA-62-A46U,7,175.9370310887362,33144506.451224647,33.14450645122465,4830242.014236541,0.14573280858306673,28314264.436988108,2840718.910330518,0.08570708133822753,76.09153305568843,89.1510722948912,95.71461044128017,23.375,margin-localized,5.0,50;100;200,TCGA-62-A46U-01,TCGA-62-A46U,Female,Stage IIB,71,0:LIVING,67.9,0,II,matched
female_psg_negative,TCGA-62-A46V,TCGA-62-A46V-01Z-00-DX1.631E54D0-9E57-4932-B4EF-81820E56A95B,TCGA-62-A46V-01,TCGA-62-A46V,7,177.2990683508239,5989764.542682578,5.989764542682578,678274.1722649774,0.11323887064869587,5311490.3704176005,981672.9404584013,0.1638917412300733,90.24300662466113,95.72000847822099,98.97409782033803,12.17146380884403,margin-localized,5.0,50;100;200,TCGA-62-A46V-01,TCGA-62-A46V,Female,Stage IB,78,0:LIVING,72.24,0,I,matched
female_psg_negative,TCGA-64-1681,TCGA-64-1681-01Z-00-DX1.fb0244f6-51a8-4da2-b45c-38d8e02edab7,TCGA-64-1681-01,TCGA-64-1681,1,20.258028967854088,281508.26207624027,0.28150826207624025,387.0,0.0013747376263336442,281121.26207624027,6564.889479942909,0.02332041493746622,31.10720502747476,91.68830757151309,100.0,60.12188141600361,peritumoral,5.0,50;100;200,TCGA-64-1681-01,TCGA-64-1681,Female,Stage IA,61,1:DECEASED,38.34,1,I,matched
female_psg_negative,TCGA-64-5781,TCGA-64-5781-01Z-00-DX1.81474D4D-6B48-473F-BAA9-ABD75C9223C3,TCGA-64-5781-01,TCGA-64-5781,3,57.45295968026317,9827542.060196541,9.82754206019654,1266166.4236848895,0.12883856572978813,8561375.636511652,686746.2767494506,0.06987975961262041,85.9565905799519,99.67707026655474,100.0,27.436859331927916,margin-localized,5.0,50;100;200,TCGA-64-5781-01,TCGA-64-5781,Female,Stage IB,55,0:LIVING,51.22,0,I,matched
female_psg_negative,TCGA-67-3770,TCGA-67-3770-01Z-00-DX1.4C14BE72-905C-4AAE-B07A-6437D98A23FA,TCGA-67-3770-01,TCGA-67-3770,2,68.46921463750218,2692284.276416581,2.692284276416581,808163.8107264303,0.3001777404435511,1884120.4656901509,180296.92971502288,0.06696801347998708,68.44852868115852,95.6238799669417,99.21217689804173,26.293119347083945,margin-localized,5.0,50;100;200,TCGA-67-3770-01,TCGA-67-3770,Female,Stage IA,70,0:LIVING,20.04,0,I,matched
female_psg_negative,TCGA-67-3772,TCGA-67-3772-01Z-00-DX1.CB05C5CC-2801-4BB9-94A0-83E9005BCA2E,TCGA-67-3772-01,TCGA-67-3772,8,94.05004915353017,2100093.0847407565,2.1000930847407564,233686.98815358095,0.11127458580362316,1866406.0965871755,45339.49359685024,0.021589278078331997,55.95981168382556,88.60592515886157,99.98715003221137,45.23307694596953,margin-localized,5.0,50;100;200,TCGA-67-3772-01,TCGA-67-3772,Female,Stage IB,82,0:LIVING,18.82,0,I,matched
female_psg_negative,TCGA-67-3773,TCGA-67-3773-01Z-00-DX1.3E9DFC22-E962-4C18-BF5B-27EBEA089F5D,TCGA-67-3773-01,TCGA-67-3773,3,47.51884159894048,465841.7719283256,0.4658417719283256,21089.9375,0.04527274875479586,444751.8344283256,18034.527430614347,0.038713847742681905,86.93241925102642,98.68588763683206,100.0,29.433452481827544,margin-localized,5.0,50;100;200,TCGA-67-3773-01,TCGA-67-3773,Female,Stage IB,84,0:LIVING,14.03,0,I,matched
female_psg_negative,TCGA-67-3774,TCGA-67-3774-01Z-00-DX1.FE85FDCB-91D2-47C5-8D13-D622A51A7BE0,TCGA-67-3774-01,TCGA-67-3774,2,28.842061008375012,1386049.1128876912,1.3860491128876913,46556.78125,0.03358956101707227,1339492.3316376912,96329.88598807942,0.06949961952458233,79.13214703815576,98.94938251227023,99.99999098156054,24.761676538554493,margin-localized,5.0,50;100;200,TCGA-67-3774-01,TCGA-67-3774,Female,Stage IB,73,0:LIVING,12.65,0,I,matched
female_psg_negative,TCGA-67-6215,TCGA-67-6215-01Z-00-DX1.c014ffaf-6db8-42ef-a50c-9de98d6a5345,TCGA-67-6215-01,TCGA-67-6215,2,81.26760847673458,2327689.6171629,2.3276896171629002,26342.5,0.011317015724848877,2301347.1171629,85467.71875,0.03671783304776354,68.29834668766144,95.23706287121144,99.48893054675183,38.09630067342497,margin-localized,5.0,50;100;200,TCGA-67-6215-01,TCGA-67-6215,Female,Stage IB,52,0:LIVING,5.72,0,I,matched
female_psg_negative,TCGA-67-6216,TCGA-67-6216-01Z-00-DX1.04da6a64-bd3a-48ed-bc99-d651e00a1aa4,TCGA-67-6216-01,TCGA-67-6216,3,75.86357049942973,7374050.47409986,7.374050474099859,684993.15625,0.09289238779364556,6689057.31784986,402755.7004853923,0.054617974463289275,68.92650093546388,92.17268162857613,99.27986067241447,27.812148874188058,margin-localized,5.0,50;100;200,TCGA-67-6216-01,TCGA-67-6216,Female,Stage IA,57,0:LIVING,4.63,0,I,matched
female_psg_negative,TCGA-67-6217,TCGA-67-6217-01Z-00-DX1.3fa5c69b-60d1-41fb-a86f-48f77d81285f,TCGA-67-6217-01,TCGA-67-6217,5,127.58085640044465,16157782.880712723,16.157782880712723,2592978.0466299625,0.16047857962772585,13564804.83408276,412231.44709636655,0.02551287204065852,56.16213015486564,94.64238234469211,99.8114896376514,45.375,margin-localized,5.0,50;100;200,TCGA-67-6217-01,TCGA-67-6217,Female,Stage IIA,73,0:LIVING,13.86,0,II,matched
female_psg_negative,TCGA-69-7973,TCGA-69-7973-01Z-00-DX1.aefb015a-cb51-425f-a80f-cd51091a0ee3,TCGA-69-7973-01,TCGA-69-7973,3,85.95263626195138,2312003.735949968,2.312003735949968,107254.125,0.0463901175124749,2204749.610949968,37728.146578435815,0.016318376130535914,51.09225866680139,88.28587472370558,99.48071829152703,46.65096462025196,margin-localized,5.0,50;100;200,TCGA-69-7973-01,TCGA-69-7973,Female,Stage IB,42,0:LIVING,7.56,0,I,matched
female_psg_negative,TCGA-69-7979,TCGA-69-7979-01Z-00-DX1.c9bc265d-4889-4333-9852-b8b535887f1e,TCGA-69-7979-01,TCGA-69-7979,18,128.3525503970683,2264836.224422132,2.2648362244221323,127442.69316100699,0.056270158427691036,2137393.531261125,82485.67331580988,0.03642014924803488,59.35693723540398,87.90481425627104,99.90772373615964,41.2632554459776,margin-localized,5.0,50;100;200,TCGA-69-7979-01,TCGA-69-7979,Female,Stage IB,71,0:LIVING,13.4,0,I,matched
female_psg_negative,TCGA-69-7980,TCGA-69-7980-01Z-00-DX1.8bbf8cc0-eca7-49e5-a022-c22e3e6ed6dc,TCGA-69-7980-01,TCGA-69-7980,12,56.81134919020537,2885176.787889855,2.885176787889855,51625.17667593347,0.01789324553442384,2833551.6112139216,162073.6134315051,0.056174586636003554,56.68904357115613,74.70987097783394,99.948726008634,32.935780315638496,margin-localized,5.0,50;100;200,TCGA-69-7980-01,TCGA-69-7980,Female,Stage I,70,0:LIVING,13.5,0,I,matched
female_psg_negative,TCGA-69-8253,TCGA-69-8253-01Z-00-DX1.631c741f-46bd-4d4b-8f6c-64787fb4c402,TCGA-69-8253-01,TCGA-69-8253,3,86.29277423906782,7038124.001139831,7.038124001139831,218173.7796597351,0.03099885418676932,6819950.221480096,370293.9413073493,0.05261259125974192,73.40488174364776,97.15136929168533,99.83924223734046,28.953087054751173,margin-localized,5.0,50;100;200,TCGA-69-8253-01,TCGA-69-8253,Female,Stage IIA,59,0:LIVING,13.99,0,II,matched
female_psg_negative,TCGA-71-6725,TCGA-71-6725-01Z-00-DX1.b9e1d4aa-439d-481f-b24b-134c4e470f28,TCGA-71-6725-01,TCGA-71-6725,7,190.53506849213846,4503485.258857158,4.503485258857158,647764.5135038749,0.14383626819470416,3855720.745353283,582254.1730568963,0.12928968112236122,77.21911833873212,92.85007065058045,97.17113423429832,20.82554020907981,margin-localized,5.0,50;100;200,TCGA-71-6725-01,TCGA-71-6725,Female,Stage IB,48,0:LIVING,8.41,0,I,matched
female_psg_negative,TCGA-71-8520,TCGA-71-8520-01Z-00-DX1.EAE99132-A397-4B4D-8B09-CBB774A7B62F,TCGA-71-8520-01,TCGA-71-8520,2,177.2109302115125,3160062.9106729473,3.160062910672947,688688.7086299456,0.21793512600775622,2471374.2020430015,79176.76038738861,0.025055438016747464,47.019164282538725,81.5842057131253,93.17980288236767,44.7145460113373,peritumoral,5.0,50;100;200,TCGA-71-8520-01,TCGA-71-8520,Female,Stage IB,60,1:DECEASED,6.9,1,I,matched
female_psg_negative,TCGA-73-4658,TCGA-73-4658-01Z-00-DX1.d5beb44f-9d76-485a-8af4-407b0f1a610e,TCGA-73-4658-01,TCGA-73-4658,15,111.7900671957687,3245863.893553437,3.2458638935534374,181131.65988065564,0.0558038370741295,3064732.233672782,227201.78615008696,0.06999732385616325,71.46644950623485,86.53229319133726,98.00581014839199,26.72172863513886,margin-localized,5.0,50;100;200,TCGA-73-4658-01,TCGA-73-4658,Female,Stage IB,80,1:DECEASED,52.56,1,I,matched
female_psg_negative,TCGA-73-4662,TCGA-73-4662-01Z-00-DX1.76e23a15-0917-44ad-9181-50100d318003,TCGA-73-4662-01,TCGA-73-4662,2,72.1667538683465,5475190.753754741,5.475190753754741,434678.125,0.0793904988062579,5040512.628754741,86937.47656504462,0.015878437934865593,58.67325550532344,93.47147145645226,99.44731360204874,42.72184745537112,margin-localized,5.0,50;100;200,TCGA-73-4662-01,TCGA-73-4662,Female,Stage IA,65,0:LIVING,82.62,0,I,matched
female_psg_negative,TCGA-73-7498,TCGA-73-7498-01Z-00-DX1.5313bba9-7f6a-49b4-8d6e-a0f46a04f189,TCGA-73-7498-01,TCGA-73-7498,5,45.47456240417924,2218458.5336445076,2.2184585336445077,236932.3125,0.10680042421652346,1981526.2211445074,114920.02913489018,0.05180174765137409,56.89782663195015,81.46148262049849,97.76155805948648,40.25252321283723,margin-localized,5.0,50;100;200,TCGA-73-7498-01,TCGA-73-7498,Female,Stage IA,58,0:LIVING,39.06,0,I,matched
female_psg_negative,TCGA-75-5147,TCGA-75-5147-01Z-00-DX1.3156FA5C-9737-4EAA-989C-FD578FBF15A1,TCGA-75-5147-01,TCGA-75-5147,1,11.446199916696564,532962.1654502685,0.5329621654502685,201578.84375,0.378223552847692,331383.32170026854,16408.9375,0.0307881845348948,95.49144673172178,99.6862138450691,100.0,21.019336335859894,immune-penetrated,5.0,50;100;200,TCGA-75-5147-01,TCGA-75-5147,Female,Stage IB,,0:LIVING,43.79,0,I,matched
female_psg_negative,TCGA-75-6212,TCGA-75-6212-01Z-00-DX1.FCB36956-DF6C-485D-8E7A-922A2BDAE669,TCGA-75-6212-01,TCGA-75-6212,2,32.13175625881472,2851946.2550860643,2.851946255086064,309530.59375,0.10853310899460102,2542415.6613360643,149078.25147144817,0.0522724617287535,87.78451443920557,98.1758159044119,99.39102770716568,25.01124746988842,margin-localized,5.0,50;100;200,TCGA-75-6212-01,TCGA-75-6212,Female,Stage IIB,,1:DECEASED,49.8,1,II,matched
female_psg_negative,TCGA-78-7145,TCGA-78-7145-01Z-00-DX1.ecde66bf-2de8-4e31-b3ab-4fed4f055dda,TCGA-78-7145-01,TCGA-78-7145,9,148.81866725980433,5679896.95478302,5.67989695478302,1846572.1862922292,0.32510663503098197,3833324.7684907904,324134.61148066155,0.05706698802127194,59.680047105057824,75.12134998860117,83.21221046373046,22.02528731367652,immune-penetrated,5.0,50;100;200,TCGA-78-7145-01,TCGA-78-7145,Female,Stage IV,52,1:DECEASED,27.14,1,IV,matched
female_psg_negative,TCGA-78-7146,TCGA-78-7146-01Z-00-DX1.830209b2-94c5-4277-a7b6-b2f2634de0dc,TCGA-78-7146-01,TCGA-78-7146,2,127.73070654467809,1900538.5155081414,1.9005385155081413,186146.3125,0.09794398323478891,1714392.203008141,79888.22669706971,0.04203452129235604,69.7795279953169,89.71007811193374,96.99544727848617,26.75262837554471,margin-localized,5.0,50;100;200,TCGA-78-7146-01,TCGA-78-7146,Female,Stage IIIA,71,1:DECEASED,5.68,1,III,matched
female_psg_negative,TCGA-78-7147,TCGA-78-7147-01Z-00-DX1.a9fd2c5d-b8f3-4524-bd64-6c3362ce373b,TCGA-78-7147-01,TCGA-78-7147,12,224.50114150636279,13207947.178833866,13.207947178833866,1426021.9284409678,0.10796696179450285,11781925.2503929,85149.85928099278,0.006446865521800995,53.331500307067216,90.17148406713166,99.18109519243863,46.9349616490735,margin-localized,5.0,50;100;200,TCGA-78-7147-01,TCGA-78-7147,Female,Stage IIB,67,1:DECEASED,19.25,1,II,matched
female_psg_negative,TCGA-78-7153,TCGA-78-7153-01Z-00-DX1.5190321a-f1aa-4c6e-b4b9-6767b779682b,TCGA-78-7153-01,TCGA-78-7153,5,352.49640570677303,9615075.718016997,9.615075718016996,2804288.61949371,0.29165538595176693,6810787.098523287,46134.56900313299,0.004798149318437997,22.77596949209386,68.49395685507038,95.18941303133052,72.875,peritumoral,5.0,50;100;200,TCGA-78-7153-01,TCGA-78-7153,Female,Stage IB,65,0:LIVING,119.42,0,I,matched
female_psg_negative,TCGA-78-7158,TCGA-78-7158-01Z-00-DX1.74db3dcd-2715-4ce7-8e48-30c8b7946ba0,TCGA-78-7158-01,TCGA-78-7158,7,256.46001154882555,2642004.482259117,2.642004482259117,319364.03125,0.12087944339023951,2322640.451009117,60316.64522330843,0.022829879974970012,40.72975220649755,74.25076570243483,98.0444162482763,61.27002223763265,peritumoral,5.0,50;100;200,TCGA-78-7158-01,TCGA-78-7158,Female,Stage IIIB,59,1:DECEASED,5.88,1,III,matched
female_psg_negative,TCGA-78-7159,TCGA-78-7159-01Z-00-DX1.399d865f-f4f9-4602-b15b-908be0afe459,TCGA-78-7159-01,TCGA-78-7159,4,166.35205550815934,2018034.3411702542,2.0180343411702544,293964.7182677655,0.14566883836936884,1724069.6229024888,21033.464523996237,0.010422748560264327,31.888432676911847,61.37978046472101,89.87190271015436,72.0375336196347,peritumoral,5.0,50;100;200,TCGA-78-7159-01,TCGA-78-7159,Female,Stage IA,60,0:LIVING,64.85,0,I,matched
female_psg_negative,TCGA-78-7161,TCGA-78-7161-01Z-00-DX1.646cf15a-5961-4728-b9fe-fe3fff11831f,TCGA-78-7161-01,TCGA-78-7161,10,161.99205735242242,519053.11176054575,0.5190531117605458,67190.10716459717,0.12944746046642316,451863.0045959485,47763.69063378328,0.09202081550340084,68.19190755090914,91.86036751612787,99.22901449777603,26.221189546814994,margin-localized,5.0,50;100;200,TCGA-78-7161-01,TCGA-78-7161,Female,Stage IIB,69,1:DECEASED,9.56,1,II,matched
female_psg_negative,TCGA-78-7539,TCGA-78-7539-01Z-00-DX1.b838d859-2fb7-48d1-a442-d366ac404099,TCGA-78-7539-01,TCGA-78-7539,13,129.53307747040367,3762332.860163216,3.762332860163216,513898.22797866166,0.13659031432863916,3248434.6321845544,120511.26920525794,0.032030996109161367,46.935491064579224,79.27201063914387,94.13524991815261,48.37499999999999,peritumoral,5.0,50;100;200,TCGA-78-7539-01,TCGA-78-7539,Female,Stage IIA,75,0:LIVING,25.99,0,II,matched
female_psg_negative,TCGA-78-7540,TCGA-78-7540-01Z-00-DX1.25c29857-0d5f-4e52-be0c-32c6686b653f,TCGA-78-7540-01,TCGA-78-7540,6,67.12565941428248,2430433.0335127194,2.4304330335127196,79425.34375,0.03267950305761195,2351007.68976272,113433.7841145991,0.04667225245480332,64.5163028754667,95.66923498631255,99.99281877087148,43.687321172738436,margin-localized,5.0,50;100;200,TCGA-78-7540-01,TCGA-78-7540,Female,Stage IB,66,1:DECEASED,39.32,1,I,matched
female_psg_negative,TCGA-78-8648,TCGA-78-8648-01Z-00-DX1.D3EAEF8E-E739-490F-BF48-A4796B0C0E7A,TCGA-78-8648-01,TCGA-78-8648,9,181.22641275534207,1507306.478437052,1.507306478437052,11919.71875,0.00790795960909007,1495386.7596870519,20308.1875,0.013473164078122886,44.43326318455992,71.86145132114754,98.59550598701016,57.235976721376915,peritumoral,5.0,50;100;200,TCGA-78-8648-01,TCGA-78-8648,Female,Stage IIB,58,1:DECEASED,39.72,1,II,matched
female_psg_negative,TCGA-78-8655,TCGA-78-8655-01Z-00-DX1.DC81D146-A4A6-411E-A5DC-C0689A8D445F,TCGA-78-8655-01,TCGA-78-8655,16,253.18985018376165,10243114.74601655,10.24311474601655,348115.09938171913,0.033985277722003236,9894999.64663483,297950.97974480764,0.02908792756233429,45.498560106908144,81.35054589773777,99.37635439509818,51.20790954530364,peritumoral,5.0,50;100;200,TCGA-78-8655-01,TCGA-78-8655,Female,Stage IA,77,0:LIVING,77.53,0,I,matched
female_psg_negative,TCGA-78-8662,TCGA-78-8662-01Z-00-DX1.754A4C57-B5FA-4077-99E4-F6EFA6459410,TCGA-78-8662-01,TCGA-78-8662,8,171.78861573029428,8588851.450724728,8.588851450724729,889008.75,0.10350729141147101,7699842.700724728,59936.649410131155,0.0069784242694142405,39.65807468954,82.71170112416323,95.75060048330667,58.991789682971984,peritumoral,5.0,50;100;200,TCGA-78-8662-01,TCGA-78-8662,Female,Stage IB,53,1:DECEASED,110.41,1,I,matched
female_psg_negative,TCGA-80-5608,TCGA-80-5608-01Z-00-DX1.CB85BA53-AF00-4C7D-8489-C2FF0F4F49AB,TCGA-80-5608-01,TCGA-80-5608,2,11.203540739366435,266835.9351739085,0.26683593517390847,19296.8125,0.0723171430692925,247539.12267390848,13863.663054872133,0.05195575718029353,83.96203095473251,97.97501974519346,99.25521884872633,25.70323423229069,margin-localized,5.0,50;100;200,TCGA-80-5608-01,TCGA-80-5608,Female,Stage IA,,0:LIVING,93.04,0,I,matched
female_psg_negative,TCGA-86-7714,TCGA-86-7714-01Z-00-DX1.8ee03c3b-013e-4dd5-aa0e-9c1a771cbdc5,TCGA-86-7714-01,TCGA-86-7714,5,140.89043053891103,4439833.899271395,4.439833899271395,2439867.9098189296,0.5495403578542268,1999965.9894524647,61090.586659487395,0.013759655889269359,37.01990443808083,51.92597158415928,61.23052986998972,30.14237051062839,immune-penetrated,5.0,50;100;200,TCGA-86-7714-01,TCGA-86-7714,Female,Stage IIIA,61,1:DECEASED,20.53,1,III,matched
female_psg_negative,TCGA-86-7953,TCGA-86-7953-01Z-00-DX1.847865ce-df59-4677-bac2-ee88a258fe4e,TCGA-86-7953-01,TCGA-86-7953,25,25.98475588487626,1335952.0789796854,1.3359520789796855,34984.75,0.02618712942661769,1300967.3289796854,27837.932624510388,0.020837523338240706,53.611162465761275,97.3227305521886,99.99797195195649,44.972561078951244,margin-localized,5.0,50;100;200,TCGA-86-7953-01,TCGA-86-7953,Female,Stage IA,69,0:LIVING,32.75,0,I,matched
female_psg_negative,TCGA-86-7954,TCGA-86-7954-01Z-00-DX1.0a063ee6-18b7-4b66-9726-04fb452156cb,TCGA-86-7954-01,TCGA-86-7954,9,12.757496038792482,679109.523313436,0.679109523313436,17934.84375,0.026409353917604184,661174.679563436,9139.28125,0.013457742729639,71.3098874149166,94.75739305643913,99.83826892499742,33.76434880165765,margin-localized,5.0,50;100;200,TCGA-86-7954-01,TCGA-86-7954,Female,Stage IB,68,0:LIVING,19.88,0,I,matched
female_psg_negative,TCGA-86-8074,TCGA-86-8074-01Z-00-DX1.0c34b434-8701-4060-a4ea-08a72371ee1e,TCGA-86-8074-01,TCGA-86-8074,13,19.12858625949232,1084786.4093369727,1.0847864093369728,11417.4375,0.010525055809814578,1073368.9718369727,18336.163835113908,0.01690301766070343,53.435094367390775,78.044917445422,99.46057839354575,47.4920220081668,margin-localized,5.0,50;100;200,TCGA-86-8074-01,TCGA-86-8074,Female,Stage IIA,62,0:LIVING,0.79,0,II,matched
female_psg_negative,TCGA-86-8075,TCGA-86-8075-01Z-00-DX1.171bd8bd-af24-4770-b24b-732e675efd75,TCGA-86-8075-01,TCGA-86-8075,6,24.859525402685353,2179744.0880750665,2.1797440880750663,28551.40625,0.013098512988840707,2151192.6818250665,55007.56263584297,0.025235789346454974,56.66194328140814,91.81203010695954,99.50960566741752,38.879069320779784,margin-localized,5.0,50;100;200,TCGA-86-8075-01,TCGA-86-8075,Female,Stage IB,66,1:DECEASED,22.8,1,I,matched
female_psg_negative,TCGA-86-8278,TCGA-86-8278-01Z-00-DX1.6500afef-f0f0-4e7c-a6c0-60da81993641,TCGA-86-8278-01,TCGA-86-8278,3,173.85883624950418,3705796.5418005083,3.7057965418005083,855966.2829909913,0.23098037718366188,2849830.258809517,133464.195351239,0.03601498189277108,60.038067048383446,87.83620363981551,98.07367398365565,37.344103031804096,margin-localized,5.0,50;100;200,TCGA-86-8278-01,TCGA-86-8278,Female,Stage IIB,63,0:LIVING,31.01,0,II,matched
female_psg_negative,TCGA-86-8280,TCGA-86-8280-01Z-00-DX1.52627b97-1cfa-4382-819b-949b58c0f995,TCGA-86-8280-01,TCGA-86-8280,19,182.16534612430846,6170080.2998206755,6.170080299820675,235220.43944177165,0.038122751732843414,5934859.860378904,145881.32247934793,0.02364334261315655,44.679717570926485,82.78922706657093,99.50085881220583,52.603952144777104,peritumoral,5.0,50;100;200,TCGA-86-8280-01,TCGA-86-8280,Female,Stage IIA,54,0:LIVING,23.03,0,II,matched
female_psg_negative,TCGA-86-8668,TCGA-86-8668-01Z-00-DX1.d720d486-02c7-4f98-8feb-e0e50a12c158,TCGA-86-8668-01,TCGA-86-8668,3,152.58226362778643,11170287.821420893,11.170287821420892,5166524.057766268,0.46252380783408237,6003763.763654623,504894.1147902087,0.04519974085376653,47.45113194344246,68.82908845233584,75.96166209167971,35.09034099649076,immune-penetrated,5.0,50;100;200,TCGA-86-8668-01,TCGA-86-8668,Female,Stage IA,61,0:LIVING,13.9,0,I,matched
female_psg_negative,TCGA-86-8671,TCGA-86-8671-01Z-00-DX1.1fd0019c-df9d-48cc-9055-8de57759f273,TCGA-86-8671-01,TCGA-86-8671,4,7.647851681522546,924161.5907068698,0.9241615907068699,4561.8125,0.004936163270441455,919599.7782068697,1536.9340607360875,0.001663057712191352,3.7782328324574226,61.56374834333972,96.49129879547901,93.49124583667988,peritumoral,5.0,50;100;200,TCGA-86-8671-01,TCGA-86-8671,Female,Stage IIB,72,0:LIVING,27.56,0,II,matched
female_psg_negative,TCGA-86-A456,TCGA-86-A456-01Z-00-DX1.5C7CBF9B-0AE3-4776-9434-296AA0C605CC,TCGA-86-A456-01,TCGA-86-A456,2,72.88507889979772,8724267.435973888,8.724267435973887,2006693.8792866766,0.23001288005136328,6717573.556687213,340408.03610280296,0.0390185237443725,61.27534974055552,88.39713007287875,94.8366425239025,35.532115754624016,margin-localized,5.0,50;100;200,TCGA-86-A456-01,TCGA-86-A456,Female,Stage IA,78,0:LIVING,29.43,0,I,matched
female_psg_negative,TCGA-86-A4P7,TCGA-86-A4P7-01Z-00-DX1.37026DCF-5A81-4098-B444-C8A40CA168D0,TCGA-86-A4P7-01,TCGA-86-A4P7,4,47.61965519978954,3704102.2674394725,3.7041022674394726,140069.3313209815,0.03781465013864397,3564032.936118491,118040.85965300859,0.03186760276319435,58.7932979727816,92.2136203637638,98.83174560054414,42.570713231046525,margin-localized,5.0,50;100;200,TCGA-86-A4P7-01,TCGA-86-A4P7,Female,Stage IB,63,0:LIVING,13.63,0,I,matched
female_psg_negative,TCGA-86-A4P8,TCGA-86-A4P8-01Z-00-DX1.D65E8855-F7A1-4584-A501-BBFBC61C2DEB,TCGA-86-A4P8-01,TCGA-86-A4P8,3,54.94675929362587,2367653.9824184957,2.3676539824184957,398907.5512406415,0.16848219976517348,1968746.431177854,195213.73466808267,0.0824502803693794,70.10861247252802,89.17140641004893,96.8728657652201,26.632334670471533,margin-localized,5.0,50;100;200,TCGA-86-A4P8-01,TCGA-86-A4P8,Female,Stage IIIA,59,0:LIVING,26.45,0,III,matched
female_psg_negative,TCGA-93-7347,TCGA-93-7347-01Z-00-DX1.a22b7163-07bd-4f6a-97c7-f1561c4d73cb,TCGA-93-7347-01,TCGA-93-7347,8,53.26564963635546,8619914.227516603,8.619914227516603,1664663.0821290398,0.19311828844132586,6955251.145387563,1655515.912391984,0.19205712130025893,65.2582875022203,89.03511230162297,99.63841164245189,40.26183832116959,immune-penetrated,5.0,50;100;200,TCGA-93-7347-01,TCGA-93-7347,Female,Stage IA,76,0:LIVING,22.44,0,I,matched
female_psg_negative,TCGA-95-7043,TCGA-95-7043-01Z-00-DX1.AE0FD8AA-9B88-45FE-B247-402BED1285EF,TCGA-95-7043-01,TCGA-95-7043,4,54.24083717425415,599755.1867771398,0.5997551867771398,20926.03125,0.03489095502858203,578829.1555271398,77339.75845659604,0.12895221277233299,78.36366656576203,97.15800783438513,99.55537399277178,20.2256798402427,margin-localized,5.0,50;100;200,TCGA-95-7043-01,TCGA-95-7043,Female,Stage IA,63,1:DECEASED,16.52,1,I,matched
female_psg_negative,TCGA-95-A4VK,TCGA-95-A4VK-01Z-00-DX1.D09778E0-285E-4593-84C8-B6009DDF4E41,TCGA-95-A4VK-01,TCGA-95-A4VK,20,192.54236292073097,5205590.180172632,5.205590180172632,1486248.242394668,0.28551003650951634,3719341.937777964,238719.98988227724,0.04585839100272019,54.43723758482994,80.86945669880447,97.67823331904657,31.49336487658948,margin-localized,5.0,50;100;200,TCGA-95-A4VK-01,TCGA-95-A4VK,Female,Stage IIIA,74,0:LIVING,21.39,0,III,matched
female_psg_negative,TCGA-95-A4VN,TCGA-95-A4VN-01Z-00-DX1.B997A80F-C396-40AB-808A-B70EB83A2B74,TCGA-95-A4VN-01,TCGA-95-A4VN,11,232.14554830727545,31268006.1677574,31.2680061677574,6467763.57136574,0.20684924829121654,24800242.596391656,1015185.3107429517,0.03246722241566459,50.6802496851769,84.88421309434557,92.90272870258725,39.914165718451386,margin-localized,5.0,50;100;200,TCGA-95-A4VN-01,TCGA-95-A4VN,Female,Stage IIA,62,0:LIVING,18.17,0,II,matched
female_psg_negative,TCGA-95-A4VP,TCGA-95-A4VP-01Z-00-DX1.1B145AC0-2471-4974-BBB6-C88BDF0BE8BD,TCGA-95-A4VP-01,TCGA-95-A4VP,18,243.17108790361382,16841048.477631904,16.841048477631904,1296646.5025062836,0.0769932171520363,15544401.975125618,107233.21419342702,0.006367371623913618,25.258991492935827,68.48001062310917,93.01970399490952,74.76065977504479,peritumoral,5.0,50;100;200,TCGA-95-A4VP-01,TCGA-95-A4VP,Female,Stage IIIA,66,0:LIVING,19.88,0,III,matched
female_psg_negative,TCGA-97-7546,TCGA-97-7546-01Z-00-DX1.dad9871f-cdfb-424d-a5b2-4e0905c29137,TCGA-97-7546-01,TCGA-97-7546,7,48.92197808423817,1218993.004441056,1.218993004441056,8515.9375,0.006986042962490016,1210477.066941056,53475.38979043839,0.04386849604190996,67.08164247508418,94.97980223509333,99.93258267299271,34.81241053815927,margin-localized,5.0,50;100;200,TCGA-97-7546-01,TCGA-97-7546,Female,Stage IA,76,0:LIVING,42.21,0,I,matched
female_psg_negative,TCGA-97-7547,TCGA-97-7547-01Z-00-DX1.3563966f-21ee-4405-9106-9e0bf8df9f1a,TCGA-97-7547-01,TCGA-97-7547,9,147.84477377991342,13757552.088065939,13.757552088065939,818376.2218486429,0.059485598645019684,12939175.866217298,135279.83166697132,0.009833132435262269,45.9516151700001,87.75578249038458,98.91597073740182,63.068570074562494,peritumoral,5.0,50;100;200,TCGA-97-7547-01,TCGA-97-7547,Female,Stage IB,67,0:LIVING,64.55,0,I,matched
female_psg_negative,TCGA-97-7553,TCGA-97-7553-01Z-00-DX1.e31eec5e-0053-407a-b057-9b87555b122d,TCGA-97-7553-01,TCGA-97-7553,4,16.01904206559816,4338264.2211539075,4.338264221153907,70785.1875,0.016316476796144126,4267479.0336539075,154302.1778330898,0.035567722473124966,54.94995517892066,98.74776883309795,99.99761979728164,45.325558463189395,margin-localized,5.0,50;100;200,TCGA-97-7553-01,TCGA-97-7553,Female,Stage IA,58,0:LIVING,61.43,0,I,matched
female_psg_negative,TCGA-97-7554,TCGA-97-7554-01Z-00-DX1.4107ca63-4642-42b9-b6f2-13778ecaf9a7,TCGA-97-7554-01,TCGA-97-7554,3,327.60024118253097,21379579.693169862,21.379579693169863,8837900.24845998,0.413380448787935,12541679.444709878,1529235.5604936867,0.07152785894019384,58.242430883755084,77.78656699634764,86.09999166865259,25.86654451216861,immune-penetrated,5.0,50;100;200,TCGA-97-7554-01,TCGA-97-7554,Female,Stage IIIA,83,0:LIVING,25.46,0,III,matched
female_psg_negative,TCGA-97-7941,TCGA-97-7941-01Z-00-DX1.6845ef95-2231-44a2-aeae-004a117f1964,TCGA-97-7941-01,TCGA-97-7941,12,158.9444693752453,4441937.355079043,4.441937355079043,455724.15896994254,0.10259580956243204,3986213.1961091002,76614.77490057424,0.01724805389544061,49.88519192734831,89.08393234954632,98.12134348122454,45.3405516618402,margin-localized,5.0,50;100;200,TCGA-97-7941-01,TCGA-97-7941,Female,Stage IA,72,0:LIVING,15.9,0,I,matched
female_psg_negative,TCGA-97-8177,TCGA-97-8177-01Z-00-DX1.4c2ddf48-40d3-4fa0-8b5f-0485e8270ac7,TCGA-97-8177-01,TCGA-97-8177,10,330.1649740265871,23587218.454682786,23.587218454682787,6866966.256325237,0.2911308202583732,16720252.198357552,622563.3342180008,0.026394097100262488,60.62406720739055,85.84437838168446,93.32648371567993,32.38658094025981,margin-localized,5.0,50;100;200,TCGA-97-8177-01,TCGA-97-8177,Female,Stage IB,59,0:LIVING,16.39,0,I,matched
female_psg_negative,TCGA-97-8552,TCGA-97-8552-01Z-00-DX1.69631717-0E05-49C1-B112-15C2E36BC2F8,TCGA-97-8552-01,TCGA-97-8552,2,99.57421226296304,9497541.819263928,9.497541819263928,506093.7566874567,0.053286815295821424,8991448.06257647,462534.53358638287,0.048700447167099696,72.53735530718141,96.24190927486441,99.98017321589893,28.118610385294648,margin-localized,5.0,50;100;200,TCGA-97-8552-01,TCGA-97-8552,Female,Stage I,55,0:LIVING,20.57,0,I,matched
female_psg_negative,TCGA-97-A4M0,TCGA-97-A4M0-01Z-00-DX1.BDDFB04C-2475-485A-9A85-C4B9EB15155E,TCGA-97-A4M0-01,TCGA-97-A4M0,6,37.310259803172244,1605810.5575935554,1.6058105575935555,66990.15625,0.04171734700162296,1538820.4013435554,78213.15166169664,0.04870633792500763,56.273059589975404,86.57046569378328,99.64636216439484,44.10215414239989,margin-localized,5.0,50;100;200,TCGA-97-A4M0-01,TCGA-97-A4M0,Female,Stage IB,60,0:LIVING,21.42,0,I,matched
female_psg_negative,TCGA-97-A4M1,TCGA-97-A4M1-01Z-00-DX1.1C4B8247-BA3F-4841-BC9D-554F03F7894C,TCGA-97-A4M1-01,TCGA-97-A4M1,2,137.53512217161867,3185406.31382861,3.1854063138286097,579676.8125,0.1819789236881601,2605729.50132861,58663.73560175326,0.018416405890538976,77.72357179605936,98.95090395373771,100.0,32.880940527910695,margin-localized,5.0,50;100;200,TCGA-97-A4M1-01,TCGA-97-A4M1,Female,Stage IA,52,0:LIVING,19.74,0,I,matched
female_psg_negative,TCGA-97-A4M3,TCGA-97-A4M3-01Z-00-DX1.16330A66-2501-48D2-AF6A-713698BF6918,TCGA-97-A4M3-01,TCGA-97-A4M3,5,150.25096690413187,3852340.9406940066,3.8523409406940066,741443.375,0.19246566864521278,3110897.565694006,47294.88922824327,0.012276921995310988,69.11094432697404,88.1906502845476,98.07067179483514,36.053129198448225,margin-localized,5.0,50;100;200,TCGA-97-A4M3-01,TCGA-97-A4M3,Female,Stage IA,69,0:LIVING,17.74,0,I,matched
female_psg_negative,TCGA-97-A4M6,TCGA-97-A4M6-01Z-00-DX1.01D83621-3D8E-4339-9F9B-CBD3083D5AE0,TCGA-97-A4M6-01,TCGA-97-A4M6,9,84.86608067463396,2582691.512596912,2.582691512596912,148877.14256088834,0.05764418314566398,2433814.3700360237,182081.6895752535,0.07050075035565097,72.5247505135316,93.17750650922468,99.91750228181358,30.99880290027342,margin-localized,5.0,50;100;200,TCGA-97-A4M6-01,TCGA-97-A4M6,Female,Stage IA,45,0:LIVING,18.66,0,I,matched
female_psg_negative,TCGA-99-7458,TCGA-99-7458-01Z-00-DX1.10ea0b2c-c763-40d1-83a4-3d4ae957fdb0,TCGA-99-7458-01,TCGA-99-7458,2,7.684610974890038,267426.22431390936,0.2674262243139094,2509.21875,0.00938284476938446,264917.00556390936,18792.34375,0.07027113290109213,86.12191768682571,99.32305608951135,100.0,23.817010727629107,margin-localized,5.0,50;100;200,TCGA-99-7458-01,TCGA-99-7458,Female,Stage IIIA,74,0:LIVING,24.54,0,III,matched
female_psg_negative,TCGA-99-8025,TCGA-99-8025-01Z-00-DX1.76d4e012-91a7-4f1d-ba0f-4cecd812ec49,TCGA-99-8025-01,TCGA-99-8025,6,50.44349454914009,639579.5227769427,0.6395795227769427,17094.28125,0.026727374222019512,622485.2415269427,19420.412601893535,0.030364343932672348,60.9558843737159,91.67873816001126,99.9848633411308,44.064051391128345,margin-localized,5.0,50;100;200,TCGA-99-8025-01,TCGA-99-8025,Female,Stage IIIA,72,0:LIVING,34.82,0,III,matched
female_psg_negative,TCGA-99-8028,TCGA-99-8028-01Z-00-DX1.23de89b1-67f8-41fb-980a-010ea190d687,TCGA-99-8028-01,TCGA-99-8028,3,15.715111532871765,2279481.578371897,2.2794815783718967,187323.8701225151,0.08217827768378361,2092157.7082493817,205827.5070230005,0.09029575363798785,37.16923645351651,93.57323570332707,99.44823966487361,63.73949931921626,peritumoral,5.0,50;100;200,TCGA-99-8028-01,TCGA-99-8028,Female,Stage IA,50,0:LIVING,36.73,0,I,matched
female_psg_negative,TCGA-99-8033,TCGA-99-8033-01Z-00-DX1.06f8ca81-c0a7-4ab5-b2fe-d5fc6671e29d,TCGA-99-8033-01,TCGA-99-8033,3,6.61731164615956,383937.5325531626,0.3839375325531626,2194.125,0.005714796845750387,381743.40755316254,4993.402352840131,0.01300576768213905,51.45037033120347,90.71478841701807,99.99225948299392,57.30578613892318,peritumoral,5.0,50;100;200,TCGA-99-8033-01,TCGA-99-8033,Female,Stage IV,74,1:DECEASED,21.55,1,IV,matched
female_psg_negative,TCGA-99-AA5R,TCGA-99-AA5R-01Z-00-DX1.4DE7FC30-D338-49CE-B8D9-EB0F34A3DD0B,TCGA-99-AA5R-01,TCGA-99-AA5R,3,18.054594780697137,3651981.7537354077,3.6519817537354076,5213.40625,0.0014275553936345653,3646768.3474854077,58376.56739442414,0.01598490116625419,36.06335673358772,83.47442212466822,99.99376224537096,62.86953256546449,peritumoral,5.0,50;100;200,TCGA-99-AA5R-01,TCGA-99-AA5R,Female,Stage IA,70,0:LIVING,21.62,0,I,matched
female_psg_negative,TCGA-J2-8194,TCGA-J2-8194-01Z-00-DX1.7700924D-B6AF-46A7-A7D7-B5C17A66C5F7,TCGA-J2-8194-01,TCGA-J2-8194,9,388.3219825995908,13830012.194483021,13.830012194483022,7685886.111606863,0.5557396482031207,6144126.082876157,488998.34317466797,0.03535776659472043,39.870592778074204,56.51770882406667,67.03497027833485,34.55113963388183,immune-penetrated,5.0,50;100;200,TCGA-J2-8194-01,TCGA-J2-8194,Female,Stage IIB,69,0:LIVING,23.78,0,II,matched
female_psg_negative,TCGA-J2-A4AE,TCGA-J2-A4AE-01Z-00-DX1.42C5DE4A-7787-4E59-8969-D12503262C96,TCGA-J2-A4AE-01,TCGA-J2-A4AE,7,61.27587703847541,5166476.920480363,5.166476920480363,435002.96875,0.08419721513234879,4731473.951730363,123890.20299347436,0.023979629620014917,66.59753465779264,95.49749591668198,99.53614770267247,31.879166394371104,margin-localized,5.0,50;100;200,TCGA-J2-A4AE-01,TCGA-J2-A4AE,Female,Stage IA,77,0:LIVING,35.45,0,I,matched
female_psg_negative,TCGA-J2-A4AG,TCGA-J2-A4AG-01Z-00-DX1.487780B8-18E7-494A-8054-5637239870EB,TCGA-J2-A4AG-01,TCGA-J2-A4AG,2,94.00619279136107,10195117.972664036,10.195117972664036,976189.0443023406,0.09575063740505765,9218928.928361695,585165.2320446628,0.057396612144523934,65.00590968509312,94.1156191169428,99.60258129777021,33.54550314498204,margin-localized,5.0,50;100;200,TCGA-J2-A4AG-01,TCGA-J2-A4AG,Female,Stage IA,66,0:LIVING,32.46,0,I,matched
female_psg_negative,TCGA-L4-A4E5,TCGA-L4-A4E5-01Z-00-DX1.C2A5EF71-1F40-4E34-AC30-58D7121C1338,TCGA-L4-A4E5-01,TCGA-L4-A4E5,4,178.97806374855693,17803783.24922955,17.80378324922955,1375471.9487300222,0.07725728455998503,16428311.300499532,1505532.8133578042,0.08456252203716058,59.98939154936702,88.8333579290698,99.08620538151112,39.875,margin-localized,5.0,50;100;200,TCGA-L4-A4E5-01,TCGA-L4-A4E5,Female,Stage I,48,0:LIVING,18.99,0,I,matched
female_psg_negative,TCGA-L9-A443,TCGA-L9-A443-01Z-00-DX1.9F68A13A-2865-41BF-88A7-B0DF75961C6F,TCGA-L9-A443-01,TCGA-L9-A443,5,95.89097339021613,1670737.1873522275,1.6707371873522274,555683.5,0.33259779228392183,1115053.6873522275,71909.3460883913,0.04304048933174986,70.84005663768991,94.26972283004183,99.82567949513259,26.278853190350603,immune-penetrated,5.0,50;100;200,TCGA-L9-A443-01,TCGA-L9-A443,Female,Stage IA,63,1:DECEASED,6.34,1,I,matched
female_psg_negative,TCGA-L9-A444,TCGA-L9-A444-01Z-00-DX1.88CF6F01-0C1F-4572-81E3-1A5790692861,TCGA-L9-A444-01,TCGA-L9-A444,8,131.2127203921154,21969553.61455966,21.96955361455966,6587565.310563114,0.2998497569016333,15381988.30399655,476048.9840467494,0.021668577905527505,62.207959853266146,86.13100663802442,98.4013138684144,37.24181957155155,immune-penetrated,5.0,50;100;200,TCGA-L9-A444-01,TCGA-L9-A444,Female,Stage IA,60,0:LIVING,10.09,0,I,matched
female_psg_negative,TCGA-L9-A8F4,TCGA-L9-A8F4-01Z-00-DX1.E2BBB8DE-94E2-4781-9B55-8A4CFBF8A69D,TCGA-L9-A8F4-01,TCGA-L9-A8F4,21,175.70773361528637,15014144.736332279,15.014144736332279,526614.2026441811,0.03507453883602462,14487530.533688096,615173.1462911839,0.040972906355601114,54.09671537482465,89.74341998941678,99.88891319923576,45.43767193915199,margin-localized,5.0,50;100;200,TCGA-L9-A8F4-01,TCGA-L9-A8F4,Female,Stage IB,64,0:LIVING,15.64,0,I,matched
female_psg_negative,TCGA-MP-A4T6,TCGA-MP-A4T6-01Z-00-DX1.085C4F5A-DB1B-434A-9D62-E2187D133B0A,TCGA-MP-A4T6-01,TCGA-MP-A4T6,7,329.4707520746841,8295769.521902053,8.295769521902052,2969425.0947777107,0.35794450254891863,5326344.427124343,81561.34597873235,0.00983167935938895,39.76244929408262,74.7501443489267,89.8777219540294,52.009914920138065,immune-penetrated,5.0,50;100;200,TCGA-MP-A4T6-01,TCGA-MP-A4T6,Female,Stage IIIA,76,1:DECEASED,58.8,1,III,matched
female_psg_negative,TCGA-MP-A4TH,TCGA-MP-A4TH-01Z-00-DX1.E89D2C19-F9B2-4BF2-AA5F-6104CBC076D1,TCGA-MP-A4TH-01,TCGA-MP-A4TH,14,186.06399916691896,17705446.259434868,17.70544625943487,5089932.089284055,0.28747832812018137,12615514.170150805,246692.98608149766,0.013933169628528287,49.592255924784276,73.83325534322923,81.59607685800006,38.84878611388752,immune-penetrated,5.0,50;100;200,TCGA-MP-A4TH-01,TCGA-MP-A4TH,Female,Stage IA,70,0:LIVING,24.34,0,I,matched
female_psg_negative,TCGA-MP-A4TJ,TCGA-MP-A4TJ-01Z-00-DX1.14EDBE5C-5D0C-4002-BE95-AF5C9D9F3D43,TCGA-MP-A4TJ-01,TCGA-MP-A4TJ,9,182.42635496642268,29047236.360776372,29.047236360776374,2746894.236954584,0.09456645729863042,26300342.123821788,521085.65237904026,0.017939250602259798,43.58642124887731,82.2278191349057,97.02747587782368,53.522483593346074,peritumoral,5.0,50;100;200,TCGA-MP-A4TJ-01,TCGA-MP-A4TJ,Female,Stage IA,62,1:DECEASED,11.14,1,I,matched
female_psg_negative,TCGA-MP-A5C7,TCGA-MP-A5C7-01Z-00-DX1.26E5FA5A-3E6D-4CD3-8FA2-F331B7012311,TCGA-MP-A5C7-01,TCGA-MP-A5C7,4,96.72945017995657,2360490.233993171,2.3604902339931706,641030.2576117234,0.27156657900139314,1719459.9763814474,51434.428354626056,0.0217897230049607,43.79111969623985,71.10790991825546,90.8516577560319,46.68277251834985,peritumoral,5.0,50;100;200,TCGA-MP-A5C7-01,TCGA-MP-A5C7,Female,Stage IB,76,0:LIVING,73.85,0,I,matched
female_psg_negative,TCGA-NJ-A4YF,TCGA-NJ-A4YF-01Z-00-DX1.4A3DE76A-9F1E-4766-A013-5E7E3A665071,TCGA-NJ-A4YF-01,TCGA-NJ-A4YF,16,299.0373904566422,14712135.4689297,14.7121354689297,1112303.9586655675,0.07560452124809634,13599831.510264134,566581.426717286,0.03851116161306693,69.21417751795609,93.96247393338909,99.17810126587412,33.50023320814349,margin-localized,5.0,50;100;200,TCGA-NJ-A4YF-01,TCGA-NJ-A4YF,Female,Stage IA,50,0:LIVING,70.99,0,I,matched
female_psg_negative,TCGA-NJ-A4YI,TCGA-NJ-A4YI-01Z-00-DX1.C4111D01-27BF-486F-8E0E-C8053DB16133,TCGA-NJ-A4YI-01,TCGA-NJ-A4YI,11,370.1858085441015,13829365.536366664,13.829365536366664,2609246.44938899,0.18867434247272832,11220119.086977674,655180.3542621253,0.047376024051082995,68.41594151258678,90.1481630743385,99.06616824663772,29.862706675718464,margin-localized,5.0,50;100;200,TCGA-NJ-A4YI-01,TCGA-NJ-A4YI,Female,Stage IIIA,87,1:DECEASED,0.13,1,III,matched
female_psg_negative,TCGA-NJ-A55A,TCGA-NJ-A55A-01Z-00-DX1.42C356FE-52A3-4A60-886B-75F84ADBC534,TCGA-NJ-A55A-01,TCGA-NJ-A55A,6,73.24787491981536,4385075.681932993,4.385075681932993,296919.05005714286,0.06771127150221896,4088156.6318758503,24860.152467079446,0.005669264174733878,49.542265333047645,86.82279844505763,97.96207313349134,49.02837188812209,margin-localized,5.0,50;100;200,TCGA-NJ-A55A-01,TCGA-NJ-A55A,Female,Stage IB,76,0:LIVING,0.49,0,I,matched
female_psg_negative,TCGA-NJ-A55O,TCGA-NJ-A55O-01Z-00-DX1.8E23C821-B8BB-4D89-9E38-E97424A685CE,TCGA-NJ-A55O-01,TCGA-NJ-A55O,10,55.83756086399853,3273543.7033489086,3.2735437033489085,108208.55114734659,0.03305547777982827,3165335.1522015617,244106.040122831,0.07456935426678589,74.87446092449832,94.6883752971806,99.92917029451905,26.703595848686746,margin-localized,5.0,50;100;200,TCGA-NJ-A55O-01,TCGA-NJ-A55O,Female,Stage IIA,56,0:LIVING,0.43,0,II,matched
female_psg_negative,TCGA-O1-A52J,TCGA-O1-A52J-01Z-00-DX1.26F6ECCA-D614-4950-98E6-4D76E82F71B4,TCGA-O1-A52J-01,TCGA-O1-A52J,5,93.46838138224216,9568304.054765685,9.568304054765685,408394.9516634701,0.04268206249780084,9159909.103102215,729412.8356285931,0.07623219657879649,79.83499082570931,98.0394007354859,99.99499025127031,31.375,margin-localized,5.0,50;100;200,TCGA-O1-A52J-01,TCGA-O1-A52J,Female,Stage IA,74,1:DECEASED,59.07,1,I,matched
female_psg_negative,TCGA-S2-AA1A,TCGA-S2-AA1A-01Z-00-DX1.4B5D5FAE-8305-4D2D-B245-584589352886,TCGA-S2-AA1A-01,TCGA-S2-AA1A,9,122.52728615631095,5326934.446952071,5.326934446952071,55330.63152030126,0.01038695558792918,5271603.815431771,147253.56732217935,0.027643209952852694,54.04734119250253,87.56410043798596,99.53846361319181,47.80330793993236,margin-localized,5.0,50;100;200,TCGA-S2-AA1A-01,TCGA-S2-AA1A,Female,Stage IA,68,0:LIVING,16.85,0,I,matched
female_psg_positive,TCGA-05-4250,TCGA-05-4250-01Z-00-DX1.90f67fdf-dff9-46ca-af71-0978d7c221ba,TCGA-05-4250-01,TCGA-05-4250,1,57.225166085708665,1565790.3978465768,1.5657903978465768,206756.53125,0.13204611008877762,1359033.8665965768,20596.259287500485,0.013153905730822217,39.30775816671364,75.3050826856926,90.87240505025908,58.48360480724491,peritumoral,5.0,50;100;200,TCGA-05-4250-01,TCGA-05-4250,Female,Stage IIIA,79,1:DECEASED,3.98,1,III,matched
female_psg_positive,TCGA-05-4398,TCGA-05-4398-01Z-00-DX1.269bc75f-492e-48b1-87ee-85924aa80e74,TCGA-05-4398-01,TCGA-05-4398,4,129.47345227337095,6865732.603520585,6.865732603520585,1210643.217858751,0.17633125083228,5655089.385661833,162218.20643635886,0.02362722462467839,59.91875106383133,85.16391125769222,94.32752085656386,32.63673160719376,margin-localized,5.0,50;100;200,TCGA-05-4398-01,TCGA-05-4398,Female,Stage IIIB,47,0:LIVING,47.01,0,III,matched
female_psg_positive,TCGA-05-4402,TCGA-05-4402-01Z-00-DX1.c653ddc2-88c1-45ac-88e7-4e512b8e8d53,TCGA-05-4402-01,TCGA-05-4402,2,110.13221406664293,2225828.0285947025,2.2258280285947025,845291.34375,0.3797648932849869,1380536.6848447025,71800.90625,0.032258065460399554,51.31168555690362,71.57432508706435,86.34359062807232,29.107827555487546,immune-penetrated,5.0,50;100;200,TCGA-05-4402-01,TCGA-05-4402,Female,Stage IV,57,1:DECEASED,8.02,1,IV,matched
female_psg_positive,TCGA-38-4627,TCGA-38-4627-01Z-00-DX1.fe406eb9-b38b-410d-aa1a-84ab8ac091c7,TCGA-38-4627-01,TCGA-38-4627,19,64.39493878329648,3642740.3458234803,3.6427403458234804,60102.79393891887,0.016499335179854,3582637.5518845613,183726.25645165014,0.05043627571816867,55.07419613988759,93.8784042981083,99.53905078839414,37.40028408983012,margin-localized,5.0,50;100;200,TCGA-38-4627-01,TCGA-38-4627,Female,Stage IIA,64,1:DECEASED,37.68,1,II,matched
female_psg_positive,TCGA-38-4628,TCGA-38-4628-01Z-00-DX1.eee4f100-142f-4d9c-8e38-b16aab123413,TCGA-38-4628-01,TCGA-38-4628,6,47.66744793575794,549290.2476193026,0.5492902476193026,63219.125,0.11509238562672493,486071.12261930254,24489.90625,0.04458463691307561,64.82557503931005,98.01648339858893,100.0,28.625,margin-localized,5.0,50;100;200,TCGA-38-4628-01,TCGA-38-4628,Female,Stage IIB,65,1:DECEASED,49.01,1,II,matched
female_psg_positive,TCGA-38-4630,TCGA-38-4630-01Z-00-DX1.d08d0193-c5ed-4db8-b236-1a4c3c3177b8,TCGA-38-4630-01,TCGA-38-4630,5,163.80485982542783,5288482.5377356615,5.2884825377356615,2675136.71875,0.5058420255076417,2613345.8189856615,132798.37329266118,0.025110865422186057,37.95240228889219,50.9783740375568,59.93022660792759,39.568966691082544,immune-penetrated,5.0,50;100;200,TCGA-38-4630-01,TCGA-38-4630,Female,Stage IB,75,1:DECEASED,35.25,1,I,matched
female_psg_positive,TCGA-38-4631,TCGA-38-4631-01Z-00-DX1.5e0c873a-9c4c-4e0b-bf2e-e3cd8b760761,TCGA-38-4631-01,TCGA-38-4631,3,68.4997829138872,2494023.2381631224,2.4940232381631224,257787.07063720352,0.1033619361249684,2236236.167525919,111365.4751490081,0.0446529420596057,51.99742652661825,90.60116375542626,96.12196250740493,40.70952744751528,margin-localized,5.0,50;100;200,TCGA-38-4631-01,TCGA-38-4631,Female,Stage IB,72,1:DECEASED,11.63,1,I,matched
female_psg_positive,TCGA-44-3918,TCGA-44-3918-01Z-00-DX1.6da70a8b-6307-423a-9d2d-380c16962855,TCGA-44-3918-01,TCGA-44-3918,4,127.69387272434214,7216726.157086107,7.216726157086107,552916.40625,0.07661596050822728,6663809.750836107,306394.93373476644,0.042456222817034164,76.89921330693753,94.11106518322372,99.86919977973841,28.919338253148187,margin-localized,5.0,50;100;200,TCGA-44-3918-01,TCGA-44-3918,Female,Stage IA,60,0:LIVING,34.03,0,I,matched
female_psg_positive,TCGA-44-6777,TCGA-44-6777-01Z-00-DX1.aca7b23d-a601-4476-8bfd-eb46f0b6a96e,TCGA-44-6777-01,TCGA-44-6777,9,118.91867920077058,7868352.928790517,7.868352928790517,625563.343189092,0.07950372191620164,7242789.585601426,339307.0765734893,0.043123011848128404,58.62375617206862,90.65794635017731,99.46626154665302,41.48931526610195,margin-localized,5.0,50;100;200,TCGA-44-6777-01,TCGA-44-6777,Female,Stage IB,85,1:DECEASED,32.42,1,I,matched
female_psg_positive,TCGA-44-7661,TCGA-44-7661-01Z-00-DX1.baf72abd-edb9-4f56-beb3-f5138aa50930,TCGA-44-7661-01,TCGA-44-7661,2,4.9885535266206595,233.5,0.0002335,0.0,0.0,233.5,10.21875,0.04376338329764454,100.0,100.0,100.0,10.915155747858114,immune-desert,5.0,50;100;200,TCGA-44-7661-01,TCGA-44-7661,Female,Stage IB,69,1:DECEASED,18.3,1,I,matched
female_psg_positive,TCGA-44-7670,TCGA-44-7670-01Z-00-DX1.2a981dd6-0063-438e-b20e-b180b16e2b23,TCGA-44-7670-01,TCGA-44-7670,6,72.96298797998882,4141909.0333618904,4.14190903336189,436741.34375,0.10544445574061952,3705167.689611891,117619.00440270183,0.02839729300071886,53.164140581740746,83.10538537002782,99.94283786959292,38.41208509375662,margin-localized,5.0,50;100;200,TCGA-44-7670-01,TCGA-44-7670,Female,Stage IIA,47,0:LIVING,28.98,0,II,matched
female_psg_positive,TCGA-44-A479,TCGA-44-A479-01Z-00-DX1.CA5654C6-A623-452E-A8AC-DB6279CA97B1,TCGA-44-A479-01,TCGA-44-A479,7,127.84849240307612,36721761.31037304,36.72176131037304,6432305.625938058,0.17516331996093776,30289455.684434965,2878936.6813455718,0.07839865460190602,55.408058255946344,90.21166039804473,99.97439494528236,54.22626929127616,immune-penetrated,5.0,50;100;200,TCGA-44-A479-01,TCGA-44-A479,Female,Stage IB,73,0:LIVING,15.97,0,I,matched
female_psg_positive,TCGA-49-4490,TCGA-49-4490-01Z-00-DX1.bde106d9-1494-4775-b77d-11c86bb09b72,TCGA-49-4490-01,TCGA-49-4490,7,118.39363028643415,7211574.353451188,7.211574353451188,1141071.7822709433,0.15822783297309684,6070502.571180244,665858.8506784063,0.09233196775677024,75.82049526608773,94.35746136846859,99.36456112762025,25.125,margin-localized,5.0,50;100;200,TCGA-49-4490-01,TCGA-49-4490,Female,Stage IIIA,45,1:DECEASED,12.65,1,III,matched
female_psg_positive,TCGA-49-4490,TCGA-49-4490-01Z-00-DX2.1b491bd7-60d2-40a6-96cd-01385bce2b0f,TCGA-49-4490-01,TCGA-49-4490,17,150.80124623396728,10995576.78882196,10.99557678882196,1730469.4118055764,0.1573786846329664,9265107.377016382,1232094.4374209372,0.11205364312252153,82.6900506868015,92.2181093927486,98.18866613491205,20.032005640973647,margin-localized,5.0,50;100;200,TCGA-49-4490-01,TCGA-49-4490,Female,Stage IIIA,45,1:DECEASED,12.65,1,III,matched
female_psg_positive,TCGA-49-4490,TCGA-49-4490-01Z-00-DX3.0949a10a-0a1f-49dc-9296-ab4d4f0bf988,TCGA-49-4490-01,TCGA-49-4490,10,178.672151292485,9451682.168757664,9.451682168757664,1769004.6259117858,0.18716294034507353,7682677.542845877,910151.4859414077,0.09629518531102266,74.58303233687323,91.66995401571295,98.61522899035687,21.3421714277156,margin-localized,5.0,50;100;200,TCGA-49-4490-01,TCGA-49-4490,Female,Stage IIIA,45,1:DECEASED,12.65,1,III,matched
female_psg_positive,TCGA-49-4490,TCGA-49-4490-01Z-00-DX4.4e94aeb6-f616-4bdd-82bc-2ca2f2b5a5c4,TCGA-49-4490-01,TCGA-49-4490,21,119.43606662168102,3308742.3474624553,3.3087423474624553,217224.1424092347,0.06565157379988457,3091518.2050532205,346457.0306746581,0.10470958276348212,69.16918816013745,88.51912513919305,97.22553762257802,21.17818748146309,margin-localized,5.0,50;100;200,TCGA-49-4490-01,TCGA-49-4490,Female,Stage IIIA,45,1:DECEASED,12.65,1,III,matched
female_psg_positive,TCGA-49-4490,TCGA-49-4490-01Z-00-DX5.feea87ff-61c6-465e-8b36-4803f6af3d62,TCGA-49-4490-01,TCGA-49-4490,20,189.05516742990545,11420450.728898497,11.420450728898498,1185106.433807936,0.10377054828572774,10235344.295090562,963541.08724656,0.0843697950386844,81.71507552922172,96.78402653969694,99.61434193984809,19.94132016692977,margin-localized,5.0,50;100;200,TCGA-49-4490-01,TCGA-49-4490,Female,Stage IIIA,45,1:DECEASED,12.65,1,III,matched
female_psg_positive,TCGA-49-4490,TCGA-49-4490-01Z-00-DX6.0a04ad8e-7f33-4496-bd9e-0110ec33f887,TCGA-49-4490-01,TCGA-49-4490,9,187.51471684093602,11315334.811571393,11.315334811571393,4321668.8125,0.38193026405904795,6993665.999071392,536814.5254056772,0.04744132934155115,49.50232416570087,68.23783008726451,79.31268813758312,30.131223423551855,immune-penetrated,5.0,50;100;200,TCGA-49-4490-01,TCGA-49-4490,Female,Stage IIIA,45,1:DECEASED,12.65,1,III,matched
female_psg_positive,TCGA-49-4505,TCGA-49-4505-01Z-00-DX1.d49d603e-1f76-43a1-a803-9f2d6a6df715,TCGA-49-4505-01,TCGA-49-4505,4,80.99329912938845,6903535.21112375,6.903535211123749,644877.1555581325,0.09341259743544643,6258658.055565617,817098.5892089227,0.11835944399795656,75.30269354625854,96.62998612147152,98.97469833518066,21.35900351725239,margin-localized,5.0,50;100;200,TCGA-49-4505-01,TCGA-49-4505,Female,Stage IIB,61,1:DECEASED,14.06,1,II,matched
female_psg_positive,TCGA-49-4505,TCGA-49-4505-01Z-00-DX2.48df81e7-5a8e-4c5b-993a-6a54481a35e9,TCGA-49-4505-01,TCGA-49-4505,8,109.82981248062565,7688632.690888004,7.688632690888005,1504284.2523659656,0.19565042483414918,6184348.438522039,793185.4998899598,0.10316340131971505,69.58759868157779,93.14695782790099,99.76343342974849,24.164152168036022,margin-localized,5.0,50;100;200,TCGA-49-4505-01,TCGA-49-4505,Female,Stage IIB,61,1:DECEASED,14.06,1,II,matched
female_psg_positive,TCGA-49-4505,TCGA-49-4505-01Z-00-DX3.d3f8d0c4-e4bc-4201-9b2f-e010f51dd8c3,TCGA-49-4505-01,TCGA-49-4505,7,54.553845439299884,5678379.360555012,5.678379360555012,694109.990827874,0.12223734040200351,4984269.3697271375,595888.1201462769,0.10493982214108957,77.76849593836694,95.10158112038125,99.48625388515133,24.56790652965775,margin-localized,5.0,50;100;200,TCGA-49-4505-01,TCGA-49-4505,Female,Stage IIB,61,1:DECEASED,14.06,1,II,matched
female_psg_positive,TCGA-49-4505,TCGA-49-4505-01Z-00-DX4.623c4278-fc3e-4c80-bb4d-000e24fbb1c2,TCGA-49-4505-01,TCGA-49-4505,4,111.81855293522867,8756387.025109854,8.756387025109854,1383589.880719192,0.15800921964180017,7372797.144390663,921033.9844649751,0.10518424800363597,74.61854354928084,92.82822067288681,99.14190423524278,19.38507802408853,margin-localized,5.0,50;100;200,TCGA-49-4505-01,TCGA-49-4505,Female,Stage IIB,61,1:DECEASED,14.06,1,II,matched
female_psg_positive,TCGA-49-4506,TCGA-49-4506-01Z-00-DX1.b13b8ef2-fd06-4309-a767-696a9afeaedd,TCGA-49-4506-01,TCGA-49-4506,3,197.5882815118021,23634557.32988473,23.634557329884732,944557.2891281031,0.03996509331417674,22690000.040756628,2265989.3517962173,0.09587610718356826,82.37716641636034,98.37770922067062,99.9649998412743,25.928085640864424,margin-localized,5.0,50;100;200,TCGA-49-4506-01,TCGA-49-4506,Female,Stage IIB,68,1:DECEASED,32.82,1,II,matched
female_psg_positive,TCGA-49-4506,TCGA-49-4506-01Z-00-DX2.81e180ae-bd9f-49cc-9a0f-297800cc7280,TCGA-49-4506-01,TCGA-49-4506,16,200.73181284566533,4383076.114866087,4.383076114866087,597677.1845545113,0.13636021116023256,3785398.930311576,516397.19599545735,0.11781615980703417,80.34954225112159,95.03268978992743,98.27769783332215,20.46414547446338,margin-localized,5.0,50;100;200,TCGA-49-4506-01,TCGA-49-4506,Female,Stage IIB,68,1:DECEASED,32.82,1,II,matched
female_psg_positive,TCGA-49-4506,TCGA-49-4506-01Z-00-DX3.a05a3969-bbef-48d8-86de-f51c8870afd6,TCGA-49-4506-01,TCGA-49-4506,12,256.7712672797894,23797513.764178224,23.797513764178223,1985459.5772467074,0.08343138686341965,21812054.186931517,2277391.014584994,0.09569869513062709,79.4134953175485,96.303497169329,98.97749606809188,20.125,margin-localized,5.0,50;100;200,TCGA-49-4506-01,TCGA-49-4506,Female,Stage IIB,68,1:DECEASED,32.82,1,II,matched
female_psg_positive,TCGA-49-4506,TCGA-49-4506-01Z-00-DX4.9460a2c1-efe2-4095-9b0e-dfe0eda684ba,TCGA-49-4506-01,TCGA-49-4506,4,124.3506311699824,1812702.0434192356,1.8127020434192356,184730.3125,0.10190881241108427,1627971.7309192356,313839.04701133707,0.17313327810860388,82.12611048048323,93.06256064940155,97.65933470160029,11.935372847129662,margin-localized,5.0,50;100;200,TCGA-49-4506-01,TCGA-49-4506,Female,Stage IIB,68,1:DECEASED,32.82,1,II,matched
female_psg_positive,TCGA-49-4507,TCGA-49-4507-01Z-00-DX2.a7bfbeee-00ea-4301-ace4-ce591807e2d3,TCGA-49-4507-01,TCGA-49-4507,4,146.7341423316342,5378096.24983339,5.37809624983339,1445659.0,0.26880496979666096,3932437.2498333897,576304.3178987439,0.10715768017662336,66.31356948280572,79.53989249623672,83.88606842008735,23.044115300874537,immune-penetrated,5.0,50;100;200,TCGA-49-4507-01,TCGA-49-4507,Female,Stage IIIA,73,1:DECEASED,8.8,1,III,matched
female_psg_positive,TCGA-49-6743,TCGA-49-6743-01Z-00-DX4.5ea81023-1372-48ed-88a8-374e2394d7f7,TCGA-49-6743-01,TCGA-49-6743,8,23.364952554576032,5095434.410982072,5.095434410982072,277121.82722499984,0.054386300533616046,4818312.583757072,261785.90638177193,0.05137656287313812,61.06407371966931,92.80298671716736,99.95258349328311,37.01763680010149,margin-localized,5.0,50;100;200,TCGA-49-6743-01,TCGA-49-6743,Female,Stage IIIA,81,0:LIVING,53.25,0,III,matched
female_psg_positive,TCGA-49-6761,TCGA-49-6761-01Z-00-DX1.10c577a2-f65c-4517-8a25-83d44e380f8f,TCGA-49-6761-01,TCGA-49-6761,6,132.28878487309882,5926566.454937866,5.926566454937866,239931.22428774976,0.04048401821055176,5686635.230650116,527738.9437941159,0.08904632181326796,68.84008111035955,93.78849429823431,99.86862697838365,28.953087054751173,margin-localized,5.0,50;100;200,TCGA-49-6761-01,TCGA-49-6761,Female,Stage IIIA,68,0:LIVING,11.63,0,III,matched
female_psg_positive,TCGA-49-6767,TCGA-49-6767-01Z-00-DX1.53459c0e-b8ec-4893-9910-87b63c503134,TCGA-49-6767-01,TCGA-49-6767,12,199.82771865895913,23143279.585227203,23.1432795852272,10354211.95862881,0.44739605380899,12789067.626598394,880667.5225651715,0.03805284032118414,40.15177393716079,60.337405639241915,67.52803885436634,35.75764915533201,immune-penetrated,5.0,50;100;200,TCGA-49-6767-01,TCGA-49-6767,Female,Stage IIB,46,0:LIVING,22.24,0,II,matched
female_psg_positive,TCGA-49-AAQV,TCGA-49-AAQV-01Z-00-DX1.4CC37621-C952-4684-96E3-9B97CDAD8056,TCGA-49-AAQV-01,TCGA-49-AAQV,9,143.05170065442832,13952322.039153898,13.952322039153898,1168619.9243980197,0.08375809568604879,12783702.11475588,640341.1106672384,0.04589494916116989,81.7759386524382,94.78704858349478,99.89239211737217,26.773646090885716,margin-localized,5.0,50;100;200,TCGA-49-AAQV-01,TCGA-49-AAQV,Female,Stage II,63,1:DECEASED,22.24,1,II,matched
female_psg_positive,TCGA-49-AARE,TCGA-49-AARE-01Z-00-DX1.3559B3A9-6699-472F-B731-1BD9F93EE82A,TCGA-49-AARE-01,TCGA-49-AARE,11,64.75160682718455,4585519.864194359,4.585519864194358,257791.25476146408,0.05621854498426779,4327728.609432894,192926.54306507335,0.042072992545844984,62.631083581503376,91.7277299638533,98.18597773554662,42.99890986990252,margin-localized,5.0,50;100;200,TCGA-49-AARE-01,TCGA-49-AARE,Female,Stage IA,51,1:DECEASED,40.37,1,I,matched
female_psg_positive,TCGA-49-AARO,TCGA-49-AARO-01Z-00-DX1.FB8C82DC-F823-43CF-A8EA-1208C767AF54,TCGA-49-AARO-01,TCGA-49-AARO,13,50.489741602168245,7772270.200757645,7.772270200757645,505976.71875,0.06510024814894844,7266293.482007647,413143.7283515326,0.05315612011420539,62.990172811289845,90.28919445469748,99.50147623166681,32.734251938909495,margin-localized,5.0,50;100;200,TCGA-49-AARO-01,TCGA-49-AARO,Female,Stage IA,39,0:LIVING,123.49,0,I,matched
female_psg_positive,TCGA-50-5931,TCGA-50-5931-01Z-00-DX1.34261ED6-7815-487C-A50C-2DAD587187B9,TCGA-50-5931-01,TCGA-50-5931,8,164.5157431906153,1671878.046155717,1.671878046155717,99501.03125,0.05951452707856933,1572377.0149057168,39111.34375,0.023393658311341454,58.124864181251986,89.19279086509727,98.41448794611331,42.308622422031185,margin-localized,5.0,50;100;200,TCGA-50-5931-01,TCGA-50-5931,Female,Stage IB,75,1:DECEASED,14.26,1,I,matched
female_psg_positive,TCGA-50-6590,TCGA-50-6590-01Z-00-DX1.B08B2656-3DC7-4D35-A54D-9C57A7A773B3,TCGA-50-6590-01,TCGA-50-6590,5,89.69307461581077,2811408.558849758,2.811408558849758,413667.1779297928,0.14713876310422772,2397741.380919965,307209.47051511775,0.10927243909394922,65.58378474043137,91.16666163620616,96.78334102933024,21.367780213442856,margin-localized,5.0,50;100;200,TCGA-50-6590-01,TCGA-50-6590,Female,Stage IB,72,1:DECEASED,42.31,1,I,matched
female_psg_positive,TCGA-50-6594,TCGA-50-6594-01Z-00-DX1.43b2005a-4245-4025-ad85-4a957f308a5c,TCGA-50-6594-01,TCGA-50-6594,9,119.95741638956112,5506852.544525313,5.506852544525313,598478.3405563631,0.10867883890432943,4908374.20396895,399028.8142454458,0.07246041382425318,67.50383211952357,82.48950806212456,96.3429105994322,23.560096031213455,margin-localized,5.0,50;100;200,TCGA-50-6594-01,TCGA-50-6594,Female,Stage IIIA,79,1:DECEASED,12.16,1,III,matched
female_psg_positive,TCGA-50-6597,TCGA-50-6597-01Z-00-DX1.ec7fc0b2-78a1-4384-bddd-e89f02ee5eb6,TCGA-50-6597-01,TCGA-50-6597,3,99.96448213524856,11288895.446053034,11.288895446053033,4355264.475446014,0.3858007629053519,6933630.970607022,102607.1875,0.009089214085676985,41.87570603245352,66.94688189343397,74.67674479663184,40.013523104695494,immune-penetrated,5.0,50;100;200,TCGA-50-6597-01,TCGA-50-6597,Female,Stage IB,79,1:DECEASED,41.66,1,I,matched
female_psg_positive,TCGA-50-6673,TCGA-50-6673-01Z-00-DX1.e24fb432-3fff-4f00-a316-16d05275c1e7,TCGA-50-6673-01,TCGA-50-6673,1,76.25260929835731,5527324.0592025425,5.5273240592025425,2359765.40625,0.4269272763772885,3167558.6529525435,106491.27035421375,0.019266333801600522,38.28027932271388,84.02172384466024,99.96509863020131,42.892671285430566,immune-penetrated,5.0,50;100;200,TCGA-50-6673-01,TCGA-50-6673,Female,Stage I,84,1:DECEASED,0.72,1,I,matched
female_psg_positive,TCGA-53-7624,TCGA-53-7624-01Z-00-DX1.51b4de19-3531-4bcb-b822-fa966480f2ad,TCGA-53-7624-01,TCGA-53-7624,4,234.32385247949907,6675749.61384096,6.67574961384096,1485634.204709962,0.22254193021706029,5190115.409130998,215870.7207212081,0.032336551429915705,50.74072332974272,78.72788797317456,87.46176151278156,42.78087335480659,peritumoral,5.0,50;100;200,TCGA-53-7624-01,TCGA-53-7624,Female,Stage IV,40,1:DECEASED,34.26,1,IV,matched
female_psg_positive,TCGA-53-7626,TCGA-53-7626-01Z-00-DX1.FD4CAF75-07B5-4117-83DD-99233DAA3EBC,TCGA-53-7626-01,TCGA-53-7626,8,101.08228199307707,12155007.273270404,12.155007273270403,220654.65625,0.018153395657379237,11934352.617020404,101957.16488086832,0.0083880792984039,40.46057306405157,78.22311998436761,99.58797226659804,60.35752852793096,peritumoral,5.0,50;100;200,TCGA-53-7626-01,TCGA-53-7626,Female,Stage IIA,76,1:DECEASED,30.52,1,II,matched
female_psg_positive,TCGA-53-7813,TCGA-53-7813-01Z-00-DX1.97c5eff3-ceeb-499b-b2e1-bcd3cd60c5e7,TCGA-53-7813-01,TCGA-53-7813,2,95.37343042648247,13275264.379286245,13.275264379286245,1160407.9296823088,0.08741128587185991,12114856.449603934,102575.81956059914,0.007726838172854092,52.2409460396505,87.26968945112004,99.33992839994413,46.525866461571674,margin-localized,5.0,50;100;200,TCGA-53-7813-01,TCGA-53-7813,Female,Stage IIIB,51,0:LIVING,13.93,0,III,matched
female_psg_positive,TCGA-55-6970,TCGA-55-6970-01Z-00-DX1.be042a9b-3eab-4b6c-9cd7-7486ffab037f,TCGA-55-6970-01,TCGA-55-6970,4,130.0371073885929,7835853.206812447,7.835853206812447,168204.46875,0.021466005591294638,7667648.738062446,157693.53711290876,0.020124616037448338,60.55172158377581,90.55606068205854,99.7411263965569,38.7512096585384,margin-localized,5.0,50;100;200,TCGA-55-6970-01,TCGA-55-6970,Female,Stage IIIA,67,1:DECEASED,15.24,1,III,matched
female_psg_positive,TCGA-55-6971,TCGA-55-6971-01Z-00-DX1.6c790768-8252-466a-95e1-97d2086a8132,TCGA-55-6971-01,TCGA-55-6971,2,19.032495167878963,2558690.1876996295,2.5586901876996295,71425.82047143728,0.0279149937006059,2487264.3672281923,38549.68456653196,0.015066179075470547,59.89052432340355,95.35388907106514,99.97123528266384,44.22845520702707,margin-localized,5.0,50;100;200,TCGA-55-6971-01,TCGA-55-6971,Female,Stage IB,59,0:LIVING,45.99,0,I,matched
female_psg_positive,TCGA-55-6979,TCGA-55-6979-01Z-00-DX1.9238436e-3886-4a10-86fe-26658967dff2,TCGA-55-6979-01,TCGA-55-6979,6,75.629206721607,6113376.901570594,6.113376901570594,894217.3926290137,0.14627224969546362,5219159.50894158,328623.48464787,0.05375482158861218,45.350215666919766,84.2954332520935,97.5822049808814,52.35844010281437,peritumoral,5.0,50;100;200,TCGA-55-6979-01,TCGA-55-6979,Female,Stage IIB,59,1:DECEASED,7.79,1,II,matched
female_psg_positive,TCGA-55-7724,TCGA-55-7724-01Z-00-DX1.31a194ac-62e3-4225-8e32-8c2a83dcdd10,TCGA-55-7724-01,TCGA-55-7724,3,2.3313934307885957,498794.56755893177,0.49879456755893176,1729.53125,0.0034674219858973477,497065.03630893177,23635.479546009723,0.047385198402781784,58.82478330660109,94.04097272588966,99.92269742486948,44.159688914212246,margin-localized,5.0,50;100;200,TCGA-55-7724-01,TCGA-55-7724,Female,Stage IB,76,0:LIVING,23.16,0,I,matched
female_psg_positive,TCGA-55-7726,TCGA-55-7726-01Z-00-DX1.37df197b-d4fb-41c4-ac6a-72dbaa31027b,TCGA-55-7726-01,TCGA-55-7726,1,15.458669280607648,417588.7824535584,0.4175887824535584,5792.03125,0.013870179213073458,411796.75120355835,17128.9375,0.0410186724829108,77.40601626423278,97.39730381862788,100.0,41.06040710039295,margin-localized,5.0,50;100;200,TCGA-55-7726-01,TCGA-55-7726,Female,Stage IA,72,0:LIVING,21.42,0,I,matched
female_psg_positive,TCGA-55-7995,TCGA-55-7995-01Z-00-DX1.fef24d04-35a0-4f57-8f51-7ad602a78871,TCGA-55-7995-01,TCGA-55-7995,1,36.08078731682949,3705628.991769341,3.705628991769341,290056.0,0.07827443077659695,3415572.991769341,48757.84375,0.013157778033984834,70.86252537621004,95.51088720156872,98.57192260429902,38.149582238865996,margin-localized,5.0,50;100;200,TCGA-55-7995-01,TCGA-55-7995,Female,Stage IA,73,0:LIVING,29.2,0,I,matched
female_psg_positive,TCGA-55-8096,TCGA-55-8096-01Z-00-DX1.c833417d-10c1-4430-a241-d6f5496e1cd9,TCGA-55-8096-01,TCGA-55-8096,2,32.38629121930259,1263225.243684621,1.263225243684621,21711.625,0.01718745339245339,1241513.618684621,44586.83302311154,0.03529602756596207,67.29081480514897,92.01568352510743,99.51989297325039,43.204817439725396,margin-localized,5.0,50;100;200,TCGA-55-8096-01,TCGA-55-8096,Female,Stage IB,67,1:DECEASED,23.62,1,I,matched
female_psg_positive,TCGA-55-8204,TCGA-55-8204-01Z-00-DX1.30ba69f3-53f1-41cc-826c-20dce3cfe86b,TCGA-55-8204-01,TCGA-55-8204,2,1.2008420984029817,84579.85547759238,0.08457985547759238,0.0,0.0,84579.85547759238,497.40261466898124,0.00588086385180402,25.001100145071,95.69168865937256,100.0,52.681420171157114,peritumoral,5.0,50;100;200,TCGA-55-8204-01,TCGA-55-8204,Female,Stage IB,87,0:LIVING,16.92,0,I,matched
female_psg_positive,TCGA-55-8299,TCGA-55-8299-01Z-00-DX1.6F652EC5-EBB8-499C-A66D-E0951FBFCAA2,TCGA-55-8299-01,TCGA-55-8299,7,19.78263417829659,1761774.1110636734,1.7617741110636733,66716.09473105817,0.037868699688621395,1695058.016332615,203149.54056841598,0.11530964116947102,82.66027551922309,96.3300687858861,99.04150383268536,20.512667580058913,margin-localized,5.0,50;100;200,TCGA-55-8299-01,TCGA-55-8299,Female,Stage IA,61,1:DECEASED,15.41,1,I,matched
female_psg_positive,TCGA-55-8510,TCGA-55-8510-01Z-00-DX1.BB1EAC72-6215-400B-BCBF-E3D51A60182D,TCGA-55-8510-01,TCGA-55-8510,2,14.349591733469035,2309861.30717644,2.30986130717644,229794.21889672318,0.09948398987540173,2080067.0882797171,47377.008146305554,0.02051075880578255,79.19334587891525,97.2272056385203,99.9660320663962,28.69866340528771,margin-localized,5.0,50;100;200,TCGA-55-8510-01,TCGA-55-8510,Female,Stage IB,55,0:LIVING,17.71,0,I,matched
female_psg_positive,TCGA-55-8511,TCGA-55-8511-01Z-00-DX1.8EDFB05B-5B59-46EA-973C-1048B1E284D2,TCGA-55-8511-01,TCGA-55-8511,1,29.452349232137035,2053501.0790580423,2.053501079058042,191399.625,0.09320648864124122,1862101.4540580423,12641.909650319985,0.00615627124779449,40.49777349244756,81.87399855571455,97.79455477492326,53.375,peritumoral,5.0,50;100;200,TCGA-55-8511-01,TCGA-55-8511,Female,Stage IB,73,0:LIVING,18.13,0,I,matched
female_psg_positive,TCGA-55-A493,TCGA-55-A493-01Z-00-DX1.1CF94B85-7A64-4213-9B04-16504512DE2E,TCGA-55-A493-01,TCGA-55-A493,1,31.77005785964351,3507316.134645276,3.5073161346452757,322646.26830333646,0.09199235424381509,3184669.866341939,176935.98302475893,0.05044768598900593,62.89155985265682,77.32828409126896,97.2378901149707,30.547094788211858,margin-localized,5.0,50;100;200,TCGA-55-A493-01,TCGA-55-A493,Female,Stage IB,54,0:LIVING,0.92,0,I,matched
female_psg_positive,TCGA-55-A494,TCGA-55-A494-01Z-00-DX1.8C7C4BE0-791A-47CA-B0A8-1935366350E0,TCGA-55-A494-01,TCGA-55-A494,4,155.679756193093,112040.75728385826,0.11204075728385826,44288.21875,0.3952866780237357,67752.53853385826,14986.9375,0.13376326493429702,54.45931148556301,70.37724190321799,90.940991924675,9.74839730417262,immune-penetrated,5.0,50;100;200,TCGA-55-A494-01,TCGA-55-A494,Female,Stage IB,61,0:LIVING,15.8,0,I,matched
female_psg_positive,TCGA-62-A46O,TCGA-62-A46O-01Z-00-DX1.39B361AD-ED1D-4C0C-8611-0E8CCBDBD252,TCGA-62-A46O-01,TCGA-62-A46O,7,140.7171737488172,2729372.606831271,2.729372606831271,203308.96875,0.0744892684278957,2526063.638081271,49661.025955419354,0.01819503347806897,38.29912022056832,73.91489170322485,94.96116835134765,63.31435091075324,peritumoral,5.0,50;100;200,TCGA-62-A46O-01,TCGA-62-A46O,Female,Stage IB,65,1:DECEASED,47.77,1,I,matched
female_psg_positive,TCGA-64-1677,TCGA-64-1677-01Z-00-DX1.7720D42B-1F57-4C23-9BC5-87C456E7737B,TCGA-64-1677-01,TCGA-64-1677,12,66.26470413665133,843840.8197638243,0.8438408197638243,4562.28125,0.00540656619488602,839278.5385138242,56038.10219109995,0.06640838044168566,54.39734564712674,88.90719372981448,97.41026792562339,61.25500617296516,peritumoral,5.0,50;100;200,TCGA-64-1677-01,TCGA-64-1677,Female,Stage IIIA,77,1:DECEASED,20.63,1,III,matched
female_psg_positive,TCGA-64-1678,TCGA-64-1678-01Z-00-DX1.92C851BD-37AC-4C4C-9920-DF394411CC2C,TCGA-64-1678-01,TCGA-64-1678,9,25.515468585018315,66216.21522154463,0.06621621522154462,277.0,0.004183265368961666,65939.21522154463,7164.25,0.10819479754362317,41.308046538879104,93.75096952053174,100.0,53.20141562966158,peritumoral,5.0,50;100;200,TCGA-64-1678-01,TCGA-64-1678,Female,[Discrepancy],70,0:LIVING,39.06,0,,matched
female_psg_positive,TCGA-64-1679,TCGA-64-1679-01Z-00-DX1.f9fd24ef-d51c-4530-9fb5-e8a8f09dba73,TCGA-64-1679-01,TCGA-64-1679,5,42.18078071738444,1739116.8989370607,1.7391168989370607,7828.030964066724,0.004501152837311382,1731288.867972994,165442.55886921333,0.09513021175881332,69.99042883439621,93.18727498500988,99.84112078643138,32.26186797133731,margin-localized,5.0,50;100;200,TCGA-64-1679-01,TCGA-64-1679,Female,Stage IIIA,58,0:LIVING,81.73,0,III,matched
female_psg_positive,TCGA-67-3771,TCGA-67-3771-01Z-00-DX1.7B54D132-6AB7-4F2D-8BFF-33AFE83CF204,TCGA-67-3771-01,TCGA-67-3771,6,86.70131861981966,2636685.127380745,2.636685127380745,12908.59375,0.004895766132994144,2623776.5336307446,15867.17714067952,0.006017850586672746,46.76916333895592,83.31494755421203,99.7975590691498,56.0954822155938,peritumoral,5.0,50;100;200,TCGA-67-3771-01,TCGA-67-3771,Female,Stage IA,77,0:LIVING,20.04,0,I,matched
female_psg_positive,TCGA-69-7974,TCGA-69-7974-01Z-00-DX1.e4282067-fc3d-4fee-bae7-fe99000979d4,TCGA-69-7974-01,TCGA-69-7974,1,98.85025911555455,3598376.614879543,3.598376614879543,1283340.59375,0.3566443235661591,2315036.021129543,67281.51026923905,0.018697739972804744,49.52310051284438,79.74895644365346,95.83046180103572,34.9375,immune-penetrated,5.0,50;100;200,TCGA-69-7974-01,TCGA-69-7974,Female,Stage IIIA,54,0:LIVING,6.04,0,III,matched
female_psg_positive,TCGA-69-A59K,TCGA-69-A59K-01Z-00-DX1.01EAF520-9AC1-4ECC-8EF3-B9122924A1E3,TCGA-69-A59K-01,TCGA-69-A59K,4,158.05412972014483,7250722.780626612,7.250722780626612,758072.4328370455,0.10455129175019051,6492650.347789566,142575.78586738833,0.019663665289802578,41.89494626644452,85.171497955376,92.76515190452358,53.410702345129295,peritumoral,5.0,50;100;200,TCGA-69-A59K-01,TCGA-69-A59K,Female,Stage IIB,60,0:LIVING,19.42,0,II,matched
female_psg_positive,TCGA-73-4666,TCGA-73-4666-01Z-00-DX1.dd9c8922-ddd1-4674-8124-9e334532e47e,TCGA-73-4666-01,TCGA-73-4666,4,60.52691492472379,5726769.62802209,5.726769628022089,103712.65625,0.018110149872716332,5623056.9717720905,327585.6666698572,0.05720252218055412,53.334294133739846,82.36693010343535,99.60077675938022,44.16787046315455,margin-localized,5.0,50;100;200,TCGA-73-4666-01,TCGA-73-4666,Female,Stage IV,52,0:LIVING,26.28,0,IV,matched
female_psg_positive,TCGA-73-4668,TCGA-73-4668-01Z-00-DX1.3470b27e-210f-4ff3-9dde-69aa85faa9ee,TCGA-73-4668-01,TCGA-73-4668,4,85.71134602150073,2820160.3562583844,2.8201603562583846,90684.40625,0.032155762366050174,2729475.9500083844,294009.2066929256,0.10425265571883968,72.55053057945963,95.87855433708037,99.997988223694,26.67922881194282,margin-localized,5.0,50;100;200,TCGA-73-4668-01,TCGA-73-4668,Female,Stage IIB,66,0:LIVING,15.34,0,II,matched
female_psg_positive,TCGA-73-4670,TCGA-73-4670-01Z-00-DX1.a92a23d5-01aa-45a2-9f83-4784cd65fd58,TCGA-73-4670-01,TCGA-73-4670,8,18.940448215699195,5552660.446426576,5.552660446426576,219179.91198515048,0.03947295428918296,5333480.534441425,370702.1101593043,0.06676117038596702,62.22268135952691,90.50838651101226,99.77839287281557,37.37750827703741,margin-localized,5.0,50;100;200,TCGA-73-4670-01,TCGA-73-4670,Female,Stage IV,69,0:LIVING,4.3,0,IV,matched
female_psg_positive,TCGA-73-7499,TCGA-73-7499-01Z-00-DX1.81f5c1c1-3d40-4773-a1fb-e1f8eb9f6730,TCGA-73-7499-01,TCGA-73-7499,9,54.053270126540745,1479149.7686063345,1.4791497686063344,103397.8125,0.06990354505982323,1375751.9561063345,35522.178504541625,0.024015268269967603,62.2001933199082,92.31516944902744,98.52612330321757,31.03677254483784,margin-localized,5.0,50;100;200,TCGA-73-7499-01,TCGA-73-7499,Female,Stage IB,81,1:DECEASED,50.3,1,I,matched
female_psg_positive,TCGA-75-6214,TCGA-75-6214-01Z-00-DX1.00424C13-65B8-4872-81EB-EE207AB3F78C,TCGA-75-6214-01,TCGA-75-6214,3,23.31979692941678,887625.1122302979,0.8876251122302978,199454.625,0.22470592849591517,688170.4872302979,59834.341102151215,0.06740947307338795,76.2250004424505,84.25673505092003,89.75276499090296,22.226813761760816,margin-localized,5.0,50;100;200,TCGA-75-6214-01,TCGA-75-6214,Female,Stage IIIA,,1:DECEASED,36.63,1,III,matched
female_psg_positive,TCGA-78-7220,TCGA-78-7220-01Z-00-DX1.3df84ce0-4395-4c9e-ba62-76b55676a440,TCGA-78-7220-01,TCGA-78-7220,4,191.2484768144431,4476733.089435207,4.476733089435207,696027.4375,0.1554766441498553,3780705.651935207,51836.938942003,0.011579189088653675,36.508457024729424,73.9252604340203,93.64596588684194,56.016878036891704,peritumoral,5.0,50;100;200,TCGA-78-7220-01,TCGA-78-7220,Female,Stage IIIA,53,1:DECEASED,26.51,1,III,matched
female_psg_positive,TCGA-83-5908,TCGA-83-5908-01Z-00-DX1.381c8f82-61a0-4e9d-982d-1ad0af7bead9,TCGA-83-5908-01,TCGA-83-5908,1,77.98219608100038,15550548.030046683,15.550548030046683,3173024.080959279,0.2040458043554722,12377523.949087404,272526.6336347598,0.017525210886985162,65.28570752478416,89.76854844012104,99.90819797614282,37.93950777224185,margin-localized,5.0,50;100;200,TCGA-83-5908-01,TCGA-83-5908,Female,Stage IA,59,0:LIVING,27.07,0,I,matched
female_psg_positive,TCGA-86-6851,TCGA-86-6851-01Z-00-DX1.0b13e600-fd7b-44a2-9ec2-26e9938fb7bc,TCGA-86-6851-01,TCGA-86-6851,7,10.950318531066372,1116534.078011165,1.116534078011165,34696.20792593348,0.03107492069363111,1081837.8700852313,7756.289073203567,0.006946755344019161,69.77824269449934,93.5736097584851,100.0,42.16874583148045,margin-localized,5.0,50;100;200,TCGA-86-6851-01,TCGA-86-6851,Female,Stage IIA,73,0:LIVING,5.88,0,II,matched
female_psg_positive,TCGA-86-8056,TCGA-86-8056-01Z-00-DX1.eee7e03a-842c-4a44-bff8-f7b906725605,TCGA-86-8056-01,TCGA-86-8056,9,15.709807483475146,846629.270466269,0.846629270466269,45517.0625,0.053762684669444664,801112.207966269,39609.43154126129,0.04678485958729842,76.64823146916883,95.1341961862798,99.81941670557605,23.55478985259686,margin-localized,5.0,50;100;200,TCGA-86-8056-01,TCGA-86-8056,Female,Stage IIIA,63,0:LIVING,4.57,0,III,matched
female_psg_positive,TCGA-95-7039,TCGA-95-7039-01Z-00-DX1.C191A46D-A667-4BF6-8E6B-3E5CBF9DF43F,TCGA-95-7039-01,TCGA-95-7039,8,88.91779372059014,6411245.184590684,6.411245184590684,303921.5927932566,0.04740445639541705,6107323.591797428,639078.2195526095,0.0996808266027047,79.78394975580933,92.10406265214608,99.52898267752289,24.60500457224099,margin-localized,5.0,50;100;200,TCGA-95-7039-01,TCGA-95-7039,Female,Stage IIB,54,0:LIVING,41.79,0,II,matched
female_psg_positive,TCGA-95-7948,TCGA-95-7948-01Z-00-DX1.FF1AEF38-19E5-4475-87C8-B318204FEF1D,TCGA-95-7948-01,TCGA-95-7948,6,120.26178463452962,4436343.631149133,4.436343631149133,365259.375,0.08233342711222484,4071084.2561491323,191968.703530121,0.04327182912122521,53.30477139984823,87.68381295091193,98.30930698434236,35.134395985273464,margin-localized,5.0,50;100;200,TCGA-95-7948-01,TCGA-95-7948,Female,Stage IB,42,0:LIVING,15.64,0,I,matched
female_psg_positive,TCGA-97-7938,TCGA-97-7938-01Z-00-DX1.d774d0a2-ee34-43ba-9d9d-34bf9718292e,TCGA-97-7938-01,TCGA-97-7938,3,46.901313276762316,654229.4660844182,0.6542294660844182,12337.96875,0.018858778746000376,641891.4973344182,64773.93341271189,0.09900797315105006,87.05818315246731,98.27316562085635,99.99876370366704,18.682378060621726,margin-localized,5.0,50;100;200,TCGA-97-7938-01,TCGA-97-7938,Female,Stage IA,76,1:DECEASED,0.59,1,I,matched
female_psg_positive,TCGA-97-8172,TCGA-97-8172-01Z-00-DX1.812ab977-692e-42f8-af57-7ce9084ab045,TCGA-97-8172-01,TCGA-97-8172,10,209.62284535831571,13920107.790873544,13.920107790873544,3280781.084138669,0.2356864712132223,10639326.706734877,114920.01251846607,0.008255684097059306,59.94705243766006,94.86274659273448,99.96683616910065,43.473636048184424,margin-localized,5.0,50;100;200,TCGA-97-8172-01,TCGA-97-8172,Female,Stage IB,75,0:LIVING,17.9,0,I,matched
female_psg_positive,TCGA-97-8175,TCGA-97-8175-01Z-00-DX1.f7148cec-5e4b-46ac-b167-d41b36eb3ee5,TCGA-97-8175-01,TCGA-97-8175,14,213.49301203987596,23924507.089033093,23.924507089033092,4296628.513133424,0.17959109866480732,19627878.57589967,1192226.8455752004,0.049832869748932584,56.64971282150598,79.1103118379203,93.9012944651501,34.397719764542536,margin-localized,5.0,50;100;200,TCGA-97-8175-01,TCGA-97-8175,Female,Stage IB,55,0:LIVING,18.1,0,I,matched
female_psg_positive,TCGA-J2-8192,TCGA-J2-8192-01Z-00-DX1.A784F381-7906-480F-99A1-0B88005953A0,TCGA-J2-8192-01,TCGA-J2-8192,10,540.9530899817254,9923314.512551278,9.923314512551277,1837876.0013748459,0.18520787576068967,8085438.5111764325,307620.4307636296,0.030999766295277946,68.00235852017438,93.06728498622017,99.8491672833503,34.66919562089666,margin-localized,5.0,50;100;200,TCGA-J2-8192-01,TCGA-J2-8192,Female,Stage IIA,65,0:LIVING,24.28,0,II,matched
female_psg_positive,TCGA-J2-A4AD,TCGA-J2-A4AD-01Z-00-DX1.C3C3B0C6-0666-4CCF-8422-345560B237DA,TCGA-J2-A4AD-01,TCGA-J2-A4AD,1,10.855131987262663,634874.5055344516,0.6348745055344516,2243.5,0.0035337692417045027,632631.0055344516,29873.442949206205,0.04705409130274978,66.96365878706834,82.62974232904025,92.80034338050503,35.018075689563524,margin-localized,5.0,50;100;200,TCGA-J2-A4AD-01,TCGA-J2-A4AD,Female,Stage IA,61,1:DECEASED,18.07,1,I,matched
female_psg_positive,TCGA-L9-A5IP,TCGA-L9-A5IP-01Z-00-DX1.E699D989-8BB8-41DF-9B95-A880858653E6,TCGA-L9-A5IP-01,TCGA-L9-A5IP,13,114.53046487622537,2979057.233070214,2.979057233070214,1104803.21875,0.37085666112275084,1874254.0143202133,128739.50639399898,0.043214848296593535,56.2928232076067,65.30605298682643,70.58845843834281,21.22250058899752,immune-penetrated,5.0,50;100;200,TCGA-L9-A5IP-01,TCGA-L9-A5IP,Female,Stage IV,40,1:DECEASED,1.91,1,IV,matched
female_psg_positive,TCGA-MP-A4T4,TCGA-MP-A4T4-01Z-00-DX1.5F72FF0B-59C0-4E95-A8C1-BF22A948F7AC,TCGA-MP-A4T4-01,TCGA-MP-A4T4,2,80.84687786090302,2138266.005345102,2.138266005345102,22520.1875,0.010531985938000914,2115745.817845102,29497.974229018913,0.013795278115670242,62.43190823805597,93.61875796349432,99.7784055504395,39.0,margin-localized,5.0,50;100;200,TCGA-MP-A4T4-01,TCGA-MP-A4T4,Female,Stage IIB,68,1:DECEASED,85.97,1,II,matched
female_psg_positive,TCGA-MP-A4T7,TCGA-MP-A4T7-01Z-00-DX1.C74D7A5B-1D1A-423B-85CA-C11E0CCF5873,TCGA-MP-A4T7-01,TCGA-MP-A4T7,5,79.38510591345155,1425162.277615286,1.425162277615286,66644.33669917507,0.04676263029547103,1358517.9409161108,55616.88314938153,0.03902494756066998,70.97156449230654,92.15738990384989,99.27096535316478,34.875,margin-localized,5.0,50;100;200,TCGA-MP-A4T7-01,TCGA-MP-A4T7,Female,Stage IV,75,1:DECEASED,5.49,1,IV,matched
female_psg_positive,TCGA-MP-A4T9,TCGA-MP-A4T9-01Z-00-DX1.F7B341C4-EBCD-455F-BE90-3B77AC6B76EC,TCGA-MP-A4T9-01,TCGA-MP-A4T9,1,0.20180077298432267,201800.7729843225,0.2018007729843225,201800.7729843225,1.0,0.0,0.0,0.0,100.0,100.0,100.0,,immune-penetrated,5.0,50;100;200,TCGA-MP-A4T9-01,TCGA-MP-A4T9,Female,Stage IIIA,54,1:DECEASED,41.56,1,III,matched
female_psg_positive,TCGA-MP-A4TA,TCGA-MP-A4TA-01Z-00-DX1.11DDADA4-B7A2-4216-9B18-7AD993AE12E4,TCGA-MP-A4TA-01,TCGA-MP-A4TA,1,28.361632593072724,1867014.9409747086,1.8670149409747085,10162.90625,0.005443398457590421,1856852.0347247089,24935.588022372543,0.013355858849932113,45.51485144688755,90.85220954998921,97.86672684922587,59.67948244581215,peritumoral,5.0,50;100;200,TCGA-MP-A4TA-01,TCGA-MP-A4TA,Female,Stage IA,75,1:DECEASED,31.21,1,I,matched
female_psg_positive,TCGA-MP-A4TF,TCGA-MP-A4TF-01Z-00-DX1.F98B0438-6D32-4EA3-ABA8-E624457EA658,TCGA-MP-A4TF-01,TCGA-MP-A4TF,11,146.31720601310116,5264436.194126944,5.264436194126944,151688.75,0.028813864278424618,5112747.444126945,120862.85904032784,0.02295836716098176,71.51261429365621,91.56816265038333,99.16347849139856,34.46578919740559,margin-localized,5.0,50;100;200,TCGA-MP-A4TF-01,TCGA-MP-A4TF,Female,Stage IIA,58,1:DECEASED,11.04,1,II,matched
female_psg_positive,TCGA-MP-A4TK,TCGA-MP-A4TK-01Z-00-DX1.57494698-D9D9-4C04-AAB2-16616CCFDCC9,TCGA-MP-A4TK-01,TCGA-MP-A4TK,7,101.27864007018458,6503631.202671125,6.503631202671125,466068.3125,0.07166278314006794,6037562.890171125,141397.9136696359,0.02174137943300997,58.06588465653119,87.24714913579903,99.48299723788094,44.88544446699843,margin-localized,5.0,50;100;200,TCGA-MP-A4TK-01,TCGA-MP-A4TK,Female,Stage IIB,56,1:DECEASED,19.12,1,II,matched
female_psg_positive,TCGA-NJ-A4YQ,TCGA-NJ-A4YQ-01Z-00-DX1.56C29975-77E9-4822-A9E1-83AD70D6C5F7,TCGA-NJ-A4YQ-01,TCGA-NJ-A4YQ,10,148.85064171566938,20652370.23830446,20.65237023830446,501333.96850025747,0.02427488771097184,20151036.269804206,979961.6037651707,0.04745032131699885,57.74565735331244,92.26253130788608,99.36361538639306,44.699168057135026,margin-localized,5.0,50;100;200,TCGA-NJ-A4YQ-01,TCGA-NJ-A4YQ,Female,Stage IA,69,0:LIVING,47.04,0,I,matched
male_psg_negative,TCGA-05-4244,TCGA-05-4244-01Z-00-DX1.d4ff32cd-38cf-40ea-8213-45c2b100ac01,TCGA-05-4244-01,TCGA-05-4244,1,29.785992334370228,1714116.0007995656,1.7141160007995655,186671.8125,0.10890267193872828,1527444.1882995656,82812.78912401383,0.0483122432118859,67.43184141866372,91.4154973978243,98.30555121476586,33.522719307873835,margin-localized,5.0,50;100;200,TCGA-05-4244-01,TCGA-05-4244,MALE,Stage IV,70,0:LIVING,0,0,IV,matched
male_psg_negative,TCGA-05-4382,TCGA-05-4382-01Z-00-DX1.76b49a4c-dbbb-48b0-b677-6d3037e5ce88,TCGA-05-4382-01,TCGA-05-4382,1,30.281901458788568,2788199.8646436944,2.7881998646436945,142781.96593111468,0.05120937266430894,2645417.898712579,2889.0723687657587,0.0010361783620325062,41.48574590018102,82.00289642843478,97.9036547900995,55.97237041612585,peritumoral,5.0,50;100;200,TCGA-05-4382-01,TCGA-05-4382,Male,Stage IB,68,0:LIVING,19.94,0,I,matched
male_psg_negative,TCGA-05-4395,TCGA-05-4395-01Z-00-DX1.20205276-ca16-46b2-914a-fe5e576a5cf9,TCGA-05-4395-01,TCGA-05-4395,1,39.98180230236401,293239.97557584976,0.29323997557584974,49326.84375,0.16821323100008603,243913.13182584973,12406.960759184507,0.0423099229046802,77.93895264094208,91.57113130703824,99.06638965419916,29.789364712930688,margin-localized,5.0,50;100;200,TCGA-05-4395-01,TCGA-05-4395,Male,Stage IIIB,76,1:DECEASED,0,1,III,matched
male_psg_negative,TCGA-05-4397,TCGA-05-4397-01Z-00-DX1.00e9cdb3-b50e-439c-86b0-d7b73b802c0d,TCGA-05-4397-01,TCGA-05-4397,6,98.26418083444068,508778.4684575781,0.5087784684575781,36829.59375,0.07238827118933168,471948.8747075781,25252.376928783735,0.04963334436172052,75.0760852240438,92.5872340587262,96.25313964095368,29.815906513973378,margin-localized,5.0,50;100;200,TCGA-05-4397-01,TCGA-05-4397,Male,Stage IIB,65,1:DECEASED,24.01,1,II,matched
male_psg_negative,TCGA-05-4415,TCGA-05-4415-01Z-00-DX1.55E0C429-B308-4962-8DA9-41D7D3F7764E,TCGA-05-4415-01,TCGA-05-4415,5,50.48386359516783,1060072.3669705614,1.0600723669705614,105245.648918649,0.09928157001150442,954826.7180519124,93512.86288560339,0.08821365955688597,77.99658454659587,91.93708529736227,95.39960866455914,21.966327213487464,margin-localized,5.0,50;100;200,TCGA-05-4415-01,TCGA-05-4415,Male,Stage IIIB,57,1:DECEASED,2.99,1,III,matched
male_psg_negative,TCGA-05-4418,TCGA-05-4418-01Z-00-DX1.f3863ea5-564f-482f-9878-cc104cf69401,TCGA-05-4418-01,TCGA-05-4418,3,82.96884610692295,8351823.575068088,8.351823575068089,861329.1247752521,0.10313066566043094,7490494.450292836,166452.31402409068,0.01993005629584718,49.432642262974625,87.93213893631591,96.71001453781646,50.23149534903376,peritumoral,5.0,50;100;200,TCGA-05-4418-01,TCGA-05-4418,Male,Stage IIIA,69,1:DECEASED,9,1,III,matched
male_psg_negative,TCGA-05-4432,TCGA-05-4432-01Z-00-DX1.90d00d62-402b-404a-85e2-0edf869193ab,TCGA-05-4432-01,TCGA-05-4432,3,79.66772801014899,6344843.616620002,6.344843616620002,679810.1461237841,0.10714371971959329,5665033.470496219,25614.893754168497,0.004037119793949146,26.79602351262763,74.20558595493391,96.15591598057439,58.51415427056944,peritumoral,5.0,50;100;200,TCGA-05-4432-01,TCGA-05-4432,Male,Stage IIB,66,0:LIVING,25,0,II,matched
male_psg_negative,TCGA-35-4123,TCGA-35-4123-01Z-00-DX1.990553a8-657e-49ec-9782-e6d30a4c4909,TCGA-35-4123-01,TCGA-35-4123,2,112.25201946432449,5897669.920240853,5.897669920240853,1199258.2544571524,0.2033444174861818,4698411.665783701,118224.9430133602,0.020046042693507005,63.99111632608236,81.53772266716605,88.82201738905222,25.559367167439806,margin-localized,5.0,50;100;200,TCGA-35-4123-01,TCGA-35-4123,Male,Stage IA,38,0:LIVING,5.98,0,I,matched
male_psg_negative,TCGA-38-4629,TCGA-38-4629-01Z-00-DX1.d00cc280-5370-4b9f-9655-6c35deb94647,TCGA-38-4629-01,TCGA-38-4629,2,100.39693702898447,4093495.15001238,4.09349515001238,3233701.68211901,0.7899610390668792,859793.4678933695,70007.97711425886,0.017102249923038784,20.363252871007642,33.11194945317734,44.92258498234249,20.451925337239036,immune-penetrated,5.0,50;100;200,TCGA-38-4629-01,TCGA-38-4629,Male,Stage IIB,68,1:DECEASED,28.38,1,II,matched
male_psg_negative,TCGA-44-2656,TCGA-44-2656-01Z-00-DX1.5f247f31-4bb5-460d-a1f7-7dcdba33c835,TCGA-44-2656-01,TCGA-44-2656,9,45.020370570634164,4178689.903199852,4.178689903199852,464337.9375,0.11112045838683339,3714351.9656998524,138073.58096915646,0.03304231330097645,66.45852370927183,91.35004553367936,96.92677578026118,31.832815222659775,margin-localized,5.0,50;100;200,TCGA-44-2656-01,TCGA-44-2656,Male,Stage IB,59,0:LIVING,46.94,0,I,matched
male_psg_negative,TCGA-44-2662,TCGA-44-2662-01Z-00-DX1.398f3f84-fd48-4454-b789-a3e90cd36d73,TCGA-44-2662-01,TCGA-44-2662,12,81.43817059194916,6279800.295278639,6.279800295278639,37770.17720259025,0.006014550690566882,6242030.118076048,149794.69286140153,0.02385341664033841,60.90255657835934,89.7117819730762,99.93159903572945,36.106180218904356,margin-localized,5.0,50;100;200,TCGA-44-2662-01,TCGA-44-2662,Male,Stage IB,65,0:LIVING,42.05,0,I,matched
male_psg_negative,TCGA-44-2668,TCGA-44-2668-01Z-00-DX1.f66fa464-dad1-4a9f-8486-3d7579ca42b6,TCGA-44-2668-01,TCGA-44-2668,4,40.464874779711955,3482442.0223292666,3.4824420223292667,172990.46897635228,0.04967504638042641,3309451.5533529143,135692.24716887248,0.038964682340386345,61.564937558730826,92.2032840562274,99.76213982617313,37.46352392661427,margin-localized,5.0,50;100;200,TCGA-44-2668-01,TCGA-44-2668,Male,Stage IB,51,1:DECEASED,25,1,I,matched
male_psg_negative,TCGA-44-7660,TCGA-44-7660-01Z-00-DX1.f96c114b-f0fc-498a-97cc-e262344de357,TCGA-44-7660-01,TCGA-44-7660,7,78.81148717960319,2079979.724939607,2.0799797249396073,3054.375,0.0014684638332658193,2076925.349939607,26530.196157726863,0.012755026330123086,42.29876077991991,89.57790133188817,99.7427361573425,54.515622760819674,peritumoral,5.0,50;100;200,TCGA-44-7660-01,TCGA-44-7660,Male,Stage IB,72,0:LIVING,19.45,0,I,matched
male_psg_negative,TCGA-44-7662,TCGA-44-7662-01Z-00-DX1.2f0b6cea-795a-40ad-93a9-319858e6fb3b,TCGA-44-7662-01,TCGA-44-7662,3,17.87040727085749,752539.9510094804,0.7525399510094803,23596.6875,0.03135605952660277,728943.2635094803,42576.40201890745,0.05657693250942245,58.13846516267135,93.08476526788148,99.52757491542728,39.461413114585746,margin-localized,5.0,50;100;200,TCGA-44-7662-01,TCGA-44-7662,Male,Stage IB,61,0:LIVING,7.16,0,I,matched
male_psg_negative,TCGA-49-6745,TCGA-49-6745-01Z-00-DX6.3174fffa-c17c-44d1-8d21-1921a9ec1bee,TCGA-49-6745-01,TCGA-49-6745,3,103.81893374554522,9214809.2075436,9.2148092075436,2987962.0130596897,0.3242565250958889,6226847.194483911,577954.7984475888,0.06272021323832214,62.69049538881237,78.23924436922822,85.39013809383577,25.62621948317777,margin-localized,5.0,50;100;200,TCGA-49-6745-01,TCGA-49-6745,Male,Stage IIIA,82,0:LIVING,17.15,0,III,matched
male_psg_negative,TCGA-49-AAR9,TCGA-49-AAR9-01Z-00-DX1.B6A9966E-89B8-404B-8ABC-1F8F8553D4DA,TCGA-49-AAR9-01,TCGA-49-AAR9,2,1.0980625126750778,144.96875,0.00014496875,0.0,0.0,144.96875,68.53125,0.4727311920672559,100.0,100.0,100.0,8.067101400131277,immune-desert,5.0,50;100;200,TCGA-49-AAR9-01,TCGA-49-AAR9,Male,Stage IIB,61,1:DECEASED,8.54,1,II,matched
male_psg_negative,TCGA-50-5066,TCGA-50-5066-02Z-00-DX1.A2CA045A-7956-4E04-9EC9-5856FC789110,TCGA-50-5066-02,TCGA-50-5066,6,144.53837058520793,26327826.84351199,26.327826843511993,4599308.629728494,0.17469381947344087,21728518.213783495,2243603.3759359973,0.08521794788728991,71.94595661196533,85.97954503710875,94.05946778658894,22.875,margin-localized,5.0,50;100;200,TCGA-50-5066-02,TCGA-50-5066,Male,Stage IB,72,0:LIVING,47.37,0,I,matched
male_psg_negative,TCGA-55-1592,TCGA-55-1592-01Z-00-DX1.ee15e261-2f9c-4a93-a19f-27cb1c3bae15,TCGA-55-1592-01,TCGA-55-1592,7,75.49017340345856,2488662.6760600237,2.4886626760600237,125888.8125,0.05058492406825637,2362773.8635600237,136774.39748285568,0.05495899416123073,65.69035297739062,91.89461490492837,99.26416515749945,31.574200663642575,margin-localized,5.0,50;100;200,TCGA-55-1592-01,TCGA-55-1592,Male,Stage IA,65,1:DECEASED,23.03,1,I,matched
male_psg_negative,TCGA-55-1594,TCGA-55-1594-01Z-00-DX1.bd90c500-7c0b-4c45-a3f7-2d9177384b1d,TCGA-55-1594-01,TCGA-55-1594,2,172.8011244085886,4078113.6424856354,4.0781136424856355,848576.5681986867,0.20808065752710952,3229537.074286949,34200.458469779915,0.008386342674093439,49.287491827921286,79.38729345929829,86.96996085880654,40.66209844560411,peritumoral,5.0,50;100;200,TCGA-55-1594-01,TCGA-55-1594,Male,Stage IIIA,68,0:LIVING,38.7,0,III,matched
male_psg_negative,TCGA-55-6975,TCGA-55-6975-01Z-00-DX1.2762a872-b1c3-47fd-8ed5-b715a5b20163,TCGA-55-6975-01,TCGA-55-6975,1,21.727748278275556,113031.50096152505,0.11303150096152505,14526.65625,0.1285186529987313,98504.84471152503,4096.8125,0.036244873908155215,48.922653324243306,69.93850339403245,94.08192129479328,47.75016361228514,peritumoral,5.0,50;100;200,TCGA-55-6975-01,TCGA-55-6975,Male,Stage IIB,61,1:DECEASED,3.88,1,II,matched
male_psg_negative,TCGA-55-6980,TCGA-55-6980-01Z-00-DX1.2f1d1858-42b9-4e3b-966d-2f3f429570a6,TCGA-55-6980-01,TCGA-55-6980,7,124.33280710650207,4648355.369385566,4.648355369385565,540323.6294636008,0.11623974212948837,4108031.7399219656,197007.39396277384,0.042382171393409385,68.42079864073352,91.0736375534047,99.73513146985154,29.81747861993029,margin-localized,5.0,50;100;200,TCGA-55-6980-01,TCGA-55-6980,Male,Stage IA,56,0:LIVING,69.28,0,I,matched
male_psg_negative,TCGA-55-7903,TCGA-55-7903-01Z-00-DX1.40fc5dcb-b5bb-46b4-90bd-2eeb3ea880f5,TCGA-55-7903-01,TCGA-55-7903,1,18.527680843665294,277285.87062090926,0.27728587062090926,76205.46875,0.274826368106524,201080.40187090923,19075.8125,0.0687947512698166,60.466898339741526,70.79144933518172,85.46671015889574,16.53452826663041,margin-localized,5.0,50;100;200,TCGA-55-7903-01,TCGA-55-7903,Male,Stage IA,64,0:LIVING,18.63,0,I,matched
male_psg_negative,TCGA-55-7907,TCGA-55-7907-01Z-00-DX1.f5a264f5-3926-4d09-82f3-cd38d554f3db,TCGA-55-7907-01,TCGA-55-7907,6,36.4441643969355,5153371.118776362,5.153371118776362,92452.54434625019,0.017940206947137643,5060918.574430112,73704.86616790958,0.014302262435430882,45.796642155296716,90.1089839744436,99.83451160802616,55.349599140373186,peritumoral,5.0,50;100;200,TCGA-55-7907-01,TCGA-55-7907,Male,Stage IIA,77,1:DECEASED,11.27,1,II,matched
male_psg_negative,TCGA-55-8090,TCGA-55-8090-01Z-00-DX1.83f86d5f-7cb9-443a-a812-b19ba4aea836,TCGA-55-8090-01,TCGA-55-8090,2,17.0193022879427,1010420.0266724476,1.0104200266724475,28407.3125,0.028114360117694824,982012.7141724476,31289.05641994189,0.03096638585340016,58.88380404714777,74.41711603075521,99.96848464088258,45.55788853097862,margin-localized,5.0,50;100;200,TCGA-55-8090-01,TCGA-55-8090,Male,Stage IA,80,1:DECEASED,19.65,1,I,matched
male_psg_negative,TCGA-55-8302,TCGA-55-8302-01Z-00-DX1.E0C2B152-BBA9-4AA7-9E6B-BD57B68163CB,TCGA-55-8302-01,TCGA-55-8302,2,13.659055393621164,469022.7691378448,0.4690227691378448,13905.21875,0.029647214730236873,455117.5503878448,70452.80335070303,0.1502119043819749,64.28703241953141,88.69517351355796,100.0,26.34921725592622,margin-localized,5.0,50;100;200,TCGA-55-8302-01,TCGA-55-8302,Male,Stage IB,54,0:LIVING,15.7,0,I,matched
male_psg_negative,TCGA-55-8614,TCGA-55-8614-01Z-00-DX1.043DE2B5-A453-4570-8830-99170450658C,TCGA-55-8614-01,TCGA-55-8614,5,33.38927311921394,495298.5338318339,0.4952985338318339,4094.53125,0.008266794610359566,491204.002581834,19575.453419107063,0.03952253455640838,76.84160602009563,91.19466825924664,99.20932180092697,34.75022481941664,margin-localized,5.0,50;100;200,TCGA-55-8614-01,TCGA-55-8614,Male,Stage IB,76,0:LIVING,17.61,0,I,matched
male_psg_negative,TCGA-55-A4DF,TCGA-55-A4DF-01Z-00-DX1.C945E1AD-BEF4-403F-BB11-BAC831D24CDA,TCGA-55-A4DF-01,TCGA-55-A4DF,4,17.119649205346967,523638.9234320826,0.5236389234320826,22453.4375,0.04287961894206337,501185.4859320826,17082.94245504339,0.032623515347325195,59.115501644221204,95.02377666801391,99.9879210659923,45.83155299572555,margin-localized,5.0,50;100;200,TCGA-55-A4DF-01,TCGA-55-A4DF,Male,Stage IA,88,1:DECEASED,20.17,1,I,matched
male_psg_negative,TCGA-55-A4DG,TCGA-55-A4DG-01Z-00-DX1.9CE9B7BE-48EF-44F1-9C25-F15700A3E5DE,TCGA-55-A4DG-01,TCGA-55-A4DG,2,12.651080019890761,138047.40478351386,0.13804740478351385,3075.3125,0.022277220675192767,134972.09228351386,10494.30569735333,0.07601957975095956,59.66722795237227,91.56910171866264,99.83780481034675,40.568085131664766,margin-localized,5.0,50;100;200,TCGA-55-A4DG-01,TCGA-55-A4DG,Male,Stage IA,71,0:LIVING,19.97,0,I,matched
male_psg_negative,TCGA-62-A471,TCGA-62-A471-01Z-00-DX1.51A235BB-7F67-4C0D-8B15-2E26116D8822,TCGA-62-A471-01,TCGA-62-A471,5,122.11538765352685,14615608.276520748,14.615608276520748,2250064.079048533,0.1539493968693147,12365544.197472213,144930.2737195157,0.009916130138239887,23.897829490577884,67.43957300694021,92.07914630678127,74.95050450130405,peritumoral,5.0,50;100;200,TCGA-62-A471-01,TCGA-62-A471,Male,Stage IIB,64,0:LIVING,40.93,0,II,matched
male_psg_negative,TCGA-62-A472,TCGA-62-A472-01Z-00-DX1.C2F76C9A-C51A-4521-9B95-2A20063E9931,TCGA-62-A472-01,TCGA-62-A472,4,191.56584862791152,21678960.703734793,21.67896070373479,1853855.8764403623,0.08551405677491657,19825104.82729443,707564.64248678,0.03263831011810832,70.00680207993432,89.32281629098901,99.24016681820443,30.520740898608604,margin-localized,5.0,50;100;200,TCGA-62-A472-01,TCGA-62-A472,Male,Stage IIB,70,0:LIVING,29.89,0,II,matched
male_psg_negative,TCGA-64-5775,TCGA-64-5775-01Z-00-DX1.9A338C1A-CDB6-41AF-B6D5-EDE608B5E3E1,TCGA-64-5775-01,TCGA-64-5775,3,103.31051548861141,1619476.902663777,1.619476902663777,380326.2650120942,0.23484513078668748,1239150.637651683,345648.24907367973,0.2134320338284198,79.08117335843087,82.59282444619546,88.19480886479234,8.814937606131991,margin-localized,5.0,50;100;200,TCGA-64-5775-01,TCGA-64-5775,Male,Stage IIIA,71,1:DECEASED,2.04,1,III,matched
male_psg_negative,TCGA-64-5815,TCGA-64-5815-01Z-00-DX1.1E3600B5-7E83-47BE-AC70-E0C2D623740B,TCGA-64-5815-01,TCGA-64-5815,3,49.17771886973912,1142658.8515710188,1.1426588515710188,55998.48471510398,0.0490071771098721,1086660.3668559147,68311.19033876066,0.05978266413010407,75.62937479914044,92.55452541565084,99.74381009964624,26.549776364406537,margin-localized,5.0,50;100;200,TCGA-64-5815-01,TCGA-64-5815,Male,Stage IIB,74,0:LIVING,28.45,0,II,matched
male_psg_negative,TCGA-69-7978,TCGA-69-7978-01Z-00-DX1.90a2bf2f-18e2-4bfe-b858-d2de619e2493,TCGA-69-7978-01,TCGA-69-7978,6,229.16519389826937,12196051.746177856,12.196051746177856,1608657.9196420277,0.1318998929424982,10587393.826535828,256922.84547796473,0.02106606718510212,62.872494840890155,90.94209695772768,98.21629108315176,36.727459073559665,margin-localized,5.0,50;100;200,TCGA-69-7978-01,TCGA-69-7978,Male,Stage IIB,59,0:LIVING,4.4,0,II,matched
male_psg_negative,TCGA-73-4675,TCGA-73-4675-01Z-00-DX1.1027587f-8ec4-4b8c-8768-ff7b669683e0,TCGA-73-4675-01,TCGA-73-4675,15,216.8916655227208,30492705.19917537,30.49270519917537,1674544.5526591628,0.0549162346115637,28818160.646516208,1901728.982161362,0.062366686384151694,74.42649670828636,94.88718919385666,99.3087262475845,29.263084680190502,margin-localized,5.0,50;100;200,TCGA-73-4675-01,TCGA-73-4675,Male,Stage IIIA,59,1:DECEASED,30.29,1,III,matched
male_psg_negative,TCGA-73-4676,TCGA-73-4676-01Z-00-DX1.4d781bbc-a45e-4f9d-b6b6-2265282dff99,TCGA-73-4676-01,TCGA-73-4676,12,347.8600750543545,34369160.6278096,34.3691606278096,10549882.331972038,0.3069578115747076,23819278.29583755,8157156.3704935685,0.23733941188814645,57.21133842527827,84.85682686483086,99.78976461102215,84.18153746517106,immune-penetrated,5.0,50;100;200,TCGA-73-4676-01,TCGA-73-4676,Male,Stage IIA,45,1:DECEASED,9.23,1,II,matched
male_psg_negative,TCGA-78-7148,TCGA-78-7148-01Z-00-DX1.aac94f79-77f2-45e6-b0c3-0b103fecbb22,TCGA-78-7148-01,TCGA-78-7148,11,97.15395128332585,5918272.603094504,5.918272603094504,512783.3974091834,0.08664409901312468,5405489.20568532,145202.277594733,0.024534570698688443,48.90251535760553,81.77007783716408,99.07081022326936,57.91381331355277,peritumoral,5.0,50;100;200,TCGA-78-7148-01,TCGA-78-7148,Male,Stage IIB,71,1:DECEASED,20.57,1,II,matched
male_psg_negative,TCGA-78-7155,TCGA-78-7155-01Z-00-DX1.32258467-7550-4a1b-8df9-a869fb83e559,TCGA-78-7155-01,TCGA-78-7155,1,147.50960780551338,13510316.795481276,13.510316795481275,3613845.9202412544,0.26748787426287135,9896470.87524002,178684.86508365587,0.013225808675590764,46.93285196595097,71.96346594605855,83.55552223899996,40.19989116900691,peritumoral,5.0,50;100;200,TCGA-78-7155-01,TCGA-78-7155,Male,Stage IB,68,1:DECEASED,38.47,1,I,matched
male_psg_negative,TCGA-78-8640,TCGA-78-8640-01Z-00-DX1.6F929E56-34D5-45A6-8A9E-ACB4B88A68B1,TCGA-78-8640-01,TCGA-78-8640,19,271.92143005039617,14258007.145430965,14.258007145430966,308434.6344339929,0.021632380408283917,13949572.510996971,198463.34968090546,0.013919431211991209,43.875270588968554,84.25500083041015,98.05599652208178,52.46654439974106,peritumoral,5.0,50;100;200,TCGA-78-8640-01,TCGA-78-8640,Male,Stage IIA,59,0:LIVING,232,0,II,matched
male_psg_negative,TCGA-78-8660,TCGA-78-8660-01Z-00-DX1.11E923ED-C01B-439D-8796-08C9E3DC2D93,TCGA-78-8660-01,TCGA-78-8660,22,244.57322198605212,7047839.7484444,7.0478397484443995,204562.03009423008,0.029024784529100713,6843277.718350169,55180.64293671415,0.00782944063801871,36.609190929503995,80.92073065188862,99.17109386012046,61.6481003863866,peritumoral,5.0,50;100;200,TCGA-78-8660-01,TCGA-78-8660,Male,Stage IIB,69,1:DECEASED,10.55,1,II,matched
male_psg_negative,TCGA-80-5611,TCGA-80-5611-01Z-00-DX1.31920706-8AF4-46D2-B1D4-7DD5AF4AAC77,TCGA-80-5611-01,TCGA-80-5611,3,67.89018660520694,8851742.609256305,8.851742609256306,1673602.9293787756,0.18907044671957385,7178139.679877529,664917.9953087475,0.07511718592149753,79.42853321306933,92.55393383638683,97.9774900502327,20.626515095866292,margin-localized,5.0,50;100;200,TCGA-80-5611-01,TCGA-80-5611,Male,Stage IB,,0:LIVING,85.25,0,I,matched
male_psg_negative,TCGA-86-7955,TCGA-86-7955-01Z-00-DX1.ef4f4d94-5efb-4a07-97cf-b0ed69085827,TCGA-86-7955-01,TCGA-86-7955,27,92.54471515688611,4599255.3812124645,4.599255381212465,292067.7801572968,0.06350327519327734,4307187.601055168,183200.2132543657,0.03983258116144664,61.94676105845115,91.36577163514345,98.08684931896686,35.046230628271566,margin-localized,5.0,50;100;200,TCGA-86-7955-01,TCGA-86-7955,Male,Stage IB,62,0:LIVING,35.22,0,I,matched
male_psg_negative,TCGA-86-8055,TCGA-86-8055-01Z-00-DX1.546dc42e-3742-4da5-8f9b-80732180ce76,TCGA-86-8055-01,TCGA-86-8055,11,6.108313166205893,235058.19473816908,0.23505819473816908,673.78125,0.0028664444170964716,234384.41348816908,5151.245848796503,0.0219147681897858,51.10795640218511,82.25348830773308,99.27968635516578,45.596395142598716,margin-localized,5.0,50;100;200,TCGA-86-8055-01,TCGA-86-8055,Male,Stage IIA,79,1:DECEASED,4.07,1,II,matched
male_psg_negative,TCGA-86-8073,TCGA-86-8073-01Z-00-DX1.33c016fc-5c9e-4ad6-8de2-a7f8521d205c,TCGA-86-8073-01,TCGA-86-8073,8,12.03322321214066,253757.90097134167,0.25375790097134165,15877.09375,0.06256787942060212,237880.80722134167,11149.784139152802,0.043938667905406466,54.86391479864675,71.22417591789932,98.48138611025821,17.95001740946231,margin-localized,5.0,50;100;200,TCGA-86-8073-01,TCGA-86-8073,Male,Stage IB,58,0:LIVING,24.31,0,I,matched
male_psg_negative,TCGA-86-8585,TCGA-86-8585-01Z-00-DX1.bc0b1c69-f71d-46fc-8195-2d205002e6e5,TCGA-86-8585-01,TCGA-86-8585,10,183.06835466869856,16686848.872979268,16.68684887297927,537051.25,0.03218410222853028,16149797.622979268,160418.50744545172,0.009613469185618064,48.82063372345226,86.2917173615121,99.25312174218205,49.125,peritumoral,5.0,50;100;200,TCGA-86-8585-01,TCGA-86-8585,Male,Stage IB,57,0:LIVING,11.6,0,I,matched
male_psg_negative,TCGA-86-A4JF,TCGA-86-A4JF-01Z-00-DX1.22828B15-D68E-4300-A3A8-FBC11B319BC5,TCGA-86-A4JF-01,TCGA-86-A4JF,12,150.87586550555568,7702489.953519205,7.702489953519205,296080.59375,0.03843959492796523,7406409.359769204,619319.2150137265,0.0804050662514353,68.85405519411258,89.82377252397666,99.09721543243313,31.038786219825028,margin-localized,5.0,50;100;200,TCGA-86-A4JF-01,TCGA-86-A4JF,Male,Stage IIB,56,1:DECEASED,24.21,1,II,matched
male_psg_negative,TCGA-91-A4BC,TCGA-91-A4BC-01Z-00-DX1.8D8783B1-D1BA-4970-B77B-3AED8506C487,TCGA-91-A4BC-01,TCGA-91-A4BC,2,17.67369656074533,3406852.680863226,3.406852680863226,321987.90625,0.09451183729154233,3084864.774613226,175411.30556467402,0.05148778711506494,71.13109240548218,91.47353202477647,97.57472360885696,32.146393654654325,margin-localized,5.0,50;100;200,TCGA-91-A4BC-01,TCGA-91-A4BC,Male,Stage IIA,59,0:LIVING,1.45,0,II,matched
male_psg_negative,TCGA-93-A4JP,TCGA-93-A4JP-01Z-00-DX1.994E229B-5251-4F61-8C41-863047F3A136,TCGA-93-A4JP-01,TCGA-93-A4JP,6,103.03334265329053,3154032.213773153,3.154032213773153,292165.40625,0.09263234692853184,2861866.8075231523,331953.36504721065,0.10524729696723564,84.80340071864647,96.94804946692237,99.42947931313378,16.8129646775933,margin-localized,5.0,50;100;200,TCGA-93-A4JP-01,TCGA-93-A4JP,Male,Stage IV,64,0:LIVING,18.99,0,IV,matched
male_psg_negative,TCGA-93-A4JQ,TCGA-93-A4JQ-01Z-00-DX1.24573112-917C-43E9-B0FD-763C290AA88A,TCGA-93-A4JQ-01,TCGA-93-A4JQ,11,124.48165670694424,8420555.250330739,8.42055525033074,288365.25,0.03424539610837109,8132190.000330738,391633.65016431455,0.04650924298001989,70.23704036523401,95.35772302691315,99.82216130410573,35.375,margin-localized,5.0,50;100;200,TCGA-93-A4JQ-01,TCGA-93-A4JQ,Male,Stage IA,49,0:LIVING,17.28,0,I,matched
male_psg_negative,TCGA-95-7567,TCGA-95-7567-01Z-00-DX1.982FF122-A440-4949-926C-B58AF8381090,TCGA-95-7567-01,TCGA-95-7567,15,183.97089793237458,26954561.70167334,26.95456170167334,5036670.913921479,0.18685783021316213,21917890.787751857,468338.50351262186,0.01737511107381677,35.41887478187725,74.43267807326602,93.87440001535619,63.88710746308679,peritumoral,5.0,50;100;200,TCGA-95-7567-01,TCGA-95-7567,Male,Stage IIB,61,0:LIVING,18.66,0,II,matched
male_psg_negative,TCGA-95-7947,TCGA-95-7947-01Z-00-DX1.44291078-2D8E-4E79-8FAB-439E52BAAD60,TCGA-95-7947-01,TCGA-95-7947,8,35.17357403578424,2233732.595105174,2.233732595105174,48318.28125,0.021631184214207594,2185414.313855174,76237.91786137332,0.03413027952783386,40.95076771627894,79.57399858980176,96.62643505927005,60.62156249321566,peritumoral,5.0,50;100;200,TCGA-95-7947-01,TCGA-95-7947,Male,Stage IA,67,0:LIVING,15.67,0,I,matched
male_psg_negative,TCGA-95-8494,TCGA-95-8494-01Z-00-DX1.716299EF-71BB-4095-8F4D-F0C2252CE594,TCGA-95-8494-01,TCGA-95-8494,7,158.09787836446316,3979543.914593988,3.979543914593988,349059.444357131,0.08771342944025376,3630484.4702368574,194538.4189243163,0.04888460162756215,74.03189165368342,91.0462555869111,98.6257629087526,27.073107043706674,margin-localized,5.0,50;100;200,TCGA-95-8494-01,TCGA-95-8494,Male,Stage IIA,67,0:LIVING,2.76,0,II,matched
male_psg_negative,TCGA-97-7937,TCGA-97-7937-01Z-00-DX1.6db4b2ff-722c-4bb8-b12f-15f1a38b4ab1,TCGA-97-7937-01,TCGA-97-7937,4,213.17147441652236,9434996.678973999,9.434996678973999,4471509.997220123,0.473928094451261,4963486.681753876,332603.67157816875,0.035252123863422226,53.9096641084512,83.64577063903705,98.33868932501042,29.13465505201666,immune-penetrated,5.0,50;100;200,TCGA-97-7937-01,TCGA-97-7937,Male,Stage IB,65,0:LIVING,18.53,0,I,matched
male_psg_negative,TCGA-97-A4LX,TCGA-97-A4LX-01Z-00-DX1.B2334672-A626-4E74-B4D1-A79F70F65909,TCGA-97-A4LX-01,TCGA-97-A4LX,7,116.00357843328594,5583109.714206085,5.583109714206085,76265.02196201094,0.013659954015941417,5506844.692244073,571880.9897420235,0.10243054838898948,72.14129420079878,90.02177733681536,99.55303381487573,28.98329260108313,margin-localized,5.0,50;100;200,TCGA-97-A4LX-01,TCGA-97-A4LX,Male,Stage IB,81,0:LIVING,20.17,0,I,matched
male_psg_negative,TCGA-99-8032,TCGA-99-8032-01Z-00-DX1.7380b78f-ea25-43e0-ac90-194b5c6b1432,TCGA-99-8032-01,TCGA-99-8032,3,7.170790538605505,338112.2821876256,0.33811228218762557,5171.912666668195,0.015296435353384152,332940.36952095735,11244.111578285532,0.03325555494622919,60.91020157693266,77.94825293040964,99.80204204488442,30.786056096876067,margin-localized,5.0,50;100;200,TCGA-99-8032-01,TCGA-99-8032,Male,Stage IA,61,0:LIVING,1.45,0,I,matched
male_psg_negative,TCGA-MN-A4N1,TCGA-MN-A4N1-01Z-00-DX2.9B0852C4-16BF-4962-B86F-E2570E48A89E,TCGA-MN-A4N1-01,TCGA-MN-A4N1,9,156.03780833136992,5467622.799882744,5.4676227998827445,491316.7334368811,0.08985929560602052,4976306.066445864,230683.16222139227,0.04219076016479033,70.31914307687686,87.55064139282105,99.84751221868684,39.625,margin-localized,5.0,50;100;200,TCGA-MN-A4N1-01,TCGA-MN-A4N1,Male,Stage IIA,60,0:LIVING,27.17,0,II,matched
male_psg_negative,TCGA-MN-A4N4,TCGA-MN-A4N4-01Z-00-DX1.7D8352EF-7A4B-4084-9612-CF92D9D16041,TCGA-MN-A4N4-01,TCGA-MN-A4N4,2,98.87486524236968,3311755.0658952384,3.3117550658952384,229412.1875,0.06927208774057841,3082342.8783952384,186502.7245666459,0.05631537382920262,62.503283354925365,86.84745163119125,99.45681636014199,34.84502520088054,margin-localized,5.0,50;100;200,TCGA-MN-A4N4-01,TCGA-MN-A4N4,Male,Stage IA,57,0:LIVING,38.6,0,I,matched
male_psg_negative,TCGA-MP-A4SV,TCGA-MP-A4SV-01Z-00-DX1.5430F2CF-BE4B-42D6-9CD4-92E6FB3F6E99,TCGA-MP-A4SV-01,TCGA-MP-A4SV,8,119.65995233251367,9213013.361217286,9.213013361217287,1178800.3800361035,0.12794949207371523,8034212.981181182,442575.6189825216,0.0480380958574932,55.34513110710322,88.47313109903587,99.71419688828946,41.72416865558857,margin-localized,5.0,50;100;200,TCGA-MP-A4SV-01,TCGA-MP-A4SV,Male,Stage IB,67,1:DECEASED,86.07,1,I,matched
male_psg_negative,TCGA-MP-A4SW,TCGA-MP-A4SW-01Z-00-DX1.A6651B25-A35A-4BDE-9EBF-D264A02003C8,TCGA-MP-A4SW-01,TCGA-MP-A4SW,2,102.11058926452435,7902292.435362843,7.902292435362843,883131.6000842804,0.11175638048172667,7019160.835278563,386036.3363717431,0.04885118331539167,54.59150377363077,91.61104342360807,98.89259758760059,45.82064218231778,margin-localized,5.0,50;100;200,TCGA-MP-A4SW-01,TCGA-MP-A4SW,Male,Stage IIB,53,1:DECEASED,58.41,1,II,matched
male_psg_negative,TCGA-MP-A4SY,TCGA-MP-A4SY-01Z-00-DX1.9535274F-C850-409E-80A1-B933B2F1A110,TCGA-MP-A4SY-01,TCGA-MP-A4SY,12,152.2157718194158,11659777.511662245,11.659777511662245,1040391.40625,0.08922909594195845,10619386.105412245,747008.3083131572,0.06406711513714483,65.19199556592122,88.92434767778414,99.13802790858503,30.377057543481726,margin-localized,5.0,50;100;200,TCGA-MP-A4SY-01,TCGA-MP-A4SY,Male,Stage IIB,61,1:DECEASED,49.31,1,II,matched
male_psg_negative,TCGA-MP-A4TD,TCGA-MP-A4TD-01Z-00-DX1.937DEBC9-F5D5-4682-AA9A-13D8226EE06C,TCGA-MP-A4TD-01,TCGA-MP-A4TD,7,180.4702475560412,3616172.805140368,3.6161728051403683,310451.16424016544,0.08585075464282596,3305721.640900203,25780.234903720735,0.007129149045940029,28.800401368462154,70.75866822402463,99.0134281394204,71.31323947907569,peritumoral,5.0,50;100;200,TCGA-MP-A4TD-01,TCGA-MP-A4TD,Male,Stage IIIA,71,1:DECEASED,10.09,1,III,matched
male_psg_negative,TCGA-NJ-A4YG,TCGA-NJ-A4YG-01Z-00-DX1.507BAE41-5EE9-4657-AAD1-AD456750BA2F,TCGA-NJ-A4YG-01,TCGA-NJ-A4YG,8,164.52505147927687,2981030.2174699567,2.9810302174699568,155272.1519347137,0.05208674203460286,2825758.0655352427,166939.48928126355,0.05600060284626954,67.8514489366129,95.37508278707945,98.59262710051344,37.01203351614175,margin-localized,5.0,50;100;200,TCGA-NJ-A4YG-01,TCGA-NJ-A4YG,Male,Stage IB,65,0:LIVING,74.28,0,I,matched
male_psg_negative,TCGA-NJ-A7XG,TCGA-NJ-A7XG-01Z-00-DX1.4A876254-653C-410B-A36C-55FC41C1DD93,TCGA-NJ-A7XG-01,TCGA-NJ-A7XG,11,8.305069063006464,5402555.544677582,5.402555544677582,1767435.8714707796,0.32714811663750476,3635119.673206803,2519059.5068312176,0.46627183857700666,65.08061067174935,82.95784952431566,99.99566003999291,65.52194141636136,immune-penetrated,5.0,50;100;200,TCGA-NJ-A7XG-01,TCGA-NJ-A7XG,Male,Stage IIIA,49,0:LIVING,20.27,0,III,matched
male_psg_positive,TCGA-05-4249,TCGA-05-4249-01Z-00-DX1.9fce0297-cc19-4c04-872c-4466ee4024db,TCGA-05-4249-01,TCGA-05-4249,2,61.15748582526892,1238883.53042936,1.23888353042936,25750.625,0.020785347748610076,1213132.90542936,10752.5274084632,0.008679207644916141,42.36211752246932,78.75403171350699,99.18622321540482,54.60225499006428,peritumoral,5.0,50;100;200,TCGA-05-4249-01,TCGA-05-4249,Male,Stage IB,67,0:LIVING,50.03,0,I,matched
male_psg_positive,TCGA-05-4384,TCGA-05-4384-01Z-00-DX1.CA68BF29-BBE3-4C8E-B48B-554431A9EE13,TCGA-05-4384-01,TCGA-05-4384,1,2.3270472045159822,52589.96875,0.05258996875,23301.28125,0.4430746357878374,29288.6875,4430.9375,0.08425442352064527,78.80596287671307,90.96358086350831,97.1716920824373,11.75,immune-penetrated,5.0,50;100;200,TCGA-05-4384-01,TCGA-05-4384,Male,Stage IIIA,66,0:LIVING,13.99,0,III,matched
male_psg_positive,TCGA-05-4396,TCGA-05-4396-01Z-00-DX1.49DD5F68-7473-4945-B384-EA6D5AE383CB,TCGA-05-4396-01,TCGA-05-4396,2,98.6420262235804,368622.18309524097,0.368622183095241,167532.84375,0.45448389009924156,201089.339345241,2571.09375,0.006974875273134895,52.83414279626282,59.59528296713545,65.48282371896065,46.75501310020135,immune-penetrated,5.0,50;100;200,TCGA-05-4396-01,TCGA-05-4396,Male,Stage IIIB,76,1:DECEASED,9.95,1,III,matched
male_psg_positive,TCGA-05-4403,TCGA-05-4403-01Z-00-DX1.fee8e988-956c-42a2-a6c5-06b6d6736295,TCGA-05-4403-01,TCGA-05-4403,2,41.19756930222499,1906577.5253190582,1.9065775253190582,28642.53125,0.015023008962201411,1877934.994069058,69446.46926312246,0.036424676332792116,54.046173074807236,87.50488125324635,98.24029768735795,40.49228321544736,margin-localized,5.0,50;100;200,TCGA-05-4403-01,TCGA-05-4403,Male,Stage IB,76,0:LIVING,18.99,0,I,matched
male_psg_positive,TCGA-05-4410,TCGA-05-4410-01Z-00-DX1.E5B66334-4949-4F45-9200-296B1A2F1AD5,TCGA-05-4410-01,TCGA-05-4410,1,4.126002221557943,188026.75,0.18802675,43179.3125,0.2296445186655622,144847.4375,17606.78125,0.09363976801173238,91.12724319810877,97.34726907208682,100.0,10.746547410680325,margin-localized,5.0,50;100;200,TCGA-05-4410-01,TCGA-05-4410,Male,Stage IB,62,0:LIVING,0,0,I,matched
male_psg_positive,TCGA-05-4420,TCGA-05-4420-01Z-00-DX1.2df0552e-87dc-491e-9be2-be8fbce2660d,TCGA-05-4420-01,TCGA-05-4420,1,57.41846386435626,316744.5274305159,0.3167445274305159,22666.34375,0.07156033265633076,294078.1836805159,12923.5625,0.04080121795580205,51.97894026233989,94.73995450366387,99.84806367330036,44.62609417426087,margin-localized,5.0,50;100;200,TCGA-05-4420-01,TCGA-05-4420,Male,Stage IB,41,0:LIVING,29.96,0,I,matched
male_psg_positive,TCGA-05-4422,TCGA-05-4422-01Z-00-DX1.4802093f-71ea-43d5-bd92-b4bd7fc8c5bf,TCGA-05-4422-01,TCGA-05-4422,2,60.39566416811392,2406274.7600827185,2.4062747600827183,978811.3320513482,0.4067745497266906,1427463.4280313703,33194.75977567408,0.013795082891752965,43.433247835656786,63.72878964611222,77.34227540724746,38.43648372640244,immune-penetrated,5.0,50;100;200,TCGA-05-4422-01,TCGA-05-4422,Male,Stage IB,68,0:LIVING,11.99,0,I,matched
male_psg_positive,TCGA-05-4424,TCGA-05-4424-01Z-00-DX1.4892016C-1A96-4A72-ACB8-FFD282FC4E69,TCGA-05-4424-01,TCGA-05-4424,2,48.9308308999606,827991.834667834,0.827991834667834,313730.0,0.3789047027569532,514261.834667834,7267.897427626806,0.008777740459895324,34.16189983215245,64.97850430414731,89.82700565715226,48.332062662894906,immune-penetrated,5.0,50;100;200,TCGA-05-4424-01,TCGA-05-4424,Male,Stage IIB,70,0:LIVING,29.99,0,II,matched
male_psg_positive,TCGA-05-4426,TCGA-05-4426-01Z-00-DX1.4c9da782-f4aa-4c4f-b3aa-fae2259f236f,TCGA-05-4426-01,TCGA-05-4426,4,69.6429356967753,2162677.3059698218,2.162677305969822,231575.26062735653,0.10707804626613489,1931102.0453424652,225832.25993618288,0.10442254113121681,86.76356352507165,96.0463485173836,98.00598667323383,18.052873732456003,margin-localized,5.0,50;100;200,TCGA-05-4426-01,TCGA-05-4426,Male,Stage IB,71,0:LIVING,25.99,0,I,matched
male_psg_positive,TCGA-05-4433,TCGA-05-4433-01Z-00-DX1.5843D3CC-CB24-4A0A-BB65-78A5DAA11D84,TCGA-05-4433-01,TCGA-05-4433,4,158.17875549887904,4329751.25871508,4.32975125871508,693034.364373872,0.16006332072284923,3636716.894341209,82041.96057399517,0.018948423517138113,55.28501850197387,82.51702140516888,91.14485724301116,35.48926994529473,margin-localized,5.0,50;100;200,TCGA-05-4433-01,TCGA-05-4433,Male,Stage IB,82,0:LIVING,23.98,0,I,matched
male_psg_positive,TCGA-05-5420,TCGA-05-5420-01Z-00-DX1.8C253A99-44FD-48B6-AF31-D808CCB7DB1E,TCGA-05-5420-01,TCGA-05-5420,1,0.5915329189592005,12073.4375,0.0120734375,714.25,0.05915879383978258,11359.1875,1414.75,0.11717872395496312,100.0,100.0,100.0,11.483173831741816,margin-localized,5.0,50;100;200,TCGA-05-5420-01,TCGA-05-5420,Male,Stage IIIA,67,0:LIVING,15.01,0,III,matched
male_psg_positive,TCGA-05-5423,TCGA-05-5423-01Z-00-DX1.CCCF5FDB-ACAD-4D9D-80DF-556F0D6284AF,TCGA-05-5423-01,TCGA-05-5423,2,3.4414569360253684,225414.02719973703,0.22541402719973702,43570.9375,0.1932929287554596,181843.08969973703,69693.1398223657,0.30917836253646863,84.93808414666681,91.17903719346566,98.7076558472474,9.168560410446124,margin-localized,5.0,50;100;200,TCGA-05-5423-01,TCGA-05-5423,Male,Stage IIB,65,0:LIVING,4.96,0,II,matched
male_psg_positive,TCGA-05-5425,TCGA-05-5425-01Z-00-DX1.85865B2F-4888-43DD-A501-458BEFCF832B,TCGA-05-5425-01,TCGA-05-5425,1,1.9111741738261327,29803.34375,0.02980334375,954.03125,0.03201087965171693,28849.3125,5094.0,0.17092041895466847,98.40569483080233,100.0,100.0,12.40022681244178,margin-localized,5.0,50;100;200,TCGA-05-5425-01,TCGA-05-5425,Male,Stage IIB,68,0:LIVING,28.98,0,II,matched
male_psg_positive,TCGA-05-5428,TCGA-05-5428-01Z-00-DX1.8018AD62-F1CE-4BFF-8EFD-3F2D4513FC11,TCGA-05-5428-01,TCGA-05-5428,1,2.6309845959957503,29138.65625,0.02913865625,2928.6875,0.10050866707348594,26209.96875,6424.28125,0.22047280406075692,92.11957483454646,96.41369872709899,100.0,11.565877884968351,margin-localized,5.0,50;100;200,TCGA-05-5428-01,TCGA-05-5428,Male,Stage IIA,57,0:LIVING,22.01,0,II,matched
male_psg_positive,TCGA-05-5429,TCGA-05-5429-01Z-00-DX1.20729065-FADA-4E43-98D7-AFA5FB4A0447,TCGA-05-5429-01,TCGA-05-5429,1,2.5613110074382126,18467.96875,0.01846796875,1137.5625,0.06159651423495072,17330.40625,3575.09375,0.1935834849189898,91.2761115106392,99.475273911756,100.0,9.625202919938882,margin-localized,5.0,50;100;200,TCGA-05-5429-01,TCGA-05-5429,Male,Stage IIIA,60,1:DECEASED,9.03,1,III,matched
male_psg_positive,TCGA-35-3615,TCGA-35-3615-01Z-00-DX1.585128eb-6652-4b05-9a83-dc8f242904a6,TCGA-35-3615-01,TCGA-35-3615,9,168.595642655877,7738994.311154381,7.738994311154381,2335777.6821979396,0.3018192788733973,5403216.628956442,387936.6314137531,0.05012752507836988,57.95164325926778,79.37233378148437,90.00122124849383,24.776816280547425,margin-localized,5.0,50;100;200,TCGA-35-3615-01,TCGA-35-3615,Male,Stage IB,57,0:LIVING,0.46,0,I,matched
male_psg_positive,TCGA-35-4122,TCGA-35-4122-01Z-00-DX1.2ac022e4-e796-49e5-9a24-f0ff3f76a527,TCGA-35-4122-01,TCGA-35-4122,2,61.58489875457955,6396534.779405776,6.396534779405776,159180.24940837722,0.02488538793236495,6237354.529997399,159565.46175780834,0.024945609968626107,59.20546004058701,87.71032760053069,99.82780643838682,43.09206169644242,margin-localized,5.0,50;100;200,TCGA-35-4122-01,TCGA-35-4122,Male,Stage IA,69,0:LIVING,7.39,0,I,matched
male_psg_positive,TCGA-35-5375,TCGA-35-5375-01Z-00-DX1.10708170-750A-451B-BC10-0B4042540033,TCGA-35-5375-01,TCGA-35-5375,2,108.55106735639373,5134738.334808891,5.13473833480889,406372.78125,0.07914186756025314,4728365.55355889,143095.50857720643,0.027868120875244616,48.564086087239005,80.31950282393164,98.04912556231127,48.187662126834915,peritumoral,5.0,50;100;200,TCGA-35-5375-01,TCGA-35-5375,Male,Stage IIIA,61,0:LIVING,8.67,0,III,matched
male_psg_positive,TCGA-38-4632,TCGA-38-4632-01Z-00-DX1.5E05F85C-53BC-4280-8E7F-8B9DECEF849F,TCGA-38-4632-01,TCGA-38-4632,6,65.94481639487479,4846582.802832416,4.846582802832416,573109.0,0.11825012040753052,4273473.802832416,244101.29431667543,0.050365650242067246,51.181778757274344,79.62598600536161,95.83550477286698,42.47094595132065,margin-localized,5.0,50;100;200,TCGA-38-4632-01,TCGA-38-4632,Male,Stage IV,42,1:DECEASED,44.58,1,IV,matched
male_psg_positive,TCGA-38-A44F,TCGA-38-A44F-01Z-00-DX1.B9958072-D8BB-40DD-B28E-2E83CE2B550B,TCGA-38-A44F-01,TCGA-38-A44F,8,60.83527370607061,2300695.767575564,2.3006957675755637,114981.97455584162,0.04997704441252907,2185713.793019722,152420.40079475322,0.06624969843595244,70.8970754027988,93.53190495695911,99.82428258649931,29.466612462242754,margin-localized,5.0,50;100;200,TCGA-38-A44F-01,TCGA-38-A44F,Male,Stage IB,80,0:LIVING,4.37,0,I,matched
male_psg_positive,TCGA-44-2666,TCGA-44-2666-01Z-00-DX1.f81a89cf-6033-47ea-9a43-290a5d6a28c1,TCGA-44-2666-01,TCGA-44-2666,6,104.24242268358589,3875630.270090763,3.8756302700907628,272360.34375,0.07027511005161532,3603269.926340763,202022.26339359814,0.05212629928934553,72.62544517256737,98.67721550066837,99.97031034643916,33.910037230884896,margin-localized,5.0,50;100;200,TCGA-44-2666-01,TCGA-44-2666,Male,Stage IB,43,1:DECEASED,3.19,1,I,matched
male_psg_positive,TCGA-44-5643,TCGA-44-5643-01Z-00-DX1.83fb7631-0ecb-4473-bfb2-c8daa2f87d35,TCGA-44-5643-01,TCGA-44-5643,4,70.60845166313696,7261925.26474716,7.26192526474716,610619.6875,0.0840850966153891,6651305.57724716,113893.35220547751,0.01568363044967841,34.22992500105651,65.7495707468251,94.01417703292263,68.59584991090934,peritumoral,5.0,50;100;200,TCGA-44-5643-01,TCGA-44-5643,Male,Stage IIIA,53,0:LIVING,33.28,0,III,matched
male_psg_positive,TCGA-44-6146,TCGA-44-6146-01Z-00-DX1.8db8c567-690e-4df3-98a9-f241b6a8d811,TCGA-44-6146-01,TCGA-44-6146,4,37.103408913701195,53994.209235029964,0.05399420923502996,17702.28125,0.3278551811536717,36291.927985029964,2837.625,0.05255424683873371,49.581276397668375,72.16636831802592,81.04194848850756,29.901422464859092,immune-penetrated,5.0,50;100;200,TCGA-44-6146-01,TCGA-44-6146,Male,Stage IIB,64,0:LIVING,23.92,0,II,matched
male_psg_positive,TCGA-44-6148,TCGA-44-6148-01Z-00-DX1.94c29c83-1085-458f-a0c9-3ffa8592cb98,TCGA-44-6148-01,TCGA-44-6148,3,28.015578696965726,631944.161877514,0.631944161877514,11604.99392265601,0.018363954638298152,620339.1679548579,10865.43688494447,0.01719366605534122,93.29166025702084,99.9034692819942,100.0,23.375,margin-localized,5.0,50;100;200,TCGA-44-6148-01,TCGA-44-6148,Male,Stage IA,60,0:LIVING,23.13,0,I,matched
male_psg_positive,TCGA-44-6778,TCGA-44-6778-01Z-00-DX1.5e932267-cc68-4a8e-a660-fe2cc0c59ff4,TCGA-44-6778-01,TCGA-44-6778,2,66.66101097306719,5276900.587116472,5.276900587116472,98744.03125,0.018712505498224296,5178156.555866472,118728.50310897102,0.02249966645171336,50.35759267116242,81.22205264069765,99.66373389946956,53.47320027076421,peritumoral,5.0,50;100;200,TCGA-44-6778-01,TCGA-44-6778,Male,Stage IA,59,0:LIVING,61.24,0,I,matched
male_psg_positive,TCGA-44-7659,TCGA-44-7659-01Z-00-DX1.818bf5b3-b4c1-4d23-a6ae-98d5015eb8c1,TCGA-44-7659-01,TCGA-44-7659,3,50.26827669564868,2418323.8879147535,2.4183238879147537,159159.3125,0.06581389419977081,2259164.575414754,130041.02923298617,0.05377320626192737,53.92907056094949,90.73870144962957,100.0,46.09450211250795,margin-localized,5.0,50;100;200,TCGA-44-7659-01,TCGA-44-7659,Male,Stage IA,70,0:LIVING,22.7,0,I,matched
male_psg_positive,TCGA-44-7669,TCGA-44-7669-01Z-00-DX1.34d0c9ac-d3dc-4a5e-b99c-a8c1c1e120d1,TCGA-44-7669-01,TCGA-44-7669,5,51.7799618601401,2146092.7402745667,2.146092740274567,77466.8125,0.03609667515584115,2068625.9277745672,20997.562602219507,0.009784089106761118,50.27515860969346,90.61818107339994,98.05749776862372,49.766015010245695,margin-localized,5.0,50;100;200,TCGA-44-7669-01,TCGA-44-7669,Male,Stage IIA,59,1:DECEASED,18.86,1,II,matched
male_psg_positive,TCGA-44-7671,TCGA-44-7671-01Z-00-DX1.00297baa-00e7-4894-a7b8-c9ac2a9d42d8,TCGA-44-7671-01,TCGA-44-7671,4,3.3750843329617615,12251.731393820639,0.01225173139382064,21.75,0.0017752592920025954,12229.981393820639,304.53125,0.02485618074793864,32.862447115276204,65.36188323249299,99.7428934818479,73.0625,peritumoral,5.0,50;100;200,TCGA-44-7671-01,TCGA-44-7671,Male,Stage IB,64,0:LIVING,29.2,0,I,matched
male_psg_positive,TCGA-44-8119,TCGA-44-8119-01Z-00-DX1.1EBEBFA7-22DB-4365-9DF8-C4E679C11312,TCGA-44-8119-01,TCGA-44-8119,2,4.212289658353258,69494.81963814331,0.0694948196381433,215.0625,0.0030946551285379494,69279.75713814331,1849.9375,0.026619789930135068,31.613467131754348,95.5189380073697,100.0,57.8126351349772,peritumoral,5.0,50;100;200,TCGA-44-8119-01,TCGA-44-8119,Male,Stage IIB,73,0:LIVING,9.36,0,II,matched
male_psg_positive,TCGA-44-A47B,TCGA-44-A47B-01Z-00-DX1.177D0531-E037-435B-BFD4-382B2150B10D,TCGA-44-A47B-01,TCGA-44-A47B,2,38.82545719720249,1066634.503747176,1.0666345037471758,792642.895468044,0.7431251217576624,273991.60827913176,15824.78125,0.014836179773302123,21.20309876987163,37.11635779232348,47.89798269251127,47.556709568682315,immune-penetrated,5.0,50;100;200,TCGA-44-A47B-01,TCGA-44-A47B,Male,Stage IB,79,0:LIVING,9.43,0,I,matched
male_psg_positive,TCGA-44-A4SS,TCGA-44-A4SS-01Z-00-DX1.F3D85B63-D963-42D2-815F-CB9D791A0F7B,TCGA-44-A4SS-01,TCGA-44-A4SS,8,49.92822604461099,2686010.591378992,2.686010591378992,156420.78125,0.058235355345227405,2529589.810128992,64195.75,0.023900036063164605,65.26486020230074,93.37328877247083,98.7590117262246,39.125,margin-localized,5.0,50;100;200,TCGA-44-A4SS-01,TCGA-44-A4SS,Male,Stage IA,73,0:LIVING,13.63,0,I,matched
male_psg_positive,TCGA-49-4494,TCGA-49-4494-01Z-00-DX2.cac5ed0a-98c3-4d37-a4f4-9596a061836a,TCGA-49-4494-01,TCGA-49-4494,13,146.3881708469142,4027854.853261232,4.027854853261232,372788.5135961132,0.0925526184972325,3655066.3396651186,96912.81388039168,0.02406065198747773,50.15207948485498,78.5260369341276,97.04997404483147,48.81037927531398,margin-localized,5.0,50;100;200,TCGA-49-4494-01,TCGA-49-4494,Male,Stage IIIA,77,1:DECEASED,35.51,1,III,matched
male_psg_positive,TCGA-49-6742,TCGA-49-6742-01Z-00-DX5.74539ee6-0ac6-4663-89f1-c6a74a59a4cb,TCGA-49-6742-01,TCGA-49-6742,11,167.2440351282394,9230430.247064965,9.230430247064964,526357.2702709752,0.05702413172325776,8704072.976793991,323760.75088039425,0.035075369426397184,60.1449208510328,87.82429045546195,98.89101698952837,42.34032504598896,margin-localized,5.0,50;100;200,TCGA-49-6742-01,TCGA-49-6742,Male,Stage IIA,70,1:DECEASED,16.03,1,II,matched
male_psg_positive,TCGA-49-AAR0,TCGA-49-AAR0-01Z-00-DX1.1635383C-0FB3-4CF9-BABC-08AC19CCE501,TCGA-49-AAR0-01,TCGA-49-AAR0,4,117.98481373060504,7806355.570884599,7.806355570884599,2578803.081817888,0.33034660776099695,5227552.489066713,212665.21113114967,0.027242572952265728,55.35179194313626,74.76566100802604,88.85539551781237,30.25025826336033,immune-penetrated,5.0,50;100;200,TCGA-49-AAR0-01,TCGA-49-AAR0,Male,Stage IA,57,0:LIVING,156.54,0,I,matched
male_psg_positive,TCGA-49-AAR2,TCGA-49-AAR2-01Z-00-DX1.1F09F896-446E-4C55-8D01-6C34A98AB1D2,TCGA-49-AAR2-01,TCGA-49-AAR2,6,287.1864761852311,8252835.701563033,8.252835701563033,2176896.6397365397,0.2637755940451171,6075939.0618264945,107104.17851247608,0.012977863898610177,36.69098682699272,76.34829182785319,92.13590413694564,55.170085021232296,peritumoral,5.0,50;100;200,TCGA-49-AAR2-01,TCGA-49-AAR2,Male,Stage IB,64,0:LIVING,73.06,0,I,matched
male_psg_positive,TCGA-49-AAR3,TCGA-49-AAR3-01Z-00-DX1.B4D85F13-CEB4-46DA-BF39-0200B9E55835,TCGA-49-AAR3-01,TCGA-49-AAR3,7,24.671445862333353,5000842.803411885,5.000842803411885,345098.3750827071,0.06900804297372826,4655744.428329177,260618.05206595367,0.05211482590257464,67.98350260002559,90.09285486034744,99.2662643039896,33.59920013928903,margin-localized,5.0,50;100;200,TCGA-49-AAR3-01,TCGA-49-AAR3,Male,Stage IIB,69,0:LIVING,62.19,0,II,matched
male_psg_positive,TCGA-49-AAR4,TCGA-49-AAR4-01Z-00-DX1.EDB32358-AF23-4F81-A99F-15574A2DE28E,TCGA-49-AAR4-01,TCGA-49-AAR4,12,9.846962996448507,1348411.1855532227,1.3484111855532226,16547.28125,0.012271687914848485,1331863.904303223,32292.037203966956,0.023948212199617926,74.82792971183711,99.12027748136555,99.9992838794202,33.74768510579651,margin-localized,5.0,50;100;200,TCGA-49-AAR4-01,TCGA-49-AAR4,Male,Stage IIIA,51,1:DECEASED,28.88,1,III,matched
male_psg_positive,TCGA-49-AARR,TCGA-49-AARR-01Z-00-DX1.9BCAFE3D-447C-40D6-85DD-AFABF6978376,TCGA-49-AARR-01,TCGA-49-AARR,7,45.8316392590005,2142584.931207407,2.142584931207407,140252.8125,0.06545962797421692,2002332.1187074068,151437.75612400883,0.07067993147822121,73.27415528890342,95.57402479857134,99.8855924079773,26.625,margin-localized,5.0,50;100;200,TCGA-49-AARR-01,TCGA-49-AARR,Male,Stage IA,68,0:LIVING,163.99,0,I,matched
male_psg_positive,TCGA-50-5939,TCGA-50-5939-01Z-00-DX1.745D7503-0744-46B1-BC89-EBB8FCE2D55C,TCGA-50-5939-01,TCGA-50-5939,9,54.15787579380463,1860512.1684307377,1.8605121684307377,38951.79695383752,0.020936061378567437,1821560.3714769,32309.97582353001,0.017366172805406636,32.24143583786996,68.6510266767746,99.93183486452011,75.38919849686691,peritumoral,5.0,50;100;200,TCGA-50-5939-01,TCGA-50-5939,Male,Stage IB,85,1:DECEASED,15.11,1,I,matched
male_psg_positive,TCGA-50-5946,TCGA-50-5946-01Z-00-DX1.5076CACA-E3C0-4114-BA69-5B4896FF0C4B,TCGA-50-5946-01,TCGA-50-5946,12,118.47098418769042,13604022.001399696,13.604022001399695,814204.97573765,0.05985031306578876,12789817.025662048,363909.09266404354,0.026750110564846302,62.72112029652036,92.69557811448624,99.14535346865475,38.76229643609883,margin-localized,5.0,50;100;200,TCGA-50-5946-01,TCGA-50-5946,Male,Stage IA,62,0:LIVING,53.12,0,I,matched
male_psg_positive,TCGA-50-7109,TCGA-50-7109-01Z-00-DX1.08f6420c-baa2-4e79-908e-ebbdeec503a6,TCGA-50-7109-01,TCGA-50-7109,8,102.44233129262727,6180133.912001817,6.180133912001817,216183.39459869426,0.03498037383605333,5963950.517403122,106227.17882466942,0.017188491436791735,46.76591158222253,90.86106410832498,99.49861089733554,54.95481098138725,peritumoral,5.0,50;100;200,TCGA-50-7109-01,TCGA-50-7109,Male,Stage IA,60,1:DECEASED,10.12,1,I,matched
male_psg_positive,TCGA-50-8459,TCGA-50-8459-01Z-00-DX1.24D876E7-5265-4C5D-A215-0BAE5450EEF3,TCGA-50-8459-01,TCGA-50-8459,20,265.08966807382797,22970898.797983978,22.970898797983978,1646786.7474910049,0.0716901311513128,21324112.050492976,811589.228029307,0.03533119165979415,55.13276441013468,88.39299552072387,98.35018091169505,43.126132231513644,margin-localized,5.0,50;100;200,TCGA-50-8459-01,TCGA-50-8459,Male,Stage IIB,68,0:LIVING,36.76,0,II,matched
male_psg_positive,TCGA-53-A4EZ,TCGA-53-A4EZ-01Z-00-DX1.5D155F0B-A677-4589-AF00-A4C451F5B6B6,TCGA-53-A4EZ-01,TCGA-53-A4EZ,14,277.21200782741533,9081629.11269914,9.08162911269914,884113.9284516774,0.09735190872476744,8197515.184247463,547065.6065002773,0.060238708244019515,50.60516713710245,84.61687268763654,95.77255669455357,52.474882384336986,peritumoral,5.0,50;100;200,TCGA-53-A4EZ-01,TCGA-53-A4EZ,Male,Stage IIA,63,0:LIVING,35.18,0,II,matched
male_psg_positive,TCGA-55-1596,TCGA-55-1596-01Z-00-DX1.de65522d-92ab-408e-9b7e-24210d386b97,TCGA-55-1596-01,TCGA-55-1596,4,178.81829088425218,4060684.068966401,4.060684068966401,834974.5147819204,0.20562410190026265,3225709.5541844806,5365.397962550099,0.0013213039653970906,32.62653312675385,78.87965596071034,93.0320699617486,60.47029229299293,peritumoral,5.0,50;100;200,TCGA-55-1596-01,TCGA-55-1596,Male,Stage IIB,55,0:LIVING,67.84,0,II,matched
male_psg_positive,TCGA-55-5899,TCGA-55-5899-01Z-00-DX1.faa65b08-150c-4c74-95aa-1e8743f0152c,TCGA-55-5899-01,TCGA-55-5899,1,24.5990638551551,1355041.2070621557,1.3550412070621558,79914.53125,0.058975720320167596,1275126.6758121555,40337.11367265695,0.029768182297652216,52.68046174524403,81.60120871459338,96.26606604387352,43.39881370786534,margin-localized,5.0,50;100;200,TCGA-55-5899-01,TCGA-55-5899,Male,[Discrepancy],58,0:LIVING,30.55,0,,matched
male_psg_positive,TCGA-55-6642,TCGA-55-6642-01Z-00-DX1.0487cfc6-8216-4da3-aae1-a35452e9e4f6,TCGA-55-6642-01,TCGA-55-6642,1,42.86051173147688,1435427.4442280536,1.4354274442280535,82627.97396963988,0.057563323246948,1352799.4702584138,43502.07010689618,0.030306004167483917,56.275583793389906,84.71471285409636,98.71651304230035,49.20651633676174,margin-localized,5.0,50;100;200,TCGA-55-6642-01,TCGA-55-6642,Male,Stage IB,63,0:LIVING,80.45,0,I,matched
male_psg_positive,TCGA-55-6968,TCGA-55-6968-01Z-00-DX1.810e0fee-99ab-465b-8ae9-fb416e4dca3c,TCGA-55-6968-01,TCGA-55-6968,3,54.61331092712872,2756909.804147736,2.7569098041477362,4823.03125,0.0017494338199761958,2752086.772897736,7233.276274425086,0.00262368985142086,28.456000059275365,70.8061943355666,80.67972542267728,71.60517286656041,peritumoral,5.0,50;100;200,TCGA-55-6968-01,TCGA-55-6968,Male,Stage IV,61,1:DECEASED,42.48,1,IV,matched
male_psg_positive,TCGA-55-6969,TCGA-55-6969-01Z-00-DX1.713df9f6-1a91-4e0e-ad43-42e66dcca191,TCGA-55-6969-01,TCGA-55-6969,1,70.27745581848225,3701949.868905632,3.701949868905632,55449.65625,0.014978500037438917,3646500.212655632,181934.40625,0.04914556185056697,62.25321552052978,91.06496395959965,98.01608096123816,39.62519716039278,margin-localized,5.0,50;100;200,TCGA-55-6969-01,TCGA-55-6969,Male,Stage IB,52,0:LIVING,40.7,0,I,matched
male_psg_positive,TCGA-55-6972,TCGA-55-6972-01Z-00-DX1.0b441ad0-c30f-4f63-849a-36c98d6e2d3b,TCGA-55-6972-01,TCGA-55-6972,1,19.881656058094777,68509.6875,0.0685096875,38801.71875,0.5663683511912093,29707.96875,5405.96875,0.07890809237744661,54.234209578025,66.25887762223408,87.51668331577194,12.844776418840462,immune-penetrated,5.0,50;100;200,TCGA-55-6972-01,TCGA-55-6972,Male,Stage IB,72,1:DECEASED,53.61,1,I,matched
male_psg_positive,TCGA-55-6978,TCGA-55-6978-01Z-00-DX1.2ef6d6aa-2a19-4bce-b845-cc83ac81a1c3,TCGA-55-6978-01,TCGA-55-6978,7,39.08532818853966,9155811.803031832,9.155811803031831,1103268.376267218,0.1204992413563901,8052543.426764615,1838384.9782539583,0.200788856062463,92.81565032009762,97.29842351820332,99.885127321069,16.183517849960804,margin-localized,5.0,50;100;200,TCGA-55-6978-01,TCGA-55-6978,Male,Stage IIA,81,1:DECEASED,5.78,1,II,matched
male_psg_positive,TCGA-55-6983,TCGA-55-6983-01Z-00-DX1.8f940a64-1f1b-4e6e-99ea-418175be2b3f,TCGA-55-6983-01,TCGA-55-6983,3,9.466242839864462,701056.2678730552,0.7010562678730552,32433.21875,0.04626336035536722,668623.0491230551,9253.370810667488,0.013199184194931206,37.86919025848556,79.3195771388578,98.79204920409647,67.37233297133179,peritumoral,5.0,50;100;200,TCGA-55-6983-01,TCGA-55-6983,Male,Stage IIB,81,0:LIVING,92.74,0,II,matched
male_psg_positive,TCGA-55-6987,TCGA-55-6987-01Z-00-DX1.0c52b721-2209-4818-af8f-b22d37e6e81e,TCGA-55-6987-01,TCGA-55-6987,3,2.8207409230271057,616651.6471028622,0.6166516471028622,6034.9375,0.00978662349862065,610616.7096028621,16842.71875,0.02731318213310554,78.22989741617262,99.85193931614265,100.0,29.10712269105725,margin-localized,5.0,50;100;200,TCGA-55-6987-01,TCGA-55-6987,Male,Stage IA,77,0:LIVING,70.2,0,I,matched
male_psg_positive,TCGA-55-7227,TCGA-55-7227-01Z-00-DX1.e1a9e09c-4a50-4ee5-b1e4-2c7ae34dc913,TCGA-55-7227-01,TCGA-55-7227,2,66.04170987377606,4368718.006715201,4.368718006715201,406549.0677853396,0.09305912333101585,3962168.9389298605,315905.2976374245,0.07231075504343454,69.20812266944017,92.80857767409255,99.38460135882711,27.953994012484156,margin-localized,5.0,50;100;200,TCGA-55-7227-01,TCGA-55-7227,Male,Stage IIIA,77,1:DECEASED,31.27,1,III,matched
male_psg_positive,TCGA-55-7284,TCGA-55-7284-01Z-00-DX1.68b95b9b-1aab-4f03-aad3-1132467b7499,TCGA-55-7284-01,TCGA-55-7284,8,41.41400986157352,302631.9263941704,0.30263192639417036,5914.4375,0.01954333625823931,296717.4888941704,6026.0,0.019911977139356038,47.834473978031426,89.23760344954907,98.60628019727845,67.36676665834571,peritumoral,5.0,50;100;200,TCGA-55-7284-01,TCGA-55-7284,Male,Stage IIB,74,1:DECEASED,7.98,1,II,matched
male_psg_positive,TCGA-55-7570,TCGA-55-7570-01Z-00-DX1.9020ae67-cf60-4bac-8c60-403c8891c4a3,TCGA-55-7570-01,TCGA-55-7570,5,10.270990331736455,556009.6470661765,0.5560096470661765,5443.65625,0.009790578776328487,550565.9908161765,21562.631696013887,0.03878103879993919,64.38102951267616,96.275748003432,99.8421285204487,37.791574788568944,margin-localized,5.0,50;100;200,TCGA-55-7570-01,TCGA-55-7570,Male,Stage IA,60,0:LIVING,27.07,0,I,matched
male_psg_positive,TCGA-55-7576,TCGA-55-7576-01Z-00-DX1.3a6142e9-c90a-4938-a1d1-061c2ac261f0,TCGA-55-7576-01,TCGA-55-7576,2,25.388768317103803,1699454.5192792453,1.6994545192792452,248367.67154541195,0.14614552418310495,1451086.8477338334,57769.28209896269,0.0339928379627736,60.17172375000522,88.78356489900202,98.90890073444454,37.25319826873929,margin-localized,5.0,50;100;200,TCGA-55-7576-01,TCGA-55-7576,Male,Stage IB,54,0:LIVING,22.01,0,I,matched
male_psg_positive,TCGA-55-7727,TCGA-55-7727-01Z-00-DX1.0c7a4953-16dc-41e0-845b-b89167ec17d7,TCGA-55-7727-01,TCGA-55-7727,9,62.08518815057662,5636945.51306067,5.63694551306067,322063.2351514901,0.05713435306502025,5314882.27790918,358006.8260200032,0.06351078348912718,63.552105421106795,92.5150597581725,98.28952273620008,26.487393817625772,margin-localized,5.0,50;100;200,TCGA-55-7727-01,TCGA-55-7727,Male,Stage IIIA,70,0:LIVING,3.91,0,III,matched
male_psg_positive,TCGA-55-7815,TCGA-55-7815-01Z-00-DX1.288408e6-f6b3-4de4-a1ce-cb2498d9d46d,TCGA-55-7815-01,TCGA-55-7815,2,68.65397352518724,2042878.411932077,2.042878411932077,287789.44984724425,0.1408744877650667,1755088.9620848326,12079.749348325506,0.00591310245277933,46.47939890492922,79.66466886436237,96.86460349033953,56.00850939812628,peritumoral,5.0,50;100;200,TCGA-55-7815-01,TCGA-55-7815,Male,Stage IB,76,0:LIVING,25.39,0,I,matched
male_psg_positive,TCGA-55-7994,TCGA-55-7994-01Z-00-DX1.a0858080-c471-4337-bc57-7af57e9d92d8,TCGA-55-7994-01,TCGA-55-7994,7,46.71412177765721,928059.991355454,0.9280599913554539,245815.75,0.26487053885490763,682244.2413554539,27452.020816939577,0.029580006758879066,57.548365554410566,74.8869623833715,83.62372837794383,30.530978120590895,margin-localized,5.0,50;100;200,TCGA-55-7994-01,TCGA-55-7994,Male,Stage IIB,81,0:LIVING,19.81,0,II,matched
male_psg_positive,TCGA-55-8085,TCGA-55-8085-01Z-00-DX1.ff220eba-3515-4d2e-b317-76337dd3d206,TCGA-55-8085-01,TCGA-55-8085,2,19.431153475470932,754491.3382954324,0.7544913382954324,60190.71875,0.07977655367917745,694300.6195454324,15324.96875,0.020311656306913464,34.31042728170104,85.28370082467383,98.33776670275182,53.29769724153193,peritumoral,5.0,50;100;200,TCGA-55-8085-01,TCGA-55-8085,Male,Stage IA,64,0:LIVING,29.7,0,I,matched
male_psg_positive,TCGA-55-8089,TCGA-55-8089-01Z-00-DX1.da4d99ff-4a7c-45a3-b79c-039c0c9e9712,TCGA-55-8089-01,TCGA-55-8089,1,12.074055252715144,1824827.4383208202,1.8248274383208203,45427.59603210431,0.024894187295816928,1779399.8422887162,11031.641135873591,0.006045306478964799,65.4727557219961,97.00688227890805,99.85984291192193,28.56708114246186,margin-localized,5.0,50;100;200,TCGA-55-8089-01,TCGA-55-8089,Male,Stage IA,56,1:DECEASED,23.06,1,I,matched
male_psg_positive,TCGA-55-8091,TCGA-55-8091-01Z-00-DX1.0996c58a-6e93-4092-8cb8-014d548fe60c,TCGA-55-8091-01,TCGA-55-8091,4,33.27402205226791,4243558.550789902,4.243558550789902,289921.59375,0.06832039437656247,3953636.9570399025,502548.63833536825,0.11842622938284264,85.85918856562932,97.84615180001433,100.0,16.51183287827248,margin-localized,5.0,50;100;200,TCGA-55-8091-01,TCGA-55-8091,Male,Stage IB,74,0:LIVING,19.71,0,I,matched
male_psg_positive,TCGA-55-8092,TCGA-55-8092-01Z-00-DX1.04e44341-c4bb-4b0b-965c-7ec83f3877a6,TCGA-55-8092-01,TCGA-55-8092,2,18.052125577487836,1510209.238420181,1.510209238420181,1891.90625,0.0012527444554498353,1508317.332170181,31094.369107798,0.020589444374162085,67.51571012405073,99.61989012904881,100.0,37.60194476353583,margin-localized,5.0,50;100;200,TCGA-55-8092-01,TCGA-55-8092,Male,Stage IIB,75,1:DECEASED,5.06,1,II,matched
male_psg_positive,TCGA-55-8094,TCGA-55-8094-01Z-00-DX1.8dc29615-e124-4f17-81a1-c0b20c38d12c,TCGA-55-8094-01,TCGA-55-8094,6,9.576280100704219,183144.23247827502,0.18314423247827502,154.65625,0.0008444505617633669,182989.57622827502,2435.844429439609,0.013300142715269804,54.889690513983695,80.73011593584053,99.98778285305673,58.94926314212927,peritumoral,5.0,50;100;200,TCGA-55-8094-01,TCGA-55-8094,Male,Stage IV,51,0:LIVING,17.77,0,IV,matched
male_psg_positive,TCGA-55-8206,TCGA-55-8206-01Z-00-DX1.1216f330-c4e9-41b5-a2b7-9cafd960fa11,TCGA-55-8206-01,TCGA-55-8206,2,31.50673852385874,787423.8601917935,0.7874238601917936,202737.8125,0.25746973485235636,584686.0476917934,14465.71875,0.018370942869925952,71.45136740360103,96.55136843577826,99.78021025696742,34.44674331486215,margin-localized,5.0,50;100;200,TCGA-55-8206-01,TCGA-55-8206,Male,Stage IA,56,0:LIVING,29.17,0,I,matched
male_psg_positive,TCGA-55-8301,TCGA-55-8301-01Z-00-DX1.2A66E0FC-84F2-4DF8-B06E-D7CDD7AA82C7,TCGA-55-8301-01,TCGA-55-8301,1,5.81477195513023,879477.8704876793,0.8794778704876792,101846.40625,0.11580326198944056,777631.4642376793,20835.125,0.023690334571405094,82.81309104065842,99.13155497901825,100.0,32.589540116423855,margin-localized,5.0,50;100;200,TCGA-55-8301-01,TCGA-55-8301,Male,Stage IB,58,0:LIVING,17.54,0,I,matched
male_psg_positive,TCGA-55-8505,TCGA-55-8505-01Z-00-DX1.D364C30D-BFB8-486B-A0D3-948FF8E90C3E,TCGA-55-8505-01,TCGA-55-8505,4,5.438140372827726,210066.51637429761,0.2100665163742976,12416.65625,0.05910821231440777,197649.86012429761,15224.875,0.07247644823543528,79.96858600584417,94.05820057690838,99.98980931604505,21.16047317523878,margin-localized,5.0,50;100;200,TCGA-55-8505-01,TCGA-55-8505,Male,Stage IIIA,62,0:LIVING,14.45,0,III,matched
male_psg_positive,TCGA-55-8507,TCGA-55-8507-01Z-00-DX1.3C6198CF-3E13-4C4C-B851-5BDFF8552621,TCGA-55-8507-01,TCGA-55-8507,5,105.56055293396263,4476380.393482066,4.476380393482065,489335.461584545,0.1093149863441125,3987044.93189752,145015.89851969184,0.03239579431874143,53.89618128240793,84.90978511988365,98.45067538020042,37.38022538722847,margin-localized,5.0,50;100;200,TCGA-55-8507-01,TCGA-55-8507,Male,Stage IA,53,0:LIVING,13.73,0,I,matched
male_psg_positive,TCGA-55-8512,TCGA-55-8512-01Z-00-DX1.FD4B9CF5-1955-420E-A955-6D284772D2BE,TCGA-55-8512-01,TCGA-55-8512,1,41.98110644489369,1100155.865571023,1.100155865571023,478590.40625,0.4350205468400546,621565.459321023,162887.72422368085,0.14805876996268696,40.758242430775034,58.98350106308256,65.15093264678615,35.17123291839511,immune-penetrated,5.0,50;100;200,TCGA-55-8512-01,TCGA-55-8512,Male,Stage IV,41,1:DECEASED,19.94,1,IV,matched
male_psg_positive,TCGA-55-8615,TCGA-55-8615-01Z-00-DX1.928CFCA6-059D-4901-8D6A-BC7D9486C29F,TCGA-55-8615-01,TCGA-55-8615,7,65.0460995842278,2771311.2077595666,2.7713112077595667,84975.55500530229,0.030662581224141824,2686335.652754265,57419.16608607499,0.02071913321221503,56.84667165107903,94.82132311940362,99.96220265691876,44.619572499072646,margin-localized,5.0,50;100;200,TCGA-55-8615-01,TCGA-55-8615,Male,Stage IIIA,67,0:LIVING,14.65,0,III,matched
male_psg_positive,TCGA-55-8620,TCGA-55-8620-01Z-00-DX1.6591EEC4-D696-4826-80BD-99BE1D99EBB8,TCGA-55-8620-01,TCGA-55-8620,4,28.752882841453697,2515273.693562083,2.515273693562083,24402.1875,0.009701603273813947,2490871.506062083,58642.63408785216,0.023314613530109947,46.956529635019805,83.48814803629848,98.49237472494664,45.85455947885662,margin-localized,5.0,50;100;200,TCGA-55-8620-01,TCGA-55-8620,Male,Stage IV,60,1:DECEASED,12.32,1,IV,matched
male_psg_positive,TCGA-55-A48Y,TCGA-55-A48Y-01Z-00-DX1.D8735347-E060-439F-B5A1-1E47A958A392,TCGA-55-A48Y-01,TCGA-55-A48Y,1,13.695713536288705,389878.75261602626,0.3898787526160263,537.90625,0.0013796757232619938,389340.8463660263,5187.0625,0.01330429643881748,45.76484595747108,98.35481707628249,100.0,51.84189455691217,peritumoral,5.0,50;100;200,TCGA-55-A48Y-01,TCGA-55-A48Y,Male,Stage IIA,69,0:LIVING,20.7,0,II,matched
male_psg_positive,TCGA-55-A490,TCGA-55-A490-01Z-00-DX1.07D77502-7216-4C23-9BB8-8DE99AECC920,TCGA-55-A490-01,TCGA-55-A490,8,74.36034015638327,3083370.5066582626,3.0833705066582624,78411.00770113741,0.025430290499249397,3004959.4989571245,31615.342797401012,0.010253501072651019,62.88776900226242,97.51899766474803,99.2062042398005,36.637796399346946,margin-localized,5.0,50;100;200,TCGA-55-A490-01,TCGA-55-A490,Male,Stage IIA,78,1:DECEASED,3.25,1,II,matched
male_psg_positive,TCGA-62-A46P,TCGA-62-A46P-01Z-00-DX1.9136CC96-51B9-4FEB-8BCF-2C3676C708B1,TCGA-62-A46P-01,TCGA-62-A46P,1,113.4324425835285,1336768.3972918396,1.3367683972918396,893736.5226507366,0.668579930870118,443031.874641103,60671.1875,0.045386461576226535,29.211062751054932,42.29729931234497,55.78293508453154,23.072998965240735,immune-penetrated,5.0,50;100;200,TCGA-62-A46P-01,TCGA-62-A46P,Male,Stage IB,65,1:DECEASED,19.51,1,I,matched
male_psg_positive,TCGA-62-A46S,TCGA-62-A46S-01Z-00-DX1.7A8A6F38-76EA-4F43-BC03-1C42E6787E33,TCGA-62-A46S-01,TCGA-62-A46S,5,242.72337485370267,26228543.905953802,26.228543905953803,4230165.555727036,0.16128099107960014,21998378.350226767,1414987.2527914194,0.053948372348272884,76.70759846540996,91.29429090162463,97.03114058618871,22.257372374114606,margin-localized,5.0,50;100;200,TCGA-62-A46S-01,TCGA-62-A46S,Male,Stage IB,73,1:DECEASED,54.3,1,I,matched
male_psg_positive,TCGA-62-A470,TCGA-62-A470-01Z-00-DX1.3983A979-E756-413C-941A-C8B83AD3BBA7,TCGA-62-A470-01,TCGA-62-A470,5,157.93268527551757,3167679.979828072,3.1676799798280717,1370468.2101320298,0.43264099241692117,1797211.7696960426,75464.5994095604,0.02382330282418753,38.40459505263955,54.99122380625479,70.68392486747992,31.782463718220463,immune-penetrated,5.0,50;100;200,TCGA-62-A470-01,TCGA-62-A470,Male,Stage IB,84,1:DECEASED,39.22,1,I,matched
male_psg_positive,TCGA-64-1676,TCGA-64-1676-01Z-00-DX1.3B8F1FAC-0FB2-45DE-AFA1-6ED451A4A61B,TCGA-64-1676-01,TCGA-64-1676,1,48.26910100047883,676837.3945186766,0.6768373945186765,34668.25,0.05122094358373009,642169.1445186766,26843.998435966227,0.03966092691296402,62.97183622405157,91.04050902159274,99.6721062507109,31.375,margin-localized,5.0,50;100;200,TCGA-64-1676-01,TCGA-64-1676,Male,Stage IA,58,0:LIVING,56.77,0,I,matched
male_psg_positive,TCGA-64-1680,TCGA-64-1680-01Z-00-DX1.9CB14F20-E7B0-49A1-A327-404B3160FD65,TCGA-64-1680-01,TCGA-64-1680,2,86.89565036394963,868216.6363547719,0.8682166363547719,43407.34375,0.04999598249147443,824809.2926047719,44979.34375,0.05180659050585213,69.44207452822614,97.43481414411131,99.99766763280591,28.81758360792938,margin-localized,5.0,50;100;200,TCGA-64-1680-01,TCGA-64-1680,Male,Stage IV,63,0:LIVING,36.99,0,IV,matched
male_psg_positive,TCGA-64-5774,TCGA-64-5774-01Z-00-DX1.5E3B95EB-BF45-4687-BCF7-AA2A41AA806C,TCGA-64-5774-01,TCGA-64-5774,11,44.92014829126835,646099.0556931274,0.6460990556931274,9231.6875,0.014288346993629877,636867.3681931274,15631.370656935145,0.024193458447584318,60.073084508454286,92.75271623783163,100.0,37.35205190146855,margin-localized,5.0,50;100;200,TCGA-64-5774-01,TCGA-64-5774,Male,Stage IB,60,0:LIVING,87.91,0,I,matched
male_psg_positive,TCGA-64-5778,TCGA-64-5778-01Z-00-DX1.96C39819-8A65-4651-BE83-39959F6FAD05,TCGA-64-5778-01,TCGA-64-5778,3,57.79911549714913,3271308.2575775855,3.2713082575775854,49791.71875,0.015220735812549482,3221516.5388275855,142934.0751754176,0.0436932456133806,84.70939839028985,96.79077124180655,99.85216561846659,22.744848317805946,margin-localized,5.0,50;100;200,TCGA-64-5778-01,TCGA-64-5778,Male,Stage IB,60,0:LIVING,42.87,0,I,matched
male_psg_positive,TCGA-64-5779,TCGA-64-5779-01Z-00-DX1.B3268447-DCE0-4927-B5A9-EC4D61E9B17D,TCGA-64-5779-01,TCGA-64-5779,5,173.25072376324331,9406023.579110047,9.406023579110046,17589.46875,0.0018700217580853897,9388434.110360045,31199.538659395213,0.0033169743193804716,29.891560057855806,84.21119780919044,98.17881637660722,65.875,peritumoral,5.0,50;100;200,TCGA-64-5779-01,TCGA-64-5779,Male,Stage IIIA,61,0:LIVING,28.38,0,III,matched
male_psg_positive,TCGA-67-4679,TCGA-67-4679-01Z-00-DX1.a3d84341-fed7-4235-a053-638ed5294954,TCGA-67-4679-01,TCGA-67-4679,10,55.458987999251654,20661.703567586253,0.020661703567586252,171.5625,0.008303405352748573,20490.141067586257,1165.96875,0.056431394738871044,88.99290823712622,99.76481247133839,100.0,21.92672456159378,margin-localized,5.0,50;100;200,TCGA-67-4679-01,TCGA-67-4679,Male,[Discrepancy],69,0:LIVING,14.72,0,,matched
male_psg_positive,TCGA-69-7760,TCGA-69-7760-01Z-00-DX1.7fc295e3-5bfc-4017-801c-491489d0eb34,TCGA-69-7760-01,TCGA-69-7760,1,143.9750478591002,3321454.432048646,3.321454432048646,907939.0748570209,0.2733558726852717,2413515.357191625,112697.44888106945,0.03393015053696178,62.07173180520036,87.89036102923771,94.54143906795512,27.591325629624976,margin-localized,5.0,50;100;200,TCGA-69-7760-01,TCGA-69-7760,Male,Stage IIB,73,0:LIVING,6.64,0,II,matched
male_psg_positive,TCGA-69-7761,TCGA-69-7761-01Z-00-DX1.aa7ef5ef-8162-4961-a923-3a29646efba3,TCGA-69-7761-01,TCGA-69-7761,5,247.89232296520444,11692957.023769056,11.692957023769056,186149.45459398834,0.015919792933095527,11506807.56917507,268904.75857977296,0.022997156154183435,46.97694035710324,88.90371467953358,99.8503263577632,53.090613871474496,peritumoral,5.0,50;100;200,TCGA-69-7761-01,TCGA-69-7761,Male,Stage IB,84,0:LIVING,6.11,0,I,matched
male_psg_positive,TCGA-69-7763,TCGA-69-7763-01Z-00-DX1.33203e8a-43e9-4e3e-98ba-1ac08b80a44f,TCGA-69-7763-01,TCGA-69-7763,1,45.21446365407521,1029046.2774547207,1.0290462774547207,58321.78125,0.056675567005844626,970724.4962047206,25771.875,0.025044427607031496,53.870205672056706,82.63112058316283,98.62897387630335,45.90428220765466,margin-localized,5.0,50;100;200,TCGA-69-7763-01,TCGA-69-7763,Male,Stage IA,69,0:LIVING,22.67,0,I,matched
male_psg_positive,TCGA-69-7764,TCGA-69-7764-01Z-00-DX1.be9fec48-68eb-4c27-a028-5315d7e368e0,TCGA-69-7764-01,TCGA-69-7764,7,203.5044520360722,8259119.81683275,8.25911981683275,1215134.47028266,0.14712638843259282,7043985.346550088,159547.1374098187,0.01931769255661467,51.2267468068203,87.9129346442011,96.32037722497869,44.08691699359346,margin-localized,5.0,50;100;200,TCGA-69-7764-01,TCGA-69-7764,Male,Stage IA,75,0:LIVING,13.6,0,I,matched
male_psg_positive,TCGA-69-7765,TCGA-69-7765-01Z-00-DX1.ac389366-febb-488c-9190-fe00bc07cd20,TCGA-69-7765-01,TCGA-69-7765,6,98.7302294005783,6019252.602130209,6.0192526021302095,1318413.5413457162,0.219032765110926,4700839.060784493,507165.3828507107,0.084257202077086,65.46498812126944,87.54940833784,94.84356382914456,27.117582511167917,margin-localized,5.0,50;100;200,TCGA-69-7765-01,TCGA-69-7765,Male,[Discrepancy],56,0:LIVING,5.42,0,,matched
male_psg_positive,TCGA-69-8254,TCGA-69-8254-01Z-00-DX1.83a81d08-8c70-4f07-b4da-cbd17c4fe4d4,TCGA-69-8254-01,TCGA-69-8254,15,138.03576710353468,12640824.370357055,12.640824370357056,981823.303701781,0.07767082865292971,11659001.066655274,586812.2315856941,0.04642199071777143,66.10602226048003,91.63929981315057,99.52718491705208,37.026436923501024,margin-localized,5.0,50;100;200,TCGA-69-8254-01,TCGA-69-8254,Male,[Not Available],85,0:LIVING,13.44,0,,matched
male_psg_positive,TCGA-69-8255,TCGA-69-8255-01Z-00-DX1.75d1666c-c088-405c-80da-52d84b990361,TCGA-69-8255-01,TCGA-69-8255,8,50.35945078804977,6238737.001477,6.238737001477,583873.650774553,0.09358843795407994,5654863.350702448,449976.3745966362,0.0721261970956791,74.28962086208436,95.37548499360561,99.89541448331946,40.282837924480944,margin-localized,5.0,50;100;200,TCGA-69-8255-01,TCGA-69-8255,Male,Stage IA,71,0:LIVING,4.24,0,I,matched
male_psg_positive,TCGA-69-8453,TCGA-69-8453-01Z-00-DX1.C472096B-95BA-42CD-ADEB-326C38F9DC95,TCGA-69-8453-01,TCGA-69-8453,7,121.90194099875441,7642705.45447808,7.64270545447808,401288.7206702253,0.052506108348726,7241416.733807856,559287.6320765013,0.07317927341407598,68.45904839448932,92.03938192938395,99.71407475802559,31.08079189789089,margin-localized,5.0,50;100;200,TCGA-69-8453-01,TCGA-69-8453,Male,Stage IIB,77,0:LIVING,26.71,0,II,matched
male_psg_positive,TCGA-73-4659,TCGA-73-4659-01Z-00-DX1.578400cd-d284-451b-8fdf-9f82c1458276,TCGA-73-4659-01,TCGA-73-4659,8,172.15400618377987,4853085.725799847,4.853085725799847,45185.21875,0.009310616235313447,4807900.507049847,30714.539065272715,0.006328868023490475,50.139932275083055,87.45394069431407,99.23265956395677,49.62751882776329,margin-localized,5.0,50;100;200,TCGA-73-4659-01,TCGA-73-4659,Male,Stage IIIA,66,1:DECEASED,23.36,1,III,matched
male_psg_positive,TCGA-73-4677,TCGA-73-4677-01Z-00-DX1.b557785c-9ccc-42a7-bb54-7bb47638ddfc,TCGA-73-4677-01,TCGA-73-4677,11,94.16018075215801,9519716.259837963,9.519716259837963,340153.3919174492,0.035731463274015586,9179562.867920514,54109.751993823505,0.005683966886923216,36.20547721392337,82.26550796256323,97.49158546286687,62.19993594249113,peritumoral,5.0,50;100;200,TCGA-73-4677-01,TCGA-73-4677,Male,[Discrepancy],74,1:DECEASED,1.25,1,,matched
male_psg_positive,TCGA-73-A9RS,TCGA-73-A9RS-01Z-00-DX1.EDCEFE41-61E2-48C9-B8D5-28B55372E0CA,TCGA-73-A9RS-01,TCGA-73-A9RS,8,237.44716253980633,2273999.779021083,2.273999779021083,107717.91057595322,0.04736935841846207,2166281.8684451296,170766.55091422366,0.07509523637145456,77.6390603212869,96.7546843280209,99.52867752267942,26.034232272145072,margin-localized,5.0,50;100;200,TCGA-73-A9RS-01,TCGA-73-A9RS,Male,Stage IIB,41,1:DECEASED,11.17,1,II,matched
male_psg_positive,TCGA-75-5125,TCGA-75-5125-01Z-00-DX1.2E419CAF-E248-4959-951E-498D8054433E,TCGA-75-5125-01,TCGA-75-5125,1,27.684360981397553,755488.623343513,0.755488623343513,77626.8125,0.10275047181577991,677861.810843513,85045.65587884786,0.11257039914442028,79.59621104680167,96.0500843773126,98.522748271098,17.411382771049517,margin-localized,5.0,50;100;200,TCGA-75-5125-01,TCGA-75-5125,Male,Stage IIB,,1:DECEASED,66.59,1,II,matched
male_psg_positive,TCGA-75-5146,TCGA-75-5146-01Z-00-DX1.4958A631-7E6F-4FBB-A1C3-B8F8368D46C5,TCGA-75-5146-01,TCGA-75-5146,1,12.109402392556662,638306.433678491,0.638306433678491,167521.8125,0.2624473194396458,470784.62117849104,62325.34375,0.09764172889630107,91.10363619981894,98.54898258715262,99.83165413298322,16.904603662907924,margin-localized,5.0,50;100;200,TCGA-75-5146-01,TCGA-75-5146,Male,Stage IB,,0:LIVING,77.79,0,I,matched
male_psg_positive,TCGA-75-6206,TCGA-75-6206-01Z-00-DX1.63230D94-7015-4247-936D-E7ACD6692AB3,TCGA-75-6206-01,TCGA-75-6206,1,9.76511475218662,246675.83161179605,0.24667583161179604,167556.875,0.6792593903714539,79118.95661179603,11780.152626637482,0.04775560114529742,42.73322995326438,60.13034116176586,76.63952083449898,12.291543078474728,immune-penetrated,5.0,50;100;200,TCGA-75-6206-01,TCGA-75-6206,Male,Stage IB,,0:LIVING,85.09,0,I,matched
male_psg_positive,TCGA-75-7025,TCGA-75-7025-01Z-00-DX1.284477D7-4F47-4084-A15C-0A7E9571E3DF,TCGA-75-7025-01,TCGA-75-7025,2,5.457463284054655,899666.2577927781,0.8996662577927781,41390.480221142665,0.046006482806956864,858275.7775716353,327093.7622965662,0.36357233525579924,93.14431901383816,99.77713982446004,100.0,8.588691693150942,margin-localized,5.0,50;100;200,TCGA-75-7025-01,TCGA-75-7025,Male,Stage IB,,0:LIVING,108.57,0,I,matched
male_psg_positive,TCGA-75-7027,TCGA-75-7027-01Z-00-DX1.AC91B34F-DF67-4F95-B145-079A71A54E83,TCGA-75-7027-01,TCGA-75-7027,1,19.002049229180823,1137291.548365085,1.137291548365085,32782.0625,0.028824677847229148,1104509.485865085,17858.952222498672,0.015703055428638184,85.90793547303159,99.36286010917875,100.0,32.08777025597136,margin-localized,5.0,50;100;200,TCGA-75-7027-01,TCGA-75-7027,Male,Stage IB,,0:LIVING,100.49,0,I,matched
male_psg_positive,TCGA-78-7149,TCGA-78-7149-01Z-00-DX1.1b83dbcb-0c9f-4e50-bb98-bf9a157052cf,TCGA-78-7149-01,TCGA-78-7149,1,390.10787499038156,4224915.076863384,4.224915076863384,2580772.332598357,0.6108459662849238,1644142.7442650264,54337.72773205963,0.012861259159888361,27.422609733060966,52.57928902670265,70.823874061069,41.88861718892139,immune-penetrated,5.0,50;100;200,TCGA-78-7149-01,TCGA-78-7149,Male,Stage IIIB,71,0:LIVING,129.43,0,III,matched
male_psg_positive,TCGA-78-7150,TCGA-78-7150-01Z-00-DX1.46e6e65c-521c-49de-b106-419dc840b235,TCGA-78-7150-01,TCGA-78-7150,21,259.2978131395503,6669613.967845323,6.669613967845322,154593.75,0.023178815257570727,6515020.217845323,65902.84840063787,0.009881058891618036,45.42455702515257,87.04901028204576,99.4174581596255,52.625,peritumoral,5.0,50;100;200,TCGA-78-7150-01,TCGA-78-7150,Male,Stage IIB,59,1:DECEASED,21.88,1,II,matched
male_psg_positive,TCGA-78-7152,TCGA-78-7152-01Z-00-DX1.a04f9d84-3304-402c-9c0c-f64545c14781,TCGA-78-7152-01,TCGA-78-7152,7,111.31795610702832,6445577.884152809,6.445577884152809,484490.7869294266,0.07516638471169554,5961087.097223382,72053.6417882643,0.011178771412477449,48.238725946856015,90.00240171816056,99.24848647232356,53.866298601259025,peritumoral,5.0,50;100;200,TCGA-78-7152-01,TCGA-78-7152,Male,Stage IB,65,1:DECEASED,39.91,1,I,matched
male_psg_positive,TCGA-78-7154,TCGA-78-7154-01Z-00-DX1.596c20c2-e811-4b5e-961c-98343afcccde,TCGA-78-7154-01,TCGA-78-7154,5,335.3443208431504,4059241.1731390124,4.059241173139013,2447423.124259637,0.6029262662329187,1611818.0488793757,65433.66078693356,0.016119678037344525,33.90761585036625,55.64413016920374,65.9401765987987,31.056651863972718,immune-penetrated,5.0,50;100;200,TCGA-78-7154-01,TCGA-78-7154,Male,Stage IIIA,72,1:DECEASED,19.48,1,III,matched
male_psg_positive,TCGA-78-7156,TCGA-78-7156-01Z-00-DX1.9f7c8eb9-73de-49be-a487-e1fd4411b7b5,TCGA-78-7156-01,TCGA-78-7156,1,217.91391587733096,683150.8762023808,0.6831508762023808,340180.90625,0.4979586766265418,342969.9699523808,19995.71875,0.029269842792496614,50.78571255897153,60.87914999014491,72.51410610145015,23.068512088992648,immune-penetrated,5.0,50;100;200,TCGA-78-7156-01,TCGA-78-7156,Male,Stage IV,62,1:DECEASED,32.06,1,IV,matched
male_psg_positive,TCGA-78-7160,TCGA-78-7160-01Z-00-DX1.f40f6c04-74b1-4cef-aabc-cbafadbdf39f,TCGA-78-7160-01,TCGA-78-7160,6,187.6832789698813,6723900.671682381,6.723900671682381,163637.6922533551,0.024336720639332628,6560262.979429026,432718.4375645234,0.06435526916495234,77.76346086781587,95.47945505333895,99.8777852068568,25.75,margin-localized,5.0,50;100;200,TCGA-78-7160-01,TCGA-78-7160,Male,Stage IV,61,1:DECEASED,22.9,1,IV,matched
male_psg_positive,TCGA-78-7163,TCGA-78-7163-01Z-00-DX1.42880bdf-271d-41dd-aada-e7ec1156ff31,TCGA-78-7163-01,TCGA-78-7163,43,121.3879208095812,4101272.5325096617,4.101272532509662,257775.0625,0.06285245870804435,3843497.4700096617,102879.80983358546,0.025084850864721973,65.86393969134953,97.42485726143511,99.94272595155856,41.16833772755466,margin-localized,5.0,50;100;200,TCGA-78-7163-01,TCGA-78-7163,Male,Stage IB,60,0:LIVING,238.11,0,I,matched
male_psg_positive,TCGA-78-7166,TCGA-78-7166-01Z-00-DX1.d19ad2d9-b006-4a13-ba54-2fec234c2373,TCGA-78-7166-01,TCGA-78-7166,20,264.28322444445513,3724348.2099516834,3.7243482099516836,349443.2945440118,0.09382669794684563,3374904.9154076716,100565.91744062553,0.027002286513357513,37.09388353891566,79.97671465967453,99.3726568214361,64.93325900491982,peritumoral,5.0,50;100;200,TCGA-78-7166-01,TCGA-78-7166,Male,Stage IIB,84,1:DECEASED,8.48,1,II,matched
male_psg_positive,TCGA-78-7167,TCGA-78-7167-01Z-00-DX1.f79e1a9b-a3eb-4c91-a1fd-7bb58b1620b1,TCGA-78-7167-01,TCGA-78-7167,7,259.13884511247346,655626.216538619,0.655626216538619,103139.39334586696,0.15731432139854284,552486.8231927521,11787.90237205425,0.017979608006355393,29.873143006150084,57.23058451358347,90.81146614829929,71.23359040451832,peritumoral,5.0,50;100;200,TCGA-78-7167-01,TCGA-78-7167,Male,Stage IV,77,1:DECEASED,88.07,1,IV,matched
male_psg_positive,TCGA-78-7535,TCGA-78-7535-01Z-00-DX1.c4ca06f3-22d1-4e39-85c8-98d1fa2b0e60,TCGA-78-7535-01,TCGA-78-7535,3,359.14894737243554,20859465.02183625,20.85946502183625,8232543.224390273,0.39466703560097177,12626921.79744598,1039164.7924389418,0.04981742299484268,49.021999150797576,67.15147825366431,77.24514643251285,24.76546234173713,immune-penetrated,5.0,50;100;200,TCGA-78-7535-01,TCGA-78-7535,Male,Stage IB,45,1:DECEASED,31.18,1,I,matched
male_psg_positive,TCGA-78-7536,TCGA-78-7536-01Z-00-DX1.6b066140-8b82-40a5-bd48-430eeb4463fe,TCGA-78-7536-01,TCGA-78-7536,1,410.4344684663591,10944737.147813141,10.944737147813141,2122098.8741569286,0.19389217351656027,8822638.273656214,198813.927840703,0.0181652537795691,53.73378880185553,87.98541242378471,98.26321494411297,39.72129466671498,margin-localized,5.0,50;100;200,TCGA-78-7536-01,TCGA-78-7536,Male,Stage IIIA,69,1:DECEASED,8.02,1,III,matched
male_psg_positive,TCGA-78-7537,TCGA-78-7537-01Z-00-DX1.e5597e41-ebba-4d6f-8a1f-15cd81d8f026,TCGA-78-7537-01,TCGA-78-7537,7,306.65898254480686,8081267.06507535,8.08126706507535,554157.4250045898,0.06857308644079849,7527109.640070759,237774.39003719363,0.02942290956634492,48.47322427906086,90.08910701626782,99.24710587595544,50.56817798774245,peritumoral,5.0,50;100;200,TCGA-78-7537-01,TCGA-78-7537,Male,Stage IB,72,1:DECEASED,53.29,1,I,matched
male_psg_positive,TCGA-78-7542,TCGA-78-7542-01Z-00-DX1.2ee042a6-11ee-4668-b254-44144fca4234,TCGA-78-7542-01,TCGA-78-7542,11,116.45772592316348,10921828.602980085,10.921828602980085,1546458.4016895175,0.1415933593086745,9375370.201290566,925055.8037051092,0.08469788689530454,67.19473979171273,89.37111043346522,96.60638617518781,26.91711815926809,margin-localized,5.0,50;100;200,TCGA-78-7542-01,TCGA-78-7542,Male,Stage IB,56,1:DECEASED,10.55,1,I,matched
male_psg_positive,TCGA-78-7633,TCGA-78-7633-01Z-00-DX1.f0cd4825-eb92-4098-954a-fbb1e4851660,TCGA-78-7633-01,TCGA-78-7633,12,217.32230849610823,5982515.404977459,5.98251540497746,465046.4819723156,0.07773427237402454,5517468.923005143,113827.00211046098,0.01902661245397827,59.50827475978604,92.20334029551512,98.38803612192063,39.52254103672991,margin-localized,5.0,50;100;200,TCGA-78-7633-01,TCGA-78-7633,Male,Stage IB,67,1:DECEASED,50.2,1,I,matched
male_psg_positive,TCGA-86-6562,TCGA-86-6562-01Z-00-DX1.5dea3015-e606-4837-9f99-ac14f0aa091b,TCGA-86-6562-01,TCGA-86-6562,9,138.31556435592216,3543463.0633336054,3.5434630633336055,758756.15625,0.21412842258786813,2784706.907083605,177550.03675854194,0.05010636024282616,51.647665235974216,80.24256596354468,90.06064826889218,38.487670509528115,margin-localized,5.0,50;100;200,TCGA-86-6562-01,TCGA-86-6562,Male,Stage IIA,52,1:DECEASED,12.35,1,II,matched
male_psg_positive,TCGA-86-7701,TCGA-86-7701-01Z-00-DX1.a8a6e71e-9fa9-42c6-a186-0ac7526e9960,TCGA-86-7701-01,TCGA-86-7701,5,4.2496149010928095,88246.50139039803,0.08824650139039802,1294.53125,0.014669490910161523,86951.97014039803,2357.4500740596814,0.026714374359505112,38.286362709133485,87.33178559274182,100.0,51.278955235066945,peritumoral,5.0,50;100;200,TCGA-86-7701-01,TCGA-86-7701,Male,Stage IV,66,0:LIVING,31.11,0,IV,matched
male_psg_positive,TCGA-86-7711,TCGA-86-7711-01Z-00-DX1.f64dd9d8-b9ca-4d1f-9783-d1042979132d,TCGA-86-7711-01,TCGA-86-7711,3,2.7996648450279364,196611.41684334574,0.19661141684334574,0.0,0.0,196611.41684334574,1764.8125,0.008976144561361619,83.26070372360043,98.94086375068308,100.0,30.594992934935682,margin-localized,5.0,50;100;200,TCGA-86-7711-01,TCGA-86-7711,Male,Stage IIA,70,1:DECEASED,34.36,1,II,matched
male_psg_positive,TCGA-86-7713,TCGA-86-7713-01Z-00-DX1.23f9e213-b566-47bb-beb8-7d12b2f0508b,TCGA-86-7713-01,TCGA-86-7713,3,201.73853742950863,21055434.851185348,21.055434851185346,2974832.3733000574,0.14128572477013385,18080602.47788529,1442374.9205676843,0.06850368708896476,72.06798568521444,89.23334821497049,93.13526399000716,26.125,margin-localized,5.0,50;100;200,TCGA-86-7713-01,TCGA-86-7713,Male,Stage IIA,70,0:LIVING,38.01,0,II,matched
male_psg_positive,TCGA-86-8054,TCGA-86-8054-01Z-00-DX1.2c4c08f6-be1c-46d1-a719-5983cade0c54,TCGA-86-8054-01,TCGA-86-8054,13,85.37973682691806,1057157.8334004763,1.0571578334004763,200243.75881019433,0.18941708842669785,856914.0745902819,17262.21333758876,0.016328889397775884,63.39102828864185,82.50681868110118,91.70411998327421,27.911131292013227,margin-localized,5.0,50;100;200,TCGA-86-8054-01,TCGA-86-8054,Male,Stage IIB,61,0:LIVING,37.71,0,II,matched
male_psg_positive,TCGA-86-8076,TCGA-86-8076-01Z-00-DX1.e7378b2f-e20e-4d2f-a86c-3a8ead08a385,TCGA-86-8076-01,TCGA-86-8076,7,73.40868191400625,19056808.297207862,19.056808297207862,2608966.4141871603,0.13690468904855474,16447841.883020699,668864.2912304783,0.035098442551289036,34.16732465995442,79.35638629951116,96.22187296503392,58.4534693006549,peritumoral,5.0,50;100;200,TCGA-86-8076-01,TCGA-86-8076,Male,Stage IA,42,0:LIVING,32.62,0,I,matched
male_psg_positive,TCGA-86-8279,TCGA-86-8279-01Z-00-DX1.fd12b60e-d181-454b-a655-298a973a849d,TCGA-86-8279-01,TCGA-86-8279,7,148.20610473813164,3718996.216409349,3.718996216409349,160306.03125,0.043104650266295175,3558690.18515935,178479.92381686097,0.047991423876516184,66.94190771015118,90.99472081511287,99.79191439634788,30.763462500180307,margin-localized,5.0,50;100;200,TCGA-86-8279-01,TCGA-86-8279,Male,Stage IIA,46,0:LIVING,31.18,0,II,matched
male_psg_positive,TCGA-86-8281,TCGA-86-8281-01Z-00-DX1.02237263-003b-4de1-8a2f-0f3ad14768c7,TCGA-86-8281-01,TCGA-86-8281,3,69.81299812695404,6723682.224475138,6.723682224475138,2047396.7791560981,0.30450528606234384,4676285.44531904,117027.0136664968,0.017405196997636534,49.87973171374807,73.33107459206883,91.55764031450325,37.083362593621416,immune-penetrated,5.0,50;100;200,TCGA-86-8281-01,TCGA-86-8281,Male,Stage IA,75,0:LIVING,0,0,I,matched
male_psg_positive,TCGA-86-8358,TCGA-86-8358-01Z-00-DX1.C50100F8-9414-4A06-BEDF-93E7B01B24D6,TCGA-86-8358-01,TCGA-86-8358,7,100.0562312800828,5061148.443822725,5.0611484438227246,296675.15625,0.058618149525351396,4764473.287572725,111821.97400682549,0.022094189737372233,58.86737531290612,92.00570837918266,98.95201329136037,36.68659496328325,margin-localized,5.0,50;100;200,TCGA-86-8358-01,TCGA-86-8358,Male,Stage IB,44,0:LIVING,21.45,0,I,matched
male_psg_positive,TCGA-86-8359,TCGA-86-8359-01Z-00-DX1.11B8FDC3-4B84-4A22-B89D-46EA76345F13,TCGA-86-8359-01,TCGA-86-8359,11,371.7665194992487,45144311.46457091,45.14431146457091,2669683.811468612,0.059136660298026035,42474627.65310231,4576859.560462384,0.10138286335487222,63.45650044981702,91.6864511304846,98.89265062497006,31.511220719769014,margin-localized,5.0,50;100;200,TCGA-86-8359-01,TCGA-86-8359,Male,Stage IIIA,52,1:DECEASED,14.59,1,III,matched
male_psg_positive,TCGA-86-8669,TCGA-86-8669-01Z-00-DX1.845b8b4e-6445-4da1-8275-42b765c024cc,TCGA-86-8669-01,TCGA-86-8669,3,234.20352591065134,14698760.09781925,14.69876009781925,5726564.947272873,0.38959510252313606,8972195.150546378,94632.77448834952,0.0064381467456149245,40.394260903734725,66.36096015509514,83.96489829329282,41.26879306752258,immune-penetrated,5.0,50;100;200,TCGA-86-8669-01,TCGA-86-8669,Male,Stage IA,64,0:LIVING,30.81,0,I,matched
male_psg_positive,TCGA-86-8672,TCGA-86-8672-01Z-00-DX1.94ca1954-921d-4ef6-a078-4e0fcb09157f,TCGA-86-8672-01,TCGA-86-8672,12,168.94992712147453,4178054.492646491,4.178054492646491,153876.25,0.03682964170783964,4024178.242646491,89226.68025333402,0.02135603554486324,57.78340022768235,94.70171133864137,97.77095678695342,41.11150994551283,margin-localized,5.0,50;100;200,TCGA-86-8672-01,TCGA-86-8672,Male,Stage IIB,59,1:DECEASED,0.62,1,II,matched
male_psg_positive,TCGA-86-8673,TCGA-86-8673-01Z-00-DX1.21191041-c10e-4166-ad00-1243656feaa7,TCGA-86-8673-01,TCGA-86-8673,13,149.75003715731168,1508365.87212816,1.5083658721281599,191059.3125,0.12666642492410252,1317306.55962816,72164.15258826711,0.04784260498180749,71.63603501482937,93.88781866689237,98.34874990129833,27.665694009006895,margin-localized,5.0,50;100;200,TCGA-86-8673-01,TCGA-86-8673,Male,Stage IB,61,0:LIVING,28.32,0,I,matched
male_psg_positive,TCGA-86-8674,TCGA-86-8674-01Z-00-DX1.9fcaae4e-4062-45ab-a49d-7dba43040919,TCGA-86-8674-01,TCGA-86-8674,3,91.70584756519143,778725.6349194711,0.7787256349194711,11113.71875,0.014271674453287109,767611.916169471,28385.1875,0.03645081942491253,36.65092905083407,73.00179241701802,99.72455597298307,60.75835847848426,peritumoral,5.0,50;100;200,TCGA-86-8674-01,TCGA-86-8674,Male,Stage IIA,50,0:LIVING,26.48,0,II,matched
male_psg_positive,TCGA-86-A4D0,TCGA-86-A4D0-01Z-00-DX1.165461AD-A8DA-4B7B-87CE-F5DBDBD2C0A7,TCGA-86-A4D0-01,TCGA-86-A4D0,9,204.11260906891653,1577837.1266752763,1.5778371266752764,7697.75,0.004878672120119418,1570139.3766752763,24599.98505404422,0.015590953361504322,49.04954678675573,85.76810481527812,99.53459121800962,50.47926554537021,peritumoral,5.0,50;100;200,TCGA-86-A4D0-01,TCGA-86-A4D0,Male,Stage IIA,48,1:DECEASED,3.81,1,II,matched
male_psg_positive,TCGA-91-A4BD,TCGA-91-A4BD-01Z-00-DX1.2E575CAC-6AEB-4049-972A-EA43457A9C9D,TCGA-91-A4BD-01,TCGA-91-A4BD,4,80.56236100085266,2268729.2501201546,2.2687292501201544,977046.15625,0.4306578919446886,1291683.0938701546,68041.875,0.029991183388849253,50.01176896485888,77.62352298543492,90.09385430244278,36.25474106927258,immune-penetrated,5.0,50;100;200,TCGA-91-A4BD-01,TCGA-91-A4BD,Male,Stage IIA,78,0:LIVING,19.81,0,II,matched
male_psg_positive,TCGA-93-8067,TCGA-93-8067-01Z-00-DX1.325d0cd5-9bb5-4f51-a197-75d3c3d19aaf,TCGA-93-8067-01,TCGA-93-8067,8,185.04485005669923,4491015.471031525,4.491015471031525,267522.06780973973,0.059568280166332525,4223493.403221786,128620.41858315068,0.02863949576945196,41.245215695362134,67.23016891147356,89.6606867307648,39.62519716039278,margin-localized,5.0,50;100;200,TCGA-93-8067-01,TCGA-93-8067,Male,Stage IB,77,0:LIVING,6.11,0,I,matched
male_psg_positive,TCGA-93-A4JN,TCGA-93-A4JN-01Z-00-DX1.ED4C9365-6CCF-4AEE-B4C9-3CC5EC57286C,TCGA-93-A4JN-01,TCGA-93-A4JN,13,224.80956039213794,21008451.838711802,21.008451838711803,1240542.96875,0.059049709053957004,19767908.869961806,660394.8632862477,0.03143472295608917,59.572841987616734,89.13192399241554,99.2697019789425,40.534900086221995,margin-localized,5.0,50;100;200,TCGA-93-A4JN-01,TCGA-93-A4JN,Male,Stage IV,71,0:LIVING,23.59,0,IV,matched
male_psg_positive,TCGA-93-A4JO,TCGA-93-A4JO-01Z-00-DX1.314C53B6-603C-402B-8CF7-E3CE851A0A0F,TCGA-93-A4JO-01,TCGA-93-A4JO,9,84.66169006692046,9287922.552431772,9.287922552431771,130258.875,0.014024543622609721,9157663.67743177,149492.0157693258,0.016095312479773607,45.70577718869608,69.88576486402016,92.65837279066432,60.51562298282981,peritumoral,5.0,50;100;200,TCGA-93-A4JO-01,TCGA-93-A4JO,Male,Stage IA,70,1:DECEASED,1.08,1,I,matched
male_psg_positive,TCGA-95-7562,TCGA-95-7562-01Z-00-DX1.C722891A-C5C6-4F0D-A73F-259FA8DB2394,TCGA-95-7562-01,TCGA-95-7562,28,146.4064338811003,10480380.388679251,10.48038038867925,736041.9165903211,0.07023045817930258,9744338.472088931,285780.92902617325,0.027268182873864913,54.87037125918691,95.06744591730912,99.34975606907639,49.429123816329174,margin-localized,5.0,50;100;200,TCGA-95-7562-01,TCGA-95-7562,Male,Stage IIA,71,1:DECEASED,2.86,1,II,matched
male_psg_positive,TCGA-95-7944,TCGA-95-7944-01Z-00-DX1.E66A3565-7B0D-412B-9C0C-81D7397E8B87,TCGA-95-7944-01,TCGA-95-7944,6,100.81657064307382,23217736.564983208,23.21773656498321,2769833.4991326304,0.11929817066277122,20447903.065850582,615390.2191648417,0.026505177084874328,76.52295744889518,90.68752761936706,96.76399294293468,29.088765013317428,margin-localized,5.0,50;100;200,TCGA-95-7944-01,TCGA-95-7944,Male,Stage IA,71,0:LIVING,12.39,0,I,matched
male_psg_positive,TCGA-95-8039,TCGA-95-8039-01Z-00-DX1.38b07435-987d-495d-9940-ba5f20e6ef97,TCGA-95-8039-01,TCGA-95-8039,1,22.246906691081183,1883161.5578501492,1.8831615578501493,282604.1639511374,0.15006899581879918,1600557.393899012,68798.46860034141,0.03653349247362662,78.66950813555476,94.26584783416241,96.46101626426132,22.978930566934572,margin-localized,5.0,50;100;200,TCGA-95-8039-01,TCGA-95-8039,Male,Stage IA,72,0:LIVING,27.27,0,I,matched
male_psg_positive,TCGA-97-7552,TCGA-97-7552-01Z-00-DX1.a5ab8959-ff7a-4287-b014-87439957fb67,TCGA-97-7552-01,TCGA-97-7552,3,27.380778770799132,3508921.726406863,3.508921726406863,715571.3795765429,0.20392913703130341,2793350.34683032,162168.0280020771,0.046215914929552224,63.22444772417873,93.06930794029323,98.71402204344078,43.28773642730698,margin-localized,5.0,50;100;200,TCGA-97-7552-01,TCGA-97-7552,Male,Stage IB,70,0:LIVING,63.47,0,I,matched
male_psg_positive,TCGA-97-8171,TCGA-97-8171-01Z-00-DX1.a55cbfd1-6674-4206-b3e0-2a4f12a74e5d,TCGA-97-8171-01,TCGA-97-8171,4,250.9065976671685,13732090.869648246,13.732090869648246,5071499.441277875,0.3693173522822591,8660591.428370373,844910.4277024845,0.06152817045290404,57.62304427133279,74.79592326116101,86.11071329849511,16.262014789072108,immune-penetrated,5.0,50;100;200,TCGA-97-8171-01,TCGA-97-8171,Male,Stage IV,81,0:LIVING,18.66,0,IV,matched
male_psg_positive,TCGA-97-8179,TCGA-97-8179-01Z-00-DX1.5501338a-dd89-4c41-8267-5baaaea71643,TCGA-97-8179-01,TCGA-97-8179,5,74.09643209031101,5521531.126864683,5.521531126864683,303157.28125,0.05490456800560377,5218373.845614683,263930.3718495631,0.04780021443063601,68.81342822760146,92.12394396883602,99.44706155281563,30.109435813379168,margin-localized,5.0,50;100;200,TCGA-97-8179-01,TCGA-97-8179,Male,Stage IA,72,0:LIVING,14.29,0,I,matched
male_psg_positive,TCGA-97-A4M2,TCGA-97-A4M2-01Z-00-DX1.5C72522C-1538-4D68-B517-5FB05A9D401A,TCGA-97-A4M2-01,TCGA-97-A4M2,3,26.291458554943812,6109756.181375513,6.109756181375513,630811.3370612822,0.10324656472940713,5478944.844314232,426980.484843768,0.06988502849677387,66.79629577427268,94.85206754715261,99.97506378552168,42.65596382687889,margin-localized,5.0,50;100;200,TCGA-97-A4M2-01,TCGA-97-A4M2,Male,Stage IA,66,0:LIVING,20.5,0,I,matched
male_psg_positive,TCGA-97-A4M5,TCGA-97-A4M5-01Z-00-DX1.283AFBA6-A349-425F-A18E-5CA186084C23,TCGA-97-A4M5-01,TCGA-97-A4M5,8,170.21310456772162,5074940.322778283,5.074940322778283,121587.5625,0.023958422122575172,4953352.760278283,67521.24071574178,0.013304834425871078,30.923549811075468,66.2799948522909,93.31196710400064,74.85371149782755,peritumoral,5.0,50;100;200,TCGA-97-A4M5-01,TCGA-97-A4M5,Male,Stage IA,83,0:LIVING,20.83,0,I,matched
male_psg_positive,TCGA-97-A4M7,TCGA-97-A4M7-01Z-00-DX2.9D0A8A7E-5A84-439B-B3D1-DFA22BC6ED87,TCGA-97-A4M7-01,TCGA-97-A4M7,6,108.1553507323358,21983569.023218423,21.983569023218422,2269285.9508091784,0.10322645737880064,19714283.07240925,765825.2132628331,0.03483625486171013,50.94421799612769,87.22860546964576,99.38296315650317,47.937662972343574,peritumoral,5.0,50;100;200,TCGA-97-A4M7-01,TCGA-97-A4M7,Male,Stage IA,74,0:LIVING,20.66,0,I,matched
male_psg_positive,TCGA-L4-A4E6,TCGA-L4-A4E6-01Z-00-DX1.1B537DE0-2CE3-4B90-9ED3-71F1F8747EE9,TCGA-L4-A4E6-01,TCGA-L4-A4E6,11,41.09440356730478,2323050.254783282,2.323050254783282,86683.54978948808,0.03731453919733425,2236366.704993794,200121.2932269972,0.08614591647982517,73.80661896217445,95.03213904256621,99.6604193175435,19.268254331931576,margin-localized,5.0,50;100;200,TCGA-L4-A4E6-01,TCGA-L4-A4E6,Male,Stage IA,67,0:LIVING,14.29,0,I,matched
male_psg_positive,TCGA-L9-A50W,TCGA-L9-A50W-01Z-00-DX1.21FAAB58-58EF-4A6A-8F0A-16D9AB9B1056,TCGA-L9-A50W-01,TCGA-L9-A50W,5,251.34446030075537,8309386.202985396,8.309386202985396,2198617.1257817354,0.2645944083080188,6110769.077203661,383638.7671987491,0.04616932681031427,65.90612141846734,85.98537353806945,92.84758317763756,28.31277593684519,margin-localized,5.0,50;100;200,TCGA-L9-A50W-01,TCGA-L9-A50W,Male,Stage IIA,75,1:DECEASED,14.52,1,II,matched
male_psg_positive,TCGA-L9-A743,TCGA-L9-A743-01Z-00-DX1.27ED2955-E8B5-4A3C-ADAA-82568ECCFB83,TCGA-L9-A743-01,TCGA-L9-A743,6,83.0964260138638,8435266.027198626,8.435266027198626,731652.2766230456,0.08673730908591501,7703613.750575581,208991.35343090704,0.024775905437604037,48.615441631795136,85.78618527583227,97.44940119983359,53.80244534405476,peritumoral,5.0,50;100;200,TCGA-L9-A743-01,TCGA-L9-A743,Male,Stage IIA,56,0:LIVING,21.81,0,II,matched
male_psg_positive,TCGA-L9-A7SV,TCGA-L9-A7SV-01Z-00-DX1.153B8E2D-54CE-4747-A22E-7A6ADCA03DB5,TCGA-L9-A7SV-01,TCGA-L9-A7SV,7,128.7558614629272,6768487.478516323,6.768487478516323,2371367.885552151,0.35035418076476427,4397119.592964171,280657.05755614996,0.041465254748121516,35.14906475006873,57.166283161147454,75.41583439312649,48.595588791576546,immune-penetrated,5.0,50;100;200,TCGA-L9-A7SV-01,TCGA-L9-A7SV,Male,Stage IIA,69,0:LIVING,18.56,0,II,matched
male_psg_positive,TCGA-MN-A4N5,TCGA-MN-A4N5-01Z-00-DX1.D0FBA0D2-6245-4EFD-AF2B-849215600DBE,TCGA-MN-A4N5-01,TCGA-MN-A4N5,4,56.10528228772122,5765200.38399116,5.765200383991161,1035816.449335902,0.1796670332937885,4729383.934655258,134539.40614734168,0.023336466590290848,66.34030956576994,88.85384396116545,95.23637215233337,34.99268896855456,margin-localized,5.0,50;100;200,TCGA-MN-A4N5-01,TCGA-MN-A4N5,Male,Stage IA,63,0:LIVING,2.76,0,I,matched
male_psg_positive,TCGA-MP-A4T8,TCGA-MP-A4T8-01Z-00-DX1.3ECB340F-66C7-4F64-8E00-463BF82AAD83,TCGA-MP-A4T8-01,TCGA-MP-A4T8,6,257.7437767325363,6993036.758632876,6.993036758632876,2045923.125,0.2925657615733703,4947113.633632876,231433.98316385428,0.033094918724422544,58.85745019817206,81.11402210252338,91.13791755431633,28.557302590580925,immune-penetrated,5.0,50;100;200,TCGA-MP-A4T8-01,TCGA-MP-A4T8,Male,Stage IIIA,68,1:DECEASED,5.29,1,III,matched
male_psg_positive,TCGA-MP-A4TC,TCGA-MP-A4TC-01Z-00-DX1.C7DB4A7F-F6B8-4FA0-84C1-9B87D41C7749,TCGA-MP-A4TC-01,TCGA-MP-A4TC,6,63.390201685382806,1948040.1980037165,1.9480401980037165,75827.47928588372,0.03892500748372085,1872212.7187178328,76901.52383785295,0.039476353679281845,51.31371238728347,93.52362031291277,99.95964362207414,57.97224551455636,peritumoral,5.0,50;100;200,TCGA-MP-A4TC-01,TCGA-MP-A4TC,Male,Stage IIIA,77,1:DECEASED,2.43,1,III,matched
male_psg_positive,TCGA-MP-A4TE,TCGA-MP-A4TE-01Z-00-DX1.B4680570-FD2E-47A5-8D50-A508CEB6A62C,TCGA-MP-A4TE-01,TCGA-MP-A4TE,8,231.06487953836887,5700321.926737491,5.700321926737491,379072.0335371974,0.06650010971470774,5321249.893200293,37819.039318108895,0.006634544470325057,32.50927211658108,81.57322352412692,96.58121053388327,66.31576924080727,peritumoral,5.0,50;100;200,TCGA-MP-A4TE-01,TCGA-MP-A4TE,Male,Stage IIA,56,1:DECEASED,29.43,1,II,matched
male_psg_positive,TCGA-MP-A4TI,TCGA-MP-A4TI-01Z-00-DX1.08AB4C0B-F953-41B5-A9BB-7452A8E34A54,TCGA-MP-A4TI-01,TCGA-MP-A4TI,9,95.96701236085333,10164054.708054718,10.164054708054717,1887197.5501705313,0.1856736907048505,8276857.157884189,750627.2274507717,0.0738511597006578,65.8609984819814,85.6049656086651,92.25209693280412,26.76671498802197,margin-localized,5.0,50;100;200,TCGA-MP-A4TI-01,TCGA-MP-A4TI,Male,Stage IIA,72,1:DECEASED,14.09,1,II,matched
male_psg_positive,TCGA-NJ-A4YP,TCGA-NJ-A4YP-01Z-00-DX1.148BFF66-4DC7-468C-8783-97F27C2E1245,TCGA-NJ-A4YP-01,TCGA-NJ-A4YP,8,144.53379849039794,5323232.651361122,5.3232326513611214,278510.6810396711,0.052319840082220986,5044721.97032145,88813.07204961653,0.016684048559648713,76.74344305084736,98.09920406909873,99.96991205957355,25.378694312355787,margin-localized,5.0,50;100;200,TCGA-NJ-A4YP-01,TCGA-NJ-A4YP,Male,Stage IB,52,0:LIVING,1.64,0,I,matched
male_psg_positive,TCGA-NJ-A55R,TCGA-NJ-A55R-01Z-00-DX1.2E2B3642-4E1C-47DB-AF7B-988D586C0986,TCGA-NJ-A55R-01,TCGA-NJ-A55R,10,180.22695838347923,2046531.2231066476,2.0465312231066477,22537.28125,0.011012429713038173,2023993.9418566478,49837.81624583598,0.02435233613009913,34.714722843145545,64.10497772812097,98.17714486819277,83.36911992008791,peritumoral,5.0,50;100;200,TCGA-NJ-A55R-01,TCGA-NJ-A55R,Male,Stage IA,67,0:LIVING,19.81,0,I,matched
