patient_id,wsi_name,cluster_id,sample_id,master_roi_id,focus_ids,n_foci,n_intertumor_edges,master_area_mm2,tissue_fraction,tumor_stroma_ratio,tumor_pct_TS_compartment,stroma_pct_TS_compartment,TSR_category,TSR_stroma_fraction,TSR_compartment_stroma_fraction,TSR_reliable,sTIL_pct,sTILs_reliable,intratumoral_TIL_pct,iTILs_reliable,inter_tumor_sTILs_pct,inter_tumor_sTILs_reliable,mean_focus_gap_um,median_focus_gap_um,max_focus_gap_um,source_row,clinical__sample_id,subject_id,SEX,AJCC_PATHOLOGIC_TUMOR_STAGE,AGE,OS_STATUS,OS_MONTHS,OS_Status,stage,clinical_match
TCGA-05-4250,TCGA-05-4250-01Z-00-DX1.90f67fdf-dff9-46ca-af71-0978d7c221ba,1,TCGA-05-4250-01,1,1;2,2,1,58.90865425,0.9435543505015858,1.970025462789583,66.33025499179544,33.66974500820456,stroma-low,0.3366974500820456,0.3425161548939276,True,14.831489609232726,True,2.783623266377705,True,1.0170826304922083,True,120.5,120.5,120.5,2,TCGA-05-4250-01,TCGA-05-4250,Female,Stage IIIA,79,1:DECEASED,3.98,1,III,matched
TCGA-05-4398,TCGA-05-4398-01Z-00-DX1.269bc75f-492e-48b1-87ee-85924aa80e74,1,TCGA-05-4398-01,1,1;3,2,1,2.42488175,0.8083832340717145,0.49529148880517615,33.12340720944935,66.87659279055066,stroma-high,0.6687659279055066,0.6653730114989389,True,9.511731926401119,True,7.563657560345257,True,1.6120348844640653,True,771.6168638576358,771.6168638576358,771.6168638576358,2,TCGA-05-4398-01,TCGA-05-4398,Female,Stage IIIB,47,0:LIVING,47.01,0,III,matched
TCGA-05-4398,TCGA-05-4398-01Z-00-DX1.269bc75f-492e-48b1-87ee-85924aa80e74,2,TCGA-05-4398-01,2,2;5,2,1,126.151932,0.9040055250877306,2.412781467140885,70.69838752852327,29.30161247147673,stroma-low,0.2930161247147673,0.2812931573628476,True,22.42756901765443,True,9.671111816021224,True,6.460966475783795,True,241.0,241.0,241.0,3,TCGA-05-4398-01,TCGA-05-4398,Female,Stage IIIB,47,0:LIVING,47.01,0,III,matched
TCGA-05-4398,TCGA-05-4398-01Z-00-DX1.269bc75f-492e-48b1-87ee-85924aa80e74,3,TCGA-05-4398-01,3,4,1,0,0.59533025,0.7804878040702401,0.6333867167966576,38.77751118478752,61.22248881521247,stroma-high,0.6122248881521247,0.6434293950124516,True,55.04116536100385,True,39.105234099121084,True,,False,,,,4,TCGA-05-4398-01,TCGA-05-4398,Female,Stage IIIB,47,0:LIVING,47.01,0,III,matched
TCGA-05-4398,TCGA-05-4398-01Z-00-DX1.269bc75f-492e-48b1-87ee-85924aa80e74,4,TCGA-05-4398-01,4,6,1,0,4.10923075,0.9328621901070364,0.5206382649179105,34.23814045255638,65.76185954744362,stroma-high,0.6576185954744362,0.6596795663029789,True,3.0307978072326365,True,0.9690639099135194,True,,False,,,,5,TCGA-05-4398-01,TCGA-05-4398,Female,Stage IIIB,47,0:LIVING,47.01,0,III,matched
TCGA-05-4402,TCGA-05-4402-01Z-00-DX1.c653ddc2-88c1-45ac-88e7-4e512b8e8d53,1,TCGA-05-4402-01,1,1,1,0,83.810883,0.9256756761986087,2.193522395174111,68.68661383082365,31.313386169176372,stroma-low,0.3131338616917637,0.3073173257951967,True,23.96311343014864,True,4.331086339536513,True,,False,,,,2,TCGA-05-4402-01,TCGA-05-4402,Female,Stage IV,57,1:DECEASED,8.02,1,IV,matched
TCGA-05-4402,TCGA-05-4402-01Z-00-DX1.c653ddc2-88c1-45ac-88e7-4e512b8e8d53,2,TCGA-05-4402-01,2,2,1,0,28.401609,0.9182004084255249,1.598718220316263,61.519490948183666,38.480509051816334,stroma-low,0.3848050905181633,0.3827357094176659,True,21.84550511162638,True,2.423161194145486,True,,False,,,,3,TCGA-05-4402-01,TCGA-05-4402,Female,Stage IV,57,1:DECEASED,8.02,1,IV,matched
TCGA-38-4627,TCGA-38-4627-01Z-00-DX1.fe406eb9-b38b-410d-aa1a-84ab8ac091c7,1,TCGA-38-4627-01,1,1;4,2,1,1.244421,0.9603960382689661,0.3671079027239673,26.85288425240638,73.14711574759363,stroma-high,0.7314711574759363,0.7315614084751484,True,3.339458875056179,True,2.489341891764024,True,2.4035167043103978,True,710.787183603143,710.787183603143,710.787183603143,2,TCGA-38-4627-01,TCGA-38-4627,Female,Stage IIA,64,1:DECEASED,37.68,1,II,matched
TCGA-38-4627,TCGA-38-4627-01Z-00-DX1.fe406eb9-b38b-410d-aa1a-84ab8ac091c7,2,TCGA-38-4627-01,2,2,1,0,0.911754,0.9324324302349949,0.5720353782474492,36.38820004707342,63.611799952926575,stroma-high,0.6361179995292657,0.6371843680747311,True,3.6486223099316497,True,2.072555681570772,True,,False,,,,3,TCGA-38-4627-01,TCGA-38-4627,Female,Stage IIA,64,1:DECEASED,37.68,1,II,matched
TCGA-38-4627,TCGA-38-4627-01Z-00-DX1.fe406eb9-b38b-410d-aa1a-84ab8ac091c7,3,TCGA-38-4627-01,3,3,1,0,0.850149,1.0000000018484623,0.5456835155710997,35.303702865038346,64.69629713496165,stroma-high,0.6469629713496166,0.6482357675289037,True,2.2263563075212893,True,0.8178530439181899,True,,False,,,,4,TCGA-38-4627-01,TCGA-38-4627,Female,Stage IIA,64,1:DECEASED,37.68,1,II,matched
TCGA-38-4627,TCGA-38-4627-01Z-00-DX1.fe406eb9-b38b-410d-aa1a-84ab8ac091c7,4,TCGA-38-4627-01,4,5;9;12;14;19;22;24;27;36;38;42;50;52;53;54;55,16,18,21.450861,0.9643882828455088,0.4902290107141322,32.89621978834044,67.10378021165957,stroma-high,0.6710378021165957,0.6677049943751151,True,11.46830388864019,True,9.905854281386365,True,6.369876881543855,True,528.8345318368653,483.7097027289688,999.000188511884,5,TCGA-38-4627-01,TCGA-38-4627,Female,Stage IIA,64,1:DECEASED,37.68,1,II,matched
TCGA-38-4627,TCGA-38-4627-01Z-00-DX1.fe406eb9-b38b-410d-aa1a-84ab8ac091c7,5,TCGA-38-4627-01,5,6;8;11;16;17;20;26;28;31;32;33;37;40;44;47;48;51,17,24,19.171476,0.9652956294347507,0.5053199717042045,33.568940903117166,66.43105909688283,stroma-high,0.6643105909688283,0.6612239287412182,True,11.375461288446063,True,9.821766649267555,True,7.793742559356322,True,457.0696584668513,366.62830488230844,999.0,6,TCGA-38-4627-01,TCGA-38-4627,Female,Stage IIA,64,1:DECEASED,37.68,1,II,matched
TCGA-38-4627,TCGA-38-4627-01Z-00-DX1.fe406eb9-b38b-410d-aa1a-84ab8ac091c7,6,TCGA-38-4627-01,6,7;10;18,3,2,4.152177,0.8872403564199123,0.6922770750977754,40.908021817749756,59.09197818225025,stroma-high,0.5909197818225025,0.5887034755128682,True,23.579386041940126,True,19.989260034701044,True,4.3744147534524025,True,466.3940159525399,466.3940159525399,710.7871836031428,7,TCGA-38-4627-01,TCGA-38-4627,Female,Stage IIA,64,1:DECEASED,37.68,1,II,matched
TCGA-38-4627,TCGA-38-4627-01Z-00-DX1.fe406eb9-b38b-410d-aa1a-84ab8ac091c7,7,TCGA-38-4627-01,7,13,1,0,0.271062,0.8181818141891365,0.3013434574046538,23.15633553079376,76.84366446920625,stroma-high,0.7684366446920625,0.779659860715943,True,15.338416223670478,True,6.67985510667954,True,,False,,,,8,TCGA-38-4627-01,TCGA-38-4627,Female,Stage IIA,64,1:DECEASED,37.68,1,II,matched
TCGA-38-4627,TCGA-38-4627-01Z-00-DX1.fe406eb9-b38b-410d-aa1a-84ab8ac091c7,8,TCGA-38-4627-01,8,15,1,0,0.308025,0.7600000032829121,0.47719724485803566,32.30423333912298,67.69576666087703,stroma-high,0.6769576666087702,0.6890435944698486,True,19.87819295234017,True,9.560762957311821,True,,False,,,,9,TCGA-38-4627-01,TCGA-38-4627,Female,Stage IIA,64,1:DECEASED,37.68,1,II,matched
TCGA-38-4627,TCGA-38-4627-01Z-00-DX1.fe406eb9-b38b-410d-aa1a-84ab8ac091c7,9,TCGA-38-4627-01,9,21,1,0,0.295704,0.8333333341247453,0.36734248529659275,26.86543344090649,73.1345665590935,stroma-high,0.7313456655909351,0.7385758523569028,True,18.185442565709497,True,11.184693735642071,True,,False,,,,10,TCGA-38-4627-01,TCGA-38-4627,Female,Stage IIA,64,1:DECEASED,37.68,1,II,matched
TCGA-38-4627,TCGA-38-4627-01Z-00-DX1.fe406eb9-b38b-410d-aa1a-84ab8ac091c7,10,TCGA-38-4627-01,10,23;25;29;30;34;35;41;43;46;58,10,13,14.7852,0.9816666668931748,0.4582127264951379,31.422899976772744,68.57710002322726,stroma-high,0.6857710002322726,0.6805690541079678,True,7.123408448898664,True,7.696055783806882,True,2.0162033261220005,True,573.0274546834172,496.44564737768076,999.0000000000002,11,TCGA-38-4627-01,TCGA-38-4627,Female,Stage IIA,64,1:DECEASED,37.68,1,II,matched
TCGA-38-4627,TCGA-38-4627-01Z-00-DX1.fe406eb9-b38b-410d-aa1a-84ab8ac091c7,11,TCGA-38-4627-01,11,39,1,0,0.295704,0.9999999986121111,0.1021763476045712,9.270417372559068,90.72958262744093,stroma-high,0.9072958262744093,0.9059375215123597,True,1.0137145781709926,True,3.3124712390894295,True,,False,,,,12,TCGA-38-4627-01,TCGA-38-4627,Female,Stage IIA,64,1:DECEASED,37.68,1,II,matched
TCGA-38-4627,TCGA-38-4627-01Z-00-DX1.fe406eb9-b38b-410d-aa1a-84ab8ac091c7,12,TCGA-38-4627-01,12,45,1,0,0.394272,1.000000001148237,0.17225668112164338,14.694450788442001,85.30554921155799,stroma-high,0.8530554921155798,0.8507770739540622,True,7.254055482956892,True,11.003839451303477,True,,False,,,,13,TCGA-38-4627-01,TCGA-38-4627,Female,Stage IIA,64,1:DECEASED,37.68,1,II,matched
TCGA-38-4627,TCGA-38-4627-01Z-00-DX1.fe406eb9-b38b-410d-aa1a-84ab8ac091c7,13,TCGA-38-4627-01,13,49,1,0,0.726939,1.0000000017875426,0.19996302558426682,16.664098919789964,83.33590108021002,stroma-high,0.8333590108021003,0.830108175734334,True,5.9431603042650885,True,8.315082499392876,True,,False,,,,14,TCGA-38-4627-01,TCGA-38-4627,Female,Stage IIA,64,1:DECEASED,37.68,1,II,matched
TCGA-38-4627,TCGA-38-4627-01Z-00-DX1.fe406eb9-b38b-410d-aa1a-84ab8ac091c7,14,TCGA-38-4627-01,14,56;57,2,1,0.961038,1.0000000001744362,0.1719364173913746,14.671138710245874,85.32886128975413,stroma-high,0.8532886128975413,0.843579938221524,True,5.081670831806946,True,14.038596221389604,True,0.0,True,222.00084830193703,222.00084830193703,222.00084830193703,15,TCGA-38-4627-01,TCGA-38-4627,Female,Stage IIA,64,1:DECEASED,37.68,1,II,matched
TCGA-38-4627,TCGA-38-4627-01Z-00-DX1.fe406eb9-b38b-410d-aa1a-84ab8ac091c7,15,TCGA-38-4627-01,15,59,1,0,0.234099,1.0000000024094908,0.21982333624438552,18.020915792706642,81.97908420729337,stroma-high,0.8197908420729336,0.8320403859845632,True,10.068364813119269,True,1.0414110866921096,True,,False,,,,16,TCGA-38-4627-01,TCGA-38-4627,Female,Stage IIA,64,1:DECEASED,37.68,1,II,matched
TCGA-38-4627,TCGA-38-4627-01Z-00-DX1.fe406eb9-b38b-410d-aa1a-84ab8ac091c7,16,TCGA-38-4627-01,16,60,1,0,0.36963,1.0000000018781672,0.23797967174821913,19.2232293614446,80.7767706385554,stroma-high,0.8077677063855541,0.8045065039302416,True,4.234998505417453,True,6.215362851384458,True,,False,,,,17,TCGA-38-4627-01,TCGA-38-4627,Female,Stage IIA,64,1:DECEASED,37.68,1,II,matched
TCGA-38-4627,TCGA-38-4627-01Z-00-DX1.fe406eb9-b38b-410d-aa1a-84ab8ac091c7,17,TCGA-38-4627-01,17,61,1,0,0.406593,0.6363636380935505,0.2766230328146585,21.668341061085876,78.33165893891412,stroma-high,0.7833165893891412,0.7779633267342245,True,0.0,True,3.1485871339016973,True,,False,,,,18,TCGA-38-4627-01,TCGA-38-4627,Female,Stage IIA,64,1:DECEASED,37.68,1,II,matched
TCGA-38-4627,TCGA-38-4627-01Z-00-DX1.fe406eb9-b38b-410d-aa1a-84ab8ac091c7,18,TCGA-38-4627-01,18,62,1,0,0.258741,0.6666666670436305,0.32894576306142914,24.75238434890318,75.24761565109682,stroma-high,0.7524761565109682,0.7248520568352044,True,2.749513758648378,True,19.5697523204727,True,,False,,,,19,TCGA-38-4627-01,TCGA-38-4627,Female,Stage IIA,64,1:DECEASED,37.68,1,II,matched
TCGA-38-4627,TCGA-38-4627-01Z-00-DX1.fe406eb9-b38b-410d-aa1a-84ab8ac091c7,19,TCGA-38-4627-01,19,63,1,0,0.234099,0.9999999958090484,0.13051895953648437,11.54504826615181,88.45495173384819,stroma-high,0.8845495173384819,0.8836200581646926,True,0.4932996447127555,True,1.666951171227576,True,,False,,,,20,TCGA-38-4627-01,TCGA-38-4627,Female,Stage IIA,64,1:DECEASED,37.68,1,II,matched
TCGA-38-4628,TCGA-38-4628-01Z-00-DX1.eee4f100-142f-4d9c-8e38-b16aab123413,1,TCGA-38-4628-01,1,1;3,2,1,1.084248,0.9772727278085437,0.20538710558092127,17.039099276073433,82.96090072392657,stroma-high,0.8296090072392657,0.8273451847035941,True,0.29910250007653627,True,2.195068544982428,True,0.0,True,333.00056553522495,333.00056553522495,333.00056553522495,2,TCGA-38-4628-01,TCGA-38-4628,Female,Stage IIB,65,1:DECEASED,49.01,1,II,matched
TCGA-38-4628,TCGA-38-4628-01Z-00-DX1.eee4f100-142f-4d9c-8e38-b16aab123413,2,TCGA-38-4628-01,2,2,1,0,0.197136,1.0000000033560354,0.3179376248342373,24.12387497277997,75.87612502722003,stroma-high,0.7587612502722003,0.7578019676525306,True,0.06729444874881634,True,0.6095281945124837,True,,False,,,,3,TCGA-38-4628-01,TCGA-38-4628,Female,Stage IIB,65,1:DECEASED,49.01,1,II,matched
TCGA-38-4628,TCGA-38-4628-01Z-00-DX1.eee4f100-142f-4d9c-8e38-b16aab123413,3,TCGA-38-4628-01,3,4,1,0,0.431235,0.9999999984007445,0.42816387682837526,29.98002426578868,70.01997573421131,stroma-high,0.7001997573421131,0.7003327819603887,True,0.13061905332669477,True,0.026354301034577587,True,,False,,,,4,TCGA-38-4628-01,TCGA-38-4628,Female,Stage IIB,65,1:DECEASED,49.01,1,II,matched
TCGA-38-4628,TCGA-38-4628-01Z-00-DX1.eee4f100-142f-4d9c-8e38-b16aab123413,4,TCGA-38-4628-01,4,5,1,0,1.170495,1.0000000032941325,0.286995880952392,22.299673619779707,77.70032638022029,stroma-high,0.7770032638022029,0.776989463314733,True,1.3129310575773208,True,0.9409169530683393,True,,False,,,,5,TCGA-38-4628-01,TCGA-38-4628,Female,Stage IIB,65,1:DECEASED,49.01,1,II,matched
TCGA-38-4628,TCGA-38-4628-01Z-00-DX1.eee4f100-142f-4d9c-8e38-b16aab123413,5,TCGA-38-4628-01,5,6,1,0,46.068219,0.9593474185519172,0.6696243987039832,40.10628972742417,59.89371027257583,stroma-high,0.5989371027257583,0.5941296408006422,True,3.3567791131917977,True,2.792174500008521,True,,False,,,,6,TCGA-38-4628-01,TCGA-38-4628,Female,Stage IIB,65,1:DECEASED,49.01,1,II,matched
TCGA-38-4628,TCGA-38-4628-01Z-00-DX1.eee4f100-142f-4d9c-8e38-b16aab123413,6,TCGA-38-4628-01,6,7,1,0,0.086247,0.9999999994012926,0.6119850133272434,37.96468380708242,62.03531619291758,stroma-high,0.6203531619291758,0.6203531619291758,True,0.0,True,0.0,True,,False,,,,7,TCGA-38-4628-01,TCGA-38-4628,Female,Stage IIB,65,1:DECEASED,49.01,1,II,matched
TCGA-38-4630,TCGA-38-4630-01Z-00-DX1.d08d0193-c5ed-4db8-b236-1a4c3c3177b8,1,TCGA-38-4630-01,1,1;3,2,1,82.735515,0.9301563659983247,9.332287062388454,90.32160068761354,9.678399312386468,stroma-low,0.09678399312386467,0.10005152991363189,True,45.62368262609549,True,4.107171385479109,True,8.56819103189321,True,313.9960526568477,313.9960526568477,313.9960526568477,2,TCGA-38-4630-01,TCGA-38-4630,Female,Stage IB,75,1:DECEASED,35.25,1,I,matched
TCGA-38-4630,TCGA-38-4630-01Z-00-DX1.d08d0193-c5ed-4db8-b236-1a4c3c3177b8,2,TCGA-38-4630-01,2,2;4,2,1,82.30428,0.9299401198554959,9.334102374338032,90.32330081727049,9.676699182729518,stroma-low,0.09676699182729517,0.09989596929016716,True,43.6291017984903,True,3.9258053108870588,True,0.0,True,332.99999999999994,332.99999999999994,332.99999999999994,3,TCGA-38-4630-01,TCGA-38-4630,Female,Stage IB,75,1:DECEASED,35.25,1,I,matched
TCGA-38-4630,TCGA-38-4630-01Z-00-DX1.d08d0193-c5ed-4db8-b236-1a4c3c3177b8,3,TCGA-38-4630-01,3,5,1,0,0.36963,0.8333333327939424,,100.0,0.0,stroma-low,0.0,8.29937090885136e-05,True,100.0,False,1.4314549718638294,True,,False,,,,4,TCGA-38-4630-01,TCGA-38-4630,Female,Stage IB,75,1:DECEASED,35.25,1,I,matched
TCGA-38-4630,TCGA-38-4630-01Z-00-DX1.d08d0193-c5ed-4db8-b236-1a4c3c3177b8,4,TCGA-38-4630-01,4,6,1,0,0.271062,0.5909090948582822,,100.0,0.0,stroma-low,0.0,0.0,True,,False,0.07072027308144592,True,,False,,,,5,TCGA-38-4630-01,TCGA-38-4630,Female,Stage IB,75,1:DECEASED,35.25,1,I,matched
TCGA-38-4630,TCGA-38-4630-01Z-00-DX1.d08d0193-c5ed-4db8-b236-1a4c3c3177b8,5,TCGA-38-4630-01,5,7,1,0,0.209457,0.7058823522546684,260.6609884475534,99.61782610165426,0.38217389834573573,stroma-low,0.003821738983457357,0.0038199579264042677,True,0.0,False,0.04850794926247662,True,,False,,,,6,TCGA-38-4630-01,TCGA-38-4630,Female,Stage IB,75,1:DECEASED,35.25,1,I,matched
TCGA-38-4631,TCGA-38-4631-01Z-00-DX1.5e0c873a-9c4c-4e0b-bf2e-e3cd8b760761,1,TCGA-38-4631-01,1,1,1,0,0.160173,0.8461538526568733,4.293046725135776,81.1072893943828,18.89271060561719,stroma-low,0.1889271060561719,0.2515522606955358,True,34.912072072471965,True,0.047205304957508805,True,,False,,,,2,TCGA-38-4631-01,TCGA-38-4631,Female,Stage IB,72,1:DECEASED,11.63,1,I,matched
TCGA-38-4631,TCGA-38-4631-01Z-00-DX1.5e0c873a-9c4c-4e0b-bf2e-e3cd8b760761,2,TCGA-38-4631-01,2,2,1,0,34.954677,0.9411350011678862,2.6913506122888475,72.90964459807996,27.09035540192003,stroma-low,0.2709035540192003,0.2726135696413538,True,29.08284421663089,True,4.885164962791352,True,,False,,,,3,TCGA-38-4631-01,TCGA-38-4631,Female,Stage IB,72,1:DECEASED,11.63,1,I,matched
TCGA-38-4631,TCGA-38-4631-01Z-00-DX1.5e0c873a-9c4c-4e0b-bf2e-e3cd8b760761,3,TCGA-38-4631-01,3,3,1,0,34.905393,0.9343452171593858,2.6805096313682895,72.82984966328607,27.170150336713935,stroma-low,0.27170150336713933,0.27018200521786984,True,25.830538197811947,True,5.658095037015076,True,,False,,,,4,TCGA-38-4631-01,TCGA-38-4631,Female,Stage IB,72,1:DECEASED,11.63,1,I,matched
TCGA-44-3918,TCGA-44-3918-01Z-00-DX1.6da70a8b-6307-423a-9d2d-380c16962855,1,TCGA-44-3918-01,1,1;4;5;6;7,5,4,65.030238,0.9784009096856581,1.1722997646996016,53.96583766889622,46.03416233110377,stroma-low,0.46034162331103773,0.44727756964185383,True,18.54405524585091,True,8.82730024330895,True,0.14301555837400157,True,161.7490131642112,111.0,313.9960526568448,2,TCGA-44-3918-01,TCGA-44-3918,Female,Stage IA,60,0:LIVING,34.03,0,I,matched
TCGA-44-3918,TCGA-44-3918-01Z-00-DX1.6da70a8b-6307-423a-9d2d-380c16962855,2,TCGA-44-3918-01,2,2,1,0,0.418914,0.6176470534517862,3.7739131940516,79.05282397581041,20.947176024189588,stroma-low,0.20947176024189587,0.2286354805235116,True,25.510712214508054,True,17.22732590346888,True,,False,,,,3,TCGA-44-3918-01,TCGA-44-3918,Female,Stage IA,60,0:LIVING,34.03,0,I,matched
TCGA-44-3918,TCGA-44-3918-01Z-00-DX1.6da70a8b-6307-423a-9d2d-380c16962855,3,TCGA-44-3918-01,3,3;9,2,1,64.106163,0.9790505474771767,1.1687844886412644,53.89122316037513,46.10877683962487,stroma-low,0.4610877683962487,0.44843653147992124,True,17.455811074850043,True,8.33998644433926,True,2.3649980595010542,True,111.0,111.0,111.0,4,TCGA-44-3918-01,TCGA-44-3918,Female,Stage IA,60,0:LIVING,34.03,0,I,matched
TCGA-44-3918,TCGA-44-3918-01Z-00-DX1.6da70a8b-6307-423a-9d2d-380c16962855,4,TCGA-44-3918-01,4,8,1,0,0.332667,0.8148148128348784,1.9695144527539028,66.32446092078763,33.67553907921238,stroma-low,0.33675539079212374,0.3854863977213197,True,31.65259475935712,True,16.081900531847538,True,,False,,,,5,TCGA-44-3918-01,TCGA-44-3918,Female,Stage IA,60,0:LIVING,34.03,0,I,matched
TCGA-44-6777,TCGA-44-6777-01Z-00-DX1.aca7b23d-a601-4476-8bfd-eb46f0b6a96e,1,TCGA-44-6777-01,1,1;2;3;6;7;9;10;11;12;14,10,13,6.049611,0.9857433808021536,0.35043055168153575,25.94954262884418,74.05045737115582,stroma-high,0.7405045737115582,0.7405045737115582,True,0.0,True,0.0,True,0.0,True,416.21351310472016,333.000565535225,888.0,2,TCGA-44-6777-01,TCGA-44-6777,Female,Stage IB,85,1:DECEASED,32.42,1,I,matched
TCGA-44-6777,TCGA-44-6777-01Z-00-DX1.aca7b23d-a601-4476-8bfd-eb46f0b6a96e,2,TCGA-44-6777-01,2,4,1,0,0.800865,0.9846153846584248,0.37305446324214375,27.169677039704876,72.83032296029512,stroma-high,0.7283032296029512,0.7283032296029512,True,0.0,True,0.0,True,,False,,,,3,TCGA-44-6777-01,TCGA-44-6777,Female,Stage IB,85,1:DECEASED,32.42,1,I,matched
TCGA-44-6777,TCGA-44-6777-01Z-00-DX1.aca7b23d-a601-4476-8bfd-eb46f0b6a96e,3,TCGA-44-6777-01,3,5;8,2,1,0.924075,0.999999999286956,0.34614696531294026,25.713906002267077,74.28609399773293,stroma-high,0.7428609399773293,0.7428609399773293,True,0.0,True,0.0,True,0.0,True,496.44564737767854,496.44564737767854,496.44564737767854,4,TCGA-44-6777-01,TCGA-44-6777,Female,Stage IB,85,1:DECEASED,32.42,1,I,matched
TCGA-44-6777,TCGA-44-6777-01Z-00-DX1.aca7b23d-a601-4476-8bfd-eb46f0b6a96e,4,TCGA-44-6777-01,4,13;16;19;23,4,3,61.136802,0.9681580007746594,1.2335214110643538,55.22765105155344,44.772348948446556,stroma-low,0.44772348948446555,0.4268759038539279,True,16.050812043855807,True,12.773838966197438,True,3.951067752279841,True,308.02066397754146,111.0,702.0619919326243,5,TCGA-44-6777-01,TCGA-44-6777,Female,Stage IB,85,1:DECEASED,32.42,1,I,matched
TCGA-44-6777,TCGA-44-6777-01Z-00-DX1.aca7b23d-a601-4476-8bfd-eb46f0b6a96e,5,TCGA-44-6777-01,5,15,1,0,1.145853,0.999999997447508,0.4761554125316989,32.256455417188256,67.74354458281174,stroma-high,0.6774354458281173,0.6828737377746004,True,5.951885821849449,True,1.95249075013177,True,,False,,,,6,TCGA-44-6777-01,TCGA-44-6777,Female,Stage IB,85,1:DECEASED,32.42,1,I,matched
TCGA-44-6777,TCGA-44-6777-01Z-00-DX1.aca7b23d-a601-4476-8bfd-eb46f0b6a96e,6,TCGA-44-6777-01,6,17,1,0,0.221778,1.000000001535227,0.8045431268187356,44.5843113895028,55.41568861049719,stroma-high,0.5541568861049719,0.6602665956213123,True,52.438010482929286,True,5.258684290180479,True,,False,,,,7,TCGA-44-6777-01,TCGA-44-6777,Female,Stage IB,85,1:DECEASED,32.42,1,I,matched
TCGA-44-6777,TCGA-44-6777-01Z-00-DX1.aca7b23d-a601-4476-8bfd-eb46f0b6a96e,7,TCGA-44-6777-01,7,18;20;21;22;24,5,5,51.526422,0.9768053561140483,1.0387680224226308,50.95077080855338,49.04922919144662,stroma-low,0.4904922919144662,0.4683313518379347,True,8.621955549467177,True,11.265094117538569,True,0.0,True,257.42904447269154,111.0,496.44564737767934,8,TCGA-44-6777-01,TCGA-44-6777,Female,Stage IB,85,1:DECEASED,32.42,1,I,matched
TCGA-44-6777,TCGA-44-6777-01Z-00-DX1.aca7b23d-a601-4476-8bfd-eb46f0b6a96e,8,TCGA-44-6777-01,8,25,1,0,0.603729,0.9795918348780254,0.4877388935382941,32.78390419560136,67.21609580439863,stroma-high,0.6721609580439863,0.6721609580439863,True,0.0,True,0.0,True,,False,,,,9,TCGA-44-6777-01,TCGA-44-6777,Female,Stage IB,85,1:DECEASED,32.42,1,I,matched
TCGA-44-6777,TCGA-44-6777-01Z-00-DX1.aca7b23d-a601-4476-8bfd-eb46f0b6a96e,9,TCGA-44-6777-01,9,26,1,0,0.184815,0.8666666696119744,0.2408818840682829,19.4121525312741,80.5878474687259,stroma-high,0.805878474687259,0.805878474687259,True,0.0,True,0.0,True,,False,,,,10,TCGA-44-6777-01,TCGA-44-6777,Female,Stage IB,85,1:DECEASED,32.42,1,I,matched
TCGA-44-7661,TCGA-44-7661-01Z-00-DX1.baf72abd-edb9-4f56-beb3-f5138aa50930,1,TCGA-44-7661-01,1,1;3,2,1,4.990005,0.8790123454348098,1.9023767335754727,65.54547904027304,34.45452095972696,stroma-low,0.34454520959726964,0.34455043214584924,True,0.1518985896431259,True,0.08092813984243645,True,0.0,True,333.00056553522495,333.00056553522495,333.00056553522495,2,TCGA-44-7661-01,TCGA-44-7661,Female,Stage IB,69,1:DECEASED,18.3,1,I,matched
TCGA-44-7661,TCGA-44-7661-01Z-00-DX1.baf72abd-edb9-4f56-beb3-f5138aa50930,2,TCGA-44-7661-01,2,2,1,0,0.209457,0.5294117630452521,2.0483946764591283,67.19584876189481,32.80415123810519,stroma-low,0.32804151238105195,0.32804151238105195,True,0.0,True,0.0,True,,False,,,,3,TCGA-44-7661-01,TCGA-44-7661,Female,Stage IB,69,1:DECEASED,18.3,1,I,matched
TCGA-44-7670,TCGA-44-7670-01Z-00-DX1.2a981dd6-0063-438e-b20e-b180b16e2b23,1,TCGA-44-7670-01,1,1,1,0,1.281384,0.9230769252083239,0.3466975132605697,25.744275150635698,74.25572484936431,stroma-high,0.7425572484936431,0.7567345403746951,True,17.8649827071743,True,6.7477095959521325,True,,False,,,,2,TCGA-44-7670-01,TCGA-44-7670,Female,Stage IIA,47,0:LIVING,28.98,0,II,matched
TCGA-44-7670,TCGA-44-7670-01Z-00-DX1.2a981dd6-0063-438e-b20e-b180b16e2b23,2,TCGA-44-7670-01,2,2,1,0,1.453878,0.9152542376429772,0.3402255556824181,25.385693791608198,74.6143062083918,stroma-high,0.746143062083918,0.765994295278266,True,22.35214397206172,True,6.5426867893877745,True,,False,,,,3,TCGA-44-7670-01,TCGA-44-7670,Female,Stage IIA,47,0:LIVING,28.98,0,II,matched
TCGA-44-7670,TCGA-44-7670-01Z-00-DX1.2a981dd6-0063-438e-b20e-b180b16e2b23,3,TCGA-44-7670-01,3,3,1,0,23.976666,0.9743062701753032,1.1967321843343106,54.47783725611339,45.52216274388661,stroma-low,0.45522162743886607,0.4560108505595927,True,25.16209219969532,True,9.242602664008997,True,,False,,,,4,TCGA-44-7670-01,TCGA-44-7670,Female,Stage IIA,47,0:LIVING,28.98,0,II,matched
TCGA-44-7670,TCGA-44-7670-01Z-00-DX1.2a981dd6-0063-438e-b20e-b180b16e2b23,4,TCGA-44-7670-01,4,4,1,0,22.350294,0.9702315329877349,1.1959681643932083,54.461999212255385,45.53800078774461,stroma-low,0.4553800078774461,0.4579596417713779,True,25.886389996240823,True,8.825868162270908,True,,False,,,,5,TCGA-44-7670-01,TCGA-44-7670,Female,Stage IIA,47,0:LIVING,28.98,0,II,matched
TCGA-44-7670,TCGA-44-7670-01Z-00-DX1.2a981dd6-0063-438e-b20e-b180b16e2b23,5,TCGA-44-7670-01,5,5,1,0,25.849458,0.9623450901795242,1.0977927754222696,52.33084927567702,47.66915072432298,stroma-low,0.47669150724322984,0.47827675951600673,True,19.42839674221232,True,6.8615394151319435,True,,False,,,,6,TCGA-44-7670-01,TCGA-44-7670,Female,Stage IIA,47,0:LIVING,28.98,0,II,matched
TCGA-44-7670,TCGA-44-7670-01Z-00-DX1.2a981dd6-0063-438e-b20e-b180b16e2b23,6,TCGA-44-7670-01,6,6,1,0,0.332667,0.6666666687479947,0.4618061320307316,31.591475908586702,68.40852409141331,stroma-high,0.6840852409141331,0.7003523478244026,True,20.591389803597668,True,14.695482037875166,True,,False,,,,7,TCGA-44-7670-01,TCGA-44-7670,Female,Stage IIA,47,0:LIVING,28.98,0,II,matched
TCGA-44-A479,TCGA-44-A479-01Z-00-DX1.CA5654C6-A623-452E-A8AC-DB6279CA97B1,1,TCGA-44-A479-01,1,1;2;3;4;7;9;11;13;14;16;17;19;21,13,20,44.932048875,0.9716509172770431,0.8422772060513002,45.71935229316658,54.28064770683343,stroma-high,0.5428064770683343,0.5221158443637102,True,39.47737586087065,True,30.490283637730137,True,39.75020333109958,True,343.2590507909789,249.91915302242973,813.5878077004536,2,TCGA-44-A479-01,TCGA-44-A479,Female,Stage IB,73,0:LIVING,15.97,0,I,matched
TCGA-44-A479,TCGA-44-A479-01Z-00-DX1.CA5654C6-A623-452E-A8AC-DB6279CA97B1,2,TCGA-44-A479-01,2,5;6;8;18;20;27;29;32;36,9,9,40.1491209375,0.9713841368715974,0.8790899020775389,46.78274845208892,53.21725154791109,stroma-high,0.5321725154791109,0.5178227413863296,True,40.09732651709411,True,28.4846075106457,True,31.195873137187363,True,336.63750163549963,223.50084260865697,813.5878077004525,3,TCGA-44-A479-01,TCGA-44-A479,Female,Stage IB,73,0:LIVING,15.97,0,I,matched
TCGA-44-A479,TCGA-44-A479-01Z-00-DX1.CA5654C6-A623-452E-A8AC-DB6279CA97B1,3,TCGA-44-A479-01,3,10;12;22;23;26;31;33;35;39;40,10,10,41.6976406875,0.9712488769772863,1.0277297528389322,50.68376352420999,49.31623647579,stroma-low,0.4931623647579,0.4885138636174869,True,49.5339999033581,True,34.49061383404669,True,30.043775936468762,True,515.8303800508659,493.44915133534846,961.3499374496881,4,TCGA-44-A479-01,TCGA-44-A479,Female,Stage IB,73,0:LIVING,15.97,0,I,matched
TCGA-44-A479,TCGA-44-A479-01Z-00-DX1.CA5654C6-A623-452E-A8AC-DB6279CA97B1,4,TCGA-44-A479-01,4,15;24;25;30;34;37,6,7,3.7089545625,0.9764309758761417,0.41115493299985206,29.136058939029,70.863941060971,stroma-high,0.70863941060971,0.7481014425993473,True,38.368046706398054,True,17.882705114697032,True,37.797622304941605,True,512.0091275230491,474.1557385955978,894.0002106525366,5,TCGA-44-A479-01,TCGA-44-A479,Female,Stage IB,73,0:LIVING,15.97,0,I,matched
TCGA-44-A479,TCGA-44-A479-01Z-00-DX1.CA5654C6-A623-452E-A8AC-DB6279CA97B1,5,TCGA-44-A479-01,5,28,1,0,0.474546375,0.9210526276907617,1.820838280605218,64.54954518748775,35.45045481251224,stroma-low,0.3545045481251224,0.5697502056115823,True,78.87037167437089,True,46.415268931439776,True,,False,,,,6,TCGA-44-A479-01,TCGA-44-A479,Female,Stage IB,73,0:LIVING,15.97,0,I,matched
TCGA-44-A479,TCGA-44-A479-01Z-00-DX1.CA5654C6-A623-452E-A8AC-DB6279CA97B1,6,TCGA-44-A479-01,6,38,1,0,0.4121060625,0.9696969649945514,5.629004638846998,84.91477899804377,15.085221001956228,stroma-low,0.15085221001956228,0.5776913334724672,True,93.7256597651314,True,40.35328862001134,True,,False,,,,7,TCGA-44-A479-01,TCGA-44-A479,Female,Stage IB,73,0:LIVING,15.97,0,I,matched
TCGA-44-A479,TCGA-44-A479-01Z-00-DX1.CA5654C6-A623-452E-A8AC-DB6279CA97B1,7,TCGA-44-A479-01,7,41,1,0,0.54947475,0.9318181805574568,0.8520988783122329,46.007202330834915,53.992797669165085,stroma-high,0.5399279766916508,0.6290649000424474,True,64.4408959792149,True,29.784506062294046,True,,False,,,,8,TCGA-44-A479-01,TCGA-44-A479,Female,Stage IB,73,0:LIVING,15.97,0,I,matched
TCGA-49-4490,TCGA-49-4490-01Z-00-DX1.bde106d9-1494-4775-b77d-11c86bb09b72,1,TCGA-49-4490-01,1,1;2;5;7;10;14;15;16;23;26;28;35;38;40;42,15,21,55.838772,0.9466019413981174,0.8958658210497769,47.25365113411449,52.74634886588551,stroma-high,0.5274634886588551,0.5128453099645502,True,14.586636027784081,True,12.066318034758709,True,13.007926595894755,True,587.1095538394657,555.0402333690103,999.0000000000001,2,TCGA-49-4490-01,TCGA-49-4490,Female,Stage IIIA,45,1:DECEASED,12.65,1,III,matched
TCGA-49-4490,TCGA-49-4490-01Z-00-DX1.bde106d9-1494-4775-b77d-11c86bb09b72,2,TCGA-49-4490-01,2,3;8;11;12;17;20;21;22;27;29;30;31;32;34;36;37;39;43,18,23,59.559714,0.9412494830113228,0.8572588527113206,46.157209128918716,53.84279087108129,stroma-high,0.5384279087108129,0.5299747265738243,True,11.668099648663429,True,8.803914365351787,True,11.170557140460149,True,548.3227099310731,627.9514635036732,999.0,3,TCGA-49-4490-01,TCGA-49-4490,Female,Stage IIIA,45,1:DECEASED,12.65,1,III,matched
TCGA-49-4490,TCGA-49-4490-01Z-00-DX1.bde106d9-1494-4775-b77d-11c86bb09b72,3,TCGA-49-4490-01,3,4;9;13;18;19;25;33,7,8,4.595733,0.9651474535088461,0.19903093800420238,16.599316305840375,83.40068369415961,stroma-high,0.8340068369415962,0.8226643982949383,True,3.824397543220395,True,13.073256029638053,True,4.752780779933776,True,583.8296014125749,506.3699041773933,999.000188511884,4,TCGA-49-4490-01,TCGA-49-4490,Female,Stage IIIA,45,1:DECEASED,12.65,1,III,matched
TCGA-49-4490,TCGA-49-4490-01Z-00-DX1.bde106d9-1494-4775-b77d-11c86bb09b72,4,TCGA-49-4490-01,4,6,1,0,0.443556,0.9999999989761111,0.214192952795746,17.64076725223573,82.35923274776427,stroma-high,0.8235923274776427,0.8230742363172808,True,6.62435825481439,True,7.451362636341294,True,,False,,,,5,TCGA-49-4490-01,TCGA-49-4490,Female,Stage IIIA,45,1:DECEASED,12.65,1,III,matched
TCGA-49-4490,TCGA-49-4490-01Z-00-DX1.bde106d9-1494-4775-b77d-11c86bb09b72,5,TCGA-49-4490-01,5,24,1,0,0.258741,0.9047619074120857,0.15848988949956294,13.680731350018634,86.31926864998137,stroma-high,0.8631926864998136,0.8622254151879085,True,3.491191292663503,True,4.408051076019951,True,,False,,,,6,TCGA-49-4490-01,TCGA-49-4490,Female,Stage IIIA,45,1:DECEASED,12.65,1,III,matched
TCGA-49-4490,TCGA-49-4490-01Z-00-DX1.bde106d9-1494-4775-b77d-11c86bb09b72,6,TCGA-49-4490-01,6,41,1,0,0.49284,1.0000000043694852,0.44506807528720604,30.799107868931998,69.200892131068,stroma-high,0.69200892131068,0.6734397415867375,True,16.119858613098863,True,21.072268385210815,True,,False,,,,7,TCGA-49-4490-01,TCGA-49-4490,Female,Stage IIIA,45,1:DECEASED,12.65,1,III,matched
TCGA-49-4490,TCGA-49-4490-01Z-00-DX1.bde106d9-1494-4775-b77d-11c86bb09b72,7,TCGA-49-4490-01,7,44;45,2,1,0.61605,0.6599999980654684,1.2216951403939178,54.989324060784725,45.01067593921526,stroma-low,0.4501067593921526,0.49790372271834066,True,61.578638750297706,True,33.760011859886966,True,37.37125235782673,True,157.01834723343126,157.01834723343126,157.01834723343126,8,TCGA-49-4490-01,TCGA-49-4490,Female,Stage IIIA,45,1:DECEASED,12.65,1,III,matched
TCGA-49-4490,TCGA-49-4490-01Z-00-DX2.1b491bd7-60d2-40a6-96cd-01385bce2b0f,1,TCGA-49-4490-01,1,1;2,2,1,0.973359,1.0000000009472099,0.2789865010444182,21.81309191430858,78.18690808569143,stroma-high,0.7818690808569143,0.7844920591018152,True,27.61366114870026,True,24.88175384609106,True,46.55347573261445,True,444.0,444.0,444.0,2,TCGA-49-4490-01,TCGA-49-4490,Female,Stage IIIA,45,1:DECEASED,12.65,1,III,matched
TCGA-49-4490,TCGA-49-4490-01Z-00-DX2.1b491bd7-60d2-40a6-96cd-01385bce2b0f,2,TCGA-49-4490-01,2,3;4;5;7;9,5,6,1.959039,0.9999999991066931,0.2962479548069114,22.854265937957866,77.14573406204212,stroma-high,0.7714573406204213,0.7780699976879254,True,20.274706442296115,True,14.950836324727138,True,23.585494995558527,True,450.8951448269351,414.7228236888392,784.9291689270866,3,TCGA-49-4490-01,TCGA-49-4490,Female,Stage IIIA,45,1:DECEASED,12.65,1,III,matched
TCGA-49-4490,TCGA-49-4490-01Z-00-DX2.1b491bd7-60d2-40a6-96cd-01385bce2b0f,3,TCGA-49-4490-01,3,6,1,0,0.258741,1.0000000033843597,0.22706713054005073,18.504866187729686,81.49513381227031,stroma-high,0.8149513381227032,0.7996935252042535,True,9.919396423885768,True,23.522058635061683,True,,False,,,,4,TCGA-49-4490-01,TCGA-49-4490,Female,Stage IIIA,45,1:DECEASED,12.65,1,III,matched
TCGA-49-4490,TCGA-49-4490-01Z-00-DX2.1b491bd7-60d2-40a6-96cd-01385bce2b0f,4,TCGA-49-4490-01,4,8,1,0,0.184815,1.0000000021420419,0.17120643839618419,14.617955706478977,85.38204429352102,stroma-high,0.8538204429352102,0.8506113870534578,True,0.24524979401808886,True,3.4081671167828667,True,,False,,,,5,TCGA-49-4490-01,TCGA-49-4490,Female,Stage IIIA,45,1:DECEASED,12.65,1,III,matched
TCGA-49-4490,TCGA-49-4490-01Z-00-DX2.1b491bd7-60d2-40a6-96cd-01385bce2b0f,5,TCGA-49-4490-01,5,10,1,0,0.283383,0.8695652246542918,0.6324543584893861,38.74254463534505,61.257455364654945,stroma-high,0.6125745536465494,0.5925553441009486,True,2.3936373207237325,True,10.869708717701835,True,,False,,,,6,TCGA-49-4490-01,TCGA-49-4490,Female,Stage IIIA,45,1:DECEASED,12.65,1,III,matched
TCGA-49-4490,TCGA-49-4490-01Z-00-DX2.1b491bd7-60d2-40a6-96cd-01385bce2b0f,6,TCGA-49-4490-01,6,11,1,0,0.505161,0.9999999951020383,0.30025407825243333,23.091954355258064,76.90804564474195,stroma-high,0.7690804564474194,0.7645379600962933,True,1.4186142385970868,True,3.767685250237432,True,,False,,,,7,TCGA-49-4490-01,TCGA-49-4490,Female,Stage IIIA,45,1:DECEASED,12.65,1,III,matched
TCGA-49-4490,TCGA-49-4490-01Z-00-DX2.1b491bd7-60d2-40a6-96cd-01385bce2b0f,7,TCGA-49-4490-01,7,12,1,0,2.907756,0.8262711867447036,0.8355775738424492,45.521234610276856,54.47876538972314,stroma-high,0.5447876538972314,0.5426034601514425,True,4.166238914449727,True,2.125910732370472,True,,False,,,,8,TCGA-49-4490-01,TCGA-49-4490,Female,Stage IIIA,45,1:DECEASED,12.65,1,III,matched
TCGA-49-4490,TCGA-49-4490-01Z-00-DX2.1b491bd7-60d2-40a6-96cd-01385bce2b0f,8,TCGA-49-4490-01,8,13,1,0,0.283383,0.913043479231419,0.3401601057244493,25.382049821619578,74.61795017838043,stroma-high,0.7461795017838042,0.7053708990013843,True,13.022673093631424,True,27.819248573413574,True,,False,,,,9,TCGA-49-4490-01,TCGA-49-4490,Female,Stage IIIA,45,1:DECEASED,12.65,1,III,matched
TCGA-49-4490,TCGA-49-4490-01Z-00-DX2.1b491bd7-60d2-40a6-96cd-01385bce2b0f,9,TCGA-49-4490-01,9,14,1,0,0.381951,0.9999999974651502,0.36851873394378337,26.928292964012986,73.07170703598702,stroma-high,0.7307170703598702,0.7242139724495038,True,3.044972149512645,True,6.364237864362076,True,,False,,,,10,TCGA-49-4490-01,TCGA-49-4490,Female,Stage IIIA,45,1:DECEASED,12.65,1,III,matched
TCGA-49-4490,TCGA-49-4490-01Z-00-DX2.1b491bd7-60d2-40a6-96cd-01385bce2b0f,10,TCGA-49-4490-01,10,15;16;22;26;28;29;30;31;32;33;34;35;36;37;38;41;42;45;47;50;52;54,22,25,17.98866,0.9541095894021266,0.30996333453986386,23.6619855202849,76.3380144797151,stroma-high,0.763380144797151,0.749525464812867,True,11.163248761076378,True,17.196418223627692,True,13.581032945178354,True,530.4618172008497,555.0,999.0,11,TCGA-49-4490-01,TCGA-49-4490,Female,Stage IIIA,45,1:DECEASED,12.65,1,III,matched
TCGA-49-4490,TCGA-49-4490-01Z-00-DX2.1b491bd7-60d2-40a6-96cd-01385bce2b0f,11,TCGA-49-4490-01,11,17;18;21,3,2,1.675656,0.9485294102596927,0.5943104855937237,37.27696022600024,62.72303977399976,stroma-high,0.6272303977399976,0.6603842291375469,True,46.02095800445054,True,29.37441696164368,True,98.6163854231238,True,179.62105102076725,179.62105102076725,248.2421020415345,12,TCGA-49-4490-01,TCGA-49-4490,Female,Stage IIIA,45,1:DECEASED,12.65,1,III,matched
TCGA-49-4490,TCGA-49-4490-01Z-00-DX2.1b491bd7-60d2-40a6-96cd-01385bce2b0f,12,TCGA-49-4490-01,12,19;27,2,1,119.747799,0.9554480911025348,0.8589341946606676,46.20573429267939,53.79426570732061,stroma-high,0.5379426570732061,0.5041827879376964,True,9.042400924381159,True,15.71186999415089,True,0.9690567984204005,True,111.0,111.0,111.0,13,TCGA-49-4490-01,TCGA-49-4490,Female,Stage IIIA,45,1:DECEASED,12.65,1,III,matched
TCGA-49-4490,TCGA-49-4490-01Z-00-DX2.1b491bd7-60d2-40a6-96cd-01385bce2b0f,13,TCGA-49-4490-01,13,20,1,0,0.197136,0.9999999966230463,0.2463357656977066,19.764799540981343,80.23520045901866,stroma-high,0.8023520045901866,0.7988895570920203,True,2.0965391891769034,True,4.170985432966074,True,,False,,,,14,TCGA-49-4490-01,TCGA-49-4490,Female,Stage IIIA,45,1:DECEASED,12.65,1,III,matched
TCGA-49-4490,TCGA-49-4490-01Z-00-DX2.1b491bd7-60d2-40a6-96cd-01385bce2b0f,14,TCGA-49-4490-01,14,23;24;25,3,2,1.219779,0.9898989887786026,0.4874141223148686,32.76922781641363,67.23077218358637,stroma-high,0.6723077218358637,0.6808296652825636,True,31.709799257084853,True,25.483874187461815,True,30.480037884377303,True,393.1098564387313,393.1098564387313,675.2197128774626,15,TCGA-49-4490-01,TCGA-49-4490,Female,Stage IIIA,45,1:DECEASED,12.65,1,III,matched
TCGA-49-4490,TCGA-49-4490-01Z-00-DX2.1b491bd7-60d2-40a6-96cd-01385bce2b0f,15,TCGA-49-4490-01,15,39;40,2,1,1.306026,0.8490566051417566,0.4864693240756285,32.72649601283517,67.27350398716483,stroma-high,0.6727350398716483,0.670177625380014,True,1.0421508278357685,True,1.9784479189180952,True,0.0,True,222.0,222.0,222.0,16,TCGA-49-4490-01,TCGA-49-4490,Female,Stage IIIA,45,1:DECEASED,12.65,1,III,matched
TCGA-49-4490,TCGA-49-4490-01Z-00-DX2.1b491bd7-60d2-40a6-96cd-01385bce2b0f,16,TCGA-49-4490-01,16,43;46;48;49;51;53,6,5,4.620375,0.8186666655492543,0.5540799066341902,35.6532443582139,64.3467556417861,stroma-high,0.643467556417861,0.6340819643270112,True,4.051852758942516,True,6.977800575010974,True,2.421109959179756,True,559.4826902029554,555.0402333690078,948.4214148207778,17,TCGA-49-4490-01,TCGA-49-4490,Female,Stage IIIA,45,1:DECEASED,12.65,1,III,matched
TCGA-49-4490,TCGA-49-4490-01Z-00-DX2.1b491bd7-60d2-40a6-96cd-01385bce2b0f,17,TCGA-49-4490-01,17,44,1,0,0.73926,0.6499999982235749,0.9835169098431972,49.58449837067167,50.41550162932833,stroma-high,0.5041550162932833,0.5030744571718777,True,13.300777680248244,True,5.897363730447946,True,,False,,,,18,TCGA-49-4490-01,TCGA-49-4490,Female,Stage IIIA,45,1:DECEASED,12.65,1,III,matched
TCGA-49-4490,TCGA-49-4490-01Z-00-DX3.0949a10a-0a1f-49dc-9296-ab4d4f0bf988,1,TCGA-49-4490-01,1,1;7,2,1,2.772225,0.8933333338951502,0.3771738863737277,27.387528191292827,72.61247180870718,stroma-high,0.7261247180870718,0.7145284646120109,True,16.120237706483433,True,18.061069558662872,True,68.99231583891986,True,111.0,111.0,111.0,2,TCGA-49-4490-01,TCGA-49-4490,Female,Stage IIIA,45,1:DECEASED,12.65,1,III,matched
TCGA-49-4490,TCGA-49-4490-01Z-00-DX3.0949a10a-0a1f-49dc-9296-ab4d4f0bf988,2,TCGA-49-4490-01,2,2;3,2,1,0.948717,0.8961038938276317,0.24399579524851397,19.613876202834813,80.38612379716518,stroma-high,0.8038612379716519,0.797130727090956,True,5.8523230509533235,True,9.178132139693023,True,3.3650743002621546,True,999.0,999.0,999.0,3,TCGA-49-4490-01,TCGA-49-4490,Female,Stage IIIA,45,1:DECEASED,12.65,1,III,matched
TCGA-49-4490,TCGA-49-4490-01Z-00-DX3.0949a10a-0a1f-49dc-9296-ab4d4f0bf988,3,TCGA-49-4490-01,3,4;5;8;9;10;11;12;13;14;15;17;18;19;20;21;22;23;24;25;26;27;28;30;32;35,25,31,171.75474,0.9514347203021046,0.8848427395599272,46.945175901864374,53.05482409813563,stroma-high,0.5305482409813563,0.5096218688653303,True,12.433803022614812,True,11.948251981104129,True,15.505564199550935,True,557.6655052408861,597.790649523999,992.852738299457,4,TCGA-49-4490-01,TCGA-49-4490,Female,Stage IIIA,45,1:DECEASED,12.65,1,III,matched
TCGA-49-4490,TCGA-49-4490-01Z-00-DX3.0949a10a-0a1f-49dc-9296-ab4d4f0bf988,4,TCGA-49-4490-01,4,6,1,0,0.517482,1.0000000019775446,0.3796711326817265,27.518958952467408,72.48104104753259,stroma-high,0.7248104104753259,0.7030760850364517,True,20.882674750492406,True,25.55506081718838,True,,False,,,,5,TCGA-49-4490-01,TCGA-49-4490,Female,Stage IIIA,45,1:DECEASED,12.65,1,III,matched
TCGA-49-4490,TCGA-49-4490-01Z-00-DX3.0949a10a-0a1f-49dc-9296-ab4d4f0bf988,5,TCGA-49-4490-01,5,16,1,0,0.394272,0.9999999990814104,0.26312658444546877,20.831370955665957,79.16862904433405,stroma-high,0.7916862904433405,0.8071021110546,True,17.45877976037126,True,3.488131634076718,True,,False,,,,6,TCGA-49-4490-01,TCGA-49-4490,Female,Stage IIIA,45,1:DECEASED,12.65,1,III,matched
TCGA-49-4490,TCGA-49-4490-01Z-00-DX3.0949a10a-0a1f-49dc-9296-ab4d4f0bf988,6,TCGA-49-4490-01,6,29;33,2,1,3.154176,0.9921875022021214,0.5334237347651972,34.78645352042087,65.21354647957912,stroma-high,0.6521354647957912,0.6700722020112091,True,16.343613268872204,True,3.225298694791756,True,81.15100646543478,True,777.0,777.0,777.0,7,TCGA-49-4490-01,TCGA-49-4490,Female,Stage IIIA,45,1:DECEASED,12.65,1,III,matched
TCGA-49-4490,TCGA-49-4490-01Z-00-DX3.0949a10a-0a1f-49dc-9296-ab4d4f0bf988,7,TCGA-49-4490-01,7,31,1,0,0.468198,1.0000000017289974,0.21275809613803953,17.543325154089327,82.45667484591067,stroma-high,0.8245667484591067,0.8167185315448278,True,10.664639921648883,True,15.972349787449508,True,,False,,,,8,TCGA-49-4490-01,TCGA-49-4490,Female,Stage IIIA,45,1:DECEASED,12.65,1,III,matched
TCGA-49-4490,TCGA-49-4490-01Z-00-DX3.0949a10a-0a1f-49dc-9296-ab4d4f0bf988,8,TCGA-49-4490-01,8,34,1,0,0.455877,1.0000000014231378,0.2838399132714668,22.108668716194458,77.89133128380556,stroma-high,0.7789133128380555,0.7727511046285064,True,21.693998572238204,True,27.818535133140227,True,,False,,,,9,TCGA-49-4490-01,TCGA-49-4490,Female,Stage IIIA,45,1:DECEASED,12.65,1,III,matched
TCGA-49-4490,TCGA-49-4490-01Z-00-DX3.0949a10a-0a1f-49dc-9296-ab4d4f0bf988,9,TCGA-49-4490-01,9,36;37,2,1,0.776223,0.9999999963643309,0.19443860335552043,16.278660352176047,83.72133964782395,stroma-high,0.8372133964782396,0.8296783635379738,True,12.29563044417438,True,22.203560064035614,True,10.85597494012302,True,894.94269111183,894.94269111183,894.94269111183,10,TCGA-49-4490-01,TCGA-49-4490,Female,Stage IIIA,45,1:DECEASED,12.65,1,III,matched
TCGA-49-4490,TCGA-49-4490-01Z-00-DX3.0949a10a-0a1f-49dc-9296-ab4d4f0bf988,10,TCGA-49-4490-01,10,38;39;40,3,2,2.513484,0.7843137256366157,0.40332178391314594,28.7405061716129,71.2594938283871,stroma-high,0.712594938283871,0.6852022830360124,True,4.701528754375128,True,16.59887045081213,True,0.0,True,434.4981959890821,434.4981959890821,555.0003393213194,11,TCGA-49-4490-01,TCGA-49-4490,Female,Stage IIIA,45,1:DECEASED,12.65,1,III,matched
TCGA-49-4490,TCGA-49-4490-01Z-00-DX4.4e94aeb6-f616-4bdd-82bc-2ca2f2b5a5c4,1,TCGA-49-4490-01,1,1;7,2,1,40.474485,0.9308980213142987,0.6311991931162059,38.69540861593839,61.3045913840616,stroma-high,0.613045913840616,0.6017936116001162,True,2.1211176439472497,True,5.756811643575481,True,0.0,True,111.0,111.0,111.0,2,TCGA-49-4490-01,TCGA-49-4490,Female,Stage IIIA,45,1:DECEASED,12.65,1,III,matched
TCGA-49-4490,TCGA-49-4490-01Z-00-DX4.4e94aeb6-f616-4bdd-82bc-2ca2f2b5a5c4,2,TCGA-49-4490-01,2,2;3;5;6;9;10;12;17;19;21,10,13,7.528131,0.9590834699464026,0.2381609689379252,19.23505706549738,80.76494293450261,stroma-high,0.8076494293450261,0.8042912063808287,True,3.5690353676421753,True,5.718763665870377,True,4.7156703213217455,True,502.2105208916404,555.0402333690103,941.9068743505019,3,TCGA-49-4490-01,TCGA-49-4490,Female,Stage IIIA,45,1:DECEASED,12.65,1,III,matched
TCGA-49-4490,TCGA-49-4490-01Z-00-DX4.4e94aeb6-f616-4bdd-82bc-2ca2f2b5a5c4,3,TCGA-49-4490-01,3,4,1,0,8.932725,0.8289655178995524,0.4786042713646497,32.368652020931265,67.63134797906874,stroma-high,0.6763134797906873,0.6701672624195693,True,5.556132276600613,True,5.341364207856807,True,,False,,,,4,TCGA-49-4490-01,TCGA-49-4490,Female,Stage IIIA,45,1:DECEASED,12.65,1,III,matched
TCGA-49-4490,TCGA-49-4490-01Z-00-DX4.4e94aeb6-f616-4bdd-82bc-2ca2f2b5a5c4,4,TCGA-49-4490-01,4,8,1,0,0.234099,0.5789473754932835,0.47951900050656193,32.41046585696992,67.58953414303008,stroma-high,0.6758953414303007,0.6716728722401251,True,1.6807582947646151,True,3.7064686542195364,True,,False,,,,5,TCGA-49-4490-01,TCGA-49-4490,Female,Stage IIIA,45,1:DECEASED,12.65,1,III,matched
TCGA-49-4490,TCGA-49-4490-01Z-00-DX4.4e94aeb6-f616-4bdd-82bc-2ca2f2b5a5c4,5,TCGA-49-4490-01,5,11;13;14;16;18,5,4,4.632696,0.9787234057639822,0.3168350435828453,24.060344165872166,75.93965583412783,stroma-high,0.7593965583412784,0.7550506962894953,True,5.593218504255451,True,7.572050179077048,True,1.3066829295822504,True,498.79139635181775,494.60788276715436,894.9498198729622,6,TCGA-49-4490-01,TCGA-49-4490,Female,Stage IIIA,45,1:DECEASED,12.65,1,III,matched
TCGA-49-4490,TCGA-49-4490-01Z-00-DX4.4e94aeb6-f616-4bdd-82bc-2ca2f2b5a5c4,6,TCGA-49-4490-01,6,15,1,0,0.147852,0.9999999965930328,0.2260610824125693,18.437995109325215,81.56200489067479,stroma-high,0.8156200489067479,0.7997003740628549,True,0.0,True,10.738946652648398,True,,False,,,,7,TCGA-49-4490-01,TCGA-49-4490,Female,Stage IIIA,45,1:DECEASED,12.65,1,III,matched
TCGA-49-4490,TCGA-49-4490-01Z-00-DX4.4e94aeb6-f616-4bdd-82bc-2ca2f2b5a5c4,7,TCGA-49-4490-01,7,20;23,2,1,0.874791,1.0000000004497518,0.24470829797240184,19.659891266976,80.340108733024,stroma-high,0.80340108733024,0.7914219316935149,True,5.791465979631155,True,13.868622309975809,True,1.4083297312727732,True,555.0402333690089,555.0402333690089,555.0402333690089,8,TCGA-49-4490-01,TCGA-49-4490,Female,Stage IIIA,45,1:DECEASED,12.65,1,III,matched
TCGA-49-4490,TCGA-49-4490-01Z-00-DX4.4e94aeb6-f616-4bdd-82bc-2ca2f2b5a5c4,8,TCGA-49-4490-01,8,22,1,0,0.258741,1.000000001270694,0.2533845967840858,20.21602925663966,79.78397074336034,stroma-high,0.7978397074336034,0.7970472294692034,True,0.8807203321363045,True,1.3354520466641697,True,,False,,,,9,TCGA-49-4490-01,TCGA-49-4490,Female,Stage IIIA,45,1:DECEASED,12.65,1,III,matched
TCGA-49-4490,TCGA-49-4490-01Z-00-DX4.4e94aeb6-f616-4bdd-82bc-2ca2f2b5a5c4,9,TCGA-49-4490-01,9,24;27;31;38;44;48;50,7,6,29.890746,0.9670239076747992,0.7326309573946149,42.28430493336469,57.71569506663532,stroma-high,0.5771569506663532,0.5728521872178224,True,7.166265481658984,True,5.151261240597869,True,0.6212450651505225,True,231.94764788192788,134.00917361671563,744.6491928247048,10,TCGA-49-4490-01,TCGA-49-4490,Female,Stage IIIA,45,1:DECEASED,12.65,1,III,matched
TCGA-49-4490,TCGA-49-4490-01Z-00-DX4.4e94aeb6-f616-4bdd-82bc-2ca2f2b5a5c4,10,TCGA-49-4490-01,10,25;26;28;29;30;32;34;40;42,9,9,20.292687,0.9441408622234762,0.36132992368705213,26.542421304338866,73.45757869566114,stroma-high,0.7345757869566114,0.7270799812377471,True,3.1060978832222346,True,6.192194467675511,True,2.7523662910587094,True,485.9800967892679,313.9960526568448,888.000212075864,11,TCGA-49-4490-01,TCGA-49-4490,Female,Stage IIIA,45,1:DECEASED,12.65,1,III,matched
TCGA-49-4490,TCGA-49-4490-01Z-00-DX4.4e94aeb6-f616-4bdd-82bc-2ca2f2b5a5c4,11,TCGA-49-4490-01,11,33,1,0,0.332667,0.7777777757720388,0.39161499885135315,28.141044698037486,71.85895530196251,stroma-high,0.7185895530196251,0.7026199660447222,True,0.0,True,7.687629701169669,True,,False,,,,12,TCGA-49-4490-01,TCGA-49-4490,Female,Stage IIIA,45,1:DECEASED,12.65,1,III,matched
TCGA-49-4490,TCGA-49-4490-01Z-00-DX4.4e94aeb6-f616-4bdd-82bc-2ca2f2b5a5c4,12,TCGA-49-4490-01,12,35;36,2,1,0.813186,0.9999999994324753,0.2057328115287962,17.062885704166867,82.93711429583314,stroma-high,0.8293711429583314,0.7943033063092205,True,10.751650386613258,True,30.235056004353684,True,4.148408351122397,True,111.0,111.0,111.0,13,TCGA-49-4490-01,TCGA-49-4490,Female,Stage IIIA,45,1:DECEASED,12.65,1,III,matched
TCGA-49-4490,TCGA-49-4490-01Z-00-DX4.4e94aeb6-f616-4bdd-82bc-2ca2f2b5a5c4,13,TCGA-49-4490-01,13,37;39;41;46,4,4,2.193138,0.9999999987939998,0.19922325491193285,16.61269109783592,83.38730890216407,stroma-high,0.8338730890216407,0.8386204867129948,True,7.041517639433778,True,3.702705225802172,True,7.405072790860512,True,745.0122169983472,716.0980648469663,992.8527382994562,14,TCGA-49-4490-01,TCGA-49-4490,Female,Stage IIIA,45,1:DECEASED,12.65,1,III,matched
TCGA-49-4490,TCGA-49-4490-01Z-00-DX4.4e94aeb6-f616-4bdd-82bc-2ca2f2b5a5c4,14,TCGA-49-4490-01,14,43,1,0,0.394272,1.000000002293291,0.3419277740764703,25.480341094496595,74.5196589055034,stroma-high,0.745196589055034,0.7468557484029977,True,2.7890869015543567,True,1.3504601332945316,True,,False,,,,15,TCGA-49-4490-01,TCGA-49-4490,Female,Stage IIIA,45,1:DECEASED,12.65,1,III,matched
TCGA-49-4490,TCGA-49-4490-01Z-00-DX4.4e94aeb6-f616-4bdd-82bc-2ca2f2b5a5c4,15,TCGA-49-4490-01,15,45;52,2,1,0.998001,0.9382716052840367,0.3516541697018042,26.016578617841613,73.98342138215838,stroma-high,0.7398342138215839,0.7322075696959668,True,12.102776615363691,True,14.942377606207339,True,17.22955325300636,True,915.3642991905272,915.3642991905272,915.3642991905272,16,TCGA-49-4490-01,TCGA-49-4490,Female,Stage IIIA,45,1:DECEASED,12.65,1,III,matched
TCGA-49-4490,TCGA-49-4490-01Z-00-DX4.4e94aeb6-f616-4bdd-82bc-2ca2f2b5a5c4,16,TCGA-49-4490-01,16,47,1,0,1.687977,0.9343065664871726,0.5276639999044271,34.540579599796715,65.45942040020329,stroma-high,0.6545942040020328,0.6355905532866083,True,8.733069723179824,True,14.022485137650465,True,,False,,,,17,TCGA-49-4490-01,TCGA-49-4490,Female,Stage IIIA,45,1:DECEASED,12.65,1,III,matched
TCGA-49-4490,TCGA-49-4490-01Z-00-DX4.4e94aeb6-f616-4bdd-82bc-2ca2f2b5a5c4,17,TCGA-49-4490-01,17,49,1,0,0.443556,0.9999999977157535,0.22596354766902116,18.431506230234632,81.56849376976537,stroma-high,0.8156849376976537,0.8119746289493172,True,7.428831618002772,True,10.777820390129898,True,,False,,,,18,TCGA-49-4490-01,TCGA-49-4490,Female,Stage IIIA,45,1:DECEASED,12.65,1,III,matched
TCGA-49-4490,TCGA-49-4490-01Z-00-DX4.4e94aeb6-f616-4bdd-82bc-2ca2f2b5a5c4,18,TCGA-49-4490-01,18,51,1,0,0.628371,0.9999999950808462,0.18441255733030204,15.569959655440746,84.43004034455926,stroma-high,0.8443004034455925,0.829050546203638,True,6.767248564628906,True,17.759166344946696,True,,False,,,,19,TCGA-49-4490-01,TCGA-49-4490,Female,Stage IIIA,45,1:DECEASED,12.65,1,III,matched
TCGA-49-4490,TCGA-49-4490-01Z-00-DX4.4e94aeb6-f616-4bdd-82bc-2ca2f2b5a5c4,19,TCGA-49-4490-01,19,53;55;57;58,4,4,1.922076,1.0000000002052543,0.1761079681490326,14.97379262094386,85.02620737905615,stroma-high,0.8502620737905614,0.8343020450660088,True,13.605289369479456,True,27.689802293539877,True,9.007389294397015,True,567.1329246286707,523.7655664897289,888.0,20,TCGA-49-4490-01,TCGA-49-4490,Female,Stage IIIA,45,1:DECEASED,12.65,1,III,matched
TCGA-49-4490,TCGA-49-4490-01Z-00-DX4.4e94aeb6-f616-4bdd-82bc-2ca2f2b5a5c4,20,TCGA-49-4490-01,20,54,1,0,0.320346,0.9999999949544032,0.22760588297586487,18.540631495192965,81.45936850480705,stroma-high,0.8145936850480705,0.8132884960107678,True,35.53602572602986,True,42.19574917304102,True,,False,,,,21,TCGA-49-4490-01,TCGA-49-4490,Female,Stage IIIA,45,1:DECEASED,12.65,1,III,matched
TCGA-49-4490,TCGA-49-4490-01Z-00-DX4.4e94aeb6-f616-4bdd-82bc-2ca2f2b5a5c4,21,TCGA-49-4490-01,21,56;59;60,3,2,1.441557,1.0000000030436669,0.28413656002717896,22.12666229370225,77.87333770629775,stroma-high,0.7787333770629775,0.7546579544742777,True,29.430384630849694,True,42.95832035530858,True,20.41309782506611,True,483.1405133585639,483.1405133585639,566.0249824877359,22,TCGA-49-4490-01,TCGA-49-4490,Female,Stage IIIA,45,1:DECEASED,12.65,1,III,matched
TCGA-49-4490,TCGA-49-4490-01Z-00-DX5.feea87ff-61c6-465e-8b36-4803f6af3d62,1,TCGA-49-4490-01,1,1,1,0,0.406593,0.6060606042888002,1.473060482021909,59.564272395698694,40.435727604301306,stroma-low,0.404357276043013,0.42342049452454306,True,15.02141593092844,True,2.1923612640540298,True,,False,,,,2,TCGA-49-4490-01,TCGA-49-4490,Female,Stage IIIA,45,1:DECEASED,12.65,1,III,matched
TCGA-49-4490,TCGA-49-4490-01Z-00-DX5.feea87ff-61c6-465e-8b36-4803f6af3d62,2,TCGA-49-4490-01,2,2;6;7;8;9;12;14;15;16;21,10,14,47.164788,0.9728317662526369,0.6574213278058808,39.665311214269515,60.334688785730485,stroma-high,0.6033468878573048,0.5824218633803705,True,3.6472031600123245,True,10.135012467947343,True,2.2615104596846276,True,308.6379912711086,222.0,954.8981934995627,3,TCGA-49-4490-01,TCGA-49-4490,Female,Stage IIIA,45,1:DECEASED,12.65,1,III,matched
TCGA-49-4490,TCGA-49-4490-01Z-00-DX5.feea87ff-61c6-465e-8b36-4803f6af3d62,3,TCGA-49-4490-01,3,3,1,0,2.895435,0.7446808512342729,1.210378422856171,54.758877952317484,45.2411220476825,stroma-low,0.452411220476825,0.42837733496043884,True,9.71268672779127,True,11.730828272544121,True,,False,,,,4,TCGA-49-4490-01,TCGA-49-4490,Female,Stage IIIA,45,1:DECEASED,12.65,1,III,matched
TCGA-49-4490,TCGA-49-4490-01Z-00-DX5.feea87ff-61c6-465e-8b36-4803f6af3d62,4,TCGA-49-4490-01,4,4,1,0,0.332667,0.814814818609092,0.2376691063142819,19.20296023401997,80.79703976598003,stroma-high,0.8079703976598003,0.8082809785224595,True,1.1706175493976194,True,1.020911129704592,True,,False,,,,5,TCGA-49-4490-01,TCGA-49-4490,Female,Stage IIIA,45,1:DECEASED,12.65,1,III,matched
TCGA-49-4490,TCGA-49-4490-01Z-00-DX5.feea87ff-61c6-465e-8b36-4803f6af3d62,5,TCGA-49-4490-01,5,5;11;23;30,4,3,37.184778,0.941020543190288,0.8002802569490863,44.453093003714415,55.54690699628557,stroma-high,0.5554690699628557,0.5225036072458802,True,19.78864470869066,True,19.293346849571147,True,10.099058671569784,True,222.0,111.0,444.0,6,TCGA-49-4490-01,TCGA-49-4490,Female,Stage IIIA,45,1:DECEASED,12.65,1,III,matched
TCGA-49-4490,TCGA-49-4490-01Z-00-DX5.feea87ff-61c6-465e-8b36-4803f6af3d62,6,TCGA-49-4490-01,6,10;13;17;20,4,3,3.6963,0.8933333349635117,0.39260589069827884,28.192175066947243,71.80782493305274,stroma-high,0.7180782493305274,0.7043517291889596,True,6.744289563942793,True,12.20843108794129,True,19.74665031977172,True,711.9912526934199,777.0,888.0,7,TCGA-49-4490-01,TCGA-49-4490,Female,Stage IIIA,45,1:DECEASED,12.65,1,III,matched
TCGA-49-4490,TCGA-49-4490-01Z-00-DX5.feea87ff-61c6-465e-8b36-4803f6af3d62,7,TCGA-49-4490-01,7,18;19;24;25;28;29,6,7,2.858472,0.9999999979472705,0.22275735398165947,18.21762537402009,81.78237462597991,stroma-high,0.8178237462597991,0.8045042352008543,True,12.007933876640516,True,21.263928703843963,True,14.79190793742961,True,481.65288408373954,400.2560442293952,915.3642991905294,8,TCGA-49-4490-01,TCGA-49-4490,Female,Stage IIIA,45,1:DECEASED,12.65,1,III,matched
TCGA-49-4490,TCGA-49-4490-01Z-00-DX5.feea87ff-61c6-465e-8b36-4803f6af3d62,8,TCGA-49-4490-01,8,22;27,2,1,1.096569,0.9887640471690371,0.257370722770648,20.46896099215076,79.53103900784924,stroma-high,0.7953103900784925,0.7801493833920433,True,9.858719095092566,True,18.592723349836284,True,0.1818597793964492,True,222.0,222.0,222.0,9,TCGA-49-4490-01,TCGA-49-4490,Female,Stage IIIA,45,1:DECEASED,12.65,1,III,matched
TCGA-49-4490,TCGA-49-4490-01Z-00-DX5.feea87ff-61c6-465e-8b36-4803f6af3d62,9,TCGA-49-4490-01,9,26,1,0,0.344988,0.9999999975022676,0.1389891665258667,12.202852372144159,87.79714762785585,stroma-high,0.8779714762785584,0.8756315370072163,True,0.0,True,2.432733531558338,True,,False,,,,10,TCGA-49-4490-01,TCGA-49-4490,Female,Stage IIIA,45,1:DECEASED,12.65,1,III,matched
TCGA-49-4490,TCGA-49-4490-01Z-00-DX5.feea87ff-61c6-465e-8b36-4803f6af3d62,10,TCGA-49-4490-01,10,31,1,0,0.295704,0.9583333371416908,0.20324514678186045,16.89141629413173,83.10858370586827,stroma-high,0.8310858370586827,0.8344914558088615,True,3.5327287864018677,True,0.5476599607826274,True,,False,,,,11,TCGA-49-4490-01,TCGA-49-4490,Female,Stage IIIA,45,1:DECEASED,12.65,1,III,matched
TCGA-49-4490,TCGA-49-4490-01Z-00-DX5.feea87ff-61c6-465e-8b36-4803f6af3d62,11,TCGA-49-4490-01,11,32;35,2,1,0.837828,0.8382352968670496,0.37354350908911094,27.1956080471621,72.8043919528379,stroma-high,0.728043919528379,0.7239009113807497,True,15.440039251485087,True,13.012182552130943,True,2.440320878794331,True,248.2421020415345,248.2421020415345,248.2421020415345,12,TCGA-49-4490-01,TCGA-49-4490,Female,Stage IIIA,45,1:DECEASED,12.65,1,III,matched
TCGA-49-4490,TCGA-49-4490-01Z-00-DX5.feea87ff-61c6-465e-8b36-4803f6af3d62,12,TCGA-49-4490-01,12,33;34;36;40;42,5,4,90.510066,0.9742717124123803,0.7372239295086878,42.436896993307336,57.56310300669267,stroma-high,0.5756310300669267,0.5460841575410348,True,6.95189894435372,True,13.632860026880312,True,4.449392628272384,True,411.5689984016527,444.0004524282722,647.2750887500666,13,TCGA-49-4490-01,TCGA-49-4490,Female,Stage IIIA,45,1:DECEASED,12.65,1,III,matched
TCGA-49-4490,TCGA-49-4490-01Z-00-DX5.feea87ff-61c6-465e-8b36-4803f6af3d62,13,TCGA-49-4490-01,13,37,1,0,0.344988,0.7142857139167192,0.8278841015820517,45.291936226454936,54.70806377354506,stroma-high,0.5470806377354506,0.5118418860077018,True,12.148994577351145,True,23.781341764889966,True,,False,,,,14,TCGA-49-4490-01,TCGA-49-4490,Female,Stage IIIA,45,1:DECEASED,12.65,1,III,matched
TCGA-49-4490,TCGA-49-4490-01Z-00-DX5.feea87ff-61c6-465e-8b36-4803f6af3d62,14,TCGA-49-4490-01,14,38,1,0,0.283383,1.0000000019581816,0.48308159632676784,32.57282657429257,67.42717342570744,stroma-high,0.6742717342570743,0.6637517121593853,True,0.34509408784686235,True,4.94696170128051,True,,False,,,,15,TCGA-49-4490-01,TCGA-49-4490,Female,Stage IIIA,45,1:DECEASED,12.65,1,III,matched
TCGA-49-4490,TCGA-49-4490-01Z-00-DX5.feea87ff-61c6-465e-8b36-4803f6af3d62,15,TCGA-49-4490-01,15,39;43,2,1,1.244421,0.9900990080195248,0.2383992810855236,19.250599118287102,80.7494008817129,stroma-high,0.807494008817129,0.81419739365054,True,12.697440318560316,True,8.417300699984303,True,16.204001124169682,True,627.9514635036732,627.9514635036732,627.9514635036732,16,TCGA-49-4490-01,TCGA-49-4490,Female,Stage IIIA,45,1:DECEASED,12.65,1,III,matched
TCGA-49-4490,TCGA-49-4490-01Z-00-DX5.feea87ff-61c6-465e-8b36-4803f6af3d62,16,TCGA-49-4490-01,16,41,1,0,0.12321,0.9999999977415428,0.26369273556151845,20.86683955212794,79.13316044787206,stroma-high,0.7913316044787206,0.7662901502516158,True,0.0,True,14.012552895215102,True,,False,,,,17,TCGA-49-4490-01,TCGA-49-4490,Female,Stage IIIA,45,1:DECEASED,12.65,1,III,matched
TCGA-49-4490,TCGA-49-4490-01Z-00-DX5.feea87ff-61c6-465e-8b36-4803f6af3d62,17,TCGA-49-4490-01,17,44;45;46;47,4,4,2.846151,0.9004329008574732,0.24262011057533447,19.524882022310187,80.47511797768982,stroma-high,0.8047511797768981,0.7879028043149129,True,1.3324387095190646,True,13.07366256345475,True,0.24743556517541443,True,726.3565782421379,776.3884590549067,894.9498198729613,18,TCGA-49-4490-01,TCGA-49-4490,Female,Stage IIIA,45,1:DECEASED,12.65,1,III,matched
TCGA-49-4490,TCGA-49-4490-01Z-00-DX5.feea87ff-61c6-465e-8b36-4803f6af3d62,18,TCGA-49-4490-01,18,48,1,0,1.133532,0.9999999999434532,0.3672995369303739,26.86313620459287,73.13686379540714,stroma-high,0.7313686379540714,0.7094808747201645,True,7.619129349228057,True,17.2896570702573,True,,False,,,,19,TCGA-49-4490-01,TCGA-49-4490,Female,Stage IIIA,45,1:DECEASED,12.65,1,III,matched
TCGA-49-4490,TCGA-49-4490-01Z-00-DX5.feea87ff-61c6-465e-8b36-4803f6af3d62,19,TCGA-49-4490-01,19,49,1,0,0.209457,0.9999999954465345,0.23217946751601715,18.842991109409883,81.15700889059012,stroma-high,0.8115700889059012,0.7483936940817558,True,11.51659756428642,True,42.22420251246299,True,,False,,,,20,TCGA-49-4490-01,TCGA-49-4490,Female,Stage IIIA,45,1:DECEASED,12.65,1,III,matched
TCGA-49-4490,TCGA-49-4490-01Z-00-DX5.feea87ff-61c6-465e-8b36-4803f6af3d62,20,TCGA-49-4490-01,20,50,1,0,0.443556,1.0000000046934978,0.18444823926538428,15.57250314119107,84.42749685880894,stroma-high,0.8442749685880894,0.8346131265780817,True,6.161401390887502,True,12.681699463524717,True,,False,,,,21,TCGA-49-4490-01,TCGA-49-4490,Female,Stage IIIA,45,1:DECEASED,12.65,1,III,matched
TCGA-49-4490,TCGA-49-4490-01Z-00-DX6.0a04ad8e-7f33-4496-bd9e-0110ec33f887,1,TCGA-49-4490-01,1,1;6,2,1,89.401176,0.971058434414778,1.699627963338835,62.957858876108844,37.04214112389116,stroma-low,0.37042141123891165,0.3531627374112123,True,41.89567706926295,True,10.929524698510855,True,100.0,True,157.0183472334364,157.0183472334364,157.0183472334364,2,TCGA-49-4490-01,TCGA-49-4490,Female,Stage IIIA,45,1:DECEASED,12.65,1,III,matched
TCGA-49-4490,TCGA-49-4490-01Z-00-DX6.0a04ad8e-7f33-4496-bd9e-0110ec33f887,2,TCGA-49-4490-01,2,2,1,0,0.258741,1.0000000024627385,0.20757609424251208,17.18948356399191,82.81051643600809,stroma-high,0.8281051643600809,0.8342635118411988,True,4.801757865179239,True,0.05021348644884808,True,,False,,,,3,TCGA-49-4490-01,TCGA-49-4490,Female,Stage IIIA,45,1:DECEASED,12.65,1,III,matched
TCGA-49-4490,TCGA-49-4490-01Z-00-DX6.0a04ad8e-7f33-4496-bd9e-0110ec33f887,3,TCGA-49-4490-01,3,3;9;10;11,4,3,94.070835,0.9672560574524773,1.6604027484130732,62.41170625024731,37.588293749752694,stroma-low,0.37588293749752694,0.36008484926531403,True,39.978560013844074,True,11.427421515763701,True,55.03081935940202,True,378.7475558589196,333.00056553522495,555.0,4,TCGA-49-4490-01,TCGA-49-4490,Female,Stage IIIA,45,1:DECEASED,12.65,1,III,matched
TCGA-49-4490,TCGA-49-4490-01Z-00-DX6.0a04ad8e-7f33-4496-bd9e-0110ec33f887,4,TCGA-49-4490-01,4,4,1,0,0.209457,1.000000004280403,0.26677974035057156,21.059678478655044,78.94032152134496,stroma-high,0.7894032152134496,0.7727078404498243,True,24.933243650877884,True,28.38795665513753,True,,False,,,,5,TCGA-49-4490-01,TCGA-49-4490,Female,Stage IIIA,45,1:DECEASED,12.65,1,III,matched
TCGA-49-4490,TCGA-49-4490-01Z-00-DX6.0a04ad8e-7f33-4496-bd9e-0110ec33f887,5,TCGA-49-4490-01,5,5,1,0,0.234099,0.9999999979252033,0.24721796372273533,19.821552520365515,80.17844747963447,stroma-high,0.8017844747963447,0.786987261190648,True,20.458150161307987,True,25.17860082612202,True,,False,,,,6,TCGA-49-4490-01,TCGA-49-4490,Female,Stage IIIA,45,1:DECEASED,12.65,1,III,matched
TCGA-49-4490,TCGA-49-4490-01Z-00-DX6.0a04ad8e-7f33-4496-bd9e-0110ec33f887,6,TCGA-49-4490-01,6,7;8,2,1,2.291706,0.9784946224823039,0.3738631972378256,27.212549108927558,72.78745089107244,stroma-high,0.7278745089107244,0.7183120052093147,True,26.372898913351033,True,28.430163817999087,True,41.24319373837969,True,555.0003393213195,555.0003393213195,555.0003393213195,7,TCGA-49-4490-01,TCGA-49-4490,Female,Stage IIIA,45,1:DECEASED,12.65,1,III,matched
TCGA-49-4490,TCGA-49-4490-01Z-00-DX6.0a04ad8e-7f33-4496-bd9e-0110ec33f887,7,TCGA-49-4490-01,7,12;14;16;17,4,3,3.597732,1.0000000004661098,0.33586716252982574,25.14225755005239,74.85774244994761,stroma-high,0.7485774244994761,0.7411403807311233,True,19.243940200333824,True,22.522170385326433,True,13.670805363901833,True,714.4382281995712,894.9498198729613,915.3642991905272,8,TCGA-49-4490-01,TCGA-49-4490,Female,Stage IIIA,45,1:DECEASED,12.65,1,III,matched
TCGA-49-4490,TCGA-49-4490-01Z-00-DX6.0a04ad8e-7f33-4496-bd9e-0110ec33f887,8,TCGA-49-4490-01,8,13,1,0,0.271062,0.9999999940157729,0.305653936994458,23.410026832841798,76.58997316715819,stroma-high,0.765899731671582,0.7383057980700068,True,24.807491661180016,True,34.40759101161002,True,,False,,,,9,TCGA-49-4490-01,TCGA-49-4490,Female,Stage IIIA,45,1:DECEASED,12.65,1,III,matched
TCGA-49-4490,TCGA-49-4490-01Z-00-DX6.0a04ad8e-7f33-4496-bd9e-0110ec33f887,9,TCGA-49-4490-01,9,15,1,0,0.283383,0.9999999986492026,0.183703709790933,15.519399683505169,84.48060031649483,stroma-high,0.8448060031649482,0.8099496944176525,True,28.977964477699082,True,53.62857086145959,True,,False,,,,10,TCGA-49-4490-01,TCGA-49-4490,Female,Stage IIIA,45,1:DECEASED,12.65,1,III,matched
TCGA-49-4505,TCGA-49-4505-01Z-00-DX1.d49d603e-1f76-43a1-a803-9f2d6a6df715,1,TCGA-49-4505-01,1,1;4;5;6;7;8;9;10;11;12;13,11,14,81.010575,0.9601520910964751,0.8340664317922931,45.476347930168686,54.52365206983132,stroma-high,0.5452365206983132,0.502487400703942,True,18.770789052902067,True,21.29217662883217,True,10.866826619513512,True,397.8319470422809,311.1284462656644,941.906874350499,2,TCGA-49-4505-01,TCGA-49-4505,Female,Stage IIB,61,1:DECEASED,14.06,1,II,matched
TCGA-49-4505,TCGA-49-4505-01Z-00-DX1.d49d603e-1f76-43a1-a803-9f2d6a6df715,2,TCGA-49-4505-01,2,2,1,0,0.221778,1.000000006008324,0.3316948385551547,24.9077212700646,75.0922787299354,stroma-high,0.750922787299354,0.730293282427393,True,6.232078704474278,True,18.640560781522968,True,,False,,,,3,TCGA-49-4505-01,TCGA-49-4505,Female,Stage IIB,61,1:DECEASED,14.06,1,II,matched
TCGA-49-4505,TCGA-49-4505-01Z-00-DX1.d49d603e-1f76-43a1-a803-9f2d6a6df715,3,TCGA-49-4505-01,3,3,1,0,0.221778,0.9999999975116225,0.22024010640744993,18.048915557763976,81.95108444223602,stroma-high,0.8195108444223602,0.8042624122509596,True,0.4220996280122567,True,11.563803369759542,True,,False,,,,4,TCGA-49-4505-01,TCGA-49-4505,Female,Stage IIB,61,1:DECEASED,14.06,1,II,matched
TCGA-49-4505,TCGA-49-4505-01Z-00-DX1.d49d603e-1f76-43a1-a803-9f2d6a6df715,4,TCGA-49-4505-01,4,14;15;16,3,2,1.835829,0.7181208047407338,1.1102324794592768,52.61185628911187,47.38814371088814,stroma-low,0.47388143710888136,0.5818341373474784,True,44.90442262688417,True,10.636232015225817,True,51.36275678613673,True,488.989094467971,488.989094467971,866.978188935942,5,TCGA-49-4505-01,TCGA-49-4505,Female,Stage IIB,61,1:DECEASED,14.06,1,II,matched
TCGA-49-4505,TCGA-49-4505-01Z-00-DX2.48df81e7-5a8e-4c5b-993a-6a54481a35e9,1,TCGA-49-4505-01,1,1,1,0,0.308025,0.9199999997671694,0.78890963351779,44.100027119114095,55.899972880885905,stroma-high,0.5589997288088591,0.648876858875024,True,69.54290769832716,True,41.78726686350828,True,,False,,,,2,TCGA-49-4505-01,TCGA-49-4505,Female,Stage IIB,61,1:DECEASED,14.06,1,II,matched
TCGA-49-4505,TCGA-49-4505-01Z-00-DX2.48df81e7-5a8e-4c5b-993a-6a54481a35e9,2,TCGA-49-4505-01,2,2,1,0,2.328669,0.9153439144043929,1.3139162480222009,56.78322407499662,43.21677592500339,stroma-low,0.43216775925003387,0.4140124790085858,True,45.93107567537674,True,27.993283851502415,True,,False,,,,3,TCGA-49-4505-01,TCGA-49-4505,Female,Stage IIB,61,1:DECEASED,14.06,1,II,matched
TCGA-49-4505,TCGA-49-4505-01Z-00-DX2.48df81e7-5a8e-4c5b-993a-6a54481a35e9,3,TCGA-49-4505-01,3,3,1,0,0.677655,0.836363637694872,1.2086406460759853,54.723281862232085,45.27671813776791,stroma-low,0.4527671813776791,0.4933476894194069,True,46.77871702691804,True,26.959831223033394,True,,False,,,,4,TCGA-49-4505-01,TCGA-49-4505,Female,Stage IIB,61,1:DECEASED,14.06,1,II,matched
TCGA-49-4505,TCGA-49-4505-01Z-00-DX2.48df81e7-5a8e-4c5b-993a-6a54481a35e9,4,TCGA-49-4505-01,4,4,1,0,0.443556,0.999999999038361,0.8512331625088175,45.98195298939082,54.01804701060917,stroma-high,0.5401804701060917,0.6142595822754993,True,62.1530668849843,True,43.22521488143644,True,,False,,,,5,TCGA-49-4505-01,TCGA-49-4505,Female,Stage IIB,61,1:DECEASED,14.06,1,II,matched
TCGA-49-4505,TCGA-49-4505-01Z-00-DX2.48df81e7-5a8e-4c5b-993a-6a54481a35e9,5,TCGA-49-4505-01,5,5,1,0,0.295704,1.0000000003838068,70.14474178118357,98.59441474525883,1.4055852547411745,stroma-low,0.014055852547411745,0.523873461459741,True,99.86208138763911,True,33.41964154743903,True,,False,,,,6,TCGA-49-4505-01,TCGA-49-4505,Female,Stage IIB,61,1:DECEASED,14.06,1,II,matched
TCGA-49-4505,TCGA-49-4505-01Z-00-DX2.48df81e7-5a8e-4c5b-993a-6a54481a35e9,6,TCGA-49-4505-01,6,6;7;10;11;12;13,6,5,101.77146,0.9771186441419851,0.8195593256393024,45.041638054387164,54.95836194561284,stroma-high,0.5495836194561284,0.5168500097113481,True,22.25059412238555,True,16.304976762504126,True,34.306218255130574,True,366.3540271959546,313.9960526568448,647.2750887500641,7,TCGA-49-4505-01,TCGA-49-4505,Female,Stage IIB,61,1:DECEASED,14.06,1,II,matched
TCGA-49-4505,TCGA-49-4505-01Z-00-DX2.48df81e7-5a8e-4c5b-993a-6a54481a35e9,7,TCGA-49-4505-01,7,8;9,2,1,0.924075,0.9999999991915925,0.17297048719245436,14.746363108117515,85.2536368918825,stroma-high,0.8525363689188249,0.8441034107659854,True,10.762889702290682,True,21.75571893396708,True,9.144075666900912,True,555.0003393213194,555.0003393213194,555.0003393213194,8,TCGA-49-4505-01,TCGA-49-4505,Female,Stage IIB,61,1:DECEASED,14.06,1,II,matched
TCGA-49-4505,TCGA-49-4505-01Z-00-DX2.48df81e7-5a8e-4c5b-993a-6a54481a35e9,8,TCGA-49-4505-01,8,14,1,0,6.000327,0.9507186874998484,1.0003667715096445,50.00916760653267,49.99083239346733,stroma-low,0.49990832393467327,0.4763932072825725,True,38.90322891091335,True,25.986684647557922,True,,False,,,,9,TCGA-49-4505-01,TCGA-49-4505,Female,Stage IIB,61,1:DECEASED,14.06,1,II,matched
TCGA-49-4505,TCGA-49-4505-01Z-00-DX3.d3f8d0c4-e4bc-4201-9b2f-e010f51dd8c3,1,TCGA-49-4505-01,1,1,1,0,0.591408,1.0000000009081305,0.21514236370986306,17.705115888892845,82.29488411110715,stroma-high,0.8229488411110716,0.8025842533181735,True,12.886998966610205,True,29.466013940456865,True,,False,,,,2,TCGA-49-4505-01,TCGA-49-4505,Female,Stage IIB,61,1:DECEASED,14.06,1,II,matched
TCGA-49-4505,TCGA-49-4505-01Z-00-DX3.d3f8d0c4-e4bc-4201-9b2f-e010f51dd8c3,2,TCGA-49-4505-01,2,2;3;4,3,2,21.339972,0.9763279439335028,0.7243701886488821,42.0078120937858,57.9921879062142,stroma-high,0.579921879062142,0.5608489976805202,True,24.239606890125756,True,18.1785986004879,True,10.865562584067769,True,212.4980263284224,212.4980263284224,313.9960526568448,3,TCGA-49-4505-01,TCGA-49-4505,Female,Stage IIB,61,1:DECEASED,14.06,1,II,matched
TCGA-49-4505,TCGA-49-4505-01Z-00-DX3.d3f8d0c4-e4bc-4201-9b2f-e010f51dd8c3,3,TCGA-49-4505-01,3,5,1,0,0.61605,0.9599999997734265,1.9876045860580414,66.52836842376661,33.471631576233385,stroma-low,0.33471631576233385,0.5328832344468679,True,81.63206253768104,True,29.233963137222517,True,,False,,,,4,TCGA-49-4505-01,TCGA-49-4505,Female,Stage IIB,61,1:DECEASED,14.06,1,II,matched
TCGA-49-4505,TCGA-49-4505-01Z-00-DX3.d3f8d0c4-e4bc-4201-9b2f-e010f51dd8c3,4,TCGA-49-4505-01,4,6;7;8,3,2,4.090572,0.9849397583972519,0.6511313875012825,39.43546785132971,60.56453214867029,stroma-high,0.6056453214867029,0.5960506764821175,True,30.222818753265653,True,27.166300310556096,True,35.60054035843303,True,547.8491823569432,547.8491823569432,744.6491928247048,5,TCGA-49-4505-01,TCGA-49-4505,Female,Stage IIB,61,1:DECEASED,14.06,1,II,matched
TCGA-49-4505,TCGA-49-4505-01Z-00-DX3.d3f8d0c4-e4bc-4201-9b2f-e010f51dd8c3,5,TCGA-49-4505-01,5,9;10;11;12;13;19;20,7,8,27.993312,0.9845950704996174,0.6912047364409031,40.870553490497294,59.129446509502706,stroma-high,0.591294465095027,0.5499196920018742,True,14.032192294363504,True,21.36076195195956,True,7.507300862672491,True,356.23599946904403,324.2490731354628,744.6491928247048,6,TCGA-49-4505-01,TCGA-49-4505,Female,Stage IIB,61,1:DECEASED,14.06,1,II,matched
TCGA-49-4505,TCGA-49-4505-01Z-00-DX3.d3f8d0c4-e4bc-4201-9b2f-e010f51dd8c3,6,TCGA-49-4505-01,6,14;15;17,3,3,1.145853,1.0000000005853236,0.3058643321152853,23.42236667264167,76.57763332735833,stroma-high,0.7657763332735833,0.7454362279125789,True,20.77480326727714,True,30.320561508372162,True,7.231536834353655,True,267.7478386262319,248.2421020415337,333.00056553522495,7,TCGA-49-4505-01,TCGA-49-4505,Female,Stage IIB,61,1:DECEASED,14.06,1,II,matched
TCGA-49-4505,TCGA-49-4505-01Z-00-DX3.d3f8d0c4-e4bc-4201-9b2f-e010f51dd8c3,7,TCGA-49-4505-01,7,16;18,2,1,0.813186,0.969696974422594,0.5008464196526287,33.370930769088936,66.62906923091107,stroma-high,0.6662906923091106,0.638443762630226,True,18.346207267906063,True,26.171334453615934,True,1.621940291996743,True,555.0402333690078,555.0402333690078,555.0402333690078,8,TCGA-49-4505-01,TCGA-49-4505,Female,Stage IIB,61,1:DECEASED,14.06,1,II,matched
TCGA-49-4505,TCGA-49-4505-01Z-00-DX4.623c4278-fc3e-4c80-bb4d-000e24fbb1c2,1,TCGA-49-4505-01,1,1;2;3;4;5;6;7;8;9;10;11;13;14;15;17,15,21,14.058261,0.9912357577685759,0.3081402880628688,23.555599569459915,76.4444004305401,stroma-high,0.7644440043054009,0.7481830583543946,True,21.701292621023544,True,29.21687890410413,True,16.36649335774455,True,511.4903079971871,470.9737580802597,948.4214148207799,2,TCGA-49-4505-01,TCGA-49-4505,Female,Stage IIB,61,1:DECEASED,14.06,1,II,matched
TCGA-49-4505,TCGA-49-4505-01Z-00-DX4.623c4278-fc3e-4c80-bb4d-000e24fbb1c2,2,TCGA-49-4505-01,2,12,1,0,0.49284,0.9999999960637069,0.22579011285060197,18.419965252087252,81.58003474791275,stroma-high,0.8158003474791276,0.7988080423013836,True,11.147588641904772,True,22.353053576489806,True,,False,,,,3,TCGA-49-4505-01,TCGA-49-4505,Female,Stage IIB,61,1:DECEASED,14.06,1,II,matched
TCGA-49-4505,TCGA-49-4505-01Z-00-DX4.623c4278-fc3e-4c80-bb4d-000e24fbb1c2,3,TCGA-49-4505-01,3,16;18;19;20;21,5,4,99.849384,0.9851924975267216,0.8294243577934085,45.33799685458615,54.66200314541385,stroma-high,0.5466200314541385,0.5180261263846287,True,13.587379847565591,True,15.16242490228032,True,3.9728704868670714,True,173.06052551038383,166.5,248.24210204153533,4,TCGA-49-4505-01,TCGA-49-4505,Female,Stage IIB,61,1:DECEASED,14.06,1,II,matched
TCGA-49-4505,TCGA-49-4505-01Z-00-DX4.623c4278-fc3e-4c80-bb4d-000e24fbb1c2,4,TCGA-49-4505-01,4,22,1,0,0.357309,0.6206896546864927,0.7039967368427335,41.31444160786015,58.68555839213986,stroma-high,0.5868555839213986,0.621598240024551,True,27.605399607498228,True,3.4420533580136303,True,,False,,,,5,TCGA-49-4505-01,TCGA-49-4505,Female,Stage IIB,61,1:DECEASED,14.06,1,II,matched
TCGA-49-4506,TCGA-49-4506-01Z-00-DX1.b13b8ef2-fd06-4309-a767-696a9afeaedd,1,TCGA-49-4506-01,1,1;2;3;4;7,5,4,199.84662,0.9745992604007963,2.51591757378179,71.55792253330956,28.442077466690446,stroma-low,0.28442077466690446,0.26679703479745404,True,40.58511555388524,True,19.309914164352474,True,32.6366246742262,True,228.74343952006492,166.5,470.9737580802597,2,TCGA-49-4506-01,TCGA-49-4506,Female,Stage IIB,68,1:DECEASED,32.82,1,II,matched
TCGA-49-4506,TCGA-49-4506-01Z-00-DX1.b13b8ef2-fd06-4309-a767-696a9afeaedd,2,TCGA-49-4506-01,2,5,1,0,0.320346,0.9999999993233359,0.3021567486941512,23.204329970041215,76.79567002995879,stroma-high,0.7679567002995878,0.7612167004386117,True,29.250451202674526,True,33.53679116467093,True,,False,,,,3,TCGA-49-4506-01,TCGA-49-4506,Female,Stage IIB,68,1:DECEASED,32.82,1,II,matched
TCGA-49-4506,TCGA-49-4506-01Z-00-DX1.b13b8ef2-fd06-4309-a767-696a9afeaedd,3,TCGA-49-4506-01,3,6,1,0,0.431235,1.0000000005535965,0.30689422832570834,23.482713571922147,76.51728642807785,stroma-high,0.7651728642807785,0.7420067118414079,True,20.447304091416534,True,32.17796992667326,True,,False,,,,4,TCGA-49-4506-01,TCGA-49-4506,Female,Stage IIB,68,1:DECEASED,32.82,1,II,matched
TCGA-49-4506,TCGA-49-4506-01Z-00-DX2.81e180ae-bd9f-49cc-9a0f-297800cc7280,1,TCGA-49-4506-01,1,1,1,0,0.234099,0.999999993243316,0.14317019496199632,12.523961488232807,87.4760385117672,stroma-high,0.874760385117672,0.869191955748696,True,9.836544344623674,True,16.344621661966965,True,,False,,,,2,TCGA-49-4506-01,TCGA-49-4506,Female,Stage IIB,68,1:DECEASED,32.82,1,II,matched
TCGA-49-4506,TCGA-49-4506-01Z-00-DX2.81e180ae-bd9f-49cc-9a0f-297800cc7280,2,TCGA-49-4506-01,2,2,1,0,2.156175,0.9999999976539402,0.45039435275236056,31.053234032362546,68.94676596763745,stroma-high,0.6894676596763745,0.6908895743387202,True,1.7703351022642553,True,0.665491447259501,True,,False,,,,3,TCGA-49-4506-01,TCGA-49-4506,Female,Stage IIB,68,1:DECEASED,32.82,1,II,matched
TCGA-49-4506,TCGA-49-4506-01Z-00-DX2.81e180ae-bd9f-49cc-9a0f-297800cc7280,3,TCGA-49-4506-01,3,3;4;5;6;9;11;14;15;16;18;22,11,14,26.145162,0.9844486330553112,0.6069664154837288,37.7709459037462,62.22905409625379,stroma-high,0.6222905409625379,0.6190852184851471,True,2.9330901491550327,True,2.736432005584821,True,1.1086035390265943,True,387.50417323439166,313.9960526568458,999.0,4,TCGA-49-4506-01,TCGA-49-4506,Female,Stage IIB,68,1:DECEASED,32.82,1,II,matched
TCGA-49-4506,TCGA-49-4506-01Z-00-DX2.81e180ae-bd9f-49cc-9a0f-297800cc7280,4,TCGA-49-4506-01,4,7;8;12;13;17,5,5,57.144798,0.9545062529773325,1.479029345804184,59.661631206886526,40.33836879311347,stroma-low,0.40338368793113466,0.4042858820719154,True,3.7158268246775794,True,1.32897175762267,True,0.07821632847191538,True,368.65142698074743,333.00000000000006,777.0002423724072,5,TCGA-49-4506-01,TCGA-49-4506,Female,Stage IIB,68,1:DECEASED,32.82,1,II,matched
TCGA-49-4506,TCGA-49-4506-01Z-00-DX2.81e180ae-bd9f-49cc-9a0f-297800cc7280,5,TCGA-49-4506-01,5,10;19;20;27,4,3,47.140146,0.9396236278023888,1.4068747957817964,58.45234651372125,41.54765348627875,stroma-low,0.41547653486278746,0.4061805896022251,True,7.096610188504561,True,5.98112908771889,True,0.07716255141851103,True,327.4099341032174,400.2560442293924,470.9737580802597,6,TCGA-49-4506-01,TCGA-49-4506,Female,Stage IIB,68,1:DECEASED,32.82,1,II,matched
TCGA-49-4506,TCGA-49-4506-01Z-00-DX2.81e180ae-bd9f-49cc-9a0f-297800cc7280,6,TCGA-49-4506-01,6,21,1,0,8.760231,0.8354430379856232,1.6571678587284087,62.36594550415224,37.63405449584775,stroma-low,0.37634054495847746,0.37165799282426115,True,5.451923471060463,True,4.000768179950924,True,,False,,,,7,TCGA-49-4506-01,TCGA-49-4506,Female,Stage IIB,68,1:DECEASED,32.82,1,II,matched
TCGA-49-4506,TCGA-49-4506-01Z-00-DX2.81e180ae-bd9f-49cc-9a0f-297800cc7280,7,TCGA-49-4506-01,7,23;28,2,1,5.445882,0.9095022628472875,0.9123535744062757,47.70841473128379,52.29158526871621,stroma-high,0.5229158526871621,0.5237345561117189,True,3.7271640257962915,True,1.4821878343401997,True,0.7919091880316288,True,111.0,111.0,111.0,8,TCGA-49-4506-01,TCGA-49-4506,Female,Stage IIB,68,1:DECEASED,32.82,1,II,matched
TCGA-49-4506,TCGA-49-4506-01Z-00-DX2.81e180ae-bd9f-49cc-9a0f-297800cc7280,8,TCGA-49-4506-01,8,24,1,0,0.234099,0.6315789474051838,0.4513202323313019,31.097219089017443,68.90278091098256,stroma-high,0.6890278091098255,0.688215547847432,True,0.0,True,0.3978294629553885,True,,False,,,,9,TCGA-49-4506-01,TCGA-49-4506,Female,Stage IIB,68,1:DECEASED,32.82,1,II,matched
TCGA-49-4506,TCGA-49-4506-01Z-00-DX2.81e180ae-bd9f-49cc-9a0f-297800cc7280,9,TCGA-49-4506-01,9,25;30;31;32,4,3,17.754561,0.9347675220677067,1.239755268313527,55.35226485914364,44.64773514085635,stroma-low,0.4464773514085635,0.44619181415506964,True,2.481909343706811,True,1.3754080798567494,True,3.49887370034767,True,111.0,111.0,111.0,10,TCGA-49-4506-01,TCGA-49-4506,Female,Stage IIB,68,1:DECEASED,32.82,1,II,matched
TCGA-49-4506,TCGA-49-4506-01Z-00-DX2.81e180ae-bd9f-49cc-9a0f-297800cc7280,10,TCGA-49-4506-01,10,26,1,0,1.084248,0.8636363641239354,0.5005748264015164,33.35887138676915,66.64112861323083,stroma-high,0.6664112861323084,0.6662049100507557,True,4.170579352955232,True,3.098061622840382,True,,False,,,,11,TCGA-49-4506-01,TCGA-49-4506,Female,Stage IIB,68,1:DECEASED,32.82,1,II,matched
TCGA-49-4506,TCGA-49-4506-01Z-00-DX2.81e180ae-bd9f-49cc-9a0f-297800cc7280,11,TCGA-49-4506-01,11,29,1,0,0.381951,0.7741935477806104,0.4696337804370632,31.95583734455233,68.04416265544766,stroma-high,0.6804416265544767,0.6760243957667778,True,4.135575005083688,True,4.841198388783484,True,,False,,,,12,TCGA-49-4506-01,TCGA-49-4506,Female,Stage IIB,68,1:DECEASED,32.82,1,II,matched
TCGA-49-4506,TCGA-49-4506-01Z-00-DX2.81e180ae-bd9f-49cc-9a0f-297800cc7280,12,TCGA-49-4506-01,12,33,1,0,0.517482,1.0000000013172947,0.8924673369913722,47.15892948568449,52.84107051431551,stroma-high,0.5284107051431551,0.5520959220553764,True,19.64134008914222,True,7.747708790804941,True,,False,,,,13,TCGA-49-4506-01,TCGA-49-4506,Female,Stage IIB,68,1:DECEASED,32.82,1,II,matched
TCGA-49-4506,TCGA-49-4506-01Z-00-DX2.81e180ae-bd9f-49cc-9a0f-297800cc7280,13,TCGA-49-4506-01,13,34,1,0,13.355964,0.9990774904349096,0.8622763808099326,46.302277669167204,53.697722330832796,stroma-high,0.536977223308328,0.5436720405665617,True,16.261084078501227,True,3.014161850263742,True,,False,,,,14,TCGA-49-4506-01,TCGA-49-4506,Female,Stage IIB,68,1:DECEASED,32.82,1,II,matched
TCGA-49-4506,TCGA-49-4506-01Z-00-DX2.81e180ae-bd9f-49cc-9a0f-297800cc7280,14,TCGA-49-4506-01,14,35,1,0,0.936396,0.855263153136093,3.0083917123195705,75.05233839979873,24.947661600201275,stroma-low,0.24947661600201276,0.2765844046350135,True,34.079164122131125,True,7.185868877372746,True,,False,,,,15,TCGA-49-4506-01,TCGA-49-4506,Female,Stage IIB,68,1:DECEASED,32.82,1,II,matched
TCGA-49-4506,TCGA-49-4506-01Z-00-DX2.81e180ae-bd9f-49cc-9a0f-297800cc7280,15,TCGA-49-4506-01,15,36,1,0,25.812495,0.9594272081177148,2.7171430346785623,73.09761850241864,26.902381497581366,stroma-low,0.2690238149758137,0.2781602037642592,True,22.767006089138253,True,3.750366818648163,True,,False,,,,16,TCGA-49-4506-01,TCGA-49-4506,Female,Stage IIB,68,1:DECEASED,32.82,1,II,matched
TCGA-49-4506,TCGA-49-4506-01Z-00-DX2.81e180ae-bd9f-49cc-9a0f-297800cc7280,16,TCGA-49-4506-01,16,37,1,0,0.172494,0.8571428648387415,1.5938904353016548,61.447870488650544,38.55212951134945,stroma-low,0.3855212951134945,0.5005254917971822,True,52.97339662817721,True,22.86383820666663,True,,False,,,,17,TCGA-49-4506-01,TCGA-49-4506,Female,Stage IIB,68,1:DECEASED,32.82,1,II,matched
TCGA-49-4506,TCGA-49-4506-01Z-00-DX3.a05a3969-bbef-48d8-86de-f51c8870afd6,1,TCGA-49-4506-01,1,1,1,0,0.197136,0.937499996864517,0.5184450105633207,34.14315348640681,65.8568465135932,stroma-high,0.6585684651359319,0.591008881653596,True,23.483334068879337,True,41.48711862441471,True,,False,,,,2,TCGA-49-4506-01,TCGA-49-4506,Female,Stage IIB,68,1:DECEASED,32.82,1,II,matched
TCGA-49-4506,TCGA-49-4506-01Z-00-DX3.a05a3969-bbef-48d8-86de-f51c8870afd6,2,TCGA-49-4506-01,2,2,1,0,0.12321,1.000000005995389,1.7527237705042689,63.67234479844627,36.327655201553725,stroma-low,0.36327655201553727,0.4184683609055813,True,46.35598899629383,True,25.670371799132464,True,,False,,,,3,TCGA-49-4506-01,TCGA-49-4506,Female,Stage IIB,68,1:DECEASED,32.82,1,II,matched
TCGA-49-4506,TCGA-49-4506-01Z-00-DX3.a05a3969-bbef-48d8-86de-f51c8870afd6,3,TCGA-49-4506-01,3,3;4,2,1,0.566766,0.999999998141942,0.5266847148382676,34.49859094803756,65.50140905196244,stroma-high,0.6550140905196244,0.6455998130698739,True,32.04200354376433,True,31.662405379673764,True,,False,597.790649523998,597.790649523998,597.790649523998,4,TCGA-49-4506-01,TCGA-49-4506,Female,Stage IIB,68,1:DECEASED,32.82,1,II,matched
TCGA-49-4506,TCGA-49-4506-01Z-00-DX3.a05a3969-bbef-48d8-86de-f51c8870afd6,4,TCGA-49-4506-01,4,5,1,0,256.486257,0.9787193157639474,1.9355580886922648,65.93492719997644,34.06507280002356,stroma-low,0.34065072800023555,0.3120969341426548,True,23.892463506510165,True,16.46890533450918,True,,False,,,,5,TCGA-49-4506-01,TCGA-49-4506,Female,Stage IIB,68,1:DECEASED,32.82,1,II,matched
TCGA-49-4506,TCGA-49-4506-01Z-00-DX3.a05a3969-bbef-48d8-86de-f51c8870afd6,5,TCGA-49-4506-01,5,6,1,0,0.197136,1.0000000014333636,0.4177928121325694,29.467832574503422,70.53216742549657,stroma-high,0.7053216742549657,0.695651824661332,True,22.555753851309287,True,23.98087265261786,True,,False,,,,6,TCGA-49-4506-01,TCGA-49-4506,Female,Stage IIB,68,1:DECEASED,32.82,1,II,matched
TCGA-49-4506,TCGA-49-4506-01Z-00-DX3.a05a3969-bbef-48d8-86de-f51c8870afd6,6,TCGA-49-4506-01,6,7,1,0,0.172494,1.0000000010123975,0.25605801002148915,20.385842690267815,79.61415730973218,stroma-high,0.7961415730973218,0.824270091840984,True,45.75292082995884,True,23.70517397527554,True,,False,,,,7,TCGA-49-4506-01,TCGA-49-4506,Female,Stage IIB,68,1:DECEASED,32.82,1,II,matched
TCGA-49-4506,TCGA-49-4506-01Z-00-DX3.a05a3969-bbef-48d8-86de-f51c8870afd6,7,TCGA-49-4506-01,7,8,1,0,0.554445,1.000000000361494,0.414492378405932,29.303259935062066,70.69674006493794,stroma-high,0.7069674006493794,0.703495114998138,True,14.928825138296636,True,15.000689266611586,True,,False,,,,8,TCGA-49-4506-01,TCGA-49-4506,Female,Stage IIB,68,1:DECEASED,32.82,1,II,matched
TCGA-49-4506,TCGA-49-4506-01Z-00-DX3.a05a3969-bbef-48d8-86de-f51c8870afd6,8,TCGA-49-4506-01,8,9,1,0,0.332667,1.0000000002506162,0.24555628257385564,19.71458745055106,80.28541254944895,stroma-high,0.8028541254944894,0.8027677511380829,True,23.586598226400294,True,25.464972742236036,True,,False,,,,9,TCGA-49-4506-01,TCGA-49-4506,Female,Stage IIB,68,1:DECEASED,32.82,1,II,matched
TCGA-49-4506,TCGA-49-4506-01Z-00-DX3.a05a3969-bbef-48d8-86de-f51c8870afd6,9,TCGA-49-4506-01,9,10;11,2,1,1.071927,0.9885057477082624,0.2035023247271878,16.909175873284507,83.09082412671549,stroma-high,0.8309082412671549,0.8299001554343791,True,15.336755194580151,True,16.82411054403464,True,3.0546730754296267,True,954.8981934995619,954.8981934995619,954.8981934995619,10,TCGA-49-4506-01,TCGA-49-4506,Female,Stage IIB,68,1:DECEASED,32.82,1,II,matched
TCGA-49-4506,TCGA-49-4506-01Z-00-DX3.a05a3969-bbef-48d8-86de-f51c8870afd6,10,TCGA-49-4506-01,10,12,1,0,0.431235,1.0000000000250502,0.4348007389050656,30.303910997207428,69.69608900279258,stroma-high,0.6969608900279257,0.662344032312622,True,15.588042932914451,True,25.96258237156751,True,,False,,,,11,TCGA-49-4506-01,TCGA-49-4506,Female,Stage IIB,68,1:DECEASED,32.82,1,II,matched
TCGA-49-4506,TCGA-49-4506-01Z-00-DX3.a05a3969-bbef-48d8-86de-f51c8870afd6,11,TCGA-49-4506-01,11,13;14,2,1,1.047285,0.9294117634876303,0.39331448853205436,28.22869436651278,71.77130563348723,stroma-high,0.7177130563348723,0.7211576161426362,True,20.23166853121888,True,18.96094024513795,True,42.52707040120689,True,675.2197128774623,675.2197128774623,675.2197128774623,12,TCGA-49-4506-01,TCGA-49-4506,Female,Stage IIB,68,1:DECEASED,32.82,1,II,matched
TCGA-49-4506,TCGA-49-4506-01Z-00-DX3.a05a3969-bbef-48d8-86de-f51c8870afd6,12,TCGA-49-4506-01,12,15,1,0,0.234099,1.0000000011289223,0.3298894873072231,24.805782018413236,75.19421798158676,stroma-high,0.7519421798158676,0.7591110938583608,True,14.746823443245512,True,8.884593267335926,True,,False,,,,13,TCGA-49-4506-01,TCGA-49-4506,Female,Stage IIB,68,1:DECEASED,32.82,1,II,matched
TCGA-49-4506,TCGA-49-4506-01Z-00-DX4.9460a2c1-efe2-4095-9b0e-dfe0eda684ba,1,TCGA-49-4506-01,1,1;2;5,3,3,98.383185,0.9435190984397797,1.5861498916775636,61.33248102833947,38.66751897166053,stroma-low,0.38667518971660525,0.38432123754520153,True,3.9692602455977033,True,2.2312041731320016,True,4.903361627033779,True,273.2635498413326,111.0,597.7906495239977,2,TCGA-49-4506-01,TCGA-49-4506,Female,Stage IIB,68,1:DECEASED,32.82,1,II,matched
TCGA-49-4506,TCGA-49-4506-01Z-00-DX4.9460a2c1-efe2-4095-9b0e-dfe0eda684ba,2,TCGA-49-4506-01,2,3;6;7,3,3,28.104201,0.9535291541134177,2.747753125844681,73.31734598247806,26.682654017521944,stroma-low,0.26682654017521945,0.2731046442889603,True,10.835305643566617,True,2.057922402409854,True,29.36650433504615,True,320.3174372685363,222.000848301937,627.9514635036719,3,TCGA-49-4506-01,TCGA-49-4506,Female,Stage IIB,68,1:DECEASED,32.82,1,II,matched
TCGA-49-4506,TCGA-49-4506-01Z-00-DX4.9460a2c1-efe2-4095-9b0e-dfe0eda684ba,3,TCGA-49-4506-01,3,4,1,0,0.480519,1.0000000025122577,0.43977120246116763,30.544519970215806,69.45548002978418,stroma-high,0.6945548002978419,0.7136154205149757,True,18.369656519951665,True,5.707965484352337,True,,False,,,,4,TCGA-49-4506-01,TCGA-49-4506,Female,Stage IIB,68,1:DECEASED,32.82,1,II,matched
TCGA-49-4506,TCGA-49-4506-01Z-00-DX4.9460a2c1-efe2-4095-9b0e-dfe0eda684ba,4,TCGA-49-4506-01,4,8,1,0,0.517482,0.7142857164955265,3.490598822893392,77.73125501877547,22.26874498122453,stroma-low,0.22268744981224528,0.2599780679991139,True,28.587737551784702,True,5.16483083920852,True,,False,,,,5,TCGA-49-4506-01,TCGA-49-4506,Female,Stage IIB,68,1:DECEASED,32.82,1,II,matched
TCGA-49-4507,TCGA-49-4507-01Z-00-DX2.a7bfbeee-00ea-4301-ace4-ce591807e2d3,1,TCGA-49-4507-01,1,1,1,0,32.490477,0.91998483108994,12.88002523145843,92.79540214571406,7.204597854285932,stroma-low,0.07204597854285932,0.08484989754529945,True,43.392423200702005,True,8.429842233289692,True,,False,,,,2,TCGA-49-4507-01,TCGA-49-4507,Female,Stage IIIA,73,1:DECEASED,8.8,1,III,matched
TCGA-49-4507,TCGA-49-4507-01Z-00-DX2.a7bfbeee-00ea-4301-ace4-ce591807e2d3,2,TCGA-49-4507-01,2,2,1,0,115.361523,0.9553561891894131,5.181814474658375,83.82351971092982,16.176480289070195,stroma-low,0.16176480289070194,0.1695589866733989,True,35.824129950765546,True,3.208326583616677,True,,False,,,,3,TCGA-49-4507-01,TCGA-49-4507,Female,Stage IIIA,73,1:DECEASED,8.8,1,III,matched
TCGA-49-4507,TCGA-49-4507-01Z-00-DX2.a7bfbeee-00ea-4301-ace4-ce591807e2d3,3,TCGA-49-4507-01,3,3,1,0,0.283383,0.7391304340654523,5.956840504015838,85.62565866756971,14.374341332430285,stroma-low,0.14374341332430285,0.24993717621632736,True,60.26108037086496,True,18.468563842827653,True,,False,,,,4,TCGA-49-4507-01,TCGA-49-4507,Female,Stage IIIA,73,1:DECEASED,8.8,1,III,matched
TCGA-49-4507,TCGA-49-4507-01Z-00-DX2.a7bfbeee-00ea-4301-ace4-ce591807e2d3,4,TCGA-49-4507-01,4,4,1,0,0.258741,0.8571428547747062,0.35052929043258096,25.95495654302357,74.04504345697643,stroma-high,0.7404504345697643,0.7051328748235444,True,5.032927738846402,True,23.392335446150273,True,,False,,,,5,TCGA-49-4507-01,TCGA-49-4507,Female,Stage IIIA,73,1:DECEASED,8.8,1,III,matched
TCGA-49-6743,TCGA-49-6743-01Z-00-DX4.5ea81023-1372-48ed-88a8-374e2394d7f7,1,TCGA-49-6743-01,1,1;2;3,3,2,1.330668,0.9814814827964087,0.24562773942726318,19.719193114646135,80.28080688535385,stroma-high,0.8028080688535386,0.8125949866181321,True,29.937375133580996,True,25.132217971849258,True,38.06085890526438,True,444.0001696606597,444.0001696606597,555.0003393213194,2,TCGA-49-6743-01,TCGA-49-6743,Female,Stage IIIA,81,0:LIVING,53.25,0,III,matched
TCGA-49-6743,TCGA-49-6743-01Z-00-DX4.5ea81023-1372-48ed-88a8-374e2394d7f7,2,TCGA-49-6743-01,2,4,1,0,0.24642,0.9500000032559911,0.41197559467575046,29.177246138617402,70.82275386138261,stroma-high,0.708227538613826,0.7547541805123676,True,26.716614623652312,True,2.569992717928953,True,,False,,,,3,TCGA-49-6743-01,TCGA-49-6743,Female,Stage IIIA,81,0:LIVING,53.25,0,III,matched
TCGA-49-6743,TCGA-49-6743-01Z-00-DX4.5ea81023-1372-48ed-88a8-374e2394d7f7,3,TCGA-49-6743-01,3,5;6;7;8;9;10;11;12;16;17;18;19;20;21;22;24;25;26;27;28;29,21,31,19.405575,0.9663492071865203,0.48042318457562616,32.45174687758912,67.54825312241088,stroma-high,0.6754825312241088,0.6989194305717963,True,36.61140028999918,True,24.079907258988424,True,32.05200407474486,True,526.6178444860963,496.44564737767956,999.000188511884,4,TCGA-49-6743-01,TCGA-49-6743,Female,Stage IIIA,81,0:LIVING,53.25,0,III,matched
TCGA-49-6743,TCGA-49-6743-01Z-00-DX4.5ea81023-1372-48ed-88a8-374e2394d7f7,4,TCGA-49-6743-01,4,13,1,0,0.271062,1.0000000042107953,0.2526608920225432,20.169935345758063,79.83006465424194,stroma-high,0.7983006465424194,0.7884291180495007,True,24.97647515751388,True,32.39717584192567,True,,False,,,,5,TCGA-49-6743-01,TCGA-49-6743,Female,Stage IIIA,81,0:LIVING,53.25,0,III,matched
TCGA-49-6743,TCGA-49-6743-01Z-00-DX4.5ea81023-1372-48ed-88a8-374e2394d7f7,5,TCGA-49-6743-01,5,14,1,0,0.295704,1.0000000025914535,0.29155239228764523,22.573795227248727,77.42620477275128,stroma-high,0.7742620477275127,0.7732026248222017,True,29.15776287451544,True,31.237044496592446,True,,False,,,,6,TCGA-49-6743-01,TCGA-49-6743,Female,Stage IIIA,81,0:LIVING,53.25,0,III,matched
TCGA-49-6743,TCGA-49-6743-01Z-00-DX4.5ea81023-1372-48ed-88a8-374e2394d7f7,6,TCGA-49-6743-01,6,15;23,2,1,0.825507,0.9701492551807792,0.10950527260839678,9.869738820704729,90.13026117929527,stroma-high,0.9013026117929527,0.9009406590581714,True,2.937366635108207,True,3.691200074733353,True,0.0,True,710.7871836031414,710.7871836031414,710.7871836031414,7,TCGA-49-6743-01,TCGA-49-6743,Female,Stage IIIA,81,0:LIVING,53.25,0,III,matched
TCGA-49-6743,TCGA-49-6743-01Z-00-DX4.5ea81023-1372-48ed-88a8-374e2394d7f7,7,TCGA-49-6743-01,7,30;31;32;34,4,5,1.700298,0.9999999979583556,0.22765877819355512,18.544141274218298,81.45585872578171,stroma-high,0.814558587257817,0.8315938181429052,True,48.28812956704729,True,51.19208142354164,True,51.27319318390528,True,477.7257025662193,333.00056553522495,866.978188935942,8,TCGA-49-6743-01,TCGA-49-6743,Female,Stage IIIA,81,0:LIVING,53.25,0,III,matched
TCGA-49-6743,TCGA-49-6743-01Z-00-DX4.5ea81023-1372-48ed-88a8-374e2394d7f7,8,TCGA-49-6743-01,8,33,1,0,0.308025,0.9999999980500432,0.4138071143864301,29.26899363963208,70.73100636036791,stroma-high,0.7073100636036792,0.7123662280250046,True,53.20225131057962,True,58.099054226355015,True,,False,,,,9,TCGA-49-6743-01,TCGA-49-6743,Female,Stage IIIA,81,0:LIVING,53.25,0,III,matched
TCGA-49-6761,TCGA-49-6761-01Z-00-DX1.10c577a2-f65c-4517-8a25-83d44e380f8f,1,TCGA-49-6761-01,1,1;2,2,1,1.564767,1.0000000025062523,0.4094663029721556,29.05115944302534,70.94884055697464,stroma-high,0.7094884055697465,0.7242845499971795,True,20.81393634983477,True,7.43916427614484,True,71.15519046783447,True,111.0,111.0,111.0,2,TCGA-49-6761-01,TCGA-49-6761,Female,Stage IIIA,68,0:LIVING,11.63,0,III,matched
TCGA-49-6761,TCGA-49-6761-01Z-00-DX1.10c577a2-f65c-4517-8a25-83d44e380f8f,2,TCGA-49-6761-01,2,3;5;6;13;15;21,6,7,60.964308,0.9997978983866811,0.5144878227614275,33.97107689009614,66.02892310990387,stroma-high,0.6602892310990387,0.659455404225149,True,13.38807528715004,True,5.825987334506414,True,9.2928934594948,True,293.9551116354927,313.99605265684613,496.44564737767956,3,TCGA-49-6761-01,TCGA-49-6761,Female,Stage IIIA,68,0:LIVING,11.63,0,III,matched
TCGA-49-6761,TCGA-49-6761-01Z-00-DX1.10c577a2-f65c-4517-8a25-83d44e380f8f,3,TCGA-49-6761-01,3,4;7,2,1,45.402885,0.9999999998898891,0.47965705814958154,32.416772218112996,67.58322778188702,stroma-high,0.6758322778188701,0.6768783728745569,True,9.435270217964087,True,2.1363721310582955,True,57.851457702336916,True,111.0,111.0,111.0,4,TCGA-49-6761-01,TCGA-49-6761,Female,Stage IIIA,68,0:LIVING,11.63,0,III,matched
TCGA-49-6761,TCGA-49-6761-01Z-00-DX1.10c577a2-f65c-4517-8a25-83d44e380f8f,4,TCGA-49-6761-01,4,8,1,0,0.308025,1.0000000015855768,0.1735992831653709,14.792040661199787,85.20795933880021,stroma-high,0.8520795933880021,0.8555077037271268,True,9.083240720679463,True,6.858641419962014,True,,False,,,,5,TCGA-49-6761-01,TCGA-49-6761,Female,Stage IIIA,68,0:LIVING,11.63,0,III,matched
TCGA-49-6761,TCGA-49-6761-01Z-00-DX1.10c577a2-f65c-4517-8a25-83d44e380f8f,5,TCGA-49-6761-01,5,9;10;11;12;14;16;17;18;19;20;22;24,12,15,27.537435,1.000000001493851,0.5283861457974642,34.571508466649234,65.42849153335077,stroma-high,0.6542849153335076,0.6610098647582008,True,17.117422553971178,True,6.545975360998425,True,17.312629043735814,True,504.79793945191693,496.4456473776779,948.4214148207778,6,TCGA-49-6761-01,TCGA-49-6761,Female,Stage IIIA,68,0:LIVING,11.63,0,III,matched
TCGA-49-6761,TCGA-49-6761-01Z-00-DX1.10c577a2-f65c-4517-8a25-83d44e380f8f,6,TCGA-49-6761-01,6,23,1,0,0.197136,0.9999999919740503,0.3105061954628027,23.693607595128388,76.30639240487162,stroma-high,0.7630639240487161,0.7532412902990526,True,0.0,True,5.999997139439585,True,,False,,,,7,TCGA-49-6761-01,TCGA-49-6761,Female,Stage IIIA,68,0:LIVING,11.63,0,III,matched
TCGA-49-6767,TCGA-49-6767-01Z-00-DX1.53459c0e-b8ec-4893-9910-87b63c503134,1,TCGA-49-6767-01,1,1,1,0,0.4121060625,1.0000000024414695,0.503494234615631,33.48827172219583,66.51172827780417,stroma-high,0.6651172827780417,0.7327441705738401,True,57.06608143666663,True,39.57557234573551,True,,False,,,,2,TCGA-49-6767-01,TCGA-49-6767,Female,Stage IIB,46,0:LIVING,22.24,0,II,matched
TCGA-49-6767,TCGA-49-6767-01Z-00-DX1.53459c0e-b8ec-4893-9910-87b63c503134,2,TCGA-49-6767-01,2,2,1,0,0.374641875,0.7000000000002425,0.3182889610427302,24.144096662310847,75.85590333768914,stroma-high,0.7585590333768915,0.7570396512845983,True,4.197393298131986,True,4.2826321527489055,True,,False,,,,3,TCGA-49-6767-01,TCGA-49-6767,Female,Stage IIB,46,0:LIVING,22.24,0,II,matched
TCGA-49-6767,TCGA-49-6767-01Z-00-DX1.53459c0e-b8ec-4893-9910-87b63c503134,3,TCGA-49-6767-01,3,3,1,0,0.224785125,0.9999999981987963,0.4072744045502518,28.940653168520598,71.0593468314794,stroma-high,0.710593468314794,0.7704815511026384,True,40.75441973651206,True,14.01583725174625,True,,False,,,,4,TCGA-49-6767-01,TCGA-49-6767,Female,Stage IIB,46,0:LIVING,22.24,0,II,matched
TCGA-49-6767,TCGA-49-6767-01Z-00-DX1.53459c0e-b8ec-4893-9910-87b63c503134,4,TCGA-49-6767-01,4,4,1,0,0.5619628125,1.0000000017078288,0.24688639087338285,19.80023141486459,80.19976858513542,stroma-high,0.8019976858513541,0.7813963726717882,True,25.20011720842111,True,38.67720693202541,True,,False,,,,5,TCGA-49-6767-01,TCGA-49-6767,Female,Stage IIB,46,0:LIVING,22.24,0,II,matched
TCGA-49-6767,TCGA-49-6767-01Z-00-DX1.53459c0e-b8ec-4893-9910-87b63c503134,5,TCGA-49-6767-01,5,5,1,0,0.6368911875,0.9607843092610839,0.43207255645559905,30.171135848380832,69.82886415161917,stroma-high,0.6982886415161917,0.6865644283721328,True,1.869160295242095,True,7.186926688394882,True,,False,,,,6,TCGA-49-6767-01,TCGA-49-6767,Female,Stage IIB,46,0:LIVING,22.24,0,II,matched
TCGA-49-6767,TCGA-49-6767-01Z-00-DX1.53459c0e-b8ec-4893-9910-87b63c503134,6,TCGA-49-6767-01,6,6;7;9,3,2,2.3602438125,0.9153439161062162,0.4038440506297998,28.76701656773238,71.23298343226763,stroma-high,0.7123298343226763,0.7184908275661835,True,12.281992237624191,True,8.261655889585752,True,12.381199653511755,True,550.5097663549208,550.5097663549208,851.1003796874138,7,TCGA-49-6767-01,TCGA-49-6767,Female,Stage IIB,46,0:LIVING,22.24,0,II,matched
TCGA-49-6767,TCGA-49-6767-01Z-00-DX1.53459c0e-b8ec-4893-9910-87b63c503134,7,TCGA-49-6767-01,7,8;10;11;12;13;14;16;17;18;19,10,14,196.8493291875,0.9677726321572,2.9003553210594566,74.36131024779637,25.638689752203632,stroma-low,0.2563868975220363,0.24593784439513597,True,23.951463098461673,True,13.986233630616695,True,35.20809605254909,True,494.44233234289237,447.0,954.8294176287669,8,TCGA-49-6767-01,TCGA-49-6767,Female,Stage IIB,46,0:LIVING,22.24,0,II,matched
TCGA-49-6767,TCGA-49-6767-01Z-00-DX1.53459c0e-b8ec-4893-9910-87b63c503134,8,TCGA-49-6767-01,8,15,1,0,0.324689625,1.0000000002552183,0.40818208224367997,28.986456182805327,71.01354381719467,stroma-high,0.7101354381719467,0.7344769397833181,True,38.91930081312622,True,32.558189453696905,True,,False,,,,9,TCGA-49-6767-01,TCGA-49-6767,Female,Stage IIB,46,0:LIVING,22.24,0,II,matched
TCGA-49-6767,TCGA-49-6767-01Z-00-DX1.53459c0e-b8ec-4893-9910-87b63c503134,9,TCGA-49-6767-01,9,20,1,0,0.3871299375,0.9677419358326476,0.26827628550323196,21.152826759414193,78.84717324058582,stroma-high,0.7884717324058582,0.769417117700888,True,12.144313777028819,True,21.699007775032324,True,,False,,,,10,TCGA-49-6767-01,TCGA-49-6767,Female,Stage IIB,46,0:LIVING,22.24,0,II,matched
TCGA-49-6767,TCGA-49-6767-01Z-00-DX1.53459c0e-b8ec-4893-9910-87b63c503134,10,TCGA-49-6767-01,10,21,1,0,0.374641875,0.9333333377508705,0.4808303709187616,32.47032073095831,67.52967926904168,stroma-high,0.6752967926904168,0.6824569284828094,True,41.20711758407626,True,40.812794255490054,True,,False,,,,11,TCGA-49-6767-01,TCGA-49-6767,Female,Stage IIB,46,0:LIVING,22.24,0,II,matched
TCGA-49-6767,TCGA-49-6767-01Z-00-DX1.53459c0e-b8ec-4893-9910-87b63c503134,11,TCGA-49-6767-01,11,22,1,0,0.94909275,0.9868421045009056,0.3985486049912236,28.497300956781878,71.50269904321812,stroma-high,0.7150269904321812,0.7215313142803839,True,20.197731408934914,True,14.877242696041426,True,,False,,,,12,TCGA-49-6767-01,TCGA-49-6767,Female,Stage IIB,46,0:LIVING,22.24,0,II,matched
TCGA-49-6767,TCGA-49-6767-01Z-00-DX1.53459c0e-b8ec-4893-9910-87b63c503134,12,TCGA-49-6767-01,12,23,1,0,0.324689625,0.6923076893060799,0.5718648939503937,36.381300718103645,63.618699281896355,stroma-high,0.6361869928189635,0.6219585409091997,True,1.524852333123654,True,7.62321798533401,True,,False,,,,13,TCGA-49-6767-01,TCGA-49-6767,Female,Stage IIB,46,0:LIVING,22.24,0,II,matched
TCGA-49-AAQV,TCGA-49-AAQV-01Z-00-DX1.4CC37621-C952-4684-96E3-9B97CDAD8056,1,TCGA-49-AAQV-01,1,1,1,0,0.344988,0.8214285711136913,1.2772132484339704,56.08667740328247,43.91332259671753,stroma-low,0.4391332259671753,0.576091862424689,True,52.67567158538269,True,9.854935106157903,True,,False,,,,2,TCGA-49-AAQV-01,TCGA-49-AAQV,Female,Stage II,63,1:DECEASED,22.24,1,II,matched
TCGA-49-AAQV,TCGA-49-AAQV-01Z-00-DX1.4CC37621-C952-4684-96E3-9B97CDAD8056,2,TCGA-49-AAQV-01,2,2,1,0,1.811187,0.9455782317965999,0.5644342061696076,36.0791271338652,63.92087286613479,stroma-high,0.6392087286613479,0.6040491708977959,True,14.847949216498971,True,22.599724637049114,True,,False,,,,3,TCGA-49-AAQV-01,TCGA-49-AAQV,Female,Stage II,63,1:DECEASED,22.24,1,II,matched
TCGA-49-AAQV,TCGA-49-AAQV-01Z-00-DX1.4CC37621-C952-4684-96E3-9B97CDAD8056,3,TCGA-49-AAQV-01,3,3;6,2,1,9.561096,1.0000000003728133,0.6266506905815048,38.52398638563796,61.47601361436203,stroma-high,0.6147601361436204,0.6011131213102604,True,28.376750911209314,True,20.246110205873883,True,16.036985363732434,True,496.4456473776787,496.4456473776787,496.4456473776787,4,TCGA-49-AAQV-01,TCGA-49-AAQV,Female,Stage II,63,1:DECEASED,22.24,1,II,matched
TCGA-49-AAQV,TCGA-49-AAQV-01Z-00-DX1.4CC37621-C952-4684-96E3-9B97CDAD8056,4,TCGA-49-AAQV-01,4,4,1,0,0.529803,0.9999999985129974,0.22866712620022356,18.61099083096653,81.38900916903347,stroma-high,0.8138900916903347,0.8312197798572263,True,40.19516470663716,True,24.597691214899417,True,,False,,,,5,TCGA-49-AAQV-01,TCGA-49-AAQV,Female,Stage II,63,1:DECEASED,22.24,1,II,matched
TCGA-49-AAQV,TCGA-49-AAQV-01Z-00-DX1.4CC37621-C952-4684-96E3-9B97CDAD8056,5,TCGA-49-AAQV-01,5,5,1,0,1.416915,0.8782608674322546,0.4332088627801758,30.226499014234808,69.77350098576518,stroma-high,0.6977350098576518,0.6692337008166067,True,19.08797536532351,True,25.068318278012065,True,,False,,,,6,TCGA-49-AAQV-01,TCGA-49-AAQV,Female,Stage II,63,1:DECEASED,22.24,1,II,matched
TCGA-49-AAQV,TCGA-49-AAQV-01Z-00-DX1.4CC37621-C952-4684-96E3-9B97CDAD8056,6,TCGA-49-AAQV-01,6,7;8;9;10;13;15;19,7,7,32.342625,0.9542857144404288,0.6360778466022158,38.878214011834075,61.12178598816593,stroma-high,0.6112178598816593,0.5951553348769338,True,23.99438136588202,True,16.79919699444962,True,29.923954391619002,True,373.2749781585709,333.0,744.6491928247056,7,TCGA-49-AAQV-01,TCGA-49-AAQV,Female,Stage II,63,1:DECEASED,22.24,1,II,matched
TCGA-49-AAQV,TCGA-49-AAQV-01Z-00-DX1.4CC37621-C952-4684-96E3-9B97CDAD8056,7,TCGA-49-AAQV-01,7,11;14;16;18,4,3,100.687212,0.995227606829776,0.7901877747333015,44.139938049293306,55.86006195070671,stroma-high,0.5586006195070671,0.5458403686373067,True,24.37592962116722,True,14.288526299339985,True,29.23487853001238,True,209.0868164249883,222.0,248.2421020415337,8,TCGA-49-AAQV-01,TCGA-49-AAQV,Female,Stage II,63,1:DECEASED,22.24,1,II,matched
TCGA-49-AAQV,TCGA-49-AAQV-01Z-00-DX1.4CC37621-C952-4684-96E3-9B97CDAD8056,8,TCGA-49-AAQV-01,8,12,1,0,0.529803,0.9999999978070602,0.2799975554664852,21.87485079723002,78.12514920276999,stroma-high,0.7812514920276998,0.7441465307893693,True,34.77921970859399,True,47.74741520231153,True,,False,,,,9,TCGA-49-AAQV-01,TCGA-49-AAQV,Female,Stage II,63,1:DECEASED,22.24,1,II,matched
TCGA-49-AAQV,TCGA-49-AAQV-01Z-00-DX1.4CC37621-C952-4684-96E3-9B97CDAD8056,9,TCGA-49-AAQV-01,9,17,1,0,0.443556,1.0000000040179455,0.3277303036493088,24.683499559250222,75.31650044074978,stroma-high,0.7531650044074978,0.7469593122643718,True,14.757045266779809,True,16.903511239537345,True,,False,,,,10,TCGA-49-AAQV-01,TCGA-49-AAQV,Female,Stage II,63,1:DECEASED,22.24,1,II,matched
TCGA-49-AARE,TCGA-49-AARE-01Z-00-DX1.3559B3A9-6699-472F-B731-1BD9F93EE82A,1,TCGA-49-AARE-01,1,1,1,0,0.480519,0.9743589697163537,0.23802235860480678,19.22601453442625,80.77398546557374,stroma-high,0.8077398546557375,0.8037574165788889,True,23.866560756603313,True,24.51335299867414,True,,False,,,,2,TCGA-49-AARE-01,TCGA-49-AARE,Female,Stage IA,51,1:DECEASED,40.37,1,I,matched
TCGA-49-AARE,TCGA-49-AARE-01Z-00-DX1.3559B3A9-6699-472F-B731-1BD9F93EE82A,2,TCGA-49-AARE-01,2,2,1,0,0.24642,0.9999999955587555,2.8877773251165415,74.27836225239511,25.72163774760489,stroma-low,0.2572163774760489,0.5886949304920718,True,99.98627485009443,True,11.435621904507492,True,,False,,,,3,TCGA-49-AARE-01,TCGA-49-AARE,Female,Stage IA,51,1:DECEASED,40.37,1,I,matched
TCGA-49-AARE,TCGA-49-AARE-01Z-00-DX1.3559B3A9-6699-472F-B731-1BD9F93EE82A,3,TCGA-49-AARE-01,3,3,1,0,19.442538,0.9841571605006889,1.6445074726206124,62.18577522078107,37.81422477921893,stroma-low,0.37814224779218936,0.3897883108814933,True,26.632021068193428,True,10.824441489220291,True,,False,,,,4,TCGA-49-AARE-01,TCGA-49-AARE,Female,Stage IA,51,1:DECEASED,40.37,1,I,matched
TCGA-49-AARE,TCGA-49-AARE-01Z-00-DX1.3559B3A9-6699-472F-B731-1BD9F93EE82A,4,TCGA-49-AARE-01,4,4,1,0,1.515483,1.0000000003161935,0.7241380410454217,42.00000370076775,57.99999629923225,stroma-high,0.5799999629923225,0.5770927741571276,True,15.021280417470978,True,12.220704852423689,True,,False,,,,5,TCGA-49-AARE-01,TCGA-49-AARE,Female,Stage IA,51,1:DECEASED,40.37,1,I,matched
TCGA-49-AARE,TCGA-49-AARE-01Z-00-DX1.3559B3A9-6699-472F-B731-1BD9F93EE82A,5,TCGA-49-AARE-01,5,5;8;11;17,4,4,16.374609,0.984951091186491,1.229618753806955,55.14928288558062,44.850717114419375,stroma-low,0.44850717114419375,0.4543412894609165,True,15.19338946002354,True,5.604680628756898,True,7.468989097228275,True,445.980345066297,444.0001696606597,784.9210409438687,6,TCGA-49-AARE-01,TCGA-49-AARE,Female,Stage IA,51,1:DECEASED,40.37,1,I,matched
TCGA-49-AARE,TCGA-49-AARE-01Z-00-DX1.3559B3A9-6699-472F-B731-1BD9F93EE82A,6,TCGA-49-AARE-01,6,6;9;10;12;13;14;15;16;19;21;23;25;26;27;28;29;30;31;32,19,24,27.882423,0.9907202828741077,0.6391501860592186,38.99277756822508,61.00722243177492,stroma-high,0.6100722243177492,0.6250547940112529,True,20.130919997847254,True,9.775965905536484,True,15.484540820277887,True,574.5775447021679,601.1576610595371,999.000188511884,7,TCGA-49-AARE-01,TCGA-49-AARE,Female,Stage IA,51,1:DECEASED,40.37,1,I,matched
TCGA-49-AARE,TCGA-49-AARE-01Z-00-DX1.3559B3A9-6699-472F-B731-1BD9F93EE82A,7,TCGA-49-AARE-01,7,7,1,0,0.209457,0.9999999961719903,0.24962442960512604,19.975956270637724,80.02404372936228,stroma-high,0.8002404372936228,0.803588806380922,True,2.397919607308014,True,0.0,True,,False,,,,8,TCGA-49-AARE-01,TCGA-49-AARE,Female,Stage IA,51,1:DECEASED,40.37,1,I,matched
TCGA-49-AARE,TCGA-49-AARE-01Z-00-DX1.3559B3A9-6699-472F-B731-1BD9F93EE82A,8,TCGA-49-AARE-01,8,18,1,0,0.357309,0.9999999988659541,5.689851534668632,85.05198516263435,14.948014837365639,stroma-low,0.1494801483736564,0.14758904148777574,True,3.2980085020507492,True,2.4369049401547485,True,,False,,,,9,TCGA-49-AARE-01,TCGA-49-AARE,Female,Stage IA,51,1:DECEASED,40.37,1,I,matched
TCGA-49-AARE,TCGA-49-AARE-01Z-00-DX1.3559B3A9-6699-472F-B731-1BD9F93EE82A,9,TCGA-49-AARE-01,9,20,1,0,0.197136,0.9999999963724804,0.7047945337426416,41.34190483326822,58.65809516673177,stroma-high,0.5865809516673177,0.5833932438929536,True,13.126897549538793,True,13.07441453331598,True,,False,,,,10,TCGA-49-AARE-01,TCGA-49-AARE,Female,Stage IA,51,1:DECEASED,40.37,1,I,matched
TCGA-49-AARE,TCGA-49-AARE-01Z-00-DX1.3559B3A9-6699-472F-B731-1BD9F93EE82A,10,TCGA-49-AARE-01,10,22,1,0,0.344988,1.0000000022383964,9.512714697515587,90.4877091334332,9.512290866566794,stroma-low,0.09512290866566793,0.09435101432938688,True,,False,0.9753868630478328,True,,False,,,,11,TCGA-49-AARE-01,TCGA-49-AARE,Female,Stage IA,51,1:DECEASED,40.37,1,I,matched
TCGA-49-AARE,TCGA-49-AARE-01Z-00-DX1.3559B3A9-6699-472F-B731-1BD9F93EE82A,11,TCGA-49-AARE-01,11,24,1,0,0.147852,1.0000000005044665,,100.0,0.0,stroma-low,0.0,0.0,True,,False,0.0,True,,False,,,,12,TCGA-49-AARE-01,TCGA-49-AARE,Female,Stage IA,51,1:DECEASED,40.37,1,I,matched
TCGA-49-AARO,TCGA-49-AARO-01Z-00-DX1.FB8C82DC-F823-43CF-A8EA-1208C767AF54,1,TCGA-49-AARO-01,1,1,1,0,0.628371,0.7843137265950003,0.754374770396371,42.99963628785729,57.00036371214271,stroma-high,0.5700036371214271,0.6296896470915674,True,53.79377743637672,True,23.285241993692246,True,,False,,,,2,TCGA-49-AARO-01,TCGA-49-AARO,Female,Stage IA,39,0:LIVING,123.49,0,I,matched
TCGA-49-AARO,TCGA-49-AARO-01Z-00-DX1.FB8C82DC-F823-43CF-A8EA-1208C767AF54,2,TCGA-49-AARO-01,2,2,1,0,2.636694,0.8691588782416333,1.2312474570430247,55.18202175005472,44.817978249945284,stroma-low,0.44817978249945284,0.473458165077097,True,40.19395318457199,True,18.943047278558087,True,,False,,,,3,TCGA-49-AARO-01,TCGA-49-AARO,Female,Stage IA,39,0:LIVING,123.49,0,I,matched
TCGA-49-AARO,TCGA-49-AARO-01Z-00-DX1.FB8C82DC-F823-43CF-A8EA-1208C767AF54,3,TCGA-49-AARO-01,3,3,1,0,0.283383,0.73913043570452,0.5579330633525302,35.812389920778045,64.18761007922194,stroma-high,0.6418761007922195,0.6863097169984677,True,34.78906663417817,True,12.35083098761781,True,,False,,,,4,TCGA-49-AARO-01,TCGA-49-AARO,Female,Stage IA,39,0:LIVING,123.49,0,I,matched
TCGA-49-AARO,TCGA-49-AARO-01Z-00-DX1.FB8C82DC-F823-43CF-A8EA-1208C767AF54,4,TCGA-49-AARO-01,4,4;8;10;11,4,4,2.304027,0.9625668455786492,0.7639315090001608,43.308456428287045,56.691543571712955,stroma-high,0.5669154357171295,0.6384760858262002,True,53.607707944028796,True,32.16202114770818,True,60.55280534663229,True,465.84879322525904,401.9868790401292,948.4214148207778,5,TCGA-49-AARO-01,TCGA-49-AARO,Female,Stage IA,39,0:LIVING,123.49,0,I,matched
TCGA-49-AARO,TCGA-49-AARO-01Z-00-DX1.FB8C82DC-F823-43CF-A8EA-1208C767AF54,5,TCGA-49-AARO-01,5,5;9,2,1,1.983681,0.9316770196876277,0.8579589086696151,46.17749642719244,53.82250357280757,stroma-high,0.5382250357280757,0.5373957643244422,True,12.78971877845203,True,8.518997261828085,True,1.7107076541597317,True,111.0,111.0,111.0,6,TCGA-49-AARO-01,TCGA-49-AARO,Female,Stage IA,39,0:LIVING,123.49,0,I,matched
TCGA-49-AARO,TCGA-49-AARO-01Z-00-DX1.FB8C82DC-F823-43CF-A8EA-1208C767AF54,6,TCGA-49-AARO-01,6,6;7;12;13,4,3,16.793523,0.9977989724630947,1.3640297608283205,57.69934809747848,42.30065190252152,stroma-low,0.42300651902521524,0.4770018414910986,True,50.39335459822078,True,15.53060683554934,True,88.27731856718248,True,515.4393453873386,444.0,702.0619919326238,7,TCGA-49-AARO-01,TCGA-49-AARO,Female,Stage IA,39,0:LIVING,123.49,0,I,matched
TCGA-49-AARO,TCGA-49-AARO-01Z-00-DX1.FB8C82DC-F823-43CF-A8EA-1208C767AF54,7,TCGA-49-AARO-01,7,14,1,0,0.234099,0.8421052610518881,0.8591345778776585,46.2115324033414,53.7884675966586,stroma-high,0.537884675966586,0.57516952287578,True,59.91617089427662,True,41.1420157901565,True,,False,,,,8,TCGA-49-AARO-01,TCGA-49-AARO,Female,Stage IA,39,0:LIVING,123.49,0,I,matched
TCGA-49-AARO,TCGA-49-AARO-01Z-00-DX1.FB8C82DC-F823-43CF-A8EA-1208C767AF54,8,TCGA-49-AARO-01,8,15,1,0,0.283383,0.9130434742095056,0.4125876389059363,29.207932134072028,70.79206786592798,stroma-high,0.7079206786592798,0.7538437992659611,True,37.56756597790683,True,17.219014335637226,True,,False,,,,9,TCGA-49-AARO-01,TCGA-49-AARO,Female,Stage IA,39,0:LIVING,123.49,0,I,matched
TCGA-49-AARO,TCGA-49-AARO-01Z-00-DX1.FB8C82DC-F823-43CF-A8EA-1208C767AF54,9,TCGA-49-AARO-01,9,16;17,2,1,1.281384,0.9134615382057606,0.41435097112429553,29.296191651420138,70.70380834857986,stroma-high,0.7070380834857986,0.7341889132412748,True,44.92065461783106,True,35.15970457023239,True,32.78783367613533,True,457.69957498577696,457.69957498577696,457.69957498577696,10,TCGA-49-AARO-01,TCGA-49-AARO,Female,Stage IA,39,0:LIVING,123.49,0,I,matched
TCGA-49-AARO,TCGA-49-AARO-01Z-00-DX1.FB8C82DC-F823-43CF-A8EA-1208C767AF54,10,TCGA-49-AARO-01,10,18,1,0,0.320346,0.8076923060154793,0.45984569624805705,31.499609679975382,68.50039032002462,stroma-high,0.6850039032002462,0.6935450151336001,True,51.60753902231227,True,40.1808956179856,True,,False,,,,11,TCGA-49-AARO-01,TCGA-49-AARO,Female,Stage IA,39,0:LIVING,123.49,0,I,matched
TCGA-49-AARO,TCGA-49-AARO-01Z-00-DX1.FB8C82DC-F823-43CF-A8EA-1208C767AF54,11,TCGA-49-AARO-01,11,19,1,0,0.751581,0.9180327884547057,0.5644169620122622,36.07842255086967,63.92157744913033,stroma-high,0.6392157744913033,0.6939002576049886,True,54.89807352344411,True,38.49950728331672,True,,False,,,,12,TCGA-49-AARO-01,TCGA-49-AARO,Female,Stage IA,39,0:LIVING,123.49,0,I,matched
TCGA-49-AARO,TCGA-49-AARO-01Z-00-DX1.FB8C82DC-F823-43CF-A8EA-1208C767AF54,12,TCGA-49-AARO-01,12,20,1,0,23.643999,0.9562272017048581,1.4871081340494692,59.79266094989541,40.20733905010459,stroma-low,0.40207339050104596,0.4156441804586317,True,51.37612646153222,True,18.463112486817725,True,,False,,,,13,TCGA-49-AARO-01,TCGA-49-AARO,Female,Stage IA,39,0:LIVING,123.49,0,I,matched
TCGA-49-AARO,TCGA-49-AARO-01Z-00-DX1.FB8C82DC-F823-43CF-A8EA-1208C767AF54,13,TCGA-49-AARO-01,13,21,1,0,1.281384,0.7788461523722652,1.3589465297379983,57.60819554858383,42.391804451416164,stroma-low,0.42391804451416165,0.41608509272044836,True,16.016328014633306,True,10.594529499163023,True,,False,,,,14,TCGA-49-AARO-01,TCGA-49-AARO,Female,Stage IA,39,0:LIVING,123.49,0,I,matched
TCGA-50-5931,TCGA-50-5931-01Z-00-DX1.34261ED6-7815-487C-A50C-2DAD587187B9,1,TCGA-50-5931-01,1,1,1,0,0.24476275,1.0000000031610206,0.545341041872321,35.289365071906126,64.71063492809388,stroma-high,0.6471063492809388,0.6531390380192686,True,2.9135731789390436,True,0.0,True,,False,,,,2,TCGA-50-5931-01,TCGA-50-5931,Female,Stage IB,75,1:DECEASED,14.26,1,I,matched
TCGA-50-5931,TCGA-50-5931-01Z-00-DX1.34261ED6-7815-487C-A50C-2DAD587187B9,2,TCGA-50-5931-01,2,2,1,0,0.24476275,0.8421052668165525,1.9159454160876694,65.70580524303153,34.29419475696847,stroma-low,0.3429419475696847,0.3856173127983065,True,28.358196708051153,True,9.640371007085479,True,,False,,,,3,TCGA-50-5931-01,TCGA-50-5931,Female,Stage IB,75,1:DECEASED,14.26,1,I,matched
TCGA-50-5931,TCGA-50-5931-01Z-00-DX1.34261ED6-7815-487C-A50C-2DAD587187B9,3,TCGA-50-5931-01,3,3,1,0,0.19323375,0.9999999971594662,0.525671338561504,34.45508382278054,65.54491617721948,stroma-high,0.6554491617721947,0.6554491617721947,True,0.0,True,0.0,True,,False,,,,4,TCGA-50-5931-01,TCGA-50-5931,Female,Stage IB,75,1:DECEASED,14.26,1,I,matched
TCGA-50-5931,TCGA-50-5931-01Z-00-DX1.34261ED6-7815-487C-A50C-2DAD587187B9,4,TCGA-50-5931-01,4,4,1,0,0.16746925,0.9999999957732283,0.7136853140332167,41.64622922241972,58.35377077758027,stroma-high,0.5835377077758027,0.5835377077758027,True,0.0,True,0.0,True,,False,,,,5,TCGA-50-5931-01,TCGA-50-5931,Female,Stage IB,75,1:DECEASED,14.26,1,I,matched
TCGA-50-5931,TCGA-50-5931-01Z-00-DX1.34261ED6-7815-487C-A50C-2DAD587187B9,5,TCGA-50-5931-01,5,5,1,0,166.65766825,0.9892556230750154,1.2770414993544839,56.0833651787423,43.916634821257716,stroma-low,0.43916634821257716,0.436715505589883,True,5.380066902170948,True,1.7766943440484466,True,,False,,,,6,TCGA-50-5931-01,TCGA-50-5931,Female,Stage IB,75,1:DECEASED,14.26,1,I,matched
TCGA-50-5931,TCGA-50-5931-01Z-00-DX1.34261ED6-7815-487C-A50C-2DAD587187B9,6,TCGA-50-5931-01,6,6,1,0,0.566819,0.8181818182696259,14.397211878704432,93.50531766479696,6.494682335203033,stroma-low,0.06494682335203034,0.1284856734535564,True,63.39358147380443,True,0.8065734786720682,True,,False,,,,7,TCGA-50-5931-01,TCGA-50-5931,Female,Stage IB,75,1:DECEASED,14.26,1,I,matched
TCGA-50-5931,TCGA-50-5931-01Z-00-DX1.34261ED6-7815-487C-A50C-2DAD587187B9,7,TCGA-50-5931-01,7,7,1,0,0.32205625,0.6000000002907473,3.326816023468514,76.88831707712943,23.111682922870568,stroma-low,0.2311168292287057,0.34003660657573126,True,50.652221238312855,True,6.51458335673421,True,,False,,,,8,TCGA-50-5931-01,TCGA-50-5931,Female,Stage IB,75,1:DECEASED,14.26,1,I,matched
TCGA-50-5931,TCGA-50-5931-01Z-00-DX1.34261ED6-7815-487C-A50C-2DAD587187B9,8,TCGA-50-5931-01,8,8,1,0,0.21899825,0.9999999946594471,0.515019534377705,33.994250416662084,66.00574958333792,stroma-high,0.6600574958333791,0.6678143786954146,True,5.013868106928064,True,0.0,True,,False,,,,9,TCGA-50-5931-01,TCGA-50-5931,Female,Stage IB,75,1:DECEASED,14.26,1,I,matched
TCGA-50-6590,TCGA-50-6590-01Z-00-DX1.B08B2656-3DC7-4D35-A54D-9C57A7A773B3,1,TCGA-50-6590-01,1,1,1,0,0.357309,1.000000000891054,0.21611625053055117,17.771019048242042,82.22898095175796,stroma-high,0.8222898095175796,0.8205669763409759,True,1.2200609277510992,True,2.757533110434895,True,,False,,,,2,TCGA-50-6590-01,TCGA-50-6590,Female,Stage IB,72,1:DECEASED,42.31,1,I,matched
TCGA-50-6590,TCGA-50-6590-01Z-00-DX1.B08B2656-3DC7-4D35-A54D-9C57A7A773B3,2,TCGA-50-6590-01,2,2;3;4;5;7;9;11;13;14;15;16;17,12,14,66.755178,0.9724990773370895,1.5509410034579432,60.79877979755533,39.20122020244467,stroma-low,0.3920122020244467,0.3991695377754743,True,7.375028966800665,True,1.8084102573632288,True,1.0726440511526705,True,475.6265438655337,450.8497874928894,999.0,3,TCGA-50-6590-01,TCGA-50-6590,Female,Stage IB,72,1:DECEASED,42.31,1,I,matched
TCGA-50-6590,TCGA-50-6590-01Z-00-DX1.B08B2656-3DC7-4D35-A54D-9C57A7A773B3,3,TCGA-50-6590-01,3,6;8;12,3,2,24.666642,1.000000000186072,1.4602880054839487,59.35435210142009,40.64564789857991,stroma-low,0.40645647898579906,0.41536597218459204,True,16.423751922742973,True,5.12194873488696,True,31.878775982609586,True,607.4263691497279,607.4263691497279,992.8527382994557,4,TCGA-50-6590-01,TCGA-50-6590,Female,Stage IB,72,1:DECEASED,42.31,1,I,matched
TCGA-50-6590,TCGA-50-6590-01Z-00-DX1.B08B2656-3DC7-4D35-A54D-9C57A7A773B3,4,TCGA-50-6590-01,4,10,1,0,0.689976,0.8035714295327644,4.3202973119211165,81.20405794316581,18.795942056834193,stroma-low,0.18795942056834192,0.20092493433918854,True,47.56601034459968,True,1.3008521990918624,True,,False,,,,5,TCGA-50-6590-01,TCGA-50-6590,Female,Stage IB,72,1:DECEASED,42.31,1,I,matched
TCGA-50-6590,TCGA-50-6590-01Z-00-DX1.B08B2656-3DC7-4D35-A54D-9C57A7A773B3,5,TCGA-50-6590-01,5,18,1,0,0.751581,1.000000000381988,1.164766445812233,53.80564023733313,46.19435976266688,stroma-low,0.46194359762666876,0.5695408180306128,True,53.175652716418945,True,25.93670772659667,True,,False,,,,6,TCGA-50-6590-01,TCGA-50-6590,Female,Stage IB,72,1:DECEASED,42.31,1,I,matched
TCGA-50-6594,TCGA-50-6594-01Z-00-DX1.43b2005a-4245-4025-ad85-4a957f308a5c,1,TCGA-50-6594-01,1,1,1,0,0.147852,0.999999990039214,0.5943679470541533,37.27922078164843,62.72077921835157,stroma-high,0.6272077921835157,0.5375760218243217,True,13.228188511156164,True,41.53938401896233,True,,False,,,,2,TCGA-50-6594-01,TCGA-50-6594,Female,Stage IIIA,79,1:DECEASED,12.16,1,III,matched
TCGA-50-6594,TCGA-50-6594-01Z-00-DX1.43b2005a-4245-4025-ad85-4a957f308a5c,2,TCGA-50-6594-01,2,2;4;5;7;8;12;18;21;22;25;26;27;28;32;33;34,16,18,103.939956,0.9700094831520032,1.7217783861353873,63.2593158541506,36.74068414584941,stroma-low,0.36740684145849406,0.37140585666114634,True,14.970415254932226,True,5.402487255580553,True,13.15013473764787,True,474.9680289217115,404.3743734374792,999.000188511884,3,TCGA-50-6594-01,TCGA-50-6594,Female,Stage IIIA,79,1:DECEASED,12.16,1,III,matched
TCGA-50-6594,TCGA-50-6594-01Z-00-DX1.43b2005a-4245-4025-ad85-4a957f308a5c,3,TCGA-50-6594-01,3,3,1,0,0.406593,0.8484848511425575,1.3022849936023855,56.56489084631959,43.43510915368039,stroma-low,0.43435109153680396,0.4427725790572468,True,5.717590609997141,True,0.41081067989363573,True,,False,,,,4,TCGA-50-6594-01,TCGA-50-6594,Female,Stage IIIA,79,1:DECEASED,12.16,1,III,matched
TCGA-50-6594,TCGA-50-6594-01Z-00-DX1.43b2005a-4245-4025-ad85-4a957f308a5c,4,TCGA-50-6594-01,4,6,1,0,0.726939,0.9322033911620086,0.39712057428728037,28.42421632004563,71.57578367995437,stroma-high,0.7157578367995437,0.7165445663272256,True,6.367376687462878,True,3.866979978994366,True,,False,,,,5,TCGA-50-6594-01,TCGA-50-6594,Female,Stage IIIA,79,1:DECEASED,12.16,1,III,matched
TCGA-50-6594,TCGA-50-6594-01Z-00-DX1.43b2005a-4245-4025-ad85-4a957f308a5c,5,TCGA-50-6594-01,5,9,1,0,0.271062,1.0000000026305893,0.34024695058927307,25.386884890107382,74.61311510989262,stroma-high,0.7461311510989262,0.7452621259184445,True,4.673773138861111,True,4.578821698999116,True,,False,,,,6,TCGA-50-6594-01,TCGA-50-6594,Female,Stage IIIA,79,1:DECEASED,12.16,1,III,matched
TCGA-50-6594,TCGA-50-6594-01Z-00-DX1.43b2005a-4245-4025-ad85-4a957f308a5c,6,TCGA-50-6594-01,6,10;11;13;15;16;17;19;23;24;30;31;35,12,13,16.966017,0.9694989106202184,0.7912861215443705,44.17418926140941,55.82581073859059,stroma-high,0.5582581073859059,0.5689370621759466,True,13.308044596894463,True,5.176027435684774,True,20.95828880143629,True,452.8445440060423,444.0004241515763,941.906874350499,7,TCGA-50-6594-01,TCGA-50-6594,Female,Stage IIIA,79,1:DECEASED,12.16,1,III,matched
TCGA-50-6594,TCGA-50-6594-01Z-00-DX1.43b2005a-4245-4025-ad85-4a957f308a5c,7,TCGA-50-6594-01,7,14,1,0,0.258741,0.7619047601086398,1.5110616394002456,60.17620657695822,39.82379342304178,stroma-low,0.39823793423041776,0.4428942310057681,True,18.88268611243553,True,1.8096872168932312,True,,False,,,,8,TCGA-50-6594-01,TCGA-50-6594,Female,Stage IIIA,79,1:DECEASED,12.16,1,III,matched
TCGA-50-6594,TCGA-50-6594-01Z-00-DX1.43b2005a-4245-4025-ad85-4a957f308a5c,8,TCGA-50-6594-01,8,20,1,0,0.258741,0.7142857126669869,1.06763550697175,51.63557616281239,48.36442383718761,stroma-low,0.4836442383718761,0.5813011417922523,True,45.00002416554904,True,20.07779953267399,True,,False,,,,9,TCGA-50-6594-01,TCGA-50-6594,Female,Stage IIIA,79,1:DECEASED,12.16,1,III,matched
TCGA-50-6594,TCGA-50-6594-01Z-00-DX1.43b2005a-4245-4025-ad85-4a957f308a5c,9,TCGA-50-6594-01,9,29,1,0,0.406593,0.9696969714665709,1.1955347311435884,54.45300929131146,45.54699070868853,stroma-low,0.45546990708688534,0.4631198338576095,True,8.287816616157532,True,4.60933493603189,True,,False,,,,10,TCGA-50-6594-01,TCGA-50-6594,Female,Stage IIIA,79,1:DECEASED,12.16,1,III,matched
TCGA-50-6597,TCGA-50-6597-01Z-00-DX1.ec7fc0b2-78a1-4384-bddd-e89f02ee5eb6,1,TCGA-50-6597-01,1,1,1,0,100.736496,0.97370352267542,1.537942818895529,60.59800904280485,39.401990957195146,stroma-low,0.39401990957195143,0.35255495444747414,True,26.79053277523441,True,19.98195196977543,True,,False,,,,2,TCGA-50-6597-01,TCGA-50-6597,Female,Stage IB,79,1:DECEASED,41.66,1,I,matched
TCGA-50-6597,TCGA-50-6597-01Z-00-DX1.ec7fc0b2-78a1-4384-bddd-e89f02ee5eb6,2,TCGA-50-6597-01,2,2,1,0,0.12321,0.9999999963212758,0.4799368772410627,32.42955051811221,67.57044948188779,stroma-high,0.675704494818878,0.6543510422283094,True,13.801413670166976,True,16.86964872025174,True,,False,,,,3,TCGA-50-6597-01,TCGA-50-6597,Female,Stage IB,79,1:DECEASED,41.66,1,I,matched
TCGA-50-6597,TCGA-50-6597-01Z-00-DX1.ec7fc0b2-78a1-4384-bddd-e89f02ee5eb6,3,TCGA-50-6597-01,3,3,1,0,0.320346,0.9999999965081,0.3052176653027587,23.38442647663371,76.6155735233663,stroma-high,0.7661557352336629,0.7732929623213526,True,5.738645822973442,True,0.7628898136900994,True,,False,,,,4,TCGA-50-6597-01,TCGA-50-6597,Female,Stage IB,79,1:DECEASED,41.66,1,I,matched
TCGA-50-6673,TCGA-50-6673-01Z-00-DX1.e24fb432-3fff-4f00-a316-16d05275c1e7,1,TCGA-50-6673-01,1,1;2;3,3,2,77.942646,0.9911476444772706,1.0418609023696421,51.025067435324836,48.974932564675164,stroma-low,0.4897493256467516,0.4658725419249969,True,19.7413478980401,True,12.970635164076654,True,40.91555859311369,True,134.00917361671563,134.00917361671563,157.01834723343126,2,TCGA-50-6673-01,TCGA-50-6673,Female,Stage I,84,1:DECEASED,0.72,1,I,matched
TCGA-53-7624,TCGA-53-7624-01Z-00-DX1.51b4de19-3531-4bcb-b822-fa966480f2ad,1,TCGA-53-7624-01,1,1,1,0,5.66766,0.8586956533861904,1.4122663656070016,58.545208180259614,41.454791819740386,stroma-low,0.4145479181974039,0.41418894642072185,True,26.197175528315462,True,10.380646684198917,True,,False,,,,2,TCGA-53-7624-01,TCGA-53-7624,Female,Stage IV,40,1:DECEASED,34.26,1,IV,matched
TCGA-53-7624,TCGA-53-7624-01Z-00-DX1.51b4de19-3531-4bcb-b822-fa966480f2ad,2,TCGA-53-7624-01,2,2,1,0,0.271062,1.0000000026287705,0.3032982443623028,23.271591569641455,76.72840843035854,stroma-high,0.7672840843035854,0.7668135644360566,True,15.778570274305565,True,14.86638509153943,True,,False,,,,3,TCGA-53-7624-01,TCGA-53-7624,Female,Stage IV,40,1:DECEASED,34.26,1,IV,matched
TCGA-53-7624,TCGA-53-7624-01Z-00-DX1.51b4de19-3531-4bcb-b822-fa966480f2ad,3,TCGA-53-7624-01,3,3,1,0,230.439663,0.9609153610544897,3.9573091174247996,79.82776590459068,20.172234095409316,stroma-low,0.20172234095409314,0.20424374031092282,True,29.1933549136344,True,3.1283886363633684,True,,False,,,,4,TCGA-53-7624-01,TCGA-53-7624,Female,Stage IV,40,1:DECEASED,34.26,1,IV,matched
TCGA-53-7624,TCGA-53-7624-01Z-00-DX1.51b4de19-3531-4bcb-b822-fa966480f2ad,4,TCGA-53-7624-01,4,4,1,0,0.234099,0.7368421033719834,2.2110437739680453,68.8574784278244,31.142521572175596,stroma-low,0.31142521572175597,0.29003219918804335,True,1.8651822624793999,True,10.88376193208807,True,,False,,,,5,TCGA-53-7624-01,TCGA-53-7624,Female,Stage IV,40,1:DECEASED,34.26,1,IV,matched
TCGA-53-7626,TCGA-53-7626-01Z-00-DX1.FD4CAF75-07B5-4117-83DD-99233DAA3EBC,1,TCGA-53-7626-01,1,1;3;5;6;9;11;13;14;16;17;18;19;20;21;22;23;24;25;26;27;28;29;30;32;33;34;35;36;37;38;39;40;41;43;44;45,36,51,94.6901425,0.9660621766351709,0.5762847574353729,36.55968597786814,63.44031402213186,stroma-high,0.6344031402213186,0.6484440021227144,True,27.628901517090654,True,11.422404839410365,True,28.935578204381322,True,499.22136278806806,553.75,996.75,2,TCGA-53-7626-01,TCGA-53-7626,Female,Stage IIA,76,1:DECEASED,30.52,1,II,matched
TCGA-53-7626,TCGA-53-7626-01Z-00-DX1.FD4CAF75-07B5-4117-83DD-99233DAA3EBC,2,TCGA-53-7626-01,2,2;4,2,1,0.956713875,0.8205128217922931,1.0906545960876628,52.16809118678209,47.83190881321791,stroma-low,0.47831908813217905,0.520531519230531,True,21.51203567449213,True,1.6088690157983179,True,51.7917135429796,True,553.7902333690774,553.7902333690774,553.7902333690774,3,TCGA-53-7626-01,TCGA-53-7626,Female,Stage IIA,76,1:DECEASED,30.52,1,II,matched
TCGA-53-7626,TCGA-53-7626-01Z-00-DX1.FD4CAF75-07B5-4117-83DD-99233DAA3EBC,3,TCGA-53-7626-01,3,7,1,0,1.7539754375,0.9999999984004088,0.7112858311862672,41.56440836614665,58.435591633853335,stroma-high,0.5843559163385333,0.6253869230570144,True,29.682314156832174,True,7.532405153262032,True,,False,,,,4,TCGA-53-7626-01,TCGA-53-7626,Female,Stage IIA,76,1:DECEASED,30.52,1,II,matched
TCGA-53-7626,TCGA-53-7626-01Z-00-DX1.FD4CAF75-07B5-4117-83DD-99233DAA3EBC,4,TCGA-53-7626-01,4,8;10,2,1,0.564215875,0.8695652170458544,0.9750708355659984,49.36890454800175,50.631095451998256,stroma-high,0.5063109545199825,0.5235926033530117,True,36.46138545184113,True,24.831844871931146,True,20.466549070990542,True,332.25,332.25,332.25,5,TCGA-53-7626-01,TCGA-53-7626,Female,Stage IIA,76,1:DECEASED,30.52,1,II,matched
TCGA-53-7626,TCGA-53-7626-01Z-00-DX1.FD4CAF75-07B5-4117-83DD-99233DAA3EBC,5,TCGA-53-7626-01,5,12,1,0,0.1839834375,0.999999998246009,0.3165718750630445,24.0451646476107,75.95483535238931,stroma-high,0.759548353523893,0.7748449045387236,True,20.882527688723908,True,2.90465490759672,True,,False,,,,6,TCGA-53-7626-01,TCGA-53-7626,Female,Stage IIA,76,1:DECEASED,30.52,1,II,matched
TCGA-53-7626,TCGA-53-7626-01Z-00-DX1.FD4CAF75-07B5-4117-83DD-99233DAA3EBC,6,TCGA-53-7626-01,6,15,1,0,0.196249,1.0000000037289283,0.2977781692211487,22.945228721165645,77.05477127883435,stroma-high,0.7705477127883436,0.7654903346717418,True,2.54082890936857,True,5.163236325136484,True,,False,,,,7,TCGA-53-7626-01,TCGA-53-7626,Female,Stage IIA,76,1:DECEASED,30.52,1,II,matched
TCGA-53-7626,TCGA-53-7626-01Z-00-DX1.FD4CAF75-07B5-4117-83DD-99233DAA3EBC,7,TCGA-53-7626-01,7,31,1,0,0.196249,1.000000000873115,1.6661448205390057,62.492660102468356,37.50733989753165,stroma-low,0.3750733989753165,0.4081011559562625,True,30.26598976450055,True,2.864832676160361,True,,False,,,,8,TCGA-53-7626-01,TCGA-53-7626,Female,Stage IIA,76,1:DECEASED,30.52,1,II,matched
TCGA-53-7626,TCGA-53-7626-01Z-00-DX1.FD4CAF75-07B5-4117-83DD-99233DAA3EBC,8,TCGA-53-7626-01,8,42,1,0,5.64215875,0.967391304786693,0.611596458603469,37.94972713786233,62.05027286213765,stroma-high,0.6205027286213766,0.6116928030063438,True,35.509512532519274,True,22.689937894620034,True,,False,,,,9,TCGA-53-7626-01,TCGA-53-7626,Female,Stage IIA,76,1:DECEASED,30.52,1,II,matched
TCGA-53-7813,TCGA-53-7813-01Z-00-DX1.97c5eff3-ceeb-499b-b2e1-bcd3cd60c5e7,1,TCGA-53-7813-01,1,1;2;3;4;5;6;7,7,7,96.535035,0.9825143586796179,1.6460092856300064,62.207237690705874,37.79276230929413,stroma-low,0.37792762309294137,0.35310056384777955,True,44.99505259944333,True,19.497011724197293,True,23.569977165392263,True,329.040897152092,222.000848301937,777.0,2,TCGA-53-7813-01,TCGA-53-7813,Female,Stage IIIB,51,0:LIVING,13.93,0,III,matched
TCGA-53-7813,TCGA-53-7813-01Z-00-DX1.97c5eff3-ceeb-499b-b2e1-bcd3cd60c5e7,2,TCGA-53-7813-01,2,8,1,0,0.689976,1.000000001432844,0.5303495121741365,34.65545014097333,65.34454985902667,stroma-high,0.6534454985902667,0.6729093735055188,True,31.117433337769757,True,20.93319429821711,True,,False,,,,3,TCGA-53-7813-01,TCGA-53-7813,Female,Stage IIIB,51,0:LIVING,13.93,0,III,matched
TCGA-55-6970,TCGA-55-6970-01Z-00-DX1.be042a9b-3eab-4b6c-9cd7-7486ffab037f,1,TCGA-55-6970-01,1,1;2,2,1,2.254743,0.9999999998284882,0.7555625352209635,43.03820114991602,56.96179885008398,stroma-high,0.5696179885008398,0.5999571649210593,True,22.290898558305074,True,10.00040141011047,True,17.46518968167005,True,666.0,666.0,666.0,2,TCGA-55-6970-01,TCGA-55-6970,Female,Stage IIIA,67,1:DECEASED,15.24,1,III,matched
TCGA-55-6970,TCGA-55-6970-01Z-00-DX1.be042a9b-3eab-4b6c-9cd7-7486ffab037f,2,TCGA-55-6970-01,2,3,1,0,0.221778,0.9999999993500145,1.0850833619612767,52.040286818107006,47.959713181892994,stroma-low,0.47959713181892993,0.5280158721124077,True,21.189000047935522,True,2.3609993502872575,True,,False,,,,3,TCGA-55-6970-01,TCGA-55-6970,Female,Stage IIIA,67,1:DECEASED,15.24,1,III,matched
TCGA-55-6970,TCGA-55-6970-01Z-00-DX1.be042a9b-3eab-4b6c-9cd7-7486ffab037f,3,TCGA-55-6970-01,3,4;5;7;8;9;10,6,8,2.735262,0.9594594582569929,0.3393177827740524,25.335121144381645,74.66487885561835,stroma-high,0.7466487885561836,0.7601900346608392,True,21.890021266111436,True,11.84528911864628,True,33.44085834886988,True,315.793953535982,332.5226122730131,555.0003393213194,4,TCGA-55-6970-01,TCGA-55-6970,Female,Stage IIIA,67,1:DECEASED,15.24,1,III,matched
TCGA-55-6970,TCGA-55-6970-01Z-00-DX1.be042a9b-3eab-4b6c-9cd7-7486ffab037f,4,TCGA-55-6970-01,4,6;11;12;13;14;15;16;17;18,9,13,127.990548,0.98363496319335,1.0120849748792178,50.300309754063534,49.69969024593648,stroma-low,0.4969969024593648,0.48296850600410157,True,16.04755311568977,True,10.607225206781909,True,12.76456984983284,True,450.7979394931571,555.0,845.388549858919,5,TCGA-55-6970-01,TCGA-55-6970,Female,Stage IIIA,67,1:DECEASED,15.24,1,III,matched
TCGA-55-6971,TCGA-55-6971-01Z-00-DX1.6c790768-8252-466a-95e1-97d2086a8132,1,TCGA-55-6971-01,1,1;2,2,1,19.380933,0.9561347741370895,1.3927291012884901,58.20671886919846,41.79328113080155,stroma-low,0.4179328113080155,0.44056251387581574,True,38.07879282995676,True,14.050382222409041,True,23.79678411767993,True,888.0002120758642,888.0002120758642,888.0002120758642,2,TCGA-55-6971-01,TCGA-55-6971,Female,Stage IB,59,0:LIVING,45.99,0,I,matched
TCGA-55-6971,TCGA-55-6971-01Z-00-DX1.6c790768-8252-466a-95e1-97d2086a8132,2,TCGA-55-6971-01,2,3,1,0,0.271062,0.9545454554589179,0.7115967565118649,41.57502366165135,58.42497633834864,stroma-high,0.5842497633834864,0.7085858997275128,True,53.77707719123628,True,18.678078210329517,True,,False,,,,3,TCGA-55-6971-01,TCGA-55-6971,Female,Stage IB,59,0:LIVING,45.99,0,I,matched
TCGA-55-6979,TCGA-55-6979-01Z-00-DX1.9238436e-3886-4a10-86fe-26658967dff2,1,TCGA-55-6979-01,1,1,1,0,0.579087,0.7446808493033964,12.807738703374364,92.75768450227395,7.242315497726054,stroma-low,0.07242315497726054,0.1658347493889622,True,95.34597387963888,True,2.222764404352852,True,,False,,,,2,TCGA-55-6979-01,TCGA-55-6979,Female,Stage IIB,59,1:DECEASED,7.79,1,II,matched
TCGA-55-6979,TCGA-55-6979-01Z-00-DX1.9238436e-3886-4a10-86fe-26658967dff2,2,TCGA-55-6979-01,2,2,1,0,0.381951,1.0000000007883851,0.8844885750892253,46.93520495593067,53.064795044069335,stroma-high,0.5306479504406934,0.5941817774975957,True,37.3273303006013,True,13.278953372102684,True,,False,,,,3,TCGA-55-6979-01,TCGA-55-6979,Female,Stage IIB,59,1:DECEASED,7.79,1,II,matched
TCGA-55-6979,TCGA-55-6979-01Z-00-DX1.9238436e-3886-4a10-86fe-26658967dff2,3,TCGA-55-6979-01,3,3;4;5,3,2,1.626372,0.9015151495508634,0.35982007885814454,26.460859377829554,73.53914062217045,stroma-high,0.7353914062217045,0.7550238552175771,True,23.487839915753536,True,12.602052125002256,True,22.016669491812067,True,677.7562345676133,677.7562345676133,800.4722357662174,4,TCGA-55-6979-01,TCGA-55-6979,Female,Stage IIB,59,1:DECEASED,7.79,1,II,matched
TCGA-55-6979,TCGA-55-6979-01Z-00-DX1.9238436e-3886-4a10-86fe-26658967dff2,4,TCGA-55-6979-01,4,6;7;8,3,3,1.293705,0.8666666664011983,0.2514821283713913,20.094743877697717,79.90525612230228,stroma-high,0.7990525612230228,0.8026287084752751,True,25.099178900209708,True,21.80750755928572,True,21.421056806607762,True,450.01639062972737,351.04917188918205,888.0,5,TCGA-55-6979-01,TCGA-55-6979,Female,Stage IIB,59,1:DECEASED,7.79,1,II,matched
TCGA-55-6979,TCGA-55-6979-01Z-00-DX1.9238436e-3886-4a10-86fe-26658967dff2,5,TCGA-55-6979-01,5,9,1,0,0.332667,0.9259259289856008,0.8275544716157712,45.28206871361359,54.71793128638641,stroma-high,0.5471793128638641,0.6220075783766538,True,54.25620517791666,True,28.251716048058938,True,,False,,,,6,TCGA-55-6979-01,TCGA-55-6979,Female,Stage IIB,59,1:DECEASED,7.79,1,II,matched
TCGA-55-6979,TCGA-55-6979-01Z-00-DX1.9238436e-3886-4a10-86fe-26658967dff2,6,TCGA-55-6979-01,6,10;11;12;13,4,3,73.581012,0.9887809782102439,1.1074010206672045,52.54818659604713,47.451813403952855,stroma-low,0.4745181340395286,0.4824284958275933,True,26.510939938892434,True,7.311757918493478,True,21.254414221700443,True,185.0,111.0,333.0,7,TCGA-55-6979-01,TCGA-55-6979,Female,Stage IIB,59,1:DECEASED,7.79,1,II,matched
TCGA-55-7724,TCGA-55-7724-01Z-00-DX1.31a194ac-62e3-4225-8e32-8c2a83dcdd10,1,TCGA-55-7724-01,1,1,1,0,0.234099,0.947368425098064,0.4036446417828229,28.756896850340862,71.24310314965913,stroma-high,0.7124310314965914,0.7104057791095522,True,18.09126160658523,True,16.25363389832345,True,,False,,,,2,TCGA-55-7724-01,TCGA-55-7724,Female,Stage IB,76,0:LIVING,23.16,0,I,matched
TCGA-55-7724,TCGA-55-7724-01Z-00-DX1.31a194ac-62e3-4225-8e32-8c2a83dcdd10,2,TCGA-55-7724-01,2,2,1,0,0.763902,0.9354838729239477,0.6494270857778269,39.37288840334364,60.62711159665637,stroma-high,0.6062711159665637,0.5610158505067833,True,36.255932991542174,True,43.90542314789652,True,,False,,,,3,TCGA-55-7724-01,TCGA-55-7724,Female,Stage IB,76,0:LIVING,23.16,0,I,matched
TCGA-55-7724,TCGA-55-7724-01Z-00-DX1.31a194ac-62e3-4225-8e32-8c2a83dcdd10,3,TCGA-55-7724-01,3,3;4,2,1,1.552446,0.9841269844934672,0.8093113161813673,44.73035176110295,55.26964823889704,stroma-high,0.5526964823889704,0.6362819482281418,True,52.892721174950374,True,23.511680461149194,True,28.014913543896107,True,351.04917188918404,351.04917188918404,351.04917188918404,4,TCGA-55-7724-01,TCGA-55-7724,Female,Stage IB,76,0:LIVING,23.16,0,I,matched
TCGA-55-7726,TCGA-55-7726-01Z-00-DX1.37df197b-d4fb-41c4-ac6a-72dbaa31027b,1,TCGA-55-7726-01,1,1;2;3;4;5;6;7,7,8,16.177473,0.9581111953611232,0.5239117517370622,34.37940229412042,65.62059770587958,stroma-high,0.6562059770587958,0.6570868554915614,True,6.7271603282946,True,3.7055023329016805,True,0.36274468589997766,True,298.3977112456134,212.4980263284237,784.9291689270884,2,TCGA-55-7726-01,TCGA-55-7726,Female,Stage IA,72,0:LIVING,21.42,0,I,matched
TCGA-55-7995,TCGA-55-7995-01Z-00-DX1.fef24d04-35a0-4f57-8f51-7ad602a78871,1,TCGA-55-7995-01,1,1;2,2,1,36.691938,0.9435862994185604,1.9869845589237647,66.52142050709801,33.47857949290197,stroma-low,0.3347857949290197,0.31061956212551456,True,22.493551445611544,True,15.389712804929653,True,0.0,True,111.0,111.0,111.0,2,TCGA-55-7995-01,TCGA-55-7995,Female,Stage IA,73,0:LIVING,29.2,0,I,matched
TCGA-55-8096,TCGA-55-8096-01Z-00-DX1.c833417d-10c1-4430-a241-d6f5496e1cd9,1,TCGA-55-8096-01,1,1;2;4;5;6;7,6,5,32.441193,0.9779718956897083,0.9191981657319002,47.89490643251825,52.105093567481745,stroma-high,0.5210509356748174,0.5221101714793487,True,15.025860801390897,True,4.835142737300443,True,7.379806409932099,True,235.45154816665368,222.00084830193703,400.25604422939443,2,TCGA-55-8096-01,TCGA-55-8096,Female,Stage IB,67,1:DECEASED,23.62,1,I,matched
TCGA-55-8096,TCGA-55-8096-01Z-00-DX1.c833417d-10c1-4430-a241-d6f5496e1cd9,2,TCGA-55-8096-01,2,3,1,0,0.579087,0.7446808520759619,0.4791270045157423,32.39255338135117,67.60744661864884,stroma-high,0.6760744661864884,0.6959905947718156,True,24.34120577002877,True,7.826388626604669,True,,False,,,,3,TCGA-55-8096-01,TCGA-55-8096,Female,Stage IB,67,1:DECEASED,23.62,1,I,matched
TCGA-55-8204,TCGA-55-8204-01Z-00-DX1.30ba69f3-53f1-41cc-826c-20dce3cfe86b,1,TCGA-55-8204-01,1,1;2,2,1,0.998001,0.9135802444945265,0.2606712862283384,20.677181203056644,79.32281879694337,stroma-high,0.7932281879694336,0.7901998056095056,True,16.087761919649687,True,17.292201703038366,True,0.0,True,111.0,111.0,111.0,2,TCGA-55-8204-01,TCGA-55-8204,Female,Stage IB,87,0:LIVING,16.92,0,I,matched
TCGA-55-8204,TCGA-55-8204-01Z-00-DX1.30ba69f3-53f1-41cc-826c-20dce3cfe86b,2,TCGA-55-8204-01,2,3,1,0,0.344988,0.9642857129154956,0.20571904121144302,17.06193849312916,82.93806150687084,stroma-high,0.8293806150687084,0.8305322722918107,True,4.974520362879196,True,4.96020886322509,True,,False,,,,3,TCGA-55-8204-01,TCGA-55-8204,Female,Stage IB,87,0:LIVING,16.92,0,I,matched
TCGA-55-8299,TCGA-55-8299-01Z-00-DX1.6F652EC5-EBB8-499C-A66D-E0951FBFCAA2,1,TCGA-55-8299-01,1,1;2;3;4,4,6,2.183328,0.8869047626532542,0.31655725819243313,24.044321370955814,75.95567862904419,stroma-high,0.7595567862904419,0.7597697966399721,True,14.16124470002244,True,13.279124564826244,True,8.487558552056946,True,515.5743516909049,570.0003441581205,890.4089379634593,2,TCGA-55-8299-01,TCGA-55-8299,Female,Stage IA,61,1:DECEASED,15.41,1,I,matched
TCGA-55-8299,TCGA-55-8299-01Z-00-DX1.6F652EC5-EBB8-499C-A66D-E0951FBFCAA2,2,TCGA-55-8299-01,2,5;6;7;8;10,5,5,9.604044,0.9418132610484002,0.5154547138438306,34.013204692631206,65.98679530736878,stroma-high,0.6598679530736878,0.6698529048249066,True,20.74676809042431,True,11.13469460666245,True,33.81478920370034,True,434.83522593885857,342.0,806.1342443694977,3,TCGA-55-8299-01,TCGA-55-8299,Female,Stage IA,61,1:DECEASED,15.41,1,I,matched
TCGA-55-8299,TCGA-55-8299-01Z-00-DX1.6F652EC5-EBB8-499C-A66D-E0951FBFCAA2,3,TCGA-55-8299-01,3,9;11;12,3,2,3.11904,0.8625000019040422,0.6752459037715287,40.30727084610853,59.69272915389146,stroma-high,0.5969272915389147,0.5757721170993795,True,24.805143825697655,True,27.57202446984259,True,15.083085533629667,True,451.90168752389445,451.90168752389445,581.3220410167031,4,TCGA-55-8299-01,TCGA-55-8299,Female,Stage IA,61,1:DECEASED,15.41,1,I,matched
TCGA-55-8299,TCGA-55-8299-01Z-00-DX1.6F652EC5-EBB8-499C-A66D-E0951FBFCAA2,4,TCGA-55-8299-01,4,13,1,0,0.311904,0.6666666671541558,0.8179260660817153,44.99226241057428,55.00773758942572,stroma-high,0.5500773758942572,0.5304375377422798,True,30.5820353830275,True,37.66601041712294,True,,False,,,,5,TCGA-55-8299-01,TCGA-55-8299,Female,Stage IA,61,1:DECEASED,15.41,1,I,matched
TCGA-55-8299,TCGA-55-8299-01Z-00-DX1.6F652EC5-EBB8-499C-A66D-E0951FBFCAA2,5,TCGA-55-8299-01,5,14;16;18;19;20;21,6,5,4.730544,0.8956043945493667,0.493726067099971,33.05332068406136,66.94667931593864,stroma-high,0.6694667931593864,0.6669281417055787,True,23.78460923066708,True,23.65860750329818,True,14.230754690453221,True,334.1844052504301,342.0,644.9220262521503,6,TCGA-55-8299-01,TCGA-55-8299,Female,Stage IA,61,1:DECEASED,15.41,1,I,matched
TCGA-55-8299,TCGA-55-8299-01Z-00-DX1.6F652EC5-EBB8-499C-A66D-E0951FBFCAA2,6,TCGA-55-8299-01,6,15,1,0,0.831744,0.7499999967934627,4.000448326633736,80.00179314575195,19.998206854248053,stroma-low,0.19998206854248055,0.3274477769741506,True,62.49983667937941,True,28.1125245639187,True,,False,,,,7,TCGA-55-8299-01,TCGA-55-8299,Female,Stage IA,61,1:DECEASED,15.41,1,I,matched
TCGA-55-8299,TCGA-55-8299-01Z-00-DX1.6F652EC5-EBB8-499C-A66D-E0951FBFCAA2,7,TCGA-55-8299-01,7,17,1,0,0.311904,0.8333333344268491,0.7971035822326494,44.354904754146666,55.64509524585334,stroma-high,0.5564509524585334,0.5247908321197424,True,32.59435724241809,True,40.47195537503268,True,,False,,,,8,TCGA-55-8299-01,TCGA-55-8299,Female,Stage IA,61,1:DECEASED,15.41,1,I,matched
TCGA-55-8510,TCGA-55-8510-01Z-00-DX1.BB1EAC72-6215-400B-BCBF-E3D51A60182D,1,TCGA-55-8510-01,1,1,1,0,0.653013,0.9999999997501119,0.5609276146661314,35.93553021906841,64.06446978093159,stroma-high,0.6406446978093159,0.7446699620531567,True,68.67003781679534,True,46.19238969245779,True,,False,,,,2,TCGA-55-8510-01,TCGA-55-8510,Female,Stage IB,55,0:LIVING,17.71,0,I,matched
TCGA-55-8510,TCGA-55-8510-01Z-00-DX1.BB1EAC72-6215-400B-BCBF-E3D51A60182D,2,TCGA-55-8510-01,2,2;3;4;5,4,3,14.267718,0.951640759488981,0.7810407748689161,43.8530541181125,56.1469458818875,stroma-high,0.561469458818875,0.5494207011556845,True,34.61110471222134,True,17.754416325846805,True,38.24567423047701,True,370.01341112300366,333.0,555.040233369011,3,TCGA-55-8510-01,TCGA-55-8510,Female,Stage IB,55,0:LIVING,17.71,0,I,matched
TCGA-55-8511,TCGA-55-8511-01Z-00-DX1.8EDFB05B-5B59-46EA-973C-1048B1E284D2,1,TCGA-55-8511-01,1,1;2;3;4,4,4,30.087882,0.8972153969528035,1.1229027910176896,52.89468720700988,47.10531279299012,stroma-low,0.47105312792990117,0.4712423979076277,True,23.925310837525853,True,8.566102716603954,True,15.182027848600615,True,641.5502850253446,638.4060830454407,845.3885498589207,2,TCGA-55-8511-01,TCGA-55-8511,Female,Stage IB,73,0:LIVING,18.13,0,I,matched
TCGA-55-A493,TCGA-55-A493-01Z-00-DX1.1CF94B85-7A64-4213-9B04-16504512DE2E,1,TCGA-55-A493-01,1,1;2,2,1,32.293341,0.954597482152273,2.721925415239639,73.13218594049621,26.867814059503775,stroma-low,0.26867814059503775,0.2876533336148777,True,44.74189198347294,True,10.946621488274987,True,81.15296885053218,True,710.787183603143,710.787183603143,710.787183603143,2,TCGA-55-A493-01,TCGA-55-A493,Female,Stage IB,54,0:LIVING,0.92,0,I,matched
TCGA-55-A494,TCGA-55-A494-01Z-00-DX1.8C7C4BE0-791A-47CA-B0A8-1935366350E0,1,TCGA-55-A494-01,1,1,1,0,23.385258,0.9267650162049869,6.5678159203891875,86.7861479385908,13.213852061409195,stroma-low,0.13213852061409195,0.13252379960956026,True,4.1649275818967215,True,0.1424102575780142,True,,False,,,,2,TCGA-55-A494-01,TCGA-55-A494,Female,Stage IB,61,0:LIVING,15.8,0,I,matched
TCGA-55-A494,TCGA-55-A494-01Z-00-DX1.8C7C4BE0-791A-47CA-B0A8-1935366350E0,2,TCGA-55-A494-01,2,2,1,0,23.952024,0.9197530859023516,6.7548473328871985,87.10483963031557,12.89516036968443,stroma-low,0.1289516036968443,0.128976217538635,True,1.7465959663378348,True,0.13769033977936435,True,,False,,,,3,TCGA-55-A494-01,TCGA-55-A494,Female,Stage IB,61,0:LIVING,15.8,0,I,matched
TCGA-55-A494,TCGA-55-A494-01Z-00-DX1.8C7C4BE0-791A-47CA-B0A8-1935366350E0,3,TCGA-55-A494-01,3,3,1,0,59.535072,0.926324503428866,5.404592559698819,84.38620426391299,15.613795736087008,stroma-low,0.15613795736087008,0.15603232644397202,True,0.6339227825630426,True,0.2018413651109117,True,,False,,,,4,TCGA-55-A494-01,TCGA-55-A494,Female,Stage IB,61,0:LIVING,15.8,0,I,matched
TCGA-55-A494,TCGA-55-A494-01Z-00-DX1.8C7C4BE0-791A-47CA-B0A8-1935366350E0,4,TCGA-55-A494-01,4,4,1,0,51.353928,0.9304222648463988,3.919190252251543,79.67145101691699,20.328548983083017,stroma-low,0.20328548983083017,0.20315732856045918,True,0.09547789452161103,True,0.10804916763703892,True,,False,,,,5,TCGA-55-A494-01,TCGA-55-A494,Female,Stage IB,61,0:LIVING,15.8,0,I,matched
TCGA-62-A46O,TCGA-62-A46O-01Z-00-DX1.39B361AD-ED1D-4C0C-8611-0E8CCBDBD252,1,TCGA-62-A46O-01,1,1,1,0,0.4826859375,0.9743589705320072,0.4531633275695717,31.18461077100612,68.81538922899388,stroma-high,0.6881538922899387,0.7056859989637014,True,27.309826779529477,True,17.1776881911707,True,,False,,,,2,TCGA-62-A46O-01,TCGA-62-A46O,Female,Stage IB,65,1:DECEASED,47.77,1,I,matched
TCGA-62-A46O,TCGA-62-A46O-01Z-00-DX1.39B361AD-ED1D-4C0C-8611-0E8CCBDBD252,2,TCGA-62-A46O-01,2,2,1,0,3.341671875,1.000000000376329,1.3895592520773654,58.15127835266486,41.84872164733513,stroma-low,0.41848721647335135,0.45428527534256824,True,25.507074272671016,True,2.9435344706106776,True,,False,,,,3,TCGA-62-A46O-01,TCGA-62-A46O,Female,Stage IB,65,1:DECEASED,47.77,1,I,matched
TCGA-62-A46O,TCGA-62-A46O-01Z-00-DX1.39B361AD-ED1D-4C0C-8611-0E8CCBDBD252,3,TCGA-62-A46O-01,3,3,1,0,0.2351546875,0.8947368406504546,0.7797289826935491,43.811669657335145,56.18833034266486,stroma-high,0.5618833034266486,0.6403031381326383,True,48.27520745309778,True,13.99419537820589,True,,False,,,,4,TCGA-62-A46O-01,TCGA-62-A46O,Female,Stage IB,65,1:DECEASED,47.77,1,I,matched
TCGA-62-A46O,TCGA-62-A46O-01Z-00-DX1.39B361AD-ED1D-4C0C-8611-0E8CCBDBD252,4,TCGA-62-A46O-01,4,4,1,0,131.166809375,0.9592375922084743,2.0279037456262095,66.97385108610223,33.026148913897764,stroma-low,0.3302614891389776,0.3331121026240279,True,13.768822462286392,True,1.9696721573776967,True,,False,,,,5,TCGA-62-A46O-01,TCGA-62-A46O,Female,Stage IB,65,1:DECEASED,47.77,1,I,matched
TCGA-62-A46O,TCGA-62-A46O-01Z-00-DX1.39B361AD-ED1D-4C0C-8611-0E8CCBDBD252,5,TCGA-62-A46O-01,5,5,1,0,7.2279125,0.9999999992860436,19.723655206143487,95.17459642108139,4.825403578918607,stroma-low,0.04825403578918607,0.04823993745005313,True,0.0,True,0.032131079260853845,True,,False,,,,6,TCGA-62-A46O-01,TCGA-62-A46O,Female,Stage IB,65,1:DECEASED,47.77,1,I,matched
TCGA-62-A46O,TCGA-62-A46O-01Z-00-DX1.39B361AD-ED1D-4C0C-8611-0E8CCBDBD252,6,TCGA-62-A46O-01,6,6,1,0,0.44555625,0.9999999994850239,410.2707702059866,99.75685118602055,0.24314881397944865,stroma-low,0.0024314881397944866,0.0024314881397944866,True,,False,0.0,True,,False,,,,7,TCGA-62-A46O-01,TCGA-62-A46O,Female,Stage IB,65,1:DECEASED,47.77,1,I,matched
TCGA-62-A46O,TCGA-62-A46O-01Z-00-DX1.39B361AD-ED1D-4C0C-8611-0E8CCBDBD252,7,TCGA-62-A46O-01,7,7,1,0,0.5074390625,0.9268292683205445,1.4356066950960413,58.94246792745953,41.05753207254047,stroma-low,0.41057532072540465,0.4220583333834694,True,7.055414295118251,True,0.04924173527829032,True,,False,,,,8,TCGA-62-A46O-01,TCGA-62-A46O,Female,Stage IB,65,1:DECEASED,47.77,1,I,matched
TCGA-64-1677,TCGA-64-1677-01Z-00-DX1.7720D42B-1F57-4C23-9BC5-87C456E7737B,1,TCGA-64-1677-01,1,1,1,0,0.53968475,0.9999999982785744,0.29172102718186516,22.58390326108649,77.41609673891351,stroma-high,0.7741609673891351,0.7836987043788346,True,6.66557847970828,True,0.5152071628005636,True,,False,,,,2,TCGA-64-1677-01,TCGA-64-1677,Female,Stage IIIA,77,1:DECEASED,20.63,1,III,matched
TCGA-64-1677,TCGA-64-1677-01Z-00-DX1.7720D42B-1F57-4C23-9BC5-87C456E7737B,2,TCGA-64-1677-01,2,2;3;4;5;8;9;10;12;15;18;19;20;22;23;25;26;27;28;29;30;32;33;34,23,34,26.2851004375,0.9916005606177786,0.39791912200567325,28.465103291151518,71.53489670884848,stroma-high,0.7153489670884848,0.715703851658943,True,4.352475567812898,True,3.1389960677338338,True,4.72847266001071,True,418.8153843673861,374.80662944295455,996.75,3,TCGA-64-1677-01,TCGA-64-1677,Female,Stage IIIA,77,1:DECEASED,20.63,1,III,matched
TCGA-64-1677,TCGA-64-1677-01Z-00-DX1.7720D42B-1F57-4C23-9BC5-87C456E7737B,3,TCGA-64-1677-01,3,6,1,0,0.6746059375,0.9999999981999611,0.4829007904837063,32.56460537229799,67.43539462770201,stroma-high,0.6743539462770202,0.6743147700958667,True,0.5479139888257867,True,0.43493185670846235,True,,False,,,,4,TCGA-64-1677-01,TCGA-64-1677,Female,Stage IIIA,77,1:DECEASED,20.63,1,III,matched
TCGA-64-1677,TCGA-64-1677-01Z-00-DX1.7720D42B-1F57-4C23-9BC5-87C456E7737B,4,TCGA-64-1677-01,4,7,1,0,0.44156025,0.7499999992306685,0.4935928197514071,33.047348194507286,66.9526518054927,stroma-high,0.6695265180549271,0.669578575370366,True,0.06410222684096835,True,0.001987387800095568,True,,False,,,,5,TCGA-64-1677-01,TCGA-64-1677,Female,Stage IIIA,77,1:DECEASED,20.63,1,III,matched
TCGA-64-1677,TCGA-64-1677-01Z-00-DX1.7720D42B-1F57-4C23-9BC5-87C456E7737B,5,TCGA-64-1677-01,5,11,1,0,0.4783569375,0.9743589779484467,0.5571364430636536,35.779551981166925,64.22044801883308,stroma-high,0.6422044801883308,0.641065803490769,True,0.014379721923599827,True,0.5770744166755787,True,,False,,,,6,TCGA-64-1677-01,TCGA-64-1677,Female,Stage IIIA,77,1:DECEASED,20.63,1,III,matched
TCGA-64-1677,TCGA-64-1677-01Z-00-DX1.7720D42B-1F57-4C23-9BC5-87C456E7737B,6,TCGA-64-1677-01,6,13;14;16;17;21;24;31,7,8,3.7655276875,0.9543973943933267,0.305058609459644,23.375088846465886,76.62491115353411,stroma-high,0.7662491115353411,0.7664465415470451,True,1.4437232667028268,True,1.2467229411946938,True,2.0734199561483804,True,462.9220050480369,322.7694729378304,952.7476121828565,7,TCGA-64-1677-01,TCGA-64-1677,Female,Stage IIIA,77,1:DECEASED,20.63,1,III,matched
TCGA-64-1677,TCGA-64-1677-01Z-00-DX1.7720D42B-1F57-4C23-9BC5-87C456E7737B,7,TCGA-64-1677-01,7,35;36,2,1,1.1161661875,0.8571428570158877,0.40852052768052777,29.003519625891172,70.99648037410883,stroma-high,0.7099648037410883,0.7092350628043251,True,0.6301436405104821,True,1.0017438418984934,True,0.1022740372094491,True,332.250566811826,332.250566811826,332.250566811826,8,TCGA-64-1677-01,TCGA-64-1677,Female,Stage IIIA,77,1:DECEASED,20.63,1,III,matched
TCGA-64-1677,TCGA-64-1677-01Z-00-DX1.7720D42B-1F57-4C23-9BC5-87C456E7737B,8,TCGA-64-1677-01,8,37,1,0,0.3557013125,0.9310344817731048,0.20778228988136238,17.203621184226204,82.79637881577379,stroma-high,0.827963788157738,0.8265868673873109,True,0.0,True,1.326425071859545,True,,False,,,,9,TCGA-64-1677-01,TCGA-64-1677,Female,Stage IIIA,77,1:DECEASED,20.63,1,III,matched
TCGA-64-1677,TCGA-64-1677-01Z-00-DX1.7720D42B-1F57-4C23-9BC5-87C456E7737B,9,TCGA-64-1677-01,9,38;40;41;43;46;47;48,7,7,33.4236578125,0.9743119264756501,0.6216682419597894,38.335106150226025,61.66489384977398,stroma-high,0.6166489384977398,0.6165029623087801,True,4.131739635861079,True,2.1392526736449464,True,4.938928128418684,True,491.2903919000559,350.25860247520137,990.6166703221442,10,TCGA-64-1677-01,TCGA-64-1677,Female,Stage IIIA,77,1:DECEASED,20.63,1,III,matched
TCGA-64-1677,TCGA-64-1677-01Z-00-DX1.7720D42B-1F57-4C23-9BC5-87C456E7737B,10,TCGA-64-1677-01,10,39;42,2,1,0.8463238125,0.8405797057643792,0.30107994737598137,23.140772247178163,76.85922775282184,stroma-high,0.7685922775282183,0.7693399323628192,True,2.788480051432944,True,2.782464828699058,True,0.0,True,700.4808531030711,700.4808531030711,700.4808531030711,11,TCGA-64-1677-01,TCGA-64-1677,Female,Stage IIIA,77,1:DECEASED,20.63,1,III,matched
TCGA-64-1677,TCGA-64-1677-01Z-00-DX1.7720D42B-1F57-4C23-9BC5-87C456E7737B,11,TCGA-64-1677-01,11,44,1,0,0.44156025,1.00000000273576,0.16767364951284425,14.35963289766777,85.64036710233222,stroma-high,0.8564036710233223,0.8483948268784831,True,1.7630355867505867,True,9.838634674388654,True,,False,,,,12,TCGA-64-1677-01,TCGA-64-1677,Female,Stage IIIA,77,1:DECEASED,20.63,1,III,matched
TCGA-64-1677,TCGA-64-1677-01Z-00-DX1.7720D42B-1F57-4C23-9BC5-87C456E7737B,12,TCGA-64-1677-01,12,45,1,0,0.466091375,0.8684210531277322,0.8093055479982013,44.73017555788791,55.26982444211209,stroma-high,0.5526982444211209,0.5622218116358922,True,9.194987870674927,True,3.9774499105978682,True,,False,,,,13,TCGA-64-1677-01,TCGA-64-1677,Female,Stage IIIA,77,1:DECEASED,20.63,1,III,matched
TCGA-64-1678,TCGA-64-1678-01Z-00-DX1.92C851BD-37AC-4C4C-9920-DF394411CC2C,1,TCGA-64-1678-01,1,1,1,0,0.2330456875,0.9999999986030161,0.6983610836759052,41.11970595583737,58.88029404416263,stroma-high,0.5888029404416263,0.5888029404416263,True,0.0,True,0.0,True,,False,,,,2,TCGA-64-1678-01,TCGA-64-1678,Female,[Discrepancy],70,0:LIVING,39.06,0,,matched
TCGA-64-1678,TCGA-64-1678-01Z-00-DX1.92C851BD-37AC-4C4C-9920-DF394411CC2C,2,TCGA-64-1678-01,2,2,1,0,0.417029125,0.8529411785014365,0.36366149396976577,26.668018095246488,73.3319819047535,stroma-high,0.7333198190475351,0.7332766330707715,True,0.0018936873511851751,True,0.026332001977767704,True,,False,,,,3,TCGA-64-1678-01,TCGA-64-1678,Female,[Discrepancy],70,0:LIVING,39.06,0,,matched
TCGA-64-1678,TCGA-64-1678-01Z-00-DX1.92C851BD-37AC-4C4C-9920-DF394411CC2C,3,TCGA-64-1678-01,3,3;4;5;6;9;10;12;13;17;19;20;24,12,19,8.0094123125,0.9969372126845287,0.3074805448140239,23.517026393517767,76.48297360648223,stroma-high,0.7648297360648223,0.7621809811315824,True,0.24533071801008882,True,1.905957058511307,True,7.588218883654773e-05,True,487.55936238769925,443.00042510902813,939.785554006942,4,TCGA-64-1678-01,TCGA-64-1678,Female,[Discrepancy],70,0:LIVING,39.06,0,,matched
TCGA-64-1678,TCGA-64-1678-01Z-00-DX1.92C851BD-37AC-4C4C-9920-DF394411CC2C,4,TCGA-64-1678-01,4,7;8;14;15;18;21;23,7,9,4.85716275,0.9343434348191323,0.32646669982755006,24.61175239981471,75.38824760018528,stroma-high,0.7538824760018529,0.754060766774416,True,0.3115909580053585,True,0.1551749554826936,True,0.0,True,342.4772307522816,221.5,865.0256265169861,5,TCGA-64-1678-01,TCGA-64-1678,Female,[Discrepancy],70,0:LIVING,39.06,0,,matched
TCGA-64-1678,TCGA-64-1678-01Z-00-DX1.92C851BD-37AC-4C4C-9920-DF394411CC2C,5,TCGA-64-1678-01,5,11,1,0,0.1349211875,0.6363636372102932,1.113025146066223,52.674486535965734,47.32551346403426,stroma-low,0.4732551346403426,0.47305162387331345,True,,False,0.08160635608911466,True,,False,,,,6,TCGA-64-1678-01,TCGA-64-1678,Female,[Discrepancy],70,0:LIVING,39.06,0,,matched
TCGA-64-1678,TCGA-64-1678-01Z-00-DX1.92C851BD-37AC-4C4C-9920-DF394411CC2C,6,TCGA-64-1678-01,6,16,1,0,0.269842375,0.8636363597774602,0.2056672339907121,17.05837466528484,82.94162533471517,stroma-high,0.8294162533471516,0.8294162533471516,True,0.0,True,0.0,True,,False,,,,7,TCGA-64-1678-01,TCGA-64-1678,Female,[Discrepancy],70,0:LIVING,39.06,0,,matched
TCGA-64-1678,TCGA-64-1678-01Z-00-DX1.92C851BD-37AC-4C4C-9920-DF394411CC2C,7,TCGA-64-1678-01,7,22,1,0,0.3802324375,0.9999999934842626,0.3665606795327541,26.82359334808947,73.17640665191053,stroma-high,0.7317640665191053,0.7291939363237792,True,0.0,True,1.5741698848074737,True,,False,,,,8,TCGA-64-1678-01,TCGA-64-1678,Female,[Discrepancy],70,0:LIVING,39.06,0,,matched
TCGA-64-1678,TCGA-64-1678-01Z-00-DX1.92C851BD-37AC-4C4C-9920-DF394411CC2C,8,TCGA-64-1678-01,8,25;27;28;29,4,3,12.21650025,0.9508032123525624,0.41501407195262163,29.32932471688645,70.67067528311355,stroma-high,0.7067067528311356,0.7056696730501745,True,0.7879953342377328,True,1.011941039028146,True,4.3439052097116955,True,362.846409760585,313.28894587566083,664.5002834060944,9,TCGA-64-1678-01,TCGA-64-1678,Female,[Discrepancy],70,0:LIVING,39.06,0,,matched
TCGA-64-1678,TCGA-64-1678-01Z-00-DX1.92C851BD-37AC-4C4C-9920-DF394411CC2C,9,TCGA-64-1678-01,9,26,1,0,0.2085145625,0.9999999913163585,0.38148992072109894,27.614383210408946,72.38561678959105,stroma-high,0.7238561678959106,0.7193871932828253,True,5.0307642488013675,True,5.735249969027474,True,,False,,,,10,TCGA-64-1678-01,TCGA-64-1678,Female,[Discrepancy],70,0:LIVING,39.06,0,,matched
TCGA-64-1679,TCGA-64-1679-01Z-00-DX1.f9fd24ef-d51c-4530-9fb5-e8a8f09dba73,1,TCGA-64-1679-01,1,1;2;5;6;7;14;15;17,8,11,9.647343,0.98595146858486,0.29430848636435775,22.73866620399394,77.26133379600606,stroma-high,0.7726133379600606,0.7660510819631765,True,9.780835259101146,True,13.2731100294065,True,7.8646245032122035,True,555.0694624381388,702.0619919326242,941.9068743505003,2,TCGA-64-1679-01,TCGA-64-1679,Female,Stage IIIA,58,0:LIVING,81.73,0,III,matched
TCGA-64-1679,TCGA-64-1679-01Z-00-DX1.f9fd24ef-d51c-4530-9fb5-e8a8f09dba73,2,TCGA-64-1679-01,2,3;4;8;9;10;11;12;13;16;18;19,11,13,19.072908,0.9857881134194418,0.36687153344597634,26.84023512590596,73.15976487409405,stroma-high,0.7315976487409405,0.7180340598525866,True,7.174505226538384,True,12.164950817618095,True,5.235216799178692,True,377.7561418868679,248.24210204153636,845.388549858921,3,TCGA-64-1679-01,TCGA-64-1679,Female,Stage IIIA,58,0:LIVING,81.73,0,III,matched
TCGA-64-1679,TCGA-64-1679-01Z-00-DX1.f9fd24ef-d51c-4530-9fb5-e8a8f09dba73,3,TCGA-64-1679-01,3,20,1,0,0.271062,0.9999999943796535,0.4057760587794473,28.864914596124137,71.13508540387586,stroma-high,0.7113508540387586,0.7077684616988065,True,20.52674285460789,True,16.2543597996804,True,,False,,,,4,TCGA-64-1679-01,TCGA-64-1679,Female,Stage IIIA,58,0:LIVING,81.73,0,III,matched
TCGA-64-1679,TCGA-64-1679-01Z-00-DX1.f9fd24ef-d51c-4530-9fb5-e8a8f09dba73,4,TCGA-64-1679-01,4,21;22;23;24;25,5,7,6.998328,0.9419014088971861,0.42074614577384745,29.614449212155126,70.38555078784489,stroma-high,0.7038555078784489,0.6958616033789254,True,12.4859202922703,True,12.440917711870224,True,8.66784435108719,True,519.8587352887331,333.000565535225,999.000188511884,5,TCGA-64-1679-01,TCGA-64-1679,Female,Stage IIIA,58,0:LIVING,81.73,0,III,matched
TCGA-64-1679,TCGA-64-1679-01Z-00-DX1.f9fd24ef-d51c-4530-9fb5-e8a8f09dba73,5,TCGA-64-1679-01,5,26;27;28;29;30,5,5,8.057934,0.9862385329396371,0.40093372469309024,28.61903583489824,71.38096416510176,stroma-high,0.7138096416510176,0.7054291349085953,True,9.235291110448411,True,10.943368685683916,True,1.7230594958953986,True,168.8512088458786,111.0,400.2560442293929,6,TCGA-64-1679-01,TCGA-64-1679,Female,Stage IIIA,58,0:LIVING,81.73,0,III,matched
TCGA-67-3771,TCGA-67-3771-01Z-00-DX1.7B54D132-6AB7-4F2D-8BFF-33AFE83CF204,1,TCGA-67-3771-01,1,1;2;5;7,4,3,1.7049131875,0.9208633074637005,0.20270154923283476,16.85385284172384,83.14614715827616,stroma-high,0.8314614715827616,0.8337523652458445,True,2.0602294730635693,True,0.04826461445616447,True,0.0,True,482.2258505948568,443.00042510902813,892.9271266755422,2,TCGA-67-3771-01,TCGA-67-3771,Female,Stage IA,77,0:LIVING,20.04,0,I,matched
TCGA-67-3771,TCGA-67-3771-01Z-00-DX1.7B54D132-6AB7-4F2D-8BFF-33AFE83CF204,2,TCGA-67-3771-01,2,3,1,0,0.564215875,0.9999999997738126,0.23761655640105495,19.199529545082644,80.80047045491736,stroma-high,0.8080047045491736,0.8199874079486607,True,10.686030074740891,True,0.23687521668600298,True,,False,,,,3,TCGA-67-3771-01,TCGA-67-3771,Female,Stage IA,77,0:LIVING,20.04,0,I,matched
TCGA-67-3771,TCGA-67-3771-01Z-00-DX1.7B54D132-6AB7-4F2D-8BFF-33AFE83CF204,3,TCGA-67-3771-01,3,4;11,2,1,42.5982985625,0.9625683842545925,1.152069555155047,53.53310037751292,46.466899622487084,stroma-low,0.46466899622487084,0.4659933451449446,True,9.559210665242416,True,3.5371984355261086,True,37.16722130775452,True,110.75,110.75,110.75,4,TCGA-67-3771-01,TCGA-67-3771,Female,Stage IA,77,0:LIVING,20.04,0,I,matched
TCGA-67-3771,TCGA-67-3771-01Z-00-DX1.7B54D132-6AB7-4F2D-8BFF-33AFE83CF204,4,TCGA-67-3771-01,4,6;8;9;12;13;15,6,5,44.033369375,0.9649025072650159,1.0766584894770488,51.84571728730305,48.15428271269695,stroma-low,0.48154282712696944,0.48419238799264486,True,9.95567647315573,True,3.601772390599789,True,0.42105559912444906,True,516.2180827042883,469.9130979084811,996.7501889374186,5,TCGA-67-3771-01,TCGA-67-3771,Female,Stage IA,77,0:LIVING,20.04,0,I,matched
TCGA-67-3771,TCGA-67-3771-01Z-00-DX1.7B54D132-6AB7-4F2D-8BFF-33AFE83CF204,5,TCGA-67-3771-01,5,10,1,0,0.196249,0.6874999982637745,0.48794687627529343,32.79329954956104,67.20670045043896,stroma-high,0.6720670045043896,0.7214229883706301,True,26.216337703039333,True,0.05540375298979426,True,,False,,,,6,TCGA-67-3771-01,TCGA-67-3771,Female,Stage IA,77,0:LIVING,20.04,0,I,matched
TCGA-67-3771,TCGA-67-3771-01Z-00-DX1.7B54D132-6AB7-4F2D-8BFF-33AFE83CF204,6,TCGA-67-3771-01,6,14,1,0,0.2575768125,0.7619047637359645,0.22248731256482687,18.199560050896537,81.80043994910346,stroma-high,0.8180043994910347,0.8180009598509866,True,0.0,True,0.0028125764726718776,True,,False,,,,7,TCGA-67-3771-01,TCGA-67-3771,Female,Stage IA,77,0:LIVING,20.04,0,I,matched
TCGA-69-7974,TCGA-69-7974-01Z-00-DX1.e4282067-fc3d-4fee-bae7-fe99000979d4,1,TCGA-69-7974-01,1,1;2;3,3,3,99.947952,0.9714003945901865,1.2675575943438058,55.899686848334106,44.10031315166588,stroma-low,0.4410031315166588,0.4299211486613416,True,11.485863745548633,True,6.167069502544666,True,0.3402381606447337,True,178.6653508856149,111.00000000000001,313.9960526568448,2,TCGA-69-7974-01,TCGA-69-7974,Female,Stage IIIA,54,0:LIVING,6.04,0,III,matched
TCGA-69-A59K,TCGA-69-A59K-01Z-00-DX1.01EAF520-9AC1-4ECC-8EF3-B9122924A1E3,1,TCGA-69-A59K-01,1,1,1,0,0.24476275,0.9999999939954203,0.5797907003084022,36.7004755880141,63.2995244119859,stroma-high,0.632995244119859,0.6387156872829697,True,6.5156899079815425,True,4.213879051500006,True,,False,,,,2,TCGA-69-A59K-01,TCGA-69-A59K,Female,Stage IIB,60,0:LIVING,19.42,0,II,matched
TCGA-69-A59K,TCGA-69-A59K-01Z-00-DX1.01EAF520-9AC1-4ECC-8EF3-B9122924A1E3,2,TCGA-69-A59K-01,2,2;4;5,3,2,160.1778965,0.9786070449078347,2.9555314926310383,74.71894733077082,25.281052669229183,stroma-low,0.2528105266922918,0.25376273657019655,True,24.82120604770256,True,5.76818759036726,True,4.940736176754306,True,183.66613598897814,183.66613598897814,253.83227197795628,3,TCGA-69-A59K-01,TCGA-69-A59K,Female,Stage IIB,60,0:LIVING,19.42,0,II,matched
TCGA-69-A59K,TCGA-69-A59K-01Z-00-DX1.01EAF520-9AC1-4ECC-8EF3-B9122924A1E3,3,TCGA-69-A59K-01,3,3,1,0,0.154587,0.9999999923443283,0.26603644562717765,21.01333232120239,78.9866676787976,stroma-high,0.7898666767879761,0.7821289952456225,True,3.223580932409218,True,6.89139451778207,True,,False,,,,4,TCGA-69-A59K-01,TCGA-69-A59K,Female,Stage IIB,60,0:LIVING,19.42,0,II,matched
TCGA-69-A59K,TCGA-69-A59K-01Z-00-DX1.01EAF520-9AC1-4ECC-8EF3-B9122924A1E3,4,TCGA-69-A59K-01,4,6,1,0,0.2318805,0.9999999990419989,1.1976844548009646,54.49756229492163,45.502437705078364,stroma-low,0.45502437705078363,0.5817399820771284,True,46.147707833260796,True,7.610705275094665,True,,False,,,,5,TCGA-69-A59K-01,TCGA-69-A59K,Female,Stage IIB,60,0:LIVING,19.42,0,II,matched
TCGA-73-4666,TCGA-73-4666-01Z-00-DX1.dd9c8922-ddd1-4674-8124-9e334532e47e,1,TCGA-73-4666-01,1,1,1,0,0.135531,0.9090909101492302,1.7570359819015715,63.72916398028712,36.27083601971288,stroma-low,0.3627083601971288,0.43948017673232426,True,50.85680949467554,True,22.33265362025486,True,,False,,,,2,TCGA-73-4666-01,TCGA-73-4666,Female,Stage IV,52,0:LIVING,26.28,0,IV,matched
TCGA-73-4666,TCGA-73-4666-01Z-00-DX1.dd9c8922-ddd1-4674-8124-9e334532e47e,2,TCGA-73-4666-01,2,2;3;4;7;8;9;10,7,7,55.851093,1.0000000003341096,2.1370496246408126,68.12291421387705,31.877085786122954,stroma-low,0.31877085786122955,0.35343140567986303,True,48.01516649420973,True,6.794768617601502,True,44.72900973183155,True,244.25543312929693,222.0,710.7871836031414,3,TCGA-73-4666-01,TCGA-73-4666,Female,Stage IV,52,0:LIVING,26.28,0,IV,matched
TCGA-73-4666,TCGA-73-4666-01Z-00-DX1.dd9c8922-ddd1-4674-8124-9e334532e47e,3,TCGA-73-4666-01,3,5,1,0,5.334993,0.9284064667379544,2.222027960205664,68.96364611509549,31.036353884904504,stroma-low,0.31036353884904505,0.3310158623211465,True,37.252479123642345,True,11.127137214445888,True,,False,,,,4,TCGA-73-4666-01,TCGA-73-4666,Female,Stage IV,52,0:LIVING,26.28,0,IV,matched
TCGA-73-4666,TCGA-73-4666-01Z-00-DX1.dd9c8922-ddd1-4674-8124-9e334532e47e,4,TCGA-73-4666-01,4,6,1,0,0.837828,1.0000000054417209,0.9506600410681897,48.735300926531735,51.264699073468265,stroma-high,0.5126469907346827,0.6357344964715437,True,50.58579111404751,True,5.295123454535075,True,,False,,,,5,TCGA-73-4666-01,TCGA-73-4666,Female,Stage IV,52,0:LIVING,26.28,0,IV,matched
TCGA-73-4668,TCGA-73-4668-01Z-00-DX1.3470b27e-210f-4ff3-9dde-69aa85faa9ee,1,TCGA-73-4668-01,1,1;3;4;6;7;8;9;10;11;12;13;14;15;16;17;18;19;21,18,24,87.454458,0.95872076676607,0.7250492850005796,42.030641750640534,57.96935824935946,stroma-high,0.5796935824935946,0.5668274729910724,True,9.067224586967795,True,8.634262973087935,True,7.014303244323066,True,506.16696163794927,450.8497874928887,999.0000000000001,2,TCGA-73-4668-01,TCGA-73-4668,Female,Stage IIB,66,0:LIVING,15.34,0,II,matched
TCGA-73-4668,TCGA-73-4668-01Z-00-DX1.3470b27e-210f-4ff3-9dde-69aa85faa9ee,2,TCGA-73-4668-01,2,2,1,0,0.197136,0.7500000050063136,0.5245407498132656,34.40647617175955,65.59352382824045,stroma-high,0.6559352382824045,0.6543953207592508,True,2.2791149111713453,True,2.3957992504178596,True,,False,,,,3,TCGA-73-4668-01,TCGA-73-4668,Female,Stage IIB,66,0:LIVING,15.34,0,II,matched
TCGA-73-4668,TCGA-73-4668-01Z-00-DX1.3470b27e-210f-4ff3-9dde-69aa85faa9ee,3,TCGA-73-4668-01,3,5,1,0,0.234099,0.9473684222935653,1.0442352355189024,51.08195071561013,48.918049284389866,stroma-low,0.4891804928438987,0.5248130392612531,True,33.63078073662153,True,24.659737763563292,True,,False,,,,4,TCGA-73-4668-01,TCGA-73-4668,Female,Stage IIB,66,0:LIVING,15.34,0,II,matched
TCGA-73-4668,TCGA-73-4668-01Z-00-DX1.3470b27e-210f-4ff3-9dde-69aa85faa9ee,4,TCGA-73-4668-01,4,20,1,0,0.406593,0.7878787906482819,0.662765424961565,39.85922578206633,60.14077421793367,stroma-high,0.6014077421793367,0.5899817502139749,True,4.964725084683743,True,8.063542155445793,True,,False,,,,5,TCGA-73-4668-01,TCGA-73-4668,Female,Stage IIB,66,0:LIVING,15.34,0,II,matched
TCGA-73-4670,TCGA-73-4670-01Z-00-DX1.a92a23d5-01aa-45a2-9f83-4784cd65fd58,1,TCGA-73-4670-01,1,1,1,0,0.258741,0.761904762765837,0.1957833269756368,16.37280956833626,83.62719043166373,stroma-high,0.8362719043166373,0.8488431095968375,True,20.508163606140215,True,9.66281138068361,True,,False,,,,2,TCGA-73-4670-01,TCGA-73-4670,Female,Stage IV,69,0:LIVING,4.3,0,IV,matched
TCGA-73-4670,TCGA-73-4670-01Z-00-DX1.a92a23d5-01aa-45a2-9f83-4784cd65fd58,2,TCGA-73-4670-01,2,2,1,0,0.234099,1.0000000049664155,0.29115768413450943,22.550125961545792,77.44987403845421,stroma-high,0.7744987403845421,0.8296591892328062,True,36.74338659573742,True,2.083722108128563,True,,False,,,,3,TCGA-73-4670-01,TCGA-73-4670,Female,Stage IV,69,0:LIVING,4.3,0,IV,matched
TCGA-73-4670,TCGA-73-4670-01Z-00-DX1.a92a23d5-01aa-45a2-9f83-4784cd65fd58,3,TCGA-73-4670-01,3,3,1,0,0.332667,0.9259259266381613,0.8092114530349539,44.72730103921799,55.27269896078201,stroma-high,0.5527269896078201,0.5959729753319325,True,17.043824439504533,True,0.0,True,,False,,,,4,TCGA-73-4670-01,TCGA-73-4670,Female,Stage IV,69,0:LIVING,4.3,0,IV,matched
TCGA-73-4670,TCGA-73-4670-01Z-00-DX1.a92a23d5-01aa-45a2-9f83-4784cd65fd58,4,TCGA-73-4670-01,4,4,1,0,0.332667,1.000000002245172,0.24470212995705176,19.659493148412558,80.34050685158743,stroma-high,0.8034050685158743,0.8524969382305508,True,48.451530894091654,True,20.524904311256307,True,,False,,,,5,TCGA-73-4670-01,TCGA-73-4670,Female,Stage IV,69,0:LIVING,4.3,0,IV,matched
TCGA-73-4670,TCGA-73-4670-01Z-00-DX1.a92a23d5-01aa-45a2-9f83-4784cd65fd58,5,TCGA-73-4670-01,5,5;6;7;8;9;10;12;13,8,7,17.323326,0.9978662874470746,1.4323894336554357,58.88816214362586,41.111837856374144,stroma-low,0.41111837856374145,0.5133450728911263,True,64.57487712768838,True,18.923134244542403,True,61.93996345072671,True,449.8662677394721,333.0,999.0,6,TCGA-73-4670-01,TCGA-73-4670,Female,Stage IV,69,0:LIVING,4.3,0,IV,matched
TCGA-73-4670,TCGA-73-4670-01Z-00-DX1.a92a23d5-01aa-45a2-9f83-4784cd65fd58,6,TCGA-73-4670-01,6,11,1,0,0.49284,0.8750000017991625,0.7656751421665574,43.36444025751203,56.63555974248796,stroma-high,0.5663555974248796,0.5994977304913307,True,25.06573322239313,True,12.741249345863794,True,,False,,,,7,TCGA-73-4670-01,TCGA-73-4670,Female,Stage IV,69,0:LIVING,4.3,0,IV,matched
TCGA-73-4670,TCGA-73-4670-01Z-00-DX1.a92a23d5-01aa-45a2-9f83-4784cd65fd58,7,TCGA-73-4670-01,7,14,1,0,0.283383,0.9999999985655291,2.1996661870726464,68.7467397680352,31.25326023196481,stroma-low,0.3125326023196481,0.6834946976235506,True,83.49470151184796,True,22.49261302620667,True,,False,,,,8,TCGA-73-4670-01,TCGA-73-4670,Female,Stage IV,69,0:LIVING,4.3,0,IV,matched
TCGA-73-4670,TCGA-73-4670-01Z-00-DX1.a92a23d5-01aa-45a2-9f83-4784cd65fd58,8,TCGA-73-4670-01,8,15,1,0,0.61605,0.9200000018702849,1.2049081231082786,54.6466363147009,45.3533636852991,stroma-low,0.45353363685299103,0.445281879739606,True,13.56766558323519,True,15.845922298270237,True,,False,,,,9,TCGA-73-4670-01,TCGA-73-4670,Female,Stage IV,69,0:LIVING,4.3,0,IV,matched
TCGA-73-7499,TCGA-73-7499-01Z-00-DX1.81f5c1c1-3d40-4773-a1fb-e1f8eb9f6730,1,TCGA-73-7499-01,1,1;2;3;4,4,6,17.557425,0.9522807024201245,0.5606495834466092,35.924117072356836,64.07588292764316,stroma-high,0.6407588292764317,0.6432877171848992,True,5.530624268526112,True,1.9979905701113867,True,2.9315482828677135,True,406.9887343277672,450.8497874928896,710.7871836031431,2,TCGA-73-7499-01,TCGA-73-7499,Female,Stage IB,81,1:DECEASED,50.3,1,I,matched
TCGA-73-7499,TCGA-73-7499-01Z-00-DX1.81f5c1c1-3d40-4773-a1fb-e1f8eb9f6730,2,TCGA-73-7499-01,2,5;6;8;11,4,3,14.711274,0.9070351760298779,0.5870366973834769,36.98948476436085,63.01051523563914,stroma-high,0.6301051523563914,0.6322906050690709,True,9.222193076616735,True,2.910639279966494,True,5.768316818647244,True,497.9038968226217,597.790649523998,784.921040943867,3,TCGA-73-7499-01,TCGA-73-7499,Female,Stage IB,81,1:DECEASED,50.3,1,I,matched
TCGA-73-7499,TCGA-73-7499-01Z-00-DX1.81f5c1c1-3d40-4773-a1fb-e1f8eb9f6730,3,TCGA-73-7499-01,3,7,1,0,0.271062,0.9999999976716936,0.2058606904831868,17.071681008251353,82.92831899174865,stroma-high,0.8292831899174865,0.8292831899174865,True,0.0,True,0.0,True,,False,,,,4,TCGA-73-7499-01,TCGA-73-7499,Female,Stage IB,81,1:DECEASED,50.3,1,I,matched
TCGA-73-7499,TCGA-73-7499-01Z-00-DX1.81f5c1c1-3d40-4773-a1fb-e1f8eb9f6730,4,TCGA-73-7499-01,4,9,1,0,1.490841,0.8429752072779518,1.584970243007585,61.31483514345949,38.68516485654051,stroma-low,0.3868516485654051,0.39042073146094924,True,4.386866962084697,True,1.1400879818690293,True,,False,,,,5,TCGA-73-7499-01,TCGA-73-7499,Female,Stage IB,81,1:DECEASED,50.3,1,I,matched
TCGA-73-7499,TCGA-73-7499-01Z-00-DX1.81f5c1c1-3d40-4773-a1fb-e1f8eb9f6730,5,TCGA-73-7499-01,5,10,1,0,0.394272,0.8437500019672372,0.32854553922604623,24.729716033478446,75.27028396652156,stroma-high,0.7527028396652156,0.7037139229802021,True,2.12793962867284,True,26.21549472838663,True,,False,,,,6,TCGA-73-7499-01,TCGA-73-7499,Female,Stage IB,81,1:DECEASED,50.3,1,I,matched
TCGA-73-7499,TCGA-73-7499-01Z-00-DX1.81f5c1c1-3d40-4773-a1fb-e1f8eb9f6730,6,TCGA-73-7499-01,6,12;13;14;15;16;17;18;19;20;21,10,14,8.563095,0.9381294965777571,0.2352028213371231,19.041635695303302,80.9583643046967,stroma-high,0.809583643046967,0.7911714570156521,True,4.118034261244937,True,15.724500614464649,True,2.3536174078966576,True,539.6481196082062,490.1375443750325,992.8527382994562,7,TCGA-73-7499-01,TCGA-73-7499,Female,Stage IB,81,1:DECEASED,50.3,1,I,matched
TCGA-73-7499,TCGA-73-7499-01Z-00-DX1.81f5c1c1-3d40-4773-a1fb-e1f8eb9f6730,7,TCGA-73-7499-01,7,22;23;24;25,4,4,1.47852,0.9000000005007072,0.3067741488281813,23.475682397243148,76.52431760275685,stroma-high,0.7652431760275685,0.7601516921183229,True,8.204765773600325,True,12.078834652884122,True,13.237309209143719,True,461.950264587786,464.3366665330177,808.1277252851087,8,TCGA-73-7499-01,TCGA-73-7499,Female,Stage IB,81,1:DECEASED,50.3,1,I,matched
TCGA-73-7499,TCGA-73-7499-01Z-00-DX1.81f5c1c1-3d40-4773-a1fb-e1f8eb9f6730,8,TCGA-73-7499-01,8,26,1,0,10.571418,0.9184149185468184,1.2142015086468745,54.836992202615185,45.16300779738481,stroma-low,0.4516300779738481,0.4537975582134833,True,16.39115524890479,True,5.542977180180376,True,,False,,,,9,TCGA-73-7499-01,TCGA-73-7499,Female,Stage IB,81,1:DECEASED,50.3,1,I,matched
TCGA-73-7499,TCGA-73-7499-01Z-00-DX1.81f5c1c1-3d40-4773-a1fb-e1f8eb9f6730,9,TCGA-73-7499-01,9,27,1,0,1.392273,0.8849557510789821,0.6765405743208354,40.35336720645137,59.64663279354864,stroma-high,0.5964663279354864,0.5877077295864662,True,28.080710887379745,True,18.055580830551367,True,,False,,,,10,TCGA-73-7499-01,TCGA-73-7499,Female,Stage IB,81,1:DECEASED,50.3,1,I,matched
TCGA-75-6214,TCGA-75-6214-01Z-00-DX1.00424C13-65B8-4872-81EB-EE207AB3F78C,1,TCGA-75-6214-01,1,1;3,2,1,22.754816,0.9204796029152509,3.5341973277446335,77.94537979454431,22.054620205455695,stroma-low,0.22054620205455694,0.23175851123006602,True,36.89812621089107,True,3.425885414435913,True,0.0,True,79.23660130291361,79.23660130291361,79.23660130291361,2,TCGA-75-6214-01,TCGA-75-6214,Female,Stage IIIA,,1:DECEASED,36.63,1,III,matched
TCGA-75-6214,TCGA-75-6214-01Z-00-DX1.00424C13-65B8-4872-81EB-EE207AB3F78C,2,TCGA-75-6214-01,2,2,1,0,0.254016,0.6172839505712703,0.8381158144233603,45.59646393588576,54.40353606411424,stroma-high,0.5440353606411424,0.5876741080215961,True,31.165705550197742,True,13.159407313196125,True,,False,,,,3,TCGA-75-6214-01,TCGA-75-6214,Female,Stage IIIA,,1:DECEASED,36.63,1,III,matched
TCGA-75-6214,TCGA-75-6214-01Z-00-DX1.00424C13-65B8-4872-81EB-EE207AB3F78C,3,TCGA-75-6214-01,3,4,1,0,0.159936,0.5490196076837796,6.107913257711033,85.93117327486871,14.068826725131292,stroma-low,0.14068826725131292,0.14225538408860244,True,92.03080675816784,False,0.8524666822471331,True,,False,,,,4,TCGA-75-6214-01,TCGA-75-6214,Female,Stage IIIA,,1:DECEASED,36.63,1,III,matched
TCGA-78-7220,TCGA-78-7220-01Z-00-DX1.3df84ce0-4395-4c9e-ba62-76b55676a440,1,TCGA-78-7220-01,1,1,1,0,0.357309,0.9999999971749212,0.4341398552344419,30.27179348303323,69.72820651696678,stroma-high,0.6972820651696678,0.721739037490785,True,20.817618764561256,True,8.900625361649958,True,,False,,,,2,TCGA-78-7220-01,TCGA-78-7220,Female,Stage IIIA,53,1:DECEASED,26.51,1,III,matched
TCGA-78-7220,TCGA-78-7220-01Z-00-DX1.3df84ce0-4395-4c9e-ba62-76b55676a440,2,TCGA-78-7220-01,2,2;3;4;5;6;7;8;9;10;12;13;14;15;16;17;18;19;21,18,32,190.667475,0.9760904684398721,2.3788101735153107,70.40378273279552,29.596217267204477,stroma-low,0.2959621726720448,0.3002671135066786,True,9.146640211465803,True,2.0992860871779873,True,3.9851723997117685,True,425.2231182834955,450.8499995686766,992.8527382994562,3,TCGA-78-7220-01,TCGA-78-7220,Female,Stage IIIA,53,1:DECEASED,26.51,1,III,matched
TCGA-78-7220,TCGA-78-7220-01Z-00-DX1.3df84ce0-4395-4c9e-ba62-76b55676a440,3,TCGA-78-7220-01,3,11,1,0,0.924075,0.893333332784435,0.5861976053684005,36.95615246073038,63.04384753926963,stroma-high,0.6304384753926963,0.6514497255617089,True,24.634731025093522,True,15.232521744049043,True,,False,,,,4,TCGA-78-7220-01,TCGA-78-7220,Female,Stage IIIA,53,1:DECEASED,26.51,1,III,matched
TCGA-78-7220,TCGA-78-7220-01Z-00-DX1.3df84ce0-4395-4c9e-ba62-76b55676a440,4,TCGA-78-7220-01,4,20,1,0,3.338991,0.9040590407203195,1.9700006234963487,66.32997339836318,33.67002660163681,stroma-low,0.33670026601636815,0.37227854918344594,True,28.26880327821455,True,1.9765898396457173,True,,False,,,,5,TCGA-78-7220-01,TCGA-78-7220,Female,Stage IIIA,53,1:DECEASED,26.51,1,III,matched
TCGA-83-5908,TCGA-83-5908-01Z-00-DX1.381c8f82-61a0-4e9d-982d-1ad0af7bead9,1,TCGA-83-5908-01,1,1;2;3;4;5;6;7;8;9;10;11;12;13;14;15;16,16,16,80.480772,0.9719840787010459,0.9485789608285539,48.6805502829205,51.3194497170795,stroma-high,0.513194497170795,0.5108426479646135,True,43.13067746880556,True,22.40483985790167,True,35.896122796010296,True,408.56086968625766,351.04917188918336,999.0,2,TCGA-83-5908-01,TCGA-83-5908,Female,Stage IA,59,0:LIVING,27.07,0,I,matched
TCGA-86-6851,TCGA-86-6851-01Z-00-DX1.0b13e600-fd7b-44a2-9ec2-26e9938fb7bc,1,TCGA-86-6851-01,1,1;3,2,1,2.439558,0.747474747675948,1.5579733729217382,60.906551624585845,39.093448375414155,stroma-low,0.3909344837541416,0.4194477469992866,True,38.88106085902673,True,11.583794930361439,True,45.81885778068391,True,248.24210204153655,248.24210204153655,248.24210204153655,2,TCGA-86-6851-01,TCGA-86-6851,Female,Stage IIA,73,0:LIVING,5.88,0,II,matched
TCGA-86-6851,TCGA-86-6851-01Z-00-DX1.0b13e600-fd7b-44a2-9ec2-26e9938fb7bc,2,TCGA-86-6851-01,2,2;5,2,1,1.60173,0.8153846154672815,1.1179874521334665,52.78536711854965,47.21463288145035,stroma-low,0.47214632881450347,0.4964324605909579,True,23.08224158555303,True,6.162446236844855,True,30.714400687384586,True,111.0,111.0,111.0,3,TCGA-86-6851-01,TCGA-86-6851,Female,Stage IIA,73,0:LIVING,5.88,0,II,matched
TCGA-86-6851,TCGA-86-6851-01Z-00-DX1.0b13e600-fd7b-44a2-9ec2-26e9938fb7bc,3,TCGA-86-6851-01,3,4;6;7;8,4,4,1.577088,0.843749998792717,0.6229214118536102,38.382721880669756,61.617278119330244,stroma-high,0.6161727811933024,0.690283000565773,True,41.009361462686336,True,13.096404991513275,True,40.711235379808166,True,507.18413051345317,455.8933510904243,894.9498198729642,4,TCGA-86-6851-01,TCGA-86-6851,Female,Stage IIA,73,0:LIVING,5.88,0,II,matched
TCGA-86-6851,TCGA-86-6851-01Z-00-DX1.0b13e600-fd7b-44a2-9ec2-26e9938fb7bc,4,TCGA-86-6851-01,4,9,1,0,3.683979,0.7959866218193886,0.9299920939414175,48.18631624765848,51.81368375234151,stroma-high,0.5181368375234151,0.5368406945748401,True,25.029527088845573,True,5.637895688182808,True,,False,,,,5,TCGA-86-6851-01,TCGA-86-6851,Female,Stage IIA,73,0:LIVING,5.88,0,II,matched
TCGA-86-6851,TCGA-86-6851-01Z-00-DX1.0b13e600-fd7b-44a2-9ec2-26e9938fb7bc,5,TCGA-86-6851-01,5,10;11,2,1,1.416915,0.7043478266777643,0.5745676710156561,36.49050349452673,63.50949650547327,stroma-high,0.6350949650547327,0.6547725200865375,True,26.2742817419836,True,14.57396149273727,True,35.541533894218,True,222.00084830193703,222.00084830193703,222.00084830193703,6,TCGA-86-6851-01,TCGA-86-6851,Female,Stage IIA,73,0:LIVING,5.88,0,II,matched
TCGA-86-6851,TCGA-86-6851-01Z-00-DX1.0b13e600-fd7b-44a2-9ec2-26e9938fb7bc,6,TCGA-86-6851-01,6,12,1,0,0.357309,0.7586206894401554,0.30526117172967243,23.386980195323996,76.61301980467601,stroma-high,0.7661301980467601,0.7646461679032032,True,2.8090991220307706,True,3.034714025619371,True,,False,,,,7,TCGA-86-6851-01,TCGA-86-6851,Female,Stage IIA,73,0:LIVING,5.88,0,II,matched
TCGA-86-6851,TCGA-86-6851-01Z-00-DX1.0b13e600-fd7b-44a2-9ec2-26e9938fb7bc,7,TCGA-86-6851-01,7,13,1,0,0.677655,0.963636362501215,0.5918353157601255,37.17943118239685,62.82056881760315,stroma-high,0.6282056881760315,0.668899383667762,True,34.00401884894673,True,12.464645019579706,True,,False,,,,8,TCGA-86-6851-01,TCGA-86-6851,Female,Stage IIA,73,0:LIVING,5.88,0,II,matched
TCGA-86-8056,TCGA-86-8056-01Z-00-DX1.eee7e03a-842c-4a44-bff8-f7b906725605,1,TCGA-86-8056-01,1,1,1,0,0.308025,0.680000002766028,1.284361945092655,56.22410003159813,43.77589996840187,stroma-low,0.4377589996840187,0.48238531710194904,True,33.14339675214663,True,10.995661705294948,True,,False,,,,2,TCGA-86-8056-01,TCGA-86-8056,Female,Stage IIIA,63,0:LIVING,4.57,0,III,matched
TCGA-86-8056,TCGA-86-8056-01Z-00-DX1.eee7e03a-842c-4a44-bff8-f7b906725605,2,TCGA-86-8056-01,2,2,1,0,0.702297,0.8070175472554152,0.36890939338266676,26.94914617183442,73.05085382816557,stroma-high,0.7305085382816557,0.7133479983352069,True,4.08307365812573,True,12.318493061697886,True,,False,,,,3,TCGA-86-8056-01,TCGA-86-8056,Female,Stage IIIA,63,0:LIVING,4.57,0,III,matched
TCGA-86-8056,TCGA-86-8056-01Z-00-DX1.eee7e03a-842c-4a44-bff8-f7b906725605,3,TCGA-86-8056-01,3,3;5,2,1,0.998001,0.8395061704989607,0.3844981324959234,27.771661331370957,72.22833866862905,stroma-high,0.7222833866862904,0.722435702085744,True,6.431435399006065,True,6.179659899565818,True,0.4793971625921155,True,666.0,666.0,666.0,4,TCGA-86-8056-01,TCGA-86-8056,Female,Stage IIIA,63,0:LIVING,4.57,0,III,matched
TCGA-86-8056,TCGA-86-8056-01Z-00-DX1.eee7e03a-842c-4a44-bff8-f7b906725605,4,TCGA-86-8056-01,4,4,1,0,0.36963,0.6999999989910672,0.2605826756152089,20.67160533425825,79.32839466574175,stroma-high,0.7932839466574175,0.797566295059132,True,10.322286919101352,True,4.869297804356406,True,,False,,,,5,TCGA-86-8056-01,TCGA-86-8056,Female,Stage IIIA,63,0:LIVING,4.57,0,III,matched
TCGA-86-8056,TCGA-86-8056-01Z-00-DX1.eee7e03a-842c-4a44-bff8-f7b906725605,5,TCGA-86-8056-01,5,6,1,0,1.84815,0.8000000005760618,0.8906995596617476,47.10952383260177,52.89047616739823,stroma-high,0.5289047616739824,0.5351361366339505,True,21.823499227516006,True,12.062925166527675,True,,False,,,,6,TCGA-86-8056-01,TCGA-86-8056,Female,Stage IIIA,63,0:LIVING,4.57,0,III,matched
TCGA-86-8056,TCGA-86-8056-01Z-00-DX1.eee7e03a-842c-4a44-bff8-f7b906725605,6,TCGA-86-8056-01,6,7;9;10;13;14,5,4,10.361961,0.8049940563696543,0.9225471730001011,47.985671610880814,52.01432838911919,stroma-high,0.5201432838911919,0.5268018607355869,True,15.76766074677505,True,8.095279749030537,True,30.571067382943795,True,519.3535244704708,449.5127740114815,845.38854985892,7,TCGA-86-8056-01,TCGA-86-8056,Female,Stage IIIA,63,0:LIVING,4.57,0,III,matched
TCGA-86-8056,TCGA-86-8056-01Z-00-DX1.eee7e03a-842c-4a44-bff8-f7b906725605,7,TCGA-86-8056-01,7,8,1,0,0.455877,0.9729729717529718,1.0411684582421574,51.00845322383659,48.99154677616341,stroma-low,0.4899154677616341,0.5220005471346119,True,55.78394266069942,True,47.083519314403475,True,,False,,,,8,TCGA-86-8056-01,TCGA-86-8056,Female,Stage IIIA,63,0:LIVING,4.57,0,III,matched
TCGA-86-8056,TCGA-86-8056-01Z-00-DX1.eee7e03a-842c-4a44-bff8-f7b906725605,8,TCGA-86-8056-01,8,11,1,0,0.406593,0.8484848513613322,0.745122685565171,42.69743850839103,57.30256149160897,stroma-high,0.5730256149160897,0.5938197128039999,True,21.16453607384117,True,6.944461099232084,True,,False,,,,9,TCGA-86-8056-01,TCGA-86-8056,Female,Stage IIIA,63,0:LIVING,4.57,0,III,matched
TCGA-86-8056,TCGA-86-8056-01Z-00-DX1.eee7e03a-842c-4a44-bff8-f7b906725605,9,TCGA-86-8056-01,9,12,1,0,1.503162,0.7213114769084598,2.932895470659447,74.57344067595253,25.426559324047464,stroma-low,0.25426559324047465,0.31685990436053263,True,55.143131936350734,True,3.656907451984812,True,,False,,,,10,TCGA-86-8056-01,TCGA-86-8056,Female,Stage IIIA,63,0:LIVING,4.57,0,III,matched
TCGA-95-7039,TCGA-95-7039-01Z-00-DX1.C191A46D-A667-4BF6-8E6B-3E5CBF9DF43F,1,TCGA-95-7039-01,1,1;2;3;4;5;6;7;11;12;14;16;17;18;19;20;21;22;26;27;28;29;30;31;33;34;35;39;40;42;43;45;46;47;48;49,35,56,85.534618,0.9975035666687266,0.44908481516263443,30.99092685697852,69.00907314302147,stroma-high,0.6900907314302147,0.6770596043740235,True,12.651310164463334,True,13.674574781956292,True,16.844225051154165,True,512.9564159984983,494.0,995.7209129303569,2,TCGA-95-7039-01,TCGA-95-7039,Female,Stage IIB,54,0:LIVING,41.79,0,II,matched
TCGA-95-7039,TCGA-95-7039-01Z-00-DX1.C191A46D-A667-4BF6-8E6B-3E5CBF9DF43F,2,TCGA-95-7039-01,2,8,1,0,0.25928825,1.000000009792583,0.2688681745336792,21.189606606099233,78.81039339390077,stroma-high,0.7881039339390077,0.7441290804492618,True,50.17787872409038,True,67.8186998162841,True,,False,,,,3,TCGA-95-7039-01,TCGA-95-7039,Female,Stage IIB,54,0:LIVING,41.79,0,II,matched
TCGA-95-7039,TCGA-95-7039-01Z-00-DX1.C191A46D-A667-4BF6-8E6B-3E5CBF9DF43F,3,TCGA-95-7039-01,3,9;10;13;15;23;24;25,7,6,5.185765,0.9794117644821682,0.26265587359279746,20.80185734577299,79.19814265422703,stroma-high,0.7919814265422702,0.7856032168949376,True,1.8318437756305976,True,5.8263092280892295,True,0.27968609940527767,True,334.7547030995008,349.3513917161722,617.5000000000001,4,TCGA-95-7039-01,TCGA-95-7039,Female,Stage IIB,54,0:LIVING,41.79,0,II,matched
TCGA-95-7039,TCGA-95-7039-01Z-00-DX1.C191A46D-A667-4BF6-8E6B-3E5CBF9DF43F,4,TCGA-95-7039-01,4,32;38,2,1,2.257333,0.9999999975950746,0.21762112031550104,17.872646645543785,82.12735335445622,stroma-high,0.8212735335445621,0.8207341151732411,True,0.4749848061365232,True,0.8948027387179486,True,0.0,True,494.0003812212898,494.0003812212898,494.0003812212898,5,TCGA-95-7039-01,TCGA-95-7039,Female,Stage IIB,54,0:LIVING,41.79,0,II,matched
TCGA-95-7039,TCGA-95-7039-01Z-00-DX1.C191A46D-A667-4BF6-8E6B-3E5CBF9DF43F,5,TCGA-95-7039-01,5,36,1,0,0.38130625,1.0000000026670752,0.2860948023317777,22.24523431811312,77.75476568188688,stroma-high,0.7775476568188688,0.7534933469029619,True,1.0081298733857684,True,15.568545566210428,True,,False,,,,6,TCGA-95-7039-01,TCGA-95-7039,Female,Stage IIB,54,0:LIVING,41.79,0,II,matched
TCGA-95-7039,TCGA-95-7039-01Z-00-DX1.C191A46D-A667-4BF6-8E6B-3E5CBF9DF43F,6,TCGA-95-7039-01,6,37,1,0,0.305045,0.9999999946316166,0.21557365974064674,17.734314824380224,82.26568517561978,stroma-high,0.8226568517561977,0.8226568517561977,True,0.0,True,0.0,True,,False,,,,7,TCGA-95-7039-01,TCGA-95-7039,Female,Stage IIB,54,0:LIVING,41.79,0,II,matched
TCGA-95-7039,TCGA-95-7039-01Z-00-DX1.C191A46D-A667-4BF6-8E6B-3E5CBF9DF43F,7,TCGA-95-7039-01,7,41,1,0,0.50332425,1.000000002898477,0.42355406660363093,29.75328275477181,70.24671724522818,stroma-high,0.7024671724522819,0.7027839752957413,True,0.2364281770034666,True,0.0,True,,False,,,,8,TCGA-95-7039-01,TCGA-95-7039,Female,Stage IIB,54,0:LIVING,41.79,0,II,matched
TCGA-95-7039,TCGA-95-7039-01Z-00-DX1.C191A46D-A667-4BF6-8E6B-3E5CBF9DF43F,8,TCGA-95-7039-01,8,44,1,0,0.5795855,1.000000000714097,0.2705037099917641,21.291060220006568,78.70893977999343,stroma-high,0.7870893977999343,0.7794216309698232,True,3.0377494120658763,True,8.858061438502665,True,,False,,,,9,TCGA-95-7039-01,TCGA-95-7039,Female,Stage IIB,54,0:LIVING,41.79,0,II,matched
TCGA-95-7948,TCGA-95-7948-01Z-00-DX1.FF1AEF38-19E5-4475-87C8-B318204FEF1D,1,TCGA-95-7948-01,1,1;4;7;8;9;11;12;13;17,9,9,122.140018,0.9867632366510943,1.0325934130451493,50.80176912991957,49.19823087008043,stroma-low,0.4919823087008043,0.49009191603928803,True,9.747092273475081,True,4.641740524839918,True,2.756047429300601,True,383.4172572598809,445.32543516466103,617.5402333659973,2,TCGA-95-7948-01,TCGA-95-7948,Female,Stage IB,42,0:LIVING,15.64,0,I,matched
TCGA-95-7948,TCGA-95-7948-01Z-00-DX1.FF1AEF38-19E5-4475-87C8-B318204FEF1D,2,TCGA-95-7948-01,2,2;3,2,1,0.4575675,0.9999999967869371,0.18527616002104996,15.63147612939077,84.36852387060924,stroma-high,0.8436852387060924,0.8425483338000924,True,0.19054631092888305,True,1.1175531323768058,True,0.0,True,247.0,247.0,247.0,3,TCGA-95-7948-01,TCGA-95-7948,Female,Stage IB,42,0:LIVING,15.64,0,I,matched
TCGA-95-7948,TCGA-95-7948-01Z-00-DX1.FF1AEF38-19E5-4475-87C8-B318204FEF1D,3,TCGA-95-7948-01,3,5;6;10;14,4,4,1.708252,1.000000000144967,0.6269018869290327,38.53347838402125,61.46652161597874,stroma-high,0.6146652161597874,0.7120403309284666,True,54.81831113711058,True,29.331327523463536,True,64.22100938045693,True,664.554887242717,693.1492777620132,995.728041720228,4,TCGA-95-7948-01,TCGA-95-7948,Female,Stage IB,42,0:LIVING,15.64,0,I,matched
TCGA-95-7948,TCGA-95-7948-01Z-00-DX1.FF1AEF38-19E5-4475-87C8-B318204FEF1D,4,TCGA-95-7948-01,4,15,1,0,0.366054,1.0000000018044375,0.18168727288859604,15.375241576772458,84.62475842322755,stroma-high,0.8462475842322754,0.8455867094836285,True,0.0,True,0.5679084948796191,True,,False,,,,5,TCGA-95-7948-01,TCGA-95-7948,Female,Stage IB,42,0:LIVING,15.64,0,I,matched
TCGA-95-7948,TCGA-95-7948-01Z-00-DX1.FF1AEF38-19E5-4475-87C8-B318204FEF1D,5,TCGA-95-7948-01,5,16,1,0,0.244036,0.9999999931023922,0.20567951015617628,17.05921917255887,82.94078082744113,stroma-high,0.8294078082744113,0.829107872924437,True,7.682289126257704,True,8.063945036753896,True,,False,,,,6,TCGA-95-7948-01,TCGA-95-7948,Female,Stage IB,42,0:LIVING,15.64,0,I,matched
TCGA-95-7948,TCGA-95-7948-01Z-00-DX1.FF1AEF38-19E5-4475-87C8-B318204FEF1D,6,TCGA-95-7948-01,6,18,1,0,0.44231525,0.9310344841503356,0.7074900372256846,41.43450455354975,58.56549544645026,stroma-high,0.5856549544645026,0.5814785757019844,True,5.906402019962163,True,7.578511524318424,True,,False,,,,7,TCGA-95-7948-01,TCGA-95-7948,Female,Stage IB,42,0:LIVING,15.64,0,I,matched
TCGA-97-7938,TCGA-97-7938-01Z-00-DX1.d774d0a2-ee34-43ba-9d9d-34bf9718292e,1,TCGA-97-7938-01,1,1;2;3;4;5;8;9;11;12,9,10,47.64668425,0.9114194238469404,0.5069538033382534,33.64096511885319,66.35903488114681,stroma-high,0.6635903488114681,0.6503586836341367,True,4.224860435759805,True,7.597344819751164,True,2.005248189389802,True,331.67985847230455,215.84790006257597,756.3885497048573,2,TCGA-97-7938-01,TCGA-97-7938,Female,Stage IA,76,1:DECEASED,0.59,1,I,matched
TCGA-97-7938,TCGA-97-7938-01Z-00-DX1.d774d0a2-ee34-43ba-9d9d-34bf9718292e,2,TCGA-97-7938-01,2,6;10,2,1,1.017005,1.0000000000882436,0.16268199835214492,13.9919598465197,86.00804015348031,stroma-high,0.860080401534803,0.8604902624473842,True,0.4540726486942308,True,0.0007301511657768874,True,0.0,True,112.75,112.75,112.75,3,TCGA-97-7938-01,TCGA-97-7938,Female,Stage IA,76,1:DECEASED,0.59,1,I,matched
TCGA-97-7938,TCGA-97-7938-01Z-00-DX1.d774d0a2-ee34-43ba-9d9d-34bf9718292e,3,TCGA-97-7938-01,3,7,1,0,0.1906884375,0.9333333438446668,0.5360995860583931,34.9000540670684,65.0999459329316,stroma-high,0.650999459329316,0.6510510234761886,True,4.254057267899422,True,2.065521994369169,True,,False,,,,4,TCGA-97-7938-01,TCGA-97-7938,Female,Stage IA,76,1:DECEASED,0.59,1,I,matched
TCGA-97-8172,TCGA-97-8172-01Z-00-DX1.812ab977-692e-42f8-af57-7ce9084ab045,1,TCGA-97-8172-01,1,1;2;3;6;8;12;13;15;20;21;22;24;25;27;28;30;31;32;33;34;35;36;37;38;40;42;44;45;46;47;49;50;53;55;56;57;59;60;61;63;65;70;72;73;75,45,68,183.7600909375,0.9905914909203932,0.4490139320575707,30.987551059635422,69.01244894036456,stroma-high,0.6901244894036457,0.6612995796441077,True,10.079675236737518,True,16.782255860269878,True,7.446092706399816,True,437.02820245548565,381.57445837369966,929.7951688764841,2,TCGA-97-8172-01,TCGA-97-8172,Female,Stage IB,75,0:LIVING,17.9,0,I,matched
TCGA-97-8172,TCGA-97-8172-01Z-00-DX1.812ab977-692e-42f8-af57-7ce9084ab045,2,TCGA-97-8172-01,2,4;5;7;9;10,5,9,3.330691375,0.9694656481774647,0.2633336880615634,20.844349402699603,79.1556505973004,stroma-high,0.7915565059730039,0.7826816217288862,True,4.315891649425492,True,9.266860280201646,True,2.67573716393037,True,379.3817965591857,406.56575896022275,797.3035375978508,3,TCGA-97-8172-01,TCGA-97-8172,Female,Stage IB,75,0:LIVING,17.9,0,I,matched
TCGA-97-8172,TCGA-97-8172-01Z-00-DX1.812ab977-692e-42f8-af57-7ce9084ab045,3,TCGA-97-8172-01,3,11;16;18,3,2,2.1229979375,0.9820359260992012,0.19108713540910913,16.04308616291749,83.95691383708251,stroma-high,0.839569138370825,0.8369120028840423,True,2.51703785274329,True,4.660733482629422,True,0.0003988908499229975,True,766.8712480425361,766.8712480425361,969.9522627165252,4,TCGA-97-8172-01,TCGA-97-8172,Female,Stage IB,75,0:LIVING,17.9,0,I,matched
TCGA-97-8172,TCGA-97-8172-01Z-00-DX1.812ab977-692e-42f8-af57-7ce9084ab045,4,TCGA-97-8172-01,4,14,1,0,3.940894375,0.9548387095149776,0.2762150360056624,21.643298990597135,78.35670100940287,stroma-high,0.7835670100940286,0.7778065104766873,True,0.2786534032701718,True,3.965325250313119,True,,False,,,,5,TCGA-97-8172-01,TCGA-97-8172,Female,Stage IB,75,0:LIVING,17.9,0,I,matched
TCGA-97-8172,TCGA-97-8172-01Z-00-DX1.812ab977-692e-42f8-af57-7ce9084ab045,5,TCGA-97-8172-01,5,17,1,0,0.2415386875,0.789473684457526,0.22906655237555215,18.63744090446608,81.36255909553392,stroma-high,0.8136255909553393,0.8068369269073252,True,1.5730125732054516,True,6.68936011032545,True,,False,,,,6,TCGA-97-8172-01,TCGA-97-8172,Female,Stage IB,75,0:LIVING,17.9,0,I,matched
TCGA-97-8172,TCGA-97-8172-01Z-00-DX1.812ab977-692e-42f8-af57-7ce9084ab045,6,TCGA-97-8172-01,6,19,1,0,0.432227125,0.9705882315709674,0.18167551287595943,15.37439939275698,84.62560060724303,stroma-high,0.8462560060724302,0.8458093300095497,True,0.23951224921859365,True,0.6944365242206978,True,,False,,,,7,TCGA-97-8172-01,TCGA-97-8172,Female,Stage IB,75,0:LIVING,17.9,0,I,matched
TCGA-97-8172,TCGA-97-8172-01Z-00-DX1.812ab977-692e-42f8-af57-7ce9084ab045,7,TCGA-97-8172-01,7,23;26;29;39;43;48;51;52;54;58;62;66;67;68;69;71;76;77,18,26,20.2765371875,0.9874608152900183,0.26694772431813235,21.07014513655667,78.92985486344334,stroma-high,0.7892985486344334,0.7856277122739831,True,9.094798646152599,True,9.58063718868519,True,3.287761911097627,True,458.26373626767224,464.91500982319747,880.6461258686601,8,TCGA-97-8172-01,TCGA-97-8172,Female,Stage IB,75,0:LIVING,17.9,0,I,matched
TCGA-97-8172,TCGA-97-8172-01Z-00-DX1.812ab977-692e-42f8-af57-7ce9084ab045,8,TCGA-97-8172-01,8,41,1,0,0.203401,1.0000000009313226,0.19021571880396873,15.98161709669856,84.01838290330144,stroma-high,0.8401838290330144,0.839155223355888,True,0.0,True,1.135994290933576,True,,False,,,,9,TCGA-97-8172-01,TCGA-97-8172,Female,Stage IB,75,0:LIVING,17.9,0,I,matched
TCGA-97-8172,TCGA-97-8172-01Z-00-DX1.812ab977-692e-42f8-af57-7ce9084ab045,9,TCGA-97-8172-01,9,64,1,0,1.1187055,0.9999999992155403,0.2688921655555163,21.191096679030746,78.80890332096926,stroma-high,0.7880890332096926,0.7804017931991306,True,1.4770502003516988,True,5.729090802251184,True,,False,,,,10,TCGA-97-8172-01,TCGA-97-8172,Female,Stage IB,75,0:LIVING,17.9,0,I,matched
TCGA-97-8172,TCGA-97-8172-01Z-00-DX1.812ab977-692e-42f8-af57-7ce9084ab045,10,TCGA-97-8172-01,10,74,1,0,0.7500411875,0.9999999985982064,0.22802240060431903,18.568260684178682,81.43173931582132,stroma-high,0.8143173931582132,0.8096212066081988,True,4.671860125618096,True,7.486128876406835,True,,False,,,,11,TCGA-97-8172-01,TCGA-97-8172,Female,Stage IB,75,0:LIVING,17.9,0,I,matched
TCGA-97-8175,TCGA-97-8175-01Z-00-DX1.f7148cec-5e4b-46ac-b167-d41b36eb3ee5,1,TCGA-97-8175-01,1,1,1,0,0.272916,1.000000001261166,0.4053301368762384,28.84234289440376,71.15765710559624,stroma-high,0.7115765710559624,0.7429962430960142,True,34.562526556934785,True,19.578714493441748,True,,False,,,,2,TCGA-97-8175-01,TCGA-97-8175,Female,Stage IB,55,0:LIVING,18.1,0,I,matched
TCGA-97-8175,TCGA-97-8175-01Z-00-DX1.f7148cec-5e4b-46ac-b167-d41b36eb3ee5,2,TCGA-97-8175-01,2,2,1,0,0.220932,1.0000000005161649,0.2668526955521918,21.064224474486114,78.93577552551389,stroma-high,0.7893577552551388,0.7881950313184916,True,16.402968484896206,True,17.153265213840612,True,,False,,,,3,TCGA-97-8175-01,TCGA-97-8175,Female,Stage IB,55,0:LIVING,18.1,0,I,matched
TCGA-97-8175,TCGA-97-8175-01Z-00-DX1.f7148cec-5e4b-46ac-b167-d41b36eb3ee5,3,TCGA-97-8175-01,3,3;6;8;13;15;16;21;22;24;25;26;28;30;36;37;38;41,17,17,161.34534,0.9902537254796729,1.423176717652046,58.73185836116167,41.26814163883833,stroma-low,0.4126814163883833,0.41088672581152924,True,27.24156965431186,True,14.109308968631579,True,24.897007089333012,True,511.2361477141674,456.00041298970297,940.1029329379485,4,TCGA-97-8175-01,TCGA-97-8175,Female,Stage IB,55,0:LIVING,18.1,0,I,matched
TCGA-97-8175,TCGA-97-8175-01Z-00-DX1.f7148cec-5e4b-46ac-b167-d41b36eb3ee5,4,TCGA-97-8175-01,4,4,1,0,0.246924,0.6315789451676354,1.4552013467223004,59.27014290151794,40.72985709848206,stroma-low,0.4072985709848206,0.42148361518523586,True,9.020701246491578,True,1.3150479952087164,True,,False,,,,5,TCGA-97-8175-01,TCGA-97-8175,Female,Stage IB,55,0:LIVING,18.1,0,I,matched
TCGA-97-8175,TCGA-97-8175-01Z-00-DX1.f7148cec-5e4b-46ac-b167-d41b36eb3ee5,5,TCGA-97-8175-01,5,5,1,0,0.350892,1.0000000022857287,0.5192609471441808,34.17852266394773,65.82147733605227,stroma-high,0.6582147733605227,0.70850687820845,True,38.58770650789731,True,19.593300596784193,True,,False,,,,6,TCGA-97-8175-01,TCGA-97-8175,Female,Stage IB,55,0:LIVING,18.1,0,I,matched
TCGA-97-8175,TCGA-97-8175-01Z-00-DX1.f7148cec-5e4b-46ac-b167-d41b36eb3ee5,6,TCGA-97-8175-01,6,7,1,0,0.45486,0.9999999994977511,0.7130506968162718,41.624611468970905,58.3753885310291,stroma-high,0.583753885310291,0.7171219907063202,True,59.44538114635505,True,6.343448804261666,True,,False,,,,7,TCGA-97-8175-01,TCGA-97-8175,Female,Stage IB,55,0:LIVING,18.1,0,I,matched
TCGA-97-8175,TCGA-97-8175-01Z-00-DX1.f7148cec-5e4b-46ac-b167-d41b36eb3ee5,7,TCGA-97-8175-01,7,9;11;12;17;20;23;27;32;33;35;39;40;42;45;46;47,16,17,48.47508,0.9817694370394392,1.1462967167442715,53.40811956713492,46.59188043286509,stroma-low,0.4659188043286509,0.47910144490484174,True,18.25332310529313,True,7.125640599076919,True,15.146833114066288,True,431.1826831706482,470.0688918500619,980.7051693000747,8,TCGA-97-8175-01,TCGA-97-8175,Female,Stage IB,55,0:LIVING,18.1,0,I,matched
TCGA-97-8175,TCGA-97-8175-01Z-00-DX1.f7148cec-5e4b-46ac-b167-d41b36eb3ee5,8,TCGA-97-8175-01,8,10,1,0,0.350892,0.999999999392188,0.2923135254794479,22.619396896817253,77.38060310318275,stroma-high,0.7738060310318274,0.7650066164295615,True,34.54455643905728,True,36.789059813713635,True,,False,,,,9,TCGA-97-8175-01,TCGA-97-8175,Female,Stage IB,55,0:LIVING,18.1,0,I,matched
TCGA-97-8175,TCGA-97-8175-01Z-00-DX1.f7148cec-5e4b-46ac-b167-d41b36eb3ee5,9,TCGA-97-8175-01,9,14,1,0,0.311904,0.9999999996877401,0.30958401903920274,23.63987453560513,76.36012546439487,stroma-high,0.7636012546439487,0.7409643227705279,True,29.696729808674082,True,39.20392438292586,True,,False,,,,10,TCGA-97-8175-01,TCGA-97-8175,Female,Stage IB,55,0:LIVING,18.1,0,I,matched
TCGA-97-8175,TCGA-97-8175-01Z-00-DX1.f7148cec-5e4b-46ac-b167-d41b36eb3ee5,10,TCGA-97-8175-01,10,18,1,0,0.285912,0.7272727302862966,0.7332121532673036,42.303658665508124,57.696341334491876,stroma-high,0.5769634133449187,0.621037637516023,True,46.99256332734304,True,30.22636812209126,True,,False,,,,11,TCGA-97-8175-01,TCGA-97-8175,Female,Stage IB,55,0:LIVING,18.1,0,I,matched
TCGA-97-8175,TCGA-97-8175-01Z-00-DX1.f7148cec-5e4b-46ac-b167-d41b36eb3ee5,11,TCGA-97-8175-01,11,19;29;31;34,4,3,2.573208,0.9494949475369635,0.43826492713661924,30.471780189282814,69.52821981071719,stroma-high,0.6952821981071718,0.7328036599708178,True,40.44737977229666,True,25.897171619617133,True,23.8263756920707,True,755.9658029267325,684.0,919.1294643475724,12,TCGA-97-8175-01,TCGA-97-8175,Female,Stage IB,55,0:LIVING,18.1,0,I,matched
TCGA-97-8175,TCGA-97-8175-01Z-00-DX1.f7148cec-5e4b-46ac-b167-d41b36eb3ee5,12,TCGA-97-8175-01,12,43,1,0,2.72916,0.9952380952729938,0.7489733320837331,42.82359932792134,57.17640067207866,stroma-high,0.5717640067207865,0.5911738646912376,True,21.497265424896327,True,10.06970587918032,True,,False,,,,13,TCGA-97-8175-01,TCGA-97-8175,Female,Stage IB,55,0:LIVING,18.1,0,I,matched
TCGA-97-8175,TCGA-97-8175-01Z-00-DX1.f7148cec-5e4b-46ac-b167-d41b36eb3ee5,13,TCGA-97-8175-01,13,44,1,0,0.740772,0.9999999990382971,0.3742379054558248,27.23239578606244,72.76760421393756,stroma-high,0.7276760421393755,0.7228339514083616,True,14.480358354301154,True,13.179487093883782,True,,False,,,,14,TCGA-97-8175-01,TCGA-97-8175,Female,Stage IB,55,0:LIVING,18.1,0,I,matched
TCGA-97-8175,TCGA-97-8175-01Z-00-DX1.f7148cec-5e4b-46ac-b167-d41b36eb3ee5,14,TCGA-97-8175-01,14,48;49,2,1,2.950092,0.8590308379526275,0.62467119795561,38.44908426650631,61.550915733493696,stroma-high,0.6155091573349369,0.6039227248445832,True,9.686810989287192,True,11.226299969926286,True,9.5380565711446,True,227.99999999999997,227.99999999999997,227.99999999999997,15,TCGA-97-8175-01,TCGA-97-8175,Female,Stage IB,55,0:LIVING,18.1,0,I,matched
TCGA-J2-8192,TCGA-J2-8192-01Z-00-DX1.A784F381-7906-480F-99A1-0B88005953A0,1,TCGA-J2-8192-01,1,1;2;3;5;6;7;11;12;13;14;17;18;22;24;29;33;37;40,18,27,272.032272,0.9810338238764271,0.7940184087782995,44.25921188395244,55.74078811604757,stroma-high,0.5574078811604757,0.5491475059413281,True,5.4587480622637745,True,4.513111364362169,True,3.017580656078514,True,422.5728622268838,411.0726980537017,829.9680549466152,2,TCGA-J2-8192-01,TCGA-J2-8192,Female,Stage IIA,65,0:LIVING,24.28,0,II,matched
TCGA-J2-8192,TCGA-J2-8192-01Z-00-DX1.A784F381-7906-480F-99A1-0B88005953A0,2,TCGA-J2-8192-01,2,4;9;15;16;19;20;25;26;28;31;32;36;42;43;45,15,17,267.158772,0.9794230674374991,0.8024419197302143,44.519710230126144,55.480289769873856,stroma-high,0.5548028976987386,0.545579182155866,True,4.675744368234873,True,4.658915807911172,True,3.6977269606937915,True,394.10233774474665,342.00055065274336,919.1294643475726,3,TCGA-J2-8192-01,TCGA-J2-8192,Female,Stage IIA,65,0:LIVING,24.28,0,II,matched
TCGA-J2-8192,TCGA-J2-8192-01Z-00-DX1.A784F381-7906-480F-99A1-0B88005953A0,3,TCGA-J2-8192-01,3,8;10,2,1,8.070516,0.959742350427642,0.7196229418192871,41.847716980209455,58.15228301979055,stroma-high,0.5815228301979055,0.5717624576568696,True,7.3129149648810525,True,6.757288477173461,True,11.620730660164943,True,114.0,114.0,114.0,4,TCGA-J2-8192-01,TCGA-J2-8192,Female,Stage IIA,65,0:LIVING,24.28,0,II,matched
TCGA-J2-8192,TCGA-J2-8192-01Z-00-DX1.A784F381-7906-480F-99A1-0B88005953A0,4,TCGA-J2-8192-01,4,21,1,0,0.428868,1.000000002831891,0.8910433782334524,47.11914007312907,52.880859926870926,stroma-high,0.5288085992687093,0.7105338494271757,True,69.29820842582309,True,14.523867634300197,True,,False,,,,5,TCGA-J2-8192-01,TCGA-J2-8192,Female,Stage IIA,65,0:LIVING,24.28,0,II,matched
TCGA-J2-8192,TCGA-J2-8192-01Z-00-DX1.A784F381-7906-480F-99A1-0B88005953A0,5,TCGA-J2-8192-01,5,23,1,0,0.45486,0.9999999996536644,0.8728478856321976,46.60538062532289,53.39461937467711,stroma-high,0.5339461937467711,0.7393909604545716,True,75.68027292118741,True,11.0078552759035,True,,False,,,,6,TCGA-J2-8192-01,TCGA-J2-8192,Female,Stage IIA,65,0:LIVING,24.28,0,II,matched
TCGA-J2-8192,TCGA-J2-8192-01Z-00-DX1.A784F381-7906-480F-99A1-0B88005953A0,6,TCGA-J2-8192-01,6,27,1,0,0.207936,1.0000000011815473,0.20443127395592736,16.973261852000693,83.02673814799931,stroma-high,0.8302673814799931,0.8303108447436068,True,1.4469403447460676,True,1.2530238953075648,True,,False,,,,7,TCGA-J2-8192-01,TCGA-J2-8192,Female,Stage IIA,65,0:LIVING,24.28,0,II,matched
TCGA-J2-8192,TCGA-J2-8192-01Z-00-DX1.A784F381-7906-480F-99A1-0B88005953A0,7,TCGA-J2-8192-01,7,30;34;38,3,2,2.430252,1.0000000012575831,0.4089652727777553,29.025929927391754,70.97407007260826,stroma-high,0.7097407007260825,0.7110978477852685,True,1.7190482326765801,True,0.8054370642749359,True,0.8547395504958089,True,583.4752562301038,583.4752562301038,912.0002064949217,8,TCGA-J2-8192-01,TCGA-J2-8192,Female,Stage IIA,65,0:LIVING,24.28,0,II,matched
TCGA-J2-8192,TCGA-J2-8192-01Z-00-DX1.A784F381-7906-480F-99A1-0B88005953A0,8,TCGA-J2-8192-01,8,35;39;44,3,2,2.20932,1.0000000000373641,0.44335715831459693,30.71707898219063,69.28292101780939,stroma-high,0.6928292101780938,0.6964940835730399,True,2.9587727298762125,True,0.4694499985597159,True,0.08837789485186706,True,559.2048819708701,559.2048819708701,890.4089379634564,9,TCGA-J2-8192-01,TCGA-J2-8192,Female,Stage IIA,65,0:LIVING,24.28,0,II,matched
TCGA-J2-8192,TCGA-J2-8192-01Z-00-DX1.A784F381-7906-480F-99A1-0B88005953A0,9,TCGA-J2-8192-01,9,41,1,0,0.532836,0.9999999976521726,0.34217545951058775,25.49409297316157,74.50590702683843,stroma-high,0.7450590702683844,0.7527111718919319,True,11.075188864149984,True,6.655968460949194,True,,False,,,,10,TCGA-J2-8192-01,TCGA-J2-8192,Female,Stage IIA,65,0:LIVING,24.28,0,II,matched
TCGA-J2-8192,TCGA-J2-8192-01Z-00-DX1.A784F381-7906-480F-99A1-0B88005953A0,10,TCGA-J2-8192-01,10,46,1,0,0.467856,0.9166666690705623,0.8894794563068543,47.075370591507586,52.92462940849241,stroma-high,0.5292462940849241,0.5427411701822659,True,24.56652736902745,True,0.25652147989493007,True,,False,,,,11,TCGA-J2-8192-01,TCGA-J2-8192,Female,Stage IIA,65,0:LIVING,24.28,0,II,matched
TCGA-J2-A4AD,TCGA-J2-A4AD-01Z-00-DX1.C3C3B0C6-0666-4CCF-8422-345560B237DA,1,TCGA-J2-A4AD-01,1,1;2;3,3,2,11.43648,0.994318182362068,0.43342102685321,30.236826356921764,69.76317364307823,stroma-high,0.6976317364307824,0.6816550783613496,True,21.982892518346542,True,15.309304434260557,True,96.40431695615811,True,389.383972216313,389.383972216313,664.767944432626,2,TCGA-J2-A4AD-01,TCGA-J2-A4AD,Female,Stage IA,61,1:DECEASED,18.07,1,I,matched
TCGA-L9-A5IP,TCGA-L9-A5IP-01Z-00-DX1.E699D989-8BB8-41DF-9B95-A880858653E6,1,TCGA-L9-A5IP-01,1,1,1,0,0.532836,1.0000000033905962,2.6262742391311926,72.42348664066878,27.576513359331223,stroma-low,0.27576513359331223,0.2846018678548538,True,12.109048462233396,True,6.029262582249427,True,,False,,,,2,TCGA-L9-A5IP-01,TCGA-L9-A5IP,Female,Stage IV,40,1:DECEASED,1.91,1,IV,matched
TCGA-L9-A5IP,TCGA-L9-A5IP-01Z-00-DX1.E699D989-8BB8-41DF-9B95-A880858653E6,2,TCGA-L9-A5IP-01,2,2,1,0,0.727776,1.000000001834191,0.7399291363190911,42.52639494758096,57.47360505241903,stroma-high,0.5747360505241903,0.5957353440780205,True,16.45006711659395,True,6.053306773997106,True,,False,,,,3,TCGA-L9-A5IP-01,TCGA-L9-A5IP,Female,Stage IV,40,1:DECEASED,1.91,1,IV,matched
TCGA-L9-A5IP,TCGA-L9-A5IP-01Z-00-DX1.E699D989-8BB8-41DF-9B95-A880858653E6,3,TCGA-L9-A5IP-01,3,3,1,0,1.10466,1.0000000030231389,2.056244164612425,67.28010112612144,32.71989887387856,stroma-low,0.3271989887387856,0.3420863201757108,True,15.174113823626707,True,5.656318516398931,True,,False,,,,4,TCGA-L9-A5IP-01,TCGA-L9-A5IP,Female,Stage IV,40,1:DECEASED,1.91,1,IV,matched
TCGA-L9-A5IP,TCGA-L9-A5IP-01Z-00-DX1.E699D989-8BB8-41DF-9B95-A880858653E6,4,TCGA-L9-A5IP-01,4,4,1,0,0.493848,0.9999999985216882,29284.292769997854,99.99658531670538,0.0034146832946279383,stroma-low,3.414683294627938e-05,0.08794613149224874,True,99.98713918401545,True,18.270171581228965,True,,False,,,,5,TCGA-L9-A5IP-01,TCGA-L9-A5IP,Female,Stage IV,40,1:DECEASED,1.91,1,IV,matched
TCGA-L9-A5IP,TCGA-L9-A5IP-01Z-00-DX1.E699D989-8BB8-41DF-9B95-A880858653E6,5,TCGA-L9-A5IP-01,5,5,1,0,0.311904,1.000000001711669,7.42651172766714,88.13269319122105,11.86730680877896,stroma-low,0.11867306808778959,0.1418489226148309,True,73.11264967802346,True,3.472966307920787,True,,False,,,,6,TCGA-L9-A5IP-01,TCGA-L9-A5IP,Female,Stage IV,40,1:DECEASED,1.91,1,IV,matched
TCGA-L9-A5IP,TCGA-L9-A5IP-01Z-00-DX1.E699D989-8BB8-41DF-9B95-A880858653E6,6,TCGA-L9-A5IP-01,6,6;13,2,1,61.756992,0.9623316498076743,5.24379201715246,83.98409176261994,16.01590823738007,stroma-low,0.1601590823738007,0.16146898073751156,True,26.601384273518363,True,4.627370010744502,True,0.0,True,114.0,114.0,114.0,7,TCGA-L9-A5IP-01,TCGA-L9-A5IP,Female,Stage IV,40,1:DECEASED,1.91,1,IV,matched
TCGA-L9-A5IP,TCGA-L9-A5IP-01Z-00-DX1.E699D989-8BB8-41DF-9B95-A880858653E6,7,TCGA-L9-A5IP-01,7,7,1,0,0.623808,1.0000000021167732,1.0871589337595389,52.08798027667548,47.91201972332452,stroma-low,0.4791201972332452,0.5090864437356027,True,31.77752055264237,True,29.295194597476808,True,,False,,,,8,TCGA-L9-A5IP-01,TCGA-L9-A5IP,Female,Stage IV,40,1:DECEASED,1.91,1,IV,matched
TCGA-L9-A5IP,TCGA-L9-A5IP-01Z-00-DX1.E699D989-8BB8-41DF-9B95-A880858653E6,8,TCGA-L9-A5IP-01,8,8,1,0,0.571824,0.8181818162671664,4.335425597244999,81.25735273084193,18.74264726915806,stroma-low,0.1874264726915806,0.18527154770957405,True,4.302927926700212,True,5.666606117755494,True,,False,,,,9,TCGA-L9-A5IP-01,TCGA-L9-A5IP,Female,Stage IV,40,1:DECEASED,1.91,1,IV,matched
TCGA-L9-A5IP,TCGA-L9-A5IP-01Z-00-DX1.E699D989-8BB8-41DF-9B95-A880858653E6,9,TCGA-L9-A5IP-01,9,9,1,0,0.272916,0.9999999990579366,4.379290361707923,81.41018735262135,18.589812647378643,stroma-low,0.18589812647378645,0.18589812647378645,True,0.0,True,0.0,True,,False,,,,10,TCGA-L9-A5IP-01,TCGA-L9-A5IP,Female,Stage IV,40,1:DECEASED,1.91,1,IV,matched
TCGA-L9-A5IP,TCGA-L9-A5IP-01Z-00-DX1.E699D989-8BB8-41DF-9B95-A880858653E6,10,TCGA-L9-A5IP-01,10,10;11;12,3,2,2.118348,0.9999999992176448,1.1838785818410713,54.209908540017295,45.79009145998272,stroma-low,0.4579009145998272,0.46105891545815814,True,5.427537693891575,True,3.4295526732276342,True,9.173848188859369,True,520.0346111209396,520.0346111209396,570.0003303918162,11,TCGA-L9-A5IP-01,TCGA-L9-A5IP,Female,Stage IV,40,1:DECEASED,1.91,1,IV,matched
TCGA-L9-A5IP,TCGA-L9-A5IP-01Z-00-DX1.E699D989-8BB8-41DF-9B95-A880858653E6,11,TCGA-L9-A5IP-01,11,14;17;20,3,2,36.739692,0.9794835514366187,2.129071788678457,68.04164085917812,31.95835914082187,stroma-low,0.3195835914082187,0.32319413903558675,True,14.562480367152734,True,1.2494810671922272,True,58.519922608748196,True,285.0006883155135,285.0006883155135,342.0005506527433,12,TCGA-L9-A5IP-01,TCGA-L9-A5IP,Female,Stage IV,40,1:DECEASED,1.91,1,IV,matched
TCGA-L9-A5IP,TCGA-L9-A5IP-01Z-00-DX1.E699D989-8BB8-41DF-9B95-A880858653E6,12,TCGA-L9-A5IP-01,12,15;18;19,3,2,5.705244,0.9248291573298097,0.9188299703116111,47.88490822677719,52.1150917732228,stroma-high,0.521150917732228,0.5216213526198809,True,4.221765665027285,True,2.0190508175141804,True,0.0,True,439.38690230964255,439.38690230964255,764.7738046192851,13,TCGA-L9-A5IP-01,TCGA-L9-A5IP,Female,Stage IV,40,1:DECEASED,1.91,1,IV,matched
TCGA-L9-A5IP,TCGA-L9-A5IP-01Z-00-DX1.E699D989-8BB8-41DF-9B95-A880858653E6,13,TCGA-L9-A5IP-01,13,16,1,0,7.433712,0.9493006996479832,2.579466715292158,72.06287753067205,27.937122469327928,stroma-low,0.2793712246932793,0.28367543750577046,True,12.946874020859228,True,1.4528844307236464,True,,False,,,,14,TCGA-L9-A5IP-01,TCGA-L9-A5IP,Female,Stage IV,40,1:DECEASED,1.91,1,IV,matched
TCGA-MP-A4T4,TCGA-MP-A4T4-01Z-00-DX1.5F72FF0B-59C0-4E95-A8C1-BF22A948F7AC,1,TCGA-MP-A4T4-01,1,1;2;4;5;6;7;8;9;10;11;12;13;14;15;16;17;18,17,19,82.92033,0.9707280830103187,0.6653330814289228,39.951952486168125,60.04804751383187,stroma-high,0.6004804751383187,0.6006015312801088,True,7.725086550542662,True,3.1349876470348876,True,2.526932163963241,True,496.9361942903438,457.6995749857774,999.000188511884,2,TCGA-MP-A4T4-01,TCGA-MP-A4T4,Female,Stage IIB,68,1:DECEASED,85.97,1,II,matched
TCGA-MP-A4T4,TCGA-MP-A4T4-01Z-00-DX1.5F72FF0B-59C0-4E95-A8C1-BF22A948F7AC,2,TCGA-MP-A4T4-01,2,3,1,0,0.184815,0.9333333330033686,1.1141012100073837,52.69857491843981,47.301425081560176,stroma-low,0.4730142508156018,0.6075343014975688,True,62.029307608693294,True,32.41856709403743,True,,False,,,,3,TCGA-MP-A4T4-01,TCGA-MP-A4T4,Female,Stage IIB,68,1:DECEASED,85.97,1,II,matched
TCGA-MP-A4T7,TCGA-MP-A4T7-01Z-00-DX1.C74D7A5B-1D1A-423B-85CA-C11E0CCF5873,1,TCGA-MP-A4T7-01,1,1,1,0,0.308025,0.5999999977277184,3.1170793186707297,75.71093674428242,24.289063255717583,stroma-low,0.24289063255717583,0.40066522953142536,True,68.24218036888185,True,8.810022278298721,True,,False,,,,2,TCGA-MP-A4T7-01,TCGA-MP-A4T7,Female,Stage IV,75,1:DECEASED,5.49,1,IV,matched
TCGA-MP-A4T7,TCGA-MP-A4T7-01Z-00-DX1.C74D7A5B-1D1A-423B-85CA-C11E0CCF5873,2,TCGA-MP-A4T7-01,2,2;3;4;5;6;7;8;10;11;12;13;14;15;16;17;18;19;20;21;22;23;24;26;28;29;30;33,27,47,72.065529,0.9835869379810007,0.7947468460377934,44.281835501888814,55.71816449811118,stroma-high,0.5571816449811118,0.5588118476330263,True,5.524230829107875,True,2.2404213009101186,True,0.3714108850044689,True,474.47393881435346,457.69957498577924,998.9999999999999,3,TCGA-MP-A4T7-01,TCGA-MP-A4T7,Female,Stage IV,75,1:DECEASED,5.49,1,IV,matched
TCGA-MP-A4T7,TCGA-MP-A4T7-01Z-00-DX1.C74D7A5B-1D1A-423B-85CA-C11E0CCF5873,3,TCGA-MP-A4T7-01,3,9,1,0,0.455877,0.8918918908616065,1.702264348500162,62.993997957489626,37.00600204251039,stroma-low,0.3700600204251039,0.3783818193403237,True,10.728178034494364,True,6.544707785166913,True,,False,,,,4,TCGA-MP-A4T7-01,TCGA-MP-A4T7,Female,Stage IV,75,1:DECEASED,5.49,1,IV,matched
TCGA-MP-A4T7,TCGA-MP-A4T7-01Z-00-DX1.C74D7A5B-1D1A-423B-85CA-C11E0CCF5873,4,TCGA-MP-A4T7-01,4,25;31;32;34,4,3,8.415243,0.956076134072635,0.504812066911687,33.54651906451737,66.45348093548262,stroma-high,0.6645348093548262,0.6646981485215633,True,3.7017538669651158,True,1.91427538085838,True,0.4829646286470664,True,215.66535088561537,221.99999999999997,313.99605265684613,5,TCGA-MP-A4T7-01,TCGA-MP-A4T7,Female,Stage IV,75,1:DECEASED,5.49,1,IV,matched
TCGA-MP-A4T7,TCGA-MP-A4T7-01Z-00-DX1.C74D7A5B-1D1A-423B-85CA-C11E0CCF5873,5,TCGA-MP-A4T7-01,5,27,1,0,0.394272,0.9999999999781721,0.2756566171236871,21.60899833257868,78.39100166742132,stroma-high,0.7839100166742132,0.7742001889236145,True,2.3425450669901444,True,8.479439641795947,True,,False,,,,6,TCGA-MP-A4T7-01,TCGA-MP-A4T7,Female,Stage IV,75,1:DECEASED,5.49,1,IV,matched
TCGA-MP-A4T9,TCGA-MP-A4T9-01Z-00-DX1.F7B341C4-EBCD-455F-BE90-3B77AC6B76EC,1,TCGA-MP-A4T9-01,1,1,1,0,0.234099,1.0000000038553,1.9204928902381164,65.75920443625984,34.240795563740164,stroma-low,0.3424079556374017,0.7371890811223386,True,93.16408843397409,True,45.63388281030433,True,,False,,,,2,TCGA-MP-A4T9-01,TCGA-MP-A4T9,Female,Stage IIIA,54,1:DECEASED,41.56,1,III,matched
TCGA-MP-A4TA,TCGA-MP-A4TA-01Z-00-DX1.11DDADA4-B7A2-4216-9B18-7AD993AE12E4,1,TCGA-MP-A4TA-01,1,1;2;3;4;5;6;7;8;9;10;11;12;13;14;15;16;17;18;19;20;21;22;23,23,27,29.558079,0.9741558983970975,0.364925304716691,26.735917596050157,73.26408240394984,stroma-high,0.7326408240394985,0.7390218221142791,True,13.65655413578467,True,7.311526393171905,True,12.533354966302346,True,601.752282328604,627.9514635036745,999.000188511884,2,TCGA-MP-A4TA-01,TCGA-MP-A4TA,Female,Stage IA,75,1:DECEASED,31.21,1,I,matched
TCGA-MP-A4TF,TCGA-MP-A4TF-01Z-00-DX1.F98B0438-6D32-4EA3-ABA8-E624457EA658,1,TCGA-MP-A4TF-01,1,1,1,0,0.418914,0.8235294133348147,0.3597586666607296,26.457538053000118,73.54246194699988,stroma-high,0.7354246194699988,0.7309582860200422,True,2.7398999254688468,True,5.216500888705989,True,,False,,,,2,TCGA-MP-A4TF-01,TCGA-MP-A4TF,Female,Stage IIA,58,1:DECEASED,11.04,1,II,matched
TCGA-MP-A4TF,TCGA-MP-A4TF-01Z-00-DX1.F98B0438-6D32-4EA3-ABA8-E624457EA658,2,TCGA-MP-A4TF-01,2,2;3;4;5;6;7;8;9;11;12;14,11,15,7.552773,0.9706362156511772,0.2932296918060632,22.674215853840515,77.32578414615949,stroma-high,0.7732578414615949,0.7753782921534099,True,3.530713155042654,True,1.679185112838251,True,2.5403024012787943,True,482.05125798541656,400.2560442293949,941.9068743505015,3,TCGA-MP-A4TF-01,TCGA-MP-A4TF,Female,Stage IIA,58,1:DECEASED,11.04,1,II,matched
TCGA-MP-A4TF,TCGA-MP-A4TF-01Z-00-DX1.F98B0438-6D32-4EA3-ABA8-E624457EA658,3,TCGA-MP-A4TF-01,3,10,1,0,0.147852,0.5833333373981683,3.4371266841523207,77.46289274156611,22.5371072584339,stroma-low,0.22537107258433897,0.22443873490280178,True,,False,0.5334073001790497,True,,False,,,,4,TCGA-MP-A4TF-01,TCGA-MP-A4TF,Female,Stage IIA,58,1:DECEASED,11.04,1,II,matched
TCGA-MP-A4TF,TCGA-MP-A4TF-01Z-00-DX1.F98B0438-6D32-4EA3-ABA8-E624457EA658,4,TCGA-MP-A4TF-01,4,13;28,2,1,28.547757,0.9171342253247435,2.538182455516754,71.73690128837775,28.26309871162224,stroma-low,0.2826309871162224,0.28835981645035735,True,24.823304686412566,True,3.0556476371951113,True,33.1971943230824,True,222.00084830193703,222.00084830193703,222.00084830193703,5,TCGA-MP-A4TF-01,TCGA-MP-A4TF,Female,Stage IIA,58,1:DECEASED,11.04,1,II,matched
TCGA-MP-A4TF,TCGA-MP-A4TF-01Z-00-DX1.F98B0438-6D32-4EA3-ABA8-E624457EA658,5,TCGA-MP-A4TF-01,5,15;20;23;26;27,5,4,32.576724,0.9262481092433605,1.1574850475365719,53.649736708868254,46.350263291131746,stroma-low,0.46350263291131744,0.4718914718406406,True,32.96800661643098,True,8.691907356116262,True,63.729463453038846,True,111.0,111.0,111.0,6,TCGA-MP-A4TF-01,TCGA-MP-A4TF,Female,Stage IIA,58,1:DECEASED,11.04,1,II,matched
TCGA-MP-A4TF,TCGA-MP-A4TF-01Z-00-DX1.F98B0438-6D32-4EA3-ABA8-E624457EA658,6,TCGA-MP-A4TF-01,6,16,1,0,0.295704,0.9999999998675927,0.4361983394428279,30.371734005210637,69.62826599478936,stroma-high,0.6962826599478936,0.6954116774458046,True,0.0,True,0.4882058096434428,True,,False,,,,7,TCGA-MP-A4TF-01,TCGA-MP-A4TF,Female,Stage IIA,58,1:DECEASED,11.04,1,II,matched
TCGA-MP-A4TF,TCGA-MP-A4TF-01Z-00-DX1.F98B0438-6D32-4EA3-ABA8-E624457EA658,7,TCGA-MP-A4TF-01,7,17;18;19;21;24;25,6,7,5.445882,0.9999999989997946,0.645842273637041,39.24083637794986,60.75916362205014,stroma-high,0.6075916362205014,0.6049891469529404,True,0.42723721309666757,True,1.3477568662979467,True,0.5986548317737679,True,493.2246490028945,400.2560442293952,888.0,8,TCGA-MP-A4TF-01,TCGA-MP-A4TF,Female,Stage IIA,58,1:DECEASED,11.04,1,II,matched
TCGA-MP-A4TF,TCGA-MP-A4TF-01Z-00-DX1.F98B0438-6D32-4EA3-ABA8-E624457EA658,8,TCGA-MP-A4TF-01,8,22;30;31;32,4,4,72.410517,0.983665135099951,2.0803544626319646,67.53620363724102,32.46379636275899,stroma-low,0.3246379636275899,0.3400303639323275,True,33.403500958352055,True,2.839516758808637,True,54.682692259529944,True,332.7616734383473,311.1280221146959,597.7906495239973,9,TCGA-MP-A4TF-01,TCGA-MP-A4TF,Female,Stage IIA,58,1:DECEASED,11.04,1,II,matched
TCGA-MP-A4TF,TCGA-MP-A4TF-01Z-00-DX1.F98B0438-6D32-4EA3-ABA8-E624457EA658,9,TCGA-MP-A4TF-01,9,29,1,0,0.36963,0.6666666672243688,0.3863483567801366,27.86805746843095,72.13194253156905,stroma-high,0.7213194253156905,0.702110223879158,True,12.16557467777085,True,17.89323111484873,True,,False,,,,10,TCGA-MP-A4TF-01,TCGA-MP-A4TF,Female,Stage IIA,58,1:DECEASED,11.04,1,II,matched
TCGA-MP-A4TF,TCGA-MP-A4TF-01Z-00-DX1.F98B0438-6D32-4EA3-ABA8-E624457EA658,10,TCGA-MP-A4TF-01,10,33,1,0,0.443556,1.0000000022830338,1.9356904231940126,65.93646277893272,34.06353722106728,stroma-low,0.3406353722106728,0.3406353722106728,True,0.0,True,0.0,True,,False,,,,11,TCGA-MP-A4TF-01,TCGA-MP-A4TF,Female,Stage IIA,58,1:DECEASED,11.04,1,II,matched
TCGA-MP-A4TF,TCGA-MP-A4TF-01Z-00-DX1.F98B0438-6D32-4EA3-ABA8-E624457EA658,11,TCGA-MP-A4TF-01,11,34,1,0,1.564767,0.9291338593443577,2.365890950620492,70.29018424332337,29.70981575667664,stroma-low,0.2970981575667664,0.3010164714498765,True,40.1888795881497,True,0.11992667807248614,True,,False,,,,12,TCGA-MP-A4TF-01,TCGA-MP-A4TF,Female,Stage IIA,58,1:DECEASED,11.04,1,II,matched
TCGA-MP-A4TK,TCGA-MP-A4TK-01Z-00-DX1.57494698-D9D9-4C04-AAB2-16616CCFDCC9,1,TCGA-MP-A4TK-01,1,1;2;4;5;6;7;8;9;11;13;14;16;17;18;19;20;21;22;23;25;26;29;31;32;33;34;35;36;39;40;43;44;45;46;47;48,36,52,57.070872,0.985103626399864,0.4174508916195065,29.45081865535028,70.54918134464972,stroma-high,0.7054918134464973,0.6992425347373822,True,7.575420004311442,True,8.269267033603956,True,5.500447206026883,True,511.7472998928796,555.0001696606597,954.8981934995652,2,TCGA-MP-A4TK-01,TCGA-MP-A4TK,Female,Stage IIB,56,1:DECEASED,19.12,1,II,matched
TCGA-MP-A4TK,TCGA-MP-A4TK-01Z-00-DX1.57494698-D9D9-4C04-AAB2-16616CCFDCC9,2,TCGA-MP-A4TK-01,2,3;10;12;15,4,4,9.376281,0.9986859399214489,0.6801658010697623,40.48206436749876,59.51793563250124,stroma-high,0.5951793563250124,0.5963165951358117,True,16.9736686085791,True,10.541410266267086,True,25.929214640577797,True,509.65024891242473,591.4759014124963,744.6491928247062,3,TCGA-MP-A4TK-01,TCGA-MP-A4TK,Female,Stage IIB,56,1:DECEASED,19.12,1,II,matched
TCGA-MP-A4TK,TCGA-MP-A4TK-01Z-00-DX1.57494698-D9D9-4C04-AAB2-16616CCFDCC9,3,TCGA-MP-A4TK-01,3,24;27;30;42,4,3,36.568728,0.9993261461057276,0.9042673200649144,47.486364468728524,52.513635531271476,stroma-high,0.5251363553127147,0.5347017215122778,True,22.29112107177586,True,7.4795775775732,True,47.015368228897074,True,207.41868140979747,111.0,400.2560442293924,4,TCGA-MP-A4TK-01,TCGA-MP-A4TK,Female,Stage IIB,56,1:DECEASED,19.12,1,II,matched
TCGA-MP-A4TK,TCGA-MP-A4TK-01Z-00-DX1.57494698-D9D9-4C04-AAB2-16616CCFDCC9,4,TCGA-MP-A4TK-01,4,28,1,0,0.24642,1.0000000095671566,0.14227382231112254,12.455316714101432,87.54468328589857,stroma-high,0.8754468328589857,0.8803047113787655,True,10.165023167484865,True,5.656931922314815,True,,False,,,,5,TCGA-MP-A4TK-01,TCGA-MP-A4TK,Female,Stage IIB,56,1:DECEASED,19.12,1,II,matched
TCGA-MP-A4TK,TCGA-MP-A4TK-01Z-00-DX1.57494698-D9D9-4C04-AAB2-16616CCFDCC9,5,TCGA-MP-A4TK-01,5,37,1,0,0.455877,1.000000002108651,0.2948333271488215,22.769982897956016,77.23001710204399,stroma-high,0.7723001710204399,0.7494320832333143,True,39.495395478495396,True,50.2534085937247,True,,False,,,,6,TCGA-MP-A4TK-01,TCGA-MP-A4TK,Female,Stage IIB,56,1:DECEASED,19.12,1,II,matched
TCGA-MP-A4TK,TCGA-MP-A4TK-01Z-00-DX1.57494698-D9D9-4C04-AAB2-16616CCFDCC9,6,TCGA-MP-A4TK-01,6,38,1,0,0.73926,0.9500000023537722,0.4051934570811598,28.835421559876863,71.16457844012314,stroma-high,0.7116457844012314,0.7115943284260874,True,0.007061978338424484,True,0.03243653619919879,True,,False,,,,7,TCGA-MP-A4TK-01,TCGA-MP-A4TK,Female,Stage IIB,56,1:DECEASED,19.12,1,II,matched
TCGA-MP-A4TK,TCGA-MP-A4TK-01Z-00-DX1.57494698-D9D9-4C04-AAB2-16616CCFDCC9,7,TCGA-MP-A4TK-01,7,41,1,0,0.221778,0.9999999994470272,0.23210332534367956,18.837975725691454,81.16202427430854,stroma-high,0.8116202427430854,0.8300874535661096,True,16.76307900506356,True,0.5461966269901595,True,,False,,,,8,TCGA-MP-A4TK-01,TCGA-MP-A4TK,Female,Stage IIB,56,1:DECEASED,19.12,1,II,matched
TCGA-NJ-A4YQ,TCGA-NJ-A4YQ-01Z-00-DX1.56C29975-77E9-4822-A9E1-83AD70D6C5F7,1,TCGA-NJ-A4YQ-01,1,1;2,2,1,0.7481993125,0.6885245892549168,0.297137103594842,22.907147037222686,77.09285296277731,stroma-high,0.7709285296277731,0.8067147982650584,True,27.86985759561941,True,5.426222249325576,True,16.426952833002318,True,332.25,332.25,332.25,2,TCGA-NJ-A4YQ-01,TCGA-NJ-A4YQ,Female,Stage IA,69,0:LIVING,47.04,0,I,matched
TCGA-NJ-A4YQ,TCGA-NJ-A4YQ-01Z-00-DX1.56C29975-77E9-4822-A9E1-83AD70D6C5F7,2,TCGA-NJ-A4YQ-01,2,3;6;8;21;46;65;73;77;93,9,10,16.5830405,0.9881656800603452,0.6148302560123331,38.07398664492433,61.92601335507566,stroma-high,0.6192601335507566,0.6044567391312451,True,31.856697162486135,True,28.668110179730295,True,18.300875990147556,True,380.82771819310676,421.17732820535275,783.16140197412,3,TCGA-NJ-A4YQ-01,TCGA-NJ-A4YQ,Female,Stage IA,69,0:LIVING,47.04,0,I,matched
TCGA-NJ-A4YQ,TCGA-NJ-A4YQ-01Z-00-DX1.56C29975-77E9-4822-A9E1-83AD70D6C5F7,3,TCGA-NJ-A4YQ-01,3,4;9;12;16;18;32;35;43;52;60;63;92;96,13,17,32.23389825,0.9885844747473532,0.4733227245529151,32.12620810532509,67.87379189467491,stroma-high,0.6787379189467491,0.6761397376020091,True,23.58581068054181,True,17.711747859114325,True,28.39868200734391,True,333.1305606075666,247.68308504791045,742.972141841831,4,TCGA-NJ-A4YQ-01,TCGA-NJ-A4YQ,Female,Stage IA,69,0:LIVING,47.04,0,I,matched
TCGA-NJ-A4YQ,TCGA-NJ-A4YQ-01Z-00-DX1.56C29975-77E9-4822-A9E1-83AD70D6C5F7,4,TCGA-NJ-A4YQ-01,4,5;11;13;17;19;20;23;24;26;31;33;34;36;37;42;45;47;48;49;53;54;56;58;62;64;66;67;85;86;89;91;94;99;100,34,53,51.588955875,0.9961959107645972,0.39960828263425135,28.551437398050744,71.44856260194926,stroma-high,0.7144856260194926,0.7159536393424184,True,19.830491116716296,True,14.749985601588211,True,25.441167978386943,True,421.1157560215983,332.250566811826,990.6166703221498,5,TCGA-NJ-A4YQ-01,TCGA-NJ-A4YQ,Female,Stage IA,69,0:LIVING,47.04,0,I,matched
TCGA-NJ-A4YQ,TCGA-NJ-A4YQ-01Z-00-DX1.56C29975-77E9-4822-A9E1-83AD70D6C5F7,5,TCGA-NJ-A4YQ-01,5,7;14;15;22;25;27;28;29;30;38;39;40;41;44;50;51;55;57;59;61;68;69;70;71;72;74;76;78;79;80;81;82;84;87;88;90;95;98;101,39,59,51.7238770625,0.9926488023913053,0.39673372376885835,28.40439211980484,71.59560788019516,stroma-high,0.7159560788019516,0.7178781101690661,True,20.87777890483685,True,15.436455997791985,True,24.968892149478727,True,453.90828074673885,399.3546564107078,996.7499999999999,6,TCGA-NJ-A4YQ-01,TCGA-NJ-A4YQ,Female,Stage IA,69,0:LIVING,47.04,0,I,matched
TCGA-NJ-A4YQ,TCGA-NJ-A4YQ-01Z-00-DX1.56C29975-77E9-4822-A9E1-83AD70D6C5F7,6,TCGA-NJ-A4YQ-01,6,10,1,0,0.3557013125,0.9655172373411538,0.11519991342739436,10.329978691743731,89.67002130825628,stroma-high,0.8967002130825628,0.882291670203244,True,9.961102644265104,True,28.377599266638164,True,,False,,,,7,TCGA-NJ-A4YQ-01,TCGA-NJ-A4YQ,Female,Stage IA,69,0:LIVING,47.04,0,I,matched
TCGA-NJ-A4YQ,TCGA-NJ-A4YQ-01Z-00-DX1.56C29975-77E9-4822-A9E1-83AD70D6C5F7,7,TCGA-NJ-A4YQ-01,7,75,1,0,0.2943735,0.9166666738541001,0.5624420080041908,35.99762455968747,64.00237544031252,stroma-high,0.6400237544031252,0.6594880607401483,True,32.93012597504028,True,27.792686183934922,True,,False,,,,8,TCGA-NJ-A4YQ-01,TCGA-NJ-A4YQ,Female,Stage IA,69,0:LIVING,47.04,0,I,matched
TCGA-NJ-A4YQ,TCGA-NJ-A4YQ-01Z-00-DX1.56C29975-77E9-4822-A9E1-83AD70D6C5F7,8,TCGA-NJ-A4YQ-01,8,83,1,0,0.4047635625,1.0000000030053011,1.4749533103483154,59.595197379328994,40.404802620671006,stroma-low,0.40404802620671004,0.3860601723828965,True,4.8657501298937955,True,10.708374168698354,True,,False,,,,9,TCGA-NJ-A4YQ-01,TCGA-NJ-A4YQ,Female,Stage IA,69,0:LIVING,47.04,0,I,matched
TCGA-NJ-A4YQ,TCGA-NJ-A4YQ-01Z-00-DX1.56C29975-77E9-4822-A9E1-83AD70D6C5F7,9,TCGA-NJ-A4YQ-01,9,97,1,0,0.171717875,1.0000000009697811,1.832726782242995,64.69832508138377,35.301674918616236,stroma-low,0.3530167491861623,0.3698573882304215,True,19.937000682629964,True,10.891783819310914,True,,False,,,,10,TCGA-NJ-A4YQ-01,TCGA-NJ-A4YQ,Female,Stage IA,69,0:LIVING,47.04,0,I,matched
TCGA-NJ-A4YQ,TCGA-NJ-A4YQ-01Z-00-DX1.56C29975-77E9-4822-A9E1-83AD70D6C5F7,10,TCGA-NJ-A4YQ-01,10,102,1,0,0.2575768125,0.99999999817616,0.15869693108835506,13.696155295698615,86.30384470430138,stroma-high,0.8630384470430138,0.8261058779427638,True,10.278595739230026,True,35.27194285951468,True,,False,,,,11,TCGA-NJ-A4YQ-01,TCGA-NJ-A4YQ,Female,Stage IA,69,0:LIVING,47.04,0,I,matched
